scan_time,ticker,sid,ltp,gap_pct,rs,rvol,long_score,short_score,regime,in_shortlist,gap_L,gap_S,rs_L,rs_S,sector_L,sector_S,rvol_pts,atr_pts,st_L,st_S,vwap_L,vwap_S,body_L,body_S,has_nse_event,event_sentiment
04:07,ZENITHEXPO,4176,235.88,8.95,17.89,,60.0,0.0,NORMAL,Y,30.0,0.0,30.0,0.0,0.0,0.0,0.0,0.0,0.0,0.0,0.0,0.0,0.0,0.0,N,,N,
04:07,HISARMETAL,19322,162.36,6.8,13.6,,60.0,0.0,NORMAL,Y,30.0,0.0,30.0,0.0,0.0,0.0,0.0,0.0,0.0,0.0,0.0,0.0,0.0,0.0,Y,NONRESULTS,N,
04:07,SUPRAJIT,11689,552.2,5.83,11.65,,60.0,0.0,NORMAL,Y,30.0,0.0,30.0,0.0,0.0,0.0,0.0,0.0,0.0,0.0,0.0,0.0,0.0,0.0,N,,N,
04:07,RAMCOCEM,2043,977.5,4.68,9.36,,60.0,0.0,NORMAL,Y,30.0,0.0,30.0,0.0,0.0,0.0,0.0,0.0,0.0,0.0,0.0,0.0,0.0,0.0,N,,N,
04:07,TRIVENI,13081,243.55,4.43,8.86,,60.0,0.0,NORMAL,N,30.0,0.0,30.0,0.0,0.0,0.0,0.0,0.0,0.0,0.0,0.0,0.0,0.0,0.0,N,,N,
04:07,ZUARI,29050,234.65,3.12,6.24,,60.0,0.0,NORMAL,Y,30.0,0.0,30.0,0.0,0.0,0.0,0.0,0.0,0.0,0.0,0.0,0.0,0.0,0.0,N,,N,
04:07,SHILPAMED,17752,782.0,2.93,5.86,,59.3,0.0,NORMAL,N,29.285949325436,0.0,30.0,0.0,0.0,0.0,0.0,0.0,0.0,0.0,0.0,0.0,0.0,0.0,N,,N,
04:07,OIL,17438,455.2,2.8,5.6,,58.0,0.0,NORMAL,Y,28.003613369466976,0.0,30.0,0.0,0.0,0.0,0.0,0.0,0.0,0.0,0.0,0.0,0.0,0.0,N,,N,
04:07,IONEXCHANG,1630,382.0,2.8,5.6,,58.0,0.0,NORMAL,N,27.98708288482233,0.0,30.0,0.0,0.0,0.0,0.0,0.0,0.0,0.0,0.0,0.0,0.0,0.0,N,,Y,NONRESULTS
04:07,BECTORFOOD,1628,230.42,2.68,5.37,,56.8,0.0,NORMAL,N,26.827094474153217,0.0,30.0,0.0,0.0,0.0,0.0,0.0,0.0,0.0,0.0,0.0,0.0,0.0,N,,N,
04:07,PAYTM,6705,1478.6,2.57,5.13,,55.7,0.0,NORMAL,Y,25.665926748057714,0.0,30.0,0.0,0.0,0.0,0.0,0.0,0.0,0.0,0.0,0.0,0.0,0.0,N,,N,
04:07,ANTHEM,757885,860.75,2.35,4.7,,53.5,0.0,NORMAL,N,23.48394768133175,0.0,30.0,0.0,0.0,0.0,0.0,0.0,0.0,0.0,0.0,0.0,0.0,0.0,N,,N,
04:08,KAJARIACER,1808,1193.7,2.26,4.52,,52.6,0.0,NORMAL,N,22.616294011822234,0.0,30.0,0.0,0.0,0.0,0.0,0.0,0.0,0.0,0.0,0.0,0.0,0.0,N,,N,
04:08,PIXTRANS,9087,1934.8,12.67,25.34,,60.0,0.0,NORMAL,Y,30.0,0.0,30.0,0.0,0.0,0.0,0.0,0.0,0.0,0.0,0.0,0.0,0.0,0.0,N,,N,
04:08,GRASIM,1232,3347.4,3.96,7.91,,60.0,0.0,NORMAL,N,30.0,0.0,30.0,0.0,0.0,0.0,0.0,0.0,0.0,0.0,0.0,0.0,0.0,0.0,N,,N,
04:08,SANSERA,5751,3922.0,3.56,7.11,,60.0,0.0,NORMAL,N,30.0,0.0,30.0,0.0,0.0,0.0,0.0,0.0,0.0,0.0,0.0,0.0,0.0,0.0,N,,N,
04:08,RATNAMANI,13451,2275.1,3.53,7.05,,60.0,0.0,NORMAL,N,30.0,0.0,30.0,0.0,0.0,0.0,0.0,0.0,0.0,0.0,0.0,0.0,0.0,0.0,N,,N,
04:08,M&M,2031,3520.0,3.35,6.69,,60.0,0.0,NORMAL,N,30.0,0.0,30.0,0.0,0.0,0.0,0.0,0.0,0.0,0.0,0.0,0.0,0.0,0.0,N,,N,
04:08,SONACOMS,4684,833.9,1.94,3.88,,49.4,0.0,NORMAL,N,19.375343805390898,0.0,30.0,0.0,0.0,0.0,0.0,0.0,0.0,0.0,0.0,0.0,0.0,0.0,N,,N,
04:08,NELCO,2388,976.6,1.85,3.69,,48.5,0.0,NORMAL,N,18.45865053707378,0.0,30.0,0.0,0.0,0.0,0.0,0.0,0.0,0.0,0.0,0.0,0.0,0.0,N,,N,
04:08,APCL,20453,104.0,1.82,3.64,,48.2,0.0,NORMAL,N,18.210299588799682,0.0,30.0,0.0,0.0,0.0,0.0,0.0,0.0,0.0,0.0,0.0,0.0,0.0,N,,N,
04:08,VISAKAIND,4221,100.45,1.75,3.5,,47.5,0.0,NORMAL,Y,17.524311183144285,0.0,30.0,0.0,0.0,0.0,0.0,0.0,0.0,0.0,0.0,0.0,0.0,0.0,N,,N,
04:08,BALRAMCHIN,341,644.4,1.73,3.46,,47.3,0.0,NORMAL,N,17.286289367747933,0.0,30.0,0.0,0.0,0.0,0.0,0.0,0.0,0.0,0.0,0.0,0.0,0.0,N,,N,
04:08,SHREEPUSHK,10588,413.65,1.61,3.22,,46.1,0.0,NORMAL,N,16.0894129206582,0.0,30.0,0.0,0.0,0.0,0.0,0.0,0.0,0.0,0.0,0.0,0.0,0.0,N,,N,
04:08,MOTHERSON,4204,171.12,1.55,3.11,,45.5,0.0,NORMAL,N,15.548961424332369,0.0,30.0,0.0,0.0,0.0,0.0,0.0,0.0,0.0,0.0,0.0,0.0,0.0,N,,N,
04:08,NAUKRI,13751,1243.9,1.52,3.04,,45.2,0.0,NORMAL,Y,15.17995592916032,0.0,30.0,0.0,0.0,0.0,0.0,0.0,0.0,0.0,0.0,0.0,0.0,0.0,N,,N,
04:08,KNRCON,15283,142.0,1.44,2.87,,44.4,0.0,NORMAL,Y,14.358168440602835,0.0,30.0,0.0,0.0,0.0,0.0,0.0,0.0,0.0,0.0,0.0,0.0,0.0,N,,N,
04:08,PENIND,20621,162.11,1.41,2.81,,44.1,0.0,NORMAL,N,14.074815463530589,0.0,30.0,0.0,0.0,0.0,0.0,0.0,0.0,0.0,0.0,0.0,0.0,0.0,N,,N,
04:08,JSWINFRA,19020,340.35,1.37,2.74,,43.7,0.0,NORMAL,N,13.700670141474378,0.0,30.0,0.0,0.0,0.0,0.0,0.0,0.0,0.0,0.0,0.0,0.0,0.0,N,,N,
04:08,PINELABS,759820,156.54,1.36,2.72,,43.6,0.0,NORMAL,N,13.597513597513561,0.0,30.0,0.0,0.0,0.0,0.0,0.0,0.0,0.0,0.0,0.0,0.0,0.0,N,,N,
04:08,HEG,1336,683.05,1.34,2.69,,43.4,0.0,NORMAL,N,13.427299703264026,0.0,30.0,0.0,0.0,0.0,0.0,0.0,0.0,0.0,0.0,0.0,0.0,0.0,N,,N,
04:08,JKIL,15266,505.5,1.32,2.65,,43.2,0.0,NORMAL,N,13.229104028863546,0.0,30.0,0.0,0.0,0.0,0.0,0.0,0.0,0.0,0.0,0.0,0.0,0.0,N,,N,
04:08,ORIENTELEC,2972,191.62,1.29,2.58,,42.9,0.0,NORMAL,N,12.897769320224112,0.0,30.0,0.0,0.0,0.0,0.0,0.0,0.0,0.0,0.0,0.0,0.0,0.0,N,,N,
04:08,LENSKART,759605,577.0,1.28,2.56,,42.8,0.0,NORMAL,N,12.813761628927425,0.0,30.0,0.0,0.0,0.0,0.0,0.0,0.0,0.0,0.0,0.0,0.0,0.0,N,,N,
04:08,MEDANTA,11956,1474.0,1.26,2.53,,42.6,0.0,NORMAL,N,12.640835394339167,0.0,30.0,0.0,0.0,0.0,0.0,0.0,0.0,0.0,0.0,0.0,0.0,0.0,N,,N,
04:08,JUBLPHARMA,3637,943.3,1.21,2.42,,42.1,0.0,NORMAL,N,12.124463519313256,0.0,30.0,0.0,0.0,0.0,0.0,0.0,0.0,0.0,0.0,0.0,0.0,0.0,N,,N,
04:08,ENGINERSIN,4907,243.4,1.16,2.33,,41.6,0.0,NORMAL,N,11.63757273482964,0.0,30.0,0.0,0.0,0.0,0.0,0.0,0.0,0.0,0.0,0.0,0.0,0.0,N,,N,
04:08,PRICOLLTD,19631,746.4,1.15,2.3,,41.5,0.0,NORMAL,N,11.519176040113837,0.0,30.0,0.0,0.0,0.0,0.0,0.0,0.0,0.0,0.0,0.0,0.0,0.0,N,,N,
04:08,SHALBY,714,161.89,1.12,2.25,,41.2,0.0,NORMAL,N,11.243675432569074,0.0,30.0,0.0,0.0,0.0,0.0,0.0,0.0,0.0,0.0,0.0,0.0,0.0,N,,N,
04:08,ASTERDM,1508,879.2,1.09,2.18,,40.9,0.0,NORMAL,N,10.923306887432448,0.0,30.0,0.0,0.0,0.0,0.0,0.0,0.0,0.0,0.0,0.0,0.0,0.0,N,,N,
04:08,KALYANKJIL,2955,612.85,1.08,2.16,,40.8,0.0,NORMAL,N,10.8032327230745,0.0,30.0,0.0,0.0,0.0,0.0,0.0,0.0,0.0,0.0,0.0,0.0,0.0,N,,N,
04:08,BEML,395,1824.5,2.05,4.11,,50.5,0.0,NORMAL,Y,20.528023268822043,0.0,30.0,0.0,0.0,0.0,0.0,0.0,0.0,0.0,0.0,0.0,0.0,0.0,N,,N,
04:08,ROLEXRINGS,5279,158.21,0.98,1.95,,39.1,0.0,NORMAL,N,9.765126372223648,0.0,29.29537911667094,0.0,0.0,0.0,0.0,0.0,0.0,0.0,0.0,0.0,0.0,0.0,N,,N,
04:08,RUBICON,759316,1583.4,1.94,3.89,,49.4,0.0,NORMAL,N,19.44372907545715,0.0,30.0,0.0,0.0,0.0,0.0,0.0,0.0,0.0,0.0,0.0,0.0,0.0,N,,N,
04:08,BORORENEW,3149,553.8,0.94,1.88,,37.5,0.0,NORMAL,N,9.386676387496543,0.0,28.160029162489625,0.0,0.0,0.0,0.0,0.0,0.0,0.0,0.0,0.0,0.0,0.0,N,,N,
04:08,CIPLA,694,1477.3,0.92,1.84,,36.9,0.0,NORMAL,N,9.222571389534089,0.0,27.66771416860227,0.0,0.0,0.0,0.0,0.0,0.0,0.0,0.0,0.0,0.0,0.0,N,,N,
04:08,KIMS,4847,818.55,0.92,1.84,,36.7,0.0,NORMAL,N,9.185057329552375,0.0,27.555171988657126,0.0,0.0,0.0,0.0,0.0,0.0,0.0,0.0,0.0,0.0,0.0,N,,N,
04:08,BSOFT,6994,321.3,0.88,1.76,,35.2,0.0,NORMAL,N,8.791208791208827,0.0,26.373626373626482,0.0,0.0,0.0,0.0,0.0,0.0,0.0,0.0,0.0,0.0,0.0,N,,N,
04:08,INDIAMART,10726,1787.9,1.87,3.75,,48.7,0.0,NORMAL,N,18.7464387464388,0.0,30.0,0.0,0.0,0.0,0.0,0.0,0.0,0.0,0.0,0.0,0.0,0.0,N,,N,
04:08,LALPATHLAB,11654,1967.5,1.86,3.72,,48.6,0.0,NORMAL,N,18.585628494512367,0.0,30.0,0.0,0.0,0.0,0.0,0.0,0.0,0.0,0.0,0.0,0.0,0.0,N,,N,
04:08,GANESHHOU,14339,767.2,0.85,1.7,,33.9,0.0,NORMAL,N,8.478475188958324,0.0,25.435425566874972,0.0,0.0,0.0,0.0,0.0,0.0,0.0,0.0,0.0,0.0,0.0,N,,N,
04:08,LTTS,18564,3620.0,1.82,3.63,,48.2,0.0,NORMAL,N,18.16954491759012,0.0,30.0,0.0,0.0,0.0,0.0,0.0,0.0,0.0,0.0,0.0,0.0,0.0,N,,N,
04:08,RAYMOND,2859,619.9,0.8,1.61,,32.2,0.0,NORMAL,Y,8.049434913407483,0.0,24.14830474022245,0.0,0.0,0.0,0.0,0.0,0.0,0.0,0.0,0.0,0.0,0.0,N,,N,
04:08,IIFL,11809,616.65,0.8,1.6,,32.0,0.0,NORMAL,N,8.009807928075157,0.0,24.02942378422547,0.0,0.0,0.0,0.0,0.0,0.0,0.0,0.0,0.0,0.0,0.0,N,,N,
04:08,NATCOPHARM,3918,923.95,0.8,1.59,,31.9,0.0,NORMAL,N,7.963781159657523,0.0,23.89134347897257,0.0,0.0,0.0,0.0,0.0,0.0,0.0,0.0,0.0,0.0,0.0,N,,N,
04:08,SANDHAR,2397,671.85,0.78,1.56,,31.2,0.0,NORMAL,N,7.800195004875191,0.0,23.400585014625573,0.0,0.0,0.0,0.0,0.0,0.0,0.0,0.0,0.0,0.0,0.0,N,,N,
04:08,BALKRISIND,335,2510.2,1.78,3.56,,47.8,0.0,NORMAL,N,17.799943234805024,0.0,30.0,0.0,0.0,0.0,0.0,0.0,0.0,0.0,0.0,0.0,0.0,0.0,N,,N,
04:08,PRAJIND,2705,327.55,0.77,1.54,,30.8,0.0,NORMAL,N,7.691124442393477,0.0,23.073373327180434,0.0,0.0,0.0,0.0,0.0,0.0,0.0,0.0,0.0,0.0,0.0,N,,N,
04:08,VGUARD,15362,322.1,0.77,1.53,,30.7,0.0,NORMAL,N,7.664633192554499,0.0,22.993899577663495,0.0,0.0,0.0,0.0,0.0,0.0,0.0,0.0,0.0,0.0,0.0,N,,N,
04:08,FORTIS,14592,962.4,0.76,1.52,,30.4,0.0,NORMAL,Y,7.59043082238392,0.0,22.771292467151756,0.0,0.0,0.0,0.0,0.0,0.0,0.0,0.0,0.0,0.0,0.0,N,,N,
04:08,NARMADA,6364,383.85,0.75,1.5,,29.9,0.0,NORMAL,N,7.480314960629982,0.0,22.440944881889944,0.0,0.0,0.0,0.0,0.0,0.0,0.0,0.0,0.0,0.0,0.0,N,,N,
04:08,ENDURANCE,18822,2954.9,1.74,3.47,,47.4,0.0,NORMAL,N,17.352384231365157,0.0,30.0,0.0,0.0,0.0,0.0,0.0,0.0,0.0,0.0,0.0,0.0,0.0,N,,N,
04:08,TMCV,759782,456.25,0.7,1.39,,27.8,0.0,NORMAL,N,6.95210770249388,0.0,20.85632310748164,0.0,0.0,0.0,0.0,0.0,0.0,0.0,0.0,0.0,0.0,0.0,N,,N,
04:08,TMPV,3456,349.4,0.69,1.38,,27.7,0.0,NORMAL,N,6.9164265129682345,0.0,20.749279538904702,0.0,0.0,0.0,0.0,0.0,0.0,0.0,0.0,0.0,0.0,0.0,N,,N,
04:08,MAHLOG,385,405.4,0.67,1.34,,26.8,0.0,NORMAL,N,6.704742984852219,0.0,20.11422895455666,0.0,0.0,0.0,0.0,0.0,0.0,0.0,0.0,0.0,0.0,0.0,N,,N,
04:08,GNFC,1174,539.05,0.66,1.33,,26.5,0.0,NORMAL,N,6.6293183940241915,0.0,19.887955182072574,0.0,0.0,0.0,0.0,0.0,0.0,0.0,0.0,0.0,0.0,0.0,N,,N,
04:08,UNOMINDA,14154,1293.3,0.65,1.29,,25.8,0.0,NORMAL,N,6.45914396887156,0.0,19.37743190661468,0.0,0.0,0.0,0.0,0.0,0.0,0.0,0.0,0.0,0.0,0.0,N,,N,
04:08,ICICIBANK,4963,1429.9,0.63,1.25,,25.1,0.0,NORMAL,N,6.263194933145735,0.0,18.789584799437208,0.0,0.0,0.0,0.0,0.0,0.0,0.0,0.0,0.0,0.0,0.0,N,,N,
04:08,LXCHEM,2841,176.73,0.62,1.24,,24.8,0.0,NORMAL,N,6.205875654748368,0.0,18.617626964245105,0.0,0.0,0.0,0.0,0.0,0.0,0.0,0.0,0.0,0.0,0.0,N,,N,
04:08,EXIDEIND,676,492.95,0.6,1.2,,24.1,0.0,NORMAL,N,6.020408163265283,0.0,18.061224489795848,0.0,0.0,0.0,0.0,0.0,0.0,0.0,0.0,0.0,0.0,0.0,N,,N,
04:08,TATASTEEL,3499,188.67,0.6,1.19,,23.9,0.0,NORMAL,N,5.9717408691014455,0.0,17.915222607304337,0.0,0.0,0.0,0.0,0.0,0.0,0.0,0.0,0.0,0.0,0.0,N,,N,
04:08,TECHM,13538,1660.9,1.58,3.17,,45.8,0.0,NORMAL,N,15.840978593272228,0.0,30.0,0.0,0.0,0.0,0.0,0.0,0.0,0.0,0.0,0.0,0.0,0.0,N,,N,
04:08,MONTECARLO,5938,502.6,0.58,1.16,,23.2,0.0,NORMAL,N,5.803482089253621,0.0,17.410446267760864,0.0,0.0,0.0,0.0,0.0,0.0,0.0,0.0,0.0,0.0,0.0,N,,N,
04:08,LLOYDSENGG,17801,98.41,1.58,3.16,,45.8,0.0,NORMAL,N,15.792733278282423,0.0,30.0,0.0,0.0,0.0,0.0,0.0,0.0,0.0,0.0,0.0,0.0,0.0,N,,N,
04:08,CASTROLIND,1250,193.17,0.57,1.13,,22.7,0.0,NORMAL,Y,5.674718867138561,0.0,17.024156601415687,0.0,0.0,0.0,0.0,0.0,0.0,0.0,0.0,0.0,0.0,0.0,N,,N,
04:08,PNBHOUSING,18908,1149.4,0.56,1.12,,22.4,0.0,NORMAL,N,5.599300087489143,0.0,16.79790026246743,0.0,0.0,0.0,0.0,0.0,0.0,0.0,0.0,0.0,0.0,0.0,N,,N,
04:08,YUKEN,5501,804.5,0.56,1.11,,22.2,0.0,NORMAL,N,5.562152365477216,0.0,16.686457096431646,0.0,0.0,0.0,0.0,0.0,0.0,0.0,0.0,0.0,0.0,0.0,N,,N,
04:08,TIMETECHNO,14707,206.0,0.55,1.09,,21.9,0.0,NORMAL,N,5.466614603670464,0.0,16.39984381101139,0.0,0.0,0.0,0.0,0.0,0.0,0.0,0.0,0.0,0.0,0.0,N,,N,
04:08,CESC,628,164.83,0.54,1.09,,21.7,0.0,NORMAL,N,5.428815420275801,0.0,16.286446260827404,0.0,0.0,0.0,0.0,0.0,0.0,0.0,0.0,0.0,0.0,0.0,N,,N,
04:08,JUBLFOOD,18096,489.05,0.52,1.05,,21.0,0.0,NORMAL,N,5.241521068859222,0.0,15.724563206577665,0.0,0.0,0.0,0.0,0.0,0.0,0.0,0.0,0.0,0.0,0.0,N,,N,
04:08,COFORGE,11543,1802.8,1.51,3.02,,45.1,0.0,NORMAL,N,15.090090090090065,0.0,30.0,0.0,0.0,0.0,0.0,0.0,0.0,0.0,0.0,0.0,0.0,0.0,N,,N,
04:08,INFY,1594,1181.0,0.5,1.0,,20.1,0.0,NORMAL,N,5.020849289422255,0.0,15.062547868266764,0.0,0.0,0.0,0.0,0.0,0.0,0.0,0.0,0.0,0.0,0.0,N,,N,
04:08,JINDALSTEL,6733,1108.5,0.5,1.0,,19.9,0.0,NORMAL,N,4.986400725294651,0.0,14.959202175883952,0.0,0.0,0.0,0.0,0.0,0.0,0.0,0.0,0.0,0.0,0.0,N,,N,
04:08,MAXESTATES,19646,399.0,0.48,0.96,,19.1,0.0,NORMAL,N,4.784688995215253,0.0,14.354066985645762,0.0,0.0,0.0,0.0,0.0,0.0,0.0,0.0,0.0,0.0,0.0,N,,N,
04:08,USHAMART,8840,517.5,0.48,0.95,,19.0,0.0,NORMAL,N,4.75681972624026,0.0,14.27045917872078,0.0,0.0,0.0,0.0,0.0,0.0,0.0,0.0,0.0,0.0,0.0,N,,N,
04:08,SHIVALIK,7026,255.7,0.47,0.94,,18.9,0.0,NORMAL,N,4.7151277013752,0.0,14.145383104125601,0.0,0.0,0.0,0.0,0.0,0.0,0.0,0.0,0.0,0.0,0.0,N,,N,
04:08,NESCO,15409,1052.0,0.47,0.94,,18.7,0.0,NORMAL,N,4.6795912520295015,0.0,14.038773756088506,0.0,0.0,0.0,0.0,0.0,0.0,0.0,0.0,0.0,0.0,0.0,N,,N,
04:08,ABDL,24308,602.0,0.46,0.92,,18.4,0.0,NORMAL,N,4.5890696704213605,0.0,13.76720901126408,0.0,0.0,0.0,0.0,0.0,0.0,0.0,0.0,0.0,0.0,0.0,N,,N,
04:08,HCG,15555,678.9,0.45,0.9,,18.1,0.0,NORMAL,N,4.512835688392327,0.0,13.538507065176981,0.0,0.0,0.0,0.0,0.0,0.0,0.0,0.0,0.0,0.0,0.0,N,,N,
04:08,TEJASNET,21131,515.75,0.45,0.9,,17.9,0.0,NORMAL,N,4.479501412016661,0.0,13.438504236049983,0.0,0.0,0.0,0.0,0.0,0.0,0.0,0.0,0.0,0.0,0.0,N,,N,
04:08,EPACKPEB,759251,247.4,0.45,0.89,,17.9,0.0,NORMAL,N,4.466098254161569,0.0,13.398294762484705,0.0,0.0,0.0,0.0,0.0,0.0,0.0,0.0,0.0,0.0,0.0,N,,N,
04:08,JYOTHYLAB,15146,207.39,0.45,0.89,,17.8,0.0,NORMAL,N,4.455853150578717,0.0,13.367559451736149,0.0,0.0,0.0,0.0,0.0,0.0,0.0,0.0,0.0,0.0,0.0,N,,N,
04:08,ONGC,2475,239.91,0.44,0.89,,17.8,0.0,NORMAL,N,4.4379317563324365,0.0,13.313795268997309,0.0,0.0,0.0,0.0,0.0,0.0,0.0,0.0,0.0,0.0,0.0,N,,N,
04:08,MGL,17534,1144.6,0.44,0.88,,17.6,0.0,NORMAL,N,4.387504387504387,0.0,13.162513162513163,0.0,0.0,0.0,0.0,0.0,0.0,0.0,0.0,0.0,0.0,0.0,N,,N,
04:08,BLS,17279,255.39,0.42,0.83,,16.7,0.0,NORMAL,Y,4.1678134706875865,0.0,12.503440412062758,0.0,0.0,0.0,0.0,0.0,0.0,0.0,0.0,0.0,0.0,0.0,N,,N,
04:08,PRINCEPIPE,16045,272.1,0.41,0.81,,16.2,0.0,NORMAL,N,4.0590405904059885,0.0,12.177121771217964,0.0,0.0,0.0,0.0,0.0,0.0,0.0,0.0,0.0,0.0,0.0,N,,N,
04:08,GOCOLORS,6964,323.35,0.4,0.81,,16.1,0.0,NORMAL,N,4.036640273249531,0.0,12.109920819748593,0.0,0.0,0.0,0.0,0.0,0.0,0.0,0.0,0.0,0.0,0.0,N,,N,
04:08,HFCL,21951,208.8,0.39,0.79,,15.8,0.0,NORMAL,N,3.94268679680749,0.0,11.828060390422468,0.0,0.0,0.0,0.0,0.0,0.0,0.0,0.0,0.0,0.0,0.0,N,,N,
04:08,MAHSEAMLES,2088,592.0,0.39,0.78,,15.6,0.0,NORMAL,N,3.900288282177301,0.0,11.700864846531903,0.0,0.0,0.0,0.0,0.0,0.0,0.0,0.0,0.0,0.0,0.0,N,,N,
04:08,CYIENT,5748,860.8,0.38,0.77,,15.4,0.0,NORMAL,N,3.848396501457673,0.0,11.545189504373019,0.0,0.0,0.0,0.0,0.0,0.0,0.0,0.0,0.0,0.0,0.0,N,,N,
04:08,NAM-INDIA,357,1180.3,0.37,0.73,,14.6,0.0,NORMAL,N,3.656462585033975,0.0,10.969387755101925,0.0,0.0,0.0,0.0,0.0,0.0,0.0,0.0,0.0,0.0,0.0,N,,N,
04:08,HINDCOPPER,17939,537.95,0.35,0.69,,13.8,0.0,NORMAL,N,3.4508487222533537,0.0,10.35254616676006,0.0,0.0,0.0,0.0,0.0,0.0,0.0,0.0,0.0,0.0,0.0,N,,N,
04:08,HUDCO,20825,201.73,0.34,0.69,,13.7,0.0,NORMAL,N,3.4321528054118473,0.0,10.296458416235541,0.0,0.0,0.0,0.0,0.0,0.0,0.0,0.0,0.0,0.0,0.0,N,,N,
04:08,LTFOODS,13816,428.95,0.33,0.65,,13.1,0.0,NORMAL,N,3.274470822126014,0.0,9.823412466378041,0.0,0.0,0.0,0.0,0.0,0.0,0.0,0.0,0.0,0.0,0.0,N,,N,
04:08,UNICHEMLAB,3579,491.3,0.32,0.63,,12.7,0.0,NORMAL,N,3.1648800408371844,0.0,9.494640122511553,0.0,0.0,0.0,0.0,0.0,0.0,0.0,0.0,0.0,0.0,0.0,N,,N,
04:08,REDINGTON,14255,355.95,0.31,0.62,,12.4,0.0,NORMAL,N,3.0999013667745974,0.0,9.299704100323792,0.0,0.0,0.0,0.0,0.0,0.0,0.0,0.0,0.0,0.0,0.0,N,,N,
04:08,HYUNDAI,25844,2224.8,1.1,2.21,,41.0,0.0,NORMAL,N,11.042944785276156,0.0,30.0,0.0,0.0,0.0,0.0,0.0,0.0,0.0,0.0,0.0,0.0,0.0,N,,N,
04:08,SAFARI,13035,1502.9,1.1,2.19,,41.0,0.0,NORMAL,N,10.96461724741032,0.0,30.0,0.0,0.0,0.0,0.0,0.0,0.0,0.0,0.0,0.0,0.0,0.0,N,,N,
04:08,WOCKPHARMA,7506,2042.8,1.08,2.16,,40.8,0.0,NORMAL,Y,10.786739238000969,0.0,30.0,0.0,0.0,0.0,0.0,0.0,0.0,0.0,0.0,0.0,0.0,0.0,N,,N,
04:08,AJANTPHARM,8124,3505.6,1.01,2.03,,40.1,0.0,NORMAL,N,10.142923005993492,0.0,30.0,0.0,0.0,0.0,0.0,0.0,0.0,0.0,0.0,0.0,0.0,0.0,N,,N,
04:08,AETHER,9810,1606.5,0.94,1.87,,37.4,0.0,NORMAL,N,9.361648655441122,0.0,28.08494596632337,0.0,0.0,0.0,0.0,0.0,0.0,0.0,0.0,0.0,0.0,0.0,N,,N,
04:08,LAURUSLABS,19234,1861.0,0.91,1.81,,36.2,0.0,NORMAL,N,9.054925988179823,0.0,27.164777964539468,0.0,0.0,0.0,0.0,0.0,0.0,0.0,0.0,0.0,0.0,0.0,N,,N,
04:08,XCHANGING,11705,67.81,0.85,1.7,,33.9,0.0,NORMAL,N,8.477096966091722,0.0,25.431290898275165,0.0,0.0,0.0,0.0,0.0,0.0,0.0,0.0,0.0,0.0,0.0,N,,N,
04:08,SKFINDIA,3186,1547.0,0.83,1.66,,33.1,0.0,NORMAL,N,8.277390340872088,0.0,24.832171022616265,0.0,0.0,0.0,0.0,0.0,0.0,0.0,0.0,0.0,0.0,0.0,N,,N,
04:08,UNITDSPR,10447,1523.3,0.72,1.44,,28.8,0.0,NORMAL,N,7.20708807193855,0.0,21.62126421581565,0.0,0.0,0.0,0.0,0.0,0.0,0.0,0.0,0.0,0.0,0.0,N,,N,
04:08,NIITLTD,11522,95.7,0.66,1.33,,26.5,0.0,NORMAL,N,6.6266961186495195,0.0,19.880088355948555,0.0,0.0,0.0,0.0,0.0,0.0,0.0,0.0,0.0,0.0,0.0,N,,N,
04:08,CHOLAFIN,685,1876.8,0.57,1.14,,22.7,0.0,NORMAL,N,5.679991426427986,0.0,17.039974279283957,0.0,0.0,0.0,0.0,0.0,0.0,0.0,0.0,0.0,0.0,0.0,N,,N,
04:08,PNBGILTS,8736,81.15,0.56,1.12,,22.3,0.0,NORMAL,N,5.576208178438697,0.0,16.728624535316094,0.0,0.0,0.0,0.0,0.0,0.0,0.0,0.0,0.0,0.0,0.0,N,,N,
04:08,GLENMARK,7406,2290.4,0.5,0.99,,19.8,0.0,NORMAL,N,4.958097494625152,0.0,14.874292483875454,0.0,0.0,0.0,0.0,0.0,0.0,0.0,0.0,0.0,0.0,0.0,N,,N,
04:08,AFFLE,11343,1653.6,0.49,0.97,,19.4,0.0,NORMAL,N,4.861448711716092,0.0,14.584346135148275,0.0,0.0,0.0,0.0,0.0,0.0,0.0,0.0,0.0,0.0,0.0,N,,N,
04:08,GLAND,1186,2612.8,0.45,0.91,,18.1,0.0,NORMAL,N,4.536716647443361,0.0,13.610149942330082,0.0,0.0,0.0,0.0,0.0,0.0,0.0,0.0,0.0,0.0,0.0,N,,N,
04:08,MPHASIS,4503,2485.7,0.43,0.86,,17.3,0.0,NORMAL,N,4.32323232323225,0.0,12.96969696969675,0.0,0.0,0.0,0.0,0.0,0.0,0.0,0.0,0.0,0.0,0.0,N,,N,
04:08,WELCORP,11821,1847.0,0.39,0.78,,15.7,0.0,NORMAL,N,3.9134688553103847,0.0,11.740406565931155,0.0,0.0,0.0,0.0,0.0,0.0,0.0,0.0,0.0,0.0,0.0,N,,N,
04:08,MASTEK,2124,1837.8,0.32,0.63,,12.7,0.0,NORMAL,N,3.165938864628796,0.0,9.49781659388639,0.0,0.0,0.0,0.0,0.0,0.0,0.0,0.0,0.0,0.0,0.0,N,,N,
04:08,TCS,11536,2460.1,0.3,0.6,,12.1,0.0,NORMAL,N,3.0170832144168025,0.0,9.051249643250408,0.0,0.0,0.0,0.0,0.0,0.0,0.0,0.0,0.0,0.0,0.0,N,,N,
04:08,PTC,11355,176.37,-13.25,26.49,,30.0,30.0,NORMAL,Y,0.0,30.0,30.0,0.0,0.0,0.0,0.0,0.0,0.0,0.0,0.0,0.0,0.0,0.0,N,,N,
04:08,JAMNAAUTO,20778,127.01,-12.23,24.45,,30.0,30.0,NORMAL,Y,0.0,30.0,30.0,0.0,0.0,0.0,0.0,0.0,0.0,0.0,0.0,0.0,0.0,0.0,N,,N,
04:08,NLCINDIA,8585,284.75,-6.46,12.91,,30.0,30.0,NORMAL,Y,0.0,30.0,30.0,0.0,0.0,0.0,0.0,0.0,0.0,0.0,0.0,0.0,0.0,0.0,N,,N,
04:08,OMNI,760865,544.2,-5.9,11.81,,30.0,30.0,NORMAL,Y,0.0,30.0,30.0,0.0,0.0,0.0,0.0,0.0,0.0,0.0,0.0,0.0,0.0,0.0,N,,N,
04:08,WINDMACHIN,24969,287.0,-5.45,10.9,,30.0,30.0,NORMAL,Y,0.0,30.0,30.0,0.0,0.0,0.0,0.0,0.0,0.0,0.0,0.0,0.0,0.0,0.0,N,,N,
04:08,SAPPHIRE,6718,213.39,-4.83,9.66,,30.0,30.0,NORMAL,N,0.0,30.0,30.0,0.0,0.0,0.0,0.0,0.0,0.0,0.0,0.0,0.0,0.0,0.0,N,,N,
04:08,YATRA,18760,102.49,-4.24,8.48,,30.0,30.0,NORMAL,Y,0.0,30.0,30.0,0.0,0.0,0.0,0.0,0.0,0.0,0.0,0.0,0.0,0.0,0.0,N,,N,
04:08,AEGISLOG,40,1319.4,-3.76,7.53,,30.0,30.0,NORMAL,N,0.0,30.0,30.0,0.0,0.0,0.0,0.0,0.0,0.0,0.0,0.0,0.0,0.0,0.0,N,,N,
04:08,PFC,14299,406.55,-3.2,6.4,,30.0,30.0,NORMAL,N,0.0,30.0,30.0,0.0,0.0,0.0,0.0,0.0,0.0,0.0,0.0,0.0,0.0,0.0,N,,N,
04:08,GPIL,13409,233.2,-3.08,6.16,,30.0,30.0,NORMAL,N,0.0,30.0,30.0,0.0,0.0,0.0,0.0,0.0,0.0,0.0,0.0,0.0,0.0,0.0,N,,N,
04:08,M&MFIN,13285,396.55,-2.91,5.83,,30.0,29.1,NORMAL,N,0.0,29.13453299057407,30.0,0.0,0.0,0.0,0.0,0.0,0.0,0.0,0.0,0.0,0.0,0.0,N,,N,
04:08,ZYDUSWELL,17635,518.3,-2.91,5.83,,30.0,29.1,NORMAL,N,0.0,29.128032218788178,30.0,0.0,0.0,0.0,0.0,0.0,0.0,0.0,0.0,0.0,0.0,0.0,N,,N,
04:08,SPARC,14788,207.69,-2.59,5.18,,30.0,25.9,NORMAL,N,0.0,25.8899676375405,30.0,0.0,0.0,0.0,0.0,0.0,0.0,0.0,0.0,0.0,0.0,0.0,N,,N,
04:08,PSPPROJECT,20877,938.95,-2.49,4.98,,30.0,24.9,NORMAL,N,0.0,24.923412430551945,30.0,0.0,0.0,0.0,0.0,0.0,0.0,0.0,0.0,0.0,0.0,0.0,N,,N,
04:08,PARAS,5911,1248.6,-2.23,4.46,,30.0,22.3,NORMAL,N,0.0,22.316185106882784,30.0,0.0,0.0,0.0,0.0,0.0,0.0,0.0,0.0,0.0,0.0,0.0,N,,N,
04:08,FSL,14304,273.65,-2.22,4.43,,30.0,22.2,NORMAL,N,0.0,22.154725745935483,30.0,0.0,0.0,0.0,0.0,0.0,0.0,0.0,0.0,0.0,0.0,0.0,N,,N,
04:08,MRPL,2283,163.44,-2.14,4.28,,30.0,21.4,NORMAL,N,0.0,21.375965511047205,30.0,0.0,0.0,0.0,0.0,0.0,0.0,0.0,0.0,0.0,0.0,0.0,N,,N,
04:08,RECLTD,15355,359.2,-2.13,4.25,,30.0,21.3,NORMAL,Y,0.0,21.25340599455044,30.0,0.0,0.0,0.0,0.0,0.0,0.0,0.0,0.0,0.0,0.0,0.0,N,,N,
04:08,SIS,21501,426.25,-2.0,4.0,,30.0,20.0,NORMAL,N,0.0,20.00229911484076,30.0,0.0,0.0,0.0,0.0,0.0,0.0,0.0,0.0,0.0,0.0,0.0,N,,N,
04:08,INOXWIND,7852,73.97,-5.17,10.33,,30.0,30.0,NORMAL,Y,0.0,30.0,30.0,0.0,0.0,0.0,0.0,0.0,0.0,0.0,0.0,0.0,0.0,0.0,N,,N,
04:08,POWERMECH,10473,2507.7,-4.17,8.33,,30.0,30.0,NORMAL,Y,0.0,30.0,30.0,0.0,0.0,0.0,0.0,0.0,0.0,0.0,0.0,0.0,0.0,0.0,N,,N,
04:08,TRENT,1964,3009.8,-3.13,6.26,,30.0,30.0,NORMAL,N,0.0,30.0,30.0,0.0,0.0,0.0,0.0,0.0,0.0,0.0,0.0,0.0,0.0,0.0,N,,N,
04:08,EIDPARRY,916,789.7,-1.91,3.83,,30.0,19.1,NORMAL,N,0.0,19.12805862625758,30.0,0.0,0.0,0.0,0.0,0.0,0.0,0.0,0.0,0.0,0.0,0.0,N,,N,
04:08,RITES,3761,229.78,-1.9,3.81,,30.0,19.0,NORMAL,N,0.0,19.04030054644812,30.0,0.0,0.0,0.0,0.0,0.0,0.0,0.0,0.0,0.0,0.0,0.0,N,,N,
04:08,DEVYANI,5373,132.25,-1.84,3.68,,30.0,18.4,NORMAL,N,0.0,18.40718473985,30.0,0.0,0.0,0.0,0.0,0.0,0.0,0.0,0.0,0.0,0.0,0.0,N,,N,
04:08,J&KBANK,5633,156.34,-1.82,3.64,,30.0,18.2,NORMAL,N,0.0,18.211504647073635,30.0,0.0,0.0,0.0,0.0,0.0,0.0,0.0,0.0,0.0,0.0,0.0,N,,N,
04:08,WIPL,20481,165.0,-1.81,3.63,,30.0,18.1,NORMAL,N,0.0,18.14936030943178,30.0,0.0,0.0,0.0,0.0,0.0,0.0,0.0,0.0,0.0,0.0,0.0,N,,N,
04:08,TATACAP,759265,363.6,-1.81,3.62,,30.0,18.1,NORMAL,N,0.0,18.093437753173074,30.0,0.0,0.0,0.0,0.0,0.0,0.0,0.0,0.0,0.0,0.0,0.0,N,,N,
04:08,TREJHARA,7518,174.52,-1.77,3.53,,30.0,17.7,NORMAL,N,0.0,17.67420916357079,30.0,0.0,0.0,0.0,0.0,0.0,0.0,0.0,0.0,0.0,0.0,0.0,N,,N,
04:08,MATRIMONY,21726,472.55,-1.72,3.43,,30.0,17.2,NORMAL,N,0.0,17.15890183028286,30.0,0.0,0.0,0.0,0.0,0.0,0.0,0.0,0.0,0.0,0.0,0.0,N,,N,
04:08,MSTCLTD,9356,581.3,-1.68,3.37,,30.0,16.8,NORMAL,N,0.0,16.828752642706206,30.0,0.0,0.0,0.0,0.0,0.0,0.0,0.0,0.0,0.0,0.0,0.0,N,,N,
04:08,FINPIPE,1041,161.68,-1.67,3.34,,30.0,16.7,NORMAL,N,0.0,16.72444201179833,30.0,0.0,0.0,0.0,0.0,0.0,0.0,0.0,0.0,0.0,0.0,0.0,N,,N,
04:08,EBGNG,757862,516.95,-1.66,3.31,,30.0,16.6,NORMAL,N,0.0,16.55093693522293,30.0,0.0,0.0,0.0,0.0,0.0,0.0,0.0,0.0,0.0,0.0,0.0,N,,N,
04:08,RGL,15129,121.19,-1.63,3.26,,30.0,16.3,NORMAL,N,0.0,16.314935064935106,30.0,0.0,0.0,0.0,0.0,0.0,0.0,0.0,0.0,0.0,0.0,0.0,N,,N,
04:08,WESTLIFE,11580,585.15,-1.63,3.26,,30.0,16.3,NORMAL,N,0.0,16.306631924014535,30.0,0.0,0.0,0.0,0.0,0.0,0.0,0.0,0.0,0.0,0.0,0.0,N,,N,
04:08,CHALET,8546,845.8,-1.62,3.23,,30.0,16.2,NORMAL,N,0.0,16.168430847970328,30.0,0.0,0.0,0.0,0.0,0.0,0.0,0.0,0.0,0.0,0.0,0.0,N,,N,
04:08,TCIEXP,19223,545.85,-1.58,3.16,,30.0,15.8,NORMAL,N,0.0,15.777136675081136,30.0,0.0,0.0,0.0,0.0,0.0,0.0,0.0,0.0,0.0,0.0,0.0,N,,N,
04:08,ELGIEQUIP,937,579.2,-1.57,3.14,,30.0,15.7,NORMAL,N,0.0,15.719262469198739,30.0,0.0,0.0,0.0,0.0,0.0,0.0,0.0,0.0,0.0,0.0,0.0,N,,N,
04:08,RAJRATAN,18962,516.9,-1.54,3.09,,30.0,15.4,NORMAL,N,0.0,15.42857142857147,30.0,0.0,0.0,0.0,0.0,0.0,0.0,0.0,0.0,0.0,0.0,0.0,N,,N,
04:08,JUSTDIAL,29962,672.8,-1.54,3.07,,30.0,15.4,NORMAL,N,0.0,15.366603248938972,30.0,0.0,0.0,0.0,0.0,0.0,0.0,0.0,0.0,0.0,0.0,0.0,N,,N,
04:08,HIKAL,9668,223.66,-1.53,3.06,,30.0,15.3,NORMAL,N,0.0,15.320947433301004,30.0,0.0,0.0,0.0,0.0,0.0,0.0,0.0,0.0,0.0,0.0,0.0,N,,N,
04:08,TECHNOE,6445,1050.05,-1.52,3.04,,30.0,15.2,NORMAL,N,0.0,15.19343493552173,30.0,0.0,0.0,0.0,0.0,0.0,0.0,0.0,0.0,0.0,0.0,0.0,N,,N,
04:08,GOCLCORP,3963,431.6,-1.52,3.03,,30.0,15.2,NORMAL,N,0.0,15.173987450085516,30.0,0.0,0.0,0.0,0.0,0.0,0.0,0.0,0.0,0.0,0.0,0.0,N,,N,
04:08,BANKINDIA,4745,142.82,-1.5,3.01,,30.0,15.0,NORMAL,N,0.0,15.034482758620738,30.0,0.0,0.0,0.0,0.0,0.0,0.0,0.0,0.0,0.0,0.0,0.0,N,,N,
04:08,SAREGAMA,4892,511.5,-1.48,2.97,,30.0,14.8,NORMAL,N,0.0,14.830508474576357,30.0,0.0,0.0,0.0,0.0,0.0,0.0,0.0,0.0,0.0,0.0,0.0,N,,N,
04:08,KIRLOSENG,20936,2108.1,-2.48,4.96,,30.0,24.8,NORMAL,Y,0.0,24.795299995373973,30.0,0.0,0.0,0.0,0.0,0.0,0.0,0.0,0.0,0.0,0.0,0.0,N,,N,
04:08,SCI,3048,300.3,-1.46,2.92,,30.0,14.6,NORMAL,N,0.0,14.602132895816208,30.0,0.0,0.0,0.0,0.0,0.0,0.0,0.0,0.0,0.0,0.0,0.0,N,,N,
04:08,CENTURYPLY,13305,770.55,-1.46,2.92,,30.0,14.6,NORMAL,N,0.0,14.578937272204222,30.0,0.0,0.0,0.0,0.0,0.0,0.0,0.0,0.0,0.0,0.0,0.0,N,,N,
04:08,PETRONET,11351,276.55,-1.44,2.89,,30.0,14.4,NORMAL,N,0.0,14.43335709194587,30.0,0.0,0.0,0.0,0.0,0.0,0.0,0.0,0.0,0.0,0.0,0.0,N,,N,
04:08,SWIGGY,27066,276.75,-1.42,2.85,,30.0,14.2,NORMAL,N,0.0,14.247551202137132,30.0,0.0,0.0,0.0,0.0,0.0,0.0,0.0,0.0,0.0,0.0,0.0,N,,N,
04:08,ANGELONE,324,287.9,-1.4,2.81,,30.0,14.0,NORMAL,N,0.0,14.041095890411038,30.0,0.0,0.0,0.0,0.0,0.0,0.0,0.0,0.0,0.0,0.0,0.0,N,,N,
04:08,CHEMPLASTS,5449,181.1,-1.37,2.73,,30.0,13.7,NORMAL,N,0.0,13.670279396547134,30.0,0.0,0.0,0.0,0.0,0.0,0.0,0.0,0.0,0.0,0.0,0.0,N,,N,
04:08,RAMCOSYS,7851,629.25,-1.36,2.71,,30.0,13.6,NORMAL,N,0.0,13.560119140931146,30.0,0.0,0.0,0.0,0.0,0.0,0.0,0.0,0.0,0.0,0.0,0.0,N,,N,
04:08,GODREJIND,10925,1294.0,-1.33,2.67,,30.0,13.3,NORMAL,N,0.0,13.343499809378574,30.0,0.0,0.0,0.0,0.0,0.0,0.0,0.0,0.0,0.0,0.0,0.0,N,,N,
04:08,ICICIPRULI,18652,494.4,-1.33,2.65,,30.0,13.3,NORMAL,N,0.0,13.272128530086885,30.0,0.0,0.0,0.0,0.0,0.0,0.0,0.0,0.0,0.0,0.0,0.0,N,,N,
04:08,VERANDA,8890,254.6,-1.3,2.6,,30.0,13.0,NORMAL,N,0.0,12.987012987012966,30.0,0.0,0.0,0.0,0.0,0.0,0.0,0.0,0.0,0.0,0.0,0.0,N,,N,
04:08,SBIN,3045,1083.1,-1.29,2.57,,30.0,12.9,NORMAL,N,0.0,12.85089318264686,30.0,0.0,0.0,0.0,0.0,0.0,0.0,0.0,0.0,0.0,0.0,0.0,N,,N,
04:08,MHRIL,17333,226.71,-1.28,2.57,,30.0,12.8,NORMAL,N,0.0,12.845075328746796,30.0,0.0,0.0,0.0,0.0,0.0,0.0,0.0,0.0,0.0,0.0,0.0,N,,N,
04:08,VAIBHAVGBL,11364,239.9,-1.26,2.51,,30.0,12.6,NORMAL,N,0.0,12.554023461617547,30.0,0.0,0.0,0.0,0.0,0.0,0.0,0.0,0.0,0.0,0.0,0.0,N,,N,
04:08,TITAGARH,15414,836.85,-1.25,2.5,,30.0,12.5,NORMAL,N,0.0,12.508112573013184,30.0,0.0,0.0,0.0,0.0,0.0,0.0,0.0,0.0,0.0,0.0,0.0,N,,N,
04:08,KFINTECH,13359,924.35,-1.24,2.49,,30.0,12.4,NORMAL,N,0.0,12.446581196581171,30.0,0.0,0.0,0.0,0.0,0.0,0.0,0.0,0.0,0.0,0.0,0.0,N,,N,
04:08,WSTCSTPAPR,3799,591.8,-1.22,2.44,,30.0,12.2,NORMAL,N,0.0,12.184944082790967,30.0,0.0,0.0,0.0,0.0,0.0,0.0,0.0,0.0,0.0,0.0,0.0,N,,N,
04:08,BPCL,526,317.1,-1.21,2.43,,30.0,12.1,NORMAL,N,0.0,12.149532710280301,30.0,0.0,0.0,0.0,0.0,0.0,0.0,0.0,0.0,0.0,0.0,0.0,N,,N,
04:08,GARFIBRES,1100,802.25,-1.18,2.36,,30.0,11.8,NORMAL,N,0.0,11.824844490977425,30.0,0.0,0.0,0.0,0.0,0.0,0.0,0.0,0.0,0.0,0.0,0.0,N,,N,
04:08,CAMPUS,9362,221.72,-1.18,2.36,,30.0,11.8,NORMAL,N,0.0,11.810848152605098,30.0,0.0,0.0,0.0,0.0,0.0,0.0,0.0,0.0,0.0,0.0,0.0,N,,N,
04:08,IOC,1624,141.73,-1.15,2.3,,30.0,11.5,NORMAL,N,0.0,11.50788115497284,30.0,0.0,0.0,0.0,0.0,0.0,0.0,0.0,0.0,0.0,0.0,0.0,N,,N,
04:08,RSYSTEMS,13414,245.0,-1.15,2.3,,30.0,11.5,NORMAL,N,0.0,11.498890457938247,30.0,0.0,0.0,0.0,0.0,0.0,0.0,0.0,0.0,0.0,0.0,0.0,N,,N,
04:08,MEESHO,760229,189.2,-1.12,2.25,,30.0,11.2,NORMAL,N,0.0,11.235955056179805,30.0,0.0,0.0,0.0,0.0,0.0,0.0,0.0,0.0,0.0,0.0,0.0,N,,N,
04:08,RALLIS,2816,210.68,-1.1,2.21,,30.0,11.0,NORMAL,N,0.0,11.031310144111131,30.0,0.0,0.0,0.0,0.0,0.0,0.0,0.0,0.0,0.0,0.0,0.0,N,,N,
04:08,RVNL,9552,230.81,-1.1,2.2,,30.0,11.0,NORMAL,N,0.0,11.01208329762616,30.0,0.0,0.0,0.0,0.0,0.0,0.0,0.0,0.0,0.0,0.0,0.0,N,,N,
04:08,SAMHI,18614,172.73,-1.1,2.2,,30.0,11.0,NORMAL,N,0.0,10.993415402233127,30.0,0.0,0.0,0.0,0.0,0.0,0.0,0.0,0.0,0.0,0.0,0.0,N,,N,
04:08,SOUTHWEST,9678,229.52,-1.09,2.19,,30.0,10.9,NORMAL,N,0.0,10.945445143497336,30.0,0.0,0.0,0.0,0.0,0.0,0.0,0.0,0.0,0.0,0.0,0.0,N,,N,
04:08,LUPIN,10440,2314.0,-2.09,4.19,,30.0,20.9,NORMAL,N,0.0,20.94351597207531,30.0,0.0,0.0,0.0,0.0,0.0,0.0,0.0,0.0,0.0,0.0,0.0,N,,N,
04:09,APOLLOTYRE,163,440.15,-1.09,2.18,,30.0,10.9,NORMAL,N,0.0,10.898876404494434,30.0,0.0,0.0,0.0,0.0,0.0,0.0,0.0,0.0,0.0,0.0,0.0,N,,N,
04:09,EMSLIMITED,18593,400.0,-1.09,2.18,,30.0,10.9,NORMAL,N,0.0,10.880316518298658,30.0,0.0,0.0,0.0,0.0,0.0,0.0,0.0,0.0,0.0,0.0,0.0,N,,N,
04:09,NIACL,399,175.19,-1.08,2.17,,30.0,10.8,NORMAL,N,0.0,10.840720456213742,30.0,0.0,0.0,0.0,0.0,0.0,0.0,0.0,0.0,0.0,0.0,0.0,N,,N,
04:09,HDFCLIFE,467,534.4,-1.04,2.07,,30.0,10.4,NORMAL,N,0.0,10.370370370370411,30.0,0.0,0.0,0.0,0.0,0.0,0.0,0.0,0.0,0.0,0.0,0.0,N,,N,
04:09,SBICARD,17971,652.25,-1.02,2.05,,30.0,10.2,NORMAL,N,0.0,10.242792109256449,30.0,0.0,0.0,0.0,0.0,0.0,0.0,0.0,0.0,0.0,0.0,0.0,N,,N,
04:09,ROUTE,128,522.9,-1.02,2.04,,30.0,10.2,NORMAL,N,0.0,10.221465076660945,30.0,0.0,0.0,0.0,0.0,0.0,0.0,0.0,0.0,0.0,0.0,0.0,N,,N,
04:09,ROSSARI,19410,508.7,-1.02,2.04,,30.0,10.2,NORMAL,N,0.0,10.215001459286032,30.0,0.0,0.0,0.0,0.0,0.0,0.0,0.0,0.0,0.0,0.0,0.0,N,,N,
04:09,HEXT,29666,558.9,-1.01,2.02,,30.0,10.1,NORMAL,N,0.0,10.095642933050026,30.0,0.0,0.0,0.0,0.0,0.0,0.0,0.0,0.0,0.0,0.0,0.0,N,,N,
04:09,TIPSMUSIC,9117,638.95,-0.99,1.98,,29.8,9.9,NORMAL,N,0.0,9.917099248469787,29.75129774540936,0.0,0.0,0.0,0.0,0.0,0.0,0.0,0.0,0.0,0.0,0.0,N,,N,
04:09,ETERNAL,5097,311.9,-0.98,1.97,,29.5,9.8,NORMAL,N,0.0,9.841269841269913,29.52380952380974,0.0,0.0,0.0,0.0,0.0,0.0,0.0,0.0,0.0,0.0,0.0,N,,N,
04:09,SHYAMMETL,4693,997.0,-0.98,1.97,,29.5,9.8,NORMAL,N,0.0,9.83215810904755,29.49647432714265,0.0,0.0,0.0,0.0,0.0,0.0,0.0,0.0,0.0,0.0,0.0,N,,N,
04:09,WABAG,20188,1918.9,-1.98,3.96,,30.0,19.8,NORMAL,N,0.0,19.81917556316083,30.0,0.0,0.0,0.0,0.0,0.0,0.0,0.0,0.0,0.0,0.0,0.0,N,,N,
04:09,SHARDACROP,4992,806.2,-0.96,1.93,,28.9,9.6,NORMAL,N,0.0,9.643142313125617,28.929426939376853,0.0,0.0,0.0,0.0,0.0,0.0,0.0,0.0,0.0,0.0,0.0,N,,N,
04:09,ADANIGREEN,3563,1359.2,-0.96,1.92,,28.9,9.6,NORMAL,N,0.0,9.618187117458499,28.854561352375498,0.0,0.0,0.0,0.0,0.0,0.0,0.0,0.0,0.0,0.0,0.0,N,,N,
04:09,APTUS,5435,258.15,-0.96,1.92,,28.8,9.6,NORMAL,N,0.0,9.591406100134282,28.774218300402843,0.0,0.0,0.0,0.0,0.0,0.0,0.0,0.0,0.0,0.0,0.0,N,,N,
04:09,TATAINVEST,1621,687.0,-0.96,1.92,,28.8,9.6,NORMAL,N,0.0,9.586967490809453,28.760902472428363,0.0,0.0,0.0,0.0,0.0,0.0,0.0,0.0,0.0,0.0,0.0,N,,N,
04:09,UBL,16713,1386.9,-0.96,1.91,,28.7,9.6,NORMAL,N,0.0,9.569377990430525,28.708133971291574,0.0,0.0,0.0,0.0,0.0,0.0,0.0,0.0,0.0,0.0,0.0,N,,N,
04:09,TEXRAIL,21828,107.75,-0.95,1.89,,28.4,9.5,NORMAL,N,0.0,9.468652325795194,28.405956977385582,0.0,0.0,0.0,0.0,0.0,0.0,0.0,0.0,0.0,0.0,0.0,N,,N,
04:09,KIRIINDUS,16639,423.85,-0.95,1.89,,28.4,9.5,NORMAL,N,0.0,9.464828230894963,28.394484692684888,0.0,0.0,0.0,0.0,0.0,0.0,0.0,0.0,0.0,0.0,0.0,N,,N,
04:09,RELAXO,24225,419.45,-0.94,1.89,,28.3,9.4,NORMAL,N,0.0,9.446215609871293,28.338646829613882,0.0,0.0,0.0,0.0,0.0,0.0,0.0,0.0,0.0,0.0,0.0,N,,N,
04:09,ITCHOTELS,29251,169.05,-0.94,1.88,,28.1,9.4,NORMAL,N,0.0,9.375915616759416,28.12774685027825,0.0,0.0,0.0,0.0,0.0,0.0,0.0,0.0,0.0,0.0,0.0,N,,N,
04:09,BDL,2144,1282.0,-0.93,1.85,,27.8,9.3,NORMAL,N,0.0,9.273570324574962,27.820710973724882,0.0,0.0,0.0,0.0,0.0,0.0,0.0,0.0,0.0,0.0,0.0,N,,N,
04:09,BHEL,438,401.45,-0.93,1.85,,27.8,9.3,NORMAL,N,0.0,9.254689042448174,27.764067127344518,0.0,0.0,0.0,0.0,0.0,0.0,0.0,0.0,0.0,0.0,0.0,N,,N,
04:09,FDC,4898,366.4,-0.92,1.84,,27.6,9.2,NORMAL,N,0.0,9.194159004867588,27.582477014602766,0.0,0.0,0.0,0.0,0.0,0.0,0.0,0.0,0.0,0.0,0.0,N,,N,
04:09,HAVELLS,9819,1276.2,-0.92,1.83,,27.5,9.2,NORMAL,N,0.0,9.161490683229779,27.484472049689334,0.0,0.0,0.0,0.0,0.0,0.0,0.0,0.0,0.0,0.0,0.0,N,,N,
04:09,SONATSOFTW,6596,315.15,-0.91,1.82,,27.4,9.1,NORMAL,N,0.0,9.118063197610544,27.354189592831634,0.0,0.0,0.0,0.0,0.0,0.0,0.0,0.0,0.0,0.0,0.0,N,,N,
04:09,KPRMILL,14912,1067.0,-0.9,1.8,,27.0,9.0,NORMAL,N,0.0,9.00900900900905,27.027027027027152,0.0,0.0,0.0,0.0,0.0,0.0,0.0,0.0,0.0,0.0,0.0,N,,N,
04:09,GMRAIRPORT,13528,106.26,-0.88,1.75,,26.3,8.8,NORMAL,N,0.0,8.768656716417889,26.305970149253668,0.0,0.0,0.0,0.0,0.0,0.0,0.0,0.0,0.0,0.0,0.0,Y,NONRESULTS,N,
04:09,THYROCARE,17032,598.0,-0.87,1.74,,26.1,8.7,NORMAL,N,0.0,8.70285951098218,26.10857853294654,0.0,0.0,0.0,0.0,0.0,0.0,0.0,0.0,0.0,0.0,0.0,N,,N,
04:09,INDOCO,11677,219.83,-0.86,1.71,,25.7,8.6,NORMAL,N,0.0,8.568980291345227,25.70694087403568,0.0,0.0,0.0,0.0,0.0,0.0,0.0,0.0,0.0,0.0,0.0,N,,N,
04:09,VISHNU,6908,581.6,-0.85,1.7,,25.6,8.5,NORMAL,N,0.0,8.523695874531198,25.57108762359359,0.0,0.0,0.0,0.0,0.0,0.0,0.0,0.0,0.0,0.0,0.0,N,,N,
04:09,BAJAJELEC,15034,368.0,-0.85,1.7,,25.5,8.5,NORMAL,N,0.0,8.48713458170545,25.46140374511635,0.0,0.0,0.0,0.0,0.0,0.0,0.0,0.0,0.0,0.0,0.0,N,,N,
04:09,IREDA,20261,118.79,-0.84,1.69,,25.3,8.4,NORMAL,N,0.0,8.4307178631051,25.2921535893153,0.0,0.0,0.0,0.0,0.0,0.0,0.0,0.0,0.0,0.0,0.0,N,,N,
04:09,CANBK,10794,130.85,-0.83,1.67,,25.0,8.3,NORMAL,N,0.0,8.336491095111743,25.00947328533523,0.0,0.0,0.0,0.0,0.0,0.0,0.0,0.0,0.0,0.0,0.0,N,,N,
04:09,KEC,13260,475.0,-0.8,1.61,,24.1,8.0,NORMAL,N,0.0,8.040096063485482,24.120288190456442,0.0,0.0,0.0,0.0,0.0,0.0,0.0,0.0,0.0,0.0,0.0,N,,N,
04:09,GODREJCP,10099,1041.6,-0.8,1.6,,24.0,8.0,NORMAL,N,0.0,8.000000000000087,24.000000000000263,0.0,0.0,0.0,0.0,0.0,0.0,0.0,0.0,0.0,0.0,0.0,N,,N,
04:09,ITDC,19299,696.2,-0.79,1.58,,23.7,7.9,NORMAL,N,0.0,7.908799429996373,23.726398289989117,0.0,0.0,0.0,0.0,0.0,0.0,0.0,0.0,0.0,0.0,0.0,N,,N,
04:09,MOTILALOFS,14947,863.25,-0.78,1.55,,23.3,7.8,NORMAL,N,0.0,7.758620689655173,23.275862068965516,0.0,0.0,0.0,0.0,0.0,0.0,0.0,0.0,0.0,0.0,0.0,N,,N,
04:09,GAIL,4717,172.3,-0.77,1.53,,23.0,7.7,NORMAL,N,0.0,7.6599665956343035,22.979899786902912,0.0,0.0,0.0,0.0,0.0,0.0,0.0,0.0,0.0,0.0,0.0,N,,N,
04:09,JKPAPER,11860,384.2,-0.74,1.47,,22.1,7.4,NORMAL,N,0.0,7.363389742927329,22.090169228781985,0.0,0.0,0.0,0.0,0.0,0.0,0.0,0.0,0.0,0.0,0.0,N,,N,
04:09,GROWW,759806,189.1,-0.73,1.47,,22.0,7.3,NORMAL,N,0.0,7.349081364829426,22.047244094488278,0.0,0.0,0.0,0.0,0.0,0.0,0.0,0.0,0.0,0.0,0.0,N,,N,
04:09,RELIANCE,2885,1325.0,-0.73,1.47,,22.0,7.3,NORMAL,N,0.0,7.3419238837278655,22.025771651183597,0.0,0.0,0.0,0.0,0.0,0.0,0.0,0.0,0.0,0.0,0.0,N,,N,
04:09,SURYODAY,2970,160.85,-0.72,1.44,,21.7,7.2,NORMAL,N,0.0,7.221330699913688,21.663992099741066,0.0,0.0,0.0,0.0,0.0,0.0,0.0,0.0,0.0,0.0,0.0,N,,N,
04:09,HINDALCO,1363,1052.0,-0.72,1.43,,21.5,7.2,NORMAL,N,0.0,7.172517931294743,21.51755379388423,0.0,0.0,0.0,0.0,0.0,0.0,0.0,0.0,0.0,0.0,0.0,N,,N,
04:09,PATANJALI,17029,355.0,-0.7,1.4,,21.0,7.0,NORMAL,N,0.0,6.9930069930069925,20.979020979020977,0.0,0.0,0.0,0.0,0.0,0.0,0.0,0.0,0.0,0.0,0.0,N,,N,
04:09,SUPREMEIND,3363,3418.1,-1.69,3.39,,30.0,16.9,NORMAL,N,0.0,16.93989071038254,30.0,0.0,0.0,0.0,0.0,0.0,0.0,0.0,0.0,0.0,0.0,0.0,N,,N,
04:09,SYNGENE,10243,400.9,-0.69,1.39,,20.8,6.9,NORMAL,N,0.0,6.935843448105057,20.807530344315172,0.0,0.0,0.0,0.0,0.0,0.0,0.0,0.0,0.0,0.0,0.0,N,,N,
04:09,WELSPUNLIV,11253,162.97,-0.68,1.37,,20.5,6.8,NORMAL,N,0.0,6.825522579072487,20.47656773721746,0.0,0.0,0.0,0.0,0.0,0.0,0.0,0.0,0.0,0.0,0.0,N,,N,
04:09,WHIRLPOOL,18011,807.65,-0.68,1.35,,20.3,6.8,NORMAL,N,0.0,6.763819713460001,20.291459140380002,0.0,0.0,0.0,0.0,0.0,0.0,0.0,0.0,0.0,0.0,0.0,N,,N,
04:09,POWERGRID,14977,269.8,-0.66,1.33,,19.9,6.6,NORMAL,N,0.0,6.627393225331412,19.882179675994234,0.0,0.0,0.0,0.0,0.0,0.0,0.0,0.0,0.0,0.0,0.0,N,,N,
04:09,NYKAA,6545,329.8,-0.66,1.33,,19.9,6.6,NORMAL,N,0.0,6.626506024096352,19.879518072289056,0.0,0.0,0.0,0.0,0.0,0.0,0.0,0.0,0.0,0.0,0.0,N,,N,
04:09,MUNJALAU,13511,101.79,-0.65,1.31,,19.6,6.5,NORMAL,N,0.0,6.539137224282525,19.617411672847574,0.0,0.0,0.0,0.0,0.0,0.0,0.0,0.0,0.0,0.0,0.0,N,,N,
04:09,JTEKTINDIA,3237,138.91,-0.64,1.27,,19.1,6.4,NORMAL,N,0.0,6.366237482117416,19.09871244635225,0.0,0.0,0.0,0.0,0.0,0.0,0.0,0.0,0.0,0.0,0.0,N,,N,
04:09,UPL,11287,569.4,-0.63,1.26,,18.8,6.3,NORMAL,N,0.0,6.282722513089045,18.848167539267134,0.0,0.0,0.0,0.0,0.0,0.0,0.0,0.0,0.0,0.0,0.0,N,,N,
04:09,HOMEFIRST,2056,1186.3,-0.63,1.26,,18.8,6.3,NORMAL,N,0.0,6.282459373429385,18.847378120288155,0.0,0.0,0.0,0.0,0.0,0.0,0.0,0.0,0.0,0.0,0.0,N,,N,
04:09,HDBFS,757772,661.5,-0.62,1.25,,18.7,6.2,NORMAL,N,0.0,6.23450762412676,18.70352287238028,0.0,0.0,0.0,0.0,0.0,0.0,0.0,0.0,0.0,0.0,0.0,N,,N,
04:09,ATGL,6066,653.5,-0.62,1.23,,18.5,6.2,NORMAL,N,0.0,6.159227435175963,18.47768230552789,0.0,0.0,0.0,0.0,0.0,0.0,0.0,0.0,0.0,0.0,0.0,N,,N,
04:09,COALINDIA,20374,412.7,-0.61,1.23,,18.4,6.1,NORMAL,N,0.0,6.140878988561136,18.42263696568341,0.0,0.0,0.0,0.0,0.0,0.0,0.0,0.0,0.0,0.0,0.0,N,,N,
04:09,MFSL,2142,1488.3,-0.61,1.22,,18.2,6.1,NORMAL,N,0.0,6.077200480833535,18.231601442500608,0.0,0.0,0.0,0.0,0.0,0.0,0.0,0.0,0.0,0.0,0.0,N,,N,
04:09,INTELLECT,5926,717.0,-0.6,1.21,,18.1,6.0,NORMAL,N,0.0,6.030359742150167,18.0910792264505,0.0,0.0,0.0,0.0,0.0,0.0,0.0,0.0,0.0,0.0,0.0,N,,N,
04:09,RBLBANK,18391,387.5,-0.59,1.18,,17.7,5.9,NORMAL,N,0.0,5.900461775269398,17.701385325808193,0.0,0.0,0.0,0.0,0.0,0.0,0.0,0.0,0.0,0.0,0.0,N,,N,
04:09,SUDARSCHEM,3327,1132.9,-0.59,1.18,,17.6,5.9,NORMAL,N,0.0,5.87925587925572,17.637767637767162,0.0,0.0,0.0,0.0,0.0,0.0,0.0,0.0,0.0,0.0,0.0,N,,N,
04:09,SYMPHONY,24190,650.25,-0.58,1.16,,17.4,5.8,NORMAL,N,0.0,5.809953367479482,17.429860102438443,0.0,0.0,0.0,0.0,0.0,0.0,0.0,0.0,0.0,0.0,0.0,N,,N,
04:09,AMBUJACEM,1270,431.5,-0.58,1.15,,17.3,5.8,NORMAL,N,0.0,5.760368663594471,17.281105990783413,0.0,0.0,0.0,0.0,0.0,0.0,0.0,0.0,0.0,0.0,0.0,N,,N,
04:09,ABCAPITAL,21614,405.7,-0.58,1.15,,17.3,5.8,NORMAL,N,0.0,5.759098149736608,17.277294449209823,0.0,0.0,0.0,0.0,0.0,0.0,0.0,0.0,0.0,0.0,0.0,N,,N,
04:09,JUBLINGREA,2783,736.05,-0.57,1.13,,17.0,5.7,NORMAL,N,0.0,5.673758865248288,17.021276595744865,0.0,0.0,0.0,0.0,0.0,0.0,0.0,0.0,0.0,0.0,0.0,N,,N,
04:09,BHARTIHEXA,23489,1515.0,-1.55,3.09,,30.0,15.5,NORMAL,N,0.0,15.466597348583283,30.0,0.0,0.0,0.0,0.0,0.0,0.0,0.0,0.0,0.0,0.0,0.0,N,,N,
04:09,CGPOWER,760,874.45,-0.52,1.04,,15.5,5.2,NORMAL,N,0.0,5.176336746302566,15.529010238907697,0.0,0.0,0.0,0.0,0.0,0.0,0.0,0.0,0.0,0.0,0.0,N,,N,
04:09,POONAWALLA,11403,477.6,-0.51,1.02,,15.3,5.1,NORMAL,N,0.0,5.103635038016849,15.310905114050549,0.0,0.0,0.0,0.0,0.0,0.0,0.0,0.0,0.0,0.0,0.0,N,,N,
04:09,GENUSPOWER,11905,305.1,-0.51,1.01,,15.2,5.1,NORMAL,N,0.0,5.0546225338332125,15.16386760149964,0.0,0.0,0.0,0.0,0.0,0.0,0.0,0.0,0.0,0.0,0.0,N,,N,
04:09,CDSL,21174,1321.3,-0.5,1.01,,15.1,5.0,NORMAL,N,0.0,5.0451807228916,15.1355421686748,0.0,0.0,0.0,0.0,0.0,0.0,0.0,0.0,0.0,0.0,0.0,N,,N,
04:09,EQUITASBNK,913,74.09,-1.5,3.0,,30.0,15.0,NORMAL,N,0.0,15.022600372241365,30.0,0.0,0.0,0.0,0.0,0.0,0.0,0.0,0.0,0.0,0.0,0.0,N,,N,
04:09,PDSL,5264,360.05,-0.5,0.99,,14.9,5.0,NORMAL,N,0.0,4.974436921376292,14.923310764128875,0.0,0.0,0.0,0.0,0.0,0.0,0.0,0.0,0.0,0.0,0.0,Y,NONRESULTS,N,
04:09,AVANTIFEED,7936,902.1,-0.49,0.98,,14.7,4.9,NORMAL,N,0.0,4.908719872042283,14.726159616126852,0.0,0.0,0.0,0.0,0.0,0.0,0.0,0.0,0.0,0.0,0.0,N,,N,
04:09,TTKPRESTIG,3546,612.95,-0.49,0.97,,14.6,4.9,NORMAL,N,0.0,4.870525204967935,14.611575614903806,0.0,0.0,0.0,0.0,0.0,0.0,0.0,0.0,0.0,0.0,0.0,N,,N,
04:09,PREMIERENE,25049,1042.1,-0.49,0.97,,14.6,4.9,NORMAL,N,0.0,4.87012987013,14.61038961039,0.0,0.0,0.0,0.0,0.0,0.0,0.0,0.0,0.0,0.0,0.0,N,,N,
04:09,TVSSCS,18151,133.16,-0.47,0.94,,14.1,4.7,NORMAL,N,0.0,4.708872113012896,14.12661633903869,0.0,0.0,0.0,0.0,0.0,0.0,0.0,0.0,0.0,0.0,0.0,N,,N,
04:09,VOLTAS,3718,1279.0,-0.47,0.93,,14.0,4.7,NORMAL,N,0.0,4.669260700389105,14.007782101167315,0.0,0.0,0.0,0.0,0.0,0.0,0.0,0.0,0.0,0.0,0.0,N,,N,
04:09,LICHSGFIN,1997,501.9,-0.47,0.93,,14.0,4.7,NORMAL,N,0.0,4.660386712940055,13.981160138820165,0.0,0.0,0.0,0.0,0.0,0.0,0.0,0.0,0.0,0.0,0.0,N,,N,
04:09,DELHIVERY,9599,471.1,-0.46,0.93,,13.9,4.6,NORMAL,N,0.0,4.648214663004413,13.944643989013239,0.0,0.0,0.0,0.0,0.0,0.0,0.0,0.0,0.0,0.0,0.0,N,,N,
04:09,HGINFRA,1672,546.6,-0.46,0.93,,13.9,4.6,NORMAL,N,0.0,4.643540016388882,13.930620049166647,0.0,0.0,0.0,0.0,0.0,0.0,0.0,0.0,0.0,0.0,0.0,N,,N,
04:09,ASHOKLEY,212,176.68,-0.46,0.92,,13.9,4.6,NORMAL,N,0.0,4.619718309859117,13.85915492957735,0.0,0.0,0.0,0.0,0.0,0.0,0.0,0.0,0.0,0.0,0.0,N,,N,
04:09,RHIM,31163,410.9,-0.46,0.92,,13.8,4.6,NORMAL,N,0.0,4.602713178294656,13.808139534883969,0.0,0.0,0.0,0.0,0.0,0.0,0.0,0.0,0.0,0.0,0.0,N,,N,
04:09,KSB,1949,780.65,-0.46,0.92,,13.8,4.6,NORMAL,N,0.0,4.590372967803662,13.77111890341099,0.0,0.0,0.0,0.0,0.0,0.0,0.0,0.0,0.0,0.0,0.0,N,,N,
04:09,PVRINOX,13147,1150.7,-0.46,0.92,,13.8,4.6,NORMAL,N,0.0,4.584775086505151,13.754325259515454,0.0,0.0,0.0,0.0,0.0,0.0,0.0,0.0,0.0,0.0,0.0,N,,N,
04:09,MARKSANS,10579,272.6,-0.46,0.91,,13.7,4.6,NORMAL,N,0.0,4.56454263282819,13.693627898484571,0.0,0.0,0.0,0.0,0.0,0.0,0.0,0.0,0.0,0.0,0.0,N,,N,
04:09,RAMKY,20134,405.0,-0.45,0.91,,13.6,4.5,NORMAL,N,0.0,4.547130392036433,13.641391176109298,0.0,0.0,0.0,0.0,0.0,0.0,0.0,0.0,0.0,0.0,0.0,N,,N,
04:09,ITC,1660,284.8,-0.45,0.91,,13.6,4.5,NORMAL,N,0.0,4.543865781195425,13.631597343586275,0.0,0.0,0.0,0.0,0.0,0.0,0.0,0.0,0.0,0.0,0.0,N,,N,
04:09,PURVA,14922,211.43,-0.44,0.89,,13.3,4.4,NORMAL,N,0.0,4.42623722748033,13.27871168244099,0.0,0.0,0.0,0.0,0.0,0.0,0.0,0.0,0.0,0.0,0.0,N,,N,
04:09,SCHNEIDER,31234,1348.9,-0.44,0.87,,13.1,4.4,NORMAL,N,0.0,4.354886330085521,13.064658990256564,0.0,0.0,0.0,0.0,0.0,0.0,0.0,0.0,0.0,0.0,0.0,N,,N,
04:09,GRINFRA,5054,867.0,-0.42,0.85,,12.7,4.2,NORMAL,N,0.0,4.249454461927236,12.74836338578171,0.0,0.0,0.0,0.0,0.0,0.0,0.0,0.0,0.0,0.0,0.0,N,,N,
04:09,DCMSHRIRAM,811,1012.5,-0.42,0.85,,12.7,4.2,NORMAL,N,0.0,4.228953579858334,12.686860739575003,0.0,0.0,0.0,0.0,0.0,0.0,0.0,0.0,0.0,0.0,0.0,N,,N,
04:09,AUBANK,21238,1062.5,-0.42,0.84,,12.7,4.2,NORMAL,N,0.0,4.217432052483599,12.652296157450797,0.0,0.0,0.0,0.0,0.0,0.0,0.0,0.0,0.0,0.0,0.0,N,,N,
04:09,MAITHANALL,24538,969.4,-0.41,0.81,,12.2,4.1,NORMAL,N,0.0,4.058149689217697,12.174449067653091,0.0,0.0,0.0,0.0,0.0,0.0,0.0,0.0,0.0,0.0,0.0,N,,N,
04:09,AWL,8110,196.7,-0.41,0.81,,12.2,4.1,NORMAL,N,0.0,4.050632911392463,12.151898734177388,0.0,0.0,0.0,0.0,0.0,0.0,0.0,0.0,0.0,0.0,0.0,N,,N,
04:09,CROMPTON,17094,248.95,-0.4,0.8,,12.0,4.0,NORMAL,N,0.0,4.000800160032006,12.00240048009602,0.0,0.0,0.0,0.0,0.0,0.0,0.0,0.0,0.0,0.0,0.0,N,,N,
04:09,WIPRO,3787,186.78,-0.4,0.8,,12.0,4.0,NORMAL,N,0.0,3.9993601023836187,11.998080307150856,0.0,0.0,0.0,0.0,0.0,0.0,0.0,0.0,0.0,0.0,0.0,N,,N,
04:09,GREAVESCOT,1235,198.07,-0.39,0.78,,11.8,3.9,NORMAL,N,0.0,3.9225546894644263,11.767664068393278,0.0,0.0,0.0,0.0,0.0,0.0,0.0,0.0,0.0,0.0,0.0,N,,N,
04:09,MAXHEALTH,22377,1065.9,-0.38,0.77,,11.5,3.8,NORMAL,N,0.0,3.831775700934494,11.495327102803483,0.0,0.0,0.0,0.0,0.0,0.0,0.0,0.0,0.0,0.0,0.0,N,,N,
04:09,ADANIPOWER,17388,208.2,-0.38,0.77,,11.5,3.8,NORMAL,N,0.0,3.8277511961723034,11.48325358851691,0.0,0.0,0.0,0.0,0.0,0.0,0.0,0.0,0.0,0.0,0.0,N,,N,
04:09,HINDZINC,1424,600.7,-0.38,0.76,,11.4,3.8,NORMAL,N,0.0,3.8142620232171724,11.442786069651516,0.0,0.0,0.0,0.0,0.0,0.0,0.0,0.0,0.0,0.0,0.0,N,,N,
04:09,RCF,2866,126.44,-0.38,0.76,,11.3,3.8,NORMAL,N,0.0,3.781909864481595,11.345729593444783,0.0,0.0,0.0,0.0,0.0,0.0,0.0,0.0,0.0,0.0,0.0,N,,N,
04:09,PUNJABCHEM,4344,1106.9,-0.38,0.76,,11.3,3.8,NORMAL,N,0.0,3.7800378003778405,11.34011340113352,0.0,0.0,0.0,0.0,0.0,0.0,0.0,0.0,0.0,0.0,0.0,N,,N,
04:09,PARADEEP,9741,148.9,-0.37,0.74,,11.0,3.7,NORMAL,N,0.0,3.6801605888255806,11.040481766476741,0.0,0.0,0.0,0.0,0.0,0.0,0.0,0.0,0.0,0.0,0.0,N,,N,
04:09,PNB,10666,114.39,-0.37,0.73,,11.0,3.7,NORMAL,N,0.0,3.6582179252678486,10.974653775803546,0.0,0.0,0.0,0.0,0.0,0.0,0.0,0.0,0.0,0.0,0.0,N,,N,
04:09,CONCOR,4749,503.4,-0.36,0.71,,10.7,3.6,NORMAL,N,0.0,3.5629453681710443,10.688836104513133,0.0,0.0,0.0,0.0,0.0,0.0,0.0,0.0,0.0,0.0,0.0,N,,N,
04:09,INDUSINDBK,5258,1018.4,-0.35,0.7,,10.6,3.5,NORMAL,N,0.0,3.522504892367928,10.567514677103784,0.0,0.0,0.0,0.0,0.0,0.0,0.0,0.0,0.0,0.0,0.0,N,,N,
04:09,SHARDAMOTR,10530,938.0,-0.35,0.7,,10.5,3.5,NORMAL,N,0.0,3.50578986508016,10.51736959524048,0.0,0.0,0.0,0.0,0.0,0.0,0.0,0.0,0.0,0.0,0.0,N,,N,
04:09,TNPL,3980,156.06,-0.34,0.69,,10.3,3.4,NORMAL,N,0.0,3.4482758620689147,10.344827586206744,0.0,0.0,0.0,0.0,0.0,0.0,0.0,0.0,0.0,0.0,0.0,N,,N,
04:09,360ONE,13061,1164.1,-0.34,0.68,,10.3,3.4,NORMAL,N,0.0,3.4243643523670917,10.273093057101276,0.0,0.0,0.0,0.0,0.0,0.0,0.0,0.0,0.0,0.0,0.0,N,,N,
04:09,GABRIEL,1085,1494.7,-0.34,0.68,,10.2,3.4,NORMAL,N,0.0,3.4004533937857775,10.201360181357334,0.0,0.0,0.0,0.0,0.0,0.0,0.0,0.0,0.0,0.0,0.0,N,,N,
04:09,ASTRAL,14418,1439.1,-0.34,0.68,,10.2,3.4,NORMAL,N,0.0,3.3933518005540795,10.180055401662239,0.0,0.0,0.0,0.0,0.0,0.0,0.0,0.0,0.0,0.0,0.0,N,,N,
04:09,GUJGASLTD,10599,264.4,-0.34,0.68,,10.2,3.4,NORMAL,N,0.0,3.3923859781380856,10.177157934414257,0.0,0.0,0.0,0.0,0.0,0.0,0.0,0.0,0.0,0.0,0.0,N,,N,
04:09,GICRE,277,356.0,-0.34,0.67,,10.1,3.4,NORMAL,N,0.0,3.359462486002208,10.078387458006622,0.0,0.0,0.0,0.0,0.0,0.0,0.0,0.0,0.0,0.0,0.0,N,,N,
04:09,JIOFIN,18143,255.95,-0.33,0.66,,9.9,3.3,NORMAL,N,0.0,3.3099688473521134,9.92990654205634,0.0,0.0,0.0,0.0,0.0,0.0,0.0,0.0,0.0,0.0,0.0,N,,N,
04:09,WINDLAS,5366,879.95,-0.33,0.66,,9.9,3.3,NORMAL,N,0.0,3.28481622019593,9.85444866058779,0.0,0.0,0.0,0.0,0.0,0.0,0.0,0.0,0.0,0.0,0.0,N,,N,
04:09,SBFC,18026,93.0,-1.33,2.65,,30.0,13.3,NORMAL,N,0.0,13.26259946949602,30.0,0.0,0.0,0.0,0.0,0.0,0.0,0.0,0.0,0.0,0.0,0.0,N,,N,
04:09,JAINREC,759244,307.4,-0.32,0.65,,9.7,3.2,NORMAL,N,0.0,3.2425421530479897,9.72762645914397,0.0,0.0,0.0,0.0,0.0,0.0,0.0,0.0,0.0,0.0,0.0,N,,N,
04:09,VIPIND,3703,314.0,-0.32,0.63,,9.5,3.2,NORMAL,N,0.0,3.1746031746031744,9.523809523809524,0.0,0.0,0.0,0.0,0.0,0.0,0.0,0.0,0.0,0.0,0.0,N,,N,
04:09,SANGAMIND,4184,609.9,-0.31,0.62,,9.3,3.1,NORMAL,N,0.0,3.1055900621117645,9.316770186335294,0.0,0.0,0.0,0.0,0.0,0.0,0.0,0.0,0.0,0.0,0.0,N,,N,
04:09,VINATIORGA,17364,1320.8,-0.31,0.62,,9.3,3.1,NORMAL,N,0.0,3.094573175334091,9.28371952600227,0.0,0.0,0.0,0.0,0.0,0.0,0.0,0.0,0.0,0.0,0.0,N,,N,
04:09,MARICO,4067,859.4,-0.3,0.6,,9.0,3.0,NORMAL,N,0.0,3.0162412993039704,9.048723897911911,0.0,0.0,0.0,0.0,0.0,0.0,0.0,0.0,0.0,0.0,0.0,N,,N,
04:09,ICICIGI,21770,1618.2,-1.27,2.54,,30.0,12.7,NORMAL,N,0.0,12.690665039658303,30.0,0.0,0.0,0.0,0.0,0.0,0.0,0.0,0.0,0.0,0.0,0.0,N,,N,
04:09,TOKYOPLAST,9710,80.0,-1.23,2.47,,30.0,12.3,NORMAL,N,0.0,12.345679012345677,30.0,0.0,0.0,0.0,0.0,0.0,0.0,0.0,0.0,0.0,0.0,0.0,N,,N,
04:09,PRESTIGE,20302,1565.4,-1.22,2.45,,30.0,12.2,NORMAL,N,0.0,12.24129227662788,30.0,0.0,0.0,0.0,0.0,0.0,0.0,0.0,0.0,0.0,0.0,0.0,N,,N,
04:09,ADANIPORTS,15083,1674.0,-1.15,2.3,,30.0,11.5,NORMAL,N,0.0,11.514614703277237,30.0,0.0,0.0,0.0,0.0,0.0,0.0,0.0,0.0,0.0,0.0,0.0,N,,N,
04:09,KIRLOSBROS,18581,1880.6,-1.11,2.22,,30.0,11.1,NORMAL,N,0.0,11.095335752221768,30.0,0.0,0.0,0.0,0.0,0.0,0.0,0.0,0.0,0.0,0.0,0.0,N,,N,
04:09,RAINBOW,9408,1539.9,-1.08,2.16,,30.0,10.8,NORMAL,N,0.0,10.792060127192109,30.0,0.0,0.0,0.0,0.0,0.0,0.0,0.0,0.0,0.0,0.0,0.0,N,,N,
04:09,GEOJITFSL,11896,76.2,-1.06,2.13,,30.0,10.6,NORMAL,N,0.0,10.646585302518739,30.0,0.0,0.0,0.0,0.0,0.0,0.0,0.0,0.0,0.0,0.0,0.0,N,,N,
04:09,JAIBALAJI,14076,64.95,-1.01,2.01,,30.0,10.1,NORMAL,N,0.0,10.059442158207538,30.0,0.0,0.0,0.0,0.0,0.0,0.0,0.0,0.0,0.0,0.0,0.0,N,,N,
04:09,ZFCVINDIA,16915,2615.3,-0.83,1.66,,24.9,8.3,NORMAL,N,0.0,8.304262096162459,24.912786288487382,0.0,0.0,0.0,0.0,0.0,0.0,0.0,0.0,0.0,0.0,0.0,N,,N,
04:09,TIMKEN,14198,3315.4,-0.83,1.66,,24.9,8.3,NORMAL,N,0.0,8.28572283210189,24.857168496305665,0.0,0.0,0.0,0.0,0.0,0.0,0.0,0.0,0.0,0.0,0.0,N,,N,
04:09,NBCC,31415,94.56,-0.81,1.62,,24.2,8.1,NORMAL,N,0.0,8.077205496695647,24.231616490086942,0.0,0.0,0.0,0.0,0.0,0.0,0.0,0.0,0.0,0.0,0.0,N,,N,
04:09,BAJAJHFL,25270,85.1,-0.8,1.61,,24.1,8.0,NORMAL,N,0.0,8.042895442359388,24.128686327078164,0.0,0.0,0.0,0.0,0.0,0.0,0.0,0.0,0.0,0.0,0.0,N,,N,
04:09,MAZDOCK,509,2495.1,-0.79,1.57,,23.6,7.9,NORMAL,N,0.0,7.873076464273005,23.619229392819015,0.0,0.0,0.0,0.0,0.0,0.0,0.0,0.0,0.0,0.0,0.0,N,,N,
04:09,APLAPOLLO,25780,1955.0,-0.76,1.52,,22.8,7.6,NORMAL,N,0.0,7.614213197969544,22.842639593908633,0.0,0.0,0.0,0.0,0.0,0.0,0.0,0.0,0.0,0.0,0.0,N,,N,
04:09,WAAREEENER,25907,2696.8,-0.74,1.49,,22.3,7.4,NORMAL,N,0.0,7.434670592565262,22.304011777695788,0.0,0.0,0.0,0.0,0.0,0.0,0.0,0.0,0.0,0.0,0.0,N,,N,
04:09,POLICYBZR,6656,1592.7,-0.74,1.47,,22.1,7.4,NORMAL,N,0.0,7.354315986288535,22.062947958865607,0.0,0.0,0.0,0.0,0.0,0.0,0.0,0.0,0.0,0.0,0.0,N,,N,
04:09,DOMS,20551,2244.3,-0.72,1.44,,21.6,7.2,NORMAL,N,0.0,7.210475095107373,21.63142528532212,0.0,0.0,0.0,0.0,0.0,0.0,0.0,0.0,0.0,0.0,0.0,N,,N,
04:09,IFCI,1491,73.45,-0.72,1.43,,21.5,7.2,NORMAL,N,0.0,7.164098404974332,21.492295214922997,0.0,0.0,0.0,0.0,0.0,0.0,0.0,0.0,0.0,0.0,0.0,N,,N,
04:09,COCHINSHIP,21508,1509.1,-0.7,1.4,,20.9,7.0,NORMAL,N,0.0,6.975060867276526,20.925182601829576,0.0,0.0,0.0,0.0,0.0,0.0,0.0,0.0,0.0,0.0,0.0,N,,N,
04:09,IRFC,2029,88.14,-0.69,1.37,,20.6,6.9,NORMAL,N,0.0,6.873239436619711,20.619718309859135,0.0,0.0,0.0,0.0,0.0,0.0,0.0,0.0,0.0,0.0,0.0,N,,N,
04:09,BHARTIARTL,10604,1946.5,-0.68,1.37,,20.5,6.8,NORMAL,N,0.0,6.837083524669673,20.51125057400902,0.0,0.0,0.0,0.0,0.0,0.0,0.0,0.0,0.0,0.0,0.0,N,,N,
04:09,ESCORTS,958,3060.0,-0.68,1.36,,20.4,6.8,NORMAL,N,0.0,6.815968841285297,20.44790652385589,0.0,0.0,0.0,0.0,0.0,0.0,0.0,0.0,0.0,0.0,0.0,N,,N,
04:09,BAJAJFINSV,16675,1995.4,-0.67,1.34,,20.2,6.7,NORMAL,N,0.0,6.7200955746926185,20.160286724077856,0.0,0.0,0.0,0.0,0.0,0.0,0.0,0.0,0.0,0.0,0.0,N,,N,
04:09,ADANIENT,25,3000.0,-0.66,1.32,,19.9,6.6,NORMAL,N,0.0,6.622516556291391,19.867549668874172,0.0,0.0,0.0,0.0,0.0,0.0,0.0,0.0,0.0,0.0,0.0,N,,N,
04:09,PIIND,24184,2757.4,-0.62,1.24,,18.6,6.2,NORMAL,N,0.0,6.19909176097449,18.59727528292347,0.0,0.0,0.0,0.0,0.0,0.0,0.0,0.0,0.0,0.0,0.0,N,,N,
04:09,MCX,31181,2622.1,-0.6,1.21,,18.1,6.0,NORMAL,N,0.0,6.027293404094046,18.081880212282137,0.0,0.0,0.0,0.0,0.0,0.0,0.0,0.0,0.0,0.0,0.0,N,,N,
04:09,OBEROIRLTY,20242,1764.4,-0.6,1.19,,17.9,6.0,NORMAL,N,0.0,5.9718309859154415,17.915492957746324,0.0,0.0,0.0,0.0,0.0,0.0,0.0,0.0,0.0,0.0,0.0,N,,N,
04:09,COLPAL,15141,2019.0,-0.54,1.08,,16.3,5.4,NORMAL,N,0.0,5.41871921182266,16.25615763546798,0.0,0.0,0.0,0.0,0.0,0.0,0.0,0.0,0.0,0.0,0.0,N,,N,
04:09,HDFCAMC,4244,2531.9,-0.51,1.03,,15.4,5.1,NORMAL,N,0.0,5.147347740667941,15.442043222003823,0.0,0.0,0.0,0.0,0.0,0.0,0.0,0.0,0.0,0.0,0.0,N,,N,
04:09,SJVN,18883,67.62,-0.5,1.0,,15.0,5.0,NORMAL,N,0.0,5.002942907592543,15.008828722777631,0.0,0.0,0.0,0.0,0.0,0.0,0.0,0.0,0.0,0.0,0.0,N,,N,
04:09,SRF,3273,2602.1,-0.49,0.99,,14.8,4.9,NORMAL,N,0.0,4.9330783938814875,14.799235181644463,0.0,0.0,0.0,0.0,0.0,0.0,0.0,0.0,0.0,0.0,0.0,N,,N,
04:09,GODREJPROP,17875,2060.0,-0.48,0.97,,14.5,4.8,NORMAL,N,0.0,4.830917874396135,14.492753623188404,0.0,0.0,0.0,0.0,0.0,0.0,0.0,0.0,0.0,0.0,0.0,N,,N,
04:09,ZEEL,3812,93.74,-0.48,0.96,,14.3,4.8,NORMAL,N,0.0,4.7775772374987024,14.332731712496109,0.0,0.0,0.0,0.0,0.0,0.0,0.0,0.0,0.0,0.0,0.0,N,,N,
04:09,HINDUNILVR,1394,2086.5,-0.45,0.91,,13.6,4.5,NORMAL,N,0.0,4.5324427480916025,13.59732824427481,0.0,0.0,0.0,0.0,0.0,0.0,0.0,0.0,0.0,0.0,0.0,N,,N,
04:09,TATACOMM,3721,1747.3,-0.45,0.9,,13.5,4.5,NORMAL,N,0.0,4.50091157702831,13.502734731084931,0.0,0.0,0.0,0.0,0.0,0.0,0.0,0.0,0.0,0.0,0.0,N,,N,
04:09,IDBI,1476,83.85,-0.44,0.88,,13.2,4.4,NORMAL,N,0.0,4.3932557587271965,13.179767276181591,0.0,0.0,0.0,0.0,0.0,0.0,0.0,0.0,0.0,0.0,0.0,N,,N,
04:09,NITTAGELA,762824,1715.6,-0.42,0.85,,12.7,4.2,NORMAL,N,0.0,4.237042196297046,12.711126588891139,0.0,0.0,0.0,0.0,0.0,0.0,0.0,0.0,0.0,0.0,0.0,N,,N,
04:09,GODFRYPHLP,1181,2276.6,-0.41,0.82,,12.3,4.1,NORMAL,N,0.0,4.1119860017498215,12.335958005249465,0.0,0.0,0.0,0.0,0.0,0.0,0.0,0.0,0.0,0.0,0.0,N,,N,
04:09,ADANIENSOL,10217,1623.9,-0.38,0.76,,11.4,3.8,NORMAL,N,0.0,3.803447641248892,11.410342923746676,0.0,0.0,0.0,0.0,0.0,0.0,0.0,0.0,0.0,0.0,0.0,N,,N,
04:09,IPCALAB,1633,1729.4,-0.37,0.74,,11.1,3.7,NORMAL,N,0.0,3.687060721281175,11.061182163843526,0.0,0.0,0.0,0.0,0.0,0.0,0.0,0.0,0.0,0.0,0.0,N,,N,
04:09,LGEINDIA,760213,1580.8,-0.36,0.72,,10.8,3.6,NORMAL,N,0.0,3.5928143712575134,10.77844311377254,0.0,0.0,0.0,0.0,0.0,0.0,0.0,0.0,0.0,0.0,0.0,N,,N,
04:09,OIL,17438,455.2,2.8,5.6,,58.0,0.0,NORMAL,Y,28.003613369466976,0.0,30.0,0.0,0.0,0.0,0.0,0.0,0.0,0.0,0.0,0.0,0.0,0.0,N,,N,
04:09,IONEXCHANG,1630,382.0,2.8,5.6,,58.0,0.0,NORMAL,N,27.98708288482233,0.0,30.0,0.0,0.0,0.0,0.0,0.0,0.0,0.0,0.0,0.0,0.0,0.0,N,,Y,NONRESULTS
04:09,RATNAMANI,13451,2275.1,3.53,7.05,,60.0,0.0,NORMAL,N,30.0,0.0,30.0,0.0,0.0,0.0,0.0,0.0,0.0,0.0,0.0,0.0,0.0,0.0,N,,N,
04:09,ASTERDM,1508,879.2,1.09,2.18,,40.9,0.0,NORMAL,N,10.923306887432448,0.0,30.0,0.0,0.0,0.0,0.0,0.0,0.0,0.0,0.0,0.0,0.0,0.0,N,,N,
04:09,KALYANKJIL,2955,612.85,1.08,2.16,,40.8,0.0,NORMAL,N,10.8032327230745,0.0,30.0,0.0,0.0,0.0,0.0,0.0,0.0,0.0,0.0,0.0,0.0,0.0,N,,N,
04:21,ZENITHEXPO,4176,233.0,7.62,15.23,,75.0,0.0,NORMAL,Y,30.0,0.0,30.0,0.0,15,0.0,0.0,0.0,0.0,0.0,0.0,0.0,0.0,0.0,N,,N,
04:21,HISARMETAL,19322,162.0,6.56,13.13,,75.0,0.0,NORMAL,Y,30.0,0.0,30.0,0.0,15,0.0,0.0,0.0,0.0,0.0,0.0,0.0,0.0,0.0,Y,NONRESULTS,N,
04:21,SUPRAJIT,11689,546.7,4.77,9.54,,75.0,0.0,NORMAL,Y,30.0,0.0,30.0,0.0,15,0.0,0.0,0.0,0.0,0.0,0.0,0.0,0.0,0.0,N,,N,
04:21,RAMCOCEM,2043,969.0,3.77,7.54,,75.0,0.0,NORMAL,Y,30.0,0.0,30.0,0.0,15,0.0,0.0,0.0,0.0,0.0,0.0,0.0,0.0,0.0,N,,N,
04:21,PAYTM,6705,1492.5,3.53,7.06,,75.0,0.0,NORMAL,N,30.0,0.0,30.0,0.0,15,0.0,0.0,0.0,0.0,0.0,0.0,0.0,0.0,0.0,N,,N,
04:21,IONEXCHANG,1630,383.25,3.14,6.27,,75.0,0.0,NORMAL,N,30.0,0.0,30.0,0.0,15,0.0,0.0,0.0,0.0,0.0,0.0,0.0,0.0,0.0,N,,Y,NONRESULTS
04:21,TRIVENI,13081,240.5,3.12,6.24,,75.0,0.0,NORMAL,N,30.0,0.0,30.0,0.0,15,0.0,0.0,0.0,0.0,0.0,0.0,0.0,0.0,0.0,N,,N,
04:21,NELCO,2388,988.0,3.03,6.07,,75.0,0.0,NORMAL,N,30.0,0.0,30.0,0.0,15,0.0,0.0,0.0,0.0,0.0,0.0,0.0,0.0,0.0,N,,N,
04:21,SHILPAMED,17752,780.75,2.76,5.53,,72.6,0.0,NORMAL,N,27.640671273445214,0.0,30.0,0.0,15,0.0,0.0,0.0,0.0,0.0,0.0,0.0,0.0,0.0,N,,N,
04:21,KAJARIACER,1808,1196.9,2.54,5.07,,70.4,0.0,NORMAL,N,25.357662982952228,0.0,30.0,0.0,15,0.0,0.0,0.0,0.0,0.0,0.0,0.0,0.0,0.0,N,,N,
04:21,RAYMOND,2859,630.5,2.53,5.06,,70.3,0.0,NORMAL,Y,25.286608667371254,0.0,30.0,0.0,15,0.0,0.0,0.0,0.0,0.0,0.0,0.0,0.0,0.0,N,,N,
04:21,OIL,17438,453.7,2.46,4.92,,69.6,0.0,NORMAL,N,24.616079494128222,0.0,30.0,0.0,15,0.0,0.0,0.0,0.0,0.0,0.0,0.0,0.0,0.0,N,,N,
04:21,HCG,15555,692.1,2.4,4.81,,69.0,0.0,NORMAL,Y,24.043796700451285,0.0,30.0,0.0,15,0.0,0.0,0.0,0.0,0.0,0.0,0.0,0.0,0.0,N,,N,
04:21,PINELABS,759820,157.99,2.3,4.6,,68.0,0.0,NORMAL,N,22.986272986273065,0.0,30.0,0.0,15,0.0,0.0,0.0,0.0,0.0,0.0,0.0,0.0,0.0,N,,N,
04:21,MEDANTA,11956,1488.0,2.23,4.45,,67.3,0.0,NORMAL,N,22.258862324814572,0.0,30.0,0.0,15,0.0,0.0,0.0,0.0,0.0,0.0,0.0,0.0,0.0,N,,N,
04:21,SHREEPUSHK,10588,416.15,2.22,4.45,,67.2,0.0,NORMAL,N,22.230410218619394,0.0,30.0,0.0,15,0.0,0.0,0.0,0.0,0.0,0.0,0.0,0.0,0.0,N,,N,
04:21,SHIVALIK,7026,260.0,2.16,4.32,,66.6,0.0,NORMAL,N,21.611001964636543,0.0,30.0,0.0,15,0.0,0.0,0.0,0.0,0.0,0.0,0.0,0.0,0.0,N,,N,
04:21,MAHLOG,385,411.3,2.14,4.27,,66.4,0.0,NORMAL,Y,21.355848025825736,0.0,30.0,0.0,15,0.0,0.0,0.0,0.0,0.0,0.0,0.0,0.0,0.0,N,,N,
04:21,ANTHEM,757885,858.2,2.05,4.09,,65.5,0.0,NORMAL,N,20.4518430439953,0.0,30.0,0.0,15,0.0,0.0,0.0,0.0,0.0,0.0,0.0,0.0,0.0,N,,N,
04:21,JSWINFRA,19020,342.55,2.03,4.05,,65.3,0.0,NORMAL,N,20.253164556962062,0.0,30.0,0.0,15,0.0,0.0,0.0,0.0,0.0,0.0,0.0,0.0,0.0,N,,N,
04:21,NAUKRI,13751,1250.0,2.02,4.03,,65.2,0.0,NORMAL,N,20.158328572594506,0.0,30.0,0.0,15,0.0,0.0,0.0,0.0,0.0,0.0,0.0,0.0,0.0,N,,N,
04:21,KNRCON,15283,142.81,2.01,4.03,,65.1,0.0,NORMAL,N,20.14429602114432,0.0,30.0,0.0,15,0.0,0.0,0.0,0.0,0.0,0.0,0.0,0.0,0.0,N,,N,
04:21,VIPIND,3703,321.3,2.0,4.0,,65.0,0.0,NORMAL,N,20.000000000000036,0.0,30.0,0.0,15,0.0,0.0,0.0,0.0,0.0,0.0,0.0,0.0,0.0,N,,N,
04:21,PIXTRANS,9087,1963.4,14.34,28.67,,75.0,0.0,NORMAL,Y,30.0,0.0,30.0,0.0,15,0.0,0.0,0.0,0.0,0.0,0.0,0.0,0.0,0.0,N,,N,
04:21,BEML,395,1873.5,4.79,9.59,,75.0,0.0,NORMAL,Y,30.0,0.0,30.0,0.0,15,0.0,0.0,0.0,0.0,0.0,0.0,0.0,0.0,0.0,N,,N,
04:21,GRASIM,1232,3361.3,4.39,8.78,,75.0,0.0,NORMAL,Y,30.0,0.0,30.0,0.0,15,0.0,0.0,0.0,0.0,0.0,0.0,0.0,0.0,0.0,N,,N,
04:21,SANSERA,5751,3915.7,3.39,6.78,,75.0,0.0,NORMAL,N,30.0,0.0,30.0,0.0,15,0.0,0.0,0.0,0.0,0.0,0.0,0.0,0.0,0.0,N,,N,
04:22,M&M,2031,3516.5,3.24,6.49,,75.0,0.0,NORMAL,N,30.0,0.0,30.0,0.0,15,0.0,0.0,0.0,0.0,0.0,0.0,0.0,0.0,0.0,N,,N,
04:22,RATNAMANI,13451,2266.0,3.11,6.22,,75.0,0.0,NORMAL,Y,30.0,0.0,30.0,0.0,15,0.0,0.0,0.0,0.0,0.0,0.0,0.0,0.0,0.0,N,,N,
04:22,LXCHEM,2841,179.0,1.91,3.83,,64.1,0.0,NORMAL,N,19.13003871555462,0.0,30.0,0.0,15,0.0,0.0,0.0,0.0,0.0,0.0,0.0,0.0,0.0,N,,N,
04:22,APCL,20453,104.0,1.82,3.64,,63.2,0.0,NORMAL,N,18.210299588799682,0.0,30.0,0.0,15,0.0,0.0,0.0,0.0,0.0,0.0,0.0,0.0,0.0,N,,N,
04:22,ASTERDM,1508,885.0,1.76,3.52,,62.6,0.0,NORMAL,N,17.59227319765431,0.0,30.0,0.0,15,0.0,0.0,0.0,0.0,0.0,0.0,0.0,0.0,0.0,N,,N,
04:22,ZUARI,29050,231.18,1.6,3.19,,61.0,0.0,NORMAL,N,15.952537903757394,0.0,30.0,0.0,15,0.0,0.0,0.0,0.0,0.0,0.0,0.0,0.0,0.0,N,,N,
04:22,USHAMART,8840,523.0,1.54,3.09,,60.4,0.0,NORMAL,N,15.43539462188146,0.0,30.0,0.0,15,0.0,0.0,0.0,0.0,0.0,0.0,0.0,0.0,0.0,N,,N,
04:22,BALRAMCHIN,341,643.05,1.52,3.03,,60.2,0.0,NORMAL,N,15.15510300734061,0.0,30.0,0.0,15,0.0,0.0,0.0,0.0,0.0,0.0,0.0,0.0,0.0,N,,N,
04:22,UNICHEMLAB,3579,497.0,1.48,2.96,,59.8,0.0,NORMAL,N,14.803471158754466,0.0,30.0,0.0,15,0.0,0.0,0.0,0.0,0.0,0.0,0.0,0.0,0.0,N,,N,
04:22,HEG,1336,683.55,1.42,2.83,,59.2,0.0,NORMAL,N,14.169139465875302,0.0,30.0,0.0,15,0.0,0.0,0.0,0.0,0.0,0.0,0.0,0.0,0.0,N,,N,
04:22,TATASTEEL,3499,190.19,1.41,2.82,,59.1,0.0,NORMAL,N,14.076246334310778,0.0,30.0,0.0,15,0.0,0.0,0.0,0.0,0.0,0.0,0.0,0.0,0.0,N,,N,
04:22,LENSKART,759605,577.7,1.4,2.81,,59.0,0.0,NORMAL,N,14.0424784974548,0.0,30.0,0.0,15,0.0,0.0,0.0,0.0,0.0,0.0,0.0,0.0,0.0,N,,N,
04:22,PRICOLLTD,19631,748.15,1.39,2.78,,58.9,0.0,NORMAL,N,13.890771107196098,0.0,30.0,0.0,15,0.0,0.0,0.0,0.0,0.0,0.0,0.0,0.0,0.0,N,,N,
04:22,ENGINERSIN,4907,243.85,1.35,2.7,,58.5,0.0,NORMAL,N,13.507896924355778,0.0,30.0,0.0,15,0.0,0.0,0.0,0.0,0.0,0.0,0.0,0.0,0.0,N,,N,
04:22,TMCV,759782,459.0,1.3,2.6,,58.0,0.0,NORMAL,N,13.021408077686994,0.0,30.0,0.0,15,0.0,0.0,0.0,0.0,0.0,0.0,0.0,0.0,0.0,N,,N,
04:22,VGUARD,15362,323.75,1.28,2.57,,57.8,0.0,NORMAL,N,12.826529016111444,0.0,30.0,0.0,15,0.0,0.0,0.0,0.0,0.0,0.0,0.0,0.0,0.0,N,,N,
04:22,ROLEXRINGS,5279,158.67,1.27,2.54,,57.7,0.0,NORMAL,N,12.701046719428009,0.0,30.0,0.0,15,0.0,0.0,0.0,0.0,0.0,0.0,0.0,0.0,0.0,N,,N,
04:22,NARMADA,6364,385.7,1.23,2.47,,57.3,0.0,NORMAL,N,12.335958005249315,0.0,30.0,0.0,15,0.0,0.0,0.0,0.0,0.0,0.0,0.0,0.0,0.0,N,,N,
04:22,MAHSEAMLES,2088,596.95,1.23,2.46,,57.3,0.0,NORMAL,N,12.294386976428694,0.0,30.0,0.0,15,0.0,0.0,0.0,0.0,0.0,0.0,0.0,0.0,0.0,N,,N,
04:22,HFCL,21951,210.5,1.21,2.42,,57.1,0.0,NORMAL,N,12.116549668237383,0.0,30.0,0.0,15,0.0,0.0,0.0,0.0,0.0,0.0,0.0,0.0,0.0,N,,N,
04:22,JUBLPHARMA,3637,943.1,1.19,2.38,,56.9,0.0,NORMAL,N,11.909871244635218,0.0,30.0,0.0,15,0.0,0.0,0.0,0.0,0.0,0.0,0.0,0.0,0.0,N,,N,
04:22,BECTORFOOD,1628,227.07,1.19,2.38,,56.9,0.0,NORMAL,N,11.898395721925077,0.0,30.0,0.0,15,0.0,0.0,0.0,0.0,0.0,0.0,0.0,0.0,0.0,N,,N,
04:22,PENIND,20621,161.76,1.19,2.38,,56.9,0.0,NORMAL,N,11.88539972475902,0.0,30.0,0.0,15,0.0,0.0,0.0,0.0,0.0,0.0,0.0,0.0,0.0,N,,N,
04:22,WELSPUNLIV,11253,166.0,1.16,2.33,,56.6,0.0,NORMAL,N,11.639953683953907,0.0,30.0,0.0,15,0.0,0.0,0.0,0.0,0.0,0.0,0.0,0.0,0.0,N,,N,
04:22,JKIL,15266,504.7,1.16,2.33,,56.6,0.0,NORMAL,N,11.62557626778916,0.0,30.0,0.0,15,0.0,0.0,0.0,0.0,0.0,0.0,0.0,0.0,0.0,N,,N,
04:22,PRAJIND,2705,328.4,1.03,2.06,,55.3,0.0,NORMAL,N,10.306106752807157,0.0,30.0,0.0,15,0.0,0.0,0.0,0.0,0.0,0.0,0.0,0.0,0.0,N,,N,
04:22,SARDAEN,17758,502.7,1.02,2.05,,55.2,0.0,NORMAL,N,10.24919614147903,0.0,30.0,0.0,15,0.0,0.0,0.0,0.0,0.0,0.0,0.0,0.0,0.0,N,,N,
04:22,ZUARIIND,3827,262.0,1.02,2.04,,55.2,0.0,NORMAL,N,10.217852323115393,0.0,30.0,0.0,15,0.0,0.0,0.0,0.0,0.0,0.0,0.0,0.0,0.0,N,,N,
04:22,BALKRISIND,335,2515.5,1.99,3.99,,64.9,0.0,NORMAL,N,19.94891132465629,0.0,30.0,0.0,15,0.0,0.0,0.0,0.0,0.0,0.0,0.0,0.0,0.0,N,,N,
04:22,SAIL,2963,178.3,0.97,1.95,,54.0,0.0,NORMAL,N,9.740627477630529,0.0,29.221882432891586,0.0,15,0.0,0.0,0.0,0.0,0.0,0.0,0.0,0.0,0.0,N,,N,
04:22,FINCABLES,1038,1034.5,0.96,1.92,,53.5,0.0,NORMAL,N,9.613038598545755,0.0,28.839115795637266,0.0,15,0.0,0.0,0.0,0.0,0.0,0.0,0.0,0.0,0.0,N,,N,
04:22,ABDL,24308,604.85,0.93,1.87,,52.4,0.0,NORMAL,N,9.345014601585353,0.0,28.035043804756057,0.0,15,0.0,0.0,0.0,0.0,0.0,0.0,0.0,0.0,0.0,N,,N,
04:22,ENDURANCE,18822,2959.9,1.91,3.81,,64.1,0.0,NORMAL,N,19.07385092098471,0.0,30.0,0.0,15,0.0,0.0,0.0,0.0,0.0,0.0,0.0,0.0,0.0,N,,N,
04:22,KIMS,4847,818.2,0.88,1.75,,50.0,0.0,NORMAL,N,8.753544569103715,0.0,26.260633707311143,0.0,15,0.0,0.0,0.0,0.0,0.0,0.0,0.0,0.0,0.0,N,,N,
04:22,GANESHHOU,14339,767.35,0.87,1.74,,49.7,0.0,NORMAL,N,8.675649030561974,0.0,26.026947091685926,0.0,15,0.0,0.0,0.0,0.0,0.0,0.0,0.0,0.0,0.0,N,,N,
04:22,NAM-INDIA,357,1185.9,0.84,1.68,,48.7,0.0,NORMAL,N,8.418367346938851,0.0,25.255102040816556,0.0,15,0.0,0.0,0.0,0.0,0.0,0.0,0.0,0.0,0.0,N,,N,
04:22,IIFL,11809,616.85,0.83,1.67,,48.3,0.0,NORMAL,N,8.336738863915036,0.0,25.010216591745106,0.0,15,0.0,0.0,0.0,0.0,0.0,0.0,0.0,0.0,0.0,N,,N,
04:22,CESC,628,165.3,0.83,1.66,,48.2,0.0,NORMAL,N,8.295717945589933,0.0,24.887153836769798,0.0,15,0.0,0.0,0.0,0.0,0.0,0.0,0.0,0.0,0.0,N,,N,
04:22,BORORENEW,3149,553.2,0.83,1.66,,48.2,0.0,NORMAL,N,8.293083021963126,0.0,24.879249065889375,0.0,15,0.0,0.0,0.0,0.0,0.0,0.0,0.0,0.0,0.0,N,,N,
04:22,VARROC,3857,817.55,0.78,1.57,,46.3,0.0,NORMAL,N,7.827909270216849,0.0,23.48372781065055,0.0,15,0.0,0.0,0.0,0.0,0.0,0.0,0.0,0.0,0.0,N,,N,
04:22,SHALBY,714,161.34,0.78,1.56,,46.2,0.0,NORMAL,N,7.8081079392841515,0.0,23.424323817852457,0.0,15,0.0,0.0,0.0,0.0,0.0,0.0,0.0,0.0,0.0,N,,N,
04:22,MONTECARLO,5938,503.45,0.75,1.5,,45.0,0.0,NORMAL,N,7.504502701620973,0.0,22.513508104862918,0.0,15,0.0,0.0,0.0,0.0,0.0,0.0,0.0,0.0,0.0,N,,N,
04:22,GNFC,1174,539.45,0.74,1.48,,44.5,0.0,NORMAL,N,7.376283846872167,0.0,22.128851540616502,0.0,15,0.0,0.0,0.0,0.0,0.0,0.0,0.0,0.0,0.0,N,,N,
04:22,BRIGADE,15184,586.2,0.73,1.46,,44.2,0.0,NORMAL,N,7.303032906607097,0.0,21.90909871982129,0.0,15,0.0,0.0,0.0,0.0,0.0,0.0,0.0,0.0,0.0,N,,N,
04:22,LTTS,18564,3616.2,1.71,3.42,,62.1,0.0,NORMAL,N,17.10074815773182,0.0,30.0,0.0,15,0.0,0.0,0.0,0.0,0.0,0.0,0.0,0.0,0.0,N,,N,
04:22,MAXESTATES,19646,399.9,0.71,1.41,,43.2,0.0,NORMAL,N,7.051120624527711,0.0,21.153361873583133,0.0,15,0.0,0.0,0.0,0.0,0.0,0.0,0.0,0.0,0.0,N,,N,
04:22,CIPLA,694,1473.9,0.69,1.38,,42.6,0.0,NORMAL,N,6.899849706244115,0.0,20.699549118732346,0.0,15,0.0,0.0,0.0,0.0,0.0,0.0,0.0,0.0,0.0,N,,N,
04:22,JINDALSTEL,6733,1110.6,0.69,1.38,,42.6,0.0,NORMAL,N,6.890299184043434,0.0,20.670897552130302,0.0,15,0.0,0.0,0.0,0.0,0.0,0.0,0.0,0.0,0.0,N,,N,
04:22,BIOCON,11373,429.2,0.67,1.34,,41.7,0.0,NORMAL,N,6.684648762753525,0.0,20.053946288260576,0.0,15,0.0,0.0,0.0,0.0,0.0,0.0,0.0,0.0,0.0,N,,N,
04:22,MHRIL,17333,231.18,0.66,1.32,,41.5,0.0,NORMAL,N,6.618479491422147,0.0,19.85543847426644,0.0,15,0.0,0.0,0.0,0.0,0.0,0.0,0.0,0.0,0.0,N,,N,
04:22,SUDARSCHEM,3327,1147.0,0.65,1.3,,41.0,0.0,NORMAL,N,6.493506493506573,0.0,19.48051948051972,0.0,15,0.0,0.0,0.0,0.0,0.0,0.0,0.0,0.0,0.0,N,,N,
04:22,SAFARI,13035,1510.9,1.63,3.27,,61.3,0.0,NORMAL,N,16.346024485403053,0.0,30.0,0.0,15,0.0,0.0,0.0,0.0,0.0,0.0,0.0,0.0,0.0,N,,N,
04:22,QUICKHEAL,13131,156.0,0.63,1.26,,40.3,0.0,NORMAL,N,6.321764933556893,0.0,18.96529480067068,0.0,15,0.0,0.0,0.0,0.0,0.0,0.0,0.0,0.0,0.0,N,,N,
04:22,PNBHOUSING,18908,1150.0,0.61,1.22,,39.5,0.0,NORMAL,N,6.124234470691164,0.0,18.37270341207349,0.0,15,0.0,0.0,0.0,0.0,0.0,0.0,0.0,0.0,0.0,N,,N,
04:22,CASTROLIND,1250,193.24,0.6,1.21,,39.2,0.0,NORMAL,N,6.0391503540191405,0.0,18.11745106205742,0.0,15,0.0,0.0,0.0,0.0,0.0,0.0,0.0,0.0,0.0,N,,N,
04:22,BSOFT,6994,320.4,0.6,1.19,,38.9,0.0,NORMAL,N,5.965463108320181,0.0,17.89638932496054,0.0,15,0.0,0.0,0.0,0.0,0.0,0.0,0.0,0.0,0.0,N,,N,
04:22,VEDL,3063,280.45,0.57,1.15,,38.0,0.0,NORMAL,N,5.737851891697923,0.0,17.21355567509377,0.0,15,0.0,0.0,0.0,0.0,0.0,0.0,0.0,0.0,0.0,N,,N,
04:22,HSCL,14334,756.95,0.57,1.14,,37.9,0.0,NORMAL,N,5.713146881020486,0.0,17.139440643061455,0.0,15,0.0,0.0,0.0,0.0,0.0,0.0,0.0,0.0,0.0,N,,N,
04:22,NATCOPHARM,3918,921.75,0.56,1.11,,37.3,0.0,NORMAL,N,5.563737522500435,0.0,16.691212567501303,0.0,15,0.0,0.0,0.0,0.0,0.0,0.0,0.0,0.0,0.0,N,,N,
04:22,SANDHAR,2397,670.3,0.55,1.1,,36.9,0.0,NORMAL,N,5.475136878421926,0.0,16.42541063526578,0.0,15,0.0,0.0,0.0,0.0,0.0,0.0,0.0,0.0,0.0,N,,N,
04:22,FORTIS,14592,960.0,0.51,1.02,,35.3,0.0,NORMAL,N,5.07773648118099,0.0,15.23320944354297,0.0,15,0.0,0.0,0.0,0.0,0.0,0.0,0.0,0.0,0.0,N,,N,
04:22,EPACKPEB,759251,247.55,0.51,1.02,,35.3,0.0,NORMAL,N,5.075111652456354,0.0,15.225334957369064,0.0,15,0.0,0.0,0.0,0.0,0.0,0.0,0.0,0.0,0.0,N,,N,
04:22,ICICIBANK,4963,1428.0,0.49,0.99,,34.7,0.0,NORMAL,N,4.926108374384237,0.0,14.77832512315271,0.0,15,0.0,0.0,0.0,0.0,0.0,0.0,0.0,0.0,0.0,N,,N,
04:22,HINDCOPPER,17939,538.6,0.47,0.93,,33.7,0.0,NORMAL,N,4.663309084126096,0.0,13.989927252378289,0.0,15,0.0,0.0,0.0,0.0,0.0,0.0,0.0,0.0,0.0,N,,N,
04:22,TORNTPOWER,13786,1357.0,0.46,0.92,,33.4,0.0,NORMAL,N,4.5898726680485975,0.0,13.769618004145793,0.0,15,0.0,0.0,0.0,0.0,0.0,0.0,0.0,0.0,0.0,N,,N,
04:22,TECHM,13538,1658.8,1.46,2.91,,59.6,0.0,NORMAL,N,14.556574923547373,0.0,30.0,0.0,15,0.0,0.0,0.0,0.0,0.0,0.0,0.0,0.0,0.0,N,,N,
04:22,XCHANGING,11705,68.21,1.44,2.89,,59.4,0.0,NORMAL,N,14.425936942296236,0.0,30.0,0.0,15,0.0,0.0,0.0,0.0,0.0,0.0,0.0,0.0,0.0,N,,N,
04:22,SESHAPAPER,3066,230.21,0.44,0.87,,32.5,0.0,NORMAL,N,4.362811395663365,0.0,13.088434186990096,0.0,15,0.0,0.0,0.0,0.0,0.0,0.0,0.0,0.0,0.0,N,,N,
04:22,JSL,11236,737.85,0.44,0.87,,32.4,0.0,NORMAL,N,4.355815694548486,0.0,13.067447083645458,0.0,15,0.0,0.0,0.0,0.0,0.0,0.0,0.0,0.0,0.0,N,,N,
04:22,NEWGEN,1164,553.35,0.43,0.85,,32.1,0.0,NORMAL,N,4.264972776769551,0.0,12.794918330308654,0.0,15,0.0,0.0,0.0,0.0,0.0,0.0,0.0,0.0,0.0,N,,N,
04:22,JSWENERGY,17869,566.8,0.43,0.85,,32.0,0.0,NORMAL,N,4.252303330970903,0.0,12.756909992912707,0.0,15,0.0,0.0,0.0,0.0,0.0,0.0,0.0,0.0,0.0,N,,N,
04:22,PRINCEPIPE,16045,272.15,0.42,0.85,,32.0,0.0,NORMAL,N,4.243542435424271,0.0,12.730627306272812,0.0,15,0.0,0.0,0.0,0.0,0.0,0.0,0.0,0.0,0.0,N,,N,
04:22,LTF,24948,309.3,0.42,0.84,,31.9,0.0,NORMAL,N,4.220779220779257,0.0,12.662337662337773,0.0,15,0.0,0.0,0.0,0.0,0.0,0.0,0.0,0.0,0.0,N,,N,
04:22,INDIAMART,10726,1779.9,1.42,2.84,,59.2,0.0,NORMAL,N,14.18803418803424,0.0,30.0,0.0,15,0.0,0.0,0.0,0.0,0.0,0.0,0.0,0.0,0.0,N,,N,
04:22,TEJASNET,21131,515.55,0.41,0.82,,31.4,0.0,NORMAL,N,4.089979550102072,0.0,12.269938650306216,0.0,15,0.0,0.0,0.0,0.0,0.0,0.0,0.0,0.0,0.0,N,,N,
04:22,LALPATHLAB,11654,1958.5,1.39,2.79,,58.9,0.0,NORMAL,N,13.926278732656915,0.0,30.0,0.0,15,0.0,0.0,0.0,0.0,0.0,0.0,0.0,0.0,0.0,N,,N,
04:22,GLAND,1186,2637.0,1.38,2.77,,58.8,0.0,NORMAL,N,13.840830449826992,0.0,30.0,0.0,15,0.0,0.0,0.0,0.0,0.0,0.0,0.0,0.0,0.0,N,,N,
04:22,ORIENTELEC,2972,189.89,0.38,0.75,,30.0,0.0,NORMAL,N,3.7530394333437975,0.0,11.25911830003139,0.0,15,0.0,0.0,0.0,0.0,0.0,0.0,0.0,0.0,0.0,N,,N,
04:22,TMPV,3456,348.25,0.36,0.72,,29.4,0.0,NORMAL,N,3.602305475504323,0.0,10.806916426512968,0.0,15,0.0,0.0,0.0,0.0,0.0,0.0,0.0,0.0,0.0,N,,N,
04:22,JUBLFOOD,18096,488.25,0.36,0.72,,29.4,0.0,NORMAL,N,3.597122302158274,0.0,10.79136690647482,0.0,15,0.0,0.0,0.0,0.0,0.0,0.0,0.0,0.0,0.0,N,,N,
04:22,GOCOLORS,6964,323.2,0.36,0.71,,29.3,0.0,NORMAL,N,3.5708740878744827,0.0,10.712622263623448,0.0,15,0.0,0.0,0.0,0.0,0.0,0.0,0.0,0.0,0.0,N,,N,
04:22,NMDC,15332,86.07,1.35,2.71,,58.5,0.0,NORMAL,N,13.542157324540645,0.0,30.0,0.0,15,0.0,0.0,0.0,0.0,0.0,0.0,0.0,0.0,0.0,N,,N,
04:22,MUKANDLTD,11325,143.71,0.34,0.68,,28.7,0.0,NORMAL,N,3.4213098729228397,0.0,10.263929618768518,0.0,15,0.0,0.0,0.0,0.0,0.0,0.0,0.0,0.0,0.0,N,,N,
04:22,DELHIVERY,9599,474.85,0.33,0.65,,28.1,0.0,NORMAL,N,3.2748785125713322,0.0,9.824635537713997,0.0,15,0.0,0.0,0.0,0.0,0.0,0.0,0.0,0.0,0.0,N,,N,
04:22,LLOYDSENGG,17801,98.16,1.32,2.64,,58.2,0.0,NORMAL,N,13.212221304706866,0.0,30.0,0.0,15,0.0,0.0,0.0,0.0,0.0,0.0,0.0,0.0,0.0,N,,N,
04:22,CYIENT,5748,860.2,0.31,0.63,,27.6,0.0,NORMAL,N,3.1486880466472833,0.0,9.44606413994185,0.0,15,0.0,0.0,0.0,0.0,0.0,0.0,0.0,0.0,0.0,N,,N,
04:22,SWANCORP,27095,309.0,0.31,0.62,,27.3,0.0,NORMAL,N,3.0839149488718998,0.0,9.251744846615699,0.0,15,0.0,0.0,0.0,0.0,0.0,0.0,0.0,0.0,0.0,N,,N,
04:22,ZYDUSLIFE,7929,1117.6,0.31,0.61,,27.2,0.0,NORMAL,N,3.051516783342186,0.0,9.154550350026557,0.0,15,0.0,0.0,0.0,0.0,0.0,0.0,0.0,0.0,0.0,N,,N,
04:22,TIMETECHNO,14707,205.5,0.3,0.61,,27.1,0.0,NORMAL,N,3.026161655603302,0.0,9.078484966809906,0.0,15,0.0,0.0,0.0,0.0,0.0,0.0,0.0,0.0,0.0,N,,N,
04:22,RUBICON,759316,1573.2,1.29,2.58,,57.9,0.0,NORMAL,N,12.876641771825907,0.0,30.0,0.0,15,0.0,0.0,0.0,0.0,0.0,0.0,0.0,0.0,0.0,N,,N,
04:22,LAURUSLABS,19234,1867.8,1.27,2.55,,57.7,0.0,NORMAL,N,12.741961719893728,0.0,30.0,0.0,15,0.0,0.0,0.0,0.0,0.0,0.0,0.0,0.0,0.0,N,,N,
04:22,NIITLTD,11522,96.24,1.23,2.46,,57.3,0.0,NORMAL,N,12.306721363206078,0.0,30.0,0.0,15,0.0,0.0,0.0,0.0,0.0,0.0,0.0,0.0,0.0,N,,N,
04:22,COFORGE,11543,1795.0,1.07,2.14,,55.7,0.0,NORMAL,N,10.698198198198199,0.0,30.0,0.0,15,0.0,0.0,0.0,0.0,0.0,0.0,0.0,0.0,0.0,N,,N,
04:22,AJANTPHARM,8124,3500.0,0.85,1.71,,49.1,0.0,NORMAL,N,8.52927616413091,0.0,25.587828492392727,0.0,15,0.0,0.0,0.0,0.0,0.0,0.0,0.0,0.0,0.0,N,,N,
04:22,CHOLAFIN,685,1882.0,0.85,1.69,,48.9,0.0,NORMAL,N,8.466402314864405,0.0,25.399206944593217,0.0,15,0.0,0.0,0.0,0.0,0.0,0.0,0.0,0.0,0.0,N,,N,
04:22,MUTHOOTFIN,23650,2911.6,0.75,1.49,,44.9,0.0,NORMAL,N,7.474048442906542,0.0,22.422145328719626,0.0,15,0.0,0.0,0.0,0.0,0.0,0.0,0.0,0.0,0.0,N,,N,
04:22,HYUNDAI,25844,2216.1,0.71,1.42,,43.4,0.0,NORMAL,N,7.089297886843857,0.0,21.26789366053157,0.0,15,0.0,0.0,0.0,0.0,0.0,0.0,0.0,0.0,0.0,N,,N,
04:22,GLENMARK,7406,2294.2,0.66,1.33,,41.5,0.0,NORMAL,N,6.625422315826382,0.0,19.87626694747915,0.0,15,0.0,0.0,0.0,0.0,0.0,0.0,0.0,0.0,0.0,N,,N,
04:22,WOCKPHARMA,7506,2034.3,0.66,1.32,,41.3,0.0,NORMAL,N,6.580900544284985,0.0,19.742701632854953,0.0,15,0.0,0.0,0.0,0.0,0.0,0.0,0.0,0.0,0.0,N,,N,
04:22,WELCORP,11821,1851.6,0.64,1.28,,40.7,0.0,NORMAL,N,6.413740623980843,0.0,19.24122187194253,0.0,15,0.0,0.0,0.0,0.0,0.0,0.0,0.0,0.0,0.0,N,,N,
04:22,PIDILITIND,2664,1670.2,0.61,1.23,,39.6,0.0,NORMAL,N,6.14457831325304,0.0,18.43373493975912,0.0,15,0.0,0.0,0.0,0.0,0.0,0.0,0.0,0.0,0.0,N,,N,
04:22,PNBGILTS,8736,81.19,0.61,1.21,,39.3,0.0,NORMAL,N,6.0718711276331465,0.0,18.215613382899438,0.0,15,0.0,0.0,0.0,0.0,0.0,0.0,0.0,0.0,0.0,N,,N,
04:22,DEEPAKNTR,19943,1806.1,0.53,1.07,,36.4,0.0,NORMAL,N,5.343723907598057,0.0,16.03117172279417,0.0,15,0.0,0.0,0.0,0.0,0.0,0.0,0.0,0.0,0.0,N,,N,
04:22,AETHER,9810,1599.8,0.52,1.03,,35.6,0.0,NORMAL,N,5.152048253330011,0.0,15.456144759990035,0.0,15,0.0,0.0,0.0,0.0,0.0,0.0,0.0,0.0,0.0,N,,N,
04:22,SKFINDIA,3186,1541.0,0.44,0.87,,32.5,0.0,NORMAL,N,4.366812227074266,0.0,13.100436681222797,0.0,15,0.0,0.0,0.0,0.0,0.0,0.0,0.0,0.0,0.0,N,,N,
04:22,IDFCFIRSTB,11184,84.97,0.41,0.83,,31.5,0.0,NORMAL,N,4.136138028834724,0.0,12.408414086504171,0.0,15,0.0,0.0,0.0,0.0,0.0,0.0,0.0,0.0,0.0,N,,N,
04:22,MAHABANK,11377,78.59,0.4,0.79,,30.8,0.0,NORMAL,N,3.960143076136974,0.0,11.880429228410922,0.0,15,0.0,0.0,0.0,0.0,0.0,0.0,0.0,0.0,0.0,N,,N,
04:22,UNITDSPR,10447,1517.4,0.33,0.66,,28.2,0.0,NORMAL,N,3.3060037027241465,0.0,9.91801110817244,0.0,15,0.0,0.0,0.0,0.0,0.0,0.0,0.0,0.0,0.0,N,,N,
04:22,SUNPHARMA,3351,1951.1,0.31,0.63,,27.5,0.0,NORMAL,N,3.136246786632344,0.0,9.408740359897031,0.0,15,0.0,0.0,0.0,0.0,0.0,0.0,0.0,0.0,0.0,N,,N,
04:22,PTC,11355,177.19,-12.84,25.69,,30.0,45.0,NORMAL,Y,0.0,30.0,30.0,0.0,0.0,15,0.0,0.0,0.0,0.0,0.0,0.0,0.0,0.0,N,,N,
04:22,JAMNAAUTO,20778,127.26,-12.05,24.11,,30.0,45.0,NORMAL,Y,0.0,30.0,30.0,0.0,0.0,15,0.0,0.0,0.0,0.0,0.0,0.0,0.0,0.0,N,,N,
04:22,NLCINDIA,8585,285.85,-6.09,12.19,,30.0,45.0,NORMAL,Y,0.0,30.0,30.0,0.0,0.0,15,0.0,0.0,0.0,0.0,0.0,0.0,0.0,0.0,N,,N,
04:22,WINDMACHIN,24969,288.1,-5.09,10.18,,30.0,45.0,NORMAL,Y,0.0,30.0,30.0,0.0,0.0,15,0.0,0.0,0.0,0.0,0.0,0.0,0.0,0.0,N,,N,
04:22,SAPPHIRE,6718,214.25,-4.45,8.89,,30.0,45.0,NORMAL,N,0.0,30.0,30.0,0.0,0.0,15,0.0,0.0,0.0,0.0,0.0,0.0,0.0,0.0,N,,N,
04:22,OMNI,760865,552.85,-4.41,8.82,,30.0,45.0,NORMAL,Y,0.0,30.0,30.0,0.0,0.0,15,0.0,0.0,0.0,0.0,0.0,0.0,0.0,0.0,N,,N,
04:22,AEGISLOG,40,1320.8,-3.66,7.32,,30.0,45.0,NORMAL,N,0.0,30.0,30.0,0.0,0.0,15,0.0,0.0,0.0,0.0,0.0,0.0,0.0,0.0,N,,N,
04:22,PFC,14299,404.95,-3.58,7.17,,30.0,45.0,NORMAL,Y,0.0,30.0,30.0,0.0,0.0,15,0.0,0.0,0.0,0.0,0.0,0.0,0.0,0.0,N,,N,
04:22,YATRA,18760,103.46,-3.34,6.67,,30.0,45.0,NORMAL,N,0.0,30.0,30.0,0.0,0.0,15,0.0,0.0,0.0,0.0,0.0,0.0,0.0,0.0,N,,N,
04:22,GPIL,13409,232.8,-3.25,6.49,,30.0,45.0,NORMAL,N,0.0,30.0,30.0,0.0,0.0,15,0.0,0.0,0.0,0.0,0.0,0.0,0.0,0.0,N,,N,
04:22,CHEMPLASTS,5449,177.96,-3.08,6.15,,30.0,45.0,NORMAL,N,0.0,30.0,30.0,0.0,0.0,15,0.0,0.0,0.0,0.0,0.0,0.0,0.0,0.0,N,,N,
04:22,RGL,15129,119.62,-2.91,5.81,,30.0,44.1,NORMAL,N,0.0,29.058441558441544,30.0,0.0,0.0,15,0.0,0.0,0.0,0.0,0.0,0.0,0.0,0.0,N,,N,
04:22,PSPPROJECT,20877,936.85,-2.71,5.42,,30.0,42.1,NORMAL,N,0.0,27.104211018225264,30.0,0.0,0.0,15,0.0,0.0,0.0,0.0,0.0,0.0,0.0,0.0,N,,N,
04:22,RECLTD,15355,357.8,-2.51,5.01,,30.0,40.1,NORMAL,N,0.0,25.06811989100814,30.0,0.0,0.0,15,0.0,0.0,0.0,0.0,0.0,0.0,0.0,0.0,N,,N,
04:22,SPARC,14788,208.1,-2.4,4.79,,30.0,39.0,NORMAL,N,0.0,23.966980910839144,30.0,0.0,0.0,15,0.0,0.0,0.0,0.0,0.0,0.0,0.0,0.0,N,,N,
04:22,ZYDUSWELL,17635,521.5,-2.31,4.63,,30.0,38.1,NORMAL,N,0.0,23.133839093378334,30.0,0.0,0.0,15,0.0,0.0,0.0,0.0,0.0,0.0,0.0,0.0,N,,N,
04:22,CHALET,8546,840.55,-2.23,4.46,,30.0,37.3,NORMAL,N,0.0,22.27521228335476,30.0,0.0,0.0,15,0.0,0.0,0.0,0.0,0.0,0.0,0.0,0.0,N,,N,
04:22,MRPL,2283,163.36,-2.19,4.37,,30.0,36.9,NORMAL,N,0.0,21.85497874378766,30.0,0.0,0.0,15,0.0,0.0,0.0,0.0,0.0,0.0,0.0,0.0,N,,N,
04:22,WSTCSTPAPR,3799,586.4,-2.12,4.24,,30.0,36.2,NORMAL,N,0.0,21.19846436321156,30.0,0.0,0.0,15,0.0,0.0,0.0,0.0,0.0,0.0,0.0,0.0,N,,N,
04:22,MATRIMONY,21726,471.05,-2.03,4.06,,30.0,35.3,NORMAL,N,0.0,20.278702163061563,30.0,0.0,0.0,15,0.0,0.0,0.0,0.0,0.0,0.0,0.0,0.0,N,,N,
04:22,FSL,14304,274.2,-2.02,4.04,,30.0,35.2,NORMAL,N,0.0,20.189387171699245,30.0,0.0,0.0,15,0.0,0.0,0.0,0.0,0.0,0.0,0.0,0.0,N,,N,
04:22,INOXWIND,7852,74.03,-5.09,10.18,,30.0,45.0,NORMAL,Y,0.0,30.0,30.0,0.0,0.0,15,0.0,0.0,0.0,0.0,0.0,0.0,0.0,0.0,N,,N,
04:22,POWERMECH,10473,2491.3,-4.79,9.58,,30.0,45.0,NORMAL,Y,0.0,30.0,30.0,0.0,0.0,15,0.0,0.0,0.0,0.0,0.0,0.0,0.0,0.0,N,,N,
04:22,TRENT,1964,3013.0,-3.03,6.06,,30.0,45.0,NORMAL,N,0.0,30.0,30.0,0.0,0.0,15,0.0,0.0,0.0,0.0,0.0,0.0,0.0,0.0,N,,N,
04:22,PARAS,5911,1251.9,-1.97,3.95,,30.0,34.7,NORMAL,N,0.0,19.73220577871727,30.0,0.0,0.0,15,0.0,0.0,0.0,0.0,0.0,0.0,0.0,0.0,N,,N,
04:22,DEVYANI,5373,132.1,-1.95,3.9,,30.0,34.5,NORMAL,N,0.0,19.52052252653452,30.0,0.0,0.0,15,0.0,0.0,0.0,0.0,0.0,0.0,0.0,0.0,N,,N,
04:22,SIS,21501,426.5,-1.94,3.89,,30.0,34.4,NORMAL,N,0.0,19.427520404644188,30.0,0.0,0.0,15,0.0,0.0,0.0,0.0,0.0,0.0,0.0,0.0,N,,N,
04:22,M&MFIN,13285,400.55,-1.93,3.87,,30.0,34.3,NORMAL,N,0.0,19.341412657607975,30.0,0.0,0.0,15,0.0,0.0,0.0,0.0,0.0,0.0,0.0,0.0,N,,N,
04:22,FINPIPE,1041,161.26,-1.93,3.86,,30.0,34.3,NORMAL,N,0.0,19.27872042814581,30.0,0.0,0.0,15,0.0,0.0,0.0,0.0,0.0,0.0,0.0,0.0,N,,N,
04:22,WIPL,20481,165.0,-1.81,3.63,,30.0,33.1,NORMAL,N,0.0,18.14936030943178,30.0,0.0,0.0,15,0.0,0.0,0.0,0.0,0.0,0.0,0.0,0.0,N,,N,
04:22,KIRLOSENG,20936,2100.9,-2.81,5.63,,30.0,43.1,NORMAL,N,0.0,28.126011935050993,30.0,0.0,0.0,15,0.0,0.0,0.0,0.0,0.0,0.0,0.0,0.0,N,,N,
04:22,LUPIN,10440,2297.1,-2.81,5.62,,30.0,43.1,NORMAL,N,0.0,28.0939284958748,30.0,0.0,0.0,15,0.0,0.0,0.0,0.0,0.0,0.0,0.0,0.0,N,,N,
04:22,VERANDA,8890,253.3,-1.8,3.61,,30.0,33.0,NORMAL,N,0.0,18.026749370032864,30.0,0.0,0.0,15,0.0,0.0,0.0,0.0,0.0,0.0,0.0,0.0,N,,N,
04:22,EIDPARRY,916,791.0,-1.75,3.5,,30.0,32.5,NORMAL,N,0.0,17.51335237858654,30.0,0.0,0.0,15,0.0,0.0,0.0,0.0,0.0,0.0,0.0,0.0,N,,N,
04:22,SAMHI,18614,171.68,-1.7,3.4,,30.0,32.0,NORMAL,N,0.0,17.00543945032922,30.0,0.0,0.0,15,0.0,0.0,0.0,0.0,0.0,0.0,0.0,0.0,N,,N,
04:22,ICICIPRULI,18652,492.55,-1.7,3.39,,30.0,32.0,NORMAL,N,0.0,16.964374812892924,30.0,0.0,0.0,15,0.0,0.0,0.0,0.0,0.0,0.0,0.0,0.0,N,,N,
04:22,WESTLIFE,11580,585.0,-1.66,3.31,,30.0,31.6,NORMAL,N,0.0,16.558796335210598,30.0,0.0,0.0,15,0.0,0.0,0.0,0.0,0.0,0.0,0.0,0.0,N,,N,
04:22,BANKINDIA,4745,142.64,-1.63,3.26,,30.0,31.3,NORMAL,N,0.0,16.275862068965612,30.0,0.0,0.0,15,0.0,0.0,0.0,0.0,0.0,0.0,0.0,0.0,N,,N,
04:22,SCI,3048,299.8,-1.62,3.25,,30.0,31.2,NORMAL,N,0.0,16.242821985233757,30.0,0.0,0.0,15,0.0,0.0,0.0,0.0,0.0,0.0,0.0,0.0,N,,N,
04:22,J&KBANK,5633,156.72,-1.58,3.17,,30.0,30.8,NORMAL,N,0.0,15.825169555388156,30.0,0.0,0.0,15,0.0,0.0,0.0,0.0,0.0,0.0,0.0,0.0,N,,N,
04:22,TITAGARH,15414,834.05,-1.58,3.16,,30.0,30.8,NORMAL,N,0.0,15.81214230928089,30.0,0.0,0.0,15,0.0,0.0,0.0,0.0,0.0,0.0,0.0,0.0,N,,N,
04:22,HDFCLIFE,467,531.55,-1.56,3.13,,30.0,30.6,NORMAL,N,0.0,15.648148148148234,30.0,0.0,0.0,15,0.0,0.0,0.0,0.0,0.0,0.0,0.0,0.0,N,,N,
04:22,VAIBHAVGBL,11364,239.2,-1.54,3.09,,30.0,30.4,NORMAL,N,0.0,15.435274747890514,30.0,0.0,0.0,15,0.0,0.0,0.0,0.0,0.0,0.0,0.0,0.0,N,,N,
04:22,GODREJCP,10099,1033.8,-1.54,3.09,,30.0,30.4,NORMAL,Y,0.0,15.42857142857147,30.0,0.0,0.0,15,0.0,0.0,0.0,0.0,0.0,0.0,0.0,0.0,N,,N,
04:22,TATACAP,759265,364.8,-1.49,2.97,,30.0,29.9,NORMAL,N,0.0,14.852822036186875,30.0,0.0,0.0,15,0.0,0.0,0.0,0.0,0.0,0.0,0.0,0.0,N,,N,
04:22,GOCLCORP,3963,431.95,-1.44,2.88,,30.0,29.4,NORMAL,N,0.0,14.375356531660037,30.0,0.0,0.0,15,0.0,0.0,0.0,0.0,0.0,0.0,0.0,0.0,N,,N,
04:22,JUSTDIAL,29962,673.55,-1.43,2.85,,30.0,29.3,NORMAL,N,0.0,14.26898873115762,30.0,0.0,0.0,15,0.0,0.0,0.0,0.0,0.0,0.0,0.0,0.0,N,,N,
04:22,BPCL,526,316.45,-1.42,2.83,,30.0,29.2,NORMAL,N,0.0,14.174454828660473,30.0,0.0,0.0,15,0.0,0.0,0.0,0.0,0.0,0.0,0.0,0.0,N,,N,
04:22,SBIN,3045,1081.7,-1.41,2.83,,30.0,29.1,NORMAL,N,0.0,14.126868392271234,30.0,0.0,0.0,15,0.0,0.0,0.0,0.0,0.0,0.0,0.0,0.0,N,,N,
04:22,PETRONET,11351,276.7,-1.39,2.78,,30.0,28.9,NORMAL,N,0.0,13.89878831076277,30.0,0.0,0.0,15,0.0,0.0,0.0,0.0,0.0,0.0,0.0,0.0,N,,N,
04:22,TREJHARA,7518,175.2,-1.38,2.77,,30.0,28.8,NORMAL,N,0.0,13.846673421141551,30.0,0.0,0.0,15,0.0,0.0,0.0,0.0,0.0,0.0,0.0,0.0,N,,N,
04:22,TTKPRESTIG,3546,607.5,-1.37,2.74,,30.0,28.7,NORMAL,N,0.0,13.718645993993093,30.0,0.0,0.0,15,0.0,0.0,0.0,0.0,0.0,0.0,0.0,0.0,N,,N,
04:22,RVNL,9552,230.3,-1.32,2.64,,30.0,28.2,NORMAL,N,0.0,13.197360527894352,30.0,0.0,0.0,15,0.0,0.0,0.0,0.0,0.0,0.0,0.0,0.0,N,,N,
04:22,ANGELONE,324,288.15,-1.32,2.64,,30.0,28.2,NORMAL,N,0.0,13.184931506849393,30.0,0.0,0.0,15,0.0,0.0,0.0,0.0,0.0,0.0,0.0,0.0,N,,N,
04:22,RITES,3761,231.25,-1.28,2.55,,30.0,27.8,NORMAL,N,0.0,12.764685792349766,30.0,0.0,0.0,15,0.0,0.0,0.0,0.0,0.0,0.0,0.0,0.0,N,,N,
04:22,RSYSTEMS,13414,244.7,-1.27,2.54,,30.0,27.7,NORMAL,N,0.0,12.709299979826532,30.0,0.0,0.0,15,0.0,0.0,0.0,0.0,0.0,0.0,0.0,0.0,N,,N,
04:22,HIKAL,9668,224.27,-1.26,2.53,,30.0,27.6,NORMAL,N,0.0,12.635379061371736,30.0,0.0,0.0,15,0.0,0.0,0.0,0.0,0.0,0.0,0.0,0.0,N,,N,
04:22,EMSLIMITED,18593,399.4,-1.24,2.47,,30.0,27.4,NORMAL,N,0.0,12.363996043521265,30.0,0.0,0.0,15,0.0,0.0,0.0,0.0,0.0,0.0,0.0,0.0,N,,N,
04:22,APOLLOTYRE,163,439.5,-1.24,2.47,,30.0,27.4,NORMAL,N,0.0,12.359550561797752,30.0,0.0,0.0,15,0.0,0.0,0.0,0.0,0.0,0.0,0.0,0.0,N,,N,
04:22,ELGIEQUIP,937,581.25,-1.22,2.45,,30.0,27.2,NORMAL,N,0.0,12.235534030079098,30.0,0.0,0.0,15,0.0,0.0,0.0,0.0,0.0,0.0,0.0,0.0,N,,N,
04:22,PATANJALI,17029,353.15,-1.22,2.43,,30.0,27.2,NORMAL,N,0.0,12.16783216783223,30.0,0.0,0.0,15,0.0,0.0,0.0,0.0,0.0,0.0,0.0,0.0,N,,N,
04:22,APTUS,5435,257.5,-1.21,2.42,,30.0,27.1,NORMAL,N,0.0,12.085171686169108,30.0,0.0,0.0,15,0.0,0.0,0.0,0.0,0.0,0.0,0.0,0.0,N,,N,
04:22,IOC,1624,141.65,-1.21,2.41,,30.0,27.1,NORMAL,N,0.0,12.06583902915323,30.0,0.0,0.0,15,0.0,0.0,0.0,0.0,0.0,0.0,0.0,0.0,N,,N,
04:22,TCIEXP,19223,547.95,-1.2,2.4,,30.0,27.0,NORMAL,N,0.0,11.990623873061624,30.0,0.0,0.0,15,0.0,0.0,0.0,0.0,0.0,0.0,0.0,0.0,N,,N,
04:22,INDOCO,11677,219.1,-1.19,2.37,,30.0,26.9,NORMAL,N,0.0,11.861272719072726,30.0,0.0,0.0,15,0.0,0.0,0.0,0.0,0.0,0.0,0.0,0.0,N,,N,
04:22,KFINTECH,13359,925.0,-1.18,2.35,,30.0,26.8,NORMAL,N,0.0,11.752136752136753,30.0,0.0,0.0,15,0.0,0.0,0.0,0.0,0.0,0.0,0.0,0.0,N,,N,
04:22,UBL,16713,1384.0,-1.16,2.33,,30.0,26.6,NORMAL,N,0.0,11.64036277940438,30.0,0.0,0.0,15,0.0,0.0,0.0,0.0,0.0,0.0,0.0,0.0,N,,N,
04:22,MSTCLTD,9356,584.5,-1.14,2.28,,30.0,26.4,NORMAL,N,0.0,11.41649048625793,30.0,0.0,0.0,15,0.0,0.0,0.0,0.0,0.0,0.0,0.0,0.0,N,,N,
04:22,SWIGGY,27066,277.55,-1.14,2.28,,30.0,26.4,NORMAL,N,0.0,11.398040961709667,30.0,0.0,0.0,15,0.0,0.0,0.0,0.0,0.0,0.0,0.0,0.0,N,,N,
04:22,SHARDAMOTR,10530,930.6,-1.14,2.27,,30.0,26.4,NORMAL,N,0.0,11.36725804738121,30.0,0.0,0.0,15,0.0,0.0,0.0,0.0,0.0,0.0,0.0,0.0,N,,N,
04:22,ROSSARI,19410,508.2,-1.12,2.24,,30.0,26.2,NORMAL,N,0.0,11.187858741122787,30.0,0.0,0.0,15,0.0,0.0,0.0,0.0,0.0,0.0,0.0,0.0,N,,N,
04:22,ROUTE,128,522.45,-1.11,2.21,,30.0,26.1,NORMAL,N,0.0,11.073253833049232,30.0,0.0,0.0,15,0.0,0.0,0.0,0.0,0.0,0.0,0.0,0.0,N,,N,
04:22,WHIRLPOOL,18011,804.2,-1.1,2.2,,30.0,26.0,NORMAL,N,0.0,11.00657935190301,30.0,0.0,0.0,15,0.0,0.0,0.0,0.0,0.0,0.0,0.0,0.0,N,,N,
04:22,ITCHOTELS,29251,168.8,-1.08,2.17,,30.0,25.8,NORMAL,N,0.0,10.840902431878078,30.0,0.0,0.0,15,0.0,0.0,0.0,0.0,0.0,0.0,0.0,0.0,N,,N,
04:22,RAMCOSYS,7851,631.1,-1.07,2.13,,30.0,25.7,NORMAL,N,0.0,10.659978052986292,30.0,0.0,0.0,15,0.0,0.0,0.0,0.0,0.0,0.0,0.0,0.0,N,,N,
04:22,SHARDACROP,4992,805.4,-1.06,2.13,,30.0,25.6,NORMAL,N,0.0,10.625882931023863,30.0,0.0,0.0,15,0.0,0.0,0.0,0.0,0.0,0.0,0.0,0.0,N,,N,
04:22,GODREJIND,10925,1297.6,-1.06,2.12,,30.0,25.6,NORMAL,N,0.0,10.598551277163624,30.0,0.0,0.0,15,0.0,0.0,0.0,0.0,0.0,0.0,0.0,0.0,N,,N,
04:23,RELAXO,24225,419.05,-1.04,2.08,,30.0,25.4,NORMAL,N,0.0,10.390837170858372,30.0,0.0,0.0,15,0.0,0.0,0.0,0.0,0.0,0.0,0.0,0.0,N,,N,
04:23,SOUTHWEST,9678,229.68,-1.03,2.05,,30.0,25.3,NORMAL,N,0.0,10.255968284064446,30.0,0.0,0.0,15,0.0,0.0,0.0,0.0,0.0,0.0,0.0,0.0,N,,N,
04:23,BAJAJELEC,15034,367.4,-1.01,2.02,,30.0,25.1,NORMAL,N,0.0,10.103731644887514,30.0,0.0,0.0,15,0.0,0.0,0.0,0.0,0.0,0.0,0.0,0.0,N,,N,
04:23,SBICARD,17971,652.45,-0.99,1.99,,29.8,24.9,NORMAL,N,0.0,9.93930197268582,29.817905918057455,0.0,0.0,15,0.0,0.0,0.0,0.0,0.0,0.0,0.0,0.0,N,,N,
04:23,NIACL,399,175.36,-0.99,1.98,,29.6,24.9,NORMAL,N,0.0,9.880864999153069,29.642594997459202,0.0,0.0,15,0.0,0.0,0.0,0.0,0.0,0.0,0.0,0.0,N,,N,
04:23,RALLIS,2816,210.94,-0.98,1.96,,29.4,24.8,NORMAL,N,0.0,9.810824766464835,29.432474299394503,0.0,0.0,15,0.0,0.0,0.0,0.0,0.0,0.0,0.0,0.0,N,,N,
04:23,CAMPUS,9362,222.2,-0.97,1.93,,29.0,24.7,NORMAL,N,0.0,9.671524713642714,29.014574140928147,0.0,0.0,15,0.0,0.0,0.0,0.0,0.0,0.0,0.0,0.0,N,,N,
04:23,TATAINVEST,1621,687.1,-0.94,1.89,,28.3,24.4,NORMAL,N,0.0,9.442802566135594,28.328407698406778,0.0,0.0,15,0.0,0.0,0.0,0.0,0.0,0.0,0.0,0.0,N,,N,
04:23,ETERNAL,5097,312.05,-0.94,1.87,,28.1,24.4,NORMAL,N,0.0,9.36507936507933,28.09523809523799,0.0,0.0,15,0.0,0.0,0.0,0.0,0.0,0.0,0.0,0.0,N,,N,
04:23,HAVELLS,9819,1276.0,-0.93,1.86,,28.0,24.3,NORMAL,N,0.0,9.316770186335402,27.950310559006212,0.0,0.0,15,0.0,0.0,0.0,0.0,0.0,0.0,0.0,0.0,N,,N,
04:23,CGPOWER,760,870.85,-0.93,1.85,,27.8,24.3,NORMAL,N,0.0,9.27189988623433,27.815699658702993,0.0,0.0,15,0.0,0.0,0.0,0.0,0.0,0.0,0.0,0.0,N,,N,
04:23,POWERGRID,14977,269.1,-0.92,1.84,,27.6,24.2,NORMAL,N,0.0,9.204712812960235,27.6141384388807,0.0,0.0,15,0.0,0.0,0.0,0.0,0.0,0.0,0.0,0.0,N,,N,
04:23,TECHNOE,6445,1056.7,-0.9,1.79,,26.9,24.0,NORMAL,N,0.0,8.956623681125397,26.869871043376193,0.0,0.0,15,0.0,0.0,0.0,0.0,0.0,0.0,0.0,0.0,N,,N,
04:23,JAINREC,759244,305.65,-0.89,1.78,,26.8,23.9,NORMAL,N,0.0,8.916990920881974,26.75097276264592,0.0,0.0,15,0.0,0.0,0.0,0.0,0.0,0.0,0.0,0.0,N,,N,
04:23,RELIANCE,2885,1322.9,-0.89,1.78,,26.7,23.9,NORMAL,N,0.0,8.915193287383778,26.74557986215133,0.0,0.0,15,0.0,0.0,0.0,0.0,0.0,0.0,0.0,0.0,N,,N,
04:23,MUNJALAU,13511,101.57,-0.87,1.74,,26.1,23.7,NORMAL,N,0.0,8.686316611360537,26.05894983408161,0.0,0.0,15,0.0,0.0,0.0,0.0,0.0,0.0,0.0,0.0,N,,N,
04:23,TEXRAIL,21828,107.85,-0.85,1.71,,25.6,23.5,NORMAL,N,0.0,8.5493656922229,25.648097076668698,0.0,0.0,15,0.0,0.0,0.0,0.0,0.0,0.0,0.0,0.0,N,,N,
04:23,TIPSMUSIC,9117,639.9,-0.84,1.69,,25.3,23.4,NORMAL,N,0.0,8.445029828775153,25.335089486325465,0.0,0.0,15,0.0,0.0,0.0,0.0,0.0,0.0,0.0,0.0,N,,N,
04:23,IREDA,20261,118.79,-0.84,1.69,,25.3,23.4,NORMAL,N,0.0,8.4307178631051,25.2921535893153,0.0,0.0,15,0.0,0.0,0.0,0.0,0.0,0.0,0.0,0.0,N,,N,
04:23,HEXT,29666,559.95,-0.82,1.65,,24.7,23.2,NORMAL,N,0.0,8.235919234856494,24.707757704569485,0.0,0.0,15,0.0,0.0,0.0,0.0,0.0,0.0,0.0,0.0,N,,N,
04:23,GAIL,4717,172.2,-0.82,1.65,,24.7,23.2,NORMAL,N,0.0,8.235903933652057,24.707711800956172,0.0,0.0,15,0.0,0.0,0.0,0.0,0.0,0.0,0.0,0.0,N,,N,
04:23,MFSL,2142,1485.2,-0.81,1.63,,24.4,23.1,NORMAL,N,0.0,8.147455589688823,24.44236676906647,0.0,0.0,15,0.0,0.0,0.0,0.0,0.0,0.0,0.0,0.0,N,,N,
04:23,UPL,11287,568.4,-0.8,1.61,,24.1,23.0,NORMAL,N,0.0,8.027923211169325,24.083769633507973,0.0,0.0,15,0.0,0.0,0.0,0.0,0.0,0.0,0.0,0.0,N,,N,
04:23,THYROCARE,17032,598.45,-0.8,1.59,,23.9,23.0,NORMAL,N,0.0,7.95690012432649,23.870700372979467,0.0,0.0,15,0.0,0.0,0.0,0.0,0.0,0.0,0.0,0.0,N,,N,
04:23,BHEL,438,402.0,-0.79,1.58,,23.7,22.9,NORMAL,N,0.0,7.897334649555746,23.69200394866724,0.0,0.0,15,0.0,0.0,0.0,0.0,0.0,0.0,0.0,0.0,N,,N,
04:23,CROMPTON,17094,248.05,-0.76,1.52,,22.8,22.6,NORMAL,N,0.0,7.601520304060721,22.804560912182165,0.0,0.0,15,0.0,0.0,0.0,0.0,0.0,0.0,0.0,0.0,N,,N,
04:23,CANBK,10794,130.98,-0.74,1.47,,22.1,22.4,NORMAL,N,0.0,7.351269420234929,22.053808260704788,0.0,0.0,15,0.0,0.0,0.0,0.0,0.0,0.0,0.0,0.0,N,,N,
04:23,SUPREMEIND,3363,3417.0,-1.73,3.45,,30.0,32.3,NORMAL,N,0.0,17.256255392579813,30.0,0.0,0.0,15,0.0,0.0,0.0,0.0,0.0,0.0,0.0,0.0,N,,N,
04:23,WIPRO,3787,186.18,-0.72,1.44,,21.6,22.2,NORMAL,N,0.0,7.198848184290483,21.59654455287145,0.0,0.0,15,0.0,0.0,0.0,0.0,0.0,0.0,0.0,0.0,N,,N,
04:23,KPRMILL,14912,1069.0,-0.72,1.43,,21.5,22.2,NORMAL,N,0.0,7.151481378285544,21.45444413485663,0.0,0.0,15,0.0,0.0,0.0,0.0,0.0,0.0,0.0,0.0,N,,N,
04:23,SAREGAMA,4892,515.5,-0.71,1.43,,21.4,22.1,NORMAL,N,0.0,7.12634822804323,21.37904468412969,0.0,0.0,15,0.0,0.0,0.0,0.0,0.0,0.0,0.0,0.0,N,,N,
04:23,KEC,13260,475.45,-0.71,1.42,,21.3,22.1,NORMAL,N,0.0,7.10034457554565,21.30103372663695,0.0,0.0,15,0.0,0.0,0.0,0.0,0.0,0.0,0.0,0.0,N,,N,
04:23,ASHOKLEY,212,176.25,-0.7,1.41,,21.1,22.0,NORMAL,N,0.0,7.042253521126762,21.126760563380284,0.0,0.0,15,0.0,0.0,0.0,0.0,0.0,0.0,0.0,0.0,N,,N,
04:23,CENTURYPLY,13305,776.45,-0.7,1.41,,21.1,22.0,NORMAL,N,0.0,7.033697806765138,21.101093420295413,0.0,0.0,15,0.0,0.0,0.0,0.0,0.0,0.0,0.0,0.0,N,,N,
04:23,GENUSPOWER,11905,304.5,-0.7,1.4,,21.0,22.0,NORMAL,N,0.0,7.0112506114462,21.033751834338602,0.0,0.0,15,0.0,0.0,0.0,0.0,0.0,0.0,0.0,0.0,N,,N,
04:23,PVRINOX,13147,1147.9,-0.7,1.4,,21.0,22.0,NORMAL,N,0.0,7.006920415224835,21.020761245674507,0.0,0.0,15,0.0,0.0,0.0,0.0,0.0,0.0,0.0,0.0,N,,N,
04:23,VOLTAS,3718,1276.0,-0.7,1.4,,21.0,22.0,NORMAL,N,0.0,7.0038910505836585,21.011673151750976,0.0,0.0,15,0.0,0.0,0.0,0.0,0.0,0.0,0.0,0.0,N,,N,
04:23,ADANIGREEN,3563,1362.8,-0.7,1.4,,21.0,22.0,NORMAL,N,0.0,6.99504517633353,20.98513552900059,0.0,0.0,15,0.0,0.0,0.0,0.0,0.0,0.0,0.0,0.0,N,,N,
04:23,ITC,1660,284.1,-0.7,1.4,,21.0,22.0,NORMAL,N,0.0,6.990562740300595,20.971688220901783,0.0,0.0,15,0.0,0.0,0.0,0.0,0.0,0.0,0.0,0.0,N,,N,
04:23,HDBFS,757772,661.0,-0.7,1.4,,21.0,22.0,NORMAL,N,0.0,6.985653121009506,20.95695936302852,0.0,0.0,15,0.0,0.0,0.0,0.0,0.0,0.0,0.0,0.0,N,,N,
04:23,JAIBALAJI,14076,64.5,-1.69,3.38,,30.0,31.9,NORMAL,N,0.0,16.918152720621848,30.0,0.0,0.0,15,0.0,0.0,0.0,0.0,0.0,0.0,0.0,0.0,N,,N,
04:23,PURVA,14922,210.92,-0.68,1.37,,20.5,21.8,NORMAL,N,0.0,6.827706361538905,20.483119084616714,0.0,0.0,15,0.0,0.0,0.0,0.0,0.0,0.0,0.0,0.0,N,,N,
04:23,RHIM,31163,410.0,-0.68,1.36,,20.3,21.8,NORMAL,N,0.0,6.782945736434136,20.34883720930241,0.0,0.0,15,0.0,0.0,0.0,0.0,0.0,0.0,0.0,0.0,N,,N,
04:23,KOTAKBANK,1922,388.1,-0.68,1.36,,20.3,21.8,NORMAL,N,0.0,6.781829814459315,20.345489443377943,0.0,0.0,15,0.0,0.0,0.0,0.0,0.0,0.0,0.0,0.0,N,,N,
04:23,HINDALCO,1363,1052.45,-0.67,1.35,,20.2,21.7,NORMAL,N,0.0,6.747829369573296,20.243488108719887,0.0,0.0,15,0.0,0.0,0.0,0.0,0.0,0.0,0.0,0.0,N,,N,
04:23,SYMPHONY,24190,649.65,-0.67,1.35,,20.2,21.7,NORMAL,N,0.0,6.727314425502604,20.181943276507813,0.0,0.0,15,0.0,0.0,0.0,0.0,0.0,0.0,0.0,0.0,N,,N,
04:23,ICICIGI,21770,1611.7,-1.67,3.33,,30.0,31.7,NORMAL,N,0.0,16.656497864551525,30.0,0.0,0.0,15,0.0,0.0,0.0,0.0,0.0,0.0,0.0,0.0,N,,N,
04:23,LOTUSEYE,16807,118.03,-0.66,1.33,,19.9,21.6,NORMAL,N,0.0,6.648712337990171,19.94613701397051,0.0,0.0,15,0.0,0.0,0.0,0.0,0.0,0.0,0.0,0.0,N,,N,
04:23,SCHNEIDER,31234,1345.9,-0.66,1.31,,19.7,21.6,NORMAL,N,0.0,6.569235311484989,19.707705934454967,0.0,0.0,15,0.0,0.0,0.0,0.0,0.0,0.0,0.0,0.0,N,,N,
04:23,GMRAIRPORT,13528,106.5,-0.65,1.31,,19.6,21.5,NORMAL,N,0.0,6.529850746268684,19.58955223880605,0.0,0.0,15,0.0,0.0,0.0,0.0,0.0,0.0,0.0,0.0,Y,NONRESULTS,N,
04:23,SURYAROSNI,3375,250.72,-0.65,1.29,,19.4,21.5,NORMAL,N,0.0,6.459282742223085,19.377848226669254,0.0,0.0,15,0.0,0.0,0.0,0.0,0.0,0.0,0.0,0.0,N,,N,
04:23,MARICO,4067,856.45,-0.64,1.29,,19.3,21.4,NORMAL,N,0.0,6.438515081206444,19.315545243619333,0.0,0.0,15,0.0,0.0,0.0,0.0,0.0,0.0,0.0,0.0,N,,N,
04:23,VISHNU,6908,582.85,-0.64,1.28,,19.2,21.4,NORMAL,N,0.0,6.392771905898398,19.17831571769519,0.0,0.0,15,0.0,0.0,0.0,0.0,0.0,0.0,0.0,0.0,N,,N,
04:23,FDC,4898,367.45,-0.64,1.27,,19.1,21.4,NORMAL,N,0.0,6.35478637101142,19.064359113034257,0.0,0.0,15,0.0,0.0,0.0,0.0,0.0,0.0,0.0,0.0,N,,N,
04:23,BDL,2144,1285.8,-0.63,1.27,,19.0,21.3,NORMAL,N,0.0,6.336939721792926,19.010819165378777,0.0,0.0,15,0.0,0.0,0.0,0.0,0.0,0.0,0.0,0.0,N,,N,
04:23,SYNGENE,10243,401.15,-0.63,1.26,,18.9,21.3,NORMAL,N,0.0,6.316571711667108,18.949715135001323,0.0,0.0,15,0.0,0.0,0.0,0.0,0.0,0.0,0.0,0.0,N,,N,
04:23,KIRIINDUS,16639,425.2,-0.63,1.26,,18.9,21.3,NORMAL,N,0.0,6.309885487263354,18.92965646179006,0.0,0.0,15,0.0,0.0,0.0,0.0,0.0,0.0,0.0,0.0,N,,N,
04:23,PUNJABCHEM,4344,1104.1,-0.63,1.26,,18.9,21.3,NORMAL,N,0.0,6.300063000630008,18.900189001890023,0.0,0.0,15,0.0,0.0,0.0,0.0,0.0,0.0,0.0,0.0,N,,N,
04:23,MOTILALOFS,14947,864.6,-0.62,1.24,,18.6,21.2,NORMAL,N,0.0,6.206896551724111,18.620689655172335,0.0,0.0,15,0.0,0.0,0.0,0.0,0.0,0.0,0.0,0.0,N,,N,
04:23,GARFIBRES,1100,806.85,-0.62,1.23,,18.5,21.2,NORMAL,N,0.0,6.158773172384061,18.476319517152184,0.0,0.0,15,0.0,0.0,0.0,0.0,0.0,0.0,0.0,0.0,N,,N,
04:23,POONAWALLA,11403,477.1,-0.61,1.23,,18.4,21.1,NORMAL,N,0.0,6.1451932090407,18.435579627122102,0.0,0.0,15,0.0,0.0,0.0,0.0,0.0,0.0,0.0,0.0,N,,N,
04:23,BHARTIHEXA,23489,1514.0,-1.61,3.22,,30.0,31.1,NORMAL,N,0.0,16.116454380036362,30.0,0.0,0.0,15,0.0,0.0,0.0,0.0,0.0,0.0,0.0,0.0,N,,N,
04:23,AVANTIFEED,7936,901.1,-0.6,1.2,,18.0,21.0,NORMAL,N,0.0,6.011802989355173,18.035408968065518,0.0,0.0,15,0.0,0.0,0.0,0.0,0.0,0.0,0.0,0.0,N,,N,
04:23,MAITHANALL,24538,967.6,-0.59,1.18,,17.7,20.9,NORMAL,N,0.0,5.907433091899112,17.722299275697335,0.0,0.0,15,0.0,0.0,0.0,0.0,0.0,0.0,0.0,0.0,N,,N,
04:23,COALINDIA,20374,412.8,-0.59,1.18,,17.7,20.9,NORMAL,N,0.0,5.900060204695938,17.700180614087813,0.0,0.0,15,0.0,0.0,0.0,0.0,0.0,0.0,0.0,0.0,N,,N,
04:23,JKPAPER,11860,384.8,-0.58,1.16,,17.4,20.8,NORMAL,N,0.0,5.813202428626793,17.439607285880378,0.0,0.0,15,0.0,0.0,0.0,0.0,0.0,0.0,0.0,0.0,N,,N,
04:23,ATGL,6066,653.75,-0.58,1.16,,17.3,20.8,NORMAL,N,0.0,5.77902821078238,17.337084632347143,0.0,0.0,15,0.0,0.0,0.0,0.0,0.0,0.0,0.0,0.0,N,,N,
04:23,AMBUJACEM,1270,431.5,-0.58,1.15,,17.3,20.8,NORMAL,N,0.0,5.760368663594471,17.281105990783413,0.0,0.0,15,0.0,0.0,0.0,0.0,0.0,0.0,0.0,0.0,N,,N,
04:23,KRBL,10577,376.5,-0.57,1.14,,17.0,20.7,NORMAL,N,0.0,5.678066816321081,17.034200448963244,0.0,0.0,15,0.0,0.0,0.0,0.0,0.0,0.0,0.0,0.0,N,,N,
04:23,SONATSOFTW,6596,316.25,-0.57,1.13,,17.0,20.7,NORMAL,N,0.0,5.659487501965136,16.978462505895408,0.0,0.0,15,0.0,0.0,0.0,0.0,0.0,0.0,0.0,0.0,N,,N,
04:23,RAMKY,20134,404.6,-0.55,1.11,,16.6,20.5,NORMAL,N,0.0,5.530293720044243,16.590881160132728,0.0,0.0,15,0.0,0.0,0.0,0.0,0.0,0.0,0.0,0.0,N,,N,
04:23,EBGNG,757862,522.75,-0.55,1.1,,16.6,20.5,NORMAL,N,0.0,5.516978978407643,16.55093693522293,0.0,0.0,15,0.0,0.0,0.0,0.0,0.0,0.0,0.0,0.0,N,,N,
04:23,PNB,10666,114.2,-0.53,1.06,,15.9,20.3,NORMAL,N,0.0,5.3131260343175635,15.939378102952691,0.0,0.0,15,0.0,0.0,0.0,0.0,0.0,0.0,0.0,0.0,N,,N,
04:23,PREMIERENE,25049,1041.7,-0.53,1.05,,15.8,20.3,NORMAL,N,0.0,5.252100840336134,15.7563025210084,0.0,0.0,15,0.0,0.0,0.0,0.0,0.0,0.0,0.0,0.0,N,,N,
04:23,ADANIPOWER,17388,207.92,-0.52,1.03,,15.5,20.2,NORMAL,N,0.0,5.167464114832596,15.502392344497789,0.0,0.0,15,0.0,0.0,0.0,0.0,0.0,0.0,0.0,0.0,N,,N,
04:23,PARADEEP,9741,148.68,-0.52,1.03,,15.5,20.2,NORMAL,N,0.0,5.152224824355851,15.45667447306755,0.0,0.0,15,0.0,0.0,0.0,0.0,0.0,0.0,0.0,0.0,N,,N,
04:23,JUBLINGREA,2783,736.6,-0.49,0.99,,14.8,19.9,NORMAL,N,0.0,4.930766632894262,14.792299898682785,0.0,0.0,15,0.0,0.0,0.0,0.0,0.0,0.0,0.0,0.0,N,,N,
04:23,MARKSANS,10579,272.5,-0.49,0.99,,14.8,19.9,NORMAL,N,0.0,4.929706043454529,14.789118130363587,0.0,0.0,15,0.0,0.0,0.0,0.0,0.0,0.0,0.0,0.0,N,,N,
04:23,KARURVYSYA,1838,333.9,-0.49,0.98,,14.8,19.9,NORMAL,N,0.0,4.917299955297375,14.751899865892126,0.0,0.0,15,0.0,0.0,0.0,0.0,0.0,0.0,0.0,0.0,N,,N,
04:23,HOMEFIRST,2056,1188.0,-0.49,0.97,,14.6,19.9,NORMAL,N,0.0,4.858435248785352,14.575305746356058,0.0,0.0,15,0.0,0.0,0.0,0.0,0.0,0.0,0.0,0.0,N,,N,
04:23,JTEKTINDIA,3237,139.14,-0.47,0.94,,14.2,19.7,NORMAL,N,0.0,4.721030042918633,14.163090128755899,0.0,0.0,15,0.0,0.0,0.0,0.0,0.0,0.0,0.0,0.0,N,,N,
04:23,SUNTECK,17641,297.75,-0.47,0.94,,14.0,19.7,NORMAL,N,0.0,4.679926458298437,14.03977937489531,0.0,0.0,15,0.0,0.0,0.0,0.0,0.0,0.0,0.0,0.0,N,,N,
04:23,METROPOLIS,9581,560.7,-0.44,0.89,,13.3,19.4,NORMAL,N,0.0,4.438920454545454,13.316761363636363,0.0,0.0,15,0.0,0.0,0.0,0.0,0.0,0.0,0.0,0.0,N,,N,
04:23,AWL,8110,196.63,-0.44,0.88,,13.2,19.4,NORMAL,N,0.0,4.405063291139263,13.21518987341779,0.0,0.0,15,0.0,0.0,0.0,0.0,0.0,0.0,0.0,0.0,N,,N,
04:23,INDUSINDBK,5258,1017.5,-0.44,0.88,,13.2,19.4,NORMAL,N,0.0,4.403131115459883,13.209393346379647,0.0,0.0,15,0.0,0.0,0.0,0.0,0.0,0.0,0.0,0.0,N,,N,
04:23,MAXHEALTH,22377,1065.5,-0.42,0.84,,12.6,19.2,NORMAL,Y,0.0,4.205607476635514,12.616822429906541,0.0,0.0,15,0.0,0.0,0.0,0.0,0.0,0.0,0.0,0.0,N,,N,
04:23,GROWW,759806,189.7,-0.42,0.84,,12.6,19.2,NORMAL,N,0.0,4.199475065616858,12.598425196850574,0.0,0.0,15,0.0,0.0,0.0,0.0,0.0,0.0,0.0,0.0,N,,N,
04:23,ASTRAL,14418,1438.0,-0.42,0.83,,12.5,19.2,NORMAL,N,0.0,4.1551246537396125,12.465373961218837,0.0,0.0,15,0.0,0.0,0.0,0.0,0.0,0.0,0.0,0.0,N,,N,
04:23,MGL,17534,1135.1,-0.39,0.79,,11.8,18.9,NORMAL,N,0.0,3.9487539487539487,11.846261846261847,0.0,0.0,15,0.0,0.0,0.0,0.0,0.0,0.0,0.0,0.0,N,,N,
04:23,MASFIN,199,301.0,-0.38,0.76,,11.4,18.8,NORMAL,N,0.0,3.8060565944066767,11.41816978322003,0.0,0.0,15,0.0,0.0,0.0,0.0,0.0,0.0,0.0,0.0,N,,N,
04:23,ABCAPITAL,21614,406.5,-0.38,0.76,,11.4,18.8,NORMAL,N,0.0,3.7985540987624344,11.395662296287304,0.0,0.0,15,0.0,0.0,0.0,0.0,0.0,0.0,0.0,0.0,N,,N,
04:23,GICRE,277,355.85,-0.38,0.76,,11.3,18.8,NORMAL,N,0.0,3.779395296752424,11.338185890257272,0.0,0.0,15,0.0,0.0,0.0,0.0,0.0,0.0,0.0,0.0,N,,N,
04:23,NUCLEUS,10791,695.65,-0.37,0.74,,11.2,18.7,NORMAL,N,0.0,3.7235947010383423,11.170784103115027,0.0,0.0,15,0.0,0.0,0.0,0.0,0.0,0.0,0.0,0.0,N,,N,
04:23,JIOFIN,18143,255.85,-0.37,0.74,,11.1,18.7,NORMAL,N,0.0,3.6993769470405646,11.098130841121694,0.0,0.0,15,0.0,0.0,0.0,0.0,0.0,0.0,0.0,0.0,N,,N,
04:23,LICHSGFIN,1997,502.4,-0.37,0.73,,11.0,18.7,NORMAL,N,0.0,3.668815071888989,11.006445215666966,0.0,0.0,15,0.0,0.0,0.0,0.0,0.0,0.0,0.0,0.0,N,,N,
04:23,SAKSOFT,11794,164.45,-0.36,0.73,,10.9,18.6,NORMAL,N,0.0,3.6352620418056514,10.905786125416954,0.0,0.0,15,0.0,0.0,0.0,0.0,0.0,0.0,0.0,0.0,N,,Y,NONRESULTS
04:23,GRINFRA,5054,867.55,-0.36,0.72,,10.9,18.6,NORMAL,N,0.0,3.617778798667843,10.85333639600353,0.0,0.0,15,0.0,0.0,0.0,0.0,0.0,0.0,0.0,0.0,N,,N,
04:23,ITDC,19299,699.25,-0.36,0.71,,10.7,18.6,NORMAL,N,0.0,3.562522265764161,10.687566797292483,0.0,0.0,15,0.0,0.0,0.0,0.0,0.0,0.0,0.0,0.0,N,,N,
04:23,SBFC,18026,92.98,-1.35,2.69,,30.0,28.5,NORMAL,N,0.0,13.474801061007915,30.0,0.0,0.0,15,0.0,0.0,0.0,0.0,0.0,0.0,0.0,0.0,N,,N,
04:23,INTELLECT,5926,718.9,-0.34,0.68,,10.2,18.4,NORMAL,N,0.0,3.3964095099466904,10.189228529840072,0.0,0.0,15,0.0,0.0,0.0,0.0,0.0,0.0,0.0,0.0,N,,N,
04:23,CDSL,21174,1323.5,-0.34,0.68,,10.2,18.4,NORMAL,N,0.0,3.38855421686747,10.16566265060241,0.0,0.0,15,0.0,0.0,0.0,0.0,0.0,0.0,0.0,0.0,N,,N,
04:23,DRREDDY,881,1168.1,-0.33,0.67,,10.0,18.3,NORMAL,N,0.0,3.327645051194617,9.98293515358385,0.0,0.0,15,0.0,0.0,0.0,0.0,0.0,0.0,0.0,0.0,N,,N,
04:23,NYKAA,6545,330.9,-0.33,0.66,,9.9,18.3,NORMAL,N,0.0,3.313253012048261,9.939759036144784,0.0,0.0,15,0.0,0.0,0.0,0.0,0.0,0.0,0.0,0.0,N,,N,
04:23,NESCO,15409,1043.7,-0.32,0.65,,9.7,18.2,NORMAL,N,0.0,3.247063317734566,9.741189953203698,0.0,0.0,15,0.0,0.0,0.0,0.0,0.0,0.0,0.0,0.0,N,,N,
04:23,RAJRATAN,18962,523.3,-0.32,0.65,,9.7,18.2,NORMAL,N,0.0,3.2380952380953243,9.714285714285973,0.0,0.0,15,0.0,0.0,0.0,0.0,0.0,0.0,0.0,0.0,N,,N,
04:23,TNPL,3980,156.11,-0.31,0.63,,9.4,18.1,NORMAL,N,0.0,3.1289910600254194,9.386973180076259,0.0,0.0,15,0.0,0.0,0.0,0.0,0.0,0.0,0.0,0.0,N,,N,
04:23,KSB,1949,781.8,-0.31,0.62,,9.4,18.1,NORMAL,N,0.0,3.124003825310864,9.372011475932593,0.0,0.0,15,0.0,0.0,0.0,0.0,0.0,0.0,0.0,0.0,N,,N,
04:23,GUJGASLTD,10599,264.5,-0.3,0.6,,9.0,18.0,NORMAL,N,0.0,3.0154542027893374,9.046362608368014,0.0,0.0,15,0.0,0.0,0.0,0.0,0.0,0.0,0.0,0.0,N,,N,
04:23,TOKYOPLAST,9710,80.0,-1.23,2.47,,30.0,27.3,NORMAL,N,0.0,12.345679012345677,30.0,0.0,0.0,15,0.0,0.0,0.0,0.0,0.0,0.0,0.0,0.0,N,,N,
04:23,RAINBOW,9408,1539.6,-1.1,2.2,,30.0,26.0,NORMAL,N,0.0,10.984775486606372,30.0,0.0,0.0,15,0.0,0.0,0.0,0.0,0.0,0.0,0.0,0.0,N,,N,
04:23,ZFCVINDIA,16915,2608.5,-1.09,2.18,,30.0,25.9,NORMAL,N,0.0,10.882754436523516,30.0,0.0,0.0,15,0.0,0.0,0.0,0.0,0.0,0.0,0.0,0.0,N,,N,
04:23,DOMS,20551,2237.6,-1.02,2.03,,30.0,25.2,NORMAL,N,0.0,10.174290011501373,30.0,0.0,0.0,15,0.0,0.0,0.0,0.0,0.0,0.0,0.0,0.0,N,,N,
04:23,PRESTIGE,20302,1568.8,-1.01,2.02,,30.0,25.1,NORMAL,N,0.0,10.095911155981826,30.0,0.0,0.0,15,0.0,0.0,0.0,0.0,0.0,0.0,0.0,0.0,N,,N,
04:23,IPCALAB,1633,1718.6,-0.99,1.98,,29.7,24.9,NORMAL,N,0.0,9.908975688443395,29.726927065330184,0.0,0.0,15,0.0,0.0,0.0,0.0,0.0,0.0,0.0,0.0,N,,N,
04:23,NBCC,31415,94.41,-0.97,1.93,,29.0,24.7,NORMAL,N,0.0,9.650687086961101,28.952061260883305,0.0,0.0,15,0.0,0.0,0.0,0.0,0.0,0.0,0.0,0.0,N,,N,
04:23,KIRLOSBROS,18581,1884.4,-0.91,1.82,,27.3,24.1,NORMAL,N,0.0,9.09712362622914,27.29137087868742,0.0,0.0,15,0.0,0.0,0.0,0.0,0.0,0.0,0.0,0.0,N,,N,
04:23,PIIND,24184,2750.0,-0.89,1.77,,26.6,23.9,NORMAL,N,0.0,8.866142867440319,26.598428602320958,0.0,0.0,15,0.0,0.0,0.0,0.0,0.0,0.0,0.0,0.0,N,,N,
04:23,TIMKEN,14198,3315.5,-0.83,1.65,,24.8,23.3,NORMAL,N,0.0,8.255810475307323,24.767431425921963,0.0,0.0,15,0.0,0.0,0.0,0.0,0.0,0.0,0.0,0.0,N,,N,
04:23,WAAREEENER,25907,2694.7,-0.82,1.64,,24.6,23.2,NORMAL,N,0.0,8.207581891792486,24.62274567537746,0.0,0.0,15,0.0,0.0,0.0,0.0,0.0,0.0,0.0,0.0,N,,N,
04:23,ADANIENT,25,2995.7,-0.8,1.61,,24.1,23.0,NORMAL,N,0.0,8.046357615894099,24.1390728476823,0.0,0.0,15,0.0,0.0,0.0,0.0,0.0,0.0,0.0,0.0,N,,N,
04:23,WABAG,20188,1942.0,-0.8,1.6,,24.1,23.0,NORMAL,N,0.0,8.019614854165626,24.058844562496876,0.0,0.0,15,0.0,0.0,0.0,0.0,0.0,0.0,0.0,0.0,N,,N,
04:23,ADANIPORTS,15083,1680.0,-0.8,1.59,,23.9,23.0,NORMAL,N,0.0,7.971656333038088,23.91496899911426,0.0,0.0,15,0.0,0.0,0.0,0.0,0.0,0.0,0.0,0.0,N,,N,
04:23,NITTAGELA,762824,1709.3,-0.79,1.58,,23.7,22.9,NORMAL,N,0.0,7.893667653375203,23.681002960125607,0.0,0.0,15,0.0,0.0,0.0,0.0,0.0,0.0,0.0,0.0,N,,N,
04:23,BAJAJHFL,25270,85.14,-0.76,1.52,,22.7,22.6,NORMAL,N,0.0,7.576640634106605,22.729921902319816,0.0,0.0,15,0.0,0.0,0.0,0.0,0.0,0.0,0.0,0.0,N,,N,
04:23,SBILIFE,21808,1842.4,-0.71,1.41,,21.2,22.1,NORMAL,N,0.0,7.0600916195095165,21.18027485852855,0.0,0.0,15,0.0,0.0,0.0,0.0,0.0,0.0,0.0,0.0,N,,N,
04:23,MOREPENLAB,2259,79.7,-0.69,1.37,,20.6,21.9,NORMAL,N,0.0,6.853582554517097,20.560747663551293,0.0,0.0,15,0.0,0.0,0.0,0.0,0.0,0.0,0.0,0.0,N,,N,
04:23,BHARTIARTL,10604,1946.6,-0.68,1.36,,20.4,21.8,NORMAL,N,0.0,6.786060513291587,20.358181539874764,0.0,0.0,15,0.0,0.0,0.0,0.0,0.0,0.0,0.0,0.0,N,,N,
04:23,HINDUNILVR,1394,2081.8,-0.68,1.35,,20.3,21.8,NORMAL,N,0.0,6.7748091603052565,20.32442748091577,0.0,0.0,15,0.0,0.0,0.0,0.0,0.0,0.0,0.0,0.0,N,,N,
04:23,IRFC,2029,88.15,-0.68,1.35,,20.3,21.8,NORMAL,N,0.0,6.760563380281627,20.28169014084488,0.0,0.0,15,0.0,0.0,0.0,0.0,0.0,0.0,0.0,0.0,N,,N,
04:23,COLPAL,15141,2016.6,-0.66,1.32,,19.8,21.6,NORMAL,N,0.0,6.600985221674922,19.802955665024765,0.0,0.0,15,0.0,0.0,0.0,0.0,0.0,0.0,0.0,0.0,N,,N,
04:23,BAJAJFINSV,16675,1996.2,-0.63,1.26,,19.0,21.3,NORMAL,N,0.0,6.321867688784929,18.965603066354788,0.0,0.0,15,0.0,0.0,0.0,0.0,0.0,0.0,0.0,0.0,N,,N,
04:23,IDBI,1476,83.74,-0.57,1.14,,17.1,20.7,NORMAL,N,0.0,5.699358822132558,17.09807646639767,0.0,0.0,15,0.0,0.0,0.0,0.0,0.0,0.0,0.0,0.0,N,,N,
04:23,COCHINSHIP,21508,1511.3,-0.55,1.11,,16.6,20.5,NORMAL,N,0.0,5.527406725011575,16.582220175034728,0.0,0.0,15,0.0,0.0,0.0,0.0,0.0,0.0,0.0,0.0,N,,N,
04:23,MAZDOCK,509,2501.0,-0.55,1.11,,16.6,20.5,NORMAL,N,0.0,5.5270587299694185,16.581176189908255,0.0,0.0,15,0.0,0.0,0.0,0.0,0.0,0.0,0.0,0.0,N,,N,
04:23,IFCI,1491,73.58,-0.54,1.08,,16.2,20.4,NORMAL,N,0.0,5.40686672073541,16.22060016220623,0.0,0.0,15,0.0,0.0,0.0,0.0,0.0,0.0,0.0,0.0,N,,N,
04:23,HDFCAMC,4244,2532.3,-0.5,1.0,,15.0,20.0,NORMAL,N,0.0,4.990176817288731,14.970530451866193,0.0,0.0,15,0.0,0.0,0.0,0.0,0.0,0.0,0.0,0.0,N,,N,
04:23,POLICYBZR,6656,1596.9,-0.47,0.95,,14.2,19.7,NORMAL,N,0.0,4.736678092863763,14.21003427859129,0.0,0.0,15,0.0,0.0,0.0,0.0,0.0,0.0,0.0,0.0,N,,N,
04:23,TATACOMM,3721,1747.0,-0.47,0.93,,14.0,19.7,NORMAL,N,0.0,4.671832269826827,14.01549680948048,0.0,0.0,15,0.0,0.0,0.0,0.0,0.0,0.0,0.0,0.0,N,,N,
04:23,ADANIENSOL,10217,1622.6,-0.46,0.92,,13.8,19.6,NORMAL,N,0.0,4.6009447273173425,13.802834181952027,0.0,0.0,15,0.0,0.0,0.0,0.0,0.0,0.0,0.0,0.0,N,,N,
04:23,SJVN,18883,67.66,-0.44,0.88,,13.2,19.4,NORMAL,N,0.0,4.414361389052343,13.243084167157027,0.0,0.0,15,0.0,0.0,0.0,0.0,0.0,0.0,0.0,0.0,N,,N,
04:23,ESCORTS,958,3067.6,-0.43,0.87,,13.0,19.3,NORMAL,N,0.0,4.349237260629695,13.047711781889086,0.0,0.0,15,0.0,0.0,0.0,0.0,0.0,0.0,0.0,0.0,N,,N,
04:23,SRF,3273,2603.9,-0.42,0.85,,12.7,19.2,NORMAL,N,0.0,4.244741873804936,12.73422562141481,0.0,0.0,15,0.0,0.0,0.0,0.0,0.0,0.0,0.0,0.0,N,,N,
04:23,LLOYDSME,17313,2092.6,-0.41,0.82,,12.3,19.1,NORMAL,N,0.0,4.092899295640544,12.278697886921632,0.0,0.0,15,0.0,0.0,0.0,0.0,0.0,0.0,0.0,0.0,N,,Y,NONRESULTS
04:23,ZEEL,3812,93.85,-0.36,0.72,,10.8,18.6,NORMAL,N,0.0,3.6097250238879224,10.829175071663768,0.0,0.0,15,0.0,0.0,0.0,0.0,0.0,0.0,0.0,0.0,N,,N,
04:23,ASIANPAINT,236,2725.4,-0.35,0.7,,10.5,18.5,NORMAL,N,0.0,3.5100548446069135,10.530164533820741,0.0,0.0,15,0.0,0.0,0.0,0.0,0.0,0.0,0.0,0.0,N,,N,
04:23,SUPREMEINF,15002,91.06,-0.33,0.66,,9.9,18.3,NORMAL,N,0.0,3.28371278458841,9.851138353765231,0.0,0.0,15,0.0,0.0,0.0,0.0,0.0,0.0,0.0,0.0,N,,N,
04:23,OBEROIRLTY,20242,1769.3,-0.32,0.64,,9.6,18.2,NORMAL,N,0.0,3.2112676056338287,9.633802816901486,0.0,0.0,15,0.0,0.0,0.0,0.0,0.0,0.0,0.0,0.0,N,,N,
04:23,SUPRAJIT,11689,546.7,4.77,9.54,,75.0,0.0,NORMAL,Y,30.0,0.0,30.0,0.0,15,0.0,0.0,0.0,0.0,0.0,0.0,0.0,0.0,0.0,N,,N,
04:23,ANTHEM,757885,858.2,2.05,4.09,,65.5,0.0,NORMAL,N,20.4518430439953,0.0,30.0,0.0,15,0.0,0.0,0.0,0.0,0.0,0.0,0.0,0.0,0.0,N,,N,
04:23,VIPIND,3703,321.3,2.0,4.0,,65.0,0.0,NORMAL,N,20.000000000000036,0.0,30.0,0.0,15,0.0,0.0,0.0,0.0,0.0,0.0,0.0,0.0,0.0,N,,N,
04:23,SANSERA,5751,3915.7,3.39,6.78,,75.0,0.0,NORMAL,N,30.0,0.0,30.0,0.0,15,0.0,0.0,0.0,0.0,0.0,0.0,0.0,0.0,0.0,N,,N,
04:23,RATNAMANI,13451,2266.0,3.11,6.22,,75.0,0.0,NORMAL,Y,30.0,0.0,30.0,0.0,15,0.0,0.0,0.0,0.0,0.0,0.0,0.0,0.0,0.0,N,,N,
04:37,HISARMETAL,19322,162.79,7.08,14.17,,75.0,0.0,NORMAL,Y,30.0,0.0,30.0,0.0,15,0.0,0.0,0.0,0.0,0.0,0.0,0.0,0.0,0.0,Y,NONRESULTS,N,
04:37,ZENITHEXPO,4176,231.8,7.06,14.12,,75.0,0.0,NORMAL,Y,30.0,0.0,30.0,0.0,15,0.0,0.0,0.0,0.0,0.0,0.0,0.0,0.0,0.0,N,,N,
04:37,SUPRAJIT,11689,544.35,4.32,8.64,,75.0,0.0,NORMAL,Y,30.0,0.0,30.0,0.0,15,0.0,0.0,0.0,0.0,0.0,0.0,0.0,0.0,0.0,N,,N,
04:37,RAMCOCEM,2043,972.65,4.16,8.32,,75.0,0.0,NORMAL,Y,30.0,0.0,30.0,0.0,15,0.0,0.0,0.0,0.0,0.0,0.0,0.0,0.0,0.0,N,,N,
04:37,NELCO,2388,996.9,3.96,7.93,,75.0,0.0,NORMAL,N,30.0,0.0,30.0,0.0,15,0.0,0.0,0.0,0.0,0.0,0.0,0.0,0.0,0.0,N,,N,
04:37,PAYTM,6705,1498.4,3.94,7.88,,75.0,0.0,NORMAL,N,30.0,0.0,30.0,0.0,15,0.0,0.0,0.0,0.0,0.0,0.0,0.0,0.0,0.0,N,,N,
04:37,SCHNEIDER,31234,1404.1,3.64,7.28,,75.0,0.0,NORMAL,Y,30.0,0.0,30.0,0.0,15,0.0,0.0,0.0,0.0,0.0,0.0,0.0,0.0,0.0,N,,N,
04:37,TRIVENI,13081,241.3,3.46,6.93,,75.0,0.0,NORMAL,N,30.0,0.0,30.0,0.0,15,0.0,0.0,0.0,0.0,0.0,0.0,0.0,0.0,0.0,N,,N,
04:37,IONEXCHANG,1630,383.5,3.2,6.4,,75.0,0.0,NORMAL,N,30.0,0.0,30.0,0.0,15,0.0,0.0,0.0,0.0,0.0,0.0,0.0,0.0,0.0,N,,Y,NONRESULTS
04:37,SHILPAMED,17752,783.8,3.17,6.33,,75.0,0.0,NORMAL,N,30.0,0.0,30.0,0.0,15,0.0,0.0,0.0,0.0,0.0,0.0,0.0,0.0,0.0,N,,N,
04:37,HCG,15555,696.65,3.08,6.16,,75.0,0.0,NORMAL,N,30.0,0.0,30.0,0.0,15,0.0,0.0,0.0,0.0,0.0,0.0,0.0,0.0,0.0,N,,N,
04:37,PDSL,5264,372.75,3.01,6.02,,75.0,0.0,NORMAL,N,30.0,0.0,30.0,0.0,15,0.0,0.0,0.0,0.0,0.0,0.0,0.0,0.0,0.0,Y,NONRESULTS,N,
04:37,KAJARIACER,1808,1201.5,2.93,5.86,,74.3,0.0,NORMAL,N,29.298380878951466,0.0,30.0,0.0,15,0.0,0.0,0.0,0.0,0.0,0.0,0.0,0.0,0.0,N,,N,
04:37,MAHLOG,385,414.2,2.86,5.71,,73.6,0.0,NORMAL,N,28.5572386391855,0.0,30.0,0.0,15,0.0,0.0,0.0,0.0,0.0,0.0,0.0,0.0,0.0,N,,N,
04:37,NAUKRI,13751,1258.2,2.69,5.37,,71.9,0.0,NORMAL,N,26.85056720803076,0.0,30.0,0.0,15,0.0,0.0,0.0,0.0,0.0,0.0,0.0,0.0,0.0,N,,N,
04:37,VARROC,3857,829.85,2.3,4.6,,68.0,0.0,NORMAL,Y,22.99063116370806,0.0,30.0,0.0,15,0.0,0.0,0.0,0.0,0.0,0.0,0.0,0.0,0.0,N,,N,
04:37,SHIVALIK,7026,260.0,2.16,4.32,,66.6,0.0,NORMAL,N,21.611001964636543,0.0,30.0,0.0,15,0.0,0.0,0.0,0.0,0.0,0.0,0.0,0.0,0.0,N,,N,
04:37,OIL,17438,452.35,2.16,4.31,,66.6,0.0,NORMAL,N,21.567299006323424,0.0,30.0,0.0,15,0.0,0.0,0.0,0.0,0.0,0.0,0.0,0.0,0.0,N,,N,
04:37,PIXTRANS,9087,1922.7,11.97,23.93,,75.0,0.0,NORMAL,Y,30.0,0.0,30.0,0.0,15,0.0,0.0,0.0,0.0,0.0,0.0,0.0,0.0,0.0,N,,N,
04:37,GRASIM,1232,3377.0,4.88,9.75,,75.0,0.0,NORMAL,Y,30.0,0.0,30.0,0.0,15,0.0,0.0,0.0,0.0,0.0,0.0,0.0,0.0,0.0,N,,N,
04:37,BEML,395,1863.1,4.21,8.42,,75.0,0.0,NORMAL,Y,30.0,0.0,30.0,0.0,15,0.0,0.0,0.0,0.0,0.0,0.0,0.0,0.0,0.0,N,,N,
04:37,SANSERA,5751,3911.5,3.28,6.56,,75.0,0.0,NORMAL,N,30.0,0.0,30.0,0.0,15,0.0,0.0,0.0,0.0,0.0,0.0,0.0,0.0,0.0,N,,N,
04:37,M&M,2031,3514.5,3.19,6.37,,75.0,0.0,NORMAL,N,30.0,0.0,30.0,0.0,15,0.0,0.0,0.0,0.0,0.0,0.0,0.0,0.0,0.0,N,,N,
04:37,PINELABS,759820,157.45,1.95,3.9,,64.5,0.0,NORMAL,N,19.489769489769433,0.0,30.0,0.0,15,0.0,0.0,0.0,0.0,0.0,0.0,0.0,0.0,0.0,N,,N,
04:37,KALYANKJIL,2955,617.85,1.9,3.81,,64.0,0.0,NORMAL,N,19.049975259772502,0.0,30.0,0.0,15,0.0,0.0,0.0,0.0,0.0,0.0,0.0,0.0,0.0,N,,N,
04:37,SHREEPUSHK,10588,414.8,1.89,3.78,,63.9,0.0,NORMAL,N,18.914271677720432,0.0,30.0,0.0,15,0.0,0.0,0.0,0.0,0.0,0.0,0.0,0.0,0.0,N,,N,
04:37,VIPIND,3703,320.75,1.83,3.65,,63.3,0.0,NORMAL,N,18.253968253968253,0.0,30.0,0.0,15,0.0,0.0,0.0,0.0,0.0,0.0,0.0,0.0,0.0,N,,N,
04:37,TATASTEEL,3499,190.96,1.82,3.64,,63.2,0.0,NORMAL,N,18.181818181818162,0.0,30.0,0.0,15,0.0,0.0,0.0,0.0,0.0,0.0,0.0,0.0,0.0,N,,N,
04:37,KNRCON,15283,142.5,1.79,3.59,,62.9,0.0,NORMAL,N,17.9298521322951,0.0,30.0,0.0,15,0.0,0.0,0.0,0.0,0.0,0.0,0.0,0.0,0.0,N,,N,
04:37,WELSPUNLIV,11253,167.0,1.77,3.55,,62.7,0.0,NORMAL,N,17.73417027241146,0.0,30.0,0.0,15,0.0,0.0,0.0,0.0,0.0,0.0,0.0,0.0,0.0,N,,N,
04:37,FINCABLES,1038,1042.6,1.75,3.5,,62.5,0.0,NORMAL,Y,17.518176938466613,0.0,30.0,0.0,15,0.0,0.0,0.0,0.0,0.0,0.0,0.0,0.0,0.0,N,,N,
04:37,ANTHEM,757885,855.45,1.72,3.44,,62.2,0.0,NORMAL,N,17.181926278240244,0.0,30.0,0.0,15,0.0,0.0,0.0,0.0,0.0,0.0,0.0,0.0,0.0,N,,N,
04:37,HFCL,21951,211.55,1.72,3.43,,62.2,0.0,NORMAL,N,17.165112030002987,0.0,30.0,0.0,15,0.0,0.0,0.0,0.0,0.0,0.0,0.0,0.0,0.0,N,,N,
04:37,BRIGADE,15184,591.9,1.71,3.42,,62.1,0.0,NORMAL,N,17.097688804880026,0.0,30.0,0.0,15,0.0,0.0,0.0,0.0,0.0,0.0,0.0,0.0,0.0,N,,N,
04:37,ENGINERSIN,4907,244.56,1.65,3.29,,61.5,0.0,NORMAL,N,16.458852867830455,0.0,30.0,0.0,15,0.0,0.0,0.0,0.0,0.0,0.0,0.0,0.0,0.0,N,,N,
04:37,UNICHEMLAB,3579,497.5,1.58,3.16,,60.8,0.0,NORMAL,N,15.82440020418581,0.0,30.0,0.0,15,0.0,0.0,0.0,0.0,0.0,0.0,0.0,0.0,0.0,N,,N,
04:37,RAYMOND,2859,624.5,1.55,3.11,,60.5,0.0,NORMAL,N,15.52971786324084,0.0,30.0,0.0,15,0.0,0.0,0.0,0.0,0.0,0.0,0.0,0.0,0.0,N,,N,
04:37,LENSKART,759605,578.5,1.54,3.09,,60.4,0.0,NORMAL,N,15.446726347200201,0.0,30.0,0.0,15,0.0,0.0,0.0,0.0,0.0,0.0,0.0,0.0,0.0,N,,N,
04:37,MONTECARLO,5938,507.0,1.46,2.92,,59.6,0.0,NORMAL,N,14.608765259155515,0.0,30.0,0.0,15,0.0,0.0,0.0,0.0,0.0,0.0,0.0,0.0,0.0,N,,N,
04:37,LXCHEM,2841,178.2,1.46,2.92,,59.6,0.0,NORMAL,N,14.575267592803476,0.0,30.0,0.0,15,0.0,0.0,0.0,0.0,0.0,0.0,0.0,0.0,0.0,N,,N,
04:37,JKIL,15266,506.15,1.45,2.91,,59.5,0.0,NORMAL,N,14.531970334736421,0.0,30.0,0.0,15,0.0,0.0,0.0,0.0,0.0,0.0,0.0,0.0,0.0,N,,N,
04:37,MEDANTA,11956,1476.7,1.45,2.9,,59.5,0.0,NORMAL,N,14.49574058807374,0.0,30.0,0.0,15,0.0,0.0,0.0,0.0,0.0,0.0,0.0,0.0,0.0,N,,N,
04:37,JSWINFRA,19020,340.5,1.41,2.83,,59.1,0.0,NORMAL,N,14.147431124348474,0.0,30.0,0.0,15,0.0,0.0,0.0,0.0,0.0,0.0,0.0,0.0,0.0,N,,N,
04:37,NARMADA,6364,386.3,1.39,2.78,,58.9,0.0,NORMAL,N,13.910761154855672,0.0,30.0,0.0,15,0.0,0.0,0.0,0.0,0.0,0.0,0.0,0.0,0.0,N,,N,
04:37,JUBLPHARMA,3637,944.75,1.37,2.74,,58.7,0.0,NORMAL,N,13.680257510729614,0.0,30.0,0.0,15,0.0,0.0,0.0,0.0,0.0,0.0,0.0,0.0,0.0,N,,N,
04:37,APCL,20453,103.5,1.33,2.66,,58.3,0.0,NORMAL,N,13.315057763853527,0.0,30.0,0.0,15,0.0,0.0,0.0,0.0,0.0,0.0,0.0,0.0,0.0,N,,N,
04:37,HEG,1336,682.9,1.32,2.64,,58.2,0.0,NORMAL,N,13.20474777448068,0.0,30.0,0.0,15,0.0,0.0,0.0,0.0,0.0,0.0,0.0,0.0,0.0,N,,N,
04:37,SAIL,2963,178.88,1.3,2.61,,58.0,0.0,NORMAL,N,13.02525767357562,0.0,30.0,0.0,15,0.0,0.0,0.0,0.0,0.0,0.0,0.0,0.0,0.0,N,,N,
04:37,USHAMART,8840,521.75,1.3,2.6,,58.0,0.0,NORMAL,N,13.008445781963005,0.0,30.0,0.0,15,0.0,0.0,0.0,0.0,0.0,0.0,0.0,0.0,0.0,N,,N,
04:37,ZUARI,29050,230.48,1.29,2.58,,57.9,0.0,NORMAL,N,12.876290925071316,0.0,30.0,0.0,15,0.0,0.0,0.0,0.0,0.0,0.0,0.0,0.0,0.0,N,,N,
04:37,SARDAEN,17758,504.0,1.29,2.57,,57.9,0.0,NORMAL,N,12.861736334405098,0.0,30.0,0.0,15,0.0,0.0,0.0,0.0,0.0,0.0,0.0,0.0,0.0,N,,N,
04:37,TMCV,759782,458.75,1.25,2.49,,57.5,0.0,NORMAL,N,12.469653498123986,0.0,30.0,0.0,15,0.0,0.0,0.0,0.0,0.0,0.0,0.0,0.0,0.0,N,,N,
04:37,MAHSEAMLES,2088,596.5,1.15,2.31,,56.5,0.0,NORMAL,N,11.531287095133042,0.0,30.0,0.0,15,0.0,0.0,0.0,0.0,0.0,0.0,0.0,0.0,0.0,N,,N,
04:37,BSOFT,6994,322.1,1.13,2.26,,56.3,0.0,NORMAL,N,11.302982731554232,0.0,30.0,0.0,15,0.0,0.0,0.0,0.0,0.0,0.0,0.0,0.0,0.0,N,,N,
04:37,BECTORFOOD,1628,226.87,1.1,2.2,,56.0,0.0,NORMAL,N,11.007130124777179,0.0,30.0,0.0,15,0.0,0.0,0.0,0.0,0.0,0.0,0.0,0.0,0.0,N,,N,
04:37,PNBHOUSING,18908,1155.2,1.07,2.13,,55.7,0.0,NORMAL,N,10.673665791776068,0.0,30.0,0.0,15,0.0,0.0,0.0,0.0,0.0,0.0,0.0,0.0,0.0,N,,N,
04:37,LTF,24948,311.25,1.06,2.11,,55.6,0.0,NORMAL,N,10.551948051948052,0.0,30.0,0.0,15,0.0,0.0,0.0,0.0,0.0,0.0,0.0,0.0,0.0,N,,N,
04:37,ASTERDM,1508,878.85,1.05,2.1,,55.5,0.0,NORMAL,N,10.520869265263858,0.0,30.0,0.0,15,0.0,0.0,0.0,0.0,0.0,0.0,0.0,0.0,0.0,N,,N,
04:37,GLAND,1186,2654.3,2.05,4.1,,65.5,0.0,NORMAL,N,20.49211841599392,0.0,30.0,0.0,15,0.0,0.0,0.0,0.0,0.0,0.0,0.0,0.0,0.0,N,,N,
04:37,IIFL,11809,618.15,1.05,2.09,,55.5,0.0,NORMAL,N,10.461789946873687,0.0,30.0,0.0,15,0.0,0.0,0.0,0.0,0.0,0.0,0.0,0.0,0.0,N,,N,
04:37,LTTS,18564,3628.0,2.04,4.08,,65.4,0.0,NORMAL,N,20.41964335939695,0.0,30.0,0.0,15,0.0,0.0,0.0,0.0,0.0,0.0,0.0,0.0,0.0,N,,N,
04:37,BALRAMCHIN,341,639.85,1.01,2.02,,55.1,0.0,NORMAL,N,10.103402004893798,0.0,30.0,0.0,15,0.0,0.0,0.0,0.0,0.0,0.0,0.0,0.0,0.0,N,,N,
04:37,JINDALSTEL,6733,1114.0,1.0,1.99,,54.9,0.0,NORMAL,N,9.972801450589301,0.0,29.918404351767904,0.0,15,0.0,0.0,0.0,0.0,0.0,0.0,0.0,0.0,0.0,N,,N,
04:37,EPACKPEB,759251,248.7,0.97,1.95,,54.0,0.0,NORMAL,N,9.744214372716106,0.0,29.23264311814832,0.0,15,0.0,0.0,0.0,0.0,0.0,0.0,0.0,0.0,0.0,N,,N,
04:37,ABDL,24308,605.0,0.96,1.92,,53.4,0.0,NORMAL,N,9.595327492699207,0.0,28.785982478097623,0.0,15,0.0,0.0,0.0,0.0,0.0,0.0,0.0,0.0,0.0,N,,N,
04:37,PENIND,20621,161.39,0.96,1.91,,53.3,0.0,NORMAL,N,9.570874515200629,0.0,28.712623545601886,0.0,15,0.0,0.0,0.0,0.0,0.0,0.0,0.0,0.0,0.0,N,,N,
04:37,SHALBY,714,161.59,0.94,1.87,,52.5,0.0,NORMAL,N,9.369729527140983,0.0,28.109188581422945,0.0,15,0.0,0.0,0.0,0.0,0.0,0.0,0.0,0.0,0.0,N,,N,
04:37,TEJASNET,21131,518.25,0.93,1.87,,52.4,0.0,NORMAL,N,9.348524685947911,0.0,28.04557405784373,0.0,15,0.0,0.0,0.0,0.0,0.0,0.0,0.0,0.0,0.0,N,,N,
04:37,INFY,1594,1185.9,0.92,1.84,,51.8,0.0,NORMAL,N,9.190707173857701,0.0,27.572121521573102,0.0,15,0.0,0.0,0.0,0.0,0.0,0.0,0.0,0.0,0.0,N,,N,
04:37,PRAJIND,2705,327.95,0.89,1.78,,50.7,0.0,NORMAL,N,8.921704353176365,0.0,26.765113059529092,0.0,15,0.0,0.0,0.0,0.0,0.0,0.0,0.0,0.0,0.0,N,,N,
04:37,NEWGEN,1164,555.75,0.86,1.72,,49.5,0.0,NORMAL,N,8.620689655172413,0.0,25.86206896551724,0.0,15,0.0,0.0,0.0,0.0,0.0,0.0,0.0,0.0,0.0,N,,N,
04:37,BALKRISIND,335,2512.1,1.86,3.71,,63.6,0.0,NORMAL,N,18.57032802173285,0.0,30.0,0.0,15,0.0,0.0,0.0,0.0,0.0,0.0,0.0,0.0,0.0,N,,N,
04:37,BORORENEW,3149,553.35,0.86,1.71,,49.3,0.0,NORMAL,N,8.56648136334648,0.0,25.699444090039435,0.0,15,0.0,0.0,0.0,0.0,0.0,0.0,0.0,0.0,0.0,N,,N,
04:37,GOCOLORS,6964,324.75,0.84,1.68,,48.5,0.0,NORMAL,N,8.383791336748917,0.0,25.15137401024675,0.0,15,0.0,0.0,0.0,0.0,0.0,0.0,0.0,0.0,0.0,N,,N,
04:37,VEDL,3063,281.15,0.82,1.65,,48.0,0.0,NORMAL,N,8.248162094315777,0.0,24.74448628294733,0.0,15,0.0,0.0,0.0,0.0,0.0,0.0,0.0,0.0,0.0,N,,N,
04:37,ORIENTELEC,2972,190.67,0.79,1.58,,46.5,0.0,NORMAL,N,7.87609683898922,0.0,23.62829051696766,0.0,15,0.0,0.0,0.0,0.0,0.0,0.0,0.0,0.0,0.0,N,,N,
04:37,MAXESTATES,19646,400.2,0.78,1.56,,46.2,0.0,NORMAL,N,7.806597834298579,0.0,23.419793502895736,0.0,15,0.0,0.0,0.0,0.0,0.0,0.0,0.0,0.0,0.0,N,,N,
04:37,MUKANDLTD,11325,144.26,0.73,1.45,,44.0,0.0,NORMAL,N,7.261555648652367,0.0,21.7846669459571,0.0,15,0.0,0.0,0.0,0.0,0.0,0.0,0.0,0.0,0.0,N,,N,
04:37,ZUARIIND,3827,261.2,0.71,1.43,,43.5,0.0,NORMAL,N,7.133217659533317,0.0,21.39965297859995,0.0,15,0.0,0.0,0.0,0.0,0.0,0.0,0.0,0.0,0.0,N,,N,
04:37,CESC,628,165.1,0.71,1.42,,43.3,0.0,NORMAL,N,7.075759424179558,0.0,21.227278272538673,0.0,15,0.0,0.0,0.0,0.0,0.0,0.0,0.0,0.0,0.0,N,,N,
04:37,COFORGE,11543,1806.2,1.7,3.4,,62.0,0.0,NORMAL,N,17.004504504504528,0.0,30.0,0.0,15,0.0,0.0,0.0,0.0,0.0,0.0,0.0,0.0,0.0,N,,N,
04:37,NATCOPHARM,3918,923.05,0.7,1.4,,42.9,0.0,NORMAL,N,6.981945126274999,0.0,20.945835378824995,0.0,15,0.0,0.0,0.0,0.0,0.0,0.0,0.0,0.0,0.0,N,,N,
04:37,GNFC,1174,539.2,0.69,1.38,,42.6,0.0,NORMAL,N,6.909430438842287,0.0,20.728291316526864,0.0,15,0.0,0.0,0.0,0.0,0.0,0.0,0.0,0.0,0.0,N,,N,
04:37,GANESHHOU,14339,766.0,0.69,1.38,,42.6,0.0,NORMAL,N,6.901084456128821,0.0,20.703253368386463,0.0,15,0.0,0.0,0.0,0.0,0.0,0.0,0.0,0.0,0.0,N,,N,
04:37,LALPATHLAB,11654,1964.0,1.68,3.35,,61.8,0.0,NORMAL,N,16.77365914267969,0.0,30.0,0.0,15,0.0,0.0,0.0,0.0,0.0,0.0,0.0,0.0,0.0,N,,N,
04:37,QUICKHEAL,13131,156.0,0.63,1.26,,40.3,0.0,NORMAL,N,6.321764933556893,0.0,18.96529480067068,0.0,15,0.0,0.0,0.0,0.0,0.0,0.0,0.0,0.0,0.0,N,,N,
04:37,JSWSTEEL,11723,1307.7,0.63,1.26,,40.2,0.0,NORMAL,N,6.310119276644899,0.0,18.930357829934696,0.0,15,0.0,0.0,0.0,0.0,0.0,0.0,0.0,0.0,0.0,N,,N,
04:37,JUBLFOOD,18096,489.55,0.63,1.25,,40.1,0.0,NORMAL,N,6.2692702980473,0.0,18.8078108941419,0.0,15,0.0,0.0,0.0,0.0,0.0,0.0,0.0,0.0,0.0,N,,N,
04:37,ZYDUSLIFE,7929,1121.1,0.62,1.24,,39.8,0.0,NORMAL,N,6.192784060312209,0.0,18.578352180936626,0.0,15,0.0,0.0,0.0,0.0,0.0,0.0,0.0,0.0,0.0,N,,N,
04:37,JSWENERGY,17869,567.85,0.61,1.22,,39.5,0.0,NORMAL,N,6.1126860382708115,0.0,18.338058114812434,0.0,15,0.0,0.0,0.0,0.0,0.0,0.0,0.0,0.0,0.0,N,,N,
04:37,TRITURBINE,25584,640.2,0.59,1.18,,38.6,0.0,NORMAL,N,5.8920575064812635,0.0,17.67617251944379,0.0,15,0.0,0.0,0.0,0.0,0.0,0.0,0.0,0.0,0.0,N,,N,
04:37,CIEINDIA,14937,412.8,0.56,1.12,,37.4,0.0,NORMAL,N,5.602923264311842,0.0,16.808769792935525,0.0,15,0.0,0.0,0.0,0.0,0.0,0.0,0.0,0.0,0.0,N,,N,
04:37,HUDCO,20825,202.16,0.56,1.11,,37.3,0.0,NORMAL,N,5.571030640668546,0.0,16.71309192200564,0.0,15,0.0,0.0,0.0,0.0,0.0,0.0,0.0,0.0,0.0,N,,N,
04:37,PRICOLLTD,19631,742.0,0.56,1.11,,37.2,0.0,NORMAL,N,5.5563084428784695,0.0,16.668925328635407,0.0,15,0.0,0.0,0.0,0.0,0.0,0.0,0.0,0.0,0.0,N,,N,
04:37,NMDC,15332,86.23,1.54,3.09,,60.4,0.0,NORMAL,N,15.42628356099861,0.0,30.0,0.0,15,0.0,0.0,0.0,0.0,0.0,0.0,0.0,0.0,0.0,N,,N,
04:37,AXISBANK,5900,1244.7,0.54,1.08,,36.6,0.0,NORMAL,N,5.411954765751248,0.0,16.235864297253745,0.0,15,0.0,0.0,0.0,0.0,0.0,0.0,0.0,0.0,0.0,N,,N,
04:37,CIPLA,694,1471.7,0.54,1.08,,36.6,0.0,NORMAL,N,5.396912146468159,0.0,16.19073643940448,0.0,15,0.0,0.0,0.0,0.0,0.0,0.0,0.0,0.0,0.0,N,,N,
04:37,HSCL,14334,756.7,0.54,1.08,,36.5,0.0,NORMAL,N,5.380987178635579,0.0,16.142961535906736,0.0,15,0.0,0.0,0.0,0.0,0.0,0.0,0.0,0.0,0.0,N,,N,
04:37,TORNTPOWER,13786,1358.0,0.53,1.07,,36.3,0.0,NORMAL,N,5.330174711282237,0.0,15.990524133846712,0.0,15,0.0,0.0,0.0,0.0,0.0,0.0,0.0,0.0,0.0,N,,N,
04:37,MOTHERSON,4204,169.39,0.53,1.06,,36.1,0.0,NORMAL,N,5.281899109792204,0.0,15.845697329376613,0.0,15,0.0,0.0,0.0,0.0,0.0,0.0,0.0,0.0,0.0,N,,N,
04:37,HINDCOPPER,17939,538.9,0.52,1.04,,35.9,0.0,NORMAL,N,5.2229061742211425,0.0,15.668718522663427,0.0,15,0.0,0.0,0.0,0.0,0.0,0.0,0.0,0.0,0.0,N,,N,
04:37,CASTROLIND,1250,193.08,0.52,1.04,,35.8,0.0,NORMAL,N,5.206164098292377,0.0,15.618492294877132,0.0,15,0.0,0.0,0.0,0.0,0.0,0.0,0.0,0.0,0.0,N,,N,
04:37,SESHAPAPER,3066,230.38,0.51,1.02,,35.4,0.0,NORMAL,N,5.104489332926083,0.0,15.31346799877825,0.0,15,0.0,0.0,0.0,0.0,0.0,0.0,0.0,0.0,0.0,N,,N,
04:37,ENDURANCE,18822,2948.3,1.51,3.02,,60.1,0.0,NORMAL,N,15.080048201067372,0.0,30.0,0.0,15,0.0,0.0,0.0,0.0,0.0,0.0,0.0,0.0,0.0,N,,N,
04:37,TMPV,3456,348.75,0.5,1.01,,35.2,0.0,NORMAL,N,5.043227665706052,0.0,15.129682997118154,0.0,15,0.0,0.0,0.0,0.0,0.0,0.0,0.0,0.0,0.0,N,,N,
04:37,RATNAMANI,13451,2230.5,1.5,2.99,,60.0,0.0,NORMAL,N,14.970877320713548,0.0,30.0,0.0,15,0.0,0.0,0.0,0.0,0.0,0.0,0.0,0.0,0.0,N,,N,
04:37,CYIENT,5748,861.55,0.47,0.94,,33.9,0.0,NORMAL,N,4.723032069970793,0.0,14.169096209912377,0.0,15,0.0,0.0,0.0,0.0,0.0,0.0,0.0,0.0,0.0,N,,N,
04:37,TIMETECHNO,14707,205.79,0.44,0.89,,32.8,0.0,NORMAL,N,4.441624365482217,0.0,13.324873096446652,0.0,15,0.0,0.0,0.0,0.0,0.0,0.0,0.0,0.0,0.0,N,,N,
04:37,DLF,14732,644.85,0.44,0.89,,32.8,0.0,NORMAL,N,4.439252336448633,0.0,13.317757009345899,0.0,15,0.0,0.0,0.0,0.0,0.0,0.0,0.0,0.0,0.0,N,,N,
04:37,METROPOLIS,9581,565.7,0.44,0.89,,32.8,0.0,NORMAL,N,4.438920454545454,0.0,13.316761363636363,0.0,15,0.0,0.0,0.0,0.0,0.0,0.0,0.0,0.0,0.0,N,,N,
04:37,JSL,11236,737.9,0.44,0.88,,32.7,0.0,NORMAL,N,4.423875314775744,0.0,13.271625944327232,0.0,15,0.0,0.0,0.0,0.0,0.0,0.0,0.0,0.0,0.0,N,,N,
04:37,ROLEXRINGS,5279,157.3,0.4,0.79,,30.8,0.0,NORMAL,N,3.9571100331886937,0.0,11.871330099566082,0.0,15,0.0,0.0,0.0,0.0,0.0,0.0,0.0,0.0,0.0,N,,N,
04:37,HINDZINC,1424,605.35,0.39,0.78,,30.6,0.0,NORMAL,N,3.8971807628524426,0.0,11.691542288557327,0.0,15,0.0,0.0,0.0,0.0,0.0,0.0,0.0,0.0,0.0,N,,N,
04:37,KPITTECH,9683,632.25,0.37,0.75,,29.9,0.0,NORMAL,N,3.7307509128433445,0.0,11.192252738530033,0.0,15,0.0,0.0,0.0,0.0,0.0,0.0,0.0,0.0,0.0,N,,N,
04:37,PRINCEPIPE,16045,272.0,0.37,0.74,,29.8,0.0,NORMAL,N,3.6900369003690034,0.0,11.07011070110701,0.0,15,0.0,0.0,0.0,0.0,0.0,0.0,0.0,0.0,0.0,N,,N,
04:37,GRANULES,11872,877.0,0.36,0.72,,29.4,0.0,NORMAL,N,3.604737655203956,0.0,10.814212965611869,0.0,15,0.0,0.0,0.0,0.0,0.0,0.0,0.0,0.0,0.0,N,,N,
04:37,INDIAMART,10726,1778.7,1.35,2.7,,58.5,0.0,NORMAL,N,13.50427350427353,0.0,30.0,0.0,15,0.0,0.0,0.0,0.0,0.0,0.0,0.0,0.0,0.0,N,,N,
04:37,NIITLTD,11522,96.35,1.35,2.69,,58.5,0.0,NORMAL,N,13.463763542652794,0.0,30.0,0.0,15,0.0,0.0,0.0,0.0,0.0,0.0,0.0,0.0,0.0,N,,N,
04:37,MANAPPURAM,19061,368.0,0.34,0.68,,28.6,0.0,NORMAL,N,3.4083162917518743,0.0,10.224948875255624,0.0,15,0.0,0.0,0.0,0.0,0.0,0.0,0.0,0.0,0.0,N,,N,
04:37,HDFCBANK,1333,733.4,0.33,0.66,,28.1,0.0,NORMAL,N,3.283173734610092,0.0,9.849521203830276,0.0,15,0.0,0.0,0.0,0.0,0.0,0.0,0.0,0.0,0.0,N,,N,
04:37,TATACONSUM,3432,1085.7,0.31,0.63,,27.6,0.0,NORMAL,N,3.1414580060982082,0.0,9.424374018294625,0.0,15,0.0,0.0,0.0,0.0,0.0,0.0,0.0,0.0,0.0,N,,N,
04:37,PARADEEP,9741,149.9,0.3,0.6,,27.0,0.0,NORMAL,N,3.0110404817665914,0.0,9.033121445299773,0.0,15,0.0,0.0,0.0,0.0,0.0,0.0,0.0,0.0,0.0,N,,N,
04:37,WOCKPHARMA,7506,2047.0,1.29,2.57,,57.9,0.0,NORMAL,N,12.864918357248888,0.0,30.0,0.0,15,0.0,0.0,0.0,0.0,0.0,0.0,0.0,0.0,0.0,N,,N,
04:37,CHOLAFIN,685,1890.0,1.28,2.55,,57.8,0.0,NORMAL,N,12.753188297074246,0.0,30.0,0.0,15,0.0,0.0,0.0,0.0,0.0,0.0,0.0,0.0,0.0,N,,N,
04:37,TECHM,13538,1654.5,1.19,2.39,,56.9,0.0,NORMAL,N,11.926605504587155,0.0,30.0,0.0,15,0.0,0.0,0.0,0.0,0.0,0.0,0.0,0.0,0.0,N,,N,
04:37,MUTHOOTFIN,23650,2924.3,1.19,2.37,,56.9,0.0,NORMAL,N,11.868512110726709,0.0,30.0,0.0,15,0.0,0.0,0.0,0.0,0.0,0.0,0.0,0.0,0.0,N,,N,
04:37,RUBICON,759316,1571.5,1.18,2.36,,56.8,0.0,NORMAL,N,11.782127221220675,0.0,30.0,0.0,15,0.0,0.0,0.0,0.0,0.0,0.0,0.0,0.0,0.0,N,,N,
04:37,XCHANGING,11705,68.0,1.13,2.26,,56.3,0.0,NORMAL,N,11.302795954788893,0.0,30.0,0.0,15,0.0,0.0,0.0,0.0,0.0,0.0,0.0,0.0,0.0,N,,N,
04:37,SAFARI,13035,1503.4,1.13,2.26,,56.3,0.0,NORMAL,N,11.300955199784868,0.0,30.0,0.0,15,0.0,0.0,0.0,0.0,0.0,0.0,0.0,0.0,0.0,N,,N,
04:37,LLOYDSENGG,17801,97.8,0.95,1.9,,53.0,0.0,NORMAL,N,9.496284062758068,0.0,28.488852188274205,0.0,15,0.0,0.0,0.0,0.0,0.0,0.0,0.0,0.0,0.0,N,,N,
04:37,MPHASIS,4503,2497.9,0.93,1.85,,52.0,0.0,NORMAL,N,9.25252525252529,0.0,27.75757575757587,0.0,15,0.0,0.0,0.0,0.0,0.0,0.0,0.0,0.0,0.0,N,,N,
04:37,AJANTPHARM,8124,3498.8,0.82,1.64,,47.7,0.0,NORMAL,N,8.183494698017547,0.0,24.55048409405264,0.0,15,0.0,0.0,0.0,0.0,0.0,0.0,0.0,0.0,0.0,N,,N,
04:37,HYUNDAI,25844,2217.0,0.75,1.5,,45.0,0.0,NORMAL,N,7.498295841854125,0.0,22.494887525562373,0.0,15,0.0,0.0,0.0,0.0,0.0,0.0,0.0,0.0,0.0,N,,N,
04:37,LAURUSLABS,19234,1857.7,0.73,1.45,,44.1,0.0,NORMAL,N,7.265629236024558,0.0,21.796887708073672,0.0,15,0.0,0.0,0.0,0.0,0.0,0.0,0.0,0.0,0.0,N,,N,
04:37,WELCORP,11821,1852.4,0.68,1.37,,42.4,0.0,NORMAL,N,6.848570496793204,0.0,20.54571149037961,0.0,15,0.0,0.0,0.0,0.0,0.0,0.0,0.0,0.0,0.0,N,,N,
04:37,AETHER,9810,1601.9,0.65,1.29,,40.9,0.0,NORMAL,N,6.471475245036557,0.0,19.41442573510967,0.0,15,0.0,0.0,0.0,0.0,0.0,0.0,0.0,0.0,0.0,N,,N,
04:37,GABRIEL,1085,1507.6,0.52,1.04,,35.8,0.0,NORMAL,N,5.2006934257900745,0.0,15.602080277370225,0.0,15,0.0,0.0,0.0,0.0,0.0,0.0,0.0,0.0,0.0,N,,N,
04:37,MAHABANK,11377,78.66,0.49,0.97,,34.4,0.0,NORMAL,N,4.854368932038777,0.0,14.563106796116328,0.0,15,0.0,0.0,0.0,0.0,0.0,0.0,0.0,0.0,0.0,N,,N,
04:37,PNBGILTS,8736,81.07,0.46,0.92,,33.3,0.0,NORMAL,N,4.584882280049446,0.0,13.75464684014834,0.0,15,0.0,0.0,0.0,0.0,0.0,0.0,0.0,0.0,0.0,N,,N,
04:37,PIDILITIND,2664,1666.9,0.42,0.83,,31.6,0.0,NORMAL,N,4.156626506024152,0.0,12.469879518072455,0.0,15,0.0,0.0,0.0,0.0,0.0,0.0,0.0,0.0,0.0,N,,N,
04:37,MCX,31181,2648.8,0.41,0.82,,31.4,0.0,NORMAL,N,4.094010614101661,0.0,12.282031842304985,0.0,15,0.0,0.0,0.0,0.0,0.0,0.0,0.0,0.0,0.0,N,,N,
04:37,VISAKAIND,4221,99.11,0.4,0.79,,30.8,0.0,NORMAL,N,3.950567260940038,0.0,11.851701782820115,0.0,15,0.0,0.0,0.0,0.0,0.0,0.0,0.0,0.0,0.0,N,,N,
04:37,PTC,11355,177.56,-12.66,25.32,,30.0,45.0,NORMAL,Y,0.0,30.0,30.0,0.0,0.0,15,0.0,0.0,0.0,0.0,0.0,0.0,0.0,0.0,N,,N,
04:37,JAMNAAUTO,20778,128.15,-11.44,22.87,,30.0,45.0,NORMAL,Y,0.0,30.0,30.0,0.0,0.0,15,0.0,0.0,0.0,0.0,0.0,0.0,0.0,0.0,N,,N,
04:37,NLCINDIA,8585,288.45,-5.24,10.48,,30.0,45.0,NORMAL,Y,0.0,30.0,30.0,0.0,0.0,15,0.0,0.0,0.0,0.0,0.0,0.0,0.0,0.0,N,,N,
04:37,WINDMACHIN,24969,287.75,-5.21,10.41,,30.0,45.0,NORMAL,Y,0.0,30.0,30.0,0.0,0.0,15,0.0,0.0,0.0,0.0,0.0,0.0,0.0,0.0,N,,N,
04:37,SAPPHIRE,6718,213.54,-4.76,9.53,,30.0,45.0,NORMAL,N,0.0,30.0,30.0,0.0,0.0,15,0.0,0.0,0.0,0.0,0.0,0.0,0.0,0.0,N,,N,
04:37,PFC,14299,404.15,-3.77,7.55,,30.0,45.0,NORMAL,N,0.0,30.0,30.0,0.0,0.0,15,0.0,0.0,0.0,0.0,0.0,0.0,0.0,0.0,N,,N,
04:37,AEGISLOG,40,1322.9,-3.51,7.02,,30.0,45.0,NORMAL,N,0.0,30.0,30.0,0.0,0.0,15,0.0,0.0,0.0,0.0,0.0,0.0,0.0,0.0,N,,N,
04:37,CHEMPLASTS,5449,177.31,-3.43,6.86,,30.0,45.0,NORMAL,N,0.0,30.0,30.0,0.0,0.0,15,0.0,0.0,0.0,0.0,0.0,0.0,0.0,0.0,N,,N,
04:37,GPIL,13409,232.71,-3.28,6.57,,30.0,45.0,NORMAL,N,0.0,30.0,30.0,0.0,0.0,15,0.0,0.0,0.0,0.0,0.0,0.0,0.0,0.0,N,,N,
04:37,OMNI,760865,560.15,-3.15,6.29,,30.0,45.0,NORMAL,N,0.0,30.0,30.0,0.0,0.0,15,0.0,0.0,0.0,0.0,0.0,0.0,0.0,0.0,N,,N,
04:37,YATRA,18760,103.89,-2.93,5.87,,30.0,44.3,NORMAL,N,0.0,29.337568905914235,30.0,0.0,0.0,15,0.0,0.0,0.0,0.0,0.0,0.0,0.0,0.0,N,,N,
04:37,RGL,15129,119.64,-2.89,5.78,,30.0,43.9,NORMAL,N,0.0,28.896103896103913,30.0,0.0,0.0,15,0.0,0.0,0.0,0.0,0.0,0.0,0.0,0.0,N,,N,
04:37,RECLTD,15355,357.6,-2.56,5.12,,30.0,40.6,NORMAL,N,0.0,25.61307901907351,30.0,0.0,0.0,15,0.0,0.0,0.0,0.0,0.0,0.0,0.0,0.0,N,,N,
04:37,ZYDUSWELL,17635,520.55,-2.49,4.98,,30.0,39.9,NORMAL,N,0.0,24.913365177484444,30.0,0.0,0.0,15,0.0,0.0,0.0,0.0,0.0,0.0,0.0,0.0,N,,N,
04:37,CHALET,8546,838.7,-2.44,4.89,,30.0,39.4,NORMAL,N,0.0,24.427125741537747,30.0,0.0,0.0,15,0.0,0.0,0.0,0.0,0.0,0.0,0.0,0.0,N,,N,
04:37,GODREJCP,10099,1024.6,-2.42,4.84,,30.0,39.2,NORMAL,N,0.0,24.19047619047628,30.0,0.0,0.0,15,0.0,0.0,0.0,0.0,0.0,0.0,0.0,0.0,N,,N,
04:37,PSPPROJECT,20877,939.7,-2.41,4.83,,30.0,39.1,NORMAL,N,0.0,24.1445557920972,30.0,0.0,0.0,15,0.0,0.0,0.0,0.0,0.0,0.0,0.0,0.0,N,,N,
04:37,WSTCSTPAPR,3799,586.5,-2.1,4.21,,30.0,36.0,NORMAL,N,0.0,21.03154732098151,30.0,0.0,0.0,15,0.0,0.0,0.0,0.0,0.0,0.0,0.0,0.0,N,,N,
04:37,EIDPARRY,916,788.55,-2.06,4.11,,30.0,35.6,NORMAL,N,0.0,20.556452614582124,30.0,0.0,0.0,15,0.0,0.0,0.0,0.0,0.0,0.0,0.0,0.0,N,,N,
04:37,VERANDA,8890,252.7,-2.04,4.07,,30.0,35.4,NORMAL,N,0.0,20.3527815468114,30.0,0.0,0.0,15,0.0,0.0,0.0,0.0,0.0,0.0,0.0,0.0,N,,N,
04:37,INOXWIND,7852,74.07,-5.04,10.08,,30.0,45.0,NORMAL,Y,0.0,30.0,30.0,0.0,0.0,15,0.0,0.0,0.0,0.0,0.0,0.0,0.0,0.0,N,,N,
04:37,POWERMECH,10473,2499.1,-4.49,8.99,,30.0,45.0,NORMAL,Y,0.0,30.0,30.0,0.0,0.0,15,0.0,0.0,0.0,0.0,0.0,0.0,0.0,0.0,N,,N,
04:37,LUPIN,10440,2288.1,-3.19,6.38,,30.0,45.0,NORMAL,Y,0.0,30.0,30.0,0.0,0.0,15,0.0,0.0,0.0,0.0,0.0,0.0,0.0,0.0,N,,N,
04:37,TRENT,1964,3013.0,-3.03,6.06,,30.0,45.0,NORMAL,N,0.0,30.0,30.0,0.0,0.0,15,0.0,0.0,0.0,0.0,0.0,0.0,0.0,0.0,N,,N,
04:37,ABMKNO,762528,182.5,-1.99,3.98,,30.0,34.9,NORMAL,N,0.0,19.923742011707255,30.0,0.0,0.0,15,0.0,0.0,0.0,0.0,0.0,0.0,0.0,0.0,N,,N,
04:37,MRPL,2283,163.72,-1.97,3.94,,30.0,34.7,NORMAL,N,0.0,19.699419196455253,30.0,0.0,0.0,15,0.0,0.0,0.0,0.0,0.0,0.0,0.0,0.0,N,,N,
04:37,DEVYANI,5373,132.12,-1.94,3.87,,30.0,34.4,NORMAL,N,0.0,19.372077488309845,30.0,0.0,0.0,15,0.0,0.0,0.0,0.0,0.0,0.0,0.0,0.0,N,,N,
04:37,BANKINDIA,4745,142.21,-1.92,3.85,,30.0,34.2,NORMAL,N,0.0,19.241379310344772,30.0,0.0,0.0,15,0.0,0.0,0.0,0.0,0.0,0.0,0.0,0.0,N,,N,
04:37,SIS,21501,426.8,-1.87,3.75,,30.0,33.7,NORMAL,N,0.0,18.73778595240827,30.0,0.0,0.0,15,0.0,0.0,0.0,0.0,0.0,0.0,0.0,0.0,N,,N,
04:37,WESTLIFE,11580,584.0,-1.82,3.65,,30.0,33.2,NORMAL,N,0.0,18.23989240985126,30.0,0.0,0.0,15,0.0,0.0,0.0,0.0,0.0,0.0,0.0,0.0,N,,N,
04:37,WIPL,20481,165.0,-1.81,3.63,,30.0,33.1,NORMAL,N,0.0,18.14936030943178,30.0,0.0,0.0,15,0.0,0.0,0.0,0.0,0.0,0.0,0.0,0.0,N,,N,
04:37,J&KBANK,5633,156.35,-1.81,3.63,,30.0,33.1,NORMAL,N,0.0,18.14870635518723,30.0,0.0,0.0,15,0.0,0.0,0.0,0.0,0.0,0.0,0.0,0.0,N,,N,
04:37,PARAS,5911,1254.0,-1.81,3.62,,30.0,33.1,NORMAL,N,0.0,18.087855297157553,30.0,0.0,0.0,15,0.0,0.0,0.0,0.0,0.0,0.0,0.0,0.0,N,,N,
04:37,ICICIPRULI,18652,492.15,-1.78,3.55,,30.0,32.8,NORMAL,N,0.0,17.76269833349972,30.0,0.0,0.0,15,0.0,0.0,0.0,0.0,0.0,0.0,0.0,0.0,N,,N,
04:37,KIRLOSENG,20936,2101.7,-2.78,5.55,,30.0,42.8,NORMAL,N,0.0,27.755932830642553,30.0,0.0,0.0,15,0.0,0.0,0.0,0.0,0.0,0.0,0.0,0.0,N,,N,
04:37,SAMHI,18614,171.62,-1.73,3.47,,30.0,32.3,NORMAL,N,0.0,17.348983681649017,30.0,0.0,0.0,15,0.0,0.0,0.0,0.0,0.0,0.0,0.0,0.0,N,,N,
04:37,FINPIPE,1041,161.58,-1.73,3.47,,30.0,32.3,NORMAL,N,0.0,17.332603539500052,30.0,0.0,0.0,15,0.0,0.0,0.0,0.0,0.0,0.0,0.0,0.0,N,,N,
04:37,VAIBHAVGBL,11364,238.75,-1.73,3.46,,30.0,32.3,NORMAL,N,0.0,17.28750771763733,30.0,0.0,0.0,15,0.0,0.0,0.0,0.0,0.0,0.0,0.0,0.0,N,,N,
04:37,SYNGENE,10243,397.15,-1.62,3.24,,30.0,31.2,NORMAL,N,0.0,16.224919494674293,30.0,0.0,0.0,15,0.0,0.0,0.0,0.0,0.0,0.0,0.0,0.0,N,,N,
04:37,TITAGARH,15414,834.0,-1.59,3.17,,30.0,30.9,NORMAL,N,0.0,15.871142840285618,30.0,0.0,0.0,15,0.0,0.0,0.0,0.0,0.0,0.0,0.0,0.0,N,,N,
04:37,TREJHARA,7518,174.89,-1.56,3.12,,30.0,30.6,NORMAL,N,0.0,15.591579421366712,30.0,0.0,0.0,15,0.0,0.0,0.0,0.0,0.0,0.0,0.0,0.0,N,,N,
04:37,TTKPRESTIG,3546,606.65,-1.51,3.02,,30.0,30.1,NORMAL,N,0.0,15.098628135400713,30.0,0.0,0.0,15,0.0,0.0,0.0,0.0,0.0,0.0,0.0,0.0,N,,N,
04:37,HDFCLIFE,467,531.9,-1.5,3.0,,30.0,30.0,NORMAL,N,0.0,15.000000000000043,30.0,0.0,0.0,15,0.0,0.0,0.0,0.0,0.0,0.0,0.0,0.0,N,,N,
04:37,KFINTECH,13359,922.0,-1.5,2.99,,30.0,30.0,NORMAL,N,0.0,14.957264957264957,30.0,0.0,0.0,15,0.0,0.0,0.0,0.0,0.0,0.0,0.0,0.0,N,,N,
04:38,HIKAL,9668,223.8,-1.47,2.94,,30.0,29.7,NORMAL,N,0.0,14.704587479087676,30.0,0.0,0.0,15,0.0,0.0,0.0,0.0,0.0,0.0,0.0,0.0,N,,N,
04:38,ELGIEQUIP,937,579.85,-1.46,2.92,,30.0,29.6,NORMAL,N,0.0,14.614665647038866,30.0,0.0,0.0,15,0.0,0.0,0.0,0.0,0.0,0.0,0.0,0.0,N,,N,
04:38,RITES,3761,230.85,-1.45,2.89,,30.0,29.5,NORMAL,N,0.0,14.472336065573835,30.0,0.0,0.0,15,0.0,0.0,0.0,0.0,0.0,0.0,0.0,0.0,N,,N,
04:38,MATRIMONY,21726,474.0,-1.41,2.83,,30.0,29.1,NORMAL,N,0.0,14.14309484193014,30.0,0.0,0.0,15,0.0,0.0,0.0,0.0,0.0,0.0,0.0,0.0,N,,N,
04:38,SBIN,3045,1081.8,-1.4,2.81,,30.0,29.0,NORMAL,N,0.0,14.03572730586957,30.0,0.0,0.0,15,0.0,0.0,0.0,0.0,0.0,0.0,0.0,0.0,N,,N,
04:38,RAMCOSYS,7851,629.0,-1.4,2.79,,30.0,29.0,NORMAL,N,0.0,13.952030098761526,30.0,0.0,0.0,15,0.0,0.0,0.0,0.0,0.0,0.0,0.0,0.0,N,,N,
04:38,EMSLIMITED,18593,398.8,-1.38,2.77,,30.0,28.8,NORMAL,N,0.0,13.847675568743734,30.0,0.0,0.0,15,0.0,0.0,0.0,0.0,0.0,0.0,0.0,0.0,N,,N,
04:38,FSL,14304,276.1,-1.34,2.68,,30.0,28.4,NORMAL,N,0.0,13.40003573342862,30.0,0.0,0.0,15,0.0,0.0,0.0,0.0,0.0,0.0,0.0,0.0,N,,N,
04:38,TCIEXP,19223,547.2,-1.33,2.67,,30.0,28.3,NORMAL,N,0.0,13.342949873782866,30.0,0.0,0.0,15,0.0,0.0,0.0,0.0,0.0,0.0,0.0,0.0,N,,N,
04:38,SCI,3048,300.75,-1.31,2.63,,30.0,28.1,NORMAL,N,0.0,13.125512715340443,30.0,0.0,0.0,15,0.0,0.0,0.0,0.0,0.0,0.0,0.0,0.0,N,,N,
04:38,SHARDAMOTR,10530,929.25,-1.28,2.56,,30.0,27.8,NORMAL,N,0.0,12.801444810368592,30.0,0.0,0.0,15,0.0,0.0,0.0,0.0,0.0,0.0,0.0,0.0,N,,N,
04:38,MFSL,2142,1478.5,-1.26,2.52,,30.0,27.6,NORMAL,N,0.0,12.62187792173106,30.0,0.0,0.0,15,0.0,0.0,0.0,0.0,0.0,0.0,0.0,0.0,N,,N,
04:38,BPCL,526,317.0,-1.25,2.49,,30.0,27.5,NORMAL,N,0.0,12.46105919003115,30.0,0.0,0.0,15,0.0,0.0,0.0,0.0,0.0,0.0,0.0,0.0,N,,N,
04:38,JUSTDIAL,29962,674.95,-1.22,2.44,,30.0,27.2,NORMAL,N,0.0,12.220108297965622,30.0,0.0,0.0,15,0.0,0.0,0.0,0.0,0.0,0.0,0.0,0.0,N,,N,
04:38,WHIRLPOOL,18011,803.35,-1.21,2.41,,30.0,27.1,NORMAL,N,0.0,12.05189694398322,30.0,0.0,0.0,15,0.0,0.0,0.0,0.0,0.0,0.0,0.0,0.0,N,,N,
04:38,APOLLOTYRE,163,439.7,-1.19,2.38,,30.0,26.9,NORMAL,N,0.0,11.91011235955059,30.0,0.0,0.0,15,0.0,0.0,0.0,0.0,0.0,0.0,0.0,0.0,N,,N,
04:38,IOC,1624,141.69,-1.18,2.36,,30.0,26.8,NORMAL,N,0.0,11.786860092063034,30.0,0.0,0.0,15,0.0,0.0,0.0,0.0,0.0,0.0,0.0,0.0,N,,N,
04:38,GOCLCORP,3963,433.1,-1.18,2.35,,30.0,26.8,NORMAL,N,0.0,11.75128351397599,30.0,0.0,0.0,15,0.0,0.0,0.0,0.0,0.0,0.0,0.0,0.0,N,,N,
04:38,PETRONET,11351,277.4,-1.14,2.28,,30.0,26.4,NORMAL,N,0.0,11.404133998574647,30.0,0.0,0.0,15,0.0,0.0,0.0,0.0,0.0,0.0,0.0,0.0,N,,N,
04:38,NIACL,399,175.14,-1.11,2.22,,30.0,26.1,NORMAL,N,0.0,11.123030884761036,30.0,0.0,0.0,15,0.0,0.0,0.0,0.0,0.0,0.0,0.0,0.0,N,,N,
04:38,RVNL,9552,230.81,-1.1,2.2,,30.0,26.0,NORMAL,N,0.0,11.01208329762616,30.0,0.0,0.0,15,0.0,0.0,0.0,0.0,0.0,0.0,0.0,0.0,N,,N,
04:38,ROUTE,128,522.5,-1.1,2.2,,30.0,26.0,NORMAL,N,0.0,10.97861063789505,30.0,0.0,0.0,15,0.0,0.0,0.0,0.0,0.0,0.0,0.0,0.0,N,,N,
04:38,UBL,16713,1385.0,-1.09,2.19,,30.0,25.9,NORMAL,N,0.0,10.92623009355135,30.0,0.0,0.0,15,0.0,0.0,0.0,0.0,0.0,0.0,0.0,0.0,N,,N,
04:38,PATANJALI,17029,353.6,-1.09,2.18,,30.0,25.9,NORMAL,N,0.0,10.909090909090846,30.0,0.0,0.0,15,0.0,0.0,0.0,0.0,0.0,0.0,0.0,0.0,N,,N,
04:38,M&MFIN,13285,404.0,-1.09,2.18,,30.0,25.9,NORMAL,N,0.0,10.89484637042475,30.0,0.0,0.0,15,0.0,0.0,0.0,0.0,0.0,0.0,0.0,0.0,N,,N,
04:38,LOTUSEYE,16807,117.53,-1.09,2.17,,30.0,25.9,NORMAL,N,0.0,10.856758121528296,30.0,0.0,0.0,15,0.0,0.0,0.0,0.0,0.0,0.0,0.0,0.0,N,,N,
04:38,INDOCO,11677,219.33,-1.08,2.16,,30.0,25.8,NORMAL,N,0.0,10.823975104857158,30.0,0.0,0.0,15,0.0,0.0,0.0,0.0,0.0,0.0,0.0,0.0,N,,N,
04:38,ANGELONE,324,288.85,-1.08,2.16,,30.0,25.8,NORMAL,N,0.0,10.787671232876633,30.0,0.0,0.0,15,0.0,0.0,0.0,0.0,0.0,0.0,0.0,0.0,N,,N,
04:38,BAJAJELEC,15034,367.15,-1.08,2.16,,30.0,25.8,NORMAL,N,0.0,10.77731375454668,30.0,0.0,0.0,15,0.0,0.0,0.0,0.0,0.0,0.0,0.0,0.0,N,,N,
04:38,SPARC,14788,210.94,-1.06,2.13,,30.0,25.6,NORMAL,N,0.0,10.646780169785703,30.0,0.0,0.0,15,0.0,0.0,0.0,0.0,0.0,0.0,0.0,0.0,N,,N,
04:38,MSTCLTD,9356,585.05,-1.05,2.1,,30.0,25.5,NORMAL,N,0.0,10.48625792811847,30.0,0.0,0.0,15,0.0,0.0,0.0,0.0,0.0,0.0,0.0,0.0,N,,N,
04:38,TEXRAIL,21828,107.68,-1.01,2.02,,30.0,25.1,NORMAL,N,0.0,10.112152969295776,30.0,0.0,0.0,15,0.0,0.0,0.0,0.0,0.0,0.0,0.0,0.0,N,,N,
04:38,RSYSTEMS,13414,245.35,-1.01,2.02,,30.0,25.1,NORMAL,N,0.0,10.086746015735324,30.0,0.0,0.0,15,0.0,0.0,0.0,0.0,0.0,0.0,0.0,0.0,N,,N,
04:38,ADANIGREEN,3563,1358.7,-1.0,2.0,,29.9,25.0,NORMAL,N,0.0,9.9825123870592,29.947537161177596,0.0,0.0,15,0.0,0.0,0.0,0.0,0.0,0.0,0.0,0.0,N,,N,
04:38,TECHNOE,6445,1055.8,-0.98,1.96,,29.4,24.8,NORMAL,N,0.0,9.800703399765576,29.40211019929673,0.0,0.0,15,0.0,0.0,0.0,0.0,0.0,0.0,0.0,0.0,N,,N,
04:38,SWIGGY,27066,278.0,-0.98,1.96,,29.4,24.8,NORMAL,N,0.0,9.795191451469279,29.385574354407836,0.0,0.0,15,0.0,0.0,0.0,0.0,0.0,0.0,0.0,0.0,N,,N,
04:38,CAMPUS,9362,222.2,-0.97,1.93,,29.0,24.7,NORMAL,N,0.0,9.671524713642714,29.014574140928147,0.0,0.0,15,0.0,0.0,0.0,0.0,0.0,0.0,0.0,0.0,N,,N,
04:38,APTUS,5435,258.15,-0.96,1.92,,28.8,24.6,NORMAL,N,0.0,9.591406100134282,28.774218300402843,0.0,0.0,15,0.0,0.0,0.0,0.0,0.0,0.0,0.0,0.0,N,,N,
04:38,VISHNU,6908,581.0,-0.95,1.91,,28.6,24.5,NORMAL,N,0.0,9.546539379474979,28.639618138424936,0.0,0.0,15,0.0,0.0,0.0,0.0,0.0,0.0,0.0,0.0,N,,N,
04:38,GAIL,4717,171.98,-0.95,1.9,,28.5,24.5,NORMAL,N,0.0,9.502966077290823,28.508898231872468,0.0,0.0,15,0.0,0.0,0.0,0.0,0.0,0.0,0.0,0.0,N,,N,
04:38,CENTURYPLY,13305,774.6,-0.94,1.88,,28.2,24.4,NORMAL,N,0.0,9.39957797813162,28.198733934394863,0.0,0.0,15,0.0,0.0,0.0,0.0,0.0,0.0,0.0,0.0,N,,N,
04:38,JKPAPER,11860,383.5,-0.92,1.83,,27.5,24.2,NORMAL,N,0.0,9.17194160961119,27.515824828833573,0.0,0.0,15,0.0,0.0,0.0,0.0,0.0,0.0,0.0,0.0,N,,N,
04:38,ROSSARI,19410,509.25,-0.91,1.83,,27.4,24.1,NORMAL,N,0.0,9.14485844926558,27.43457534779674,0.0,0.0,15,0.0,0.0,0.0,0.0,0.0,0.0,0.0,0.0,N,,N,
04:38,TIPSMUSIC,9117,639.45,-0.91,1.83,,27.4,24.1,NORMAL,N,0.0,9.142325869683082,27.426977609049246,0.0,0.0,15,0.0,0.0,0.0,0.0,0.0,0.0,0.0,0.0,N,,N,
04:38,RELIANCE,2885,1323.3,-0.86,1.72,,25.8,23.6,NORMAL,N,0.0,8.61552292478274,25.846568774348217,0.0,0.0,15,0.0,0.0,0.0,0.0,0.0,0.0,0.0,0.0,N,,N,
04:38,CGPOWER,760,871.5,-0.85,1.71,,25.6,23.5,NORMAL,N,0.0,8.532423208191126,25.59726962457338,0.0,0.0,15,0.0,0.0,0.0,0.0,0.0,0.0,0.0,0.0,N,,N,
04:38,FDC,4898,366.7,-0.84,1.68,,25.1,23.4,NORMAL,N,0.0,8.38290968090866,25.14872904272598,0.0,0.0,15,0.0,0.0,0.0,0.0,0.0,0.0,0.0,0.0,N,,N,
04:38,RELAXO,24225,419.95,-0.83,1.65,,24.8,23.3,NORMAL,N,0.0,8.265438658637384,24.79631597591215,0.0,0.0,15,0.0,0.0,0.0,0.0,0.0,0.0,0.0,0.0,N,,N,
04:38,MUNJALAU,13511,101.62,-0.82,1.64,,24.6,23.2,NORMAL,N,0.0,8.198321296115452,24.59496388834636,0.0,0.0,15,0.0,0.0,0.0,0.0,0.0,0.0,0.0,0.0,N,,N,
04:38,AVANTIFEED,7936,899.2,-0.81,1.62,,24.3,23.1,NORMAL,N,0.0,8.107660912249639,24.322982736748912,0.0,0.0,15,0.0,0.0,0.0,0.0,0.0,0.0,0.0,0.0,N,,N,
04:38,GMRAIRPORT,13528,106.34,-0.8,1.6,,24.1,23.0,NORMAL,N,0.0,8.022388059701488,24.067164179104463,0.0,0.0,15,0.0,0.0,0.0,0.0,0.0,0.0,0.0,0.0,Y,NONRESULTS,N,
04:38,GARFIBRES,1100,805.35,-0.8,1.6,,24.0,23.0,NORMAL,N,0.0,8.006405124099278,24.019215372297836,0.0,0.0,15,0.0,0.0,0.0,0.0,0.0,0.0,0.0,0.0,N,,N,
04:38,HDBFS,757772,660.35,-0.8,1.59,,23.9,23.0,NORMAL,N,0.0,7.962142266957042,23.886426800871124,0.0,0.0,15,0.0,0.0,0.0,0.0,0.0,0.0,0.0,0.0,N,,N,
04:38,INDUSINDBK,5258,1013.9,-0.79,1.59,,23.8,22.9,NORMAL,N,0.0,7.925636007827811,23.776908023483433,0.0,0.0,15,0.0,0.0,0.0,0.0,0.0,0.0,0.0,0.0,N,,N,
04:38,PVRINOX,13147,1146.9,-0.79,1.57,,23.6,22.9,NORMAL,N,0.0,7.8719723183390204,23.615916955017063,0.0,0.0,15,0.0,0.0,0.0,0.0,0.0,0.0,0.0,0.0,N,,N,
04:38,MARICO,4067,855.25,-0.78,1.57,,23.5,22.8,NORMAL,N,0.0,7.83062645011601,23.49187935034803,0.0,0.0,15,0.0,0.0,0.0,0.0,0.0,0.0,0.0,0.0,N,,N,
04:38,SHARDACROP,4992,807.7,-0.78,1.56,,23.4,22.8,NORMAL,N,0.0,7.800503654566561,23.401510963699685,0.0,0.0,15,0.0,0.0,0.0,0.0,0.0,0.0,0.0,0.0,N,,N,
04:38,HAVELLS,9819,1278.0,-0.78,1.55,,23.3,22.8,NORMAL,N,0.0,7.763975155279503,23.29192546583851,0.0,0.0,15,0.0,0.0,0.0,0.0,0.0,0.0,0.0,0.0,N,,N,
04:38,CANBK,10794,130.94,-0.77,1.53,,23.0,22.7,NORMAL,N,0.0,7.654414550966206,22.96324365289862,0.0,0.0,15,0.0,0.0,0.0,0.0,0.0,0.0,0.0,0.0,N,,N,
04:38,BHEL,438,402.1,-0.77,1.53,,23.0,22.7,NORMAL,N,0.0,7.650542941757074,22.95162882527122,0.0,0.0,15,0.0,0.0,0.0,0.0,0.0,0.0,0.0,0.0,N,,N,
04:38,ICICIGI,21770,1610.2,-1.76,3.51,,30.0,32.6,NORMAL,N,0.0,17.571690054911507,30.0,0.0,0.0,15,0.0,0.0,0.0,0.0,0.0,0.0,0.0,0.0,N,,N,
04:38,POWERGRID,14977,269.55,-0.75,1.51,,22.6,22.5,NORMAL,N,0.0,7.547864506627435,22.6435935198823,0.0,0.0,15,0.0,0.0,0.0,0.0,0.0,0.0,0.0,0.0,N,,N,
04:38,SBICARD,17971,654.05,-0.75,1.5,,22.5,22.5,NORMAL,N,0.0,7.511380880121466,22.534142640364397,0.0,0.0,15,0.0,0.0,0.0,0.0,0.0,0.0,0.0,0.0,N,,N,
04:38,SUPREMEIND,3363,3416.2,-1.75,3.5,,30.0,32.5,NORMAL,N,0.0,17.48633879781426,30.0,0.0,0.0,15,0.0,0.0,0.0,0.0,0.0,0.0,0.0,0.0,N,,N,
04:38,KPRMILL,14912,1068.7,-0.74,1.49,,22.3,22.4,NORMAL,N,0.0,7.430110522894028,22.290331568682085,0.0,0.0,15,0.0,0.0,0.0,0.0,0.0,0.0,0.0,0.0,N,,N,
04:38,TATACAP,759265,367.55,-0.74,1.49,,22.3,22.4,NORMAL,N,0.0,7.426411018093438,22.27923305428031,0.0,0.0,15,0.0,0.0,0.0,0.0,0.0,0.0,0.0,0.0,N,,N,
04:38,KOTAKBANK,1922,387.9,-0.73,1.46,,21.9,22.3,NORMAL,N,0.0,7.29366602687146,21.88099808061438,0.0,0.0,15,0.0,0.0,0.0,0.0,0.0,0.0,0.0,0.0,N,,N,
04:38,VOLTAS,3718,1275.7,-0.72,1.45,,21.7,22.2,NORMAL,N,0.0,7.237354085603077,21.712062256809233,0.0,0.0,15,0.0,0.0,0.0,0.0,0.0,0.0,0.0,0.0,N,,N,
04:38,RBLBANK,18391,387.0,-0.72,1.44,,21.5,22.2,NORMAL,N,0.0,7.183170856849696,21.549512570549087,0.0,0.0,15,0.0,0.0,0.0,0.0,0.0,0.0,0.0,0.0,N,,N,
04:38,IREDA,20261,118.94,-0.72,1.44,,21.5,22.2,NORMAL,N,0.0,7.178631051752916,21.535893155258748,0.0,0.0,15,0.0,0.0,0.0,0.0,0.0,0.0,0.0,0.0,N,,N,
04:38,HINDALCO,1363,1052.0,-0.72,1.43,,21.5,22.2,NORMAL,N,0.0,7.172517931294743,21.51755379388423,0.0,0.0,15,0.0,0.0,0.0,0.0,0.0,0.0,0.0,0.0,N,,N,
04:38,RALLIS,2816,211.51,-0.71,1.43,,21.4,22.1,NORMAL,N,0.0,7.135145284701734,21.4054358541052,0.0,0.0,15,0.0,0.0,0.0,0.0,0.0,0.0,0.0,0.0,N,,N,
04:38,BHARTIHEXA,23489,1512.6,-1.7,3.41,,30.0,32.0,NORMAL,N,0.0,17.026254224070733,30.0,0.0,0.0,15,0.0,0.0,0.0,0.0,0.0,0.0,0.0,0.0,N,,N,
04:38,THYROCARE,17032,599.05,-0.7,1.39,,20.9,22.0,NORMAL,N,0.0,6.96228760878582,20.886862826357458,0.0,0.0,15,0.0,0.0,0.0,0.0,0.0,0.0,0.0,0.0,N,,N,
04:38,SYMPHONY,24190,649.5,-0.7,1.39,,20.9,22.0,NORMAL,N,0.0,6.95665469000834,20.86996407002502,0.0,0.0,15,0.0,0.0,0.0,0.0,0.0,0.0,0.0,0.0,N,,N,
04:38,JAIBALAJI,14076,64.5,-1.69,3.38,,30.0,31.9,NORMAL,N,0.0,16.918152720621848,30.0,0.0,0.0,15,0.0,0.0,0.0,0.0,0.0,0.0,0.0,0.0,N,,N,
04:38,PNB,10666,114.03,-0.68,1.36,,20.4,21.8,NORMAL,N,0.0,6.79383328978313,20.38149986934939,0.0,0.0,15,0.0,0.0,0.0,0.0,0.0,0.0,0.0,0.0,N,,N,
04:38,TATAINVEST,1621,689.0,-0.67,1.34,,20.1,21.7,NORMAL,N,0.0,6.703668997332916,20.11100699199875,0.0,0.0,15,0.0,0.0,0.0,0.0,0.0,0.0,0.0,0.0,N,,N,
04:38,GUJGASLTD,10599,263.55,-0.66,1.32,,19.8,21.6,NORMAL,N,0.0,6.596306068601583,19.788918205804748,0.0,0.0,15,0.0,0.0,0.0,0.0,0.0,0.0,0.0,0.0,N,,N,
04:38,SOUTHWEST,9678,230.54,-0.66,1.31,,19.7,21.6,NORMAL,N,0.0,6.550030164612643,19.65009049383793,0.0,0.0,15,0.0,0.0,0.0,0.0,0.0,0.0,0.0,0.0,N,,N,
04:38,RHIM,31163,410.1,-0.65,1.31,,19.6,21.5,NORMAL,N,0.0,6.540697674418577,19.622093023255733,0.0,0.0,15,0.0,0.0,0.0,0.0,0.0,0.0,0.0,0.0,N,,N,
04:38,GODREJIND,10925,1303.0,-0.65,1.3,,19.4,21.5,NORMAL,N,0.0,6.481128478841022,19.443385436523066,0.0,0.0,15,0.0,0.0,0.0,0.0,0.0,0.0,0.0,0.0,N,,N,
04:38,POONAWALLA,11403,476.95,-0.65,1.29,,19.4,21.5,NORMAL,N,0.0,6.457660660347928,19.372981981043786,0.0,0.0,15,0.0,0.0,0.0,0.0,0.0,0.0,0.0,0.0,N,,N,
04:38,AMBUJACEM,1270,431.35,-0.61,1.22,,18.3,21.1,NORMAL,N,0.0,6.1059907834100855,18.317972350230256,0.0,0.0,15,0.0,0.0,0.0,0.0,0.0,0.0,0.0,0.0,N,,N,
04:38,ASTRAL,14418,1435.2,-0.61,1.22,,18.3,21.1,NORMAL,N,0.0,6.094182825484733,18.2825484764542,0.0,0.0,15,0.0,0.0,0.0,0.0,0.0,0.0,0.0,0.0,N,,N,
04:38,ITC,1660,284.4,-0.59,1.19,,17.8,20.9,NORMAL,N,0.0,5.9419783292556625,17.82593498776699,0.0,0.0,15,0.0,0.0,0.0,0.0,0.0,0.0,0.0,0.0,N,,N,
04:38,KIRIINDUS,16639,425.4,-0.58,1.17,,17.5,20.8,NORMAL,N,0.0,5.842486562280906,17.527459686842718,0.0,0.0,15,0.0,0.0,0.0,0.0,0.0,0.0,0.0,0.0,N,,N,
04:38,KARURVYSYA,1838,333.6,-0.58,1.16,,17.4,20.8,NORMAL,N,0.0,5.811354492624015,17.434063477872048,0.0,0.0,15,0.0,0.0,0.0,0.0,0.0,0.0,0.0,0.0,N,,N,
04:38,ETERNAL,5097,313.2,-0.57,1.14,,17.1,20.7,NORMAL,N,0.0,5.714285714285751,17.142857142857252,0.0,0.0,15,0.0,0.0,0.0,0.0,0.0,0.0,0.0,0.0,N,,N,
04:38,ATGL,6066,653.8,-0.57,1.14,,17.1,20.7,NORMAL,N,0.0,5.702988365903734,17.108965097711202,0.0,0.0,15,0.0,0.0,0.0,0.0,0.0,0.0,0.0,0.0,N,,N,
04:38,JIOFIN,18143,255.35,-0.56,1.13,,16.9,20.6,NORMAL,N,0.0,5.646417445482933,16.9392523364488,0.0,0.0,15,0.0,0.0,0.0,0.0,0.0,0.0,0.0,0.0,N,,N,
04:38,BANKBARODA,4668,249.3,-0.56,1.12,,16.8,20.6,NORMAL,N,0.0,5.584363781411956,16.75309134423587,0.0,0.0,15,0.0,0.0,0.0,0.0,0.0,0.0,0.0,0.0,N,,N,
04:38,PUNJABCHEM,4344,1105.0,-0.55,1.1,,16.5,20.5,NORMAL,N,0.0,5.490054900548924,16.470164701646773,0.0,0.0,15,0.0,0.0,0.0,0.0,0.0,0.0,0.0,0.0,N,,N,
04:38,UPL,11287,569.9,-0.54,1.08,,16.2,20.4,NORMAL,N,0.0,5.410122164048905,16.230366492146715,0.0,0.0,15,0.0,0.0,0.0,0.0,0.0,0.0,0.0,0.0,N,,N,
04:38,GRINFRA,5054,866.0,-0.54,1.08,,16.2,20.4,NORMAL,N,0.0,5.397955667853502,16.193867003560506,0.0,0.0,15,0.0,0.0,0.0,0.0,0.0,0.0,0.0,0.0,N,,N,
04:38,UNIONBANK,10753,182.61,-0.54,1.08,,16.2,20.4,NORMAL,N,0.0,5.392156862744993,16.17647058823498,0.0,0.0,15,0.0,0.0,0.0,0.0,0.0,0.0,0.0,0.0,N,,N,
04:38,SBFC,18026,92.8,-1.54,3.08,,30.0,30.4,NORMAL,N,0.0,15.384615384615413,30.0,0.0,0.0,15,0.0,0.0,0.0,0.0,0.0,0.0,0.0,0.0,N,,N,
04:38,BDL,2144,1287.2,-0.53,1.05,,15.8,20.3,NORMAL,N,0.0,5.255023183925776,15.76506955177733,0.0,0.0,15,0.0,0.0,0.0,0.0,0.0,0.0,0.0,0.0,N,,N,
04:38,ITDC,19299,698.1,-0.52,1.04,,15.6,20.2,NORMAL,N,0.0,5.201282508015642,15.603847524046927,0.0,0.0,15,0.0,0.0,0.0,0.0,0.0,0.0,0.0,0.0,N,,N,
04:38,SURYAROSNI,3375,251.05,-0.52,1.03,,15.5,20.2,NORMAL,N,0.0,5.1515751931840015,15.454725579552004,0.0,0.0,15,0.0,0.0,0.0,0.0,0.0,0.0,0.0,0.0,N,,N,
04:38,JTEKTINDIA,3237,139.08,-0.52,1.03,,15.5,20.2,NORMAL,N,0.0,5.150214592274669,15.45064377682401,0.0,0.0,15,0.0,0.0,0.0,0.0,0.0,0.0,0.0,0.0,N,,N,
04:38,WIPRO,3787,186.59,-0.5,1.0,,15.0,20.0,NORMAL,N,0.0,5.012531328320789,15.037593984962369,0.0,0.0,15,0.0,0.0,0.0,0.0,0.0,0.0,0.0,0.0,N,,N,
04:38,DIAMONDYD,21840,1221.3,-0.5,0.99,,14.9,20.0,NORMAL,N,0.0,4.969854978002393,14.909564934007177,0.0,0.0,15,0.0,0.0,0.0,0.0,0.0,0.0,0.0,0.0,N,,N,
04:38,ASHOKLEY,212,176.63,-0.49,0.98,,14.7,19.9,NORMAL,N,0.0,4.901408450704252,14.704225352112752,0.0,0.0,15,0.0,0.0,0.0,0.0,0.0,0.0,0.0,0.0,N,,N,
04:38,ADANIPOWER,17388,207.99,-0.48,0.97,,14.5,19.8,NORMAL,N,0.0,4.832535885167421,14.497607655502263,0.0,0.0,15,0.0,0.0,0.0,0.0,0.0,0.0,0.0,0.0,N,,N,
04:38,MARKSANS,10579,272.55,-0.47,0.95,,14.2,19.7,NORMAL,N,0.0,4.74712433814136,14.241373014424079,0.0,0.0,15,0.0,0.0,0.0,0.0,0.0,0.0,0.0,0.0,N,,N,
04:38,JAINREC,759244,306.95,-0.47,0.94,,14.1,19.7,NORMAL,N,0.0,4.701686121919549,14.105058365758644,0.0,0.0,15,0.0,0.0,0.0,0.0,0.0,0.0,0.0,0.0,N,,N,
04:38,LICHSGFIN,1997,502.0,-0.45,0.89,,13.4,19.5,NORMAL,N,0.0,4.4620723847297965,13.38621715418939,0.0,0.0,15,0.0,0.0,0.0,0.0,0.0,0.0,0.0,0.0,N,,N,
04:38,GROWW,759806,189.66,-0.44,0.88,,13.2,19.4,NORMAL,N,0.0,4.409448818897656,13.228346456692968,0.0,0.0,15,0.0,0.0,0.0,0.0,0.0,0.0,0.0,0.0,N,,N,
04:38,AWL,8110,196.64,-0.44,0.87,,13.1,19.4,NORMAL,N,0.0,4.354430379746904,13.063291139240713,0.0,0.0,15,0.0,0.0,0.0,0.0,0.0,0.0,0.0,0.0,N,,N,
04:38,ADANIENT,25,2976.7,-1.43,2.87,,30.0,29.3,NORMAL,N,0.0,14.337748344370922,30.0,0.0,0.0,15,0.0,0.0,0.0,0.0,0.0,0.0,0.0,0.0,N,,N,
04:38,COALINDIA,20374,413.45,-0.43,0.87,,13.0,19.3,NORMAL,N,0.0,4.334738109572575,13.004214328717724,0.0,0.0,15,0.0,0.0,0.0,0.0,0.0,0.0,0.0,0.0,N,,N,
04:38,SAREGAMA,4892,517.0,-0.42,0.85,,12.7,19.2,NORMAL,N,0.0,4.237288135593308,12.711864406779924,0.0,0.0,15,0.0,0.0,0.0,0.0,0.0,0.0,0.0,0.0,N,,N,
04:38,MAXHEALTH,22377,1065.5,-0.42,0.84,,12.6,19.2,NORMAL,N,0.0,4.205607476635514,12.616822429906541,0.0,0.0,15,0.0,0.0,0.0,0.0,0.0,0.0,0.0,0.0,N,,N,
04:38,KEC,13260,476.9,-0.41,0.81,,12.2,19.1,NORMAL,N,0.0,4.07225644773947,12.216769343218411,0.0,0.0,15,0.0,0.0,0.0,0.0,0.0,0.0,0.0,0.0,N,,N,
04:38,NYKAA,6545,330.65,-0.41,0.81,,12.2,19.1,NORMAL,N,0.0,4.066265060241032,12.198795180723096,0.0,0.0,15,0.0,0.0,0.0,0.0,0.0,0.0,0.0,0.0,N,,N,
04:38,DRREDDY,881,1167.4,-0.39,0.78,,11.8,18.9,NORMAL,N,0.0,3.924914675767841,11.774744027303523,0.0,0.0,15,0.0,0.0,0.0,0.0,0.0,0.0,0.0,0.0,N,,N,
04:38,SHYAMMETL,4693,1003.0,-0.39,0.77,,11.6,18.9,NORMAL,N,0.0,3.8732744065944753,11.619823219783425,0.0,0.0,15,0.0,0.0,0.0,0.0,0.0,0.0,0.0,0.0,N,,N,
04:38,SUNTECK,17641,298.0,-0.38,0.77,,11.5,18.8,NORMAL,N,0.0,3.8442253050308457,11.532675915092536,0.0,0.0,15,0.0,0.0,0.0,0.0,0.0,0.0,0.0,0.0,N,,N,
04:38,EXIDEIND,676,488.15,-0.38,0.76,,11.3,18.8,NORMAL,N,0.0,3.7755102040816793,11.326530612245037,0.0,0.0,15,0.0,0.0,0.0,0.0,0.0,0.0,0.0,0.0,N,,N,
04:38,VINATIORGA,17364,1319.9,-0.38,0.75,,11.3,18.8,NORMAL,N,0.0,3.773869726017058,11.321609178051174,0.0,0.0,15,0.0,0.0,0.0,0.0,0.0,0.0,0.0,0.0,N,,N,
04:38,KSB,1949,781.3,-0.38,0.75,,11.3,18.8,NORMAL,N,0.0,3.7615556263947028,11.284666879184108,0.0,0.0,15,0.0,0.0,0.0,0.0,0.0,0.0,0.0,0.0,N,,N,
04:38,MAITHANALL,24538,970.0,-0.34,0.69,,10.3,18.4,NORMAL,N,0.0,3.4417218883238534,10.325165664971559,0.0,0.0,15,0.0,0.0,0.0,0.0,0.0,0.0,0.0,0.0,N,,N,
04:38,MGL,17534,1135.7,-0.34,0.68,,10.3,18.4,NORMAL,N,0.0,3.422253422253303,10.26676026675991,0.0,0.0,15,0.0,0.0,0.0,0.0,0.0,0.0,0.0,0.0,N,,N,
04:38,DELHIVERY,9599,471.7,-0.34,0.68,,10.1,18.4,NORMAL,N,0.0,3.3805197549123664,10.141559264737099,0.0,0.0,15,0.0,0.0,0.0,0.0,0.0,0.0,0.0,0.0,N,,N,
04:38,SANDHAR,2397,664.4,-0.34,0.68,,10.1,18.4,NORMAL,N,0.0,3.375084377109428,10.125253131328284,0.0,0.0,15,0.0,0.0,0.0,0.0,0.0,0.0,0.0,0.0,N,,N,
04:38,SAKSOFT,11794,164.5,-0.33,0.67,,10.0,18.3,NORMAL,N,0.0,3.3323235383217895,9.996970614965367,0.0,0.0,15,0.0,0.0,0.0,0.0,0.0,0.0,0.0,0.0,N,,Y,NONRESULTS
04:38,NCC,2319,145.11,-0.33,0.66,,9.9,18.3,NORMAL,N,0.0,3.2969297341849697,9.89078920255491,0.0,0.0,15,0.0,0.0,0.0,0.0,0.0,0.0,0.0,0.0,N,,N,
04:38,MOTILALOFS,14947,867.2,-0.32,0.64,,9.7,18.2,NORMAL,N,0.0,3.218390804597649,9.655172413792947,0.0,0.0,15,0.0,0.0,0.0,0.0,0.0,0.0,0.0,0.0,N,,N,
04:38,TVSSCS,18151,133.37,-0.31,0.63,,9.4,18.1,NORMAL,N,0.0,3.1392480753418606,9.417744226025581,0.0,0.0,15,0.0,0.0,0.0,0.0,0.0,0.0,0.0,0.0,N,,N,
04:38,INDIANB,14309,886.8,-0.3,0.61,,9.1,18.0,NORMAL,N,0.0,3.0354131534570494,9.106239460371148,0.0,0.0,15,0.0,0.0,0.0,0.0,0.0,0.0,0.0,0.0,N,,N,
04:38,TOKYOPLAST,9710,80.0,-1.23,2.47,,30.0,27.3,NORMAL,N,0.0,12.345679012345677,30.0,0.0,0.0,15,0.0,0.0,0.0,0.0,0.0,0.0,0.0,0.0,N,,N,
04:38,ZFCVINDIA,16915,2608.9,-1.07,2.15,,30.0,25.7,NORMAL,N,0.0,10.731078416502248,30.0,0.0,0.0,15,0.0,0.0,0.0,0.0,0.0,0.0,0.0,0.0,N,,N,
04:38,RAINBOW,9408,1540.1,-1.07,2.13,,30.0,25.7,NORMAL,N,0.0,10.663583220916127,30.0,0.0,0.0,15,0.0,0.0,0.0,0.0,0.0,0.0,0.0,0.0,N,,N,
04:38,BHARTIARTL,10604,1939.1,-1.06,2.12,,30.0,25.6,NORMAL,N,0.0,10.612786366651452,30.0,0.0,0.0,15,0.0,0.0,0.0,0.0,0.0,0.0,0.0,0.0,N,,N,
04:38,ADANIENSOL,10217,1613.0,-1.05,2.1,,30.0,25.5,NORMAL,N,0.0,10.490153978283486,30.0,0.0,0.0,15,0.0,0.0,0.0,0.0,0.0,0.0,0.0,0.0,N,,N,
04:38,ADANIPORTS,15083,1676.9,-0.98,1.96,,29.4,24.8,NORMAL,N,0.0,9.80218482432826,29.40655447298478,0.0,0.0,15,0.0,0.0,0.0,0.0,0.0,0.0,0.0,0.0,N,,N,
04:38,SBILIFE,21808,1838.0,-0.94,1.89,,28.3,24.4,NORMAL,N,0.0,9.431420102398274,28.294260307194826,0.0,0.0,15,0.0,0.0,0.0,0.0,0.0,0.0,0.0,0.0,N,,N,
04:38,PIIND,24184,2748.5,-0.94,1.88,,28.2,24.4,NORMAL,N,0.0,9.40676133496717,28.220284004901508,0.0,0.0,15,0.0,0.0,0.0,0.0,0.0,0.0,0.0,0.0,N,,N,
04:38,MOREPENLAB,2259,79.56,-0.86,1.72,,25.8,23.6,NORMAL,N,0.0,8.598130841121467,25.794392523364397,0.0,0.0,15,0.0,0.0,0.0,0.0,0.0,0.0,0.0,0.0,N,,N,
04:38,NITTAGELA,762824,1708.4,-0.84,1.68,,25.2,23.4,NORMAL,N,0.0,8.416042718672006,25.248128156016016,0.0,0.0,15,0.0,0.0,0.0,0.0,0.0,0.0,0.0,0.0,N,,N,
04:38,KIRLOSBROS,18581,1885.9,-0.83,1.66,,24.9,23.3,NORMAL,N,0.0,8.308355681758403,24.92506704527521,0.0,0.0,15,0.0,0.0,0.0,0.0,0.0,0.0,0.0,0.0,N,,N,
04:38,PRESTIGE,20302,1572.0,-0.81,1.62,,24.2,23.1,NORMAL,N,0.0,8.076728924785435,24.230186774356305,0.0,0.0,15,0.0,0.0,0.0,0.0,0.0,0.0,0.0,0.0,N,,N,
04:38,TIMKEN,14198,3316.3,-0.8,1.6,,24.0,23.0,NORMAL,N,0.0,8.016511620950533,24.049534862851598,0.0,0.0,15,0.0,0.0,0.0,0.0,0.0,0.0,0.0,0.0,N,,N,
04:38,NBCC,31415,94.57,-0.8,1.59,,23.9,23.0,NORMAL,N,0.0,7.972306724011383,23.916920172034146,0.0,0.0,15,0.0,0.0,0.0,0.0,0.0,0.0,0.0,0.0,N,,N,
04:38,BAJAJHFL,25270,85.12,-0.78,1.56,,23.4,22.8,NORMAL,N,0.0,7.809768038232913,23.42930411469874,0.0,0.0,15,0.0,0.0,0.0,0.0,0.0,0.0,0.0,0.0,N,,N,
04:38,IPCALAB,1633,1722.4,-0.77,1.54,,23.2,22.7,NORMAL,N,0.0,7.719783385182546,23.15935015554764,0.0,0.0,15,0.0,0.0,0.0,0.0,0.0,0.0,0.0,0.0,N,,N,
04:38,HINDUNILVR,1394,2081.9,-0.67,1.35,,20.2,21.7,NORMAL,N,0.0,6.727099236641179,20.181297709923534,0.0,0.0,15,0.0,0.0,0.0,0.0,0.0,0.0,0.0,0.0,N,,N,
04:38,LLOYDSME,17313,2087.7,-0.64,1.28,,19.3,21.4,NORMAL,N,0.0,6.424900057110223,19.27470017133067,0.0,0.0,15,0.0,0.0,0.0,0.0,0.0,0.0,0.0,0.0,N,,Y,NONRESULTS
04:38,IDBI,1476,83.68,-0.64,1.28,,19.2,21.4,NORMAL,N,0.0,6.411778674898979,19.235336024696938,0.0,0.0,15,0.0,0.0,0.0,0.0,0.0,0.0,0.0,0.0,N,,N,
04:38,WABAG,20188,1945.4,-0.63,1.26,,18.8,21.3,NORMAL,N,0.0,6.282882974919525,18.848648924758578,0.0,0.0,15,0.0,0.0,0.0,0.0,0.0,0.0,0.0,0.0,N,,N,
04:38,COLPAL,15141,2017.6,-0.61,1.22,,18.3,21.1,NORMAL,N,0.0,6.108374384236498,18.325123152709494,0.0,0.0,15,0.0,0.0,0.0,0.0,0.0,0.0,0.0,0.0,N,,N,
04:38,IRFC,2029,88.22,-0.6,1.19,,17.9,21.0,NORMAL,N,0.0,5.9718309859155045,17.915492957746515,0.0,0.0,15,0.0,0.0,0.0,0.0,0.0,0.0,0.0,0.0,N,,N,
04:38,MAZDOCK,509,2500.0,-0.59,1.18,,17.8,20.9,NORMAL,N,0.0,5.9246888544276475,17.774066563282943,0.0,0.0,15,0.0,0.0,0.0,0.0,0.0,0.0,0.0,0.0,N,,N,
04:38,HDFCAMC,4244,2531.6,-0.53,1.05,,15.8,20.3,NORMAL,N,0.0,5.265225933202393,15.79567779960718,0.0,0.0,15,0.0,0.0,0.0,0.0,0.0,0.0,0.0,0.0,N,,N,
04:38,COROMANDEL,739,2058.5,-0.52,1.04,,15.7,20.2,NORMAL,N,0.0,5.219156236408535,15.657468709225606,0.0,0.0,15,0.0,0.0,0.0,0.0,0.0,0.0,0.0,0.0,N,,N,
04:38,ZEEL,3812,93.7,-0.52,1.04,,15.6,20.2,NORMAL,N,0.0,5.202250769720723,15.60675230916217,0.0,0.0,15,0.0,0.0,0.0,0.0,0.0,0.0,0.0,0.0,N,,N,
04:38,SRF,3273,2602.2,-0.49,0.98,,14.7,19.9,NORMAL,N,0.0,4.894837476099496,14.684512428298486,0.0,0.0,15,0.0,0.0,0.0,0.0,0.0,0.0,0.0,0.0,N,,N,
04:38,BAJAJFINSV,16675,1999.6,-0.46,0.93,,13.9,19.6,NORMAL,N,0.0,4.6293991736772275,13.888197521031682,0.0,0.0,15,0.0,0.0,0.0,0.0,0.0,0.0,0.0,0.0,N,,N,
04:38,IFCI,1491,73.66,-0.43,0.87,,13.0,19.3,NORMAL,N,0.0,4.3254933765883665,12.9764801297651,0.0,0.0,15,0.0,0.0,0.0,0.0,0.0,0.0,0.0,0.0,N,,N,
04:38,SJVN,18883,67.67,-0.43,0.85,,12.8,19.3,NORMAL,N,0.0,4.267216009417187,12.801648028251563,0.0,0.0,15,0.0,0.0,0.0,0.0,0.0,0.0,0.0,0.0,N,,N,
04:38,WAAREEENER,25907,2706.6,-0.38,0.77,,11.5,18.8,NORMAL,N,0.0,3.8277511961722817,11.483253588516845,0.0,0.0,15,0.0,0.0,0.0,0.0,0.0,0.0,0.0,0.0,N,,N,
04:38,TATACOMM,3721,1748.6,-0.38,0.75,,11.3,18.8,NORMAL,N,0.0,3.7602552415679904,11.28076572470397,0.0,0.0,15,0.0,0.0,0.0,0.0,0.0,0.0,0.0,0.0,N,,N,
04:38,DOMS,20551,2252.2,-0.37,0.74,,11.1,18.7,NORMAL,N,0.0,3.715827656374455,11.147482969123365,0.0,0.0,15,0.0,0.0,0.0,0.0,0.0,0.0,0.0,0.0,N,,N,
04:38,ESCORTS,958,3070.0,-0.36,0.71,,10.7,18.6,NORMAL,N,0.0,3.5702693930542035,10.71080817916261,0.0,0.0,15,0.0,0.0,0.0,0.0,0.0,0.0,0.0,0.0,N,,N,
04:38,COCHINSHIP,21508,1514.5,-0.34,0.68,,10.3,18.4,NORMAL,N,0.0,3.421727972626206,10.265183917878618,0.0,0.0,15,0.0,0.0,0.0,0.0,0.0,0.0,0.0,0.0,N,,N,
04:38,ASIANPAINT,236,2726.3,-0.32,0.64,,9.5,18.2,NORMAL,N,0.0,3.1809872029249795,9.542961608774938,0.0,0.0,15,0.0,0.0,0.0,0.0,0.0,0.0,0.0,0.0,N,,N,
04:38,IONEXCHANG,1630,383.5,3.2,6.4,,75.0,0.0,NORMAL,N,30.0,0.0,30.0,0.0,15,0.0,0.0,0.0,0.0,0.0,0.0,0.0,0.0,0.0,N,,Y,NONRESULTS
04:38,M&M,2031,3514.5,3.19,6.37,,75.0,0.0,NORMAL,N,30.0,0.0,30.0,0.0,15,0.0,0.0,0.0,0.0,0.0,0.0,0.0,0.0,0.0,N,,N,
04:38,UNICHEMLAB,3579,497.5,1.58,3.16,,60.8,0.0,NORMAL,N,15.82440020418581,0.0,30.0,0.0,15,0.0,0.0,0.0,0.0,0.0,0.0,0.0,0.0,0.0,N,,N,
04:38,LXCHEM,2841,178.2,1.46,2.92,,59.6,0.0,NORMAL,N,14.575267592803476,0.0,30.0,0.0,15,0.0,0.0,0.0,0.0,0.0,0.0,0.0,0.0,0.0,N,,N,
04:38,MEDANTA,11956,1476.7,1.45,2.9,,59.5,0.0,NORMAL,N,14.49574058807374,0.0,30.0,0.0,15,0.0,0.0,0.0,0.0,0.0,0.0,0.0,0.0,0.0,N,,N,
04:51,HISARMETAL,19322,162.5,6.89,13.79,,100.0,40.0,NORMAL,Y,30.0,0.0,30.0,0.0,15,0.0,0.0,0.0,25,0.0,0.0,20,0.0,20.0,Y,NONRESULTS,N,
04:51,ZENITHEXPO,4176,230.95,6.67,13.34,,75.0,65.0,NORMAL,Y,30.0,0.0,30.0,0.0,15,0.0,0.0,0.0,0.0,25,0.0,20,0.0,20.0,N,,N,
04:51,PDSL,5264,382.9,5.82,11.63,,120.0,20.0,NORMAL,Y,30.0,0.0,30.0,0.0,15,0.0,0.0,0.0,25,0.0,20,0.0,0.0,20.0,Y,NONRESULTS,N,
04:51,TRIVENI,13081,245.6,5.31,10.62,,120.0,7.4,NORMAL,N,30.0,0.0,30.0,0.0,15,0.0,0.0,0.0,25,0.0,20,0.0,0.0,7.407407407407095,N,,N,
04:51,SUPRAJIT,11689,545.25,4.49,8.99,,131.2,0.0,NORMAL,Y,30.0,0.0,30.0,0.0,15,0.0,0.0,0.0,25,0.0,20,0.0,11.249999999999556,0.0,N,,N,
04:51,PAYTM,6705,1495.5,3.74,7.48,,134.5,0.0,NORMAL,N,30.0,0.0,30.0,0.0,15,0.0,0.0,0.0,25,0.0,20,0.0,14.545454545454922,0.0,N,,N,
04:51,NELCO,2388,993.8,3.64,7.28,,137.6,0.0,NORMAL,N,30.0,0.0,30.0,0.0,15,0.0,0.0,0.0,25,0.0,20,0.0,17.647058823529335,0.0,N,,N,
04:51,SCHNEIDER,31234,1402.9,3.55,7.1,,137.8,0.0,NORMAL,N,30.0,0.0,30.0,0.0,15,0.0,0.0,0.0,25,0.0,20,0.0,17.818181818182147,0.0,N,,N,
04:51,IONEXCHANG,1630,384.7,3.53,7.05,,127.3,0.0,NORMAL,N,30.0,0.0,30.0,0.0,15,0.0,0.0,0.0,25,0.0,20,0.0,7.272727272727085,0.0,N,,Y,NONRESULTS
04:51,HCG,15555,699.0,3.43,6.85,,120.0,0.0,NORMAL,N,30.0,0.0,30.0,0.0,15,0.0,0.0,0.0,25,0.0,20,0.0,0.0,0.0,N,,N,
04:51,RAMCOCEM,2043,964.4,3.28,6.55,,101.3,20.0,NORMAL,Y,30.0,0.0,30.0,0.0,15,0.0,0.0,0.0,25,0.0,0.0,20,1.3333333333336364,0.0,N,,N,
04:51,NAUKRI,13751,1263.3,3.1,6.2,,123.4,0.0,NORMAL,N,30.0,0.0,30.0,0.0,15,0.0,0.0,0.0,25,0.0,20,0.0,3.4482758620688574,0.0,N,,N,
04:51,RAYMOND,2859,633.65,3.04,6.08,,120.7,0.0,NORMAL,N,30.0,0.0,30.0,0.0,15,0.0,0.0,0.0,25,0.0,20,0.0,0.7142857142850763,0.0,N,,N,
04:51,NEWGEN,1164,567.4,2.98,5.95,,119.8,10.6,NORMAL,N,29.764065335753138,0.0,30.0,0.0,15,0.0,0.0,0.0,25,0.0,20,0.0,0.0,10.612244897958616,N,,N,
04:51,MAHLOG,385,414.35,2.89,5.79,,118.9,6.7,NORMAL,N,28.92972436056627,0.0,30.0,0.0,15,0.0,0.0,0.0,25,0.0,20,0.0,0.0,6.666666666667027,N,,N,
04:51,SHILPAMED,17752,781.6,2.88,5.75,,118.8,6.3,NORMAL,N,28.759460348798974,0.0,30.0,0.0,15,0.0,0.0,0.0,25,0.0,20,0.0,0.0,6.274509803921324,N,,N,
04:51,FINCABLES,1038,1050.7,2.54,5.08,,123.4,0.0,NORMAL,N,25.423315278387694,0.0,30.0,0.0,15,0.0,0.0,0.0,25,0.0,20,0.0,8.000000000000808,0.0,N,,N,
04:51,VEDL,3063,285.8,2.49,4.98,,114.9,12.0,NORMAL,N,24.923794154563343,0.0,30.0,0.0,15,0.0,0.0,0.0,25,0.0,20,0.0,0.0,12.000000000000455,N,,N,
04:51,VARROC,3857,831.25,2.47,4.94,,123.4,0.0,NORMAL,N,24.71646942800783,0.0,30.0,0.0,15,0.0,0.0,0.0,25,0.0,20,0.0,8.636363636363354,0.0,N,,N,
04:51,MAHSEAMLES,2088,604.15,2.45,4.9,,124.9,0.0,NORMAL,Y,24.50398507715776,0.0,30.0,0.0,15,0.0,0.0,0.0,25,0.0,20,0.0,10.416666666666766,0.0,N,,N,
04:52,MAXESTATES,19646,406.0,2.24,4.48,,120.6,0.0,NORMAL,N,22.412490556534816,0.0,30.0,0.0,15,0.0,0.0,0.0,25,0.0,20,0.0,8.235294117646587,0.0,N,,N,
04:52,BALRAMCHIN,341,647.55,2.23,4.45,,112.3,11.4,NORMAL,N,22.259057542031584,0.0,30.0,0.0,15,0.0,0.0,0.0,25,0.0,20,0.0,0.0,11.428571428571427,N,,N,
04:52,PRAJIND,2705,332.25,2.22,4.43,,119.4,0.0,NORMAL,N,22.150438394093182,0.0,30.0,0.0,15,0.0,0.0,0.0,25,0.0,20,0.0,7.272727272728118,0.0,N,,N,
04:52,KAJARIACER,1808,1192.7,2.18,4.35,,91.8,38.3,NORMAL,N,21.759616208344124,0.0,30.0,0.0,15,0.0,0.0,0.0,25,0.0,0.0,20,0.0,18.333333333334597,N,,N,
04:52,BRIGADE,15184,594.55,2.17,4.33,,115.9,0.0,NORMAL,N,21.651344617234997,0.0,30.0,0.0,15,0.0,0.0,0.0,25,0.0,20,0.0,4.242424242424577,0.0,N,,N,
04:52,OIL,17438,452.3,2.15,4.29,,107.0,20.0,NORMAL,N,21.45438121047877,0.0,30.0,0.0,15,0.0,0.0,0.0,25,0.0,0.0,20,15.500000000000114,0.0,N,,N,
04:52,LXCHEM,2841,179.19,2.02,4.04,,110.2,5.8,NORMAL,N,20.211796857207993,0.0,30.0,0.0,15,0.0,0.0,0.0,25,0.0,20,0.0,0.0,5.83333333333289,N,,N,
04:52,PIXTRANS,9087,1935.0,12.68,25.37,,100.0,21.3,NORMAL,Y,30.0,0.0,30.0,0.0,15,0.0,0.0,0.0,25,0.0,0.0,20,0.0,1.3259668508287694,N,,N,
04:52,BEML,395,1882.3,5.29,10.57,,120.0,6.5,NORMAL,Y,30.0,0.0,30.0,0.0,15,0.0,0.0,0.0,25,0.0,20,0.0,0.0,6.470588235293842,N,,N,
04:52,GRASIM,1232,3350.2,4.04,8.09,,100.0,24.4,NORMAL,Y,30.0,0.0,30.0,0.0,15,0.0,0.0,0.0,25,0.0,0.0,20,0.0,4.415584415584047,N,,N,
04:52,SANSERA,5751,3911.3,3.27,6.55,,120.0,16.8,NORMAL,N,30.0,0.0,30.0,0.0,15,0.0,0.0,0.0,25,0.0,20,0.0,0.0,16.847290640393847,N,,N,
04:52,M&M,2031,3515.4,3.21,6.42,,104.8,20.0,NORMAL,N,30.0,0.0,30.0,0.0,15,0.0,0.0,0.0,25,0.0,0.0,20,4.761904761903937,0.0,N,,N,
04:52,SHREEPUSHK,10588,415.2,1.99,3.98,,109.9,20.0,NORMAL,N,19.896831245394168,0.0,30.0,0.0,15,0.0,0.0,0.0,25,0.0,20,0.0,0.0,20.0,N,,N,
04:52,KNRCON,15283,142.75,1.97,3.94,,109.7,3.3,NORMAL,N,19.71569397814123,0.0,30.0,0.0,15,0.0,0.0,0.0,25,0.0,20,0.0,0.0,3.3333333333329387,N,,N,
04:52,HFCL,21951,211.89,1.88,3.76,,108.8,15.0,NORMAL,N,18.79988460428886,0.0,30.0,0.0,15,0.0,0.0,0.0,25,0.0,20,0.0,0.0,15.000000000000355,N,,N,
04:52,BECTORFOOD,1628,228.5,1.83,3.65,,97.6,20.0,NORMAL,N,18.27094474153295,0.0,30.0,0.0,15,0.0,0.0,0.0,25,0.0,0.0,20,9.375000000000554,0.0,N,,N,
04:52,PINELABS,759820,157.24,1.81,3.63,,122.4,0.0,NORMAL,N,18.1300181300182,0.0,30.0,0.0,15,0.0,0.0,0.0,25,0.0,20,0.0,14.285714285714517,0.0,N,,N,
04:52,ANTHEM,757885,855.85,1.77,3.53,,101.5,20.0,NORMAL,N,17.657550535077316,0.0,30.0,0.0,15,0.0,0.0,0.0,25,0.0,0.0,20,13.846153846154518,0.0,N,,N,
04:52,SAIL,2963,179.56,1.69,3.38,,106.9,18.4,NORMAL,N,16.876203420545867,0.0,30.0,0.0,15,0.0,0.0,0.0,25,0.0,20,0.0,0.0,18.378378378378336,N,,N,
04:52,ENGINERSIN,4907,244.66,1.69,3.37,,124.2,0.0,NORMAL,N,16.87448046550292,0.0,30.0,0.0,15,0.0,0.0,0.0,25,0.0,20,0.0,17.368421052632446,0.0,N,,N,
04:52,TATASTEEL,3499,190.65,1.65,3.31,,106.5,5.7,NORMAL,N,16.52892561983468,0.0,30.0,0.0,15,0.0,0.0,0.0,25,0.0,20,0.0,0.0,5.7142857142857135,N,,N,
04:52,LENSKART,759605,579.05,1.64,3.28,,106.4,16.0,NORMAL,N,16.412146743900138,0.0,30.0,0.0,15,0.0,0.0,0.0,25,0.0,20,0.0,0.0,16.000000000000608,N,,N,
04:52,ABDL,24308,609.0,1.63,3.25,,117.6,0.0,NORMAL,N,16.270337922403,0.0,30.0,0.0,15,0.0,0.0,0.0,25,0.0,20,0.0,11.35135135135072,0.0,N,,N,
04:52,IIFL,11809,621.7,1.63,3.25,,113.3,0.0,NORMAL,N,16.264814058030314,0.0,30.0,0.0,15,0.0,0.0,0.0,25,0.0,20,0.0,7.000000000000455,0.0,N,,N,
04:52,KALYANKJIL,2955,616.1,1.62,3.23,,106.2,13.9,NORMAL,N,16.163615371928202,0.0,30.0,0.0,15,0.0,0.0,0.0,25,0.0,20,0.0,0.0,13.939393939393856,N,,N,
04:52,BORORENEW,3149,557.4,1.59,3.19,,123.4,0.0,NORMAL,N,15.948236580698078,0.0,30.0,0.0,15,0.0,0.0,0.0,25,0.0,20,0.0,17.435897435897495,0.0,N,,N,
04:52,VIPIND,3703,320.0,1.59,3.17,,105.9,10.0,NORMAL,N,15.873015873015872,0.0,30.0,0.0,15,0.0,0.0,0.0,25,0.0,20,0.0,0.0,10.0,N,,N,
04:52,ZUARI,29050,231.16,1.59,3.17,,105.9,20.0,NORMAL,N,15.864645132937753,0.0,30.0,0.0,15,0.0,0.0,0.0,25,0.0,20,0.0,0.0,20.0,N,,N,
04:52,BLS,17279,258.12,1.49,2.98,,94.2,20.0,NORMAL,Y,14.901899107458782,0.0,30.0,0.0,15,0.0,0.0,0.0,25,0.0,0.0,20,9.256198347107198,0.0,N,,N,
04:52,MONTECARLO,5938,507.1,1.48,2.96,,124.8,0.0,NORMAL,N,14.808885331198788,0.0,30.0,0.0,15,0.0,0.0,0.0,25,0.0,20,0.0,20.0,0.0,N,,N,
04:52,TEJASNET,21131,520.95,1.46,2.92,,104.6,0.0,NORMAL,N,14.607069821793745,0.0,30.0,0.0,15,0.0,0.0,0.0,25,0.0,20,0.0,0.0,0.0,N,,N,
04:52,HEG,1336,683.65,1.43,2.86,,104.3,2.7,NORMAL,N,14.317507418397593,0.0,30.0,0.0,15,0.0,0.0,0.0,25,0.0,20,0.0,0.0,2.7272727272722577,N,,N,
04:52,APCL,20453,103.6,1.43,2.86,,84.3,20.0,NORMAL,N,14.294106128842703,0.0,30.0,0.0,15,0.0,0.0,0.0,25,0.0,0.0,20,0.0,0.0,N,,N,
04:52,PENIND,20621,162.11,1.41,2.81,,119.6,0.0,NORMAL,N,14.074815463530589,0.0,30.0,0.0,15,0.0,0.0,0.0,25,0.0,20,0.0,15.555555555555555,0.0,N,,N,
04:52,PNBHOUSING,18908,1159.0,1.4,2.8,,104.0,6.7,NORMAL,N,13.99825021872266,0.0,30.0,0.0,15,0.0,0.0,0.0,25,0.0,20,0.0,0.0,6.666666666666035,N,,N,
04:52,NARMADA,6364,386.3,1.39,2.78,,103.9,1.7,NORMAL,N,13.910761154855672,0.0,30.0,0.0,15,0.0,0.0,0.0,25,0.0,20,0.0,0.0,1.6666666666671404,N,,N,
04:52,SARDAEN,17758,504.45,1.38,2.75,,116.8,0.0,NORMAL,N,13.766077170417937,0.0,30.0,0.0,15,0.0,0.0,0.0,25,0.0,20,0.0,13.000000000000114,0.0,N,,N,
04:52,JSWINFRA,19020,340.35,1.37,2.74,,83.7,25.7,NORMAL,N,13.700670141474378,0.0,30.0,0.0,15,0.0,0.0,0.0,25,0.0,0.0,20,0.0,5.71428571428587,N,,N,
04:52,GOCOLORS,6964,326.4,1.35,2.7,,103.5,5.5,NORMAL,N,13.507219375873206,0.0,30.0,0.0,15,0.0,0.0,0.0,25,0.0,20,0.0,0.0,5.454545454544515,N,,N,
04:52,SONATSOFTW,6596,322.25,1.32,2.64,,103.2,6.3,NORMAL,N,13.20547083791853,0.0,30.0,0.0,15,0.0,0.0,0.0,25,0.0,20,0.0,0.0,6.315789473684525,N,,N,
04:52,JUBLPHARMA,3637,944.05,1.29,2.59,,120.3,0.0,NORMAL,N,12.929184549356174,0.0,30.0,0.0,15,0.0,0.0,0.0,25,0.0,20,0.0,17.39130434782643,0.0,N,,N,
04:52,BSOFT,6994,322.55,1.27,2.54,,119.0,0.0,NORMAL,N,12.715855572998468,0.0,30.0,0.0,15,0.0,0.0,0.0,25,0.0,20,0.0,16.25000000000062,0.0,N,,N,
04:52,DLF,14732,650.15,1.27,2.54,,102.7,10.0,NORMAL,N,12.6947040498442,0.0,30.0,0.0,15,0.0,0.0,0.0,25,0.0,20,0.0,0.0,10.0,N,,N,
04:52,SUDARSCHEM,3327,1154.0,1.26,2.53,,120.2,0.0,NORMAL,N,12.636012636012717,0.0,30.0,0.0,15,0.0,0.0,0.0,25,0.0,20,0.0,17.565217391304188,0.0,N,,N,
04:52,JKIL,15266,505.15,1.25,2.51,,102.5,2.6,NORMAL,N,12.527560633393467,0.0,30.0,0.0,15,0.0,0.0,0.0,25,0.0,20,0.0,0.0,2.580645161290157,N,,N,
04:52,TMCV,759782,458.65,1.22,2.45,,102.2,10.8,NORMAL,N,12.248951666298728,0.0,30.0,0.0,15,0.0,0.0,0.0,25,0.0,20,0.0,0.0,10.769230769231847,N,,N,
04:52,ASTERDM,1508,880.2,1.21,2.41,,82.1,32.8,NORMAL,N,12.073128665056917,0.0,30.0,0.0,15,0.0,0.0,0.0,25,0.0,0.0,20,0.0,12.777777777777848,N,,N,
04:52,WELSPUNLIV,11253,166.05,1.19,2.39,,108.6,0.0,NORMAL,N,11.944664513376855,0.0,30.0,0.0,15,0.0,0.0,0.0,25,0.0,20,0.0,6.66666666666793,0.0,N,,N,
04:52,USHAMART,8840,521.2,1.19,2.39,,103.9,0.0,NORMAL,N,11.940588292398973,0.0,30.0,0.0,15,0.0,0.0,0.0,25,0.0,20,0.0,1.999999999998181,0.0,N,,N,
04:52,PRICOLLTD,19631,746.65,1.19,2.37,,107.6,0.0,NORMAL,N,11.857975335411304,0.0,30.0,0.0,15,0.0,0.0,0.0,25,0.0,20,0.0,5.714285714286643,0.0,N,,N,
04:52,MEDANTA,11956,1472.5,1.16,2.32,,90.9,20.0,NORMAL,N,11.610332508931087,0.0,30.0,0.0,15,0.0,0.0,0.0,25,0.0,0.0,20,9.302325581395447,0.0,N,,N,
04:52,INFY,1594,1188.7,1.16,2.31,,115.9,0.0,NORMAL,N,11.573483107820728,0.0,30.0,0.0,15,0.0,0.0,0.0,25,0.0,20,0.0,14.358974358973791,0.0,N,,N,
04:52,EPACKPEB,759251,249.15,1.16,2.31,,114.1,0.0,NORMAL,N,11.571254567600464,0.0,30.0,0.0,15,0.0,0.0,0.0,25,0.0,20,0.0,12.499999999999822,0.0,N,,N,
04:52,LTF,24948,311.5,1.14,2.27,,114.1,0.0,NORMAL,N,11.363636363636365,0.0,30.0,0.0,15,0.0,0.0,0.0,25,0.0,20,0.0,12.727272727271224,0.0,N,,N,
04:52,JINDALSTEL,6733,1115.4,1.12,2.25,,101.2,16.2,NORMAL,N,11.242067089755293,0.0,30.0,0.0,15,0.0,0.0,0.0,25,0.0,20,0.0,0.0,16.190476190477327,N,,N,
04:52,PARADEEP,9741,151.01,1.04,2.09,,100.4,5.9,NORMAL,N,10.438273670123804,0.0,30.0,0.0,15,0.0,0.0,0.0,25,0.0,20,0.0,0.0,5.88235294117824,N,,N,
04:52,HSCL,14334,760.4,1.03,2.06,,114.0,0.0,NORMAL,N,10.296950773932108,0.0,30.0,0.0,15,0.0,0.0,0.0,25,0.0,20,0.0,13.750000000002487,0.0,N,,N,
04:52,SHIVALIK,7026,257.0,0.98,1.96,,79.3,20.0,NORMAL,N,9.823182711198427,0.0,29.469548133595286,0.0,15,0.0,0.0,0.0,25,0.0,0.0,20,0.0,0.0,N,,N,
04:52,NMDC,15332,86.59,1.97,3.93,,109.7,16.0,NORMAL,N,19.665567593028754,0.0,30.0,0.0,15,0.0,0.0,0.0,25,0.0,20,0.0,0.0,16.00000000000057,N,,N,
04:52,CESC,628,165.5,0.95,1.9,,118.1,0.0,NORMAL,N,9.515676467000135,0.0,28.547029401000408,0.0,15,0.0,0.0,0.0,25,0.0,20,0.0,20.0,0.0,N,,N,
04:52,TRITURBINE,25584,642.45,0.94,1.89,,105.6,0.0,NORMAL,N,9.42729201037002,0.0,28.281876031110063,0.0,15,0.0,0.0,0.0,25,0.0,20,0.0,7.916666666667121,0.0,N,,N,
04:52,LTTS,18564,3624.0,1.93,3.86,,120.9,0.0,NORMAL,N,19.294594138493533,0.0,30.0,0.0,15,0.0,0.0,0.0,25,0.0,20,0.0,11.631205673758682,0.0,N,,N,
04:52,ZUARIIND,3827,261.75,0.93,1.85,,97.0,0.0,NORMAL,N,9.253903990746007,0.0,27.761711972238018,0.0,15,0.0,0.0,0.0,25,0.0,20,0.0,0.0,0.0,N,,N,
04:52,JUBLFOOD,18096,490.95,0.91,1.83,,96.6,0.8,NORMAL,N,9.146968139773872,0.0,27.440904419321612,0.0,15,0.0,0.0,0.0,25,0.0,20,0.0,0.0,0.8333333333335308,N,,N,
04:52,UNICHEMLAB,3579,494.2,0.91,1.82,,76.3,26.7,NORMAL,N,9.086268504338925,0.0,27.258805513016775,0.0,15,0.0,0.0,0.0,25,0.0,0.0,20,0.0,6.6666666666664725,N,,N,
04:52,ZENSARTECH,1076,503.5,0.9,1.8,,104.6,0.0,NORMAL,N,9.01803607214429,0.0,27.054108216432866,0.0,15,0.0,0.0,0.0,25,0.0,20,0.0,8.571428571428571,0.0,N,,N,
04:52,SHALBY,714,161.49,0.87,1.75,,95.0,0.0,NORMAL,N,8.745080891998288,0.0,26.23524267599486,0.0,15,0.0,0.0,0.0,25,0.0,20,0.0,0.0,0.0,N,,N,
04:52,JSL,11236,740.95,0.86,1.72,,94.3,0.0,NORMAL,N,8.575512148642304,0.0,25.72653644592691,0.0,15,0.0,0.0,0.0,25,0.0,20,0.0,0.0,0.0,N,,N,
04:52,NATCOPHARM,3918,924.3,0.83,1.67,,74.7,20.0,NORMAL,N,8.34560628375059,0.0,25.03681885125177,0.0,15,0.0,0.0,0.0,25,0.0,0.0,20,1.3333333333321207,0.0,N,,N,
04:52,MUKANDLTD,11325,144.4,0.82,1.65,,93.0,0.0,NORMAL,N,8.239072755201835,0.0,24.717218265605506,0.0,15,0.0,0.0,0.0,25,0.0,20,0.0,0.0,0.0,N,,N,
04:52,ZYDUSLIFE,7929,1123.3,0.82,1.63,,92.7,12.9,NORMAL,N,8.167294920121979,0.0,24.501884760365936,0.0,15,0.0,0.0,0.0,25,0.0,20,0.0,0.0,12.857142857143323,N,,N,
04:52,BALKRISIND,335,2510.5,1.79,3.58,,110.2,0.0,NORMAL,N,17.92158293800422,0.0,30.0,0.0,15,0.0,0.0,0.0,25,0.0,20,0.0,2.307692307692622,0.0,N,,N,
04:52,FORTIS,14592,962.7,0.79,1.58,,76.6,20.0,NORMAL,N,7.90451761503436,0.0,23.71355284510308,0.0,15,0.0,0.0,0.0,25,0.0,0.0,20,4.935064935065142,0.0,N,,N,
04:52,TORNTPOWER,13786,1361.0,0.76,1.51,,90.2,20.0,NORMAL,N,7.551080840983156,0.0,22.653242522949466,0.0,15,0.0,0.0,0.0,25,0.0,20,0.0,0.0,20.0,N,,N,
04:52,VGUARD,15362,322.0,0.74,1.47,,92.7,0.0,NORMAL,N,7.3517910214297615,0.0,22.055373064289284,0.0,15,0.0,0.0,0.0,25,0.0,20,0.0,3.333333333333604,0.0,N,,N,
04:52,GNFC,1174,539.4,0.73,1.46,,89.1,2.9,NORMAL,N,7.282913165266064,0.0,21.848739495798192,0.0,15,0.0,0.0,0.0,25,0.0,20,0.0,0.0,2.857142857140073,N,,N,
04:52,JSWENERGY,17869,568.45,0.72,1.44,,96.7,0.0,NORMAL,N,7.175761871013587,0.0,21.52728561304076,0.0,15,0.0,0.0,0.0,25,0.0,20,0.0,8.000000000001819,0.0,N,,N,
04:52,LALPATHLAB,11654,1964.7,1.71,3.43,,107.1,16.3,NORMAL,N,17.13605301304625,0.0,30.0,0.0,15,0.0,0.0,0.0,25,0.0,20,0.0,0.0,16.29629629629636,N,,N,
04:52,CYIENT,5748,863.45,0.69,1.39,,92.8,0.0,NORMAL,N,6.9387755102041355,0.0,20.816326530612404,0.0,15,0.0,0.0,0.0,25,0.0,20,0.0,5.0,0.0,N,,N,
04:52,TMPV,3456,349.35,0.68,1.35,,89.6,0.0,NORMAL,N,6.772334293948193,0.0,20.317002881844576,0.0,15,0.0,0.0,0.0,25,0.0,20,0.0,2.499999999997513,0.0,N,,N,
04:52,HUDCO,20825,202.39,0.67,1.34,,92.9,0.0,NORMAL,N,6.715081575805781,0.0,20.145244727417342,0.0,15,0.0,0.0,0.0,25,0.0,20,0.0,6.000000000000568,0.0,N,,N,
04:52,SAFARI,13035,1511.3,1.66,3.32,,126.6,0.0,NORMAL,N,16.6150948473026,0.0,30.0,0.0,15,0.0,0.0,0.0,25,0.0,20,0.0,20.0,0.0,N,,N,
04:52,HINDCOPPER,17939,539.6,0.65,1.31,,86.1,0.0,NORMAL,N,6.528632717776533,0.0,19.5858981533296,0.0,15,0.0,0.0,0.0,25,0.0,20,0.0,0.0,0.0,N,,N,
04:52,CIEINDIA,14937,413.1,0.63,1.27,,85.3,5.5,NORMAL,N,6.333739342265585,0.0,19.001218026796757,0.0,15,0.0,0.0,0.0,25,0.0,20,0.0,0.0,5.454545454545078,N,,N,
04:52,COFORGE,11543,1805.0,1.63,3.27,,99.8,20.0,NORMAL,N,16.328828828828826,0.0,30.0,0.0,15,0.0,0.0,0.0,25,0.0,0.0,20,13.43283582089543,0.0,N,,N,
04:52,CIPLA,694,1472.8,0.61,1.23,,64.6,28.7,NORMAL,N,6.14838092635606,0.0,18.445142779068178,0.0,15,0.0,0.0,0.0,25,0.0,0.0,20,0.0,8.749999999999822,N,,N,
04:52,MANAPPURAM,19061,369.0,0.61,1.23,,84.5,2.9,NORMAL,N,6.134969325153374,0.0,18.404907975460123,0.0,15,0.0,0.0,0.0,25,0.0,20,0.0,0.0,2.857142857143553,N,,N,
04:52,RAJRATAN,18962,528.15,0.6,1.2,,84.0,6.2,NORMAL,N,5.9999999999999565,0.0,17.99999999999987,0.0,15,0.0,0.0,0.0,25,0.0,20,0.0,0.0,6.249999999999467,N,,N,
04:52,TIMETECHNO,14707,206.09,0.59,1.18,,63.6,20.7,NORMAL,N,5.905896134322569,0.0,17.717688402967706,0.0,15,0.0,0.0,0.0,25,0.0,0.0,20,0.0,0.7407407407401169,N,,N,
04:52,ANANTRAJ,13620,619.5,0.58,1.17,,63.4,34.7,NORMAL,N,5.845104724793023,0.0,17.53531417437907,0.0,15,0.0,0.0,0.0,25,0.0,0.0,20,0.0,14.66666666666697,N,,N,
04:52,RUBICON,759316,1577.8,1.58,3.17,,85.8,35.1,NORMAL,N,15.838269379345807,0.0,30.0,0.0,15,0.0,0.0,0.0,25,0.0,0.0,20,0.0,15.08196721311468,N,,N,
04:52,DIAMONDYD,21840,1234.5,0.58,1.16,,83.1,0.0,NORMAL,N,5.784585302264875,0.0,17.353755906794625,0.0,15,0.0,0.0,0.0,25,0.0,20,0.0,0.0,0.0,N,,N,
04:52,RUPA,25724,165.8,0.58,1.15,,83.1,5.6,NORMAL,N,5.7628146800122355,0.0,17.28844404003671,0.0,15,0.0,0.0,0.0,25,0.0,20,0.0,0.0,5.64102564102467,Y,NONRESULTS,N,
04:52,HDFCBANK,1333,735.2,0.57,1.15,,83.0,4.4,NORMAL,N,5.745554035567777,0.0,17.236662106703335,0.0,15,0.0,0.0,0.0,25,0.0,20,0.0,0.0,4.375000000000222,N,,N,
04:52,GANESHHOU,14339,765.0,0.56,1.12,,82.3,20.0,NORMAL,N,5.58659217877095,0.0,16.75977653631285,0.0,15,0.0,0.0,0.0,25,0.0,0.0,20,20.0,0.0,N,,N,
04:52,CASTROLIND,1250,193.13,0.55,1.09,,81.9,0.0,NORMAL,N,5.466472303206908,0.0,16.399416909620726,0.0,15,0.0,0.0,0.0,25,0.0,20,0.0,0.0,0.0,N,,N,
04:52,SAREGAMA,4892,522.0,0.54,1.08,,94.3,0.0,NORMAL,N,5.3929121725731015,0.0,16.178736517719305,0.0,15,0.0,0.0,0.0,25,0.0,20,0.0,12.727272727272727,0.0,N,,N,
04:52,HINDZINC,1424,606.25,0.54,1.08,,86.2,0.0,NORMAL,N,5.38971807628524,0.0,16.16915422885572,0.0,15,0.0,0.0,0.0,25,0.0,20,0.0,4.615384615387575,0.0,N,,N,
04:52,JSWSTEEL,11723,1306.5,0.54,1.08,,81.5,16.4,NORMAL,N,5.386687187379762,0.0,16.160061562139283,0.0,15,0.0,0.0,0.0,25,0.0,20,0.0,0.0,16.363636363635614,N,,N,
04:52,SESHAPAPER,3066,230.42,0.53,1.06,,81.1,20.0,NORMAL,N,5.2790017887525815,0.0,15.837005366257745,0.0,15,0.0,0.0,0.0,25,0.0,20,0.0,0.0,20.0,N,,N,
04:52,NIITLTD,11522,96.51,1.51,3.03,,105.1,20.0,NORMAL,N,15.146733985484506,0.0,30.0,0.0,15,0.0,0.0,0.0,25,0.0,20,0.0,0.0,20.0,N,,N,
04:52,HGINFRA,1672,551.95,0.51,1.02,,80.4,6.7,NORMAL,N,5.0987890376036935,0.0,15.296367112811081,0.0,15,0.0,0.0,0.0,25,0.0,20,0.0,0.0,6.666666666666666,N,,N,
04:52,INTELLECT,5926,724.95,0.5,1.0,,90.5,0.0,NORMAL,N,4.990642545227729,0.0,14.971927635683187,0.0,15,0.0,0.0,0.0,25,0.0,20,0.0,10.526315789474442,0.0,N,,N,
04:52,RAMCOSYS,7851,640.85,0.46,0.92,,91.8,0.0,NORMAL,N,4.624549302398567,0.0,13.8736479071957,0.0,15,0.0,0.0,0.0,25,0.0,20,0.0,13.33333333333207,0.0,N,,N,
04:52,GLAND,1186,2638.9,1.46,2.91,,84.6,20.4,NORMAL,N,14.571318723567892,0.0,30.0,0.0,15,0.0,0.0,0.0,25,0.0,0.0,20,0.0,0.4000000000005457,N,,N,
04:52,WINDLAS,5366,886.8,0.45,0.89,,77.9,11.7,NORMAL,Y,4.4741462309564834,0.0,13.422438692869452,0.0,15,0.0,0.0,0.0,25,0.0,20,0.0,0.0,11.666666666666982,N,,N,
04:52,ENDURANCE,18822,2946.4,1.44,2.89,,84.4,29.4,NORMAL,N,14.42589085901191,0.0,30.0,0.0,15,0.0,0.0,0.0,25,0.0,0.0,20,0.0,9.354838709677301,N,,N,
04:52,HYUNDAI,25844,2232.0,1.43,2.86,,104.3,4.2,NORMAL,N,14.314928425357873,0.0,30.0,0.0,15,0.0,0.0,0.0,25,0.0,20,0.0,0.0,4.186046511628596,N,,N,
04:52,KPITTECH,9683,632.3,0.38,0.76,,74.3,20.0,NORMAL,N,3.810128591839939,0.0,11.430385775519817,0.0,15,0.0,0.0,0.0,25,0.0,0.0,20,19.069767441860243,0.0,N,,N,
04:52,ORIENTELEC,2972,189.88,0.37,0.74,,66.2,20.0,NORMAL,N,3.7001797230150575,0.0,11.100539169045172,0.0,15,0.0,0.0,0.0,25,0.0,0.0,20,11.428571428571264,0.0,N,,N,
04:52,TATACONSUM,3432,1086.2,0.36,0.72,,83.9,0.0,NORMAL,N,3.6034371246420505,0.0,10.810311373926151,0.0,15,0.0,0.0,0.0,25,0.0,20,0.0,9.523809523808906,0.0,N,,N,
04:52,SWANCORP,27095,309.15,0.36,0.71,,75.5,0.0,NORMAL,N,3.5708488881673945,0.0,10.712546664502183,0.0,15,0.0,0.0,0.0,25,0.0,20,0.0,1.2499999999988454,0.0,N,,N,
04:52,TECHM,13538,1656.9,1.34,2.68,,99.3,20.0,NORMAL,N,13.394495412844092,0.0,30.0,0.0,15,0.0,0.0,0.0,25,0.0,0.0,20,15.882352941177375,0.0,N,,N,
04:52,VBL,18921,443.5,0.34,0.68,,70.7,20.0,NORMAL,N,3.3936651583710407,0.0,10.180995475113123,0.0,15,0.0,0.0,0.0,25,0.0,0.0,20,17.142857142856215,0.0,N,,N,
04:52,GENUSPOWER,11905,307.65,0.33,0.65,,90.1,0.0,NORMAL,N,3.261046796021523,0.0,9.783140388064568,0.0,15,0.0,0.0,0.0,25,0.0,20,0.0,17.037037037036413,0.0,N,,N,
04:52,REDINGTON,14255,355.95,0.31,0.62,,72.4,1.3,NORMAL,N,3.0999013667745974,0.0,9.299704100323792,0.0,15,0.0,0.0,0.0,25,0.0,20,0.0,0.0,1.2500000000002665,N,,N,
04:52,CHOLAFIN,685,1889.7,1.26,2.52,,121.3,0.0,NORMAL,N,12.5924338227414,0.0,30.0,0.0,15,0.0,0.0,0.0,25,0.0,20,0.0,18.66666666666485,0.0,N,,N,
04:52,INDIAMART,10726,1776.5,1.23,2.45,,82.3,24.4,NORMAL,N,12.250712250712251,0.0,30.0,0.0,15,0.0,0.0,0.0,25,0.0,0.0,20,0.0,4.444444444443041,N,,N,
04:52,MUTHOOTFIN,23650,2925.0,1.21,2.42,,102.1,8.7,NORMAL,N,12.110726643598616,0.0,30.0,0.0,15,0.0,0.0,0.0,25,0.0,20,0.0,0.0,8.66666666666788,N,,N,
04:52,XCHANGING,11705,68.02,1.16,2.32,,101.6,20.0,NORMAL,N,11.600237953599066,0.0,30.0,0.0,15,0.0,0.0,0.0,25,0.0,0.0,20,20.0,0.0,N,,N,
04:52,RATNAMANI,13451,2221.1,1.07,2.14,,96.5,20.0,NORMAL,N,10.693483800509647,0.0,30.0,0.0,15,0.0,0.0,0.0,25,0.0,0.0,20,15.764705882352512,0.0,N,,N,
04:52,GODREJPROP,17875,2091.0,1.01,2.03,,101.5,0.0,NORMAL,N,10.144927536231883,0.0,30.0,0.0,15,0.0,0.0,0.0,25,0.0,20,0.0,1.3953488372090317,0.0,N,,N,
04:52,IFCI,1491,74.73,1.01,2.03,,117.6,0.0,NORMAL,N,10.13787510137875,0.0,30.0,0.0,15,0.0,0.0,0.0,25,0.0,20,0.0,17.42574257425749,0.0,N,,N,
04:52,MPHASIS,4503,2499.9,1.01,2.01,,113.4,0.0,NORMAL,N,10.060606060606098,0.0,30.0,0.0,15,0.0,0.0,0.0,25,0.0,20,0.0,13.333333333333332,0.0,N,,N,
04:52,GABRIEL,1085,1513.6,0.92,1.84,,96.8,13.3,NORMAL,N,9.201226830244002,0.0,27.603680490732003,0.0,15,0.0,0.0,0.0,25,0.0,20,0.0,0.0,13.333333333333965,N,,N,
04:52,LAURUSLABS,19234,1861.2,0.92,1.83,,76.7,25.2,NORMAL,N,9.163368215583198,0.0,27.490104646749593,0.0,15,0.0,0.0,0.0,25,0.0,0.0,20,0.0,5.185185185183751,N,,N,
04:52,AJANTPHARM,8124,3501.8,0.9,1.81,,76.2,40.0,NORMAL,N,9.047948363301087,0.0,27.143845089903262,0.0,15,0.0,0.0,0.0,25,0.0,0.0,20,0.0,20.0,N,,N,
04:52,LLOYDSENGG,17801,97.75,0.9,1.8,,75.9,35.7,NORMAL,N,8.980181668042988,0.0,26.940545004128964,0.0,15,0.0,0.0,0.0,25,0.0,0.0,20,0.0,15.71428571428557,N,,N,
04:52,GEOJITFSL,11896,77.61,0.77,1.53,,97.7,0.0,NORMAL,N,7.660347961568469,0.0,22.981043884705407,0.0,15,0.0,0.0,0.0,25,0.0,20,0.0,7.096774193548299,0.0,N,,N,
04:52,WOCKPHARMA,7506,2035.7,0.73,1.45,,78.2,20.0,NORMAL,N,7.273626917367661,0.0,21.820880752102983,0.0,15,0.0,0.0,0.0,25,0.0,0.0,20,9.090909090908903,0.0,N,,N,
04:52,MAHABANK,11377,78.82,0.69,1.38,,87.6,14.3,NORMAL,N,6.898313745528769,0.0,20.694941236586306,0.0,15,0.0,0.0,0.0,25,0.0,20,0.0,0.0,14.285714285711965,N,,N,
04:52,NTPCGREEN,27176,92.1,0.66,1.31,,95.1,0.0,NORMAL,N,6.557377049180265,0.0,19.672131147540796,0.0,15,0.0,0.0,0.0,25,0.0,20,0.0,8.888888888888305,0.0,N,,N,
04:52,TIINDIA,312,2790.0,0.65,1.3,,101.0,0.0,NORMAL,N,6.4935064935064934,0.0,19.48051948051948,0.0,15,0.0,0.0,0.0,25,0.0,20,0.0,14.999999999999593,0.0,N,,N,
04:52,VISAKAIND,4221,99.34,0.63,1.26,,65.1,27.6,NORMAL,N,6.280388978930354,0.0,18.841166936791062,0.0,15,0.0,0.0,0.0,25,0.0,0.0,20,0.0,7.551020408163147,N,,N,
04:52,MCX,31181,2654.0,0.61,1.21,,98.4,0.0,NORMAL,N,6.0652009097801365,0.0,18.195602729340408,0.0,15,0.0,0.0,0.0,25,0.0,20,0.0,14.090909090908387,0.0,N,,N,
04:52,AETHER,9810,1600.8,0.58,1.16,,63.1,31.1,NORMAL,N,5.780346820809278,0.0,17.341040462427834,0.0,15,0.0,0.0,0.0,25,0.0,0.0,20,0.0,11.052631578948217,N,,N,
04:52,SKFINDIA,3186,1543.1,0.57,1.15,,102.9,0.0,NORMAL,N,5.7355145669034435,0.0,17.20654370071033,0.0,15,0.0,0.0,0.0,25,0.0,20,0.0,20.0,0.0,N,,N,
04:52,PIDILITIND,2664,1669.1,0.55,1.1,,101.9,0.0,NORMAL,N,5.481927710843318,0.0,16.445783132529954,0.0,15,0.0,0.0,0.0,25,0.0,20,0.0,20.0,0.0,N,,N,
04:52,SUPREMEINF,15002,91.85,0.54,1.07,,81.5,0.0,NORMAL,N,5.363397548161066,0.0,16.090192644483196,0.0,15,0.0,0.0,0.0,25,0.0,20,0.0,0.0,0.0,N,,N,
04:52,WELCORP,11821,1849.2,0.51,1.02,,80.4,0.0,NORMAL,N,5.109251005544131,0.0,15.327753016632393,0.0,15,0.0,0.0,0.0,25,0.0,20,0.0,0.0,0.0,N,,N,
04:52,PNBGILTS,8736,81.1,0.5,0.99,,79.8,4.2,NORMAL,N,4.956629491945371,0.0,14.869888475836113,0.0,15,0.0,0.0,0.0,25,0.0,20,0.0,0.0,4.210526315789868,N,,N,
04:52,UNITDSPR,10447,1519.5,0.47,0.94,,70.8,20.0,NORMAL,N,4.694525257868229,0.0,14.083575773604686,0.0,15,0.0,0.0,0.0,25,0.0,0.0,20,12.000000000002728,0.0,N,,N,
04:52,AUROPHARMA,275,1664.9,0.42,0.83,,76.6,9.1,NORMAL,N,4.161640530760007,0.0,12.48492159228002,0.0,15,0.0,0.0,0.0,25,0.0,20,0.0,0.0,9.090909090908903,N,,N,
04:52,POLICYBZR,6656,1610.0,0.34,0.69,,73.7,7.2,NORMAL,N,3.427859146151449,0.0,10.283577438454348,0.0,15,0.0,0.0,0.0,25,0.0,20,0.0,0.0,7.234042553191613,N,,N,
04:52,ESCORTS,958,3091.1,0.33,0.66,,74.4,0.0,NORMAL,N,3.2781564427133754,0.0,9.834469328140125,0.0,15,0.0,0.0,0.0,25,0.0,20,0.0,1.2499999999989342,0.0,N,,N,
04:52,DALBHARAT,8075,1832.9,0.3,0.6,,72.0,8.3,NORMAL,N,3.0097406150815362,0.0,9.02922184524461,0.0,15,0.0,0.0,0.0,25,0.0,20,0.0,0.0,8.333333333333018,N,,N,
04:52,PTC,11355,178.79,-12.06,24.11,,93.2,45.0,NORMAL,Y,0.0,30.0,30.0,0.0,0.0,15,0.0,0.0,25,0.0,20,0.0,18.22222222222138,0.0,N,,N,
04:52,JAMNAAUTO,20778,128.49,-11.2,22.4,,86.4,45.0,NORMAL,Y,0.0,30.0,30.0,0.0,0.0,15,0.0,0.0,25,0.0,20,0.0,11.42857142857114,0.0,N,,N,
04:52,WINDMACHIN,24969,286.7,-5.55,11.1,,55.0,85.0,NORMAL,Y,0.0,30.0,30.0,0.0,0.0,15,0.0,0.0,25,0.0,0.0,20,0.0,20.0,N,,N,
04:52,NLCINDIA,8585,290.25,-4.65,9.3,,75.0,45.0,NORMAL,Y,0.0,30.0,30.0,0.0,0.0,15,0.0,0.0,25,0.0,20,0.0,0.0,0.0,N,,N,
04:52,OMNI,760865,553.15,-4.36,8.71,,75.0,55.6,NORMAL,Y,0.0,30.0,30.0,0.0,0.0,15,0.0,0.0,25,0.0,20,0.0,0.0,10.612244897959108,N,,N,
04:52,RGL,15129,117.86,-4.33,8.67,,61.7,65.0,NORMAL,Y,0.0,30.0,30.0,0.0,0.0,15,0.0,0.0,25,0.0,0.0,20,6.666666666666366,0.0,N,,N,
04:52,PFC,14299,402.0,-4.29,8.57,,55.0,66.5,NORMAL,Y,0.0,30.0,30.0,0.0,0.0,15,0.0,0.0,25,0.0,0.0,20,0.0,1.538461538461875,N,,N,
04:52,SAPPHIRE,6718,216.57,-3.41,6.82,,75.0,50.1,NORMAL,N,0.0,30.0,30.0,0.0,0.0,15,0.0,0.0,25,0.0,20,0.0,0.0,5.0746268656711475,N,,N,
04:52,GPIL,13409,233.44,-2.98,5.96,,63.4,64.8,NORMAL,N,0.0,29.79926021362377,30.0,0.0,0.0,15,0.0,0.0,25,0.0,0.0,20,8.363636363636552,0.0,N,,N,
04:52,ZYDUSWELL,17635,518.95,-2.79,5.58,,57.7,62.9,NORMAL,N,0.0,27.910461740189145,30.0,0.0,0.0,15,0.0,0.0,25,0.0,0.0,20,2.7272727272722577,0.0,N,,N,
04:52,CHEMPLASTS,5449,178.52,-2.77,5.54,,70.3,62.7,NORMAL,N,0.0,27.721801644790602,30.0,0.0,0.0,15,0.0,0.0,25,0.0,0.0,20,15.294117647059675,0.0,N,,N,
04:52,YATRA,18760,104.1,-2.74,5.48,,75.0,42.4,NORMAL,N,0.0,27.37550219564615,30.0,0.0,0.0,15,0.0,0.0,25,0.0,20,0.0,0.0,0.0,N,,N,
04:52,RECLTD,15355,357.0,-2.72,5.45,,63.6,62.2,NORMAL,N,0.0,27.247956403269754,30.0,0.0,0.0,15,0.0,0.0,25,0.0,0.0,20,8.571428571429035,0.0,N,,N,
04:52,SIS,21501,424.35,-2.44,4.87,,68.8,59.4,NORMAL,N,0.0,24.370617312334673,30.0,0.0,0.0,15,0.0,0.0,25,0.0,0.0,20,13.846153846154161,0.0,N,,N,
04:52,AEGISLOG,40,1340.6,-2.22,4.43,,75.0,49.2,NORMAL,N,0.0,22.173595915390294,30.0,0.0,0.0,15,0.0,0.0,25,0.0,20,0.0,0.0,11.999999999999886,N,,N,
04:52,GODREJCP,10099,1027.3,-2.16,4.32,,65.0,56.6,NORMAL,N,0.0,21.619047619047663,30.0,0.0,0.0,15,0.0,0.0,25,0.0,0.0,20,10.0,0.0,N,,N,
04:52,PSPPROJECT,20877,942.45,-2.13,4.26,,85.7,36.3,NORMAL,N,0.0,21.288748117763124,30.0,0.0,0.0,15,0.0,0.0,25,0.0,20,0.0,10.68783068783054,0.0,N,,N,
04:52,CHALET,8546,841.65,-2.1,4.2,,73.7,56.0,NORMAL,N,0.0,20.995696173083715,30.0,0.0,0.0,15,0.0,0.0,25,0.0,0.0,20,18.749999999999734,0.0,N,,N,
04:52,TREJHARA,7518,174.01,-2.05,4.11,,55.0,75.5,NORMAL,N,0.0,20.544860970392914,30.0,0.0,0.0,15,0.0,0.0,25,0.0,0.0,20,0.0,20.0,N,,N,
04:52,MATRIMONY,21726,471.15,-2.01,4.01,,70.7,55.1,NORMAL,N,0.0,20.07071547420972,30.0,0.0,0.0,15,0.0,0.0,25,0.0,0.0,20,15.74468085106387,0.0,N,,N,
04:52,POWERMECH,10473,2486.0,-4.99,9.99,,55.6,65.0,NORMAL,Y,0.0,30.0,30.0,0.0,0.0,15,0.0,0.0,25,0.0,0.0,20,0.6249999999994671,0.0,N,,N,
04:52,INOXWIND,7852,74.56,-4.41,8.82,,73.6,65.0,NORMAL,Y,0.0,30.0,30.0,0.0,0.0,15,0.0,0.0,25,0.0,0.0,20,18.62068965517237,0.0,N,,N,
04:52,LUPIN,10440,2289.4,-3.14,6.27,,55.0,74.8,NORMAL,N,0.0,30.0,30.0,0.0,0.0,15,0.0,0.0,25,0.0,0.0,20,0.0,9.818181818181156,N,,N,
04:52,TRENT,1964,3014.5,-2.98,5.96,,75.0,58.4,NORMAL,N,0.0,29.80270992243568,30.0,0.0,0.0,15,0.0,0.0,25,0.0,20,0.0,0.0,13.571428571430545,N,,N,
04:52,MRPL,2283,163.74,-1.96,3.92,,55.0,64.6,NORMAL,N,0.0,19.579665888270057,30.0,0.0,0.0,15,0.0,0.0,25,0.0,0.0,20,0.0,10.000000000001421,N,,N,
04:52,SYNGENE,10243,396.0,-1.91,3.81,,30.0,85.3,NORMAL,N,0.0,19.0735694822888,30.0,0.0,0.0,15,0.0,0.0,0.0,25,0.0,20,0.0,6.250000000000355,N,,N,
04:52,WIPL,20481,165.0,-1.81,3.63,,55.0,33.1,NORMAL,N,0.0,18.14936030943178,30.0,0.0,0.0,15,0.0,0.0,25,0.0,0.0,0.0,0.0,0.0,N,,N,
04:52,VERANDA,8890,253.3,-1.8,3.61,,55.0,53.0,NORMAL,N,0.0,18.026749370032864,30.0,0.0,0.0,15,0.0,0.0,25,0.0,0.0,20,0.0,0.0,N,,N,
04:52,HIKAL,9668,223.14,-1.76,3.52,,71.5,52.6,NORMAL,N,0.0,17.610284406093157,30.0,0.0,0.0,15,0.0,0.0,25,0.0,0.0,20,16.491228070175595,0.0,N,,N,
04:52,ABMKNO,762528,183.0,-1.72,3.45,,30.0,32.2,NORMAL,N,0.0,17.238601578862614,30.0,0.0,0.0,15,0.0,0.0,0.0,0.0,0.0,0.0,0.0,0.0,N,,N,
04:52,KIRLOSENG,20936,2103.3,-2.7,5.4,,76.9,42.0,NORMAL,Y,0.0,27.015774621825248,30.0,0.0,0.0,15,0.0,0.0,25,0.0,20,0.0,1.9047619047624202,0.0,N,,N,
04:52,J&KBANK,5633,156.6,-1.66,3.32,,55.0,62.1,NORMAL,N,0.0,16.578749058025714,30.0,0.0,0.0,15,0.0,0.0,25,0.0,0.0,20,0.0,10.526315789473212,N,,N,
04:52,DEVYANI,5373,132.5,-1.66,3.31,,63.2,51.6,NORMAL,N,0.0,16.55162176204253,30.0,0.0,0.0,15,0.0,0.0,25,0.0,0.0,20,8.21428571428633,0.0,N,,N,
04:52,PARAS,5911,1256.4,-1.62,3.24,,82.6,31.2,NORMAL,N,0.0,16.208597603946302,30.0,0.0,0.0,15,0.0,0.0,25,0.0,20,0.0,7.64705882352894,0.0,N,,N,
04:52,BANKINDIA,4745,142.68,-1.6,3.2,,55.0,53.7,NORMAL,N,0.0,15.999999999999954,30.0,0.0,0.0,15,0.0,0.0,25,0.0,0.0,20,0.0,2.666666666666035,N,,N,
04:52,SCI,3048,300.0,-1.56,3.12,,55.0,62.0,NORMAL,N,0.0,15.586546349466776,30.0,0.0,0.0,15,0.0,0.0,25,0.0,0.0,20,0.0,11.428571428571892,N,,N,
04:52,SAMHI,18614,171.95,-1.55,3.09,,57.2,50.5,NORMAL,N,0.0,15.459490409390305,30.0,0.0,0.0,15,0.0,0.0,25,0.0,0.0,20,2.222222222223275,0.0,N,,N,
04:52,ICICIPRULI,18652,493.7,-1.47,2.93,,66.7,49.7,NORMAL,N,0.0,14.669194691148633,30.0,0.0,0.0,15,0.0,0.0,25,0.0,0.0,20,11.666666666666982,0.0,N,,N,
04:53,SHARDAMOTR,10530,927.75,-1.44,2.88,,55.0,55.5,NORMAL,N,0.0,14.394985658132322,30.0,0.0,0.0,15,0.0,0.0,25,0.0,0.0,20,0.0,6.153846153845482,N,,N,
04:53,ELGIEQUIP,937,580.15,-1.41,2.82,,55.0,50.9,NORMAL,N,0.0,14.104851729118987,30.0,0.0,0.0,15,0.0,0.0,25,0.0,0.0,20,0.0,1.8181818181799392,N,,N,
04:53,KFINTECH,13359,922.85,-1.4,2.81,,75.0,49.0,NORMAL,N,0.0,14.049145299145275,30.0,0.0,0.0,15,0.0,0.0,25,0.0,0.0,20,20.0,0.0,N,,N,
04:53,BAJAJELEC,15034,366.0,-1.39,2.78,,71.5,48.9,NORMAL,N,0.0,13.87579145897879,30.0,0.0,0.0,15,0.0,0.0,25,0.0,0.0,20,16.521739130434913,0.0,N,,N,
04:53,VAIBHAVGBL,11364,239.6,-1.38,2.76,,77.7,28.8,NORMAL,N,0.0,13.788845441448835,30.0,0.0,0.0,15,0.0,0.0,25,0.0,20,0.0,2.666666666666515,0.0,N,,N,
04:53,TTKPRESTIG,3546,607.6,-1.36,2.71,,55.0,60.8,NORMAL,N,0.0,13.556295153827458,30.0,0.0,0.0,15,0.0,0.0,25,0.0,0.0,20,0.0,12.266666666666424,N,,N,
04:53,EIDPARRY,916,794.55,-1.31,2.62,,55.0,63.8,NORMAL,N,0.0,13.103962240715523,30.0,0.0,0.0,15,0.0,0.0,25,0.0,0.0,20,0.0,15.71428571428467,N,,N,
04:53,MFSL,2142,1479.1,-1.22,2.44,,55.0,50.9,NORMAL,N,0.0,12.221183384533312,30.0,0.0,0.0,15,0.0,0.0,25,0.0,0.0,20,0.0,3.636363636364764,N,,N,
04:53,HDBFS,757772,657.6,-1.21,2.42,,68.1,47.1,NORMAL,N,0.0,12.093442499812145,30.0,0.0,0.0,15,0.0,0.0,25,0.0,0.0,20,13.103448275862286,0.0,N,,N,
04:53,FINPIPE,1041,162.48,-1.19,2.37,,77.8,26.9,NORMAL,N,0.0,11.859149790184375,30.0,0.0,0.0,15,0.0,0.0,25,0.0,20,0.0,2.758620689654429,0.0,N,,N,
04:53,FDC,4898,365.45,-1.18,2.35,,72.4,46.8,NORMAL,N,0.0,11.763115197404064,30.0,0.0,0.0,15,0.0,0.0,25,0.0,0.0,20,17.39130434782643,0.0,N,,N,
04:53,HDFCLIFE,467,533.8,-1.15,2.3,,75.0,37.5,NORMAL,N,0.0,11.481481481481566,30.0,0.0,0.0,15,0.0,0.0,25,0.0,20,0.0,0.0,10.99999999999909,N,,N,
04:53,UBL,16713,1384.3,-1.14,2.29,,55.0,46.4,NORMAL,N,0.0,11.426122973648505,30.0,0.0,0.0,15,0.0,0.0,25,0.0,0.0,20,0.0,0.0,N,,N,
04:53,BPCL,526,317.5,-1.09,2.18,,57.2,45.9,NORMAL,N,0.0,10.903426791277258,30.0,0.0,0.0,15,0.0,0.0,25,0.0,0.0,20,2.2222222222227836,0.0,N,,N,
04:53,WSTCSTPAPR,3799,592.7,-1.07,2.14,,75.0,30.2,NORMAL,N,0.0,10.68269070272071,30.0,0.0,0.0,15,0.0,0.0,25,0.0,20,0.0,0.0,4.545454545454452,N,,N,
04:53,WESTLIFE,11580,588.5,-1.07,2.13,,84.7,25.7,NORMAL,N,0.0,10.674960073968265,30.0,0.0,0.0,15,0.0,0.0,25,0.0,20,0.0,9.729729729729364,0.0,N,,N,
04:53,WHIRLPOOL,18011,804.6,-1.05,2.1,,71.0,45.5,NORMAL,N,0.0,10.514665190924129,30.0,0.0,0.0,15,0.0,0.0,25,0.0,0.0,20,16.000000000000227,0.0,N,,N,
04:53,PVRINOX,13147,1144.0,-1.04,2.08,,72.7,45.4,NORMAL,N,0.0,10.380622837370241,30.0,0.0,0.0,15,0.0,0.0,25,0.0,0.0,20,17.69230769230719,0.0,N,,N,
04:53,TITAGARH,15414,838.7,-1.03,2.07,,86.4,25.3,NORMAL,N,0.0,10.325092925836334,30.0,0.0,0.0,15,0.0,0.0,25,0.0,20,0.0,11.36842105263177,0.0,N,,N,
04:53,RVNL,9552,230.98,-1.03,2.06,,63.6,45.3,NORMAL,N,0.0,10.283657554203469,30.0,0.0,0.0,15,0.0,0.0,25,0.0,0.0,20,8.648648648648358,0.0,N,,N,
04:53,IPCALAB,1633,1701.1,-2.0,4.0,,55.0,55.0,NORMAL,N,0.0,19.990782348196827,30.0,0.0,0.0,15,0.0,0.0,25,0.0,0.0,20,0.0,0.0,N,,N,
04:53,PUNJABCHEM,4344,1100.0,-1.0,2.0,,49.6,70.0,NORMAL,N,0.0,9.99009990099893,29.970299702996787,0.0,0.0,15,0.0,0.0,0.0,25,0.0,20,19.66666666666697,0.0,N,,N,
04:53,PETRONET,11351,277.8,-1.0,2.0,,91.6,25.0,NORMAL,N,0.0,9.978617248752714,29.93585174625814,0.0,0.0,15,0.0,0.0,25,0.0,20,0.0,16.666666666666035,0.0,N,,N,
04:53,RITES,3761,231.95,-0.98,1.96,,75.9,24.8,NORMAL,N,0.0,9.776297814207737,29.32889344262321,0.0,0.0,15,0.0,0.0,25,0.0,20,0.0,1.538461538461875,0.0,N,,N,
04:53,VOLTAS,3718,1272.5,-0.97,1.95,,59.4,44.7,NORMAL,N,0.0,9.72762645914397,29.182879377431906,0.0,0.0,15,0.0,0.0,25,0.0,0.0,20,5.26315789473659,0.0,N,,N,
04:53,CAMPUS,9362,222.2,-0.97,1.93,,66.5,44.7,NORMAL,N,0.0,9.671524713642714,29.014574140928147,0.0,0.0,15,0.0,0.0,25,0.0,0.0,20,12.499999999999556,0.0,N,,N,
04:53,PATANJALI,17029,354.05,-0.97,1.93,,59.7,44.7,NORMAL,N,0.0,9.650349650349618,28.951048951048858,0.0,0.0,15,0.0,0.0,25,0.0,0.0,20,5.71428571428757,0.0,N,,N,
04:53,IOC,1624,142.0,-0.96,1.92,,85.5,24.6,NORMAL,N,0.0,9.624773329613584,28.87431998884075,0.0,0.0,15,0.0,0.0,25,0.0,20,0.0,11.666666666665089,0.0,N,,N,
04:53,SPARC,14788,211.16,-0.96,1.92,,73.8,29.7,NORMAL,N,0.0,9.614933633506924,28.844800900520774,0.0,0.0,15,0.0,0.0,25,0.0,20,0.0,0.0,5.057471264367763,N,,N,
04:53,ROUTE,128,523.3,-0.95,1.89,,53.4,58.5,NORMAL,N,0.0,9.464319515426842,28.392958546280525,0.0,0.0,15,0.0,0.0,25,0.0,0.0,20,0.0,14.00000000000091,N,,N,
04:53,APTUS,5435,258.2,-0.94,1.88,,57.9,44.4,NORMAL,N,0.0,9.399577978131552,28.19873393439465,0.0,0.0,15,0.0,0.0,25,0.0,0.0,20,4.705882352941098,0.0,N,,N,
04:53,JAIBALAJI,14076,64.34,-1.94,3.87,,55.0,74.4,NORMAL,N,0.0,19.356805365035758,30.0,0.0,0.0,15,0.0,0.0,25,0.0,0.0,20,0.0,20.0,N,,N,
04:53,BHARTIHEXA,23489,1509.4,-1.91,3.82,,55.0,54.1,NORMAL,N,0.0,19.10579672472047,30.0,0.0,0.0,15,0.0,0.0,25,0.0,0.0,20,0.0,0.0,N,,N,
04:53,NIACL,399,175.5,-0.91,1.82,,56.8,44.1,NORMAL,N,0.0,9.090395799220898,27.271187397662693,0.0,0.0,15,0.0,0.0,25,0.0,0.0,20,4.482758620689621,0.0,N,,N,
04:53,TECHNOE,6445,1056.65,-0.9,1.8,,71.7,44.0,NORMAL,N,0.0,9.003516998827582,27.010550996482742,0.0,0.0,15,0.0,0.0,25,0.0,0.0,20,19.682539682538536,0.0,N,,N,
04:53,INDOCO,11677,219.74,-0.9,1.79,,71.9,44.0,NORMAL,N,0.0,8.974879357777391,26.924638073332172,0.0,0.0,15,0.0,0.0,25,0.0,0.0,20,20.0,0.0,N,,N,
04:53,GUJGASLTD,10599,262.95,-0.89,1.77,,55.6,43.9,NORMAL,N,0.0,8.857896720693638,26.573690162080915,0.0,0.0,15,0.0,0.0,25,0.0,0.0,20,4.0000000000009095,0.0,N,,N,
04:53,HOMEFIRST,2056,1183.5,-0.86,1.73,,63.3,43.6,NORMAL,Y,0.0,8.627910872842984,25.883732618528953,0.0,0.0,15,0.0,0.0,25,0.0,0.0,20,12.45901639344266,0.0,N,,N,
04:53,HAVELLS,9819,1277.0,-0.85,1.71,,63.3,43.5,NORMAL,N,0.0,8.540372670807454,25.62111801242236,0.0,0.0,15,0.0,0.0,25,0.0,0.0,20,12.631578947369807,0.0,N,,N,
04:53,SBICARD,17971,653.4,-0.85,1.7,,60.2,43.5,NORMAL,N,0.0,8.497723823975756,25.49317147192727,0.0,0.0,15,0.0,0.0,25,0.0,0.0,20,9.69696969696928,0.0,N,,N,
04:53,EMSLIMITED,18593,401.0,-0.84,1.68,,88.1,23.4,NORMAL,N,0.0,8.407517309594406,25.22255192878322,0.0,0.0,15,0.0,0.0,25,0.0,20,0.0,17.89473684210476,0.0,N,,N,
04:53,SUPREMEIND,3363,3413.0,-1.84,3.68,,72.3,53.4,NORMAL,N,0.0,18.406672418751796,30.0,0.0,0.0,15,0.0,0.0,25,0.0,0.0,20,17.333333333332728,0.0,N,,N,
04:53,RAMKY,20134,403.45,-0.84,1.67,,50.1,63.4,NORMAL,N,0.0,8.356888288066939,25.070664864200815,0.0,0.0,15,0.0,0.0,25,0.0,0.0,20,0.0,20.0,N,,N,
04:53,SOUTHWEST,9678,230.21,-0.8,1.59,,88.9,23.0,NORMAL,N,0.0,7.972076187192944,23.91622856157883,0.0,0.0,15,0.0,0.0,25,0.0,20,0.0,20.0,0.0,N,,N,
04:53,APOLLOTYRE,163,441.5,-0.79,1.57,,85.6,22.9,NORMAL,N,0.0,7.865168539325843,23.59550561797753,0.0,0.0,15,0.0,0.0,25,0.0,20,0.0,17.03703703703713,0.0,N,,N,
04:53,CGPOWER,760,872.25,-0.77,1.54,,54.0,42.7,NORMAL,N,0.0,7.679180887372013,23.037542662116042,0.0,0.0,15,0.0,0.0,25,0.0,0.0,20,5.9999999999990905,0.0,N,,N,
04:53,ROSSARI,19410,510.25,-0.72,1.44,,86.1,22.2,NORMAL,N,0.0,7.199143885592072,21.597431656776216,0.0,0.0,15,0.0,0.0,25,0.0,20,0.0,19.500000000000455,0.0,N,,N,
04:53,LOTUSEYE,16807,117.97,-0.72,1.43,,41.5,47.2,NORMAL,N,0.0,7.153677832014766,21.461033496044298,0.0,0.0,15,0.0,0.0,0.0,25,20,0.0,0.0,0.0,N,,N,
04:53,MARKSANS,10579,271.9,-0.71,1.42,,46.4,58.8,NORMAL,N,0.0,7.120686507212143,21.36205952163643,0.0,0.0,15,0.0,0.0,25,0.0,0.0,20,0.0,16.666666666666035,N,,N,
04:53,KOTAKBANK,1922,388.0,-0.7,1.41,,57.5,42.0,NORMAL,N,0.0,7.037747920665387,21.11324376199616,0.0,0.0,15,0.0,0.0,25,0.0,0.0,20,11.428571428570036,0.0,N,,N,
04:53,GMRAIRPORT,13528,106.45,-0.7,1.4,,46.0,44.9,NORMAL,N,0.0,6.996268656716418,20.988805970149254,0.0,0.0,15,0.0,0.0,25,0.0,0.0,20,0.0,2.857142857144597,Y,NONRESULTS,N,
04:53,MARICO,4067,856.05,-0.69,1.38,,51.0,41.9,NORMAL,N,0.0,6.902552204176387,20.70765661252916,0.0,0.0,15,0.0,0.0,25,0.0,0.0,20,5.333333333334545,0.0,N,,N,
04:53,ITC,1660,284.15,-0.68,1.36,,45.4,46.3,NORMAL,N,0.0,6.815798671793239,20.447396015379717,0.0,0.0,15,0.0,0.0,25,0.0,0.0,20,0.0,4.444444444443041,N,,N,
04:53,VISHNU,6908,582.65,-0.67,1.35,,48.1,41.7,NORMAL,N,0.0,6.733719740879724,20.20115922263917,0.0,0.0,15,0.0,0.0,25,0.0,0.0,20,2.8571428571433213,0.0,N,,N,
04:53,NYKAA,6545,329.8,-0.66,1.33,,51.5,41.6,NORMAL,N,0.0,6.626506024096352,19.879518072289056,0.0,0.0,15,0.0,0.0,25,0.0,0.0,20,6.66666666666793,0.0,N,,N,
04:53,TATACAP,759265,367.85,-0.66,1.32,,76.5,21.6,NORMAL,N,0.0,6.616257088846851,19.848771266540552,0.0,0.0,15,0.0,0.0,25,0.0,20,0.0,11.666666666665089,0.0,N,,N,
04:53,M&MFIN,13285,405.75,-0.66,1.32,,72.1,21.6,NORMAL,N,0.0,6.610356224752084,19.83106867425625,0.0,0.0,15,0.0,0.0,25,0.0,20,0.0,7.272727272727085,0.0,N,,N,
04:53,POWERGRID,14977,269.85,-0.64,1.29,,78.6,21.4,NORMAL,N,0.0,6.443298969072164,19.329896907216494,0.0,0.0,15,0.0,0.0,25,0.0,20,0.0,14.285714285713357,0.0,N,,N,
04:53,FSL,14304,278.05,-0.64,1.29,,77.6,21.4,NORMAL,N,0.0,6.432017152045779,19.296051456137338,0.0,0.0,15,0.0,0.0,25,0.0,20,0.0,13.333333333334176,0.0,N,,N,
04:53,ASTRAL,14418,1434.8,-0.64,1.27,,52.6,41.4,NORMAL,N,0.0,6.371191135734104,19.11357340720231,0.0,0.0,15,0.0,0.0,25,0.0,0.0,20,8.500000000000227,0.0,N,,N,
04:53,RELIANCE,2885,1326.3,-0.64,1.27,,81.1,21.4,NORMAL,N,0.0,6.367995205274198,19.103985615822594,0.0,0.0,15,0.0,0.0,25,0.0,20,0.0,17.037037037036413,0.0,N,,N,
04:53,SBIN,3045,1090.3,-0.63,1.26,,43.9,54.3,NORMAL,N,0.0,6.288734961720826,18.866204885162478,0.0,0.0,15,0.0,0.0,25,0.0,0.0,20,0.0,13.043478260869822,N,,N,
04:53,GAIL,4717,172.55,-0.62,1.24,,71.4,21.2,NORMAL,N,0.0,6.220123250590244,18.66036975177073,0.0,0.0,15,0.0,0.0,25,0.0,20,0.0,7.777777777779883,0.0,N,,N,
04:53,SYMPHONY,24190,650.05,-0.61,1.22,,45.3,41.1,NORMAL,N,0.0,6.115740386820579,18.34722116046174,0.0,0.0,15,0.0,0.0,25,0.0,0.0,20,2.0000000000004547,0.0,N,,N,
04:53,CANBK,10794,131.15,-0.61,1.21,,63.2,31.1,NORMAL,N,0.0,6.062902614626624,18.18870784387987,0.0,0.0,15,0.0,0.0,25,0.0,20,0.0,0.0,10.000000000000835,N,,N,
04:53,GARFIBRES,1100,806.95,-0.6,1.21,,63.1,36.2,NORMAL,N,0.0,6.035597708936352,18.106793126809055,0.0,0.0,15,0.0,0.0,25,0.0,20,0.0,0.0,15.172413793103097,N,,N,
04:53,JUSTDIAL,29962,679.2,-0.6,1.2,,71.0,21.0,NORMAL,N,0.0,6.000292697204609,18.000878091613828,0.0,0.0,15,0.0,0.0,25,0.0,20,0.0,7.999999999999545,0.0,N,,N,
04:53,ICICIGI,21770,1612.9,-1.59,3.18,,55.0,65.4,NORMAL,N,0.0,15.924344112263523,30.0,0.0,0.0,15,0.0,0.0,25,0.0,0.0,20,0.0,14.444444444444304,N,,N,
04:53,GODREJIND,10925,1304.0,-0.57,1.14,,62.2,20.7,NORMAL,N,0.0,5.718642775447961,17.155928326343883,0.0,0.0,15,0.0,0.0,25,0.0,20,0.0,0.0,0.0,N,,N,
04:53,EXIDEIND,676,487.2,-0.57,1.14,,45.8,40.7,NORMAL,N,0.0,5.7142857142857375,17.142857142857213,0.0,0.0,15,0.0,0.0,25,0.0,0.0,20,3.703703703703641,0.0,N,,N,
04:53,SONACOMS,4684,813.4,-0.57,1.14,,17.1,79.1,NORMAL,N,0.0,5.684249129026315,17.052747387078945,0.0,0.0,15,0.0,0.0,0.0,25,0.0,20,0.0,13.43283582089543,N,,N,
04:53,NITTAGELA,762824,1696.0,-1.56,3.12,,46.4,75.6,NORMAL,N,0.0,15.613210284984671,30.0,0.0,0.0,15,0.0,0.0,0.0,25,0.0,20,16.363636363639372,0.0,N,,N,
04:53,KSB,1949,779.85,-0.56,1.12,,41.8,40.6,NORMAL,N,0.0,5.610455849537745,16.831367548613237,0.0,0.0,15,0.0,0.0,25,0.0,0.0,20,0.0,0.0,N,,N,
04:53,GRINFRA,5054,865.85,-0.56,1.11,,55.2,40.6,NORMAL,N,0.0,5.570230848742417,16.71069254622725,0.0,0.0,15,0.0,0.0,25,0.0,0.0,20,13.517241379310596,0.0,N,,N,
04:53,CENTURYPLY,13305,777.6,-0.56,1.11,,71.2,20.6,NORMAL,N,0.0,5.563015538077911,16.68904661423373,0.0,0.0,15,0.0,0.0,25,0.0,20,0.0,9.523809523809936,0.0,N,,N,
04:53,COALINDIA,20374,412.95,-0.55,1.11,,41.6,48.0,NORMAL,N,0.0,5.538832028898282,16.616496086694845,0.0,0.0,15,0.0,0.0,25,0.0,0.0,20,0.0,7.4999999999987566,N,,N,
04:53,KEC,13260,476.2,-0.55,1.11,,41.6,40.5,NORMAL,N,0.0,5.534092095645889,16.602276286937666,0.0,0.0,15,0.0,0.0,25,0.0,0.0,20,0.0,0.0,N,,N,
04:53,SUNTECK,17641,297.5,-0.55,1.1,,52.2,40.5,NORMAL,N,0.0,5.515627611566029,16.546882834698085,0.0,0.0,15,0.0,0.0,25,0.0,0.0,20,10.66666666666606,0.0,N,,N,
04:53,KARURVYSYA,1838,333.75,-0.54,1.07,,49.7,40.4,NORMAL,N,0.0,5.364327223960696,16.092981671882086,0.0,0.0,15,0.0,0.0,25,0.0,0.0,20,8.571428571428108,0.0,N,,N,
04:53,IREDA,20261,119.16,-0.53,1.07,,75.0,20.3,NORMAL,N,0.0,5.342237061769621,16.026711185308862,0.0,0.0,15,0.0,0.0,25,0.0,20,0.0,13.999999999999716,0.0,N,,N,
04:53,ADANIGREEN,3563,1365.2,-0.52,1.05,,49.4,40.2,NORMAL,N,0.0,5.246283882250106,15.738851646750318,0.0,0.0,15,0.0,0.0,25,0.0,0.0,20,8.695652173913215,0.0,N,,N,
04:53,MAXHEALTH,22377,1064.4,-0.52,1.05,,59.1,40.2,NORMAL,N,0.0,5.2336448598129985,15.700934579438998,0.0,0.0,15,0.0,0.0,25,0.0,0.0,20,18.399999999999636,0.0,N,,N,
04:53,UPL,11287,570.05,-0.51,1.03,,46.7,40.1,NORMAL,N,0.0,5.148342059336902,15.445026178010707,0.0,0.0,15,0.0,0.0,25,0.0,0.0,20,6.249999999999911,0.0,N,,N,
04:53,ANGELONE,324,290.5,-0.51,1.03,,60.4,20.1,NORMAL,N,0.0,5.136986301369863,15.410958904109588,0.0,0.0,15,0.0,0.0,25,0.0,20,0.0,0.0,0.0,N,,N,
04:53,SHARDACROP,4992,809.9,-0.51,1.02,,68.2,20.1,NORMAL,N,0.0,5.0979669553466955,15.293900866040087,0.0,0.0,15,0.0,0.0,25,0.0,20,0.0,7.857142857143321,0.0,N,,N,
04:53,PNB,10666,114.23,-0.51,1.01,,40.2,47.7,NORMAL,N,0.0,5.051824753941279,15.155474261823835,0.0,0.0,15,0.0,0.0,25,0.0,0.0,20,0.0,7.692307692307524,N,,N,
04:53,YUKEN,5501,796.1,-0.49,0.99,,14.8,64.9,NORMAL,N,0.0,4.937191425535819,14.811574276607457,0.0,0.0,15,0.0,0.0,0.0,25,0.0,20,0.0,0.0,N,,N,
04:53,HINDALCO,1363,1054.4,-0.49,0.98,,45.4,39.9,NORMAL,N,0.0,4.907512268780501,14.722536806341502,0.0,0.0,15,0.0,0.0,25,0.0,0.0,20,5.7142857142857135,0.0,N,,N,
04:53,TATAINVEST,1621,690.25,-0.49,0.98,,59.7,22.1,NORMAL,N,0.0,4.901607438910081,14.704822316730242,0.0,0.0,15,0.0,0.0,25,0.0,20,0.0,0.0,2.2222222222227836,N,,N,
04:53,INDUSINDBK,5258,1017.1,-0.48,0.96,,42.2,39.8,NORMAL,N,0.0,4.794520547945183,14.383561643835549,0.0,0.0,15,0.0,0.0,25,0.0,0.0,20,2.8571428571405373,0.0,N,,N,
04:53,TEXRAIL,21828,108.26,-0.48,0.96,,67.9,19.8,NORMAL,N,0.0,4.780290494576172,14.340871483728517,0.0,0.0,15,0.0,0.0,25,0.0,20,0.0,8.571428571428687,0.0,N,,N,
04:53,TCIEXP,19223,551.95,-0.48,0.96,,70.8,19.8,NORMAL,N,0.0,4.778218535881676,14.334655607645027,0.0,0.0,15,0.0,0.0,25,0.0,20,0.0,11.515151515150848,0.0,N,,N,
04:53,SANDHAR,2397,663.5,-0.47,0.95,,39.2,58.2,NORMAL,N,0.0,4.725118127953165,14.175354383859496,0.0,0.0,15,0.0,0.0,25,0.0,0.0,20,0.0,18.518518518518206,N,,N,
04:53,GROWW,759806,189.6,-0.47,0.94,,39.2,50.6,NORMAL,N,0.0,4.7244094488189265,14.173228346456781,0.0,0.0,15,0.0,0.0,25,0.0,0.0,20,0.0,10.909090909091379,N,,N,
04:53,PURVA,14922,211.37,-0.47,0.94,,39.1,40.2,NORMAL,N,0.0,4.70876300795781,14.126289023873428,0.0,0.0,15,0.0,0.0,25,0.0,0.0,20,0.0,0.4999999999995737,N,,N,
04:53,TIPSMUSIC,9117,642.35,-0.46,0.93,,72.3,19.6,NORMAL,N,0.0,4.64864027272023,13.945920818160687,0.0,0.0,15,0.0,0.0,25,0.0,20,0.0,13.333333333333721,0.0,N,,N,
04:53,JAINREC,759244,307.0,-0.45,0.91,,60.3,19.5,NORMAL,N,0.0,4.539559014267112,13.618677042801336,0.0,0.0,15,0.0,0.0,25,0.0,20,0.0,1.6666666666669825,0.0,N,,N,
04:53,MSTCLTD,9356,588.65,-0.44,0.88,,58.2,23.0,NORMAL,N,0.0,4.397463002114204,13.19238900634261,0.0,0.0,15,0.0,0.0,25,0.0,20,0.0,0.0,3.5714285714283394,N,,N,
04:53,JKPAPER,11860,385.35,-0.44,0.88,,62.9,19.4,NORMAL,N,0.0,4.392197390517992,13.176592171553976,0.0,0.0,15,0.0,0.0,25,0.0,20,0.0,4.705882352940783,0.0,N,,N,
04:53,WIPRO,3787,186.71,-0.44,0.87,,52.2,39.4,NORMAL,N,0.0,4.372633711939386,13.11790113581816,0.0,0.0,15,0.0,0.0,25,0.0,0.0,20,14.042553191489928,0.0,N,,N,
04:53,SBFC,18026,92.9,-1.43,2.86,,55.0,66.0,NORMAL,N,0.0,14.323607427055641,30.0,0.0,0.0,15,0.0,0.0,25,0.0,0.0,20,0.0,16.666666666666668,N,,N,
04:53,POONAWALLA,11403,478.0,-0.43,0.85,,75.3,19.3,NORMAL,N,0.0,4.270388501197815,12.811165503593449,0.0,0.0,15,0.0,0.0,25,0.0,20,0.0,17.499999999999467,0.0,N,,N,
04:53,LICHSGFIN,1997,502.15,-0.42,0.83,,37.5,42.5,NORMAL,N,0.0,4.164600892414521,12.493802677243565,0.0,0.0,15,0.0,0.0,25,0.0,0.0,20,0.0,3.333333333334175,N,,N,
04:53,MEESHO,760229,190.56,-0.41,0.83,,52.7,39.1,NORMAL,N,0.0,4.128560229945085,12.385680689835256,0.0,0.0,15,0.0,0.0,25,0.0,0.0,20,15.33834586466199,0.0,N,,N,
04:53,NCC,2319,144.99,-0.41,0.82,,42.0,39.1,NORMAL,N,0.0,4.121162167731262,12.363486503193785,0.0,0.0,15,0.0,0.0,25,0.0,0.0,20,4.615384615384952,0.0,N,,N,
04:53,TATAPOWER,3426,379.0,-0.41,0.81,,12.2,67.7,NORMAL,N,0.0,4.0730521613454505,12.219156484036352,0.0,0.0,15,0.0,0.0,0.0,25,0.0,20,0.0,3.636363636364764,N,,N,
04:53,DRREDDY,881,1167.4,-0.39,0.78,,43.4,38.9,NORMAL,N,0.0,3.924914675767841,11.774744027303523,0.0,0.0,15,0.0,0.0,25,0.0,0.0,20,6.666666666664982,0.0,N,,N,
04:53,AUBANK,21238,1062.9,-0.38,0.77,,48.1,38.8,NORMAL,N,0.0,3.842549203373861,11.527647610121582,0.0,0.0,15,0.0,0.0,25,0.0,0.0,20,11.578947368419541,0.0,N,,N,
04:53,SWIGGY,27066,279.7,-0.37,0.75,,63.6,18.7,NORMAL,N,0.0,3.7399821905610375,11.219946571683113,0.0,0.0,15,0.0,0.0,25,0.0,20,0.0,7.333333333332726,0.0,N,,N,
04:53,AMBUJACEM,1270,432.45,-0.36,0.71,,58.8,18.6,NORMAL,N,0.0,3.5714285714285974,10.714285714285793,0.0,0.0,15,0.0,0.0,25,0.0,20,0.0,3.076923076923615,0.0,N,,N,
04:53,MGL,17534,1135.7,-0.34,0.68,,38.1,38.4,NORMAL,N,0.0,3.422253422253303,10.26676026675991,0.0,0.0,15,0.0,0.0,25,0.0,0.0,20,2.8571428571433213,0.0,N,,N,
04:53,RHIM,31163,411.45,-0.33,0.65,,63.4,18.3,NORMAL,N,0.0,3.2703488372093568,9.81104651162807,0.0,0.0,15,0.0,0.0,25,0.0,20,0.0,8.636363636363578,0.0,N,,N,
04:53,BHEL,438,403.9,-0.32,0.64,,64.6,18.2,NORMAL,N,0.0,3.208292201382062,9.624876604146186,0.0,0.0,15,0.0,0.0,25,0.0,20,0.0,10.0,0.0,N,,N,
04:53,RBLBANK,18391,388.55,-0.32,0.64,,62.1,18.2,NORMAL,N,0.0,3.206772703950744,9.620318111852232,0.0,0.0,15,0.0,0.0,25,0.0,20,0.0,7.500000000001066,0.0,N,,N,
04:53,LLOYDSME,17313,2074.9,-1.25,2.5,,60.2,47.5,NORMAL,N,0.0,12.516657148296082,30.0,0.0,0.0,15,0.0,0.0,25,0.0,0.0,20,5.249999999999773,0.0,N,,Y,NONRESULTS
04:53,TOKYOPLAST,9710,80.0,-1.23,2.47,,55.0,27.3,NORMAL,N,0.0,12.345679012345677,30.0,0.0,0.0,15,0.0,0.0,25,0.0,0.0,0.0,0.0,0.0,N,,N,
04:53,ZFCVINDIA,16915,2608.8,-1.08,2.15,,67.5,45.8,NORMAL,N,0.0,10.768997421507521,30.0,0.0,0.0,15,0.0,0.0,25,0.0,0.0,20,12.499999999999527,0.0,N,,N,
04:53,ADANIENT,25,2991.4,-0.95,1.89,,53.4,47.0,NORMAL,N,0.0,9.47019867549666,28.410596026489976,0.0,0.0,15,0.0,0.0,25,0.0,0.0,20,0.0,2.499999999999526,N,,N,
04:53,LGEINDIA,760213,1572.6,-0.88,1.75,,54.3,43.8,NORMAL,N,0.0,8.761424519382345,26.284273558147035,0.0,0.0,15,0.0,0.0,25,0.0,0.0,20,2.9999999999995453,0.0,N,,N,
04:53,BHARTIARTL,10604,1944.0,-0.81,1.62,,49.3,43.1,NORMAL,N,0.0,8.11265880912296,24.33797642736888,0.0,0.0,15,0.0,0.0,25,0.0,0.0,20,0.0,0.0,N,,N,
04:53,BAJAJHFL,25270,85.1,-0.8,1.61,,59.9,43.0,NORMAL,N,0.0,8.042895442359388,24.128686327078164,0.0,0.0,15,0.0,0.0,25,0.0,0.0,20,10.7692307692306,0.0,N,,N,
04:53,RAINBOW,9408,1544.8,-0.76,1.53,,67.9,27.0,NORMAL,N,0.0,7.644375923427822,22.933127770283466,0.0,0.0,15,0.0,0.0,25,0.0,20,0.0,0.0,4.399999999999636,N,,N,
04:53,ADANIENSOL,10217,1617.7,-0.76,1.52,,47.8,53.6,NORMAL,N,0.0,7.6068952824979235,22.82068584749377,0.0,0.0,15,0.0,0.0,25,0.0,0.0,20,0.0,11.034482758621284,N,,N,
04:53,ADANIPORTS,15083,1680.9,-0.74,1.49,,80.7,22.4,NORMAL,N,0.0,7.440212577502161,22.320637732506484,0.0,0.0,15,0.0,0.0,25,0.0,20,0.0,13.33333333333249,0.0,N,,N,
04:53,TIMKEN,14198,3320.5,-0.68,1.35,,65.3,21.8,NORMAL,N,0.0,6.76019263557773,20.28057790673319,0.0,0.0,15,0.0,0.0,25,0.0,20,0.0,0.0,0.0,N,,N,
04:53,PIIND,24184,2756.0,-0.67,1.34,,65.5,21.7,NORMAL,N,0.0,6.703668997332916,20.11100699199875,0.0,0.0,15,0.0,0.0,25,0.0,20,0.0,0.35087719298214826,0.0,N,,N,
04:53,HDFCAMC,4244,2528.5,-0.65,1.3,,44.4,57.5,NORMAL,N,0.0,6.4833005893909625,19.449901768172886,0.0,0.0,15,0.0,0.0,25,0.0,0.0,20,0.0,16.000000000000608,N,,N,
04:53,HINDUNILVR,1394,2083.0,-0.62,1.24,,58.6,41.2,NORMAL,N,0.0,6.202290076335878,18.606870229007633,0.0,0.0,15,0.0,0.0,25,0.0,0.0,20,15.0,0.0,N,,N,
04:53,NBCC,31415,94.74,-0.62,1.24,,63.6,32.9,NORMAL,N,0.0,6.189027588377251,18.567082765131754,0.0,0.0,15,0.0,0.0,25,0.0,20,0.0,0.0,11.666666666666963,N,,N,
04:53,WABAG,20188,1946.1,-0.59,1.19,,62.8,21.9,NORMAL,N,0.0,5.925320529192489,17.775961587577466,0.0,0.0,15,0.0,0.0,25,0.0,20,0.0,0.0,0.9999999999990905,N,,N,
04:53,IDBI,1476,83.75,-0.56,1.12,,51.7,40.6,NORMAL,N,0.0,5.5806221800047355,16.741866540014207,0.0,0.0,15,0.0,0.0,25,0.0,0.0,20,10.0,0.0,N,,N,
04:53,MOREPENLAB,2259,79.82,-0.54,1.07,,56.1,40.4,NORMAL,N,0.0,5.358255451713481,16.07476635514044,0.0,0.0,15,0.0,0.0,25,0.0,0.0,20,15.000000000000593,0.0,N,,N,
04:53,SBILIFE,21808,1846.0,-0.51,1.02,,51.0,40.1,NORMAL,N,0.0,5.1199137698733495,15.35974130962005,0.0,0.0,15,0.0,0.0,25,0.0,0.0,20,10.625000000000133,0.0,N,,N,
04:53,ZEEL,3812,93.71,-0.51,1.02,,55.8,40.1,NORMAL,N,0.0,5.0960823866652945,15.288247159995882,0.0,0.0,15,0.0,0.0,25,0.0,0.0,20,15.555555555556609,0.0,N,,N,
04:53,COLPAL,15141,2019.9,-0.5,1.0,,53.4,40.0,NORMAL,N,0.0,4.975369458128034,14.926108374384102,0.0,0.0,15,0.0,0.0,25,0.0,0.0,20,13.469387755102533,0.0,N,,N,
04:53,BAJAJFINSV,16675,1999.1,-0.49,0.98,,56.6,39.9,NORMAL,N,0.0,4.878291602369547,14.63487480710864,0.0,0.0,15,0.0,0.0,25,0.0,0.0,20,16.999999999999698,0.0,N,,N,
04:53,SRF,3273,2603.6,-0.44,0.87,,39.0,39.4,NORMAL,N,0.0,4.359464627151087,13.07839388145326,0.0,0.0,15,0.0,0.0,25,0.0,0.0,20,0.9523809523801274,0.0,N,,N,
04:53,COROMANDEL,739,2061.3,-0.39,0.77,,36.6,56.7,NORMAL,N,0.0,3.86604165659885,11.59812496979655,0.0,0.0,15,0.0,0.0,25,0.0,0.0,20,0.0,17.857142857141696,N,,N,
04:53,GLAXO,1153,2590.0,-0.37,0.75,,36.2,52.8,NORMAL,N,0.0,3.7311997538176787,11.193599261453034,0.0,0.0,15,0.0,0.0,25,0.0,0.0,20,0.0,14.074074074075696,N,,N,
04:53,IRFC,2029,88.44,-0.35,0.7,,70.0,18.5,NORMAL,N,0.0,3.4929577464788983,10.478873239436696,0.0,0.0,15,0.0,0.0,25,0.0,20,0.0,14.54545454545431,0.0,N,,N,
04:53,WAAREEENER,25907,2707.9,-0.33,0.67,,55.0,23.7,NORMAL,N,0.0,3.349282296650684,10.047846889952051,0.0,0.0,15,0.0,0.0,25,0.0,20,0.0,0.0,5.333333333334545,N,,N,
04:53,SJVN,18883,67.74,-0.32,0.65,,54.7,33.6,NORMAL,N,0.0,3.237198351971732,9.711595055915195,0.0,0.0,15,0.0,0.0,25,0.0,20,0.0,0.0,15.384615384615048,N,,N,
04:53,MANKIND,15380,2448.6,-0.3,0.6,,45.9,38.0,NORMAL,N,0.0,3.01302931596095,9.039087947882848,0.0,0.0,15,0.0,0.0,25,0.0,0.0,20,11.904761904761775,0.0,N,,N,
04:53,RAMCOCEM,2043,964.4,3.28,6.55,,100.0,33.3,NORMAL,Y,30.0,0.0,30.0,0.0,15,0.0,0.0,0.0,25,0.0,0.0,20,0.0,13.333333333333332,N,,N,
04:53,KAJARIACER,1808,1192.7,2.18,4.35,,91.8,40.0,NORMAL,N,21.759616208344124,0.0,30.0,0.0,15,0.0,0.0,0.0,25,0.0,0.0,20,0.0,20.0,N,,N,
04:53,GRASIM,1232,3350.2,4.04,8.09,,100.0,25.4,NORMAL,Y,30.0,0.0,30.0,0.0,15,0.0,0.0,0.0,25,0.0,0.0,20,0.0,5.38461538461534,N,,N,
04:53,SANSERA,5751,3911.3,3.27,6.55,,120.0,9.3,NORMAL,N,30.0,0.0,30.0,0.0,15,0.0,0.0,0.0,25,0.0,20,0.0,0.0,9.274193548387029,N,,N,
04:53,BORORENEW,3149,557.4,1.59,3.19,,123.2,0.0,NORMAL,N,15.948236580698078,0.0,30.0,0.0,15,0.0,0.0,0.0,25,0.0,20,0.0,17.22222222222224,0.0,N,,N,
05:06,HISARMETAL,19322,162.29,6.76,13.51,,100.0,20.0,NORMAL,Y,30.0,0.0,30.0,0.0,15,0.0,0.0,0.0,25,0.0,0.0,20,0.0,0.0,Y,NONRESULTS,N,
05:06,PDSL,5264,384.4,6.23,12.46,,124.8,12.1,NORMAL,Y,30.0,0.0,30.0,0.0,15,0.0,0.0,4.771726778016759,25,0.0,20,0.0,0.0,7.368421052632145,Y,NONRESULTS,N,
05:06,TRIVENI,13081,246.54,5.71,11.42,,140.0,0.0,NORMAL,N,30.0,0.0,30.0,0.0,15,0.0,0.0,0.0,25,0.0,20,0.0,20.0,0.0,N,,N,
05:06,ZENITHEXPO,4176,226.7,4.71,9.41,,75.1,45.1,NORMAL,Y,30.0,0.0,30.0,0.0,15,0.0,0.0,0.062144252893704094,0.0,25,0.0,20,0.0,0.0,N,,N,
05:06,RAMCOCEM,2043,975.25,4.44,8.88,,124.0,0.0,NORMAL,Y,30.0,0.0,30.0,0.0,15,0.0,0.0,0.0,25,0.0,20,0.0,3.9999999999997726,0.0,N,,N,
05:06,SUPRAJIT,11689,544.25,4.3,8.6,,118.2,20.0,NORMAL,Y,30.0,0.0,30.0,0.0,15,0.0,0.0,0.0,25,0.0,0.0,20,18.181818181817807,0.0,N,,N,
05:06,MAHSEAMLES,2088,612.0,3.78,7.56,,132.9,0.0,NORMAL,Y,30.0,0.0,30.0,0.0,15,0.0,0.0,0.0,25,0.0,20,0.0,12.916666666666883,0.0,N,,N,
05:06,SCHNEIDER,31234,1406.0,3.78,7.56,,120.0,10.2,NORMAL,N,30.0,0.0,30.0,0.0,15,0.0,0.0,0.0,25,0.0,20,0.0,0.0,10.188679245283279,N,,N,
05:06,NELCO,2388,993.6,3.62,7.24,,120.0,20.0,NORMAL,N,30.0,0.0,30.0,0.0,15,0.0,0.0,0.0,25,0.0,20,0.0,0.0,20.0,N,,N,
05:06,HCG,15555,700.0,3.57,7.15,,127.2,0.0,NORMAL,N,30.0,0.0,30.0,0.0,15,0.0,0.0,0.0,25,0.0,20,0.0,7.234042553191613,0.0,N,,N,
05:06,UCAL,3570,122.49,3.4,6.8,,145.0,25.0,NORMAL,Y,30.0,0.0,30.0,0.0,15,0.0,0.0,25.0,25,0.0,20,0.0,0.0,0.0,N,,N,
05:06,NEWGEN,1164,568.85,3.24,6.48,,128.5,0.0,NORMAL,N,30.0,0.0,30.0,0.0,15,0.0,0.0,0.0,25,0.0,20,0.0,8.518518518518206,0.0,N,,N,
05:06,IONEXCHANG,1630,383.1,3.09,6.19,,100.0,21.4,NORMAL,N,30.0,0.0,30.0,0.0,15,0.0,0.0,0.0,25,0.0,0.0,20,0.0,1.4285714285717765,N,,Y,NONRESULTS
05:06,SHILPAMED,17752,782.5,2.99,5.99,,119.9,8.8,NORMAL,N,29.944060546232315,0.0,30.0,0.0,15,0.0,0.0,0.0,25,0.0,20,0.0,0.0,8.750000000000444,N,,N,
05:06,BRIGADE,15184,599.05,2.94,5.88,,130.6,0.0,NORMAL,N,29.38396769481898,0.0,30.0,0.0,15,0.0,0.0,0.0,25,0.0,20,0.0,11.250000000000178,0.0,N,,N,
05:06,RAYMOND,2859,633.0,2.94,5.87,,119.4,6.7,NORMAL,N,29.35197983575893,0.0,30.0,0.0,15,0.0,0.0,0.0,25,0.0,20,0.0,0.0,6.666666666665825,N,,N,
05:06,NAUKRI,13751,1260.6,2.88,5.76,,121.3,0.0,NORMAL,N,28.80927119889003,0.0,30.0,0.0,15,0.0,0.0,0.0,25,0.0,20,0.0,2.499999999997513,0.0,N,,N,
05:06,MAHLOG,385,413.95,2.79,5.59,,117.9,0.0,NORMAL,N,27.936429103551028,0.0,30.0,0.0,15,0.0,0.0,0.0,25,0.0,20,0.0,0.0,0.0,N,,N,
05:06,BORORENEW,3149,563.65,2.73,5.47,,117.3,9.0,NORMAL,N,27.339834138339565,0.0,30.0,0.0,15,0.0,0.0,0.0,25,0.0,20,0.0,0.0,9.00000000000091,N,,N,
05:07,VARROC,3857,833.05,2.69,5.39,,131.6,0.0,NORMAL,N,26.935404339250383,0.0,30.0,0.0,15,0.0,0.0,0.0,25,0.0,20,0.0,14.66666666666697,0.0,N,,N,
05:07,OIL,17438,454.2,2.57,5.15,,103.7,20.0,NORMAL,N,25.745257452574478,0.0,30.0,0.0,15,0.0,0.0,0.0,25,0.0,0.0,20,8.000000000001819,0.0,N,,N,
05:07,MAXESTATES,19646,407.25,2.56,5.11,,121.1,22.6,NORMAL,N,25.560312263913314,0.0,30.0,0.0,15,0.0,0.0,5.578761764259545,25,0.0,20,0.0,0.0,17.000000000000455,N,,N,
05:07,LXCHEM,2841,179.8,2.37,4.74,,113.7,15.9,NORMAL,N,23.684809838305767,0.0,30.0,0.0,15,0.0,0.0,0.0,25,0.0,20,0.0,0.0,15.918367346940006,N,,N,
05:07,FINCABLES,1038,1047.85,2.26,4.53,,117.6,0.0,NORMAL,N,22.6418777143413,0.0,30.0,0.0,15,0.0,0.0,0.0,25,0.0,20,0.0,4.935064935064997,0.0,N,,N,
05:07,KNRCON,15283,143.05,2.19,4.37,,111.9,9.0,NORMAL,N,21.85870419315667,0.0,30.0,0.0,15,0.0,0.0,0.0,25,0.0,20,0.0,0.0,8.965517241379242,N,,N,
05:07,PRAJIND,2705,332.15,2.18,4.37,,111.8,16.2,NORMAL,N,21.84279341639737,0.0,30.0,0.0,15,0.0,0.0,0.0,25,0.0,20,0.0,0.0,16.190476190476243,N,,N,
05:07,PINELABS,759820,157.79,2.17,4.34,,128.3,0.0,NORMAL,N,21.691271691271655,0.0,30.0,0.0,15,0.0,0.0,0.0,25,0.0,20,0.0,16.61971830985973,0.0,N,,N,
05:07,SHIVALIK,7026,259.8,2.08,4.17,,110.8,20.0,NORMAL,N,20.825147347740717,0.0,30.0,0.0,15,0.0,0.0,0.0,25,0.0,20,0.0,0.0,20.0,N,,N,
05:07,HFCL,21951,212.23,2.04,4.09,,110.4,20.0,NORMAL,N,20.434657178574867,0.0,30.0,0.0,15,0.0,0.0,0.0,25,0.0,20,0.0,0.0,20.0,N,,N,
05:07,VEDL,3063,284.5,2.03,4.05,,113.1,0.0,NORMAL,N,20.261789492558638,0.0,30.0,0.0,15,0.0,0.0,0.0,25,0.0,20,0.0,2.8571428571433213,0.0,N,,N,
05:07,PIXTRANS,9087,1909.6,11.2,22.41,,117.1,20.0,NORMAL,Y,30.0,0.0,30.0,0.0,15,0.0,0.0,0.0,25,0.0,0.0,20,17.142857142857608,0.0,N,,N,
05:07,BEML,395,1893.0,5.88,11.77,,120.0,13.3,NORMAL,Y,30.0,0.0,30.0,0.0,15,0.0,0.0,0.0,25,0.0,20,0.0,0.0,13.333333333333574,N,,N,
05:07,GRASIM,1232,3367.8,4.59,9.18,,120.0,2.9,NORMAL,Y,30.0,0.0,30.0,0.0,15,0.0,0.0,0.0,25,0.0,20,0.0,0.0,2.8571428571428568,N,,N,
05:07,PAYTM,6705,1505.0,4.4,8.8,,120.0,15.7,NORMAL,Y,30.0,0.0,30.0,0.0,15,0.0,0.0,0.0,25,0.0,20,0.0,0.0,15.652173913043391,N,,N,
05:07,M&M,2031,3516.0,3.23,6.46,,114.0,20.0,NORMAL,N,30.0,0.0,30.0,0.0,15,0.0,0.0,0.0,25,0.0,0.0,20,14.00000000000091,0.0,N,,N,
05:07,IFCI,1491,76.14,2.92,5.84,,151.8,18.4,NORMAL,N,29.197080291970757,0.0,30.0,0.0,15,0.0,0.0,18.429469354348456,25,0.0,20,0.0,14.146341463414364,0.0,N,,N,
05:07,KAJARIACER,1808,1189.1,1.87,3.74,,88.7,33.3,NORMAL,N,18.675576115822803,0.0,30.0,0.0,15,0.0,0.0,0.0,25,0.0,0.0,20,0.0,13.333333333333332,N,,N,
05:07,BALRAMCHIN,341,645.15,1.85,3.69,,110.8,0.0,NORMAL,N,18.470281790196434,0.0,30.0,0.0,15,0.0,0.0,0.0,25,0.0,20,0.0,2.3529411764687,0.0,N,,N,
05:07,SANSERA,5751,3894.6,2.83,5.67,,98.3,28.7,NORMAL,N,28.331529057639937,0.0,30.0,0.0,15,0.0,0.0,0.0,25,0.0,0.0,20,0.0,8.679245283019256,N,,N,
05:07,ENGINERSIN,4907,245.0,1.83,3.66,,108.3,5.5,NORMAL,N,18.287614297589386,0.0,30.0,0.0,15,0.0,0.0,0.0,25,0.0,20,0.0,0.0,5.454545454545831,N,,N,
05:07,SONATSOFTW,6596,323.8,1.81,3.62,,109.9,19.6,NORMAL,N,18.078918409055177,0.0,30.0,0.0,15,0.0,0.0,1.8319604099881481,25,0.0,20,0.0,0.0,17.77777777777848,N,,N,
05:07,TATASTEEL,3499,190.9,1.79,3.57,,127.0,0.0,NORMAL,N,17.861903492401996,0.0,30.0,0.0,15,0.0,0.0,0.0,25,0.0,20,0.0,19.178082191780813,0.0,N,,N,
05:07,ANTHEM,757885,856.0,1.78,3.57,,89.9,20.0,NORMAL,N,17.8359096313912,0.0,30.0,0.0,15,0.0,0.0,0.0,25,0.0,0.0,20,2.1052631578951146,0.0,N,,N,
05:07,ZUARI,29050,231.46,1.72,3.44,,107.2,9.3,NORMAL,N,17.183036695231802,0.0,30.0,0.0,15,0.0,0.0,0.0,25,0.0,20,0.0,0.0,9.302325581395994,N,,N,
05:07,MONTECARLO,5938,508.2,1.7,3.4,,109.2,0.0,NORMAL,N,17.010206123674205,0.0,30.0,0.0,15,0.0,0.0,0.0,25,0.0,20,0.0,2.2222222222227836,0.0,N,,N,
05:07,BSOFT,6994,323.85,1.68,3.36,,106.8,15.3,NORMAL,N,16.797488226059727,0.0,30.0,0.0,15,0.0,0.0,0.0,25,0.0,20,0.0,0.0,15.294117647058902,N,,N,
05:07,LENSKART,759605,578.9,1.61,3.23,,106.1,0.0,NORMAL,N,16.1488502720729,0.0,30.0,0.0,15,0.0,0.0,0.0,25,0.0,20,0.0,0.0,0.0,N,,N,
05:07,ABDL,24308,608.55,1.55,3.1,,105.5,8.6,NORMAL,N,15.519399249061252,0.0,30.0,0.0,15,0.0,0.0,0.0,25,0.0,20,0.0,0.0,8.571428571435996,N,,N,
05:07,NARMADA,6364,386.9,1.55,3.1,,105.5,5.0,NORMAL,N,15.485564304461882,0.0,30.0,0.0,15,0.0,0.0,0.0,25,0.0,20,0.0,0.0,4.999999999999645,N,,N,
05:07,DLF,14732,651.9,1.54,3.08,,105.4,8.0,NORMAL,N,15.420560747663517,0.0,30.0,0.0,15,0.0,0.0,0.0,25,0.0,20,0.0,0.0,7.999999999999545,N,,N,
05:07,SAREGAMA,4892,527.15,1.53,3.06,,125.3,0.0,NORMAL,N,15.312018489984458,0.0,30.0,0.0,15,0.0,0.0,0.0,25,0.0,20,0.0,20.0,0.0,N,,N,
05:07,TEJASNET,21131,521.3,1.53,3.06,,123.1,0.0,NORMAL,N,15.288733080143944,0.0,30.0,0.0,15,0.0,0.0,0.0,25,0.0,20,0.0,17.837837837838602,0.0,N,,N,
05:07,VIPIND,3703,319.75,1.51,3.02,,85.1,20.0,NORMAL,N,15.07936507936508,0.0,30.0,0.0,15,0.0,0.0,0.0,25,0.0,0.0,20,0.0,0.0,N,,N,
05:07,JUBLPHARMA,3637,945.95,1.5,2.99,,105.0,1.8,NORMAL,N,14.967811158798332,0.0,30.0,0.0,15,0.0,0.0,0.0,25,0.0,20,0.0,0.0,1.818181818184073,N,,N,
05:07,SHREEPUSHK,10588,413.0,1.45,2.9,,84.5,20.0,NORMAL,N,14.49275362318835,0.0,30.0,0.0,15,0.0,0.0,0.0,25,0.0,0.0,20,0.0,0.0,N,,N,
05:07,LTF,24948,312.45,1.44,2.89,,120.7,0.0,NORMAL,N,14.448051948051912,0.0,30.0,0.0,15,0.0,0.0,0.0,25,0.0,20,0.0,16.2962962962962,0.0,N,,N,
05:07,SARDAEN,17758,504.75,1.44,2.87,,104.4,10.0,NORMAL,N,14.3689710610932,0.0,30.0,0.0,15,0.0,0.0,0.0,25,0.0,20,0.0,0.0,10.0,N,,N,
05:07,APCL,20453,103.6,1.43,2.86,,84.3,20.0,NORMAL,N,14.294106128842703,0.0,30.0,0.0,15,0.0,0.0,0.0,25,0.0,0.0,20,0.0,0.0,N,,N,
05:07,IIFL,11809,620.3,1.4,2.8,,106.6,0.0,NORMAL,N,13.976297507151541,0.0,30.0,0.0,15,0.0,0.0,0.0,25,0.0,20,0.0,2.6666666666672727,0.0,N,,N,
05:07,CYIENT,5748,869.4,1.39,2.78,,119.6,0.0,NORMAL,N,13.877551020408138,0.0,30.0,0.0,15,0.0,0.0,0.0,25,0.0,20,0.0,15.686274509804202,0.0,N,,N,
05:07,SHALBY,714,162.3,1.38,2.76,,119.8,0.0,NORMAL,N,13.804734836654431,0.0,30.0,0.0,15,0.0,0.0,0.0,25,0.0,20,0.0,16.0,0.0,N,,N,
05:07,MEDANTA,11956,1475.6,1.37,2.75,,83.7,20.0,NORMAL,N,13.740038472107724,0.0,30.0,0.0,15,0.0,0.0,0.0,25,0.0,0.0,20,0.0,0.0,N,,N,
05:07,PNBHOUSING,18908,1158.7,1.37,2.75,,103.7,0.0,NORMAL,N,13.73578302712165,0.0,30.0,0.0,15,0.0,0.0,0.0,25,0.0,20,0.0,0.0,0.0,N,,N,
05:07,SAIL,2963,179.0,1.37,2.74,,118.7,0.0,NORMAL,N,13.70483633480568,0.0,30.0,0.0,15,0.0,0.0,0.0,25,0.0,20,0.0,14.999999999998934,0.0,N,,N,
05:07,INFY,1594,1191.1,1.36,2.72,,103.6,13.9,NORMAL,N,13.615862479788953,0.0,30.0,0.0,15,0.0,0.0,0.0,25,0.0,20,0.0,0.0,13.913043478258977,N,,N,
05:07,KALYANKJIL,2955,614.55,1.36,2.72,,103.6,1.7,NORMAL,N,13.60712518555171,0.0,30.0,0.0,15,0.0,0.0,0.0,25,0.0,20,0.0,0.0,1.6666666666688772,N,,N,
05:07,ASTERDM,1508,881.5,1.36,2.71,,103.6,1.6,NORMAL,Y,13.567896975968672,0.0,30.0,0.0,15,0.0,0.0,0.0,25,0.0,20,0.0,0.0,1.5789473684214306,N,,N,
05:07,TMCV,759782,459.2,1.35,2.69,,103.5,3.3,NORMAL,N,13.462811741337378,0.0,30.0,0.0,15,0.0,0.0,0.0,25,0.0,20,0.0,0.0,3.333333333333965,N,,N,
05:07,LTTS,18564,3638.7,2.34,4.69,,113.4,8.8,NORMAL,N,23.42915002531353,0.0,30.0,0.0,15,0.0,0.0,0.0,25,0.0,20,0.0,0.0,8.846153846154856,N,,N,
05:07,BLS,17279,257.7,1.33,2.65,,84.0,20.0,NORMAL,N,13.250501317186238,0.0,30.0,0.0,15,0.0,0.0,0.0,25,0.0,0.0,20,0.740740740740039,0.0,N,,N,
05:07,GOCOLORS,6964,326.25,1.3,2.61,,121.5,0.0,NORMAL,N,13.041453190498332,0.0,30.0,0.0,15,0.0,0.0,0.0,25,0.0,20,0.0,18.461538461539806,0.0,N,,N,
05:07,ZENSARTECH,1076,505.45,1.29,2.59,,102.9,13.3,NORMAL,N,12.925851703406792,0.0,30.0,0.0,15,0.0,0.0,0.0,25,0.0,20,0.0,0.0,13.333333333332645,N,,N,
05:07,KSB,1949,794.25,1.28,2.55,,111.8,5.5,NORMAL,N,12.75103602167676,0.0,30.0,0.0,15,0.0,0.0,5.461595151313432,25,0.0,20,0.0,3.636363636362321,0.0,N,,N,
05:07,JSWINFRA,19020,339.95,1.25,2.5,,82.5,22.9,NORMAL,N,12.509307520476511,0.0,30.0,0.0,15,0.0,0.0,0.0,25,0.0,0.0,20,0.0,2.857142857143785,N,,N,
05:07,COFORGE,11543,1815.9,2.25,4.49,,112.5,14.1,NORMAL,N,22.466216216216267,0.0,30.0,0.0,15,0.0,0.0,0.0,25,0.0,20,0.0,0.0,14.074074074074511,N,,N,
05:07,JKIL,15266,505.1,1.24,2.49,,102.4,10.0,NORMAL,N,12.42734014832641,0.0,30.0,0.0,15,0.0,0.0,0.0,25,0.0,20,0.0,0.0,10.0,N,,N,
05:07,RATNAMANI,13451,2246.7,2.23,4.47,,110.4,20.0,NORMAL,N,22.34255551510735,0.0,30.0,0.0,15,0.0,0.0,0.0,25,0.0,0.0,20,18.095238095237786,0.0,N,,N,
05:07,PENIND,20621,161.83,1.23,2.46,,122.3,0.0,NORMAL,N,12.323282872513442,0.0,30.0,0.0,15,0.0,0.0,0.0,25,0.0,20,0.0,20.0,0.0,N,,N,
05:07,HEG,1336,682.05,1.19,2.39,,105.1,0.0,NORMAL,N,11.943620178041478,0.0,30.0,0.0,15,0.0,0.0,0.0,25,0.0,20,0.0,3.2000000000007276,0.0,N,,N,
05:07,USHAMART,8840,521.2,1.19,2.39,,81.9,25.3,NORMAL,N,11.940588292398973,0.0,30.0,0.0,15,0.0,0.0,0.0,25,0.0,0.0,20,0.0,5.333333333334545,N,,N,
05:07,EPACKPEB,759251,249.2,1.18,2.35,,109.8,0.0,NORMAL,N,11.774259033698648,0.0,30.0,0.0,15,0.0,0.0,0.0,25,0.0,20,0.0,7.999999999999545,0.0,N,,N,
05:07,SUDARSCHEM,3327,1153.0,1.18,2.35,,115.9,2.0,NORMAL,N,11.75851175851184,0.0,30.0,0.0,15,0.0,0.0,1.9536499934145468,25,0.0,20,0.0,12.142857142857666,0.0,N,,N,
05:07,METROPOLIS,9581,569.65,1.15,2.29,,101.5,20.0,NORMAL,N,11.45241477272715,0.0,30.0,0.0,15,0.0,0.0,0.0,25,0.0,20,0.0,0.0,20.0,N,,N,
05:07,PRICOLLTD,19631,745.95,1.09,2.18,,100.9,16.0,NORMAL,N,10.909337308578491,0.0,30.0,0.0,15,0.0,0.0,0.0,25,0.0,20,0.0,0.0,15.99999999999909,N,,N,
05:07,CESC,628,165.7,1.07,2.15,,111.3,0.0,NORMAL,N,10.735634988410338,0.0,30.0,0.0,15,0.0,0.0,0.0,25,0.0,20,0.0,10.526315789473212,0.0,N,,N,
05:07,FORTIS,14592,965.4,1.07,2.15,,106.8,0.0,NORMAL,N,10.73129874888761,0.0,30.0,0.0,15,0.0,0.0,0.0,25,0.0,20,0.0,6.086956521739646,0.0,N,,N,
05:07,JSWENERGY,17869,570.4,1.06,2.13,,104.0,0.0,NORMAL,N,10.630758327427356,0.0,30.0,0.0,15,0.0,0.0,0.0,25,0.0,20,0.0,3.3333333333345965,0.0,N,,N,
05:07,ZUARIIND,3827,262.1,1.06,2.12,,101.6,21.0,NORMAL,N,10.603431656063233,0.0,30.0,0.0,15,0.0,0.0,1.0098777034652784,25,0.0,20,0.0,0.0,20.0,N,,N,
05:07,PARADEEP,9741,151.0,1.04,2.07,,114.0,0.0,NORMAL,N,10.371361659417943,0.0,30.0,0.0,15,0.0,0.0,0.0,25,0.0,20,0.0,13.658536585366024,0.0,N,,N,
05:07,EBGNG,757862,531.0,1.02,2.04,,100.2,1.9,NORMAL,N,10.177875011890084,0.0,30.0,0.0,15,0.0,0.0,0.0,25,0.0,20,0.0,0.0,1.9047619047623172,N,,N,
05:07,WELSPUNLIV,11253,165.75,1.01,2.02,,110.4,0.0,NORMAL,N,10.11639953683952,0.0,30.0,0.0,15,0.0,0.0,0.0,25,0.0,20,0.0,10.30303030303046,0.0,N,,N,
05:07,KPITTECH,9683,636.2,1.0,2.0,,100.0,6.3,NORMAL,N,10.001587553580041,0.0,30.0,0.0,15,0.0,0.0,0.0,25,0.0,20,0.0,0.0,6.315789473685344,N,,N,
05:07,GNFC,1174,540.85,1.0,2.0,,120.0,0.0,NORMAL,N,9.990662931839443,0.0,29.971988795518335,0.0,15,0.0,0.0,0.0,25,0.0,20,0.0,20.0,0.0,N,,N,
05:07,BECTORFOOD,1628,226.63,0.99,1.99,,79.8,20.8,NORMAL,N,9.937611408199599,0.0,29.812834224598795,0.0,15,0.0,0.0,0.0,25,0.0,0.0,20,0.0,0.7999999999992724,N,,N,
05:07,NMDC,15332,86.58,1.95,3.91,,122.9,0.0,NORMAL,N,19.547809703250078,0.0,30.0,0.0,15,0.0,0.0,0.0,25,0.0,20,0.0,13.333333333333332,0.0,N,,N,
05:07,TRITURBINE,25584,642.5,0.95,1.9,,98.0,5.0,NORMAL,N,9.505852777123033,0.0,28.5175583313691,0.0,15,0.0,0.0,0.0,25,0.0,20,0.0,0.0,5.0,N,,N,
05:07,ZYDUSLIFE,7929,1124.2,0.9,1.8,,106.8,0.0,NORMAL,N,8.975049362771497,0.0,26.925148088314486,0.0,15,0.0,0.0,0.0,25,0.0,20,0.0,10.909090909090157,0.0,N,,N,
05:07,RAMCOSYS,7851,643.6,0.89,1.79,,101.6,0.0,NORMAL,N,8.935569838532757,0.0,26.806709515598268,0.0,15,0.0,0.0,0.0,25,0.0,20,0.0,5.833333333332149,0.0,N,,N,
05:07,JINDALSTEL,6733,1112.8,0.89,1.78,,100.8,0.0,NORMAL,N,8.884859474161336,0.0,26.65457842248401,0.0,15,0.0,0.0,0.0,25,0.0,20,0.0,5.26315789473659,0.0,N,,N,
05:07,MUNJALAU,13511,103.37,0.89,1.78,,95.5,1.2,NORMAL,N,8.881514737458627,0.0,26.644544212375877,0.0,15,0.0,0.0,0.0,25,0.0,20,0.0,0.0,1.2121212121209772,N,,N,
05:07,UNICHEMLAB,3579,494.0,0.87,1.74,,74.7,29.4,NORMAL,N,8.677896886166412,0.0,26.033690658499236,0.0,15,0.0,0.0,0.0,25,0.0,0.0,20,0.0,9.411764705882668,N,,N,
05:07,JUBLFOOD,18096,490.7,0.86,1.73,,101.7,0.0,NORMAL,Y,8.633093525179834,0.0,25.8992805755395,0.0,15,0.0,0.0,0.0,25,0.0,20,0.0,7.142857142857259,0.0,N,,N,
05:07,TDPOWERSYS,25178,1271.7,0.86,1.71,,114.3,0.0,NORMAL,N,8.565310492505317,0.0,25.695931477515952,0.0,15,0.0,0.0,0.0,25,0.0,20,0.0,20.0,0.0,N,,N,
05:07,GANESHHOU,14339,767.25,0.85,1.71,,94.2,0.0,NORMAL,N,8.544199802826158,0.0,25.632599408478477,0.0,15,0.0,0.0,0.0,25,0.0,20,0.0,0.0,0.0,N,,N,
05:07,NATCOPHARM,3918,924.4,0.85,1.69,,73.8,20.0,NORMAL,N,8.45469917634866,0.0,25.364097529045985,0.0,15,0.0,0.0,0.0,25,0.0,0.0,20,0.0,0.0,N,,N,
05:07,INTELLECT,5926,727.35,0.83,1.66,,93.3,11.8,NORMAL,N,8.317737575379496,0.0,24.95321272613849,0.0,15,0.0,0.0,0.0,25,0.0,20,0.0,0.0,11.764705882352626,N,,N,
05:07,BALKRISIND,335,2510.3,1.78,3.57,,127.2,0.0,NORMAL,N,17.84048980253821,0.0,30.0,0.0,15,0.0,0.0,0.0,25,0.0,20,0.0,19.375000000000533,0.0,N,,N,
05:07,TORNTPOWER,13786,1361.2,0.77,1.54,,99.4,0.0,NORMAL,N,7.699141249629916,0.0,23.09742374888975,0.0,15,0.0,0.0,0.0,25,0.0,20,0.0,8.571428571426715,0.0,N,,N,
05:07,HDFCBANK,1333,736.6,0.77,1.53,,100.6,0.0,NORMAL,N,7.660738714090319,0.0,22.982216142270953,0.0,15,0.0,0.0,0.0,25,0.0,20,0.0,9.999999999996751,0.0,N,,N,
05:07,SESHAPAPER,3066,230.93,0.75,1.5,,90.0,0.0,NORMAL,N,7.504035600540983,0.0,22.512106801622952,0.0,15,0.0,0.0,0.0,25,0.0,20,0.0,0.0,0.0,N,,N,
05:07,RAJRATAN,18962,528.9,0.74,1.49,,108.0,0.0,NORMAL,N,7.428571428571385,0.0,22.285714285714157,0.0,15,0.0,0.0,0.0,25,0.0,20,0.0,18.333333333333016,0.0,N,,N,
05:07,VGUARD,15362,322.0,0.74,1.47,,89.4,10.9,NORMAL,N,7.3517910214297615,0.0,22.055373064289284,0.0,15,0.0,0.0,0.0,25,0.0,20,0.0,0.0,10.909090909090626,N,,N,
05:07,JSL,11236,740.0,0.73,1.46,,89.1,12.7,NORMAL,N,7.2823793643231785,0.0,21.847138092969534,0.0,15,0.0,0.0,0.0,25,0.0,20,0.0,0.0,12.666666666667272,N,,N,
05:07,HSCL,14334,758.0,0.71,1.42,,101.8,0.0,NORMAL,N,7.108217631037034,0.0,21.3246528931111,0.0,15,0.0,0.0,0.0,25,0.0,20,0.0,13.333333333335018,0.0,N,,N,
05:07,LALPATHLAB,11654,1964.5,1.7,3.41,,107.0,14.7,NORMAL,N,17.032511907227217,0.0,30.0,0.0,15,0.0,0.0,0.0,25,0.0,20,0.0,0.0,14.666666666665453,N,,N,
05:07,WINDLAS,5366,889.0,0.7,1.39,,87.9,20.0,NORMAL,N,6.9660757773120885,0.0,20.898227331936265,0.0,15,0.0,0.0,0.0,25,0.0,20,0.0,0.0,20.0,N,,N,
05:07,SHRIRAMFIN,4306,1122.7,0.69,1.38,,106.0,0.0,NORMAL,N,6.905829596412597,0.0,20.71748878923779,0.0,15,0.0,0.0,0.0,25,0.0,20,0.0,18.333333333333016,0.0,N,,N,
05:07,HCLTECH,7229,1365.7,0.67,1.34,,86.8,8.3,NORMAL,N,6.70794633642941,0.0,20.12383900928823,0.0,15,0.0,0.0,0.0,25,0.0,20,0.0,0.0,8.333333333333018,N,,N,
05:07,DIAMONDYD,21840,1235.6,0.67,1.34,,86.7,20.0,NORMAL,N,6.6807886589537375,0.0,20.042365976861213,0.0,15,0.0,0.0,0.0,25,0.0,20,0.0,0.0,20.0,N,,N,
05:07,TATACONSUM,3432,1089.5,0.67,1.33,,86.6,0.0,NORMAL,N,6.652499307031365,0.0,19.957497921094095,0.0,15,0.0,0.0,0.0,25,0.0,20,0.0,0.0,0.0,N,,N,
05:07,TECHM,13538,1662.0,1.65,3.3,,106.5,17.3,NORMAL,N,16.51376146788991,0.0,30.0,0.0,15,0.0,0.0,0.0,25,0.0,20,0.0,0.0,17.29729729729733,N,,N,
05:07,GSFC,1247,162.25,0.64,1.28,,92.6,0.0,NORMAL,N,6.3887855104825775,0.0,19.166356531447732,0.0,15,0.0,0.0,0.0,25,0.0,20,0.0,7.058823529411371,0.0,N,,N,
05:07,HEXT,29666,568.2,0.64,1.28,,88.4,0.0,NORMAL,N,6.376195536663165,0.0,19.128586609989494,0.0,15,0.0,0.0,0.0,25,0.0,20,0.0,2.8571428571433213,0.0,N,,N,
05:07,MUKANDLTD,11325,144.13,0.64,1.27,,85.4,20.0,NORMAL,N,6.353861192570847,0.0,19.06158357771254,0.0,15,0.0,0.0,0.0,25,0.0,20,0.0,0.0,20.0,N,,N,
05:07,QUICKHEAL,13131,156.0,0.63,1.26,,85.3,0.0,NORMAL,N,6.321764933556893,0.0,18.96529480067068,0.0,15,0.0,0.0,0.0,25,0.0,20,0.0,0.0,0.0,N,,N,
05:07,HUDCO,20825,202.3,0.63,1.25,,89.4,0.0,NORMAL,N,6.2674094707521855,0.0,18.802228412256557,0.0,15,0.0,0.0,0.0,25,0.0,20,0.0,4.347826086955232,0.0,N,,N,
05:07,CASTROLIND,1250,193.25,0.61,1.22,,84.4,11.4,NORMAL,N,6.091211995002015,0.0,18.27363598500605,0.0,15,0.0,0.0,0.0,25,0.0,20,0.0,0.0,11.428571428573749,N,,N,
05:07,KIRLOSBROS,18581,1932.3,1.61,3.22,,125.4,1.9,NORMAL,N,16.090866067202985,0.0,30.0,0.0,15,0.0,0.0,1.9005494068187707,25,0.0,20,0.0,17.38219895287957,0.0,N,,N,
05:07,TMPV,3456,349.1,0.61,1.21,,94.2,0.0,NORMAL,N,6.0518731988473276,0.0,18.15561959654198,0.0,15,0.0,0.0,0.0,25,0.0,20,0.0,9.999999999998105,0.0,N,,N,
05:07,TNPL,3980,157.5,0.57,1.15,,83.0,14.1,NORMAL,N,5.747126436781645,0.0,17.241379310344936,0.0,15,0.0,0.0,0.0,25,0.0,20,0.0,0.0,14.054054054053388,N,,N,
05:07,M&MFIN,13285,410.75,0.56,1.13,,90.9,0.0,NORMAL,N,5.63104419145553,0.0,16.89313257436659,0.0,15,0.0,0.0,0.0,25,0.0,20,0.0,8.333333333333806,0.0,N,,N,
05:07,GLAND,1186,2641.6,1.56,3.12,,85.6,22.7,NORMAL,N,15.60938100730485,0.0,30.0,0.0,15,0.0,0.0,0.0,25,0.0,0.0,20,0.0,2.7272727272722577,N,,N,
05:07,CIPLA,694,1472.0,0.56,1.12,,66.0,20.0,NORMAL,N,5.601858177346662,0.0,16.805574532039987,0.0,15,0.0,0.0,0.0,25,0.0,0.0,20,3.6363636363645133,0.0,N,,N,
05:07,NIITLTD,11522,96.55,1.56,3.11,,105.6,20.0,NORMAL,N,15.567476596192321,0.0,30.0,0.0,15,0.0,0.0,0.0,25,0.0,20,0.0,0.0,20.0,N,,N,
05:07,HGINFRA,1672,552.1,0.54,1.07,,101.5,0.0,NORMAL,N,5.371938450332415,0.0,16.115815350997245,0.0,15,0.0,0.0,0.0,25,0.0,20,0.0,20.0,0.0,N,,N,
05:07,CIEINDIA,14937,412.7,0.54,1.07,,101.4,0.0,NORMAL,N,5.359317904993882,0.0,16.077953714981646,0.0,15,0.0,0.0,0.0,25,0.0,20,0.0,20.0,0.0,N,,N,
05:07,IRCTC,13611,522.7,0.53,1.06,,84.2,0.0,NORMAL,N,5.2889700932781984,0.0,15.866910279834597,0.0,15,0.0,0.0,0.0,25,0.0,20,0.0,2.9999999999995453,0.0,N,,N,
05:07,MANAPPURAM,19061,368.65,0.52,1.04,,86.4,0.0,NORMAL,N,5.180640763462788,0.0,15.541922290388362,0.0,15,0.0,0.0,0.0,25,0.0,20,0.0,5.714285714283394,0.0,N,,N,
05:07,CHOLAFIN,685,1894.5,1.52,3.03,,119.3,0.0,NORMAL,N,15.164505412067276,0.0,30.0,0.0,15,0.0,0.0,0.0,25,0.0,20,0.0,14.166666666664614,0.0,N,,N,
05:07,SAKSOFT,11794,165.88,0.5,1.01,,100.1,0.0,NORMAL,N,5.028779157830864,0.0,15.086337473492591,0.0,15,0.0,0.0,0.0,25,0.0,20,0.0,20.0,0.0,N,,Y,NONRESULTS
05:07,RUBICON,759316,1576.5,1.5,3.0,,104.3,20.0,NORMAL,N,15.001287664177152,0.0,30.0,0.0,15,0.0,0.0,0.0,25,0.0,0.0,20,19.250000000000114,0.0,N,,N,
05:07,CDSL,21174,1334.5,0.49,0.98,,85.3,0.0,NORMAL,N,4.894578313253012,0.0,14.683734939759038,0.0,15,0.0,0.0,0.0,25,0.0,20,0.0,5.71428571428757,0.0,N,,N,
05:07,HYUNDAI,25844,2233.2,1.49,2.97,,118.9,0.0,NORMAL,N,14.860259032038089,0.0,30.0,0.0,15,0.0,0.0,0.0,25,0.0,20,0.0,14.074074074073327,0.0,N,,N,
05:07,HINDZINC,1424,605.9,0.48,0.96,,84.0,0.0,NORMAL,N,4.8092868988391,0.0,14.4278606965173,0.0,15,0.0,0.0,0.0,25,0.0,20,0.0,4.761904761904453,0.0,N,,N,
05:07,KIRIINDUS,16639,429.95,0.48,0.96,,79.2,15.4,NORMAL,N,4.790838981070371,0.0,14.372516943211112,0.0,15,0.0,0.0,0.0,25,0.0,20,0.0,0.0,15.384615384615923,N,,N,
05:07,HINDCOPPER,17939,538.65,0.48,0.95,,79.0,0.0,NORMAL,N,4.756575265808533,0.0,14.269725797425599,0.0,15,0.0,0.0,0.0,25,0.0,20,0.0,0.0,0.0,N,,N,
05:07,TIMETECHNO,14707,205.85,0.47,0.95,,59.5,20.0,NORMAL,N,4.734478719250287,0.0,14.203436157750863,0.0,15,0.0,0.0,0.0,25,0.0,0.0,20,0.6060606060617544,0.0,N,,N,
05:07,JSWSTEEL,11723,1305.6,0.47,0.94,,71.4,20.0,NORMAL,N,4.694113120430864,0.0,14.082339361292593,0.0,15,0.0,0.0,0.0,25,0.0,0.0,20,12.592592592592718,0.0,N,,N,
05:07,CANFINHOME,583,815.1,0.47,0.94,,78.7,2.5,NORMAL,N,4.683840749414604,0.0,14.051522248243812,0.0,15,0.0,0.0,0.0,25,0.0,20,0.0,0.0,2.5000000000035527,N,,N,
05:07,SAFARI,13035,1508.4,1.47,2.93,,105.8,0.0,NORMAL,N,14.66433472353033,0.0,30.0,0.0,15,0.0,0.0,0.0,25,0.0,20,0.0,1.1764705882355302,0.0,N,,N,
05:07,MPHASIS,4503,2511.0,1.45,2.91,,104.5,6.7,NORMAL,N,14.545454545454547,0.0,30.0,0.0,15,0.0,0.0,0.0,25,0.0,20,0.0,0.0,6.666666666666666,N,,N,
05:07,SWANCORP,27095,309.45,0.45,0.91,,79.7,15.8,NORMAL,N,4.544716766758569,0.0,13.634150300275707,0.0,15,0.0,0.0,1.4821140716784755,25,0.0,20,0.0,0.0,14.285714285715677,N,,N,
05:07,ANANTRAJ,13620,618.45,0.41,0.83,,56.6,29.3,NORMAL,N,4.140282513395142,0.0,12.420847540185427,0.0,15,0.0,0.0,0.0,25,0.0,0.0,20,0.0,9.33333333333394,N,,N,
05:07,PRINCEPIPE,16045,272.1,0.41,0.81,,56.2,24.0,NORMAL,N,4.0590405904059885,0.0,12.177121771217964,0.0,15,0.0,0.0,0.0,25,0.0,0.0,20,0.0,4.0000000000009095,N,,N,
05:07,XCHANGING,11705,68.18,1.4,2.8,,104.0,0.0,NORMAL,N,13.979773944081083,0.0,30.0,0.0,15,0.0,0.0,0.0,25,0.0,20,0.0,0.0,0.0,N,,N,
05:07,ASHOKLEY,212,178.18,0.38,0.77,,75.3,3.8,NORMAL,N,3.830985915492996,0.0,11.49295774647899,0.0,15,0.0,0.0,0.0,25,0.0,20,0.0,0.0,3.750000000000222,N,,N,
05:07,JYOTHYLAB,15146,207.26,0.38,0.77,,75.3,3.1,NORMAL,N,3.8262217271273893,0.0,11.478665181382167,0.0,15,0.0,0.0,0.0,25,0.0,20,0.0,0.0,3.125000000000777,N,,N,
05:07,ENDURANCE,18822,2944.3,1.37,2.74,,90.6,20.0,NORMAL,N,13.702874849371728,0.0,30.0,0.0,15,0.0,0.0,0.0,25,0.0,0.0,20,6.896551724137715,0.0,N,,N,
05:07,MHRIL,17333,230.49,0.36,0.72,,74.5,20.0,NORMAL,N,3.6140381433423863,0.0,10.84211443002716,0.0,15,0.0,0.0,0.0,25,0.0,0.0,20,20.0,0.0,N,,N,
05:07,VBL,18921,443.45,0.33,0.66,,53.1,20.0,NORMAL,N,3.280542986425314,0.0,9.841628959275942,0.0,15,0.0,0.0,0.0,25,0.0,0.0,20,0.0,0.0,N,,N,
05:07,VSTIND,3724,220.48,0.32,0.65,,72.9,4.8,NORMAL,N,3.2306502252353804,0.0,9.69195067570614,0.0,15,0.0,0.0,0.0,25,0.0,20,0.0,0.0,4.761904761904633,N,,N,
05:07,DCMSHRIRAM,811,1020.0,0.31,0.63,,79.5,0.0,NORMAL,N,3.1471282454760483,0.0,9.441384736428144,0.0,15,0.0,0.0,0.0,25,0.0,20,0.0,6.956521739130177,0.0,N,,N,
05:07,AVANTIFEED,7936,909.3,0.3,0.61,,72.1,10.5,NORMAL,N,3.0334785726104463,0.0,9.100435717831338,0.0,15,0.0,0.0,0.0,25,0.0,20,0.0,0.0,10.526315789474442,N,,N,
05:07,MUTHOOTFIN,23650,2927.5,1.3,2.6,,115.0,0.0,NORMAL,N,12.975778546712801,0.0,30.0,0.0,15,0.0,0.0,0.0,25,0.0,20,0.0,12.0,0.0,N,,N,
05:07,SKFINDIA,3186,1553.7,1.26,2.53,,104.9,15.5,NORMAL,N,12.644202567946355,0.0,30.0,0.0,15,0.0,0.0,2.2836204453823163,25,0.0,20,0.0,0.0,13.199999999999818,N,,N,
05:07,INDIAMART,10726,1776.8,1.24,2.48,,85.8,20.0,NORMAL,N,12.421652421652395,0.0,30.0,0.0,15,0.0,0.0,0.0,25,0.0,0.0,20,3.333333333333965,0.0,N,,N,
05:07,AJANTPHARM,8124,3507.7,1.07,2.15,,107.2,0.0,NORMAL,N,10.748040571691947,0.0,30.0,0.0,15,0.0,0.0,0.0,25,0.0,20,0.0,6.451612903225996,0.0,N,,N,
05:07,GODREJPROP,17875,2092.2,1.07,2.14,,111.3,0.0,NORMAL,N,10.724637681159333,0.0,30.0,0.0,15,0.0,0.0,0.0,25,0.0,20,0.0,10.625000000000133,0.0,N,,N,
05:07,LAURUSLABS,19234,1863.8,1.06,2.11,,119.3,0.0,NORMAL,N,10.57311717182671,0.0,30.0,0.0,15,0.0,0.0,0.0,25,0.0,20,0.0,18.750000000001066,0.0,N,,N,
05:07,GEOJITFSL,11896,77.8,1.01,2.03,,100.1,0.0,NORMAL,N,10.127239678005727,0.0,30.0,0.0,15,0.0,0.0,0.0,25,0.0,20,0.0,0.0,0.0,N,,N,
05:07,WOCKPHARMA,7506,2040.0,0.94,1.88,,97.6,5.5,NORMAL,N,9.401286491835725,0.0,28.203859475507176,0.0,15,0.0,0.0,0.0,25,0.0,20,0.0,0.0,5.51724137931029,N,,N,
05:07,AETHER,9810,1606.0,0.9,1.81,,103.2,0.0,NORMAL,N,9.04749937170149,0.0,27.14249811510447,0.0,15,0.0,0.0,0.0,25,0.0,20,0.0,6.999999999998181,0.0,N,,N,
05:07,PIDILITIND,2664,1675.0,0.9,1.81,,103.9,0.0,NORMAL,N,9.036144578313252,0.0,27.108433734939755,0.0,15,0.0,0.0,0.0,25,0.0,20,0.0,7.755102040816554,0.0,N,,N,
05:07,GABRIEL,1085,1513.1,0.89,1.77,,115.5,0.0,NORMAL,N,8.86784904653951,0.0,26.603547139618527,0.0,15,0.0,0.0,0.0,25,0.0,20,0.0,20.0,0.0,N,,N,
05:07,UNITDSPR,10447,1525.3,0.85,1.71,,94.1,20.0,NORMAL,N,8.52948955302821,0.0,25.58846865908463,0.0,15,0.0,0.0,0.0,25,0.0,20,0.0,0.0,20.0,N,,N,
05:07,MAHABANK,11377,78.91,0.8,1.61,,92.2,19.3,NORMAL,N,8.048032703116958,0.0,24.14409810935087,0.0,15,0.0,0.0,0.0,25,0.0,20,0.0,0.0,19.333333333333933,N,,N,
05:07,PNBGILTS,8736,81.33,0.78,1.56,,111.2,0.0,NORMAL,N,7.80669144981407,0.0,23.42007434944221,0.0,15,0.0,0.0,0.0,25,0.0,20,0.0,20.0,0.0,N,,N,
05:07,SUPREMEINF,15002,92.0,0.7,1.4,,88.0,20.0,NORMAL,N,7.005253940455347,0.0,21.01576182136604,0.0,15,0.0,0.0,0.0,25,0.0,20,0.0,0.0,20.0,N,,N,
05:07,LLOYDSENGG,17801,97.55,0.69,1.38,,67.7,32.2,NORMAL,N,6.915772089182512,0.0,20.747316267547536,0.0,15,0.0,0.0,0.0,25,0.0,0.0,20,0.0,12.1739130434781,N,,N,
05:07,TIINDIA,312,2789.2,0.62,1.24,,95.0,0.0,NORMAL,N,6.20490620490614,0.0,18.61471861471842,0.0,15,0.0,0.0,0.0,25,0.0,20,0.0,10.212765957445654,0.0,N,,N,
05:07,POLICYBZR,6656,1614.0,0.59,1.18,,98.0,2.5,NORMAL,N,5.920847616079775,0.0,17.762542848239324,0.0,15,0.0,0.0,2.5380849967707255,25,0.0,20,0.0,11.764705882352626,0.0,N,,N,
05:07,NFL,13925,72.33,0.58,1.17,,83.4,18.7,NORMAL,N,5.840634125990846,0.0,17.521902377972538,0.0,15,0.0,0.0,0.0,25,0.0,20,0.0,0.0,18.666666666666035,N,,N,
05:07,DALBHARAT,8075,1838.0,0.58,1.16,,99.6,0.0,NORMAL,N,5.800591003611638,0.0,17.401773010834916,0.0,15,0.0,0.0,0.0,25,0.0,20,0.0,16.363636363639372,0.0,N,,N,
05:07,TCS,11536,2466.9,0.58,1.16,,83.2,3.5,NORMAL,N,5.789538060097146,0.0,17.36861418029144,0.0,15,0.0,0.0,0.0,25,0.0,20,0.0,0.0,3.529411764705253,N,,N,
05:07,MCX,31181,2653.0,0.57,1.14,,82.7,11.9,NORMAL,N,5.686125852918879,0.0,17.058377558756636,0.0,15,0.0,0.0,0.0,25,0.0,20,0.0,0.0,11.875000000001243,N,,N,
05:07,NTPCGREEN,27176,92.0,0.55,1.09,,81.9,13.3,NORMAL,N,5.464480874316941,0.0,16.393442622950822,0.0,15,0.0,0.0,0.0,25,0.0,20,0.0,0.0,13.333333333334911,N,,N,
05:07,AUROPHARMA,275,1666.2,0.49,0.99,,87.9,0.0,NORMAL,N,4.945717732207506,0.0,14.83715319662252,0.0,15,0.0,0.0,0.0,25,0.0,20,0.0,8.148148148147337,0.0,N,,N,
05:07,ESCORTS,958,3096.1,0.49,0.98,,80.2,0.0,NORMAL,N,4.901006166828922,0.0,14.703018500486767,0.0,15,0.0,0.0,0.0,25,0.0,20,0.0,0.5882352941170963,0.0,N,,N,
05:07,TATACOMM,3721,1762.7,0.43,0.85,,77.1,20.0,NORMAL,N,4.273017319963537,0.0,12.819051959890611,0.0,15,0.0,0.0,0.0,25,0.0,20,0.0,0.0,20.0,N,,N,
05:07,WELCORP,11821,1847.2,0.4,0.8,,76.1,12.1,NORMAL,N,4.0221763235134755,0.0,12.066528970540427,0.0,15,0.0,0.0,0.0,25,0.0,20,0.0,0.0,12.105263157894644,N,,N,
05:07,PHOENIXLTD,14552,1903.0,0.4,0.79,,80.6,0.0,NORMAL,N,3.956739646531258,0.0,11.870218939593775,0.0,15,0.0,0.0,0.0,25,0.0,20,0.0,4.800000000001091,0.0,N,,N,
05:07,TPLPLASTEH,9219,77.8,0.37,0.75,,75.0,20.0,NORMAL,N,3.7414527157785065,0.0,11.22435814733552,0.0,15,0.0,0.0,0.0,25,0.0,20,0.0,0.0,20.0,N,,N,
05:07,PTC,11355,178.9,-12.0,24.0,,89.2,45.0,NORMAL,Y,0.0,30.0,30.0,0.0,0.0,15,0.0,0.0,25,0.0,20,0.0,14.166666666667457,0.0,N,,N,
05:07,JAMNAAUTO,20778,128.59,-11.13,22.27,,75.0,59.7,NORMAL,Y,0.0,30.0,30.0,0.0,0.0,15,0.0,0.0,25,0.0,20,0.0,0.0,14.666666666666035,N,,N,
05:07,WINDMACHIN,24969,283.0,-6.77,13.54,,64.0,65.0,NORMAL,Y,0.0,30.0,30.0,0.0,0.0,15,0.0,0.0,25,0.0,0.0,20,8.9655172413795,0.0,N,,N,
05:07,RGL,15129,117.16,-4.9,9.81,,63.3,65.0,NORMAL,Y,0.0,30.0,30.0,0.0,0.0,15,0.0,0.0,25,0.0,0.0,20,8.333333333333412,0.0,N,,N,
05:07,OMNI,760865,551.3,-4.68,9.35,,65.5,65.0,NORMAL,Y,0.0,30.0,30.0,0.0,0.0,15,0.0,0.0,25,0.0,0.0,20,10.485436893204106,0.0,N,,N,
05:07,NLCINDIA,8585,290.3,-4.63,9.26,,87.2,45.0,NORMAL,Y,0.0,30.0,30.0,0.0,0.0,15,0.0,0.0,25,0.0,20,0.0,12.222222222222012,0.0,N,,N,
05:07,PFC,14299,401.4,-4.43,8.86,,55.0,71.0,NORMAL,Y,0.0,30.0,30.0,0.0,0.0,15,0.0,0.0,25,0.0,0.0,20,0.0,5.999999999999849,N,,N,
05:07,ZYDUSWELL,17635,517.55,-3.05,6.11,,55.0,81.4,NORMAL,N,0.0,30.0,30.0,0.0,0.0,15,0.0,0.0,25,0.0,0.0,20,0.0,16.363636363635614,N,,N,
05:07,YATRA,18760,103.8,-3.02,6.04,,75.0,47.6,NORMAL,N,0.0,30.0,30.0,0.0,0.0,15,0.0,0.0,25,0.0,20,0.0,0.0,2.631578947368303,N,,N,
05:07,RECLTD,15355,356.1,-2.97,5.94,,57.0,64.7,NORMAL,N,0.0,29.70027247956397,30.0,0.0,0.0,15,0.0,0.0,25,0.0,0.0,20,2.0000000000004547,0.0,N,,N,
05:08,GODREJCP,10099,1022.0,-2.67,5.33,,57.7,61.7,NORMAL,N,0.0,26.666666666666668,30.0,0.0,0.0,15,0.0,0.0,25,0.0,0.0,20,2.6666666666672727,0.0,N,,N,
05:08,CHEMPLASTS,5449,178.82,-2.61,5.22,,55.0,77.2,NORMAL,N,0.0,26.08790370894842,30.0,0.0,0.0,15,0.0,0.0,25,0.0,0.0,20,0.0,16.1290322580644,N,,N,
05:08,SIS,21501,425.3,-2.22,4.44,,55.0,57.2,NORMAL,N,0.0,22.186458213587716,30.0,0.0,0.0,15,0.0,0.0,25,0.0,0.0,20,0.0,0.0,N,,N,
05:08,CHALET,8546,841.7,-2.09,4.19,,87.9,35.9,NORMAL,N,0.0,20.937536349889495,30.0,0.0,0.0,15,0.0,0.0,25,0.0,20,0.0,12.941176470588236,0.0,N,,N,
05:08,POWERMECH,10473,2489.7,-4.85,9.71,,55.0,65.9,NORMAL,Y,0.0,30.0,30.0,0.0,0.0,15,0.0,0.0,25,0.0,0.0,20,0.0,0.8888888888880804,N,,N,
05:08,LUPIN,10440,2287.0,-3.24,6.47,,61.8,65.0,NORMAL,N,0.0,30.0,30.0,0.0,0.0,15,0.0,0.0,25,0.0,0.0,20,6.829268292681304,0.0,N,,N,
05:08,PSPPROJECT,20877,944.15,-1.95,3.9,,94.9,34.5,NORMAL,N,0.0,19.523339737265765,30.0,0.0,0.0,15,0.0,0.0,25,0.0,20,0.0,19.869281045751457,0.0,N,,N,
05:08,MRPL,2283,163.76,-1.95,3.89,,63.8,54.5,NORMAL,N,0.0,19.459912580085025,30.0,0.0,0.0,15,0.0,0.0,25,0.0,0.0,20,8.799999999998818,0.0,N,,N,
05:08,GPIL,13409,235.95,-1.94,3.87,,76.8,34.4,NORMAL,N,0.0,19.36744108723671,30.0,0.0,0.0,15,0.0,0.0,25,0.0,20,0.0,1.7647058823529904,0.0,N,,N,
05:08,VERANDA,8890,253.05,-1.9,3.8,,55.0,54.0,NORMAL,N,0.0,18.99592944369055,30.0,0.0,0.0,15,0.0,0.0,25,0.0,0.0,20,0.0,0.0,N,,N,
05:08,TREJHARA,7518,174.3,-1.89,3.78,,56.7,53.9,NORMAL,N,0.0,18.91252955082734,30.0,0.0,0.0,15,0.0,0.0,25,0.0,0.0,20,1.6600790513834611,0.0,N,,N,
05:08,AEGISLOG,40,1345.2,-1.88,3.76,,89.1,33.8,NORMAL,N,0.0,18.818380743982463,30.0,0.0,0.0,15,0.0,0.0,25,0.0,20,0.0,14.117647058823685,0.0,N,,N,
05:08,INOXWIND,7852,75.77,-2.86,5.72,,75.0,52.8,NORMAL,N,0.0,28.589743589743637,30.0,0.0,0.0,15,0.0,0.0,25,0.0,20,0.0,0.0,9.166666666666272,N,,N,
05:08,WIPL,20481,165.0,-1.81,3.63,,62.1,40.3,NORMAL,N,0.0,18.14936030943178,30.0,0.0,0.0,15,0.0,7.1428571428571415,25,0.0,0.0,0.0,0.0,0.0,N,,N,
05:08,YUKEN,5501,786.3,-1.72,3.44,,55.0,122.2,NORMAL,N,0.0,17.186425848384474,30.0,0.0,0.0,15,0.0,25.0,0.0,25,0.0,20,0.0,20.0,N,,N,
05:08,TRENT,1964,3023.5,-2.69,5.38,,78.8,41.9,NORMAL,N,0.0,26.906118245309102,30.0,0.0,0.0,15,0.0,0.0,25,0.0,20,0.0,3.846153846153308,0.0,N,,N,
05:08,KIRLOSENG,20936,2103.6,-2.69,5.38,,75.0,50.2,NORMAL,N,0.0,26.87699495767216,30.0,0.0,0.0,15,0.0,0.0,25,0.0,20,0.0,0.0,8.285714285713246,N,,N,
05:08,DEVYANI,5373,132.48,-1.67,3.34,,72.5,51.7,NORMAL,N,0.0,16.700066800267205,30.0,0.0,0.0,15,0.0,0.0,25,0.0,0.0,20,17.464788732394297,0.0,N,,N,
05:08,HIKAL,9668,223.6,-1.56,3.12,,75.0,50.6,NORMAL,N,0.0,15.585101699392412,30.0,0.0,0.0,15,0.0,0.0,25,0.0,0.0,20,20.0,0.0,N,,N,
05:08,J&KBANK,5633,156.76,-1.56,3.11,,75.0,38.4,NORMAL,N,0.0,15.573976387842364,30.0,0.0,0.0,15,0.0,0.0,25,0.0,20,0.0,0.0,7.777777777776725,N,,N,
05:08,BANKINDIA,4745,142.81,-1.51,3.02,,55.0,50.1,NORMAL,N,0.0,15.103448275862055,30.0,0.0,0.0,15,0.0,0.0,25,0.0,0.0,20,0.0,0.0,N,,N,
05:08,FDC,4898,364.5,-1.43,2.87,,55.0,51.8,NORMAL,N,0.0,14.332071389940538,30.0,0.0,0.0,15,0.0,0.0,25,0.0,0.0,20,0.0,2.5000000000007105,N,,N,
05:08,SYNGENE,10243,397.95,-1.42,2.85,,50.0,59.0,NORMAL,N,0.0,14.243249938072827,30.0,0.0,0.0,15,0.0,0.0,0.0,25,20,0.0,0.0,4.76190476190471,N,,N,
05:08,SHARDAMOTR,10530,928.0,-1.41,2.83,,74.9,49.1,NORMAL,N,0.0,14.129395516838365,30.0,0.0,0.0,15,0.0,0.0,25,0.0,0.0,20,19.928315412186446,0.0,N,,N,
05:08,BAJAJELEC,15034,365.95,-1.4,2.8,,55.0,65.0,NORMAL,N,0.0,14.010507880910655,30.0,0.0,0.0,15,0.0,0.0,25,0.0,0.0,20,0.0,15.99999999999909,N,,N,
05:08,SAMHI,18614,172.22,-1.39,2.78,,75.0,31.1,NORMAL,N,0.0,13.913541368451225,30.0,0.0,0.0,15,0.0,0.0,25,0.0,20,0.0,0.0,2.222222222220117,N,,N,
05:08,SCI,3048,300.6,-1.36,2.72,,64.1,48.6,NORMAL,N,0.0,13.617719442165635,30.0,0.0,0.0,15,0.0,0.0,25,0.0,0.0,20,9.090909090909843,0.0,N,,N,
05:08,BHARTIHEXA,23489,1503.0,-2.33,4.65,,55.0,73.6,NORMAL,N,0.0,23.264881726020246,30.0,0.0,0.0,15,0.0,0.0,25,0.0,0.0,20,0.0,15.368421052631483,N,,N,
05:08,PARAS,5911,1260.6,-1.29,2.58,,75.0,47.9,NORMAL,N,0.0,12.919896640826874,30.0,0.0,0.0,15,0.0,0.0,25,0.0,20,0.0,0.0,20.0,N,,N,
05:08,TTKPRESTIG,3546,608.35,-1.23,2.47,,61.7,47.3,NORMAL,N,0.0,12.338663852585471,30.0,0.0,0.0,15,0.0,0.0,25,0.0,0.0,20,6.666666666667509,0.0,N,,N,
05:08,MSTCLTD,9356,584.0,-1.23,2.45,,55.0,54.5,NORMAL,N,0.0,12.262156448202962,30.0,0.0,0.0,15,0.0,0.0,25,0.0,0.0,20,0.0,7.2727272727267085,N,,N,
05:08,SAPPHIRE,6718,221.48,-1.22,2.44,,91.6,27.2,NORMAL,N,0.0,12.22014093301226,30.0,0.0,0.0,15,0.0,0.0,25,0.0,20,0.0,16.642335766423106,0.0,N,,N,
05:08,VAIBHAVGBL,11364,240.15,-1.15,2.31,,78.1,26.5,NORMAL,N,0.0,11.525005145091514,30.0,0.0,0.0,15,0.0,0.0,25,0.0,20,0.0,3.076923076922875,0.0,N,,N,
05:08,ICICIPRULI,18652,495.5,-1.11,2.22,,75.0,36.1,NORMAL,N,0.0,11.076738848418344,30.0,0.0,0.0,15,0.0,0.0,25,0.0,20,0.0,0.0,9.999999999999188,N,,N,
05:08,IPCALAB,1633,1699.3,-2.1,4.21,,43.8,81.0,NORMAL,N,0.0,21.02776817605715,30.0,0.0,0.0,15,0.0,0.0,0.0,25,0.0,20,13.846153846152768,0.0,N,,N,
05:08,UBL,16713,1384.9,-1.1,2.2,,62.5,46.0,NORMAL,N,0.0,10.997643362136587,30.0,0.0,0.0,15,0.0,0.0,25,0.0,0.0,20,7.4999999999992895,0.0,N,,N,
05:08,HDFCLIFE,467,534.15,-1.08,2.17,,89.5,25.8,NORMAL,N,0.0,10.833333333333375,30.0,0.0,0.0,15,0.0,0.0,25,0.0,20,0.0,14.545454545454922,0.0,N,,N,
05:08,KFINTECH,13359,926.0,-1.07,2.14,,86.7,25.7,NORMAL,N,0.0,10.683760683760683,30.0,0.0,0.0,15,0.0,0.0,25,0.0,20,0.0,11.666666666666456,0.0,N,,N,
05:08,FINPIPE,1041,162.69,-1.06,2.12,,87.7,25.6,NORMAL,N,0.0,10.582010582010636,30.0,0.0,0.0,15,0.0,0.0,25,0.0,20,0.0,12.727272727273197,0.0,N,,N,
05:08,WSTCSTPAPR,3799,592.8,-1.05,2.1,,75.0,31.1,NORMAL,N,0.0,10.51577366049085,30.0,0.0,0.0,15,0.0,0.0,25,0.0,20,0.0,0.0,5.599999999998545,N,,N,
05:08,SPARC,14788,211.0,-1.04,2.07,,75.0,36.7,NORMAL,N,0.0,10.365367478073297,30.0,0.0,0.0,15,0.0,0.0,25,0.0,20,0.0,0.0,11.304347826087064,N,,N,
05:08,EIDPARRY,916,796.8,-1.03,2.06,,75.0,43.7,NORMAL,N,0.0,10.309278350515548,30.0,0.0,0.0,15,0.0,0.0,25,0.0,20,0.0,0.0,18.431372549019294,N,,N,
05:08,MFSL,2142,1482.0,-1.03,2.06,,55.0,48.1,NORMAL,N,0.0,10.284493121410506,30.0,0.0,0.0,15,0.0,0.0,25,0.0,0.0,20,0.0,2.857142857140073,N,,N,
05:08,CAMPUS,9362,222.16,-0.98,1.97,,60.1,44.8,NORMAL,N,0.0,9.849801666889547,29.549405000668646,0.0,0.0,15,0.0,0.0,25,0.0,0.0,20,5.531914893616841,0.0,N,,N,
05:08,INDOCO,11677,219.56,-0.98,1.96,,60.3,44.8,NORMAL,N,0.0,9.786677490641715,29.360032471925145,0.0,0.0,15,0.0,0.0,25,0.0,0.0,20,5.934065934066181,0.0,N,,N,
05:08,VOLTAS,3718,1272.5,-0.97,1.95,,54.2,45.4,NORMAL,N,0.0,9.72762645914397,29.182879377431906,0.0,0.0,15,0.0,0.0,25,0.0,0.0,20,0.0,0.6666666666660603,N,,N,
05:08,SONACOMS,4684,810.1,-0.97,1.94,,47.5,69.7,NORMAL,N,0.0,9.718232381883666,29.154697145650996,0.0,0.0,15,0.0,0.0,0.0,25,0.0,20,18.333333333332963,0.0,N,,N,
05:08,BPCL,526,317.9,-0.97,1.93,,78.0,24.7,NORMAL,N,0.0,9.657320872274212,28.97196261682264,0.0,0.0,15,0.0,0.0,25,0.0,20,0.0,4.0000000000009095,0.0,N,,N,
05:08,PATANJALI,17029,354.1,-0.95,1.9,,53.5,56.5,NORMAL,N,0.0,9.510489510489446,28.531468531468338,0.0,0.0,15,0.0,0.0,25,0.0,0.0,20,0.0,11.999999999998181,N,,N,
05:08,RITES,3761,232.04,-0.94,1.88,,75.5,24.4,NORMAL,N,0.0,9.392076502732314,28.17622950819694,0.0,0.0,15,0.0,0.0,25,0.0,20,0.0,2.3076923076902895,0.0,N,,N,
05:08,HAVELLS,9819,1276.0,-0.93,1.86,,53.0,54.3,NORMAL,N,0.0,9.316770186335402,27.950310559006212,0.0,0.0,15,0.0,0.0,25,0.0,0.0,20,0.0,10.0,N,,N,
05:08,IOC,1624,142.09,-0.9,1.8,,72.0,24.0,NORMAL,N,0.0,8.997070721160497,26.991212163481492,0.0,0.0,15,0.0,0.0,25,0.0,20,0.0,0.0,0.0,N,,N,
05:08,WHIRLPOOL,18011,805.85,-0.9,1.8,,55.1,44.9,NORMAL,N,0.0,8.977433437865038,26.932300313595114,0.0,0.0,15,0.0,0.965503660192542,25,0.0,0.0,20,2.2222222222227836,0.0,N,,N,
05:08,HDBFS,757772,659.75,-0.89,1.77,,63.6,43.9,NORMAL,N,0.0,8.863516863216372,26.590550589649116,0.0,0.0,15,0.0,0.0,25,0.0,0.0,20,11.999999999998181,0.0,N,,N,
05:08,PETRONET,11351,278.15,-0.87,1.75,,87.2,23.7,NORMAL,N,0.0,8.731290092658751,26.19387027797625,0.0,0.0,15,0.0,0.0,25,0.0,20,0.0,15.99999999999909,0.0,N,,N,
05:08,VISHNU,6908,581.5,-0.87,1.74,,65.4,43.7,NORMAL,N,0.0,8.694169792021858,26.08250937606558,0.0,0.0,15,0.0,0.0,25,0.0,0.0,20,14.285714285715677,0.0,N,,N,
05:08,NITTAGELA,762824,1691.2,-1.84,3.68,,30.0,87.4,NORMAL,N,0.0,18.399210633234688,30.0,0.0,0.0,15,0.0,0.0,0.0,25,0.0,20,0.0,9.000000000000151,N,,N,
05:08,SUPREMEIND,3363,3413.1,-1.84,3.68,,69.7,53.4,NORMAL,N,0.0,18.377911993097527,30.0,0.0,0.0,15,0.0,0.0,25,0.0,0.0,20,14.666666666665453,0.0,N,,N,
05:08,SBICARD,17971,653.5,-0.83,1.67,,55.0,43.3,NORMAL,N,0.0,8.34597875569044,25.03793626707132,0.0,0.0,15,0.0,0.0,25,0.0,0.0,20,4.999999999999052,0.0,N,,N,
05:08,MARKSANS,10579,271.6,-0.82,1.64,,49.6,47.2,NORMAL,N,0.0,8.216176739090741,24.648530217272228,0.0,0.0,15,0.0,0.0,25,0.0,0.0,20,0.0,3.999999999996362,N,,N,
05:08,SBIN,3045,1088.4,-0.8,1.6,,56.8,43.0,NORMAL,N,0.0,8.02041560335395,24.06124681006185,0.0,0.0,15,0.0,0.0,25,0.0,0.0,20,7.777777777778479,0.0,N,,N,
05:08,SHARDACROP,4992,807.55,-0.8,1.6,,58.4,43.0,NORMAL,N,0.0,7.984767520422579,23.954302561267735,0.0,0.0,15,0.0,0.0,25,0.0,0.0,20,9.411764705881566,0.0,N,,N,
05:08,GUJGASLTD,10599,263.2,-0.79,1.58,,56.7,42.9,NORMAL,N,0.0,7.9155672823219865,23.74670184696596,0.0,0.0,15,0.0,0.0,25,0.0,0.0,20,8.000000000001819,0.0,N,,N,
05:08,ELGIEQUIP,937,583.8,-0.79,1.58,,81.0,22.9,NORMAL,N,0.0,7.902115727759523,23.706347183278567,0.0,0.0,15,0.0,0.0,25,0.0,20,0.0,12.307692307692486,0.0,N,,N,
05:08,RVNL,9552,231.54,-0.79,1.58,,74.4,22.9,NORMAL,N,0.0,7.884137458222655,23.652412374667968,0.0,0.0,15,0.0,0.0,25,0.0,20,0.0,5.714285714285134,0.0,N,,N,
05:08,ROSSARI,19410,509.95,-0.78,1.56,,88.3,22.8,NORMAL,N,0.0,7.782858254694146,23.34857476408244,0.0,0.0,15,0.0,0.0,25,0.0,20,0.0,20.0,0.0,N,,N,
05:08,GOCLCORP,3963,434.85,-0.78,1.55,,68.3,38.5,NORMAL,N,0.0,7.758128921848209,23.274386765544627,0.0,0.0,15,0.0,0.0,25,0.0,20,0.0,0.0,15.714285714286294,N,,N,
05:08,RAMKY,20134,403.7,-0.77,1.55,,48.2,62.7,NORMAL,N,0.0,7.742411208062022,23.227233624186066,0.0,0.0,15,0.0,0.0,25,0.0,0.0,20,0.0,20.0,N,,N,
05:08,APTUS,5435,258.7,-0.75,1.5,,67.4,42.5,NORMAL,N,0.0,7.481296758104695,22.443890274314086,0.0,0.0,15,0.0,0.0,25,0.0,20,0.0,0.0,20.0,N,,N,
05:08,TCIEXP,19223,550.55,-0.73,1.46,,86.9,22.3,NORMAL,N,0.0,7.302560403894822,21.907681211684466,0.0,0.0,15,0.0,0.0,25,0.0,20,0.0,20.0,0.0,N,,N,
05:08,EMSLIMITED,18593,401.45,-0.73,1.46,,68.7,22.3,NORMAL,N,0.0,7.29475766567752,21.884272997032557,0.0,0.0,15,0.0,0.0,25,0.0,20,0.0,1.818181818182194,0.0,N,,N,
05:08,BDL,2144,1284.6,-0.73,1.45,,46.8,58.4,NORMAL,N,0.0,7.264296754250457,21.79289026275137,0.0,0.0,15,0.0,0.0,25,0.0,0.0,20,0.0,16.15384615384602,N,,N,
05:08,GMRAIRPORT,13528,106.44,-0.71,1.42,,48.8,42.1,NORMAL,N,0.0,7.089552238806017,21.26865671641805,0.0,0.0,15,0.0,0.0,25,0.0,0.0,20,2.5000000000013323,0.0,Y,NONRESULTS,N,
05:08,MARICO,4067,855.95,-0.7,1.4,,57.6,42.0,NORMAL,N,0.0,7.01856148491874,21.05568445475622,0.0,0.0,15,0.0,0.0,25,0.0,0.0,20,11.578947368419541,0.0,N,,N,
05:08,EXIDEIND,676,486.7,-0.67,1.35,,50.2,41.7,NORMAL,N,0.0,6.734693877551043,20.20408163265313,0.0,0.0,15,0.0,0.0,25,0.0,0.0,20,4.999999999999645,0.0,N,,N,
05:08,SANDHAR,2397,662.2,-0.67,1.34,,56.3,41.7,NORMAL,N,0.0,6.675166879171878,20.025500637515634,0.0,0.0,15,0.0,0.0,25,0.0,0.0,20,11.249999999997335,0.0,N,,N,
05:08,LOTUSEYE,16807,118.03,-0.66,1.33,,39.9,46.6,NORMAL,N,0.0,6.648712337990171,19.94613701397051,0.0,0.0,15,0.0,0.0,0.0,25,20,0.0,0.0,0.0,N,,N,
05:08,WESTLIFE,11580,590.9,-0.66,1.33,,84.9,21.6,NORMAL,N,0.0,6.640329494830706,19.920988484492117,0.0,0.0,15,0.0,0.0,25,0.0,20,0.0,20.0,0.0,N,,N,
05:08,NYKAA,6545,329.8,-0.66,1.33,,64.9,41.6,NORMAL,N,0.0,6.626506024096352,19.879518072289056,0.0,0.0,15,0.0,0.0,25,0.0,0.0,20,20.0,0.0,N,,N,
05:08,HINDALCO,1363,1052.6,-0.66,1.32,,44.8,47.9,NORMAL,N,0.0,6.606266515666289,19.818799546998868,0.0,0.0,15,0.0,0.0,25,0.0,0.0,20,0.0,6.249999999999467,N,,N,
05:08,ABMKNO,762528,185.0,-0.65,1.3,,44.8,51.8,NORMAL,N,0.0,6.498039847484066,19.4941195424522,0.0,0.0,15,0.0,5.326218211698478,0.0,25,20,0.0,0.0,0.0,N,,N,
05:08,GODREJIND,10925,1303.1,-0.64,1.28,,64.2,39.0,NORMAL,N,0.0,6.404879908501785,19.214639725505354,0.0,0.0,15,0.0,0.0,25,0.0,20,0.0,0.0,17.619047619047645,N,,N,
05:08,ITC,1660,284.3,-0.63,1.26,,48.9,41.3,NORMAL,N,0.0,6.291506466270575,18.874519398811724,0.0,0.0,15,0.0,0.0,25,0.0,0.0,20,5.0,0.0,N,,N,
05:08,ROUTE,128,525.0,-0.62,1.25,,72.2,21.2,NORMAL,N,0.0,6.246450880181629,18.73935264054489,0.0,0.0,15,0.0,0.0,25,0.0,20,0.0,8.461538461538058,0.0,N,,N,
05:08,GARFIBRES,1100,806.8,-0.62,1.24,,63.7,34.6,NORMAL,N,0.0,6.220360904107986,18.661082712323957,0.0,0.0,15,0.0,0.0,25,0.0,20,0.0,0.0,13.333333333333332,N,,N,
05:08,PUNJABCHEM,4344,1104.4,-0.6,1.21,,23.9,91.8,NORMAL,N,0.0,6.030060300602843,18.09018090180853,0.0,0.0,15,0.0,5.76387764781782,0.0,25,0.0,20,0.0,20.0,N,,N,
05:08,PVRINOX,13147,1149.1,-0.6,1.19,,61.8,41.0,NORMAL,N,0.0,5.968858131487967,17.906574394463902,0.0,0.0,15,0.0,0.0,25,0.0,0.0,20,18.91891891891985,0.0,N,,N,
05:08,GAIL,4717,172.6,-0.59,1.19,,70.3,20.9,NORMAL,N,0.0,5.93215458158153,17.796463744744592,0.0,0.0,15,0.0,0.0,25,0.0,20,0.0,7.499999999999112,0.0,N,,N,
05:08,MATRIMONY,21726,477.95,-0.59,1.19,,62.8,40.9,NORMAL,N,0.0,5.927620632279582,17.782861896838742,0.0,0.0,15,0.0,0.0,25,0.0,20,0.0,0.0,20.0,N,,N,
05:08,CGPOWER,760,873.8,-0.59,1.18,,67.7,20.9,NORMAL,N,0.0,5.915813424345899,17.747440273037697,0.0,0.0,15,0.0,0.0,25,0.0,20,0.0,5.0,0.0,N,,N,
05:08,ANGELONE,324,290.3,-0.58,1.16,,62.5,29.7,NORMAL,N,0.0,5.82191780821914,17.465753424657418,0.0,0.0,15,0.0,0.0,25,0.0,20,0.0,0.0,8.888888888888609,N,,N,
05:08,SYMPHONY,24190,650.3,-0.57,1.15,,42.2,44.9,NORMAL,N,0.0,5.733506612644294,17.20051983793288,0.0,0.0,15,0.0,0.0,25,0.0,0.0,20,0.0,4.210526315790229,N,,N,
05:08,POWERGRID,14977,270.05,-0.57,1.14,,72.1,20.7,NORMAL,N,0.0,5.706921944035386,17.120765832106162,0.0,0.0,15,0.0,0.0,25,0.0,20,0.0,10.0,0.0,N,,N,
05:08,RELIANCE,2885,1327.2,-0.57,1.14,,62.1,22.4,NORMAL,N,0.0,5.693736889421568,17.081210668264703,0.0,0.0,15,0.0,0.0,25,0.0,20,0.0,0.0,1.6666666666650876,N,,N,
05:08,TATACAP,759265,368.2,-0.57,1.13,,62.0,20.7,NORMAL,N,0.0,5.671077504725959,17.013232514177876,0.0,0.0,15,0.0,0.0,25,0.0,20,0.0,0.0,0.0,N,,N,
05:08,COALINDIA,20374,412.9,-0.57,1.13,,47.0,40.7,NORMAL,N,0.0,5.659241420830879,16.97772426249264,0.0,0.0,15,0.0,0.0,25,0.0,0.0,20,5.0,0.0,N,,N,
05:08,PNB,10666,114.2,-0.53,1.06,,40.9,55.0,NORMAL,N,0.0,5.3131260343175635,15.939378102952691,0.0,0.0,15,0.0,0.0,25,0.0,0.0,20,0.0,14.73684210526229,N,,N,
05:08,SBFC,18026,92.82,-1.52,3.03,,55.0,57.9,NORMAL,N,0.0,15.17241379310352,30.0,0.0,0.0,15,0.0,0.0,25,0.0,0.0,20,0.0,7.692307692307524,N,,N,
05:08,GROWW,759806,189.54,-0.5,1.01,,44.9,40.0,NORMAL,N,0.0,5.039370078740198,15.118110236220595,0.0,0.0,15,0.0,0.0,25,0.0,0.0,20,4.800000000000182,0.0,N,,N,
05:08,TIPSMUSIC,9117,642.1,-0.5,1.01,,60.1,34.6,NORMAL,N,0.0,5.0360269621135805,15.108080886340744,0.0,0.0,15,0.0,0.0,25,0.0,20,0.0,0.0,14.59459459459466,N,,N,
05:08,TECHNOE,6445,1060.9,-0.5,1.0,,65.1,20.0,NORMAL,N,0.0,5.01758499413825,15.05275498241475,0.0,0.0,15,0.0,0.0,25,0.0,20,0.0,5.0000000000006315,0.0,N,,N,
05:08,TITAGARH,15414,843.2,-0.5,1.0,,69.7,20.0,NORMAL,N,0.0,5.015045135406219,15.045135406218655,0.0,0.0,15,0.0,0.0,25,0.0,20,0.0,9.62962962962913,0.0,N,,N,
05:08,SURYAROSNI,3375,251.1,-0.5,0.99,,39.9,50.7,NORMAL,N,0.0,4.953437685753913,14.860313057261742,0.0,0.0,15,0.0,0.0,25,0.0,0.0,20,0.0,10.769230769229312,N,,N,
05:08,INDUSINDBK,5258,1017.0,-0.49,0.98,,42.5,39.9,NORMAL,N,0.0,4.892367906066536,14.677103718199607,0.0,0.0,15,0.0,0.0,25,0.0,0.0,20,2.8571428571433213,0.0,N,,N,
05:08,AUBANK,21238,1061.8,-0.49,0.97,,44.1,39.9,NORMAL,N,0.0,4.873477038425534,14.620431115276602,0.0,0.0,15,0.0,0.0,25,0.0,0.0,20,4.444444444441076,0.0,N,,N,
05:08,SOUTHWEST,9678,231.0,-0.46,0.91,,75.5,19.6,NORMAL,N,0.0,4.567784193743007,13.703352581229021,0.0,0.0,15,0.0,0.0,25,0.0,20,0.0,16.756756756756673,0.0,N,,N,
05:08,JAINREC,759244,307.0,-0.45,0.91,,58.6,32.9,NORMAL,N,0.0,4.539559014267112,13.618677042801336,0.0,0.0,15,0.0,0.0,25,0.0,20,0.0,0.0,13.333333333333332,N,,N,
05:08,PREMIERENE,25049,1042.5,-0.45,0.9,,57.4,39.5,NORMAL,N,0.0,4.48815889992365,13.464476699770948,0.0,0.0,15,0.0,0.0,25,0.0,0.0,20,18.888888888887344,0.0,N,,N,
05:08,JUSTDIAL,29962,680.3,-0.44,0.88,,69.2,19.4,NORMAL,N,0.0,4.390458071125421,13.171374213376264,0.0,0.0,15,0.0,0.0,25,0.0,20,0.0,10.99999999999909,0.0,N,,N,
05:08,ADANIGREEN,3563,1366.4,-0.44,0.87,,68.9,19.4,NORMAL,N,0.0,4.371903235208394,13.11570970562518,0.0,0.0,15,0.0,0.0,25,0.0,20,0.0,10.769230769231847,0.0,N,,N,
05:08,ASTRAL,14418,1437.7,-0.44,0.87,,52.1,39.4,NORMAL,N,0.0,4.362880886426561,13.088642659279683,0.0,0.0,15,0.0,0.0,25,0.0,0.0,20,13.999999999999392,0.0,N,,N,
05:08,RBLBANK,18391,388.1,-0.44,0.87,,77.4,20.9,NORMAL,N,0.0,4.361210877372982,13.083632632118947,0.0,0.0,15,0.0,1.55125953456896,25,0.0,20,0.0,17.777777777777217,0.0,N,,N,
05:08,KARURVYSYA,1838,334.1,-0.43,0.86,,38.0,46.0,NORMAL,N,0.0,4.321263597079389,12.963790791238164,0.0,0.0,15,0.0,0.0,25,0.0,0.0,20,0.0,6.666666666666666,N,,N,
05:08,FSL,14304,278.65,-0.43,0.86,,57.9,26.0,NORMAL,N,0.0,4.288011434697321,12.864034304091962,0.0,0.0,15,0.0,0.0,25,0.0,20,0.0,0.0,6.6666666666672985,N,,N,
05:08,POONAWALLA,11403,478.0,-0.43,0.85,,57.8,36.4,NORMAL,N,0.0,4.270388501197815,12.811165503593449,0.0,0.0,15,0.0,0.0,25,0.0,20,0.0,0.0,17.142857142856215,N,,N,
05:08,BHEL,438,403.5,-0.42,0.84,,69.6,19.2,NORMAL,N,0.0,4.195459032576477,12.586377097729432,0.0,0.0,15,0.0,0.0,25,0.0,20,0.0,12.000000000000455,0.0,N,,N,
05:08,THYROCARE,17032,600.75,-0.41,0.83,,64.1,19.1,NORMAL,N,0.0,4.144218814753419,12.432656444260259,0.0,0.0,15,0.0,0.0,25,0.0,20,0.0,6.666666666666666,0.0,N,,N,
05:08,NCC,2319,145.0,-0.41,0.81,,37.2,39.1,NORMAL,N,0.0,4.052476131602469,12.157428394807406,0.0,0.0,15,0.0,0.0,25,0.0,0.0,20,0.0,0.0,N,,N,
05:08,MGL,17534,1135.0,-0.4,0.81,,37.1,56.0,NORMAL,N,0.0,4.036504036503957,12.10951210951187,0.0,0.0,15,0.0,0.0,25,0.0,0.0,20,0.0,16.999999999999698,N,,N,
05:08,ICICIGI,21770,1616.0,-1.4,2.81,,69.2,49.0,NORMAL,N,0.0,14.032946918852957,30.0,0.0,0.0,15,0.0,0.0,25,0.0,0.0,20,14.193548387096648,0.0,N,,N,
05:08,ITDC,19299,699.05,-0.38,0.77,,46.5,38.8,NORMAL,N,0.0,3.8475240470253587,11.542572141076075,0.0,0.0,15,0.0,0.0,25,0.0,0.0,20,10.0,0.0,N,,N,
05:08,SUNTECK,17641,298.0,-0.38,0.77,,36.5,38.8,NORMAL,N,0.0,3.8442253050308457,11.532675915092536,0.0,0.0,15,0.0,0.0,25,0.0,0.0,20,0.0,0.0,N,,N,
05:08,CANBK,10794,131.46,-0.37,0.74,,56.1,27.6,NORMAL,N,0.0,3.71352785145874,11.14058355437622,0.0,0.0,15,0.0,0.0,25,0.0,20,0.0,0.0,8.888888888889943,N,,N,
05:08,NIACL,399,176.46,-0.37,0.73,,56.0,29.4,NORMAL,N,0.0,3.6700355711140284,11.010106713342086,0.0,0.0,15,0.0,0.0,25,0.0,20,0.0,0.0,10.714285714284046,N,,N,
05:08,HOMEFIRST,2056,1189.5,-0.36,0.72,,55.8,29.2,NORMAL,N,0.0,3.601943374099476,10.805830122298428,0.0,0.0,15,0.0,0.0,25,0.0,20,0.0,0.0,10.58823529411576,N,,N,
05:08,SHYAMMETL,4693,1003.4,-0.35,0.7,,35.4,51.6,NORMAL,N,0.0,3.476015493097626,10.428046479292878,0.0,0.0,15,0.0,0.0,25,0.0,0.0,20,0.0,13.076923076923883,N,,N,
05:08,MAITHANALL,24538,970.0,-0.34,0.69,,35.3,48.2,NORMAL,N,0.0,3.4417218883238534,10.325165664971559,0.0,0.0,15,0.0,0.0,25,0.0,0.0,20,0.0,9.77272727272722,N,,N,
05:08,LLOYDSME,17313,2073.0,-1.34,2.68,,55.0,62.2,NORMAL,N,0.0,13.420902341519046,30.0,0.0,0.0,15,0.0,0.0,25,0.0,0.0,20,0.0,13.79310344827543,N,,Y,NONRESULTS
05:08,TATAPOWER,3426,379.25,-0.34,0.68,,10.2,65.2,NORMAL,N,0.0,3.416108264354254,10.248324793062762,0.0,0.0,15,0.0,0.0,0.0,25,0.0,20,0.0,1.818181818180127,N,,N,
05:08,CROMPTON,17094,249.1,-0.34,0.68,,41.2,38.4,NORMAL,N,0.0,3.4006801360271828,10.202040408081547,0.0,0.0,15,0.0,0.0,25,0.0,0.0,20,6.000000000000227,0.0,N,,N,
05:08,GREAVESCOT,1235,198.18,-0.34,0.67,,35.1,49.3,NORMAL,N,0.0,3.3693738999245038,10.10812169977351,0.0,0.0,15,0.0,0.0,25,0.0,0.0,20,0.0,10.967741935484819,N,,N,
05:08,FEDERALBNK,1023,355.05,-0.34,0.67,,35.1,49.8,NORMAL,N,0.0,3.3684210526315472,10.105263157894642,0.0,0.0,15,0.0,0.0,25,0.0,0.0,20,0.0,11.428571428571892,N,,N,
05:08,AWL,8110,196.84,-0.33,0.67,,35.0,45.4,NORMAL,N,0.0,3.341772151898717,10.025316455696151,0.0,0.0,15,0.0,0.0,25,0.0,0.0,20,0.0,7.058823529412551,N,,N,
05:08,UPL,11287,571.1,-0.33,0.66,,54.9,22.5,NORMAL,N,0.0,3.3158813263524904,9.94764397905747,0.0,0.0,15,0.0,0.0,25,0.0,20,0.0,0.0,4.210526315790229,N,,N,
05:08,SURYODAY,2970,161.51,-0.31,0.63,,61.8,18.1,NORMAL,N,0.0,3.1477595358598895,9.443278607579668,0.0,0.0,15,0.0,0.0,25,0.0,20,0.0,7.307692307692077,0.0,N,,N,
05:08,TOKYOPLAST,9710,80.0,-1.23,2.47,,62.1,34.5,NORMAL,N,0.0,12.345679012345677,30.0,0.0,0.0,15,0.0,7.1428571428571415,25,0.0,0.0,0.0,0.0,0.0,N,,N,
05:08,ZFCVINDIA,16915,2607.4,-1.13,2.26,,55.0,61.7,NORMAL,N,0.0,11.299863491581878,30.0,0.0,0.0,15,0.0,0.0,25,0.0,0.0,20,0.0,15.35714285714251,N,,N,
05:08,LGEINDIA,760213,1570.9,-0.98,1.97,,54.5,53.8,NORMAL,N,0.0,9.832965647652008,29.498896942956023,0.0,0.0,15,0.0,0.0,25,0.0,0.0,20,0.0,8.965517241378716,N,,N,
05:08,RAINBOW,9408,1541.6,-0.97,1.94,,58.9,44.7,NORMAL,N,0.0,9.7000064238454,29.100019271536198,0.0,0.0,15,0.0,0.0,25,0.0,0.0,20,4.8484848484860175,0.0,N,,N,
05:08,JAIBALAJI,14076,65.0,-0.93,1.86,,92.9,24.3,NORMAL,N,0.0,9.29736320682822,27.892089620484654,0.0,0.0,15,0.0,0.0,25,0.0,20,0.0,20.0,0.0,N,,N,
05:08,PIIND,24184,2750.0,-0.89,1.77,,51.6,48.1,NORMAL,N,0.0,8.866142867440319,26.598428602320958,0.0,0.0,15,0.0,0.0,25,0.0,0.0,20,0.0,4.210526315790229,N,,N,
05:08,WABAG,20188,1940.6,-0.87,1.75,,87.2,23.7,NORMAL,N,0.0,8.73473974561993,26.204219236859785,0.0,0.0,15,0.0,0.0,25,0.0,20,0.0,16.00000000000104,0.0,N,,N,
05:08,ADANIENT,25,2996.3,-0.78,1.57,,68.5,27.0,NORMAL,N,0.0,7.847682119205237,23.54304635761571,0.0,0.0,15,0.0,0.0,25,0.0,20,0.0,0.0,4.166666666666509,N,,N,
05:08,BHARTIARTL,10604,1944.6,-0.78,1.56,,48.4,53.6,NORMAL,N,0.0,7.806520740854217,23.41956222256265,0.0,0.0,15,0.0,0.0,25,0.0,0.0,20,0.0,10.769230769230052,N,,N,
05:08,ADANIPORTS,15083,1681.0,-0.74,1.48,,67.1,22.4,NORMAL,N,0.0,7.381163271331562,22.143489813994687,0.0,0.0,15,0.0,0.0,25,0.0,20,0.0,0.0,0.0,N,,N,
05:08,ADANIENSOL,10217,1618.9,-0.69,1.37,,45.6,54.5,NORMAL,N,0.0,6.87074412612712,20.612232378381357,0.0,0.0,15,0.0,0.0,25,0.0,0.0,20,0.0,12.592592592593778,N,,N,
05:08,MOREPENLAB,2259,79.7,-0.69,1.37,,65.6,41.9,NORMAL,N,0.0,6.853582554517097,20.560747663551293,0.0,0.0,15,0.0,0.0,25,0.0,0.0,20,20.0,0.0,N,,N,
05:08,BAJAJHFL,25270,85.23,-0.65,1.31,,64.6,32.4,NORMAL,N,0.0,6.527567315537968,19.582701946613902,0.0,0.0,15,0.0,0.0,25,0.0,20,0.0,0.0,10.909090909091379,N,,N,
05:08,HDFCAMC,4244,2529.6,-0.61,1.21,,57.3,41.1,NORMAL,N,0.0,6.051080550098268,18.153241650294802,0.0,0.0,15,0.0,0.0,25,0.0,0.0,20,14.117647058823685,0.0,N,,N,
05:08,JAGRAN,13211,63.1,-0.57,1.13,,54.5,40.7,NORMAL,Y,0.0,5.672864796722335,17.018594390167006,0.0,0.0,15,0.0,0.0,25,0.0,0.0,20,12.499999999999556,0.0,N,,N,
05:08,SRF,3273,2601.0,-0.54,1.07,,41.1,52.7,NORMAL,N,0.0,5.353728489483746,16.06118546845124,0.0,0.0,15,0.0,0.0,25,0.0,0.0,20,0.0,12.380952380952483,N,,N,
05:08,HINDUNILVR,1394,2084.8,-0.53,1.07,,61.0,21.9,NORMAL,N,0.0,5.343511450381593,16.03053435114478,0.0,0.0,15,0.0,0.0,25,0.0,20,0.0,0.0,1.538461538459924,N,,N,
05:08,ZEEL,3812,93.76,-0.46,0.91,,43.3,39.6,NORMAL,N,0.0,4.5652404713875425,13.695721414162628,0.0,0.0,15,0.0,0.0,25,0.0,0.0,20,4.615384615384952,0.0,N,,N,
05:08,TIMKEN,14198,3327.9,-0.45,0.91,,81.9,23.2,NORMAL,N,0.0,4.546678232777906,13.64003469833372,0.0,0.0,15,0.0,3.702479691757414,25,0.0,20,0.0,19.545454545454263,0.0,N,,N,
05:08,WAAREEENER,25907,2707.0,-0.37,0.74,,56.0,33.4,NORMAL,N,0.0,3.6805299963194704,11.04158998895841,0.0,0.0,15,0.0,0.0,25,0.0,20,0.0,0.0,14.73684210526341,N,,N,
05:08,NBCC,31415,94.98,-0.37,0.73,,58.2,18.7,NORMAL,N,0.0,3.6714570439525263,11.01437113185758,0.0,0.0,15,0.0,0.0,25,0.0,20,0.0,2.222222222223275,0.0,N,,N,
05:08,COLPAL,15141,2023.2,-0.33,0.67,,55.0,18.3,NORMAL,N,0.0,3.3497536945812585,10.049261083743776,0.0,0.0,15,0.0,0.0,25,0.0,20,0.0,0.0,0.0,N,,N,
05:08,SBILIFE,21808,1849.9,-0.3,0.6,,49.7,38.0,NORMAL,N,0.0,3.018054432767399,9.054163298302198,0.0,0.0,15,0.0,0.0,25,0.0,0.0,20,15.675675675675976,0.0,N,,N,
05:08,PDSL,5264,384.4,6.23,12.46,,125.2,16.3,NORMAL,Y,30.0,0.0,30.0,0.0,15,0.0,0.0,5.229026029717492,25,0.0,20,0.0,0.0,11.034482758620934,Y,NONRESULTS,N,
05:08,NELCO,2388,993.6,3.62,7.24,,120.0,20.0,NORMAL,N,30.0,0.0,30.0,0.0,15,0.0,0.0,0.0,25,0.0,20,0.0,0.0,20.0,N,,N,
05:08,RAYMOND,2859,633.0,2.94,5.87,,119.4,0.0,NORMAL,N,29.35197983575893,0.0,30.0,0.0,15,0.0,0.0,0.0,25,0.0,20,0.0,0.0,0.0,N,,N,
05:08,VARROC,3857,833.05,2.69,5.39,,129.4,0.0,NORMAL,N,26.935404339250383,0.0,30.0,0.0,15,0.0,0.0,0.0,25,0.0,20,0.0,12.500000000000117,0.0,N,,N,
05:08,OIL,17438,454.2,2.57,5.15,,106.3,20.0,NORMAL,N,25.745257452574478,0.0,30.0,0.0,15,0.0,0.0,0.0,25,0.0,0.0,20,10.588235294117805,0.0,N,,N,
05:21,PDSL,5264,385.85,6.63,13.27,,120.2,0.2,NORMAL,Y,30.0,0.0,30.0,0.0,15,0.0,0.0,0.20513037938659534,25,0.0,20,0.0,0.0,0.0,Y,NONRESULTS,N,
05:21,HISARMETAL,19322,161.6,6.3,12.6,,100.0,20.0,NORMAL,Y,30.0,0.0,30.0,0.0,15,0.0,0.0,0.0,25,0.0,0.0,20,0.0,0.0,Y,NONRESULTS,N,
05:21,TRIVENI,13081,245.18,5.13,10.26,,132.2,0.0,NORMAL,N,30.0,0.0,30.0,0.0,15,0.0,0.0,0.0,25,0.0,20,0.0,12.164948453608332,0.0,N,,N,
05:21,ZENITHEXPO,4176,226.7,4.71,9.41,,75.0,45.0,NORMAL,Y,30.0,0.0,30.0,0.0,15,0.0,0.0,0.0,0.0,25,0.0,20,0.0,0.0,N,,N,
05:21,HCG,15555,706.2,4.49,8.98,,124.2,0.0,NORMAL,Y,30.0,0.0,30.0,0.0,15,0.0,0.0,0.0,25,0.0,20,0.0,4.242424242424284,0.0,N,,N,
05:21,MAHSEAMLES,2088,615.1,4.31,8.61,,120.0,3.7,NORMAL,Y,30.0,0.0,30.0,0.0,15,0.0,0.0,0.0,25,0.0,20,0.0,0.0,3.7209302325579676,N,,N,
05:21,SUPRAJIT,11689,543.45,4.15,8.3,,112.0,20.0,NORMAL,Y,30.0,0.0,30.0,0.0,15,0.0,0.0,0.0,25,0.0,0.0,20,12.000000000000455,0.0,N,,N,
05:21,RAMCOSYS,7851,661.5,3.7,7.4,,149.1,13.6,NORMAL,N,30.0,0.0,30.0,0.0,15,0.0,0.0,13.553960095681749,25,0.0,20,0.0,15.593220338983274,0.0,N,,N,
05:21,MAXESTATES,19646,410.9,3.48,6.95,,121.6,21.6,NORMAL,N,30.0,0.0,30.0,0.0,15,0.0,0.0,1.6214484410797498,25,0.0,20,0.0,0.0,20.0,N,,N,
05:21,RAMCOCEM,2043,966.0,3.45,6.9,,100.0,38.5,NORMAL,Y,30.0,0.0,30.0,0.0,15,0.0,0.0,0.0,25,0.0,0.0,20,0.0,18.461538461539806,N,,N,
05:21,FINCABLES,1038,1059.75,3.43,6.85,,120.0,8.4,NORMAL,Y,30.0,0.0,30.0,0.0,15,0.0,0.0,0.0,25,0.0,20,0.0,0.0,8.387096774194967,N,,N,
05:21,NELCO,2388,990.2,3.26,6.53,,130.8,0.0,NORMAL,N,30.0,0.0,30.0,0.0,15,0.0,0.0,0.0,25,0.0,20,0.0,10.769230769230095,0.0,N,,N,
05:21,NAUKRI,13751,1263.6,3.13,6.25,,131.8,0.0,NORMAL,N,30.0,0.0,30.0,0.0,15,0.0,0.0,0.0,25,0.0,20,0.0,11.803278688524468,0.0,N,,N,
05:21,RAYMOND,2859,633.95,3.09,6.18,,120.0,10.5,NORMAL,N,30.0,0.0,30.0,0.0,15,0.0,0.0,0.0,25,0.0,20,0.0,0.0,10.52631578947318,N,,N,
05:21,SHILPAMED,17752,783.0,3.06,6.12,,137.8,0.0,NORMAL,N,30.0,0.0,30.0,0.0,15,0.0,0.0,0.0,25,0.0,20,0.0,17.818181818182147,0.0,N,,N,
05:21,IONEXCHANG,1630,382.8,3.01,6.03,,105.0,20.0,NORMAL,N,30.0,0.0,30.0,0.0,15,0.0,0.0,0.0,25,0.0,0.0,20,5.000000000001421,0.0,N,,Y,NONRESULTS
05:21,KNRCON,15283,144.2,3.01,6.01,,124.8,0.0,NORMAL,N,30.0,0.0,30.0,0.0,15,0.0,0.0,0.0,25,0.0,20,0.0,4.7826086956526845,0.0,N,,N,
05:21,SCHNEIDER,31234,1394.9,2.96,5.92,,119.6,6.8,NORMAL,N,29.598464718039665,0.0,30.0,0.0,15,0.0,0.0,0.0,25,0.0,20,0.0,0.0,6.818181818181678,N,,N,
05:21,BRIGADE,15184,599.05,2.94,5.88,,133.4,0.0,NORMAL,N,29.38396769481898,0.0,30.0,0.0,15,0.0,0.0,0.0,25,0.0,20,0.0,14.00000000000091,0.0,N,,N,
05:21,MAHLOG,385,414.5,2.93,5.86,,119.3,10.9,NORMAL,N,29.30221008194689,0.0,30.0,0.0,15,0.0,0.0,0.0,25,0.0,20,0.0,0.0,10.909090909091097,N,,N,
05:21,NEWGEN,1164,566.55,2.82,5.64,,118.2,2.5,NORMAL,N,28.2214156079854,0.0,30.0,0.0,15,0.0,0.0,0.0,25,0.0,20,0.0,0.0,2.5000000000007105,N,,N,
05:21,LXCHEM,2841,180.57,2.81,5.61,,118.1,12.9,NORMAL,N,28.068777043953585,0.0,30.0,0.0,15,0.0,0.0,0.0,25,0.0,20,0.0,0.0,12.903225806451378,N,,N,
05:21,PINELABS,759820,158.68,2.75,5.49,,117.5,19.3,NORMAL,N,27.454027454027514,0.0,30.0,0.0,15,0.0,0.0,0.0,25,0.0,20,0.0,0.0,19.31034482758587,N,,N,
05:21,OIL,17438,454.65,2.68,5.35,,106.8,20.0,NORMAL,N,26.761517615176075,0.0,30.0,0.0,15,0.0,0.0,0.0,25,0.0,0.0,20,9.999999999997158,0.0,N,,N,
05:21,HFCL,21951,213.5,2.65,5.31,,134.4,0.0,NORMAL,N,26.54101355899611,0.0,30.0,0.0,15,0.0,0.0,0.0,25,0.0,20,0.0,17.818181818180747,0.0,N,,N,
05:21,VIPIND,3703,322.8,2.48,4.95,,125.4,0.0,NORMAL,Y,24.7619047619048,0.0,30.0,0.0,15,0.0,0.0,0.0,25,0.0,20,0.0,10.66666666666606,0.0,N,,N,
05:21,ENGINERSIN,4907,246.0,2.24,4.49,,115.3,0.0,NORMAL,N,22.44389027431424,0.0,30.0,0.0,15,0.0,0.0,0.0,25,0.0,20,0.0,2.857142857143051,0.0,N,,N,
05:21,UCAL,3570,121.0,2.14,4.29,,136.4,25.0,NORMAL,N,21.44183690697287,0.0,30.0,0.0,15,0.0,0.0,25.0,25,0.0,20,0.0,0.0,0.0,N,,N,
05:21,PRAJIND,2705,332.0,2.14,4.28,,111.4,15.0,NORMAL,N,21.381325949853835,0.0,30.0,0.0,15,0.0,0.0,0.0,25,0.0,20,0.0,0.0,14.999999999999051,N,,N,
05:21,BORORENEW,3149,560.3,2.12,4.25,,118.6,0.4,NORMAL,N,21.233937847443688,0.0,30.0,0.0,15,0.0,0.0,0.3832259131665929,25,0.0,20,0.0,6.956521739130177,0.0,N,,N,
05:21,VARROC,3857,828.05,2.08,4.15,,121.7,0.0,NORMAL,N,20.77169625246537,0.0,30.0,0.0,15,0.0,0.0,0.0,25,0.0,20,0.0,10.909090909091097,0.0,N,,N,
05:21,APCL,20453,104.2,2.02,4.03,,110.2,0.0,NORMAL,Y,20.168396318778168,0.0,30.0,0.0,15,0.0,0.0,0.0,25,0.0,20,0.0,0.0,0.0,N,,N,
05:21,LTF,24948,314.2,2.01,4.03,,110.1,12.0,NORMAL,N,20.129870129870092,0.0,30.0,0.0,15,0.0,0.0,0.0,25,0.0,20,0.0,0.0,11.999999999998181,N,,N,
05:21,PIXTRANS,9087,1905.7,10.98,21.95,,103.4,20.0,NORMAL,Y,30.0,0.0,30.0,0.0,15,0.0,0.0,0.0,25,0.0,0.0,20,3.428571428571342,0.0,N,,N,
05:21,BEML,395,1895.6,6.03,12.06,,120.4,0.0,NORMAL,Y,30.0,0.0,30.0,0.0,15,0.0,0.0,0.0,25,0.0,20,0.0,0.4000000000005457,0.0,N,,N,
05:21,GRASIM,1232,3375.0,4.81,9.63,,120.0,10.8,NORMAL,Y,30.0,0.0,30.0,0.0,15,0.0,0.0,0.0,25,0.0,20,0.0,0.0,10.833333333332543,N,,N,
05:21,PAYTM,6705,1509.8,4.73,9.46,,120.0,13.1,NORMAL,Y,30.0,0.0,30.0,0.0,15,0.0,0.0,0.0,25,0.0,20,0.0,0.0,13.142857142856883,N,,N,
05:21,M&M,2031,3518.6,3.31,6.61,,120.0,9.2,NORMAL,N,30.0,0.0,30.0,0.0,15,0.0,0.0,0.0,25,0.0,20,0.0,0.0,9.230769230771653,N,,N,
05:21,SANSERA,5751,3906.3,3.14,6.28,,120.0,13.9,NORMAL,N,30.0,0.0,30.0,0.0,15,0.0,0.0,0.0,25,0.0,20,0.0,0.0,13.934426229508405,N,,N,
05:22,TATASTEEL,3499,191.24,1.97,3.93,,109.7,1.2,NORMAL,N,19.674753399093564,0.0,30.0,0.0,15,0.0,0.0,0.0,25,0.0,20,0.0,0.0,1.2499999999988898,N,,N,
05:22,MONTECARLO,5938,509.3,1.92,3.84,,109.2,20.0,NORMAL,N,19.211526916149737,0.0,30.0,0.0,15,0.0,0.0,0.0,25,0.0,20,0.0,0.0,20.0,N,,N,
05:22,IFCI,1491,76.14,2.92,5.84,,128.8,19.0,NORMAL,N,29.197080291970757,0.0,30.0,0.0,15,0.0,0.0,9.635069519795838,25,0.0,20,0.0,0.0,9.333333333332956,N,,N,
05:22,KALYANKJIL,2955,617.7,1.88,3.76,,108.8,16.0,NORMAL,N,18.8025729836716,0.0,30.0,0.0,15,0.0,0.0,0.0,25,0.0,20,0.0,0.0,15.99999999999909,N,,N,
05:22,SONATSOFTW,6596,324.0,1.87,3.74,,108.7,10.9,NORMAL,N,18.70775035371793,0.0,30.0,0.0,15,0.0,0.0,0.0,25,0.0,20,0.0,0.0,10.909090909091097,N,,N,
05:22,VEDL,3063,284.0,1.85,3.69,,108.5,17.5,NORMAL,N,18.468710776403004,0.0,30.0,0.0,15,0.0,0.0,0.0,25,0.0,20,0.0,0.0,17.50000000000213,N,,N,
05:22,KSB,1949,798.45,1.81,3.62,,116.1,13.5,NORMAL,N,18.10647115078106,0.0,30.0,0.0,15,0.0,0.0,7.997469988122025,25,0.0,20,0.0,0.0,5.500000000000682,N,,N,
05:22,PRINCEPIPE,16045,275.85,1.79,3.58,,117.9,0.0,NORMAL,Y,17.89667896678975,0.0,30.0,0.0,15,0.0,0.0,0.0,25,0.0,20,0.0,10.0,0.0,N,,N,
05:22,BSOFT,6994,324.2,1.79,3.58,,107.9,6.7,NORMAL,N,17.89638932496072,0.0,30.0,0.0,15,0.0,0.0,0.0,25,0.0,20,0.0,0.0,6.66666666666793,N,,N,
05:22,BALRAMCHIN,341,644.7,1.78,3.55,,107.8,14.3,NORMAL,N,17.759886336727444,0.0,30.0,0.0,15,0.0,0.0,0.0,25,0.0,20,0.0,0.0,14.285714285714286,N,,N,
05:22,TEJASNET,21131,522.5,1.76,3.53,,111.1,0.0,NORMAL,N,17.625864251631036,0.0,30.0,0.0,15,0.0,0.0,0.0,25,0.0,20,0.0,3.478260869566077,0.0,N,,N,
05:22,RUBICON,759316,1595.9,2.75,5.5,,117.5,13.8,NORMAL,N,27.491630182848336,0.0,30.0,0.0,15,0.0,0.0,0.0,25,0.0,20,0.0,0.0,13.846153846153308,N,,N,
05:22,KAJARIACER,1808,1187.5,1.73,3.46,,87.3,37.5,NORMAL,N,17.304891630257902,0.0,30.0,0.0,15,0.0,0.0,0.0,25,0.0,0.0,20,0.0,17.50000000000213,N,,N,
05:22,LENSKART,759605,579.35,1.69,3.39,,106.9,1.1,NORMAL,N,16.938739687554815,0.0,30.0,0.0,15,0.0,0.0,0.0,25,0.0,20,0.0,0.0,1.111111111112655,N,,N,
05:22,RATNAMANI,13451,2256.2,2.67,5.33,,106.1,20.0,NORMAL,N,26.665453221696357,0.0,30.0,0.0,15,0.0,0.0,0.0,25,0.0,0.0,20,9.473684210527953,0.0,N,,N,
05:22,EBGNG,757862,534.4,1.66,3.33,,118.8,0.0,NORMAL,N,16.646057262436983,0.0,30.0,0.0,15,0.0,0.0,0.0,25,0.0,20,0.0,12.142857142857666,0.0,N,,N,
05:22,METROPOLIS,9581,572.45,1.64,3.28,,107.8,12.8,NORMAL,N,16.424005681818183,0.0,30.0,0.0,15,0.0,0.0,1.4057732626877557,25,0.0,20,0.0,0.0,11.428571428570963,N,,N,
05:22,SAREGAMA,4892,527.6,1.62,3.24,,106.2,8.9,NORMAL,N,16.17873651771952,0.0,30.0,0.0,15,0.0,0.0,0.0,25,0.0,20,0.0,0.0,8.888888888892257,N,,N,
05:22,WELSPUNLIV,11253,166.7,1.59,3.18,,105.9,2.5,NORMAL,N,15.905905295874126,0.0,30.0,0.0,15,0.0,0.0,0.0,25,0.0,20,0.0,0.0,2.500000000000888,N,,N,
05:22,DLF,14732,652.15,1.58,3.16,,105.8,13.6,NORMAL,N,15.809968847351985,0.0,30.0,0.0,15,0.0,0.0,0.0,25,0.0,20,0.0,0.0,13.636363636363356,N,,N,
05:22,ANTHEM,757885,854.15,1.56,3.13,,87.6,20.0,NORMAL,N,15.636147443519594,0.0,30.0,0.0,15,0.0,0.0,0.0,25,0.0,0.0,20,1.999999999998181,0.0,N,,N,
05:22,PNBHOUSING,18908,1160.4,1.52,3.04,,105.2,0.0,NORMAL,N,15.223097112860971,0.0,30.0,0.0,15,0.0,0.0,0.0,25,0.0,20,0.0,0.0,0.0,N,,N,
05:22,MUNJALAU,13511,104.0,1.5,3.01,,107.6,0.0,NORMAL,N,15.030255709545251,0.0,30.0,0.0,15,0.0,0.0,0.0,25,0.0,20,0.0,2.608695652174128,0.0,N,,N,
05:22,BLS,17279,258.15,1.5,3.0,,85.0,25.3,NORMAL,N,15.019856092478136,0.0,30.0,0.0,15,0.0,0.0,0.0,25,0.0,0.0,20,0.0,5.34482758620682,N,,N,
05:22,ABDL,24308,608.25,1.5,3.0,,105.0,11.5,NORMAL,N,15.018773466833542,0.0,30.0,0.0,15,0.0,0.0,0.0,25,0.0,20,0.0,0.0,11.538461538460933,N,,N,
05:22,NARMADA,6364,386.65,1.48,2.97,,110.5,0.0,NORMAL,N,14.829396325459259,0.0,30.0,0.0,15,0.0,0.0,0.0,25,0.0,20,0.0,5.714285714286643,0.0,N,,N,
05:22,UNICHEMLAB,3579,497.0,1.48,2.96,,124.8,0.0,NORMAL,N,14.803471158754466,0.0,30.0,0.0,15,0.0,0.0,0.0,25,0.0,20,0.0,20.0,0.0,N,,N,
05:22,CYIENT,5748,870.0,1.46,2.92,,113.2,3.7,NORMAL,N,14.577259475218657,0.0,30.0,0.0,15,0.0,0.0,3.7003709381896455,25,0.0,20,0.0,4.888888888888484,0.0,N,,N,
05:22,JUBLPHARMA,3637,945.5,1.45,2.9,,124.5,0.0,NORMAL,N,14.48497854077253,0.0,30.0,0.0,15,0.0,0.0,0.0,25,0.0,20,0.0,20.0,0.0,N,,N,
05:22,TMCV,759782,459.65,1.45,2.89,,104.5,20.0,NORMAL,N,14.45596998455077,0.0,30.0,0.0,15,0.0,0.0,0.0,25,0.0,20,0.0,0.0,20.0,N,,N,
05:22,IIFL,11809,620.5,1.43,2.86,,104.3,16.8,NORMAL,N,14.303228442991418,0.0,30.0,0.0,15,0.0,0.0,0.0,25,0.0,20,0.0,0.0,16.80000000000109,N,,N,
05:22,SHREEPUSHK,10588,412.9,1.42,2.85,,84.2,20.0,NORMAL,N,14.247113731269845,0.0,30.0,0.0,15,0.0,0.0,0.0,25,0.0,0.0,20,0.0,0.0,N,,N,
05:22,ZUARI,29050,230.79,1.42,2.85,,104.2,17.7,NORMAL,N,14.238628872775127,0.0,30.0,0.0,15,0.0,0.0,0.0,25,0.0,20,0.0,0.0,17.73584905660369,N,,N,
05:22,KIRLOSBROS,18581,1947.7,2.42,4.84,,120.2,0.5,NORMAL,N,24.188883630435924,0.0,30.0,0.0,15,0.0,0.0,0.454002848761455,25,0.0,20,0.0,5.58139534883748,0.0,N,,N,
05:22,SHALBY,714,162.35,1.41,2.82,,117.0,0.0,NORMAL,N,14.11705915422569,0.0,30.0,0.0,15,0.0,0.0,0.0,25,0.0,20,0.0,12.844036697247978,0.0,N,,N,
05:22,SAIL,2963,179.0,1.37,2.74,,122.7,0.0,NORMAL,N,13.70483633480568,0.0,30.0,0.0,15,0.0,0.0,0.0,25,0.0,20,0.0,18.947368421053575,0.0,N,,N,
05:22,PENIND,20621,162.03,1.36,2.71,,103.6,0.0,NORMAL,N,13.574377580382757,0.0,30.0,0.0,15,0.0,0.0,0.0,25,0.0,20,0.0,0.0,0.0,N,,N,
05:22,PARADEEP,9741,151.46,1.34,2.69,,103.4,14.5,NORMAL,N,13.449314151890395,0.0,30.0,0.0,15,0.0,0.0,0.0,25,0.0,20,0.0,0.0,14.499999999999396,N,,N,
05:22,MEDANTA,11956,1475.0,1.33,2.67,,83.3,22.7,NORMAL,N,13.327837317944553,0.0,30.0,0.0,15,0.0,0.0,0.0,25,0.0,0.0,20,0.0,2.6666666666672727,N,,N,
05:22,GOCOLORS,6964,326.3,1.32,2.64,,103.2,20.0,NORMAL,N,13.196708585623348,0.0,30.0,0.0,15,0.0,0.0,0.0,25,0.0,20,0.0,0.0,20.0,N,,N,
05:22,JSWINFRA,19020,340.1,1.3,2.59,,83.0,34.3,NORMAL,N,12.956068503350776,0.0,30.0,0.0,15,0.0,0.0,0.0,25,0.0,0.0,20,0.0,14.285714285713357,N,,N,
05:22,HEG,1336,682.35,1.24,2.48,,115.9,0.0,NORMAL,N,12.388724035608343,0.0,30.0,0.0,15,0.0,0.0,0.0,25,0.0,20,0.0,13.541666666666794,0.0,N,,N,
05:22,SARDAEN,17758,503.7,1.23,2.45,,102.3,20.0,NORMAL,N,12.258842443729833,0.0,30.0,0.0,15,0.0,0.0,0.0,25,0.0,20,0.0,0.0,20.0,N,,N,
05:22,INFY,1594,1189.5,1.23,2.45,,106.3,0.0,NORMAL,N,12.254276231810136,0.0,30.0,0.0,15,0.0,0.0,0.0,25,0.0,20,0.0,4.0000000000009095,0.0,N,,N,
05:22,JKIL,15266,505.0,1.22,2.45,,122.2,0.0,NORMAL,N,12.226899178192069,0.0,30.0,0.0,15,0.0,0.0,0.0,25,0.0,20,0.0,20.0,0.0,N,,N,
05:22,LTTS,18564,3634.0,2.21,4.42,,125.7,0.0,NORMAL,N,22.10721719075207,0.0,30.0,0.0,15,0.0,0.0,0.0,25,0.0,20,0.0,13.548387096774004,0.0,N,,N,
05:22,BECTORFOOD,1628,227.1,1.2,2.41,,90.7,20.0,NORMAL,N,12.032085561497274,0.0,30.0,0.0,15,0.0,0.0,0.0,25,0.0,0.0,20,8.666666666666035,0.0,N,,N,
05:22,TDPOWERSYS,25178,1275.9,1.19,2.38,,101.9,0.0,NORMAL,N,11.8962645729241,0.0,30.0,0.0,15,0.0,0.0,0.0,25,0.0,20,0.0,0.0,0.0,N,,N,
05:22,USHAMART,8840,521.1,1.17,2.35,,93.7,20.0,NORMAL,N,11.746432385205454,0.0,30.0,0.0,15,0.0,0.0,0.0,25,0.0,0.0,20,11.999999999998181,0.0,N,,N,
05:22,COFORGE,11543,1814.6,2.17,4.35,,115.4,0.0,NORMAL,N,21.734234234234183,0.0,30.0,0.0,15,0.0,0.0,0.0,25,0.0,20,0.0,3.636363636364764,0.0,N,,N,
05:22,ZENSARTECH,1076,504.85,1.17,2.34,,101.7,1.1,NORMAL,N,11.723446893787623,0.0,30.0,0.0,15,0.0,0.0,0.0,25,0.0,20,0.0,0.0,1.0526315789476204,N,,N,
05:22,SAFARI,13035,1518.5,2.15,4.29,,111.5,17.8,NORMAL,N,21.45836136149609,0.0,30.0,0.0,15,0.0,0.0,0.0,25,0.0,20,0.0,0.0,17.777777777779743,N,,N,
05:22,ASTERDM,1508,879.65,1.14,2.29,,84.0,20.0,NORMAL,N,11.440726687363382,0.0,30.0,0.0,15,0.0,0.0,0.0,25,0.0,0.0,20,2.6086956521735694,0.0,N,,N,
05:22,BALKRISIND,335,2518.6,2.12,4.24,,111.2,6.7,NORMAL,N,21.205854924380542,0.0,30.0,0.0,15,0.0,0.0,0.0,25,0.0,20,0.0,0.0,6.666666666665223,N,,N,
05:22,ZUARIIND,3827,262.25,1.12,2.24,,101.2,0.0,NORMAL,N,11.181800655484778,0.0,30.0,0.0,15,0.0,0.0,0.0,25,0.0,20,0.0,0.0,0.0,N,,N,
05:22,EPACKPEB,759251,249.05,1.12,2.23,,109.5,0.0,NORMAL,N,11.165245635403979,0.0,30.0,0.0,15,0.0,0.0,0.0,25,0.0,20,0.0,8.333333333333412,0.0,N,,N,
05:22,TORNTPOWER,13786,1365.7,1.1,2.21,,101.0,20.0,NORMAL,N,11.030500444181293,0.0,30.0,0.0,15,0.0,0.0,0.0,25,0.0,20,0.0,0.0,20.0,N,,N,
05:22,NMDC,15332,86.7,2.1,4.19,,129.5,0.0,NORMAL,N,20.960904380593515,0.0,30.0,0.0,15,0.0,0.0,0.0,25,0.0,20,0.0,18.571428571427845,0.0,N,,N,
05:22,NIACL,399,179.02,1.08,2.16,,109.2,26.2,NORMAL,N,10.784258370504185,0.0,30.0,0.0,15,0.0,0.0,8.44605819892847,25,0.0,20,0.0,0.0,17.777777777777576,N,,N,
05:22,LALPATHLAB,11654,1971.1,2.04,4.09,,110.4,1.8,NORMAL,N,20.449368399254507,0.0,30.0,0.0,15,0.0,0.0,0.0,25,0.0,20,0.0,0.0,1.818181818182194,N,,N,
05:22,SAKSOFT,11794,166.74,1.02,2.05,,105.4,0.0,NORMAL,N,10.239321417752183,0.0,30.0,0.0,15,0.0,0.0,0.0,25,0.0,20,0.0,5.16129032257958,0.0,N,,Y,NONRESULTS
05:22,MHRIL,17333,232.0,1.02,2.04,,117.6,0.0,NORMAL,N,10.18897500653141,0.0,30.0,0.0,15,0.0,0.0,0.0,25,0.0,20,0.0,17.36842105263095,0.0,N,,N,
05:22,JSWENERGY,17869,570.15,1.02,2.04,,112.9,0.0,NORMAL,N,10.18781006378455,0.0,30.0,0.0,15,0.0,0.0,0.0,25,0.0,20,0.0,12.727272727267842,0.0,N,,N,
05:22,RHIM,31163,417.0,1.02,2.03,,102.0,6.8,NORMAL,N,10.174418604651136,0.0,30.0,0.0,15,0.0,0.0,1.8405641048942687,25,0.0,20,0.0,0.0,5.000000000000236,N,,N,
05:22,CESC,628,165.6,1.01,2.03,,113.8,0.0,NORMAL,N,10.125655727705237,0.0,30.0,0.0,15,0.0,0.0,0.0,25,0.0,20,0.0,13.684210526315475,0.0,N,,N,
05:22,SESHAPAPER,3066,231.51,1.0,2.01,,120.0,0.0,NORMAL,N,10.034466210025666,0.0,30.0,0.0,15,0.0,0.0,0.0,25,0.0,20,0.0,20.0,0.0,N,,N,
05:22,JINDALSTEL,6733,1114.0,1.0,1.99,,118.1,0.0,NORMAL,N,9.972801450589301,0.0,29.918404351767904,0.0,15,0.0,0.0,0.0,25,0.0,20,0.0,18.181818181815927,0.0,N,,N,
05:22,GNFC,1174,540.8,0.99,1.98,,99.6,8.9,NORMAL,N,9.897292250233342,0.0,29.691876750700025,0.0,15,0.0,0.0,0.0,25,0.0,20,0.0,0.0,8.888888888890012,N,,N,
05:22,TRITURBINE,25584,642.55,0.96,1.92,,106.0,0.0,NORMAL,N,9.584413543876046,0.0,28.753240631628135,0.0,15,0.0,0.0,0.0,25,0.0,20,0.0,7.64705882352894,0.0,N,,N,
05:22,HEXT,29666,570.0,0.96,1.91,,98.3,6.3,NORMAL,N,9.564293304994646,0.0,28.692879914983937,0.0,15,0.0,0.0,0.0,25,0.0,20,0.0,0.0,6.250000000000355,N,,N,
05:22,SUDARSCHEM,3327,1150.3,0.94,1.88,,99.9,0.0,NORMAL,N,9.389259389259431,0.0,28.167778167778295,0.0,15,0.0,0.0,0.0,25,0.0,20,0.0,2.3529411764710604,0.0,N,,N,
05:22,JUBLFOOD,18096,491.05,0.94,1.87,,109.1,0.0,NORMAL,N,9.352517985611534,0.0,28.057553956834603,0.0,15,0.0,0.0,0.0,25,0.0,20,0.0,11.666666666666588,0.0,N,,N,
05:22,MANAPPURAM,19061,370.15,0.93,1.85,,97.1,8.9,NORMAL,N,9.270620313565038,0.0,27.81186094069511,0.0,15,0.0,0.0,0.0,25,0.0,20,0.0,0.0,8.888888888890012,N,,N,
05:22,KPITTECH,9683,635.6,0.9,1.81,,107.2,0.0,NORMAL,N,9.049055405620013,0.0,27.147166216860036,0.0,15,0.0,0.0,0.0,25,0.0,20,0.0,10.99999999999909,0.0,N,,N,
05:22,HSCL,14334,759.45,0.9,1.81,,96.1,16.7,NORMAL,N,9.034743904869552,0.0,27.104231714608655,0.0,15,0.0,0.0,0.0,25,0.0,20,0.0,0.0,16.666666666666035,N,,N,
05:22,PRICOLLTD,19631,744.45,0.89,1.78,,75.5,33.3,NORMAL,N,8.876541536793695,0.0,26.62962461038109,0.0,15,0.0,0.0,0.0,25,0.0,0.0,20,0.0,13.333333333333332,N,,N,
05:22,ZYDUSLIFE,7929,1123.9,0.87,1.74,,94.8,20.0,NORMAL,N,8.705797881888392,0.0,26.117393645665175,0.0,15,0.0,0.0,0.0,25,0.0,20,0.0,0.0,20.0,N,,N,
05:22,RAJRATAN,18962,529.5,0.86,1.71,,94.3,0.0,NORMAL,N,8.571428571428573,0.0,25.714285714285715,0.0,15,0.0,0.0,0.0,25,0.0,20,0.0,0.0,0.0,N,,N,
05:22,360ONE,13061,1177.8,0.83,1.66,,101.2,0.0,NORMAL,N,8.304083554490237,0.0,24.91225066347071,0.0,15,0.0,0.0,0.0,25,0.0,20,0.0,8.000000000000304,0.0,N,,N,
05:22,JKPAPER,11860,390.25,0.83,1.65,,93.1,4.3,NORMAL,N,8.267665676269187,0.0,24.80299702880756,0.0,15,0.0,0.0,0.0,25,0.0,20,0.0,0.0,4.285714285714517,N,,N,
05:22,FORTIS,14592,963.0,0.82,1.64,,72.9,24.8,NORMAL,N,8.21860440768468,0.0,24.65581322305404,0.0,15,0.0,0.0,0.0,25,0.0,0.0,20,0.0,4.761904761904453,N,,N,
05:22,HDFCBANK,1333,736.95,0.81,1.63,,92.6,12.0,NORMAL,N,8.139534883720993,0.0,24.418604651162976,0.0,15,0.0,0.0,0.0,25,0.0,20,0.0,0.0,11.999999999998181,N,,N,
05:22,INTELLECT,5926,727.15,0.8,1.61,,93.8,19.5,NORMAL,N,8.040479656200118,0.0,24.12143896860035,0.0,15,0.0,0.0,1.6601600303676824,25,0.0,20,0.0,0.0,17.857142857142662,N,,N,
05:22,NATCOPHARM,3918,923.85,0.79,1.57,,71.4,25.7,NORMAL,N,7.854688267059451,0.0,23.564064801178354,0.0,15,0.0,0.0,0.0,25,0.0,0.0,20,0.0,5.714285714284477,N,,N,
05:22,DCMSHRIRAM,811,1024.7,0.78,1.55,,91.1,20.0,NORMAL,N,7.7694728560189725,0.0,23.308418568056915,0.0,15,0.0,0.0,0.0,25,0.0,20,0.0,0.0,20.0,N,,N,
05:22,GANESHHOU,14339,766.65,0.78,1.55,,79.2,20.0,NORMAL,N,7.755504436411405,0.0,23.266513309234217,0.0,15,0.0,0.0,0.0,25,0.0,0.0,20,8.148148148149021,0.0,N,,N,
05:22,POLICYBZR,6656,1632.8,1.76,3.53,,117.4,5.7,NORMAL,N,17.63789342474288,0.0,30.0,0.0,15,0.0,0.0,5.6695381692427205,25,0.0,20,0.0,4.102564102563774,0.0,N,,N,
05:22,SHRIRAMFIN,4306,1123.1,0.73,1.45,,89.1,14.7,NORMAL,N,7.264573991031309,0.0,21.793721973093927,0.0,15,0.0,0.0,0.0,25,0.0,20,0.0,0.0,14.666666666665453,N,,N,
05:22,TATACONSUM,3432,1090.1,0.72,1.44,,88.8,8.9,NORMAL,N,7.206874249283891,0.0,21.620622747851673,0.0,15,0.0,0.0,0.0,25,0.0,20,0.0,0.0,8.888888888890012,N,,N,
05:22,VGUARD,15362,321.9,0.7,1.41,,101.5,0.0,NORMAL,N,7.0389488503050215,0.0,21.116846550915064,0.0,15,0.0,0.0,0.0,25,0.0,20,0.0,13.33333333333207,0.0,N,,N,
05:22,IRCTC,13611,523.45,0.67,1.35,,86.9,9.1,NORMAL,N,6.7314164823540725,0.0,20.194249447062216,0.0,15,0.0,0.0,0.0,25,0.0,20,0.0,0.0,9.090909090909843,N,,N,
05:22,HYUNDAI,25844,2237.3,1.67,3.34,,106.7,9.0,NORMAL,N,16.72347193819595,0.0,30.0,0.0,15,0.0,0.0,0.0,25,0.0,20,0.0,0.0,9.019607843138129,N,,N,
05:22,HCLTECH,7229,1365.3,0.64,1.28,,85.7,16.6,NORMAL,N,6.413091552410472,0.0,19.239274657231416,0.0,15,0.0,0.0,0.0,25,0.0,20,0.0,0.0,16.551724137931142,N,,N,
05:22,SWANCORP,27095,310.0,0.63,1.27,,89.3,20.0,NORMAL,N,6.330141210842358,0.0,18.990423632527076,0.0,15,0.0,0.0,3.9692255797322273,25,0.0,20,0.0,0.0,16.000000000000608,N,,N,
05:22,JSL,11236,739.3,0.63,1.27,,88.0,0.0,NORMAL,N,6.329544681140649,0.0,18.988634043421946,0.0,15,0.0,0.0,0.0,25,0.0,20,0.0,2.6666666666672727,0.0,N,,N,
05:22,GSFC,1247,162.24,0.63,1.27,,85.3,20.0,NORMAL,N,6.326758466691541,0.0,18.980275400074625,0.0,15,0.0,0.0,0.0,25,0.0,20,0.0,0.0,20.0,N,,N,
05:22,NIITLTD,11522,96.62,1.63,3.26,,106.3,2.9,NORMAL,N,16.30377616493122,0.0,30.0,0.0,15,0.0,0.0,0.0,25,0.0,20,0.0,0.0,2.857142857144017,N,,N,
05:22,WINDLAS,5366,888.4,0.63,1.26,,90.3,0.0,NORMAL,N,6.286458628306003,0.0,18.85937588491801,0.0,15,0.0,0.0,0.0,25,0.0,20,0.0,5.199999999999818,0.0,N,,N,
05:22,TIMETECHNO,14707,206.16,0.62,1.25,,67.7,20.0,NORMAL,N,6.247559547051938,0.0,18.742678641155816,0.0,15,0.0,0.0,0.0,25,0.0,0.0,20,2.66666666666793,0.0,N,,N,
05:22,TMPV,3456,349.15,0.62,1.24,,84.8,0.0,NORMAL,N,6.195965417867369,0.0,18.587896253602107,0.0,15,0.0,0.0,0.0,25,0.0,20,0.0,0.0,0.0,N,,N,
05:22,CASTROLIND,1250,193.27,0.62,1.24,,84.8,0.0,NORMAL,N,6.195335276967919,0.0,18.586005830903755,0.0,15,0.0,0.0,0.0,25,0.0,20,0.0,0.0,0.0,N,,N,
05:22,CIEINDIA,14937,413.0,0.61,1.22,,84.4,0.0,NORMAL,N,6.090133982947624,0.0,18.270401948842874,0.0,15,0.0,0.0,0.0,25,0.0,20,0.0,0.0,0.0,N,,N,
05:22,RELAXO,24225,425.95,0.59,1.18,,83.6,14.0,NORMAL,N,5.9038847561695595,0.0,17.711654268508678,0.0,15,0.0,0.0,0.0,25,0.0,20,0.0,0.0,13.999999999998636,N,,N,
05:22,SHIVALIK,7026,255.99,0.59,1.17,,59.8,46.3,NORMAL,N,5.854616895874299,0.0,17.5638506876229,0.0,15,0.0,0.0,1.3332107645227482,0.0,25,0.0,20,20.0,0.0,N,,N,
05:22,ASAHIINDIA,5378,903.9,0.58,1.16,,83.1,10.8,NORMAL,N,5.78613552909751,0.0,17.358406587292528,0.0,15,0.0,0.0,0.0,25,0.0,20,0.0,0.0,10.769230769231218,N,,N,
05:22,INDIAMART,10726,1782.7,1.58,3.16,,112.5,0.0,NORMAL,N,15.783475783475811,0.0,30.0,0.0,15,0.0,0.0,0.0,25,0.0,20,0.0,6.666666666666666,0.0,N,,N,
05:22,M&MFIN,13285,410.8,0.58,1.15,,83.0,7.7,NORMAL,N,5.753458195617634,0.0,17.260374586852905,0.0,15,0.0,0.0,0.0,25,0.0,20,0.0,0.0,7.692307692307962,N,,N,
05:22,KIRIINDUS,16639,430.35,0.57,1.15,,82.9,20.0,NORMAL,N,5.725636831035395,0.0,17.17691049310619,0.0,15,0.0,0.0,0.0,25,0.0,20,0.0,0.0,20.0,N,,N,
05:22,SWIGGY,27066,282.35,0.57,1.14,,88.5,0.0,NORMAL,N,5.699020480854934,0.0,17.0970614425648,0.0,15,0.0,0.0,0.0,25,0.0,20,0.0,5.71428571428587,0.0,N,,N,
05:22,GODREJPROP,17875,2102.4,1.57,3.13,,105.7,10.0,NORMAL,N,15.652173913043521,0.0,30.0,0.0,15,0.0,0.0,0.0,25,0.0,20,0.0,0.0,10.0,N,,N,
05:22,GLAND,1186,2640.9,1.53,3.07,,85.6,20.0,NORMAL,N,15.34025374855828,0.0,30.0,0.0,15,0.0,0.0,0.0,25,0.0,0.0,20,0.3076923076920279,0.0,N,,N,
05:22,JSWSTEEL,11723,1306.3,0.52,1.05,,80.9,1.7,NORMAL,N,5.232781839168876,0.0,15.69834551750663,0.0,15,0.0,0.0,0.0,25,0.0,20,0.0,0.0,1.6666666666650876,N,,N,
05:22,DIAMONDYD,21840,1233.8,0.52,1.04,,80.9,10.2,NORMAL,N,5.2142740752809695,0.0,15.642822225842911,0.0,15,0.0,0.0,0.0,25,0.0,20,0.0,0.0,10.232558139535204,N,,N,
05:22,CANFINHOME,583,815.5,0.52,1.04,,80.7,20.0,NORMAL,N,5.176876617773999,0.0,15.530629853321997,0.0,15,0.0,0.0,0.0,25,0.0,20,0.0,0.0,20.0,N,,N,
05:22,HUDCO,20825,202.06,0.51,1.01,,80.3,2.5,NORMAL,N,5.073617190608886,0.0,15.220851571826657,0.0,15,0.0,0.0,0.0,25,0.0,20,0.0,0.0,2.500000000004441,N,,N,
05:22,LICI,9480,395.9,0.48,0.96,,79.3,16.0,NORMAL,N,4.822335025380653,0.0,14.467005076141959,0.0,15,0.0,0.0,0.0,25,0.0,20,0.0,0.0,15.99999999999909,N,,N,
05:22,TNPL,3980,157.35,0.48,0.96,,79.2,12.0,NORMAL,N,4.789272030651341,0.0,14.367816091954024,0.0,15,0.0,0.0,0.0,25,0.0,20,0.0,0.0,12.000000000004547,N,,N,
05:22,HGINFRA,1672,551.7,0.46,0.93,,91.9,0.0,NORMAL,N,4.64354001638909,0.0,13.930620049167269,0.0,15,0.0,0.0,0.0,25,0.0,20,0.0,13.333333333334176,0.0,N,,N,
05:22,CHOLAFIN,685,1893.5,1.46,2.93,,104.6,20.0,NORMAL,N,14.628657164291047,0.0,30.0,0.0,15,0.0,0.0,0.0,25,0.0,20,0.0,0.0,20.0,N,,N,
05:22,ENDURANCE,18822,2946.6,1.45,2.9,,100.6,20.0,NORMAL,N,14.49474952659663,0.0,30.0,0.0,15,0.0,0.0,0.0,25,0.0,0.0,20,16.12903225806499,0.0,N,,N,
05:22,CIPLA,694,1470.2,0.44,0.87,,57.5,25.5,NORMAL,N,4.3721819920754825,0.0,13.11654597622645,0.0,15,0.0,0.0,0.0,25,0.0,0.0,20,0.0,5.454545454544515,N,,N,
05:22,MUKANDLTD,11325,143.82,0.42,0.84,,76.8,20.0,NORMAL,N,4.189359028068666,0.0,12.568077084205996,0.0,15,0.0,0.0,0.0,25,0.0,20,0.0,0.0,20.0,N,,N,
05:22,VBL,18921,443.8,0.41,0.81,,56.3,25.7,NORMAL,N,4.072398190045274,0.0,12.217194570135824,0.0,15,0.0,0.0,0.0,25,0.0,0.0,20,0.0,5.714285714285482,N,,N,
05:22,MOTILALOFS,14947,873.45,0.4,0.79,,83.7,0.0,NORMAL,N,3.965517241379363,0.0,11.896551724138089,0.0,15,0.0,0.0,0.0,25,0.0,20,0.0,7.826086956520708,0.0,N,,N,
05:22,NUCLEUS,10791,701.0,0.39,0.79,,75.8,0.0,NORMAL,N,3.9384174722520595,0.0,11.815252416756177,0.0,15,0.0,0.0,0.0,25,0.0,20,0.0,0.0,0.0,N,,N,
05:22,MPHASIS,4503,2509.4,1.39,2.78,,103.9,7.7,NORMAL,N,13.898989898989935,0.0,30.0,0.0,15,0.0,0.0,0.0,25,0.0,20,0.0,0.0,7.741935483872955,N,,N,
05:22,AVANTIFEED,7936,910.0,0.38,0.76,,75.2,11.5,NORMAL,N,3.8056367547295187,0.0,11.416910264188557,0.0,15,0.0,0.0,0.0,25,0.0,20,0.0,0.0,11.50000000000091,N,,N,
05:22,DABUR,772,411.5,0.37,0.73,,74.6,0.0,NORMAL,N,3.658536585365854,0.0,10.975609756097562,0.0,15,0.0,0.0,0.0,25,0.0,20,0.0,0.0,0.0,N,,N,
05:22,ANANTRAJ,13620,618.0,0.34,0.68,,53.6,28.3,NORMAL,N,3.4096444227959455,0.0,10.228933268387836,0.0,15,0.0,0.0,0.0,25,0.0,0.0,20,0.0,8.333333333333018,N,,N,
05:22,VINATIORGA,17364,1329.4,0.34,0.68,,73.6,11.5,NORMAL,N,3.396482753415352,0.0,10.189448260246056,0.0,15,0.0,0.0,0.0,25,0.0,20,0.0,0.0,11.538461538461942,N,,N,
05:22,TECHM,13538,1656.8,1.33,2.67,,83.3,34.1,NORMAL,N,13.333333333333304,0.0,30.0,0.0,15,0.0,0.0,0.0,25,0.0,0.0,20,0.0,14.117647058823685,N,,N,
05:22,GENUSPOWER,11905,307.65,0.33,0.65,,88.6,0.0,NORMAL,N,3.261046796021523,0.0,9.783140388064568,0.0,15,0.0,0.0,0.0,25,0.0,20,0.0,15.555555555556959,0.0,N,,N,
05:22,NAM-INDIA,357,1179.8,0.32,0.65,,62.5,20.0,NORMAL,N,3.2312925170067643,0.0,9.693877551020293,0.0,15,0.0,0.0,0.0,25,0.0,0.0,20,9.565217391303747,0.0,N,,N,
05:22,RCF,2866,127.33,0.32,0.65,,74.4,21.5,NORMAL,N,3.2303813425779757,0.0,9.691144027733927,0.0,15,0.0,0.0,1.5026803471095538,25,0.0,20,0.0,0.0,20.0,N,,N,
05:22,XCHANGING,11705,68.12,1.31,2.62,,103.1,0.0,NORMAL,N,13.087447947650352,0.0,30.0,0.0,15,0.0,0.0,0.0,25,0.0,20,0.0,0.0,0.0,N,,N,
05:22,DELHIVERY,9599,474.75,0.31,0.61,,72.3,2.3,NORMAL,N,3.0635960278892638,0.0,9.19078808366779,0.0,15,0.0,0.0,0.0,25,0.0,20,0.0,0.0,2.307692307691938,N,,N,
05:22,WOCKPHARMA,7506,2047.2,1.3,2.59,,104.8,0.0,NORMAL,N,12.963879267689284,0.0,30.0,0.0,15,0.0,0.0,0.0,25,0.0,20,0.0,1.818181818182194,0.0,N,,N,
05:22,MUTHOOTFIN,23650,2922.3,1.12,2.24,,101.2,5.3,NORMAL,N,11.176470588235356,0.0,30.0,0.0,15,0.0,0.0,0.0,25,0.0,20,0.0,0.0,5.26315789473659,N,,N,
05:22,AJANTPHARM,8124,3507.0,1.05,2.11,,100.5,1.7,NORMAL,N,10.546334716459173,0.0,30.0,0.0,15,0.0,0.0,0.0,25,0.0,20,0.0,0.0,1.6666666666688772,N,,N,
05:22,LAURUSLABS,19234,1863.0,1.01,2.03,,100.1,4.4,NORMAL,N,10.13934826221333,0.0,30.0,0.0,15,0.0,0.0,0.0,25,0.0,20,0.0,0.0,4.444444444445006,N,,N,
05:22,AETHER,9810,1607.4,0.99,1.99,,99.7,3.1,NORMAL,N,9.92711736617252,0.0,29.78135209851756,0.0,15,0.0,0.0,0.0,25,0.0,20,0.0,0.0,3.076923076923884,N,,N,
05:22,UNITDSPR,10447,1526.7,0.95,1.89,,97.8,0.0,NORMAL,N,9.45517058979103,0.0,28.365511769373086,0.0,15,0.0,0.0,0.0,25,0.0,20,0.0,0.0,0.0,N,,N,
05:22,GABRIEL,1085,1513.3,0.9,1.8,,96.0,20.0,NORMAL,N,9.001200160021336,0.0,27.003600480064005,0.0,15,0.0,0.0,0.0,25,0.0,20,0.0,0.0,20.0,N,,N,
05:22,PIDILITIND,2664,1674.7,0.89,1.77,,104.3,0.0,NORMAL,N,8.855421686747016,0.0,26.566265060241047,0.0,15,0.0,0.0,0.0,25,0.0,20,0.0,8.88888888888889,0.0,N,,N,
05:22,LLOYDSENGG,17801,97.73,0.88,1.75,,75.1,31.7,NORMAL,N,8.773740710156984,0.0,26.321222130470954,0.0,15,0.0,0.0,0.0,25,0.0,0.0,20,0.0,11.666666666665089,N,,N,
05:22,TIINDIA,312,2795.3,0.84,1.68,,93.6,6.7,NORMAL,N,8.405483405483471,0.0,25.216450216450415,0.0,15,0.0,0.0,0.0,25,0.0,20,0.0,0.0,6.666666666664982,N,,N,
05:22,AFFLE,11343,1658.7,0.8,1.59,,91.8,14.5,NORMAL,N,7.960622265435184,0.0,23.881866796305548,0.0,15,0.0,0.0,0.0,25,0.0,20,0.0,0.0,14.482758620689927,N,,N,
05:22,GEOJITFSL,11896,77.61,0.77,1.53,,90.6,0.0,NORMAL,N,7.660347961568469,0.0,22.981043884705407,0.0,15,0.0,0.0,0.0,25,0.0,20,0.0,0.0,0.0,N,,N,
05:22,MAHABANK,11377,78.85,0.73,1.46,,89.1,12.0,NORMAL,N,7.281553398058165,0.0,21.844660194174494,0.0,15,0.0,0.0,0.0,25,0.0,20,0.0,0.0,12.000000000001137,N,,N,
05:22,NFL,13925,72.4,0.68,1.36,,103.2,0.5,NORMAL,N,6.8140731469894185,0.0,20.442219440968255,0.0,15,0.0,0.0,0.5157542101686159,25,0.0,20,0.0,15.384615384615048,0.0,N,,N,
05:22,PNBGILTS,8736,81.22,0.64,1.29,,85.8,20.0,NORMAL,N,6.44361833952907,0.0,19.33085501858721,0.0,15,0.0,0.0,0.0,25,0.0,20,0.0,0.0,20.0,N,,N,
05:22,ESCORTS,958,3098.5,0.57,1.14,,82.7,0.0,NORMAL,N,5.679974034404413,0.0,17.03992210321324,0.0,15,0.0,0.0,0.0,25,0.0,20,0.0,0.0,0.0,N,,N,
05:22,TCS,11536,2466.0,0.54,1.08,,81.7,13.6,NORMAL,N,5.422595506992369,0.0,16.267786520977108,0.0,15,0.0,0.0,0.0,25,0.0,20,0.0,0.0,13.636363636361946,N,,N,
05:22,MCX,31181,2652.3,0.54,1.08,,89.7,0.0,NORMAL,N,5.420773313116066,0.0,16.2623199393482,0.0,15,0.0,0.0,0.0,25,0.0,20,0.0,8.000000000001819,0.0,N,,N,
05:22,SUPREMEINF,15002,91.85,0.54,1.07,,61.5,39.0,NORMAL,N,5.363397548161066,0.0,16.090192644483196,0.0,15,0.0,0.0,0.0,25,0.0,0.0,20,0.0,18.999999999999503,N,,N,
05:22,PHOENIXLTD,14552,1905.2,0.51,1.02,,80.5,0.0,NORMAL,N,5.117383276180452,0.0,15.352149828541355,0.0,15,0.0,0.0,0.0,25,0.0,20,0.0,0.0,0.0,N,,N,
05:22,DALBHARAT,8075,1836.7,0.51,1.02,,80.4,15.4,NORMAL,N,5.089197767319664,0.0,15.267593301958993,0.0,15,0.0,0.0,0.0,25,0.0,20,0.0,0.0,15.409836065574149,N,,N,
05:22,GODFRYPHLP,1181,2297.5,0.5,1.01,,80.1,18.7,NORMAL,N,5.030621172353456,0.0,15.091863517060366,0.0,15,0.0,0.0,0.0,25,0.0,20,0.0,0.0,18.666666666665858,N,,N,
05:22,AUROPHARMA,275,1665.9,0.48,0.95,,79.1,16.6,NORMAL,N,4.764776839565796,0.0,14.29433051869739,0.0,15,0.0,0.0,0.0,25,0.0,20,0.0,0.0,16.57142857142909,N,,N,
05:22,NTPCGREEN,27176,91.93,0.47,0.94,,88.0,0.0,NORMAL,N,4.699453551912642,0.0,14.098360655737928,0.0,15,0.0,0.0,0.0,25,0.0,20,0.0,9.230769230769903,0.0,N,,N,
05:22,WELCORP,11821,1846.5,0.36,0.73,,74.6,0.0,NORMAL,N,3.641700184802721,0.0,10.925100554408163,0.0,15,0.0,0.0,0.0,25,0.0,20,0.0,0.0,0.0,N,,N,
05:22,IDFCFIRSTB,11184,84.9,0.33,0.66,,89.2,0.0,NORMAL,N,3.3089104230678457,0.0,9.926731269203536,0.0,15,0.0,0.0,0.0,25,0.0,20,0.0,15.999999999998863,0.0,N,,N,
05:22,PTC,11355,178.6,-12.15,24.3,,75.0,57.2,NORMAL,Y,0.0,30.0,30.0,0.0,0.0,15,0.0,0.0,25,0.0,20,0.0,0.0,12.222222222221697,N,,N,
05:22,JAMNAAUTO,20778,128.48,-11.21,22.42,,75.0,55.9,NORMAL,Y,0.0,30.0,30.0,0.0,0.0,15,0.0,0.0,25,0.0,20,0.0,0.0,10.869565217391116,N,,N,
05:22,WINDMACHIN,24969,287.85,-5.17,10.34,,75.0,55.4,NORMAL,Y,0.0,30.0,30.0,0.0,0.0,15,0.0,0.0,25,0.0,20,0.0,0.0,10.399999999999636,N,,N,
05:22,PFC,14299,399.8,-4.81,9.62,,55.0,79.6,NORMAL,Y,0.0,30.0,30.0,0.0,0.0,15,0.0,0.0,25,0.0,0.0,20,0.0,14.615384615384313,N,,N,
05:22,NLCINDIA,8585,290.55,-4.55,9.1,,75.0,50.0,NORMAL,Y,0.0,30.0,30.0,0.0,0.0,15,0.0,0.0,25,0.0,20,0.0,0.0,5.000000000001421,N,,N,
05:22,RGL,15129,118.09,-4.15,8.3,,65.8,65.0,NORMAL,Y,0.0,30.0,30.0,0.0,0.0,15,0.0,0.0,25,0.0,0.0,20,10.769230769230798,0.0,N,,N,
05:22,OMNI,760865,554.7,-4.09,8.18,,75.0,49.9,NORMAL,Y,0.0,30.0,30.0,0.0,0.0,15,0.0,0.0,25,0.0,20,0.0,0.0,4.888888888888484,N,,N,
05:22,ZYDUSWELL,17635,514.6,-3.61,7.21,,55.0,68.6,NORMAL,N,0.0,30.0,30.0,0.0,0.0,15,0.0,0.0,25,0.0,0.0,20,0.0,3.5714285714286294,N,,N,
05:22,YATRA,18760,103.8,-3.02,6.04,,75.0,56.8,NORMAL,N,0.0,30.0,30.0,0.0,0.0,15,0.0,0.0,25,0.0,20,0.0,0.0,11.794871794871982,N,,N,
05:22,RECLTD,15355,356.0,-3.0,5.99,,55.0,79.4,NORMAL,N,0.0,29.97275204359673,30.0,0.0,0.0,15,0.0,0.0,25,0.0,0.0,20,0.0,14.399999999999636,N,,N,
05:22,CHEMPLASTS,5449,178.3,-2.89,5.78,,55.0,77.4,NORMAL,N,0.0,28.919993464408265,30.0,0.0,0.0,15,0.0,0.0,25,0.0,0.0,20,0.0,13.513513513513347,N,,N,
05:22,BHARTIHEXA,23489,1495.3,-2.83,5.65,,39.1,88.3,NORMAL,N,0.0,28.268780868208996,30.0,0.0,0.0,15,0.0,0.0,0.0,25,0.0,20,9.090909090908903,0.0,N,,N,
05:22,CHALET,8546,836.55,-2.69,5.39,,70.2,61.9,NORMAL,N,0.0,26.92799813888576,30.0,0.0,0.0,15,0.0,0.0,25,0.0,0.0,20,15.151515151514317,0.0,N,,N,
05:22,GODREJCP,10099,1026.2,-2.27,4.53,,55.0,72.9,NORMAL,N,0.0,22.66666666666662,30.0,0.0,0.0,15,0.0,0.0,25,0.0,0.0,20,0.0,15.263157894737047,N,,N,
05:22,VERANDA,8890,252.55,-2.09,4.19,,55.0,75.9,NORMAL,N,0.0,20.93428959100592,30.0,0.0,0.0,15,0.0,0.0,25,0.0,0.0,20,0.0,20.0,N,,N,
05:22,SIS,21501,426.0,-2.06,4.12,,55.0,55.6,NORMAL,Y,0.0,20.577077825037335,30.0,0.0,0.0,15,0.0,0.0,25,0.0,0.0,20,0.0,0.0,N,,N,
05:22,POWERMECH,10473,2488.1,-4.91,9.83,,55.0,73.8,NORMAL,Y,0.0,30.0,30.0,0.0,0.0,15,0.0,0.0,25,0.0,0.0,20,0.0,8.837209302323515,N,,N,
05:22,INOXWIND,7852,74.73,-4.19,8.38,,55.0,71.7,NORMAL,Y,0.0,30.0,30.0,0.0,0.0,15,0.0,0.0,25,0.0,0.0,20,0.0,6.666666666666035,N,,N,
05:22,LUPIN,10440,2281.8,-3.46,6.91,,55.0,74.5,NORMAL,N,0.0,30.0,30.0,0.0,0.0,15,0.0,0.0,25,0.0,0.0,20,0.0,9.473684210527576,N,,N,
05:22,KIRLOSENG,20936,2093.9,-3.14,6.27,,75.0,57.1,NORMAL,N,0.0,30.0,30.0,0.0,0.0,15,0.0,0.0,25,0.0,20,0.0,0.0,12.06611570247973,N,,N,
05:22,MRPL,2283,163.69,-1.99,3.98,,55.0,68.2,NORMAL,N,0.0,19.87904915873297,30.0,0.0,0.0,15,0.0,0.0,25,0.0,0.0,20,0.0,13.333333333334597,N,,N,
05:22,GPIL,13409,236.2,-1.83,3.67,,77.2,33.3,NORMAL,N,0.0,18.328415277835607,30.0,0.0,0.0,15,0.0,0.0,25,0.0,20,0.0,2.2222222222222223,0.0,N,,N,
05:23,WIPL,20481,165.0,-1.81,3.63,,62.1,40.3,NORMAL,N,0.0,18.14936030943178,30.0,0.0,0.0,15,0.0,7.1428571428571415,25,0.0,0.0,0.0,0.0,0.0,N,,N,
05:23,SYNGENE,10243,396.65,-1.75,3.49,,48.7,85.5,NORMAL,N,0.0,17.46346296755019,30.0,0.0,0.0,15,0.0,7.997040045297159,0.0,25,0.0,20,10.731707317073482,0.0,N,,N,
05:23,PARAS,5911,1255.1,-1.72,3.45,,55.0,66.3,NORMAL,N,0.0,17.22652885443583,30.0,0.0,0.0,15,0.0,0.0,25,0.0,0.0,20,0.0,14.084507042253701,N,,N,
05:23,AEGISLOG,40,1347.9,-1.68,3.37,,75.0,34.3,NORMAL,N,0.0,16.849015317286586,30.0,0.0,0.0,15,0.0,0.0,25,0.0,20,0.0,0.0,2.4390243902439566,N,,N,
05:23,TRENT,1964,3024.5,-2.66,5.32,,84.8,41.6,NORMAL,N,0.0,26.58427472562837,30.0,0.0,0.0,15,0.0,0.0,25,0.0,20,0.0,9.756097560975826,0.0,N,,N,
05:23,EIDPARRY,916,792.4,-1.58,3.15,,55.0,57.4,NORMAL,N,0.0,15.774437958017696,30.0,0.0,0.0,15,0.0,0.0,25,0.0,0.0,20,0.0,6.666666666664502,N,,N,
05:23,BANKINDIA,4745,142.79,-1.52,3.05,,55.0,62.2,NORMAL,N,0.0,15.241379310344884,30.0,0.0,0.0,15,0.0,0.0,25,0.0,0.0,20,0.0,12.000000000001137,N,,N,
05:23,HIKAL,9668,223.69,-1.52,3.04,,55.0,56.9,NORMAL,N,0.0,15.188870300255298,30.0,0.0,0.0,15,0.0,0.0,25,0.0,0.0,20,0.0,6.666666666665088,N,,N,
05:23,FDC,4898,364.2,-1.51,3.03,,75.0,50.1,NORMAL,N,0.0,15.143320713899465,30.0,0.0,0.0,15,0.0,0.0,25,0.0,0.0,20,20.0,0.0,N,,N,
05:23,J&KBANK,5633,156.85,-1.5,3.0,,75.0,40.6,NORMAL,N,0.0,15.008791760864197,30.0,0.0,0.0,15,0.0,0.0,25,0.0,20,0.0,0.0,10.588235294117943,N,,N,
05:23,TTKPRESTIG,3546,606.95,-1.46,2.92,,57.5,49.6,NORMAL,N,0.0,14.611575614903806,30.0,0.0,0.0,15,0.0,0.0,25,0.0,0.0,20,2.4999999999978684,0.0,N,,N,
05:23,BAJAJELEC,15034,365.95,-1.4,2.8,,55.0,50.0,NORMAL,N,0.0,14.010507880910655,30.0,0.0,0.0,15,0.0,0.0,25,0.0,0.0,20,0.0,0.9523809523811586,N,,N,
05:23,DEVYANI,5373,132.93,-1.34,2.67,,55.0,51.5,NORMAL,N,0.0,13.360053440213635,30.0,0.0,0.0,15,0.0,0.0,25,0.0,0.0,20,0.0,3.1578947368422625,N,,N,
05:23,UBL,16713,1382.8,-1.25,2.5,,55.0,56.2,NORMAL,N,0.0,12.497322002428051,30.0,0.0,0.0,15,0.0,0.0,25,0.0,0.0,20,0.0,8.666666666666364,N,,N,
05:23,WHIRLPOOL,18011,803.0,-1.25,2.5,,65.7,74.1,NORMAL,N,0.0,12.48232183483979,30.0,0.0,0.0,15,0.0,10.673115537293775,25,0.0,0.0,20,0.0,15.918367346938663,N,,N,
05:23,PSPPROJECT,20877,951.0,-1.24,2.48,,75.0,30.1,NORMAL,N,0.0,12.409782439379038,30.0,0.0,0.0,15,0.0,0.0,25,0.0,20,0.0,0.0,2.7027027027026698,N,,N,
05:23,KFINTECH,13359,924.5,-1.23,2.46,,55.0,49.3,NORMAL,N,0.0,12.286324786324787,30.0,0.0,0.0,15,0.0,0.0,25,0.0,0.0,20,0.0,2.0000000000004547,N,,N,
05:23,MATRIMONY,21726,475.05,-1.2,2.39,,55.0,67.0,NORMAL,N,0.0,11.959234608985026,30.0,0.0,0.0,15,0.0,0.0,25,0.0,0.0,20,0.0,20.0,N,,N,
05:23,MSTCLTD,9356,584.25,-1.18,2.37,,67.2,46.8,NORMAL,N,0.0,11.839323467230445,30.0,0.0,0.0,15,0.0,0.0,25,0.0,0.0,20,12.222222222224046,0.0,N,,N,
05:23,SCI,3048,301.35,-1.12,2.23,,75.0,40.9,NORMAL,N,0.0,11.156685808039303,30.0,0.0,0.0,15,0.0,0.0,25,0.0,20,0.0,0.0,14.73684210526429,N,,N,
05:23,RITES,3761,231.66,-1.1,2.2,,75.0,39.9,NORMAL,N,0.0,11.014344262295136,30.0,0.0,0.0,15,0.0,0.0,25,0.0,20,0.0,0.0,13.846153846153761,N,,N,
05:23,FINPIPE,1041,162.67,-1.07,2.14,,75.0,41.0,NORMAL,N,0.0,10.70364288755105,30.0,0.0,0.0,15,0.0,0.0,25,0.0,20,0.0,0.0,15.254237288136084,N,,N,
05:23,LOTUSEYE,16807,117.55,-1.07,2.14,,30.0,70.7,NORMAL,N,0.0,10.688436290186806,30.0,0.0,0.0,15,0.0,0.0,0.0,25,0.0,20,0.0,0.0,N,,N,
05:23,LLOYDSME,17313,2058.5,-2.03,4.06,,43.2,80.3,NORMAL,N,0.0,20.321720921378173,30.0,0.0,0.0,15,0.0,0.0,0.0,25,0.0,20,13.225806451612998,0.0,N,,Y,NONRESULTS
05:23,ICICIPRULI,18652,496.0,-1.01,2.02,,75.0,27.6,NORMAL,N,0.0,10.078834447659938,30.0,0.0,0.0,15,0.0,0.0,25,0.0,20,0.0,0.0,2.5000000000007105,N,,N,
05:23,HDFCLIFE,467,534.6,-1.0,2.0,,75.0,27.0,NORMAL,N,0.0,9.99999999999996,29.999999999999876,0.0,0.0,15,0.0,0.0,25,0.0,20,0.0,0.0,1.999999999998181,N,,N,
05:23,PATANJALI,17029,353.95,-0.99,1.99,,54.8,48.3,NORMAL,N,0.0,9.930069930069962,29.790209790209882,0.0,0.0,15,0.0,0.0,25,0.0,0.0,20,0.0,3.333333333333965,N,,N,
05:23,TECHNOE,6445,1055.8,-0.98,1.96,,54.4,53.2,NORMAL,N,0.0,9.800703399765576,29.40211019929673,0.0,0.0,15,0.0,0.0,25,0.0,0.0,20,0.0,8.4210526315792,N,,N,
05:23,GOCLCORP,3963,434.0,-0.97,1.94,,74.1,24.7,NORMAL,N,0.0,9.697661152310326,29.092983456930977,0.0,0.0,15,0.0,0.0,25,0.0,20,0.0,0.0,0.0,N,,N,
05:23,SAMHI,18614,172.98,-0.96,1.91,,75.0,24.6,NORMAL,N,0.0,9.56198110506737,28.685943315202106,0.0,0.0,15,0.0,0.0,25,0.0,20,0.0,1.33333333333207,0.0,N,,N,
05:23,IPCALAB,1633,1702.0,-1.95,3.89,,30.0,89.7,NORMAL,N,0.0,19.472289434266592,30.0,0.0,0.0,15,0.0,0.0,0.0,25,0.0,20,0.0,10.19607843137192,N,,N,
05:23,RAMKY,20134,403.0,-0.95,1.89,,53.4,44.5,NORMAL,N,0.0,9.46294703207576,28.38884109622728,0.0,0.0,15,0.0,0.0,25,0.0,0.0,20,0.0,0.0,N,,N,
05:23,BPCL,526,318.0,-0.93,1.87,,73.0,41.5,NORMAL,N,0.0,9.345794392523365,28.03738317757009,0.0,0.0,15,0.0,0.0,25,0.0,20,0.0,0.0,17.142857142856677,N,,N,
05:23,VAIBHAVGBL,11364,240.75,-0.91,1.81,,72.2,27.7,NORMAL,N,0.0,9.055361185429053,27.166083556287163,0.0,0.0,15,0.0,0.0,25,0.0,20,0.0,0.0,3.6363636363633542,N,,N,
05:23,SAPPHIRE,6718,222.2,-0.9,1.8,,74.4,24.0,NORMAL,N,0.0,9.009009009009054,27.02702702702716,0.0,0.0,15,0.0,0.0,25,0.0,20,0.0,2.358974358974268,0.0,N,,N,
05:23,PETRONET,11351,278.1,-0.89,1.78,,71.7,43.9,NORMAL,N,0.0,8.909479686386314,26.72843905915894,0.0,0.0,15,0.0,0.0,25,0.0,20,0.0,0.0,20.0,N,,N,
05:23,POWERGRID,14977,269.3,-0.85,1.69,,58.4,43.5,NORMAL,N,0.0,8.468335787923458,25.405007363770373,0.0,0.0,15,0.0,0.0,25,0.0,0.0,20,7.9999999999972715,0.0,N,,N,
05:23,EMSLIMITED,18593,401.0,-0.84,1.68,,70.2,23.4,NORMAL,N,0.0,8.407517309594406,25.22255192878322,0.0,0.0,15,0.0,0.0,25,0.0,20,0.0,0.0,0.0,N,,N,
05:23,IOC,1624,142.19,-0.83,1.66,,69.9,37.0,NORMAL,N,0.0,8.299623378434912,24.898870135304737,0.0,0.0,15,0.0,0.0,25,0.0,20,0.0,0.0,13.749999999998446,N,,N,
05:23,APTUS,5435,258.55,-0.81,1.61,,69.2,33.1,NORMAL,N,0.0,8.056781124112666,24.170343372337996,0.0,0.0,15,0.0,0.0,25,0.0,20,0.0,0.0,10.0,N,,N,
05:23,ANGELONE,324,289.65,-0.8,1.61,,72.0,23.0,NORMAL,N,0.0,8.04794520547953,24.14383561643859,0.0,0.0,15,0.0,0.0,25,0.0,20,0.0,2.8571428571433213,0.0,N,,N,
05:23,HINDALCO,1363,1051.2,-0.79,1.59,,48.8,57.3,NORMAL,N,0.0,7.927519818799418,23.782559456398253,0.0,0.0,15,0.0,0.0,25,0.0,0.0,20,0.0,14.352941176470376,N,,N,
05:23,MARICO,4067,855.3,-0.78,1.55,,48.3,56.8,NORMAL,N,0.0,7.772621809744832,23.317865429234494,0.0,0.0,15,0.0,0.0,25,0.0,0.0,20,0.0,14.074074074074511,N,,N,
05:23,ITC,1660,283.95,-0.75,1.5,,47.5,51.4,NORMAL,N,0.0,7.514854945823257,22.54456483746977,0.0,0.0,15,0.0,0.0,25,0.0,0.0,20,0.0,8.888888888888609,N,,N,
05:23,TATACAP,759265,367.55,-0.74,1.49,,74.8,22.4,NORMAL,N,0.0,7.426411018093438,22.27923305428031,0.0,0.0,15,0.0,0.0,25,0.0,20,0.0,7.4999999999992895,0.0,N,,N,
05:23,MGL,17534,1131.2,-0.74,1.47,,47.1,42.4,NORMAL,N,0.0,7.371007371007252,22.113022113021756,0.0,0.0,15,0.0,0.0,25,0.0,0.0,20,0.0,0.0,N,,N,
05:23,SBIN,3045,1089.2,-0.73,1.46,,46.9,49.8,NORMAL,N,0.0,7.291286912139992,21.873860736419978,0.0,0.0,15,0.0,0.0,25,0.0,0.0,20,0.0,7.500000000004974,N,,N,
05:23,SUPREMEIND,3363,3417.0,-1.73,3.45,,84.9,32.3,NORMAL,N,0.0,17.256255392579813,30.0,0.0,0.0,15,0.0,0.0,25,0.0,20,0.0,9.85507246376825,0.0,N,,N,
05:23,VOLTAS,3718,1275.7,-0.72,1.45,,46.7,42.2,NORMAL,N,0.0,7.237354085603077,21.712062256809233,0.0,0.0,15,0.0,0.0,25,0.0,0.0,20,0.0,0.0,N,,N,
05:23,ELGIEQUIP,937,584.2,-0.72,1.44,,71.3,22.2,NORMAL,N,0.0,7.222363837199421,21.667091511598265,0.0,0.0,15,0.0,0.0,25,0.0,20,0.0,4.583333333332998,0.0,N,,N,
05:23,SBICARD,17971,654.25,-0.72,1.44,,46.6,43.3,NORMAL,N,0.0,7.207890743550834,21.623672230652502,0.0,0.0,15,0.0,0.0,25,0.0,0.0,20,0.0,1.1111111111125147,N,,N,
05:23,RVNL,9552,231.7,-0.72,1.44,,66.6,28.4,NORMAL,N,0.0,7.198560287942442,21.595680863827326,0.0,0.0,15,0.0,0.0,25,0.0,20,0.0,0.0,6.249999999998002,N,,N,
05:23,PUNJABCHEM,4344,1103.2,-0.71,1.42,,42.7,68.5,NORMAL,N,0.0,7.110071100710885,21.330213302132655,0.0,0.0,15,0.0,1.3543180784675553,0.0,25,0.0,20,20.0,0.0,N,,N,
05:23,BDL,2144,1284.9,-0.7,1.41,,46.1,51.4,NORMAL,N,0.0,7.032457496135942,21.097372488407828,0.0,0.0,15,0.0,0.0,25,0.0,0.0,20,0.0,9.33333333333394,N,,N,
05:23,TCIEXP,19223,550.7,-0.7,1.41,,66.1,22.0,NORMAL,N,0.0,7.0320952037504085,21.09628561125123,0.0,0.0,15,0.0,0.0,25,0.0,20,0.0,0.0,0.0,N,,N,
05:23,MFSL,2142,1486.9,-0.7,1.4,,66.0,33.8,NORMAL,N,0.0,7.012154400961666,21.036463202885,0.0,0.0,15,0.0,0.0,25,0.0,20,0.0,0.0,11.818181818181161,N,,N,
05:23,GAIL,4717,172.43,-0.69,1.38,,48.2,41.9,NORMAL,N,0.0,6.911248056211419,20.733744168634257,0.0,0.0,15,0.0,0.0,25,0.0,0.0,20,2.5,0.0,N,,N,
05:23,HDBFS,757772,661.05,-0.69,1.38,,65.7,39.6,NORMAL,N,0.0,6.9105385713212995,20.731615713963897,0.0,0.0,15,0.0,0.0,25,0.0,20,0.0,0.0,17.69230769230796,N,,N,
05:23,TIPSMUSIC,9117,640.95,-0.68,1.36,,65.5,24.3,NORMAL,N,0.0,6.818005733322968,20.454017199968906,0.0,0.0,15,0.0,0.0,25,0.0,20,0.0,0.0,2.5000000000003553,N,,N,
05:23,ROSSARI,19410,510.5,-0.67,1.34,,65.1,21.7,NORMAL,N,0.0,6.712715244673695,20.138145734021084,0.0,0.0,15,0.0,0.0,25,0.0,20,0.0,0.0,0.0,N,,N,
05:23,PNB,10666,114.05,-0.66,1.32,,44.9,48.7,NORMAL,N,0.0,6.619632436198982,19.858897308596948,0.0,0.0,15,0.0,0.0,25,0.0,0.0,20,0.0,7.058823529412551,N,,N,
05:23,CAMPUS,9362,222.9,-0.66,1.31,,84.7,21.6,NORMAL,N,0.0,6.551678031822432,19.655034095467293,0.0,0.0,15,0.0,0.0,25,0.0,20,0.0,20.0,0.0,N,,N,
05:23,QUICKHEAL,13131,154.01,-0.65,1.3,,45.7,43.4,NORMAL,N,0.0,6.515288349890461,19.545865049671384,0.0,0.0,15,0.0,1.1642017556809976,25,0.0,0.0,20,0.0,0.6920415224913135,N,,N,
05:23,ABMKNO,762528,185.0,-0.65,1.3,,39.5,46.5,NORMAL,N,0.0,6.498039847484066,19.4941195424522,0.0,0.0,15,0.0,0.0,0.0,25,20,0.0,0.0,0.0,N,,N,
05:23,CGPOWER,760,873.3,-0.65,1.3,,75.1,21.5,NORMAL,N,0.0,6.484641638225308,19.453924914675923,0.0,0.0,15,0.0,0.0,25,0.0,20,0.0,10.66666666666606,0.0,N,,N,
05:23,NYKAA,6545,329.85,-0.65,1.3,,44.4,58.6,NORMAL,N,0.0,6.475903614457763,19.42771084337329,0.0,0.0,15,0.0,0.0,25,0.0,0.0,20,0.0,17.142857142856215,N,,N,
05:23,GUJGASLTD,10599,263.6,-0.64,1.28,,44.2,49.4,NORMAL,N,0.0,6.4078401809272085,19.22352054278163,0.0,0.0,15,0.0,0.0,25,0.0,0.0,20,0.0,7.9999999999972715,N,,N,
05:23,MARKSANS,10579,272.1,-0.64,1.28,,44.2,54.0,NORMAL,N,0.0,6.390359685959465,19.171079057878398,0.0,0.0,15,0.0,0.0,25,0.0,0.0,20,0.0,12.631578947367855,N,,N,
05:23,YUKEN,5501,795.05,-0.62,1.25,,88.7,46.2,NORMAL,N,0.0,6.249609399412537,18.748828198237614,0.0,0.0,15,0.0,25.0,25,0.0,20,0.0,0.0,0.0,N,,N,
05:23,SHARDACROP,4992,809.1,-0.61,1.22,,63.2,31.7,NORMAL,N,0.0,6.080707573244803,18.24212271973441,0.0,0.0,15,0.0,0.0,25,0.0,20,0.0,0.0,10.588235294118434,N,,N,
05:23,GROWW,759806,189.35,-0.6,1.21,,59.6,41.0,NORMAL,N,0.0,6.036745406824177,18.11023622047253,0.0,0.0,15,0.0,0.0,25,0.0,0.0,20,16.52173913043532,0.0,N,,N,
05:23,GARFIBRES,1100,806.95,-0.6,1.21,,63.1,41.0,NORMAL,N,0.0,6.035597708936352,18.106793126809055,0.0,0.0,15,0.0,0.0,25,0.0,20,0.0,0.0,20.0,N,,N,
05:23,INDOCO,11677,220.43,-0.59,1.17,,62.6,40.4,NORMAL,N,0.0,5.862986515130939,17.588959545392818,0.0,0.0,15,0.0,0.0,25,0.0,20,0.0,0.0,19.487179487179937,N,,N,
05:23,KARURVYSYA,1838,333.6,-0.58,1.16,,42.4,47.0,NORMAL,N,0.0,5.811354492624015,17.434063477872048,0.0,0.0,15,0.0,0.0,25,0.0,0.0,20,0.0,6.153846153845482,N,,N,
05:23,SBFC,18026,92.77,-1.57,3.14,,55.0,63.6,NORMAL,N,0.0,15.70291777188333,30.0,0.0,0.0,15,0.0,0.0,25,0.0,0.0,20,0.0,12.857142857143291,N,,N,
05:23,ZFCVINDIA,16915,2595.9,-1.57,3.13,,58.3,50.7,NORMAL,N,0.0,15.660549067192376,30.0,0.0,0.0,15,0.0,0.0,25,0.0,0.0,20,3.333333333333333,0.0,N,,N,
05:23,CANBK,10794,131.21,-0.56,1.12,,61.8,35.8,NORMAL,N,0.0,5.6081849185295995,16.8245547555888,0.0,0.0,15,0.0,0.0,25,0.0,20,0.0,0.0,15.238095238094335,N,,N,
05:23,GMRAIRPORT,13528,106.6,-0.56,1.12,,61.8,27.3,NORMAL,N,0.0,5.597014925373214,16.79104477611964,0.0,0.0,15,0.0,0.0,25,0.0,20,0.0,0.0,6.666666666666666,Y,NONRESULTS,N,
05:23,GODREJIND,10925,1304.3,-0.55,1.1,,61.5,20.5,NORMAL,N,0.0,5.489897064430076,16.469691193290227,0.0,0.0,15,0.0,0.0,25,0.0,20,0.0,0.0,0.0,N,,N,
05:23,HAVELLS,9819,1281.0,-0.54,1.09,,61.3,26.4,NORMAL,N,0.0,5.434782608695652,16.304347826086957,0.0,0.0,15,0.0,0.0,25,0.0,20,0.0,0.0,6.000000000003638,N,,N,
05:23,COALINDIA,20374,413.0,-0.54,1.08,,41.3,47.6,NORMAL,N,0.0,5.418422636965683,16.25526791089705,0.0,0.0,15,0.0,0.0,25,0.0,0.0,20,0.0,7.142857142857259,N,,N,
05:23,SYMPHONY,24190,650.55,-0.54,1.07,,41.1,40.4,NORMAL,N,0.0,5.351272838468008,16.05381851540402,0.0,0.0,15,0.0,0.0,25,0.0,0.0,20,0.0,0.0,N,,N,
05:23,ADANIGREEN,3563,1365.1,-0.53,1.06,,49.7,40.3,NORMAL,N,0.0,5.319148936170346,15.957446808511037,0.0,0.0,15,0.0,0.0,25,0.0,0.0,20,8.695652173913215,0.0,N,,N,
05:23,VISHNU,6908,583.5,-0.53,1.06,,63.2,20.3,NORMAL,N,0.0,5.28469144220938,15.854074326628142,0.0,0.0,15,0.0,0.0,25,0.0,20,0.0,2.3529411764710604,0.0,N,,N,
05:23,FSL,14304,278.45,-0.5,1.0,,66.7,20.0,NORMAL,N,0.0,5.002680007146807,15.00804002144042,0.0,0.0,15,0.0,0.0,25,0.0,20,0.0,6.66666666666414,0.0,N,,N,
05:23,EXIDEIND,676,487.55,-0.5,1.0,,40.0,44.8,NORMAL,N,0.0,4.999999999999976,14.99999999999993,0.0,0.0,15,0.0,0.0,25,0.0,0.0,20,0.0,4.799999999999272,N,,N,
05:23,SANGAMIND,4184,608.75,-0.5,1.0,,35.0,65.0,NORMAL,N,0.0,4.9852893102320275,14.955867930696083,0.0,0.0,15,0.0,0.0,0.0,25,0.0,20,20.0,0.0,N,,N,
05:23,NTPC,11630,340.9,-0.47,0.93,,39.0,39.7,NORMAL,N,0.0,4.671532846715396,14.014598540146185,0.0,0.0,15,0.0,0.0,25,0.0,0.0,20,0.0,0.0,N,,N,
05:23,TITAGARH,15414,843.5,-0.47,0.93,,59.0,30.9,NORMAL,N,0.0,4.661041949377598,13.983125848132794,0.0,0.0,15,0.0,0.0,25,0.0,20,0.0,0.0,11.250000000000977,N,,N,
05:23,SANDHAR,2397,663.55,-0.47,0.93,,39.0,45.7,NORMAL,N,0.0,4.650116252906356,13.95034875871907,0.0,0.0,15,0.0,0.0,25,0.0,0.0,20,0.0,5.9999999999990905,N,,N,
05:23,JAINREC,759244,307.0,-0.45,0.91,,58.6,26.2,NORMAL,N,0.0,4.539559014267112,13.618677042801336,0.0,0.0,15,0.0,0.0,25,0.0,20,0.0,0.0,6.666666666666035,N,,N,
05:23,RELIANCE,2885,1328.9,-0.44,0.88,,60.8,19.4,NORMAL,N,0.0,4.420137848366695,13.260413545100084,0.0,0.0,15,0.0,0.0,25,0.0,20,0.0,2.5000000000003553,0.0,N,,N,
05:23,SHYAMMETL,4693,1002.6,-0.43,0.85,,37.8,55.3,NORMAL,N,0.0,4.2705333200913245,12.811599960273973,0.0,0.0,15,0.0,0.0,25,0.0,0.0,20,0.0,16.0,N,,N,
05:23,SPARC,14788,212.31,-0.42,0.84,,57.7,33.7,NORMAL,N,0.0,4.221190375685969,12.66357112705791,0.0,0.0,15,0.0,0.0,25,0.0,20,0.0,0.0,14.46808510638316,N,,N,
05:23,NCC,2319,145.0,-0.41,0.81,,42.2,39.1,NORMAL,N,0.0,4.052476131602469,12.157428394807406,0.0,0.0,15,0.0,0.0,25,0.0,0.0,20,4.999999999996447,0.0,N,,N,
05:23,WSTCSTPAPR,3799,596.7,-0.4,0.8,,57.0,19.8,NORMAL,N,0.0,4.006009013520242,12.018027040560728,0.0,0.0,15,0.0,0.0,25,0.0,20,0.0,0.0,0.8163265306115252,N,,N,
05:23,UPL,11287,570.75,-0.39,0.79,,56.8,28.4,NORMAL,N,0.0,3.926701570680628,11.780104712041885,0.0,0.0,15,0.0,0.0,25,0.0,20,0.0,0.0,9.473684210527953,N,,N,
05:23,ASTRAL,14418,1438.5,-0.38,0.76,,56.4,23.3,NORMAL,N,0.0,3.808864265927978,11.426592797783934,0.0,0.0,15,0.0,0.0,25,0.0,20,0.0,0.0,4.444444444443696,N,,N,
05:23,SUNTECK,17641,298.05,-0.37,0.74,,36.0,44.1,NORMAL,N,0.0,3.677085074377289,11.031255223131868,0.0,0.0,15,0.0,0.0,25,0.0,0.0,20,0.0,5.454545454546582,N,,N,
05:23,HOMEFIRST,2056,1189.5,-0.36,0.72,,55.8,29.6,NORMAL,N,0.0,3.601943374099476,10.805830122298428,0.0,0.0,15,0.0,0.0,25,0.0,20,0.0,0.0,11.034482758619717,N,,N,
05:23,APOLLOTYRE,163,443.5,-0.34,0.67,,64.2,18.4,NORMAL,N,0.0,3.3707865168539324,10.112359550561797,0.0,0.0,15,0.0,0.0,25,0.0,20,0.0,9.090909090909843,0.0,N,,N,
05:23,IREDA,20261,119.41,-0.33,0.65,,66.2,18.3,NORMAL,N,0.0,3.2554257095158645,9.766277128547593,0.0,0.0,15,0.0,0.0,25,0.0,20,0.0,11.428571428573168,0.0,N,,N,
05:23,SURYAROSNI,3375,251.54,-0.32,0.64,,34.6,50.0,NORMAL,N,0.0,3.209827620368545,9.629482861105634,0.0,0.0,15,0.0,0.0,25,0.0,0.0,20,0.0,11.833333333333298,N,,N,
05:23,WIPRO,3787,186.96,-0.3,0.61,,34.1,54.6,NORMAL,N,0.0,3.039513677811514,9.118541033434543,0.0,0.0,15,0.0,0.0,25,0.0,0.0,20,0.0,16.551724137930155,N,,N,
05:23,TATAPOWER,3426,379.4,-0.3,0.6,,9.1,69.7,NORMAL,N,0.0,3.0219419261595952,9.065825778478786,0.0,0.0,15,0.0,0.0,0.0,25,0.0,20,0.0,6.66666666666793,N,,N,
05:23,TOKYOPLAST,9710,80.0,-1.23,2.47,,62.1,34.5,NORMAL,N,0.0,12.345679012345677,30.0,0.0,0.0,15,0.0,7.1428571428571415,25,0.0,0.0,0.0,0.0,0.0,N,,N,
05:23,RAINBOW,9408,1540.4,-1.05,2.09,,55.0,54.5,NORMAL,N,0.0,10.470867861501864,30.0,0.0,0.0,15,0.0,0.0,25,0.0,0.0,20,0.0,9.00000000000091,N,,N,
05:23,PIIND,24184,2746.0,-1.03,2.06,,55.0,48.4,NORMAL,N,0.0,10.307792114178588,30.0,0.0,0.0,15,0.0,0.0,25,0.0,0.0,20,0.0,3.076923076923077,N,,N,
05:23,ADANIPORTS,15083,1678.2,-0.9,1.81,,63.2,44.0,NORMAL,N,0.0,9.034543844109805,27.103631532329416,0.0,0.0,15,0.0,0.0,25,0.0,0.0,20,11.111111111109988,0.0,N,,N,
05:23,LGEINDIA,760213,1573.2,-0.84,1.68,,50.1,45.9,NORMAL,N,0.0,8.383233532934103,25.149700598802312,0.0,0.0,15,0.0,0.0,25,0.0,0.0,20,0.0,2.5000000000007105,N,,N,
05:23,ADANIENSOL,10217,1616.7,-0.82,1.64,,62.1,43.2,NORMAL,N,0.0,8.220354579473568,24.661063738420708,0.0,0.0,15,0.0,0.0,25,0.0,0.0,20,12.432432432432034,0.0,N,,N,
05:23,NITTAGELA,762824,1709.4,-0.78,1.57,,68.5,22.8,NORMAL,N,0.0,7.835625979453248,23.50687793835974,0.0,0.0,15,0.0,0.0,25,0.0,20,0.0,0.0,0.0,N,,N,
05:23,ICICIGI,21770,1626.2,-0.78,1.56,,68.4,27.0,NORMAL,N,0.0,7.809640024405098,23.428920073215295,0.0,0.0,15,0.0,0.0,25,0.0,20,0.0,0.0,4.166666666666903,N,,N,
05:23,JAGRAN,13211,62.99,-0.74,1.48,,25.0,70.2,NORMAL,N,0.0,7.406240151276376,22.21872045382913,0.0,0.0,15,0.0,2.793381831081402,0.0,25,0.0,20,0.0,0.0,N,,N,
05:23,ADANIENT,25,3000.0,-0.66,1.32,,64.9,26.4,NORMAL,N,0.0,6.622516556291391,19.867549668874172,0.0,0.0,15,0.0,0.0,25,0.0,20,0.0,0.0,4.73684210526341,N,,N,
05:23,BAJAJHFL,25270,85.26,-0.62,1.24,,63.5,38.7,NORMAL,N,0.0,6.1778762093484225,18.533628628045264,0.0,0.0,15,0.0,0.0,25,0.0,20,0.0,0.0,17.499999999998668,N,,N,
05:23,BHARTIARTL,10604,1948.2,-0.6,1.19,,68.2,21.0,NORMAL,N,0.0,5.969692331241412,17.909076993724238,0.0,0.0,15,0.0,0.0,25,0.0,20,0.0,5.333333333334545,0.0,N,,N,
05:23,WABAG,20188,1947.0,-0.55,1.09,,63.3,20.5,NORMAL,N,0.0,5.465597384686135,16.396792154058407,0.0,0.0,15,0.0,0.0,25,0.0,20,0.0,1.8947368421054547,0.0,N,,N,
05:23,HINDUNILVR,1394,2084.8,-0.53,1.07,,61.0,38.8,NORMAL,N,0.0,5.343511450381593,16.03053435114478,0.0,0.0,15,0.0,0.0,25,0.0,20,0.0,0.0,18.461538461539806,N,,N,
05:23,SRF,3273,2601.4,-0.52,1.04,,40.6,48.5,NORMAL,N,0.0,5.200764818355605,15.602294455066817,0.0,0.0,15,0.0,0.0,25,0.0,0.0,20,0.0,8.275862068964003,N,,N,
05:23,ZEEL,3812,93.73,-0.49,0.98,,39.7,47.4,NORMAL,N,0.0,4.883745620554133,14.651236861662397,0.0,0.0,15,0.0,0.0,25,0.0,0.0,20,0.0,7.500000000000444,N,,N,
05:23,NESTLEIND,17963,1532.8,-0.47,0.94,,39.0,56.0,NORMAL,N,0.0,4.675324675324704,14.025974025974113,0.0,0.0,15,0.0,0.0,25,0.0,0.0,20,0.0,16.363636363636175,N,,N,
05:23,MANKIND,15380,2446.6,-0.38,0.77,,36.5,58.8,NORMAL,N,0.0,3.827361563517953,11.482084690553858,0.0,0.0,15,0.0,0.0,25,0.0,0.0,20,0.0,20.0,N,,N,
05:23,IDBI,1476,83.91,-0.37,0.74,,56.0,35.2,NORMAL,N,0.0,3.6808359059606066,11.04250771788182,0.0,0.0,15,0.0,0.0,25,0.0,20,0.0,0.0,16.47058823529402,N,,N,
05:23,NBCC,31415,95.0,-0.35,0.69,,55.4,27.4,NORMAL,N,0.0,3.461659498583849,10.384978495751547,0.0,0.0,15,0.0,0.0,25,0.0,20,0.0,0.0,8.888888888889943,N,,N,
05:23,WAAREEENER,25907,2708.5,-0.31,0.63,,54.4,36.3,NORMAL,N,0.0,3.12845049687155,9.38535149061465,0.0,0.0,15,0.0,0.0,25,0.0,20,0.0,0.0,18.20895522388082,N,,N,
05:23,GLAXO,1153,2591.9,-0.3,0.6,,34.0,58.0,NORMAL,N,0.0,3.0003461937914864,9.00103858137446,0.0,0.0,15,0.0,0.0,25,0.0,0.0,20,0.0,20.0,N,,N,
05:23,SCHNEIDER,31234,1394.9,2.96,5.92,,119.6,14.6,NORMAL,N,29.598464718039665,0.0,30.0,0.0,15,0.0,0.0,0.0,25,0.0,20,0.0,0.0,14.634146341463335,N,,N,
05:23,BRIGADE,15184,599.05,2.94,5.88,,136.7,0.0,NORMAL,N,29.38396769481898,0.0,30.0,0.0,15,0.0,0.0,0.0,25,0.0,20,0.0,17.333333333332728,0.0,N,,N,
05:23,NEWGEN,1164,566.55,2.82,5.64,,118.2,8.8,NORMAL,N,28.2214156079854,0.0,30.0,0.0,15,0.0,0.0,0.0,25,0.0,20,0.0,0.0,8.750000000001066,N,,N,
05:23,OIL,17438,454.65,2.68,5.35,,98.2,20.0,NORMAL,N,26.761517615176075,0.0,30.0,0.0,15,0.0,0.0,0.0,25,0.0,0.0,20,1.4285714285717765,0.0,N,,N,
05:23,HFCL,21951,213.5,2.65,5.31,,123.7,0.0,NORMAL,N,26.54101355899611,0.0,30.0,0.0,15,0.0,0.0,0.0,25,0.0,20,0.0,7.142857142856708,0.0,N,,N,
05:37,PDSL,5264,386.0,6.67,13.35,,120.0,10.0,NORMAL,Y,30.0,0.0,30.0,0.0,15,0.0,0.0,0.0,25,0.0,20,0.0,0.0,10.0,Y,NONRESULTS,N,
05:37,HISARMETAL,19322,160.55,5.61,11.22,,100.0,20.0,NORMAL,Y,30.0,0.0,30.0,0.0,15,0.0,0.0,0.0,25,0.0,0.0,20,0.0,0.0,Y,NONRESULTS,N,
05:37,ZENITHEXPO,4176,227.1,4.89,9.78,,75.0,45.0,NORMAL,Y,30.0,0.0,30.0,0.0,15,0.0,0.0,0.0,0.0,25,0.0,20,0.0,0.0,N,,N,
05:37,TRIVENI,13081,244.61,4.88,9.77,,137.4,0.0,NORMAL,Y,30.0,0.0,30.0,0.0,15,0.0,0.0,0.0,25,0.0,20,0.0,17.43589743589746,0.0,N,,N,
05:37,HCG,15555,707.0,4.61,9.22,,126.3,0.0,NORMAL,Y,30.0,0.0,30.0,0.0,15,0.0,0.0,0.0,25,0.0,20,0.0,6.315789473683706,0.0,N,,N,
05:37,MAHSEAMLES,2088,615.85,4.43,8.87,,120.0,19.3,NORMAL,Y,30.0,0.0,30.0,0.0,15,0.0,0.0,0.0,25,0.0,20,0.0,0.0,19.31034482758529,N,,N,
05:37,NELCO,2388,999.6,4.24,8.49,,123.1,0.0,NORMAL,Y,30.0,0.0,30.0,0.0,15,0.0,0.0,0.0,25,0.0,20,0.0,3.076923076922875,0.0,N,,N,
05:37,SUPRAJIT,11689,542.6,3.99,7.97,,100.0,36.0,NORMAL,N,30.0,0.0,30.0,0.0,15,0.0,0.0,0.0,25,0.0,0.0,20,0.0,15.99999999999909,N,,N,
05:37,SHILPAMED,17752,788.45,3.78,7.56,,130.7,0.0,NORMAL,N,30.0,0.0,30.0,0.0,15,0.0,0.0,0.0,25,0.0,20,0.0,10.697674418603986,0.0,N,,N,
05:37,RAMCOSYS,7851,661.35,3.68,7.35,,136.5,7.7,NORMAL,N,30.0,0.0,30.0,0.0,15,0.0,0.0,7.734937396022618,25,0.0,20,0.0,8.799999999999272,0.0,N,,N,
05:37,FINCABLES,1038,1062.3,3.67,7.35,,131.5,0.0,NORMAL,Y,30.0,0.0,30.0,0.0,15,0.0,0.0,0.0,25,0.0,20,0.0,11.499999999998636,0.0,N,,N,
05:37,MAXESTATES,19646,411.5,3.63,7.25,,143.4,12.3,NORMAL,N,30.0,0.0,30.0,0.0,15,0.0,0.0,12.302036550325667,25,0.0,20,0.0,11.111111111111136,0.0,N,,N,
05:37,NAUKRI,13751,1267.7,3.46,6.92,,123.3,0.0,NORMAL,N,30.0,0.0,30.0,0.0,15,0.0,0.0,0.0,25,0.0,20,0.0,3.333333333333965,0.0,N,,N,
05:37,RAMCOCEM,2043,966.0,3.45,6.9,,100.0,24.0,NORMAL,N,30.0,0.0,30.0,0.0,15,0.0,0.0,0.0,25,0.0,0.0,20,0.0,4.000000000000152,N,,N,
05:37,BRIGADE,15184,602.0,3.45,6.89,,120.0,9.7,NORMAL,N,30.0,0.0,30.0,0.0,15,0.0,0.0,0.0,25,0.0,20,0.0,0.0,9.729729729729364,N,,N,
05:37,HFCL,21951,214.8,3.28,6.56,,135.0,0.0,NORMAL,N,30.0,0.0,30.0,0.0,15,0.0,0.0,0.0,25,0.0,20,0.0,15.000000000000355,0.0,N,,N,
05:37,UCAL,3570,121.95,2.95,5.89,,127.9,8.5,NORMAL,N,29.461421576903675,0.0,30.0,0.0,15,0.0,0.0,8.451794104684662,25,0.0,20,0.0,0.0,0.0,N,,N,
05:37,IONEXCHANG,1630,382.15,2.84,5.68,,98.4,32.5,NORMAL,N,28.390742734122586,0.0,30.0,0.0,15,0.0,0.0,0.0,25,0.0,0.0,20,0.0,12.50000000000071,N,,Y,NONRESULTS
05:37,MAHLOG,385,413.5,2.68,5.36,,134.0,0.0,NORMAL,N,26.818971939409018,0.0,30.0,0.0,15,0.0,0.0,0.0,25,0.0,20,0.0,17.142857142856677,0.0,N,,N,
05:37,OIL,17438,454.45,2.63,5.26,,103.6,20.0,NORMAL,N,26.3098464317976,0.0,30.0,0.0,15,0.0,0.0,0.0,25,0.0,0.0,20,7.2727272727267085,0.0,N,,N,
05:37,LXCHEM,2841,180.2,2.6,5.19,,116.0,14.2,NORMAL,N,25.962195399681185,0.0,30.0,0.0,15,0.0,0.0,0.0,25,0.0,20,0.0,0.0,14.166666666667112,N,,N,
05:37,BLS,17279,260.93,2.6,5.19,,116.0,14.5,NORMAL,N,25.950536704281813,0.0,30.0,0.0,15,0.0,0.0,0.0,25,0.0,20,0.0,0.0,14.545454545455797,N,,N,
05:37,PINELABS,759820,158.3,2.5,5.0,,115.0,17.1,NORMAL,N,24.99352499352508,0.0,30.0,0.0,15,0.0,0.0,0.0,25,0.0,20,0.0,0.0,17.142857142857142,N,,N,
05:37,VARROC,3857,830.5,2.38,4.76,,113.8,11.9,NORMAL,N,23.79191321499008,0.0,30.0,0.0,15,0.0,0.0,0.0,25,0.0,20,0.0,0.0,11.929824561403732,N,,N,
05:37,KNRCON,15283,143.32,2.38,4.76,,113.8,2.1,NORMAL,N,23.787413386670362,0.0,30.0,0.0,15,0.0,0.0,0.0,25,0.0,20,0.0,0.0,2.1428571428572156,N,,N,
05:37,NEWGEN,1164,564.0,2.36,4.72,,113.6,7.1,NORMAL,N,23.5934664246824,0.0,30.0,0.0,15,0.0,0.0,0.0,25,0.0,20,0.0,0.0,7.058823529410506,N,,N,
05:37,DLF,14732,657.0,2.34,4.67,,129.4,6.6,NORMAL,N,23.36448598130841,0.0,30.0,0.0,15,0.0,0.0,6.600012565878329,25,0.0,20,0.0,9.47368421052619,0.0,N,,N,
05:37,VIPIND,3703,322.2,2.29,4.57,,112.9,0.0,NORMAL,N,22.85714285714282,0.0,30.0,0.0,15,0.0,0.0,0.0,25,0.0,20,0.0,0.0,0.0,N,,N,
05:37,RAYMOND,2859,629.0,2.28,4.57,,112.8,2.4,NORMAL,N,22.847385966338656,0.0,30.0,0.0,15,0.0,0.0,0.0,25,0.0,20,0.0,0.0,2.3529411764713752,N,,N,
05:37,BORORENEW,3149,561.1,2.27,4.54,,121.0,0.0,NORMAL,N,22.69206233482192,0.0,30.0,0.0,15,0.0,0.0,0.0,25,0.0,20,0.0,8.333333333333018,0.0,N,,N,
05:37,MONTECARLO,5938,510.35,2.13,4.26,,131.3,0.0,NORMAL,N,21.312787672603633,0.0,30.0,0.0,15,0.0,0.0,0.0,25,0.0,20,0.0,20.0,0.0,N,,N,
05:37,VEDL,3063,284.75,2.12,4.23,,114.5,0.0,NORMAL,N,21.158328850636458,0.0,30.0,0.0,15,0.0,0.0,0.0,25,0.0,20,0.0,3.333333333333965,0.0,N,,N,
05:37,EBGNG,757862,536.75,2.11,4.22,,115.3,0.0,NORMAL,N,21.11671264149153,0.0,30.0,0.0,15,0.0,0.0,0.0,25,0.0,20,0.0,4.210526315789284,0.0,N,,N,
05:37,SHIVALIK,7026,259.8,2.08,4.17,,110.8,0.0,NORMAL,N,20.825147347740717,0.0,30.0,0.0,15,0.0,0.0,0.0,25,0.0,20,0.0,0.0,0.0,N,,N,
05:37,PIXTRANS,9087,1921.0,11.87,23.74,,117.6,20.0,NORMAL,Y,30.0,0.0,30.0,0.0,15,0.0,0.0,0.0,25,0.0,0.0,20,17.600000000000364,0.0,N,,N,
05:37,BEML,395,1902.0,6.39,12.78,,123.7,0.0,NORMAL,Y,30.0,0.0,30.0,0.0,15,0.0,0.0,0.0,25,0.0,20,0.0,3.703703703703641,0.0,N,,N,
05:37,PAYTM,6705,1524.4,5.74,11.49,,136.6,0.0,NORMAL,Y,30.0,0.0,30.0,0.0,15,0.0,0.0,0.0,25,0.0,20,0.0,16.57142857142844,0.0,N,,N,
05:37,GRASIM,1232,3366.8,4.56,9.12,,128.7,0.0,NORMAL,Y,30.0,0.0,30.0,0.0,15,0.0,0.0,0.0,25,0.0,20,0.0,8.735632183907144,0.0,N,,N,
05:37,RATNAMANI,13451,2279.9,3.74,7.49,,100.0,40.0,NORMAL,N,30.0,0.0,30.0,0.0,15,0.0,0.0,0.0,25,0.0,0.0,20,0.0,20.0,N,,N,
05:37,M&M,2031,3520.2,3.35,6.71,,120.0,4.4,NORMAL,N,30.0,0.0,30.0,0.0,15,0.0,0.0,0.0,25,0.0,20,0.0,0.0,4.444444444443041,N,,N,
05:37,SANSERA,5751,3911.8,3.29,6.57,,127.0,0.0,NORMAL,N,30.0,0.0,30.0,0.0,15,0.0,0.0,0.0,25,0.0,20,0.0,7.037037037035571,0.0,N,,N,
05:37,LTF,24948,314.1,1.98,3.96,,119.8,0.0,NORMAL,N,19.805194805194876,0.0,30.0,0.0,15,0.0,0.0,0.0,25,0.0,20,0.0,9.999999999997158,0.0,N,,N,
05:37,TATASTEEL,3499,191.23,1.96,3.92,,109.6,5.7,NORMAL,N,19.621434284190762,0.0,30.0,0.0,15,0.0,0.0,0.0,25,0.0,20,0.0,0.0,5.7142857142839745,N,,N,
05:37,PRAJIND,2705,331.4,1.95,3.91,,109.5,8.0,NORMAL,N,19.53545608367933,0.0,30.0,0.0,15,0.0,0.0,0.0,25,0.0,20,0.0,0.0,7.999999999999545,N,,N,
05:37,APCL,20453,104.12,1.94,3.88,,109.4,0.0,NORMAL,N,19.385157626786803,0.0,30.0,0.0,15,0.0,0.0,0.0,25,0.0,20,0.0,0.0,0.0,N,,N,
05:37,SONATSOFTW,6596,323.7,1.78,3.55,,107.8,9.1,NORMAL,N,17.764502436723713,0.0,30.0,0.0,15,0.0,0.0,0.0,25,0.0,20,0.0,0.0,9.090909090908903,N,,N,
05:37,ENGINERSIN,4907,244.87,1.77,3.55,,107.7,7.6,NORMAL,N,17.747298420615174,0.0,30.0,0.0,15,0.0,0.0,0.0,25,0.0,20,0.0,0.0,7.647058823529067,N,,N,
05:37,RUBICON,759316,1596.0,2.76,5.51,,121.1,0.0,NORMAL,N,27.556013391707413,0.0,30.0,0.0,15,0.0,0.0,0.0,25,0.0,20,0.0,3.589743589743739,0.0,N,,N,
05:37,KSB,1949,798.0,1.75,3.51,,127.7,0.2,NORMAL,N,17.532674529805547,0.0,30.0,0.0,15,0.0,0.0,0.16312220113114714,25,0.0,20,0.0,20.0,0.0,N,,N,
05:37,HEG,1336,685.8,1.75,3.5,,107.5,15.0,NORMAL,N,17.507418397626047,0.0,30.0,0.0,15,0.0,0.0,0.0,25,0.0,20,0.0,0.0,15.000000000000949,N,,N,
05:37,PNBHOUSING,18908,1163.0,1.75,3.5,,109.0,0.0,NORMAL,N,17.497812773403325,0.0,30.0,0.0,15,0.0,0.0,0.0,25,0.0,20,0.0,1.4814814814817934,0.0,N,,N,
05:37,BALRAMCHIN,341,644.5,1.74,3.49,,107.4,0.0,NORMAL,N,17.444155024074437,0.0,30.0,0.0,15,0.0,0.0,0.0,25,0.0,20,0.0,0.0,0.0,N,,N,
05:37,LENSKART,759605,579.6,1.74,3.48,,124.0,0.0,NORMAL,N,17.377567140600274,0.0,30.0,0.0,15,0.0,0.0,0.0,25,0.0,20,0.0,16.666666666662877,0.0,N,,N,
05:37,KAJARIACER,1808,1187.4,1.72,3.44,,87.2,27.1,NORMAL,N,17.21922384991017,0.0,30.0,0.0,15,0.0,0.0,0.0,25,0.0,0.0,20,0.0,7.142857142856679,N,,N,
05:37,IFCI,1491,75.99,2.72,5.43,,130.2,2.6,NORMAL,N,27.169505271694927,0.0,30.0,0.0,15,0.0,0.0,2.6016446836804636,25,0.0,20,0.0,10.476190476190734,0.0,N,,N,
05:37,ANTHEM,757885,855.4,1.71,3.42,,91.1,20.0,NORMAL,N,17.122473246135524,0.0,30.0,0.0,15,0.0,0.0,0.0,25,0.0,0.0,20,4.000000000002426,0.0,N,,N,
05:37,MUNJALAU,13511,104.21,1.71,3.42,,107.1,14.8,NORMAL,N,17.07983603357408,0.0,30.0,0.0,15,0.0,0.0,0.0,25,0.0,20,0.0,0.0,14.81481481481419,N,,N,
05:37,BSOFT,6994,323.9,1.7,3.39,,107.0,20.0,NORMAL,N,16.95447409733117,0.0,30.0,0.0,15,0.0,0.0,0.0,25,0.0,20,0.0,0.0,20.0,N,,N,
05:37,TEJASNET,21131,521.9,1.65,3.29,,106.5,2.0,NORMAL,N,16.457298665887492,0.0,30.0,0.0,15,0.0,0.0,0.0,25,0.0,20,0.0,0.0,1.999999999998181,N,,N,
05:37,METROPOLIS,9581,571.95,1.55,3.11,,105.5,14.1,NORMAL,N,15.53622159090909,0.0,30.0,0.0,15,0.0,0.0,0.0,25,0.0,20,0.0,0.0,14.117647058823685,N,,N,
05:37,ZUARI,29050,231.06,1.54,3.09,,105.4,0.0,NORMAL,N,15.425181278839776,0.0,30.0,0.0,15,0.0,0.0,0.0,25,0.0,20,0.0,0.0,0.0,N,,N,
05:37,WELSPUNLIV,11253,166.6,1.53,3.06,,105.3,1.1,NORMAL,N,15.296483637028404,0.0,30.0,0.0,15,0.0,0.0,0.0,25,0.0,20,0.0,0.0,1.0526315789494154,N,,N,
05:37,GOCOLORS,6964,326.85,1.49,2.98,,124.9,0.0,NORMAL,N,14.904517931998171,0.0,30.0,0.0,15,0.0,0.0,0.0,25,0.0,20,0.0,20.0,0.0,N,,N,
05:37,SARDAEN,17758,504.85,1.46,2.91,,104.6,20.0,NORMAL,N,14.569935691318328,0.0,30.0,0.0,15,0.0,0.0,0.0,25,0.0,20,0.0,0.0,20.0,N,,N,
05:37,JUBLFOOD,18096,493.5,1.44,2.88,,104.4,9.3,NORMAL,N,14.388489208633096,0.0,30.0,0.0,15,0.0,0.0,0.0,25,0.0,20,0.0,0.0,9.33333333333394,N,,N,
05:37,KALYANKJIL,2955,615.0,1.43,2.87,,104.3,15.0,NORMAL,N,14.349332013854603,0.0,30.0,0.0,15,0.0,0.0,0.0,25,0.0,20,0.0,0.0,14.999999999998579,N,,N,
05:37,SAREGAMA,4892,526.55,1.42,2.83,,120.2,0.0,NORMAL,N,14.156394453004445,0.0,30.0,0.0,15,0.0,0.0,0.0,25,0.0,20,0.0,16.000000000000608,0.0,N,,N,
05:37,JUBLPHARMA,3637,944.5,1.34,2.68,,121.2,0.0,NORMAL,N,13.412017167381975,0.0,30.0,0.0,15,0.0,0.0,0.0,25,0.0,20,0.0,17.777777777779743,0.0,N,,N,
05:37,TMCV,759782,459.1,1.32,2.65,,103.2,2.9,NORMAL,N,13.24210990951225,0.0,30.0,0.0,15,0.0,0.0,0.0,25,0.0,20,0.0,0.0,2.857142857143785,N,,N,
05:37,ABDL,24308,607.1,1.31,2.62,,103.1,10.8,NORMAL,N,13.099707968293739,0.0,30.0,0.0,15,0.0,0.0,0.0,25,0.0,20,0.0,0.0,10.769230769228349,N,,N,
05:37,PENIND,20621,161.95,1.31,2.61,,103.1,0.0,NORMAL,N,13.073939697234923,0.0,30.0,0.0,15,0.0,0.0,0.0,25,0.0,20,0.0,0.0,0.0,N,,N,
05:37,ENDURANCE,18822,2971.2,2.3,4.59,,113.0,1.3,NORMAL,N,22.96436563952481,0.0,30.0,0.0,15,0.0,0.0,0.0,25,0.0,20,0.0,0.0,1.3333333333321207,N,,N,
05:37,PARADEEP,9741,151.37,1.28,2.57,,102.8,18.3,NORMAL,N,12.847106055537076,0.0,30.0,0.0,15,0.0,0.0,0.0,25,0.0,20,0.0,0.0,18.260869565216424,N,,N,
05:37,SCHNEIDER,31234,1372.0,1.27,2.54,,82.7,32.4,NORMAL,Y,12.69560082669032,0.0,30.0,0.0,15,0.0,0.0,0.0,25,0.0,0.0,20,0.0,12.399999999999636,N,,N,
05:37,NARMADA,6364,385.8,1.26,2.52,,117.6,0.0,NORMAL,N,12.598425196850421,0.0,30.0,0.0,15,0.0,0.0,0.0,25,0.0,20,0.0,15.000000000000355,0.0,N,,N,
05:37,JSWINFRA,19020,339.95,1.25,2.5,,97.2,20.0,NORMAL,N,12.509307520476511,0.0,30.0,0.0,15,0.0,0.0,0.0,25,0.0,0.0,20,14.66666666666697,0.0,N,,N,
05:37,LTTS,18564,3635.0,2.24,4.48,,116.6,0.0,NORMAL,N,22.388479495977922,0.0,30.0,0.0,15,0.0,0.0,0.0,25,0.0,20,0.0,4.210526315790229,0.0,N,,N,
05:37,IIFL,11809,619.3,1.23,2.47,,82.3,21.4,NORMAL,N,12.341642827952521,0.0,30.0,0.0,15,0.0,0.0,0.0,25,0.0,0.0,20,0.0,1.4285714285732847,N,,N,
05:37,KIRLOSBROS,18581,1944.1,2.23,4.46,,112.3,0.0,NORMAL,N,22.295840563706086,0.0,30.0,0.0,15,0.0,0.0,0.0,25,0.0,20,0.0,0.0,0.0,N,,N,
05:37,CYIENT,5748,867.95,1.22,2.44,,114.0,29.1,NORMAL,N,12.186588921282851,0.0,30.0,0.0,15,0.0,0.0,11.777869888503577,25,0.0,20,0.0,0.0,17.30496453900699,N,,N,
05:37,KPITTECH,9683,637.5,1.21,2.41,,102.1,3.3,NORMAL,N,12.06540720749329,0.0,30.0,0.0,15,0.0,0.0,0.0,25,0.0,20,0.0,0.0,3.333333333333965,N,,N,
05:37,MEDANTA,11956,1473.0,1.2,2.39,,82.0,21.7,NORMAL,N,11.95383347073378,0.0,30.0,0.0,15,0.0,0.0,0.0,25,0.0,0.0,20,0.0,1.7391304347810612,N,,N,
05:37,JKIL,15266,504.85,1.19,2.39,,101.9,0.0,NORMAL,N,11.92623772299067,0.0,30.0,0.0,15,0.0,0.0,0.0,25,0.0,20,0.0,0.0,0.0,N,,N,
05:37,UNICHEMLAB,3579,495.35,1.14,2.29,,81.4,20.0,NORMAL,N,11.434405308831082,0.0,30.0,0.0,15,0.0,0.0,0.0,25,0.0,0.0,20,0.0,0.0,N,,N,
05:37,INFY,1594,1188.5,1.14,2.28,,101.4,11.4,NORMAL,N,11.40328482682333,0.0,30.0,0.0,15,0.0,0.0,0.0,25,0.0,20,0.0,0.0,11.428571428573285,N,,N,
05:37,SUDARSCHEM,3327,1152.5,1.13,2.26,,101.3,14.7,NORMAL,N,11.319761319761401,0.0,30.0,0.0,15,0.0,0.0,0.0,25,0.0,20,0.0,0.0,14.666666666666464,N,,N,
05:37,HSCL,14334,761.1,1.12,2.25,,119.8,0.0,NORMAL,N,11.226997940609905,0.0,30.0,0.0,15,0.0,0.0,0.0,25,0.0,20,0.0,18.571428571426715,0.0,N,,N,
05:37,USHAMART,8840,520.8,1.12,2.23,,81.2,40.0,NORMAL,N,11.163964663624892,0.0,30.0,0.0,15,0.0,0.0,0.0,25,0.0,0.0,20,0.0,20.0,N,,N,
05:37,RHIM,31163,417.4,1.11,2.23,,107.4,12.4,NORMAL,N,11.143410852713096,0.0,30.0,0.0,15,0.0,0.0,6.280424545712815,25,0.0,20,0.0,0.0,6.15384615384575,N,,N,
05:37,BALKRISIND,335,2518.4,2.11,4.22,,111.1,17.9,NORMAL,N,21.124761788914526,0.0,30.0,0.0,15,0.0,0.0,0.0,25,0.0,20,0.0,0.0,17.894736842107278,N,,N,
05:37,SHALBY,714,161.86,1.11,2.21,,124.0,2.9,NORMAL,N,11.056280842026425,0.0,30.0,0.0,15,0.0,0.0,2.92060332832433,25,0.0,20,0.0,20.0,0.0,N,,N,
05:37,SHREEPUSHK,10588,411.6,1.11,2.21,,81.1,20.0,NORMAL,N,11.053795136330141,0.0,30.0,0.0,15,0.0,0.0,0.0,25,0.0,0.0,20,0.0,0.0,N,,N,
05:37,INDIAMART,10726,1791.8,2.1,4.19,,111.8,13.4,NORMAL,N,20.96866096866094,0.0,30.0,0.0,15,0.0,0.0,0.7971910579158852,25,0.0,20,0.0,0.0,12.592592592592718,N,,N,
05:37,JINDALSTEL,6733,1115.0,1.09,2.18,,120.9,0.0,NORMAL,N,10.879419764279238,0.0,30.0,0.0,15,0.0,0.0,0.0,25,0.0,20,0.0,20.0,0.0,N,,N,
05:37,BECTORFOOD,1628,226.83,1.08,2.17,,97.3,20.0,NORMAL,N,10.828877005347623,0.0,30.0,0.0,15,0.0,0.0,0.0,25,0.0,0.0,20,16.42857142857063,0.0,N,,N,
05:37,JSWENERGY,17869,570.5,1.08,2.16,,100.8,2.2,NORMAL,N,10.807937632884519,0.0,30.0,0.0,15,0.0,0.0,0.0,25,0.0,20,0.0,0.0,2.2222222222199766,N,,N,
05:37,360ONE,13061,1180.7,1.08,2.16,,100.8,5.0,NORMAL,N,10.786747709956456,0.0,30.0,0.0,15,0.0,0.0,0.0,25,0.0,20,0.0,0.0,5.000000000005684,N,,N,
05:37,HYUNDAI,25844,2246.1,2.07,4.14,,124.2,0.0,NORMAL,N,20.722563053851356,0.0,30.0,0.0,15,0.0,0.0,0.0,25,0.0,20,0.0,13.49999999999909,0.0,N,,N,
05:37,ZENSARTECH,1076,504.35,1.07,2.14,,100.7,5.9,NORMAL,N,10.721442885771587,0.0,30.0,0.0,15,0.0,0.0,0.0,25,0.0,20,0.0,0.0,5.882352941176706,N,,N,
05:37,EPACKPEB,759251,248.9,1.06,2.11,,107.2,0.0,NORMAL,N,10.556232237109192,0.0,30.0,0.0,15,0.0,0.0,0.0,25,0.0,20,0.0,6.666666666666666,0.0,N,,N,
05:37,SWIGGY,27066,283.7,1.05,2.1,,100.5,7.3,NORMAL,N,10.507569011576097,0.0,30.0,0.0,15,0.0,0.0,0.0,25,0.0,20,0.0,0.0,7.2727272727267085,N,,N,
05:37,SAFARI,13035,1517.0,2.04,4.09,,110.4,0.0,NORMAL,N,20.449347504372458,0.0,30.0,0.0,15,0.0,0.0,0.0,25,0.0,20,0.0,0.0,0.0,N,,N,
05:37,SESHAPAPER,3066,231.58,1.03,2.07,,100.3,0.0,NORMAL,N,10.339863007722197,0.0,30.0,0.0,15,0.0,0.0,0.0,25,0.0,20,0.0,0.0,0.0,N,,N,
05:37,SAIL,2963,178.34,1.0,1.99,,79.9,32.0,NORMAL,N,9.967153698040496,0.0,29.901461094121487,0.0,15,0.0,0.0,0.0,25,0.0,0.0,20,0.0,12.0,N,,N,
05:37,PRINCEPIPE,16045,273.7,1.0,1.99,,101.9,0.0,NORMAL,N,9.963099630996268,0.0,29.889298892988805,0.0,15,0.0,0.0,0.0,25,0.0,20,0.0,2.0000000000004547,0.0,N,,N,
05:37,TORNTPOWER,13786,1364.0,0.98,1.95,,99.1,10.0,NORMAL,N,9.771986970684074,0.0,29.31596091205222,0.0,15,0.0,0.0,0.0,25,0.0,20,0.0,0.0,10.000000000011369,N,,N,
05:37,ITCHOTELS,29251,172.31,0.97,1.95,,108.3,5.6,NORMAL,N,9.72751245238791,0.0,29.182537357163724,0.0,15,0.0,0.0,5.58954860604048,25,0.0,20,0.0,3.8235294117645333,0.0,N,,N,
05:37,COFORGE,11543,1811.0,1.97,3.94,,109.7,7.1,NORMAL,N,19.707207207207208,0.0,30.0,0.0,15,0.0,0.0,0.0,25,0.0,20,0.0,0.0,7.142857142857839,N,,N,
05:37,ZUARIIND,3827,261.85,0.96,1.93,,98.6,0.0,NORMAL,N,9.639483323693849,0.0,28.918449971081543,0.0,15,0.0,0.0,0.0,25,0.0,20,0.0,0.0,0.0,N,,N,
05:37,HEXT,29666,570.0,0.96,1.91,,111.6,0.0,NORMAL,N,9.564293304994646,0.0,28.692879914983937,0.0,15,0.0,0.0,0.0,25,0.0,20,0.0,13.333333333329964,0.0,N,,N,
05:37,ASTERDM,1508,877.9,0.94,1.89,,77.7,20.8,NORMAL,N,9.42853857652056,0.0,28.285615729561684,0.0,15,0.0,0.0,0.0,25,0.0,0.0,20,0.0,0.7999999999992724,N,,N,
05:37,MANAPPURAM,19061,370.15,0.93,1.85,,109.1,0.0,NORMAL,N,9.270620313565038,0.0,27.81186094069511,0.0,15,0.0,0.0,0.0,25,0.0,20,0.0,11.999999999999698,0.0,N,,N,
05:37,TRITURBINE,25584,642.2,0.9,1.81,,96.1,17.6,NORMAL,N,9.034488176604603,0.0,27.103464529813806,0.0,15,0.0,0.0,0.0,25,0.0,20,0.0,0.0,17.599999999998545,N,,N,
05:37,NMDC,15332,86.5,1.86,3.72,,126.4,0.0,NORMAL,N,18.605746585021176,0.0,30.0,0.0,15,0.0,0.0,0.0,25,0.0,20,0.0,17.777777777776723,0.0,N,,N,
05:37,PRICOLLTD,19631,744.15,0.85,1.69,,83.5,20.0,NORMAL,N,8.469982382436644,0.0,25.409947147309932,0.0,15,0.0,0.0,0.0,25,0.0,0.0,20,9.62962962962913,0.0,N,,N,
05:37,GODREJPROP,17875,2107.9,1.83,3.66,,116.7,1.6,NORMAL,N,18.309178743961397,0.0,30.0,0.0,15,0.0,0.0,1.581117613545553,25,0.0,20,0.0,6.774193548387002,0.0,N,,N,
05:37,IRCTC,13611,524.25,0.83,1.65,,93.1,7.6,NORMAL,N,8.270025964034916,0.0,24.810077892104744,0.0,15,0.0,0.0,0.0,25,0.0,20,0.0,0.0,7.6190476190466905,N,,N,
05:37,GNFC,1174,539.9,0.82,1.64,,105.5,0.0,NORMAL,N,8.21661998132582,0.0,24.649859943977464,0.0,15,0.0,0.0,0.0,25,0.0,20,0.0,12.592592592592718,0.0,N,,N,
05:37,CESC,628,165.25,0.8,1.6,,98.3,0.0,NORMAL,N,7.990728315237296,0.0,23.972184945711888,0.0,15,0.0,0.0,0.0,25,0.0,20,0.0,6.315789473684525,0.0,N,,N,
05:37,GANESHHOU,14339,766.7,0.78,1.56,,71.3,20.0,NORMAL,N,7.821229050279389,0.0,23.46368715083817,0.0,15,0.0,0.0,0.0,25,0.0,0.0,20,0.0,0.0,N,,N,
05:37,VGUARD,15362,322.15,0.78,1.56,,91.3,17.1,NORMAL,N,7.821054278116691,0.0,23.463162834350072,0.0,15,0.0,0.0,0.0,25,0.0,20,0.0,0.0,17.142857142856677,N,,N,
05:37,TATACONSUM,3432,1090.5,0.76,1.52,,90.3,0.0,NORMAL,N,7.576457544119049,0.0,22.729372632357144,0.0,15,0.0,0.0,0.0,25,0.0,20,0.0,0.0,0.0,N,,N,
05:37,HGINFRA,1672,553.3,0.76,1.51,,94.8,0.0,NORMAL,N,7.557133752162391,0.0,22.671401256487176,0.0,15,0.0,0.0,0.0,25,0.0,20,0.0,4.615384615386768,0.0,N,,N,
05:37,M&MFIN,13285,411.5,0.75,1.49,,98.1,0.0,NORMAL,N,7.467254253886672,0.0,22.401762761660017,0.0,15,0.0,0.0,0.0,25,0.0,20,0.0,8.235294117646587,0.0,N,,N,
05:37,KIRIINDUS,16639,431.0,0.72,1.45,,109.0,0.0,NORMAL,N,7.244683337228378,0.0,21.734050011685135,0.0,15,0.0,0.0,0.0,25,0.0,20,0.0,20.0,0.0,N,,N,
05:37,SONACOMS,4684,823.95,0.72,1.44,,90.1,16.8,NORMAL,N,7.212273088442139,0.0,21.636819265326416,0.0,15,0.0,0.0,1.2812118620656416,25,0.0,20,0.0,0.0,15.500000000000682,N,,N,
05:37,FORTIS,14592,961.75,0.69,1.38,,67.6,23.1,NORMAL,N,6.9099094383081425,0.0,20.72972831492443,0.0,15,0.0,0.0,0.0,25,0.0,0.0,20,0.0,3.076923076922135,N,,N,
05:37,SHRIRAMFIN,4306,1122.7,0.69,1.38,,87.6,12.0,NORMAL,N,6.905829596412597,0.0,20.71748878923779,0.0,15,0.0,0.0,0.0,25,0.0,20,0.0,0.0,12.0,N,,N,
05:37,ASAHIINDIA,5378,904.8,0.68,1.36,,87.2,11.8,NORMAL,N,6.787582062979758,0.0,20.362746188939273,0.0,15,0.0,0.0,0.0,25,0.0,20,0.0,0.0,11.818181818181161,N,,N,
05:37,MOTHERSON,4204,169.63,0.67,1.34,,73.7,20.0,NORMAL,N,6.706231454005908,0.0,20.118694362017724,0.0,15,0.0,0.0,0.0,25,0.0,0.0,20,6.874999999999223,0.0,N,,N,
05:37,NAM-INDIA,357,1183.6,0.65,1.29,,85.9,13.3,NORMAL,N,6.462585034013529,0.0,19.387755102040586,0.0,15,0.0,0.0,0.0,25,0.0,20,0.0,0.0,13.333333333333332,N,,N,
05:37,ZYDUSLIFE,7929,1121.4,0.65,1.29,,88.1,0.0,NORMAL,N,6.462035541195517,0.0,19.38610662358655,0.0,15,0.0,0.0,0.0,25,0.0,20,0.0,2.2222222222199766,0.0,N,,N,
05:37,CIEINDIA,14937,413.15,0.65,1.29,,85.8,0.0,NORMAL,N,6.455542021924426,0.0,19.36662606577328,0.0,15,0.0,0.0,0.0,25,0.0,20,0.0,0.0,0.0,N,,N,
05:37,JSL,11236,739.35,0.64,1.28,,85.6,17.0,NORMAL,N,6.397604301368061,0.0,19.19281290410418,0.0,15,0.0,0.0,0.0,25,0.0,20,0.0,0.0,17.000000000000455,N,,N,
05:37,XCHANGING,11705,68.34,1.64,3.27,,121.9,0.0,NORMAL,N,16.359309934562887,0.0,30.0,0.0,15,0.0,0.0,0.0,25,0.0,20,0.0,15.555555555556257,0.0,N,,N,
05:37,GLAND,1186,2643.0,1.61,3.23,,94.0,20.0,NORMAL,N,16.147635524798154,0.0,30.0,0.0,15,0.0,0.0,0.0,25,0.0,0.0,20,7.894736842104885,0.0,N,,N,
05:37,SAKSOFT,11794,166.06,0.61,1.22,,108.0,5.0,NORMAL,N,6.1193577703725595,0.0,18.358073311117675,0.0,15,0.0,0.0,5.019197094874469,25,0.0,20,0.0,18.483412322274923,0.0,N,,Y,NONRESULTS
05:37,CASTROLIND,1250,193.18,0.57,1.15,,82.9,2.2,NORMAL,N,5.726780508121586,0.0,17.18034152436476,0.0,15,0.0,0.0,0.0,25,0.0,20,0.0,0.0,2.2222222222264327,N,,N,
05:37,GSFC,1247,162.14,0.57,1.14,,100.6,0.0,NORMAL,N,5.706488028780472,0.0,17.119464086341413,0.0,15,0.0,0.0,0.0,25,0.0,20,0.0,17.777777777773565,0.0,N,,N,
05:37,VBL,18921,444.5,0.57,1.13,,89.3,0.0,NORMAL,N,5.656108597285067,0.0,16.968325791855204,0.0,15,0.0,0.0,0.0,25,0.0,20,0.0,6.666666666665825,0.0,N,,N,
05:37,TMPV,3456,348.95,0.56,1.12,,82.5,0.0,NORMAL,N,5.619596541786711,0.0,16.85878962536013,0.0,15,0.0,0.0,0.0,25,0.0,20,0.0,0.0,0.0,N,,N,
05:37,QUICKHEAL,13131,155.85,0.54,1.07,,61.5,50.1,NORMAL,N,5.354147851889975,0.0,16.062443555669926,0.0,15,0.0,0.0,5.093335396433471,0.0,25,20,0.0,0.0,20.0,N,,N,
05:37,NATCOPHARM,3918,921.45,0.52,1.05,,67.6,20.0,NORMAL,N,5.236458844706342,0.0,15.709376534119027,0.0,15,0.0,0.0,0.0,25,0.0,0.0,20,6.666666666664982,0.0,N,,N,
05:37,HUDCO,20825,202.09,0.52,1.04,,95.9,0.0,NORMAL,N,5.222841225626798,0.0,15.668523676880392,0.0,15,0.0,0.0,0.0,25,0.0,20,0.0,15.000000000003553,0.0,N,,N,
05:37,CANFINHOME,583,815.45,0.51,1.02,,80.5,16.0,NORMAL,N,5.1152471342291275,0.0,15.345741402687382,0.0,15,0.0,0.0,0.0,25,0.0,20,0.0,0.0,15.999999999997573,N,,N,
05:37,MEESHO,760229,192.3,0.5,0.99,,85.7,0.0,NORMAL,Y,4.964724327149293,0.0,14.894172981447877,0.0,15,0.0,0.0,0.0,25,0.0,20,0.0,5.88235294117651,0.0,N,,N,
05:37,TIMETECHNO,14707,205.87,0.48,0.97,,67.5,20.0,NORMAL,N,4.832096837173023,0.0,14.49629051151907,0.0,15,0.0,0.0,0.0,25,0.0,0.0,20,8.181818181818535,0.0,N,,N,
05:37,LALPATHLAB,11654,1960.0,1.47,2.94,,84.7,23.2,NORMAL,N,14.70283702629949,0.0,30.0,0.0,15,0.0,0.0,0.0,25,0.0,0.0,20,0.0,3.2432432432439406,N,,N,
05:37,POLICYBZR,6656,1628.0,1.46,2.93,,114.9,18.7,NORMAL,N,14.64630726082892,0.0,30.0,0.0,15,0.0,0.0,10.252129162026502,25,0.0,20,0.0,0.0,8.444444444444848,N,,N,
05:37,MPHASIS,4503,2511.1,1.46,2.92,,122.1,0.0,NORMAL,N,14.58585858585855,0.0,30.0,0.0,15,0.0,0.0,0.0,25,0.0,20,0.0,17.50000000000071,0.0,N,,N,
05:37,DABUR,772,411.85,0.45,0.9,,98.0,0.0,NORMAL,N,4.512195121951275,0.0,13.536585365853824,0.0,15,0.0,0.0,0.0,25,0.0,20,0.0,20.0,0.0,N,,N,
05:37,ASHOKLEY,212,178.3,0.45,0.9,,81.9,8.1,NORMAL,N,4.507042253521191,0.0,13.521126760563574,0.0,15,0.0,0.0,3.851745947126748,25,0.0,20,0.0,0.0,4.285714285714431,N,,N,
05:37,EXIDEIND,676,492.1,0.43,0.86,,77.1,2.2,NORMAL,N,4.285714285714332,0.0,12.857142857142996,0.0,15,0.0,0.0,0.0,25,0.0,20,0.0,0.0,2.2222222222227836,N,,N,
05:37,UNOMINDA,14154,1290.5,0.43,0.86,,78.5,0.0,NORMAL,N,4.280155642023347,0.0,12.84046692607004,0.0,15,0.0,0.0,0.0,25,0.0,20,0.0,1.4285714285732847,0.0,N,,N,
05:37,NUCLEUS,10791,701.15,0.42,0.83,,76.6,20.0,NORMAL,N,4.153240243465775,0.0,12.459720730397326,0.0,15,0.0,0.0,0.0,25,0.0,20,0.0,0.0,20.0,N,,N,
05:37,MOTILALOFS,14947,873.6,0.41,0.83,,84.8,0.0,NORMAL,N,4.137931034482785,0.0,12.413793103448354,0.0,15,0.0,0.0,0.0,25,0.0,20,0.0,8.235294117647374,0.0,N,,N,
05:37,WINDLAS,5366,886.45,0.41,0.82,,76.3,20.0,NORMAL,N,4.077702894036385,0.0,12.233108682109155,0.0,15,0.0,0.0,0.0,25,0.0,20,0.0,0.0,20.0,N,,N,
05:37,HDFCBANK,1333,733.95,0.4,0.81,,76.1,17.8,NORMAL,N,4.035567715458338,0.0,12.106703146375017,0.0,15,0.0,0.0,0.0,25,0.0,20,0.0,0.0,17.777777777774972,N,,N,
05:37,RELAXO,24225,425.15,0.4,0.8,,81.1,0.0,NORMAL,N,4.014641634195273,0.0,12.043924902585822,0.0,15,0.0,0.0,0.0,25,0.0,20,0.0,5.0000000000007105,0.0,N,,N,
05:37,LICI,9480,395.5,0.38,0.76,,54.2,38.3,NORMAL,N,3.807106598984772,0.0,11.421319796954316,0.0,15,0.0,0.0,3.973586230908001,0.0,25,20,0.0,0.0,9.333333333332424,N,,N,
05:37,MHRIL,17333,230.5,0.37,0.73,,54.6,22.9,NORMAL,N,3.657580771575387,0.0,10.972742314726162,0.0,15,0.0,0.0,0.0,25,0.0,0.0,20,0.0,2.916666666666272,N,,N,
05:37,INTELLECT,5926,723.95,0.36,0.72,,78.9,0.0,NORMAL,N,3.6043529493311466,0.0,10.813058847993439,0.0,15,0.0,0.0,0.0,25,0.0,20,0.0,4.444444444439953,0.0,N,,N,
05:37,TECHM,13538,1656.9,1.34,2.68,,96.3,20.0,NORMAL,N,13.394495412844092,0.0,30.0,0.0,15,0.0,0.0,0.0,25,0.0,0.0,20,12.857142857145408,0.0,N,,N,
05:37,DELHIVERY,9599,474.85,0.33,0.65,,91.5,0.0,NORMAL,N,3.2748785125713322,0.0,9.824635537713997,0.0,15,0.0,0.0,0.0,25,0.0,20,0.0,18.4126984126984,0.0,N,,N,
05:37,GRINFRA,5054,873.55,0.33,0.65,,76.3,0.0,NORMAL,N,3.2732284368897537,0.0,9.819685310669263,0.0,15,0.0,0.0,0.0,25,0.0,20,0.0,3.255813953488618,0.0,N,,N,
05:37,DCMSHRIRAM,811,1020.1,0.32,0.65,,73.0,2.0,NORMAL,N,3.2454760031471954,0.0,9.736428009441585,0.0,15,0.0,0.0,0.0,25,0.0,20,0.0,0.0,2.0000000000004547,N,,N,
05:37,REDINGTON,14255,356.0,0.32,0.65,,73.0,8.3,NORMAL,N,3.2408059743552973,0.0,9.722417923065892,0.0,15,0.0,0.0,0.0,25,0.0,20,0.0,0.0,8.333333333333018,N,,N,
05:38,AXISBANK,5900,1242.0,0.32,0.65,,52.9,34.5,NORMAL,N,3.2310177705977385,0.0,9.693053311793214,0.0,15,0.0,0.0,0.0,25,0.0,0.0,20,0.0,14.545454545454922,N,,N,
05:38,ABCAPITAL,21614,409.35,0.32,0.64,,72.7,5.7,NORMAL,N,3.185884082833014,0.0,9.557652248499041,0.0,15,0.0,0.0,0.0,25,0.0,20,0.0,0.0,5.714285714283394,N,,N,
05:38,HCLTECH,7229,1360.9,0.32,0.63,,90.2,0.0,NORMAL,N,3.1696889282029943,0.0,9.509066784608983,0.0,15,0.0,0.0,0.0,25,0.0,20,0.0,17.50000000000213,0.0,N,,N,
05:38,AETHER,9810,1612.5,1.31,2.63,,119.1,0.0,NORMAL,N,13.13144006031672,0.0,30.0,0.0,15,0.0,0.0,0.0,25,0.0,20,0.0,15.99999999999909,0.0,N,,N,
05:38,SWANCORP,27095,309.0,0.31,0.62,,58.4,40.3,NORMAL,N,3.0839149488718998,0.0,9.251744846615699,0.0,15,0.0,0.0,6.048981912589656,25,0.0,0.0,20,0.0,14.285714285713357,N,,N,
05:38,NIACL,399,177.65,0.3,0.61,,96.0,4.6,NORMAL,N,3.0489526283100448,0.0,9.146857884930135,0.0,15,0.0,0.0,4.550373287803488,25,0.0,20,0.0,19.259259259257856,0.0,N,,N,
05:38,CHOLAFIN,685,1890.4,1.3,2.59,,123.0,0.0,NORMAL,N,12.967527596184784,0.0,30.0,0.0,15,0.0,0.0,0.0,25,0.0,20,0.0,20.0,0.0,N,,N,
05:38,NIITLTD,11522,96.27,1.26,2.52,,102.6,20.0,NORMAL,N,12.622278321237012,0.0,30.0,0.0,15,0.0,0.0,0.0,25,0.0,20,0.0,0.0,20.0,N,,N,
05:38,UNITDSPR,10447,1530.4,1.19,2.38,,112.6,0.0,NORMAL,N,11.90161332980693,0.0,30.0,0.0,15,0.0,0.0,0.0,25,0.0,20,0.0,10.66666666666606,0.0,N,,N,
05:38,TATACOMM,3721,1775.8,1.17,2.35,,121.6,8.5,NORMAL,N,11.73655423883313,0.0,30.0,0.0,15,0.0,0.0,8.47103293518511,25,0.0,20,0.0,11.363636363636422,0.0,N,,N,
05:38,WOCKPHARMA,7506,2042.7,1.07,2.15,,100.7,8.2,NORMAL,N,10.737258782780822,0.0,30.0,0.0,15,0.0,0.0,0.0,25,0.0,20,0.0,0.0,8.163265306122677,N,,N,
05:38,LLOYDSENGG,17801,97.92,1.07,2.15,,80.7,32.4,NORMAL,N,10.734929810074384,0.0,30.0,0.0,15,0.0,0.0,0.0,25,0.0,0.0,20,0.0,12.413793103448478,N,,N,
05:38,LAURUSLABS,19234,1863.7,1.05,2.1,,105.0,0.0,NORMAL,N,10.518896058125081,0.0,30.0,0.0,15,0.0,0.0,0.0,25,0.0,20,0.0,4.444444444446129,0.0,N,,N,
05:38,TIINDIA,312,2799.3,0.98,1.97,,110.5,0.0,NORMAL,N,9.848484848484913,0.0,29.545454545454742,0.0,15,0.0,0.0,0.0,25,0.0,20,0.0,11.063829787234083,0.0,N,,N,
05:38,MUTHOOTFIN,23650,2918.0,0.97,1.94,,113.9,0.0,NORMAL,N,9.688581314878892,0.0,29.065743944636676,0.0,15,0.0,0.0,0.0,25,0.0,20,0.0,15.135135135135002,0.0,N,,N,
05:38,PIDILITIND,2664,1676.0,0.96,1.93,,98.6,14.4,NORMAL,N,9.63855421686747,0.0,28.915662650602414,0.0,15,0.0,0.0,0.0,25,0.0,20,0.0,0.0,14.399999999999636,N,,N,
05:38,AJANTPHARM,8124,3503.4,0.95,1.9,,78.0,40.0,NORMAL,N,9.508990318118949,0.0,28.526970954356845,0.0,15,0.0,0.0,0.0,25,0.0,0.0,20,0.0,20.0,N,,N,
05:38,PHOENIXLTD,14552,1912.8,0.91,1.83,,96.5,13.6,NORMAL,N,9.126879451332078,0.0,27.380638353996236,0.0,15,0.0,0.0,0.0,25,0.0,20,0.0,0.0,13.571428571427816,N,,N,
05:38,GEOJITFSL,11896,77.7,0.88,1.77,,95.3,17.1,NORMAL,N,8.828875616723018,0.0,26.486626850169053,0.0,15,0.0,0.0,0.0,25,0.0,20,0.0,0.0,17.142857142856947,N,,N,
05:38,PRESTIGE,20302,1597.7,0.81,1.63,,95.4,17.9,NORMAL,N,8.139828369510408,0.0,24.41948510853122,0.0,15,0.0,0.0,2.8514473147860575,25,0.0,20,0.0,0.0,14.99999999999937,N,,N,
05:38,OBEROIRLTY,20242,1789.4,0.81,1.62,,98.6,4.8,NORMAL,N,8.11267605633808,0.0,24.338028169014237,0.0,15,0.0,0.0,4.77914121689567,25,0.0,20,0.0,1.3333333333336364,0.0,N,,N,
05:38,MCX,31181,2659.1,0.8,1.6,,102.1,0.0,NORMAL,N,7.998483699772521,0.0,23.995451099317563,0.0,15,0.0,0.0,0.0,25,0.0,20,0.0,10.0840336134453,0.0,N,,N,
05:38,PNBGILTS,8736,81.32,0.77,1.54,,110.7,0.0,NORMAL,N,7.68277571251537,0.0,23.04832713754611,0.0,15,0.0,0.0,0.0,25,0.0,20,0.0,20.0,0.0,N,,N,
05:38,MAHABANK,11377,78.84,0.72,1.43,,90.8,0.0,NORMAL,N,7.153806847215154,0.0,21.461420541645463,0.0,15,0.0,0.0,0.0,25,0.0,20,0.0,2.222222222220117,0.0,N,,N,
05:38,AFFLE,11343,1655.4,0.6,1.19,,63.8,31.0,NORMAL,N,5.955274671852323,0.0,17.86582401555697,0.0,15,0.0,0.0,0.0,25,0.0,0.0,20,0.0,11.041666666666677,N,,N,
05:38,GABRIEL,1085,1508.1,0.55,1.11,,83.3,0.0,NORMAL,N,5.534071209494568,0.0,16.602213628483707,0.0,15,0.0,0.0,0.0,25,0.0,20,0.0,1.1764705882341926,0.0,N,,N,
05:38,NFL,13925,72.3,0.54,1.08,,81.7,20.0,NORMAL,N,5.423445974134342,0.0,16.270337922403026,0.0,15,0.0,0.0,0.0,25,0.0,20,0.0,0.0,20.0,N,,N,
05:38,ESCORTS,958,3097.6,0.54,1.08,,81.6,11.0,NORMAL,N,5.387861084063585,0.0,16.163583252190755,0.0,15,0.0,0.0,0.0,25,0.0,20,0.0,0.0,11.02040816326436,N,,N,
05:38,DALBHARAT,8075,1836.9,0.52,1.04,,100.8,0.0,NORMAL,N,5.198642880595381,0.0,15.595928641786143,0.0,15,0.0,0.0,0.0,25,0.0,20,0.0,20.0,0.0,N,,N,
05:38,GODFRYPHLP,1181,2296.3,0.45,0.9,,78.0,2.3,NORMAL,N,4.505686789151436,0.0,13.517060367454306,0.0,15,0.0,0.0,0.0,25,0.0,20,0.0,0.0,2.285714285712207,N,,N,
05:38,NTPCGREEN,27176,91.88,0.42,0.83,,76.6,8.3,NORMAL,N,4.153005464480825,0.0,12.459016393442475,0.0,15,0.0,0.0,0.0,25,0.0,20,0.0,0.0,8.333333333332543,N,,N,
05:38,WELCORP,11821,1847.3,0.41,0.82,,81.3,0.0,NORMAL,N,4.076530057614958,0.0,12.229590172844874,0.0,15,0.0,0.0,0.0,25,0.0,20,0.0,4.999999999999052,0.0,N,,N,
05:38,TCS,11536,2462.3,0.39,0.78,,75.7,12.9,NORMAL,N,3.9140538997840606,0.0,11.742161699352181,0.0,15,0.0,0.0,0.0,25,0.0,20,0.0,0.0,12.941176470589495,N,,N,
05:38,SKFINDIA,3186,1539.8,0.36,0.72,,54.3,20.0,NORMAL,N,3.5846966043146713,0.0,10.754089812944013,0.0,15,0.0,0.0,0.0,25,0.0,0.0,20,0.0,0.0,N,,N,
05:38,IDFCFIRSTB,11184,84.91,0.34,0.69,,73.7,3.3,NORMAL,N,3.4270857953201608,0.0,10.281257385960483,0.0,15,0.0,0.0,0.0,25,0.0,20,0.0,0.0,3.333333333330175,N,,N,
05:38,ICICIAMC,760407,3090.9,0.34,0.68,,73.6,2.3,NORMAL,N,3.4086482275029217,0.0,10.225944682508764,0.0,15,0.0,0.0,0.0,25,0.0,20,0.0,0.0,2.2988505747125716,N,,N,
05:38,SUPREMEINF,15002,91.64,0.31,0.61,,27.3,45.0,NORMAL,N,3.064798598949224,0.0,9.194395796847672,0.0,15,0.0,0.0,0.0,0.0,25,0.0,20,0.0,0.0,N,,N,
05:38,PTC,11355,178.42,-12.24,24.48,,75.0,47.9,NORMAL,Y,0.0,30.0,30.0,0.0,0.0,15,0.0,0.0,25,0.0,20,0.0,0.0,2.857142857144597,N,,N,
05:38,JAMNAAUTO,20778,128.93,-10.9,21.8,,82.3,45.0,NORMAL,Y,0.0,30.0,30.0,0.0,0.0,15,0.0,0.0,25,0.0,20,0.0,7.333333333332071,0.0,N,,N,
05:38,PFC,14299,396.4,-5.62,11.24,,30.0,92.7,NORMAL,Y,0.0,30.0,30.0,0.0,0.0,15,0.0,0.0,0.0,25,0.0,20,0.0,2.6666666666672727,N,,N,
05:38,WINDMACHIN,24969,286.55,-5.6,11.2,,75.0,65.0,NORMAL,Y,0.0,30.0,30.0,0.0,0.0,15,0.0,0.0,25,0.0,0.0,20,20.0,0.0,N,,N,
05:38,NLCINDIA,8585,289.4,-4.93,9.86,,92.8,45.0,NORMAL,Y,0.0,30.0,30.0,0.0,0.0,15,0.0,0.0,25,0.0,20,0.0,17.777777777777217,0.0,N,,N,
05:38,RGL,15129,118.53,-3.79,7.58,,75.0,65.0,NORMAL,N,0.0,30.0,30.0,0.0,0.0,15,0.0,0.0,25,0.0,0.0,20,20.0,0.0,N,,N,
05:38,RECLTD,15355,353.15,-3.77,7.55,,30.0,93.8,NORMAL,N,0.0,30.0,30.0,0.0,0.0,15,0.0,0.0,0.0,25,0.0,20,0.0,3.8095238095235517,N,,N,
05:38,OMNI,760865,558.1,-3.5,7.0,,80.6,45.0,NORMAL,N,0.0,30.0,30.0,0.0,0.0,15,0.0,0.0,25,0.0,20,0.0,5.614035087718934,0.0,N,,N,
05:38,YATRA,18760,103.7,-3.11,6.22,,75.0,60.8,NORMAL,N,0.0,30.0,30.0,0.0,0.0,15,0.0,0.0,25,0.0,20,0.0,0.0,15.789473684210133,N,,N,
05:38,ZYDUSWELL,17635,517.85,-3.0,5.99,,70.6,65.0,NORMAL,N,0.0,29.970965627048795,30.0,0.0,0.0,15,0.0,0.0,25,0.0,0.0,20,15.609756097561544,0.0,N,,N,
05:38,CHALET,8546,836.05,-2.75,5.5,,62.7,62.5,NORMAL,N,0.0,27.509596370827136,30.0,0.0,0.0,15,0.0,0.0,25,0.0,0.0,20,7.692307692307962,0.0,N,,N,
05:38,GODREJCP,10099,1022.1,-2.66,5.31,,55.0,70.7,NORMAL,N,0.0,26.571428571428555,30.0,0.0,0.0,15,0.0,0.0,25,0.0,0.0,20,0.0,9.090909090908903,N,,N,
05:38,CHEMPLASTS,5449,178.84,-2.6,5.2,,75.0,61.0,NORMAL,N,0.0,25.978977179892215,30.0,0.0,0.0,15,0.0,0.0,25,0.0,0.0,20,20.0,0.0,N,,N,
05:38,PARAS,5911,1249.0,-2.2,4.4,,30.0,90.0,NORMAL,N,0.0,22.002975491347513,30.0,0.0,0.0,15,0.0,0.0,0.0,25,0.0,20,0.0,7.99999999999922,N,,N,
05:38,LOTUSEYE,16807,116.37,-2.06,4.12,,30.0,80.6,NORMAL,N,0.0,20.619424339336714,30.0,0.0,0.0,15,0.0,0.0,0.0,25,0.0,20,0.0,0.0,N,,N,
05:38,MRPL,2283,163.6,-2.04,4.08,,68.8,55.4,NORMAL,N,0.0,20.41793904556611,30.0,0.0,0.0,15,0.0,0.0,25,0.0,0.0,20,13.750000000001998,0.0,N,,N,
05:38,SIS,21501,426.25,-2.0,4.0,,55.0,69.0,NORMAL,N,0.0,20.00229911484076,30.0,0.0,0.0,15,0.0,0.0,25,0.0,0.0,20,0.0,13.999999999998636,N,,N,
05:38,POWERMECH,10473,2487.0,-4.96,9.91,,55.0,84.1,NORMAL,Y,0.0,30.0,30.0,0.0,0.0,15,0.0,0.0,25,0.0,0.0,20,0.0,19.1304347826056,N,,N,
05:38,INOXWIND,7852,75.17,-3.63,7.26,,75.0,57.3,NORMAL,N,0.0,30.0,30.0,0.0,0.0,15,0.0,0.0,25,0.0,20,0.0,0.0,12.307692307692475,N,,N,
05:38,KIRLOSENG,20936,2083.5,-3.62,7.24,,30.0,104.7,NORMAL,N,0.0,30.0,30.0,0.0,0.0,15,0.0,0.0,0.0,25,0.0,20,0.0,14.666666666667476,N,,N,
05:38,LUPIN,10440,2281.8,-3.46,6.91,,55.0,73.8,NORMAL,N,0.0,30.0,30.0,0.0,0.0,15,0.0,0.0,25,0.0,0.0,20,0.0,8.83720930232563,N,,N,
05:38,VERANDA,8890,253.05,-1.9,3.8,,55.0,54.0,NORMAL,N,0.0,18.99592944369055,30.0,0.0,0.0,15,0.0,0.0,25,0.0,0.0,20,0.0,0.0,N,,N,
05:38,WIPL,20481,165.0,-1.81,3.63,,62.1,40.3,NORMAL,N,0.0,18.14936030943178,30.0,0.0,0.0,15,0.0,7.1428571428571415,25,0.0,0.0,0.0,0.0,0.0,N,,N,
05:38,HIKAL,9668,223.11,-1.77,3.55,,58.8,52.7,NORMAL,N,0.0,17.742361539138738,30.0,0.0,0.0,15,0.0,0.0,25,0.0,0.0,20,3.8297872340427075,0.0,N,,N,
05:38,SAPPHIRE,6718,220.5,-1.66,3.32,,75.0,33.1,NORMAL,N,0.0,16.590848274016583,30.0,0.0,0.0,15,0.0,0.0,25,0.0,20,0.0,0.0,1.4705882352936015,N,,N,
05:38,BANKINDIA,4745,142.64,-1.63,3.26,,55.0,57.9,NORMAL,N,0.0,16.275862068965612,30.0,0.0,0.0,15,0.0,0.0,25,0.0,0.0,20,0.0,6.66666666666414,N,,N,
05:38,BAJAJELEC,15034,365.35,-1.56,3.13,,67.9,50.6,NORMAL,N,0.0,15.627104944092563,30.0,0.0,0.0,15,0.0,0.0,25,0.0,0.0,20,12.941176470588156,0.0,N,,N,
05:38,J&KBANK,5633,156.81,-1.53,3.05,,93.0,30.3,NORMAL,N,0.0,15.259984928409988,30.0,0.0,0.0,15,0.0,0.0,25,0.0,20,0.0,18.000000000001705,0.0,N,,N,
05:38,TRENT,1964,3029.1,-2.51,5.02,,78.1,40.1,NORMAL,N,0.0,25.103794535097034,30.0,0.0,0.0,15,0.0,0.0,25,0.0,20,0.0,3.1250000000001776,0.0,N,,N,
05:38,EIDPARRY,916,793.0,-1.5,3.01,,66.4,50.0,NORMAL,N,0.0,15.029188920631006,30.0,0.0,0.0,15,0.0,0.0,25,0.0,0.0,20,11.428571428576998,0.0,N,,N,
05:38,TREJHARA,7518,175.04,-1.47,2.95,,65.7,49.7,NORMAL,N,0.0,14.747270066419027,30.0,0.0,0.0,15,0.0,0.0,25,0.0,0.0,20,10.714285714286076,0.0,N,,N,
05:38,BHARTIHEXA,23489,1501.3,-2.44,4.87,,30.0,91.6,NORMAL,Y,0.0,24.36963867949051,30.0,0.0,0.0,15,0.0,0.0,0.0,25,0.0,20,0.0,7.272727272727648,N,,N,
05:38,GPIL,13409,237.18,-1.43,2.85,,80.9,29.3,NORMAL,N,0.0,14.255434104983195,30.0,0.0,0.0,15,0.0,0.0,25,0.0,20,0.0,5.882352941176798,0.0,N,,N,
05:38,PSPPROJECT,20877,949.25,-1.42,2.85,,75.0,29.2,NORMAL,N,0.0,14.22711459577345,30.0,0.0,0.0,15,0.0,0.0,25,0.0,20,0.0,0.0,0.0,N,,N,
05:38,AEGISLOG,40,1352.0,-1.39,2.77,,75.0,41.7,NORMAL,N,0.0,13.858497447118891,30.0,0.0,0.0,15,0.0,0.0,25,0.0,20,0.0,0.0,12.820512820512523,N,,N,
05:38,TCIEXP,19223,547.25,-1.33,2.65,,55.0,52.7,NORMAL,N,0.0,13.252794807068199,30.0,0.0,0.0,15,0.0,0.0,25,0.0,0.0,20,0.0,4.444444444443696,N,,N,
05:38,MATRIMONY,21726,474.45,-1.32,2.64,,75.0,48.2,NORMAL,N,0.0,13.207154742096554,30.0,0.0,0.0,15,0.0,0.0,25,0.0,0.0,20,20.0,0.0,N,,N,
05:38,TTKPRESTIG,3546,608.0,-1.29,2.58,,55.0,58.8,NORMAL,N,0.0,12.906891793165103,30.0,0.0,0.0,15,0.0,0.0,25,0.0,0.0,20,0.0,10.909090909090157,N,,N,
05:38,FINPIPE,1041,162.33,-1.28,2.55,,75.0,31.5,NORMAL,N,0.0,12.771392081736876,30.0,0.0,0.0,15,0.0,0.0,25,0.0,20,0.0,0.0,3.750000000000222,N,,N,
05:38,SCI,3048,300.95,-1.25,2.49,,75.0,40.8,NORMAL,N,0.0,12.469237079573459,30.0,0.0,0.0,15,0.0,0.0,25,0.0,20,0.0,0.0,13.33333333333207,N,,N,
05:38,MARKSANS,10579,270.55,-1.21,2.41,,55.0,55.6,NORMAL,N,0.0,12.050392550666464,30.0,0.0,0.0,15,0.0,0.0,25,0.0,0.0,20,0.0,8.571428571428108,N,,N,
05:38,GOCLCORP,3963,433.0,-1.2,2.4,,55.0,47.0,NORMAL,N,0.0,11.979463776383344,30.0,0.0,0.0,15,0.0,0.0,25,0.0,0.0,20,0.0,0.0,N,,N,
05:38,KFINTECH,13359,924.8,-1.2,2.39,,55.0,63.0,NORMAL,N,0.0,11.965811965812014,30.0,0.0,0.0,15,0.0,0.0,25,0.0,0.0,20,0.0,16.000000000000608,N,,N,
05:38,RITES,3761,231.44,-1.2,2.39,,67.8,47.0,NORMAL,N,0.0,11.953551912568354,30.0,0.0,0.0,15,0.0,0.0,25,0.0,0.0,20,12.820512820512334,0.0,N,,N,
05:38,IPCALAB,1633,1697.7,-2.19,4.39,,38.7,81.9,NORMAL,N,0.0,21.94953335637741,30.0,0.0,0.0,15,0.0,0.0,0.0,25,0.0,20,8.695652173913215,0.0,N,,N,
05:38,MSTCLTD,9356,584.4,-1.16,2.32,,55.0,60.2,NORMAL,N,0.0,11.585623678646972,30.0,0.0,0.0,15,0.0,0.0,25,0.0,0.0,20,0.0,13.636363636363356,N,,N,
05:38,UBL,16713,1384.3,-1.14,2.29,,73.7,46.4,NORMAL,N,0.0,11.426122973648505,30.0,0.0,0.0,15,0.0,0.0,25,0.0,0.0,20,18.66666666666788,0.0,N,,N,
05:38,EMSLIMITED,18593,399.9,-1.11,2.23,,59.6,46.1,NORMAL,N,0.0,11.12759643916914,30.0,0.0,0.0,15,0.0,0.0,25,0.0,0.0,20,4.6153846153858265,0.0,N,,N,
05:38,SAMHI,18614,172.83,-1.04,2.08,,83.3,25.4,NORMAL,N,0.0,10.420841683366694,30.0,0.0,0.0,15,0.0,0.0,25,0.0,20,0.0,8.30188679245277,0.0,N,,N,
05:38,PATANJALI,17029,353.8,-1.03,2.07,,55.0,49.8,NORMAL,N,0.0,10.349650349650318,30.0,0.0,0.0,15,0.0,0.0,25,0.0,0.0,20,0.0,4.444444444445567,N,,N,
05:38,INDOCO,11677,219.49,-1.01,2.02,,75.0,45.1,NORMAL,N,0.0,10.102376764533354,30.0,0.0,0.0,15,0.0,0.0,25,0.0,0.0,20,20.0,0.0,N,,N,
05:38,HDFCLIFE,467,534.55,-1.01,2.02,,75.0,27.6,NORMAL,N,0.0,10.092592592592677,30.0,0.0,0.0,15,0.0,0.0,25,0.0,20,0.0,0.0,2.499999999997513,N,,N,
05:38,WSTCSTPAPR,3799,593.1,-1.0,2.0,,88.7,25.0,NORMAL,N,0.0,10.0150225338007,30.0,0.0,0.0,15,0.0,0.0,25,0.0,20,0.0,13.684210526316672,0.0,N,,N,
05:38,BPCL,526,317.95,-0.95,1.9,,73.5,29.5,NORMAL,N,0.0,9.501557632398788,28.504672897196365,0.0,0.0,15,0.0,0.0,25,0.0,20,0.0,0.0,5.000000000001421,N,,N,
05:38,PETRONET,11351,277.95,-0.94,1.89,,73.3,24.4,NORMAL,N,0.0,9.444048467569615,28.332145402708843,0.0,0.0,15,0.0,0.0,25,0.0,20,0.0,0.0,0.0,N,,N,
05:38,APTUS,5435,258.2,-0.94,1.88,,53.2,44.4,NORMAL,N,0.0,9.399577978131552,28.19873393439465,0.0,0.0,15,0.0,0.0,25,0.0,0.0,20,0.0,0.0,N,,N,
05:38,GAIL,4717,172.0,-0.94,1.88,,53.2,45.9,NORMAL,N,0.0,9.38777860968724,28.16333582906172,0.0,0.0,15,0.0,0.0,25,0.0,0.0,20,0.0,1.5000000000000355,N,,N,
05:38,ICICIPRULI,18652,496.4,-0.93,1.86,,75.1,24.3,NORMAL,N,0.0,9.280510927053257,27.841532781159767,0.0,0.0,15,0.0,0.0,25,0.0,20,0.0,2.2222222222227836,0.0,N,,N,
05:38,TECHNOE,6445,1057.15,-0.85,1.71,,70.6,43.5,NORMAL,N,0.0,8.534583821805308,25.603751465415925,0.0,0.0,15,0.0,0.0,25,0.0,0.0,20,20.0,0.0,N,,N,
05:38,IOC,1624,142.16,-0.85,1.7,,72.7,23.5,NORMAL,N,0.0,8.508857581252608,25.526572743757825,0.0,0.0,15,0.0,0.0,25,0.0,20,0.0,2.2222222222271344,0.0,N,,N,
05:38,SBIN,3045,1087.9,-0.85,1.7,,58.1,43.5,NORMAL,N,0.0,8.4761210353627,25.4283631060881,0.0,0.0,15,0.0,0.0,25,0.0,0.0,20,7.692307692307962,0.0,N,,N,
05:38,MGL,17534,1130.0,-0.84,1.68,,62.9,43.4,NORMAL,N,0.0,8.424008424008344,25.272025272025033,0.0,0.0,15,0.0,0.0,25,0.0,0.0,20,12.592592592592718,0.0,N,,N,
05:38,POWERGRID,14977,269.35,-0.83,1.66,,59.9,43.3,NORMAL,N,0.0,8.284241531664213,24.852724594992637,0.0,0.0,15,0.0,0.0,25,0.0,0.0,20,10.0,0.0,N,,N,
05:38,RAMKY,20134,403.5,-0.82,1.65,,49.7,45.5,NORMAL,N,0.0,8.233992872065928,24.70197861619778,0.0,0.0,15,0.0,0.0,25,0.0,0.0,20,0.0,2.2222222222227836,N,,N,
05:38,ANGELONE,324,289.6,-0.82,1.64,,77.7,23.2,NORMAL,N,0.0,8.219178082191704,24.65753424657511,0.0,0.0,15,0.0,0.0,25,0.0,20,0.0,8.000000000001819,0.0,N,,N,
05:38,BDL,2144,1283.4,-0.82,1.64,,49.6,43.2,NORMAL,N,0.0,8.191653786707812,24.574961360123435,0.0,0.0,15,0.0,0.0,25,0.0,0.0,20,0.0,0.0,N,,N,
05:38,HINDALCO,1363,1051.1,-0.8,1.6,,49.1,45.0,NORMAL,N,0.0,8.021895054737637,24.065685164212912,0.0,0.0,15,0.0,0.0,25,0.0,0.0,20,0.0,2.000000000001213,N,,N,
05:38,SYNGENE,10243,400.5,-0.79,1.59,,74.4,37.8,NORMAL,N,0.0,7.926678226405718,23.780034679217152,0.0,0.0,15,0.0,5.597061532967486,25,0.0,20,0.0,0.0,9.230769230768153,N,,N,
05:38,PNB,10666,113.9,-0.79,1.59,,54.8,42.9,NORMAL,N,0.0,7.926138838080277,23.77841651424083,0.0,0.0,15,0.0,0.0,25,0.0,0.0,20,6.000000000000568,0.0,N,,N,
05:38,MARICO,4067,855.3,-0.78,1.55,,48.3,58.8,NORMAL,N,0.0,7.772621809744832,23.317865429234494,0.0,0.0,15,0.0,0.0,25,0.0,0.0,20,0.0,16.000000000001364,N,,N,
05:38,GARFIBRES,1100,805.55,-0.78,1.55,,68.3,41.9,NORMAL,N,0.0,7.760054197204001,23.280162591612005,0.0,0.0,15,0.0,0.0,25,0.0,20,0.0,0.0,19.166666666667457,N,,N,
05:38,ROSSARI,19410,510.0,-0.77,1.54,,88.1,22.7,NORMAL,N,0.0,7.685572526510448,23.056717579531348,0.0,0.0,15,0.0,0.0,25,0.0,20,0.0,20.0,0.0,N,,N,
05:38,SANGAMIND,4184,607.15,-0.76,1.52,,22.8,67.6,NORMAL,N,0.0,7.600523046747266,22.8015691402418,0.0,0.0,15,0.0,0.0,0.0,25,0.0,20,0.0,0.0,N,,N,
05:38,WHIRLPOOL,18011,807.0,-0.76,1.51,,79.2,41.5,NORMAL,N,0.0,7.563180225050702,22.689540675152102,0.0,0.0,15,0.0,11.550150930382935,25,0.0,20,0.0,0.0,7.407407407407595,N,,N,
05:38,RVNL,9552,231.62,-0.75,1.51,,67.6,38.1,NORMAL,N,0.0,7.5413488730824865,22.624046619247462,0.0,0.0,15,0.0,0.0,25,0.0,20,0.0,0.0,15.51020408163218,N,,N,
05:38,CANBK,10794,130.96,-0.75,1.5,,59.7,42.5,NORMAL,N,0.0,7.50284198560046,22.508525956801382,0.0,0.0,15,0.0,0.0,25,0.0,0.0,20,12.1739130434781,0.0,N,,N,
05:38,SHARDACROP,4992,807.95,-0.75,1.5,,53.9,42.5,NORMAL,N,0.0,7.4933972114733844,22.480191634420155,0.0,0.0,15,0.0,0.0,25,0.0,0.0,20,6.451612903225996,0.0,N,,N,
05:38,HDBFS,757772,660.85,-0.72,1.44,,74.0,25.4,NORMAL,N,0.0,7.210996770074295,21.632990310222883,0.0,0.0,15,0.0,3.1494106469766345,25,0.0,20,0.0,4.210526315790734,0.0,N,,N,
05:38,SBFC,18026,92.63,-1.72,3.44,,55.0,57.2,NORMAL,N,0.0,17.18832891246689,30.0,0.0,0.0,15,0.0,0.0,25,0.0,0.0,20,0.0,4.999999999999112,N,,N,
05:38,KOTAKBANK,1922,387.95,-0.72,1.43,,46.5,48.8,NORMAL,N,0.0,7.165706973768423,21.49712092130527,0.0,0.0,15,0.0,0.0,25,0.0,0.0,20,0.0,6.666666666669193,N,,N,
05:38,SBICARD,17971,654.35,-0.71,1.41,,46.2,51.4,NORMAL,N,0.0,7.056145675265519,21.168437025796557,0.0,0.0,15,0.0,0.0,25,0.0,0.0,20,0.0,9.33333333333394,N,,N,
05:38,ITC,1660,284.1,-0.7,1.4,,46.0,53.1,NORMAL,N,0.0,6.990562740300595,20.971688220901783,0.0,0.0,15,0.0,0.0,25,0.0,0.0,20,0.0,11.111111111111391,N,,N,
05:38,CAMPUS,9362,222.84,-0.68,1.36,,75.3,21.8,NORMAL,N,0.0,6.819093461692744,20.457280385078235,0.0,0.0,15,0.0,0.0,25,0.0,20,0.0,9.866666666666788,0.0,N,,N,
05:38,VOLTAS,3718,1276.5,-0.66,1.32,,54.8,41.6,NORMAL,N,0.0,6.614785992217898,19.844357976653697,0.0,0.0,15,0.0,0.0,25,0.0,0.0,20,10.000000000001894,0.0,N,,N,
05:38,ABMKNO,762528,185.0,-0.65,1.3,,39.5,46.5,NORMAL,N,0.0,6.498039847484066,19.4941195424522,0.0,0.0,15,0.0,0.0,0.0,25,20,0.0,0.0,0.0,N,,N,
05:38,VAIBHAVGBL,11364,241.4,-0.64,1.28,,75.6,21.4,NORMAL,N,0.0,6.379913562461343,19.139740687384027,0.0,0.0,15,0.0,0.0,25,0.0,20,0.0,11.428571428572589,0.0,N,,N,
05:38,NYKAA,6545,329.9,-0.63,1.27,,44.0,55.6,NORMAL,N,0.0,6.325301204819346,18.975903614458037,0.0,0.0,15,0.0,0.0,25,0.0,0.0,20,0.0,14.285714285713357,N,,N,
05:38,SYMPHONY,24190,650.0,-0.62,1.24,,43.6,41.2,NORMAL,N,0.0,6.192187141655769,18.576561424967306,0.0,0.0,15,0.0,0.0,25,0.0,0.0,20,0.0,0.0,N,,N,
05:38,KARURVYSYA,1838,333.5,-0.61,1.22,,43.3,61.1,NORMAL,N,0.0,6.10937267173301,18.32811801519903,0.0,0.0,15,0.0,0.0,25,0.0,0.0,20,0.0,20.0,N,,N,
05:38,SUPREMEIND,3363,3421.0,-1.61,3.22,,82.2,59.9,NORMAL,N,0.0,16.10583836640782,30.0,0.0,0.0,15,0.0,8.799050180556616,25,0.0,0.0,20,18.436213991769485,0.0,N,,N,
05:38,TITAGARH,15414,842.4,-0.6,1.19,,62.9,31.3,NORMAL,N,0.0,5.959053631482764,17.87716089444829,0.0,0.0,15,0.0,0.0,25,0.0,20,0.0,0.0,10.322580645161006,N,,N,
05:38,LLOYDSME,17313,2067.7,-1.59,3.19,,40.7,75.9,NORMAL,N,0.0,15.943270512088333,30.0,0.0,0.0,15,0.0,0.0,0.0,25,0.0,20,10.714285714285019,0.0,N,,Y,NONRESULTS
05:38,MASFIN,199,300.5,-0.55,1.09,,46.4,40.5,NORMAL,N,0.0,5.460863809366135,16.382591428098404,0.0,0.0,15,0.0,0.0,25,0.0,0.0,20,5.000000000001421,0.0,N,,N,
05:38,VISHNU,6908,583.4,-0.55,1.09,,81.4,20.5,NORMAL,N,0.0,5.455165359700042,16.36549607910013,0.0,0.0,15,0.0,0.0,25,0.0,20,0.0,20.0,0.0,N,,N,
05:38,ELGIEQUIP,937,585.3,-0.54,1.07,,61.1,35.6,NORMAL,N,0.0,5.353046138159726,16.05913841447918,0.0,0.0,15,0.0,0.0,25,0.0,20,0.0,0.0,15.294117647060554,N,,N,
05:38,JAINREC,759244,306.75,-0.54,1.07,,41.1,47.0,NORMAL,N,0.0,5.35019455252911,16.050583657587328,0.0,0.0,15,0.0,0.0,25,0.0,0.0,20,0.0,6.66666666666793,N,,N,
05:38,SURYAROSNI,3375,251.0,-0.53,1.07,,41.0,60.3,NORMAL,N,0.0,5.349712700614204,16.049138101842612,0.0,0.0,15,0.0,0.0,25,0.0,0.0,20,0.0,20.0,N,,N,
05:38,ADANIGREEN,3563,1365.3,-0.52,1.03,,40.5,50.2,NORMAL,N,0.0,5.173418828330032,15.520256484990096,0.0,0.0,15,0.0,0.0,25,0.0,0.0,20,0.0,10.0,N,,N,
05:38,NTPC,11630,340.75,-0.51,1.02,,40.3,50.1,NORMAL,N,0.0,5.109489051094891,15.328467153284674,0.0,0.0,15,0.0,0.0,25,0.0,0.0,20,0.0,10.0,N,,N,
05:38,GUJGASLTD,10599,263.95,-0.51,1.02,,43.6,40.1,NORMAL,N,0.0,5.088578967207022,15.265736901621064,0.0,0.0,15,0.0,0.0,25,0.0,0.0,20,3.333333333333965,0.0,N,,N,
05:38,COALINDIA,20374,413.15,-0.51,1.01,,60.2,21.7,NORMAL,N,0.0,5.057194461168025,15.171583383504077,0.0,0.0,15,0.0,0.0,25,0.0,20,0.0,0.0,1.6666666666669825,N,,N,
05:38,MFSL,2142,1490.0,-0.49,0.99,,59.8,34.7,NORMAL,N,0.0,4.941899292106378,14.825697876319133,0.0,0.0,15,0.0,0.0,25,0.0,20,0.0,0.0,14.782608695652861,N,,N,
05:38,SPARC,14788,212.2,-0.47,0.95,,64.8,19.7,NORMAL,N,0.0,4.7371136438254275,14.211340931476283,0.0,0.0,15,0.0,0.0,25,0.0,20,0.0,5.599999999999454,0.0,N,,N,
05:38,TATAPOWER,3426,378.75,-0.47,0.95,,14.2,67.0,NORMAL,N,0.0,4.729996058336649,14.189988175009946,0.0,0.0,15,0.0,0.0,0.0,25,0.0,20,0.0,2.222222222222503,N,,N,
05:38,CGPOWER,760,874.9,-0.47,0.93,,59.0,26.3,NORMAL,N,0.0,4.664391353811175,13.993174061433526,0.0,0.0,15,0.0,0.0,25,0.0,20,0.0,0.0,6.666666666666666,N,,N,
05:38,PREMIERENE,25049,1042.4,-0.46,0.92,,38.8,48.5,NORMAL,N,0.0,4.583651642475128,13.750954927425383,0.0,0.0,15,0.0,0.0,25,0.0,0.0,20,0.0,8.888888888890012,N,,N,
05:38,TIPSMUSIC,9117,642.5,-0.44,0.88,,75.1,19.4,NORMAL,N,0.0,4.416208259084253,13.248624777252758,0.0,0.0,15,0.0,0.0,25,0.0,20,0.0,16.875000000000043,0.0,N,,N,
05:38,GODREJIND,10925,1305.8,-0.43,0.87,,59.4,19.3,NORMAL,N,0.0,4.346168509340485,13.038505528021455,0.0,0.0,15,0.0,0.0,25,0.0,20,0.0,1.3333333333321207,0.0,N,,N,
05:38,TATACAP,759265,368.7,-0.43,0.86,,68.0,19.3,NORMAL,N,0.0,4.320820955981699,12.962462867945094,0.0,0.0,15,0.0,0.0,25,0.0,20,0.0,9.999999999998579,0.0,N,,N,
05:38,ZFCVINDIA,16915,2599.8,-1.42,2.84,,55.0,61.2,NORMAL,N,0.0,14.1817078719853,30.0,0.0,0.0,15,0.0,0.0,25,0.0,0.0,20,0.0,12.000000000000455,N,,N,
05:38,SUNTECK,17641,297.9,-0.42,0.84,,37.5,39.2,NORMAL,N,0.0,4.178505766337958,12.535517299013875,0.0,0.0,15,0.0,0.0,25,0.0,0.0,20,0.0,0.0,N,,N,
05:38,POONAWALLA,11403,478.05,-0.42,0.83,,77.5,19.2,NORMAL,N,0.0,4.166232684095406,12.49869805228622,0.0,0.0,15,0.0,0.0,25,0.0,20,0.0,20.0,0.0,N,,N,
05:38,LICHSGFIN,1997,502.15,-0.42,0.83,,37.5,45.2,NORMAL,N,0.0,4.164600892414521,12.493802677243565,0.0,0.0,15,0.0,0.0,25,0.0,0.0,20,0.0,6.000000000001364,N,,N,
05:38,WIPRO,3787,186.75,-0.42,0.83,,37.5,48.6,NORMAL,N,0.0,4.159334506478969,12.478003519436909,0.0,0.0,15,0.0,0.0,25,0.0,0.0,20,0.0,9.411764705882943,N,,N,
05:38,UPL,11287,570.65,-0.41,0.82,,57.3,19.1,NORMAL,N,0.0,4.101221640488696,12.303664921466085,0.0,0.0,15,0.0,0.0,25,0.0,20,0.0,0.0,0.0,N,,N,
05:38,NCC,2319,145.0,-0.41,0.81,,44.3,39.1,NORMAL,N,0.0,4.052476131602469,12.157428394807406,0.0,0.0,15,0.0,0.0,25,0.0,0.0,20,7.1428571428576255,0.0,N,,N,
05:38,CROMPTON,17094,248.95,-0.4,0.8,,37.0,39.0,NORMAL,N,0.0,4.000800160032006,12.00240048009602,0.0,0.0,15,0.0,0.0,25,0.0,0.0,20,0.0,0.0,N,,N,
05:38,DRREDDY,881,1167.5,-0.38,0.77,,36.5,47.7,NORMAL,N,0.0,3.8395904436860064,11.518771331058021,0.0,0.0,15,0.0,0.0,25,0.0,0.0,20,0.0,8.888888888887486,N,,N,
05:38,GMRAIRPORT,13528,106.79,-0.38,0.76,,59.3,18.8,NORMAL,N,0.0,3.82462686567161,11.47388059701483,0.0,0.0,15,0.0,0.0,25,0.0,20,0.0,2.857142857144597,0.0,Y,NONRESULTS,N,
05:38,YUKEN,5501,797.0,-0.38,0.76,,70.2,52.6,NORMAL,N,0.0,3.8122617336415905,11.43678520092477,0.0,0.0,15,0.0,13.793603484705946,25,0.0,20,0.0,0.0,20.0,N,,N,
05:38,SOUTHWEST,9678,231.19,-0.37,0.75,,56.2,38.7,NORMAL,N,0.0,3.7490304231664418,11.247091269499325,0.0,0.0,15,0.0,0.0,25,0.0,20,0.0,0.0,20.0,N,,N,
05:38,PVRINOX,13147,1151.7,-0.37,0.74,,36.2,40.8,NORMAL,N,0.0,3.7197231833909647,11.159169550172892,0.0,0.0,15,0.0,0.0,25,0.0,0.0,20,0.0,2.0689655172410006,N,,N,
05:38,HOMEFIRST,2056,1189.4,-0.37,0.74,,57.5,18.7,NORMAL,N,0.0,3.6857094990784587,11.057128497235375,0.0,0.0,15,0.0,0.0,25,0.0,20,0.0,1.4285714285702686,0.0,N,,N,
05:38,IREDA,20261,119.37,-0.36,0.72,,55.8,34.5,NORMAL,N,0.0,3.5893155258763993,10.767946577629198,0.0,0.0,15,0.0,0.0,25,0.0,20,0.0,0.0,15.86206896551795,N,,N,
05:38,HAVELLS,9819,1283.4,-0.36,0.71,,65.7,18.6,NORMAL,N,0.0,3.5714285714285006,10.714285714285502,0.0,0.0,15,0.0,0.0,25,0.0,20,0.0,10.0,0.0,N,,N,
05:38,TVSSCS,18151,133.33,-0.34,0.69,,35.3,43.7,NORMAL,N,0.0,3.438224082517226,10.314672247551677,0.0,0.0,15,0.0,0.0,25,0.0,0.0,20,0.0,5.217391304348256,N,,N,
05:38,BIOCON,11373,424.9,-0.34,0.68,,35.2,41.7,NORMAL,N,0.0,3.400961651225626,10.202884953676877,0.0,0.0,15,0.0,0.0,25,0.0,0.0,20,0.0,3.333333333333965,N,,N,
05:38,ASTRAL,14418,1439.2,-0.33,0.66,,55.0,24.5,NORMAL,N,0.0,3.3240997229916585,9.972299168974976,0.0,0.0,15,0.0,0.0,25,0.0,20,0.0,0.0,6.15384615384427,N,,N,
05:38,FDC,4898,368.6,-0.32,0.65,,64.2,21.5,NORMAL,N,0.0,3.244997295835556,9.734991887506668,0.0,0.0,15,0.0,3.2856881198258607,25,0.0,20,0.0,6.15384615384602,0.0,N,,N,
05:38,AMBUJACEM,1270,432.6,-0.32,0.65,,54.7,18.2,NORMAL,N,0.0,3.2258064516128506,9.677419354838554,0.0,0.0,15,0.0,0.0,25,0.0,20,0.0,0.0,0.0,N,,N,
05:38,RUPA,25724,164.32,-0.32,0.64,,34.6,47.8,NORMAL,N,0.0,3.215043979375197,9.64513193812559,0.0,0.0,15,0.0,0.0,25,0.0,0.0,20,0.0,9.615384615384425,Y,NONRESULTS,N,
05:38,GREAVESCOT,1235,198.22,-0.32,0.63,,34.5,49.7,NORMAL,N,0.0,3.168217249182778,9.504651747548335,0.0,0.0,15,0.0,0.0,25,0.0,0.0,20,0.0,11.499999999999325,N,,N,
05:38,CONCOR,4749,503.65,-0.31,0.61,,34.2,38.1,NORMAL,N,0.0,3.068091844813958,9.204275534441873,0.0,0.0,15,0.0,0.0,25,0.0,0.0,20,0.0,0.0,N,,N,
05:38,TOKYOPLAST,9710,80.0,-1.23,2.47,,62.1,34.5,NORMAL,N,0.0,12.345679012345677,30.0,0.0,0.0,15,0.0,7.1428571428571415,25,0.0,0.0,0.0,0.0,0.0,N,,N,
05:38,ADANIPORTS,15083,1677.5,-0.94,1.89,,55.4,44.4,NORMAL,N,0.0,9.447888987304399,28.343666961913197,0.0,0.0,15,0.0,0.0,25,0.0,0.0,20,2.1052631578951146,0.0,N,,N,
05:38,ZODIACLOTH,3821,77.0,-0.81,1.62,,24.3,23.1,NORMAL,N,0.0,8.115419296663601,24.346257889990806,0.0,0.0,15,0.0,0.0,0.0,0.0,0.0,0.0,0.0,0.0,N,,N,
05:38,RAINBOW,9408,1544.8,-0.76,1.53,,67.9,39.7,NORMAL,N,0.0,7.644375923427822,22.933127770283466,0.0,0.0,15,0.0,0.0,25,0.0,20,0.0,0.0,17.037037037037848,N,,N,
05:38,ADANIENT,25,2997.0,-0.76,1.52,,67.8,22.6,NORMAL,N,0.0,7.6158940397351,22.8476821192053,0.0,0.0,15,0.0,0.0,25,0.0,20,0.0,0.0,0.0,N,,N,
05:38,BAJAJHFL,25270,85.16,-0.73,1.47,,57.0,42.3,NORMAL,N,0.0,7.343513229980296,22.030539689940888,0.0,0.0,15,0.0,0.0,25,0.0,0.0,20,10.0,0.0,N,,N,
05:38,JAGRAN,13211,63.01,-0.71,1.42,,22.9,77.8,NORMAL,N,0.0,7.091080995902976,21.27324298770893,0.0,0.0,15,0.0,1.6745698912599496,0.0,25,0.0,20,0.0,9.000000000000213,N,,N,
05:38,BHARTIARTL,10604,1946.1,-0.7,1.41,,66.1,38.7,NORMAL,N,0.0,7.041175570182244,21.123526710546734,0.0,0.0,15,0.0,0.0,25,0.0,20,0.0,0.0,16.666666666666035,N,,N,
05:38,ADANIENSOL,10217,1618.7,-0.7,1.4,,53.1,42.0,NORMAL,N,0.0,6.993435985522277,20.980307956566833,0.0,0.0,15,0.0,0.0,25,0.0,0.0,20,7.142857142856679,0.0,N,,N,
05:38,NITTAGELA,762824,1711.0,-0.69,1.38,,66.4,25.6,NORMAL,N,0.0,6.906959196703284,20.720877590109854,0.0,0.0,15,0.0,0.6619190277145836,25,0.0,20,0.0,0.0,3.0000000000001137,N,,N,
05:38,LGEINDIA,760213,1576.2,-0.65,1.3,,61.6,41.5,NORMAL,N,0.0,6.492278600693321,19.47683580207996,0.0,0.0,15,0.0,0.0,25,0.0,0.0,20,17.142857142856677,0.0,N,,N,
05:38,SRF,3273,2598.4,-0.63,1.27,,44.0,48.2,NORMAL,N,0.0,6.347992351816408,19.043977055449226,0.0,0.0,15,0.0,0.0,25,0.0,0.0,20,0.0,6.896551724137715,N,,N,
05:38,HINDUNILVR,1394,2083.5,-0.6,1.19,,49.6,41.0,NORMAL,N,0.0,5.963740458015268,17.891221374045802,0.0,0.0,15,0.0,0.0,25,0.0,0.0,20,6.666666666666666,0.0,N,,N,
05:38,NESTLEIND,17963,1531.2,-0.57,1.14,,17.1,77.6,NORMAL,N,0.0,5.714285714285685,17.142857142857054,0.0,0.0,15,0.0,0.0,0.0,25,0.0,20,0.0,11.851851851850979,N,,N,
05:39,PIIND,24184,2759.8,-0.53,1.07,,61.0,37.7,NORMAL,N,0.0,5.334102212931495,16.002306638794487,0.0,0.0,15,0.0,0.0,25,0.0,20,0.0,0.0,17.333333333332728,N,,N,
05:39,IDBI,1476,83.78,-0.52,1.04,,54.8,40.2,NORMAL,N,0.0,5.224412253621441,15.673236760864324,0.0,0.0,15,0.0,0.0,25,0.0,0.0,20,14.117647058823923,0.0,N,,N,
05:39,ASIANPAINT,236,2721.3,-0.5,1.0,,47.1,40.0,NORMAL,N,0.0,5.009140767824431,15.02742230347329,0.0,0.0,15,0.0,0.0,25,0.0,0.0,20,7.027027027025897,0.0,N,,N,
05:39,COROMANDEL,739,2060.0,-0.45,0.9,,40.6,40.2,NORMAL,N,0.0,4.49427342579625,13.482820277388752,0.0,0.0,15,0.0,0.7234432404102297,25,0.0,0.0,20,1.4285714285765327,0.0,N,,N,
05:39,ICICIGI,21770,1631.9,-0.43,0.87,,76.2,22.1,NORMAL,N,0.0,4.331909701037163,12.995729103111488,0.0,0.0,15,0.0,2.744555021060754,25,0.0,20,0.0,15.454545454545432,0.0,N,,N,
05:39,MANKIND,15380,2445.8,-0.42,0.83,,37.5,59.2,NORMAL,N,0.0,4.1530944625406425,12.459283387621927,0.0,0.0,15,0.0,0.0,25,0.0,0.0,20,0.0,20.0,N,,N,
05:39,ZEEL,3812,93.8,-0.41,0.83,,37.4,45.1,NORMAL,N,0.0,4.140566939165523,12.421700817496568,0.0,0.0,15,0.0,0.0,25,0.0,0.0,20,0.0,6.000000000000568,N,,N,
05:39,COLPAL,15141,2021.7,-0.41,0.82,,57.3,25.2,NORMAL,N,0.0,4.088669950738894,12.26600985221668,0.0,0.0,15,0.0,0.0,25,0.0,20,0.0,0.0,6.15384615384427,N,,N,
05:39,GLAXO,1153,2589.2,-0.4,0.81,,57.1,39.0,NORMAL,N,0.0,4.038927568565604,12.116782705696812,0.0,0.0,15,0.0,0.0,25,0.0,0.0,20,20.0,0.0,N,,N,
05:39,DOMS,20551,2252.2,-0.37,0.74,,56.1,23.4,NORMAL,N,0.0,3.715827656374455,11.147482969123365,0.0,0.0,15,0.0,0.0,25,0.0,20,0.0,0.0,4.666666666665454,N,,N,
05:39,NBCC,31415,94.99,-0.36,0.71,,56.2,24.1,NORMAL,N,0.0,3.566558271268262,10.699674813804785,0.0,0.0,15,0.0,0.5106176213582336,25,0.0,20,0.0,0.0,5.0,N,,N,
05:39,GLENMARK,7406,2271.0,-0.36,0.71,,14.9,63.6,NORMAL,N,0.0,3.5540344872975775,10.662103461892732,0.0,0.0,15,0.0,0.0,0.0,25,0.0,20,4.2424242424256615,0.0,N,,N,
05:39,TRIVENI,13081,244.61,4.88,9.77,,136.4,0.0,NORMAL,Y,30.0,0.0,30.0,0.0,15,0.0,0.0,0.0,25,0.0,20,0.0,16.393442622950758,0.0,N,,N,
05:39,SUPRAJIT,11689,542.6,3.99,7.97,,100.0,24.0,NORMAL,N,30.0,0.0,30.0,0.0,15,0.0,0.0,0.0,25,0.0,0.0,20,0.0,3.9999999999986358,N,,N,
05:39,SHILPAMED,17752,788.45,3.78,7.56,,134.8,0.0,NORMAL,N,30.0,0.0,30.0,0.0,15,0.0,0.0,0.0,25,0.0,20,0.0,14.782608695651716,0.0,N,,N,
05:39,MAHLOG,385,413.5,2.68,5.36,,131.4,0.0,NORMAL,N,26.818971939409018,0.0,30.0,0.0,15,0.0,0.0,0.0,25,0.0,20,0.0,14.59459459459466,0.0,N,,N,
05:39,KSB,1949,798.0,1.75,3.51,,108.7,1.2,NORMAL,N,17.532674529805547,0.0,30.0,0.0,15,0.0,0.0,1.1919329932707263,25,0.0,20,0.0,0.0,0.0,N,,N,
05:52,HISARMETAL,19322,162.2,6.7,13.39,,100.0,20.0,NORMAL,Y,30.0,0.0,30.0,0.0,15,0.0,0.0,0.0,25,0.0,0.0,20,0.0,0.0,Y,NONRESULTS,N,
05:52,PDSL,5264,383.3,5.93,11.86,,129.4,0.0,NORMAL,Y,30.0,0.0,30.0,0.0,15,0.0,0.0,0.0,25,0.0,20,0.0,9.444444444444638,0.0,Y,NONRESULTS,N,
05:52,TRIVENI,13081,246.62,5.75,11.49,,120.0,4.6,NORMAL,N,30.0,0.0,30.0,0.0,15,0.0,0.0,0.0,25,0.0,20,0.0,0.0,4.5945945945942,N,,N,
05:52,EBGNG,757862,552.45,5.1,10.2,,133.1,18.3,NORMAL,N,30.0,0.0,30.0,0.0,15,0.0,0.0,13.085258931558416,25,0.0,20,0.0,0.0,5.185185185185435,N,,N,
05:52,RAMCOSYS,7851,669.75,4.99,9.99,,120.0,0.0,NORMAL,N,30.0,0.0,30.0,0.0,15,0.0,0.0,0.0,25,0.0,20,0.0,0.0,0.0,N,,N,
05:52,ZENITHEXPO,4176,227.1,4.89,9.78,,75.0,45.0,NORMAL,Y,30.0,0.0,30.0,0.0,15,0.0,0.0,0.0,0.0,25,0.0,20,0.0,0.0,N,,N,
05:52,HCG,15555,707.6,4.7,9.4,,127.1,0.0,NORMAL,Y,30.0,0.0,30.0,0.0,15,0.0,0.0,0.0,25,0.0,20,0.0,7.142857142856679,0.0,N,,N,
05:52,PINELABS,759820,161.61,4.64,9.29,,140.0,11.7,NORMAL,Y,30.0,0.0,30.0,0.0,15,0.0,0.0,11.679925778484956,25,0.0,20,0.0,8.275862068965134,0.0,N,,N,
05:52,MAXESTATES,19646,414.25,4.32,8.64,,127.6,27.6,NORMAL,Y,30.0,0.0,30.0,0.0,15,0.0,0.0,7.572190532791996,25,0.0,20,0.0,0.0,20.0,N,,N,
05:52,SHILPAMED,17752,791.55,4.19,8.37,,122.2,0.0,NORMAL,Y,30.0,0.0,30.0,0.0,15,0.0,0.0,0.0,25,0.0,20,0.0,2.1621621621626272,0.0,N,,N,
05:52,SUPRAJIT,11689,543.2,4.1,8.2,,100.0,34.8,NORMAL,Y,30.0,0.0,30.0,0.0,15,0.0,0.0,0.0,25,0.0,0.0,20,0.0,14.75409836065596,N,,N,
05:52,NELCO,2388,995.9,3.86,7.72,,124.7,14.8,NORMAL,N,30.0,0.0,30.0,0.0,15,0.0,0.0,4.67598146308925,25,0.0,20,0.0,0.0,10.114942528735526,N,,N,
05:52,FINCABLES,1038,1064.1,3.85,7.7,,120.0,4.1,NORMAL,N,30.0,0.0,30.0,0.0,15,0.0,0.0,0.0,25,0.0,20,0.0,0.0,4.0740740740736685,N,,N,
05:52,HFCL,21951,215.83,3.77,7.55,,120.0,5.2,NORMAL,N,30.0,0.0,30.0,0.0,15,0.0,0.0,0.0,25,0.0,20,0.0,0.0,5.238095238094336,N,,N,
05:52,MAHSEAMLES,2088,611.5,3.7,7.39,,132.6,0.0,NORMAL,N,30.0,0.0,30.0,0.0,15,0.0,0.0,0.0,25,0.0,20,0.0,12.580645161290525,0.0,N,,N,
05:52,BRIGADE,15184,603.1,3.63,7.27,,125.9,15.3,NORMAL,N,30.0,0.0,30.0,0.0,15,0.0,0.0,5.866571570860446,25,0.0,20,0.0,0.0,9.411764705883533,N,,N,
05:52,RAMCOCEM,2043,966.6,3.51,7.03,,107.4,20.0,NORMAL,N,30.0,0.0,30.0,0.0,15,0.0,0.0,0.0,25,0.0,0.0,20,7.407407407407282,0.0,N,,N,
05:52,NAUKRI,13751,1265.4,3.27,6.55,,128.2,0.0,NORMAL,N,30.0,0.0,30.0,0.0,15,0.0,0.0,0.0,25,0.0,20,0.0,8.181818181817807,0.0,N,,N,
05:52,MAHLOG,385,415.75,3.24,6.48,,120.7,18.2,NORMAL,N,30.0,0.0,30.0,0.0,15,0.0,0.0,0.6711836508086488,25,0.0,20,0.0,0.0,17.50000000000009,N,,N,
05:52,BLS,17279,262.54,3.23,6.46,,120.0,11.9,NORMAL,N,30.0,0.0,30.0,0.0,15,0.0,0.0,0.0,25,0.0,20,0.0,0.0,11.88811188811215,N,,N,
05:52,IONEXCHANG,1630,383.3,3.15,6.3,,120.0,18.3,NORMAL,N,30.0,0.0,30.0,0.0,15,0.0,0.0,0.0,25,0.0,20,0.0,0.0,18.333333333333414,N,,Y,NONRESULTS
05:52,UCAL,3570,121.95,2.95,5.89,,97.7,28.2,NORMAL,N,29.461421576903675,0.0,30.0,0.0,15,0.0,0.0,3.2212086886575473,0.0,25,20,0.0,0.0,0.0,N,,N,
05:52,DLF,14732,658.45,2.56,5.12,,120.6,12.0,NORMAL,N,25.62305295950163,0.0,30.0,0.0,15,0.0,0.0,4.996948179870521,25,0.0,20,0.0,0.0,6.956521739130822,N,,N,
05:52,LXCHEM,2841,180.12,2.55,5.1,,115.5,0.0,NORMAL,N,25.50671828740616,0.0,30.0,0.0,15,0.0,0.0,0.0,25,0.0,20,0.0,0.0,0.0,N,,N,
05:52,PNBHOUSING,18908,1172.1,2.55,5.09,,115.5,11.4,NORMAL,N,25.459317585301754,0.0,30.0,0.0,15,0.0,0.0,0.0,25,0.0,20,0.0,0.0,11.42857142857019,N,,N,
05:52,BORORENEW,3149,562.4,2.51,5.01,,115.1,15.3,NORMAL,N,25.061514626811267,0.0,30.0,0.0,15,0.0,0.0,0.0,25,0.0,20,0.0,0.0,15.294117647060554,N,,N,
05:52,OIL,17438,453.25,2.36,4.72,,93.6,35.8,NORMAL,N,23.59981933152662,0.0,30.0,0.0,15,0.0,0.0,0.0,25,0.0,0.0,20,0.0,15.833333333333295,N,,N,
05:52,VEDL,3063,285.4,2.35,4.7,,113.5,8.9,NORMAL,N,23.489331181638708,0.0,30.0,0.0,15,0.0,0.0,0.0,25,0.0,20,0.0,0.0,8.888888888888609,N,,N,
05:52,NEWGEN,1164,563.6,2.29,4.57,,122.3,0.0,NORMAL,N,22.867513611615284,0.0,30.0,0.0,15,0.0,0.0,0.0,25,0.0,20,0.0,9.47368421052682,0.0,N,,N,
05:52,VARROC,3857,829.45,2.25,4.5,,112.5,11.3,NORMAL,N,22.497534516765285,0.0,30.0,0.0,15,0.0,0.0,0.0,25,0.0,20,0.0,0.0,11.333333333333638,N,,N,
05:52,KNRCON,15283,143.09,2.21,4.43,,112.1,14.2,NORMAL,N,22.14443888849199,0.0,30.0,0.0,15,0.0,0.0,0.0,25,0.0,20,0.0,0.0,14.166666666666272,N,,N,
05:52,TATASTEEL,3499,191.65,2.19,4.37,,121.9,0.0,NORMAL,N,21.860837110103944,0.0,30.0,0.0,15,0.0,0.0,0.0,25,0.0,20,0.0,9.999999999998707,0.0,N,,N,
05:52,KSB,1949,801.3,2.17,4.35,,111.7,10.0,NORMAL,N,21.740516416958823,0.0,30.0,0.0,15,0.0,0.0,0.0,25,0.0,20,0.0,0.0,9.999999999998966,N,,N,
05:52,RAYMOND,2859,628.0,2.12,4.24,,111.2,6.9,NORMAL,N,21.221237498983577,0.0,30.0,0.0,15,0.0,0.0,0.0,25,0.0,20,0.0,0.0,6.896551724137715,N,,N,
05:52,VIPIND,3703,321.65,2.11,4.22,,127.8,0.0,NORMAL,N,21.111111111111043,0.0,30.0,0.0,15,0.0,0.0,0.0,25,0.0,20,0.0,16.666666666666035,0.0,N,,N,
05:52,PRAJIND,2705,331.85,2.09,4.18,,110.9,18.8,NORMAL,N,20.919858483310296,0.0,30.0,0.0,15,0.0,0.0,0.0,25,0.0,20,0.0,0.0,18.82352941176447,N,,N,
05:52,SHIVALIK,7026,259.8,2.08,4.17,,110.8,0.0,NORMAL,N,20.825147347740717,0.0,30.0,0.0,15,0.0,0.0,0.0,25,0.0,20,0.0,0.0,0.0,N,,N,
05:52,MONTECARLO,5938,510.05,2.07,4.14,,130.7,0.0,NORMAL,N,20.712427456473932,0.0,30.0,0.0,15,0.0,0.0,0.0,25,0.0,20,0.0,20.0,0.0,N,,N,
05:52,BALRAMCHIN,341,646.45,2.05,4.1,,110.5,5.3,NORMAL,N,20.522535322440596,0.0,30.0,0.0,15,0.0,0.0,0.0,25,0.0,20,0.0,0.0,5.26315789473659,N,,N,
05:52,PIXTRANS,9087,1925.5,12.13,24.26,,100.0,39.1,NORMAL,Y,30.0,0.0,30.0,0.0,15,0.0,0.0,0.0,25,0.0,0.0,20,0.0,19.14893617021258,N,,N,
05:52,PAYTM,6705,1548.2,7.39,14.79,,126.1,4.2,NORMAL,Y,30.0,0.0,30.0,0.0,15,0.0,0.0,4.197593329679375,25,0.0,20,0.0,1.9354838709675053,0.0,N,,N,
05:52,BEML,395,1914.7,7.1,14.2,,120.0,14.5,NORMAL,Y,30.0,0.0,30.0,0.0,15,0.0,0.0,0.0,25,0.0,20,0.0,0.0,14.545454545454453,N,,N,
05:52,GRASIM,1232,3375.8,4.84,9.68,,127.9,0.0,NORMAL,Y,30.0,0.0,30.0,0.0,15,0.0,0.0,0.0,25,0.0,20,0.0,7.857142857141697,0.0,N,,N,
05:52,RATNAMANI,13451,2280.3,3.76,7.53,,102.1,20.0,NORMAL,N,30.0,0.0,30.0,0.0,15,0.0,0.0,0.0,25,0.0,0.0,20,2.0618556701031316,0.0,N,,N,
05:52,M&M,2031,3517.6,3.28,6.55,,127.5,0.0,NORMAL,N,30.0,0.0,30.0,0.0,15,0.0,0.0,0.0,25,0.0,20,0.0,7.4999999999992895,0.0,N,,N,
05:52,LTF,24948,313.95,1.93,3.86,,109.3,12.5,NORMAL,N,19.318181818181785,0.0,30.0,0.0,15,0.0,0.0,0.0,25,0.0,20,0.0,0.0,12.499999999998934,N,,N,
05:52,WELSPUNLIV,11253,167.21,1.9,3.8,,110.6,0.0,NORMAL,N,19.013955755987595,0.0,30.0,0.0,15,0.0,0.0,0.0,25,0.0,20,0.0,1.5384615384623792,0.0,N,,N,
05:52,TEJASNET,21131,523.0,1.86,3.72,,108.6,7.4,NORMAL,N,18.599668906417282,0.0,30.0,0.0,15,0.0,0.0,0.0,25,0.0,20,0.0,0.0,7.368421052631705,N,,N,
05:52,RUBICON,759316,1597.3,2.84,5.68,,118.4,10.3,NORMAL,N,28.392995106876068,0.0,30.0,0.0,15,0.0,0.0,0.0,25,0.0,20,0.0,0.0,10.256410256410017,N,,N,
05:52,LENSKART,759605,580.1,1.83,3.65,,85.1,25.0,NORMAL,N,18.255222046691202,0.0,30.0,0.0,15,0.0,0.0,0.0,0.0,25,20,0.0,1.818181818180315,0.0,N,,N,
05:52,SONATSOFTW,6596,323.85,1.82,3.65,,108.2,0.0,NORMAL,N,18.236126395220914,0.0,30.0,0.0,15,0.0,0.0,0.0,25,0.0,20,0.0,0.0,0.0,N,,N,
05:52,ENGINERSIN,4907,244.98,1.82,3.64,,112.4,0.0,NORMAL,N,18.204488778054845,0.0,30.0,0.0,15,0.0,0.0,0.0,25,0.0,20,0.0,4.2105263157886865,0.0,N,,N,
05:52,ANTHEM,757885,856.2,1.81,3.61,,88.1,28.6,NORMAL,N,18.073721759809803,0.0,30.0,0.0,15,0.0,0.0,0.0,25,0.0,0.0,20,0.0,8.571428571427644,N,,N,
05:52,KAJARIACER,1808,1187.8,1.76,3.51,,102.6,20.0,NORMAL,N,17.561894971301296,0.0,30.0,0.0,15,0.0,0.0,0.0,25,0.0,0.0,20,14.99999999999929,0.0,N,,N,
05:52,IFCI,1491,75.98,2.7,5.41,,117.0,0.0,NORMAL,N,27.034333603676668,0.0,30.0,0.0,15,0.0,0.0,0.0,25,0.0,20,0.0,0.0,0.0,N,,N,
05:52,SHREEPUSHK,10588,414.0,1.69,3.39,,106.9,0.0,NORMAL,N,16.949152542372826,0.0,30.0,0.0,15,0.0,0.0,0.0,25,0.0,20,0.0,0.0,0.0,N,,N,
05:52,JINDALSTEL,6733,1121.5,1.68,3.35,,116.8,0.0,NORMAL,N,16.772438803263825,0.0,30.0,0.0,15,0.0,0.0,0.0,25,0.0,20,0.0,9.999999999997158,0.0,N,,N,
05:52,HEG,1336,685.05,1.64,3.28,,106.4,7.5,NORMAL,N,16.39465875370913,0.0,30.0,0.0,15,0.0,0.0,0.0,25,0.0,20,0.0,0.0,7.4999999999992895,N,,N,
05:52,RHIM,31163,419.55,1.64,3.27,,119.9,7.4,NORMAL,N,16.351744186046506,0.0,30.0,0.0,15,0.0,0.0,7.354510846624109,25,0.0,20,0.0,6.190476190476074,0.0,N,,N,
05:52,UNICHEMLAB,3579,497.7,1.62,3.25,,106.2,20.0,NORMAL,N,16.232771822358323,0.0,30.0,0.0,15,0.0,0.0,0.0,25,0.0,20,0.0,0.0,20.0,N,,N,
05:52,NARMADA,6364,387.05,1.59,3.18,,112.5,0.0,NORMAL,N,15.879265091863546,0.0,30.0,0.0,15,0.0,0.0,0.0,25,0.0,20,0.0,6.66666666666793,0.0,N,,N,
05:52,SANSERA,5751,3885.3,2.59,5.18,,78.5,45.0,NORMAL,N,25.87595384574763,0.0,30.0,0.0,15,0.0,0.0,0.0,0.0,25,0.0,20,7.619047619048186,0.0,N,,N,
05:52,SAREGAMA,4892,527.25,1.55,3.1,,105.5,15.0,NORMAL,N,15.50462249614783,0.0,30.0,0.0,15,0.0,0.0,0.0,25,0.0,20,0.0,0.0,15.00000000000379,N,,N,
05:52,ZUARI,29050,231.0,1.52,3.03,,105.2,14.2,NORMAL,N,15.161502966380963,0.0,30.0,0.0,15,0.0,0.0,0.0,25,0.0,20,0.0,0.0,14.166666666666766,N,,N,
05:52,MUNJALAU,13511,104.0,1.5,3.01,,105.0,20.0,NORMAL,N,15.030255709545251,0.0,30.0,0.0,15,0.0,0.0,0.0,25,0.0,20,0.0,0.0,20.0,N,,N,
05:52,JUBLFOOD,18096,493.8,1.5,3.0,,105.0,6.9,NORMAL,N,15.005138746145962,0.0,30.0,0.0,15,0.0,0.0,0.0,25,0.0,20,0.0,0.0,6.875000000000044,N,,N,
05:52,PENIND,20621,162.2,1.46,2.93,,104.6,9.1,NORMAL,N,14.637808082071656,0.0,30.0,0.0,15,0.0,0.0,0.0,25,0.0,20,0.0,0.0,9.090909090908621,N,,N,
05:52,METROPOLIS,9581,571.25,1.43,2.86,,105.5,0.0,NORMAL,N,14.293323863636282,0.0,30.0,0.0,15,0.0,0.0,0.0,25,0.0,20,0.0,1.2499999999989342,0.0,N,,N,
05:52,GOCOLORS,6964,326.65,1.43,2.86,,124.3,0.0,NORMAL,N,14.283496351498108,0.0,30.0,0.0,15,0.0,0.0,0.0,25,0.0,20,0.0,20.0,0.0,N,,N,
05:52,TMCV,759782,459.45,1.4,2.8,,104.0,18.0,NORMAL,N,14.01456632090039,0.0,30.0,0.0,15,0.0,0.0,0.0,25,0.0,20,0.0,0.0,18.000000000000302,N,,N,
05:52,JUBLPHARMA,3637,945.05,1.4,2.8,,104.0,6.0,NORMAL,N,14.002145922746731,0.0,30.0,0.0,15,0.0,0.0,0.0,25,0.0,20,0.0,0.0,5.9999999999990905,N,,N,
05:52,SAKSOFT,11794,167.36,1.4,2.8,,111.7,2.2,NORMAL,N,13.99575886095124,0.0,30.0,0.0,15,0.0,0.0,2.2499533945810772,25,0.0,20,0.0,5.405405405405031,0.0,N,,Y,NONRESULTS
05:52,MCX,31181,2700.9,2.38,4.77,,124.7,6.8,NORMAL,Y,23.843821076573192,0.0,30.0,0.0,15,0.0,0.0,6.814411343308045,25,0.0,20,0.0,4.0875912408762325,0.0,N,,N,
05:52,HSCL,14334,762.95,1.37,2.74,,103.7,9.5,NORMAL,N,13.684979738258246,0.0,30.0,0.0,15,0.0,0.0,0.0,25,0.0,20,0.0,0.0,9.523809523808906,N,,N,
05:52,SAFARI,13035,1521.8,2.37,4.74,,113.7,18.6,NORMAL,N,23.678191847168065,0.0,30.0,0.0,15,0.0,0.0,0.0,25,0.0,20,0.0,0.0,18.636363636362837,N,,N,
05:52,INDIAMART,10726,1796.3,2.35,4.71,,131.1,11.8,NORMAL,N,23.532763532763504,0.0,30.0,0.0,15,0.0,0.0,11.769792677522444,25,0.0,20,0.0,5.797101449275286,0.0,N,,N,
05:52,IIFL,11809,619.85,1.32,2.65,,104.6,0.0,NORMAL,N,13.24070290151209,0.0,30.0,0.0,15,0.0,0.0,0.0,25,0.0,20,0.0,1.3333333333321207,0.0,N,,N,
05:52,JKIL,15266,505.5,1.32,2.65,,123.2,0.0,NORMAL,N,13.229104028863546,0.0,30.0,0.0,15,0.0,0.0,0.0,25,0.0,20,0.0,20.0,0.0,N,,N,
05:52,USHAMART,8840,521.8,1.31,2.62,,103.1,11.7,NORMAL,N,13.105523735559657,0.0,30.0,0.0,15,0.0,0.0,0.0,25,0.0,20,0.0,0.0,11.666666666666982,N,,N,
05:52,ABDL,24308,607.0,1.29,2.59,,102.9,20.0,NORMAL,N,12.932832707551105,0.0,30.0,0.0,15,0.0,0.0,0.0,25,0.0,20,0.0,0.0,20.0,N,,N,
05:52,BECTORFOOD,1628,227.3,1.29,2.58,,82.9,33.9,NORMAL,N,12.923351158645303,0.0,30.0,0.0,15,0.0,0.0,0.0,25,0.0,0.0,20,0.0,13.928571428571901,N,,N,
05:52,SARDAEN,17758,504.0,1.29,2.57,,102.9,4.7,NORMAL,N,12.861736334405098,0.0,30.0,0.0,15,0.0,0.0,0.0,25,0.0,20,0.0,0.0,4.705882352941098,N,,N,
05:52,SAIL,2963,178.85,1.29,2.57,,102.9,3.8,NORMAL,N,12.855363008268103,0.0,30.0,0.0,15,0.0,0.0,0.0,25,0.0,20,0.0,0.0,3.809523809523423,N,,N,
05:52,JSWINFRA,19020,340.05,1.28,2.56,,82.8,22.9,NORMAL,N,12.807148175726018,0.0,30.0,0.0,15,0.0,0.0,0.0,25,0.0,0.0,20,0.0,2.8571428571433213,N,,N,
05:52,INFY,1594,1189.7,1.24,2.48,,118.0,0.0,NORMAL,N,12.424474512807537,0.0,30.0,0.0,15,0.0,0.0,0.0,25,0.0,20,0.0,15.555555555558925,0.0,N,,N,
05:52,CANFINHOME,583,821.3,1.23,2.47,,104.5,22.1,NORMAL,N,12.32589670898558,0.0,30.0,0.0,15,0.0,0.0,2.1425779404062872,25,0.0,20,0.0,0.0,20.0,N,,N,
05:52,360ONE,13061,1182.3,1.22,2.43,,108.2,0.0,NORMAL,N,12.156493450903216,0.0,30.0,0.0,15,0.0,0.0,0.0,25,0.0,20,0.0,5.9999999999990905,0.0,N,,N,
05:52,ENDURANCE,18822,2968.5,2.2,4.41,,112.0,9.0,NORMAL,N,22.034773627130313,0.0,30.0,0.0,15,0.0,0.0,0.0,25,0.0,20,0.0,0.0,9.03225806451698,N,,N,
05:52,BSOFT,6994,322.3,1.19,2.39,,93.9,20.0,NORMAL,N,11.930926216640538,0.0,30.0,0.0,15,0.0,0.0,0.0,25,0.0,0.0,20,11.999999999998181,0.0,N,,N,
05:52,GODREJPROP,17875,2115.0,2.17,4.35,,111.7,7.7,NORMAL,N,21.73913043478261,0.0,30.0,0.0,15,0.0,0.0,0.0,25,0.0,20,0.0,0.0,7.692307692307513,N,,N,
05:52,COFORGE,11543,1814.4,2.16,4.32,,111.6,14.1,NORMAL,N,21.62162162162167,0.0,30.0,0.0,15,0.0,0.0,0.0,25,0.0,20,0.0,0.0,14.117647058823685,N,,N,
05:52,MEDANTA,11956,1472.5,1.16,2.32,,81.6,32.0,NORMAL,N,11.610332508931087,0.0,30.0,0.0,15,0.0,0.0,0.0,25,0.0,0.0,20,0.0,12.000000000000455,N,,N,
05:52,IRCTC,13611,525.95,1.15,2.31,,101.5,1.5,NORMAL,N,11.539571112606982,0.0,30.0,0.0,15,0.0,0.0,0.0,25,0.0,20,0.0,0.0,1.5384615384634222,N,,N,
05:52,JSWENERGY,17869,570.9,1.15,2.3,,101.5,13.3,NORMAL,N,11.516654854712971,0.0,30.0,0.0,15,0.0,0.0,0.0,25,0.0,20,0.0,0.0,13.333333333334457,N,,N,
05:52,SHALBY,714,161.88,1.12,2.24,,110.1,28.9,NORMAL,N,11.181210569054858,0.0,30.0,0.0,15,0.0,0.0,8.897980331207265,25,0.0,20,0.0,0.0,20.0,N,,N,
05:52,EPACKPEB,759251,249.05,1.12,2.23,,121.2,0.0,NORMAL,N,11.165245635403979,0.0,30.0,0.0,15,0.0,0.0,0.0,25,0.0,20,0.0,20.0,0.0,N,,N,
05:52,HYUNDAI,25844,2247.0,2.11,4.23,,127.3,0.0,NORMAL,N,21.13156100886162,0.0,30.0,0.0,15,0.0,0.0,0.0,25,0.0,20,0.0,16.153846153846693,0.0,N,,N,
05:52,BALKRISIND,335,2518.0,2.1,4.19,,117.9,4.0,NORMAL,N,20.96257551798233,0.0,30.0,0.0,15,0.0,0.0,4.032933617233507,25,0.0,20,0.0,2.921348314607121,0.0,N,,N,
05:52,LTTS,18564,3629.8,2.09,4.19,,110.9,20.0,NORMAL,N,20.925915508803534,0.0,30.0,0.0,15,0.0,0.0,0.0,25,0.0,20,0.0,0.0,20.0,N,,N,
05:52,MANAPPURAM,19061,370.75,1.09,2.18,,109.5,0.0,NORMAL,N,10.906612133606,0.0,30.0,0.0,15,0.0,0.0,0.0,25,0.0,20,0.0,8.571428571428108,0.0,N,,N,
05:52,KPITTECH,9683,636.75,1.09,2.17,,100.9,5.3,NORMAL,N,10.874742022543298,0.0,30.0,0.0,15,0.0,0.0,0.0,25,0.0,20,0.0,0.0,5.33333333333303,N,,N,
05:52,KALYANKJIL,2955,612.8,1.07,2.14,,80.7,33.9,NORMAL,N,10.720765297707405,0.0,30.0,0.0,15,0.0,0.0,0.0,25,0.0,0.0,20,0.0,13.88888888888924,N,,N,
05:52,PARADEEP,9741,151.03,1.06,2.11,,100.6,0.7,NORMAL,N,10.572097691535715,0.0,30.0,0.0,15,0.0,0.0,0.0,25,0.0,20,0.0,0.0,0.7407407407421442,N,,N,
05:52,GANESHHOU,14339,768.6,1.03,2.06,,120.3,0.0,NORMAL,N,10.318764377259312,0.0,30.0,0.0,15,0.0,0.0,0.0,25,0.0,20,0.0,20.0,0.0,N,,N,
05:52,NMDC,15332,86.64,2.03,4.05,,110.8,9.6,NORMAL,N,20.254357041921796,0.0,30.0,0.0,15,0.0,0.0,0.5207252919707964,25,0.0,20,0.0,0.0,9.090909090908621,N,,N,
05:52,CESC,628,165.62,1.02,2.05,,100.2,0.0,NORMAL,N,10.247651579846327,0.0,30.0,0.0,15,0.0,0.0,0.0,25,0.0,20,0.0,0.0,0.0,N,,N,
05:52,TORNTPOWER,13786,1364.6,1.02,2.04,,113.8,0.0,NORMAL,N,10.216168196624189,0.0,30.0,0.0,15,0.0,0.0,0.0,25,0.0,20,0.0,13.600000000000364,0.0,N,,N,
05:52,HEXT,29666,570.3,1.01,2.02,,100.1,9.3,NORMAL,N,10.095642933049826,0.0,30.0,0.0,15,0.0,0.0,0.0,25,0.0,20,0.0,0.0,9.33333333333394,N,,N,
05:52,TRITURBINE,25584,642.85,1.01,2.01,,100.1,19.2,NORMAL,N,10.055778144394651,0.0,30.0,0.0,15,0.0,0.0,0.0,25,0.0,20,0.0,0.0,19.16666666666738,N,,N,
05:52,ZENSARTECH,1076,504.0,1.0,2.0,,100.0,0.0,NORMAL,N,10.020040080160319,0.0,30.0,0.0,15,0.0,0.0,0.0,25,0.0,20,0.0,0.0,0.0,N,,N,
05:52,APCL,20453,103.15,0.99,1.98,,74.6,45.0,NORMAL,N,9.888388486391278,0.0,29.66516545917383,0.0,15,0.0,0.0,0.0,0.0,25,0.0,20,20.0,0.0,N,,N,
05:52,APOLLOTYRE,163,449.35,0.98,1.96,,108.3,16.3,NORMAL,N,9.775280898876455,0.0,29.325842696629365,0.0,15,0.0,0.0,9.149993051551588,25,0.0,20,0.0,0.0,7.200000000000728,N,,N,
05:52,ZUARIIND,3827,261.85,0.96,1.93,,73.6,25.0,NORMAL,N,9.639483323693849,0.0,28.918449971081543,0.0,15,0.0,0.0,0.0,0.0,25,20,0.0,0.0,0.0,N,,N,
05:52,MOTILALOFS,14947,878.35,0.96,1.92,,102.1,23.7,NORMAL,N,9.597701149425314,0.0,28.793103448275943,0.0,15,0.0,0.0,3.6971604502999655,25,0.0,20,0.0,0.0,20.0,N,,N,
05:52,APLLTD,25328,838.0,0.95,1.9,,101.9,0.0,NORMAL,N,9.516925671605803,0.0,28.550777014817406,0.0,15,0.0,0.0,0.0,25,0.0,20,0.0,3.8709677419361936,0.0,N,,N,
05:52,KIRLOSBROS,18581,1938.7,1.95,3.89,,109.5,1.4,NORMAL,N,19.456275963611503,0.0,30.0,0.0,15,0.0,0.0,0.0,25,0.0,20,0.0,0.0,1.4285714285716606,N,,N,
05:52,M&MFIN,13285,412.25,0.93,1.86,,97.2,5.3,NORMAL,N,9.303464316317815,0.0,27.910392948953444,0.0,15,0.0,0.0,0.0,25,0.0,20,0.0,0.0,5.263157894736905,N,,N,
05:52,PRINCEPIPE,16045,273.45,0.9,1.81,,76.2,20.0,NORMAL,N,9.040590405904016,0.0,27.12177121771205,0.0,15,0.0,0.0,0.0,25,0.0,0.0,20,0.0,0.0,N,,N,
05:52,HGINFRA,1672,553.85,0.86,1.71,,94.2,0.0,NORMAL,N,8.558681598834644,0.0,25.676044796503938,0.0,15,0.0,0.0,0.0,25,0.0,20,0.0,0.0,0.0,N,,N,
05:52,TATACONSUM,3432,1091.5,0.85,1.7,,94.8,6.0,NORMAL,N,8.500415781206732,0.0,25.501247343620193,0.0,15,0.0,0.0,0.8331227743403813,25,0.0,20,0.0,0.0,5.142857142857663,N,,N,
05:52,NAM-INDIA,357,1185.9,0.84,1.68,,93.7,1.7,NORMAL,N,8.418367346938851,0.0,25.255102040816556,0.0,15,0.0,0.0,0.0,25,0.0,20,0.0,0.0,1.6666666666650876,N,,N,
05:52,GNFC,1174,539.8,0.8,1.61,,92.1,2.5,NORMAL,N,8.029878618113827,0.0,24.089635854341477,0.0,15,0.0,0.0,0.0,25,0.0,20,0.0,0.0,2.5000000000035527,N,,N,
05:52,XCHANGING,11705,68.45,1.8,3.6,,123.4,0.0,NORMAL,N,17.995240928019157,0.0,30.0,0.0,15,0.0,0.0,0.0,25,0.0,20,0.0,15.45454545454569,0.0,N,,N,
05:52,ITCHOTELS,29251,171.96,0.77,1.54,,96.3,20.7,NORMAL,N,7.676530911221812,0.0,23.02959273366544,0.0,15,0.0,0.0,5.57923895564363,25,0.0,20,0.0,0.0,15.111111111110691,N,,N,
05:52,SHRIRAMFIN,4306,1123.3,0.74,1.49,,89.8,6.7,NORMAL,N,7.4439461883407665,0.0,22.3318385650223,0.0,15,0.0,0.0,0.0,25,0.0,20,0.0,0.0,6.666666666664982,N,,N,
05:52,MOTHERSON,4204,169.75,0.74,1.48,,72.2,20.0,NORMAL,N,7.41839762611276,0.0,22.25519287833828,0.0,15,0.0,0.0,0.0,25,0.0,0.0,20,2.5000000000013323,0.0,N,,N,
05:52,THYROCARE,17032,607.7,0.74,1.48,,92.6,9.9,NORMAL,N,7.376709490261161,0.0,22.130128470783482,0.0,15,0.0,0.0,3.052950828711749,25,0.0,20,0.0,0.0,6.874999999999822,N,,N,
05:52,DELHIVERY,9599,476.75,0.73,1.46,,99.6,0.0,NORMAL,N,7.289245721529661,0.0,21.867737164588984,0.0,15,0.0,0.0,0.0,25,0.0,20,0.0,10.399999999999636,0.0,N,,N,
05:52,SESHAPAPER,3066,230.88,0.73,1.46,,89.1,0.0,NORMAL,N,7.285895030757766,0.0,21.8576850922733,0.0,15,0.0,0.0,0.0,25,0.0,20,0.0,0.0,0.0,N,,N,
05:52,SWIGGY,27066,282.7,0.69,1.39,,87.8,14.5,NORMAL,N,6.945681211041812,0.0,20.837043633125436,0.0,15,0.0,0.0,0.0,25,0.0,20,0.0,0.0,14.545454545454922,N,,N,
05:52,JSL,11236,739.65,0.68,1.36,,87.2,18.7,NORMAL,N,6.805962022731913,0.0,20.417886068195738,0.0,15,0.0,0.0,0.0,25,0.0,20,0.0,0.0,18.66666666666788,N,,N,
05:52,AFFLE,11343,1673.1,1.67,3.34,,121.2,2.6,NORMAL,N,16.711229946524064,0.0,30.0,0.0,15,0.0,0.0,2.571559284559698,25,0.0,20,0.0,11.926605504587055,0.0,N,,N,
05:52,ROUTE,128,531.7,0.64,1.29,,92.9,10.0,NORMAL,N,6.435737270490425,0.0,19.307211811471273,0.0,15,0.0,0.0,7.152785193005647,25,0.0,20,0.0,0.0,2.8571428571433213,N,,N,
05:52,CDSL,21174,1336.4,0.63,1.27,,86.7,12.4,NORMAL,N,6.325301204819346,0.0,18.975903614458037,0.0,15,0.0,0.0,1.3854953367967995,25,0.0,20,0.0,0.0,10.99999999999909,N,,N,
05:52,NATCOPHARM,3918,922.3,0.62,1.23,,64.7,20.8,NORMAL,N,6.163748431789644,0.0,18.491245295368934,0.0,15,0.0,0.0,0.0,25,0.0,0.0,20,0.0,0.8000000000010914,N,,N,
05:52,MPHASIS,4503,2515.0,1.62,3.23,,106.2,0.8,NORMAL,N,16.161616161616163,0.0,30.0,0.0,15,0.0,0.0,0.0,25,0.0,20,0.0,0.0,0.7999999999992724,N,,N,
05:52,GSFC,1247,162.21,0.61,1.23,,90.4,0.0,NORMAL,N,6.140677335318256,0.0,18.422032005954765,0.0,15,0.0,0.0,0.0,25,0.0,20,0.0,5.882352941176077,0.0,N,,N,
05:52,VBL,18921,444.7,0.61,1.22,,94.4,0.0,NORMAL,N,6.108597285067847,0.0,18.32579185520354,0.0,15,0.0,0.0,0.0,25,0.0,20,0.0,9.99999999999929,0.0,N,,N,
05:52,MAXHEALTH,22377,1076.5,0.61,1.21,,86.3,4.5,NORMAL,N,6.074766355140187,0.0,18.22429906542056,0.0,15,0.0,0.0,2.001150381713406,25,0.0,20,0.0,0.0,2.4999999999978684,N,,N,
05:52,RELAXO,24225,426.0,0.6,1.2,,84.1,6.0,NORMAL,N,6.021962451292977,0.0,18.06588735387893,0.0,15,0.0,0.0,0.0,25,0.0,20,0.0,0.0,6.000000000000227,N,,N,
05:52,ASTERDM,1508,874.85,0.59,1.18,,63.7,22.0,NORMAL,N,5.921582154765984,0.0,17.764746464297954,0.0,15,0.0,0.0,0.0,25,0.0,0.0,20,0.0,2.0000000000004547,N,,N,
05:52,CASTROLIND,1250,193.2,0.58,1.17,,83.3,10.0,NORMAL,N,5.830903790087338,0.0,17.492711370262015,0.0,15,0.0,0.0,0.0,25,0.0,20,0.0,0.0,10.0,N,,N,
05:52,CYIENT,5748,862.45,0.58,1.15,,52.6,53.2,NORMAL,Y,5.772594752186642,0.0,17.317784256559925,0.0,15,0.0,0.0,8.212095037819667,0.0,25,0.0,20,6.250000000000355,0.0,N,,N,
05:52,NUCLEUS,10791,702.25,0.57,1.15,,96.2,0.0,NORMAL,N,5.728607232366631,0.0,17.185821697099893,0.0,15,0.0,0.0,0.0,25,0.0,20,0.0,13.333333333323228,0.0,N,,N,
05:52,WESTLIFE,11580,598.2,0.56,1.13,,83.0,20.4,NORMAL,N,5.631671850046269,0.0,16.895015550138805,0.0,15,0.0,0.0,0.4454216529457663,25,0.0,20,0.0,0.0,20.0,N,,N,
05:52,DABUR,772,412.3,0.56,1.12,,97.0,0.0,NORMAL,N,5.609756097561003,0.0,16.829268292683008,0.0,15,0.0,0.0,0.0,25,0.0,20,0.0,14.545454545453417,0.0,N,,N,
05:52,SWANCORP,27095,309.75,0.55,1.1,,87.1,11.7,NORMAL,N,5.518584645349744,0.0,16.555753936049232,0.0,15,0.0,0.0,5.030050138410045,25,0.0,20,0.0,0.0,6.666666666665825,N,,N,
05:52,RCF,2866,127.61,0.54,1.09,,86.2,1.1,NORMAL,N,5.436495430192229,0.0,16.30948629057669,0.0,15,0.0,0.0,1.1434355462289176,25,0.0,20,0.0,3.333333333332544,0.0,N,,N,
05:52,ZYDUSLIFE,7929,1120.2,0.54,1.08,,81.5,6.0,NORMAL,N,5.385029617662896,0.0,16.15508885298869,0.0,15,0.0,0.0,0.0,25,0.0,20,0.0,0.0,5.9999999999990905,N,,N,
05:52,RAJRATAN,18962,527.8,0.53,1.07,,81.3,14.5,NORMAL,N,5.333333333333247,0.0,15.99999999999974,0.0,15,0.0,0.0,0.0,25,0.0,20,0.0,0.0,14.500000000000455,N,,N,
05:52,TMPV,3456,348.85,0.53,1.07,,65.1,20.0,NORMAL,N,5.331412103746463,0.0,15.99423631123939,0.0,15,0.0,0.0,0.0,25,0.0,0.0,20,3.7499999999993783,0.0,N,,N,
05:52,GRINFRA,5054,875.3,0.53,1.06,,81.1,9.2,NORMAL,N,5.28310554726072,0.0,15.84931664178216,0.0,15,0.0,0.0,0.0,25,0.0,20,0.0,0.0,9.230769230771653,N,,N,
05:52,HDFCBANK,1333,734.85,0.53,1.05,,81.1,11.2,NORMAL,N,5.2667578659371035,0.0,15.800273597811312,0.0,15,0.0,0.0,0.0,25,0.0,20,0.0,0.0,11.249999999997335,N,,N,
05:52,PURVA,14922,213.47,0.52,1.04,,85.8,10.1,NORMAL,N,5.179639308753563,0.0,15.53891792626069,0.0,15,0.0,0.0,5.113688939252899,25,0.0,20,0.0,0.0,4.999999999999645,N,,N,
05:52,KIRIINDUS,16639,430.1,0.51,1.03,,80.6,16.0,NORMAL,N,5.141388174807304,0.0,15.424164524421913,0.0,15,0.0,0.0,0.0,25,0.0,20,0.0,0.0,15.99999999999909,N,,N,
05:52,CIEINDIA,14937,412.6,0.51,1.02,,80.5,20.0,NORMAL,N,5.115712545676059,0.0,15.34713763702818,0.0,15,0.0,0.0,0.0,25,0.0,20,0.0,0.0,20.0,N,,N,
05:52,TATACOMM,3721,1781.4,1.49,2.99,,106.9,10.2,NORMAL,N,14.927073837739316,0.0,30.0,0.0,15,0.0,0.0,1.9494909402271208,25,0.0,20,0.0,0.0,8.275862068965571,N,,N,
05:52,SCHNEIDER,31234,1361.4,0.49,0.97,,40.4,45.0,NORMAL,N,4.871567759078932,0.0,14.614703277236796,0.0,15,0.0,0.0,0.0,0.0,25,0.0,20,5.9259259259254895,0.0,N,,N,
05:52,BHEL,438,407.15,0.48,0.96,,82.2,15.5,NORMAL,N,4.812438302073023,0.0,14.437314906219068,0.0,15,0.0,0.0,2.97956937299607,25,0.0,20,0.0,0.0,12.499999999999822,N,,N,
05:52,HINDZINC,1424,605.9,0.48,0.96,,79.2,12.0,NORMAL,N,4.8092868988391,0.0,14.4278606965173,0.0,15,0.0,0.0,0.0,25,0.0,20,0.0,0.0,12.000000000001211,N,,N,
05:52,TIMETECHNO,14707,205.84,0.47,0.94,,58.7,35.5,NORMAL,N,4.685669660288989,0.0,14.057008980866966,0.0,15,0.0,0.0,0.0,25,0.0,0.0,20,0.0,15.483870967742408,N,,N,
05:52,MEESHO,760229,192.24,0.47,0.93,,78.6,2.4,NORMAL,N,4.651162790697752,0.0,13.953488372093254,0.0,15,0.0,0.0,0.0,25,0.0,20,0.0,0.0,2.439024390242922,N,,N,
05:52,RSYSTEMS,13414,249.0,0.46,0.93,,78.6,20.0,NORMAL,N,4.6399031672382725,0.0,13.919709501714815,0.0,15,0.0,0.0,0.0,25,0.0,20,0.0,0.0,20.0,N,,N,
05:52,GLAND,1186,2639.0,1.46,2.92,,84.6,25.4,NORMAL,N,14.609765474817378,0.0,30.0,0.0,15,0.0,0.0,0.0,25,0.0,0.0,20,0.0,5.357142857142945,N,,N,
05:52,ATGL,6066,660.55,0.46,0.91,,88.2,27.8,NORMAL,N,4.562390692722986,0.0,13.68717207816896,0.0,15,0.0,0.0,9.98301377016648,25,0.0,20,0.0,0.0,17.777777777777967,N,,N,
05:52,LALPATHLAB,11654,1959.7,1.45,2.91,,84.5,26.4,NORMAL,N,14.547525367570998,0.0,30.0,0.0,15,0.0,0.0,0.0,25,0.0,0.0,20,0.0,6.399999999999636,N,,N,
05:52,UNOMINDA,14154,1290.8,0.45,0.9,,78.1,18.0,NORMAL,N,4.513618677042766,0.0,13.540856031128298,0.0,15,0.0,0.0,0.0,25,0.0,20,0.0,0.0,18.00000000000182,N,,N,
05:52,PRICOLLTD,19631,741.2,0.45,0.89,,57.9,25.7,NORMAL,N,4.472150697926641,0.0,13.416452093779924,0.0,15,0.0,0.0,0.0,25,0.0,0.0,20,0.0,5.714285714284322,N,,N,
05:52,AXISBANK,5900,1243.5,0.44,0.89,,77.8,13.3,NORMAL,N,4.442649434571891,0.0,13.32794830371567,0.0,15,0.0,0.0,0.0,25,0.0,20,0.0,0.0,13.333333333333332,N,,N,
05:52,ABCAPITAL,21614,409.85,0.44,0.88,,91.5,0.0,NORMAL,N,4.411224114691855,0.0,13.233672344075565,0.0,15,0.0,0.0,0.0,25,0.0,20,0.0,13.846153846152768,0.0,N,,N,
05:53,ASAHIINDIA,5378,902.65,0.44,0.88,,77.6,5.3,NORMAL,N,4.3952375653721285,0.0,13.185712696116385,0.0,15,0.0,0.0,0.0,25,0.0,20,0.0,0.0,5.333333333334545,N,,N,
05:53,SUDARSCHEM,3327,1144.5,0.43,0.86,,57.2,26.4,NORMAL,N,4.29975429975438,0.0,12.899262899263139,0.0,15,0.0,0.0,0.0,25,0.0,0.0,20,0.0,6.399999999999636,N,,N,
05:53,AETHER,9810,1614.3,1.43,2.85,,104.3,4.5,NORMAL,N,14.262377481779371,0.0,30.0,0.0,15,0.0,0.0,0.0,25,0.0,20,0.0,0.0,4.516129032257023,N,,N,
05:53,CHOLAFIN,685,1892.6,1.41,2.83,,104.1,14.7,NORMAL,N,14.14639374129239,0.0,30.0,0.0,15,0.0,0.0,0.0,25,0.0,20,0.0,0.0,14.666666666665453,N,,N,
05:53,TIINDIA,312,2811.0,1.41,2.81,,104.1,11.8,NORMAL,N,14.06926406926407,0.0,30.0,0.0,15,0.0,0.0,0.0,25,0.0,20,0.0,0.0,11.785714285714171,N,,N,
05:53,NIITLTD,11522,96.4,1.4,2.8,,124.0,0.0,NORMAL,N,13.989691806037788,0.0,30.0,0.0,15,0.0,0.0,0.0,25,0.0,20,0.0,20.0,0.0,N,,N,
05:53,MUKANDLTD,11325,143.79,0.4,0.8,,75.9,20.0,NORMAL,N,3.979891076665223,0.0,11.93967322999567,0.0,15,0.0,0.0,0.0,25,0.0,20,0.0,0.0,20.0,N,,N,
05:53,HINDPETRO,1406,394.6,0.39,0.79,,85.8,0.0,NORMAL,N,3.9435186363058423,0.0,11.830555908917527,0.0,15,0.0,0.0,0.0,25,0.0,20,0.0,9.999999999998105,0.0,N,,N,
05:53,GENUSPOWER,11905,307.85,0.39,0.78,,90.6,2.9,NORMAL,N,3.9132561552259757,0.0,11.739768465677928,0.0,15,0.0,0.0,2.9368831081707634,25,0.0,20,0.0,11.999999999999698,0.0,N,,N,
05:53,SONACOMS,4684,821.2,0.39,0.77,,55.4,32.6,NORMAL,N,3.850620377727634,0.0,11.551861133182904,0.0,15,0.0,0.0,0.0,25,0.0,0.0,20,0.0,12.631578947368297,N,,N,
05:53,JSWSTEEL,11723,1304.5,0.38,0.77,,78.2,0.0,NORMAL,N,3.847633705271258,0.0,11.542901115813775,0.0,15,0.0,0.0,0.0,25,0.0,20,0.0,2.857142857143785,0.0,N,,N,
05:53,REDINGTON,14255,356.2,0.38,0.76,,78.1,0.0,NORMAL,N,3.804424404677937,0.0,11.413273214033811,0.0,15,0.0,0.0,0.0,25,0.0,20,0.0,2.8571428571433213,0.0,N,,N,
05:53,PREMIERENE,25049,1051.1,0.37,0.74,,88.2,0.0,NORMAL,N,3.7242169595109464,0.0,11.172650878532838,0.0,15,0.0,0.0,0.0,25,0.0,20,0.0,13.333333333335018,0.0,N,,N,
05:53,MHRIL,17333,230.5,0.37,0.73,,54.6,40.0,NORMAL,N,3.657580771575387,0.0,10.972742314726162,0.0,15,0.0,0.0,0.0,25,0.0,0.0,20,0.0,20.0,N,,N,
05:53,VGUARD,15362,320.8,0.36,0.72,,64.4,20.0,NORMAL,N,3.5976849679337843,0.0,10.793054903801352,0.0,15,0.0,0.0,0.0,25,0.0,0.0,20,10.000000000002842,0.0,N,,N,
05:53,JUBLINGREA,2783,742.75,0.34,0.68,,83.8,0.0,NORMAL,N,3.3772374197906116,0.0,10.131712259371835,0.0,15,0.0,0.0,0.0,25,0.0,20,0.0,10.322580645162473,0.0,N,,N,
05:53,BAJFINANCE,317,1081.6,0.33,0.67,,89.4,0.0,NORMAL,N,3.339517625231826,0.0,10.01855287569548,0.0,15,0.0,0.0,0.0,25,0.0,20,0.0,15.999999999994543,0.0,N,,N,
05:53,DCMSHRIRAM,811,1020.1,0.32,0.65,,73.0,4.4,NORMAL,N,3.2454760031471954,0.0,9.736428009441585,0.0,15,0.0,0.0,0.0,25,0.0,20,0.0,0.0,4.444444444445567,N,,N,
05:53,JTEKTINDIA,3237,140.25,0.32,0.64,,72.9,0.0,NORMAL,N,3.2188841201715923,0.0,9.656652360514776,0.0,15,0.0,0.0,0.0,25,0.0,20,0.0,0.0,0.0,N,,N,
05:53,KPRMILL,14912,1080.1,0.32,0.63,,87.2,4.1,NORMAL,N,3.1577969722298347,0.0,9.473390916689505,0.0,15,0.0,0.0,4.130387017973732,25,0.0,20,0.0,10.434782608696253,0.0,N,,N,
05:53,TECHM,13538,1656.5,1.31,2.63,,83.1,20.0,NORMAL,N,13.149847094801222,0.0,30.0,0.0,15,0.0,0.0,0.0,25,0.0,0.0,20,0.0,0.0,N,,N,
05:53,RBLBANK,18391,391.0,0.31,0.62,,81.2,24.6,NORMAL,N,3.078501795792685,0.0,9.235505387378055,0.0,15,0.0,0.0,8.888454500859796,25,0.0,20,0.0,0.0,15.675675675675842,N,,N,
05:53,MUTHOOTFIN,23650,2925.1,1.21,2.43,,102.1,11.1,NORMAL,N,12.145328719723151,0.0,30.0,0.0,15,0.0,0.0,0.0,25,0.0,20,0.0,0.0,11.139240506329857,N,,N,
05:53,POLICYBZR,6656,1623.8,1.2,2.41,,117.0,7.1,NORMAL,N,12.028669367404147,0.0,30.0,0.0,15,0.0,0.0,7.132071484847981,25,0.0,20,0.0,7.887323943661693,0.0,N,,N,
05:53,UNITDSPR,10447,1529.9,1.16,2.31,,109.6,0.0,NORMAL,N,11.571012959534515,0.0,30.0,0.0,15,0.0,0.0,0.0,25,0.0,20,0.0,8.000000000001819,0.0,N,,N,
05:53,GEOJITFSL,11896,77.88,1.12,2.23,,101.2,20.0,NORMAL,N,11.165930927031932,0.0,30.0,0.0,15,0.0,0.0,0.0,25,0.0,20,0.0,0.0,20.0,N,,N,
05:53,LAURUSLABS,19234,1864.6,1.1,2.2,,101.0,20.0,NORMAL,N,11.006886081440088,0.0,30.0,0.0,15,0.0,0.0,0.0,25,0.0,20,0.0,0.0,20.0,N,,N,
05:53,SUPREMEINF,15002,92.31,1.04,2.08,,107.6,7.2,NORMAL,N,10.39842381786343,0.0,30.0,0.0,15,0.0,0.0,7.157271421799299,25,0.0,20,0.0,0.0,0.0,N,,N,
05:53,PIDILITIND,2664,1676.7,1.01,2.01,,102.4,0.0,NORMAL,N,10.060240963855449,0.0,30.0,0.0,15,0.0,0.0,0.0,25,0.0,20,0.0,2.3529411764710604,0.0,N,,N,
05:53,PNBGILTS,8736,81.49,0.98,1.96,,118.2,20.3,NORMAL,N,9.78934324659222,0.0,29.368029739776656,0.0,15,0.0,0.0,19.078177263373743,25,0.0,20,0.0,0.0,1.2500000000000369,N,,N,
05:53,PHOENIXLTD,14552,1913.8,0.97,1.93,,107.4,0.0,NORMAL,N,9.654444737536245,0.0,28.963334212608736,0.0,15,0.0,0.0,0.0,25,0.0,20,0.0,8.800000000001091,0.0,N,,N,
05:53,AJANTPHARM,8124,3498.3,0.8,1.61,,72.2,34.2,NORMAL,N,8.039419087136954,0.0,24.11825726141086,0.0,15,0.0,0.0,0.0,25,0.0,0.0,20,0.0,14.210526315789537,N,,N,
05:53,DALBHARAT,8075,1842.0,0.8,1.6,,92.0,20.0,NORMAL,N,7.989493269125483,0.0,23.968479807376447,0.0,15,0.0,0.0,0.0,25,0.0,20,0.0,0.0,20.0,N,,N,
05:53,NFL,13925,72.48,0.79,1.59,,99.0,2.3,NORMAL,Y,7.926574885273362,0.0,23.779724655820086,0.0,15,0.0,0.0,2.298480426332485,25,0.0,20,0.0,5.0,0.0,N,,N,
05:53,OBEROIRLTY,20242,1788.3,0.75,1.5,,92.1,13.0,NORMAL,N,7.492957746478848,0.0,22.478873239436542,0.0,15,0.0,0.0,2.080018376445368,25,0.0,20,0.0,0.0,10.909090909090784,N,,N,
05:53,ESCORTS,958,3101.7,0.67,1.34,,114.4,7.6,NORMAL,N,6.718597857838305,0.0,20.155793573514917,0.0,15,0.0,0.0,7.64385785505433,25,0.0,20,0.0,19.892473118279668,0.0,N,,N,
05:53,MAHABANK,11377,78.78,0.64,1.28,,85.5,5.0,NORMAL,N,6.387327542156361,0.0,19.161982626469083,0.0,15,0.0,0.0,0.0,25,0.0,20,0.0,0.0,5.0000000000026645,N,,N,
05:53,GODFRYPHLP,1181,2299.6,0.59,1.19,,83.8,16.4,NORMAL,N,5.949256342957091,0.0,17.847769028871273,0.0,15,0.0,0.0,0.0,25,0.0,20,0.0,0.0,16.363636363639372,N,,N,
05:53,WOCKPHARMA,7506,2032.9,0.59,1.18,,63.6,39.0,NORMAL,N,5.888174171202419,0.0,17.66452251360726,0.0,15,0.0,0.0,0.0,25,0.0,0.0,20,0.0,19.04761904761987,N,,N,
05:53,PRESTIGE,20302,1593.9,0.57,1.15,,86.5,0.8,NORMAL,N,5.742049469964751,0.0,17.22614840989425,0.0,15,0.0,0.0,0.7615104576381546,25,0.0,20,0.0,2.7272727272722577,0.0,N,,N,
05:53,GABRIEL,1085,1507.9,0.54,1.08,,81.6,20.0,NORMAL,N,5.4007200960128925,0.0,16.202160288038677,0.0,15,0.0,0.0,0.0,25,0.0,20,0.0,0.0,20.0,N,,N,
05:53,LLOYDSENGG,17801,97.4,0.54,1.07,,72.6,20.0,NORMAL,N,5.367464905037266,0.0,16.102394715111796,0.0,15,0.0,0.0,0.0,25,0.0,0.0,20,11.11111111111006,0.0,N,,N,
05:53,TPLPLASTEH,9219,77.89,0.49,0.98,,101.2,1.6,NORMAL,N,4.9025932137788075,0.0,14.707779641336424,0.0,15,0.0,0.0,1.6390151017340635,25,0.0,20,0.0,20.0,0.0,N,,N,
05:53,ICICIAMC,760407,3094.7,0.46,0.93,,78.6,0.8,NORMAL,N,4.642254252694366,0.0,13.9267627580831,0.0,15,0.0,0.0,0.03266015353599526,25,0.0,20,0.0,0.0,0.7999999999992724,N,,N,
05:53,MOREPENLAB,2259,80.6,0.44,0.87,,77.4,20.0,NORMAL,N,4.361370716510833,0.0,13.084112149532498,0.0,15,0.0,0.0,0.0,25,0.0,20,0.0,0.0,20.0,N,,N,
05:53,MAZDOCK,509,2525.0,0.4,0.8,,79.4,0.0,NORMAL,N,4.016064257028076,0.0,12.04819277108423,0.0,15,0.0,0.0,0.0,25,0.0,20,0.0,3.333333333334416,0.0,N,,N,
05:53,SUNPHARMA,3351,1952.8,0.4,0.8,,76.0,10.0,NORMAL,N,4.010282776349591,0.0,12.030848329048773,0.0,15,0.0,0.0,0.0,25,0.0,20,0.0,0.0,10.0,N,,N,
05:53,NTPCGREEN,27176,91.85,0.38,0.77,,55.3,30.0,NORMAL,N,3.825136612021796,0.0,11.475409836065388,0.0,15,0.0,0.0,0.0,25,0.0,0.0,20,0.0,10.000000000001421,N,,N,
05:53,SKFINDIA,3186,1540.0,0.37,0.74,,54.9,40.0,NORMAL,Y,3.715049208107962,0.0,11.145147624323885,0.0,15,0.0,0.0,0.0,25,0.0,0.0,20,0.0,20.0,N,,N,
05:53,HDFCAMC,4244,2553.4,0.33,0.66,,78.0,7.2,NORMAL,N,3.300589390962708,0.0,9.901768172888122,0.0,15,0.0,0.0,4.836946495848919,25,0.0,20,0.0,0.0,2.3809523809522264,N,,N,
05:53,BAJAJFINSV,16675,2015.5,0.33,0.66,,73.1,7.8,NORMAL,N,3.285380058738568,0.0,9.856140176215703,0.0,15,0.0,0.0,0.0,25,0.0,20,0.0,0.0,7.777777777778479,N,,N,
05:53,PTC,11355,178.48,-12.21,24.42,,75.0,55.3,NORMAL,Y,0.0,30.0,30.0,0.0,0.0,15,0.0,0.0,25,0.0,20,0.0,0.0,10.256410256410032,N,,N,
05:53,JAMNAAUTO,20778,129.15,-10.75,21.49,,75.0,52.7,NORMAL,Y,0.0,30.0,30.0,0.0,0.0,15,0.0,0.0,25,0.0,20,0.0,0.0,7.692307692307524,N,,N,
05:53,WINDMACHIN,24969,285.1,-6.08,12.16,,69.8,65.0,NORMAL,Y,0.0,30.0,30.0,0.0,0.0,15,0.0,0.0,25,0.0,0.0,20,14.814814814814564,0.0,N,,N,
05:53,PFC,14299,396.0,-5.71,11.43,,30.0,105.0,NORMAL,Y,0.0,30.0,30.0,0.0,0.0,15,0.0,0.0,0.0,25,0.0,20,0.0,14.999999999999051,N,,N,
05:53,NLCINDIA,8585,290.0,-4.73,9.46,,75.0,45.0,NORMAL,Y,0.0,30.0,30.0,0.0,0.0,15,0.0,0.0,25,0.0,20,0.0,0.0,0.0,N,,N,
05:53,RGL,15129,118.25,-4.02,8.04,,58.8,65.0,NORMAL,Y,0.0,30.0,30.0,0.0,0.0,15,0.0,0.0,25,0.0,0.0,20,3.750000000000222,0.0,N,,N,
05:53,RECLTD,15355,352.7,-3.9,7.79,,30.0,97.1,NORMAL,N,0.0,30.0,30.0,0.0,0.0,15,0.0,0.0,0.0,25,0.0,20,0.0,7.058823529410506,N,,N,
05:53,YATRA,18760,103.84,-2.98,5.96,,87.7,44.8,NORMAL,N,0.0,29.804727646454246,30.0,0.0,0.0,15,0.0,0.0,25,0.0,20,0.0,12.727272727272844,0.0,N,,N,
05:53,CHALET,8546,836.85,-2.66,5.32,,75.0,61.6,NORMAL,N,0.0,26.579039199720857,30.0,0.0,0.0,15,0.0,0.0,25,0.0,0.0,20,20.0,0.0,N,,N,
05:53,OMNI,760865,563.5,-2.57,5.14,,75.0,52.2,NORMAL,N,0.0,25.67649347281062,30.0,0.0,0.0,15,0.0,0.0,25,0.0,20,0.0,0.0,11.50684931506869,N,,N,
05:53,CHEMPLASTS,5449,178.9,-2.57,5.13,,55.0,80.7,NORMAL,N,0.0,25.652197592723752,30.0,0.0,0.0,15,0.0,0.0,25,0.0,0.0,20,0.0,20.0,N,,N,
05:53,GODREJCP,10099,1023.5,-2.52,5.05,,55.0,62.2,NORMAL,N,0.0,25.238095238095237,30.0,0.0,0.0,15,0.0,0.0,25,0.0,0.0,20,0.0,1.999999999998181,N,,N,
05:53,ZYDUSWELL,17635,521.5,-2.31,4.63,,87.9,68.3,NORMAL,Y,0.0,23.133839093378334,30.0,0.0,0.0,15,0.0,12.852914143410118,25,0.0,20,0.0,0.0,17.3584905660384,N,,N,
05:53,PARAS,5911,1247.9,-2.29,4.57,,30.0,89.5,NORMAL,N,0.0,22.864301934069236,30.0,0.0,0.0,15,0.0,0.0,0.0,25,0.0,20,0.0,6.666666666666666,N,,N,
05:53,SIS,21501,426.05,-2.05,4.09,,55.0,55.5,NORMAL,N,0.0,20.462122082997993,30.0,0.0,0.0,15,0.0,0.0,25,0.0,0.0,20,0.0,0.0,N,,N,
05:53,POWERMECH,10473,2485.0,-5.03,10.07,,55.0,67.4,NORMAL,Y,0.0,30.0,30.0,0.0,0.0,15,0.0,0.0,25,0.0,0.0,20,0.0,2.37288135593155,N,,N,
05:53,ABFRL,30108,60.15,-5.02,10.04,,78.8,68.2,NORMAL,N,0.0,30.0,30.0,0.0,0.0,15,0.0,3.7768688707070828,25,0.0,20,0.0,0.0,19.428571428571544,N,,N,
05:53,KIRLOSENG,20936,2082.0,-3.69,7.37,,30.0,105.1,NORMAL,N,0.0,30.0,30.0,0.0,0.0,15,0.0,0.0,0.0,25,0.0,20,0.0,15.121951219512086,N,,N,
05:53,LUPIN,10440,2278.3,-3.6,7.21,,61.8,65.0,NORMAL,N,0.0,30.0,30.0,0.0,0.0,15,0.0,0.0,25,0.0,0.0,20,6.842105263156131,0.0,N,,N,
05:53,INOXWIND,7852,75.23,-3.55,7.1,,75.0,47.9,NORMAL,N,0.0,30.0,30.0,0.0,0.0,15,0.0,0.0,25,0.0,20,0.0,0.0,2.857142857142277,N,,N,
05:53,MRPL,2283,163.89,-1.87,3.74,,55.0,58.1,NORMAL,N,0.0,18.681516076881653,30.0,0.0,0.0,15,0.0,0.0,25,0.0,0.0,20,0.0,4.44444444444655,N,,N,
05:53,WIPL,20481,165.0,-1.81,3.63,,62.1,40.3,NORMAL,N,0.0,18.14936030943178,30.0,0.0,0.0,15,0.0,7.1428571428571415,25,0.0,0.0,0.0,0.0,0.0,N,,N,
05:53,HIKAL,9668,223.11,-1.77,3.55,,55.0,71.3,NORMAL,N,0.0,17.742361539138738,30.0,0.0,0.0,15,0.0,0.0,25,0.0,0.0,20,0.0,18.604651162790667,N,,N,
05:53,SAMHI,18614,171.64,-1.72,3.45,,70.8,102.2,NORMAL,Y,0.0,17.23446893787586,30.0,0.0,0.0,15,0.0,25.0,0.0,25,0.0,20,15.76923076923098,0.0,N,,N,
05:53,VERANDA,8890,253.55,-1.71,3.41,,63.6,52.1,NORMAL,N,0.0,17.057569296375178,30.0,0.0,0.0,15,0.0,0.0,25,0.0,0.0,20,8.571428571428338,0.0,N,,N,
05:53,BANKINDIA,4745,142.56,-1.68,3.37,,55.0,69.8,NORMAL,N,0.0,16.827586206896537,30.0,0.0,0.0,15,0.0,0.0,25,0.0,0.0,20,0.0,18.000000000001705,N,,N,
05:53,AEGISLOG,40,1348.9,-1.61,3.22,,75.0,45.0,NORMAL,N,0.0,16.119620714806647,30.0,0.0,0.0,15,0.0,0.0,25,0.0,20,0.0,0.0,13.87755102040735,N,,N,
05:53,TTKPRESTIG,3546,606.05,-1.61,3.21,,75.0,51.1,NORMAL,N,0.0,16.072733176394333,30.0,0.0,0.0,15,0.0,0.0,25,0.0,0.0,20,20.0,0.0,N,,N,
05:53,TRENT,1964,3026.5,-2.59,5.19,,75.0,57.9,NORMAL,N,0.0,25.94058768626691,30.0,0.0,0.0,15,0.0,0.0,25,0.0,20,0.0,0.0,16.96428571428599,N,,N,
05:53,SCI,3048,300.15,-1.51,3.02,,55.0,68.1,NORMAL,N,0.0,15.094339622641582,30.0,0.0,0.0,15,0.0,0.0,25,0.0,0.0,20,0.0,18.00000000000182,N,,N,
05:53,GPIL,13409,237.18,-1.43,2.85,,75.0,37.4,NORMAL,N,0.0,14.255434104983195,30.0,0.0,0.0,15,0.0,0.0,25,0.0,20,0.0,0.0,8.108108108108317,N,,N,
05:53,BAJAJELEC,15034,365.9,-1.41,2.83,,58.0,49.1,NORMAL,N,0.0,14.14522430284252,30.0,0.0,0.0,15,0.0,0.0,25,0.0,0.0,20,3.000000000000682,0.0,N,,N,
05:53,EIDPARRY,916,793.85,-1.4,2.79,,69.8,49.0,NORMAL,N,0.0,13.973419450999875,30.0,0.0,0.0,15,0.0,0.0,25,0.0,0.0,20,14.757281553397947,0.0,N,,N,
05:53,FINPIPE,1041,162.19,-1.36,2.72,,61.0,48.6,NORMAL,N,0.0,13.622818220519424,30.0,0.0,0.0,15,0.0,0.0,25,0.0,0.0,20,6.000000000000568,0.0,N,,N,
05:53,MSTCLTD,9356,583.5,-1.31,2.62,,75.0,48.1,NORMAL,N,0.0,13.10782241014799,30.0,0.0,0.0,15,0.0,0.0,25,0.0,0.0,20,20.0,0.0,N,,N,
05:53,TREJHARA,7518,175.36,-1.29,2.59,,95.0,27.9,NORMAL,N,0.0,12.946076775863913,30.0,0.0,0.0,15,0.0,0.0,25,0.0,20,0.0,20.0,0.0,N,,N,
05:53,J&KBANK,5633,157.19,-1.29,2.57,,75.0,35.9,NORMAL,N,0.0,12.873649836724512,30.0,0.0,0.0,15,0.0,0.0,25,0.0,20,0.0,0.0,7.999999999998863,N,,N,
05:53,IPCALAB,1633,1696.3,-2.28,4.55,,33.3,82.8,NORMAL,N,0.0,22.756077889157737,30.0,0.0,0.0,15,0.0,0.0,0.0,25,0.0,20,3.3333333333329125,0.0,N,,N,
05:53,TDPOWERSYS,25178,1245.0,-1.26,2.52,,40.0,96.5,NORMAL,N,0.0,12.61004044729962,30.0,0.0,0.0,15,0.0,9.992353599489737,0.0,25,0.0,20,0.0,13.898305084745239,N,,N,
05:53,MARKSANS,10579,270.5,-1.22,2.45,,55.0,54.7,NORMAL,N,0.0,12.23297425597963,30.0,0.0,0.0,15,0.0,0.010577273844383388,25,0.0,0.0,20,0.0,7.500000000000178,N,,N,
05:53,RITES,3761,231.4,-1.21,2.42,,55.0,67.1,NORMAL,N,0.0,12.124316939890724,30.0,0.0,0.0,15,0.0,0.0,25,0.0,0.0,20,0.0,20.0,N,,N,
05:53,MATRIMONY,21726,475.05,-1.2,2.39,,75.0,47.0,NORMAL,N,0.0,11.959234608985026,30.0,0.0,0.0,15,0.0,0.0,25,0.0,0.0,20,20.0,0.0,N,,N,
05:53,PATANJALI,17029,353.25,-1.19,2.38,,55.0,49.7,NORMAL,N,0.0,11.888111888111887,30.0,0.0,0.0,15,0.0,0.0,25,0.0,0.0,20,0.0,2.857142857143785,N,,N,
05:53,PSPPROJECT,20877,951.55,-1.18,2.37,,75.0,46.2,NORMAL,N,0.0,11.838620904512268,30.0,0.0,0.0,15,0.0,0.0,25,0.0,20,0.0,0.0,19.33333333333394,N,,N,
05:53,BHARTIHEXA,23489,1506.0,-2.13,4.26,,54.6,61.3,NORMAL,N,0.0,21.315310631661006,30.0,0.0,0.0,15,0.0,0.0,0.0,25,20,0.0,4.6153846153836735,0.0,N,,N,
05:53,TCIEXP,19223,548.5,-1.1,2.2,,67.1,46.0,NORMAL,N,0.0,10.998918139199464,30.0,0.0,0.0,15,0.0,0.0,25,0.0,0.0,20,12.058823529411578,0.0,N,,N,
05:53,INDOCO,11677,219.35,-1.07,2.15,,75.0,45.7,NORMAL,N,0.0,10.733775312316762,30.0,0.0,0.0,15,0.0,0.0,25,0.0,0.0,20,20.0,0.0,N,,N,
05:53,EMSLIMITED,18593,400.1,-1.06,2.13,,55.0,54.0,NORMAL,N,0.0,10.633036597428177,30.0,0.0,0.0,15,0.0,0.0,25,0.0,0.0,20,0.0,8.333333333333018,N,,N,
05:53,SAPPHIRE,6718,221.84,-1.06,2.12,,83.0,25.6,NORMAL,N,0.0,10.614574971010594,30.0,0.0,0.0,15,0.0,0.0,25,0.0,20,0.0,7.999999999998701,0.0,N,,N,
05:53,PETRONET,11351,277.7,-1.03,2.07,,79.0,25.3,NORMAL,N,0.0,10.334996436208247,30.0,0.0,0.0,15,0.0,0.0,25,0.0,20,0.0,3.9999999999997726,0.0,N,,N,
05:53,GOCLCORP,3963,433.75,-1.03,2.05,,75.0,45.3,NORMAL,N,0.0,10.268111808328579,30.0,0.0,0.0,15,0.0,0.0,25,0.0,20,0.0,0.0,20.0,N,,N,
05:53,HDFCLIFE,467,534.5,-1.02,2.04,,81.5,25.2,NORMAL,Y,0.0,10.185185185185185,30.0,0.0,0.0,15,0.0,0.0,25,0.0,20,0.0,6.470588235293842,0.0,N,,N,
05:53,GAIL,4717,171.87,-1.01,2.03,,55.0,59.9,NORMAL,N,0.0,10.136497149110124,30.0,0.0,0.0,15,0.0,0.0,25,0.0,0.0,20,0.0,14.73684210526489,N,,N,
05:53,KFINTECH,13359,926.55,-1.01,2.02,,77.1,25.1,NORMAL,N,0.0,10.096153846153895,30.0,0.0,0.0,15,0.0,0.0,25,0.0,20,0.0,2.105263157894044,0.0,N,,N,
05:53,YUKEN,5501,792.0,-1.01,2.01,,55.0,45.1,NORMAL,N,0.0,10.061871133054128,30.0,0.0,0.0,15,0.0,0.0,25,0.0,0.0,20,0.0,0.0,N,,N,
05:53,APTUS,5435,258.3,-0.9,1.8,,52.0,54.0,NORMAL,N,0.0,9.015921734126092,27.04776520237828,0.0,0.0,15,0.0,0.0,25,0.0,0.0,20,0.0,10.000000000001894,N,,N,
05:53,UBL,16713,1388.0,-0.88,1.76,,74.2,26.6,NORMAL,N,0.0,8.783832035992255,26.35149610797676,0.0,0.0,15,0.0,2.832686413432424,25,0.0,20,0.0,0.0,0.0,N,,N,
05:53,GARFIBRES,1100,804.75,-0.87,1.75,,71.2,43.7,NORMAL,N,0.0,8.745457904785393,26.236373714356183,0.0,0.0,15,0.0,0.0,25,0.0,0.0,20,20.0,0.0,N,,N,
05:53,HDBFS,757772,659.9,-0.86,1.73,,50.9,49.6,NORMAL,N,0.0,8.638173214151582,25.914519642454742,0.0,0.0,15,0.0,0.0,25,0.0,0.0,20,0.0,5.9999999999990905,N,,N,
05:53,ICICIPRULI,18652,496.75,-0.86,1.72,,84.6,23.6,NORMAL,N,0.0,8.581977846522324,25.745933539566977,0.0,0.0,15,0.0,0.0,25,0.0,20,0.0,13.846153846154856,0.0,N,,N,
05:53,SBFC,18026,92.53,-1.82,3.65,,56.0,61.3,NORMAL,N,0.0,18.24933687002651,30.0,0.0,0.0,15,0.0,0.961482718044566,25,0.0,0.0,20,0.0,7.096774193549216,N,,N,
05:53,RAMKY,20134,403.5,-0.82,1.65,,49.7,43.2,NORMAL,N,0.0,8.233992872065928,24.70197861619778,0.0,0.0,15,0.0,0.0,25,0.0,0.0,20,0.0,0.0,N,,N,
05:53,SBICARD,17971,653.6,-0.82,1.64,,51.1,43.2,NORMAL,N,0.0,8.194233687405125,24.582701062215374,0.0,0.0,15,0.0,0.0,25,0.0,0.0,20,1.538461538460193,0.0,N,,N,
05:53,SYNGENE,10243,400.4,-0.82,1.63,,69.5,29.8,NORMAL,N,0.0,8.174386920980956,24.523160762942865,0.0,0.0,15,0.0,0.0,25,0.0,20,0.0,0.0,6.66666666666793,N,,N,
05:53,WHIRLPOOL,18011,806.7,-0.79,1.59,,85.1,27.9,NORMAL,N,0.0,7.9321158457848275,23.79634753735448,0.0,0.0,15,0.0,5.007844186233679,25,0.0,20,0.0,11.249999999999556,0.0,N,,N,
05:53,SBIN,3045,1088.5,-0.79,1.59,,48.8,56.3,NORMAL,N,0.0,7.929274516952283,23.78782355085685,0.0,0.0,15,0.0,0.0,25,0.0,0.0,20,0.0,13.333333333332874,N,,N,
05:53,BPCL,526,318.5,-0.78,1.56,,88.4,22.8,NORMAL,N,0.0,7.78816199376947,23.36448598130841,0.0,0.0,15,0.0,0.0,25,0.0,20,0.0,20.0,0.0,N,,N,
05:53,LOTUSEYE,16807,117.9,-0.77,1.55,,69.9,24.4,NORMAL,N,0.0,7.742804241710045,23.228412725130134,0.0,0.0,15,0.0,1.6315679515231427,25,0.0,20,0.0,0.0,0.0,N,,N,
05:53,ITC,1660,283.9,-0.77,1.54,,48.1,42.7,NORMAL,N,0.0,7.689619014330812,23.068857042992434,0.0,0.0,15,0.0,0.0,25,0.0,0.0,20,0.0,0.0,N,,N,
05:53,IOC,1624,142.28,-0.77,1.53,,69.7,22.7,NORMAL,N,0.0,7.671920769981827,23.01576230994548,0.0,0.0,15,0.0,0.0,25,0.0,20,0.0,1.6666666666650876,0.0,N,,N,
05:53,MGL,17534,1131.4,-0.72,1.44,,49.3,56.7,NORMAL,N,0.0,7.195507195507036,21.58652158652111,0.0,0.0,15,0.0,2.7625133478849175,25,0.0,0.0,20,0.0,11.707317073171435,N,,N,
05:53,PNB,10666,113.99,-0.71,1.43,,46.9,51.1,NORMAL,N,0.0,7.142234996951548,21.426704990854645,0.0,0.0,15,0.0,0.5092023811085835,25,0.0,0.0,20,0.0,8.484848484848563,N,,N,
05:53,MARICO,4067,855.85,-0.71,1.43,,57.4,42.1,NORMAL,N,0.0,7.134570765661227,21.40371229698368,0.0,0.0,15,0.0,0.0,25,0.0,0.0,20,10.967741935483682,0.0,N,,N,
05:53,HINDALCO,1363,1052.35,-0.68,1.37,,45.5,51.0,NORMAL,N,0.0,6.842204605511515,20.526613816534546,0.0,0.0,15,0.0,0.0,25,0.0,0.0,20,0.0,9.200000000000728,N,,N,
05:53,SANGAMIND,4184,607.65,-0.68,1.36,,25.0,88.8,NORMAL,N,0.0,6.783262504086267,20.349787512258796,0.0,0.0,15,0.0,4.656436320068566,0.0,25,0.0,20,0.0,17.39130434782643,N,,N,
05:53,NYKAA,6545,329.8,-0.66,1.33,,46.9,49.4,NORMAL,N,0.0,6.626506024096352,19.879518072289056,0.0,0.0,15,0.0,2.010378121816334,25,0.0,0.0,20,0.0,5.714285714286643,N,,N,
05:53,WSTCSTPAPR,3799,595.15,-0.66,1.32,,64.8,39.5,NORMAL,N,0.0,6.5932231680855375,19.77966950425661,0.0,0.0,15,0.0,0.0,25,0.0,20,0.0,0.0,17.894736842104887,N,,N,
05:53,NTPC,11630,340.25,-0.66,1.31,,33.0,66.6,NORMAL,N,0.0,6.56934306569343,19.70802919708029,0.0,0.0,15,0.0,0.0,0.0,25,0.0,20,13.33333333333207,0.0,N,,N,
05:53,ABMKNO,762528,185.0,-0.65,1.3,,39.5,46.5,NORMAL,N,0.0,6.498039847484066,19.4941195424522,0.0,0.0,15,0.0,0.0,0.0,25,20,0.0,0.0,0.0,N,,N,
05:53,POWERGRID,14977,269.85,-0.64,1.29,,64.3,21.4,NORMAL,N,0.0,6.443298969072164,19.329896907216494,0.0,0.0,15,0.0,0.0,25,0.0,20,0.0,0.0,0.0,N,,N,
05:53,GODREJIND,10925,1303.1,-0.64,1.28,,64.2,25.6,NORMAL,N,0.0,6.404879908501785,19.214639725505354,0.0,0.0,15,0.0,0.0,25,0.0,20,0.0,0.0,4.242424242424577,N,,N,
05:53,KOTAKBANK,1922,388.25,-0.64,1.28,,44.2,41.4,NORMAL,N,0.0,6.397952655150352,19.193857965451055,0.0,0.0,15,0.0,0.0,25,0.0,0.0,20,0.0,0.0,N,,N,
05:53,SHARDACROP,4992,808.85,-0.64,1.28,,64.2,41.4,NORMAL,N,0.0,6.387814016337979,19.163442049013938,0.0,0.0,15,0.0,0.0,25,0.0,20,0.0,0.0,20.0,N,,N,
05:53,RVNL,9552,231.89,-0.64,1.28,,64.2,27.7,NORMAL,N,0.0,6.384437398234678,19.153312194704036,0.0,0.0,15,0.0,0.0,25,0.0,20,0.0,0.0,6.2857142857151675,N,,N,
05:53,ZODIACLOTH,3821,76.36,-1.64,3.27,,30.0,31.4,NORMAL,N,0.0,16.359654772639395,30.0,0.0,0.0,15,0.0,0.0,0.0,0.0,0.0,0.0,0.0,0.0,N,,N,
05:53,LLOYDSME,17313,2067.0,-1.63,3.26,,34.6,76.3,NORMAL,N,0.0,16.27641347801248,30.0,0.0,0.0,15,0.0,0.0,0.0,25,0.0,20,4.615384615382642,0.0,N,,Y,NONRESULTS
05:53,KARURVYSYA,1838,333.45,-0.63,1.25,,46.8,41.3,NORMAL,N,0.0,6.258381761287507,18.77514528386252,0.0,0.0,15,0.0,0.0,25,0.0,0.0,20,2.9999999999995453,0.0,N,,N,
05:53,VAIBHAVGBL,11364,241.45,-0.62,1.23,,63.5,25.2,NORMAL,N,0.0,6.174109899156205,18.522329697468614,0.0,0.0,15,0.0,0.0,25,0.0,20,0.0,0.0,3.9999999999993934,N,,N,
05:53,COALINDIA,20374,412.7,-0.61,1.23,,47.7,43.6,NORMAL,N,0.0,6.140878988561136,18.42263696568341,0.0,0.0,15,0.0,2.418410132706015,25,0.0,0.0,20,1.818181818182194,0.0,N,,N,
05:53,GUJGASLTD,10599,263.75,-0.58,1.17,,42.5,48.8,NORMAL,N,0.0,5.842442517904302,17.527327553712905,0.0,0.0,15,0.0,0.0,25,0.0,0.0,20,0.0,8.000000000001819,N,,N,
05:53,CAMPUS,9362,223.07,-0.58,1.16,,64.9,20.8,NORMAL,N,0.0,5.794000980523293,17.38200294156988,0.0,0.0,15,0.0,0.0,25,0.0,20,0.0,2.5000000000013323,0.0,N,,N,
05:53,ROSSARI,19410,511.0,-0.57,1.15,,65.0,28.7,NORMAL,N,0.0,5.73985796283694,17.21957388851082,0.0,0.0,15,0.0,2.749961185540618,25,0.0,20,0.0,0.0,5.161290322581047,N,,N,
05:53,BIOCON,11373,424.0,-0.55,1.1,,41.5,43.8,NORMAL,N,0.0,5.511903365779341,16.535710097338026,0.0,0.0,15,0.0,0.0,25,0.0,0.0,20,0.0,3.333333333333965,N,,N,
05:53,ZFCVINDIA,16915,2596.4,-1.55,3.09,,42.3,75.5,NORMAL,N,0.0,15.470954042165832,30.0,0.0,0.0,15,0.0,0.0,0.0,25,0.0,20,12.307692307689885,0.0,N,,N,
05:53,VOLTAS,3718,1278.1,-0.54,1.07,,41.1,57.9,NORMAL,N,0.0,5.3696498054475414,16.108949416342625,0.0,0.0,15,0.0,0.0,25,0.0,0.0,20,0.0,17.575757575758367,N,,N,
05:53,GRANULES,11872,869.25,-0.53,1.05,,19.1,65.3,NORMAL,N,0.0,5.264061337758222,15.792184013274667,0.0,0.0,15,0.0,0.0,0.0,25,0.0,20,3.3333333333329125,0.0,N,,N,
05:53,TATACAP,759265,368.45,-0.5,1.0,,60.0,32.5,NORMAL,N,0.0,4.995949230353828,14.987847691061486,0.0,0.0,15,0.0,0.0,25,0.0,20,0.0,0.0,12.499999999999822,N,,N,
05:53,BDL,2144,1287.7,-0.49,0.97,,59.6,20.9,NORMAL,N,0.0,4.868624420401819,14.605873261205458,0.0,0.0,15,0.0,0.0,25,0.0,20,0.0,0.0,0.9999999999990905,N,,N,
05:53,FDC,4898,368.0,-0.49,0.97,,59.6,39.9,NORMAL,Y,0.0,4.86749594375341,14.602487831260232,0.0,0.0,15,0.0,0.0,25,0.0,20,0.0,0.0,20.0,N,,N,
05:53,JAINREC,759244,306.9,-0.49,0.97,,60.3,33.9,NORMAL,N,0.0,4.863813229571985,14.591439688715953,0.0,0.0,15,0.0,0.6786868738892188,25,0.0,20,0.0,0.0,13.33333333333365,N,,N,
05:53,GMRAIRPORT,13528,106.68,-0.49,0.97,,59.6,19.9,NORMAL,N,0.0,4.850746268656678,14.552238805970036,0.0,0.0,15,0.0,0.0,25,0.0,20,0.0,0.0,0.0,Y,NONRESULTS,N,
05:53,CANBK,10794,131.31,-0.49,0.97,,62.3,33.4,NORMAL,N,0.0,4.850322091701299,14.550966275103898,0.0,0.0,15,0.0,2.7438463306100656,25,0.0,20,0.0,0.0,10.769230769231106,N,,N,
05:53,ELGIEQUIP,937,585.6,-0.48,0.97,,62.8,41.4,NORMAL,N,0.0,4.843232220239651,14.529696660718951,0.0,0.0,15,0.0,3.3144216466547736,25,0.0,20,0.0,0.0,18.285714285713247,N,,N,
05:53,SYMPHONY,24190,650.9,-0.48,0.96,,75.4,19.8,NORMAL,N,0.0,4.816145554621172,14.448436663863514,0.0,0.0,15,0.0,0.0,25,0.0,20,0.0,15.999999999997573,0.0,N,,N,
05:53,TITAGARH,15414,843.5,-0.47,0.93,,59.0,34.7,NORMAL,N,0.0,4.661041949377598,13.983125848132794,0.0,0.0,15,0.0,0.0,25,0.0,20,0.0,0.0,15.0,N,,N,
05:53,SOUTHWEST,9678,230.99,-0.46,0.92,,58.8,25.7,NORMAL,N,0.0,4.610876497457525,13.832629492372574,0.0,0.0,15,0.0,0.0,25,0.0,20,0.0,0.0,6.129032258064397,N,,N,
05:53,WIPRO,3787,186.67,-0.46,0.92,,44.9,39.6,NORMAL,N,0.0,4.585932917399956,13.757798752199866,0.0,0.0,15,0.0,0.0,25,0.0,0.0,20,6.153846153846603,0.0,N,,N,
05:53,AWL,8110,196.61,-0.45,0.9,,38.5,51.2,NORMAL,N,0.0,4.506329113923981,13.518987341771943,0.0,0.0,15,0.0,0.0,25,0.0,0.0,20,0.0,11.666666666667851,N,,N,
05:53,MFSL,2142,1490.8,-0.44,0.88,,58.2,24.3,NORMAL,N,0.0,4.4076399091759955,13.222919727527987,0.0,0.0,15,0.0,0.0,25,0.0,20,0.0,0.0,4.84848484848464,N,,N,
05:53,ASTRAL,14418,1437.7,-0.44,0.87,,54.1,39.4,NORMAL,N,0.0,4.362880886426561,13.088642659279683,0.0,0.0,15,0.0,0.0,25,0.0,0.0,20,15.99999999999909,0.0,N,,N,
05:53,GREAVESCOT,1235,198.01,-0.42,0.84,,37.7,48.0,NORMAL,N,0.0,4.224289665577086,12.672868996731257,0.0,0.0,15,0.0,0.0,25,0.0,0.0,20,0.0,8.749999999999334,N,,N,
05:53,LICHSGFIN,1997,502.15,-0.42,0.83,,37.5,44.2,NORMAL,N,0.0,4.164600892414521,12.493802677243565,0.0,0.0,15,0.0,0.0,25,0.0,0.0,20,0.0,5.0000000000007105,N,,N,
05:53,SURYAROSNI,3375,251.32,-0.41,0.82,,38.1,49.9,NORMAL,N,0.0,4.081632653061229,12.244897959183687,0.0,0.0,15,0.0,0.8237923258397974,25,0.0,0.0,20,0.0,10.000000000000949,N,,N,
05:53,JKPAPER,11860,385.5,-0.4,0.8,,40.0,54.9,NORMAL,N,0.0,4.004650561942931,12.013951685828792,0.0,0.0,15,0.0,3.0032720120680545,25,0.0,0.0,20,0.0,12.941176470589022,N,,N,
05:53,QUICKHEAL,13131,154.4,-0.4,0.8,,12.0,64.0,NORMAL,N,0.0,3.999483937556473,11.99845181266942,0.0,0.0,15,0.0,0.0,0.0,25,0.0,20,0.0,0.0,N,,N,
05:53,ADANIGREEN,3563,1367.3,-0.37,0.74,,56.1,33.9,NORMAL,N,0.0,3.716117749927234,11.148353249781703,0.0,0.0,15,0.0,0.0,25,0.0,20,0.0,0.0,15.199999999998909,N,,N,
05:53,RELIANCE,2885,1329.9,-0.37,0.73,,59.3,28.7,NORMAL,N,0.0,3.670961941863848,11.012885825591544,0.0,0.0,15,0.0,3.3241810184175864,25,0.0,20,0.0,0.0,6.666666666666666,N,,N,
05:53,MASFIN,199,301.05,-0.36,0.73,,53.7,38.6,NORMAL,N,0.0,3.640575872910693,10.921727618732081,0.0,0.0,15,0.0,0.0,25,0.0,0.0,20,17.777777777777217,0.0,N,,N,
05:53,CROMPTON,17094,249.05,-0.36,0.72,,35.8,54.2,NORMAL,N,0.0,3.600720144028715,10.802160432086145,0.0,0.0,15,0.0,0.0,25,0.0,0.0,20,0.0,15.555555555555205,N,,N,
05:53,IREDA,20261,119.37,-0.36,0.72,,55.8,31.4,NORMAL,N,0.0,3.5893155258763993,10.767946577629198,0.0,0.0,15,0.0,0.0,25,0.0,20,0.0,0.0,12.857142857143291,N,,N,
05:53,VISHNU,6908,584.5,-0.36,0.72,,55.7,22.4,NORMAL,N,0.0,3.5799522673031414,10.739856801909424,0.0,0.0,15,0.0,0.0,25,0.0,20,0.0,0.0,3.8095238095248405,N,,N,
05:53,HOMEFIRST,2056,1189.8,-0.34,0.67,,71.7,18.4,NORMAL,N,0.0,3.350644999162339,10.051934997487017,0.0,0.0,15,0.0,0.0,25,0.0,20,0.0,16.666666666667087,0.0,N,,N,
05:53,POONAWALLA,11403,478.45,-0.33,0.67,,55.0,30.3,NORMAL,N,0.0,3.332986147276373,9.998958441829119,0.0,0.0,15,0.0,0.0,25,0.0,20,0.0,0.0,12.000000000002728,N,,N,
05:53,TATAINVEST,1621,691.35,-0.33,0.66,,54.9,38.3,NORMAL,N,0.0,3.3157932674979524,9.947379802493858,0.0,0.0,15,0.0,0.0,25,0.0,20,0.0,0.0,20.0,N,,N,
05:53,PVRINOX,13147,1152.3,-0.32,0.64,,34.6,53.2,NORMAL,N,0.0,3.2006920415225313,9.602076124567592,0.0,0.0,15,0.0,0.0,25,0.0,0.0,20,0.0,14.999999999998579,N,,N,
05:53,JUSTDIAL,29962,681.15,-0.31,0.63,,65.3,18.1,NORMAL,N,0.0,3.146494950973185,9.439484852919556,0.0,0.0,15,0.0,0.0,25,0.0,20,0.0,10.909090909091097,0.0,N,,N,
05:53,DEVYANI,5373,134.31,-0.31,0.62,,54.4,28.1,NORMAL,N,0.0,3.1173458027164513,9.352037408149354,0.0,0.0,15,0.0,0.0,25,0.0,20,0.0,0.0,9.999999999998906,N,,N,
05:53,RUPA,25724,164.34,-0.31,0.62,,53.2,38.1,NORMAL,N,0.0,3.0937215650590892,9.281164695177267,0.0,0.0,15,0.0,0.0,25,0.0,0.0,20,18.965517241379242,0.0,Y,NONRESULTS,N,
05:53,TATAPOWER,3426,379.4,-0.3,0.6,,9.1,71.6,NORMAL,N,0.0,3.0219419261595952,9.065825778478786,0.0,0.0,15,0.0,0.0,0.0,25,0.0,20,0.0,8.571428571428338,N,,N,
05:53,TOKYOPLAST,9710,80.0,-1.23,2.47,,62.1,34.5,NORMAL,N,0.0,12.345679012345677,30.0,0.0,0.0,15,0.0,7.1428571428571415,25,0.0,0.0,0.0,0.0,0.0,N,,N,
05:53,NITTAGELA,762824,1703.9,-1.1,2.21,,46.7,86.1,NORMAL,N,0.0,11.02791804515642,30.0,0.0,0.0,15,0.0,15.027593338668495,0.0,25,0.0,20,1.6901408450708286,0.0,N,,N,
05:54,RAINBOW,9408,1541.4,-0.98,1.97,,54.5,61.5,NORMAL,N,0.0,9.828483330121381,29.485449990364142,0.0,0.0,15,0.0,0.0,25,0.0,0.0,20,0.0,16.666666666666668,N,,N,
05:54,SUPREMEIND,3363,3442.9,-0.98,1.96,,82.8,26.5,NORMAL,N,0.0,9.807305148116166,29.421915444348496,0.0,0.0,15,0.0,1.7137722798568504,25,0.0,20,0.0,6.666666666666666,0.0,N,,N,
05:54,JAGRAN,13211,62.92,-0.85,1.7,,45.7,68.6,NORMAL,N,0.0,8.509297195083503,25.52789158525051,0.0,0.0,15,0.0,0.12307001967803594,0.0,25,0.0,20,20.0,0.0,N,,N,
05:54,BAJAJHFL,25270,85.08,-0.83,1.66,,54.3,43.3,NORMAL,N,0.0,8.276022846485697,24.82806853945709,0.0,0.0,15,0.0,0.0,25,0.0,0.0,20,4.444444444443391,0.0,N,,N,
05:54,ADANIPORTS,15083,1679.7,-0.81,1.63,,69.4,33.1,NORMAL,N,0.0,8.148804251550018,24.446412754650055,0.0,0.0,15,0.0,0.0,25,0.0,20,0.0,0.0,10.0,N,,N,
05:54,ADANIENT,25,2997.1,-0.76,1.52,,67.7,24.7,NORMAL,N,0.0,7.582781456953673,22.748344370861016,0.0,0.0,15,0.0,0.0,25,0.0,20,0.0,0.0,2.0689655172425687,N,,N,
05:54,BHARTIARTL,10604,1945.7,-0.72,1.45,,66.7,39.7,NORMAL,N,0.0,7.245267615694702,21.735802847084106,0.0,0.0,15,0.0,0.0,25,0.0,20,0.0,0.0,17.50000000000213,N,,N,
05:54,SRF,3273,2596.5,-0.71,1.41,,55.6,42.1,NORMAL,N,0.0,7.074569789674952,21.223709369024856,0.0,0.0,15,0.0,0.0,25,0.0,0.0,20,9.387755102042256,0.0,N,,N,
05:54,PIIND,24184,2756.2,-0.66,1.33,,64.9,22.5,NORMAL,N,0.0,6.631586534996067,19.894759604988202,0.0,0.0,15,0.0,0.0,25,0.0,20,0.0,0.0,0.9090909090942916,N,,N,
05:54,NESTLEIND,17963,1529.8,-0.66,1.32,,31.6,69.2,NORMAL,N,0.0,6.623376623376652,19.870129870129958,0.0,0.0,15,0.0,2.5570973045503695,0.0,25,0.0,20,9.199999999999818,0.0,N,,N,
05:54,LGEINDIA,760213,1577.4,-0.57,1.15,,42.2,53.5,NORMAL,N,0.0,5.73589662779698,17.20768988339094,0.0,0.0,15,0.0,0.0,25,0.0,0.0,20,0.0,12.727272727271224,N,,N,
05:54,HINDUNILVR,1394,2085.3,-0.51,1.02,,60.3,21.2,NORMAL,N,0.0,5.104961832060981,15.314885496182944,0.0,0.0,15,0.0,0.0,25,0.0,20,0.0,0.0,1.0526315789463607,N,,N,
05:54,WABAG,20188,1948.5,-0.47,0.94,,71.3,19.7,NORMAL,N,0.0,4.699392143842287,14.098176431526861,0.0,0.0,15,0.0,0.0,25,0.0,20,0.0,12.173913043477317,0.0,N,,N,
05:54,ASIANPAINT,236,2722.8,-0.45,0.89,,55.1,40.4,NORMAL,N,0.0,4.460694698354595,13.382084095063785,0.0,0.0,15,0.0,0.9778423497479951,25,0.0,0.0,20,15.692307692307413,0.0,N,,N,
05:54,DOMS,20551,2251.0,-0.42,0.85,,57.7,22.4,NORMAL,N,0.0,4.246660178713576,12.739980536140726,0.0,0.0,15,0.0,0.0,25,0.0,20,0.0,0.0,3.2000000000007276,N,,N,
05:54,IDBI,1476,83.87,-0.42,0.83,,77.5,19.2,NORMAL,N,0.0,4.155782474471555,12.467347423414664,0.0,0.0,15,0.0,0.0,25,0.0,20,0.0,20.0,0.0,N,,N,
05:54,ZEEL,3812,93.82,-0.39,0.79,,36.8,47.8,NORMAL,N,0.0,3.928230173054513,11.78469051916354,0.0,0.0,15,0.0,0.0,25,0.0,0.0,20,0.0,8.888888888888186,N,,N,
05:54,COLPAL,15141,2022.3,-0.38,0.76,,56.6,25.1,NORMAL,N,0.0,3.7931034482758847,11.379310344827655,0.0,0.0,15,0.0,0.2038409156569816,25,0.0,20,0.0,0.0,6.086956521738658,N,,N,
05:54,COROMANDEL,739,2061.5,-0.38,0.75,,42.1,42.6,NORMAL,N,0.0,3.7693906151839665,11.308171845551898,0.0,0.0,15,0.0,3.8031752975526847,25,0.0,0.0,20,2.0,0.0,N,,N,
05:54,ADANIENSOL,10217,1624.1,-0.37,0.74,,56.0,23.9,NORMAL,N,0.0,3.6807557818538736,11.042267345561621,0.0,0.0,15,0.0,0.0,25,0.0,20,0.0,0.0,5.26315789473659,N,,N,
05:54,MANKIND,15380,2447.0,-0.37,0.73,,36.0,54.0,NORMAL,N,0.0,3.6644951140065145,10.993485342019543,0.0,0.0,15,0.0,0.0,25,0.0,0.0,20,0.0,15.384615384613232,N,,N,
05:54,HCG,15555,707.6,4.7,9.4,,132.4,0.0,NORMAL,Y,30.0,0.0,30.0,0.0,15,0.0,0.0,0.0,25,0.0,20,0.0,12.399999999999636,0.0,N,,N,
05:54,SUPRAJIT,11689,543.2,4.1,8.2,,100.0,30.2,NORMAL,Y,30.0,0.0,30.0,0.0,15,0.0,0.0,0.0,25,0.0,0.0,20,0.0,10.163934426230108,N,,N,
05:54,FINCABLES,1038,1064.1,3.85,7.7,,120.0,4.6,NORMAL,N,30.0,0.0,30.0,0.0,15,0.0,0.0,0.0,25,0.0,20,0.0,0.0,4.556962025315713,N,,N,
05:54,HFCL,21951,215.83,3.77,7.55,,125.1,0.0,NORMAL,N,30.0,0.0,30.0,0.0,15,0.0,0.0,0.0,25,0.0,20,0.0,5.1162790697679945,0.0,N,,N,
05:54,MAHSEAMLES,2088,611.5,3.7,7.39,,127.7,0.0,NORMAL,N,30.0,0.0,30.0,0.0,15,0.0,0.0,0.0,25,0.0,20,0.0,7.741935483871204,0.0,N,,N,
06:07,HISARMETAL,19322,162.2,6.7,13.39,,100.0,20.0,NORMAL,Y,30.0,0.0,30.0,0.0,15,0.0,0.0,0.0,25,0.0,0.0,20,0.0,0.0,Y,NONRESULTS,N,
06:07,PDSL,5264,384.0,6.12,12.24,,128.7,0.0,NORMAL,Y,30.0,0.0,30.0,0.0,15,0.0,0.0,0.0,25,0.0,20,0.0,8.66666666666712,0.0,Y,NONRESULTS,N,
06:07,TRIVENI,13081,246.65,5.76,11.52,,136.7,0.0,NORMAL,N,30.0,0.0,30.0,0.0,15,0.0,0.0,0.0,25,0.0,20,0.0,16.666666666667613,0.0,N,,N,
06:07,RAMCOSYS,7851,669.75,4.99,9.99,,120.0,0.0,NORMAL,N,30.0,0.0,30.0,0.0,15,0.0,0.0,0.0,25,0.0,20,0.0,0.0,0.0,N,,N,
06:07,ZENITHEXPO,4176,227.11,4.9,9.79,,75.0,45.0,NORMAL,Y,30.0,0.0,30.0,0.0,15,0.0,0.0,0.0,0.0,25,0.0,20,0.0,0.0,N,,N,
06:07,HCG,15555,708.75,4.87,9.74,,120.0,1.5,NORMAL,Y,30.0,0.0,30.0,0.0,15,0.0,0.0,0.0,25,0.0,20,0.0,0.0,1.538461538463691,N,,N,
06:07,SHILPAMED,17752,796.6,4.85,9.7,,122.4,3.4,NORMAL,Y,30.0,0.0,30.0,0.0,15,0.0,0.0,2.418678157682874,25,0.0,20,0.0,0.0,1.0309278350515416,N,,N,
06:07,PINELABS,759820,161.87,4.81,9.62,,131.0,20.6,NORMAL,Y,30.0,0.0,30.0,0.0,15,0.0,0.0,11.004431960730026,25,0.0,20,0.0,0.0,9.599999999999227,N,,N,
06:07,BRIGADE,15184,606.5,4.22,8.44,,124.3,6.9,NORMAL,Y,30.0,0.0,30.0,0.0,15,0.0,0.0,4.31802862853896,25,0.0,20,0.0,0.0,2.5806451612909855,N,,N,
06:07,EBGNG,757862,546.75,4.01,8.03,,131.4,16.2,NORMAL,N,30.0,0.0,30.0,0.0,15,0.0,0.0,11.42285362974261,25,0.0,20,0.0,0.0,4.799999999999879,N,,N,
06:07,MAXESTATES,19646,412.25,3.82,7.63,,120.0,0.0,NORMAL,N,30.0,0.0,30.0,0.0,15,0.0,0.0,0.0,25,0.0,20,0.0,0.0,0.0,N,,N,
06:07,RAMCOCEM,2043,969.0,3.77,7.54,,107.0,20.0,NORMAL,Y,30.0,0.0,30.0,0.0,15,0.0,0.0,0.0,25,0.0,0.0,20,7.000000000000455,0.0,N,,N,
06:07,NAUKRI,13751,1270.8,3.71,7.43,,122.2,18.7,NORMAL,Y,30.0,0.0,30.0,0.0,15,0.0,0.0,2.1830731628081397,25,0.0,20,0.0,0.0,16.47058823529475,N,,N,
06:07,FINCABLES,1038,1062.05,3.65,7.3,,128.5,0.0,NORMAL,N,30.0,0.0,30.0,0.0,15,0.0,0.0,0.0,25,0.0,20,0.0,8.49999999999909,0.0,N,,N,
06:07,MAHSEAMLES,2088,611.05,3.62,7.24,,120.0,17.5,NORMAL,N,30.0,0.0,30.0,0.0,15,0.0,0.0,0.0,25,0.0,20,0.0,0.0,17.500000000000238,N,,N,
06:07,HFCL,21951,215.5,3.62,7.23,,133.8,0.0,NORMAL,N,30.0,0.0,30.0,0.0,15,0.0,0.0,0.0,25,0.0,20,0.0,13.793103448275456,0.0,N,,N,
06:07,RHIM,31163,427.0,3.44,6.88,,143.0,16.5,NORMAL,Y,30.0,0.0,30.0,0.0,15,0.0,0.0,16.46797818520377,25,0.0,20,0.0,6.551724137931007,0.0,N,,N,
06:07,NELCO,2388,988.7,3.11,6.22,,104.3,37.7,NORMAL,N,30.0,0.0,30.0,0.0,15,0.0,0.0,4.316709833923552,25,0.0,0.0,20,0.0,13.333333333333332,N,,N,
06:07,MAHLOG,385,415.0,3.05,6.11,,120.0,0.0,NORMAL,N,30.0,0.0,30.0,0.0,15,0.0,0.0,0.0,25,0.0,20,0.0,0.0,0.0,N,,N,
06:07,SUPRAJIT,11689,537.65,3.04,6.08,,75.0,52.0,NORMAL,Y,30.0,0.0,30.0,0.0,15,0.0,0.0,0.0,0.0,25,0.0,20,0.0,7.027027027026694,N,,N,
06:07,NEWGEN,1164,567.5,2.99,5.99,,122.3,20.1,NORMAL,N,29.945553539019965,0.0,30.0,0.0,15,0.0,0.0,2.3414692543039872,25,0.0,20,0.0,0.0,17.77777777777815,N,,N,
06:07,IONEXCHANG,1630,382.35,2.89,5.79,,117.4,20.0,NORMAL,N,28.928955866523143,0.0,30.0,0.0,15,0.0,0.0,0.0,25,0.0,0.0,20,18.46153846153806,0.0,N,,Y,NONRESULTS
06:07,OIL,17438,455.25,2.81,5.62,,124.3,9.0,NORMAL,N,28.116531165311624,0.0,30.0,0.0,15,0.0,0.0,6.162004869420841,25,0.0,20,0.0,0.0,2.8571428571419286,N,,N,
06:07,BORORENEW,3149,563.5,2.71,5.41,,117.1,5.7,NORMAL,N,27.06643579695621,0.0,30.0,0.0,15,0.0,0.0,0.0,25,0.0,20,0.0,0.0,5.714285714286643,N,,N,
06:07,BLS,17279,261.07,2.65,5.3,,121.2,0.0,NORMAL,N,26.50100263437259,0.0,30.0,0.0,15,0.0,0.0,0.0,25,0.0,20,0.0,4.7058823529401925,0.0,N,,N,
06:07,LXCHEM,2841,179.92,2.44,4.87,,123.3,0.0,NORMAL,N,24.368025506718293,0.0,30.0,0.0,15,0.0,0.0,0.0,25,0.0,20,0.0,8.88888888888889,0.0,N,,N,
06:07,DLF,14732,657.5,2.41,4.83,,123.6,1.9,NORMAL,N,24.143302180685357,0.0,30.0,0.0,15,0.0,0.0,1.854805605789854,25,0.0,20,0.0,7.6190476190475165,0.0,N,,N,
06:07,KSB,1949,802.55,2.33,4.67,,132.9,0.0,NORMAL,N,23.334395919668413,0.0,30.0,0.0,15,0.0,0.0,0.0,25,0.0,20,0.0,19.534883720929617,0.0,N,,N,
06:07,APCL,20453,104.51,2.32,4.64,,117.7,24.5,NORMAL,N,23.203446250244806,0.0,30.0,0.0,15,0.0,0.0,4.485658999251919,25,0.0,20,0.0,0.0,20.0,N,,N,
06:07,VEDL,3063,285.2,2.28,4.55,,112.8,9.1,NORMAL,N,22.772099695176493,0.0,30.0,0.0,15,0.0,0.0,0.0,25,0.0,20,0.0,0.0,9.090909090908903,N,,N,
06:07,TATASTEEL,3499,191.75,2.24,4.48,,128.9,0.0,NORMAL,N,22.394028259130838,0.0,30.0,0.0,15,0.0,0.0,0.0,25,0.0,20,0.0,16.52173913043328,0.0,N,,N,
06:07,ABDL,24308,612.15,2.15,4.31,,137.4,5.9,NORMAL,N,21.526908635794708,0.0,30.0,0.0,15,0.0,0.0,5.897422628767072,25,0.0,20,0.0,20.0,0.0,N,,N,
06:07,SHIVALIK,7026,259.9,2.12,4.24,,111.2,0.0,NORMAL,N,21.218074656188517,0.0,30.0,0.0,15,0.0,0.0,0.0,25,0.0,20,0.0,0.0,0.0,N,,N,
06:07,MONTECARLO,5938,510.0,2.06,4.12,,110.6,0.0,NORMAL,N,20.612367420452294,0.0,30.0,0.0,15,0.0,0.0,0.0,25,0.0,20,0.0,0.0,0.0,N,,N,
06:07,PRAJIND,2705,331.65,2.03,4.06,,110.3,9.3,NORMAL,N,20.304568527918676,0.0,30.0,0.0,15,0.0,0.0,0.0,25,0.0,20,0.0,0.0,9.33333333333394,N,,N,
06:07,PNBHOUSING,18908,1166.2,2.03,4.06,,115.7,18.3,NORMAL,N,20.297462817147895,0.0,30.0,0.0,15,0.0,0.0,5.380213560005069,25,0.0,20,0.0,0.0,12.903225806451992,N,,N,
06:07,RAYMOND,2859,627.4,2.02,4.05,,110.2,3.2,NORMAL,N,20.245548418570504,0.0,30.0,0.0,15,0.0,0.0,0.0,25,0.0,20,0.0,0.0,3.1578947368414756,N,,N,
06:07,PIXTRANS,9087,1916.2,11.59,23.18,,115.3,20.0,NORMAL,Y,30.0,0.0,30.0,0.0,15,0.0,0.0,0.0,25,0.0,0.0,20,15.2727272727273,0.0,N,,N,
06:07,PAYTM,6705,1560.9,8.28,16.55,,138.7,4.6,NORMAL,Y,30.0,0.0,30.0,0.0,15,0.0,0.0,4.617998815492222,25,0.0,20,0.0,14.054054054053388,0.0,N,,N,
06:07,BEML,395,1901.3,6.35,12.7,,120.0,18.0,NORMAL,Y,30.0,0.0,30.0,0.0,15,0.0,0.0,0.0,25,0.0,20,0.0,0.0,18.0,N,,N,
06:07,GRASIM,1232,3375.1,4.82,9.63,,125.0,0.0,NORMAL,Y,30.0,0.0,30.0,0.0,15,0.0,0.0,0.0,25,0.0,20,0.0,4.999999999999052,0.0,N,,N,
06:07,RATNAMANI,13451,2298.2,4.58,9.16,,129.7,0.0,NORMAL,N,30.0,0.0,30.0,0.0,15,0.0,0.0,0.0,25,0.0,20,0.0,9.687499999999577,0.0,N,,N,
06:07,MCX,31181,2731.3,3.54,7.07,,139.0,24.8,NORMAL,Y,30.0,0.0,30.0,0.0,15,0.0,0.0,18.981323045882746,25,0.0,20,0.0,0.0,5.822784810126976,N,,N,
06:07,M&M,2031,3523.8,3.46,6.92,,124.1,13.6,NORMAL,N,30.0,0.0,30.0,0.0,15,0.0,0.0,4.060874203614122,25,0.0,20,0.0,0.0,9.500000000000455,N,,N,
06:07,JUBLPHARMA,3637,950.4,1.97,3.95,,109.7,5.0,NORMAL,N,19.742489270386244,0.0,30.0,0.0,15,0.0,0.0,0.0,25,0.0,20,0.0,0.0,4.999999999999052,N,,N,
06:07,VIPIND,3703,321.15,1.95,3.9,,109.5,20.0,NORMAL,N,19.52380952380945,0.0,30.0,0.0,15,0.0,0.0,0.0,25,0.0,20,0.0,0.0,20.0,N,,N,
06:07,SONATSOFTW,6596,324.2,1.93,3.87,,109.3,20.0,NORMAL,N,19.336582298380687,0.0,30.0,0.0,15,0.0,0.0,0.0,25,0.0,20,0.0,0.0,20.0,N,,N,
06:07,VARROC,3857,826.85,1.93,3.86,,109.3,0.0,NORMAL,N,19.292406311637052,0.0,30.0,0.0,15,0.0,0.0,0.0,25,0.0,20,0.0,0.0,0.0,N,,N,
06:07,HEG,1336,687.0,1.93,3.86,,109.3,10.3,NORMAL,N,19.287833827893177,0.0,30.0,0.0,15,0.0,0.0,0.0,25,0.0,20,0.0,0.0,10.30303030303001,N,,N,
06:07,BALRAMCHIN,341,645.5,1.9,3.8,,111.5,0.0,NORMAL,N,19.0228115873391,0.0,30.0,0.0,15,0.0,0.0,0.0,25,0.0,20,0.0,2.4999999999978684,0.0,N,,N,
06:07,ENGINERSIN,4907,245.08,1.86,3.72,,108.6,1.2,NORMAL,N,18.620116375727427,0.0,30.0,0.0,15,0.0,0.0,0.0,25,0.0,20,0.0,0.0,1.2499999999988898,N,,N,
06:07,LTF,24948,313.65,1.83,3.67,,112.3,0.0,NORMAL,N,18.344155844155768,0.0,30.0,0.0,15,0.0,0.0,0.0,25,0.0,20,0.0,4.0000000000009095,0.0,N,,N,
06:07,ANTHEM,757885,856.3,1.82,3.64,,88.2,40.0,NORMAL,N,18.19262782401897,0.0,30.0,0.0,15,0.0,0.0,0.0,25,0.0,0.0,20,0.0,20.0,N,,N,
06:07,KNRCON,15283,142.5,1.79,3.59,,87.9,20.0,NORMAL,N,17.9298521322951,0.0,30.0,0.0,15,0.0,0.0,0.0,25,0.0,0.0,20,0.0,0.0,N,,N,
06:07,RUBICON,759316,1596.4,2.78,5.56,,127.7,4.4,NORMAL,N,27.81354622714399,0.0,30.0,0.0,15,0.0,0.0,4.376161008880593,25,0.0,20,0.0,5.499999999999545,0.0,N,,N,
06:07,UNICHEMLAB,3579,498.45,1.78,3.55,,127.8,0.0,NORMAL,N,17.764165390505337,0.0,30.0,0.0,15,0.0,0.0,0.0,25,0.0,20,0.0,20.0,0.0,N,,N,
06:07,IFCI,1491,75.98,2.7,5.41,,132.0,0.0,NORMAL,N,27.034333603676668,0.0,30.0,0.0,15,0.0,0.0,0.0,25,0.0,20,0.0,15.0,0.0,N,,N,
06:07,CANFINHOME,583,825.1,1.7,3.4,,119.2,8.0,NORMAL,N,17.00973745840018,0.0,30.0,0.0,15,0.0,0.0,7.958666705796567,25,0.0,20,0.0,4.210526315790229,0.0,N,,N,
06:07,SHREEPUSHK,10588,414.0,1.69,3.39,,106.9,0.0,NORMAL,N,16.949152542372826,0.0,30.0,0.0,15,0.0,0.0,0.0,25,0.0,20,0.0,0.0,0.0,N,,N,
06:07,JINDALSTEL,6733,1121.6,1.69,3.37,,106.9,17.8,NORMAL,N,16.863100634632737,0.0,30.0,0.0,15,0.0,0.0,0.0,25,0.0,20,0.0,0.0,17.777777777780024,N,,N,
06:07,PARADEEP,9741,151.95,1.67,3.35,,121.7,2.6,NORMAL,N,16.72800267648043,0.0,30.0,0.0,15,0.0,0.0,2.646104731279595,25,0.0,20,0.0,12.333333333333602,0.0,N,,N,
06:07,WELSPUNLIV,11253,166.83,1.67,3.34,,106.7,0.0,NORMAL,N,16.698153452373752,0.0,30.0,0.0,15,0.0,0.0,0.0,25,0.0,20,0.0,0.0,0.0,N,,N,
06:07,SHALBY,714,162.76,1.67,3.34,,114.1,27.4,NORMAL,N,16.678118558310874,0.0,30.0,0.0,15,0.0,0.0,7.442233018771799,25,0.0,20,0.0,0.0,20.0,N,,N,
06:07,TEJASNET,21131,522.0,1.67,3.33,,106.7,0.0,NORMAL,N,16.65205959684478,0.0,30.0,0.0,15,0.0,0.0,0.0,25,0.0,20,0.0,0.0,0.0,N,,N,
06:07,SAKSOFT,11794,167.73,1.62,3.25,,106.2,8.0,NORMAL,N,16.23750378673116,0.0,30.0,0.0,15,0.0,0.0,0.0,25,0.0,20,0.0,0.0,7.999999999999545,N,,Y,NONRESULTS
06:07,LENSKART,759605,578.75,1.59,3.18,,95.3,25.0,NORMAL,N,15.885553800245662,0.0,30.0,0.0,15,0.0,0.0,0.0,0.0,25,20,0.0,14.444444444444304,0.0,N,,N,
06:07,DELHIVERY,9599,480.8,1.58,3.17,,105.8,8.0,NORMAL,N,15.846186351151486,0.0,30.0,0.0,15,0.0,0.0,0.0,25,0.0,20,0.0,0.0,8.000000000000304,N,,N,
06:07,LTTS,18564,3646.9,2.57,5.15,,118.7,12.4,NORMAL,N,25.735500928165607,0.0,30.0,0.0,15,0.0,0.0,3.0042111847638537,25,0.0,20,0.0,0.0,9.361702127661097,N,,N,
06:07,GOCOLORS,6964,327.05,1.55,3.11,,110.0,0.0,NORMAL,N,15.525539512498058,0.0,30.0,0.0,15,0.0,0.0,0.0,25,0.0,20,0.0,4.444444444443041,0.0,N,,N,
06:07,MEDANTA,11956,1478.1,1.55,3.09,,85.5,28.2,NORMAL,N,15.45754328112119,0.0,30.0,0.0,15,0.0,0.0,0.0,25,0.0,0.0,20,0.0,8.181818181818839,N,,N,
06:07,JUBLFOOD,18096,494.0,1.54,3.08,,106.5,0.0,NORMAL,N,15.416238437821171,0.0,30.0,0.0,15,0.0,0.0,0.0,25,0.0,20,0.0,1.1111111111100584,0.0,N,,N,
06:07,SAREGAMA,4892,527.1,1.52,3.04,,125.2,0.0,NORMAL,N,15.215716486902885,0.0,30.0,0.0,15,0.0,0.0,0.0,25,0.0,20,0.0,20.0,0.0,N,,N,
06:07,NARMADA,6364,386.6,1.47,2.94,,107.2,0.0,NORMAL,N,14.698162729658852,0.0,30.0,0.0,15,0.0,0.0,0.0,25,0.0,20,0.0,2.5000000000007105,0.0,N,,N,
06:07,APOLLOTYRE,163,451.5,1.46,2.92,,113.1,13.8,NORMAL,N,14.606741573033709,0.0,30.0,0.0,15,0.0,0.0,8.511497875090479,25,0.0,20,0.0,0.0,5.263157894736905,N,,N,
06:07,PENIND,20621,162.18,1.45,2.9,,124.5,0.0,NORMAL,N,14.512698611284831,0.0,30.0,0.0,15,0.0,0.0,0.0,25,0.0,20,0.0,20.0,0.0,N,,N,
06:07,SANSERA,5751,3880.0,2.45,4.9,,72.6,45.0,NORMAL,N,24.47654001531429,0.0,30.0,0.0,15,0.0,0.0,0.0,0.0,25,0.0,20,3.103448275862285,0.0,N,,N,
06:07,KAJARIACER,1808,1184.1,1.44,2.88,,84.4,20.0,NORMAL,N,14.392187098432242,0.0,30.0,0.0,15,0.0,0.0,0.0,25,0.0,0.0,20,0.0,0.0,N,,N,
06:07,METROPOLIS,9581,571.1,1.4,2.81,,124.0,0.0,NORMAL,N,14.026988636363596,0.0,30.0,0.0,15,0.0,0.0,0.0,25,0.0,20,0.0,20.0,0.0,N,,N,
06:07,ZUARI,29050,230.7,1.38,2.77,,83.8,20.0,NORMAL,N,13.843111404086915,0.0,30.0,0.0,15,0.0,0.0,0.0,25,0.0,0.0,20,0.0,0.0,N,,N,
06:07,INDIAMART,10726,1796.6,2.37,4.74,,134.5,33.2,NORMAL,N,23.70370370370365,0.0,30.0,0.0,15,0.0,0.0,20.801976021072928,25,0.0,20,0.0,0.0,12.413793103448059,N,,N,
06:07,HSCL,14334,762.95,1.37,2.74,,103.7,6.2,NORMAL,N,13.684979738258246,0.0,30.0,0.0,15,0.0,0.0,0.0,25,0.0,20,0.0,0.0,6.15384615384427,N,,N,
06:07,MUNJALAU,13511,103.86,1.37,2.73,,123.7,0.0,NORMAL,N,13.663868826859318,0.0,30.0,0.0,15,0.0,0.0,0.0,25,0.0,20,0.0,20.0,0.0,N,,N,
06:07,TORNTPOWER,13786,1369.2,1.36,2.72,,118.1,2.5,NORMAL,N,13.621557595499032,0.0,30.0,0.0,15,0.0,0.0,2.4984586674153344,25,0.0,20,0.0,11.940298507462606,0.0,N,,N,
06:07,IIFL,11809,620.0,1.35,2.7,,103.5,11.7,NORMAL,N,13.485901103391909,0.0,30.0,0.0,15,0.0,0.0,0.0,25,0.0,20,0.0,0.0,11.666666666666982,N,,N,
06:07,JSWINFRA,19020,340.2,1.33,2.65,,89.9,20.0,NORMAL,N,13.253909158600115,0.0,30.0,0.0,15,0.0,0.0,0.0,25,0.0,0.0,20,6.666666666665404,0.0,N,,N,
06:07,UCAL,3570,120.02,1.32,2.63,,58.2,45.0,NORMAL,N,13.169002194833718,0.0,30.0,0.0,15,0.0,0.0,0.0,0.0,25,0.0,20,0.0,0.0,N,,N,
06:07,TMCV,759782,458.95,1.29,2.58,,107.6,3.4,NORMAL,N,12.911057161774366,0.0,30.0,0.0,15,0.0,0.0,3.3523895446207805,25,0.0,20,0.0,1.3333333333336364,0.0,N,,N,
06:07,360ONE,13061,1183.0,1.28,2.55,,104.8,0.0,NORMAL,N,12.755757212567495,0.0,30.0,0.0,15,0.0,0.0,0.0,25,0.0,20,0.0,1.999999999998181,0.0,N,,N,
06:07,ENDURANCE,18822,2970.0,2.26,4.51,,112.6,7.3,NORMAL,N,22.551213634016182,0.0,30.0,0.0,15,0.0,0.0,0.0,25,0.0,20,0.0,0.0,7.272727272728526,N,,N,
06:07,TRITURBINE,25584,644.4,1.25,2.5,,126.4,5.0,NORMAL,N,12.49116191374017,0.0,30.0,0.0,15,0.0,0.0,4.994962612238906,25,0.0,20,0.0,18.888888888888644,0.0,N,,N,
06:07,EPACKPEB,759251,249.35,1.24,2.48,,102.4,12.0,NORMAL,N,12.383272431993435,0.0,30.0,0.0,15,0.0,0.0,0.0,25,0.0,20,0.0,0.0,12.000000000000455,N,,N,
06:07,SARDAEN,17758,503.75,1.24,2.47,,102.4,20.0,NORMAL,N,12.359324758842398,0.0,30.0,0.0,15,0.0,0.0,0.0,25,0.0,20,0.0,0.0,20.0,N,,N,
06:07,JKIL,15266,505.05,1.23,2.47,,102.3,3.6,NORMAL,N,12.327119663259237,0.0,30.0,0.0,15,0.0,0.0,0.0,25,0.0,20,0.0,0.0,3.636363636364388,N,,N,
06:07,INFY,1594,1189.0,1.18,2.37,,101.8,5.3,NORMAL,N,11.828780529316731,0.0,30.0,0.0,15,0.0,0.0,0.0,25,0.0,20,0.0,0.0,5.333333333334545,N,,N,
06:07,IRCTC,13611,526.0,1.16,2.33,,108.0,0.5,NORMAL,N,11.635734205211952,0.0,30.0,0.0,15,0.0,0.0,0.5162302104822413,25,0.0,20,0.0,5.882352941176313,0.0,N,,N,
06:07,ROUTE,128,534.25,1.13,2.25,,123.9,38.7,NORMAL,N,11.262540223358029,0.0,30.0,0.0,15,0.0,0.0,22.607080881456053,25,0.0,20,0.0,0.0,16.111111111110883,N,,N,
06:07,BALKRISIND,335,2518.6,2.12,4.24,,113.0,0.0,NORMAL,N,21.205854924380542,0.0,30.0,0.0,15,0.0,0.0,0.0,25,0.0,20,0.0,1.818181818180315,0.0,N,,N,
06:07,BSOFT,6994,322.05,1.11,2.23,,81.1,20.0,NORMAL,N,11.14599686028261,0.0,30.0,0.0,15,0.0,0.0,0.0,25,0.0,0.0,20,0.0,0.0,N,,N,
06:07,BECTORFOOD,1628,226.89,1.11,2.22,,95.7,20.0,NORMAL,N,11.096256684491891,0.0,30.0,0.0,15,0.0,0.0,0.0,25,0.0,0.0,20,14.597156398104097,0.0,N,,N,
06:07,MANAPPURAM,19061,370.8,1.1,2.21,,116.0,0.0,NORMAL,N,11.042944785276104,0.0,30.0,0.0,15,0.0,0.0,0.0,25,0.0,20,0.0,15.0,0.0,N,,N,
06:07,M&MFIN,13285,412.8,1.07,2.13,,100.7,16.0,NORMAL,N,10.65001836210068,0.0,30.0,0.0,15,0.0,0.0,0.0,25,0.0,20,0.0,0.0,16.000000000003638,N,,N,
06:07,APLLTD,25328,838.75,1.04,2.08,,101.2,0.0,NORMAL,N,10.420431273340533,0.0,30.0,0.0,15,0.0,0.0,0.0,25,0.0,20,0.0,0.7692307692300628,0.0,N,,N,
06:07,SAIL,2963,178.42,1.04,2.08,,82.4,20.0,NORMAL,N,10.420206138860431,0.0,30.0,0.0,15,0.0,0.0,0.0,25,0.0,0.0,20,1.9999999999982947,0.0,N,,N,
06:07,KALYANKJIL,2955,612.55,1.03,2.06,,80.3,28.2,NORMAL,N,10.308428170872508,0.0,30.0,0.0,15,0.0,0.0,0.0,25,0.0,0.0,20,0.0,8.235294117647374,N,,N,
06:07,SAFARI,13035,1516.7,2.02,4.05,,110.2,17.3,NORMAL,N,20.247544732947755,0.0,30.0,0.0,15,0.0,0.0,0.0,25,0.0,20,0.0,0.0,17.272727272727742,N,,N,
06:07,KPITTECH,9683,636.35,1.02,2.05,,100.2,7.5,NORMAL,N,10.239720590570005,0.0,30.0,0.0,15,0.0,0.0,0.0,25,0.0,20,0.0,0.0,7.500000000001185,N,,N,
06:07,USHAMART,8840,520.3,1.02,2.04,,86.9,20.0,NORMAL,N,10.19318512765751,0.0,30.0,0.0,15,0.0,0.0,0.0,25,0.0,0.0,20,6.666666666661614,0.0,N,,N,
06:07,GODREJPROP,17875,2111.2,1.99,3.98,,118.3,0.0,NORMAL,N,19.903381642511988,0.0,30.0,0.0,15,0.0,0.0,0.0,25,0.0,20,0.0,8.421052631578066,0.0,N,,N,
06:07,NUCLEUS,10791,705.15,0.99,1.98,,106.6,9.6,NORMAL,N,9.881847475832407,0.0,29.64554242749722,0.0,15,0.0,0.0,7.088251247196313,25,0.0,20,0.0,0.0,2.5000000000005924,N,,N,
06:07,HEXT,29666,570.15,0.98,1.97,,99.3,11.7,NORMAL,N,9.829968119022237,0.0,29.48990435706671,0.0,15,0.0,0.0,0.0,25,0.0,20,0.0,0.0,11.707317073171435,N,,N,
06:07,ZENSARTECH,1076,503.9,0.98,1.96,,99.3,14.3,NORMAL,N,9.819639278557068,0.0,29.4589178356712,0.0,15,0.0,0.0,0.0,25,0.0,20,0.0,0.0,14.28571428571413,N,,N,
06:07,GANESHHOU,14339,768.2,0.98,1.96,,99.2,0.0,NORMAL,N,9.792967466316195,0.0,29.378902398948586,0.0,15,0.0,0.0,0.0,25,0.0,20,0.0,0.0,0.0,N,,N,
06:07,GNFC,1174,540.5,0.93,1.87,,98.9,0.0,NORMAL,N,9.337068160597571,0.0,28.011204481792717,0.0,15,0.0,0.0,0.0,25,0.0,20,0.0,1.538461538459924,0.0,N,,N,
06:07,CESC,628,165.46,0.93,1.85,,97.1,8.3,NORMAL,N,9.271684762718131,0.0,27.815054288154393,0.0,15,0.0,0.0,0.0,25,0.0,20,0.0,0.0,8.333333333334913,N,,N,
06:07,KIRLOSBROS,18581,1938.0,1.91,3.82,,109.9,0.0,NORMAL,N,19.088184256191802,0.0,30.0,0.0,15,0.0,0.0,0.0,25,0.0,20,0.0,0.7692307692300965,0.0,N,,N,
06:07,HGINFRA,1672,554.1,0.9,1.8,,98.3,22.3,NORMAL,N,9.01393062004925,0.0,27.04179186014775,0.0,15,0.0,0.0,2.2674800165698965,25,0.0,20,0.0,0.0,20.0,N,,N,
06:07,POLICYBZR,6656,1634.8,1.89,3.78,,130.2,6.4,NORMAL,N,18.884387659707045,0.0,30.0,0.0,15,0.0,0.0,6.385431831783421,25,0.0,20,0.0,14.929577464788316,0.0,N,,N,
06:07,ZUARIIND,3827,261.65,0.89,1.77,,70.5,25.0,NORMAL,N,8.868324657798166,0.0,26.604973973394497,0.0,15,0.0,0.0,0.0,0.0,25,20,0.0,0.0,0.0,N,,N,
06:07,PRINCEPIPE,16045,273.4,0.89,1.77,,95.4,20.0,NORMAL,N,8.856088560885526,0.0,26.568265682656577,0.0,15,0.0,0.0,0.0,25,0.0,0.0,20,20.0,0.0,N,,N,
06:07,NMDC,15332,86.52,1.88,3.77,,92.9,40.2,NORMAL,N,18.841262364578355,0.0,30.0,0.0,15,0.0,0.0,9.071546938670936,0.0,25,20,0.0,0.0,6.111111111111089,N,,N,
06:07,HYUNDAI,25844,2241.7,1.87,3.74,,109.5,0.0,NORMAL,N,18.723017496023544,0.0,30.0,0.0,15,0.0,0.0,0.0,25,0.0,20,0.0,0.7547169811314279,0.0,N,,N,
06:07,JUSTDIAL,29962,688.95,0.83,1.65,,99.8,24.5,NORMAL,N,8.26869603395301,0.0,24.80608810185903,0.0,15,0.0,0.0,6.745613450450906,25,0.0,20,0.0,0.0,17.777777777780024,N,,N,
06:07,COFORGE,11543,1808.4,1.82,3.65,,88.2,20.0,NORMAL,N,18.243243243243292,0.0,30.0,0.0,15,0.0,0.0,0.0,25,0.0,0.0,20,0.0,0.0,N,,N,
06:07,RUPA,25724,166.19,0.81,1.63,,103.0,5.6,NORMAL,N,8.128601759175028,0.0,24.385805277525087,0.0,15,0.0,0.0,5.633705018599952,25,0.0,20,0.0,4.878048780488617,0.0,Y,NONRESULTS,N,
06:07,JSWENERGY,17869,568.9,0.8,1.59,,100.8,0.0,NORMAL,N,7.973068745570519,0.0,23.919206236711556,0.0,15,0.0,0.0,0.0,25,0.0,20,0.0,8.888888888890012,0.0,N,,N,
06:07,XCHANGING,11705,68.43,1.77,3.54,,107.7,0.0,NORMAL,N,17.697798929208986,0.0,30.0,0.0,15,0.0,0.0,0.0,25,0.0,20,0.0,0.0,0.0,N,,N,
06:07,VBL,18921,445.35,0.76,1.52,,97.0,0.0,NORMAL,N,7.579185520362042,0.0,22.737556561086127,0.0,15,0.0,0.0,0.0,25,0.0,20,0.0,6.666666666665825,0.0,N,,N,
06:07,SHRIRAMFIN,4306,1123.4,0.75,1.51,,101.2,0.0,NORMAL,N,7.533632286995598,0.0,22.600896860986794,0.0,15,0.0,0.0,0.0,25,0.0,20,0.0,11.111111111109988,0.0,N,,N,
06:07,TATACONSUM,3432,1090.3,0.74,1.48,,109.4,8.7,NORMAL,N,7.391665896701469,0.0,22.17499769010441,0.0,15,0.0,0.0,8.709309874793124,25,0.0,20,0.0,11.16279069767496,0.0,N,,N,
06:07,HINDPETRO,1406,395.75,0.69,1.37,,102.6,8.5,NORMAL,N,6.869355043887516,0.0,20.60806513166255,0.0,15,0.0,0.0,8.454780509431279,25,0.0,20,0.0,6.666666666665825,0.0,N,,N,
06:07,MPHASIS,4503,2516.0,1.66,3.31,,112.8,0.0,NORMAL,N,16.565656565656568,0.0,30.0,0.0,15,0.0,0.0,0.0,25,0.0,20,0.0,6.250000000000355,0.0,N,,N,
06:07,THYROCARE,17032,607.2,0.65,1.31,,89.5,1.7,NORMAL,N,6.547865727310478,0.0,19.643597181931433,0.0,15,0.0,0.0,1.7437698875848093,25,0.0,20,0.0,1.538461538463691,0.0,N,,N,
06:07,ABCAPITAL,21614,410.7,0.65,1.3,,86.0,5.7,NORMAL,N,6.4943021688518,0.0,19.4829065065554,0.0,15,0.0,0.0,0.0,25,0.0,20,0.0,0.0,5.714285714284322,N,,N,
06:07,CYIENT,5748,863.0,0.64,1.28,,43.2,48.2,NORMAL,N,6.41399416909621,0.0,19.24198250728863,0.0,15,0.0,0.0,2.50455798147649,0.0,25,0.0,20,0.0,0.7407407407400546,N,,N,
06:07,MOTHERSON,4204,169.58,0.64,1.28,,65.6,21.2,NORMAL,N,6.409495548961499,0.0,19.228486646884498,0.0,15,0.0,0.0,0.0,25,0.0,0.0,20,0.0,1.2121212121218907,N,,N,
06:07,GSFC,1247,162.25,0.64,1.28,,98.9,0.0,NORMAL,N,6.3887855104825775,0.0,19.166356531447732,0.0,15,0.0,0.0,0.0,25,0.0,20,0.0,13.333333333331227,0.0,N,,N,
06:07,CHOLAFIN,685,1896.5,1.62,3.25,,106.2,9.0,NORMAL,N,16.236201907619737,0.0,30.0,0.0,15,0.0,0.0,0.0,25,0.0,20,0.0,0.0,9.03225806451698,N,,N,
06:07,JSL,11236,739.15,0.61,1.23,,100.2,0.0,NORMAL,N,6.125365820458721,0.0,18.376097461376165,0.0,15,0.0,0.0,0.0,25,0.0,20,0.0,15.652173913043823,0.0,N,,N,
06:07,TMPV,3456,349.1,0.61,1.21,,84.2,4.0,NORMAL,N,6.0518731988473276,0.0,18.15561959654198,0.0,15,0.0,0.0,0.0,25,0.0,20,0.0,0.0,4.0000000000009095,N,,N,
06:07,NAM-INDIA,357,1182.9,0.59,1.17,,83.5,4.0,NORMAL,N,5.867346938775587,0.0,17.602040816326763,0.0,15,0.0,0.0,0.0,25,0.0,20,0.0,0.0,3.999999999996362,N,,N,
06:07,RCF,2866,127.66,0.58,1.17,,85.3,0.0,NORMAL,N,5.830444374409036,0.0,17.491333123227108,0.0,15,0.0,0.0,0.0,25,0.0,20,0.0,1.9999999999982947,0.0,N,,N,
06:07,CASTROLIND,1250,193.19,0.58,1.16,,83.1,17.1,NORMAL,N,5.778842149104462,0.0,17.33652644731339,0.0,15,0.0,0.0,0.0,25,0.0,20,0.0,0.0,17.142857142855984,N,,N,
06:07,KPRMILL,14912,1082.8,0.57,1.13,,84.9,2.3,NORMAL,N,5.665459273706611,0.0,16.996377821119832,0.0,15,0.0,0.0,2.2544617447957425,25,0.0,20,0.0,0.0,0.0,N,,N,
06:07,LALPATHLAB,11654,1961.8,1.56,3.13,,119.5,0.0,NORMAL,N,15.634706978670556,0.0,30.0,0.0,15,0.0,0.0,0.0,25,0.0,20,0.0,13.84615384615573,0.0,N,,N,
06:07,DABUR,772,412.3,0.56,1.12,,82.4,8.6,NORMAL,N,5.609756097561003,0.0,16.829268292683008,0.0,15,0.0,0.0,0.0,25,0.0,20,0.0,0.0,8.571428571429964,N,,N,
06:07,JUBLINGREA,2783,744.4,0.56,1.12,,102.4,0.0,NORMAL,N,5.606214116852383,0.0,16.818642350557152,0.0,15,0.0,0.0,0.0,25,0.0,20,0.0,20.0,0.0,N,,N,
06:07,PNBGILTS,8736,81.95,1.55,3.1,,116.4,20.9,NORMAL,N,15.489467162329616,0.0,30.0,0.0,15,0.0,0.0,10.899420241196026,25,0.0,20,0.0,0.0,10.00000000000071,N,,N,
06:07,KIRIINDUS,16639,430.2,0.54,1.08,,81.5,20.0,NORMAL,N,5.375087637298462,0.0,16.125262911895383,0.0,15,0.0,0.0,0.0,25,0.0,20,0.0,0.0,20.0,N,,N,
06:08,TATACOMM,3721,1782.0,1.53,3.05,,105.3,0.0,NORMAL,N,15.268915223336345,0.0,30.0,0.0,15,0.0,0.0,0.0,25,0.0,20,0.0,0.0,0.0,N,,N,
06:08,NATCOPHARM,3918,921.35,0.51,1.03,,71.8,20.0,NORMAL,N,5.127365952108271,0.0,15.382097856324812,0.0,15,0.0,0.0,0.0,25,0.0,0.0,20,11.250000000001776,0.0,N,,N,
06:08,JAIBALAJI,14076,66.6,1.51,3.02,,116.8,19.3,NORMAL,N,15.089163237311308,0.0,30.0,0.0,15,0.0,0.0,11.720318668513634,25,0.0,20,0.0,0.0,7.599999999999909,N,,N,
06:08,SWIGGY,27066,282.15,0.5,1.0,,93.3,0.0,NORMAL,N,4.986642920747916,0.0,14.959928762243747,0.0,15,0.0,0.0,0.0,25,0.0,20,0.0,13.333333333333332,0.0,N,,N,
06:08,PRICOLLTD,19631,741.55,0.49,0.99,,59.8,31.7,NORMAL,N,4.94646971134297,0.0,14.83940913402891,0.0,15,0.0,0.0,0.0,25,0.0,0.0,20,0.0,11.666666666666982,N,,N,
06:08,MAXHEALTH,22377,1075.2,0.49,0.97,,79.4,0.0,NORMAL,N,4.859813084112193,0.0,14.579439252336577,0.0,15,0.0,0.0,0.0,25,0.0,20,0.0,0.0,0.0,N,,N,
06:08,ASAHIINDIA,5378,903.0,0.48,0.96,,96.9,0.0,NORMAL,N,4.7846889952152605,0.0,14.354066985645781,0.0,15,0.0,0.0,0.0,25,0.0,20,0.0,17.777777777780024,0.0,N,,N,
06:08,SCHNEIDER,31234,1361.2,0.47,0.94,,53.9,45.0,NORMAL,N,4.723944493652267,0.0,14.171833480956801,0.0,15,0.0,0.0,0.0,0.0,25,0.0,20,20.0,0.0,N,,N,
06:08,GLAND,1186,2639.0,1.46,2.92,,84.6,22.1,NORMAL,N,14.609765474817378,0.0,30.0,0.0,15,0.0,0.0,0.0,25,0.0,0.0,20,0.0,2.1052631578927214,N,,N,
06:08,MOTILALOFS,14947,874.0,0.46,0.92,,82.9,11.4,NORMAL,N,4.597701149425287,0.0,13.793103448275861,0.0,15,0.0,0.0,4.509588124114121,25,0.0,20,0.0,0.0,6.923076923077259,N,,N,
06:08,TIMETECHNO,14707,205.81,0.45,0.91,,69.1,20.0,NORMAL,N,4.539242483404952,0.0,13.617727450214858,0.0,15,0.0,0.0,0.0,25,0.0,0.0,20,10.909090909091379,0.0,N,,N,
06:08,ITCHOTELS,29251,171.41,0.45,0.89,,80.1,0.9,NORMAL,N,4.453559917960685,0.0,13.360679753882055,0.0,15,0.0,0.0,0.8789005082658501,25,0.0,20,0.0,1.4285714285699784,0.0,N,,N,
06:08,BAJFINANCE,317,1082.8,0.45,0.89,,79.2,0.0,NORMAL,N,4.452690166975839,0.0,13.358070500927518,0.0,15,0.0,0.0,0.0,25,0.0,20,0.0,1.4285714285700366,0.0,N,,N,
06:08,INTELLECT,5926,724.55,0.44,0.89,,91.4,0.8,NORMAL,N,4.436126706868969,0.0,13.308380120606909,0.0,15,0.0,0.0,0.8160119137969721,25,0.0,20,0.0,12.857142857143323,0.0,N,,N,
06:08,MEESHO,760229,192.19,0.44,0.88,,92.6,0.0,NORMAL,N,4.389861510321419,0.0,13.169584530964256,0.0,15,0.0,0.0,0.0,25,0.0,20,0.0,15.000000000000508,0.0,N,,N,
06:08,HCLTECH,7229,1362.4,0.43,0.86,,77.1,1.7,NORMAL,N,4.275394368273759,0.0,12.826183104821279,0.0,15,0.0,0.0,0.0,25,0.0,20,0.0,0.0,1.6666666666688772,N,,N,
06:08,JSWSTEEL,11723,1305.0,0.42,0.85,,76.9,0.0,NORMAL,N,4.232397075798383,0.0,12.697191227395152,0.0,15,0.0,0.0,0.0,25,0.0,20,0.0,0.0,0.0,N,,N,
06:08,VGUARD,15362,321.0,0.42,0.84,,56.9,22.2,NORMAL,N,4.2233693101830845,0.0,12.670107930549253,0.0,15,0.0,0.0,0.0,25,0.0,0.0,20,0.0,2.2222222222227836,N,,N,
06:08,UNOMINDA,14154,1290.4,0.42,0.84,,85.6,0.0,NORMAL,N,4.202334630350266,0.0,12.607003891050795,0.0,15,0.0,0.0,0.0,25,0.0,20,0.0,8.749999999999822,0.0,N,,N,
06:08,RELAXO,24225,425.2,0.41,0.83,,76.5,9.1,NORMAL,N,4.132719329318692,0.0,12.398157987956075,0.0,15,0.0,0.0,0.0,25,0.0,20,0.0,0.0,9.090909090908903,N,,N,
06:08,CIEINDIA,14937,412.15,0.4,0.8,,80.4,0.0,NORMAL,N,4.019488428745377,0.0,12.058465286236132,0.0,15,0.0,0.0,0.0,25,0.0,20,0.0,4.285714285713706,0.0,N,,N,
06:08,NIITLTD,11522,96.39,1.39,2.78,,123.9,0.0,NORMAL,N,13.88450615336076,0.0,30.0,0.0,15,0.0,0.0,0.0,25,0.0,20,0.0,20.0,0.0,N,,N,
06:08,TIPSMUSIC,9117,647.85,0.39,0.77,,106.4,16.3,NORMAL,N,3.873866893933524,0.0,11.621600681800572,0.0,15,0.0,0.0,16.28208164460771,25,0.0,20,0.0,14.64788732394351,0.0,N,,N,
06:08,VINATIORGA,17364,1329.9,0.38,0.75,,95.1,0.0,NORMAL,N,3.773869726017058,0.0,11.321609178051174,0.0,15,0.0,0.0,0.0,25,0.0,20,0.0,20.0,0.0,N,,N,
06:08,ASTERDM,1508,872.95,0.37,0.75,,67.1,20.0,NORMAL,N,3.736920777279521,0.0,11.210762331838565,0.0,15,0.0,0.0,0.0,25,0.0,0.0,20,12.173913043476112,0.0,N,,N,
06:08,SWANCORP,27095,309.2,0.37,0.75,,58.8,23.8,NORMAL,N,3.7331602012659544,0.0,11.199480603797863,0.0,15,0.0,0.0,3.8281060551371073,25,0.0,0.0,20,0.0,0.0,N,,N,
06:08,RAJRATAN,18962,526.95,0.37,0.74,,74.9,18.7,NORMAL,N,3.714285714285801,0.0,11.142857142857403,0.0,15,0.0,0.0,0.0,25,0.0,20,0.0,0.0,18.7499999999984,N,,N,
06:08,HDFCBANK,1333,733.7,0.37,0.74,,77.9,0.0,NORMAL,N,3.693570451436451,0.0,11.080711354309353,0.0,15,0.0,0.0,0.0,25,0.0,20,0.0,3.076923076923884,0.0,N,,N,
06:08,MHRIL,17333,230.49,0.36,0.72,,54.5,40.0,NORMAL,N,3.6140381433423863,0.0,10.84211443002716,0.0,15,0.0,0.0,0.0,25,0.0,0.0,20,0.0,20.0,N,,N,
06:08,AETHER,9810,1613.1,1.35,2.7,,118.7,0.0,NORMAL,N,13.508419200804221,0.0,30.0,0.0,15,0.0,0.0,0.0,25,0.0,20,0.0,15.199999999998909,0.0,N,,N,
06:08,BEL,383,402.4,0.35,0.7,,77.3,0.0,NORMAL,N,3.491271820448821,0.0,10.473815461346463,0.0,15,0.0,0.0,0.0,25,0.0,20,0.0,3.333333333330807,0.0,N,,N,
06:08,CDSL,21174,1332.6,0.35,0.69,,77.1,4.8,NORMAL,N,3.4638554216866786,0.0,10.391566265060035,0.0,15,0.0,0.0,3.2001716459567424,25,0.0,20,0.0,0.0,1.6000000000003638,N,,N,
06:08,HINDCOPPER,17939,537.95,0.35,0.69,,73.8,2.9,NORMAL,N,3.4508487222533537,0.0,10.35254616676006,0.0,15,0.0,0.0,0.0,25,0.0,20,0.0,0.0,2.8571428571433213,N,,N,
06:08,REDINGTON,14255,356.05,0.34,0.68,,79.8,0.0,NORMAL,N,3.381710581935997,0.0,10.14513174580799,0.0,15,0.0,0.0,0.0,25,0.0,20,0.0,6.250000000000355,0.0,N,,N,
06:08,ESCORTS,958,3122.0,1.33,2.66,,123.1,4.3,NORMAL,N,13.307367737747485,0.0,30.0,0.0,15,0.0,0.0,4.299412793301868,25,0.0,20,0.0,15.499999999999545,0.0,N,,N,
06:08,TECHM,13538,1656.7,1.33,2.65,,83.3,38.1,NORMAL,N,13.272171253822659,0.0,30.0,0.0,15,0.0,0.0,0.0,25,0.0,0.0,20,0.0,18.055555555555443,N,,N,
06:08,AXISBANK,5900,1242.0,0.32,0.65,,52.9,25.5,NORMAL,N,3.2310177705977385,0.0,9.693053311793214,0.0,15,0.0,0.0,0.0,25,0.0,0.0,20,0.0,5.454545454545078,N,,N,
06:08,SUDARSCHEM,3327,1143.2,0.32,0.63,,67.0,20.0,NORMAL,N,3.159003159003279,0.0,9.477009477009837,0.0,15,0.0,0.0,0.0,25,0.0,0.0,20,14.399999999999636,0.0,N,,N,
06:08,DCMSHRIRAM,811,1020.0,0.31,0.63,,72.6,17.6,NORMAL,N,3.1471282454760483,0.0,9.441384736428144,0.0,15,0.0,0.0,0.0,25,0.0,20,0.0,0.0,17.599999999999454,N,,N,
06:08,GEOJITFSL,11896,78.01,1.29,2.57,,126.3,3.5,NORMAL,N,12.853804206699678,0.0,30.0,0.0,15,0.0,0.0,3.455717529008525,25,0.0,20,0.0,20.0,0.0,N,,N,
06:08,UNITDSPR,10447,1531.5,1.26,2.53,,102.6,3.3,NORMAL,N,12.628934144406182,0.0,30.0,0.0,15,0.0,0.0,0.0,25,0.0,20,0.0,0.0,3.333333333333965,N,,N,
06:08,AFFLE,11343,1666.1,1.25,2.49,,104.1,3.5,NORMAL,N,12.457462323772486,0.0,30.0,0.0,15,0.0,0.0,1.6182036342670878,25,0.0,20,0.0,0.0,1.9047619047623172,N,,N,
06:08,TIINDIA,312,2806.0,1.23,2.45,,120.8,0.0,NORMAL,N,12.265512265512266,0.0,30.0,0.0,15,0.0,0.0,0.0,25,0.0,20,0.0,18.518518518516647,0.0,N,,N,
06:08,MUTHOOTFIN,23650,2922.4,1.12,2.24,,101.2,6.3,NORMAL,N,11.211072664359893,0.0,30.0,0.0,15,0.0,0.0,0.0,25,0.0,20,0.0,0.0,6.250000000000355,N,,N,
06:08,PIDILITIND,2664,1677.4,1.05,2.1,,120.5,0.0,NORMAL,N,10.48192771084343,0.0,30.0,0.0,15,0.0,0.0,0.0,25,0.0,20,0.0,20.0,0.0,N,,N,
06:08,SUPREMEINF,15002,92.31,1.04,2.08,,126.7,16.6,NORMAL,N,10.39842381786343,0.0,30.0,0.0,15,0.0,0.0,16.6051287144768,25,0.0,20,0.0,9.69072164948438,0.0,N,,N,
06:08,PHOENIXLTD,14552,1913.3,0.94,1.88,,116.6,0.0,NORMAL,N,9.390662094434163,0.0,28.17198628330249,0.0,15,0.0,0.0,0.0,25,0.0,20,0.0,19.04761904761987,0.0,N,,N,
06:08,EQUITASBNK,913,75.9,0.9,1.81,,96.2,12.3,NORMAL,N,9.040148896570152,0.0,27.12044668971046,0.0,15,0.0,0.0,0.0,25,0.0,20,0.0,0.0,12.30769230769113,N,,N,
06:08,LAURUSLABS,19234,1860.8,0.89,1.79,,94.8,20.0,NORMAL,N,8.946483760776447,0.0,26.839451282329343,0.0,15,0.0,0.0,0.0,25,0.0,0.0,20,18.999999999998636,0.0,N,,N,
06:08,DALBHARAT,8075,1840.1,0.69,1.39,,87.8,6.7,NORMAL,N,6.949764693006357,0.0,20.84929407901907,0.0,15,0.0,0.0,0.0,25,0.0,20,0.0,0.0,6.666666666661614,N,,N,
06:08,NFL,13925,72.39,0.67,1.34,,90.3,2.6,NORMAL,N,6.6750104297038515,0.0,20.025031289111553,0.0,15,0.0,0.0,2.576712487598383,25,0.0,20,0.0,1.0526315789464238,0.0,N,,N,
06:08,OBEROIRLTY,20242,1786.4,0.64,1.28,,97.6,0.2,NORMAL,N,6.4225352112676575,0.0,19.267605633802972,0.0,15,0.0,0.0,0.15457353943779117,25,0.0,20,0.0,11.764705882353413,0.0,N,,N,
06:08,AJANTPHARM,8124,3491.3,0.6,1.2,,64.1,23.7,NORMAL,N,6.022360534808694,0.0,18.067081604426082,0.0,15,0.0,0.0,0.0,25,0.0,0.0,20,0.0,3.7499999999983418,N,,N,
06:08,PRESTIGE,20302,1592.3,0.47,0.95,,96.5,0.3,NORMAL,N,4.732458354366481,0.0,14.197375063099445,0.0,15,0.0,0.0,0.26276065175132435,25,0.0,20,0.0,17.33333333333424,0.0,N,,N,
06:08,WELCORP,11821,1848.3,0.46,0.92,,78.5,17.0,NORMAL,N,4.620067398630286,0.0,13.860202195890858,0.0,15,0.0,0.0,0.0,25,0.0,20,0.0,0.0,16.999999999999698,N,,N,
06:08,GODFRYPHLP,1181,2296.0,0.44,0.87,,92.6,0.0,NORMAL,N,4.374453193350831,0.0,13.123359580052494,0.0,15,0.0,0.0,0.0,25,0.0,20,0.0,15.068493150684557,0.0,N,,N,
06:08,GABRIEL,1085,1505.8,0.4,0.8,,62.5,25.0,NORMAL,N,4.000533404453928,0.0,12.001600213361783,0.0,15,0.0,0.0,0.0,0.0,25,20,0.0,11.538461538461942,0.0,N,,N,
06:08,SUNPHARMA,3351,1952.6,0.39,0.78,,75.6,1.3,NORMAL,N,3.907455012853424,0.0,11.722365038560271,0.0,15,0.0,0.0,0.0,25,0.0,20,0.0,0.0,1.290322580645398,N,,N,
06:08,MAZDOCK,509,2523.6,0.35,0.69,,88.6,0.0,NORMAL,N,3.4593820827865196,0.0,10.37814624835956,0.0,15,0.0,0.0,0.0,25,0.0,20,0.0,14.761904761904967,0.0,N,,N,
06:08,BAJAJFINSV,16675,2015.6,0.33,0.67,,79.2,0.0,NORMAL,N,3.3351585444769865,0.0,10.00547563343096,0.0,15,0.0,0.0,0.0,25,0.0,20,0.0,5.882352941176313,0.0,N,,N,
06:08,ICICIAMC,760407,3090.5,0.33,0.66,,77.3,14.6,NORMAL,N,3.278794961693257,0.0,9.836384885079772,0.0,15,0.0,0.0,4.20680305278927,25,0.0,20,0.0,0.0,10.38461538461589,N,,N,
06:08,SKFINDIA,3186,1539.2,0.32,0.64,,43.2,45.0,NORMAL,N,3.193638792934948,0.0,9.580916378804844,0.0,15,0.0,0.0,0.0,0.0,25,0.0,20,15.454545454545547,0.0,N,,N,
06:08,IDFCFIRSTB,11184,84.89,0.32,0.64,,92.8,0.0,NORMAL,N,3.190735050815363,0.0,9.57220515244609,0.0,15,0.0,0.0,0.0,25,0.0,20,0.0,20.0,0.0,N,,N,
06:08,HDFCAMC,4244,2552.8,0.31,0.61,,92.9,5.1,NORMAL,N,3.064833005893981,0.0,9.194499017681943,0.0,15,0.0,0.0,5.132966644168846,25,0.0,20,0.0,15.522388059702728,0.0,N,,N,
06:08,PTC,11355,178.29,-12.3,24.6,,75.0,62.8,NORMAL,Y,0.0,30.0,30.0,0.0,0.0,15,0.0,0.0,25,0.0,20,0.0,0.0,17.777777777773565,N,,N,
06:08,JAMNAAUTO,20778,129.84,-10.27,20.54,,75.8,45.0,NORMAL,Y,0.0,30.0,30.0,0.0,0.0,15,0.0,0.0,25,0.0,20,0.0,0.7999999999992724,0.0,N,,N,
06:08,WINDMACHIN,24969,284.15,-6.39,12.78,,75.8,73.3,NORMAL,Y,0.0,30.0,30.0,0.0,0.0,15,0.0,8.333408475167559,25,0.0,0.0,20,12.455089820359358,0.0,N,,N,
06:08,PFC,14299,394.95,-5.96,11.93,,30.0,95.0,NORMAL,Y,0.0,30.0,30.0,0.0,0.0,15,0.0,0.0,0.0,25,0.0,20,0.0,5.0,N,,N,
06:08,NLCINDIA,8585,290.2,-4.66,9.33,,75.0,48.3,NORMAL,Y,0.0,30.0,30.0,0.0,0.0,15,0.0,0.0,25,0.0,20,0.0,0.0,3.333333333333965,N,,N,
06:08,RECLTD,15355,351.95,-4.1,8.2,,30.0,97.7,NORMAL,Y,0.0,30.0,30.0,0.0,0.0,15,0.0,0.0,0.0,25,0.0,20,0.0,7.692307692307288,N,,N,
06:08,RGL,15129,118.49,-3.82,7.65,,66.1,65.0,NORMAL,N,0.0,30.0,30.0,0.0,0.0,15,0.0,0.0,25,0.0,0.0,20,11.111111111111814,0.0,N,,N,
06:08,OMNI,760865,558.7,-3.4,6.8,,81.9,45.0,NORMAL,N,0.0,30.0,30.0,0.0,0.0,15,0.0,0.0,25,0.0,20,0.0,6.857142857143117,0.0,N,,N,
06:08,CHALET,8546,836.0,-2.76,5.51,,56.1,62.6,NORMAL,N,0.0,27.56775619402122,30.0,0.0,0.0,15,0.0,0.0,25,0.0,0.0,20,1.1111111111099883,0.0,N,,N,
06:08,YATRA,18760,104.16,-2.68,5.36,,81.7,41.8,NORMAL,N,0.0,26.81491170699808,30.0,0.0,0.0,15,0.0,0.0,25,0.0,20,0.0,6.666666666666666,0.0,N,,N,
06:08,CHEMPLASTS,5449,178.72,-2.66,5.33,,73.9,61.6,NORMAL,N,0.0,26.632536354229153,30.0,0.0,0.0,15,0.0,0.0,25,0.0,0.0,20,18.947368421053575,0.0,N,,N,
06:08,AEGISLOG,40,1335.0,-2.63,5.25,,30.0,87.3,NORMAL,N,0.0,26.2582056892779,30.0,0.0,0.0,15,0.0,0.0,0.0,25,0.0,20,0.0,1.0526315789487541,N,,N,
06:08,GODREJCP,10099,1023.7,-2.5,5.01,,63.9,60.0,NORMAL,N,0.0,25.047619047619,30.0,0.0,0.0,15,0.0,0.0,25,0.0,0.0,20,8.888888888889076,0.0,N,,N,
06:08,PARAS,5911,1248.2,-2.26,4.53,,30.0,89.2,NORMAL,N,0.0,22.629394722417874,30.0,0.0,0.0,15,0.0,0.0,0.0,25,0.0,20,0.0,6.521739130434911,N,,N,
06:08,ZYDUSWELL,17635,522.35,-2.15,4.31,,82.1,52.6,NORMAL,N,0.0,21.541631544441323,30.0,0.0,0.0,15,0.0,7.121781746815746,25,0.0,20,0.0,0.0,8.888888888888609,N,,N,
06:08,HIKAL,9668,222.3,-2.13,4.26,,32.2,89.7,NORMAL,N,0.0,21.308444131372614,30.0,0.0,0.0,15,0.0,2.2096921007678003,0.0,25,0.0,20,0.0,6.153846153845901,N,,N,
06:08,SIS,21501,426.2,-2.01,4.02,,65.0,55.1,NORMAL,N,0.0,20.117254856880106,30.0,0.0,0.0,15,0.0,0.0,25,0.0,0.0,20,9.999999999998105,0.0,N,,N,
06:08,POWERMECH,10473,2455.5,-6.16,12.32,,43.9,92.0,NORMAL,Y,0.0,30.0,30.0,0.0,0.0,15,0.0,2.049289348531761,0.0,25,0.0,20,11.884057971014073,0.0,N,,N,
06:08,ABFRL,30108,60.01,-5.24,10.48,,83.1,45.4,NORMAL,N,0.0,30.0,30.0,0.0,0.0,15,0.0,0.4229562392497135,25,0.0,20,0.0,7.692307692307104,0.0,N,,N,
06:08,KIRLOSENG,20936,2080.3,-3.77,7.53,,30.0,90.0,NORMAL,N,0.0,30.0,30.0,0.0,0.0,15,0.0,0.0,0.0,25,0.0,20,0.0,0.0,N,,N,
06:08,LUPIN,10440,2277.2,-3.65,7.3,,59.1,65.0,NORMAL,N,0.0,30.0,30.0,0.0,0.0,15,0.0,0.0,25,0.0,0.0,20,4.137931034482001,0.0,N,,N,
06:08,INOXWIND,7852,75.45,-3.27,6.54,,83.3,45.0,NORMAL,N,0.0,30.0,30.0,0.0,0.0,15,0.0,0.0,25,0.0,20,0.0,8.333333333334222,0.0,N,,N,
06:08,TRENT,1964,3013.3,-3.02,6.04,,72.0,65.1,NORMAL,N,0.0,30.0,30.0,0.0,0.0,15,0.0,0.14724430599865376,25,0.0,0.0,20,16.818181818182712,0.0,N,,N,
06:08,MRPL,2283,163.7,-1.98,3.96,,55.0,54.8,NORMAL,N,0.0,19.819172504640456,30.0,0.0,0.0,15,0.0,0.0,25,0.0,0.0,20,0.0,0.0,N,,N,
06:08,VERANDA,8890,252.9,-1.96,3.92,,58.8,78.4,NORMAL,N,0.0,19.577437487885184,30.0,0.0,0.0,15,0.0,3.8270941676744767,25,0.0,0.0,20,0.0,20.0,N,,N,
06:08,BANKINDIA,4745,142.26,-1.89,3.78,,71.7,53.9,NORMAL,N,0.0,18.896551724137993,30.0,0.0,0.0,15,0.0,0.0,25,0.0,0.0,20,16.666666666666668,0.0,N,,N,
06:08,WIPL,20481,165.0,-1.81,3.63,,82.1,60.3,NORMAL,N,0.0,18.14936030943178,30.0,0.0,0.0,15,0.0,7.1428571428571415,25,0.0,0.0,20,20.0,0.0,N,,N,
06:08,BAJAJELEC,15034,364.95,-1.67,3.34,,69.5,51.7,NORMAL,N,0.0,16.704836319547322,30.0,0.0,0.0,15,0.0,0.0,25,0.0,0.0,20,14.545454545453417,0.0,N,,N,
06:08,SAMHI,18614,171.76,-1.65,3.31,,53.5,109.8,NORMAL,Y,0.0,16.54738047523627,30.0,0.0,0.0,15,0.0,23.488755064074983,0.0,25,0.0,20,0.0,9.81132075471769,N,,N,
06:08,MARKSANS,10579,269.35,-1.64,3.29,,30.5,84.2,NORMAL,N,0.0,16.432353478181483,30.0,0.0,0.0,15,0.0,0.5244468641324361,0.0,25,0.0,20,0.0,7.2727272727267085,N,,N,
06:08,SCI,3048,299.8,-1.62,3.25,,55.0,67.2,NORMAL,N,0.0,16.242821985233757,30.0,0.0,0.0,15,0.0,0.0,25,0.0,0.0,20,0.0,16.000000000001364,N,,N,
06:08,WINDLAS,5366,868.6,-1.61,3.23,,40.7,85.0,NORMAL,N,0.0,16.14090728889392,30.0,0.0,0.0,15,0.0,8.879110487136712,0.0,25,0.0,20,1.7857142857142785,0.0,N,,N,
06:08,MSTCLTD,9356,582.0,-1.56,3.13,,55.4,56.1,NORMAL,N,0.0,15.644820295983084,30.0,0.0,0.0,15,0.0,0.4226324873656223,25,0.0,0.0,20,0.0,5.079365079364827,N,,N,
06:08,FINPIPE,1041,161.91,-1.53,3.07,,62.0,50.3,NORMAL,N,0.0,15.325670498084355,30.0,0.0,0.0,15,0.0,0.0,25,0.0,0.0,20,6.956521739131832,0.0,N,,N,
06:08,PSPPROJECT,20877,948.25,-1.53,3.05,,95.0,30.3,NORMAL,N,0.0,15.265590113713115,30.0,0.0,0.0,15,0.0,0.0,25,0.0,20,0.0,20.0,0.0,N,,N,
06:08,GARFIBRES,1100,800.2,-1.43,2.87,,51.7,76.0,NORMAL,N,0.0,14.349941491654835,30.0,0.0,0.0,15,0.0,1.6803773626508287,0.0,25,0.0,20,20.0,0.0,N,,N,
06:08,J&KBANK,5633,156.98,-1.42,2.84,,87.4,29.2,NORMAL,N,0.0,14.192413966340236,30.0,0.0,0.0,15,0.0,0.0,25,0.0,20,0.0,12.380952380951477,0.0,N,,N,
06:08,SAPPHIRE,6718,221.2,-1.35,2.69,,78.9,28.5,NORMAL,N,0.0,13.468914459013515,30.0,0.0,0.0,15,0.0,0.0,25,0.0,20,0.0,3.9024390243895004,0.0,N,,N,
06:08,RITES,3761,231.12,-1.33,2.66,,55.0,66.2,NORMAL,N,0.0,13.31967213114756,30.0,0.0,0.0,15,0.0,0.0,25,0.0,0.0,20,0.0,17.894736842107154,N,,N,
06:08,GOCLCORP,3963,432.5,-1.31,2.62,,71.3,48.1,NORMAL,N,0.0,13.12036508841985,30.0,0.0,0.0,15,0.0,0.0,25,0.0,0.0,20,16.250000000000355,0.0,N,,N,
06:08,SBIN,3045,1083.0,-1.29,2.59,,37.5,72.9,NORMAL,N,0.0,12.942034269048527,30.0,0.0,0.0,15,0.0,0.0,0.0,25,0.0,20,7.499999999998224,0.0,N,,N,
06:08,WHIRLPOOL,18011,802.85,-1.27,2.53,,77.3,50.0,NORMAL,N,0.0,12.666789645206855,30.0,0.0,0.0,15,0.0,2.3223015771518885,25,0.0,0.0,20,20.0,0.0,N,,N,
06:08,IPCALAB,1633,1696.7,-2.25,4.51,,32.5,94.7,NORMAL,N,0.0,22.525636594077607,30.0,0.0,0.0,15,0.0,2.537136222508376,0.0,25,0.0,20,0.0,9.599999999999909,N,,N,
06:08,TREJHARA,7518,175.44,-1.25,2.5,,75.0,27.5,NORMAL,N,0.0,12.495778453225256,30.0,0.0,0.0,15,0.0,0.0,25,0.0,20,0.0,0.0,0.0,N,,N,
06:08,WSTCSTPAPR,3799,591.7,-1.24,2.47,,76.4,27.9,NORMAL,N,0.0,12.351861125020827,30.0,0.0,0.0,15,0.0,0.5729567906195119,25,0.0,20,0.0,0.8510638297874193,0.0,N,,N,
06:08,INDOCO,11677,219.0,-1.23,2.46,,30.0,76.9,NORMAL,N,0.0,12.312271681775087,30.0,0.0,0.0,15,0.0,0.0,0.0,25,0.0,20,0.0,4.583333333333999,N,,N,
06:08,TDPOWERSYS,25178,1245.4,-1.23,2.46,,40.6,79.2,NORMAL,N,0.0,12.292806725354906,30.0,0.0,0.0,15,0.0,6.868909844790178,0.0,25,0.0,20,3.7499999999999405,0.0,N,,N,
06:08,TTKPRESTIG,3546,608.5,-1.21,2.42,,74.5,47.4,NORMAL,N,0.0,12.095137592337112,30.0,0.0,0.0,15,0.0,0.3274210394284391,25,0.0,0.0,20,19.19999999999891,0.0,N,,N,
06:08,MATRIMONY,21726,475.0,-1.21,2.41,,75.0,47.1,NORMAL,N,0.0,12.063227953411007,30.0,0.0,0.0,15,0.0,0.0,25,0.0,0.0,20,20.0,0.0,N,,N,
06:08,HINDALCO,1363,1047.0,-1.19,2.38,,41.2,73.5,NORMAL,N,0.0,11.891279728199235,30.0,0.0,0.0,15,0.0,1.5940670300838689,0.0,25,0.0,20,9.577464788732774,0.0,N,,N,
06:08,PETRONET,11351,277.3,-1.18,2.35,,33.4,87.8,NORMAL,N,0.0,11.760513186029975,30.0,0.0,0.0,15,0.0,3.408784674767684,0.0,25,0.0,20,0.0,12.631578947367855,N,,N,
06:08,PATANJALI,17029,353.35,-1.16,2.32,,70.0,46.6,NORMAL,N,0.0,11.608391608391543,30.0,0.0,0.0,15,0.0,0.0,25,0.0,0.0,20,14.99999999999929,0.0,N,,N,
06:08,JAINREC,759244,304.85,-1.15,2.3,,57.3,62.9,NORMAL,N,0.0,11.511024643320216,30.0,0.0,0.0,15,0.0,2.3392871719299064,25,0.0,0.0,20,0.0,13.999999999998636,N,,N,
06:08,GAIL,4717,171.68,-1.12,2.25,,39.2,71.2,NORMAL,N,0.0,11.230778091343597,30.0,0.0,0.0,15,0.0,0.0,0.0,25,0.0,20,9.230769230769903,0.0,N,,N,
06:08,SANGAMIND,4184,605.0,-1.11,2.22,,30.0,71.1,NORMAL,N,0.0,11.114743380189532,30.0,0.0,0.0,15,0.0,0.0,0.0,25,0.0,20,0.0,0.0,N,,N,
06:08,EMSLIMITED,18593,400.0,-1.09,2.18,,66.1,45.9,NORMAL,N,0.0,10.880316518298658,30.0,0.0,0.0,15,0.0,0.0,25,0.0,0.0,20,11.111111111109988,0.0,N,,N,
06:08,TECHNOE,6445,1054.8,-1.07,2.15,,60.0,46.3,NORMAL,N,0.0,10.738569753810125,30.0,0.0,0.0,15,0.0,0.5325243145914903,25,0.0,0.0,20,4.500000000000455,0.0,N,,N,
06:08,BHARTIHEXA,23489,1507.0,-2.07,4.13,,50.0,77.5,NORMAL,N,0.0,20.665453600207925,30.0,0.0,0.0,15,0.0,0.0,0.0,25,20,0.0,0.0,16.842105263158334,N,,N,
06:08,UBL,16713,1385.5,-1.06,2.11,,59.4,45.7,NORMAL,N,0.0,10.569163750624835,30.0,0.0,0.0,15,0.0,0.10403879223887844,25,0.0,0.0,20,4.285714285713357,0.0,N,,N,
06:08,KFINTECH,13359,926.15,-1.05,2.1,,82.6,25.5,NORMAL,N,0.0,10.5235042735043,30.0,0.0,0.0,15,0.0,0.0,25,0.0,20,0.0,7.64705882352894,0.0,N,,N,
06:08,YUKEN,5501,792.0,-1.01,2.01,,55.0,45.1,NORMAL,N,0.0,10.061871133054128,30.0,0.0,0.0,15,0.0,0.0,25,0.0,0.0,20,0.0,0.0,N,,N,
06:08,CANBK,10794,130.65,-0.99,1.97,,74.9,46.6,NORMAL,N,0.0,9.852216748768344,29.556650246305033,0.0,0.0,15,0.0,1.7922304107250313,25,0.0,0.0,20,18.57142857142973,0.0,N,,N,
06:08,EIDPARRY,916,797.2,-0.98,1.96,,74.4,29.3,NORMAL,N,0.0,9.812445658924329,29.437336976772986,0.0,0.0,15,0.0,0.0,25,0.0,20,0.0,0.0,4.444444444443041,N,,N,
06:08,PNB,10666,113.7,-0.97,1.93,,78.2,50.0,NORMAL,N,0.0,9.668147373922128,29.004442121766385,0.0,0.0,15,0.0,5.297796492894595,25,0.0,0.0,20,18.94736842105283,0.0,N,,N,
06:08,APTUS,5435,258.2,-0.94,1.88,,53.2,57.7,NORMAL,N,0.0,9.399577978131552,28.19873393439465,0.0,0.0,15,0.0,0.0,25,0.0,0.0,20,0.0,13.333333333330808,N,,N,
06:08,RVNL,9552,231.25,-0.91,1.83,,67.9,45.2,NORMAL,N,0.0,9.126746079355538,27.380238238066614,0.0,0.0,15,0.0,1.0638056050865137,25,0.0,0.0,20,14.41860465116362,0.0,N,,N,
06:08,HDFCLIFE,467,535.2,-0.89,1.78,,98.0,35.2,NORMAL,Y,0.0,8.888888888888804,26.666666666666412,0.0,0.0,15,0.0,11.329762860733554,25,0.0,20,0.0,14.999999999999483,0.0,N,,N,
06:08,TATACAP,759265,367.1,-0.86,1.73,,85.9,23.6,NORMAL,N,0.0,8.64164191196324,25.924925735889726,0.0,0.0,15,0.0,0.0,25,0.0,20,0.0,14.999999999998579,0.0,N,,N,
06:08,HDBFS,757772,659.95,-0.86,1.71,,55.3,43.6,NORMAL,N,0.0,8.563058664463204,25.689175993389618,0.0,0.0,15,0.0,0.0,25,0.0,0.0,20,4.615384615384077,0.0,N,,N,
06:08,GRANULES,11872,866.5,-0.84,1.68,,30.9,68.4,NORMAL,N,0.0,8.41105452880932,25.233163586427956,0.0,0.0,15,0.0,0.0,0.0,25,0.0,20,5.714285714285095,0.0,N,,N,
06:08,TCIEXP,19223,549.95,-0.84,1.68,,74.6,23.4,NORMAL,N,0.0,8.384421204471648,25.153263613414946,0.0,0.0,15,0.0,0.0,25,0.0,20,0.0,4.444444444444024,0.0,N,,N,
06:08,SYNGENE,10243,400.35,-0.83,1.66,,75.9,23.3,NORMAL,N,0.0,8.29824126826843,24.894723804805295,0.0,0.0,15,0.0,0.0,25,0.0,20,0.0,5.9999999999990905,0.0,N,,N,
06:08,MARICO,4067,854.95,-0.82,1.64,,55.4,44.5,NORMAL,N,0.0,8.178654292343333,24.535962877030002,0.0,0.0,15,0.0,1.2851042087782538,25,0.0,0.0,20,4.61538461538327,0.0,N,,N,
06:08,SBFC,18026,92.55,-1.8,3.61,,88.4,67.9,NORMAL,N,0.0,18.03713527851462,30.0,0.0,0.0,15,0.0,14.82224771696495,25,0.0,0.0,20,18.571428571428658,0.0,N,,N,
06:08,SBICARD,17971,653.75,-0.8,1.59,,66.3,46.3,NORMAL,N,0.0,7.966616084977238,23.899848254931715,0.0,0.0,15,0.0,3.3589066354947947,25,0.0,0.0,20,13.999999999999773,0.0,N,,N,
06:08,ITC,1660,283.85,-0.79,1.57,,48.6,62.9,NORMAL,N,0.0,7.864383082838168,23.593149248514504,0.0,0.0,15,0.0,0.0,25,0.0,0.0,20,0.0,20.0,N,,N,
06:08,LOTUSEYE,16807,117.9,-0.77,1.55,,68.2,42.7,NORMAL,N,0.0,7.742804241710045,23.228412725130134,0.0,0.0,15,0.0,0.0,25,0.0,20,0.0,0.0,20.0,N,,N,
06:08,RAMKY,20134,403.7,-0.77,1.55,,48.2,42.7,NORMAL,N,0.0,7.742411208062022,23.227233624186066,0.0,0.0,15,0.0,0.0,25,0.0,0.0,20,0.0,0.0,N,,N,
06:08,MGL,17534,1130.8,-0.77,1.54,,48.2,60.3,NORMAL,N,0.0,7.722007722007682,23.166023166023045,0.0,0.0,15,0.0,0.0,25,0.0,0.0,20,0.0,17.599999999998545,N,,N,
06:08,ICICIPRULI,18652,497.2,-0.77,1.54,,81.0,22.7,NORMAL,N,0.0,7.683863885839782,23.051591657519342,0.0,0.0,15,0.0,0.0,25,0.0,20,0.0,12.941176470589022,0.0,N,,N,
06:08,GODREJIND,10925,1302.0,-0.72,1.45,,66.7,23.7,NORMAL,N,0.0,7.243614182234084,21.730842546702252,0.0,0.0,15,0.0,0.0,25,0.0,20,0.0,0.0,1.4285714285700366,N,,N,
06:08,VOLTAS,3718,1275.7,-0.72,1.45,,46.7,52.2,NORMAL,N,0.0,7.237354085603077,21.712062256809233,0.0,0.0,15,0.0,0.0,25,0.0,0.0,20,0.0,9.999999999998737,N,,N,
06:08,LLOYDSME,17313,2065.0,-1.72,3.45,,41.5,77.2,NORMAL,N,0.0,17.22825052351029,30.0,0.0,0.0,15,0.0,0.0,0.0,25,0.0,20,11.499999999998636,0.0,N,,Y,NONRESULTS
06:08,CROMPTON,17094,248.15,-0.72,1.44,,62.2,42.2,NORMAL,N,0.0,7.201440288057543,21.60432086417263,0.0,0.0,15,0.0,0.0,25,0.0,0.0,20,15.555555555555696,0.0,N,,N,
06:08,GREAVESCOT,1235,197.42,-0.72,1.44,,50.1,43.4,NORMAL,N,0.0,7.19135026401814,21.57405079205442,0.0,0.0,15,0.0,1.2174477981420986,25,0.0,0.0,20,2.2784810126583372,0.0,N,,N,
06:08,NYKAA,6545,329.65,-0.71,1.42,,61.2,42.1,NORMAL,N,0.0,7.078313253012116,21.234939759036347,0.0,0.0,15,0.0,0.0,25,0.0,0.0,20,14.999999999998579,0.0,N,,N,
06:08,POWERGRID,14977,269.7,-0.7,1.4,,63.1,42.0,NORMAL,N,0.0,6.995581737849904,20.986745213549714,0.0,0.0,15,0.0,0.0,25,0.0,0.0,20,17.142857142856677,0.0,N,,N,
06:08,BIOCON,11373,423.4,-0.69,1.38,,28.8,66.9,NORMAL,N,0.0,6.919197842148575,20.757593526445728,0.0,0.0,15,0.0,0.0,0.0,25,0.0,20,7.9999999999972715,0.0,N,,N,
06:08,ELGIEQUIP,937,584.4,-0.69,1.38,,49.4,65.7,NORMAL,N,0.0,6.882487891919564,20.647463675758694,0.0,0.0,15,0.0,3.7686969038706852,25,0.0,0.0,20,0.0,20.0,N,,N,
06:08,NITTAGELA,762824,1693.9,-1.68,3.37,,34.6,100.5,NORMAL,N,0.0,16.832085437344013,30.0,0.0,0.0,15,0.0,4.5762597999223775,0.0,25,0.0,20,0.0,19.090909090909935,N,,N,
06:08,ABMKNO,762528,185.0,-0.65,1.3,,39.5,46.5,NORMAL,N,0.0,6.498039847484066,19.4941195424522,0.0,0.0,15,0.0,0.0,0.0,25,20,0.0,0.0,0.0,N,,N,
06:08,IOC,1624,142.45,-0.65,1.3,,83.7,27.7,NORMAL,N,0.0,6.486260287348353,19.45878086204506,0.0,0.0,15,0.0,6.184207890630059,25,0.0,20,0.0,13.04347826087064,0.0,N,,N,
06:08,SHARDACROP,4992,808.8,-0.64,1.29,,64.3,21.4,NORMAL,N,0.0,6.449235304956699,19.347705914870097,0.0,0.0,15,0.0,0.0,25,0.0,20,0.0,0.0,0.0,N,,N,
06:08,CAMPUS,9362,222.94,-0.64,1.27,,81.0,21.4,NORMAL,N,0.0,6.373401078575596,19.12020323572679,0.0,0.0,15,0.0,0.0,25,0.0,20,0.0,16.923076923077428,0.0,N,,N,
06:08,ZODIACLOTH,3821,76.36,-1.64,3.27,,55.0,51.4,NORMAL,N,0.0,16.359654772639395,30.0,0.0,0.0,15,0.0,0.0,25,0.0,0.0,20,0.0,0.0,N,,N,
06:08,SHARDAMOTR,10530,935.45,-0.62,1.24,,53.6,41.2,NORMAL,N,0.0,6.214809306278455,18.644427918835365,0.0,0.0,15,0.0,0.0,25,0.0,0.0,20,10.0,0.0,N,,N,
06:08,VAIBHAVGBL,11364,241.45,-0.62,1.23,,72.1,21.2,NORMAL,N,0.0,6.174109899156205,18.522329697468614,0.0,0.0,15,0.0,0.0,25,0.0,20,0.0,8.571428571429035,0.0,N,,N,
06:08,KIMS,4847,806.1,-0.62,1.23,,43.2,75.3,NORMAL,N,0.0,6.164468006411046,18.49340401923314,0.0,0.0,15,0.0,9.100100902240838,0.0,25,0.0,20,15.619047619047706,0.0,N,,N,
06:08,COALINDIA,20374,412.7,-0.61,1.23,,61.4,41.6,NORMAL,N,0.0,6.140878988561136,18.42263696568341,0.0,0.0,15,0.0,0.4602906123095861,25,0.0,0.0,20,17.499999999999645,0.0,N,,N,
06:08,ANGELONE,324,290.25,-0.6,1.2,,83.7,29.5,NORMAL,N,0.0,5.993150684931506,17.979452054794518,0.0,0.0,15,0.0,8.503273074024383,25,0.0,20,0.0,12.222222222222399,0.0,N,,N,
06:08,TITAGARH,15414,842.4,-0.6,1.19,,67.5,21.0,NORMAL,N,0.0,5.959053631482764,17.87716089444829,0.0,0.0,15,0.0,0.0,25,0.0,20,0.0,4.615384615384077,0.0,N,,N,
06:08,MFSL,2142,1488.5,-0.59,1.19,,81.8,20.9,NORMAL,N,0.0,5.943635635100901,17.830906905302705,0.0,0.0,15,0.0,0.0,25,0.0,20,0.0,19.00000000000091,0.0,N,,N,
06:08,FSL,14304,278.2,-0.59,1.18,,62.7,37.7,NORMAL,N,0.0,5.896015722708715,17.688047168126147,0.0,0.0,15,0.0,0.0,25,0.0,20,0.0,0.0,16.800000000000182,N,,N,
06:08,GUJGASLTD,10599,263.75,-0.58,1.17,,42.5,40.8,NORMAL,N,0.0,5.842442517904302,17.527327553712905,0.0,0.0,15,0.0,0.0,25,0.0,0.0,20,0.0,0.0,N,,N,
06:08,ROSSARI,19410,511.0,-0.57,1.15,,63.4,25.6,NORMAL,N,0.0,5.73985796283694,17.21957388851082,0.0,0.0,15,0.0,1.187108172614435,25,0.0,20,0.0,0.0,3.6363636363635425,N,,N,
06:08,ADANIGREEN,3563,1364.7,-0.56,1.12,,48.2,40.6,NORMAL,N,0.0,5.610609151850805,16.831827455552414,0.0,0.0,15,0.0,0.0,25,0.0,0.0,20,6.399999999999636,0.0,N,,N,
06:08,IREDA,20261,119.13,-0.56,1.12,,66.8,20.6,NORMAL,N,0.0,5.592654424040082,16.777963272120243,0.0,0.0,15,0.0,0.0,25,0.0,20,0.0,5.0,0.0,N,,N,
06:08,DEVYANI,5373,134.0,-0.54,1.08,,79.4,20.9,NORMAL,N,0.0,5.418243895197728,16.254731685593182,0.0,0.0,15,0.0,0.5025822171652952,25,0.0,20,0.0,17.634408602150263,0.0,N,,N,
06:08,NTPC,11630,340.65,-0.54,1.08,,32.2,65.4,NORMAL,N,0.0,5.401459854014665,16.204379562043997,0.0,0.0,15,0.0,0.0,0.0,25,0.0,20,15.99999999999909,0.0,N,,N,
06:08,TEXRAIL,21828,108.2,-0.53,1.07,,45.5,45.3,NORMAL,N,0.0,5.3318624747196015,15.995587424158806,0.0,0.0,15,0.0,0.0,0.0,25,20,0.0,9.473684210525292,0.0,N,,N,
06:08,SURYAROSNI,3375,251.01,-0.53,1.06,,26.7,96.1,NORMAL,N,0.0,5.310085199128208,15.930255597384624,0.0,0.0,15,0.0,10.743365504250455,0.0,25,0.0,20,0.0,20.0,N,,N,
06:08,BPCL,526,319.3,-0.53,1.06,,87.5,30.5,NORMAL,N,0.0,5.2959501557632045,15.887850467289612,0.0,0.0,15,0.0,10.209955895869308,25,0.0,20,0.0,16.36363636363646,0.0,N,,N,
06:08,LICHSGFIN,1997,501.6,-0.53,1.05,,40.8,46.4,NORMAL,N,0.0,5.2553296975706045,15.765989092711813,0.0,0.0,15,0.0,0.0,25,0.0,0.0,20,0.0,6.15384615384575,N,,N,
06:08,VISHNU,6908,583.6,-0.51,1.02,,60.3,40.1,NORMAL,N,0.0,5.114217524718718,15.342652574156155,0.0,0.0,15,0.0,0.0,25,0.0,20,0.0,0.0,20.0,N,,N,
06:08,GPIL,13409,239.42,-0.49,0.99,,77.2,24.3,NORMAL,N,0.0,4.945762852749371,14.83728855824811,0.0,0.0,15,0.0,4.4038924848582335,25,0.0,20,0.0,12.96296296296347,0.0,N,,N,
06:08,QUICKHEAL,13131,154.26,-0.49,0.98,,14.7,64.9,NORMAL,N,0.0,4.902593213778991,14.707779641336973,0.0,0.0,15,0.0,0.0,0.0,25,0.0,20,0.0,0.0,N,,N,
06:08,FDC,4898,368.0,-0.49,0.97,,76.3,19.9,NORMAL,N,0.0,4.86749594375341,14.602487831260232,0.0,0.0,15,0.0,0.0,25,0.0,20,0.0,16.666666666666035,0.0,N,,N,
06:08,UNIONBANK,10753,182.73,-0.47,0.95,,51.2,39.7,NORMAL,N,0.0,4.738562091503293,14.215686274509878,0.0,0.0,15,0.0,0.0,25,0.0,0.0,20,11.999999999999025,0.0,N,,N,
06:09,BDL,2144,1288.0,-0.46,0.93,,58.9,26.3,NORMAL,N,0.0,4.636785162287481,13.910355486862441,0.0,0.0,15,0.0,0.0,25,0.0,20,0.0,0.0,6.66666666666835,N,,N,
06:09,POONAWALLA,11403,477.85,-0.46,0.92,,58.7,21.9,NORMAL,N,0.0,4.582855952504923,13.74856785751477,0.0,0.0,15,0.0,0.0,25,0.0,20,0.0,0.0,2.3529411764712176,N,,N,
06:09,TATAINVEST,1621,690.55,-0.45,0.89,,72.7,19.5,NORMAL,N,0.0,4.469112664888666,13.407337994665998,0.0,0.0,15,0.0,0.0,25,0.0,20,0.0,14.285714285714903,0.0,N,,N,
06:09,MASFIN,199,300.8,-0.45,0.89,,40.3,39.5,NORMAL,N,0.0,4.467979480390422,13.403938441171267,0.0,0.0,15,0.0,0.0,25,0.0,0.0,20,1.9047619047623172,0.0,N,,N,
06:09,CONCOR,4749,502.95,-0.45,0.89,,48.5,48.2,NORMAL,N,0.0,4.453681710213776,13.36104513064133,0.0,0.0,15,0.0,8.753742479241298,25,0.0,0.0,20,1.4285714285717765,0.0,N,,N,
06:09,WIPRO,3787,186.71,-0.44,0.87,,52.4,39.4,NORMAL,N,0.0,4.372633711939386,13.11790113581816,0.0,0.0,15,0.0,0.0,25,0.0,0.0,20,14.285714285716027,0.0,N,,N,
06:09,GMRAIRPORT,13528,106.75,-0.42,0.84,,73.0,19.2,NORMAL,N,0.0,4.1977611940298765,12.59328358208963,0.0,0.0,15,0.0,0.0,25,0.0,20,0.0,15.384615384615048,0.0,Y,NONRESULTS,N,
06:09,KRBL,10577,377.1,-0.41,0.82,,37.3,59.1,NORMAL,N,0.0,4.093490030370935,12.280470091112804,0.0,0.0,15,0.0,0.0,25,0.0,0.0,20,0.0,20.0,N,,N,
06:09,TATAPOWER,3426,379.0,-0.41,0.81,,33.9,71.0,NORMAL,N,0.0,4.0730521613454505,12.219156484036352,0.0,0.0,15,0.0,6.906078858307345,0.0,25,0.0,20,14.814814814814564,0.0,N,,N,
06:09,TVSSCS,18151,133.25,-0.4,0.81,,42.8,40.4,NORMAL,N,0.0,4.036176096868167,12.1085282906045,0.0,0.0,15,0.0,1.3933250949542992,25,0.0,0.0,20,4.31372549019645,0.0,N,,N,
06:09,FEDERALBNK,1023,354.85,-0.39,0.79,,43.2,39.6,NORMAL,N,0.0,3.929824561403445,11.789473684210336,0.0,0.0,15,0.0,0.7158474766064048,25,0.0,0.0,20,5.714285714283394,0.0,N,,N,
06:09,SYMPHONY,24190,651.5,-0.39,0.78,,56.7,22.2,NORMAL,N,0.0,3.89878449659805,11.69635348979415,0.0,0.0,15,0.0,0.0,25,0.0,20,0.0,0.0,3.333333333332702,N,,N,
06:09,DRREDDY,881,1167.6,-0.38,0.75,,39.8,42.3,NORMAL,N,0.0,3.7542662116041727,11.262798634812519,0.0,0.0,15,0.0,3.5230001840127203,25,0.0,0.0,20,0.0,0.0,N,,N,
06:09,JKPAPER,11860,385.6,-0.37,0.75,,28.0,65.9,NORMAL,N,0.0,3.7462860095594586,11.238858028678376,0.0,0.0,15,0.0,2.1171420869093174,0.0,25,0.0,20,14.594594594594493,0.0,N,,N,
06:09,RELIANCE,2885,1329.8,-0.37,0.75,,82.2,27.3,NORMAL,N,0.0,3.745879532514235,11.237638597542704,0.0,0.0,15,0.0,8.55290277635562,25,0.0,20,0.0,17.435897435897346,0.0,N,,N,
06:09,PVRINOX,13147,1152.0,-0.35,0.69,,35.4,39.3,NORMAL,N,0.0,3.460207612456748,10.380622837370243,0.0,0.0,15,0.0,0.0,25,0.0,0.0,20,0.0,0.8000000000010914,N,,N,
06:09,SANDHAR,2397,664.35,-0.35,0.69,,50.0,39.0,NORMAL,N,0.0,3.4500862521562357,10.350258756468708,0.0,0.0,15,0.0,0.5594205459179349,25,0.0,0.0,20,14.074074074074012,0.0,N,,N,
06:09,ASTRAL,14418,1439.1,-0.34,0.68,,71.6,18.4,NORMAL,N,0.0,3.3933518005540795,10.180055401662239,0.0,0.0,15,0.0,0.007443350069322572,25,0.0,20,0.0,16.428571428570034,0.0,N,,N,
06:09,KOTAKBANK,1922,389.5,-0.32,0.64,,69.6,18.2,NORMAL,N,0.0,3.198976327575176,9.596928982725528,0.0,0.0,15,0.0,0.0,25,0.0,20,0.0,14.99999999999929,0.0,N,,N,
06:09,KARURVYSYA,1838,334.5,-0.31,0.63,,34.4,43.1,NORMAL,N,0.0,3.1291908806437534,9.38757264193126,0.0,0.0,15,0.0,0.0,25,0.0,0.0,20,0.0,5.0,N,,N,
06:09,GICRE,277,356.1,-0.31,0.62,,34.2,46.1,NORMAL,N,0.0,3.0795072788352904,9.238521836505871,0.0,0.0,15,0.0,0.0,25,0.0,0.0,20,0.0,8.000000000001819,N,,N,
06:09,SOUTHWEST,9678,231.35,-0.31,0.61,,54.2,18.1,NORMAL,N,0.0,3.0595535637335516,9.178660691200655,0.0,0.0,15,0.0,0.0,25,0.0,20,0.0,0.0,0.0,N,,N,
06:09,TOKYOPLAST,9710,80.0,-1.23,2.47,,62.1,34.5,NORMAL,N,0.0,12.345679012345677,30.0,0.0,0.0,15,0.0,7.1428571428571415,25,0.0,0.0,0.0,0.0,0.0,N,,N,
06:09,RAINBOW,9408,1540.4,-1.05,2.09,,55.0,54.9,NORMAL,N,0.0,10.470867861501864,30.0,0.0,0.0,15,0.0,0.0,25,0.0,0.0,20,0.0,9.473684210524427,N,,N,
06:09,WOCKPHARMA,7506,2000.0,-1.04,2.08,,53.0,96.5,NORMAL,N,0.0,10.390895596239487,30.0,0.0,0.0,15,0.0,23.04620922261373,0.0,25,0.0,20,0.0,3.0188679245283385,N,,N,
06:09,ADANIPORTS,15083,1677.2,-0.96,1.93,,63.3,44.6,NORMAL,N,0.0,9.62503690581633,28.87511071744899,0.0,0.0,15,0.0,0.0,25,0.0,0.0,20,9.47368421052682,0.0,N,,N,
06:09,ADANIENT,25,2993.5,-0.88,1.75,,64.7,43.8,NORMAL,N,0.0,8.774834437086092,26.32450331125828,0.0,0.0,15,0.0,0.0,25,0.0,0.0,20,13.33333333333411,0.0,N,,N,
06:09,SUPREMEIND,3363,3448.1,-0.83,1.66,,87.5,24.8,NORMAL,N,0.0,8.311763014092634,24.935289042277905,0.0,0.0,15,0.0,1.4803243903656618,25,0.0,20,0.0,16.060606060605455,0.0,N,,N,
06:09,JAGRAN,13211,62.95,-0.8,1.61,,24.1,71.4,NORMAL,N,0.0,8.03655846202329,24.10967538606987,0.0,0.0,15,0.0,0.0,0.0,25,0.0,20,0.0,3.3333333333339255,N,,N,
06:09,ZFCVINDIA,16915,2616.3,-0.79,1.59,,81.0,27.5,NORMAL,N,0.0,7.925072046109373,23.775216138328123,0.0,0.0,15,0.0,4.6132626977290725,25,0.0,20,0.0,7.619047619048032,0.0,N,,N,
06:09,BAJAJHFL,25270,85.14,-0.76,1.52,,51.7,42.6,NORMAL,N,0.0,7.576640634106605,22.729921902319816,0.0,0.0,15,0.0,0.0,25,0.0,0.0,20,4.000000000001137,0.0,N,,N,
06:09,BHARTIARTL,10604,1945.3,-0.74,1.49,,67.3,24.4,NORMAL,N,0.0,7.449359661207275,22.34807898362182,0.0,0.0,15,0.0,0.0,25,0.0,20,0.0,0.0,2.0000000000004547,N,,N,
06:09,SRF,3273,2597.1,-0.68,1.37,,50.5,41.8,NORMAL,N,0.0,6.845124282982827,20.53537284894848,0.0,0.0,15,0.0,0.0,25,0.0,0.0,20,5.000000000001421,0.0,N,,N,
06:09,COLPAL,15141,2018.8,-0.55,1.1,,24.6,67.4,NORMAL,N,0.0,5.517241379310367,16.5517241379311,0.0,0.0,15,0.0,1.8349904592528232,0.0,25,0.0,20,6.206896551723002,0.0,N,,N,
06:09,WABAG,20188,1947.0,-0.55,1.09,,74.0,20.5,NORMAL,N,0.0,5.465597384686135,16.396792154058407,0.0,0.0,15,0.0,0.0,25,0.0,20,0.0,12.57142857142883,0.0,N,,N,
06:09,MASTEK,2124,1822.1,-0.54,1.08,,16.2,75.4,NORMAL,N,0.0,5.403930131004418,16.211790393013253,0.0,0.0,15,0.0,0.0,0.0,25,0.0,20,0.0,10.0,N,,N,
06:09,MANKIND,15380,2443.0,-0.53,1.06,,60.9,40.3,NORMAL,N,0.0,5.293159609120521,15.879478827361563,0.0,0.0,15,0.0,0.0,25,0.0,0.0,20,20.0,0.0,N,,N,
06:09,ADANIENSOL,10217,1621.5,-0.53,1.06,,57.3,40.3,NORMAL,N,0.0,5.2757499539904975,15.827249861971492,0.0,0.0,15,0.0,0.0,25,0.0,0.0,20,16.5217391304359,0.0,N,,N,
06:09,NESTLEIND,17963,1531.9,-0.53,1.05,,22.8,65.9,NORMAL,N,0.0,5.2597402597402,15.7792207792206,0.0,0.0,15,0.0,0.6652019997318372,0.0,25,0.0,20,6.315789473682951,0.0,N,,N,
06:09,IDBI,1476,83.81,-0.49,0.97,,39.6,44.9,NORMAL,N,0.0,4.868202327238144,14.604606981714435,0.0,0.0,15,0.0,0.0,25,0.0,0.0,20,0.0,5.000000000003553,N,,N,
06:09,LGEINDIA,760213,1578.9,-0.48,0.96,,63.5,19.8,NORMAL,N,0.0,4.790419161676589,14.37125748502977,0.0,0.0,15,0.0,0.0,25,0.0,20,0.0,4.166666666666903,0.0,N,,N,
06:09,DOMS,20551,2250.1,-0.46,0.93,,38.9,45.5,NORMAL,N,0.0,4.644784570468017,13.934353711404052,0.0,0.0,15,0.0,0.0,25,0.0,0.0,20,0.0,5.8823529411771,N,,N,
06:09,COCHINSHIP,21508,1513.4,-0.41,0.83,,37.4,41.3,NORMAL,N,0.0,4.145555043758606,12.43666513127582,0.0,0.0,15,0.0,0.0,25,0.0,0.0,20,0.0,2.142857142856853,N,,N,
06:09,ZEEL,3812,93.8,-0.41,0.83,,59.1,75.5,NORMAL,N,0.0,4.140566939165523,12.421700817496568,0.0,0.0,15,0.0,21.653156171879655,25,0.0,0.0,20,0.0,14.66666666666673,N,,N,
06:09,LLOYDSENGG,17801,96.5,-0.39,0.78,,21.0,74.8,NORMAL,N,0.0,3.9223781998348004,11.767134599504402,0.0,0.0,15,0.0,9.23204153464701,0.0,25,0.0,20,0.0,1.6666666666663212,N,,N,
06:09,SJVN,18883,67.75,-0.31,0.62,,74.3,18.1,NORMAL,N,0.0,3.090052972336577,9.27015891700973,0.0,0.0,15,0.0,0.0,25,0.0,20,0.0,20.0,0.0,N,,N,
06:09,SHILPAMED,17752,796.6,4.85,9.7,,122.4,7.2,NORMAL,Y,30.0,0.0,30.0,0.0,15,0.0,0.0,2.418678157682874,25,0.0,20,0.0,0.0,4.742268041236997,N,,N,
06:09,PINELABS,759820,161.87,4.81,9.62,,134.3,28.2,NORMAL,Y,30.0,0.0,30.0,0.0,15,0.0,0.0,14.27399547604177,25,0.0,20,0.0,0.0,13.906249999999773,N,,N,
06:09,RAMCOCEM,2043,969.0,3.77,7.54,,110.0,20.0,NORMAL,Y,30.0,0.0,30.0,0.0,15,0.0,0.0,0.0,25,0.0,0.0,20,10.000000000000366,0.0,N,,N,
06:09,NAUKRI,13751,1270.8,3.71,7.43,,122.3,10.8,NORMAL,Y,30.0,0.0,30.0,0.0,15,0.0,0.0,2.255634922597723,25,0.0,20,0.0,0.0,8.57142857142888,N,,N,
06:09,FINCABLES,1038,1062.05,3.65,7.3,,120.0,6.7,NORMAL,N,30.0,0.0,30.0,0.0,15,0.0,0.0,0.0,25,0.0,20,0.0,0.0,6.666666666667629,N,,N,
06:21,ZENITHEXPO,4176,231.0,6.69,13.39,,100.0,20.0,NORMAL,Y,30.0,0.0,30.0,0.0,15,0.0,0.0,0.0,25,0.0,0.0,20,0.0,0.0,N,,N,
06:21,HISARMETAL,19322,162.11,6.64,13.27,,100.0,20.0,NORMAL,Y,30.0,0.0,30.0,0.0,15,0.0,0.0,0.0,25,0.0,0.0,20,0.0,0.0,Y,NONRESULTS,N,
06:21,PDSL,5264,384.1,6.15,12.3,,122.9,0.0,NORMAL,Y,30.0,0.0,30.0,0.0,15,0.0,0.0,0.0,25,0.0,20,0.0,2.857142857142625,0.0,Y,NONRESULTS,N,
06:21,TRIVENI,13081,246.55,5.72,11.43,,120.0,17.4,NORMAL,N,30.0,0.0,30.0,0.0,15,0.0,0.0,0.0,25,0.0,20,0.0,0.0,17.391304347825873,N,,N,
06:21,HCG,15555,710.25,5.09,10.18,,120.0,2.9,NORMAL,Y,30.0,0.0,30.0,0.0,15,0.0,0.0,0.0,25,0.0,20,0.0,0.0,2.8571428571433213,N,,N,
06:21,RAMCOSYS,7851,669.75,4.99,9.99,,120.0,0.0,NORMAL,N,30.0,0.0,30.0,0.0,15,0.0,0.0,0.0,25,0.0,20,0.0,0.0,0.0,N,,N,
06:21,SHILPAMED,17752,796.0,4.77,9.54,,135.6,0.0,NORMAL,Y,30.0,0.0,30.0,0.0,15,0.0,0.0,0.0,25,0.0,20,0.0,15.555555555554433,0.0,N,,N,
06:21,BRIGADE,15184,606.5,4.22,8.44,,128.9,10.3,NORMAL,Y,30.0,0.0,30.0,0.0,15,0.0,0.0,8.86594817444513,25,0.0,20,0.0,0.0,1.4814814814819184,N,,N,
06:21,EBGNG,757862,547.4,4.14,8.28,,125.6,6.6,NORMAL,N,30.0,0.0,30.0,0.0,15,0.0,0.0,5.631602180115222,25,0.0,20,0.0,0.0,0.9756097560977504,N,,N,
06:21,NAUKRI,13751,1275.0,4.06,8.11,,120.9,10.0,NORMAL,Y,30.0,0.0,30.0,0.0,15,0.0,0.0,0.871866027972195,25,0.0,20,0.0,0.0,9.090909090909843,N,,N,
06:21,PINELABS,759820,160.61,4.0,7.99,,133.4,6.5,NORMAL,N,30.0,0.0,30.0,0.0,15,0.0,0.0,6.5147620315820305,25,0.0,20,0.0,6.875000000000111,0.0,N,,N,
06:21,MAXESTATES,19646,411.95,3.74,7.48,,120.0,0.0,NORMAL,N,30.0,0.0,30.0,0.0,15,0.0,0.0,0.0,25,0.0,20,0.0,0.0,0.0,N,,N,
06:21,RAMCOCEM,2043,968.3,3.69,7.39,,100.0,29.7,NORMAL,N,30.0,0.0,30.0,0.0,15,0.0,0.0,0.0,25,0.0,0.0,20,0.0,9.729729729729364,N,,N,
06:22,HFCL,21951,215.45,3.59,7.18,,120.0,12.3,NORMAL,N,30.0,0.0,30.0,0.0,15,0.0,0.0,0.0,25,0.0,20,0.0,0.0,12.307692307692308,N,,N,
06:22,MAHSEAMLES,2088,610.0,3.44,6.88,,129.5,0.0,NORMAL,N,30.0,0.0,30.0,0.0,15,0.0,0.0,0.0,25,0.0,20,0.0,9.523809523808906,0.0,N,,N,
06:22,RHIM,31163,427.0,3.44,6.88,,128.2,18.9,NORMAL,Y,30.0,0.0,30.0,0.0,15,0.0,0.0,8.245343085660203,25,0.0,20,0.0,0.0,10.66666666666606,N,,N,
06:22,FINCABLES,1038,1056.8,3.14,6.28,,121.5,32.2,NORMAL,N,30.0,0.0,30.0,0.0,15,0.0,0.0,7.231849005744823,0.0,25,20,0.0,19.24528301886692,0.0,N,,N,
06:22,NELCO,2388,988.5,3.09,6.17,,100.0,40.0,NORMAL,N,30.0,0.0,30.0,0.0,15,0.0,0.0,0.0,25,0.0,0.0,20,0.0,20.0,N,,N,
06:22,KSB,1949,806.75,2.87,5.74,,127.0,3.7,NORMAL,N,28.689831048772714,0.0,30.0,0.0,15,0.0,0.0,3.6546810324240564,25,0.0,20,0.0,4.615384615384077,0.0,N,,N,
06:22,SUPRAJIT,11689,536.55,2.83,5.65,,73.3,45.0,NORMAL,N,28.267535454197017,0.0,30.0,0.0,15,0.0,0.0,0.0,0.0,25,0.0,20,0.0,0.0,N,,N,
06:22,IONEXCHANG,1630,382.0,2.8,5.6,,98.0,30.0,NORMAL,N,27.98708288482233,0.0,30.0,0.0,15,0.0,0.0,0.0,25,0.0,0.0,20,0.0,9.999999999998579,N,,Y,NONRESULTS
06:22,OIL,17438,455.05,2.77,5.53,,118.9,20.1,NORMAL,N,27.66485998193315,0.0,30.0,0.0,15,0.0,0.0,1.2326739193993401,25,0.0,20,0.0,0.0,18.888888888888676,N,,N,
06:22,NEWGEN,1164,566.05,2.73,5.46,,117.9,14.3,NORMAL,N,27.313974591651462,0.0,30.0,0.0,15,0.0,0.0,0.5866611433532264,25,0.0,20,0.0,0.0,13.749999999999645,N,,N,
06:22,DLF,14732,659.3,2.69,5.39,,131.6,0.0,NORMAL,N,26.9470404984423,0.0,30.0,0.0,15,0.0,0.0,0.0,25,0.0,20,0.0,14.666666666665453,0.0,N,,N,
06:22,VARROC,3857,832.7,2.65,5.3,,116.5,7.8,NORMAL,N,26.50394477317554,0.0,30.0,0.0,15,0.0,0.0,0.0,25,0.0,20,0.0,0.0,7.777777777777216,N,,N,
06:22,BORORENEW,3149,562.35,2.5,4.99,,115.0,20.0,NORMAL,N,24.970381846350215,0.0,30.0,0.0,15,0.0,0.0,0.0,25,0.0,20,0.0,0.0,20.0,N,,N,
06:22,TATASTEEL,3499,192.02,2.38,4.77,,113.8,3.5,NORMAL,N,23.83364436150359,0.0,30.0,0.0,15,0.0,0.0,0.0,25,0.0,20,0.0,0.0,3.4782608695642505,N,,N,
06:22,LXCHEM,2841,179.8,2.37,4.74,,113.7,0.0,NORMAL,N,23.684809838305767,0.0,30.0,0.0,15,0.0,0.0,0.0,25,0.0,20,0.0,0.0,0.0,N,,N,
06:22,CANFINHOME,583,830.1,2.32,4.63,,121.5,19.2,NORMAL,N,23.172685812892976,0.0,30.0,0.0,15,0.0,0.0,8.299981566519827,25,0.0,20,0.0,0.0,10.909090909091097,N,,N,
06:22,VEDL,3063,285.1,2.24,4.48,,114.5,15.7,NORMAL,N,22.41348395194549,0.0,30.0,0.0,15,0.0,0.0,2.037644332489862,25,0.0,20,0.0,0.0,13.684210526315475,N,,N,
06:22,MAHLOG,385,411.3,2.14,4.27,,91.6,20.2,NORMAL,N,21.355848025825736,0.0,30.0,0.0,15,0.0,0.0,0.19676244876522453,25,0.0,0.0,20,0.0,0.0,N,,N,
06:22,ABDL,24308,612.0,2.13,4.26,,114.1,20.6,NORMAL,N,21.27659574468085,0.0,30.0,0.0,15,0.0,0.0,2.7840276620507067,25,0.0,20,0.0,0.0,17.777777777779463,N,,N,
06:22,KNRCON,15283,142.95,2.11,4.23,,91.1,27.1,NORMAL,N,21.144367454818056,0.0,30.0,0.0,15,0.0,0.0,0.0,25,0.0,0.0,20,0.0,7.142857142859463,N,,N,
06:22,BALRAMCHIN,341,646.8,2.11,4.22,,127.7,0.0,NORMAL,N,21.07506511958309,0.0,30.0,0.0,15,0.0,0.0,0.0,25,0.0,20,0.0,16.666666666666035,0.0,N,,N,
06:22,MONTECARLO,5938,510.2,2.1,4.2,,131.0,0.0,NORMAL,N,21.012607564538722,0.0,30.0,0.0,15,0.0,0.0,0.0,25,0.0,20,0.0,20.0,0.0,N,,N,
06:22,PRAJIND,2705,331.8,2.08,4.15,,110.8,2.2,NORMAL,N,20.76603599446239,0.0,30.0,0.0,15,0.0,0.0,0.0,25,0.0,20,0.0,0.0,2.2222222222227836,N,,N,
06:22,BLS,17279,259.48,2.02,4.05,,110.2,6.0,NORMAL,N,20.249282428341154,0.0,30.0,0.0,15,0.0,0.0,0.0,25,0.0,20,0.0,0.0,6.037735849057858,N,,N,
06:22,PIXTRANS,9087,1940.0,12.97,25.95,,120.0,10.1,NORMAL,Y,30.0,0.0,30.0,0.0,15,0.0,0.0,0.0,25,0.0,20,0.0,0.0,10.140845070422724,N,,N,
06:22,PAYTM,6705,1553.8,7.78,15.57,,126.5,13.7,NORMAL,Y,30.0,0.0,30.0,0.0,15,0.0,0.0,6.488424057523856,25,0.0,20,0.0,0.0,7.179487179487478,N,,N,
06:22,BEML,395,1885.6,5.47,10.94,,136.5,0.0,NORMAL,Y,30.0,0.0,30.0,0.0,15,0.0,0.0,0.0,25,0.0,20,0.0,16.52173913043478,0.0,N,,N,
06:22,GRASIM,1232,3376.2,4.85,9.7,,120.0,1.9,NORMAL,Y,30.0,0.0,30.0,0.0,15,0.0,0.0,0.0,25,0.0,20,0.0,0.0,1.8750000000012434,N,,N,
06:22,RATNAMANI,13451,2296.9,4.52,9.04,,120.0,15.3,NORMAL,N,30.0,0.0,30.0,0.0,15,0.0,0.0,0.0,25,0.0,20,0.0,0.0,15.294117647058822,N,,N,
06:22,MCX,31181,2734.9,3.67,7.35,,130.8,16.2,NORMAL,N,30.0,0.0,30.0,0.0,15,0.0,0.0,10.754886370905842,25,0.0,20,0.0,0.0,5.416666666667219,N,,N,
06:22,M&M,2031,3527.0,3.55,7.11,,124.1,3.1,NORMAL,N,30.0,0.0,30.0,0.0,15,0.0,0.0,3.0866955202675164,25,0.0,20,0.0,0.9999999999990905,0.0,N,,N,
06:22,ENGINERSIN,4907,245.25,1.93,3.87,,109.3,2.8,NORMAL,N,19.326683291770596,0.0,30.0,0.0,15,0.0,0.0,0.0,25,0.0,20,0.0,0.0,2.758620689654699,N,,N,
06:22,LTF,24948,313.95,1.93,3.86,,109.3,0.0,NORMAL,N,19.318181818181785,0.0,30.0,0.0,15,0.0,0.0,0.0,25,0.0,20,0.0,0.0,0.0,N,,N,
06:22,PNBHOUSING,18908,1164.4,1.87,3.74,,108.7,3.6,NORMAL,N,18.722659667541635,0.0,30.0,0.0,15,0.0,0.0,0.0,25,0.0,20,0.0,0.0,3.6363636363640124,N,,N,
06:22,ANTHEM,757885,856.65,1.86,3.72,,98.6,20.0,NORMAL,N,18.60879904875146,0.0,30.0,0.0,15,0.0,0.0,0.0,25,0.0,0.0,20,10.0,0.0,N,,N,
06:22,DELHIVERY,9599,482.1,1.86,3.72,,113.9,0.0,NORMAL,N,18.592858652017767,0.0,30.0,0.0,15,0.0,0.0,0.0,25,0.0,20,0.0,5.333333333334545,0.0,N,,N,
06:22,JSWINFRA,19020,341.9,1.83,3.66,,123.4,2.4,NORMAL,N,18.31720029784059,0.0,30.0,0.0,15,0.0,0.0,2.4121340521460954,25,0.0,20,0.0,12.631578947367855,0.0,N,,N,
06:22,LENSKART,759605,579.9,1.79,3.58,,92.9,25.0,NORMAL,N,17.90416008425475,0.0,30.0,0.0,15,0.0,0.0,0.0,0.0,25,20,0.0,10.000000000011369,0.0,N,,N,
06:22,JUBLPHARMA,3637,948.65,1.79,3.57,,124.0,3.4,NORMAL,N,17.864806866952765,0.0,30.0,0.0,15,0.0,0.0,3.421721670813469,25,0.0,20,0.0,12.727272727272538,0.0,N,,N,
06:22,VIPIND,3703,320.5,1.75,3.49,,127.5,0.0,NORMAL,N,17.46031746031746,0.0,30.0,0.0,15,0.0,0.0,0.0,25,0.0,20,0.0,20.0,0.0,N,,N,
06:22,UCAL,3570,120.49,1.71,3.43,,88.1,20.9,NORMAL,N,17.136586189431043,0.0,30.0,0.0,15,0.0,0.0,0.9418111393431905,25,0.0,0.0,20,0.0,0.0,N,,N,
06:22,HEG,1336,685.5,1.71,3.41,,127.1,0.0,NORMAL,N,17.062314540059347,0.0,30.0,0.0,15,0.0,0.0,0.0,25,0.0,20,0.0,20.0,0.0,N,,N,
06:22,SHREEPUSHK,10588,414.0,1.69,3.39,,106.9,0.0,NORMAL,N,16.949152542372826,0.0,30.0,0.0,15,0.0,0.0,0.0,25,0.0,20,0.0,0.0,0.0,N,,N,
06:22,RAYMOND,2859,624.8,1.6,3.2,,61.0,46.5,NORMAL,N,16.017562403447283,0.0,30.0,0.0,15,0.0,0.0,0.0,0.0,25,0.0,20,0.0,1.5384615384600586,N,,N,
06:22,JINDALSTEL,6733,1120.0,1.54,3.08,,107.6,5.8,NORMAL,N,15.412511332728924,0.0,30.0,0.0,15,0.0,0.0,2.1743092171779397,25,0.0,20,0.0,0.0,3.6363636363598784,N,,N,
06:22,WELSPUNLIV,11253,166.61,1.54,3.07,,116.5,0.0,NORMAL,N,15.357425802913099,0.0,30.0,0.0,15,0.0,0.0,0.0,25,0.0,20,0.0,11.11111111111006,0.0,N,,N,
06:22,IFCI,1491,75.85,2.53,5.06,,121.4,0.0,NORMAL,N,25.277101919437552,0.0,30.0,0.0,15,0.0,0.0,0.0,25,0.0,20,0.0,6.153846153845145,0.0,N,,N,
06:22,METROPOLIS,9581,571.75,1.52,3.04,,105.2,20.0,NORMAL,N,15.181107954545373,0.0,30.0,0.0,15,0.0,0.0,0.0,25,0.0,20,0.0,0.0,20.0,N,,N,
06:22,PENIND,20621,162.28,1.51,3.03,,105.1,20.0,NORMAL,N,15.138245965219486,0.0,30.0,0.0,15,0.0,0.0,0.0,25,0.0,20,0.0,0.0,20.0,N,,N,
06:22,MEDANTA,11956,1477.1,1.48,2.95,,84.8,20.0,NORMAL,N,14.7705413575158,0.0,30.0,0.0,15,0.0,0.0,0.0,25,0.0,0.0,20,0.0,0.0,N,,N,
06:22,SAREGAMA,4892,526.65,1.43,2.87,,119.6,0.0,NORMAL,N,14.348998459167818,0.0,30.0,0.0,15,0.0,0.0,0.0,25,0.0,20,0.0,15.29411764705788,0.0,N,,N,
06:22,GOCOLORS,6964,326.65,1.43,2.86,,104.3,0.0,NORMAL,N,14.283496351498108,0.0,30.0,0.0,15,0.0,0.0,0.0,25,0.0,20,0.0,0.0,0.0,N,,N,
06:22,360ONE,13061,1184.7,1.42,2.84,,107.8,23.6,NORMAL,N,14.211112062323549,0.0,30.0,0.0,15,0.0,0.0,3.586557635444751,25,0.0,20,0.0,0.0,20.0,N,,N,
06:22,UNICHEMLAB,3579,496.55,1.39,2.78,,103.9,0.0,NORMAL,N,13.88463501786628,0.0,30.0,0.0,15,0.0,0.0,0.0,25,0.0,20,0.0,0.0,0.0,N,,N,
06:22,TEJASNET,21131,520.5,1.37,2.75,,103.7,2.0,NORMAL,N,13.730645632486034,0.0,30.0,0.0,15,0.0,0.0,0.0,25,0.0,20,0.0,0.0,2.0000000000027285,N,,N,
06:22,NARMADA,6364,386.15,1.35,2.7,,104.8,19.0,NORMAL,N,13.517060367454011,0.0,30.0,0.0,15,0.0,0.0,1.2489837151692504,25,0.0,20,0.0,0.0,17.777777777779743,N,,N,
06:22,SHALBY,714,162.25,1.35,2.7,,121.2,3.0,NORMAL,N,13.492410519082993,0.0,30.0,0.0,15,0.0,0.0,3.0450419837828595,25,0.0,20,0.0,14.615384615384952,0.0,N,,N,
06:22,HSCL,14334,762.75,1.34,2.68,,103.4,8.2,NORMAL,N,13.41925197635026,0.0,30.0,0.0,15,0.0,0.0,0.0,25,0.0,20,0.0,0.0,8.235294117647374,N,,N,
06:22,INDIAMART,10726,1795.9,2.33,4.66,,135.6,16.8,NORMAL,N,23.30484330484336,0.0,30.0,0.0,15,0.0,0.0,16.833586706587,25,0.0,20,0.0,5.507246376811786,0.0,N,,N,
06:22,SONATSOFTW,6596,322.25,1.32,2.64,,95.2,32.0,NORMAL,N,13.20547083791853,0.0,30.0,0.0,15,0.0,0.0,6.990397568797448,0.0,25,20,0.0,10.0,0.0,N,,N,
06:22,IIFL,11809,619.8,1.32,2.63,,114.5,0.0,NORMAL,N,13.158970167552031,0.0,30.0,0.0,15,0.0,0.0,0.0,25,0.0,20,0.0,11.304347826086785,0.0,N,,N,
06:22,EPACKPEB,759251,249.5,1.3,2.6,,108.0,0.0,NORMAL,N,12.99228583028822,0.0,30.0,0.0,15,0.0,0.0,0.0,25,0.0,20,0.0,4.999999999999645,0.0,N,,N,
06:22,ENDURANCE,18822,2970.0,2.26,4.51,,118.9,2.2,NORMAL,N,22.551213634016182,0.0,30.0,0.0,15,0.0,0.0,2.247401468595585,25,0.0,20,0.0,4.067796610168813,0.0,N,,N,
06:22,RUBICON,759316,1587.7,2.22,4.44,,94.1,31.9,NORMAL,N,22.212207056399695,0.0,30.0,0.0,15,0.0,0.0,1.853490082477356,25,0.0,0.0,20,0.0,10.000000000001624,N,,N,
06:22,APOLLOTYRE,163,450.4,1.21,2.43,,113.5,5.1,NORMAL,N,12.134831460674107,0.0,30.0,0.0,15,0.0,0.0,5.094764007946617,25,0.0,20,0.0,6.249999999999911,0.0,N,,N,
06:22,JKIL,15266,504.9,1.2,2.41,,80.0,27.9,NORMAL,N,12.026458208057726,0.0,30.0,0.0,15,0.0,0.0,2.931922605233668,0.0,25,20,0.0,0.0,0.0,N,,N,
06:22,ROUTE,128,534.65,1.2,2.4,,113.4,19.3,NORMAL,N,12.01968578459213,0.0,30.0,0.0,15,0.0,0.0,11.398225505392515,25,0.0,20,0.0,0.0,7.857142857142335,N,,N,
06:22,SARDAEN,17758,503.5,1.19,2.37,,117.1,0.7,NORMAL,N,11.8569131832797,0.0,30.0,0.0,15,0.0,0.0,0.7170000417500909,25,0.0,20,0.0,14.545454545453417,0.0,N,,N,
06:22,SAKSOFT,11794,167.0,1.18,2.36,,104.7,0.0,NORMAL,N,11.814601635867849,0.0,30.0,0.0,15,0.0,0.0,0.0,25,0.0,20,0.0,2.8571428571428568,0.0,N,,Y,NONRESULTS
06:22,PARADEEP,9741,151.19,1.16,2.33,,102.4,8.6,NORMAL,N,11.642689862830439,0.0,30.0,0.0,15,0.0,0.0,0.7770092021039915,25,0.0,20,0.0,0.0,7.777777777776725,N,,N,
06:22,TRITURBINE,25584,643.8,1.15,2.31,,106.6,11.4,NORMAL,N,11.54843271270313,0.0,30.0,0.0,15,0.0,0.0,5.062556076636198,25,0.0,20,0.0,0.0,6.315789473682951,N,,N,
06:22,HYUNDAI,25844,2247.6,2.14,4.28,,112.3,14.8,NORMAL,N,21.40422631220173,0.0,30.0,0.0,15,0.0,0.0,0.9424520364750277,25,0.0,20,0.0,0.0,13.877551020408276,N,,N,
06:22,MANAPPURAM,19061,370.9,1.13,2.26,,108.0,0.0,NORMAL,N,11.315610088616161,0.0,30.0,0.0,15,0.0,0.0,0.0,25,0.0,20,0.0,6.666666666665404,0.0,N,,N,
06:22,JUBLFOOD,18096,492.0,1.13,2.26,,105.7,0.0,NORMAL,N,11.305241521068858,0.0,30.0,0.0,15,0.0,0.0,0.0,25,0.0,20,0.0,4.444444444445567,0.0,N,,N,
06:22,TATACONSUM,3432,1094.4,1.12,2.24,,133.7,17.1,NORMAL,N,11.179894668761099,0.0,30.0,0.0,15,0.0,0.0,17.141446072118303,25,0.0,20,0.0,15.384615384615026,0.0,N,,N,
06:22,BECTORFOOD,1628,226.89,1.11,2.22,,109.5,32.3,NORMAL,N,11.096256684491891,0.0,30.0,0.0,15,0.0,0.0,12.267046009806922,25,0.0,0.0,20,16.114285714285675,0.0,N,,N,
06:22,BALKRISIND,335,2518.2,2.1,4.21,,129.7,0.0,NORMAL,N,21.043668653448336,0.0,30.0,0.0,15,0.0,0.0,0.0,25,0.0,20,0.0,18.620689655173713,0.0,N,,N,
06:22,KAJARIACER,1808,1180.0,1.09,2.18,,55.9,63.2,NORMAL,N,10.879808104172062,0.0,30.0,0.0,15,0.0,0.0,0.0,0.0,25,0.0,20,0.0,18.181818181819686,N,,N,
06:22,AVANTIFEED,7936,916.4,1.09,2.17,,114.9,12.1,NORMAL,N,10.865368705531989,0.0,30.0,0.0,15,0.0,0.0,12.107947627266906,25,0.0,20,0.0,1.9178082191782186,0.0,N,,N,
06:22,TMCV,759782,458.0,1.08,2.16,,90.4,55.9,NORMAL,N,10.814389759434953,0.0,30.0,0.0,15,0.0,0.0,14.580325066701484,0.0,25,20,0.0,0.0,16.29629629629636,N,,N,
06:22,SANSERA,5751,3866.1,2.08,4.16,,68.7,67.4,NORMAL,N,20.80637921474394,0.0,30.0,0.0,15,0.0,0.0,2.91773052827712,0.0,25,0.0,20,0.0,19.469026548672254,N,,N,
06:22,INFY,1594,1187.5,1.06,2.11,,101.1,9.6,NORMAL,N,10.552293421836518,0.0,30.0,0.0,15,0.0,0.0,0.5438268961706112,25,0.0,20,0.0,0.0,9.090909090909216,N,,N,
06:22,NUCLEUS,10791,705.5,1.04,2.08,,107.9,7.5,NORMAL,N,10.38310060866452,0.0,30.0,0.0,15,0.0,0.0,7.507966853246111,25,0.0,20,0.0,0.0,0.0,N,,N,
06:22,KIRLOSBROS,18581,1940.0,2.01,4.03,,110.1,1.0,NORMAL,N,20.139874848819453,0.0,30.0,0.0,15,0.0,0.0,0.0,25,0.0,20,0.0,0.0,1.0000000000013642,N,,N,
06:22,LTTS,18564,3627.0,2.01,4.03,,105.9,32.8,NORMAL,N,20.138381054171095,0.0,30.0,0.0,15,0.0,0.0,12.794974380696505,25,0.0,0.0,20,3.000000000001819,0.0,N,,N,
06:22,APCL,20453,103.16,1.0,2.0,,54.9,45.0,NORMAL,N,9.986293322890113,0.0,29.958879968670338,0.0,15,0.0,0.0,0.0,0.0,25,0.0,20,0.0,0.0,N,,N,
06:22,USHAMART,8840,520.0,0.96,1.92,,78.4,20.0,NORMAL,N,9.61071740607717,0.0,28.832152218231506,0.0,15,0.0,0.0,0.0,25,0.0,0.0,20,0.0,0.0,N,,N,
06:22,M&MFIN,13285,412.35,0.95,1.91,,98.2,5.0,NORMAL,N,9.548292324642023,0.0,28.64487697392607,0.0,15,0.0,0.0,0.0,25,0.0,20,0.0,0.0,5.000000000001066,N,,N,
06:22,IRCTC,13611,524.9,0.95,1.9,,98.1,1.8,NORMAL,N,9.520146167900627,0.0,28.56043850370188,0.0,15,0.0,0.0,0.0,25,0.0,20,0.0,0.0,1.818181818180315,N,,N,
06:22,APLLTD,25328,837.55,0.9,1.79,,115.9,0.0,NORMAL,N,8.97482231056491,0.0,26.924466931694727,0.0,15,0.0,0.0,0.0,25,0.0,20,0.0,20.0,0.0,N,,N,
06:22,ZUARIIND,3827,261.65,0.89,1.77,,61.9,45.0,NORMAL,N,8.868324657798166,0.0,26.604973973394497,0.0,15,0.0,0.0,0.0,0.0,25,0.0,20,11.428571428571892,0.0,N,,N,
06:22,SAFARI,13035,1514.4,1.87,3.74,,108.7,20.0,NORMAL,N,18.70039015202488,0.0,30.0,0.0,15,0.0,0.0,0.0,25,0.0,20,0.0,0.0,20.0,N,,N,
06:22,TIPSMUSIC,9117,650.95,0.87,1.74,,112.3,11.1,NORMAL,N,8.67746184241113,0.0,26.032385527233387,0.0,15,0.0,0.0,11.143201040391627,25,0.0,20,0.0,6.428571428572183,0.0,N,,N,
06:22,ZUARI,29050,229.52,0.87,1.73,,49.6,65.0,NORMAL,N,8.657437925730603,0.0,25.97231377719181,0.0,15,0.0,0.0,0.0,0.0,25,0.0,20,0.0,20.0,N,,N,
06:22,GNFC,1174,540.1,0.86,1.72,,94.4,8.6,NORMAL,N,8.59010270774981,0.0,25.77030812324943,0.0,15,0.0,0.0,0.0,25,0.0,20,0.0,0.0,8.571428571426715,N,,N,
06:22,SAIL,2963,178.09,0.86,1.71,,79.2,20.0,NORMAL,N,8.55136482047792,0.0,25.654094461433758,0.0,15,0.0,0.0,0.0,25,0.0,0.0,20,5.0000000000026645,0.0,N,,N,
06:22,PRINCEPIPE,16045,273.25,0.83,1.66,,73.2,30.0,NORMAL,N,8.302583025830259,0.0,24.907749077490777,0.0,15,0.0,0.0,0.0,25,0.0,0.0,20,0.0,10.0,N,,N,
06:22,MUNJALAU,13511,103.31,0.83,1.66,,102.2,0.0,NORMAL,N,8.295920359164636,0.0,24.887761077493906,0.0,15,0.0,0.0,0.0,25,0.0,20,0.0,9.0322580645161,0.0,N,,N,
06:22,HGINFRA,1672,553.7,0.83,1.66,,113.1,0.0,NORMAL,N,8.285532186105923,0.0,24.856596558317772,0.0,15,0.0,0.0,0.0,25,0.0,20,0.0,20.0,0.0,N,,N,
06:22,SHRIRAMFIN,4306,1124.2,0.83,1.65,,93.0,4.6,NORMAL,N,8.251121076233225,0.0,24.753363228699673,0.0,15,0.0,0.0,0.0,25,0.0,20,0.0,0.0,4.615384615384077,N,,N,
06:22,GROWW,759806,192.07,0.82,1.65,,127.5,19.3,NORMAL,N,8.24146981627293,0.0,24.72440944881879,0.0,15,0.0,0.0,19.266899114548263,25,0.0,20,0.0,15.277777777777327,0.0,N,,N,
06:22,GANESHHOU,14339,767.0,0.82,1.64,,47.9,45.0,NORMAL,N,8.21557673348669,0.0,24.64673020046007,0.0,15,0.0,0.0,0.0,0.0,25,0.0,20,0.0,0.0,N,,N,
06:22,POLICYBZR,6656,1633.6,1.81,3.63,,114.4,1.2,NORMAL,N,18.136491118728514,0.0,30.0,0.0,15,0.0,0.0,1.2351780585284078,25,0.0,20,0.0,5.000000000001421,0.0,N,,N,
06:22,JSWENERGY,17869,568.95,0.81,1.61,,92.2,11.4,NORMAL,N,8.0616583982992,0.0,24.184975194897604,0.0,15,0.0,0.0,0.0,25,0.0,20,0.0,0.0,11.428571428573285,N,,N,
06:22,KPITTECH,9683,634.9,0.79,1.59,,95.5,0.4,NORMAL,N,7.937767899666614,0.0,23.81330369899984,0.0,15,0.0,0.0,0.4194072866009242,25,0.0,20,0.0,3.333333333332491,0.0,N,,N,
06:22,KALYANKJIL,2955,611.0,0.78,1.55,,71.0,40.0,NORMAL,N,7.751937984496198,0.0,23.255813953488598,0.0,15,0.0,0.0,0.0,25,0.0,0.0,20,0.0,20.0,N,,N,
06:22,TORNTPOWER,13786,1361.2,0.77,1.54,,89.3,40.5,NORMAL,N,7.699141249629916,0.0,23.09742374888975,0.0,15,0.0,0.0,15.520643947396486,0.0,25,20,0.0,7.999999999999545,0.0,N,,N,
06:22,BSOFT,6994,320.95,0.77,1.54,,45.8,61.7,NORMAL,N,7.692307692307657,0.0,23.076923076922967,0.0,15,0.0,0.0,0.0,0.0,25,0.0,20,0.0,16.666666666666035,N,,N,
06:22,ZENSARTECH,1076,502.6,0.72,1.44,,91.4,0.0,NORMAL,N,7.214428857715475,0.0,21.643286573146426,0.0,15,0.0,0.0,0.0,25,0.0,20,0.0,2.4999999999978684,0.0,N,,N,
06:22,MOTHERSON,4204,169.7,0.71,1.42,,77.8,20.0,NORMAL,N,7.1216617210681825,0.0,21.364985163204548,0.0,15,0.0,0.0,0.0,25,0.0,0.0,20,9.33333333333586,0.0,N,,N,
06:22,CDSL,21174,1337.3,0.7,1.4,,92.4,2.2,NORMAL,N,7.003012048192736,0.0,21.009036144578207,0.0,15,0.0,0.0,2.2087619552826503,25,0.0,20,0.0,2.2222222222199766,0.0,N,,N,
06:22,JUBLINGREA,2783,745.4,0.7,1.39,,106.4,0.0,NORMAL,N,6.957109084768628,0.0,20.871327254305882,0.0,15,0.0,0.0,0.0,25,0.0,20,0.0,18.571428571426715,0.0,N,,N,
06:22,INTELLECT,5926,726.25,0.68,1.36,,109.0,1.8,NORMAL,N,6.792819019893224,0.0,20.378457059679672,0.0,15,0.0,0.0,1.8277366373227744,25,0.0,20,0.0,20.0,0.0,N,,N,
06:22,THYROCARE,17032,607.25,0.66,1.33,,88.6,0.0,NORMAL,N,6.630750103605471,0.0,19.89225031081641,0.0,15,0.0,0.0,0.0,25,0.0,20,0.0,2.1052631578927214,0.0,N,,N,
06:22,VBL,18921,444.85,0.64,1.29,,92.8,23.8,NORMAL,N,6.447963800905028,0.0,19.343891402715087,0.0,15,0.0,0.0,7.048702390812734,25,0.0,20,0.0,0.0,16.800000000000182,N,,N,
06:22,ABCAPITAL,21614,410.65,0.64,1.27,,85.5,2.9,NORMAL,N,6.371768165665888,0.0,19.115304496997666,0.0,15,0.0,0.0,0.0,25,0.0,20,0.0,0.0,2.8571428571433213,N,,N,
06:22,CYIENT,5748,862.95,0.64,1.27,,44.7,51.6,NORMAL,N,6.355685131195389,0.0,19.067055393586166,0.0,15,0.0,0.0,4.271987625302592,0.0,25,0.0,20,0.0,2.35294117646988,N,,N,
06:22,JUSTDIAL,29962,687.6,0.63,1.26,,92.1,6.9,NORMAL,N,6.2929899019465365,0.0,18.87896970583961,0.0,15,0.0,0.0,6.929486612915619,25,0.0,20,0.0,0.0,0.0,N,,N,
06:22,GODREJPROP,17875,2103.7,1.63,3.26,,116.7,0.0,NORMAL,N,16.280193236714886,0.0,30.0,0.0,15,0.0,0.0,0.0,25,0.0,20,0.0,10.370370370371742,0.0,N,,N,
06:22,MPHASIS,4503,2515.0,1.62,3.23,,106.2,16.0,NORMAL,N,16.161616161616163,0.0,30.0,0.0,15,0.0,0.0,0.0,25,0.0,20,0.0,0.0,16.000000000003638,N,,N,
06:22,COFORGE,11543,1804.4,1.6,3.2,,86.0,32.9,NORMAL,N,15.990990990991042,0.0,30.0,0.0,15,0.0,0.0,0.0,25,0.0,0.0,20,0.0,12.85714285714274,N,,N,
06:22,BAJFINANCE,317,1084.4,0.59,1.19,,86.2,2.4,NORMAL,N,5.936920222634592,0.0,17.81076066790378,0.0,15,0.0,0.0,2.4441518150383716,25,0.0,20,0.0,0.0,0.0,N,,N,
06:22,ESCORTS,958,3130.0,1.59,3.18,,112.9,23.1,NORMAL,N,15.90392729633236,0.0,30.0,0.0,15,0.0,0.0,6.9468936286352685,25,0.0,20,0.0,0.0,16.15384615384602,N,,N,
06:22,TIMETECHNO,14707,206.07,0.58,1.16,,63.2,26.0,NORMAL,N,5.808278016399832,0.0,17.424834049199497,0.0,15,0.0,0.0,0.0,25,0.0,0.0,20,0.0,6.000000000000568,N,,N,
06:22,SESHAPAPER,3066,230.48,0.55,1.11,,58.0,25.9,NORMAL,N,5.540770472492395,0.0,16.622311417477185,0.0,15,0.0,0.0,0.8817202285749235,0.0,25,20,0.0,0.0,0.0,N,,N,
06:22,MOTILALOFS,14947,874.75,0.55,1.09,,90.2,0.8,NORMAL,N,5.459770114942528,0.0,16.379310344827584,0.0,15,0.0,0.0,0.8111204596561132,25,0.0,20,0.0,7.500000000002842,0.0,N,,N,
06:22,GSFC,1247,162.1,0.55,1.09,,81.8,20.0,NORMAL,N,5.458379853616149,0.0,16.375139560848446,0.0,15,0.0,0.0,0.0,25,0.0,20,0.0,0.0,20.0,N,,N,
06:22,NAM-INDIA,357,1182.2,0.53,1.05,,65.2,20.5,NORMAL,N,5.272108843537454,0.0,15.816326530612363,0.0,15,0.0,0.0,0.4555924590893863,25,0.0,0.0,20,3.636363636364764,0.0,N,,N,
06:22,TATACOMM,3721,1782.0,1.53,3.05,,105.3,4.4,NORMAL,N,15.268915223336345,0.0,30.0,0.0,15,0.0,0.0,0.0,25,0.0,20,0.0,0.0,4.444444444445006,N,,N,
06:22,TMPV,3456,348.8,0.52,1.04,,60.7,28.0,NORMAL,N,5.187319884726258,0.0,15.561959654178775,0.0,15,0.0,0.0,0.0,25,0.0,0.0,20,0.0,8.000000000001819,N,,N,
06:22,DABUR,772,412.1,0.51,1.02,,80.5,0.0,NORMAL,N,5.12195121951225,0.0,15.365853658536752,0.0,15,0.0,0.0,0.0,25,0.0,20,0.0,0.0,0.0,N,,N,
06:22,CESC,628,164.77,0.51,1.01,,43.3,73.0,NORMAL,Y,5.062827863852705,0.0,15.188483591558118,0.0,15,0.0,0.0,8.041827768472842,0.0,25,0.0,20,0.0,20.0,N,,N,
06:22,CASTROLIND,1250,193.05,0.5,1.01,,39.2,45.0,NORMAL,N,5.0499791753436005,0.0,15.149937526030802,0.0,15,0.0,0.0,0.0,0.0,25,0.0,20,3.9999999999954525,0.0,N,,N,
06:22,MAXHEALTH,22377,1075.3,0.5,0.99,,93.1,0.0,NORMAL,N,4.953271028037341,0.0,14.859813084112023,0.0,15,0.0,0.0,0.0,25,0.0,20,0.0,13.333333333333332,0.0,N,,N,
06:22,CHOLAFIN,685,1894.1,1.5,2.99,,121.9,1.7,NORMAL,N,14.950166112956737,0.0,30.0,0.0,15,0.0,0.0,1.7318628044105309,25,0.0,20,0.0,15.200000000000728,0.0,N,,N,
06:22,XCHANGING,11705,68.24,1.49,2.97,,104.9,0.0,NORMAL,N,14.8720999405116,0.0,30.0,0.0,15,0.0,0.0,0.0,25,0.0,20,0.0,0.0,0.0,N,,N,
06:22,JSL,11236,738.2,0.48,0.97,,77.6,28.6,NORMAL,N,4.832233036139751,0.0,14.496699108419252,0.0,15,0.0,0.0,8.59847922738826,25,0.0,0.0,20,9.629629629630815,0.0,N,,N,
06:22,HDFCBANK,1333,734.35,0.46,0.92,,89.9,1.6,NORMAL,N,4.582763337893328,0.0,13.748290013679984,0.0,15,0.0,0.0,1.5592381356407552,25,0.0,20,0.0,10.000000000001894,0.0,N,,N,
06:22,RCF,2866,127.5,0.46,0.91,,98.3,0.0,NORMAL,N,4.569807752915209,0.0,13.709423258745627,0.0,15,0.0,0.0,0.0,25,0.0,20,0.0,20.0,0.0,N,,N,
06:22,JSWSTEEL,11723,1305.4,0.45,0.91,,82.2,0.0,NORMAL,N,4.540207772220154,0.0,13.620623316660463,0.0,15,0.0,0.0,0.0,25,0.0,20,0.0,3.999999999996362,0.0,N,,N,
06:22,NMDC,15332,86.15,1.45,2.9,,89.2,30.2,NORMAL,Y,14.484220442769713,0.0,30.0,0.0,15,0.0,0.0,5.247973021067217,0.0,25,20,0.0,4.444444444444093,0.0,N,,N,
06:22,CIEINDIA,14937,412.3,0.44,0.88,,83.3,0.0,NORMAL,N,4.384896467722317,0.0,13.154689403166952,0.0,15,0.0,0.0,0.0,25,0.0,20,0.0,5.714285714284322,0.0,N,,N,
06:22,BEL,383,402.75,0.44,0.87,,92.6,3.1,NORMAL,N,4.364089775561097,0.0,13.09226932668329,0.0,15,0.0,0.0,3.1427861091969933,25,0.0,20,0.0,12.000000000002728,0.0,N,,N,
06:22,AXISBANK,5900,1243.4,0.44,0.87,,80.2,0.8,NORMAL,N,4.36187399030702,0.0,13.08562197092106,0.0,15,0.0,0.0,0.7927715373845712,25,0.0,20,0.0,1.999999999998181,0.0,N,,N,
06:22,HINDPETRO,1406,394.75,0.43,0.87,,84.2,4.0,NORMAL,N,4.325149472077316,0.0,12.975448416231947,0.0,15,0.0,0.0,4.041540189645889,25,0.0,20,0.0,2.8571428571433213,0.0,N,,N,
06:22,HEXT,29666,567.0,0.43,0.85,,53.1,46.1,NORMAL,N,4.2507970244420425,0.0,12.752391073326129,0.0,15,0.0,0.0,1.1088826096387498,0.0,25,20,0.0,0.0,20.0,N,,N,
06:22,KIRIINDUS,16639,429.7,0.42,0.84,,76.8,20.0,NORMAL,N,4.20659032484228,0.0,12.619770974526837,0.0,15,0.0,0.0,0.0,25,0.0,20,0.0,0.0,20.0,N,,N,
06:22,GEOJITFSL,11896,78.1,1.4,2.8,,104.0,0.0,NORMAL,N,14.022331861854044,0.0,30.0,0.0,15,0.0,0.0,0.0,25,0.0,20,0.0,0.0,0.0,N,,N,
06:22,SCHNEIDER,31234,1360.1,0.39,0.78,,30.6,46.8,NORMAL,N,3.9120165338056943,0.0,11.736049601417081,0.0,15,0.0,0.0,0.0,0.0,25,0.0,20,0.0,1.818181818180315,N,,N,
06:22,JAIBALAJI,14076,66.5,1.36,2.71,,128.5,4.9,NORMAL,N,13.56500533455267,0.0,30.0,0.0,15,0.0,0.0,4.900007011490114,25,0.0,20,0.0,20.0,0.0,N,,N,
06:22,GRINFRA,5054,873.8,0.36,0.71,,74.2,20.0,NORMAL,N,3.5603537383713206,0.0,10.681061215113962,0.0,15,0.0,0.0,0.0,25,0.0,20,0.0,0.0,20.0,N,,N,
06:22,ATGL,6066,659.8,0.34,0.68,,82.0,0.0,NORMAL,N,3.42179301954224,0.0,10.26537905862672,0.0,15,0.0,0.0,0.0,25,0.0,20,0.0,8.333333333333018,0.0,N,,N,
06:22,MEESHO,760229,192.0,0.34,0.68,,80.5,0.0,NORMAL,N,3.3969166448915895,0.0,10.190749934674768,0.0,15,0.0,0.0,0.0,25,0.0,20,0.0,6.956521739131832,0.0,N,,N,
06:22,GLAND,1186,2635.6,1.33,2.66,,107.0,24.9,NORMAL,N,13.302575932333683,0.0,30.0,0.0,15,0.0,0.0,4.93941792595016,25,0.0,0.0,20,18.73684210526335,0.0,N,,N,
06:22,DCMSHRIRAM,811,1020.0,0.31,0.63,,87.6,0.0,NORMAL,N,3.1471282454760483,0.0,9.441384736428144,0.0,15,0.0,0.0,0.0,25,0.0,20,0.0,15.000000000000949,0.0,N,,N,
06:22,RELAXO,24225,424.75,0.31,0.61,,78.9,0.0,NORMAL,N,3.0700200732081977,0.0,9.210060219624593,0.0,15,0.0,0.0,0.0,25,0.0,20,0.0,6.66666666666793,0.0,N,,N,
06:22,KPRMILL,14912,1080.0,0.31,0.61,,72.3,1.2,NORMAL,N,3.0649205906937445,0.0,9.194761772081232,0.0,15,0.0,0.0,0.0,25,0.0,20,0.0,0.0,1.2499999999989342,N,,N,
06:22,NIITLTD,11522,96.3,1.29,2.59,,122.9,0.0,NORMAL,N,12.93783527926795,0.0,30.0,0.0,15,0.0,0.0,0.0,25,0.0,20,0.0,20.0,0.0,N,,N,
06:22,UNITDSPR,10447,1531.9,1.29,2.58,,111.2,0.0,NORMAL,N,12.893414440624174,0.0,30.0,0.0,15,0.0,0.0,0.0,25,0.0,20,0.0,8.333333333333018,0.0,N,,N,
06:22,PNBGILTS,8736,81.67,1.2,2.4,,115.5,8.9,NORMAL,N,12.019826517967767,0.0,30.0,0.0,15,0.0,0.0,8.888130469647951,25,0.0,20,0.0,4.615384615384447,0.0,N,,N,
06:22,TIINDIA,312,2805.0,1.19,2.38,,101.9,8.3,NORMAL,N,11.904761904761903,0.0,30.0,0.0,15,0.0,0.0,0.0,25,0.0,20,0.0,0.0,8.26086956521795,N,,N,
06:22,MUTHOOTFIN,23650,2922.6,1.13,2.26,,105.3,11.6,NORMAL,N,11.280276816608964,0.0,30.0,0.0,15,0.0,0.0,4.069544437316224,25,0.0,20,0.0,0.0,7.567567567568432,N,,N,
06:22,PHOENIXLTD,14552,1914.7,1.01,2.03,,101.9,0.0,NORMAL,N,10.129253495120045,0.0,30.0,0.0,15,0.0,0.0,0.0,25,0.0,20,0.0,1.818181818180127,0.0,N,,N,
06:22,AETHER,9810,1607.7,1.01,2.02,,104.8,0.0,NORMAL,N,10.115606936416272,0.0,30.0,0.0,15,0.0,0.0,0.0,25,0.0,20,0.0,4.6511627906977235,0.0,N,,N,
06:22,TECHM,13538,1650.0,0.92,1.83,,52.5,49.8,NORMAL,N,9.174311926605506,0.0,27.522935779816514,0.0,15,0.0,0.0,0.761143601959157,0.0,25,0.0,20,0.0,3.9999999999986358,N,,N,
06:22,EQUITASBNK,913,75.9,0.9,1.81,,97.0,15.1,NORMAL,N,9.040148896570152,0.0,27.12044668971046,0.0,15,0.0,0.0,0.8351663747357765,25,0.0,20,0.0,0.0,14.285714285714866,N,,N,
06:22,PIDILITIND,2664,1674.8,0.89,1.78,,95.7,4.5,NORMAL,N,8.915662650602382,0.0,26.74698795180715,0.0,15,0.0,0.0,0.0,25,0.0,20,0.0,0.0,4.545454545454452,N,,N,
06:22,LALPATHLAB,11654,1948.2,0.86,1.72,,51.8,67.4,NORMAL,N,8.593911782977912,0.0,25.781735348933736,0.0,15,0.0,0.0,2.4310904830857867,0.0,25,0.0,20,0.0,20.0,N,,N,
06:22,LAURUSLABS,19234,1859.4,0.82,1.64,,80.2,20.0,NORMAL,N,8.187388168953063,0.0,24.56216450685919,0.0,15,0.0,0.0,0.0,25,0.0,0.0,20,7.407407407407282,0.0,N,,N,
06:22,NFL,13925,72.43,0.72,1.45,,89.7,20.8,NORMAL,N,7.231261298845923,0.0,21.693783896537767,0.0,15,0.0,0.0,0.790391342583479,25,0.0,20,0.0,0.0,20.0,N,,N,
06:22,PRESTIGE,20302,1596.0,0.71,1.41,,91.3,1.6,NORMAL,N,7.067137809187307,0.0,21.20141342756192,0.0,15,0.0,0.0,1.6064652448590553,25,0.0,20,0.0,1.4285714285717765,0.0,N,,N,
06:22,OBEROIRLTY,20242,1787.1,0.68,1.36,,100.6,0.0,NORMAL,N,6.816901408450653,0.0,20.45070422535196,0.0,15,0.0,0.0,0.0,25,0.0,20,0.0,13.333333333333965,0.0,N,,N,
06:22,AFFLE,11343,1656.1,0.64,1.28,,68.8,31.9,NORMAL,N,6.380651434127371,0.0,19.14195430238211,0.0,15,0.0,0.0,3.238781857596403,25,0.0,0.0,20,0.0,8.66666666666788,N,,N,
06:22,HDFCAMC,4244,2561.0,0.63,1.26,,109.5,8.3,NORMAL,N,6.286836935166994,0.0,18.860510805500983,0.0,15,0.0,0.0,8.315648087075562,25,0.0,20,0.0,15.999999999999808,0.0,N,,N,
06:22,DEEPAKNTR,19943,1807.3,0.6,1.2,,97.9,12.8,NORMAL,Y,6.011689396047846,0.0,18.035068188143537,0.0,15,0.0,0.0,12.840089742841702,25,0.0,20,0.0,0.9999999999990905,0.0,N,,N,
06:22,BAJAJFINSV,16675,2020.0,0.55,1.11,,115.7,22.2,NORMAL,Y,5.525411916969441,0.0,16.57623575090832,0.0,15,0.0,0.0,22.2498318670604,25,0.0,20,0.0,11.304347826086955,0.0,N,,N,
06:22,DALBHARAT,8075,1836.0,0.47,0.94,,78.8,7.1,NORMAL,N,4.706139870854717,0.0,14.11841961256415,0.0,15,0.0,0.0,0.0,25,0.0,20,0.0,0.0,7.142857142856679,N,,N,
06:22,ZODIACLOTH,3821,77.99,0.46,0.93,,78.5,0.0,NORMAL,N,4.63738245523637,0.0,13.912147365709112,0.0,15,0.0,0.0,0.0,25,0.0,20,0.0,0.0,0.0,N,,N,
06:22,GODFRYPHLP,1181,2295.7,0.42,0.85,,77.0,2.2,NORMAL,N,4.243219597550227,0.0,12.72965879265068,0.0,15,0.0,0.0,0.0,25,0.0,20,0.0,0.0,2.222222222221099,N,,N,
06:22,AJANTPHARM,8124,3482.8,0.36,0.71,,29.3,65.0,NORMAL,N,3.5730751498386617,0.0,10.719225449515985,0.0,15,0.0,0.0,0.0,0.0,25,0.0,20,0.0,20.0,N,,N,
06:22,SUNPHARMA,3351,1951.4,0.33,0.66,,72.1,20.0,NORMAL,N,3.2904884318766534,0.0,9.87146529562996,0.0,15,0.0,0.0,0.0,25,0.0,0.0,20,18.888888888889873,0.0,N,,N,
06:22,IDFCFIRSTB,11184,84.89,0.32,0.64,,76.8,0.0,NORMAL,N,3.190735050815363,0.0,9.57220515244609,0.0,15,0.0,0.0,0.0,25,0.0,20,0.0,4.000000000002274,0.0,N,,N,
06:22,PTC,11355,178.0,-12.44,24.89,,75.0,65.0,NORMAL,Y,0.0,30.0,30.0,0.0,0.0,15,0.0,0.0,25,0.0,20,0.0,0.0,20.0,N,,N,
06:23,JAMNAAUTO,20778,129.63,-10.41,20.83,,75.0,59.1,NORMAL,Y,0.0,30.0,30.0,0.0,0.0,15,0.0,0.0,25,0.0,20,0.0,0.0,14.130434782609012,N,,N,
06:23,PFC,14299,393.2,-6.38,12.76,,36.1,106.8,NORMAL,Y,0.0,30.0,30.0,0.0,0.0,15,0.0,6.066306855333588,0.0,25,0.0,20,0.0,10.7692307692305,N,,N,
06:23,NLCINDIA,8585,289.95,-4.75,9.49,,85.0,45.0,NORMAL,Y,0.0,30.0,30.0,0.0,0.0,15,0.0,0.0,25,0.0,20,0.0,10.0,0.0,N,,N,
06:23,RECLTD,15355,350.45,-4.51,9.02,,30.0,101.4,NORMAL,Y,0.0,30.0,30.0,0.0,0.0,15,0.0,0.0,0.0,25,0.0,20,0.0,11.428571428570963,N,,N,
06:23,RGL,15129,117.79,-4.39,8.78,,55.0,85.0,NORMAL,Y,0.0,30.0,30.0,0.0,0.0,15,0.0,0.0,25,0.0,0.0,20,0.0,20.0,N,,N,
06:23,OMNI,760865,558.5,-3.43,6.86,,75.0,58.3,NORMAL,N,0.0,30.0,30.0,0.0,0.0,15,0.0,0.0,25,0.0,20,0.0,0.0,13.333333333332874,N,,N,
06:23,AEGISLOG,40,1330.7,-2.94,5.88,,38.0,89.4,NORMAL,N,0.0,29.394602479941618,30.0,0.0,0.0,15,0.0,0.0,0.0,25,0.0,20,7.999999999999545,0.0,N,,N,
06:23,YATRA,18760,103.9,-2.92,5.85,,95.0,44.2,NORMAL,N,0.0,29.244137157806183,30.0,0.0,0.0,15,0.0,0.0,25,0.0,20,0.0,20.0,0.0,N,,N,
06:23,CHALET,8546,836.05,-2.75,5.5,,55.0,74.8,NORMAL,N,0.0,27.509596370827136,30.0,0.0,0.0,15,0.0,0.0,25,0.0,0.0,20,0.0,12.30769230769204,N,,N,
06:23,WINDMACHIN,24969,295.4,-2.68,5.37,,83.9,64.9,NORMAL,N,0.0,26.848954043814974,30.0,0.0,0.0,15,0.0,8.930196741032736,25,0.0,20,0.0,0.0,14.117647058823293,N,,N,
06:23,GODREJCP,10099,1023.6,-2.51,5.03,,57.2,60.1,NORMAL,N,0.0,25.14285714285712,30.0,0.0,0.0,15,0.0,0.0,25,0.0,0.0,20,2.222222222220538,0.0,N,,N,
06:23,PARAS,5911,1245.7,-2.46,4.92,,30.0,86.1,NORMAL,N,0.0,24.586954819512854,30.0,0.0,0.0,15,0.0,0.0,0.0,25,0.0,20,0.0,1.538461538459924,N,,N,
06:23,ZYDUSWELL,17635,520.75,-2.45,4.91,,82.3,41.4,NORMAL,N,0.0,24.538728107146245,30.0,0.0,0.0,15,0.0,1.8306264307508455,25,0.0,20,0.0,5.490196078430936,0.0,N,,N,
06:23,VERANDA,8890,251.8,-2.38,4.77,,34.5,104.1,NORMAL,N,0.0,23.84182981197898,30.0,0.0,0.0,15,0.0,4.450052510224345,0.0,25,0.0,20,0.0,15.789473684210716,N,,N,
06:23,HIKAL,9668,222.05,-2.24,4.48,,34.1,103.9,NORMAL,N,0.0,22.409086906753434,30.0,0.0,0.0,15,0.0,4.113536127124297,0.0,25,0.0,20,0.0,17.33333333333586,N,,N,
06:23,WINDLAS,5366,863.15,-2.23,4.46,,56.5,88.8,NORMAL,N,0.0,22.314096392365684,30.0,0.0,0.0,15,0.0,6.455915750227034,0.0,25,0.0,20,20.0,0.0,N,,N,
06:23,MRPL,2283,163.58,-2.05,4.11,,55.0,55.5,NORMAL,N,0.0,20.537692353751144,30.0,0.0,0.0,15,0.0,0.0,25,0.0,0.0,20,0.0,0.0,N,,N,
06:23,POWERMECH,10473,2454.0,-6.22,12.44,,49.2,90.0,NORMAL,Y,0.0,30.0,30.0,0.0,0.0,15,0.0,0.0,0.0,25,0.0,20,19.183673469388513,0.0,N,,N,
06:23,ABFRL,30108,60.03,-5.21,10.42,,75.0,62.6,NORMAL,N,0.0,30.0,30.0,0.0,0.0,15,0.0,0.0,25,0.0,20,0.0,0.0,17.647058823529804,N,,N,
06:23,LUPIN,10440,2271.5,-3.89,7.79,,63.7,65.0,NORMAL,N,0.0,30.0,30.0,0.0,0.0,15,0.0,0.0,25,0.0,0.0,20,8.717948717947582,0.0,N,,N,
06:23,KIRLOSENG,20936,2082.1,-3.68,7.36,,30.0,100.2,NORMAL,N,0.0,30.0,30.0,0.0,0.0,15,0.0,0.0,0.0,25,0.0,20,0.0,10.188679245281982,N,,N,
06:23,INOXWIND,7852,75.32,-3.44,6.87,,75.0,58.9,NORMAL,N,0.0,30.0,30.0,0.0,0.0,15,0.0,0.0,25,0.0,20,0.0,0.0,13.91304347826119,N,,N,
06:23,TDPOWERSYS,25178,1236.2,-1.96,3.92,,45.1,83.0,NORMAL,N,0.0,19.589182330081723,30.0,0.0,0.0,15,0.0,3.393737592773322,0.0,25,0.0,20,11.714285714285456,0.0,N,,N,
06:23,SCI,3048,299.0,-1.89,3.77,,61.7,53.9,NORMAL,N,0.0,18.867924528301884,30.0,0.0,0.0,15,0.0,0.0,25,0.0,0.0,20,6.66666666666414,0.0,N,,N,
06:23,MARKSANS,10579,268.75,-1.86,3.72,,45.8,84.4,NORMAL,N,0.0,18.623333941939098,30.0,0.0,0.0,15,0.0,5.755817858194654,0.0,25,0.0,20,9.999999999999188,0.0,N,,N,
06:23,BANKINDIA,4745,142.3,-1.86,3.72,,61.0,53.6,NORMAL,N,0.0,18.620689655172335,30.0,0.0,0.0,15,0.0,0.0,25,0.0,0.0,20,6.000000000000568,0.0,N,,N,
06:23,SIS,21501,427.1,-1.8,3.61,,95.0,33.0,NORMAL,N,0.0,18.048051500172356,30.0,0.0,0.0,15,0.0,0.0,25,0.0,20,0.0,20.0,0.0,N,,N,
06:23,TRENT,1964,3021.9,-2.74,5.48,,90.8,44.7,NORMAL,N,0.0,27.421067876798244,30.0,0.0,0.0,15,0.0,2.256854217512531,25,0.0,20,0.0,13.529411764705252,0.0,N,,N,
06:23,MSTCLTD,9356,581.1,-1.72,3.43,,70.1,53.4,NORMAL,N,0.0,17.167019027484102,30.0,0.0,0.0,15,0.0,1.233496248944901,25,0.0,0.0,20,13.846153846153982,0.0,N,,N,
06:23,CHEMPLASTS,5449,180.47,-1.71,3.42,,83.1,37.8,NORMAL,N,0.0,17.101465061815887,30.0,0.0,0.0,15,0.0,5.669346982220599,25,0.0,20,0.0,2.3809523809516397,0.0,N,,N,
06:23,GARFIBRES,1100,798.5,-1.64,3.29,,50.2,76.6,NORMAL,N,0.0,16.44392437026547,30.0,0.0,0.0,15,0.0,0.18696444064952064,0.0,25,0.0,20,20.0,0.0,N,,N,
06:23,IPCALAB,1633,1690.0,-2.64,5.28,,32.6,89.0,NORMAL,N,0.0,26.385528286668947,30.0,0.0,0.0,15,0.0,2.592365839317982,0.0,25,0.0,20,0.0,0.0,N,,N,
06:23,SAPPHIRE,6718,220.55,-1.64,3.27,,79.1,31.4,NORMAL,N,0.0,16.367853001516313,30.0,0.0,0.0,15,0.0,0.0,25,0.0,20,0.0,4.126984126984013,0.0,N,,N,
06:23,FINPIPE,1041,161.77,-1.62,3.24,,30.0,96.2,NORMAL,N,0.0,16.177096636866732,30.0,0.0,0.0,15,0.0,0.0,0.0,25,0.0,20,0.0,20.0,N,,N,
06:23,BAJAJELEC,15034,365.2,-1.6,3.21,,55.0,51.0,NORMAL,N,0.0,16.031254209888157,30.0,0.0,0.0,15,0.0,0.0,25,0.0,0.0,20,0.0,0.0,N,,N,
06:23,WSTCSTPAPR,3799,589.6,-1.59,3.17,,55.0,66.9,NORMAL,N,0.0,15.85711901185111,30.0,0.0,0.0,15,0.0,0.0,25,0.0,0.0,20,0.0,15.99999999999909,N,,N,
06:23,PETRONET,11351,276.3,-1.53,3.06,,32.2,81.6,NORMAL,N,0.0,15.324305060584502,30.0,0.0,0.0,15,0.0,2.2453080039532836,0.0,25,0.0,20,0.0,4.0000000000009095,N,,N,
06:23,RITES,3761,230.73,-1.5,3.0,,55.0,66.9,NORMAL,N,0.0,14.984631147541066,30.0,0.0,0.0,15,0.0,0.0,25,0.0,0.0,20,0.0,16.875000000001,N,,N,
06:23,SURYAROSNI,3375,248.58,-1.49,2.99,,40.5,81.3,NORMAL,N,0.0,14.93956806023373,30.0,0.0,0.0,15,0.0,6.383497034455851,0.0,25,0.0,20,4.137931034483029,0.0,N,,N,
06:23,INDOCO,11677,218.42,-1.49,2.99,,50.0,74.9,NORMAL,N,0.0,14.92806566544898,30.0,0.0,0.0,15,0.0,0.0,0.0,25,0.0,20,20.0,0.0,N,,N,
06:23,SAMHI,18614,172.07,-1.48,2.95,,62.1,74.5,NORMAL,N,0.0,14.772401946750715,30.0,0.0,0.0,15,0.0,12.142450404594513,0.0,25,20,0.0,0.0,7.55555555555519,N,,N,
06:23,HINDALCO,1363,1044.5,-1.43,2.85,,30.0,75.7,NORMAL,N,0.0,14.250660626651484,30.0,0.0,0.0,15,0.0,0.0,0.0,25,0.0,20,0.0,1.4285714285705007,N,,N,
06:23,PSPPROJECT,20877,949.95,-1.35,2.7,,75.0,34.2,NORMAL,N,0.0,13.50018173321564,30.0,0.0,0.0,15,0.0,0.0,25,0.0,20,0.0,0.0,5.714285714286643,N,,N,
06:23,J&KBANK,5633,157.11,-1.34,2.68,,82.9,29.3,NORMAL,N,0.0,13.376036171816096,30.0,0.0,0.0,15,0.0,0.9055328354382093,25,0.0,20,0.0,7.000000000001563,0.0,N,,N,
06:23,GOCLCORP,3963,432.5,-1.31,2.62,,33.4,88.3,NORMAL,N,0.0,13.12036508841985,30.0,0.0,0.0,15,0.0,3.3768454654700215,0.0,25,0.0,20,0.0,11.818181818181676,N,,N,
06:23,EMSLIMITED,18593,399.25,-1.27,2.55,,75.0,47.7,NORMAL,N,0.0,12.734915924826847,30.0,0.0,0.0,15,0.0,0.0,25,0.0,0.0,20,20.0,0.0,N,,N,
06:23,JAINREC,759244,304.5,-1.26,2.53,,30.0,77.6,NORMAL,N,0.0,12.645914396887088,30.0,0.0,0.0,15,0.0,0.0,0.0,25,0.0,20,0.0,4.999999999998579,N,,N,
06:23,GRANULES,11872,862.8,-1.26,2.53,,52.8,75.4,NORMAL,N,0.0,12.64519082222357,30.0,0.0,0.0,15,0.0,2.8025121390252075,0.0,25,0.0,20,20.0,0.0,N,,N,
06:23,SBIN,3045,1083.4,-1.26,2.52,,30.0,82.6,NORMAL,N,0.0,12.577469923441447,30.0,0.0,0.0,15,0.0,0.0,0.0,25,0.0,20,0.0,9.999999999998579,N,,N,
06:23,GAIL,4717,171.45,-1.26,2.51,,33.8,76.3,NORMAL,N,0.0,12.555433968784236,30.0,0.0,0.0,15,0.0,3.791693977015858,0.0,25,0.0,20,0.0,0.0,N,,N,
06:23,TREJHARA,7518,175.44,-1.25,2.5,,75.0,47.5,NORMAL,N,0.0,12.495778453225256,30.0,0.0,0.0,15,0.0,0.0,25,0.0,20,0.0,0.0,20.0,N,,N,
06:23,EIDPARRY,916,795.25,-1.22,2.45,,75.0,43.8,NORMAL,N,0.0,12.234505030431032,30.0,0.0,0.0,15,0.0,0.0,25,0.0,20,0.0,0.0,16.53333333333285,N,,N,
06:23,MATRIMONY,21726,475.0,-1.21,2.41,,55.0,47.1,NORMAL,N,0.0,12.063227953411007,30.0,0.0,0.0,15,0.0,0.0,25,0.0,0.0,20,0.0,0.0,N,,N,
06:23,TTKPRESTIG,3546,608.55,-1.2,2.4,,55.0,67.0,NORMAL,N,0.0,12.013962172254386,30.0,0.0,0.0,15,0.0,0.0,25,0.0,0.0,20,0.0,20.0,N,,N,
06:23,FSL,14304,276.6,-1.16,2.32,,51.4,62.1,NORMAL,N,0.0,11.613364302304804,30.0,0.0,0.0,15,0.0,1.3792032567134438,0.0,25,20,0.0,0.0,9.090909090908903,N,,N,
06:23,UBL,16713,1384.1,-1.16,2.31,,57.5,69.0,NORMAL,N,0.0,11.568949510819142,30.0,0.0,0.0,15,0.0,2.479888921120983,25,0.0,0.0,20,0.0,20.0,N,,N,
06:23,BHARTIHEXA,23489,1506.0,-2.13,4.26,,66.1,61.5,NORMAL,N,0.0,21.315310631661006,30.0,0.0,0.0,15,0.0,0.18397715989770408,0.0,25,20,0.0,15.890410958904084,0.0,N,,N,
06:23,WOCKPHARMA,7506,1978.0,-2.13,4.26,,58.8,100.7,NORMAL,N,0.0,21.27659574468085,30.0,0.0,0.0,15,0.0,19.41909909072754,0.0,25,0.0,20,9.423076923077016,0.0,N,,N,
06:23,PATANJALI,17029,353.5,-1.12,2.24,,55.0,46.2,NORMAL,N,0.0,11.18881118881119,30.0,0.0,0.0,15,0.0,0.0,25,0.0,0.0,20,0.0,0.0,N,,N,
06:23,CAMPUS,9362,221.99,-1.06,2.12,,58.2,61.5,NORMAL,N,0.0,10.607478718188686,30.0,0.0,0.0,15,0.0,3.1603790618258096,25,0.0,0.0,20,0.0,12.727272727271552,N,,N,
06:23,APTUS,5435,258.05,-1.0,2.0,,74.9,45.0,NORMAL,N,0.0,9.97506234413952,29.92518703241856,0.0,0.0,15,0.0,0.0,25,0.0,0.0,20,20.0,0.0,N,,N,
06:23,WHIRLPOOL,18011,805.1,-0.99,1.98,,59.2,47.9,NORMAL,N,0.0,9.89977248970049,29.699317469101473,0.0,0.0,15,0.0,3.006490226748038,25,0.0,0.0,20,1.538461538460193,0.0,N,,N,
06:23,TITAGARH,15414,839.15,-0.98,1.96,,74.4,27.2,NORMAL,N,0.0,9.794088146793401,29.382264440380204,0.0,0.0,15,0.0,0.0,25,0.0,20,0.0,0.0,2.399999999999636,N,,N,
06:23,CANBK,10794,130.71,-0.94,1.88,,53.9,45.1,NORMAL,N,0.0,9.39749905267132,28.192497158013964,0.0,0.0,15,0.0,0.7314419589169254,25,0.0,0.0,20,0.0,0.0,N,,N,
06:23,LOTUSEYE,16807,117.72,-0.93,1.85,,72.8,24.3,NORMAL,N,0.0,9.257700723783827,27.773102171351482,0.0,0.0,15,0.0,0.0,25,0.0,20,0.0,0.0,0.0,N,,N,
06:23,TATACAP,759265,367.0,-0.89,1.78,,77.9,23.9,NORMAL,N,0.0,8.911693221712156,26.735079665136467,0.0,0.0,15,0.0,0.0,25,0.0,20,0.0,6.15384615384602,0.0,N,,N,
06:23,VOLTAS,3718,1273.7,-0.88,1.76,,28.8,80.9,NORMAL,N,0.0,8.793774319066113,26.38132295719834,0.0,0.0,15,0.0,2.464448016084598,0.0,25,0.0,20,0.0,9.629629629630815,N,,N,
06:23,MARICO,4067,854.45,-0.88,1.75,,52.3,44.8,NORMAL,N,0.0,8.75870069605563,26.276102088166894,0.0,0.0,15,0.0,1.0709900322355534,25,0.0,0.0,20,0.0,0.0,N,,N,
06:23,SANGAMIND,4184,606.45,-0.87,1.75,,26.2,68.7,NORMAL,N,0.0,8.744687806472555,26.234063419417662,0.0,0.0,15,0.0,0.0,0.0,25,0.0,20,0.0,0.0,N,,N,
06:23,MGL,17534,1129.7,-0.87,1.74,,51.1,45.5,NORMAL,N,0.0,8.687258687258568,26.061776061775703,0.0,0.0,15,0.0,0.0,25,0.0,0.0,20,0.0,1.8181818181799392,N,,N,
06:23,HDBFS,757772,660.0,-0.85,1.7,,56.2,43.5,NORMAL,N,0.0,8.487944114774999,25.463832344324995,0.0,0.0,15,0.0,0.0,25,0.0,0.0,20,5.714285714285095,0.0,N,,N,
06:23,TCIEXP,19223,549.9,-0.85,1.69,,72.1,45.1,NORMAL,N,0.0,8.474576271186523,25.423728813559567,0.0,0.0,15,0.0,1.6667552407327948,25,0.0,20,0.0,0.0,20.0,N,,N,
06:23,SYNGENE,10243,400.35,-0.83,1.66,,69.9,40.8,NORMAL,N,0.0,8.29824126826843,24.894723804805295,0.0,0.0,15,0.0,0.0,25,0.0,20,0.0,0.0,17.49999999999929,N,,N,
06:23,RVNL,9552,231.47,-0.82,1.64,,72.4,31.2,NORMAL,N,0.0,8.184077470220227,24.55223241066068,0.0,0.0,15,0.0,2.8228936647913856,25,0.0,20,0.0,0.0,5.1851851851844835,N,,N,
06:23,ICICIPRULI,18652,496.95,-0.82,1.64,,82.0,23.2,NORMAL,N,0.0,8.182816086218985,24.548448258656958,0.0,0.0,15,0.0,0.0,25,0.0,20,0.0,12.50000000000071,0.0,N,,N,
06:23,VAIBHAVGBL,11364,241.0,-0.8,1.61,,72.4,23.0,NORMAL,N,0.0,8.02634286890302,24.07902860670906,0.0,0.0,15,0.0,0.0,25,0.0,20,0.0,3.33333333333207,0.0,N,,N,
06:23,GODREJIND,10925,1301.1,-0.79,1.59,,68.8,42.9,NORMAL,N,0.0,7.929851315287909,23.789553945863723,0.0,0.0,15,0.0,0.0,25,0.0,0.0,20,20.0,0.0,N,,N,
06:23,POONAWALLA,11403,476.25,-0.79,1.58,,23.7,73.4,NORMAL,N,0.0,7.9158420997812975,23.747526299343892,0.0,0.0,15,0.0,0.0,0.0,25,0.0,20,0.0,5.454545454546582,N,,N,
06:23,CROMPTON,17094,248.0,-0.78,1.56,,43.5,67.9,NORMAL,N,0.0,7.801560312062366,23.4046809361871,0.0,0.0,15,0.0,0.11971372735064545,0.0,25,0.0,20,20.0,0.0,N,,N,
06:23,SHARDACROP,4992,807.75,-0.77,1.55,,48.2,62.7,NORMAL,N,0.0,7.739082365947983,23.21724709784395,0.0,0.0,15,0.0,0.0,25,0.0,0.0,20,0.0,20.0,N,,N,
06:23,KFINTECH,13359,928.8,-0.77,1.54,,85.1,27.5,NORMAL,N,0.0,7.692307692307741,23.076923076923226,0.0,0.0,15,0.0,4.850609458923314,25,0.0,20,0.0,12.222222222222012,0.0,N,,N,
06:23,ITC,1660,283.9,-0.77,1.54,,61.4,42.7,NORMAL,N,0.0,7.689619014330812,23.068857042992434,0.0,0.0,15,0.0,0.0,25,0.0,0.0,20,13.333333333338386,0.0,N,,N,
06:23,GREAVESCOT,1235,197.35,-0.75,1.51,,54.1,45.7,NORMAL,N,0.0,7.543374402816194,22.63012320844858,0.0,0.0,15,0.0,3.1712177985159915,25,0.0,0.0,20,3.333333333333333,0.0,N,,N,
06:23,TEXRAIL,21828,107.96,-0.75,1.51,,28.0,80.6,NORMAL,N,0.0,7.53815039529332,22.61445118587996,0.0,0.0,15,0.0,5.397544402483043,0.0,25,0.0,20,0.0,7.692307692307524,N,,N,
06:23,NYKAA,6545,329.55,-0.74,1.48,,47.1,42.4,NORMAL,N,0.0,7.379518072289122,22.13855421686737,0.0,0.0,15,0.0,0.0,25,0.0,0.0,20,0.0,0.0,N,,N,
06:23,SBICARD,17971,654.2,-0.73,1.46,,56.4,48.5,NORMAL,N,0.0,7.2837632776934065,21.851289833080216,0.0,0.0,15,0.0,6.218252133515464,25,0.0,0.0,20,3.333333333333333,0.0,N,,N,
06:23,TATAINVEST,1621,688.6,-0.73,1.46,,48.1,53.5,NORMAL,N,0.0,7.2803286960281905,21.840986088084573,0.0,0.0,15,0.0,1.2432319766205102,25,0.0,0.0,20,0.0,10.0,N,,N,
06:23,LLOYDSME,17313,2064.9,-1.73,3.46,,31.2,91.9,NORMAL,N,0.0,17.27584237578514,30.0,0.0,0.0,15,0.0,1.1830189120533892,0.0,25,0.0,20,0.0,13.484848484848808,N,,Y,NONRESULTS
06:23,ELGIEQUIP,937,584.2,-0.72,1.44,,64.5,43.7,NORMAL,N,0.0,7.222363837199421,21.667091511598265,0.0,0.0,15,0.0,1.4397623116666045,25,0.0,0.0,20,16.41025641025722,0.0,N,,N,
06:23,IOC,1624,142.36,-0.71,1.42,,78.1,27.7,NORMAL,N,0.0,7.11396289580124,21.34188868740372,0.0,0.0,15,0.0,5.537120491132812,25,0.0,20,0.0,6.250000000001554,0.0,N,,N,
06:23,POWERGRID,14977,269.7,-0.7,1.4,,46.0,42.0,NORMAL,N,0.0,6.995581737849904,20.986745213549714,0.0,0.0,15,0.0,0.0,25,0.0,0.0,20,0.0,0.0,N,,N,
06:23,COALINDIA,20374,412.35,-0.7,1.4,,52.0,61.3,NORMAL,N,0.0,6.983744732089048,20.951234196267144,0.0,0.0,15,0.0,6.003949241667726,25,0.0,0.0,20,0.0,13.33333333333165,N,,N,
06:23,MASFIN,199,300.05,-0.7,1.39,,42.9,69.0,NORMAL,Y,0.0,6.950190302829608,20.850570908488823,0.0,0.0,15,0.0,2.0100686268605874,0.0,25,0.0,20,20.0,0.0,N,,N,
06:23,GPIL,13409,238.94,-0.69,1.39,,68.4,27.9,NORMAL,N,0.0,6.940692406799451,20.822077220398356,0.0,0.0,15,0.0,2.62346709951179,25,0.0,20,0.0,0.0,3.333333333334912,N,,N,
06:23,SHARDAMOTR,10530,935.0,-0.67,1.34,,45.1,41.7,NORMAL,N,0.0,6.692871560607623,20.07861468182287,0.0,0.0,15,0.0,0.0,25,0.0,0.0,20,0.0,0.0,N,,N,
06:23,ABMKNO,762528,185.0,-0.65,1.3,,39.5,46.5,NORMAL,N,0.0,6.498039847484066,19.4941195424522,0.0,0.0,15,0.0,0.0,0.0,25,20,0.0,0.0,0.0,N,,N,
06:23,SHYAMMETL,4693,1000.6,-0.63,1.25,,44.0,51.2,NORMAL,N,0.0,6.256827887575682,18.770483662727045,0.0,0.0,15,0.0,0.2713797909022526,25,0.0,0.0,20,0.0,9.655172413793023,N,,N,
06:23,ANANTRAJ,13620,612.05,-0.63,1.25,,18.8,66.3,NORMAL,N,0.0,6.25101477512587,18.75304432537761,0.0,0.0,15,0.0,0.0,0.0,25,0.0,20,0.0,0.0,N,,N,
06:23,ADANIGREEN,3563,1364.0,-0.61,1.22,,43.4,52.1,NORMAL,N,0.0,6.120664529291817,18.361993587875453,0.0,0.0,15,0.0,0.0,25,0.0,0.0,20,0.0,11.000000000001364,N,,N,
06:23,PNB,10666,114.12,-0.6,1.2,,46.5,64.4,NORMAL,N,0.0,6.009929448654279,18.029788345962835,0.0,0.0,15,0.0,3.4277281661440617,25,0.0,0.0,20,0.0,20.0,N,,N,
06:23,TVSSCS,18151,133.0,-0.59,1.18,,46.1,49.3,NORMAL,N,0.0,5.904776141714568,17.714328425143705,0.0,0.0,15,0.0,3.3629475489681537,25,0.0,0.0,20,0.0,5.0,N,,N,
06:23,VISHNU,6908,583.15,-0.59,1.18,,43.9,62.1,NORMAL,N,0.0,5.881350153426602,17.644050460279807,0.0,0.0,15,0.0,1.267778219686988,25,0.0,0.0,20,0.0,20.0,N,,N,
06:23,DIAMONDYD,21840,1220.3,-0.58,1.16,,37.4,65.8,NORMAL,N,0.0,5.784585302265061,17.353755906795183,0.0,0.0,15,0.0,0.0,0.0,25,0.0,20,20.0,0.0,N,,N,
06:23,SUDARSCHEM,3327,1133.1,-0.57,1.14,,26.3,65.7,NORMAL,N,0.0,5.703755703755704,17.11126711126711,0.0,0.0,15,0.0,0.0,0.0,25,0.0,20,9.230769230768153,0.0,N,,N,
06:23,HOMEFIRST,2056,1187.0,-0.57,1.14,,42.1,44.7,NORMAL,N,0.0,5.696096498575938,17.088289495727814,0.0,0.0,15,0.0,0.0,25,0.0,0.0,20,0.0,4.0000000000009095,N,,N,
06:23,SPARC,14788,212.0,-0.57,1.14,,62.0,33.6,NORMAL,N,0.0,5.675155949533361,17.025467848600083,0.0,0.0,15,0.0,0.0,25,0.0,20,0.0,0.0,12.888888888889309,N,,N,
06:23,LICHSGFIN,1997,501.5,-0.55,1.09,,41.4,48.8,NORMAL,N,0.0,5.453644025780863,16.36093207734259,0.0,0.0,15,0.0,0.0,25,0.0,0.0,20,0.0,8.333333333333018,N,,N,
06:23,DEVYANI,5373,134.0,-0.54,1.08,,61.3,30.4,NORMAL,N,0.0,5.418243895197728,16.254731685593182,0.0,0.0,15,0.0,0.020074684669270572,25,0.0,20,0.0,0.0,9.999999999998224,N,,N,
06:23,NTPC,11630,340.65,-0.54,1.08,,16.2,70.4,NORMAL,N,0.0,5.401459854014665,16.204379562043997,0.0,0.0,15,0.0,0.0,0.0,25,0.0,20,0.0,5.0,N,,N,
06:23,IREDA,20261,119.16,-0.53,1.07,,68.7,20.3,NORMAL,N,0.0,5.342237061769621,16.026711185308862,0.0,0.0,15,0.0,0.0,25,0.0,20,0.0,7.692307692307524,0.0,N,,N,
06:23,RELIANCE,2885,1327.7,-0.53,1.06,,68.2,34.6,NORMAL,N,0.0,5.319148936170144,15.957446808510435,0.0,0.0,15,0.0,7.206570179470304,25,0.0,20,0.0,0.0,7.058823529414125,N,,N,
06:23,RAMKY,20134,404.7,-0.53,1.06,,60.9,20.3,NORMAL,N,0.0,5.2845028880423595,15.853508664127078,0.0,0.0,15,0.0,0.0,25,0.0,20,0.0,0.0,0.0,N,,N,
06:23,PVRINOX,13147,1150.0,-0.52,1.04,,40.6,43.0,NORMAL,N,0.0,5.190311418685121,15.570934256055363,0.0,0.0,15,0.0,0.0,25,0.0,0.0,20,0.0,2.857142857143785,N,,N,
06:23,HDFCLIFE,467,537.2,-0.52,1.04,,80.9,29.6,NORMAL,N,0.0,5.185185185185101,15.555555555555301,0.0,0.0,15,0.0,9.407779890863127,25,0.0,20,0.0,10.909090909094292,0.0,N,,N,
06:23,BIOCON,11373,424.15,-0.52,1.03,,18.3,73.0,NORMAL,Y,0.0,5.160079746687101,15.480239240061302,0.0,0.0,15,0.0,2.858921984475849,0.0,25,0.0,20,0.0,5.000000000000947,N,,N,
06:23,SANDHAR,2397,663.35,-0.5,0.99,,42.6,47.5,NORMAL,N,0.0,4.950123753093759,14.850371259281278,0.0,0.0,15,0.0,2.7103082372404046,25,0.0,0.0,20,0.0,4.8484848484860175,N,,N,
06:23,CONCOR,4749,502.75,-0.48,0.97,,48.8,45.1,NORMAL,N,0.0,4.849564528899424,14.54869358669827,0.0,0.0,15,0.0,5.2431639259406175,25,0.0,0.0,20,4.0000000000009095,0.0,N,,N,
06:23,BPCL,526,319.45,-0.48,0.97,,81.1,28.1,NORMAL,N,0.0,4.828660436137106,14.48598130841132,0.0,0.0,15,0.0,8.254858734573775,25,0.0,20,0.0,13.333333333332913,0.0,N,,N,
06:23,ROSSARI,19410,511.5,-0.48,0.95,,59.3,19.8,NORMAL,N,0.0,4.767000681000185,14.301002043000556,0.0,0.0,15,0.0,0.0,25,0.0,20,0.0,0.0,0.0,N,,N,
06:23,BDL,2144,1288.0,-0.46,0.93,,71.0,25.4,NORMAL,N,0.0,4.636785162287481,13.910355486862441,0.0,0.0,15,0.0,5.745528232268689,25,0.0,20,0.0,6.315789473684525,0.0,N,,N,
06:23,KRBL,10577,376.9,-0.46,0.92,,53.9,39.6,NORMAL,N,0.0,4.621682292354417,13.865046877063252,0.0,0.0,15,0.0,0.0,25,0.0,0.0,20,15.0,0.0,N,,N,
06:23,WIPRO,3787,186.68,-0.45,0.91,,38.6,57.0,NORMAL,N,0.0,4.532608116034738,13.597824348104213,0.0,0.0,15,0.0,0.0,25,0.0,0.0,20,0.0,17.49999999999556,N,,N,
06:23,NITTAGELA,762824,1697.9,-1.45,2.9,,30.0,74.5,NORMAL,N,0.0,14.510418480468976,30.0,0.0,0.0,15,0.0,0.0,0.0,25,0.0,20,0.0,0.0,N,,N,
06:23,GMRAIRPORT,13528,106.72,-0.45,0.9,,58.4,19.5,NORMAL,N,0.0,4.477611940298544,13.432835820895633,0.0,0.0,15,0.0,0.0,25,0.0,20,0.0,0.0,0.0,Y,NONRESULTS,N,
06:23,FDC,4898,368.15,-0.45,0.89,,78.4,19.5,NORMAL,N,0.0,4.461871281774024,13.385613845322073,0.0,0.0,15,0.0,0.0,25,0.0,20,0.0,20.0,0.0,N,,N,
06:23,HINDZINC,1424,600.35,-0.44,0.88,,27.6,90.4,NORMAL,N,0.0,4.394693200663313,13.184079601989936,0.0,0.0,15,0.0,14.446414362080251,0.0,25,0.0,20,0.0,11.600000000000364,N,,N,
06:23,AWL,8110,196.67,-0.42,0.84,,51.3,42.9,NORMAL,N,0.0,4.202531645569684,12.60759493670905,0.0,0.0,15,0.0,3.654567734907616,25,0.0,0.0,20,10.000000000002842,0.0,N,,N,
06:23,GICRE,277,355.7,-0.42,0.84,,12.6,69.2,NORMAL,N,0.0,4.199328107502799,12.597984322508399,0.0,0.0,15,0.0,0.0,0.0,25,0.0,20,0.0,4.999999999998579,N,,N,
06:23,GUJGASLTD,10599,264.2,-0.41,0.83,,37.4,49.1,NORMAL,N,0.0,4.146249528835367,12.4387485865061,0.0,0.0,15,0.0,0.0,25,0.0,0.0,20,0.0,9.999999999997158,N,,N,
06:23,SOUTHWEST,9678,231.13,-0.4,0.8,,57.0,19.0,NORMAL,N,0.0,4.007584245453792,12.022752736361376,0.0,0.0,15,0.0,0.0,25,0.0,20,0.0,0.0,0.0,N,,N,
06:23,MFSL,2142,1491.5,-0.39,0.79,,56.8,28.9,NORMAL,N,0.0,3.9401629491118535,11.820488847335561,0.0,0.0,15,0.0,0.0,25,0.0,20,0.0,0.0,10.0,N,,N,
06:23,FEDERALBNK,1023,354.95,-0.36,0.73,,43.9,38.6,NORMAL,N,0.0,3.649122807017576,10.947368421052728,0.0,0.0,15,0.0,0.0,25,0.0,0.0,20,8.000000000001819,0.0,N,,N,
06:23,KIMS,4847,808.15,-0.36,0.73,,15.5,67.6,NORMAL,N,0.0,3.6370361237825732,10.91110837134772,0.0,0.0,15,0.0,3.9435810947837506,0.0,25,0.0,20,0.6896551724147124,0.0,N,,N,
06:23,INDUSINDBK,5258,1018.3,-0.36,0.72,,12.4,76.1,NORMAL,N,0.0,3.6203522504892813,10.861056751467842,0.0,0.0,15,0.0,1.5413375187562919,0.0,25,0.0,20,0.0,10.909090909091097,N,,N,
06:23,RALLIS,2816,212.27,-0.36,0.71,,73.2,18.6,NORMAL,N,0.0,3.5675726423508,10.702717927052399,0.0,0.0,15,0.0,0.0,25,0.0,20,0.0,17.500000000000444,0.0,N,,N,
06:23,UNIONBANK,10753,182.95,-0.35,0.71,,35.6,51.9,NORMAL,N,0.0,3.540305010893277,10.62091503267983,0.0,0.0,15,0.0,0.0,25,0.0,0.0,20,0.0,13.333333333333332,N,,N,
06:23,ASTRAL,14418,1438.9,-0.35,0.71,,56.7,30.7,NORMAL,N,0.0,3.531855955678607,10.595567867035822,0.0,0.0,15,0.0,1.145197695681293,25,0.0,20,0.0,0.0,10.99999999999909,N,,N,
06:23,AMBUJACEM,1270,432.5,-0.35,0.69,,35.4,42.5,NORMAL,N,0.0,3.456221198156682,10.368663594470046,0.0,0.0,15,0.0,0.0,25,0.0,0.0,20,0.0,4.0000000000009095,N,,N,
06:23,SYMPHONY,24190,651.85,-0.34,0.67,,55.1,25.6,NORMAL,N,0.0,3.3636572127512143,10.090971638253643,0.0,0.0,15,0.0,0.0,25,0.0,20,0.0,0.0,7.2727272727267085,N,,N,
06:23,TOKYOPLAST,9710,80.0,-1.23,2.47,,62.1,34.5,NORMAL,N,0.0,12.345679012345677,30.0,0.0,0.0,15,0.0,7.1428571428571415,25,0.0,0.0,0.0,0.0,0.0,N,,N,
06:23,SBFC,18026,93.22,-1.09,2.19,,98.1,59.0,NORMAL,N,0.0,10.928381962864734,30.0,0.0,0.0,15,0.0,23.108394860182695,25,0.0,20,0.0,0.0,9.999999999999408,N,,N,
06:23,RAINBOW,9408,1541.0,-1.01,2.02,,55.0,65.1,NORMAL,N,0.0,10.085437142673634,30.0,0.0,0.0,15,0.0,0.0,25,0.0,0.0,20,0.0,20.0,N,,N,
06:23,MASTEK,2124,1813.8,-0.99,1.99,,31.6,87.0,NORMAL,N,0.0,9.934497816593911,29.803493449781733,0.0,0.0,15,0.0,1.7613703619949226,0.0,25,0.0,20,0.0,15.294117647059926,N,,N,
06:23,ZFCVINDIA,16915,2612.7,-0.93,1.86,,62.4,50.3,NORMAL,N,0.0,9.290156226300624,27.87046867890187,0.0,0.0,15,0.0,6.050708363379446,25,0.0,0.0,20,3.4615384615389324,0.0,N,,N,
06:23,ADANIPORTS,15083,1678.8,-0.87,1.74,,56.0,53.9,NORMAL,N,0.0,8.680248007085943,26.040744021257826,0.0,0.0,15,0.0,4.964874479116148,25,0.0,0.0,20,0.0,5.26315789473659,N,,N,
06:23,WABAG,20188,1942.1,-0.8,1.59,,71.1,37.8,NORMAL,N,0.0,7.968534504776081,23.905603514328245,0.0,0.0,15,0.0,2.1457330116781494,25,0.0,20,0.0,0.0,12.727272727272915,N,,N,
06:23,BAJAJHFL,25270,85.11,-0.79,1.59,,48.8,46.9,NORMAL,N,0.0,7.926331740296152,23.778995220888454,0.0,0.0,15,0.0,0.0,25,0.0,0.0,20,0.0,4.000000000002274,N,,N,
06:23,ADANIENT,25,2996.1,-0.79,1.58,,69.3,30.4,NORMAL,N,0.0,7.913907284768241,23.741721854304725,0.0,0.0,15,0.0,0.6019184552815258,25,0.0,20,0.0,0.0,6.8571428571418185,N,,N,
06:23,JAGRAN,13211,63.0,-0.72,1.45,,28.4,67.2,NORMAL,N,0.0,7.248660573589676,21.745981720769027,0.0,0.0,15,0.0,0.0,0.0,25,0.0,20,6.666666666665088,0.0,N,,N,
06:23,SUPREMEIND,3363,3452.7,-0.7,1.4,,72.1,25.2,NORMAL,N,0.0,6.988783433994876,20.96635030198463,0.0,0.0,15,0.0,3.225902741836817,25,0.0,20,0.0,2.916666666667969,0.0,N,,N,
06:23,SRF,3273,2597.0,-0.69,1.38,,46.1,57.6,NORMAL,N,0.0,6.883365200764818,20.650095602294456,0.0,0.0,15,0.0,0.44215029003171524,25,0.0,0.0,20,0.0,15.238095238095033,N,,N,
06:23,COCHINSHIP,21508,1509.5,-0.67,1.34,,33.4,68.6,NORMAL,N,0.0,6.711851023228298,20.135553069684892,0.0,0.0,15,0.0,1.8513211773786287,0.0,25,0.0,20,11.428571428572589,0.0,N,,N,
06:23,TPLPLASTEH,9219,77.0,-0.66,1.32,,41.7,75.5,NORMAL,N,0.0,6.5797961553348605,19.73938846600458,0.0,0.0,15,0.0,8.94434425685484,0.0,25,0.0,20,13.043478260869835,0.0,N,,N,
06:23,LLOYDSENGG,17801,96.25,-0.65,1.3,,25.8,72.8,NORMAL,N,0.0,6.502890173410358,19.508670520231075,0.0,0.0,15,0.0,6.270600554795118,0.0,25,0.0,20,0.0,0.0,N,,N,
06:23,MANKIND,15380,2440.2,-0.64,1.29,,30.1,66.4,NORMAL,N,0.0,6.433224755700399,19.2996742671012,0.0,0.0,15,0.0,0.0,0.0,25,0.0,20,10.810810810811342,0.0,N,,N,
06:23,BHARTIARTL,10604,1947.6,-0.63,1.26,,71.3,21.3,NORMAL,N,0.0,6.275830399510272,18.827491198530815,0.0,0.0,15,0.0,0.0,25,0.0,20,0.0,7.499999999998224,0.0,N,,N,
06:23,COLPAL,15141,2019.1,-0.54,1.07,,27.4,66.6,NORMAL,N,0.0,5.369458128078862,16.108374384236587,0.0,0.0,15,0.0,1.2506123792187598,0.0,25,0.0,20,10.0,0.0,N,,N,
06:23,NESTLEIND,17963,1532.0,-0.52,1.04,,15.6,67.0,NORMAL,N,0.0,5.194805194805195,15.584415584415583,0.0,0.0,15,0.0,0.0,0.0,25,0.0,20,0.0,1.8181818181799392,N,,N,
06:23,LGEINDIA,760213,1578.9,-0.48,0.96,,69.9,19.8,NORMAL,N,0.0,4.790419161676589,14.37125748502977,0.0,0.0,15,0.0,0.0,25,0.0,20,0.0,10.52631578947318,0.0,N,,N,
06:23,IDBI,1476,83.82,-0.47,0.95,,49.2,39.7,NORMAL,N,0.0,4.749465685110493,14.248397055331477,0.0,0.0,15,0.0,0.0,25,0.0,0.0,20,10.000000000003553,0.0,N,,N,
06:23,GLENMARK,7406,2268.4,-0.47,0.94,,19.4,66.3,NORMAL,N,0.0,4.694835680751094,14.084507042253282,0.0,0.0,15,0.0,1.6404307424965903,0.0,25,0.0,20,3.636363636362885,0.0,N,,N,
06:23,DOMS,20551,2250.0,-0.47,0.94,,39.1,46.8,NORMAL,N,0.0,4.689020613996244,14.067061841988732,0.0,0.0,15,0.0,0.0,25,0.0,0.0,20,0.0,7.142857142857451,N,,N,
06:23,ADANIENSOL,10217,1623.0,-0.44,0.87,,58.7,32.0,NORMAL,N,0.0,4.3555610085270295,13.066683025581087,0.0,0.0,15,0.0,0.660828710475169,25,0.0,20,0.0,0.0,12.000000000001211,N,,N,
06:23,NBCC,31415,94.93,-0.42,0.84,,57.6,32.5,NORMAL,N,0.0,4.195950907374294,12.587852722122882,0.0,0.0,15,0.0,0.0,25,0.0,20,0.0,0.0,13.33333333333228,N,,N,
06:23,AUROPHARMA,275,1652.1,-0.36,0.71,,14.9,65.8,NORMAL,N,0.0,3.558504221954216,10.675512665862648,0.0,0.0,15,0.0,2.2069759894137215,0.0,25,0.0,20,2.0000000000004547,0.0,N,,N,
06:23,HINDUNILVR,1394,2089.0,-0.33,0.67,,69.7,25.3,NORMAL,N,0.0,3.3396946564885495,10.019083969465647,0.0,0.0,15,0.0,6.925059736423128,25,0.0,20,0.0,7.777777777776935,0.0,N,,N,
06:23,COROMANDEL,739,2062.8,-0.31,0.63,,56.4,18.1,NORMAL,N,0.0,3.141158845986565,9.423476537959695,0.0,0.0,15,0.0,0.0,25,0.0,20,0.0,1.999999999998181,0.0,N,,N,
06:23,PDSL,5264,384.1,6.15,12.3,,120.0,5.7,NORMAL,Y,30.0,0.0,30.0,0.0,15,0.0,0.0,0.0,25,0.0,20,0.0,0.0,5.714285714286063,Y,NONRESULTS,N,
06:23,BRIGADE,15184,606.5,4.22,8.44,,137.5,9.7,NORMAL,Y,30.0,0.0,30.0,0.0,15,0.0,0.0,9.719802587190827,25,0.0,20,0.0,7.777777777778479,0.0,N,,N,
06:23,RHIM,31163,427.0,3.44,6.88,,129.1,14.1,NORMAL,Y,30.0,0.0,30.0,0.0,15,0.0,0.0,9.117117694237367,25,0.0,20,0.0,0.0,4.999999999999052,N,,N,
06:23,BORORENEW,3149,562.35,2.5,4.99,,115.0,9.1,NORMAL,N,24.970381846350215,0.0,30.0,0.0,15,0.0,0.0,0.0,25,0.0,20,0.0,0.0,9.090909090908903,N,,N,
06:23,MAHLOG,385,411.3,2.14,4.27,,92.7,33.6,NORMAL,N,21.355848025825736,0.0,30.0,0.0,15,0.0,0.0,1.2975267436405313,25,0.0,0.0,20,0.0,12.30769230769204,N,,N,
06:37,ZENITHEXPO,4176,231.01,6.7,13.39,,100.0,40.0,NORMAL,Y,30.0,0.0,30.0,0.0,15,0.0,0.0,0.0,25,0.0,0.0,20,0.0,20.0,N,,N,
06:37,HISARMETAL,19322,162.11,6.64,13.27,,100.0,40.0,NORMAL,Y,30.0,0.0,30.0,0.0,15,0.0,0.0,0.0,25,0.0,0.0,20,0.0,20.0,Y,NONRESULTS,N,
06:37,PDSL,5264,384.15,6.16,12.33,,120.0,10.5,NORMAL,Y,30.0,0.0,30.0,0.0,15,0.0,0.0,0.0,25,0.0,20,0.0,0.0,10.52631578947381,Y,NONRESULTS,N,
06:37,TRIVENI,13081,246.0,5.48,10.96,,120.0,13.3,NORMAL,N,30.0,0.0,30.0,0.0,15,0.0,0.0,0.0,25,0.0,20,0.0,0.0,13.333333333333332,N,,N,
06:37,RAMCOSYS,7851,669.75,4.99,9.99,,120.0,0.0,NORMAL,N,30.0,0.0,30.0,0.0,15,0.0,0.0,0.0,25,0.0,20,0.0,0.0,0.0,N,,N,
06:37,BRIGADE,15184,610.6,4.92,9.85,,127.1,24.6,NORMAL,Y,30.0,0.0,30.0,0.0,15,0.0,0.0,7.074175874476503,25,0.0,20,0.0,0.0,17.5,N,,N,
06:37,HCG,15555,708.95,4.9,9.8,,120.0,2.5,NORMAL,Y,30.0,0.0,30.0,0.0,15,0.0,0.0,0.0,25,0.0,20,0.0,0.0,2.5000000000007105,N,,N,
06:37,SHILPAMED,17752,796.0,4.77,9.54,,120.0,7.1,NORMAL,Y,30.0,0.0,30.0,0.0,15,0.0,0.0,0.0,25,0.0,20,0.0,0.0,7.05882352941318,N,,N,
06:37,NAUKRI,13751,1275.0,4.06,8.11,,120.0,3.3,NORMAL,Y,30.0,0.0,30.0,0.0,15,0.0,0.0,0.0,25,0.0,20,0.0,0.0,3.333333333333965,N,,N,
06:37,PINELABS,759820,160.65,4.02,8.04,,122.5,10.2,NORMAL,Y,30.0,0.0,30.0,0.0,15,0.0,0.0,2.519079044517322,25,0.0,20,0.0,0.0,7.6521739130434,N,,N,
06:37,RHIM,31163,428.55,3.82,7.63,,141.2,3.0,NORMAL,N,30.0,0.0,30.0,0.0,15,0.0,0.0,2.9677824776934227,25,0.0,20,0.0,18.26086956521705,0.0,N,,N,
06:37,HFCL,21951,215.85,3.78,7.57,,127.5,0.0,NORMAL,N,30.0,0.0,30.0,0.0,15,0.0,0.0,0.0,25,0.0,20,0.0,7.500000000000888,0.0,N,,N,
06:37,MAHSEAMLES,2088,612.0,3.78,7.56,,120.0,20.0,NORMAL,Y,30.0,0.0,30.0,0.0,15,0.0,0.0,0.0,25,0.0,20,0.0,0.0,20.0,N,,N,
06:37,MAXESTATES,19646,411.0,3.5,7.0,,120.0,0.0,NORMAL,N,30.0,0.0,30.0,0.0,15,0.0,0.0,0.0,25,0.0,20,0.0,0.0,0.0,N,,N,
06:37,RAMCOCEM,2043,966.0,3.45,6.9,,100.0,21.2,NORMAL,N,30.0,0.0,30.0,0.0,15,0.0,0.0,0.0,25,0.0,0.0,20,0.0,1.2499999999998224,N,,N,
06:37,BECTORFOOD,1628,231.84,3.32,6.63,,141.9,24.9,NORMAL,N,30.0,0.0,30.0,0.0,15,0.0,0.0,21.891185508670088,25,0.0,20,0.0,0.0,3.021582733812685,N,,N,
06:37,EBGNG,757862,543.05,3.31,6.62,,121.6,8.7,NORMAL,N,30.0,0.0,30.0,0.0,15,0.0,0.0,1.5671231285264708,25,0.0,20,0.0,0.0,7.096774193547488,N,,N,
06:37,FINCABLES,1038,1057.95,3.25,6.5,,119.4,29.4,NORMAL,N,30.0,0.0,30.0,0.0,15,0.0,0.0,4.441787526241018,0.0,25,20,0.0,20.0,0.0,N,,N,
06:37,IONEXCHANG,1630,382.7,2.99,5.97,,99.9,21.0,NORMAL,N,29.870828848223802,0.0,30.0,0.0,15,0.0,0.0,0.0,25,0.0,0.0,20,0.0,0.9523809523811586,N,,Y,NONRESULTS
06:37,NEWGEN,1164,567.45,2.99,5.97,,121.5,19.1,NORMAL,N,29.85480943738665,0.0,30.0,0.0,15,0.0,0.0,1.6381620431356645,25,0.0,20,0.0,0.0,17.500000000000473,N,,N,
06:37,NELCO,2388,986.8,2.91,5.82,,119.1,20.0,NORMAL,N,29.095838982167045,0.0,30.0,0.0,15,0.0,0.0,0.0,25,0.0,0.0,20,20.0,0.0,N,,N,
06:37,KSB,1949,807.05,2.91,5.81,,135.5,27.7,NORMAL,N,29.07236212942296,0.0,30.0,0.0,15,0.0,0.0,16.404287288157516,25,0.0,20,0.0,0.0,11.250000000000666,N,,N,
06:37,SUPRAJIT,11689,536.9,2.89,5.79,,83.5,45.0,NORMAL,N,28.938290532771223,0.0,30.0,0.0,15,0.0,0.0,0.0,0.0,25,0.0,20,9.565217391303747,0.0,N,,N,
06:37,DLF,14732,659.6,2.74,5.48,,117.4,12.0,NORMAL,N,27.41433021806857,0.0,30.0,0.0,15,0.0,0.0,0.0,25,0.0,20,0.0,0.0,12.000000000001211,N,,N,
06:37,BLS,17279,261.13,2.67,5.35,,116.7,3.9,NORMAL,N,26.736916604411523,0.0,30.0,0.0,15,0.0,0.0,0.0,25,0.0,20,0.0,0.0,3.9215686274519417,N,,N,
06:37,OIL,17438,454.2,2.57,5.15,,106.2,20.9,NORMAL,N,25.745257452574478,0.0,30.0,0.0,15,0.0,0.0,0.9422118682214653,25,0.0,0.0,20,9.523809523809678,0.0,N,,N,
06:37,BORORENEW,3149,562.55,2.53,5.07,,115.3,17.5,NORMAL,N,25.334912968194622,0.0,30.0,0.0,15,0.0,0.0,0.0,25,0.0,20,0.0,0.0,17.50000000000213,N,,N,
06:37,JUBLPHARMA,3637,955.6,2.53,5.06,,132.5,13.4,NORMAL,N,25.32188841201719,0.0,30.0,0.0,15,0.0,0.0,13.356012329871414,25,0.0,20,0.0,3.8095238095244284,0.0,N,,N,
06:37,MAHLOG,385,412.15,2.35,4.69,,68.5,65.0,NORMAL,N,23.466600446982838,0.0,30.0,0.0,15,0.0,0.0,0.0,0.0,25,0.0,20,0.0,20.0,N,,N,
06:37,VARROC,3857,829.5,2.26,4.51,,129.2,0.0,NORMAL,N,22.559171597633075,0.0,30.0,0.0,15,0.0,0.0,0.0,25,0.0,20,0.0,16.666666666669194,0.0,N,,N,
06:37,MONTECARLO,5938,510.85,2.23,4.46,,112.3,0.0,NORMAL,N,22.31338803281976,0.0,30.0,0.0,15,0.0,0.0,0.0,25,0.0,20,0.0,0.0,0.0,N,,N,
06:37,CANFINHOME,583,829.4,2.23,4.46,,130.5,3.2,NORMAL,N,22.309873043263927,0.0,30.0,0.0,15,0.0,0.0,3.1853020033677,25,0.0,20,0.0,15.000000000002842,0.0,N,,N,
06:37,APCL,20453,104.4,2.21,4.43,,116.3,4.1,NORMAL,N,22.12649304875666,0.0,30.0,0.0,15,0.0,0.0,4.133325315247631,25,0.0,20,0.0,0.0,0.0,N,,N,
06:37,LXCHEM,2841,179.47,2.18,4.36,,88.8,25.0,NORMAL,N,21.805966750170878,0.0,30.0,0.0,15,0.0,0.0,0.0,0.0,25,20,0.0,2.000000000001137,0.0,N,,N,
06:37,PRAJIND,2705,332.05,2.15,4.31,,111.5,0.0,NORMAL,N,21.535148438701736,0.0,30.0,0.0,15,0.0,0.0,0.0,25,0.0,20,0.0,0.0,0.0,N,,N,
06:37,ANTHEM,757885,858.95,2.13,4.27,,111.3,5.0,NORMAL,N,21.34363852556486,0.0,30.0,0.0,15,0.0,0.0,0.0,25,0.0,20,0.0,0.0,5.000000000005684,N,,N,
06:37,SHIVALIK,7026,259.9,2.12,4.24,,86.7,45.5,NORMAL,N,21.218074656188517,0.0,30.0,0.0,15,0.0,0.0,0.48118336605752177,0.0,25,20,0.0,0.0,20.0,N,,N,
06:37,TATASTEEL,3499,191.49,2.1,4.2,,114.3,16.8,NORMAL,N,21.007731271660877,0.0,30.0,0.0,15,0.0,0.0,3.253206417792587,25,0.0,20,0.0,0.0,13.513513513513347,N,,N,
06:37,PNBHOUSING,18908,1167.0,2.1,4.2,,112.8,21.8,NORMAL,N,20.997375328083987,0.0,30.0,0.0,15,0.0,0.0,1.8060342638305686,25,0.0,20,0.0,0.0,20.0,N,,N,
06:37,ABDL,24308,611.65,2.07,4.14,,113.9,1.8,NORMAL,N,20.692532332081733,0.0,30.0,0.0,15,0.0,0.0,1.8442454025297896,25,0.0,20,0.0,1.3333333333351525,0.0,N,,N,
06:37,KNRCON,15283,142.82,2.02,4.04,,79.6,45.0,NORMAL,N,20.2157296949781,0.0,30.0,0.0,15,0.0,0.0,0.0,0.0,25,0.0,20,14.37499999999839,0.0,N,,N,
06:37,VEDL,3063,284.45,2.01,4.02,,125.5,2.1,NORMAL,N,20.082481620943035,0.0,30.0,0.0,15,0.0,0.0,2.108734299613359,25,0.0,20,0.0,13.333333333333965,0.0,N,,N,
06:37,PIXTRANS,9087,1939.9,12.97,25.94,,134.6,0.0,NORMAL,Y,30.0,0.0,30.0,0.0,15,0.0,0.0,0.0,25,0.0,20,0.0,14.5762711864403,0.0,N,,N,
06:37,PAYTM,6705,1564.0,8.49,16.98,,133.9,3.9,NORMAL,Y,30.0,0.0,30.0,0.0,15,0.0,0.0,3.929131702123953,25,0.0,20,0.0,10.000000000000597,0.0,N,,N,
06:37,BEML,395,1886.0,5.49,10.99,,126.1,0.0,NORMAL,Y,30.0,0.0,30.0,0.0,15,0.0,0.0,0.0,25,0.0,20,0.0,6.060606060606144,0.0,N,,N,
06:37,GRASIM,1232,3387.8,5.21,10.42,,120.0,1.3,NORMAL,Y,30.0,0.0,30.0,0.0,15,0.0,0.0,0.0,25,0.0,20,0.0,0.0,1.2765957446816745,N,,N,
06:37,RATNAMANI,13451,2293.5,4.36,8.73,,120.0,19.5,NORMAL,N,30.0,0.0,30.0,0.0,15,0.0,0.0,0.0,25,0.0,20,0.0,0.0,19.46666666666715,N,,N,
06:37,M&M,2031,3525.2,3.5,7.0,,137.1,0.0,NORMAL,N,30.0,0.0,30.0,0.0,15,0.0,0.0,0.0,25,0.0,20,0.0,17.142857142856677,0.0,N,,N,
06:37,IFCI,1491,76.3,3.14,6.27,,123.0,0.0,NORMAL,N,30.0,0.0,30.0,0.0,15,0.0,0.0,0.0,25,0.0,20,0.0,3.030303030302874,0.0,N,,N,
06:37,MCX,31181,2720.2,3.12,6.23,,140.8,3.6,NORMAL,N,30.0,0.0,30.0,0.0,15,0.0,0.0,3.6178009174309174,25,0.0,20,0.0,17.192982456139625,0.0,N,,N,
06:37,LTF,24948,314.05,1.96,3.93,,109.6,12.0,NORMAL,N,19.64285714285718,0.0,30.0,0.0,15,0.0,0.0,0.0,25,0.0,20,0.0,0.0,11.999999999998181,N,,N,
06:37,JSWINFRA,19020,342.2,1.92,3.84,,114.6,1.4,NORMAL,N,19.210722263588945,0.0,30.0,0.0,15,0.0,0.0,1.4059589507486632,25,0.0,20,0.0,4.0000000000009095,0.0,N,,N,
06:37,RAYMOND,2859,626.55,1.89,3.77,,101.9,25.0,NORMAL,N,18.863322221318658,0.0,30.0,0.0,15,0.0,0.0,0.0,0.0,25,20,0.0,18.076923076923094,0.0,N,,N,
06:37,INDIAMART,10726,1804.5,2.82,5.64,,121.8,22.9,NORMAL,N,28.205128205128208,0.0,30.0,0.0,15,0.0,0.0,3.5678399124429996,25,0.0,20,0.0,0.0,19.354838709677985,N,,N,
06:37,PENIND,20621,162.73,1.8,3.59,,115.4,27.4,NORMAL,N,17.953209057925534,0.0,30.0,0.0,15,0.0,0.0,7.44895895945219,25,0.0,20,0.0,0.0,20.0,N,,N,
06:37,VIPIND,3703,320.6,1.78,3.56,,107.8,0.0,NORMAL,N,17.77777777777785,0.0,30.0,0.0,15,0.0,0.0,0.0,25,0.0,20,0.0,0.0,0.0,N,,N,
06:37,ENGINERSIN,4907,244.8,1.75,3.49,,108.0,20.5,NORMAL,N,17.45635910224446,0.0,30.0,0.0,15,0.0,0.0,0.521599272548535,25,0.0,20,0.0,0.0,20.0,N,,N,
06:37,UCAL,3570,120.49,1.71,3.43,,87.1,20.0,NORMAL,N,17.136586189431043,0.0,30.0,0.0,15,0.0,0.0,0.0,25,0.0,0.0,20,0.0,0.0,N,,N,
06:37,BALRAMCHIN,341,644.25,1.7,3.41,,108.4,18.4,NORMAL,N,17.049490883258272,0.0,30.0,0.0,15,0.0,0.0,1.3861845407522453,25,0.0,20,0.0,0.0,17.000000000000455,N,,N,
06:37,TATACONSUM,3432,1100.4,1.67,3.34,,120.9,25.8,NORMAL,N,16.7236440912872,0.0,30.0,0.0,15,0.0,0.0,14.150982417668951,25,0.0,20,0.0,0.0,11.612903225806498,N,,N,
06:37,HEG,1336,685.0,1.63,3.26,,113.8,0.0,NORMAL,N,16.320474777448073,0.0,30.0,0.0,15,0.0,0.0,0.0,25,0.0,20,0.0,7.4999999999992895,0.0,N,,N,
06:37,LENSKART,759605,578.95,1.62,3.25,,119.4,47.1,NORMAL,N,16.23661576268211,0.0,30.0,0.0,15,0.0,0.0,22.05281884844275,0.0,25,20,0.0,16.129032258063805,0.0,N,,N,
06:37,SAREGAMA,4892,527.6,1.62,3.24,,113.7,0.0,NORMAL,N,16.17873651771952,0.0,30.0,0.0,15,0.0,0.0,0.0,25,0.0,20,0.0,7.4999999999992895,0.0,N,,N,
06:37,KAJARIACER,1808,1186.0,1.6,3.2,,104.9,25.0,NORMAL,N,16.01987492504073,0.0,30.0,0.0,15,0.0,0.0,5.015114510383616,25,0.0,0.0,20,13.846153846152232,0.0,N,,N,
06:37,360ONE,13061,1186.8,1.6,3.2,,120.6,1.8,NORMAL,N,16.008903347316195,0.0,30.0,0.0,15,0.0,0.0,1.7720671366556553,25,0.0,20,0.0,12.857142857143323,0.0,N,,N,
06:37,HSCL,14334,764.65,1.59,3.19,,138.9,23.3,NORMAL,N,15.943665714475518,0.0,30.0,0.0,15,0.0,0.0,23.309761832831004,25,0.0,20,0.0,9.64912280701766,0.0,N,,N,
06:37,WELSPUNLIV,11253,166.68,1.58,3.16,,80.8,26.7,NORMAL,N,15.784020964105082,0.0,30.0,0.0,15,0.0,0.0,0.0,0.0,25,20,0.0,0.0,1.6666666666698247,N,,N,
06:37,DELHIVERY,9599,480.6,1.54,3.08,,105.4,14.8,NORMAL,N,15.423621381787475,0.0,30.0,0.0,15,0.0,0.0,0.0,25,0.0,20,0.0,0.0,14.838709677418953,N,,N,
06:37,JINDALSTEL,6733,1119.7,1.51,3.03,,105.1,13.3,NORMAL,N,15.14052583862198,0.0,30.0,0.0,15,0.0,0.0,0.0,25,0.0,20,0.0,0.0,13.333333333329964,N,,N,
06:37,SHREEPUSHK,10588,413.1,1.47,2.95,,59.7,45.0,NORMAL,N,14.73839351510685,0.0,30.0,0.0,15,0.0,0.0,0.0,0.0,25,0.0,20,0.0,0.0,N,,N,
06:37,METROPOLIS,9581,571.35,1.45,2.89,,114.5,0.0,NORMAL,N,14.470880681818143,0.0,30.0,0.0,15,0.0,0.0,0.0,25,0.0,20,0.0,10.0,0.0,N,,N,
06:37,ZUARIIND,3827,263.1,1.45,2.89,,104.5,20.0,NORMAL,N,14.459224985540772,0.0,30.0,0.0,15,0.0,0.0,0.016400487266778264,25,0.0,20,0.0,0.0,20.0,N,,N,
06:37,IIFL,11809,620.5,1.43,2.86,,124.3,0.0,NORMAL,N,14.303228442991418,0.0,30.0,0.0,15,0.0,0.0,0.0,25,0.0,20,0.0,20.0,0.0,N,,N,
06:37,GROWW,759806,193.2,1.42,2.83,,119.7,12.1,NORMAL,N,14.173228346456634,0.0,30.0,0.0,15,0.0,0.0,12.051339194871415,25,0.0,20,0.0,3.4482758620698437,0.0,N,,N,
06:37,MEDANTA,11956,1476.1,1.41,2.82,,102.4,20.0,NORMAL,N,14.083539433910415,0.0,30.0,0.0,15,0.0,0.0,0.0,25,0.0,0.0,20,18.33333333333354,0.0,N,,N,
06:37,KIRLOSBROS,18581,1947.4,2.4,4.81,,115.5,21.5,NORMAL,N,24.031130041541804,0.0,30.0,0.0,15,0.0,0.0,1.4867892024650768,25,0.0,20,0.0,0.0,20.0,N,,N,
06:37,GNFC,1174,543.0,1.4,2.8,,110.5,6.5,NORMAL,N,14.00560224089636,0.0,30.0,0.0,15,0.0,0.0,6.53137880701427,25,0.0,20,0.0,0.0,0.0,N,,N,
06:37,TEJASNET,21131,520.5,1.37,2.75,,103.7,13.8,NORMAL,N,13.730645632486034,0.0,30.0,0.0,15,0.0,0.0,0.0,25,0.0,20,0.0,0.0,13.750000000000533,N,,N,
06:37,GOCOLORS,6964,326.4,1.35,2.7,,113.5,0.0,NORMAL,N,13.507219375873206,0.0,30.0,0.0,15,0.0,0.0,0.0,25,0.0,20,0.0,10.0,0.0,N,,N,
06:37,SHALBY,714,162.25,1.35,2.7,,103.5,0.0,NORMAL,N,13.492410519082993,0.0,30.0,0.0,15,0.0,0.0,0.0,25,0.0,20,0.0,0.0,0.0,N,,N,
06:37,ENDURANCE,18822,2971.2,2.3,4.59,,133.2,28.4,NORMAL,N,22.96436563952481,0.0,30.0,0.0,15,0.0,0.0,20.204342295697614,25,0.0,20,0.0,0.0,8.206896551724201,N,,N,
06:37,PARADEEP,9741,151.36,1.28,2.56,,102.8,12.5,NORMAL,N,12.780194044831214,0.0,30.0,0.0,15,0.0,0.0,0.0,25,0.0,20,0.0,0.0,12.500000000000888,N,,N,
06:37,UNICHEMLAB,3579,496.0,1.28,2.55,,102.8,0.0,NORMAL,N,12.761613067891782,0.0,30.0,0.0,15,0.0,0.0,0.0,25,0.0,20,0.0,0.0,0.0,N,,N,
06:37,SAKSOFT,11794,167.14,1.27,2.53,,102.7,0.0,NORMAL,N,12.662829445622386,0.0,30.0,0.0,15,0.0,0.0,0.0,25,0.0,20,0.0,0.0,0.0,N,,Y,NONRESULTS
06:37,SONATSOFTW,6596,322.0,1.24,2.48,,85.1,39.9,NORMAL,N,12.419430907090042,0.0,30.0,0.0,15,0.0,0.0,7.660578104979641,0.0,25,20,0.0,0.0,7.272727272727085,N,,N,
06:37,M&MFIN,13285,413.5,1.24,2.47,,111.3,0.0,NORMAL,N,12.36381442036972,0.0,30.0,0.0,15,0.0,0.0,0.0,25,0.0,20,0.0,8.888888888888609,0.0,N,,N,
06:37,APOLLOTYRE,163,450.5,1.24,2.47,,105.2,15.4,NORMAL,N,12.359550561797752,0.0,30.0,0.0,15,0.0,0.0,2.8687636988050818,25,0.0,20,0.0,0.0,12.499999999998934,N,,N,
06:37,HGINFRA,1672,555.7,1.19,2.39,,127.1,17.2,NORMAL,N,11.927524355822761,0.0,30.0,0.0,15,0.0,0.0,17.208123648733,25,0.0,20,0.0,7.999999999999545,0.0,N,,N,
06:37,SHRIRAMFIN,4306,1127.3,1.1,2.21,,101.0,0.0,NORMAL,N,11.031390134529106,0.0,30.0,0.0,15,0.0,0.0,0.0,25,0.0,20,0.0,0.0,0.0,N,,N,
06:37,EPACKPEB,759251,249.0,1.1,2.19,,124.3,7.9,NORMAL,N,10.962241169305678,0.0,30.0,0.0,15,0.0,0.0,7.928356540274375,25,0.0,20,0.0,15.384615384615474,0.0,N,,N,
06:37,ROUTE,128,534.0,1.08,2.16,,105.9,5.1,NORMAL,N,10.789324247586684,0.0,30.0,0.0,15,0.0,0.0,5.0651729531655105,25,0.0,20,0.0,0.0,0.0,N,,N,
06:37,TRITURBINE,25584,643.3,1.08,2.15,,103.7,12.4,NORMAL,N,10.762825045172297,0.0,30.0,0.0,15,0.0,0.0,2.916146703070614,25,0.0,20,0.0,0.0,9.47368421052556,N,,N,
06:37,RUBICON,759316,1585.4,2.07,4.15,,65.7,57.4,NORMAL,N,20.731393252639737,0.0,30.0,0.0,15,0.0,0.0,0.0,0.0,25,0.0,20,0.0,12.380952380952483,N,,N,
06:37,KALYANKJIL,2955,612.8,1.07,2.14,,63.5,45.3,NORMAL,N,10.720765297707405,0.0,30.0,0.0,15,0.0,0.0,0.29644658853008365,0.0,25,0.0,20,7.500000000002842,0.0,N,,N,
06:37,JUBLFOOD,18096,491.6,1.05,2.1,,117.0,0.0,NORMAL,N,10.483042137718444,0.0,30.0,0.0,15,0.0,0.0,0.0,25,0.0,20,0.0,16.551724137931792,0.0,N,,N,
06:37,APLLTD,25328,838.8,1.05,2.1,,100.5,11.4,NORMAL,N,10.480664980122793,0.0,30.0,0.0,15,0.0,0.0,0.0,25,0.0,20,0.0,0.0,11.428571428570036,N,,N,
06:37,ABCAPITAL,21614,412.3,1.04,2.08,,108.0,15.6,NORMAL,N,10.415390270800147,0.0,30.0,0.0,15,0.0,0.0,7.601650032856884,25,0.0,20,0.0,0.0,8.000000000001819,N,,N,
06:37,HYUNDAI,25844,2243.8,1.97,3.94,,114.4,0.0,NORMAL,N,19.67734605771424,0.0,30.0,0.0,15,0.0,0.0,0.0,25,0.0,20,0.0,4.7058823529427505,0.0,N,,N,
06:37,VBL,18921,446.25,0.96,1.92,,108.6,3.4,NORMAL,N,9.615384615384617,0.0,28.846153846153847,0.0,15,0.0,0.0,3.422987122541977,25,0.0,20,0.0,6.66666666666414,0.0,N,,N,
06:37,BALKRISIND,335,2514.2,1.94,3.88,,109.4,20.0,NORMAL,N,19.421805944126678,0.0,30.0,0.0,15,0.0,0.0,0.0,25,0.0,20,0.0,0.0,20.0,N,,N,
06:37,SARDAEN,17758,502.25,0.93,1.87,,78.6,41.3,NORMAL,N,9.34485530546619,0.0,28.034565916398574,0.0,15,0.0,0.0,1.252532432791367,25,0.0,0.0,20,0.0,20.0,N,,N,
06:37,NARMADA,6364,384.55,0.93,1.86,,53.0,52.4,NORMAL,N,9.3175853018373,0.0,27.9527559055119,0.0,15,0.0,0.0,0.7698858357451853,0.0,25,0.0,20,0.0,6.66666666666793,N,,N,
06:37,TIPSMUSIC,9117,651.25,0.91,1.83,,106.0,4.4,NORMAL,N,9.142325869683082,0.0,27.426977609049246,0.0,15,0.0,0.0,4.395484793336216,25,0.0,20,0.0,4.999999999999527,0.0,N,,N,
06:37,POLICYBZR,6656,1635.0,1.9,3.8,,123.3,0.0,NORMAL,N,19.009037083203488,0.0,30.0,0.0,15,0.0,0.0,0.0,25,0.0,20,0.0,14.285714285715677,0.0,N,,N,
06:37,USHAMART,8840,519.5,0.86,1.73,,74.6,38.8,NORMAL,N,8.639937870109787,0.0,25.91981361032936,0.0,15,0.0,0.0,0.0,25,0.0,0.0,20,0.0,18.823529411765808,N,,N,
06:37,IRCTC,13611,524.4,0.86,1.71,,98.2,0.0,NORMAL,N,8.558515241850047,0.0,25.67554572555014,0.0,15,0.0,0.0,0.0,25,0.0,20,0.0,4.0000000000009095,0.0,N,,N,
06:37,GLAND,1186,2648.6,1.83,3.66,,129.8,5.8,NORMAL,N,18.30065359477121,0.0,30.0,0.0,15,0.0,0.0,5.772620928470121,25,0.0,20,0.0,15.714285714285714,0.0,N,,N,
06:37,JSWENERGY,17869,569.05,0.82,1.65,,94.8,15.2,NORMAL,N,8.238837703756161,0.0,24.716513111268483,0.0,15,0.0,0.0,1.8915879075528028,25,0.0,20,0.0,0.0,13.333333333333332,N,,N,
06:37,MAXHEALTH,22377,1078.8,0.82,1.64,,92.9,1.2,NORMAL,N,8.224299065420519,0.0,24.672897196261555,0.0,15,0.0,0.0,0.0,25,0.0,20,0.0,0.0,1.2499999999987566,N,,N,
06:37,AVANTIFEED,7936,913.8,0.8,1.6,,99.5,26.9,NORMAL,N,7.997352600518449,0.0,23.99205780155535,0.0,15,0.0,0.0,7.557968040994853,25,0.0,20,0.0,0.0,19.354838709677985,N,,N,
06:37,SANSERA,5751,3855.0,1.79,3.58,,66.3,55.5,NORMAL,N,17.875531381195,0.0,30.0,0.0,15,0.0,0.0,3.3769328324680146,0.0,25,0.0,20,0.0,7.1604938271596765,N,,N,
06:37,GODREJPROP,17875,2106.9,1.78,3.57,,107.8,16.5,NORMAL,N,17.82608695652178,0.0,30.0,0.0,15,0.0,0.0,0.0,25,0.0,20,0.0,0.0,16.4705882352916,N,,N,
06:37,KPITTECH,9683,634.8,0.78,1.56,,91.1,3.3,NORMAL,N,7.779012541673246,0.0,23.337037625019736,0.0,15,0.0,0.0,0.0,25,0.0,20,0.0,0.0,3.333333333333965,N,,N,
06:37,RCF,2866,127.89,0.76,1.53,,109.3,0.2,NORMAL,N,7.642609517806483,0.0,22.92782855341945,0.0,15,0.0,0.0,0.23099158981662593,25,0.0,20,0.0,18.46153846153779,0.0,N,,N,
06:37,MANAPPURAM,19061,369.55,0.76,1.53,,83.3,44.2,NORMAL,N,7.634628493524231,0.0,22.90388548057269,0.0,15,0.0,0.0,17.73979371692009,0.0,25,20,0.0,0.0,1.4285714285717765,N,,N,
06:37,THYROCARE,17032,607.8,0.75,1.51,,90.2,0.0,NORMAL,N,7.542478242851148,0.0,22.627434728553443,0.0,15,0.0,0.0,0.0,25,0.0,20,0.0,0.0,0.0,N,,N,
06:37,CDSL,21174,1338.0,0.75,1.51,,96.6,1.4,NORMAL,N,7.530120481927711,0.0,22.590361445783135,0.0,15,0.0,0.0,1.44495196196475,25,0.0,20,0.0,4.999999999999052,0.0,N,,N,
06:37,NUCLEUS,10791,703.45,0.74,1.49,,90.1,0.3,NORMAL,N,7.447189402076685,0.0,22.341568206230054,0.0,15,0.0,0.0,0.3147264842393186,25,0.0,20,0.0,0.0,0.0,N,,N,
06:37,JUBLINGREA,2783,745.75,0.74,1.49,,89.7,9.6,NORMAL,N,7.429922323539345,0.0,22.289766970618036,0.0,15,0.0,0.0,0.0,25,0.0,20,0.0,0.0,9.62962962962913,N,,N,
06:37,SESHAPAPER,3066,230.9,0.74,1.47,,64.5,25.0,NORMAL,N,7.373151258671077,0.0,22.11945377601323,0.0,15,0.0,0.0,0.0,0.0,25,20,0.0,0.0,0.0,N,,N,
06:37,BAJFINANCE,317,1085.9,0.73,1.47,,89.3,0.0,NORMAL,N,7.328385899814556,0.0,21.98515769944367,0.0,15,0.0,0.0,0.0,25,0.0,20,0.0,0.0,0.0,N,,N,
06:37,MUNJALAU,13511,103.2,0.72,1.44,,88.9,15.4,NORMAL,N,7.222330665625699,0.0,21.666991996877098,0.0,15,0.0,0.0,0.0,25,0.0,20,0.0,0.0,15.384615384615552,N,,N,
06:37,LTTS,18564,3616.1,1.71,3.41,,71.0,73.9,NORMAL,N,17.072621927209262,0.0,30.0,0.0,15,0.0,0.0,8.934926852995423,0.0,25,0.0,20,0.0,20.0,N,,N,
06:37,GANESHHOU,14339,766.0,0.69,1.38,,42.6,45.0,NORMAL,N,6.901084456128821,0.0,20.703253368386463,0.0,15,0.0,0.0,0.0,0.0,25,0.0,20,0.0,0.0,N,,N,
06:37,CHOLAFIN,685,1897.7,1.69,3.38,,112.2,3.5,NORMAL,N,16.879219804951237,0.0,30.0,0.0,15,0.0,0.0,3.542096752178251,25,0.0,20,0.0,1.818181818184073,0.0,N,,N,
06:37,INFY,1594,1183.0,0.67,1.34,,45.8,61.7,NORMAL,N,6.722832099395875,0.0,20.168496298187623,0.0,15,0.0,0.0,3.9554663811045554,0.0,25,0.0,20,0.0,12.727272727270474,N,,N,
06:37,SAFARI,13035,1511.4,1.67,3.34,,81.7,25.0,NORMAL,N,16.682362437777602,0.0,30.0,0.0,15,0.0,0.0,0.0,0.0,25,20,0.0,0.0,0.0,N,,N,
06:37,PRINCEPIPE,16045,272.8,0.66,1.33,,72.8,20.0,NORMAL,N,6.642066420664249,0.0,19.926199261992746,0.0,15,0.0,0.0,0.0,25,0.0,0.0,20,6.249999999999911,0.0,N,,N,
06:37,MOTHERSON,4204,169.61,0.66,1.32,,78.7,20.0,NORMAL,N,6.587537091988212,0.0,19.762611275964634,0.0,15,0.0,0.0,0.0,25,0.0,0.0,20,12.380952380951477,0.0,N,,N,
06:37,ZUARI,29050,229.0,0.64,1.27,,42.3,45.0,NORMAL,N,6.372225884420956,0.0,19.11667765326287,0.0,15,0.0,0.0,0.0,0.0,25,0.0,20,1.8181818181799392,0.0,N,,N,
06:37,DABUR,772,412.6,0.63,1.27,,86.1,17.1,NORMAL,N,6.341463414634202,0.0,19.024390243902605,0.0,15,0.0,0.0,0.7091174026030117,25,0.0,20,0.0,0.0,16.363636363637305,N,,N,
06:37,TECHNOE,6445,1073.0,0.63,1.27,,89.9,13.0,NORMAL,N,6.330597889800703,0.0,18.99179366940211,0.0,15,0.0,0.0,4.579873034067792,25,0.0,20,0.0,0.0,8.387096774192035,N,,N,
06:37,BSOFT,6994,320.4,0.6,1.19,,39.3,54.3,NORMAL,N,5.965463108320181,0.0,17.89638932496054,0.0,15,0.0,0.0,0.3969049828625567,0.0,25,0.0,20,0.0,8.888888888891135,N,,N,
06:37,NAM-INDIA,357,1183.0,0.6,1.19,,84.8,19.8,NORMAL,N,5.952380952380952,0.0,17.857142857142858,0.0,15,0.0,0.0,0.9670584239125883,25,0.0,20,0.0,0.0,18.823529411765808,N,,N,
06:37,BEL,383,403.35,0.59,1.17,,96.9,0.2,NORMAL,N,5.8603491271821015,0.0,17.581047381546306,0.0,15,0.0,0.0,0.1590909138407656,25,0.0,20,0.0,13.333333333330808,0.0,N,,N,
06:37,TMCV,759782,455.75,0.58,1.17,,57.4,58.5,NORMAL,N,5.848598543367858,0.0,17.545795630103576,0.0,15,0.0,0.0,13.510789139543448,0.0,25,0.0,20,5.454545454545831,0.0,N,,N,
06:37,ESCORTS,958,3129.8,1.58,3.17,,109.8,7.6,NORMAL,N,15.839013307367798,0.0,30.0,0.0,15,0.0,0.0,3.981991126178039,25,0.0,20,0.0,0.0,3.636363636362885,N,,N,
06:38,GSFC,1247,162.16,0.58,1.17,,83.3,9.5,NORMAL,N,5.830542116362721,0.0,17.49162634908816,0.0,15,0.0,0.0,0.0,25,0.0,20,0.0,0.0,9.523809523808621,N,,N,
06:38,JSL,11236,738.9,0.58,1.16,,90.0,18.6,NORMAL,N,5.785067719322126,0.0,17.35520315796638,0.0,15,0.0,0.0,6.883414301873951,25,0.0,20,0.0,0.0,11.724137931034429,N,,N,
06:38,TIMETECHNO,14707,206.05,0.57,1.14,,62.8,20.0,NORMAL,N,5.710659898477235,0.0,17.131979695431706,0.0,15,0.0,0.0,0.0,25,0.0,0.0,20,0.0,0.0,N,,N,
06:38,NCC,2319,146.4,0.56,1.11,,100.3,28.0,NORMAL,N,5.563568926437271,0.0,16.690706779311814,0.0,15,0.0,0.0,17.999258404067852,25,0.0,20,0.0,0.0,9.999999999999053,N,,N,
06:38,QUICKHEAL,13131,155.85,0.54,1.07,,106.4,4.9,NORMAL,N,5.354147851889975,0.0,16.062443555669926,0.0,15,0.0,0.0,4.943024365214741,25,0.0,20,0.0,20.0,0.0,N,,N,
06:38,MOTILALOFS,14947,874.6,0.53,1.06,,84.6,16.1,NORMAL,N,5.2873563218391055,0.0,15.862068965517318,0.0,15,0.0,0.0,3.443359572581787,25,0.0,20,0.0,0.0,12.631578947368297,N,,N,
06:38,MEESHO,760229,192.36,0.53,1.06,,94.8,0.0,NORMAL,N,5.278285863600833,0.0,15.8348575908025,0.0,15,0.0,0.0,0.0,25,0.0,20,0.0,13.714285714284832,0.0,N,,N,
06:38,SAIL,2963,177.51,0.53,1.05,,44.1,45.0,NORMAL,N,5.266734624532668,0.0,15.800203873598003,0.0,15,0.0,0.0,0.0,0.0,25,0.0,20,8.0,0.0,N,,N,
06:38,JSWSTEEL,11723,1306.3,0.52,1.05,,80.9,4.6,NORMAL,N,5.232781839168876,0.0,15.69834551750663,0.0,15,0.0,0.0,0.0,25,0.0,20,0.0,0.0,4.615384615387575,N,,N,
06:38,ZENSARTECH,1076,501.6,0.52,1.04,,60.8,20.9,NORMAL,N,5.210420841683414,0.0,15.63126252505024,0.0,15,0.0,0.0,0.0,25,0.0,0.0,20,0.0,0.8695652173915193,N,,N,
06:38,TATACOMM,3721,1781.8,1.52,3.03,,105.2,0.8,NORMAL,N,15.15496809480396,0.0,30.0,0.0,15,0.0,0.0,0.0,25,0.0,20,0.0,0.0,0.7692307692300965,N,,N,
06:38,INTELLECT,5926,725.0,0.51,1.01,,82.9,22.7,NORMAL,N,5.059957025022496,0.0,15.179871075067487,0.0,15,0.0,0.0,2.688986194922234,25,0.0,20,0.0,0.0,20.0,N,,N,
06:38,COFORGE,11543,1802.7,1.5,3.01,,61.5,54.5,NORMAL,N,15.033783783783809,0.0,30.0,0.0,15,0.0,0.0,1.4642443833215288,0.0,25,0.0,20,0.0,7.999999999999545,N,,N,
06:38,TMPV,3456,348.7,0.49,0.98,,59.6,20.0,NORMAL,N,4.899135446685847,0.0,14.697406340057539,0.0,15,0.0,0.0,0.0,25,0.0,0.0,20,0.0,0.0,N,,N,
06:38,HDFCBANK,1333,734.45,0.47,0.94,,78.9,18.3,NORMAL,N,4.719562243502115,0.0,14.158686730506343,0.0,15,0.0,0.0,0.0,25,0.0,20,0.0,0.0,18.333333333334913,N,,N,
06:38,KIRIINDUS,16639,429.85,0.46,0.91,,91.4,0.3,NORMAL,N,4.557139518579214,0.0,13.67141855573764,0.0,15,0.0,0.0,0.2991423692880429,25,0.0,20,0.0,12.85714285714274,0.0,N,,N,
06:38,AXISBANK,5900,1243.6,0.45,0.9,,82.2,15.9,NORMAL,N,4.523424878836761,0.0,13.57027463651028,0.0,15,0.0,0.0,4.143369120873066,25,0.0,20,0.0,0.0,11.764705882352626,N,,N,
06:38,JKIL,15266,501.1,0.44,0.88,,60.5,52.9,NORMAL,N,4.409701342954591,0.0,13.229104028863773,0.0,15,0.0,0.0,7.892142556042703,0.0,25,0.0,20,20.0,0.0,N,,N,
06:38,CASTROLIND,1250,192.9,0.43,0.85,,37.1,45.0,NORMAL,N,4.269054560599715,0.0,12.807163681799144,0.0,15,0.0,0.0,0.007734988506206766,0.0,25,0.0,20,4.999999999996447,0.0,N,,N,
06:38,RELAXO,24225,425.25,0.43,0.85,,85.8,0.5,NORMAL,N,4.250797024442109,0.0,12.75239107332633,0.0,15,0.0,0.0,0.5123930081614516,25,0.0,20,0.0,8.333333333333018,0.0,N,,N,
06:38,FORTIS,14592,959.2,0.42,0.85,,41.0,50.9,NORMAL,N,4.240171700780054,0.0,12.720515102340162,0.0,15,0.0,0.0,5.928256918126651,0.0,25,0.0,20,3.157894736842,0.0,N,,N,
06:38,CESC,628,164.63,0.42,0.84,,37.4,47.7,NORMAL,N,4.208856898865425,0.0,12.626570696596273,0.0,15,0.0,0.0,2.6803762743120774,0.0,25,0.0,20,2.8571428571405373,0.0,N,,N,
06:38,NMDC,15332,86.1,1.39,2.78,,59.0,48.5,NORMAL,N,13.895430993876502,0.0,30.0,0.0,15,0.0,0.0,0.12025428713665395,0.0,25,0.0,20,0.0,3.333333333334912,N,,N,
06:38,SCHNEIDER,31234,1360.0,0.38,0.77,,30.4,45.0,NORMAL,N,3.838204901092446,0.0,11.514614703277337,0.0,15,0.0,0.0,0.0,0.0,25,0.0,20,0.0,0.0,N,,N,
06:38,VGUARD,15362,320.85,0.38,0.75,,60.7,20.0,NORMAL,N,3.754106053496154,0.0,11.262318160488462,0.0,15,0.0,0.0,0.0,25,0.0,0.0,20,5.714285714286643,0.0,N,,N,
06:38,SWIGGY,27066,281.8,0.37,0.75,,83.3,0.0,NORMAL,N,3.7399821905610375,0.0,11.219946571683113,0.0,15,0.0,0.0,0.0,25,0.0,20,0.0,8.333333333333018,0.0,N,,N,
06:38,CYIENT,5748,860.7,0.37,0.75,,34.0,63.7,NORMAL,N,3.73177842565603,0.0,11.19533527696809,0.0,15,0.0,0.0,4.119650691015521,0.0,25,0.0,20,0.0,14.54545454545392,N,,N,
06:38,CIEINDIA,14937,412.0,0.37,0.73,,62.6,20.0,NORMAL,N,3.6540803897685747,0.0,10.962241169305724,0.0,15,0.0,0.0,0.0,25,0.0,0.0,20,8.000000000001819,0.0,N,,N,
06:38,NIITLTD,11522,96.36,1.36,2.71,,103.6,20.0,NORMAL,N,13.568949195329825,0.0,30.0,0.0,15,0.0,0.0,0.0,25,0.0,20,0.0,0.0,20.0,N,,N,
06:38,VINATIORGA,17364,1329.4,0.34,0.68,,86.9,2.9,NORMAL,N,3.396482753415352,0.0,10.189448260246056,0.0,15,0.0,0.0,2.8823327954475606,25,0.0,20,0.0,10.399999999999636,0.0,N,,N,
06:38,BHEL,438,406.55,0.33,0.67,,74.1,7.8,NORMAL,N,3.3316880552813988,0.0,9.995064165844196,0.0,15,0.0,0.0,0.7934387118978141,25,0.0,20,0.0,0.0,7.000000000000455,N,,N,
06:38,HINDPETRO,1406,394.3,0.32,0.64,,86.4,0.3,NORMAL,N,3.1802569647627528,0.0,9.540770894288258,0.0,15,0.0,0.0,0.32825194130562635,25,0.0,20,0.0,13.333333333330808,0.0,N,,N,
06:38,DCMSHRIRAM,811,1020.0,0.31,0.63,,77.3,0.0,NORMAL,N,3.1471282454760483,0.0,9.441384736428144,0.0,15,0.0,0.0,0.0,25,0.0,20,0.0,4.705882352940783,0.0,N,,N,
06:38,HEXT,29666,566.35,0.31,0.62,,38.6,65.3,NORMAL,N,3.099539496989019,0.0,9.298618490967057,0.0,15,0.0,0.0,11.191442148668044,0.0,25,0.0,20,0.0,9.090909090909843,N,,N,
06:38,HCLTECH,7229,1360.7,0.3,0.6,,52.1,25.7,NORMAL,N,3.0222615361935254,0.0,9.066784608580576,0.0,15,0.0,0.0,0.0,25,0.0,0.0,20,0.0,5.714285714283394,N,,N,
06:38,MPHASIS,4503,2507.0,1.29,2.59,,76.6,53.2,NORMAL,N,12.929292929292929,0.0,30.0,0.0,15,0.0,0.0,8.210555127214421,0.0,25,0.0,20,10.476190476190064,0.0,N,,N,
06:38,UNITDSPR,10447,1531.4,1.26,2.51,,106.2,19.8,NORMAL,N,12.562814070351758,0.0,30.0,0.0,15,0.0,0.0,3.624358614552276,25,0.0,20,0.0,0.0,16.153846153844608,N,,N,
06:38,BAJAJFINSV,16675,2033.7,1.23,2.47,,125.7,11.2,NORMAL,N,12.345064463139007,0.0,30.0,0.0,15,0.0,0.0,11.179209497631556,25,0.0,20,0.0,12.173913043479292,0.0,N,,N,
06:38,TIINDIA,312,2805.5,1.21,2.42,,103.1,0.0,NORMAL,N,12.085137085137085,0.0,30.0,0.0,15,0.0,0.0,0.0,25,0.0,20,0.0,0.9999999999990905,0.0,N,,N,
06:38,NFL,13925,72.75,1.17,2.34,,101.7,12.0,NORMAL,Y,11.681268251981692,0.0,30.0,0.0,15,0.0,0.0,0.029653758606945635,25,0.0,20,0.0,0.0,12.000000000001137,N,,N,
06:38,XCHANGING,11705,68.01,1.15,2.29,,81.5,40.0,NORMAL,N,11.451516954194085,0.0,30.0,0.0,15,0.0,0.0,0.0,25,0.0,0.0,20,0.0,20.0,N,,N,
06:38,JAIBALAJI,14076,66.35,1.13,2.26,,121.3,0.0,NORMAL,N,11.278768480414492,0.0,30.0,0.0,15,0.0,0.0,0.0,25,0.0,20,0.0,20.0,0.0,N,,N,
06:38,PNBGILTS,8736,81.55,1.05,2.11,,100.5,0.0,NORMAL,N,10.532837670384069,0.0,30.0,0.0,15,0.0,0.0,0.0,25,0.0,20,0.0,0.0,0.0,N,,N,
06:38,AETHER,9810,1608.2,1.04,2.09,,108.4,0.0,NORMAL,N,10.429756220155904,0.0,30.0,0.0,15,0.0,0.0,0.0,25,0.0,20,0.0,7.999999999998787,0.0,N,,N,
06:38,PIDILITIND,2664,1677.3,1.04,2.08,,104.1,0.0,NORMAL,N,10.421686746987923,0.0,30.0,0.0,15,0.0,0.0,0.0,25,0.0,20,0.0,3.6363636363598784,0.0,N,,N,
06:38,LALPATHLAB,11654,1951.2,1.01,2.03,,74.6,48.6,NORMAL,N,10.147028370263065,0.0,30.0,0.0,15,0.0,0.0,3.631532362905393,0.0,25,0.0,20,15.862068965516428,0.0,N,,N,
06:38,MUTHOOTFIN,23650,2919.0,1.0,2.01,,107.5,17.5,NORMAL,N,10.034602076124566,0.0,30.0,0.0,15,0.0,0.0,7.480156570712287,25,0.0,20,0.0,0.0,10.0,N,,N,
06:38,PHOENIXLTD,14552,1914.0,0.98,1.95,,109.9,0.0,NORMAL,N,9.759957794777103,0.0,29.27987338433131,0.0,15,0.0,0.0,0.0,25,0.0,20,0.0,10.909090909091097,0.0,N,,N,
06:38,GEOJITFSL,11896,77.71,0.9,1.79,,84.2,25.0,NORMAL,N,8.958712022851179,0.0,26.876136068553535,0.0,15,0.0,0.0,0.0,0.0,25,20,0.0,13.333333333339649,0.0,N,,N,
06:38,LAURUSLABS,19234,1860.7,0.89,1.78,,88.2,20.0,NORMAL,N,8.892262647074821,0.0,26.67678794122446,0.0,15,0.0,0.0,0.0,25,0.0,0.0,20,12.631578947368297,0.0,N,,N,
06:38,OBEROIRLTY,20242,1790.5,0.87,1.75,,96.7,0.0,NORMAL,N,8.732394366197182,0.0,26.197183098591548,0.0,15,0.0,0.0,0.0,25,0.0,20,0.0,1.818181818182194,0.0,N,,N,
06:38,TECHM,13538,1649.0,0.86,1.71,,52.7,64.3,NORMAL,N,8.562691131498472,0.0,25.68807339449541,0.0,15,0.0,0.0,3.43991500405735,0.0,25,0.0,20,0.0,15.882352941176315,N,,N,
06:38,APLAPOLLO,25780,1986.3,0.83,1.65,,107.3,8.3,NORMAL,N,8.27411167512688,0.0,24.822335025380642,0.0,15,0.0,0.0,8.341032150772461,25,0.0,20,0.0,5.882352941176313,0.0,N,,N,
06:38,EQUITASBNK,913,75.76,0.72,1.44,,107.3,4.8,NORMAL,N,7.17894177080572,0.0,21.53682531241716,0.0,15,0.0,0.0,4.760221445316583,25,0.0,20,0.0,13.846153846153342,0.0,N,,N,
06:38,HDFCAMC,4244,2560.6,0.61,1.23,,93.4,15.6,NORMAL,N,6.1296660117877835,0.0,18.38899803536335,0.0,15,0.0,0.0,8.908738577112663,25,0.0,20,0.0,0.0,6.66666666666414,N,,N,
06:38,PRESTIGE,20302,1594.4,0.61,1.21,,84.2,5.7,NORMAL,N,6.057546693589184,0.0,18.17264008076755,0.0,15,0.0,0.0,0.0,25,0.0,20,0.0,0.0,5.714285714288499,N,,N,
06:38,DALBHARAT,8075,1835.9,0.47,0.93,,78.6,5.5,NORMAL,N,4.65141731421692,0.0,13.95425194265076,0.0,15,0.0,0.0,0.0,25,0.0,20,0.0,0.0,5.51724137931029,N,,N,
06:38,MAZDOCK,509,2525.8,0.43,0.87,,99.4,3.8,NORMAL,N,4.3341683565947315,0.0,13.002505069784194,0.0,15,0.0,0.0,3.7675863928651547,25,0.0,20,0.0,18.285714285714544,0.0,N,,N,
06:38,IDFCFIRSTB,11184,84.91,0.34,0.69,,83.7,0.0,NORMAL,N,3.4270857953201608,0.0,10.281257385960483,0.0,15,0.0,0.0,0.0,25,0.0,20,0.0,10.000000000001776,0.0,N,,N,
06:38,GODFRYPHLP,1181,2293.4,0.32,0.65,,89.7,0.0,NORMAL,N,3.237095363079655,0.0,9.711286089238966,0.0,15,0.0,0.0,0.0,25,0.0,20,0.0,16.774193548387004,0.0,N,,N,
06:38,ASIANPAINT,236,2743.3,0.3,0.61,,95.2,6.3,NORMAL,N,3.0347349177331564,0.0,9.104204753199468,0.0,15,0.0,0.0,6.266305526690129,25,0.0,20,0.0,16.75675675675709,0.0,N,,N,
06:38,PTC,11355,177.92,-12.48,24.97,,83.8,47.1,NORMAL,Y,0.0,30.0,30.0,0.0,0.0,15,0.0,2.0995359216176053,25,0.0,20,0.0,6.666666666667038,0.0,N,,N,
06:38,JAMNAAUTO,20778,127.87,-11.63,23.26,,50.0,73.8,NORMAL,Y,0.0,30.0,30.0,0.0,0.0,15,0.0,0.0,0.0,25,20,0.0,0.0,3.8095238095242605,N,,N,
06:38,PFC,14299,393.25,-6.37,12.74,,32.1,102.1,NORMAL,Y,0.0,30.0,30.0,0.0,0.0,15,0.0,2.1015950625381015,0.0,25,0.0,20,0.0,10.0,N,,N,
06:38,NLCINDIA,8585,289.95,-4.75,9.49,,75.0,55.8,NORMAL,Y,0.0,30.0,30.0,0.0,0.0,15,0.0,0.0,25,0.0,20,0.0,0.0,10.769230769231847,N,,N,
06:38,RECLTD,15355,349.8,-4.69,9.37,,33.0,104.0,NORMAL,Y,0.0,30.0,30.0,0.0,0.0,15,0.0,3.0443880647382993,0.0,25,0.0,20,0.0,11.000000000000227,N,,N,
06:38,RGL,15129,117.9,-4.3,8.6,,31.3,90.0,NORMAL,Y,0.0,30.0,30.0,0.0,0.0,15,0.0,0.0,0.0,25,0.0,20,1.333333333333965,0.0,N,,N,
06:38,OMNI,760865,557.15,-3.67,7.33,,91.4,45.0,NORMAL,N,0.0,30.0,30.0,0.0,0.0,15,0.0,0.0,25,0.0,20,0.0,16.363636363635614,0.0,N,,N,
06:38,WINDLAS,5366,855.7,-3.08,6.15,,53.2,119.2,NORMAL,Y,0.0,30.0,30.0,0.0,0.0,15,0.0,23.211657368034484,0.0,25,0.0,20,0.0,6.0115606936416865,N,,N,
06:38,YATRA,18760,103.95,-2.88,5.76,,75.0,63.8,NORMAL,N,0.0,28.77697841726617,30.0,0.0,0.0,15,0.0,0.0,25,0.0,20,0.0,0.0,20.0,N,,N,
06:38,GOCLCORP,3963,426.15,-2.76,5.52,,37.6,115.2,NORMAL,N,0.0,27.609811751283566,30.0,0.0,0.0,15,0.0,7.613072059722336,0.0,25,0.0,20,0.0,20.0,N,,N,
06:38,CHALET,8546,836.0,-2.76,5.51,,75.0,62.6,NORMAL,N,0.0,27.56775619402122,30.0,0.0,0.0,15,0.0,0.0,25,0.0,0.0,20,20.0,0.0,N,,N,
06:38,AEGISLOG,40,1334.7,-2.65,5.3,,30.0,92.9,NORMAL,N,0.0,26.477024070021848,30.0,0.0,0.0,15,0.0,0.0,0.0,25,0.0,20,0.0,6.470588235293842,N,,N,
06:38,ZYDUSWELL,17635,520.0,-2.59,5.19,,61.2,60.9,NORMAL,N,0.0,25.94361712091416,30.0,0.0,0.0,15,0.0,0.0,25,0.0,0.0,20,6.249999999999467,0.0,N,,N,
06:38,PARAS,5911,1244.0,-2.59,5.18,,37.4,88.2,NORMAL,N,0.0,25.918095685537477,30.0,0.0,0.0,15,0.0,2.331855428967843,0.0,25,0.0,20,5.1162790697670735,0.0,N,,N,
06:38,VERANDA,8890,251.4,-2.54,5.08,,41.0,116.4,NORMAL,N,0.0,25.3925179298313,30.0,0.0,0.0,15,0.0,10.986869312170427,0.0,25,0.0,20,0.0,20.0,N,,N,
06:38,GODREJCP,10099,1024.2,-2.46,4.91,,55.0,72.5,NORMAL,N,0.0,24.571428571428527,30.0,0.0,0.0,15,0.0,0.0,25,0.0,0.0,20,0.0,12.941176470588156,N,,N,
06:38,WINDMACHIN,24969,296.35,-2.37,4.74,,82.8,49.8,NORMAL,N,0.0,23.719321363860942,30.0,0.0,0.0,15,0.0,7.78720754248149,25,0.0,20,0.0,0.0,3.3333333333323862,N,,N,
06:38,HIKAL,9668,222.0,-2.26,4.53,,40.7,88.9,NORMAL,N,0.0,22.629215461829652,30.0,0.0,0.0,15,0.0,6.247717596645981,0.0,25,0.0,20,4.500000000000107,0.0,N,,N,
06:38,SCI,3048,298.4,-2.08,4.17,,33.3,82.7,NORMAL,N,0.0,20.836751435603027,30.0,0.0,0.0,15,0.0,1.8836898290029078,0.0,25,0.0,20,1.4285714285701525,0.0,N,,N,
06:38,MRPL,2283,163.6,-2.04,4.08,,63.3,55.4,NORMAL,N,0.0,20.41793904556611,30.0,0.0,0.0,15,0.0,0.0,25,0.0,0.0,20,8.333333333333531,0.0,N,,N,
06:38,POWERMECH,10473,2462.0,-5.91,11.82,,30.0,93.0,NORMAL,Y,0.0,30.0,30.0,0.0,0.0,15,0.0,0.0,0.0,25,0.0,20,0.0,3.000000000001819,N,,N,
06:38,ABFRL,30108,60.17,-4.99,9.98,,75.0,48.1,NORMAL,N,0.0,30.0,30.0,0.0,0.0,15,0.0,0.0,25,0.0,20,0.0,0.0,3.0769230769225726,N,,N,
06:38,LUPIN,10440,2255.0,-4.59,9.18,,37.5,103.3,NORMAL,Y,0.0,30.0,30.0,0.0,0.0,15,0.0,7.489723421677301,0.0,25,0.0,20,0.0,5.789473684209771,N,,N,
06:38,INOXWIND,7852,74.92,-3.95,7.9,,75.0,50.3,NORMAL,N,0.0,30.0,30.0,0.0,0.0,15,0.0,0.0,25,0.0,20,0.0,0.0,5.33333333333447,N,,N,
06:38,KIRLOSENG,20936,2080.0,-3.78,7.56,,34.7,90.0,NORMAL,Y,0.0,30.0,30.0,0.0,0.0,15,0.0,0.0,0.0,25,0.0,20,4.666666666668486,0.0,N,,N,
06:38,TDPOWERSYS,25178,1236.0,-1.97,3.95,,30.0,92.1,NORMAL,N,0.0,19.747799191054078,30.0,0.0,0.0,15,0.0,0.0,0.0,25,0.0,20,0.0,12.380952380951813,N,,N,
06:38,BANKINDIA,4745,142.21,-1.92,3.85,,55.0,72.4,NORMAL,N,0.0,19.241379310344772,30.0,0.0,0.0,15,0.0,0.0,25,0.0,0.0,20,0.0,18.181818181814894,N,,N,
06:38,WESTLIFE,11580,583.85,-1.85,3.7,,32.7,89.2,NORMAL,N,0.0,18.492056821047324,30.0,0.0,0.0,15,0.0,2.666941189032498,0.0,25,0.0,20,0.0,8.000000000000304,N,,N,
06:38,SIS,21501,426.95,-1.84,3.68,,79.0,33.4,NORMAL,N,0.0,18.39291872629038,30.0,0.0,0.0,15,0.0,0.0,25,0.0,20,0.0,4.0000000000009095,0.0,N,,N,
06:38,CHEMPLASTS,5449,180.25,-1.83,3.66,,89.8,33.9,NORMAL,N,0.0,18.299656881433545,30.0,0.0,0.0,15,0.0,0.5571355586742401,25,0.0,20,0.0,14.285714285713125,0.0,N,,N,
06:38,FINPIPE,1041,161.48,-1.79,3.59,,46.3,81.8,NORMAL,N,0.0,17.940765067201955,30.0,0.0,0.0,15,0.0,3.878401148089362,0.0,25,0.0,20,12.413793103447126,0.0,N,,N,
06:38,LLOYDSME,17313,2042.6,-2.79,5.58,,50.5,96.8,NORMAL,N,0.0,27.88882543308582,30.0,0.0,0.0,15,0.0,8.924078323756738,0.0,25,0.0,20,11.599999999999909,0.0,N,,Y,NONRESULTS
06:38,SBIN,3045,1077.7,-1.78,3.55,,36.4,79.1,NORMAL,N,0.0,17.77251184834123,30.0,0.0,0.0,15,0.0,1.3700722774911254,0.0,25,0.0,20,4.999999999994316,0.0,N,,N,
06:38,SURYAROSNI,3375,247.9,-1.76,3.53,,36.8,81.7,NORMAL,N,0.0,17.634238161283886,30.0,0.0,0.0,15,0.0,4.060648407459408,0.0,25,0.0,20,2.76923076923085,0.0,N,,N,
06:38,EIDPARRY,916,791.35,-1.71,3.42,,36.9,77.5,NORMAL,N,0.0,17.078623773444292,30.0,0.0,0.0,15,0.0,0.43357638546249033,0.0,25,0.0,20,6.428571428572183,0.0,N,,N,
06:38,MARKSANS,10579,269.25,-1.68,3.36,,33.7,100.5,NORMAL,N,0.0,16.797516888807824,30.0,0.0,0.0,15,0.0,3.6797232788518346,0.0,25,0.0,20,0.0,20.0,N,,N,
06:38,INDOCO,11677,218.01,-1.68,3.36,,34.3,78.4,NORMAL,N,0.0,16.777161412528745,30.0,0.0,0.0,15,0.0,1.5934233452080793,0.0,25,0.0,20,2.739726027397143,0.0,N,,N,
06:38,IPCALAB,1633,1690.0,-2.64,5.28,,34.0,92.5,NORMAL,N,0.0,26.385528286668947,30.0,0.0,0.0,15,0.0,3.973853273520226,0.0,25,0.0,20,0.0,2.1052631578951146,N,,N,
06:38,SAMHI,18614,171.79,-1.64,3.28,,31.0,81.4,NORMAL,N,0.0,16.375608359576372,30.0,0.0,0.0,15,0.0,1.0014854551152554,0.0,25,0.0,20,0.0,4.000000000002274,N,,N,
06:38,WSTCSTPAPR,3799,589.35,-1.63,3.25,,56.1,57.4,NORMAL,N,0.0,16.274411617426136,30.0,0.0,0.0,15,0.0,1.1384676958814994,25,0.0,0.0,20,0.0,5.0,N,,N,
06:38,RITES,3761,230.49,-1.6,3.2,,37.6,78.8,NORMAL,N,0.0,16.009221311475407,30.0,0.0,0.0,15,0.0,2.7527110819006797,0.0,25,0.0,20,4.848484848485422,0.0,N,,N,
06:38,TRENT,1964,3026.3,-2.6,5.2,,90.1,44.9,NORMAL,N,0.0,26.004956390202995,30.0,0.0,0.0,15,0.0,3.8931186621529648,25,0.0,20,0.0,11.157894736842488,0.0,N,,N,
06:38,HINDALCO,1363,1043.3,-1.54,3.08,,30.8,75.4,NORMAL,N,0.0,15.383163457908603,30.0,0.0,0.0,15,0.0,0.0,0.0,25,0.0,20,0.8333333333325438,0.0,N,,N,
06:38,PETRONET,11351,276.35,-1.51,3.03,,30.0,88.5,NORMAL,N,0.0,15.146115466856733,30.0,0.0,0.0,15,0.0,0.0,0.0,25,0.0,20,0.0,13.333333333333332,N,,N,
06:38,GAIL,4717,171.03,-1.5,2.99,,47.5,80.4,NORMAL,N,0.0,14.974370788458181,30.0,0.0,0.0,15,0.0,5.469423732829497,0.0,25,0.0,20,12.0,0.0,N,,N,
06:38,PSPPROJECT,20877,949.1,-1.44,2.88,,75.0,36.0,NORMAL,N,0.0,14.382885923464377,30.0,0.0,0.0,15,0.0,0.0,25,0.0,20,0.0,0.0,6.666666666666278,N,,N,
06:38,MSTCLTD,9356,582.75,-1.44,2.88,,55.0,53.4,NORMAL,N,0.0,14.37632135306554,30.0,0.0,0.0,15,0.0,0.0,25,0.0,0.0,20,0.0,4.000000000005457,N,,N,
06:38,SBICARD,17971,650.0,-1.37,2.73,,52.4,96.1,NORMAL,N,0.0,13.657056145675265,30.0,0.0,0.0,15,0.0,22.441876472841944,0.0,25,0.0,20,0.0,0.0,N,,N,
06:38,GARFIBRES,1100,800.8,-1.36,2.72,,30.0,93.6,NORMAL,N,0.0,13.610888710968858,30.0,0.0,0.0,15,0.0,0.0,0.0,25,0.0,20,0.0,20.0,N,,N,
06:38,FSL,14304,276.15,-1.32,2.64,,32.1,78.8,NORMAL,N,0.0,13.221368590316404,30.0,0.0,0.0,15,0.0,2.0699130746126917,0.0,25,0.0,20,0.0,3.52941176470659,N,,N,
06:38,TTKPRESTIG,3546,607.85,-1.32,2.63,,55.0,68.2,NORMAL,N,0.0,13.150418053413462,30.0,0.0,0.0,15,0.0,0.0,25,0.0,0.0,20,0.0,20.0,N,,N,
06:38,J&KBANK,5633,157.16,-1.31,2.61,,91.6,61.3,NORMAL,N,0.0,13.062044712383901,30.0,0.0,0.0,15,0.0,16.565993808117273,25,0.0,20,0.0,0.0,16.70103092783512,N,,N,
06:38,JAINREC,759244,304.65,-1.22,2.43,,40.0,72.2,NORMAL,N,0.0,12.159533073929962,30.0,0.0,0.0,15,0.0,0.0,0.0,25,0.0,20,10.0,0.0,N,,N,
06:38,BAJAJELEC,15034,366.65,-1.21,2.42,,81.4,27.1,NORMAL,N,0.0,12.124477973865016,30.0,0.0,0.0,15,0.0,0.02262122657310993,25,0.0,20,0.0,6.400000000000546,0.0,N,,N,
06:38,MATRIMONY,21726,475.0,-1.21,2.41,,76.4,48.4,NORMAL,N,0.0,12.063227953411007,30.0,0.0,0.0,15,0.0,1.3538024267384454,25,0.0,0.0,20,20.0,0.0,N,,N,
06:38,VOLTAS,3718,1269.5,-1.21,2.41,,51.2,79.5,NORMAL,N,0.0,12.062256809338523,30.0,0.0,0.0,15,0.0,7.4827069952471525,0.0,25,0.0,20,13.714285714284935,0.0,N,,N,
06:38,PATANJALI,17029,353.4,-1.15,2.29,,55.0,59.0,NORMAL,N,0.0,11.468531468531532,30.0,0.0,0.0,15,0.0,0.011391112319066232,25,0.0,0.0,20,0.0,12.50000000000071,N,,N,
06:38,ZODIACLOTH,3821,76.0,-2.1,4.2,,32.5,83.5,NORMAL,N,0.0,20.997037227875765,30.0,0.0,0.0,15,0.0,2.5480646531946105,0.0,25,0.0,20,0.0,0.0,N,,N,
06:38,CANBK,10794,130.56,-1.05,2.11,,75.0,45.5,NORMAL,N,0.0,10.534293292913882,30.0,0.0,0.0,15,0.0,0.0,25,0.0,0.0,20,20.0,0.0,N,,N,
06:38,VAIBHAVGBL,11364,240.4,-1.05,2.1,,75.0,25.5,NORMAL,N,0.0,10.495986828565478,30.0,0.0,0.0,15,0.0,0.0,25,0.0,20,0.0,0.0,0.0,N,,N,
06:38,GRANULES,11872,864.7,-1.05,2.09,,30.0,70.5,NORMAL,N,0.0,10.470904617497256,30.0,0.0,0.0,15,0.0,0.0,0.0,25,0.0,20,0.0,0.0,N,,N,
06:38,UBL,16713,1385.8,-1.04,2.07,,78.6,36.8,NORMAL,N,0.0,10.354923944868958,30.0,0.0,0.0,15,0.0,3.6340844360058124,25,0.0,20,0.0,0.0,7.8260869565219116,N,,N,
06:38,EXIDEIND,676,485.0,-1.02,2.04,,43.5,79.3,NORMAL,N,0.0,10.204081632653061,30.0,0.0,0.0,15,0.0,9.134835151653087,0.0,25,0.0,20,4.347826086956393,0.0,N,,N,
06:38,APTUS,5435,258.0,-1.02,2.03,,55.0,47.7,NORMAL,N,0.0,10.166890466142249,30.0,0.0,0.0,15,0.0,0.0,25,0.0,0.0,20,0.0,2.5000000000003553,N,,N,
06:38,EMSLIMITED,18593,400.35,-1.0,2.0,,75.2,42.7,NORMAL,N,0.0,10.014836795252114,30.0,0.0,0.0,15,0.0,0.23139753476523434,25,0.0,20,0.0,0.0,17.499999999999645,N,,N,
06:38,YUKEN,5501,792.05,-1.0,2.0,,32.2,72.2,NORMAL,N,0.0,9.999375039060059,29.998125117180177,0.0,0.0,15,0.0,2.1912845280280813,0.0,25,0.0,20,0.0,0.0,N,,N,
06:38,LOTUSEYE,16807,117.65,-0.98,1.97,,52.1,52.4,NORMAL,N,0.0,9.846827133479106,29.540481400437322,0.0,0.0,15,0.0,2.5654111878312125,0.0,25,20,0.0,0.0,0.0,N,,N,
06:38,TITAGARH,15414,839.4,-0.95,1.9,,77.3,24.5,NORMAL,N,0.0,9.499085491769506,28.49725647530852,0.0,0.0,15,0.0,0.0,25,0.0,20,0.0,3.809523809522263,0.0,N,,N,
06:38,KFINTECH,13359,927.15,-0.95,1.89,,77.9,30.3,NORMAL,N,0.0,9.45512820512823,28.365384615384688,0.0,0.0,15,0.0,4.539615906509408,25,0.0,20,0.0,0.0,1.3333333333321207,N,,N,
06:38,CAMPUS,9362,222.27,-0.94,1.87,,60.1,44.4,NORMAL,N,0.0,9.359540045460598,28.078620136381794,0.0,0.0,15,0.0,0.0,25,0.0,0.0,20,7.027027027026694,0.0,N,,N,
06:38,TCIEXP,19223,549.45,-0.93,1.86,,72.9,44.3,NORMAL,N,0.0,9.285971871619143,27.857915614857433,0.0,0.0,15,0.0,0.0,25,0.0,20,0.0,0.0,20.0,N,,N,
06:38,WHIRLPOOL,18011,805.6,-0.93,1.86,,89.9,29.2,NORMAL,N,0.0,9.284879788476854,27.85463936543056,0.0,0.0,15,0.0,4.879499244558102,25,0.0,20,0.0,12.12121212121187,0.0,N,,N,
06:38,TREJHARA,7518,176.02,-0.92,1.85,,72.7,24.2,NORMAL,N,0.0,9.231115614094263,27.693346842282786,0.0,0.0,15,0.0,0.0,25,0.0,20,0.0,0.0,0.0,N,,N,
06:38,HDBFS,757772,659.55,-0.92,1.83,,52.5,47.5,NORMAL,N,0.0,9.163975061969538,27.491925185908613,0.0,0.0,15,0.0,0.0,25,0.0,0.0,20,0.0,3.3333333333345965,N,,N,
06:38,MARICO,4067,854.2,-0.9,1.81,,55.6,58.2,NORMAL,N,0.0,9.048723897911778,27.146171693735337,0.0,0.0,15,0.0,3.4078531237417673,25,0.0,0.0,20,0.0,10.76923076923068,N,,N,
06:38,GPIL,13409,238.5,-0.88,1.75,,80.6,23.8,NORMAL,N,0.0,8.769377831345386,26.30813349403616,0.0,0.0,15,0.0,0.0,25,0.0,20,0.0,9.285714285713922,0.0,N,,N,
06:38,PVRINOX,13147,1146.2,-0.85,1.7,,25.4,79.0,NORMAL,N,0.0,8.477508650518992,25.432525951556972,0.0,0.0,15,0.0,0.0,0.0,25,0.0,20,0.0,10.476190476191094,N,,N,
06:38,ELGIEQUIP,937,583.5,-0.84,1.68,,50.2,56.7,NORMAL,N,0.0,8.411929645679406,25.235788937038215,0.0,0.0,15,0.0,0.0,25,0.0,0.0,20,0.0,13.333333333333332,N,,N,
06:38,GODREJIND,10925,1300.6,-0.83,1.66,,54.8,43.5,NORMAL,N,0.0,8.31109416698444,24.933282500953315,0.0,0.0,15,0.0,0.20248414780236046,25,0.0,0.0,20,4.705882352940783,0.0,N,,N,
06:38,SHARDACROP,4992,807.3,-0.83,1.66,,49.9,59.0,NORMAL,N,0.0,8.291873963515755,24.875621890547265,0.0,0.0,15,0.0,0.0,25,0.0,0.0,20,0.0,15.714285714285946,N,,N,
06:38,SANGAMIND,4184,606.75,-0.83,1.65,,49.8,63.3,NORMAL,N,0.0,8.25433148087603,24.76299444262809,0.0,0.0,15,0.0,0.0,25,0.0,0.0,20,0.0,20.0,N,,N,
06:38,SYNGENE,10243,400.4,-0.82,1.63,,72.0,23.2,NORMAL,N,0.0,8.174386920980956,24.523160762942865,0.0,0.0,15,0.0,0.0,25,0.0,20,0.0,2.5000000000007105,0.0,N,,N,
06:38,ICICIPRULI,18652,497.0,-0.81,1.62,,77.2,24.3,NORMAL,N,0.0,8.083025646143124,24.24907693842937,0.0,0.0,15,0.0,1.2524889163063047,25,0.0,20,0.0,6.666666666666035,0.0,N,,N,
06:38,TATAINVEST,1621,688.05,-0.81,1.61,,31.7,68.1,NORMAL,N,0.0,8.073235781734336,24.219707345203012,0.0,0.0,15,0.0,0.0,0.0,25,0.0,20,7.4999999999992895,0.0,N,,N,
06:38,WOCKPHARMA,7506,1984.5,-1.81,3.61,,49.5,90.7,NORMAL,N,0.0,18.06036615536863,30.0,0.0,0.0,15,0.0,12.684449877022775,0.0,25,0.0,20,6.825396825396802,0.0,N,,N,
06:38,COALINDIA,20374,411.95,-0.79,1.59,,56.8,42.9,NORMAL,N,0.0,7.947019867549696,23.84105960264909,0.0,0.0,15,0.0,0.0,25,0.0,0.0,20,8.000000000001819,0.0,N,,N,
06:38,TEXRAIL,21828,107.95,-0.76,1.53,,36.2,71.0,NORMAL,N,0.0,7.630079058650471,22.890237175951416,0.0,0.0,15,0.0,3.3592109307327944,0.0,25,0.0,20,10.0,0.0,N,,N,
06:38,RAJRATAN,18962,521.0,-0.76,1.52,,31.1,71.6,NORMAL,N,0.0,7.619047619047619,22.857142857142854,0.0,0.0,15,0.0,3.9947796065833354,0.0,25,0.0,20,4.210526315790229,0.0,N,,N,
06:38,POWERGRID,14977,269.55,-0.75,1.51,,67.7,45.7,NORMAL,N,0.0,7.547864506627435,22.6435935198823,0.0,0.0,15,0.0,3.1785887398266905,25,0.0,0.0,20,16.923076923077865,0.0,N,,N,
06:38,MGL,17534,1131.0,-0.75,1.51,,47.6,49.2,NORMAL,N,0.0,7.546507546507467,22.6395226395224,0.0,0.0,15,0.0,0.0,25,0.0,0.0,20,0.0,6.666666666665825,N,,N,
06:38,RVNL,9552,231.62,-0.75,1.51,,78.6,25.4,NORMAL,N,0.0,7.5413488730824865,22.624046619247462,0.0,0.0,15,0.0,2.8464796139197968,25,0.0,20,0.0,8.148148148149708,0.0,N,,N,
06:38,TNPL,3980,155.42,-0.75,1.51,,22.6,87.5,NORMAL,N,0.0,7.53512132822482,22.605363984674458,0.0,0.0,15,0.0,0.0,0.0,25,0.0,20,0.0,20.0,N,,N,
06:38,IOC,1624,142.31,-0.75,1.49,,67.4,42.5,NORMAL,N,0.0,7.462686567164132,22.388059701492395,0.0,0.0,15,0.0,0.0,25,0.0,20,0.0,0.0,20.0,N,,N,
06:38,TVSSCS,18151,132.81,-0.73,1.46,,47.0,104.8,NORMAL,N,0.0,7.324912175797815,21.974736527393446,0.0,0.0,15,0.0,25.0,0.0,25,0.0,20,0.0,12.47787610619471,N,,N,
06:38,NTPC,11630,340.0,-0.73,1.46,,29.3,81.4,NORMAL,N,0.0,7.299270072992701,21.8978102189781,0.0,0.0,15,0.0,7.422385757727,0.0,25,0.0,20,0.0,6.66666666666793,N,,N,
06:38,SHYAMMETL,4693,999.6,-0.72,1.45,,24.4,82.4,NORMAL,N,0.0,7.249975171317861,21.749925513953585,0.0,0.0,15,0.0,2.671552550272254,0.0,25,0.0,20,0.0,12.499999999999822,N,,N,
06:38,ANANTRAJ,13620,611.45,-0.72,1.45,,22.6,79.0,NORMAL,N,0.0,7.225198895924553,21.67559668777366,0.0,0.0,15,0.0,0.9080302813907997,0.0,25,0.0,20,0.0,10.90909090908903,N,,N,
06:38,ITC,1660,284.05,-0.72,1.43,,55.2,56.9,NORMAL,N,0.0,7.165326808808149,21.495980426424445,0.0,0.0,15,0.0,8.741036748736791,25,0.0,0.0,20,0.0,6.000000000000227,N,,N,
06:38,HINDZINC,1424,598.7,-0.71,1.43,,42.7,75.1,NORMAL,N,0.0,7.131011608623473,21.39303482587042,0.0,0.0,15,0.0,7.944291037294779,0.0,25,0.0,20,13.33333333333586,0.0,N,,N,
06:38,POONAWALLA,11403,476.65,-0.71,1.42,,21.2,72.1,NORMAL,N,0.0,7.082595562962263,21.247786688886787,0.0,0.0,15,0.0,0.0,0.0,25,0.0,20,0.0,4.999999999999527,N,,N,
06:38,MASFIN,199,300.05,-0.7,1.39,,21.7,67.8,NORMAL,N,0.0,6.950190302829608,20.850570908488823,0.0,0.0,15,0.0,0.8270629633688424,0.0,25,0.0,20,0.0,0.0,N,,N,
06:38,TATACAP,759265,367.8,-0.68,1.35,,72.5,21.8,NORMAL,N,0.0,6.751282743721306,20.253848231163918,0.0,0.0,15,0.0,0.0,25,0.0,20,0.0,7.2727272727267085,0.0,N,,N,
06:38,ABMKNO,762528,185.0,-0.65,1.3,,39.5,46.5,NORMAL,N,0.0,6.498039847484066,19.4941195424522,0.0,0.0,15,0.0,0.0,0.0,25,20,0.0,0.0,0.0,N,,N,
06:38,ASHOKLEY,212,176.35,-0.65,1.3,,19.4,66.5,NORMAL,N,0.0,6.478873239436651,19.436619718309952,0.0,0.0,15,0.0,0.0,0.0,25,0.0,20,0.0,0.0,N,,N,
06:38,NYKAA,6545,329.85,-0.65,1.3,,57.8,41.5,NORMAL,N,0.0,6.475903614457763,19.42771084337329,0.0,0.0,15,0.0,0.0,25,0.0,0.0,20,13.333333333334176,0.0,N,,N,
06:38,HUDCO,20825,199.75,-0.64,1.28,,49.7,91.4,NORMAL,N,0.0,6.416633505769956,19.249900517309868,0.0,0.0,15,0.0,25.0,0.0,25,0.0,20,5.454545454545454,0.0,N,,N,
06:38,LICHSGFIN,1997,501.05,-0.63,1.27,,50.7,41.3,NORMAL,N,0.0,6.346058502726799,19.038175508180398,0.0,0.0,15,0.0,0.0,25,0.0,0.0,20,6.666666666669193,0.0,N,,N,
06:38,PNB,10666,114.09,-0.63,1.25,,43.8,56.3,NORMAL,N,0.0,6.271230729030563,18.813692187091686,0.0,0.0,15,0.0,0.0,25,0.0,0.0,20,0.0,15.000000000000888,N,,N,
06:38,SYMPHONY,24190,650.0,-0.62,1.24,,43.6,58.5,NORMAL,N,0.0,6.192187141655769,18.576561424967306,0.0,0.0,15,0.0,0.0,25,0.0,0.0,20,0.0,17.333333333332728,N,,N,
06:38,SPARC,14788,211.89,-0.62,1.24,,63.6,30.2,NORMAL,N,0.0,6.191079217672819,18.573237653018452,0.0,0.0,15,0.0,0.0,25,0.0,20,0.0,0.0,9.000000000000213,N,,N,
06:38,ROLEXRINGS,5279,155.72,-0.61,1.23,,21.5,77.5,NORMAL,N,0.0,6.12713811590508,18.38141434771524,0.0,0.0,15,0.0,3.1141126546517754,0.0,25,0.0,20,0.0,8.235294117646173,N,,N,
06:38,BPCL,526,319.05,-0.61,1.21,,67.7,31.3,NORMAL,N,0.0,6.0747663551401505,18.224299065420453,0.0,0.0,15,0.0,4.482570181290906,25,0.0,20,0.0,0.0,5.714285714283394,N,,N,
06:38,GMRAIRPORT,13528,106.55,-0.61,1.21,,43.2,41.1,NORMAL,N,0.0,6.063432835820949,18.190298507462845,0.0,0.0,15,0.0,0.0,25,0.0,0.0,20,0.0,0.0,Y,NONRESULTS,N,
06:38,WIPRO,3787,186.4,-0.6,1.21,,43.2,51.8,NORMAL,N,0.0,6.025702554257961,18.077107662773884,0.0,0.0,15,0.0,0.13853072930319107,25,0.0,0.0,20,0.0,10.588235294118826,N,,N,
06:38,ADANIGREEN,3563,1364.2,-0.6,1.19,,42.9,49.3,NORMAL,N,0.0,5.974934421451504,17.924803264354512,0.0,0.0,15,0.0,0.0,25,0.0,0.0,20,0.0,8.333333333333018,N,,N,
06:38,MAITHANALL,24538,967.55,-0.6,1.19,,23.5,67.4,NORMAL,N,0.0,5.958802075306999,17.876406225921,0.0,0.0,15,0.0,1.4333963486973207,0.0,25,0.0,20,4.210526315790229,0.0,N,,N,
06:38,SAPPHIRE,6718,222.9,-0.59,1.18,,64.1,38.3,NORMAL,N,0.0,5.887075194005856,17.66122558201757,0.0,0.0,15,0.0,1.4316230335508893,25,0.0,20,0.0,0.0,16.0,N,,N,
06:38,BHARTIHEXA,23489,1514.5,-1.58,3.16,,83.2,33.5,NORMAL,N,0.0,15.791525864309824,30.0,0.0,0.0,15,0.0,2.6915921327084362,25,0.0,20,0.0,5.555555555555696,0.0,N,,N,
06:38,GREAVESCOT,1235,197.7,-0.58,1.16,,52.3,66.7,NORMAL,N,0.0,5.783253708825777,17.349761126477333,0.0,0.0,15,0.0,9.919274151381211,25,0.0,0.0,20,0.0,15.963302752294029,N,,N,
06:38,SHARDAMOTR,10530,935.9,-0.57,1.15,,42.2,60.7,NORMAL,N,0.0,5.736747051949409,17.210241155848223,0.0,0.0,15,0.0,0.0,25,0.0,0.0,20,0.0,20.0,N,,N,
06:38,DRREDDY,881,1165.3,-0.57,1.14,,45.2,55.8,NORMAL,N,0.0,5.716723549488093,17.15017064846428,0.0,0.0,15,0.0,3.047510670397955,25,0.0,0.0,20,0.0,11.999999999998181,N,,N,
06:39,DIAMONDYD,21840,1220.4,-0.57,1.14,,17.1,75.0,NORMAL,N,0.0,5.703112269838684,17.10933680951605,0.0,0.0,15,0.0,0.0,0.0,25,0.0,20,0.0,9.268292682926369,N,,N,
06:39,RAMKY,20134,404.55,-0.57,1.13,,67.0,55.7,NORMAL,N,0.0,5.6531891360452535,16.95956740813576,0.0,0.0,15,0.0,10.010938702584959,0.0,25,20,0.0,20.0,0.0,N,,N,
06:39,ASTRAL,14418,1436.1,-0.55,1.09,,49.3,47.8,NORMAL,N,0.0,5.470914127423886,16.41274238227166,0.0,0.0,15,0.0,7.283292704513222,25,0.0,0.0,20,0.5882352941171356,0.0,N,,N,
06:39,ROSSARI,19410,511.15,-0.54,1.09,,61.6,40.7,NORMAL,N,0.0,5.448000778285958,16.344002334857873,0.0,0.0,15,0.0,0.24781816910275845,25,0.0,20,0.0,0.0,20.0,N,,N,
06:39,JYOTHYLAB,15146,205.37,-0.53,1.07,,25.3,76.6,NORMAL,N,0.0,5.327650506126771,15.982951518380313,0.0,0.0,15,0.0,9.29224525898079,0.0,25,0.0,20,0.0,2.028985507246102,N,,N,
06:39,RELIANCE,2885,1327.7,-0.53,1.06,,63.7,35.1,NORMAL,N,0.0,5.319148936170144,15.957446808510435,0.0,0.0,15,0.0,2.7854587868921135,25,0.0,20,0.0,0.0,12.000000000002728,N,,N,
06:39,IREDA,20261,119.17,-0.53,1.05,,60.8,20.3,NORMAL,N,0.0,5.258764607679428,15.776293823038284,0.0,0.0,15,0.0,0.0,25,0.0,20,0.0,0.0,0.0,N,,N,
06:39,CROMPTON,17094,248.65,-0.52,1.04,,43.3,75.3,NORMAL,N,0.0,5.20104020804154,15.603120624124623,0.0,0.0,15,0.0,10.059514588204143,0.0,25,0.0,20,17.64705882352953,0.0,N,,N,
06:39,ITDC,19299,698.2,-0.51,1.01,,60.2,40.1,NORMAL,N,0.0,5.058781617385044,15.176344852155133,0.0,0.0,15,0.0,0.0,25,0.0,0.0,20,20.0,0.0,N,,N,
06:39,BIOCON,11373,424.2,-0.5,1.01,,15.7,69.0,NORMAL,N,0.0,5.042805206989643,15.128415620968926,0.0,0.0,15,0.0,0.5770476447564082,0.0,25,0.0,20,0.0,3.333333333333965,N,,N,
06:39,GUJGASLTD,10599,264.0,-0.49,0.98,,43.7,39.9,NORMAL,N,0.0,4.900113079532646,14.700339238597941,0.0,0.0,15,0.0,0.0,25,0.0,0.0,20,3.999999999996362,0.0,N,,N,
06:39,FDC,4898,368.0,-0.49,0.97,,79.6,19.9,NORMAL,N,0.0,4.86749594375341,14.602487831260232,0.0,0.0,15,0.0,0.0,25,0.0,20,0.0,20.0,0.0,N,,N,
06:39,UNIONBANK,10753,182.73,-0.47,0.95,,57.1,39.7,NORMAL,N,0.0,4.738562091503293,14.215686274509878,0.0,0.0,15,0.0,0.0,25,0.0,0.0,20,17.894736842104162,0.0,N,,N,
06:39,PUNJABCHEM,4344,1106.0,-0.46,0.92,,13.8,84.6,NORMAL,N,0.0,4.5900459004589225,13.770137701376768,0.0,0.0,15,0.0,0.0,0.0,25,0.0,20,0.0,20.0,N,,N,
06:39,FEDERALBNK,1023,354.65,-0.45,0.9,,40.6,41.6,NORMAL,N,0.0,4.491228070175503,13.473684210526507,0.0,0.0,15,0.0,2.142122108113455,25,0.0,0.0,20,0.0,0.0,N,,N,
06:39,GICRE,277,355.6,-0.45,0.9,,14.3,75.3,NORMAL,N,0.0,4.479283314669558,13.437849944008672,0.0,0.0,15,0.0,0.868063388089646,0.0,25,0.0,20,0.0,10.0,N,,N,
06:39,RSYSTEMS,13414,246.75,-0.44,0.89,,36.4,57.5,NORMAL,N,0.0,4.43816824692352,13.31450474077056,0.0,0.0,15,0.0,3.1089978180816367,0.0,25,20,0.0,0.0,10.000000000000473,N,,N,
06:39,VISHNU,6908,584.05,-0.43,0.87,,78.0,19.3,NORMAL,N,0.0,4.347084896011027,13.041254688033082,0.0,0.0,15,0.0,0.0,25,0.0,20,0.0,20.0,0.0,N,,N,
06:39,INDUSINDBK,5258,1017.6,-0.43,0.86,,27.2,71.9,NORMAL,N,0.0,4.305283757338529,12.915851272015589,0.0,0.0,15,0.0,7.601299310166319,0.0,25,0.0,20,6.666666666667027,0.0,N,,N,
06:39,UPL,11287,570.6,-0.42,0.84,,56.5,76.9,NORMAL,N,0.0,4.188481675392631,12.565445026177892,0.0,0.0,15,0.0,18.937446553211306,25,0.0,0.0,20,0.0,18.82352941176447,N,,N,
06:39,AWL,8110,196.7,-0.41,0.81,,39.3,48.9,NORMAL,N,0.0,4.050632911392463,12.151898734177388,0.0,0.0,15,0.0,2.112662325462446,25,0.0,0.0,20,0.0,7.777777777776725,N,,N,
06:39,MHRIL,17333,228.74,-0.4,0.8,,14.8,85.6,NORMAL,N,0.0,4.0059217974396395,12.017765392318918,0.0,0.0,15,0.0,2.781253187484103,0.0,25,0.0,20,0.0,18.823529411764113,N,,N,
06:39,KPRMILL,14912,1072.4,-0.4,0.8,,32.8,68.4,NORMAL,N,0.0,3.9936844060554972,11.981053218166492,0.0,0.0,15,0.0,4.358416225980881,0.0,25,0.0,20,16.428571428570034,0.0,N,,N,
06:39,HAVELLS,9819,1283.0,-0.39,0.78,,62.6,18.9,NORMAL,N,0.0,3.8819875776397517,11.645962732919255,0.0,0.0,15,0.0,0.0,25,0.0,20,0.0,5.9999999999990905,0.0,N,,N,
06:39,NITTAGELA,762824,1699.1,-1.38,2.76,,30.0,73.8,NORMAL,N,0.0,13.813918393406569,30.0,0.0,0.0,15,0.0,0.0,0.0,25,0.0,20,0.0,0.0,N,,N,
06:39,KIMS,4847,808.15,-0.36,0.73,,12.7,68.3,NORMAL,N,0.0,3.6370361237825732,10.91110837134772,0.0,0.0,15,0.0,1.8302449322034064,0.0,25,0.0,20,0.0,2.8571428571428568,N,,N,
06:39,MFSL,2142,1492.1,-0.35,0.71,,62.3,18.5,NORMAL,N,0.0,3.539468411914105,10.618405235742316,0.0,0.0,15,0.0,0.0,25,0.0,20,0.0,6.666666666666666,0.0,N,,N,
06:39,AMBUJACEM,1270,432.5,-0.35,0.69,,35.4,41.3,NORMAL,N,0.0,3.456221198156682,10.368663594470046,0.0,0.0,15,0.0,0.0,25,0.0,0.0,20,0.0,2.857142857143785,N,,N,
06:39,LICI,9480,392.7,-0.33,0.66,,37.5,73.6,NORMAL,N,0.0,3.2994923857868312,9.898477157360494,0.0,0.0,15,0.0,10.301447721680663,0.0,25,0.0,20,17.27272727272767,0.0,N,,N,
06:39,CONCOR,4749,503.6,-0.32,0.63,,42.1,52.4,NORMAL,N,0.0,3.1670625494852853,9.501187648455854,0.0,0.0,15,0.0,7.5816634077569,25,0.0,0.0,20,0.0,6.666666666669193,N,,N,
06:39,HOMEFIRST,2056,1190.1,-0.31,0.62,,55.5,24.3,NORMAL,N,0.0,3.0993466242252015,9.298039872675604,0.0,0.0,15,0.0,1.2198708808945835,25,0.0,20,0.0,0.0,4.999999999998579,N,,N,
06:39,MUKANDLTD,11325,142.79,-0.3,0.6,,21.7,83.6,NORMAL,N,0.0,3.0023739701159533,9.00712191034786,0.0,0.0,15,0.0,12.653326468085996,0.0,25,0.0,20,0.0,7.971014492753402,N,,N,
06:39,TOKYOPLAST,9710,80.0,-1.23,2.47,,62.1,34.5,NORMAL,N,0.0,12.345679012345677,30.0,0.0,0.0,15,0.0,7.1428571428571415,25,0.0,0.0,0.0,0.0,0.0,N,,N,
06:39,LLOYDSENGG,17801,95.78,-1.14,2.27,,48.6,74.5,NORMAL,N,0.0,11.354252683732394,30.0,0.0,0.0,15,0.0,3.1670921435157298,0.0,25,0.0,20,15.384615384615048,0.0,N,,N,
06:39,MASTEK,2124,1812.7,-1.05,2.11,,33.1,73.7,NORMAL,N,0.0,10.534934497816568,30.0,0.0,0.0,15,0.0,3.1465552347170154,0.0,25,0.0,20,0.0,0.0,N,,N,
06:39,RAINBOW,9408,1540.6,-1.03,2.07,,56.3,45.3,NORMAL,N,0.0,10.342390955225886,30.0,0.0,0.0,15,0.0,0.0,25,0.0,0.0,20,1.3333333333321207,0.0,N,,N,
06:39,ZFCVINDIA,16915,2614.2,-0.87,1.74,,55.7,43.7,NORMAL,N,0.0,8.721371151220993,26.164113453662978,0.0,0.0,15,0.0,0.0,25,0.0,0.0,20,4.516129032257023,0.0,N,,N,
06:39,ADANIPORTS,15083,1679.9,-0.8,1.61,,77.1,30.1,NORMAL,N,0.0,8.030705639208685,24.092116917626054,0.0,0.0,15,0.0,7.031307698544563,25,0.0,20,0.0,0.9523809523822929,0.0,N,,N,
06:39,AUROPHARMA,275,1644.8,-0.8,1.59,,29.2,78.0,NORMAL,N,0.0,7.961399276236456,23.884197828709368,0.0,0.0,15,0.0,5.310087840485082,0.0,25,0.0,20,0.0,4.705882352942121,N,,N,
06:39,SUPREMEIND,3363,3449.5,-0.79,1.58,,75.2,24.8,NORMAL,N,0.0,7.9091170549324135,23.727351164797238,0.0,0.0,15,0.0,1.8947041671444422,25,0.0,20,0.0,4.615384615384974,0.0,N,,N,
06:39,JAGRAN,13211,62.99,-0.74,1.48,,22.2,67.4,NORMAL,N,0.0,7.406240151276376,22.21872045382913,0.0,0.0,15,0.0,0.0,0.0,25,0.0,20,0.0,0.0,N,,N,
06:39,BAJAJHFL,25270,85.17,-0.72,1.45,,53.3,42.2,NORMAL,N,0.0,7.22694952791706,21.680848583751178,0.0,0.0,15,0.0,0.0,25,0.0,0.0,20,6.666666666669824,0.0,N,,N,
06:39,ADANIENT,25,2998.3,-0.72,1.44,,66.9,36.2,NORMAL,N,0.0,7.185430463576099,21.556291390728298,0.0,0.0,15,0.0,0.3556416421170558,25,0.0,20,0.0,0.0,13.684210526315537,N,,N,
06:39,SRF,3273,2597.6,-0.67,1.33,,50.6,50.8,NORMAL,N,0.0,6.653919694072693,19.96175908221808,0.0,0.0,15,0.0,5.626942181768775,25,0.0,0.0,20,0.0,3.4920634920631026,N,,N,
06:39,MANKIND,15380,2440.2,-0.64,1.29,,19.3,77.1,NORMAL,N,0.0,6.433224755700399,19.2996742671012,0.0,0.0,15,0.0,0.0,0.0,25,0.0,20,0.0,10.66666666666303,N,,N,
06:39,GLENMARK,7406,2264.8,-0.63,1.25,,24.2,86.2,NORMAL,N,0.0,6.2744065639944395,18.82321969198332,0.0,0.0,15,0.0,5.412447855776223,0.0,25,0.0,20,0.0,14.482758620690845,N,,N,
06:39,BHARTIARTL,10604,1947.7,-0.62,1.24,,63.7,28.5,NORMAL,N,0.0,6.224807388132072,18.674422164396212,0.0,0.0,15,0.0,0.0,25,0.0,20,0.0,0.0,7.272727272728025,N,,N,
06:39,TPLPLASTEH,9219,77.06,-0.58,1.16,,29.2,95.4,NORMAL,N,0.0,5.805702490001327,17.41710747000398,0.0,0.0,15,0.0,11.73441214558232,0.0,25,0.0,20,0.0,17.857142857142783,N,,N,
06:39,LGEINDIA,760213,1577.5,-0.57,1.13,,42.0,40.7,NORMAL,N,0.0,5.672864796722345,17.018594390167035,0.0,0.0,15,0.0,0.0,25,0.0,0.0,20,0.0,0.0,N,,N,
06:39,COCHINSHIP,21508,1511.3,-0.55,1.11,,21.5,78.0,NORMAL,N,0.0,5.527406725011575,16.582220175034728,0.0,0.0,15,0.0,4.9311367959787615,0.0,25,0.0,20,0.0,7.5,N,,N,
06:39,NESTLEIND,17963,1531.5,-0.55,1.1,,16.9,77.5,NORMAL,N,0.0,5.51948051948052,16.558441558441558,0.0,0.0,15,0.0,0.38646420103362533,0.0,25,0.0,20,0.0,11.612903225806498,N,,N,
06:39,COLPAL,15141,2020.3,-0.48,0.96,,14.7,73.7,NORMAL,N,0.0,4.778325123152732,14.334975369458196,0.0,0.0,15,0.0,0.37955673954287056,0.0,25,0.0,20,0.0,8.571428571426715,N,,N,
06:39,VISAKAIND,4221,98.25,-0.48,0.95,,57.7,45.1,NORMAL,N,0.0,4.7609400324149,14.282820097244699,0.0,0.0,15,0.0,5.3157993604346245,25,0.0,0.0,20,13.076923076923016,0.0,N,,N,
06:39,DOMS,20551,2250.0,-0.47,0.94,,46.3,39.7,NORMAL,N,0.0,4.689020613996244,14.067061841988732,0.0,0.0,15,0.0,0.0,25,0.0,0.0,20,7.200000000000728,0.0,N,,N,
06:39,IDBI,1476,83.84,-0.45,0.9,,68.5,19.5,NORMAL,N,0.0,4.511992400854849,13.535977202564549,0.0,0.0,15,0.0,0.0,25,0.0,20,0.0,9.999999999998224,0.0,N,,N,
06:39,ADANIENSOL,10217,1624.3,-0.36,0.71,,55.7,21.1,NORMAL,N,0.0,3.558063922458717,10.674191767376152,0.0,0.0,15,0.0,0.0,25,0.0,20,0.0,0.0,2.4999999999978684,N,,N,
06:39,WABAG,20188,1951.2,-0.33,0.66,,55.0,27.9,NORMAL,N,0.0,3.3202227103233386,9.960668130970015,0.0,0.0,15,0.0,0.0,25,0.0,20,0.0,0.0,9.62962962962913,N,,N,
06:39,SUPREMEINF,15002,91.06,-0.33,0.66,,9.9,76.3,NORMAL,N,0.0,3.28371278458841,9.851138353765231,0.0,0.0,15,0.0,0.05367282833019872,0.0,25,0.0,20,0.0,12.972972972973304,N,,N,
06:39,TCS,11536,2444.7,-0.33,0.65,,14.3,70.4,NORMAL,N,0.0,3.26171158315326,9.78513474945978,0.0,0.0,15,0.0,4.517345239264717,0.0,25,0.0,20,0.0,2.6666666666642413,N,,N,
06:39,SHILPAMED,17752,796.0,4.77,9.54,,120.0,9.0,NORMAL,Y,30.0,0.0,30.0,0.0,15,0.0,0.0,0.0,25,0.0,20,0.0,0.0,9.00000000000091,N,,N,
06:39,RHIM,31163,428.55,3.82,7.63,,139.4,7.1,NORMAL,N,30.0,0.0,30.0,0.0,15,0.0,0.0,7.119418532539311,25,0.0,20,0.0,12.238805970149238,0.0,N,,N,
06:39,NELCO,2388,986.8,2.91,5.82,,104.1,20.0,NORMAL,N,29.095838982167045,0.0,30.0,0.0,15,0.0,0.0,0.0,25,0.0,0.0,20,5.000000000001421,0.0,N,,N,
06:39,VARROC,3857,829.5,2.26,4.51,,131.3,0.0,NORMAL,N,22.559171597633075,0.0,30.0,0.0,15,0.0,0.0,0.0,25,0.0,20,0.0,18.709677419355973,0.0,N,,N,
06:39,IFCI,1491,76.3,3.14,6.27,,120.0,1.7,NORMAL,N,30.0,0.0,30.0,0.0,15,0.0,0.0,0.0,25,0.0,20,0.0,0.0,1.6666666666667322,N,,N,
06:52,ZENITHEXPO,4176,236.95,9.44,18.88,,124.2,50.0,NORMAL,Y,30.0,0.0,30.0,0.0,15,0.0,0.0,25.0,0.0,25,20,0.0,4.208416833667373,0.0,N,,N,
06:52,PDSL,5264,384.45,6.25,12.49,,134.3,0.0,NORMAL,Y,30.0,0.0,30.0,0.0,15,0.0,0.0,0.0,25,0.0,20,0.0,14.285714285713937,0.0,Y,NONRESULTS,N,
06:52,HISARMETAL,19322,161.5,6.24,12.47,,75.0,45.0,NORMAL,Y,30.0,0.0,30.0,0.0,15,0.0,0.0,0.0,0.0,25,0.0,20,0.0,0.0,Y,NONRESULTS,N,
06:52,TRIVENI,13081,246.5,5.69,11.39,,135.7,0.0,NORMAL,N,30.0,0.0,30.0,0.0,15,0.0,0.0,0.0,25,0.0,20,0.0,15.714285714285657,0.0,N,,N,
06:52,RAMCOSYS,7851,669.75,4.99,9.99,,120.0,0.0,NORMAL,N,30.0,0.0,30.0,0.0,15,0.0,0.0,0.0,25,0.0,20,0.0,0.0,0.0,N,,N,
06:52,SHILPAMED,17752,797.4,4.96,9.91,,121.3,14.8,NORMAL,Y,30.0,0.0,30.0,0.0,15,0.0,0.0,1.2575144678995755,25,0.0,20,0.0,0.0,13.548387096774192,N,,N,
06:52,BRIGADE,15184,610.05,4.83,9.66,,137.7,3.4,NORMAL,Y,30.0,0.0,30.0,0.0,15,0.0,0.0,3.443669416544385,25,0.0,20,0.0,14.222222222222424,0.0,N,,N,
06:52,RHIM,31163,431.3,4.48,8.96,,124.4,21.8,NORMAL,Y,30.0,0.0,30.0,0.0,15,0.0,0.0,4.411903933254354,25,0.0,20,0.0,0.0,17.39130434782643,N,,N,
06:52,NAUKRI,13751,1278.0,4.3,8.6,,120.0,11.4,NORMAL,Y,30.0,0.0,30.0,0.0,15,0.0,0.0,0.0,25,0.0,20,0.0,0.0,11.428571428571662,N,,N,
06:52,KSB,1949,816.3,4.09,8.17,,128.1,8.7,NORMAL,Y,30.0,0.0,30.0,0.0,15,0.0,0.0,8.097001556626509,25,0.0,20,0.0,0.0,0.5714285714280517,N,,N,
06:52,HCG,15555,703.45,4.08,8.17,,106.4,34.3,NORMAL,Y,30.0,0.0,30.0,0.0,15,0.0,0.0,9.262732577057017,0.0,25,20,0.0,2.1052631578951146,0.0,N,,N,
06:52,MAHSEAMLES,2088,613.55,4.04,8.09,,134.3,0.0,NORMAL,Y,30.0,0.0,30.0,0.0,15,0.0,0.0,0.0,25,0.0,20,0.0,14.285714285713357,0.0,N,,N,
06:52,BECTORFOOD,1628,233.43,4.02,8.05,,142.4,14.6,NORMAL,Y,30.0,0.0,30.0,0.0,15,0.0,0.0,14.611334000708956,25,0.0,20,0.0,7.792207792208271,0.0,N,,N,
06:52,MAXESTATES,19646,412.9,3.98,7.96,,149.9,12.5,NORMAL,N,30.0,0.0,30.0,0.0,15,0.0,0.0,12.45960659280772,25,0.0,20,0.0,17.462686567164276,0.0,N,,N,
06:52,HFCL,21951,215.97,3.84,7.68,,120.7,0.0,NORMAL,N,30.0,0.0,30.0,0.0,15,0.0,0.0,0.0,25,0.0,20,0.0,0.6896551724131849,0.0,N,,N,
06:52,PINELABS,759820,159.96,3.57,7.15,,133.6,0.0,NORMAL,N,30.0,0.0,30.0,0.0,15,0.0,0.0,0.0,25,0.0,20,0.0,13.636363636363578,0.0,N,,N,
06:52,VISAKAIND,4221,102.18,3.5,7.01,,152.5,25.0,NORMAL,Y,30.0,0.0,30.0,0.0,15,0.0,0.0,25.0,25,0.0,20,0.0,7.5213675213674716,0.0,N,,N,
06:52,FINCABLES,1038,1059.4,3.39,6.78,,95.0,30.1,NORMAL,N,30.0,0.0,30.0,0.0,15,0.0,0.0,0.0,0.0,25,20,0.0,0.0,5.128205128205009,N,,N,
06:52,RAMCOCEM,2043,965.45,3.39,6.78,,103.7,20.0,NORMAL,Y,30.0,0.0,30.0,0.0,15,0.0,0.0,0.0,25,0.0,0.0,20,3.703703703703641,0.0,N,,N,
06:52,EBGNG,757862,543.4,3.38,6.75,,123.2,0.0,NORMAL,N,30.0,0.0,30.0,0.0,15,0.0,0.0,0.0,25,0.0,20,0.0,3.1578947368414756,0.0,N,,N,
06:52,IONEXCHANG,1630,383.6,3.23,6.46,,128.0,0.0,NORMAL,N,30.0,0.0,30.0,0.0,15,0.0,0.0,0.0,25,0.0,20,0.0,7.999999999999545,0.0,N,,Y,NONRESULTS
06:52,SUPRAJIT,11689,538.15,3.13,6.27,,75.0,53.2,NORMAL,N,30.0,0.0,30.0,0.0,15,0.0,0.0,0.0,0.0,25,0.0,20,0.0,8.235294117647374,N,,N,
06:52,NELCO,2388,987.3,2.96,5.92,,99.6,40.0,NORMAL,N,29.61726978829907,0.0,30.0,0.0,15,0.0,0.0,0.0,25,0.0,0.0,20,0.0,20.0,N,,N,
06:52,OIL,17438,455.75,2.92,5.85,,119.2,8.6,NORMAL,N,29.24570912375788,0.0,30.0,0.0,15,0.0,0.0,0.0,25,0.0,20,0.0,0.0,8.571428571429035,N,,N,
06:52,HSCL,14334,774.05,2.84,5.69,,143.4,40.6,NORMAL,N,28.43287052414798,0.0,30.0,0.0,15,0.0,0.0,25.0,25,0.0,20,0.0,0.0,15.6363636363643,N,,N,
06:52,NEWGEN,1164,566.55,2.82,5.64,,136.7,0.0,NORMAL,N,28.2214156079854,0.0,30.0,0.0,15,0.0,0.0,0.0,25,0.0,20,0.0,18.461538461539806,0.0,N,,N,
06:52,BORORENEW,3149,563.75,2.75,5.5,,131.7,0.0,NORMAL,N,27.52209969926187,0.0,30.0,0.0,15,0.0,0.0,0.0,25,0.0,20,0.0,14.16666666666651,0.0,N,,N,
06:52,DLF,14732,659.5,2.73,5.45,,117.3,2.7,NORMAL,N,27.258566978193148,0.0,30.0,0.0,15,0.0,0.0,0.0,25,0.0,20,0.0,0.0,2.6666666666672727,N,,N,
06:52,MAHLOG,385,413.55,2.69,5.39,,113.2,26.2,NORMAL,N,26.943133846535943,0.0,30.0,0.0,15,0.0,0.0,1.2272988771814384,0.0,25,20,0.0,20.0,0.0,N,,N,
06:52,EPACKPEB,759251,252.55,2.54,5.08,,136.2,38.7,NORMAL,N,25.375558262281768,0.0,30.0,0.0,15,0.0,0.0,20.85280211034438,25,0.0,20,0.0,0.0,17.89473684210482,N,,N,
06:52,CANFINHOME,583,831.7,2.51,5.03,,122.2,15.1,NORMAL,N,25.144829286330697,0.0,30.0,0.0,15,0.0,0.0,7.1002850662497075,25,0.0,20,0.0,0.0,7.999999999999545,N,,N,
06:52,ABDL,24308,614.1,2.48,4.96,,116.2,17.7,NORMAL,N,24.780976220275377,0.0,30.0,0.0,15,0.0,0.0,1.405680190128489,25,0.0,20,0.0,0.0,16.250000000000355,N,,N,
06:52,JUBLPHARMA,3637,953.8,2.34,4.68,,123.9,10.5,NORMAL,N,23.390557939914114,0.0,30.0,0.0,15,0.0,0.0,10.485228663426557,25,0.0,20,0.0,0.0,0.0,N,,N,
06:52,RAYMOND,2859,628.6,2.22,4.44,,97.2,25.0,NORMAL,N,22.19692657939666,0.0,30.0,0.0,15,0.0,0.0,0.0,0.0,25,20,0.0,9.999999999998105,0.0,N,,N,
06:52,APCL,20453,104.4,2.21,4.43,,112.1,0.0,NORMAL,N,22.12649304875666,0.0,30.0,0.0,15,0.0,0.0,0.0,25,0.0,20,0.0,0.0,0.0,N,,N,
06:52,KNRCON,15283,143.07,2.2,4.4,,89.6,25.0,NORMAL,N,22.001571540824234,0.0,30.0,0.0,15,0.0,0.0,0.0,0.0,25,20,0.0,2.608695652174128,0.0,N,,N,
06:52,MONTECARLO,5938,510.55,2.17,4.34,,131.7,0.0,NORMAL,N,21.713027816690058,0.0,30.0,0.0,15,0.0,0.0,0.0,25,0.0,20,0.0,20.0,0.0,N,,N,
06:52,SHIVALIK,7026,259.98,2.15,4.31,,86.5,25.0,NORMAL,N,21.532416502947026,0.0,30.0,0.0,15,0.0,0.0,0.0,0.0,25,20,0.0,0.0,0.0,N,,N,
06:52,PNBHOUSING,18908,1167.4,2.13,4.27,,111.3,11.8,NORMAL,N,21.347331583552137,0.0,30.0,0.0,15,0.0,0.0,0.0,25,0.0,20,0.0,0.0,11.764705882352626,N,,N,
06:52,TATASTEEL,3499,191.48,2.1,4.19,,127.3,3.5,NORMAL,N,20.95441215675808,0.0,30.0,0.0,15,0.0,0.0,3.530211261891772,25,0.0,20,0.0,12.799999999999727,0.0,N,,N,
06:52,KAJARIACER,1808,1191.7,2.09,4.18,,98.0,22.1,NORMAL,N,20.902938404866006,0.0,30.0,0.0,15,0.0,0.0,2.117076684516574,25,0.0,0.0,20,5.0,0.0,N,,N,
06:52,LTF,24948,314.2,2.01,4.03,,115.1,0.0,NORMAL,N,20.129870129870092,0.0,30.0,0.0,15,0.0,0.0,0.0,25,0.0,20,0.0,5.0000000000007105,0.0,N,,N,
06:52,JSWINFRA,19020,342.5,2.01,4.02,,112.5,16.4,NORMAL,N,20.1042442293373,0.0,30.0,0.0,15,0.0,0.0,2.361911932939105,25,0.0,20,0.0,0.0,14.00000000000091,N,,N,
06:52,PIXTRANS,9087,1943.7,13.19,26.38,,126.7,0.0,NORMAL,Y,30.0,0.0,30.0,0.0,15,0.0,0.0,0.0,25,0.0,20,0.0,6.666666666666513,0.0,N,,N,
06:53,PAYTM,6705,1564.4,8.52,17.04,,120.9,6.2,NORMAL,Y,30.0,0.0,30.0,0.0,15,0.0,0.0,0.8791775799282413,25,0.0,20,0.0,0.0,5.294117647059217,N,,N,
06:53,BEML,395,1899.2,6.23,12.46,,124.8,1.5,NORMAL,Y,30.0,0.0,30.0,0.0,15,0.0,0.0,1.4857352980247795,25,0.0,20,0.0,3.333333333333333,0.0,N,,N,
06:53,GRASIM,1232,3387.9,5.21,10.43,,124.0,15.4,NORMAL,Y,30.0,0.0,30.0,0.0,15,0.0,0.0,4.0103004021108,25,0.0,20,0.0,0.0,11.428571428571427,N,,N,
06:53,RATNAMANI,13451,2308.8,5.06,10.12,,120.3,16.2,NORMAL,N,30.0,0.0,30.0,0.0,15,0.0,0.0,0.3280957229058904,25,0.0,20,0.0,0.0,15.878787878788321,N,,N,
06:53,M&M,2031,3532.6,3.72,7.43,,106.3,27.6,NORMAL,N,30.0,0.0,30.0,0.0,15,0.0,0.0,2.6162506121771725,0.0,25,20,0.0,8.66666666666788,0.0,N,,N,
06:53,MCX,31181,2720.4,3.12,6.25,,126.5,0.5,NORMAL,N,30.0,0.0,30.0,0.0,15,0.0,0.0,0.473275340420671,25,0.0,20,0.0,6.0,0.0,N,,N,
06:53,LXCHEM,2841,179.15,2.0,4.0,,85.0,34.3,NORMAL,N,19.984058301070487,0.0,30.0,0.0,15,0.0,0.0,0.0,0.0,25,20,0.0,0.0,9.33333333333586,N,,N,
06:53,ANTHEM,757885,857.75,1.99,3.98,,128.6,0.0,NORMAL,N,19.916765755053508,0.0,30.0,0.0,15,0.0,0.0,0.0,25,0.0,20,0.0,18.66666666666788,0.0,N,,N,
06:53,PRAJIND,2705,331.5,1.98,3.97,,113.8,0.0,NORMAL,N,19.843101061375137,0.0,30.0,0.0,15,0.0,0.0,0.0,25,0.0,20,0.0,4.0000000000009095,0.0,N,,N,
06:53,VARROC,3857,827.2,1.97,3.94,,116.1,6.9,NORMAL,N,19.723865877712033,0.0,30.0,0.0,15,0.0,0.0,6.381355261350681,25,0.0,20,0.0,0.0,0.5000000000006821,N,,N,
06:53,BLS,17279,259.32,1.96,3.92,,90.6,26.0,NORMAL,N,19.620178508237252,0.0,30.0,0.0,15,0.0,0.0,0.9603268566234819,25,0.0,0.0,20,0.0,4.999999999999112,N,,N,
06:53,LENSKART,759605,580.8,1.95,3.9,,106.4,44.6,NORMAL,N,19.483938915218378,0.0,30.0,0.0,15,0.0,0.0,19.5936690857526,0.0,25,20,0.0,2.3076923076918368,0.0,N,,N,
06:53,VEDL,3063,284.25,1.94,3.87,,109.4,0.0,NORMAL,N,19.36525013448082,0.0,30.0,0.0,15,0.0,0.0,0.0,25,0.0,20,0.0,0.0,0.0,N,,N,
06:53,IFCI,1491,76.15,2.93,5.87,,139.3,0.0,NORMAL,N,29.33225195998921,0.0,30.0,0.0,15,0.0,0.0,0.0,25,0.0,20,0.0,20.0,0.0,N,,N,
06:53,UNICHEMLAB,3579,499.0,1.89,3.78,,122.2,0.0,NORMAL,N,18.887187340479834,0.0,30.0,0.0,15,0.0,0.0,0.0,25,0.0,20,0.0,13.33333333333207,0.0,N,,N,
06:53,BALRAMCHIN,341,645.0,1.82,3.65,,108.2,0.0,NORMAL,N,18.23348330570677,0.0,30.0,0.0,15,0.0,0.0,0.0,25,0.0,20,0.0,0.0,0.0,N,,N,
06:53,360ONE,13061,1189.3,1.81,3.63,,110.4,13.4,NORMAL,N,18.149131067545625,0.0,30.0,0.0,15,0.0,0.0,2.2550402595260493,25,0.0,20,0.0,0.0,11.111111111111391,N,,N,
06:53,HEG,1336,686.2,1.81,3.62,,108.1,10.0,NORMAL,N,18.100890207715203,0.0,30.0,0.0,15,0.0,0.0,0.0,25,0.0,20,0.0,0.0,10.000000000001263,N,,N,
06:53,SHREEPUSHK,10588,414.35,1.78,3.56,,111.3,23.5,NORMAL,N,17.808892164087446,0.0,30.0,0.0,15,0.0,0.0,3.5354843073191597,25,0.0,20,0.0,0.0,20.0,N,,N,
06:53,ENGINERSIN,4907,244.75,1.72,3.45,,114.3,3.1,NORMAL,N,17.24854530340817,0.0,30.0,0.0,15,0.0,0.0,3.0899923950917945,25,0.0,20,0.0,4.000000000000253,0.0,N,,N,
06:53,UCAL,3570,120.49,1.71,3.43,,62.1,45.0,NORMAL,N,17.136586189431043,0.0,30.0,0.0,15,0.0,0.0,0.0,0.0,25,0.0,20,0.0,0.0,N,,N,
06:53,VIPIND,3703,320.35,1.7,3.4,,107.0,9.1,NORMAL,N,16.98412698412706,0.0,30.0,0.0,15,0.0,0.0,0.0,25,0.0,20,0.0,0.0,9.090909090908903,N,,N,
06:53,SESHAPAPER,3066,233.0,1.65,3.31,,131.2,4.6,NORMAL,N,16.53505518956412,0.0,30.0,0.0,15,0.0,0.0,4.627424500000267,25,0.0,20,0.0,20.0,0.0,N,,N,
06:53,JINDALSTEL,6733,1121.0,1.63,3.26,,106.3,0.0,NORMAL,N,16.319129646418858,0.0,30.0,0.0,15,0.0,0.0,0.0,25,0.0,20,0.0,0.0,0.0,N,,N,
06:53,TATACONSUM,3432,1099.5,1.59,3.18,,117.6,20.3,NORMAL,N,15.892081677908202,0.0,30.0,0.0,15,0.0,0.0,11.659823030579554,25,0.0,20,0.0,0.0,8.666666666666364,N,,N,
06:53,GNFC,1174,543.95,1.58,3.16,,109.0,11.6,NORMAL,N,15.779645191409982,0.0,30.0,0.0,15,0.0,0.0,3.2311789909636577,25,0.0,20,0.0,0.0,8.333333333333018,N,,N,
06:53,SHALBY,714,162.6,1.57,3.14,,105.7,0.0,NORMAL,N,15.67868074208252,0.0,30.0,0.0,15,0.0,0.0,0.0,25,0.0,20,0.0,0.0,0.0,N,,N,
06:53,METROPOLIS,9581,571.95,1.55,3.11,,105.5,17.1,NORMAL,N,15.53622159090909,0.0,30.0,0.0,15,0.0,0.0,0.0,25,0.0,20,0.0,0.0,17.142857142858997,N,,N,
06:53,SAREGAMA,4892,527.1,1.52,3.04,,105.2,20.0,NORMAL,N,15.215716486902885,0.0,30.0,0.0,15,0.0,0.0,0.0,25,0.0,20,0.0,0.0,20.0,N,,N,
06:53,INDIAMART,10726,1799.1,2.51,5.03,,119.4,22.7,NORMAL,N,25.128205128205074,0.0,30.0,0.0,15,0.0,0.0,4.300861020982963,25,0.0,20,0.0,0.0,18.363636363636196,N,,N,
06:53,GOCOLORS,6964,326.8,1.47,2.95,,122.2,0.0,NORMAL,N,14.749262536873156,0.0,30.0,0.0,15,0.0,0.0,0.0,25,0.0,20,0.0,17.49999999999929,0.0,N,,N,
06:53,ENDURANCE,18822,2976.0,2.46,4.92,,130.6,33.9,NORMAL,N,24.616973661559648,0.0,30.0,0.0,15,0.0,0.0,16.004868898725736,25,0.0,20,0.0,0.0,17.94392523364423,N,,N,
06:53,MEDANTA,11956,1476.7,1.45,2.9,,84.5,28.6,NORMAL,N,14.49574058807374,0.0,30.0,0.0,15,0.0,0.0,0.0,25,0.0,0.0,20,0.0,8.571428571426715,N,,N,
06:53,PENIND,20621,162.11,1.41,2.81,,108.8,10.0,NORMAL,N,14.074815463530589,0.0,30.0,0.0,15,0.0,0.0,4.761991372086189,25,0.0,20,0.0,0.0,5.217391304347611,N,,N,
06:53,IIFL,11809,620.35,1.41,2.81,,114.1,0.0,NORMAL,N,14.058030241111604,0.0,30.0,0.0,15,0.0,0.0,0.0,25,0.0,20,0.0,10.000000000001894,0.0,N,,N,
06:53,SAKSOFT,11794,167.31,1.37,2.74,,103.7,20.0,NORMAL,N,13.69282035746738,0.0,30.0,0.0,15,0.0,0.0,0.0,25,0.0,20,0.0,0.0,20.0,N,,Y,NONRESULTS
06:53,GLAND,1186,2662.0,2.35,4.69,,119.8,18.9,NORMAL,N,23.452518262206844,0.0,30.0,0.0,15,0.0,0.0,6.3543458274708104,25,0.0,20,0.0,0.0,12.499999999999822,N,,N,
06:53,GROWW,759806,193.02,1.32,2.65,,113.5,5.5,NORMAL,N,13.228346456692968,0.0,30.0,0.0,15,0.0,0.0,5.512618288430357,25,0.0,20,0.0,4.800000000000182,0.0,N,,N,
06:53,ROUTE,128,535.0,1.27,2.54,,110.7,0.0,NORMAL,N,12.682188150672053,0.0,30.0,0.0,15,0.0,0.0,0.0,25,0.0,20,0.0,8.000000000001819,0.0,N,,N,
06:53,TEJASNET,21131,519.9,1.26,2.51,,110.6,0.0,NORMAL,N,12.56208004674249,0.0,30.0,0.0,15,0.0,0.0,0.0,25,0.0,20,0.0,8.000000000001819,0.0,N,,N,
06:53,PARADEEP,9741,151.29,1.23,2.46,,102.3,1.2,NORMAL,N,12.311809969889618,0.0,30.0,0.0,15,0.0,0.0,0.0,25,0.0,20,0.0,0.0,1.2499999999988898,N,,N,
06:53,M&MFIN,13285,413.4,1.21,2.42,,102.1,5.5,NORMAL,N,12.11898641204551,0.0,30.0,0.0,15,0.0,0.0,0.0,25,0.0,20,0.0,0.0,5.454545454544515,N,,N,
06:53,RUBICON,759316,1586.8,2.16,4.33,,78.6,45.0,NORMAL,N,21.632758176667465,0.0,30.0,0.0,15,0.0,0.0,0.0,0.0,25,0.0,20,11.999999999998181,0.0,N,,N,
06:53,WIPL,20481,170.0,1.16,2.32,,120.2,18.6,NORMAL,N,11.603689378161192,0.0,30.0,0.0,15,0.0,0.0,18.574397542591335,25,0.0,20,0.0,0.0,0.0,N,,N,
06:53,JUBLFOOD,18096,492.1,1.15,2.3,,112.9,1.2,NORMAL,N,11.510791366906522,0.0,30.0,0.0,15,0.0,0.0,1.1856282185316869,25,0.0,20,0.0,10.222222222222019,0.0,N,,N,
06:53,KIRLOSBROS,18581,1941.7,2.1,4.21,,111.0,6.3,NORMAL,N,21.03381185255298,0.0,30.0,0.0,15,0.0,0.0,0.0,25,0.0,20,0.0,0.0,6.315789473682951,N,,N,
06:53,POLICYBZR,6656,1638.0,2.09,4.18,,110.9,10.5,NORMAL,N,20.878778435649735,0.0,30.0,0.0,15,0.0,0.0,0.0,25,0.0,20,0.0,0.0,10.499999999999545,N,,N,
06:53,GODREJPROP,17875,2113.2,2.09,4.17,,115.9,0.0,NORMAL,N,20.869565217391212,0.0,30.0,0.0,15,0.0,0.0,0.0,25,0.0,20,0.0,4.999999999997158,0.0,N,,N,
06:53,SARDAEN,17758,502.95,1.08,2.15,,80.8,40.0,NORMAL,N,10.75160771704173,0.0,30.0,0.0,15,0.0,0.0,0.0,25,0.0,0.0,20,0.0,20.0,N,,N,
06:53,ZUARIIND,3827,262.1,1.06,2.12,,75.6,42.1,NORMAL,N,10.603431656063233,0.0,30.0,0.0,15,0.0,0.0,0.0,0.0,25,20,0.0,0.0,17.14285714285807,N,,N,
06:53,TRITURBINE,25584,643.15,1.05,2.11,,115.2,0.3,NORMAL,N,10.527142744913082,0.0,30.0,0.0,15,0.0,0.0,0.3442014242994134,25,0.0,20,0.0,14.285714285714903,0.0,N,,N,
06:53,WELSPUNLIV,11253,165.8,1.04,2.08,,75.4,25.0,NORMAL,N,10.421110366262466,0.0,30.0,0.0,15,0.0,0.0,0.0,0.0,25,20,0.0,0.0,0.0,N,,N,
06:53,LTTS,18564,3627.8,2.04,4.07,,71.0,61.6,NORMAL,N,20.363390898351827,0.0,30.0,0.0,15,0.0,0.0,5.621532500959108,0.0,25,0.0,20,0.0,10.99999999999909,N,,N,
06:53,DELHIVERY,9599,478.2,1.04,2.07,,100.4,13.8,NORMAL,N,10.352841749418925,0.0,30.0,0.0,15,0.0,0.0,0.0,25,0.0,20,0.0,0.0,13.84615384615425,N,,N,
06:53,APOLLOTYRE,163,449.6,1.03,2.07,,100.3,8.3,NORMAL,N,10.337078651685445,0.0,30.0,0.0,15,0.0,0.0,0.0,25,0.0,20,0.0,0.0,8.333333333333018,N,,N,
06:53,IRCTC,13611,525.25,1.02,2.04,,100.2,11.7,NORMAL,N,10.19328781613608,0.0,30.0,0.0,15,0.0,0.0,0.0,25,0.0,20,0.0,0.0,11.666666666665403,N,,N,
06:53,ABCAPITAL,21614,412.2,1.02,2.03,,102.2,8.7,NORMAL,N,10.170322264428323,0.0,30.0,0.0,15,0.0,0.0,2.0636358679345737,25,0.0,20,0.0,0.0,6.666666666669193,N,,N,
06:53,BALKRISIND,335,2515.9,2.01,4.02,,111.2,0.0,NORMAL,N,20.111097595588497,0.0,30.0,0.0,15,0.0,0.0,0.0,25,0.0,20,0.0,1.1111111111099883,0.0,N,,N,
06:53,TIPSMUSIC,9117,651.75,0.99,1.98,,104.4,4.7,NORMAL,N,9.917099248469787,0.0,29.75129774540936,0.0,15,0.0,0.0,4.73917129510457,25,0.0,20,0.0,0.0,0.0,N,,N,
06:53,SHRIRAMFIN,4306,1126.0,0.99,1.97,,112.9,0.1,NORMAL,N,9.865470852017935,0.0,29.59641255605381,0.0,15,0.0,0.0,0.05776822067837013,25,0.0,20,0.0,13.33333333333586,0.0,N,,N,
06:53,HGINFRA,1672,554.5,0.97,1.95,,130.8,11.9,NORMAL,N,9.742329053992576,0.0,29.226987161977725,0.0,15,0.0,0.0,11.86443865797612,25,0.0,20,0.0,20.0,0.0,N,,N,
06:53,NUCLEUS,10791,705.0,0.97,1.93,,120.5,1.8,NORMAL,N,9.66702470461869,0.0,29.00107411385607,0.0,15,0.0,0.0,1.7942920623720313,25,0.0,20,0.0,20.0,0.0,N,,N,
06:53,USHAMART,8840,520.0,0.96,1.92,,94.5,21.0,NORMAL,N,9.61071740607717,0.0,28.832152218231506,0.0,15,0.0,0.0,1.0191411320159987,25,0.0,0.0,20,15.000000000004263,0.0,N,,N,
06:53,KIRIINDUS,16639,431.95,0.95,1.89,,103.0,16.6,NORMAL,N,9.464828230895096,0.0,28.39448469268529,0.0,15,0.0,0.0,5.146764563092112,25,0.0,20,0.0,0.0,11.428571428570963,N,,N,
06:53,NARMADA,6364,384.6,0.94,1.89,,52.8,45.0,NORMAL,N,9.448818897637853,0.0,28.346456692913563,0.0,15,0.0,0.0,0.0,0.0,25,0.0,20,0.0,0.0,N,,N,
06:53,VBL,18921,446.0,0.9,1.81,,96.5,0.3,NORMAL,N,9.04977375565611,0.0,27.14932126696833,0.0,15,0.0,0.0,0.2889134953123445,25,0.0,20,0.0,0.0,0.0,N,,N,
06:53,BAJFINANCE,317,1087.6,0.89,1.78,,103.2,12.2,NORMAL,N,8.905380333951678,0.0,26.716141001855036,0.0,15,0.0,0.0,7.617080881856039,25,0.0,20,0.0,0.0,4.545454545454452,N,,N,
06:53,THYROCARE,17032,608.5,0.87,1.74,,94.8,16.8,NORMAL,N,8.70285951098218,0.0,26.10857853294654,0.0,15,0.0,0.0,0.0,25,0.0,20,0.0,0.0,16.84210526315613,N,,N,
06:53,JUBLINGREA,2783,746.5,0.84,1.69,,94.5,0.0,NORMAL,N,8.44309354947653,0.0,25.329280648429588,0.0,15,0.0,0.0,0.0,25,0.0,20,0.0,0.7692307692318455,0.0,N,,N,
06:53,APLLTD,25328,837.1,0.84,1.69,,111.6,0.0,NORMAL,N,8.432718949524153,0.0,25.29815684857246,0.0,15,0.0,0.0,0.0,25,0.0,20,0.0,17.89473684210463,0.0,N,,N,
06:53,INFY,1594,1184.9,0.83,1.67,,49.6,46.2,NORMAL,N,8.339715768870889,0.0,25.01914730661267,0.0,15,0.0,0.0,1.2116007714270367,0.0,25,0.0,20,0.0,0.0,N,,N,
06:53,GANESHHOU,14339,767.05,0.83,1.66,,98.4,7.7,NORMAL,N,8.281301347354525,0.0,24.843904042063574,0.0,15,0.0,0.0,5.311303927463576,25,0.0,20,0.0,0.0,2.400000000001455,N,,N,
06:53,JTEKTINDIA,3237,140.95,0.82,1.65,,126.1,25.0,NORMAL,N,8.226037195994113,0.0,24.67811158798234,0.0,15,0.0,0.0,25.0,25,0.0,20,0.0,8.148148148148227,0.0,N,,N,
06:53,JSWENERGY,17869,569.0,0.82,1.63,,112.0,7.1,NORMAL,N,8.150248051027681,0.0,24.450744153083043,0.0,15,0.0,0.0,7.075824801577278,25,0.0,20,0.0,12.307692307689885,0.0,N,,N,
06:53,KPITTECH,9683,634.95,0.8,1.6,,102.1,0.0,NORMAL,N,8.017145578663389,0.0,24.051436735990166,0.0,15,0.0,0.0,0.0,25,0.0,20,0.0,10.0,0.0,N,,N,
06:53,BEL,383,404.2,0.8,1.6,,101.5,2.1,NORMAL,N,7.980049875311693,0.0,23.940149625935078,0.0,15,0.0,0.0,2.0566444700804154,25,0.0,20,0.0,7.500000000002132,0.0,N,,N,
06:53,GSFC,1247,162.36,0.71,1.41,,108.5,2.2,NORMAL,N,7.071082992184684,0.0,21.213248976554052,0.0,15,0.0,0.0,2.187840789035754,25,0.0,20,0.0,17.99999999999659,0.0,N,,N,
06:53,RELAXO,24225,426.35,0.68,1.37,,88.0,14.5,NORMAL,N,6.84850631715677,0.0,20.54551895147031,0.0,15,0.0,0.0,0.6260257417869517,25,0.0,20,0.0,0.0,13.846153846153982,N,,N,
06:53,CDSL,21174,1337.0,0.68,1.36,,87.1,20.0,NORMAL,N,6.77710843373494,0.0,20.33132530120482,0.0,15,0.0,0.0,0.0,25,0.0,20,0.0,0.0,20.0,N,,N,
06:53,CHOLAFIN,685,1897.5,1.68,3.35,,118.1,5.6,NORMAL,N,16.772050155395966,0.0,30.0,0.0,15,0.0,0.0,5.565206139813055,25,0.0,20,0.0,5.714285714286643,0.0,N,,N,
06:53,ASTERDM,1508,875.55,0.67,1.35,,65.6,54.3,NORMAL,N,6.726457399103034,0.0,20.179372197309103,0.0,15,0.0,0.0,9.327879017763664,0.0,25,0.0,20,14.385964912280556,0.0,N,,N,
06:53,VGUARD,15362,321.8,0.67,1.35,,94.9,0.0,NORMAL,N,6.726106679180461,0.0,20.178320037541383,0.0,15,0.0,0.0,0.0,25,0.0,20,0.0,8.000000000001819,0.0,N,,N,
06:53,ZENSARTECH,1076,502.35,0.67,1.34,,66.9,32.2,NORMAL,N,6.71342685370746,0.0,20.14028056112238,0.0,15,0.0,0.0,0.0,25,0.0,0.0,20,0.0,12.222222222222012,N,,N,
06:53,SONATSOFTW,6596,320.15,0.66,1.32,,51.5,52.4,NORMAL,N,6.602735418959176,0.0,19.808206256877526,0.0,15,0.0,0.0,7.390802808053305,0.0,25,0.0,20,2.7272727272723984,0.0,N,,N,
06:53,MOTHERSON,4204,169.61,0.66,1.32,,66.4,20.0,NORMAL,N,6.587537091988212,0.0,19.762611275964634,0.0,15,0.0,0.0,0.0,25,0.0,0.0,20,0.0,0.0,N,,N,
06:53,AXISBANK,5900,1246.1,0.65,1.31,,103.7,7.5,NORMAL,N,6.5428109854603465,0.0,19.62843295638104,0.0,15,0.0,0.0,7.51404034427388,25,0.0,20,0.0,10.0,0.0,N,,N,
06:53,MAXHEALTH,22377,1077.0,0.65,1.31,,107.9,3.9,NORMAL,N,6.542056074766355,0.0,19.626168224299068,0.0,15,0.0,0.0,3.8831938513586968,25,0.0,20,0.0,17.894736842104887,0.0,N,,N,
06:53,HYUNDAI,25844,2236.9,1.65,3.31,,107.0,14.6,NORMAL,N,16.54169506930247,0.0,30.0,0.0,15,0.0,0.0,0.4961782674521973,25,0.0,20,0.0,0.0,14.146341463415391,N,,N,
06:53,MEESHO,760229,192.6,0.65,1.31,,91.7,0.0,NORMAL,N,6.532532009406846,0.0,19.59759602822054,0.0,15,0.0,0.0,0.0,25,0.0,20,0.0,5.599999999999454,0.0,N,,N,
06:53,COFORGE,11543,1805.3,1.65,3.3,,61.5,53.9,NORMAL,N,16.497747747747724,0.0,30.0,0.0,15,0.0,0.0,0.0,0.0,25,0.0,20,0.0,8.888888888889824,N,,N,
06:53,DABUR,772,412.65,0.65,1.29,,89.0,13.1,NORMAL,N,6.463414634146286,0.0,19.390243902438858,0.0,15,0.0,0.0,3.1013347564074123,25,0.0,20,0.0,0.0,9.999999999998105,N,,N,
06:53,SANSERA,5751,3849.0,1.63,3.26,,74.3,47.4,NORMAL,N,16.291289309006366,0.0,30.0,0.0,15,0.0,0.0,2.3715728041125548,0.0,25,0.0,20,10.656934306569749,0.0,N,,N,
06:53,RCF,2866,127.71,0.62,1.24,,84.9,20.0,NORMAL,N,6.224393318625843,0.0,18.673179955877533,0.0,15,0.0,0.0,0.0,25,0.0,20,0.0,0.0,20.0,N,,N,
06:53,INTELLECT,5926,725.75,0.61,1.22,,84.4,16.0,NORMAL,N,6.099674221944932,0.0,18.299022665834794,0.0,15,0.0,0.0,0.0,25,0.0,20,0.0,0.0,15.99999999999909,N,,N,
06:53,MPHASIS,4503,2514.4,1.59,3.18,,88.4,41.2,NORMAL,N,15.919191919191954,0.0,30.0,0.0,15,0.0,0.0,7.469421179635362,0.0,25,20,0.0,0.0,8.750000000001066,N,,N,
06:53,MUNJALAU,13511,103.05,0.58,1.15,,58.0,25.0,NORMAL,N,5.758344719890724,0.0,17.27503415967217,0.0,15,0.0,0.0,0.0,0.0,25,20,0.0,0.0,0.0,N,,N,
06:53,TMPV,3456,348.95,0.56,1.12,,88.1,3.1,NORMAL,N,5.619596541786711,0.0,16.85878962536013,0.0,15,0.0,0.0,3.0900472258260767,25,0.0,20,0.0,2.5000000000007105,0.0,N,,N,
06:53,NAM-INDIA,357,1182.5,0.55,1.11,,82.1,20.0,NORMAL,N,5.5272108843537415,0.0,16.581632653061224,0.0,15,0.0,0.0,0.0,25,0.0,20,0.0,0.0,20.0,N,,N,
06:53,BSOFT,6994,320.25,0.55,1.1,,47.0,45.0,NORMAL,N,5.4945054945054945,0.0,16.483516483516485,0.0,15,0.0,0.0,0.0,0.0,25,0.0,20,9.999999999998579,0.0,N,,N,
06:53,HDFCBANK,1333,735.0,0.55,1.09,,82.0,3.0,NORMAL,N,5.471956224350205,0.0,16.415868673050614,0.0,15,0.0,0.0,0.1238995682935578,25,0.0,20,0.0,0.0,2.8571428571433213,N,,N,
06:53,TIMETECHNO,14707,206.0,0.55,1.09,,73.8,26.5,NORMAL,N,5.466614603670464,0.0,16.39984381101139,0.0,15,0.0,0.0,6.451253537552247,25,0.0,0.0,20,5.504587155963494,0.0,N,,N,
06:53,MANAPPURAM,19061,368.75,0.55,1.09,,88.9,38.4,NORMAL,N,5.453306066803,0.0,16.359918200409,0.0,15,0.0,0.0,13.407328285505837,0.0,25,20,0.0,18.666666666666362,0.0,N,,N,
06:53,ESCORTS,958,3128.0,1.53,3.05,,106.0,3.2,NORMAL,N,15.254787406686143,0.0,30.0,0.0,15,0.0,0.0,0.7351688524473353,25,0.0,20,0.0,0.0,2.4242424242428418,N,,N,
06:53,JKPAPER,11860,389.05,0.52,1.03,,92.3,5.7,NORMAL,N,5.16729104766826,0.0,15.50187314300478,0.0,15,0.0,0.0,5.740327876021261,25,0.0,20,0.0,5.925925925925739,0.0,N,,N,
06:53,ZUARI,29050,228.72,0.51,1.03,,48.8,78.2,NORMAL,N,5.14172709294655,0.0,15.425181278839649,0.0,15,0.0,0.0,13.234765308872554,0.0,25,0.0,20,0.0,20.0,N,,N,
06:53,NMDC,15332,86.2,1.51,3.01,,80.1,35.0,NORMAL,N,15.073009891662753,0.0,30.0,0.0,15,0.0,0.0,0.0,0.0,25,20,0.0,0.0,9.999999999996447,N,,N,
06:53,TATACOMM,3721,1781.0,1.47,2.94,,119.7,0.0,NORMAL,N,14.699179580674542,0.0,30.0,0.0,15,0.0,0.0,0.0,25,0.0,20,0.0,15.000000000000949,0.0,N,,N,
06:53,JSWSTEEL,11723,1305.6,0.47,0.94,,95.8,0.0,NORMAL,N,4.694113120430864,0.0,14.082339361292593,0.0,15,0.0,0.0,0.0,25,0.0,20,0.0,17.037037037038097,0.0,N,,N,
06:53,AVANTIFEED,7936,910.7,0.46,0.92,,84.5,1.5,NORMAL,N,4.5777949368485915,0.0,13.733384810545775,0.0,15,0.0,0.0,1.5065491019906143,25,0.0,20,0.0,4.705882352939446,0.0,N,,N,
06:53,CESC,628,164.69,0.46,0.91,,33.3,47.0,NORMAL,N,4.57484445528852,0.0,13.724533365865561,0.0,15,0.0,0.0,0.0,0.0,25,0.0,20,0.0,2.000000000003979,N,,N,
06:53,CASTROLIND,1250,192.93,0.44,0.89,,32.7,65.0,NORMAL,N,4.425239483548491,0.0,13.275718450645474,0.0,15,0.0,0.0,0.0,0.0,25,0.0,20,0.0,20.0,N,,N,
06:53,SAFARI,13035,1508.0,1.44,2.88,,59.4,45.0,NORMAL,N,14.395264361630629,0.0,30.0,0.0,15,0.0,0.0,0.0,0.0,25,0.0,20,0.0,0.0,N,,N,
06:53,BHEL,438,406.95,0.43,0.86,,89.8,0.0,NORMAL,N,4.3188548864758145,0.0,12.956564659427443,0.0,15,0.0,0.0,0.0,25,0.0,20,0.0,12.50000000000071,0.0,N,,N,
06:53,HEXT,29666,567.0,0.43,0.85,,58.7,44.2,NORMAL,N,4.2507970244420425,0.0,12.752391073326129,0.0,15,0.0,0.0,6.685638000355976,0.0,25,20,0.0,0.0,12.50000000000071,N,,N,
06:53,HINDPETRO,1406,394.7,0.42,0.84,,86.8,0.0,NORMAL,N,4.197939193486775,0.0,12.593817580460327,0.0,15,0.0,0.0,0.0,25,0.0,20,0.0,9.999999999997158,0.0,N,,N,
06:53,JKIL,15266,500.95,0.41,0.82,,46.2,65.0,NORMAL,N,4.109039887753079,0.0,12.327119663259237,0.0,15,0.0,0.0,14.770870829798866,0.0,25,0.0,20,0.0,5.185185185185435,N,,N,
06:53,PRINCEPIPE,16045,272.1,0.41,0.81,,56.2,20.0,NORMAL,N,4.0590405904059885,0.0,12.177121771217964,0.0,15,0.0,0.0,0.0,25,0.0,0.0,20,0.0,0.0,N,,N,
06:53,TECHNOE,6445,1070.5,0.4,0.8,,77.5,20.9,NORMAL,N,3.985932004689331,0.0,11.957796014067995,0.0,15,0.0,0.0,1.5436602092346359,25,0.0,20,0.0,0.0,19.375000000000533,N,,N,
06:53,SWIGGY,27066,281.85,0.39,0.78,,75.7,7.5,NORMAL,N,3.9180765805877926,0.0,11.754229741763378,0.0,15,0.0,0.0,0.0,25,0.0,20,0.0,0.0,7.4999999999992895,N,,N,
06:53,ICICIBANK,4963,1426.5,0.39,0.77,,82.9,6.3,NORMAL,N,3.8705137227304713,0.0,11.611541168191414,0.0,15,0.0,0.0,6.3005654897973455,25,0.0,20,0.0,1.1111111111099883,0.0,N,,N,
06:53,SCHNEIDER,31234,1360.0,0.38,0.77,,30.4,45.0,NORMAL,N,3.838204901092446,0.0,11.514614703277337,0.0,15,0.0,0.0,0.0,0.0,25,0.0,20,0.0,0.0,N,,N,
06:53,KALYANKJIL,2955,608.6,0.38,0.76,,33.0,54.8,NORMAL,N,3.793501566881194,0.0,11.380504700643584,0.0,15,0.0,0.0,2.780251553912634,0.0,25,0.0,20,0.0,7.05882352941318,N,,N,
06:53,NIITLTD,11522,96.38,1.38,2.76,,104.2,17.1,NORMAL,N,13.779320500683733,0.0,30.0,0.0,15,0.0,0.0,0.4622144957326697,25,0.0,20,0.0,0.0,16.666666666666668,N,,N,
06:53,CIEINDIA,14937,412.05,0.38,0.76,,60.1,20.0,NORMAL,N,3.775883069427555,0.0,11.327649208282665,0.0,15,0.0,0.0,0.0,25,0.0,0.0,20,5.0,0.0,N,,N,
06:53,HCLTECH,7229,1361.7,0.38,0.75,,76.9,9.5,NORMAL,N,3.759398496240702,0.0,11.278195488722107,0.0,15,0.0,0.0,1.8614622356705073,25,0.0,20,0.0,0.0,7.6190476190475165,N,,N,
06:53,VINATIORGA,17364,1329.8,0.37,0.74,,99.8,44.2,NORMAL,N,3.698392331496614,0.0,11.095176994489842,0.0,15,0.0,0.0,25.0,25,0.0,20,0.0,0.0,19.199999999999818,N,,N,
06:53,JUSTDIAL,29962,685.8,0.37,0.73,,103.3,9.3,NORMAL,N,3.6587150592711843,0.0,10.976145177813553,0.0,15,0.0,0.0,9.32981575141353,25,0.0,20,0.0,19.31034482758529,0.0,N,,N,
06:53,TMCV,759782,454.75,0.36,0.73,,38.0,60.1,NORMAL,N,3.641580225115818,0.0,10.924740675347454,0.0,15,0.0,0.0,8.42596314695248,0.0,25,0.0,20,0.0,6.666666666665825,N,,N,
06:53,JAIBALAJI,14076,66.5,1.36,2.71,,103.6,20.0,NORMAL,N,13.56500533455267,0.0,30.0,0.0,15,0.0,0.0,0.0,25,0.0,20,0.0,0.0,20.0,N,,N,
06:53,LALPATHLAB,11654,1957.8,1.36,2.71,,64.5,45.4,NORMAL,N,13.563884862290353,0.0,30.0,0.0,15,0.0,0.0,0.3508353545492013,0.0,25,0.0,20,5.6250000000004885,0.0,N,,N,
06:53,PHOENIXLTD,14552,1921.2,1.36,2.71,,112.6,3.7,NORMAL,N,13.558427855447137,0.0,30.0,0.0,15,0.0,0.0,3.658394978735622,25,0.0,20,0.0,5.333333333334545,0.0,N,,N,
06:53,TORNTPOWER,13786,1355.5,0.35,0.7,,32.1,50.9,NORMAL,N,3.479419603198139,0.0,10.438258809594418,0.0,15,0.0,0.0,3.1693758206478377,0.0,25,0.0,20,0.0,2.7272727272722577,N,,N,
06:53,MOTILALOFS,14947,873.0,0.34,0.69,,76.0,19.6,NORMAL,N,3.4482758620689657,0.0,10.344827586206897,0.0,15,0.0,0.0,2.210412676044858,25,0.0,20,0.0,0.0,17.368421052630506,N,,N,
06:53,GRINFRA,5054,873.65,0.34,0.68,,73.6,0.0,NORMAL,N,3.388078557482407,0.0,10.164235672447221,0.0,15,0.0,0.0,0.0,25,0.0,20,0.0,0.0,0.0,N,,N,
06:53,NCC,2319,146.05,0.32,0.63,,96.7,12.3,NORMAL,N,3.1595576619273844,0.0,9.478672985782154,0.0,15,0.0,0.0,12.311559410035565,25,0.0,20,0.0,11.764705882353825,0.0,N,,N,
06:53,DCMSHRIRAM,811,1020.0,0.31,0.63,,72.6,0.0,NORMAL,N,3.1471282454760483,0.0,9.441384736428144,0.0,15,0.0,0.0,0.0,25,0.0,20,0.0,0.0,0.0,N,,N,
06:53,JSL,11236,736.95,0.31,0.63,,61.6,25.1,NORMAL,N,3.1307425304567724,0.0,9.392227591370318,0.0,15,0.0,0.0,5.089529654366654,25,0.0,0.0,20,4.0000000000009095,0.0,N,,N,
06:53,SWANCORP,27095,309.0,0.31,0.62,,52.3,40.0,NORMAL,N,3.0839149488718998,0.0,9.251744846615699,0.0,15,0.0,0.0,0.0,25,0.0,0.0,20,0.0,20.0,N,,N,
06:53,NFL,13925,72.85,1.31,2.61,,105.6,22.5,NORMAL,N,13.07189542483657,0.0,30.0,0.0,15,0.0,0.0,2.4957678288166245,25,0.0,20,0.0,0.0,20.0,N,,N,
06:53,XCHANGING,11705,68.1,1.28,2.56,,82.8,20.0,NORMAL,N,12.790005948839969,0.0,30.0,0.0,15,0.0,0.0,0.0,25,0.0,0.0,20,0.0,0.0,N,,N,
06:53,UNITDSPR,10447,1531.7,1.28,2.55,,104.6,3.7,NORMAL,N,12.761174292515175,0.0,30.0,0.0,15,0.0,0.0,1.8591215543002002,25,0.0,20,0.0,0.0,1.818181818180315,N,,N,
06:53,PIDILITIND,2664,1680.9,1.26,2.52,,109.4,1.1,NORMAL,N,12.590361445783188,0.0,30.0,0.0,15,0.0,0.0,1.1373242252199767,25,0.0,20,0.0,5.714285714286643,0.0,N,,N,
06:53,BAJAJFINSV,16675,2034.0,1.25,2.5,,109.8,4.8,NORMAL,N,12.494399920354377,0.0,30.0,0.0,15,0.0,0.0,4.76135355864356,25,0.0,20,0.0,2.499999999999526,0.0,N,,N,
06:53,OBEROIRLTY,20242,1796.7,1.22,2.45,,110.2,0.0,NORMAL,N,12.225352112676083,0.0,30.0,0.0,15,0.0,0.0,0.0,25,0.0,20,0.0,7.999999999999545,0.0,N,,N,
06:53,TIINDIA,312,2804.5,1.17,2.34,,109.5,0.0,NORMAL,N,11.724386724386724,0.0,30.0,0.0,15,0.0,0.0,0.0,25,0.0,20,0.0,7.777777777778479,0.0,N,,N,
06:53,AETHER,9810,1608.3,1.05,2.1,,100.5,6.1,NORMAL,N,10.492586076903773,0.0,30.0,0.0,15,0.0,0.0,0.0,25,0.0,20,0.0,0.0,6.086956521737669,N,,N,
06:53,PNBGILTS,8736,81.52,1.02,2.03,,120.2,0.0,NORMAL,N,10.161090458488141,0.0,30.0,0.0,15,0.0,0.0,0.0,25,0.0,20,0.0,20.0,0.0,N,,N,
06:53,MUTHOOTFIN,23650,2918.3,0.98,1.96,,102.9,2.8,NORMAL,N,9.792387543252659,0.0,29.377162629757972,0.0,15,0.0,0.0,2.844748823050858,25,0.0,20,0.0,0.9090909090901576,0.0,N,,N,
06:53,GEOJITFSL,11896,77.77,0.97,1.95,,83.6,37.5,NORMAL,N,9.73773045962088,0.0,29.213191378862636,0.0,15,0.0,0.0,9.661830777058814,0.0,25,20,0.0,0.0,2.857142857142625,N,,N,
06:53,PRESTIGE,20302,1599.5,0.93,1.86,,107.5,0.0,NORMAL,N,9.275618374558332,0.0,27.826855123675,0.0,15,0.0,0.0,0.0,25,0.0,20,0.0,10.434782608696253,0.0,N,,N,
06:53,EQUITASBNK,913,75.9,0.9,1.81,,96.2,6.7,NORMAL,N,9.040148896570152,0.0,27.12044668971046,0.0,15,0.0,0.0,0.0,25,0.0,20,0.0,0.0,6.666666666665088,N,,N,
06:53,TECHM,13538,1649.0,0.86,1.71,,65.4,52.3,NORMAL,N,8.562691131498472,0.0,25.68807339449541,0.0,15,0.0,0.0,7.308477453554674,0.0,25,0.0,20,8.799999999999272,0.0,N,,N,
06:53,APLAPOLLO,25780,1985.0,0.76,1.52,,101.1,17.3,NORMAL,N,7.614213197969544,0.0,22.842639593908633,0.0,15,0.0,0.0,10.62708756504301,25,0.0,20,0.0,0.0,6.666666666666208,N,,N,
06:53,LAURUSLABS,19234,1858.0,0.74,1.49,,71.6,20.5,NORMAL,N,7.428292577129559,0.0,22.28487773138868,0.0,15,0.0,0.0,0.47887487032599596,25,0.0,0.0,20,1.4285714285702686,0.0,N,,N,
06:53,MAZDOCK,509,2532.6,0.7,1.41,,104.0,11.5,NORMAL,N,7.038053202910579,0.0,21.114159608731736,0.0,15,0.0,0.0,11.462893654694701,25,0.0,20,0.0,4.3956043956044395,0.0,N,,N,
06:53,DALBHARAT,8075,1839.0,0.63,1.27,,97.6,0.0,NORMAL,N,6.3478165699900995,0.0,19.043449709970297,0.0,15,0.0,0.0,0.0,25,0.0,20,0.0,12.173913043479292,0.0,N,,N,
06:53,ICICIAMC,760407,3094.4,0.45,0.91,,81.2,1.5,NORMAL,N,4.544864303337229,0.0,13.634592910011687,0.0,15,0.0,0.0,1.4767810294956387,25,0.0,20,0.0,1.538461538463691,0.0,N,,N,
06:53,HDFCAMC,4244,2556.3,0.44,0.89,,100.4,6.3,NORMAL,N,4.4400785854617615,0.0,13.320235756385282,0.0,15,0.0,0.0,6.268179702282531,25,0.0,20,0.0,16.400000000000546,0.0,N,,N,
06:53,ASIANPAINT,236,2747.0,0.44,0.88,,85.0,5.5,NORMAL,N,4.387568555758683,0.0,13.16270566727605,0.0,15,0.0,0.0,5.508463582165022,25,0.0,20,0.0,1.9672131147553205,0.0,N,,N,
06:53,MAHABANK,11377,78.6,0.41,0.82,,40.0,45.7,NORMAL,N,4.087889626979984,0.0,12.263668880939953,0.0,15,0.0,0.0,0.654125573418691,0.0,25,0.0,20,7.999999999998863,0.0,N,,N,
06:53,SBILIFE,21808,1863.0,0.4,0.81,,76.9,0.8,NORMAL,N,4.042037186742118,0.0,12.126111560226356,0.0,15,0.0,0.0,0.772501469502648,25,0.0,20,0.0,0.0,0.0,N,,N,
06:53,GODFRYPHLP,1181,2294.9,0.39,0.78,,75.6,12.2,NORMAL,N,3.89326334208228,0.0,11.67979002624684,0.0,15,0.0,0.0,0.0,25,0.0,20,0.0,0.0,12.173913043480496,N,,N,
06:53,WELCORP,11821,1845.7,0.32,0.64,,59.6,31.6,NORMAL,N,3.206870311990483,0.0,9.620610935971449,0.0,15,0.0,0.0,6.589468025689676,0.0,25,20,0.0,5.185185185185435,0.0,N,,N,
06:53,SKFINDIA,3186,1539.0,0.31,0.61,,27.3,45.0,NORMAL,N,3.0632861891416576,0.0,9.189858567424974,0.0,15,0.0,0.0,0.0,0.0,25,0.0,20,0.0,0.0,N,,N,
06:53,DEEPAKNTR,19943,1801.9,0.3,0.6,,76.2,11.6,NORMAL,Y,3.005844698023986,0.0,9.017534094071959,0.0,15,0.0,0.0,4.159564577174674,25,0.0,20,0.0,0.0,7.407407407407282,N,,N,
06:53,PTC,11355,177.65,-12.62,25.23,,58.7,82.5,NORMAL,Y,0.0,30.0,30.0,0.0,0.0,15,0.0,3.6816287722731467,25,0.0,0.0,20,0.0,13.793103448275456,N,,N,
06:53,JAMNAAUTO,20778,128.7,-11.06,22.11,,68.0,71.9,NORMAL,Y,0.0,30.0,30.0,0.0,0.0,15,0.0,1.8680853864769056,0.0,25,20,0.0,16.122448979591844,0.0,N,,N,
06:53,PFC,14299,393.5,-6.31,12.62,,32.1,102.1,NORMAL,Y,0.0,30.0,30.0,0.0,0.0,15,0.0,2.088808141790601,0.0,25,0.0,20,0.0,10.000000000000517,N,,N,
06:53,NLCINDIA,8585,288.35,-5.27,10.55,,65.8,74.7,NORMAL,Y,0.0,30.0,30.0,0.0,0.0,15,0.0,4.690726877677961,0.0,25,20,0.0,11.111111111111391,0.0,N,,N,
06:53,RECLTD,15355,350.1,-4.6,9.21,,35.4,95.4,NORMAL,Y,0.0,30.0,30.0,0.0,0.0,15,0.0,5.386916709576913,0.0,25,0.0,20,0.0,0.0,N,,N,
06:53,OMNI,760865,554.55,-4.12,8.23,,75.0,53.3,NORMAL,Y,0.0,30.0,30.0,0.0,0.0,15,0.0,0.0,25,0.0,20,0.0,0.0,8.26086956521795,N,,N,
06:53,RGL,15129,118.4,-3.9,7.79,,50.0,90.0,NORMAL,N,0.0,30.0,30.0,0.0,0.0,15,0.0,0.0,0.0,25,0.0,20,20.0,0.0,N,,N,
06:53,WINDMACHIN,24969,294.05,-3.13,6.26,,88.9,45.6,NORMAL,N,0.0,30.0,30.0,0.0,0.0,15,0.0,0.5752563344590162,25,0.0,20,0.0,13.33333333333207,0.0,N,,N,
06:53,YATRA,18760,103.88,-2.94,5.89,,93.2,44.4,NORMAL,N,0.0,29.431000654022288,30.0,0.0,0.0,15,0.0,0.0,25,0.0,20,0.0,18.181818181818535,0.0,N,,N,
06:53,WINDLAS,5366,857.0,-2.93,5.86,,38.2,108.2,NORMAL,N,0.0,29.28017216967777,30.0,0.0,0.0,15,0.0,8.232237953817494,0.0,25,0.0,20,0.0,10.666666666666817,N,,N,
06:53,AEGISLOG,40,1333.0,-2.77,5.54,,30.0,91.2,NORMAL,N,0.0,27.716994894237782,30.0,0.0,0.0,15,0.0,0.0,0.0,25,0.0,20,0.0,3.478260869565733,N,,N,
06:53,CHALET,8546,836.0,-2.76,5.51,,66.3,62.6,NORMAL,N,0.0,27.56775619402122,30.0,0.0,0.0,15,0.0,0.0,25,0.0,0.0,20,11.250000000000178,0.0,N,,N,
06:53,PARAS,5911,1243.5,-2.63,5.26,,32.6,100.7,NORMAL,N,0.0,26.309607704956473,30.0,0.0,0.0,15,0.0,2.64277246300352,0.0,25,0.0,20,0.0,11.724137931034429,N,,N,
06:53,ZYDUSWELL,17635,520.3,-2.54,5.08,,79.0,40.4,NORMAL,N,0.0,25.381661515407078,30.0,0.0,0.0,15,0.0,0.0,25,0.0,20,0.0,4.0000000000009095,0.0,N,,N,
06:53,GOCLCORP,3963,427.3,-2.5,5.0,,34.3,89.3,NORMAL,N,0.0,24.98573873359952,30.0,0.0,0.0,15,0.0,4.268170195863373,0.0,25,0.0,20,0.0,0.0,N,,N,
06:53,SCI,3048,297.25,-2.46,4.92,,50.2,88.8,NORMAL,N,0.0,24.610336341263327,30.0,0.0,0.0,15,0.0,4.227261964937525,0.0,25,0.0,20,15.99999999999909,0.0,N,,N,
06:53,VERANDA,8890,251.75,-2.4,4.81,,52.4,86.5,NORMAL,N,0.0,24.03566582671056,30.0,0.0,0.0,15,0.0,2.4284550410962376,0.0,25,0.0,20,20.0,0.0,N,,N,
06:54,J&KBANK,5633,155.7,-2.22,4.45,,42.7,100.8,NORMAL,N,0.0,22.23059532780721,30.0,0.0,0.0,15,0.0,12.72656748037627,0.0,25,0.0,20,0.0,5.833333333332544,N,,N,
06:54,GODREJCP,10099,1027.8,-2.11,4.23,,65.0,57.2,NORMAL,N,0.0,21.142857142857185,30.0,0.0,0.0,15,0.0,1.0914156448207053,25,0.0,0.0,20,8.88888888888496,0.0,N,,N,
06:54,MRPL,2283,163.51,-2.1,4.19,,75.5,56.4,NORMAL,N,0.0,20.95682893239926,30.0,0.0,0.0,15,0.0,0.46627672779571616,25,0.0,0.0,20,20.0,0.0,N,,N,
06:54,HIKAL,9668,222.51,-2.04,4.08,,34.2,104.6,NORMAL,N,0.0,20.383904200052815,30.0,0.0,0.0,15,0.0,4.172657280521309,0.0,25,0.0,20,0.0,20.0,N,,N,
06:54,BANKINDIA,4745,142.1,-2.0,4.0,,38.2,80.2,NORMAL,N,0.0,20.00000000000004,30.0,0.0,0.0,15,0.0,0.23583303149978174,0.0,25,0.0,20,7.999999999998863,0.0,N,,N,
06:54,POWERMECH,10473,2468.1,-5.68,11.36,,30.0,110.0,NORMAL,Y,0.0,30.0,30.0,0.0,0.0,15,0.0,0.0,0.0,25,0.0,20,0.0,20.0,N,,N,
06:54,LUPIN,10440,2239.9,-5.23,10.46,,39.1,101.4,NORMAL,Y,0.0,30.0,30.0,0.0,0.0,15,0.0,9.084921006652696,0.0,25,0.0,20,0.0,2.3255813953487388,N,,N,
06:54,INOXWIND,7852,74.94,-3.92,7.85,,75.0,45.0,NORMAL,N,0.0,30.0,30.0,0.0,0.0,15,0.0,0.0,25,0.0,20,0.0,0.0,0.0,N,,N,
06:54,KIRLOSENG,20936,2081.7,-3.7,7.4,,35.5,105.5,NORMAL,N,0.0,30.0,30.0,0.0,0.0,15,0.0,5.514123376273982,0.0,25,0.0,20,0.0,10.0,N,,N,
06:54,ABFRL,30108,61.17,-3.41,6.82,,79.5,51.6,NORMAL,N,0.0,30.0,30.0,0.0,0.0,15,0.0,4.518065729969827,25,0.0,20,0.0,0.0,2.105263157894264,N,,N,
06:54,WESTLIFE,11580,583.2,-1.96,3.92,,35.0,79.6,NORMAL,N,0.0,19.58476926956372,30.0,0.0,0.0,15,0.0,0.0,0.0,25,0.0,20,5.000000000001421,0.0,N,,N,
06:54,SBICARD,17971,646.45,-1.9,3.81,,66.8,100.1,NORMAL,N,0.0,19.044006069802663,30.0,0.0,0.0,15,0.0,21.040675416363026,0.0,25,0.0,20,15.78947368420977,0.0,N,,N,
06:54,FINPIPE,1041,161.31,-1.9,3.79,,31.6,80.5,NORMAL,N,0.0,18.974639664294866,30.0,0.0,0.0,15,0.0,1.5743758180385308,0.0,25,0.0,20,0.0,0.0,N,,N,
06:54,SIS,21501,427.05,-1.82,3.63,,75.0,33.2,NORMAL,N,0.0,18.163007242211698,30.0,0.0,0.0,15,0.0,0.0,25,0.0,20,0.0,0.0,0.0,N,,N,
06:54,LLOYDSME,17313,2042.5,-2.79,5.59,,36.4,106.8,NORMAL,N,0.0,27.936417285360662,30.0,0.0,0.0,15,0.0,6.363131073818204,0.0,25,0.0,20,0.0,12.499999999999822,N,,Y,NONRESULTS
06:54,CHEMPLASTS,5449,180.39,-1.75,3.51,,83.8,32.5,NORMAL,N,0.0,17.53717117804056,30.0,0.0,0.0,15,0.0,0.0,25,0.0,20,0.0,8.800000000001091,0.0,N,,N,
06:54,TDPOWERSYS,25178,1238.8,-1.75,3.51,,31.7,77.5,NORMAL,N,0.0,17.527163137441615,30.0,0.0,0.0,15,0.0,0.0,0.0,25,0.0,20,1.7142857142854546,0.0,N,,N,
06:54,RITES,3761,230.19,-1.73,3.46,,35.0,87.9,NORMAL,N,0.0,17.289959016393492,30.0,0.0,0.0,15,0.0,5.011516344617253,0.0,25,0.0,20,0.0,5.625000000000333,N,,N,
06:54,IPCALAB,1633,1688.9,-2.7,5.4,,36.9,89.3,NORMAL,N,0.0,27.019241848139107,30.0,0.0,0.0,15,0.0,2.312492558517355,0.0,25,0.0,20,4.545454545454452,0.0,N,,N,
06:54,EIDPARRY,916,791.5,-1.69,3.38,,45.6,78.5,NORMAL,N,0.0,16.89231151409766,30.0,0.0,0.0,15,0.0,1.5815984080141243,0.0,25,0.0,20,14.00000000000091,0.0,N,,N,
06:54,WSTCSTPAPR,3799,589.0,-1.69,3.37,,55.0,56.3,NORMAL,N,0.0,16.858621265231214,30.0,0.0,0.0,15,0.0,0.0,25,0.0,0.0,20,0.0,4.444444444445567,N,,N,
06:54,INDOCO,11677,218.06,-1.66,3.31,,31.5,98.0,NORMAL,N,0.0,16.551661931177502,30.0,0.0,0.0,15,0.0,1.4669794225756245,0.0,25,0.0,20,0.0,20.0,N,,N,
06:54,PETRONET,11351,276.1,-1.6,3.21,,43.3,76.0,NORMAL,N,0.0,16.037063435495366,30.0,0.0,0.0,15,0.0,0.0,0.0,25,0.0,20,13.333333333330808,0.0,N,,N,
06:54,MARKSANS,10579,269.5,-1.59,3.18,,33.1,84.9,NORMAL,N,0.0,15.884608362242185,30.0,0.0,0.0,15,0.0,3.052554382732549,0.0,25,0.0,20,0.0,6.000000000001364,N,,N,
06:54,SBIN,3045,1079.9,-1.58,3.15,,33.5,96.2,NORMAL,N,0.0,15.76740794750269,30.0,0.0,0.0,15,0.0,3.4564067491907524,0.0,25,0.0,20,0.0,17.000000000000455,N,,N,
06:54,GAIL,4717,170.94,-1.55,3.1,,30.1,80.6,NORMAL,N,0.0,15.492714392674067,30.0,0.0,0.0,15,0.0,0.06476413846320013,0.0,25,0.0,20,0.0,5.0,N,,N,
06:54,SAMHI,18614,171.95,-1.55,3.09,,30.0,77.5,NORMAL,N,0.0,15.459490409390305,30.0,0.0,0.0,15,0.0,0.0,0.0,25,0.0,20,0.0,1.9999999999982947,N,,N,
06:54,SURYAROSNI,3375,248.5,-1.53,3.05,,33.0,75.3,NORMAL,N,0.0,15.25658807212203,30.0,0.0,0.0,15,0.0,0.0,0.0,25,0.0,20,2.962962962962573,0.0,N,,N,
06:54,TVSSCS,18151,131.8,-1.49,2.97,,46.2,91.1,NORMAL,N,0.0,14.874056356977206,30.0,0.0,0.0,15,0.0,16.193225448000806,0.0,25,0.0,20,0.0,0.0,N,,N,
06:54,MSTCLTD,9356,582.6,-1.46,2.93,,58.7,49.6,NORMAL,N,0.0,14.63002114164901,30.0,0.0,0.0,15,0.0,0.0,25,0.0,0.0,20,3.749999999999112,0.0,N,,N,
06:54,GARFIBRES,1100,800.2,-1.43,2.87,,48.8,74.3,NORMAL,N,0.0,14.349941491654835,30.0,0.0,0.0,15,0.0,0.0,0.0,25,0.0,20,18.750000000001066,0.0,N,,N,
06:54,TTKPRESTIG,3546,607.25,-1.41,2.82,,74.0,49.1,NORMAL,N,0.0,14.124523094407087,30.0,0.0,0.0,15,0.0,0.0,25,0.0,0.0,20,18.999999999998636,0.0,N,,N,
06:54,PSPPROJECT,20877,950.0,-1.34,2.69,,75.0,28.4,NORMAL,N,0.0,13.448257957318702,30.0,0.0,0.0,15,0.0,0.0,25,0.0,20,0.0,0.0,0.0,N,,N,
06:54,TREJHARA,7518,175.28,-1.34,2.68,,55.0,67.2,NORMAL,N,0.0,13.396375098502734,30.0,0.0,0.0,15,0.0,0.0,25,0.0,0.0,20,0.0,18.787878787878213,N,,N,
06:54,TRENT,1964,3034.9,-2.32,4.65,,75.2,54.5,NORMAL,N,0.0,23.23710212094874,30.0,0.0,0.0,15,0.0,0.24947478103005366,25,0.0,20,0.0,0.0,16.000000000000608,N,,N,
06:54,VAIBHAVGBL,11364,239.95,-1.23,2.47,,52.3,56.4,NORMAL,N,0.0,12.34821979831241,30.0,0.0,0.0,15,0.0,2.2701605356506045,0.0,25,20,0.0,0.0,1.8181818181822877,N,,N,
06:54,EXIDEIND,676,484.25,-1.17,2.35,,35.0,79.5,NORMAL,N,0.0,11.734693877551022,30.0,0.0,0.0,15,0.0,5.047005585616918,0.0,25,0.0,20,0.0,2.727272727273432,N,,N,
06:54,HINDALCO,1363,1047.5,-1.14,2.28,,34.3,71.4,NORMAL,N,0.0,11.419403548508786,30.0,0.0,0.0,15,0.0,0.0,0.0,25,0.0,20,4.285714285713357,0.0,N,,N,
06:54,FSL,14304,276.7,-1.13,2.25,,52.6,70.5,NORMAL,N,0.0,11.256030016080162,30.0,0.0,0.0,15,0.0,2.6191074902603737,0.0,25,20,0.0,0.0,16.666666666666035,N,,N,
06:54,JAINREC,759244,304.95,-1.12,2.24,,30.5,87.3,NORMAL,N,0.0,11.18677042801553,30.0,0.0,0.0,15,0.0,0.47857854367551267,0.0,25,0.0,20,0.0,15.652173913043391,N,,N,
06:54,SANGAMIND,4184,605.0,-1.11,2.22,,50.0,71.1,NORMAL,N,0.0,11.114743380189532,30.0,0.0,0.0,15,0.0,0.0,0.0,25,0.0,20,20.0,0.0,N,,N,
06:54,UBL,16713,1384.8,-1.11,2.21,,59.8,46.6,NORMAL,N,0.0,11.06905663072199,30.0,0.0,0.0,15,0.0,0.5315488923583666,25,0.0,0.0,20,4.285714285713357,0.0,N,,N,
06:54,PATANJALI,17029,353.55,-1.1,2.21,,55.0,46.0,NORMAL,N,0.0,11.048951048951016,30.0,0.0,0.0,15,0.0,0.0,25,0.0,0.0,20,0.0,0.0,N,,N,
06:54,ZODIACLOTH,3821,76.0,-2.1,4.2,,30.0,81.0,NORMAL,N,0.0,20.997037227875765,30.0,0.0,0.0,15,0.0,0.0,0.0,25,0.0,20,0.0,0.0,N,,N,
06:54,GRANULES,11872,864.45,-1.08,2.15,,52.4,75.4,NORMAL,N,0.0,10.75699490759281,30.0,0.0,0.0,15,0.0,4.684983944582908,0.0,25,0.0,20,17.731958762886798,0.0,N,,N,
06:54,MARICO,4067,852.85,-1.06,2.12,,67.7,47.3,NORMAL,N,0.0,10.61484918793501,30.0,0.0,0.0,15,0.0,1.7171877434729113,25,0.0,0.0,20,10.99999999999909,0.0,N,,N,
06:54,GREAVESCOT,1235,196.74,-1.06,2.12,,35.6,87.0,NORMAL,N,0.0,10.611013326628038,30.0,0.0,0.0,15,0.0,5.6002992200474,0.0,25,0.0,20,0.0,10.833333333332543,N,,N,
06:54,CANBK,10794,130.56,-1.05,2.11,,30.4,78.7,NORMAL,N,0.0,10.534293292913882,30.0,0.0,0.0,15,0.0,0.4193296488679793,0.0,25,0.0,20,0.0,7.741935483869371,N,,N,
06:54,EMSLIMITED,18593,400.35,-1.0,2.0,,75.0,45.0,NORMAL,N,0.0,10.014836795252114,30.0,0.0,0.0,15,0.0,0.0,25,0.0,20,0.0,0.0,20.0,N,,N,
06:54,YUKEN,5501,792.05,-1.0,2.0,,65.5,85.5,NORMAL,N,0.0,9.999375039060059,29.998125117180177,0.0,0.0,15,0.0,15.478038171401723,0.0,25,0.0,20,20.0,0.0,N,,N,
06:54,HDBFS,757772,659.5,-0.92,1.85,,52.7,51.6,NORMAL,N,0.0,9.239089611657745,27.717268834973233,0.0,0.0,15,0.0,0.0,25,0.0,0.0,20,0.0,7.368421052631705,N,,N,
06:54,APTUS,5435,258.3,-0.9,1.8,,72.0,32.6,NORMAL,N,0.0,9.015921734126092,27.04776520237828,0.0,0.0,15,0.0,0.0,25,0.0,20,0.0,0.0,8.571428571429964,N,,N,
06:54,NTPC,11630,339.45,-0.89,1.78,,59.1,88.8,NORMAL,N,0.0,8.905109489051128,26.71532846715338,0.0,0.0,15,0.0,19.845061398138895,0.0,25,0.0,20,12.50000000000071,0.0,N,,N,
06:54,WOCKPHARMA,7506,1983.0,-1.88,3.76,,34.5,92.8,NORMAL,N,0.0,18.80257298367145,30.0,0.0,0.0,15,0.0,4.526941025567896,0.0,25,0.0,20,0.0,9.4285714285713,N,,N,
06:54,ITC,1660,283.65,-0.86,1.71,,50.0,79.6,NORMAL,N,0.0,8.563439356868386,25.69031807060516,0.0,0.0,15,0.0,11.00965021839523,0.0,25,0.0,20,13.333333333330808,0.0,N,,N,
06:54,MUKANDLTD,11325,142.0,-0.85,1.7,,43.3,83.5,NORMAL,N,0.0,8.518363357073026,25.55509007121908,0.0,0.0,15,0.0,14.963425611565235,0.0,25,0.0,20,2.8070175438591245,0.0,N,,N,
06:54,CAMPUS,9362,222.46,-0.85,1.7,,55.7,46.4,NORMAL,N,0.0,8.51272451753798,25.53817355261394,0.0,0.0,15,0.0,2.86385739267813,25,0.0,0.0,20,2.2727272727265095,0.0,N,,N,
06:54,RAMKY,20134,403.4,-0.85,1.7,,30.4,73.5,NORMAL,N,0.0,8.479783704067948,25.43935111220385,0.0,0.0,15,0.0,4.991829862217737,0.0,25,0.0,20,0.0,0.0,N,,N,
06:54,TATAINVEST,1621,687.8,-0.84,1.69,,25.3,72.4,NORMAL,N,0.0,8.433648093418904,25.300944280256715,0.0,0.0,15,0.0,0.0,0.0,25,0.0,20,0.0,4.0000000000009095,N,,N,
06:54,LOTUSEYE,16807,117.82,-0.84,1.68,,86.0,39.2,NORMAL,N,0.0,8.416091567076252,25.248274701228755,0.0,0.0,15,0.0,15.776004443302558,25,0.0,20,0.0,0.0,0.0,N,,N,
06:54,TCIEXP,19223,549.95,-0.84,1.68,,70.2,39.9,NORMAL,N,0.0,8.384421204471648,25.153263613414946,0.0,0.0,15,0.0,0.0,25,0.0,20,0.0,0.0,16.521739130434266,N,,N,
06:54,VOLTAS,3718,1274.3,-0.83,1.67,,29.2,81.1,NORMAL,N,0.0,8.326848249027273,24.980544747081815,0.0,0.0,15,0.0,4.245060367862676,0.0,25,0.0,20,0.0,8.571428571428108,N,,N,
06:54,SYNGENE,10243,400.35,-0.83,1.66,,69.9,23.3,NORMAL,N,0.0,8.29824126826843,24.894723804805295,0.0,0.0,15,0.0,0.0,25,0.0,20,0.0,0.0,0.0,N,,N,
06:54,PVRINOX,13147,1146.7,-0.8,1.61,,24.1,77.1,NORMAL,N,0.0,8.044982698961897,24.134948096885694,0.0,0.0,15,0.0,0.0,0.0,25,0.0,20,0.0,9.090909090909843,N,,N,
06:54,COALINDIA,20374,411.95,-0.79,1.59,,48.8,52.9,NORMAL,N,0.0,7.947019867549696,23.84105960264909,0.0,0.0,15,0.0,0.0,25,0.0,0.0,20,0.0,10.0,N,,N,
06:54,BHARTIHEXA,23489,1511.2,-1.79,3.59,,75.0,32.9,NORMAL,N,0.0,17.93605406810496,30.0,0.0,0.0,15,0.0,0.0,25,0.0,20,0.0,0.0,0.0,N,,N,
06:54,GODREJIND,10925,1301.2,-0.79,1.57,,54.8,69.1,NORMAL,N,0.0,7.853602744948499,23.560808234845496,0.0,0.0,15,0.0,6.2590497736081705,25,0.0,0.0,20,0.0,20.0,N,,N,
06:54,TITAGARH,15414,840.8,-0.78,1.57,,85.7,22.8,NORMAL,N,0.0,7.8470706236357195,23.54121187090716,0.0,0.0,15,0.0,0.0,25,0.0,20,0.0,17.142857142856677,0.0,N,,N,
06:54,KFINTECH,13359,928.95,-0.75,1.51,,93.7,29.9,NORMAL,N,0.0,7.532051282051234,22.596153846153697,0.0,0.0,15,0.0,7.3545294652804,25,0.0,20,0.0,18.750000000000398,0.0,N,,N,
06:54,ICICIPRULI,18652,497.3,-0.75,1.5,,68.4,23.4,NORMAL,N,0.0,7.484283005688055,22.452849017064164,0.0,0.0,15,0.0,0.8996784221969669,25,0.0,20,0.0,0.0,0.0,N,,N,
06:54,MGL,17534,1131.1,-0.75,1.49,,47.4,48.5,NORMAL,N,0.0,7.458757458757459,22.376272376272375,0.0,0.0,15,0.0,0.0,25,0.0,0.0,20,0.0,5.9999999999990905,N,,N,
06:54,SHARDACROP,4992,808.0,-0.74,1.49,,47.3,57.4,NORMAL,N,0.0,7.4319759228548055,22.295927768564418,0.0,0.0,15,0.0,0.0,25,0.0,0.0,20,0.0,15.000000000005684,N,,N,
06:54,ELGIEQUIP,937,584.15,-0.73,1.46,,46.9,56.3,NORMAL,N,0.0,7.307332823519531,21.921998470558595,0.0,0.0,15,0.0,0.0,25,0.0,0.0,20,0.0,14.00000000000091,N,,N,
06:54,IOC,1624,142.35,-0.72,1.44,,66.6,22.2,NORMAL,N,0.0,7.183707630073938,21.551122890221812,0.0,0.0,15,0.0,0.0,25,0.0,20,0.0,0.0,0.0,N,,N,
06:54,PNB,10666,114.0,-0.71,1.41,,46.2,62.1,NORMAL,N,0.0,7.055134570159414,21.16540371047824,0.0,0.0,15,0.0,0.0,25,0.0,0.0,20,0.0,20.0,N,,N,
06:54,RVNL,9552,231.75,-0.7,1.4,,68.2,33.1,NORMAL,N,0.0,6.98431742222982,20.952952266689458,0.0,0.0,15,0.0,2.2244706058377552,25,0.0,20,0.0,0.0,8.888888888888362,N,,N,
06:54,ROLEXRINGS,5279,155.59,-0.7,1.39,,20.9,67.0,NORMAL,N,0.0,6.956854735767191,20.870564207301573,0.0,0.0,15,0.0,0.0,0.0,25,0.0,20,0.0,0.0,N,,N,
06:54,RAJRATAN,18962,521.35,-0.7,1.39,,38.3,70.6,NORMAL,N,0.0,6.952380952380908,20.857142857142726,0.0,0.0,15,0.0,3.6231249571268753,0.0,25,0.0,20,13.846153846154518,0.0,N,,N,
06:54,ROSSARI,19410,510.5,-0.67,1.34,,87.5,24.1,NORMAL,N,0.0,6.712715244673695,20.138145734021084,0.0,0.0,15,0.0,2.3937436331324236,25,0.0,20,0.0,20.0,0.0,N,,N,
06:54,ANANTRAJ,13620,611.8,-0.67,1.33,,33.9,71.3,NORMAL,N,0.0,6.656924825458715,19.970774476376146,0.0,0.0,15,0.0,4.654182143144682,0.0,25,0.0,20,9.268292682927479,0.0,N,,N,
06:54,ABMKNO,762528,185.0,-0.65,1.3,,39.5,46.5,NORMAL,N,0.0,6.498039847484066,19.4941195424522,0.0,0.0,15,0.0,0.0,0.0,25,20,0.0,0.0,0.0,N,,N,
06:54,SHYAMMETL,4693,1000.4,-0.65,1.29,,27.1,86.5,NORMAL,N,0.0,6.455457344324164,19.366372032972492,0.0,0.0,15,0.0,7.711014085377387,0.0,25,0.0,20,0.0,12.380952380951813,N,,N,
06:54,SAPPHIRE,6718,222.8,-0.63,1.27,,64.7,21.3,NORMAL,N,0.0,6.333065739006277,18.999197217018832,0.0,0.0,15,0.0,0.0,25,0.0,20,0.0,0.666666666667993,0.0,N,,N,
06:54,HUDCO,20825,199.77,-0.63,1.26,,43.4,78.2,NORMAL,N,0.0,6.3171508157579686,18.951452447273905,0.0,0.0,15,0.0,11.845841186098612,0.0,25,0.0,20,12.63157894736905,0.0,N,,N,
06:54,DIAMONDYD,21840,1219.7,-0.63,1.25,,38.8,66.3,NORMAL,N,0.0,6.273423496822589,18.820270490467767,0.0,0.0,15,0.0,0.0,0.0,25,0.0,20,20.0,0.0,N,,N,
06:54,TATACAP,759265,368.0,-0.62,1.24,,81.0,26.0,NORMAL,N,0.0,6.211180124223633,18.6335403726709,0.0,0.0,15,0.0,4.774305777197714,25,0.0,20,0.0,12.592592592592718,0.0,N,,N,
06:54,QUICKHEAL,13131,154.06,-0.62,1.24,,41.5,89.2,NORMAL,N,0.0,6.192749322668094,18.578247968004284,0.0,0.0,15,0.0,22.97054274118288,0.0,25,0.0,20,0.0,0.0,N,,N,
06:54,SYMPHONY,24190,650.15,-0.6,1.19,,60.9,43.7,NORMAL,N,0.0,5.962846877150031,17.88854063145009,0.0,0.0,15,0.0,2.7509806011744025,25,0.0,0.0,20,15.29411764705788,0.0,N,,N,
06:54,SHARDAMOTR,10530,935.7,-0.59,1.19,,42.8,42.8,NORMAL,N,0.0,5.949219164984499,17.8476574949535,0.0,0.0,15,0.0,0.0,25,0.0,0.0,20,0.0,1.818181818184073,N,,N,
06:54,TNPL,3980,155.67,-0.59,1.19,,17.8,85.9,NORMAL,N,0.0,5.938697318007706,17.81609195402312,0.0,0.0,15,0.0,0.0,0.0,25,0.0,20,0.0,20.0,N,,N,
06:54,POONAWALLA,11403,477.2,-0.59,1.19,,40.3,79.1,NORMAL,N,0.0,5.9368815748360015,17.810644724508006,0.0,0.0,15,0.0,13.148484569793602,0.0,25,0.0,20,9.333333333332929,0.0,N,,N,
06:54,ASHOKLEY,212,176.45,-0.59,1.18,,17.7,80.2,NORMAL,N,0.0,5.915492957746544,17.746478873239628,0.0,0.0,15,0.0,0.0,0.0,25,0.0,20,0.0,14.285714285715445,N,,N,
06:54,TEXRAIL,21828,108.16,-0.57,1.14,,37.5,71.6,NORMAL,N,0.0,5.699577128148599,17.098731384445795,0.0,0.0,15,0.0,5.897184884507507,0.0,25,0.0,20,14.545454545455172,0.0,N,,N,
06:54,GMRAIRPORT,13528,106.6,-0.56,1.12,,41.8,45.6,NORMAL,N,0.0,5.597014925373214,16.79104477611964,0.0,0.0,15,0.0,0.0,25,0.0,0.0,20,0.0,5.000000000003553,Y,NONRESULTS,N,
06:54,WIPRO,3787,186.49,-0.55,1.11,,42.3,51.6,NORMAL,N,0.0,5.545779341971909,16.637338025915728,0.0,0.0,15,0.0,0.6650070142521384,25,0.0,0.0,20,0.0,10.434782608696512,N,,N,
06:54,WHIRLPOOL,18011,808.8,-0.53,1.07,,65.3,26.7,NORMAL,N,0.0,5.3495665006456665,16.048699501936998,0.0,0.0,15,0.0,4.264052398045147,25,0.0,20,0.0,0.0,2.1276595744681677,N,,N,
06:54,GPIL,13409,239.35,-0.52,1.05,,68.3,20.2,NORMAL,N,0.0,5.236690079381652,15.710070238144954,0.0,0.0,15,0.0,0.0,25,0.0,20,0.0,7.58620689655213,0.0,N,,N,
06:54,DRREDDY,881,1166.0,-0.51,1.02,,60.1,42.5,NORMAL,N,0.0,5.1194539249146755,15.358361774744026,0.0,0.0,15,0.0,2.363149570276692,25,0.0,0.0,20,17.33333333333576,0.0,N,,N,
06:54,ITDC,19299,698.2,-0.51,1.01,,43.8,40.1,NORMAL,N,0.0,5.058781617385044,15.176344852155133,0.0,0.0,15,0.0,0.0,25,0.0,0.0,20,3.636363636364764,0.0,N,,N,
06:54,LICHSGFIN,1997,501.7,-0.51,1.01,,40.2,45.8,NORMAL,N,0.0,5.057015369360459,15.171046108081377,0.0,0.0,15,0.0,0.0,25,0.0,0.0,20,0.0,5.714285714284322,N,,N,
06:54,GICRE,277,355.4,-0.5,1.01,,15.1,71.7,NORMAL,N,0.0,5.039193729003391,15.117581187010176,0.0,0.0,15,0.0,0.0,0.0,25,0.0,20,0.0,6.666666666661614,N,,N,
06:54,KRBL,10577,376.75,-0.5,1.0,,56.9,43.1,NORMAL,N,0.0,5.017826488841878,15.053479466525637,0.0,0.0,15,0.0,3.1127403518052583,25,0.0,0.0,20,13.750000000000089,0.0,N,,N,
06:54,AWL,8110,196.52,-0.5,0.99,,39.9,56.0,NORMAL,N,0.0,4.9620253164556445,14.886075949366935,0.0,0.0,15,0.0,0.0,25,0.0,0.0,20,0.0,16.0,N,,N,
06:54,FEDERALBNK,1023,354.5,-0.49,0.98,,18.1,68.3,NORMAL,N,0.0,4.912280701754386,14.73684210526316,0.0,0.0,15,0.0,3.3948667338225547,0.0,25,0.0,20,0.0,0.0,N,,N,
06:54,IREDA,20261,119.23,-0.48,0.95,,61.0,29.7,NORMAL,N,0.0,4.757929883138508,14.273789649415523,0.0,0.0,15,0.0,1.6994915378971451,25,0.0,20,0.0,0.0,8.235294117647845,N,,N,
06:54,BAJAJELEC,15034,369.4,-0.47,0.94,,64.9,20.8,NORMAL,N,0.0,4.715074767614173,14.145224302842518,0.0,0.0,15,0.0,1.1065286444161153,25,0.0,20,0.0,4.615384615384077,0.0,N,,N,
06:54,HOMEFIRST,2056,1188.2,-0.47,0.94,,43.1,39.7,NORMAL,N,0.0,4.690902998827198,14.072708996481595,0.0,0.0,15,0.0,0.0,25,0.0,0.0,20,3.9999999999993934,0.0,N,,N,
06:54,FDC,4898,368.1,-0.46,0.92,,58.8,29.6,NORMAL,N,0.0,4.597079502433717,13.791238507301152,0.0,0.0,15,0.0,0.0,25,0.0,20,0.0,0.0,10.000000000002842,N,,N,
06:54,PUNJABCHEM,4344,1106.2,-0.44,0.88,,13.2,64.4,NORMAL,N,0.0,4.410044100440882,13.230132301322648,0.0,0.0,15,0.0,0.0,0.0,25,0.0,20,0.0,0.0,N,,N,
06:54,NYKAA,6545,330.55,-0.44,0.87,,65.9,44.9,NORMAL,N,0.0,4.367469879518038,13.102409638554114,0.0,0.0,15,0.0,7.779112301692752,25,0.0,20,0.0,0.0,17.77777777777792,N,,N,
06:54,BPCL,526,319.6,-0.44,0.87,,59.2,24.9,NORMAL,N,0.0,4.361370716510833,13.084112149532498,0.0,0.0,15,0.0,1.0922423165662865,25,0.0,20,0.0,0.0,4.444444444445567,N,,N,
06:54,GUJGASLTD,10599,264.15,-0.43,0.87,,38.0,59.3,NORMAL,N,0.0,4.33471541650974,13.00414624952922,0.0,0.0,15,0.0,0.0,25,0.0,0.0,20,0.0,20.0,N,,N,
06:54,DEVYANI,5373,134.15,-0.43,0.86,,71.9,19.3,NORMAL,N,0.0,4.304906108513205,12.914718325539615,0.0,0.0,15,0.0,0.0,25,0.0,20,0.0,13.999999999999432,0.0,N,,N,
06:54,NITTAGELA,762824,1698.4,-1.42,2.84,,30.0,74.2,NORMAL,N,0.0,14.220210110859597,30.0,0.0,0.0,15,0.0,0.0,0.0,25,0.0,20,0.0,0.0,N,,N,
06:54,HINDZINC,1424,600.5,-0.41,0.83,,27.7,67.6,NORMAL,N,0.0,4.1459369817578775,12.437810945273633,0.0,0.0,15,0.0,3.4852230773467143,0.0,25,0.0,20,11.818181818181161,0.0,N,,N,
06:54,MHRIL,17333,228.73,-0.4,0.81,,12.1,70.0,NORMAL,N,0.0,4.049464425672764,12.148393277018291,0.0,0.0,15,0.0,0.0,0.0,25,0.0,20,0.0,5.999999999998721,N,,N,
06:54,MASFIN,199,300.95,-0.4,0.79,,18.9,91.0,NORMAL,N,0.0,3.9715373159026592,11.914611947707979,0.0,0.0,15,0.0,7.0043690460109875,0.0,25,0.0,20,0.0,20.0,N,,N,
06:54,SPARC,14788,212.37,-0.39,0.79,,80.3,22.9,NORMAL,N,0.0,3.9397776839735625,11.819333051920689,0.0,0.0,15,0.0,3.9657285065220447,25,0.0,20,0.0,19.55555555555533,0.0,N,,N,
06:54,JYOTHYLAB,15146,205.73,-0.36,0.72,,19.0,72.8,NORMAL,N,0.0,3.5840557950307987,10.752167385092397,0.0,0.0,15,0.0,8.218845722364865,0.0,25,0.0,20,0.0,0.9756097560980682,N,,N,
06:54,UNIONBANK,10753,182.96,-0.35,0.7,,35.5,50.5,NORMAL,N,0.0,3.4858387799563526,10.45751633986906,0.0,0.0,15,0.0,0.0,25,0.0,0.0,20,0.0,12.000000000000455,N,,N,
06:54,ADANIGREEN,3563,1367.7,-0.34,0.68,,55.3,20.3,NORMAL,N,0.0,3.424657534246608,10.273972602739823,0.0,0.0,15,0.0,0.0,25,0.0,20,0.0,0.0,1.9047619047624202,N,,N,
06:54,ASTRAL,14418,1439.1,-0.34,0.68,,75.4,28.6,NORMAL,N,0.0,3.3933518005540795,10.180055401662239,0.0,0.0,15,0.0,10.18633908286162,25,0.0,20,0.0,9.999999999999332,0.0,N,,N,
06:54,RELIANCE,2885,1330.4,-0.33,0.66,,65.6,22.9,NORMAL,N,0.0,3.2963739886124244,9.889121965837273,0.0,0.0,15,0.0,4.5690384893657,25,0.0,20,0.0,6.153846153843194,0.0,N,,N,
06:54,RSYSTEMS,13414,247.05,-0.32,0.65,,29.7,60.4,NORMAL,N,0.0,3.2277587250352346,9.683276175105703,0.0,0.0,15,0.0,0.0,0.0,25,20,0.0,0.0,17.142857142856677,N,,N,
06:54,MFSL,2142,1492.6,-0.32,0.64,,54.6,22.5,NORMAL,N,0.0,3.2055562975825973,9.616668892747793,0.0,0.0,15,0.0,0.0,25,0.0,20,0.0,0.0,4.285714285713357,N,,N,
06:54,HAVELLS,9819,1283.9,-0.32,0.64,,54.5,36.2,NORMAL,N,0.0,3.1832298136645254,9.549689440993577,0.0,0.0,15,0.0,0.0,25,0.0,20,0.0,0.0,18.00000000000182,N,,N,
06:54,POWERGRID,14977,270.75,-0.31,0.63,,76.3,30.0,NORMAL,N,0.0,3.1296023564065636,9.38880706921969,0.0,0.0,15,0.0,11.910772790308279,25,0.0,20,0.0,9.999999999998105,0.0,N,,N,
06:54,TOKYOPLAST,9710,80.0,-1.23,2.47,,62.1,34.5,NORMAL,N,0.0,12.345679012345677,30.0,0.0,0.0,15,0.0,7.1428571428571415,25,0.0,0.0,0.0,0.0,0.0,N,,N,
06:54,TPLPLASTEH,9219,76.6,-1.17,2.35,,40.7,87.2,NORMAL,N,0.0,11.740420590891635,30.0,0.0,0.0,15,0.0,10.665762844776344,0.0,25,0.0,20,0.0,4.800000000000182,N,,N,
06:54,LLOYDSENGG,17801,95.8,-1.11,2.23,,47.6,71.1,NORMAL,N,0.0,11.14781172584639,30.0,0.0,0.0,15,0.0,0.0,0.0,25,0.0,20,17.59999999999991,0.0,N,,N,
06:54,MASTEK,2124,1814.8,-0.94,1.88,,30.0,73.7,NORMAL,N,0.0,9.388646288209634,28.165938864628895,0.0,0.0,15,0.0,1.8174670588092325,0.0,25,0.0,20,0.0,2.5000000000003553,N,,N,
06:54,RAINBOW,9408,1542.2,-0.93,1.86,,75.1,45.8,NORMAL,N,0.0,9.314575705017024,27.943727115051068,0.0,0.0,15,0.0,2.118307926420938,25,0.0,20,0.0,0.0,19.393939393939938,N,,N,
06:54,SUPREMEINF,15002,90.55,-0.89,1.77,,26.6,88.9,NORMAL,N,0.0,8.866024518388818,26.59807355516645,0.0,0.0,15,0.0,0.0,0.0,25,0.0,20,0.0,20.0,N,,N,
06:54,GLENMARK,7406,2259.6,-0.86,1.71,,49.2,76.9,NORMAL,N,0.0,8.556008950901672,25.66802685270502,0.0,0.0,15,0.0,8.346835234055606,0.0,25,0.0,20,15.15151515151536,0.0,N,,N,
06:54,AUROPHARMA,275,1644.5,-0.81,1.63,,27.5,72.1,NORMAL,N,0.0,8.142340168878167,24.4270205066345,0.0,0.0,15,0.0,3.1096553235579316,0.0,25,0.0,20,0.0,0.7999999999992724,N,,N,
06:54,ADANIPORTS,15083,1679.9,-0.8,1.61,,71.1,26.3,NORMAL,N,0.0,8.030705639208685,24.092116917626054,0.0,0.0,15,0.0,1.9728481463081438,25,0.0,20,0.0,0.0,1.3333333333351525,N,,N,
06:54,ZFCVINDIA,16915,2617.2,-0.76,1.52,,67.8,27.7,NORMAL,N,0.0,7.583801001061733,22.7514030031852,0.0,0.0,15,0.0,0.0,25,0.0,20,0.0,0.0,5.090909090907768,N,,N,
06:54,BAJAJHFL,25270,85.16,-0.73,1.47,,54.5,42.3,NORMAL,N,0.0,7.343513229980296,22.030539689940888,0.0,0.0,15,0.0,0.0,25,0.0,0.0,20,7.500000000000444,0.0,N,,N,
06:54,JAGRAN,13211,63.0,-0.72,1.45,,35.7,67.2,NORMAL,N,0.0,7.248660573589676,21.745981720769027,0.0,0.0,15,0.0,0.0,0.0,25,0.0,20,13.999999999999858,0.0,N,,N,
06:54,SRF,3273,2596.8,-0.7,1.39,,57.3,44.3,NORMAL,N,0.0,6.959847036328803,20.879541108986405,0.0,0.0,15,0.0,2.311740715875108,25,0.0,0.0,20,9.090909090907964,0.0,N,,N,
06:54,MANKIND,15380,2439.2,-0.68,1.37,,20.5,76.8,NORMAL,N,0.0,6.8403908794789015,20.521172638436703,0.0,0.0,15,0.0,0.0,0.0,25,0.0,20,0.0,9.999999999988631,N,,N,
06:54,BHARTIARTL,10604,1947.6,-0.63,1.26,,65.6,21.3,NORMAL,N,0.0,6.275830399510272,18.827491198530815,0.0,0.0,15,0.0,0.0,25,0.0,20,0.0,1.818181818184449,0.0,N,,N,
06:54,NESTLEIND,17963,1530.7,-0.6,1.21,,18.1,66.0,NORMAL,N,0.0,6.038961038961009,18.116883116883027,0.0,0.0,15,0.0,0.0,0.0,25,0.0,20,0.0,0.0,N,,N,
06:54,SUPREMEIND,3363,3456.1,-0.6,1.2,,67.0,23.6,NORMAL,N,0.0,6.01092896174866,18.032786885245983,0.0,0.0,15,0.0,2.6358269817318702,25,0.0,20,0.0,1.379310344826505,0.0,N,,N,
06:54,COROMANDEL,739,2057.8,-0.56,1.11,,51.8,48.2,NORMAL,N,0.0,5.557434881360846,16.67230464408254,0.0,0.0,15,0.0,7.594586428951476,25,0.0,0.0,20,2.5225225225227073,0.0,N,,N,
06:54,ADANIENT,25,3003.5,-0.55,1.09,,64.5,26.0,NORMAL,N,0.0,5.4635761589403975,16.39072847682119,0.0,0.0,15,0.0,3.1413466683005984,25,0.0,20,0.0,0.0,2.4390243902439566,N,,N,
06:54,IDBI,1476,83.78,-0.52,1.04,,40.7,56.9,NORMAL,N,0.0,5.224412253621441,15.673236760864324,0.0,0.0,15,0.0,0.0,25,0.0,0.0,20,0.0,16.666666666669034,N,,N,
06:54,COCHINSHIP,21508,1511.9,-0.51,1.03,,30.8,72.3,NORMAL,N,0.0,5.132591958939234,15.397775876817704,0.0,0.0,15,0.0,7.166991773682019,0.0,25,0.0,20,8.275862068965571,0.0,N,,N,
06:54,LGEINDIA,760213,1578.8,-0.49,0.97,,61.4,22.6,NORMAL,N,0.0,4.853450992751368,14.560352978254102,0.0,0.0,15,0.0,1.7938374687501621,25,0.0,20,0.0,0.0,0.9523809523801274,N,,N,
06:54,COLPAL,15141,2020.9,-0.45,0.9,,32.9,71.7,NORMAL,N,0.0,4.48275862068961,13.448275862068833,0.0,0.0,15,0.0,7.183500194640543,0.0,25,0.0,20,12.30769230769204,0.0,N,,N,
06:54,WABAG,20188,1951.0,-0.34,0.68,,60.5,18.4,NORMAL,N,0.0,3.4223834091025416,10.267150227307626,0.0,0.0,15,0.0,0.0,25,0.0,20,0.0,5.26315789473659,0.0,N,,N,
06:54,DOMS,20551,2252.9,-0.34,0.68,,55.7,25.3,NORMAL,N,0.0,3.406175351676466,10.218526055029397,0.0,0.0,15,0.0,0.4985830396549429,25,0.0,20,0.0,0.0,6.399999999997817,N,,N,
06:54,PDSL,5264,384.45,6.25,12.49,,122.9,0.0,NORMAL,Y,30.0,0.0,30.0,0.0,15,0.0,0.0,0.0,25,0.0,20,0.0,2.857142857142625,0.0,Y,NONRESULTS,N,
06:54,NAUKRI,13751,1278.0,4.3,8.6,,120.0,14.7,NORMAL,Y,30.0,0.0,30.0,0.0,15,0.0,0.0,0.0,25,0.0,20,0.0,0.0,14.66666666666697,N,,N,
06:54,KSB,1949,816.3,4.09,8.17,,128.1,10.4,NORMAL,Y,30.0,0.0,30.0,0.0,15,0.0,0.0,8.097001556626509,25,0.0,20,0.0,0.0,2.2857142857148056,N,,N,
06:54,BECTORFOOD,1628,233.43,4.02,8.05,,154.6,19.3,NORMAL,Y,30.0,0.0,30.0,0.0,15,0.0,0.0,19.296723988987686,25,0.0,20,0.0,15.323383084577387,0.0,N,,N,
06:54,DLF,14732,659.5,2.73,5.45,,117.3,3.6,NORMAL,N,27.258566978193148,0.0,30.0,0.0,15,0.0,0.0,0.0,25,0.0,20,0.0,0.0,3.636363636364764,N,,N,
08:22,ZENITHEXPO,4176,238.16,10.0,20.0,,95.0,45.0,NORMAL,Y,30.0,0.0,30.0,0.0,15,0.0,0.0,0.0,0.0,25,20,0.0,0.0,20.0,N,,N,
08:22,EBGNG,757862,559.0,6.34,12.69,,144.9,11.4,NORMAL,Y,30.0,0.0,30.0,0.0,15,0.0,0.0,11.407377074484566,25,0.0,20,0.0,13.506493506493545,0.0,N,,N,
08:22,SHILPAMED,17752,807.5,6.28,12.57,,145.0,33.0,NORMAL,Y,30.0,0.0,30.0,0.0,15,0.0,0.0,25.0,25,0.0,20,0.0,0.0,8.026315789473541,N,,N,
08:22,HISARMETAL,19322,161.4,6.17,12.34,,100.0,20.0,NORMAL,Y,30.0,0.0,30.0,0.0,15,0.0,0.0,0.0,25,0.0,0.0,20,0.0,0.0,Y,NONRESULTS,N,
08:22,PDSL,5264,383.4,5.96,11.91,,126.7,8.4,NORMAL,Y,30.0,0.0,30.0,0.0,15,0.0,0.0,6.7288029366032855,25,0.0,20,0.0,0.0,1.6666666666671404,Y,NONRESULTS,N,
08:22,PINELABS,759820,162.65,5.32,10.63,,121.8,14.2,NORMAL,Y,30.0,0.0,30.0,0.0,15,0.0,0.0,1.811976305688999,25,0.0,20,0.0,0.0,12.413793103447126,N,,N,
08:22,TRIVENI,13081,245.42,5.23,10.46,,119.8,34.4,NORMAL,N,30.0,0.0,30.0,0.0,15,0.0,0.0,9.430765491914954,0.0,25,20,0.0,15.333333333333186,0.0,N,,N,
08:22,HCG,15555,711.2,5.23,10.46,,120.0,1.2,NORMAL,Y,30.0,0.0,30.0,0.0,15,0.0,0.0,0.0,25,0.0,20,0.0,0.0,1.2499999999989342,N,,N,
08:22,RAMCOSYS,7851,669.75,4.99,9.99,,120.0,0.0,NORMAL,N,30.0,0.0,30.0,0.0,15,0.0,0.0,0.0,25,0.0,20,0.0,0.0,0.0,N,,N,
08:22,BRIGADE,15184,610.7,4.94,9.88,,120.0,8.3,NORMAL,Y,30.0,0.0,30.0,0.0,15,0.0,0.0,0.0,25,0.0,20,0.0,0.0,8.27586206896622,N,,N,
08:22,MAXESTATES,19646,415.35,4.6,9.19,,120.0,0.0,NORMAL,Y,30.0,0.0,30.0,0.0,15,0.0,0.0,0.0,25,0.0,20,0.0,0.0,0.0,N,,N,
08:22,NAUKRI,13751,1281.5,4.59,9.17,,140.2,39.3,NORMAL,Y,30.0,0.0,30.0,0.0,15,0.0,0.0,20.182994508071406,25,0.0,20,0.0,0.0,19.16666666666738,N,,N,
08:22,BECTORFOOD,1628,234.45,4.48,8.96,,125.5,0.0,NORMAL,Y,30.0,0.0,30.0,0.0,15,0.0,0.0,0.0,25,0.0,20,0.0,5.50724637681237,0.0,N,,N,
08:22,IONEXCHANG,1630,387.5,4.28,8.56,,128.4,20.4,NORMAL,N,30.0,0.0,30.0,0.0,15,0.0,0.0,8.417154925587756,25,0.0,20,0.0,0.0,12.000000000000455,N,,Y,NONRESULTS
08:22,NELCO,2388,999.0,4.18,8.36,,140.5,5.5,NORMAL,Y,30.0,0.0,30.0,0.0,15,0.0,0.0,5.507696527050494,25,0.0,20,0.0,15.0,0.0,N,,N,
08:22,MAHSEAMLES,2088,613.0,3.95,7.9,,140.0,0.0,NORMAL,N,30.0,0.0,30.0,0.0,15,0.0,0.0,0.0,25,0.0,20,0.0,20.0,0.0,N,,N,
08:22,ABDL,24308,621.0,3.63,7.26,,123.0,7.0,NORMAL,N,30.0,0.0,30.0,0.0,15,0.0,0.0,3.008278809250896,25,0.0,20,0.0,0.0,4.000000000002426,N,,N,
08:22,UNICHEMLAB,3579,507.2,3.56,7.13,,143.3,16.7,NORMAL,N,30.0,0.0,30.0,0.0,15,0.0,0.0,16.690026576490784,25,0.0,20,0.0,6.601941747572727,0.0,N,,N,
08:22,HFCL,21951,215.25,3.5,6.99,,134.3,9.0,NORMAL,N,30.0,0.0,30.0,0.0,15,0.0,0.0,8.979546374788079,25,0.0,20,0.0,5.283018867925074,0.0,N,,N,
08:22,FINCABLES,1038,1060.3,3.48,6.96,,95.0,30.3,NORMAL,N,30.0,0.0,30.0,0.0,15,0.0,0.0,0.0,0.0,25,20,0.0,0.0,5.26315789473659,N,,N,
08:22,OIL,17438,458.1,3.46,6.91,,135.6,30.1,NORMAL,N,30.0,0.0,30.0,0.0,15,0.0,0.0,15.58942406326332,25,0.0,20,0.0,0.0,14.545454545454453,N,,N,
08:22,RHIM,31163,426.7,3.37,6.73,,120.0,20.0,NORMAL,N,30.0,0.0,30.0,0.0,15,0.0,0.0,0.0,25,0.0,20,0.0,0.0,20.0,N,,N,
08:22,VISAKAIND,4221,101.85,3.17,6.34,,122.8,21.9,NORMAL,N,30.0,0.0,30.0,0.0,15,0.0,0.0,2.8127735515644634,25,0.0,20,0.0,0.0,19.047619047619243,N,,N,
08:22,SUPRAJIT,11689,537.2,2.95,5.9,,77.4,57.9,NORMAL,N,29.513223457263496,0.0,30.0,0.0,15,0.0,0.0,2.8684762031443394,0.0,25,0.0,20,0.0,10.0,N,,N,
08:22,NEWGEN,1164,566.9,2.89,5.77,,120.7,8.5,NORMAL,N,28.856624319419197,0.0,30.0,0.0,15,0.0,0.0,1.8081408274327513,25,0.0,20,0.0,0.0,6.666666666666666,N,,N,
08:22,THYROCARE,17032,620.4,2.84,5.69,,135.8,19.6,NORMAL,N,28.429341069208416,0.0,30.0,0.0,15,0.0,0.0,17.33776071834081,25,0.0,20,0.0,0.0,2.2222222222227836,N,,N,
08:22,KSB,1949,805.95,2.77,5.53,,109.0,25.0,NORMAL,N,27.66974816703863,0.0,30.0,0.0,15,0.0,0.0,0.0,0.0,25,20,0.0,16.363636363635614,0.0,N,,N,
08:22,HSCL,14334,772.85,2.68,5.37,,128.6,1.4,NORMAL,N,26.83850395270052,0.0,30.0,0.0,15,0.0,0.0,1.4366341204022994,25,0.0,20,0.0,10.322580645161006,0.0,N,,N,
08:22,RAYMOND,2859,631.4,2.68,5.35,,122.3,4.4,NORMAL,N,26.750142287990784,0.0,30.0,0.0,15,0.0,0.0,4.441201948202765,25,0.0,20,0.0,1.111111111112655,0.0,N,,N,
08:22,BORORENEW,3149,562.85,2.59,5.18,,125.6,7.6,NORMAL,N,25.881709650961536,0.0,30.0,0.0,15,0.0,0.0,7.621568861944413,25,0.0,20,0.0,2.142857142856853,0.0,N,,N,
08:22,DLF,14732,658.55,2.58,5.16,,134.1,2.3,NORMAL,N,25.778816199376873,0.0,30.0,0.0,15,0.0,0.0,2.2900533189848606,25,0.0,20,0.0,16.000000000003638,0.0,N,,N,
08:22,EPACKPEB,759251,252.55,2.54,5.08,,129.5,7.0,NORMAL,N,25.375558262281768,0.0,30.0,0.0,15,0.0,0.0,7.012889434897704,25,0.0,20,0.0,7.142857142857259,0.0,N,,N,
08:22,RAMCOCEM,2043,956.0,2.38,4.75,,76.6,54.7,NORMAL,N,23.773827372028318,0.0,30.0,0.0,15,0.0,0.0,7.869917627100979,0.0,25,0.0,20,0.0,1.818181818182194,N,,N,
08:22,MAHLOG,385,412.0,2.31,4.62,,74.1,45.0,NORMAL,N,23.09411472560221,0.0,30.0,0.0,15,0.0,0.0,0.0,0.0,25,0.0,20,6.000000000001364,0.0,N,,N,
08:22,SHALBY,714,163.63,2.21,4.42,,112.1,0.0,NORMAL,N,22.11256168405267,0.0,30.0,0.0,15,0.0,0.0,0.0,25,0.0,20,0.0,0.0,0.0,N,,N,
08:22,JUBLPHARMA,3637,952.55,2.2,4.41,,135.8,8.0,NORMAL,N,22.04935622317592,0.0,30.0,0.0,15,0.0,0.0,7.996574242669982,25,0.0,20,0.0,15.749999999999886,0.0,N,,N,
08:22,GOCOLORS,6964,329.15,2.2,4.41,,119.5,27.5,NORMAL,N,22.046266107747137,0.0,30.0,0.0,15,0.0,0.0,7.461205582377023,25,0.0,20,0.0,0.0,20.0,N,,N,
08:22,BALRAMCHIN,341,647.35,2.19,4.39,,114.2,10.8,NORMAL,N,21.943326229378762,0.0,30.0,0.0,15,0.0,0.0,2.2397464147320454,25,0.0,20,0.0,0.0,8.571428571426715,N,,N,
08:22,LTF,24948,314.75,2.19,4.38,,114.9,7.0,NORMAL,N,21.915584415584412,0.0,30.0,0.0,15,0.0,0.0,2.993018762967648,25,0.0,20,0.0,0.0,3.999999999996362,N,,N,
08:22,TIPSMUSIC,9117,659.15,2.14,4.28,,140.8,9.4,NORMAL,N,21.38374525451298,0.0,30.0,0.0,15,0.0,0.0,9.39532027904861,25,0.0,20,0.0,20.0,0.0,N,,N,
08:22,LXCHEM,2841,179.35,2.11,4.22,,118.4,17.6,NORMAL,N,21.12275108175819,0.0,30.0,0.0,15,0.0,0.0,7.317675659470359,25,0.0,20,0.0,0.0,10.322580645160995,N,,N,
08:22,KNRCON,15283,142.89,2.07,4.14,,73.4,45.2,NORMAL,N,20.715765411814964,0.0,30.0,0.0,15,0.0,0.0,0.16316876393343957,0.0,25,0.0,20,7.500000000000444,0.0,N,,N,
08:22,ABMKNO,762528,190.0,2.04,4.07,,85.4,25.0,NORMAL,N,20.353364480962313,0.0,30.0,0.0,15,0.0,0.0,0.0,0.0,25,20,0.0,0.0,0.0,N,,N,
08:22,TATACONSUM,3432,1104.2,2.02,4.05,,114.7,6.7,NORMAL,N,20.23468539222036,0.0,30.0,0.0,15,0.0,0.0,4.48897167648494,25,0.0,20,0.0,0.0,2.2222222222199766,N,,N,
08:22,PIXTRANS,9087,2000.0,16.47,32.94,,131.0,8.5,NORMAL,Y,30.0,0.0,30.0,0.0,15,0.0,0.0,8.48665667998367,25,0.0,20,0.0,2.518518518518249,0.0,N,,N,
08:22,PAYTM,6705,1585.7,10.0,19.99,,136.1,5.2,NORMAL,Y,30.0,0.0,30.0,0.0,15,0.0,0.0,5.1766659999206,25,0.0,20,0.0,10.967741935482213,0.0,N,,N,
08:22,GRASIM,1232,3404.0,5.71,11.43,,125.0,13.9,NORMAL,Y,30.0,0.0,30.0,0.0,15,0.0,0.0,4.952182479858994,25,0.0,20,0.0,0.0,8.965517241380285,N,,N,
08:22,MCX,31181,2773.4,5.13,10.27,,132.2,0.0,NORMAL,Y,30.0,0.0,30.0,0.0,15,0.0,0.0,0.0,25,0.0,20,0.0,12.203389830507978,0.0,N,,N,
08:22,BEML,395,1872.3,4.73,9.45,,81.2,55.6,NORMAL,Y,30.0,0.0,30.0,0.0,15,0.0,0.0,6.1657038539145805,0.0,25,0.0,20,0.0,4.444444444445567,N,,N,
08:22,JAIBALAJI,14076,68.5,4.4,8.81,,134.0,20.0,NORMAL,Y,30.0,0.0,30.0,0.0,15,0.0,0.0,14.000190486373276,25,0.0,20,0.0,0.0,6.000000000000227,N,,N,
08:22,RATNAMANI,13451,2271.5,3.36,6.73,,75.0,47.1,NORMAL,N,30.0,0.0,30.0,0.0,15,0.0,0.0,0.0,0.0,25,0.0,20,0.0,2.058823529412512,N,,N,
08:22,M&M,2031,3519.3,3.33,6.65,,95.0,36.7,NORMAL,N,30.0,0.0,30.0,0.0,15,0.0,0.0,0.0,0.0,25,20,0.0,0.0,11.666666666666982,N,,N,
08:22,SESHAPAPER,3066,233.79,2.0,4.0,,111.6,0.0,NORMAL,N,19.981676192138142,0.0,30.0,0.0,15,0.0,0.0,0.0,25,0.0,20,0.0,1.6666666666667982,0.0,N,,N,
08:22,JSWINFRA,19020,342.45,2.0,3.99,,110.0,14.0,NORMAL,N,19.95532390171255,0.0,30.0,0.0,15,0.0,0.0,0.0,25,0.0,20,0.0,0.0,13.999999999999773,N,,N,
08:22,IFCI,1491,76.19,2.99,5.97,,126.1,14.4,NORMAL,N,29.87293863206263,0.0,30.0,0.0,15,0.0,0.0,6.244359412490682,25,0.0,20,0.0,0.0,8.181818181818535,N,,N,
08:22,MONTECARLO,5938,509.5,1.96,3.92,,103.7,64.0,NORMAL,N,19.611767060236165,0.0,30.0,0.0,15,0.0,0.0,19.044544153496858,0.0,25,20,0.0,0.0,20.0,N,,N,
08:22,SCHNEIDER,31234,1381.3,1.96,3.91,,111.2,25.3,NORMAL,N,19.56008266902864,0.0,30.0,0.0,15,0.0,0.0,5.328385881741873,25,0.0,0.0,20,16.29629629629636,0.0,N,,N,
08:22,LENSKART,759605,580.75,1.94,3.88,,101.7,28.7,NORMAL,N,19.39617342460936,0.0,30.0,0.0,15,0.0,0.0,3.7310218522939707,0.0,25,20,0.0,13.548387096774004,0.0,N,,N,
08:22,METROPOLIS,9581,574.1,1.94,3.87,,109.4,20.0,NORMAL,N,19.353693181818137,0.0,30.0,0.0,15,0.0,0.0,0.0,25,0.0,20,0.0,0.0,20.0,N,,N,
08:22,HEG,1336,686.95,1.92,3.84,,122.3,0.6,NORMAL,N,19.213649851632116,0.0,30.0,0.0,15,0.0,0.0,0.601323585013937,25,0.0,20,0.0,12.50000000000071,0.0,N,,N,
08:22,VEDL,3063,284.2,1.92,3.84,,113.4,4.2,NORMAL,N,19.185942262865215,0.0,30.0,0.0,15,0.0,0.0,4.203141361155913,25,0.0,20,0.0,0.0,0.0,N,,N,
08:22,VIPIND,3703,321.0,1.9,3.81,,131.6,37.4,NORMAL,N,19.04761904761905,0.0,30.0,0.0,15,0.0,0.0,22.593853898747472,25,0.0,20,0.0,0.0,14.782608695651874,N,,N,
08:22,VARROC,3857,826.6,1.9,3.8,,104.3,28.3,NORMAL,N,18.984220907297804,0.0,30.0,0.0,15,0.0,0.0,3.2849093023602505,0.0,25,20,0.0,17.058823529411843,0.0,N,,N,
08:22,KAJARIACER,1808,1189.1,1.87,3.74,,67.7,49.1,NORMAL,N,18.675576115822803,0.0,30.0,0.0,15,0.0,0.0,4.065105422951659,0.0,25,0.0,20,0.0,0.0,N,,N,
08:22,MEDANTA,11956,1482.4,1.84,3.68,,120.5,20.5,NORMAL,N,18.411651552624473,0.0,30.0,0.0,15,0.0,0.0,12.085946033153574,25,0.0,20,0.0,0.0,8.421052631578066,N,,N,
08:22,JKPAPER,11860,394.1,1.82,3.64,,108.2,6.7,NORMAL,N,18.214700943030643,0.0,30.0,0.0,15,0.0,0.0,0.0,25,0.0,20,0.0,0.0,6.666666666665825,N,,N,
08:22,SHRIRAMFIN,4306,1135.3,1.82,3.64,,111.6,14.8,NORMAL,N,18.20627802690579,0.0,30.0,0.0,15,0.0,0.0,3.389662628239112,25,0.0,20,0.0,0.0,11.428571428573285,N,,N,
08:22,JINDALSTEL,6733,1122.9,1.8,3.61,,83.0,43.3,NORMAL,N,18.04170444242982,0.0,30.0,0.0,15,0.0,0.0,0.0,0.0,25,20,0.0,0.0,18.333333333334913,N,,N,
08:22,GLAND,1186,2673.6,2.79,5.58,,121.2,19.3,NORMAL,N,27.91234140715106,0.0,30.0,0.0,15,0.0,0.0,3.318515934620756,25,0.0,20,0.0,0.0,16.000000000000227,N,,N,
08:22,APCL,20453,103.96,1.78,3.56,,82.8,25.0,NORMAL,N,17.818680242803925,0.0,30.0,0.0,15,0.0,0.0,0.0,0.0,25,20,0.0,0.0,0.0,N,,N,
08:22,TATASTEEL,3499,190.87,1.77,3.54,,63.6,57.8,NORMAL,N,17.70194614769391,0.0,30.0,0.0,15,0.0,0.0,0.9355707101646975,0.0,25,0.0,20,0.0,11.87500000000011,N,,N,
08:22,JUBLFOOD,18096,495.05,1.76,3.51,,107.6,0.0,NORMAL,N,17.574511819116157,0.0,30.0,0.0,15,0.0,0.0,0.0,25,0.0,20,0.0,0.0,0.0,N,,N,
08:22,BLS,17279,258.75,1.74,3.48,,87.4,20.5,NORMAL,N,17.378995792867485,0.0,30.0,0.0,15,0.0,0.0,0.0,25,0.0,0.0,20,0.0,0.465116279069337,N,,N,
08:22,UCAL,3570,120.5,1.72,3.44,,89.5,22.3,NORMAL,N,17.221002870167197,0.0,30.0,0.0,15,0.0,0.0,2.300826789539416,25,0.0,0.0,20,0.0,0.0,N,,N,
08:22,IIFL,11809,622.25,1.72,3.43,,121.9,11.9,NORMAL,N,17.1638741315897,0.0,30.0,0.0,15,0.0,0.0,11.906255669381725,25,0.0,20,0.0,2.8571428571465693,0.0,N,,N,
08:22,MOTILALOFS,14947,884.5,1.67,3.33,,121.0,21.3,NORMAL,N,16.666666666666668,0.0,30.0,0.0,15,0.0,0.0,14.383102228753316,25,0.0,20,0.0,0.0,6.956521739130177,N,,N,
08:22,GROWW,759806,193.67,1.66,3.33,,106.6,0.0,NORMAL,N,16.640419947506498,0.0,30.0,0.0,15,0.0,0.0,0.0,25,0.0,20,0.0,0.0,0.0,N,,N,
08:22,TEJASNET,21131,521.8,1.63,3.25,,130.9,11.3,NORMAL,N,16.262537734930195,0.0,30.0,0.0,15,0.0,0.0,11.332317474727676,25,0.0,20,0.0,13.333333333332611,0.0,N,,N,
08:22,BALKRISIND,335,2530.5,2.6,5.21,,135.1,1.4,NORMAL,N,26.0308964846125,0.0,30.0,0.0,15,0.0,0.0,1.3723481017970702,25,0.0,20,0.0,17.6470588235313,0.0,N,,N,
08:22,SAREGAMA,4892,527.4,1.58,3.16,,125.8,0.0,NORMAL,N,15.793528505392779,0.0,30.0,0.0,15,0.0,0.0,0.0,25,0.0,20,0.0,20.0,0.0,N,,N,
08:22,ANTHEM,757885,854.05,1.55,3.1,,67.0,61.8,NORMAL,N,15.517241379310292,0.0,30.0,0.0,15,0.0,0.0,6.461227720656902,0.0,25,0.0,20,0.0,10.344827586207384,N,,N,
08:22,PNBHOUSING,18908,1160.7,1.55,3.1,,62.5,55.4,NORMAL,N,15.485564304461981,0.0,30.0,0.0,15,0.0,0.0,2.0340070794329845,0.0,25,0.0,20,0.0,8.333333333333018,N,,N,
08:22,GNFC,1174,543.7,1.53,3.06,,114.3,29.0,NORMAL,N,15.312791783380103,0.0,30.0,0.0,15,0.0,0.0,8.972094918713584,25,0.0,20,0.0,0.0,20.0,N,,N,
08:22,ENGINERSIN,4907,244.2,1.5,2.99,,92.5,27.0,NORMAL,N,14.962593516209452,0.0,30.0,0.0,15,0.0,0.0,2.0182250079411284,0.0,25,20,0.0,10.55555555555503,0.0,N,,N,
08:22,PRAJIND,2705,329.85,1.48,2.95,,67.8,46.3,NORMAL,N,14.766958929395514,0.0,30.0,0.0,15,0.0,0.0,1.3331484876458943,0.0,25,0.0,20,6.66666666666793,0.0,N,,N,
08:22,RUBICON,759316,1591.6,2.47,4.94,,98.1,27.8,NORMAL,N,24.723152201905656,0.0,30.0,0.0,15,0.0,0.0,2.8260924418034334,0.0,25,20,0.0,5.555555555555696,0.0,N,,N,
08:22,GANESHHOU,14339,771.9,1.47,2.93,,137.8,13.2,NORMAL,N,14.656588892540224,0.0,30.0,0.0,15,0.0,0.0,13.174943387520766,25,0.0,20,0.0,20.0,0.0,N,,N,
08:22,BAJFINANCE,317,1093.7,1.46,2.91,,117.9,10.0,NORMAL,N,14.56400742115032,0.0,30.0,0.0,15,0.0,0.0,9.998792329137514,25,0.0,20,0.0,3.333333333337123,0.0,N,,N,
08:22,SHREEPUSHK,10588,412.85,1.41,2.82,,59.1,45.0,NORMAL,N,14.124293785310735,0.0,30.0,0.0,15,0.0,0.0,0.0,0.0,25,0.0,20,0.0,0.0,N,,N,
08:22,DELHIVERY,9599,479.7,1.35,2.7,,105.7,1.2,NORMAL,N,13.522079019649222,0.0,30.0,0.0,15,0.0,0.0,1.1930275442669465,25,0.0,20,0.0,0.9999999999990905,0.0,N,,N,
08:22,HINDCOPPER,17939,543.3,1.34,2.69,,122.3,30.6,NORMAL,N,13.430330162283028,0.0,30.0,0.0,15,0.0,0.0,18.919397521030167,25,0.0,20,0.0,0.0,11.724137931035347,N,,N,
08:22,360ONE,13061,1183.4,1.31,2.62,,82.1,25.0,NORMAL,N,13.098193647804283,0.0,30.0,0.0,15,0.0,0.0,0.0,0.0,25,20,0.0,4.0000000000009095,0.0,N,,N,
08:22,SOUTHWEST,9678,235.01,1.27,2.54,,103.2,20.5,NORMAL,N,12.712229595794142,0.0,30.0,0.0,15,0.0,0.0,0.5364829714192276,25,0.0,20,0.0,0.0,20.0,N,,N,
08:22,GODREJPROP,17875,2116.5,2.25,4.49,,116.3,1.4,NORMAL,N,22.46376811594203,0.0,30.0,0.0,15,0.0,0.0,1.355030798121005,25,0.0,20,0.0,2.4999999999978684,0.0,N,,N,
08:22,INDIAMART,10726,1794.4,2.25,4.49,,117.6,1.0,NORMAL,N,22.4501424501425,0.0,30.0,0.0,15,0.0,0.0,0.9514646684983412,25,0.0,20,0.0,4.230769230768844,0.0,N,,N,
08:22,GRINFRA,5054,881.0,1.18,2.37,,123.1,1.2,NORMAL,N,11.829562421040489,0.0,30.0,0.0,15,0.0,0.0,1.2223868723012867,25,0.0,20,0.0,20.0,0.0,N,,N,
08:22,WIPL,20481,170.0,1.16,2.32,,101.6,0.0,NORMAL,N,11.603689378161192,0.0,30.0,0.0,15,0.0,0.0,0.0,25,0.0,20,0.0,0.0,0.0,N,,N,
08:22,CANFINHOME,583,820.6,1.15,2.29,,60.6,55.4,NORMAL,N,11.463083939356673,0.0,30.0,0.0,15,0.0,0.0,4.111101646184929,0.0,25,0.0,20,0.0,6.315789473684,N,,N,
08:22,TRITURBINE,25584,643.55,1.12,2.23,,102.7,15.3,NORMAL,N,11.155628878937716,0.0,30.0,0.0,15,0.0,0.0,1.532276246909389,25,0.0,20,0.0,0.0,13.750000000000533,N,,N,
08:22,COFORGE,11543,1813.4,2.11,4.21,,114.4,23.3,NORMAL,N,21.05855855855861,0.0,30.0,0.0,15,0.0,0.0,3.306878429770352,25,0.0,20,0.0,0.0,20.0,N,,N,
08:22,ENDURANCE,18822,2965.6,2.1,4.21,,111.0,1.8,NORMAL,N,21.036322947150943,0.0,30.0,0.0,15,0.0,0.0,0.0,25,0.0,20,0.0,0.0,1.8181818181800644,N,,N,
08:22,NARMADA,6364,385.15,1.09,2.18,,59.2,45.0,NORMAL,N,10.89238845144351,0.0,30.0,0.0,15,0.0,0.0,0.0,0.0,25,0.0,20,3.333333333333965,0.0,N,,N,
08:22,PHOENIXLTD,14552,1935.0,2.08,4.17,,110.8,3.2,NORMAL,N,20.838828805064626,0.0,30.0,0.0,15,0.0,0.0,0.0,25,0.0,20,0.0,0.0,3.1578947368414756,N,,N,
08:22,QUICKHEAL,13131,156.7,1.08,2.17,,100.8,20.0,NORMAL,N,10.837311314668936,0.0,30.0,0.0,15,0.0,0.0,0.0,25,0.0,20,0.0,0.0,20.0,N,,N,
08:22,CHOLAFIN,685,1904.4,2.05,4.09,,125.2,1.4,NORMAL,N,20.469403065052003,0.0,30.0,0.0,15,0.0,0.0,1.373974312451406,25,0.0,20,0.0,13.333333333333332,0.0,N,,N,
08:22,JKIL,15266,504.1,1.04,2.08,,95.4,25.0,NORMAL,N,10.422930446983457,0.0,30.0,0.0,15,0.0,0.0,0.0,0.0,25,20,0.0,20.0,0.0,N,,N,
08:22,ASTERDM,1508,878.75,1.04,2.08,,100.4,4.7,NORMAL,N,10.405887087501384,0.0,30.0,0.0,15,0.0,0.0,0.0,25,0.0,20,0.0,0.0,4.705882352942121,N,,N,
08:22,KIRLOSBROS,18581,1940.0,2.01,4.03,,110.1,2.1,NORMAL,N,20.139874848819453,0.0,30.0,0.0,15,0.0,0.0,0.0,25,0.0,20,0.0,0.0,2.1052631578951146,N,,N,
08:22,JSWENERGY,17869,570.1,1.01,2.02,,125.2,11.3,NORMAL,N,10.099220411056068,0.0,30.0,0.0,15,0.0,0.0,11.333394661752681,25,0.0,20,0.0,13.74999999999994,0.0,N,,N,
08:22,ATGL,6066,664.15,1.0,2.01,,125.0,40.8,NORMAL,N,10.037259523990604,0.0,30.0,0.0,15,0.0,0.0,25.0,25,0.0,20,0.0,0.0,15.789473684210716,N,,N,
08:22,JUBLINGREA,2783,747.25,0.95,1.89,,106.8,3.0,NORMAL,N,9.456264775413711,0.0,28.368794326241137,0.0,15,0.0,0.0,2.968342526034915,25,0.0,20,0.0,5.9999999999990905,0.0,N,,N,
08:22,INFY,1594,1186.1,0.94,1.87,,75.9,35.7,NORMAL,N,9.360905454854906,0.0,28.082716364564718,0.0,15,0.0,0.0,3.4729614976644583,0.0,25,20,0.0,0.0,7.272727272729528,N,,N,
08:22,RAJRATAN,18962,529.85,0.92,1.85,,103.1,12.0,NORMAL,N,9.23809523809528,0.0,27.714285714285843,0.0,15,0.0,0.0,6.15792148011877,25,0.0,20,0.0,0.0,5.882352941176313,N,,N,
08:22,HGINFRA,1672,554.15,0.91,1.82,,106.4,0.0,NORMAL,N,9.104980424292089,0.0,27.314941272876265,0.0,15,0.0,0.0,0.0,25,0.0,20,0.0,10.0,0.0,N,,N,
08:22,ROUTE,128,533.0,0.89,1.78,,95.6,20.0,NORMAL,N,8.896460344501316,0.0,26.68938103350395,0.0,15,0.0,0.0,0.0,25,0.0,20,0.0,0.0,20.0,N,,N,
08:22,BDL,2144,1305.5,0.89,1.78,,110.6,1.1,NORMAL,N,8.887171561051005,0.0,26.661514683153015,0.0,15,0.0,0.0,1.1229060186303264,25,0.0,20,0.0,13.939393939395234,0.0,N,,N,
08:22,CDSL,21174,1339.8,0.89,1.78,,101.4,5.9,NORMAL,N,8.885542168674665,0.0,26.65662650602399,0.0,15,0.0,0.0,5.86794877851904,25,0.0,20,0.0,0.0,0.0,N,,N,
08:22,RELAXO,24225,427.15,0.87,1.75,,123.7,8.7,NORMAL,N,8.737749439130923,0.0,26.213248317392765,0.0,15,0.0,0.0,8.702388226534472,25,0.0,20,0.0,20.0,0.0,N,,N,
08:22,APOLLOTYRE,163,448.85,0.87,1.73,,99.7,21.1,NORMAL,N,8.65168539325848,0.0,25.955056179775436,0.0,15,0.0,0.0,5.119564409882931,25,0.0,20,0.0,0.0,16.000000000003638,N,,N,
08:22,PENIND,20621,161.24,0.86,1.73,,61.8,49.3,NORMAL,N,8.632553484298734,0.0,25.897660452896197,0.0,15,0.0,0.0,4.269787489835162,0.0,25,0.0,20,8.0,0.0,N,,N,
08:22,TIMETECHNO,14707,206.63,0.85,1.71,,98.0,16.2,NORMAL,N,8.541585318235065,0.0,25.624755954705194,0.0,15,0.0,0.0,3.8005970157587323,25,0.0,20,0.0,0.0,12.380952380952317,N,,N,
08:22,ZUARIIND,3827,261.55,0.85,1.7,,62.6,58.7,NORMAL,N,8.482745324850544,0.0,25.44823597455163,0.0,15,0.0,0.0,13.687971304139444,0.0,25,0.0,20,0.0,0.0,N,,N,
08:22,ASAHIINDIA,5378,906.15,0.83,1.66,,108.0,34.9,NORMAL,N,8.289751863803195,0.0,24.869255591409587,0.0,15,0.0,0.0,14.878548946420475,25,0.0,20,0.0,0.0,20.0,N,,N,
08:22,EQUITASBNK,913,76.59,1.82,3.64,,113.2,0.0,NORMAL,N,18.21324115926621,0.0,30.0,0.0,15,0.0,0.0,0.0,25,0.0,20,0.0,4.999999999999112,0.0,N,,N,
08:22,ANGELONE,324,294.35,0.8,1.61,,102.2,0.0,NORMAL,N,8.04794520547953,0.0,24.14383561643859,0.0,15,0.0,0.0,0.0,25,0.0,20,0.0,9.999999999998105,0.0,N,,N,
08:22,SARDAEN,17758,501.6,0.8,1.61,,91.8,31.1,NORMAL,N,8.038585209003216,0.0,24.115755627009644,0.0,15,0.0,0.0,11.095562627265569,25,0.0,0.0,20,8.571428571429964,0.0,N,,N,
08:22,IRCTC,13611,524.0,0.78,1.56,,81.8,43.9,NORMAL,N,7.789210501009623,0.0,23.36763150302887,0.0,15,0.0,0.0,15.603407668797493,0.0,25,20,0.0,0.0,3.333333333330807,N,,N,
08:22,ORIENTELEC,2972,190.65,0.78,1.55,,109.3,1.6,NORMAL,N,7.770377418331741,0.0,23.311132254995222,0.0,15,0.0,0.0,1.5848299462732522,25,0.0,20,0.0,16.666666666665087,0.0,N,,N,
08:22,HDBFS,757772,670.8,0.77,1.55,,104.9,8.6,NORMAL,N,7.736798617892252,0.0,23.210395853676758,0.0,15,0.0,0.0,8.626830114731089,25,0.0,20,0.0,5.33333333333303,0.0,N,,N,
08:22,PARADEEP,9741,150.6,0.77,1.54,,97.8,4.9,NORMAL,N,7.694881231181036,0.0,23.084643693543107,0.0,15,0.0,0.0,4.88727853085608,25,0.0,20,0.0,2.1052631578958394,0.0,N,,N,
08:22,GEOJITFSL,11896,78.37,1.75,3.51,,107.5,0.0,NORMAL,N,17.52791482731769,0.0,30.0,0.0,15,0.0,0.0,0.0,25,0.0,20,0.0,0.0,0.0,N,,N,
08:22,BHEL,438,408.2,0.74,1.48,,100.3,0.7,NORMAL,N,7.4037512339585385,0.0,22.211253701875616,0.0,15,0.0,0.0,0.6729499563658458,25,0.0,20,0.0,10.0,0.0,N,,N,
08:22,ABCAPITAL,21614,411.05,0.74,1.47,,64.4,25.0,NORMAL,N,7.352040191153044,0.0,22.056120573459133,0.0,15,0.0,0.0,0.0,0.0,25,20,0.0,0.0,0.0,N,,N,
08:22,VBL,18921,445.2,0.72,1.45,,103.3,1.0,NORMAL,N,7.239819004524861,0.0,21.719457013574583,0.0,15,0.0,0.0,1.0159195706883142,25,0.0,20,0.0,13.33333333333207,0.0,N,,N,
08:22,MAZDOCK,509,2558.2,1.72,3.44,,128.7,5.1,NORMAL,N,17.217384389041204,0.0,30.0,0.0,15,0.0,0.0,5.0700092549346,25,0.0,20,0.0,16.363636363635734,0.0,N,,N,
08:22,MAXHEALTH,22377,1077.7,0.72,1.44,,96.3,0.0,NORMAL,N,7.196261682243034,0.0,21.5887850467291,0.0,15,0.0,0.0,0.0,25,0.0,20,0.0,7.4999999999992895,0.0,N,,N,
08:22,NUCLEUS,10791,703.25,0.72,1.43,,108.1,49.5,NORMAL,N,7.160759040458289,0.0,21.482277121374867,0.0,15,0.0,0.0,24.456369997495866,0.0,25,20,0.0,20.0,0.0,N,,N,
08:22,M&MFIN,13285,411.35,0.71,1.42,,65.6,25.0,NORMAL,N,7.1000122414005,0.0,21.300036724201497,0.0,15,0.0,0.0,0.0,0.0,25,20,0.0,2.2222222222199766,0.0,N,,N,
08:22,VGUARD,15362,321.9,0.7,1.41,,88.8,0.6,NORMAL,N,7.0389488503050215,0.0,21.116846550915064,0.0,15,0.0,0.0,0.6249385687848759,25,0.0,20,0.0,0.0,0.0,N,,N,
08:22,NCC,2319,146.6,0.69,1.39,,73.2,31.7,NORMAL,N,6.937289649014293,0.0,20.81186894704288,0.0,15,0.0,0.0,6.655063863594249,0.0,25,20,0.0,3.750000000000222,0.0,N,,N,
08:22,AXISBANK,5900,1246.5,0.69,1.37,,98.6,5.0,NORMAL,N,6.8659127625201934,0.0,20.59773828756058,0.0,15,0.0,0.0,4.993326872255201,25,0.0,20,0.0,6.153846153847768,0.0,N,,N,
08:22,SANSERA,5751,3850.7,1.67,3.35,,77.0,51.1,NORMAL,N,16.740157896126433,0.0,30.0,0.0,15,0.0,0.0,6.10476332832126,0.0,25,0.0,20,9.16666666666643,0.0,N,,N,
08:22,PREMIERENE,25049,1054.0,0.65,1.3,,86.0,3.3,NORMAL,N,6.49350649350645,0.0,19.48051948051935,0.0,15,0.0,0.0,0.0,25,0.0,20,0.0,0.0,3.333333333333965,N,,N,
08:22,JTEKTINDIA,3237,140.7,0.64,1.29,,85.8,0.9,NORMAL,N,6.437768240343185,0.0,19.313304721029553,0.0,15,0.0,0.0,0.0,25,0.0,20,0.0,0.0,0.8695652173929163,N,,N,
08:22,DABUR,772,412.55,0.62,1.24,,87.0,2.2,NORMAL,N,6.219512195121979,0.0,18.658536585365937,0.0,15,0.0,0.0,2.1594162138639637,25,0.0,20,0.0,0.0,0.0,N,,N,
08:22,CIEINDIA,14937,413.0,0.61,1.22,,87.9,7.5,NORMAL,N,6.090133982947624,0.0,18.270401948842874,0.0,15,0.0,0.0,3.5492693267967104,25,0.0,20,0.0,0.0,4.0000000000009095,N,,N,
08:22,POLICYBZR,6656,1630.3,1.61,3.22,,110.6,15.6,NORMAL,N,16.079775631037677,0.0,30.0,0.0,15,0.0,0.0,4.520078931634852,25,0.0,20,0.0,0.0,11.034482758621284,N,,N,
08:22,PURVA,14922,213.65,0.6,1.21,,104.1,0.0,NORMAL,N,6.027216650186001,0.0,18.081649950558003,0.0,15,0.0,0.0,0.0,25,0.0,20,0.0,20.0,0.0,N,,N,
08:22,KPRMILL,14912,1083.1,0.59,1.19,,108.8,39.3,NORMAL,Y,5.944088418315095,0.0,17.832265254945288,0.0,15,0.0,0.0,25.0,25,0.0,20,0.0,0.0,14.250000000000114,N,,N,
08:22,SHIVALIK,7026,256.0,0.59,1.18,,38.6,45.0,NORMAL,N,5.893909626719058,0.0,17.68172888015717,0.0,15,0.0,0.0,0.0,0.0,25,0.0,20,0.0,0.0,N,,N,
08:22,HEXT,29666,567.9,0.58,1.17,,84.6,41.1,NORMAL,N,5.844845908607783,0.0,17.53453772582335,0.0,15,0.0,0.0,16.052138587531914,0.0,25,20,0.0,10.175438596490668,0.0,N,,N,
08:23,BEL,383,403.25,0.56,1.12,,63.5,25.3,NORMAL,N,5.610972568578553,0.0,16.83291770573566,0.0,15,0.0,0.0,0.29458417633919576,0.0,25,20,0.0,5.71428571428757,0.0,N,,N,
08:23,MANAPPURAM,19061,368.75,0.55,1.09,,79.2,27.4,NORMAL,N,5.453306066803,0.0,16.359918200409,0.0,15,0.0,0.0,2.355187713518713,0.0,25,20,0.0,20.0,0.0,N,,N,
08:23,CIPLA,694,1471.7,0.54,1.08,,101.6,10.0,NORMAL,N,5.396912146468159,0.0,16.19073643940448,0.0,15,0.0,0.0,9.977079292578516,25,0.0,20,0.0,10.000000000001624,0.0,N,,N,
08:23,JUSTDIAL,29962,686.95,0.53,1.07,,99.2,0.9,NORMAL,N,5.341723986536063,0.0,16.025171959608187,0.0,15,0.0,0.0,0.9453483107215921,25,0.0,20,0.0,16.842105263158146,0.0,N,,N,
08:23,APLLTD,25328,834.3,0.51,1.01,,36.3,56.0,NORMAL,N,5.05963136971441,0.0,15.178894109143231,0.0,15,0.0,0.0,1.0191074978505181,0.0,25,0.0,20,0.0,9.999999999997158,N,,N,
08:23,USHAMART,8840,517.6,0.5,0.99,,52.3,52.5,NORMAL,N,4.950975633433781,0.0,14.852926900301341,0.0,15,0.0,0.0,7.536032555133552,0.0,25,0.0,20,10.0,0.0,N,,N,
08:23,WELSPUNLIV,11253,164.9,0.49,0.99,,34.7,50.0,NORMAL,N,4.9363154366506325,0.0,14.808946309951898,0.0,15,0.0,0.0,0.0,0.0,25,0.0,20,0.0,5.000000000007105,N,,N,
08:23,CESC,628,164.73,0.48,0.96,,36.0,48.6,NORMAL,N,4.818836159570526,0.0,14.456508478711578,0.0,15,0.0,0.0,1.7064819179762207,0.0,25,0.0,20,0.0,1.9047619047601003,N,,N,
08:23,TMCV,759782,455.25,0.47,0.95,,53.5,53.8,NORMAL,N,4.745089384241839,0.0,14.235268152725517,0.0,15,0.0,0.0,8.799172163164814,0.0,25,0.0,20,10.769230769230095,0.0,N,,N,
08:23,ZYDUSLIFE,7929,1119.3,0.46,0.92,,79.2,0.9,NORMAL,N,4.577275175013381,0.0,13.731825525040144,0.0,15,0.0,0.0,0.8954182959839012,25,0.0,20,0.0,0.0,0.0,N,,N,
08:23,APLAPOLLO,25780,1998.6,1.45,2.9,,104.5,1.2,NORMAL,N,14.517766497461881,0.0,30.0,0.0,15,0.0,0.0,0.0,25,0.0,20,0.0,0.0,1.2499999999987566,N,,N,
08:23,RCF,2866,127.48,0.44,0.88,,102.9,5.2,NORMAL,N,4.412228175228509,0.0,13.236684525685526,0.0,15,0.0,0.0,5.213382349727332,25,0.0,20,0.0,20.0,0.0,N,,N,
08:23,ZENSARTECH,1076,501.15,0.43,0.86,,34.6,55.4,NORMAL,N,4.308617234468892,0.0,12.925851703406677,0.0,15,0.0,0.0,2.380837044551205,0.0,25,0.0,20,0.0,7.999999999999545,N,,N,
08:23,YUKEN,5501,803.35,0.41,0.82,,76.5,0.0,NORMAL,N,4.124742203612359,0.0,12.374226610837077,0.0,15,0.0,0.0,0.0,25,0.0,20,0.0,0.0,0.0,N,,N,
08:23,TIINDIA,312,2811.0,1.41,2.81,,126.7,10.5,NORMAL,N,14.06926406926407,0.0,30.0,0.0,15,0.0,0.0,10.452126222682054,25,0.0,20,0.0,12.203389830507978,0.0,N,,N,
08:23,DCMSHRIRAM,811,1020.9,0.4,0.81,,80.8,4.7,NORMAL,N,4.032258064516151,0.0,12.096774193548455,0.0,15,0.0,0.0,4.701322859098197,25,0.0,20,0.0,0.0,0.0,N,,N,
08:23,PRINCEPIPE,16045,272.05,0.39,0.77,,36.2,70.7,NORMAL,N,3.8745387453874955,0.0,11.623616236162487,0.0,15,0.0,0.0,5.682210101625162,0.0,25,0.0,20,0.0,20.0,N,,N,
08:23,MEESHO,760229,192.08,0.38,0.76,,59.8,46.7,NORMAL,N,3.8149986934936937,0.0,11.444996080481081,0.0,15,0.0,0.0,9.516570004140998,0.0,25,20,0.0,0.0,12.22222222222266,N,,N,
08:23,CASTROLIND,1250,192.8,0.37,0.75,,63.3,70.0,NORMAL,N,3.748438150770506,0.0,11.245314452311518,0.0,15,0.0,0.0,25.0,0.0,25,0.0,20,8.333333333334913,0.0,N,,N,
08:23,HDFCBANK,1333,733.6,0.36,0.71,,62.4,30.5,NORMAL,N,3.5567715458276647,0.0,10.670314637482994,0.0,15,0.0,0.0,5.458546016300585,0.0,25,20,0.0,7.692307692307962,0.0,N,,N,
08:23,HYUNDAI,25844,2230.0,1.34,2.68,,110.3,34.2,NORMAL,N,13.406044080890707,0.0,30.0,0.0,15,0.0,0.0,14.214593585175772,25,0.0,0.0,20,12.631578947368297,0.0,N,,N,
08:23,INTELLECT,5926,723.8,0.34,0.68,,62.6,43.1,NORMAL,N,3.3964095099465337,0.0,10.189228529839601,0.0,15,0.0,0.0,9.042128509332496,25,0.0,0.0,20,0.0,14.074074074072826,N,,N,
08:23,XCHANGING,11705,68.14,1.34,2.68,,86.0,22.6,NORMAL,N,13.384889946460525,0.0,30.0,0.0,15,0.0,0.0,2.5817214431945734,25,0.0,0.0,20,0.0,0.0,N,,N,
08:23,GSFC,1247,161.76,0.33,0.67,,30.0,54.9,NORMAL,N,3.349460364718968,0.0,10.048381094156904,0.0,15,0.0,0.0,1.6173248034939414,0.0,25,0.0,20,0.0,8.235294117646863,N,,N,
08:23,ADANIPOWER,17388,209.69,0.33,0.66,,98.2,43.2,NORMAL,N,3.301435406698554,0.0,9.904306220095663,0.0,15,0.0,0.0,25.0,25,0.0,20,0.0,0.0,18.249999999999485,N,,N,
08:23,KIRIINDUS,16639,429.3,0.33,0.65,,74.6,21.5,NORMAL,N,3.271792474877388,0.0,9.815377424632164,0.0,15,0.0,0.0,1.469625654859661,25,0.0,20,0.0,0.0,20.0,N,,N,
08:23,TMPV,3456,348.1,0.32,0.63,,36.2,60.2,NORMAL,N,3.17002881844387,0.0,9.510086455331608,0.0,15,0.0,0.0,8.553002881697754,0.0,25,0.0,20,0.0,6.666666666665825,N,,N,
08:23,ICICIBANK,4963,1425.5,0.32,0.63,,62.1,21.1,NORMAL,N,3.166783954961295,0.0,9.500351864883884,0.0,15,0.0,0.0,1.121486941487623,25,0.0,0.0,20,8.333333333333018,0.0,N,,N,
08:23,LALPATHLAB,11654,1956.8,1.3,2.61,,76.7,49.3,NORMAL,N,13.046179333195303,0.0,30.0,0.0,15,0.0,0.0,4.345083580253583,0.0,25,0.0,20,14.285714285713357,0.0,N,,N,
08:23,NIITLTD,11522,96.31,1.3,2.61,,139.6,16.5,NORMAL,N,13.04302093194498,0.0,30.0,0.0,15,0.0,0.0,16.546005046841504,25,0.0,20,0.0,20.0,0.0,N,,N,
08:23,LTTS,18564,3600.0,1.25,2.51,,81.7,54.1,NORMAL,N,12.544298813073045,0.0,30.0,0.0,15,0.0,0.0,9.111385276389932,0.0,25,0.0,20,14.999999999999753,0.0,N,,N,
08:23,SAFARI,13035,1504.8,1.22,2.45,,59.7,56.2,NORMAL,N,12.242701466433504,0.0,30.0,0.0,15,0.0,0.0,2.410309692622832,0.0,25,0.0,20,0.0,8.749999999999822,N,,N,
08:23,MUTHOOTFIN,23650,2925.2,1.22,2.44,,106.9,7.3,NORMAL,N,12.179930795847689,0.0,30.0,0.0,15,0.0,0.0,4.763497779183338,25,0.0,20,0.0,0.0,2.4999999999978684,N,,N,
08:23,PIDILITIND,2664,1680.0,1.2,2.41,,108.3,11.3,NORMAL,N,12.04819277108434,0.0,30.0,0.0,15,0.0,0.0,6.293184687641329,25,0.0,20,0.0,0.0,4.999999999999052,N,,N,
08:23,MPHASIS,4503,2503.5,1.15,2.3,,61.7,59.6,NORMAL,N,11.515151515151514,0.0,30.0,0.0,15,0.0,0.0,5.177395901739934,0.0,25,0.0,20,0.0,9.375000000000533,N,,N,
08:23,BAJAJFINSV,16675,2032.0,1.15,2.3,,101.5,0.0,NORMAL,N,11.498830205585099,0.0,30.0,0.0,15,0.0,0.0,0.0,25,0.0,20,0.0,0.0,0.0,N,,N,
08:23,UNITDSPR,10447,1528.5,1.06,2.13,,113.1,0.4,NORMAL,N,10.645331922771692,0.0,30.0,0.0,15,0.0,0.0,0.4183024079110912,25,0.0,20,0.0,11.999999999998181,0.0,N,,N,
08:23,ESCORTS,958,3113.6,1.06,2.12,,114.3,15.8,NORMAL,N,10.580980201233336,0.0,30.0,0.0,15,0.0,0.0,13.752997023136516,25,0.0,20,0.0,0.0,2.0833333333332544,N,,N,
08:23,NFL,13925,72.64,1.02,2.03,,100.2,15.0,NORMAL,N,10.151578361841246,0.0,30.0,0.0,15,0.0,0.0,0.0,25,0.0,20,0.0,0.0,14.999999999996447,N,,N,
08:23,OBEROIRLTY,20242,1792.6,0.99,1.98,,108.7,3.5,NORMAL,N,9.915492957746427,0.0,29.74647887323928,0.0,15,0.0,0.0,3.4686965889480383,25,0.0,20,0.0,5.555555555555696,0.0,N,,N,
08:23,DALBHARAT,8075,1843.3,0.87,1.74,,98.9,2.7,NORMAL,N,8.700886505417458,0.0,26.102659516252373,0.0,15,0.0,0.0,2.6862422786748783,25,0.0,20,0.0,1.4285714285732847,0.0,N,,N,
08:23,NMDC,15332,85.62,0.82,1.65,,49.1,50.1,NORMAL,N,8.243052284503095,0.0,24.729156853509284,0.0,15,0.0,0.0,1.1428626890322584,0.0,25,0.0,20,0.0,4.000000000002274,N,,N,
08:23,ASIANPAINT,236,2756.6,0.79,1.58,,91.6,1.0,NORMAL,N,7.897623400365597,0.0,23.69287020109679,0.0,15,0.0,0.0,0.0,25,0.0,20,0.0,0.0,0.9999999999990905,N,,N,
08:23,MAHABANK,11377,78.89,0.78,1.56,,109.1,22.9,NORMAL,N,7.792539601430754,0.0,23.377618804292265,0.0,15,0.0,0.0,17.897954646213943,25,0.0,20,0.0,0.0,5.0,N,,N,
08:23,AJANTPHARM,8124,3496.9,0.76,1.53,,90.5,12.0,NORMAL,N,7.6360073766712775,0.0,22.90802213001383,0.0,15,0.0,0.0,0.0,25,0.0,20,0.0,0.0,12.000000000007276,N,,N,
08:23,PRESTIGE,20302,1596.1,0.71,1.43,,65.8,31.3,NORMAL,N,7.130237253912137,0.0,21.390711761736412,0.0,15,0.0,0.0,2.322816378920095,0.0,25,20,0.0,0.0,3.9999999999993934,N,,N,
08:23,HDFCAMC,4244,2563.1,0.71,1.42,,92.4,0.0,NORMAL,N,7.111984282907626,0.0,21.33595284872288,0.0,15,0.0,0.0,0.0,25,0.0,20,0.0,3.999999999996362,0.0,N,,N,
08:23,WABAG,20188,1971.0,0.68,1.36,,96.7,7.8,NORMAL,N,6.793686468815423,0.0,20.38105940644627,0.0,15,0.0,0.0,7.768457925250701,25,0.0,20,0.0,1.7647058823526265,0.0,N,,N,
08:23,AETHER,9810,1600.1,0.53,1.07,,66.6,60.6,NORMAL,N,5.3405378235737615,0.0,16.021613470721288,0.0,15,0.0,0.0,15.562667941883904,0.0,25,0.0,20,14.66666666666697,0.0,N,,N,
08:23,PNBGILTS,8736,81.11,0.51,1.02,,65.7,42.8,NORMAL,N,5.080545229244071,0.0,15.241635687732213,0.0,15,0.0,0.0,5.331288298712338,25,0.0,0.0,20,0.0,17.500000000000444,N,,N,
08:23,NTPCGREEN,27176,91.9,0.44,0.87,,54.7,25.0,NORMAL,N,4.3715846994536145,0.0,13.114754098360844,0.0,15,0.0,0.0,0.0,0.0,25,20,0.0,2.222222222223275,0.0,N,,N,
08:23,GODFRYPHLP,1181,2295.5,0.42,0.83,,78.1,3.5,NORMAL,N,4.155730533683289,0.0,12.46719160104987,0.0,15,0.0,0.0,1.5217912310888808,25,0.0,20,0.0,0.0,1.999999999998181,N,,N,
08:23,ICICIGI,21770,1645.7,0.41,0.82,,96.4,0.0,NORMAL,N,4.087858450274586,0.0,12.263575350823757,0.0,15,0.0,0.0,0.0,25,0.0,20,0.0,20.0,0.0,N,,N,
08:23,PTC,11355,177.35,-12.76,25.53,,41.7,90.6,NORMAL,Y,0.0,30.0,30.0,0.0,0.0,15,0.0,0.6146005312377015,0.0,25,0.0,20,11.11111111111006,0.0,N,,N,
08:23,JAMNAAUTO,20778,130.21,-10.01,20.03,,82.4,45.5,NORMAL,Y,0.0,30.0,30.0,0.0,0.0,15,0.0,0.544814213452546,25,0.0,20,0.0,6.8421052631577375,0.0,N,,N,
08:23,PFC,14299,386.2,-8.05,16.1,,42.0,90.0,NORMAL,Y,0.0,30.0,30.0,0.0,0.0,15,0.0,0.0,0.0,25,0.0,20,12.0,0.0,N,,N,
08:23,RECLTD,15355,344.85,-6.04,12.07,,50.9,98.6,NORMAL,Y,0.0,30.0,30.0,0.0,0.0,15,0.0,8.638667750119431,0.0,25,0.0,20,12.307692307692374,0.0,N,,N,
08:23,NLCINDIA,8585,287.0,-5.72,11.43,,43.8,91.0,NORMAL,Y,0.0,30.0,30.0,0.0,0.0,15,0.0,0.9551543026718894,0.0,25,0.0,20,12.85714285714274,0.0,N,,N,
08:23,RGL,15129,118.11,-4.13,8.26,,58.6,88.6,NORMAL,Y,0.0,30.0,30.0,0.0,0.0,15,0.0,3.5506608119712793,25,0.0,0.0,20,0.0,20.0,N,,N,
08:23,OMNI,760865,559.0,-3.35,6.69,,75.0,63.5,NORMAL,N,0.0,30.0,30.0,0.0,0.0,15,0.0,0.0,25,0.0,20,0.0,0.0,18.46153846153819,N,,N,
08:23,WINDLAS,5366,856.1,-3.03,6.06,,31.7,111.4,NORMAL,N,0.0,30.0,30.0,0.0,0.0,15,0.0,1.7256437992588924,0.0,25,0.0,20,0.0,19.687499999999577,N,,N,
08:23,ZYDUSWELL,17635,517.7,-3.03,6.05,,55.0,72.3,NORMAL,N,0.0,30.0,30.0,0.0,0.0,15,0.0,0.0,25,0.0,0.0,20,0.0,7.27272727272389,N,,N,
08:23,TVSSCS,18151,129.98,-2.85,5.7,,37.7,88.5,NORMAL,N,0.0,28.477464683459168,30.0,0.0,0.0,15,0.0,0.0,0.0,25,0.0,20,7.692307692305338,0.0,N,,N,
08:23,YATRA,18760,104.05,-2.78,5.57,,77.9,65.8,NORMAL,N,0.0,27.842660936186157,30.0,0.0,0.0,15,0.0,2.9138937295888305,25,0.0,20,0.0,0.0,20.0,N,,N,
08:23,CHALET,8546,836.0,-2.76,5.51,,56.9,64.5,NORMAL,N,0.0,27.56775619402122,30.0,0.0,0.0,15,0.0,1.9490347102137613,25,0.0,0.0,20,0.0,0.0,N,,N,
08:23,SAIL,2963,171.9,-2.65,5.3,,49.1,86.5,NORMAL,N,0.0,26.503567787971495,30.0,0.0,0.0,15,0.0,0.0,0.0,25,0.0,20,19.09090909090905,0.0,N,,N,
08:23,VERANDA,8890,251.15,-2.64,5.27,,50.0,86.4,NORMAL,N,0.0,26.361698003488986,30.0,0.0,0.0,15,0.0,0.0,0.0,25,0.0,20,20.0,0.0,N,,N,
08:23,AEGISLOG,40,1335.5,-2.59,5.18,,91.9,82.9,NORMAL,N,0.0,25.893508388037926,30.0,0.0,0.0,15,0.0,21.991024879441515,25,0.0,0.0,20,14.883720930232926,0.0,N,,N,
08:23,GRANULES,11872,852.45,-2.45,4.9,,30.7,95.2,NORMAL,N,0.0,24.48932883217941,30.0,0.0,0.0,15,0.0,0.7160971209129056,0.0,25,0.0,20,0.0,10.0,N,,N,
08:23,GOCLCORP,3963,427.7,-2.41,4.81,,58.8,66.7,NORMAL,N,0.0,24.073017683970363,30.0,0.0,0.0,15,0.0,3.844927228559764,25,0.0,0.0,20,0.0,3.7499999999993783,N,,N,
08:23,SCI,3048,297.55,-2.36,4.73,,31.1,86.4,NORMAL,N,0.0,23.62592288761276,30.0,0.0,0.0,15,0.0,1.1046116798777428,0.0,25,0.0,20,0.0,1.6666666666669825,N,,N,
08:23,J&KBANK,5633,155.64,-2.26,4.52,,34.2,86.8,NORMAL,N,0.0,22.607385079125983,30.0,0.0,0.0,15,0.0,4.202299933465119,0.0,25,0.0,20,0.0,0.0,N,,N,
08:23,SURYAROSNI,3375,246.74,-2.22,4.45,,45.4,91.7,NORMAL,N,0.0,22.231028333663506,30.0,0.0,0.0,15,0.0,9.443655260276438,0.0,25,0.0,20,6.000000000000284,0.0,N,,N,
08:23,CHEMPLASTS,5449,179.56,-2.21,4.41,,92.0,37.1,NORMAL,N,0.0,22.057622133870765,30.0,0.0,0.0,15,0.0,0.0,25,0.0,20,0.0,17.037037037037738,0.0,N,,N,
08:23,MRPL,2283,163.37,-2.18,4.36,,62.7,59.1,NORMAL,N,0.0,21.795102089695146,30.0,0.0,0.0,15,0.0,2.2810206928147725,25,0.0,0.0,20,5.454545454544984,0.0,N,,N,
08:23,ANANTRAJ,13620,602.7,-2.14,4.29,,30.0,85.9,NORMAL,N,0.0,21.432050657574173,30.0,0.0,0.0,15,0.0,0.0,0.0,25,0.0,20,0.0,4.444444444445006,N,,N,
08:23,BANKINDIA,4745,141.92,-2.12,4.25,,63.2,69.1,NORMAL,N,0.0,21.241379310344914,30.0,0.0,0.0,15,0.0,8.161325916356361,25,0.0,0.0,20,0.0,4.705882352940586,N,,N,
08:23,LOTUSEYE,16807,116.3,-2.12,4.24,,30.0,101.2,NORMAL,N,0.0,21.20855074903212,30.0,0.0,0.0,15,0.0,0.0,0.0,25,0.0,20,0.0,20.0,N,,N,
08:23,SAMHI,18614,170.95,-2.12,4.24,,35.1,82.9,NORMAL,N,0.0,21.185227598053345,30.0,0.0,0.0,15,0.0,1.6697171623227696,0.0,25,0.0,20,3.47826086956468,0.0,N,,N,
08:23,WSTCSTPAPR,3799,586.5,-2.1,4.21,,32.9,87.6,NORMAL,N,0.0,21.03154732098151,30.0,0.0,0.0,15,0.0,2.917344983630701,0.0,25,0.0,20,0.0,3.6842105263160727,N,,N,
08:23,POWERMECH,10473,2484.6,-5.05,10.1,,75.0,61.7,NORMAL,Y,0.0,30.0,30.0,0.0,0.0,15,0.0,0.0,25,0.0,20,0.0,0.0,16.666666666666035,N,,N,
08:23,LUPIN,10440,2251.3,-4.75,9.49,,52.2,96.9,NORMAL,Y,0.0,30.0,30.0,0.0,0.0,15,0.0,6.910678207068415,0.0,25,0.0,20,15.327102803739088,0.0,N,,N,
08:23,INOXWIND,7852,74.6,-4.36,8.72,,39.4,91.0,NORMAL,Y,0.0,30.0,30.0,0.0,0.0,15,0.0,1.024191761672344,0.0,25,0.0,20,8.333333333334913,0.0,N,,N,
08:23,ABFRL,30108,61.17,-3.41,6.82,,75.0,47.5,NORMAL,N,0.0,30.0,30.0,0.0,0.0,15,0.0,0.0,25,0.0,20,0.0,0.0,2.5000000000013323,N,,N,
08:23,IPCALAB,1633,1679.0,-3.27,6.54,,36.5,96.5,NORMAL,N,0.0,30.0,30.0,0.0,0.0,15,0.0,6.5285649349339305,0.0,25,0.0,20,0.0,0.0,N,,N,
08:23,SIS,21501,426.45,-1.95,3.91,,79.5,43.0,NORMAL,N,0.0,19.542476146683523,30.0,0.0,0.0,15,0.0,4.483847023289622,25,0.0,20,0.0,0.0,4.0000000000009095,N,,N,
08:23,JAINREC,759244,302.7,-1.85,3.7,,42.3,80.7,NORMAL,N,0.0,18.482490272373504,30.0,0.0,0.0,15,0.0,2.2567844280025695,0.0,25,0.0,20,10.000000000005684,0.0,N,,N,
08:23,SBIN,3045,1077.3,-1.81,3.63,,30.0,85.4,NORMAL,N,0.0,18.137076193948314,30.0,0.0,0.0,15,0.0,0.0,0.0,25,0.0,20,0.0,7.272727272725393,N,,N,
08:23,CANBK,10794,129.56,-1.81,3.62,,30.8,79.0,NORMAL,N,0.0,18.11292156119732,30.0,0.0,0.0,15,0.0,0.8446898665763718,0.0,25,0.0,20,0.0,0.0,N,,N,
08:23,FINPIPE,1041,161.46,-1.81,3.61,,38.7,84.3,NORMAL,N,0.0,18.06239737274219,30.0,0.0,0.0,15,0.0,6.239615813460161,0.0,25,0.0,20,2.5000000000013323,0.0,N,,N,
08:23,TREJHARA,7518,174.5,-1.78,3.56,,109.4,55.5,NORMAL,N,0.0,17.786783744230533,30.0,0.0,0.0,15,0.0,22.732969473418162,25,0.0,20,0.0,11.636363636364182,0.0,N,,N,
08:23,GARFIBRES,1100,798.05,-1.7,3.4,,47.5,78.7,NORMAL,N,0.0,16.99821395578009,30.0,0.0,0.0,15,0.0,1.7434037511094969,0.0,25,0.0,20,15.714285714283394,0.0,N,,N,
08:23,GAIL,4717,170.81,-1.62,3.25,,34.4,82.9,NORMAL,N,0.0,16.24143293209695,30.0,0.0,0.0,15,0.0,4.397857299088568,0.0,25,0.0,20,0.0,2.222222222220117,N,,N,
08:23,GODREJCP,10099,1033.1,-1.61,3.22,,86.7,32.1,NORMAL,N,0.0,16.09523809523818,30.0,0.0,0.0,15,0.0,0.963494131440356,25,0.0,20,0.0,10.769230769226464,0.0,N,,N,
08:23,TTKPRESTIG,3546,606.1,-1.6,3.2,,31.3,77.3,NORMAL,N,0.0,15.991557756311424,30.0,0.0,0.0,15,0.0,1.2881489185719457,0.0,25,0.0,20,0.0,0.0,N,,N,
08:23,NYKAA,6545,326.7,-1.6,3.19,,53.8,99.8,NORMAL,N,0.0,15.963855421686782,30.0,0.0,0.0,15,0.0,23.792574490419813,0.0,25,0.0,20,0.0,0.0,N,,N,
08:23,SANGAMIND,4184,602.05,-1.59,3.19,,32.9,78.9,NORMAL,N,0.0,15.936580581889508,30.0,0.0,0.0,15,0.0,2.9478094865742013,0.0,25,0.0,20,0.0,0.0,N,,N,
08:23,TPLPLASTEH,9219,75.5,-2.59,5.19,,35.7,91.6,NORMAL,N,0.0,25.93213778867249,30.0,0.0,0.0,15,0.0,5.67990674780744,0.0,25,0.0,20,0.0,0.0,N,,N,
08:23,TRENT,1964,3026.6,-2.59,5.18,,93.7,40.9,NORMAL,N,0.0,25.908403334298868,30.0,0.0,0.0,15,0.0,0.0,25,0.0,20,0.0,18.709677419355973,0.0,N,,N,
08:23,MSTCLTD,9356,581.95,-1.57,3.15,,50.0,75.7,NORMAL,N,0.0,15.729386892177516,30.0,0.0,0.0,15,0.0,0.0,0.0,25,0.0,20,20.0,0.0,N,,N,
08:23,FSL,14304,275.5,-1.55,3.11,,44.3,75.5,NORMAL,N,0.0,15.54404145077728,30.0,0.0,0.0,15,0.0,0.0,0.0,25,0.0,20,14.285714285713357,0.0,N,,N,
08:23,SAPPHIRE,6718,220.76,-1.54,3.09,,53.3,66.1,NORMAL,N,0.0,15.431272857015465,30.0,0.0,0.0,15,0.0,3.3220146612087387,0.0,25,20,0.0,0.0,7.317073170732046,N,,N,
08:23,WOCKPHARMA,7506,1969.9,-2.53,5.06,,32.8,99.7,NORMAL,N,0.0,25.284512617516036,30.0,0.0,0.0,15,0.0,2.7569929058314395,0.0,25,0.0,20,0.0,11.666666666666982,N,,N,
08:23,BAJAJELEC,15034,365.5,-1.52,3.04,,36.8,86.0,NORMAL,N,0.0,15.222955678297124,30.0,0.0,0.0,15,0.0,6.754544092558621,0.0,25,0.0,20,0.0,4.0000000000009095,N,,N,
08:23,WESTLIFE,11580,586.0,-1.49,2.98,,55.0,49.9,NORMAL,N,0.0,14.87770026056993,30.0,0.0,0.0,15,0.0,0.0,25,0.0,0.0,20,0.0,0.0,N,,N,
08:23,VAIBHAVGBL,11364,239.35,-1.48,2.96,,35.4,89.3,NORMAL,N,0.0,14.81786375797487,30.0,0.0,0.0,15,0.0,5.406494199543299,0.0,25,0.0,20,0.0,9.090909090909372,N,,N,
08:23,TCIEXP,19223,546.55,-1.45,2.9,,37.1,81.6,NORMAL,N,0.0,14.51496574107477,30.0,0.0,0.0,15,0.0,7.072227735299887,0.0,25,0.0,20,0.0,0.0,N,,N,
08:23,TNPL,3980,154.35,-1.44,2.87,,50.0,74.4,NORMAL,N,0.0,14.367816091954023,30.0,0.0,0.0,15,0.0,0.0,0.0,25,0.0,20,20.0,0.0,N,,N,
08:23,TDPOWERSYS,25178,1243.1,-1.41,2.82,,69.2,51.0,NORMAL,N,0.0,14.116900626536744,30.0,0.0,0.0,15,0.0,1.8613626455717958,25,0.0,0.0,20,12.30769230769271,0.0,N,,N,
08:23,SUDARSCHEM,3327,1123.6,-1.4,2.81,,45.7,76.8,NORMAL,N,0.0,14.040014040014043,30.0,0.0,0.0,15,0.0,2.7965076122253576,0.0,25,0.0,20,12.941176470589495,0.0,N,,N,
08:23,HIKAL,9668,224.0,-1.38,2.76,,96.7,70.5,NORMAL,N,0.0,13.824073258783072,30.0,0.0,0.0,15,0.0,21.69627004056575,25,0.0,20,0.0,0.0,20.0,N,,N,
08:23,RITES,3761,231.01,-1.38,2.76,,58.8,54.0,NORMAL,N,0.0,13.78927595628423,30.0,0.0,0.0,15,0.0,3.7791277951656093,25,0.0,0.0,20,0.0,1.4285714285740387,N,,N,
08:23,GREAVESCOT,1235,196.12,-1.37,2.75,,33.4,85.0,NORMAL,N,0.0,13.728941413125423,30.0,0.0,0.0,15,0.0,3.3986944451785526,0.0,25,0.0,20,0.0,7.826086956522383,N,,N,
08:23,PETRONET,11351,276.75,-1.37,2.74,,89.6,66.0,NORMAL,N,0.0,13.720598717035005,30.0,0.0,0.0,15,0.0,17.279778469895447,25,0.0,0.0,20,17.333333333332728,0.0,N,,N,
08:23,APTUS,5435,257.1,-1.36,2.72,,36.4,93.4,NORMAL,N,0.0,13.619796662190504,30.0,0.0,0.0,15,0.0,6.435063930324341,0.0,25,0.0,20,0.0,13.33333333333207,N,,N,
08:23,PSPPROJECT,20877,950.4,-1.3,2.61,,91.2,31.4,NORMAL,N,0.0,13.03286775014286,30.0,0.0,0.0,15,0.0,3.4021863457999144,25,0.0,20,0.0,12.78688524590165,0.0,N,,N,
08:23,UBL,16713,1382.9,-1.24,2.49,,37.1,81.9,NORMAL,N,0.0,12.42590873384265,30.0,0.0,0.0,15,0.0,7.118256790899551,0.0,25,0.0,20,0.0,2.352941176469723,N,,N,
08:23,EMSLIMITED,18593,399.4,-1.24,2.47,,62.2,56.2,NORMAL,N,0.0,12.363996043521265,30.0,0.0,0.0,15,0.0,7.191953214483555,25,0.0,0.0,20,0.0,1.6666666666669825,N,,N,
08:23,MGL,17534,1125.6,-1.23,2.46,,43.4,88.6,NORMAL,N,0.0,12.285012285012286,30.0,0.0,0.0,15,0.0,13.41100657496956,0.0,25,0.0,20,0.0,2.857142857140073,N,,N,
08:23,VOLTAS,3718,1269.3,-1.22,2.44,,32.8,76.5,NORMAL,N,0.0,12.21789883268486,30.0,0.0,0.0,15,0.0,2.841554261598196,0.0,25,0.0,20,0.0,1.4285714285700366,N,,N,
08:23,BANKBARODA,4668,247.71,-1.19,2.39,,30.1,76.8,NORMAL,N,0.0,11.926605504587076,30.0,0.0,0.0,15,0.0,0.099155745831878,0.0,25,0.0,20,0.0,4.800000000000182,N,,N,
08:23,PARAS,5911,1262.0,-1.18,2.36,,85.8,26.8,NORMAL,N,0.0,11.823662986453613,30.0,0.0,0.0,15,0.0,0.0,25,0.0,20,0.0,10.769230769231847,0.0,N,,N,
08:23,WINDMACHIN,24969,300.0,-1.17,2.34,,82.0,26.7,NORMAL,N,0.0,11.694943172459272,30.0,0.0,0.0,15,0.0,0.0,25,0.0,20,0.0,7.000000000000455,0.0,N,,N,
08:23,LLOYDSME,17313,2056.5,-2.13,4.25,,60.7,56.3,NORMAL,N,0.0,21.273557966875988,30.0,0.0,0.0,15,0.0,0.0,25,0.0,0.0,20,5.7142857142857135,0.0,N,,Y,NONRESULTS
08:23,ROLEXRINGS,5279,154.94,-1.11,2.22,,34.0,92.7,NORMAL,N,0.0,11.105437835077922,30.0,0.0,0.0,15,0.0,3.9639738967123335,0.0,25,0.0,20,0.0,17.647058823531378,N,,N,
08:23,EIDPARRY,916,796.2,-1.11,2.21,,57.5,51.1,NORMAL,N,0.0,11.054527387902096,30.0,0.0,0.0,15,0.0,0.0,0.0,25,20,0.0,7.499999999997158,0.0,N,,N,
08:23,MUKANDLTD,11325,141.65,-1.1,2.19,,50.0,71.0,NORMAL,N,0.0,10.962156123446398,30.0,0.0,0.0,15,0.0,0.0,0.0,25,0.0,20,20.0,0.0,N,,N,
08:23,ITC,1660,283.1,-1.05,2.1,,41.4,71.9,NORMAL,N,0.0,10.48584411045089,30.0,0.0,0.0,15,0.0,1.4016186031222004,0.0,25,0.0,20,10.0,0.0,N,,N,
08:23,BHARTIHEXA,23489,1507.7,-2.02,4.04,,84.9,46.5,NORMAL,N,0.0,20.21055367819074,30.0,0.0,0.0,15,0.0,9.921340823285608,25,0.0,20,0.0,0.0,1.3793103448279647,N,,N,
08:23,PNB,10666,113.67,-0.99,1.99,,31.8,78.0,NORMAL,N,0.0,9.92944865429841,29.78834596289523,0.0,0.0,15,0.0,2.0315142863513316,0.0,25,0.0,20,0.0,6.000000000000568,N,,N,
08:23,IOC,1624,141.98,-0.98,1.95,,42.5,76.3,NORMAL,N,0.0,9.76426279815878,29.29278839447634,0.0,0.0,15,0.0,6.575867578625137,0.0,25,0.0,20,6.666666666666666,0.0,N,,N,
08:23,WIPRO,3787,185.7,-0.98,1.95,,32.0,83.3,NORMAL,N,0.0,9.758438649816096,29.275315949448288,0.0,0.0,15,0.0,2.755095721074027,0.0,25,0.0,20,0.0,10.769230769230095,N,,N,
08:23,WHIRLPOOL,18011,805.25,-0.97,1.94,,54.1,53.8,NORMAL,N,0.0,9.715304679333428,29.145914038000285,0.0,0.0,15,0.0,0.0,25,0.0,0.0,20,0.0,9.090909090909843,N,,N,
08:23,KRBL,10577,375.05,-0.95,1.9,,29.3,90.3,NORMAL,N,0.0,9.507460715700423,28.522382147101272,0.0,0.0,15,0.0,0.7719078914524637,0.0,25,0.0,20,0.0,20.0,N,,N,
08:23,RVNL,9552,231.2,-0.93,1.87,,63.6,44.3,NORMAL,N,0.0,9.340988945068158,28.02296683520448,0.0,0.0,15,0.0,0.0,25,0.0,0.0,20,10.588235294118826,0.0,N,,N,
08:23,TATACAP,759265,366.9,-0.92,1.84,,60.0,73.1,NORMAL,N,0.0,9.181744531461069,27.54523359438321,0.0,0.0,15,0.0,12.449750810333077,0.0,25,20,0.0,0.0,11.428571428570963,N,,N,
08:23,NITTAGELA,762824,1690.0,-1.91,3.82,,37.9,100.0,NORMAL,N,0.0,19.095710720297227,30.0,0.0,0.0,15,0.0,7.929360971865498,0.0,25,0.0,20,0.0,12.941176470588156,N,,N,
08:23,KARURVYSYA,1838,332.5,-0.91,1.82,,39.7,70.1,NORMAL,N,0.0,9.089554462822267,27.268663388466802,0.0,0.0,15,0.0,1.0194409982013692,0.0,25,0.0,20,11.428571428571892,0.0,N,,N,
08:23,HINDALCO,1363,1050.0,-0.91,1.81,,31.5,72.2,NORMAL,N,0.0,9.06002265005654,27.180067950169622,0.0,0.0,15,0.0,3.1179017488618324,0.0,25,0.0,20,1.2499999999989342,0.0,N,,N,
08:23,CROMPTON,17094,247.75,-0.88,1.76,,36.4,68.8,NORMAL,N,0.0,8.801760352070367,26.405281056211106,0.0,0.0,15,0.0,0.0,0.0,25,0.0,20,9.999999999999053,0.0,N,,N,
08:23,MARKSANS,10579,271.5,-0.86,1.72,,85.6,26.4,NORMAL,N,0.0,8.58134014971708,25.744020449151243,0.0,0.0,15,0.0,2.8149315085159325,25,0.0,20,0.0,12.000000000002728,0.0,N,,N,
08:23,CAMPUS,9362,222.52,-0.82,1.65,,70.2,43.7,NORMAL,N,0.0,8.245309087667666,24.735927263003,0.0,0.0,15,0.0,0.45451824898251614,25,0.0,0.0,20,20.0,0.0,N,,N,
08:23,MARICO,4067,854.9,-0.82,1.65,,25.5,69.0,NORMAL,N,0.0,8.236658932714644,24.709976798143934,0.0,0.0,15,0.0,0.7695104033527451,0.0,25,0.0,20,0.0,0.0,N,,N,
08:23,TITAGARH,15414,840.55,-0.81,1.63,,70.9,25.6,NORMAL,N,0.0,8.142073278659614,24.42621983597884,0.0,0.0,15,0.0,1.4279870875472114,25,0.0,20,0.0,0.0,0.9999999999990905,N,,N,
08:23,SYNGENE,10243,400.45,-0.81,1.61,,81.1,33.3,NORMAL,N,0.0,8.050532573693337,24.15159772108001,0.0,0.0,15,0.0,10.267142989021231,25,0.0,20,0.0,1.6666666666671404,0.0,N,,N,
08:23,MATRIMONY,21726,476.95,-0.8,1.6,,74.0,88.0,NORMAL,N,0.0,8.007487520798716,24.022462562396147,0.0,0.0,15,0.0,25.0,25,0.0,0.0,20,0.0,20.0,N,,N,
08:23,SYMPHONY,24190,648.9,-0.79,1.57,,23.6,83.9,NORMAL,N,0.0,7.874015748031461,23.622047244094382,0.0,0.0,15,0.0,0.0,0.0,25,0.0,20,0.0,16.000000000000608,N,,N,
08:23,DEVYANI,5373,133.67,-0.79,1.57,,72.7,41.2,NORMAL,N,0.0,7.867587025903678,23.602761077711033,0.0,0.0,15,0.0,4.1426785358312275,25,0.0,20,0.0,0.0,14.166666666667457,N,,N,
08:23,PATANJALI,17029,354.7,-0.78,1.57,,65.2,66.8,NORMAL,N,0.0,7.832167832167864,23.49650349650359,0.0,0.0,15,0.0,16.71158384071437,25,0.0,0.0,20,0.0,7.2727272727267085,N,,N,
08:23,PVRINOX,13147,1147.0,-0.78,1.56,,35.6,68.6,NORMAL,N,0.0,7.7854671280276815,23.356401384083043,0.0,0.0,15,0.0,0.7790814342310469,0.0,25,0.0,20,11.428571428570036,0.0,N,,N,
08:23,TECHNOE,6445,1058.0,-0.77,1.55,,23.2,67.7,NORMAL,N,0.0,7.737397420867527,23.21219226260258,0.0,0.0,15,0.0,0.0,0.0,25,0.0,20,0.0,0.0,N,,N,
08:23,NTPC,11630,339.9,-0.76,1.52,,73.5,42.8,NORMAL,N,0.0,7.591240875912474,22.773722627737424,0.0,0.0,15,0.0,5.7028117447366045,25,0.0,20,0.0,0.0,14.545454545453417,N,,N,
08:23,TATAINVEST,1621,688.45,-0.75,1.5,,35.6,78.7,NORMAL,N,0.0,7.4965760830388986,22.489728249116695,0.0,0.0,15,0.0,11.215254997757306,0.0,25,0.0,20,1.9354838709675053,0.0,N,,N,
08:23,CONCOR,4749,501.5,-0.73,1.46,,33.4,92.0,NORMAL,N,0.0,7.323832145684855,21.97149643705456,0.0,0.0,15,0.0,11.388490803846187,0.0,25,0.0,20,0.0,13.333333333333528,N,,N,
08:23,COALINDIA,20374,412.25,-0.72,1.44,,61.2,50.1,NORMAL,N,0.0,7.224563515954244,21.673690547862734,0.0,0.0,15,0.0,7.900099397660447,25,0.0,0.0,20,6.66666666666414,0.0,N,,N,
08:23,UNIONBANK,10753,182.29,-0.71,1.43,,27.5,71.1,NORMAL,N,0.0,7.135076252723323,21.405228758169972,0.0,0.0,15,0.0,3.9163568741410435,0.0,25,0.0,20,2.222222222220117,0.0,N,,N,
08:23,SANDHAR,2397,661.9,-0.71,1.43,,29.8,84.6,NORMAL,N,0.0,7.125178129453237,21.37553438835971,0.0,0.0,15,0.0,8.429073817743827,0.0,25,0.0,20,0.0,9.032258064516318,N,,N,
08:23,TORNTPOWER,13786,1341.2,-0.71,1.42,,21.3,87.1,NORMAL,N,0.0,7.10689961504287,21.320698845128614,0.0,0.0,15,0.0,0.0,0.0,25,0.0,20,0.0,20.0,N,,N,
08:23,IREDA,20261,118.95,-0.71,1.42,,45.2,76.6,NORMAL,N,0.0,7.095158597662724,21.285475792988173,0.0,0.0,15,0.0,9.492188159550768,0.0,25,0.0,20,14.44444444444497,0.0,N,,N,
08:23,DIAMONDYD,21840,1218.7,-0.71,1.42,,21.3,67.1,NORMAL,N,0.0,7.088153821085257,21.26446146325577,0.0,0.0,15,0.0,0.0,0.0,25,0.0,20,0.0,0.0,N,,N,
08:23,FDC,4898,367.25,-0.69,1.38,,68.4,69.1,NORMAL,N,0.0,6.8956192536506515,20.686857760951955,0.0,0.0,15,0.0,22.251026443982518,0.0,25,20,0.0,5.454545454546582,0.0,N,,N,
08:23,ITDC,19299,697.0,-0.68,1.35,,31.2,76.6,NORMAL,N,0.0,6.768792304951907,20.30637691485572,0.0,0.0,15,0.0,9.830552483689804,0.0,25,0.0,20,1.025641025641235,0.0,N,,N,
08:23,RELIANCE,2885,1325.8,-0.67,1.35,,31.7,71.0,NORMAL,N,0.0,6.742583158525623,20.227749475576868,0.0,0.0,15,0.0,4.211515050615455,0.0,25,0.0,20,7.2727272727267085,0.0,N,,N,
08:23,ASHOKLEY,212,176.31,-0.67,1.34,,35.7,88.3,NORMAL,N,0.0,6.704225352112663,20.11267605633799,0.0,0.0,15,0.0,15.589066748100988,0.0,25,0.0,20,0.0,5.9999999999990905,N,,N,
08:23,DRREDDY,881,1164.2,-0.67,1.33,,45.5,76.2,NORMAL,N,0.0,6.65529010238904,19.96587030716712,0.0,0.0,15,0.0,9.508393698399232,0.0,25,0.0,20,16.000000000000608,0.0,N,,N,
08:23,EXIDEIND,676,486.75,-0.66,1.33,,60.9,49.3,NORMAL,N,0.0,6.63265306122449,19.897959183673468,0.0,0.0,15,0.0,7.651319264645558,25,0.0,0.0,20,8.333333333333806,0.0,N,,N,
08:23,GICRE,277,354.85,-0.66,1.32,,29.0,69.2,NORMAL,N,0.0,6.578947368420957,19.736842105262873,0.0,0.0,15,0.0,2.6439342912281116,0.0,25,0.0,20,6.666666666661614,0.0,N,,N,
08:23,HUDCO,20825,199.75,-0.64,1.28,,39.0,71.7,NORMAL,N,0.0,6.416633505769956,19.249900517309868,0.0,0.0,15,0.0,5.314746966190522,0.0,25,0.0,20,14.400000000000546,0.0,N,,N,
08:23,TEXRAIL,21828,108.09,-0.63,1.27,,34.5,73.2,NORMAL,N,0.0,6.343077771649179,19.02923331494754,0.0,0.0,15,0.0,6.893624387996325,0.0,25,0.0,20,8.571428571428571,0.0,N,,N,
08:23,JIOFIN,18143,255.2,-0.62,1.25,,42.6,70.2,NORMAL,N,0.0,6.230529595015665,18.691588785046996,0.0,0.0,15,0.0,3.9554656101112946,0.0,25,0.0,20,20.0,0.0,N,,N,
08:23,SBICARD,17971,654.9,-0.62,1.24,,78.7,21.2,NORMAL,N,0.0,6.221547799696545,18.66464339908963,0.0,0.0,15,0.0,0.0,25,0.0,20,0.0,14.999999999999684,0.0,N,,N,
08:23,LGEINDIA,760213,1560.9,-1.61,3.23,,40.9,92.4,NORMAL,N,0.0,16.13614875512128,30.0,0.0,0.0,15,0.0,10.891567301209509,0.0,25,0.0,20,0.0,5.33333333333303,N,,N,
08:23,HINDZINC,1424,599.35,-0.61,1.21,,18.2,81.1,NORMAL,N,0.0,6.053067993366463,18.15920398009939,0.0,0.0,15,0.0,0.0,0.0,25,0.0,20,0.0,14.99999999999929,N,,N,
08:23,GMRAIRPORT,13528,106.58,-0.58,1.16,,73.5,52.0,NORMAL,N,0.0,5.783582089552281,17.350746268656845,0.0,0.0,15,0.0,11.188364243666594,25,0.0,0.0,20,20.0,0.0,Y,NONRESULTS,N,
08:23,GODREJIND,10925,1304.0,-0.57,1.14,,62.2,27.0,NORMAL,N,0.0,5.718642775447961,17.155928326343883,0.0,0.0,15,0.0,0.0,25,0.0,20,0.0,0.0,6.315789473682951,N,,N,
08:23,ICICIPRULI,18652,498.2,-0.57,1.14,,64.1,34.7,NORMAL,N,0.0,5.688055084322967,17.064165252968902,0.0,0.0,15,0.0,2.0109800198079486,25,0.0,20,0.0,0.0,11.999999999998181,N,,N,
08:23,RSYSTEMS,13414,246.45,-0.56,1.13,,37.7,56.4,NORMAL,N,0.0,5.648577768811805,16.945733306435415,0.0,0.0,15,0.0,0.73665077894355,0.0,25,20,0.0,0.0,9.999999999997158,N,,N,
08:23,AMBUJACEM,1270,431.6,-0.55,1.11,,30.0,75.3,NORMAL,N,0.0,5.52995391705064,16.58986175115192,0.0,0.0,15,0.0,9.778401471877855,0.0,25,0.0,20,3.636363636362321,0.0,N,,N,
08:23,MAITHANALL,24538,968.0,-0.55,1.1,,31.0,90.4,NORMAL,N,0.0,5.496481224636588,16.489443673909765,0.0,0.0,15,0.0,14.499113834071679,0.0,25,0.0,20,0.0,10.434782608696253,N,,N,
08:23,AFFLE,11343,1620.1,-1.55,3.1,,43.6,84.1,NORMAL,N,0.0,15.495867768595042,30.0,0.0,0.0,15,0.0,8.569204332606377,0.0,25,0.0,20,4.999999999998782,0.0,N,,N,
08:23,ROSSARI,19410,511.2,-0.54,1.07,,63.7,23.0,NORMAL,N,0.0,5.350715050102259,16.052145150306778,0.0,0.0,15,0.0,2.6346522255922467,25,0.0,20,0.0,0.0,0.0,N,,N,
08:23,KIRLOSENG,20936,2129.0,-1.51,3.03,,88.8,38.8,NORMAL,N,0.0,15.126983392700108,30.0,0.0,0.0,15,0.0,8.645264560892144,25,0.0,20,0.0,5.1612903225790365,0.0,N,,N,
08:24,LICHSGFIN,1997,501.75,-0.5,0.99,,41.2,41.3,NORMAL,N,0.0,4.95785820525533,14.873574615765989,0.0,0.0,15,0.0,1.3405802609186954,25,0.0,0.0,20,0.0,0.0,N,,N,
08:24,ELGIEQUIP,937,585.55,-0.49,0.99,,86.3,28.9,NORMAL,N,0.0,4.928201206559759,14.78460361967928,0.0,0.0,15,0.0,8.987009658170454,25,0.0,20,0.0,17.499999999997158,0.0,N,,N,
08:24,LTFOODS,13816,425.45,-0.49,0.98,,35.0,80.1,NORMAL,N,0.0,4.911706233189154,14.735118699567462,0.0,0.0,15,0.0,15.217438887514788,0.0,25,0.0,20,4.999999999999527,0.0,N,,N,
08:24,ASTRAL,14418,1437.0,-0.48,0.97,,44.9,44.3,NORMAL,N,0.0,4.84764542936288,14.542936288088642,0.0,0.0,15,0.0,4.47767525261741,25,0.0,0.0,20,0.8333333333325438,0.0,N,,N,
08:24,RAMKY,20134,404.9,-0.48,0.96,,37.7,68.1,NORMAL,N,0.0,4.792921224038455,14.378763672115365,0.0,0.0,15,0.0,3.3349542233420326,0.0,25,20,0.0,0.0,20.0,N,,N,
08:24,ETERNAL,5097,313.5,-0.48,0.95,,19.7,80.1,NORMAL,N,0.0,4.761904761904763,14.285714285714286,0.0,0.0,15,0.0,5.385815305953917,0.0,25,0.0,20,0.0,10.0,N,,N,
08:24,INDIANB,14309,885.35,-0.47,0.93,,17.9,80.0,NORMAL,N,0.0,4.665542439572768,13.996627318718303,0.0,0.0,15,0.0,3.8661665516307613,0.0,25,0.0,20,0.0,11.42857142857112,N,,N,
08:24,HAVELLS,9819,1282.0,-0.47,0.93,,44.0,44.7,NORMAL,N,0.0,4.658385093167701,13.975155279503106,0.0,0.0,15,0.0,0.0,0.0,25,20,0.0,10.0,0.0,N,,N,
08:24,KFINTECH,13359,931.7,-0.46,0.92,,60.2,35.3,NORMAL,N,0.0,4.594017094017046,13.782051282051137,0.0,0.0,15,0.0,1.4538309315640336,25,0.0,20,0.0,0.0,14.285714285713357,N,,N,
08:24,AWL,8110,196.65,-0.43,0.86,,21.3,77.7,NORMAL,N,0.0,4.303797468354402,12.911392405063207,0.0,0.0,15,0.0,8.353668369751718,0.0,25,0.0,20,0.0,4.999999999996447,N,,N,
08:24,GABRIEL,1085,1493.8,-0.4,0.8,,14.5,74.6,NORMAL,N,0.0,4.000533404453928,12.001600213361783,0.0,0.0,15,0.0,2.479169042606037,0.0,25,0.0,20,0.0,8.148148148148023,N,,N,
08:24,GUJGASLTD,10599,264.25,-0.4,0.79,,44.8,48.5,NORMAL,N,0.0,3.9577836411609932,11.87335092348298,0.0,0.0,15,0.0,7.959798238802655,25,0.0,0.0,20,0.0,1.538461538461942,N,,N,
08:24,HOMEFIRST,2056,1189.3,-0.38,0.75,,61.1,24.3,NORMAL,N,0.0,3.769475624057631,11.308426872172893,0.0,0.0,15,0.0,4.760660495720382,25,0.0,20,0.0,0.0,0.7692307692300965,N,,N,
08:24,BPCL,526,319.8,-0.37,0.75,,62.1,33.0,NORMAL,N,0.0,3.73831775700931,11.21495327102793,0.0,0.0,15,0.0,5.879451880894968,25,0.0,20,0.0,0.0,8.333333333333018,N,,N,
08:24,PRICOLLTD,19631,735.15,-0.37,0.75,,11.2,63.7,NORMAL,N,0.0,3.726792248272124,11.180376744816371,0.0,0.0,15,0.0,0.0,0.0,25,0.0,20,0.0,0.0,N,,N,
08:24,ITCHOTELS,29251,170.04,-0.36,0.71,,17.3,82.9,NORMAL,N,0.0,3.5745678288896197,10.72370348666886,0.0,0.0,15,0.0,6.582634756968968,0.0,25,0.0,20,0.0,12.765957446809024,N,,N,
08:24,PUNJABCHEM,4344,1107.3,-0.34,0.68,,10.3,63.4,NORMAL,N,0.0,3.420034200341963,10.260102601025888,0.0,0.0,15,0.0,0.0,0.0,25,0.0,20,0.0,0.0,N,,N,
08:24,AUBANK,21238,1063.4,-0.34,0.67,,52.0,47.6,NORMAL,N,0.0,3.373945641986794,10.12183692596038,0.0,0.0,15,0.0,9.190166206362093,25,0.0,0.0,20,7.692307692306616,0.0,N,,N,
08:24,FEDERALBNK,1023,355.05,-0.34,0.67,,28.3,69.1,NORMAL,N,0.0,3.3684210526315472,10.105263157894642,0.0,0.0,15,0.0,5.740027424569714,0.0,25,0.0,20,12.50000000000071,0.0,N,,N,
08:24,INDOCO,11677,221.01,-0.32,0.65,,59.6,18.6,NORMAL,N,0.0,3.2471925314571726,9.741577594371517,0.0,0.0,15,0.0,0.39165673871301754,25,0.0,20,0.0,4.500000000000107,0.0,N,,N,
08:24,BIOCON,11373,425.0,-0.32,0.63,,32.6,75.5,NORMAL,N,0.0,3.1664125718307083,9.499237715492125,0.0,0.0,15,0.0,12.343550088173926,0.0,25,0.0,20,10.769230769230905,0.0,N,,N,
08:24,GENUSPOWER,11905,305.7,-0.31,0.62,,20.0,64.7,NORMAL,N,0.0,3.09799445622041,9.29398336866123,0.0,0.0,15,0.0,1.6294282538347038,0.0,25,0.0,20,9.090909090908903,0.0,N,,N,
08:24,SHARDACROP,4992,811.6,-0.3,0.6,,60.2,24.2,NORMAL,N,0.0,3.0096431423130423,9.028929426939126,0.0,0.0,15,0.0,6.163864455553749,25,0.0,20,0.0,0.0,0.0,N,,N,
08:24,DEEPAKNTR,19943,1774.3,-1.24,2.47,,40.5,75.7,NORMAL,N,0.0,12.357361536320647,30.0,0.0,0.0,15,0.0,3.355015346077001,0.0,25,0.0,20,7.179487179487478,0.0,N,,N,
08:24,TOKYOPLAST,9710,80.0,-1.23,2.47,,62.1,34.5,NORMAL,N,0.0,12.345679012345677,30.0,0.0,0.0,15,0.0,7.1428571428571415,25,0.0,0.0,0.0,0.0,0.0,N,,N,
08:24,ZODIACLOTH,3821,76.68,-1.22,2.45,,55.0,47.2,NORMAL,N,0.0,12.237537034651407,30.0,0.0,0.0,15,0.0,0.0,25,0.0,0.0,20,0.0,0.0,N,,N,
08:24,SUPREMEINF,15002,90.25,-1.21,2.43,,55.0,47.1,NORMAL,N,0.0,12.149737302977227,30.0,0.0,0.0,15,0.0,0.0,25,0.0,0.0,20,0.0,0.0,N,,N,
08:24,LLOYDSENGG,17801,95.8,-1.11,2.23,,31.0,78.8,NORMAL,N,0.0,11.14781172584639,30.0,0.0,0.0,15,0.0,0.9673433212222329,0.0,25,0.0,20,0.0,6.666666666666666,N,,N,
08:24,AUROPHARMA,275,1640.7,-1.04,2.09,,49.5,85.6,NORMAL,N,0.0,10.434258142340141,30.0,0.0,0.0,15,0.0,15.174333392156688,0.0,25,0.0,20,4.285714285715329,0.0,N,,N,
08:24,MASTEK,2124,1813.1,-1.03,2.06,,30.0,85.3,NORMAL,N,0.0,10.316593886462933,30.0,0.0,0.0,15,0.0,0.0,0.0,25,0.0,20,0.0,14.999999999998579,N,,N,
08:24,GLENMARK,7406,2255.8,-1.02,2.04,,34.6,72.6,NORMAL,N,0.0,10.223333772102903,30.0,0.0,0.0,15,0.0,2.422136595511588,0.0,25,0.0,20,2.16216216216276,0.0,N,,N,
08:24,TIMKEN,14198,3311.3,-0.95,1.9,,43.2,84.2,NORMAL,N,0.0,9.512129460680127,28.536388382040375,0.0,0.0,15,0.0,14.669349410031272,0.0,25,0.0,20,0.0,0.0,N,,N,
08:24,RAINBOW,9408,1541.9,-0.95,1.9,,61.9,62.9,NORMAL,N,0.0,9.507291064431138,28.521873193293416,0.0,0.0,15,0.0,8.385052523323152,25,0.0,0.0,20,0.0,10.0,N,,N,
08:24,ZFCVINDIA,16915,2614.2,-0.87,1.74,,71.2,23.7,NORMAL,N,0.0,8.721371151220993,26.164113453662978,0.0,0.0,15,0.0,0.0,25,0.0,20,0.0,0.0,0.0,N,,N,
08:24,COLPAL,15141,2012.5,-0.86,1.72,,28.4,87.5,NORMAL,N,0.0,8.620689655172413,25.86206896551724,0.0,0.0,15,0.0,2.547110340278257,0.0,25,0.0,20,0.0,16.363636363639372,N,,N,
08:24,ADANIPORTS,15083,1680.0,-0.8,1.59,,69.6,76.8,NORMAL,Y,0.0,7.971656333038088,23.91496899911426,0.0,0.0,15,0.0,20.701929647138194,25,0.0,0.0,20,0.0,13.103448275862286,N,,N,
08:24,MANKIND,15380,2437.9,-0.74,1.47,,53.4,52.3,NORMAL,N,0.0,7.369706840390842,22.109120521172525,0.0,0.0,15,0.0,6.267656719823374,25,0.0,0.0,20,0.0,3.7037037037039533,N,,N,
08:24,JAGRAN,13211,63.0,-0.72,1.45,,36.3,81.8,NORMAL,N,0.0,7.248660573589676,21.745981720769027,0.0,0.0,15,0.0,14.524200460264314,0.0,25,0.0,20,0.0,0.0,N,,N,
08:24,BAJAJHFL,25270,85.17,-0.72,1.45,,81.1,34.5,NORMAL,N,0.0,7.22694952791706,21.680848583751178,0.0,0.0,15,0.0,12.233735685089178,25,0.0,20,0.0,2.222222222220117,0.0,N,,N,
08:24,MOREPENLAB,2259,79.69,-0.7,1.4,,26.4,75.5,NORMAL,N,0.0,6.978193146417474,20.93457943925242,0.0,0.0,15,0.0,5.474451337401246,0.0,25,0.0,20,0.0,3.0769230769225726,N,,N,
08:24,BHARTIARTL,10604,1947.6,-0.63,1.26,,67.5,21.4,NORMAL,N,0.0,6.275830399510272,18.827491198530815,0.0,0.0,15,0.0,0.08457732987592655,25,0.0,20,0.0,3.6363636363598784,0.0,N,,N,
08:24,IDBI,1476,83.72,-0.59,1.19,,44.5,74.8,NORMAL,N,0.0,5.936832106388032,17.810496319164095,0.0,0.0,15,0.0,8.89738677351925,0.0,25,0.0,20,17.777777777776723,0.0,N,,N,
08:24,NESTLEIND,17963,1531.2,-0.57,1.14,,27.7,69.6,NORMAL,N,0.0,5.714285714285685,17.142857142857054,0.0,0.0,15,0.0,3.842491563543287,0.0,25,0.0,20,6.666666666670035,0.0,N,,N,
08:24,COCHINSHIP,21508,1511.1,-0.57,1.13,,31.0,65.7,NORMAL,N,0.0,5.659011647035689,16.977034941107068,0.0,0.0,15,0.0,0.0,0.0,25,0.0,20,14.00000000000091,0.0,N,,N,
08:24,WELCORP,11821,1830.5,-0.51,1.01,,30.6,74.6,NORMAL,N,0.0,5.054897271442525,15.164691814327574,0.0,0.0,15,0.0,9.560662894871381,0.0,25,0.0,20,5.88235294117651,0.0,N,,N,
08:24,COROMANDEL,739,2060.0,-0.45,0.9,,70.8,19.5,NORMAL,N,0.0,4.49427342579625,13.482820277388752,0.0,0.0,15,0.0,0.0,25,0.0,20,0.0,12.307692307697689,0.0,N,,N,
08:24,DOMS,20551,2251.2,-0.42,0.83,,70.1,24.7,NORMAL,N,0.0,4.158188091657122,12.474564274971367,0.0,0.0,15,0.0,5.496772581725941,25,0.0,20,0.0,7.142857142856679,0.0,N,,N,
08:24,TCS,11536,2442.9,-0.4,0.8,,12.4,75.9,NORMAL,N,0.0,3.995596689362632,11.986790068087895,0.0,0.0,15,0.0,0.4611671390818417,0.0,25,0.0,20,0.0,11.42857142857019,N,,N,
08:24,NBCC,31415,94.96,-0.39,0.78,,34.8,47.1,NORMAL,N,0.0,3.881254589321353,11.643763767964058,0.0,0.0,15,0.0,3.180916329780701,0.0,25,20,0.0,0.0,0.0,N,,N,
08:24,SUPREMEIND,3363,3464.0,-0.37,0.75,,61.6,22.8,NORMAL,N,0.0,3.7388553350589593,11.216566005176878,0.0,0.0,15,0.0,4.033994388706961,25,0.0,20,0.0,1.3333333333351525,0.0,N,,N,
08:24,PINELABS,759820,162.65,5.32,10.63,,125.1,21.6,NORMAL,Y,30.0,0.0,30.0,0.0,15,0.0,0.0,5.102297505575897,25,0.0,20,0.0,0.0,16.455696202531236,N,,N,
08:24,NELCO,2388,999.0,4.18,8.36,,145.5,5.5,NORMAL,Y,30.0,0.0,30.0,0.0,15,0.0,0.0,5.507696527050494,25,0.0,20,0.0,20.0,0.0,N,,N,
08:24,SUPRAJIT,11689,537.2,2.95,5.9,,79.6,64.7,NORMAL,N,29.513223457263496,0.0,30.0,0.0,15,0.0,0.0,5.1129061848536415,0.0,25,0.0,20,0.0,14.545454545455485,N,,N,
08:24,NEWGEN,1164,566.9,2.89,5.77,,120.7,11.1,NORMAL,N,28.856624319419197,0.0,30.0,0.0,15,0.0,0.0,1.8081408274327513,25,0.0,20,0.0,0.0,9.33333333333394,N,,N,
08:24,RAYMOND,2859,631.4,2.68,5.35,,138.1,4.5,NORMAL,N,26.750142287990784,0.0,30.0,0.0,15,0.0,0.0,4.539801281196885,25,0.0,20,0.0,16.842105263158523,0.0,N,,N,
08:37,ZENITHEXPO,4176,236.2,9.09,18.19,,115.0,25.0,NORMAL,Y,30.0,0.0,30.0,0.0,15,0.0,0.0,0.0,0.0,25,20,0.0,20.0,0.0,N,,N,
08:37,SHILPAMED,17752,809.9,6.6,13.2,,154.9,14.9,NORMAL,Y,30.0,0.0,30.0,0.0,15,0.0,0.0,14.901770869871925,25,0.0,20,0.0,20.0,0.0,N,,N,
08:37,HISARMETAL,19322,161.4,6.17,12.34,,114.9,34.9,NORMAL,Y,30.0,0.0,30.0,0.0,15,0.0,0.0,14.85150196618311,25,0.0,0.0,20,0.0,0.0,Y,NONRESULTS,N,
08:37,EBGNG,757862,557.15,5.99,11.99,,143.8,8.9,NORMAL,Y,30.0,0.0,30.0,0.0,15,0.0,0.0,8.850788547555286,25,0.0,20,0.0,14.93333333333309,0.0,N,,N,
08:37,PDSL,5264,382.95,5.83,11.66,,136.8,6.0,NORMAL,Y,30.0,0.0,30.0,0.0,15,0.0,0.0,6.0392632441209075,25,0.0,20,0.0,10.7692307692305,0.0,Y,NONRESULTS,N,
08:37,PINELABS,759820,162.62,5.3,10.59,,120.0,0.0,NORMAL,Y,30.0,0.0,30.0,0.0,15,0.0,0.0,0.02338699968110203,25,0.0,20,0.0,0.0,0.0,N,,N,
08:37,HCG,15555,711.25,5.24,10.48,,125.7,23.2,NORMAL,Y,30.0,0.0,30.0,0.0,15,0.0,0.0,5.718166129745795,25,0.0,20,0.0,0.0,17.50000000000213,N,,N,
08:37,TRIVENI,13081,245.4,5.22,10.45,,101.1,41.4,NORMAL,Y,30.0,0.0,30.0,0.0,15,0.0,0.0,6.061785288195593,0.0,25,20,0.0,0.0,10.294117647058982,N,,N,
08:37,RAMCOSYS,7851,669.75,4.99,9.99,,120.0,0.0,NORMAL,N,30.0,0.0,30.0,0.0,15,0.0,0.0,0.0,25,0.0,20,0.0,0.0,0.0,N,,N,
08:37,NELCO,2388,1004.7,4.78,9.55,,120.2,1.0,NORMAL,Y,30.0,0.0,30.0,0.0,15,0.0,0.0,0.19490151150537904,25,0.0,20,0.0,0.0,0.8000000000001819,N,,N,
08:37,BRIGADE,15184,609.35,4.71,9.42,,138.8,0.0,NORMAL,Y,30.0,0.0,30.0,0.0,15,0.0,0.0,0.0,25,0.0,20,0.0,18.823529411765648,0.0,N,,N,
08:37,NAUKRI,13751,1281.4,4.58,9.16,,130.1,7.6,NORMAL,Y,30.0,0.0,30.0,0.0,15,0.0,0.0,7.594431689039006,25,0.0,20,0.0,2.4999999999997633,0.0,N,,N,
08:37,MAXESTATES,19646,414.8,4.46,8.91,,120.0,0.0,NORMAL,Y,30.0,0.0,30.0,0.0,15,0.0,0.0,0.0,25,0.0,20,0.0,0.0,0.0,N,,N,
08:37,BECTORFOOD,1628,234.35,4.43,8.87,,120.0,10.9,NORMAL,Y,30.0,0.0,30.0,0.0,15,0.0,0.0,0.0,25,0.0,20,0.0,0.0,10.909090909090086,N,,N,
08:37,ABDL,24308,623.85,4.11,8.21,,122.6,9.2,NORMAL,N,30.0,0.0,30.0,0.0,15,0.0,0.0,2.571805782793154,25,0.0,20,0.0,0.0,6.666666666666666,N,,N,
08:37,MAHSEAMLES,2088,613.35,4.01,8.02,,132.7,3.6,NORMAL,Y,30.0,0.0,30.0,0.0,15,0.0,0.0,3.570775756001728,25,0.0,20,0.0,9.090909090908903,0.0,N,,N,
08:37,IONEXCHANG,1630,386.5,4.01,8.02,,120.7,4.0,NORMAL,N,30.0,0.0,30.0,0.0,15,0.0,0.0,0.6695908517484989,25,0.0,20,0.0,0.0,3.333333333333965,N,,Y,NONRESULTS
08:37,VISAKAIND,4221,102.66,3.99,7.98,,144.9,10.3,NORMAL,N,30.0,0.0,30.0,0.0,15,0.0,0.0,10.335035769723087,25,0.0,20,0.0,14.54545454545431,0.0,N,,N,
08:37,UNICHEMLAB,3579,508.8,3.89,7.78,,124.9,24.9,NORMAL,N,30.0,0.0,30.0,0.0,15,0.0,0.0,4.903755743954277,25,0.0,20,0.0,0.0,20.0,N,,N,
08:37,HFCL,21951,215.85,3.78,7.57,,131.4,9.4,NORMAL,N,30.0,0.0,30.0,0.0,15,0.0,0.0,9.445041183493494,25,0.0,20,0.0,1.9999999999995737,0.0,N,,N,
08:37,FINCABLES,1038,1056.45,3.1,6.21,,118.1,32.5,NORMAL,N,30.0,0.0,30.0,0.0,15,0.0,0.0,7.501738912095633,0.0,25,20,0.0,15.555555555556303,0.0,N,,N,
08:37,RHIM,31163,425.55,3.09,6.18,,103.1,26.7,NORMAL,N,30.0,0.0,30.0,0.0,15,0.0,0.0,1.706087685684548,0.0,25,20,0.0,6.363636363636646,0.0,N,,N,
08:37,OIL,17438,456.25,3.04,6.07,,130.6,29.4,NORMAL,N,30.0,0.0,30.0,0.0,15,0.0,0.0,10.611569178091846,25,0.0,20,0.0,0.0,18.750000000001066,N,,N,
08:37,JUBLPHARMA,3637,958.7,2.86,5.73,,133.0,17.7,NORMAL,Y,28.648068669527945,0.0,30.0,0.0,15,0.0,0.0,14.354925523997112,25,0.0,20,0.0,0.0,3.333333333333965,N,,N,
08:37,THYROCARE,17032,620.1,2.79,5.59,,120.7,4.8,NORMAL,N,27.93203481143808,0.0,30.0,0.0,15,0.0,0.0,2.766368039251942,25,0.0,20,0.0,0.0,1.999999999998181,N,,N,
08:37,KSB,1949,805.3,2.68,5.37,,106.5,25.0,NORMAL,N,26.840930825629528,0.0,30.0,0.0,15,0.0,0.0,0.0,0.0,25,20,0.0,14.666666666665453,0.0,N,,N,
08:37,DLF,14732,659.1,2.66,5.33,,139.9,7.3,NORMAL,N,26.635514018691627,0.0,30.0,0.0,15,0.0,0.0,7.294783442785241,25,0.0,20,0.0,16.000000000001364,0.0,N,,N,
08:37,RAYMOND,2859,631.2,2.64,5.28,,127.2,0.4,NORMAL,N,26.424912594519878,0.0,30.0,0.0,15,0.0,0.0,0.3805134030167698,25,0.0,20,0.0,10.37037037037087,0.0,N,,N,
08:37,EPACKPEB,759251,252.75,2.62,5.24,,134.8,6.6,NORMAL,N,26.18757612667474,0.0,30.0,0.0,15,0.0,0.0,6.636847377727831,25,0.0,20,0.0,11.999999999999698,0.0,N,,N,
08:37,SCHNEIDER,31234,1389.9,2.59,5.18,,145.8,9.9,NORMAL,Y,25.907883082373885,0.0,30.0,0.0,15,0.0,0.0,9.91751982128558,25,0.0,20,0.0,20.0,0.0,N,,N,
08:37,SHALBY,714,164.19,2.56,5.12,,132.8,0.0,NORMAL,N,25.610594040851982,0.0,30.0,0.0,15,0.0,0.0,0.0,25,0.0,20,0.0,17.14285714285134,0.0,N,,N,
08:37,NEWGEN,1164,565.0,2.54,5.08,,131.8,1.0,NORMAL,N,25.40834845735027,0.0,30.0,0.0,15,0.0,0.0,0.9965597805923607,25,0.0,20,0.0,15.384615384615923,0.0,N,,N,
08:37,GOCOLORS,6964,330.2,2.53,5.06,,120.4,21.0,NORMAL,N,25.306629405371766,0.0,30.0,0.0,15,0.0,0.0,5.043439252197995,25,0.0,20,0.0,0.0,15.99999999999909,N,,N,
08:37,TIPSMUSIC,9117,661.45,2.49,4.99,,114.9,0.0,NORMAL,N,24.947702796931935,0.0,30.0,0.0,15,0.0,0.0,0.0,25,0.0,20,0.0,0.0,0.0,N,,N,
08:37,HSCL,14334,770.8,2.41,4.82,,121.6,0.0,NORMAL,N,24.114794393144194,0.0,30.0,0.0,15,0.0,0.0,0.0,25,0.0,20,0.0,7.4999999999992895,0.0,N,,N,
08:37,RAMCOCEM,2043,955.3,2.3,4.6,,68.0,59.8,NORMAL,N,23.024202184621974,0.0,30.0,0.0,15,0.0,0.0,0.0,0.0,25,0.0,20,0.0,14.814814814814564,N,,N,
08:37,SAREGAMA,4892,530.85,2.24,4.49,,128.3,13.5,NORMAL,N,22.438366718027687,0.0,30.0,0.0,15,0.0,0.0,13.504461709918466,25,0.0,20,0.0,2.3529411764710604,0.0,N,,N,
08:37,TATACONSUM,3432,1106.2,2.21,4.42,,125.7,6.4,NORMAL,N,22.082601866395724,0.0,30.0,0.0,15,0.0,0.0,6.429371138770841,25,0.0,20,0.0,7.142857142857839,0.0,N,,N,
08:37,LXCHEM,2841,179.48,2.19,4.37,,121.8,7.9,NORMAL,N,21.862901389205213,0.0,30.0,0.0,15,0.0,0.0,7.911753080698565,25,0.0,20,0.0,2.0000000000008527,0.0,N,,N,
08:37,SUPRAJIT,11689,532.55,2.06,4.12,,92.1,64.8,NORMAL,N,20.60176312763511,0.0,30.0,0.0,15,0.0,0.0,19.827680971951693,0.0,25,0.0,20,6.666666666666035,0.0,N,,N,
08:37,BALRAMCHIN,341,646.4,2.04,4.09,,125.5,5.0,NORMAL,N,20.443602494277258,0.0,30.0,0.0,15,0.0,0.0,5.027175477963743,25,0.0,20,0.0,10.000000000000874,0.0,N,,N,
08:37,ABMKNO,762528,190.0,2.04,4.07,,85.4,25.0,NORMAL,N,20.353364480962313,0.0,30.0,0.0,15,0.0,0.0,0.0,0.0,25,20,0.0,0.0,0.0,N,,N,
08:37,MONTECARLO,5938,509.85,2.03,4.06,,115.1,34.7,NORMAL,N,20.312187312387497,0.0,30.0,0.0,15,0.0,0.0,9.737949096028146,0.0,25,20,0.0,20.0,0.0,N,,N,
08:37,ANTHEM,757885,857.95,2.02,4.03,,98.0,25.2,NORMAL,N,20.15457788347211,0.0,30.0,0.0,15,0.0,0.0,0.187081266384551,0.0,25,20,0.0,12.631578947369807,0.0,N,,N,
08:37,KNRCON,15283,142.8,2.01,4.01,,87.7,49.3,NORMAL,N,20.072862347310537,0.0,30.0,0.0,15,0.0,0.0,4.2535032839412,0.0,25,0.0,20,18.333333333333332,0.0,N,,N,
08:37,PIXTRANS,9087,2011.2,17.12,34.24,,131.2,17.2,NORMAL,Y,30.0,0.0,30.0,0.0,15,0.0,0.0,11.239076596022414,25,0.0,20,0.0,0.0,5.979381443299129,N,,N,
08:37,PAYTM,6705,1577.5,9.43,18.85,,122.4,6.6,NORMAL,Y,30.0,0.0,30.0,0.0,15,0.0,0.0,2.444074736663078,25,0.0,20,0.0,0.0,4.137931034482001,N,,N,
08:37,GRASIM,1232,3399.1,5.56,11.12,,142.1,7.8,NORMAL,Y,30.0,0.0,30.0,0.0,15,0.0,0.0,7.784972806720954,25,0.0,20,0.0,14.33333333333394,0.0,N,,N,
08:37,BEML,395,1881.4,5.24,10.47,,90.7,49.2,NORMAL,Y,30.0,0.0,30.0,0.0,15,0.0,0.0,4.162942844066859,0.0,25,0.0,20,11.499999999999773,0.0,N,,N,
08:37,MCX,31181,2765.8,4.84,9.69,,120.0,3.6,NORMAL,Y,30.0,0.0,30.0,0.0,15,0.0,0.0,0.0,25,0.0,20,0.0,0.0,3.6363636363636367,N,,N,
08:37,JAIBALAJI,14076,68.47,4.36,8.72,,123.6,5.5,NORMAL,Y,30.0,0.0,30.0,0.0,15,0.0,0.0,3.6476095020290136,25,0.0,20,0.0,0.0,1.8181818181814657,N,,N,
08:37,M&M,2031,3515.9,3.23,6.45,,81.1,54.6,NORMAL,N,30.0,0.0,30.0,0.0,15,0.0,0.0,6.0674310706806285,0.0,25,0.0,20,0.0,3.5000000000013642,N,,N,
08:37,RATNAMANI,13451,2267.3,3.17,6.34,,85.6,45.0,NORMAL,N,30.0,0.0,30.0,0.0,15,0.0,0.0,0.0,0.0,25,0.0,20,10.612244897958616,0.0,N,,N,
08:37,LENSKART,759605,581.05,1.99,3.98,,84.9,27.5,NORMAL,N,19.922766368263837,0.0,30.0,0.0,15,0.0,0.0,0.0,0.0,25,20,0.0,0.0,2.5000000000007105,N,,N,
08:37,LTF,24948,314.1,1.98,3.96,,122.7,8.7,NORMAL,N,19.805194805194876,0.0,30.0,0.0,15,0.0,0.0,8.6543376496732,25,0.0,20,0.0,4.285714285713706,0.0,N,,N,
08:37,IFCI,1491,76.15,2.93,5.87,,130.7,3.8,NORMAL,N,29.33225195998921,0.0,30.0,0.0,15,0.0,0.0,3.849218650526767,25,0.0,20,0.0,7.500000000000444,0.0,N,,N,
08:37,KAJARIACER,1808,1189.8,1.93,3.86,,82.5,47.9,NORMAL,N,19.27525057825752,0.0,30.0,0.0,15,0.0,0.0,2.9087946808965497,0.0,25,0.0,20,15.294117647059926,0.0,N,,N,
08:37,VEDL,3063,284.2,1.92,3.84,,127.0,2.8,NORMAL,N,19.185942262865215,0.0,30.0,0.0,15,0.0,0.0,2.7909617459070395,25,0.0,20,0.0,14.999999999999051,0.0,N,,N,
08:37,SOUTHWEST,9678,236.49,1.91,3.82,,116.5,27.4,NORMAL,N,19.08989054554859,0.0,30.0,0.0,15,0.0,0.0,7.393426688976485,25,0.0,20,0.0,0.0,20.0,N,,N,
08:37,BALKRISIND,335,2537.8,2.9,5.8,,127.6,12.8,NORMAL,N,28.990795929124598,0.0,30.0,0.0,15,0.0,0.0,8.593791911617458,25,0.0,20,0.0,0.0,4.166666666666509,N,,N,
08:37,JSWINFRA,19020,342.1,1.89,3.78,,109.8,0.8,NORMAL,N,18.912881608339607,0.0,30.0,0.0,15,0.0,0.0,0.8447546841382452,25,0.0,20,0.0,0.0,0.0,N,,N,
08:37,BORORENEW,3149,559.0,1.89,3.77,,91.5,60.2,NORMAL,N,18.86448555545434,0.0,30.0,0.0,15,0.0,0.0,15.17183487734953,0.0,25,0.0,20,12.413793103447572,0.0,N,,N,
08:37,HEG,1336,686.6,1.87,3.74,,131.7,3.0,NORMAL,N,18.69436201780419,0.0,30.0,0.0,15,0.0,0.0,3.0358492540484208,25,0.0,20,0.0,20.0,0.0,N,,N,
08:37,TEJASNET,21131,523.0,1.86,3.72,,125.9,17.3,NORMAL,N,18.599668906417282,0.0,30.0,0.0,15,0.0,0.0,17.269170924102813,25,0.0,20,0.0,0.0,0.0,N,,N,
08:37,IIFL,11809,623.0,1.84,3.68,,119.2,16.3,NORMAL,N,18.389865140988963,0.0,30.0,0.0,15,0.0,0.0,10.764351876038692,25,0.0,20,0.0,0.0,5.555555555555696,N,,N,
08:37,BLS,17279,259.0,1.84,3.67,,97.8,20.0,NORMAL,N,18.361970668029674,0.0,30.0,0.0,15,0.0,0.0,0.0,25,0.0,0.0,20,9.473684210525791,0.0,N,,N,
08:37,JKPAPER,11860,394.0,1.8,3.59,,108.0,6.7,NORMAL,N,17.956336390647174,0.0,30.0,0.0,15,0.0,0.0,0.0,25,0.0,20,0.0,0.0,6.66666666666793,N,,N,
08:37,JKIL,15266,507.85,1.79,3.59,,123.4,23.5,NORMAL,N,17.939466827019533,0.0,30.0,0.0,15,0.0,0.0,15.455330349701068,25,0.0,20,0.0,0.0,7.999999999999545,N,,N,
08:37,APCL,20453,103.96,1.78,3.56,,82.8,25.0,NORMAL,N,17.818680242803925,0.0,30.0,0.0,15,0.0,0.0,0.0,0.0,25,20,0.0,0.0,0.0,N,,N,
08:37,METROPOLIS,9581,573.1,1.76,3.52,,107.6,0.0,NORMAL,N,17.578124999999957,0.0,30.0,0.0,15,0.0,0.0,0.0,25,0.0,20,0.0,0.0,0.0,N,,N,
08:37,JUBLFOOD,18096,495.05,1.76,3.51,,119.5,5.9,NORMAL,N,17.574511819116157,0.0,30.0,0.0,15,0.0,0.0,5.928794861155899,25,0.0,20,0.0,6.000000000000227,0.0,N,,N,
08:37,GRINFRA,5054,886.0,1.76,3.51,,125.8,2.6,NORMAL,N,17.572068450671818,0.0,30.0,0.0,15,0.0,0.0,2.5899256954416376,25,0.0,20,0.0,15.624999999999778,0.0,N,,N,
08:37,SHRIRAMFIN,4306,1134.5,1.75,3.5,,138.5,14.9,NORMAL,N,17.48878923766816,0.0,30.0,0.0,15,0.0,0.0,14.881104010120621,25,0.0,20,0.0,16.111111111112024,0.0,N,,N,
08:37,SESHAPAPER,3066,233.2,1.74,3.48,,124.0,36.5,NORMAL,N,17.407617468696746,0.0,30.0,0.0,15,0.0,0.0,16.546604662837616,25,0.0,20,0.0,0.0,20.0,N,,N,
08:37,GLAND,1186,2672.1,2.73,5.47,,119.5,1.4,NORMAL,N,27.335640138408273,0.0,30.0,0.0,15,0.0,0.0,1.355374939436902,25,0.0,20,0.0,0.7843137254912801,0.0,N,,N,
08:37,VARROC,3857,825.25,1.73,3.46,,101.7,32.2,NORMAL,N,17.320019723865823,0.0,30.0,0.0,15,0.0,0.0,7.195273946508367,0.0,25,20,0.0,12.195121951219782,0.0,N,,N,
08:37,JINDALSTEL,6733,1122.0,1.72,3.45,,101.8,28.2,NORMAL,N,17.225747960108794,0.0,30.0,0.0,15,0.0,0.0,3.1667667191226023,0.0,25,20,0.0,16.363636363635614,0.0,N,,N,
08:37,TATASTEEL,3499,190.78,1.72,3.44,,80.8,45.7,NORMAL,N,17.22207411356966,0.0,30.0,0.0,15,0.0,0.0,0.7248077400451581,0.0,25,0.0,20,17.894736842105658,0.0,N,,N,
08:37,MAHLOG,385,409.5,1.69,3.38,,90.5,53.6,NORMAL,N,16.88601936925754,0.0,30.0,0.0,15,0.0,0.0,8.636668885436547,0.0,25,0.0,20,20.0,0.0,N,,N,
08:37,GNFC,1174,544.45,1.67,3.34,,130.9,4.2,NORMAL,N,16.71335200746974,0.0,30.0,0.0,15,0.0,0.0,4.2065092458628515,25,0.0,20,0.0,20.0,0.0,N,,N,
08:37,MEDANTA,11956,1479.9,1.67,3.34,,111.3,17.4,NORMAL,N,16.694146743611007,0.0,30.0,0.0,15,0.0,0.0,4.622169543215229,25,0.0,20,0.0,0.0,12.800000000001091,N,,N,
08:37,VIPIND,3703,320.1,1.62,3.24,,117.2,31.0,NORMAL,N,16.190476190476264,0.0,30.0,0.0,15,0.0,0.0,11.026361388914472,25,0.0,0.0,20,20.0,0.0,N,,N,
08:37,JSWENERGY,17869,573.45,1.6,3.21,,126.3,34.9,NORMAL,N,16.034727143869716,0.0,30.0,0.0,15,0.0,0.0,20.282033517208074,25,0.0,20,0.0,0.0,14.615384615384547,N,,N,
08:37,GROWW,759806,193.55,1.6,3.2,,111.7,22.4,NORMAL,N,16.010498687664104,0.0,30.0,0.0,15,0.0,0.0,5.700979841569012,25,0.0,20,0.0,0.0,16.666666666666035,N,,N,
08:37,BAJFINANCE,317,1094.8,1.56,3.12,,139.1,18.5,NORMAL,N,15.584415584415543,0.0,30.0,0.0,15,0.0,0.0,18.525449034944906,25,0.0,20,0.0,15.0,0.0,N,,N,
08:37,SHREEPUSHK,10588,413.0,1.45,2.9,,79.5,45.0,NORMAL,N,14.49275362318835,0.0,30.0,0.0,15,0.0,0.0,0.0,0.0,25,0.0,20,20.0,0.0,N,,N,
08:37,PRAJIND,2705,329.75,1.45,2.89,,59.9,45.5,NORMAL,N,14.459313951699704,0.0,30.0,0.0,15,0.0,0.0,0.4667504277559378,0.0,25,0.0,20,0.0,0.0,N,,N,
08:37,MOTILALOFS,14947,882.15,1.4,2.79,,126.3,9.0,NORMAL,N,13.965517241379283,0.0,30.0,0.0,15,0.0,0.0,8.974703063941794,25,0.0,20,0.0,13.333333333333332,0.0,N,,N,
08:37,INDIAMART,10726,1797.0,2.39,4.79,,130.4,0.9,NORMAL,N,23.931623931623935,0.0,30.0,0.0,15,0.0,0.0,0.8742371925713359,25,0.0,20,0.0,15.55555555555462,0.0,N,,N,
08:37,ZUARIIND,3827,262.95,1.39,2.78,,95.5,41.6,NORMAL,N,13.88085598611901,0.0,30.0,0.0,15,0.0,0.0,16.57893340153006,0.0,25,20,0.0,0.0,0.0,N,,N,
08:37,GANESHHOU,14339,771.0,1.35,2.69,,80.4,27.0,NORMAL,N,13.473545842918174,0.0,30.0,0.0,15,0.0,0.0,1.9661098666255032,0.0,25,20,0.0,0.0,0.0,N,,N,
08:37,HDBFS,757772,674.6,1.34,2.69,,112.7,2.8,NORMAL,N,13.445504394201226,0.0,30.0,0.0,15,0.0,0.0,2.8330421447641214,25,0.0,20,0.0,6.451612903225996,0.0,N,,N,
08:37,DELHIVERY,9599,479.6,1.33,2.66,,118.7,7.3,NORMAL,N,13.310796534967276,0.0,30.0,0.0,15,0.0,0.0,7.296980055171598,25,0.0,20,0.0,8.1249999999996,0.0,N,,N,
08:37,UCAL,3570,120.0,1.3,2.6,,60.2,47.2,NORMAL,N,13.000168833361524,0.0,30.0,0.0,15,0.0,0.0,2.2489081657837735,0.0,25,0.0,20,0.0,0.0,N,,N,
08:38,ENDURANCE,18822,2967.7,2.18,4.35,,111.8,5.3,NORMAL,N,21.759338956791122,0.0,30.0,0.0,15,0.0,0.0,0.0,25,0.0,20,0.0,0.0,5.26315789473659,N,,N,
08:38,CHOLAFIN,685,1906.7,2.17,4.34,,135.1,8.2,NORMAL,N,21.701854034937305,0.0,30.0,0.0,15,0.0,0.0,8.150718223898362,25,0.0,20,0.0,15.22388059701455,0.0,N,,N,
08:38,WIPL,20481,170.0,1.16,2.32,,101.6,0.0,NORMAL,N,11.603689378161192,0.0,30.0,0.0,15,0.0,0.0,0.0,25,0.0,20,0.0,0.0,0.0,N,,N,
08:38,PNBHOUSING,18908,1156.2,1.15,2.31,,69.1,49.3,NORMAL,N,11.548556430446233,0.0,30.0,0.0,15,0.0,0.0,4.331243240259329,0.0,25,0.0,20,8.235294117647374,0.0,N,,N,
08:38,ENGINERSIN,4907,243.32,1.13,2.26,,74.2,51.5,NORMAL,N,11.305070656691598,0.0,30.0,0.0,15,0.0,0.0,6.528936702656855,0.0,25,0.0,20,11.351351351351642,0.0,N,,N,
08:38,GODREJPROP,17875,2113.8,2.12,4.23,,131.3,2.0,NORMAL,N,21.159420289855156,0.0,30.0,0.0,15,0.0,0.0,1.9806808474249444,25,0.0,20,0.0,18.181818181819686,0.0,N,,N,
08:38,BDL,2144,1308.3,1.11,2.21,,106.9,2.3,NORMAL,N,11.051004636785127,0.0,30.0,0.0,15,0.0,0.0,2.302174670316249,25,0.0,20,0.0,3.529411764705253,0.0,N,,N,
08:38,HGINFRA,1672,554.75,1.02,2.04,,102.7,22.5,NORMAL,N,10.19757807520718,0.0,30.0,0.0,15,0.0,0.0,2.530543587646162,25,0.0,20,0.0,0.0,20.0,N,,N,
08:38,KIRLOSBROS,18581,1940.1,2.02,4.04,,129.1,0.0,NORMAL,N,20.192459378450785,0.0,30.0,0.0,15,0.0,0.0,0.0,25,0.0,20,0.0,18.94736842105364,0.0,N,,N,
08:38,TRITURBINE,25584,642.9,1.01,2.03,,106.1,17.9,NORMAL,N,10.134338911147667,0.0,30.0,0.0,15,0.0,0.0,5.932795652007162,25,0.0,20,0.0,0.0,12.0,N,,N,
08:38,RUBICON,759316,1584.4,2.01,4.02,,85.8,48.6,NORMAL,N,20.087561164048445,0.0,30.0,0.0,15,0.0,0.0,3.6194083673053554,0.0,25,0.0,20,17.14285714285343,0.0,N,,N,
08:38,APOLLOTYRE,163,449.4,0.99,1.98,,103.2,6.2,NORMAL,N,9.887640449438152,0.0,29.662921348314452,0.0,15,0.0,0.0,3.661075606744014,25,0.0,20,0.0,0.0,2.4999999999978684,N,,N,
08:38,BHEL,438,409.15,0.97,1.95,,113.5,4.5,NORMAL,N,9.748272458045383,0.0,29.244817374136144,0.0,15,0.0,0.0,4.486505117341301,25,0.0,20,0.0,10.0,0.0,N,,N,
08:38,CANFINHOME,583,819.2,0.97,1.95,,73.9,45.0,NORMAL,N,9.737458400098719,0.0,29.212375200296155,0.0,15,0.0,0.0,0.0,0.0,25,0.0,20,20.0,0.0,N,,N,
08:38,PHOENIXLTD,14552,1932.8,1.97,3.94,,125.2,5.1,NORMAL,N,19.678185175415432,0.0,30.0,0.0,15,0.0,0.0,5.13470245020881,25,0.0,20,0.0,10.370370370369184,0.0,N,,N,
08:38,ASTERDM,1508,878.05,0.96,1.92,,87.8,20.0,NORMAL,N,9.601011843164205,0.0,28.803035529492615,0.0,15,0.0,0.0,0.0,25,0.0,0.0,20,9.374999999999867,0.0,N,,N,
08:38,PENIND,20621,161.39,0.96,1.91,,57.7,69.4,NORMAL,N,9.570874515200629,0.0,28.712623545601886,0.0,15,0.0,0.0,4.395512209138697,0.0,25,0.0,20,0.0,20.0,N,,N,
08:38,RELAXO,24225,427.5,0.96,1.91,,103.9,15.2,NORMAL,N,9.564293304994713,0.0,28.69287991498414,0.0,15,0.0,0.0,5.635771936644017,25,0.0,20,0.0,0.0,9.523809523809936,N,,N,
08:38,RAJRATAN,18962,530.0,0.95,1.9,,114.7,3.0,NORMAL,N,9.523809523809526,0.0,28.571428571428573,0.0,15,0.0,0.0,3.0357131591778335,25,0.0,20,0.0,13.548387096774004,0.0,N,,N,
08:38,COFORGE,11543,1810.6,1.95,3.9,,109.7,0.2,NORMAL,N,19.48198198198193,0.0,30.0,0.0,15,0.0,0.0,0.24699765938972817,25,0.0,20,0.0,0.0,0.0,N,,N,
08:38,360ONE,13061,1178.7,0.91,1.81,,101.5,44.9,NORMAL,N,9.074565533772912,0.0,27.223696601318736,0.0,15,0.0,0.0,19.94043799288153,0.0,25,20,0.0,10.285714285714025,0.0,N,,N,
08:38,NARMADA,6364,384.4,0.89,1.78,,73.1,49.4,NORMAL,N,8.923884514435636,0.0,26.771653543306908,0.0,15,0.0,0.0,4.44205136245928,0.0,25,0.0,20,17.999999999999545,0.0,N,,N,
08:38,IRCTC,13611,524.55,0.88,1.77,,81.4,32.0,NORMAL,N,8.847004519665179,0.0,26.541013558995534,0.0,15,0.0,0.0,7.0188122207812755,0.0,25,20,0.0,4.0000000000009095,0.0,N,,N,
08:38,SARDAEN,17758,501.85,0.85,1.71,,80.6,36.4,NORMAL,N,8.540996784565916,0.0,25.622990353697748,0.0,15,0.0,0.0,6.403443848281942,25,0.0,0.0,20,0.0,10.0,N,,N,
08:38,NCC,2319,146.83,0.85,1.7,,70.3,34.7,NORMAL,N,8.517068479978082,0.0,25.551205439934247,0.0,15,0.0,0.0,1.2705084204745873,0.0,25,20,0.0,0.0,8.421052631580364,N,,N,
08:38,HEXT,29666,569.35,0.84,1.68,,100.0,26.4,NORMAL,N,8.413035777541623,0.0,25.239107332624865,0.0,15,0.0,0.0,6.382111449629449,25,0.0,20,0.0,0.0,20.0,N,,N,
08:38,JUBLINGREA,2783,746.4,0.83,1.66,,111.1,4.7,NORMAL,N,8.308004052684874,0.0,24.92401215805462,0.0,15,0.0,0.0,4.706950775968919,25,0.0,20,0.0,13.124999999999245,0.0,N,,N,
08:38,INFY,1594,1184.7,0.82,1.63,,56.5,62.0,NORMAL,N,8.169517487873488,0.0,24.508552463620468,0.0,15,0.0,0.0,8.778503765983437,0.0,25,0.0,20,0.0,8.235294117648476,N,,N,
08:38,ROUTE,128,532.5,0.8,1.59,,91.8,11.4,NORMAL,N,7.950028392958633,0.0,23.850085178875897,0.0,15,0.0,0.0,0.0,25,0.0,20,0.0,0.0,11.428571428570036,N,,N,
08:38,ANGELONE,324,294.25,0.77,1.54,,102.8,0.0,NORMAL,N,7.705479452054794,0.0,23.116438356164384,0.0,15,0.0,0.0,0.0,25,0.0,20,0.0,11.999999999998181,0.0,N,,N,
08:38,EQUITASBNK,913,76.52,1.73,3.46,,107.3,11.8,NORMAL,N,17.282637596383907,0.0,30.0,0.0,15,0.0,0.0,0.0,25,0.0,20,0.0,0.0,11.764705882352153,N,,N,
08:38,M&MFIN,13285,411.4,0.72,1.44,,75.3,25.0,NORMAL,N,7.222426245562466,0.0,21.667278736687397,0.0,15,0.0,0.0,0.0,0.0,25,20,0.0,11.428571428570963,0.0,N,,N,
08:38,MAXHEALTH,22377,1077.7,0.72,1.44,,90.1,1.3,NORMAL,N,7.196261682243034,0.0,21.5887850467291,0.0,15,0.0,0.0,1.3486350137330692,25,0.0,20,0.0,0.0,0.0,N,,N,
08:38,PARADEEP,9741,150.5,0.7,1.41,,70.4,32.3,NORMAL,N,7.025761124121857,0.0,21.07728337236557,0.0,15,0.0,0.0,7.338651230708569,0.0,25,20,0.0,0.0,0.0,N,,N,
08:38,VBL,18921,445.0,0.68,1.36,,88.0,10.9,NORMAL,N,6.787330316742081,0.0,20.361990950226247,0.0,15,0.0,0.0,0.8709166099617631,25,0.0,20,0.0,0.0,10.0,N,,N,
08:38,ATGL,6066,662.0,0.68,1.35,,118.7,25.0,NORMAL,N,6.767546194205834,0.0,20.3026385826175,0.0,15,0.0,0.0,25.0,25,0.0,20,0.0,6.666666666666035,0.0,N,,N,
08:38,VGUARD,15362,321.8,0.67,1.35,,86.9,5.0,NORMAL,N,6.726106679180461,0.0,20.178320037541383,0.0,15,0.0,0.0,0.0,25,0.0,20,0.0,0.0,5.000000000001421,N,,N,
08:38,BEL,383,403.6,0.65,1.3,,64.9,25.0,NORMAL,N,6.48379052369083,0.0,19.45137157107249,0.0,15,0.0,0.0,0.0,0.0,25,20,0.0,4.0000000000009095,0.0,N,,N,
08:38,MAZDOCK,509,2556.2,1.64,3.28,,111.6,6.2,NORMAL,N,16.422124140124748,0.0,30.0,0.0,15,0.0,0.0,5.178461243755099,25,0.0,20,0.0,0.0,0.9999999999990905,N,,N,
08:38,CIPLA,694,1473.1,0.64,1.27,,100.9,7.5,NORMAL,N,6.353326957234564,0.0,19.059980871703694,0.0,15,0.0,0.0,7.49384865596817,25,0.0,20,0.0,8.000000000001819,0.0,N,,N,
08:38,DABUR,772,412.6,0.63,1.27,,104.1,6.8,NORMAL,N,6.341463414634202,0.0,19.024390243902605,0.0,15,0.0,0.0,6.769335877369237,25,0.0,20,0.0,12.000000000002728,0.0,N,,N,
08:38,CDSL,21174,1336.4,0.63,1.27,,97.9,3.3,NORMAL,N,6.325301204819346,0.0,18.975903614458037,0.0,15,0.0,0.0,3.3420932951093993,25,0.0,20,0.0,9.230769230768153,0.0,N,,N,
08:38,QUICKHEAL,13131,156.0,0.63,1.26,,86.6,1.3,NORMAL,N,6.321764933556893,0.0,18.96529480067068,0.0,15,0.0,0.0,1.326808605637105,25,0.0,20,0.0,0.0,0.0,N,,N,
08:38,AXISBANK,5900,1245.7,0.62,1.24,,86.6,1.7,NORMAL,N,6.219709208400683,0.0,18.65912762520205,0.0,15,0.0,0.0,1.7199281644813311,25,0.0,20,0.0,0.0,0.0,N,,N,
08:38,YUKEN,5501,805.0,0.62,1.24,,84.7,0.0,NORMAL,N,6.187113305418468,0.0,18.561339916255402,0.0,15,0.0,0.0,0.0,25,0.0,20,0.0,0.0,0.0,N,,N,
08:38,ORIENTELEC,2972,190.35,0.62,1.24,,73.4,42.3,NORMAL,N,6.184586108468058,0.0,18.553758325404175,0.0,15,0.0,0.0,8.628026991542717,25,0.0,0.0,20,0.0,13.68421052631697,N,,N,
08:38,ABCAPITAL,21614,410.55,0.61,1.23,,77.8,28.8,NORMAL,N,6.126700159294204,0.0,18.38010047788261,0.0,15,0.0,0.0,3.8201695430469176,0.0,25,20,0.0,14.444444444443391,0.0,N,,N,
08:38,TIMETECHNO,14707,206.11,0.6,1.2,,70.4,27.7,NORMAL,N,6.0035142522453055,0.0,18.010542756735916,0.0,15,0.0,0.0,6.360808743801984,25,0.0,0.0,20,0.0,1.2903225806458118,N,,N,
08:38,GEOJITFSL,11896,78.25,1.6,3.19,,106.0,20.0,NORMAL,N,15.969877953778294,0.0,30.0,0.0,15,0.0,0.0,0.0,25,0.0,20,0.0,0.0,20.0,N,,N,
08:38,SHIVALIK,7026,256.0,0.59,1.18,,38.6,45.0,NORMAL,N,5.893909626719058,0.0,17.68172888015717,0.0,15,0.0,0.0,0.0,0.0,25,0.0,20,0.0,0.0,N,,N,
08:38,RUPA,25724,165.8,0.58,1.15,,102.2,27.0,NORMAL,Y,5.7628146800122355,0.0,17.28844404003671,0.0,15,0.0,0.0,19.13760121405532,25,0.0,20,0.0,0.0,7.8260869565219,Y,NONRESULTS,N,
08:38,USHAMART,8840,518.0,0.57,1.15,,62.1,53.2,NORMAL,N,5.727599262207642,0.0,17.182797786622928,0.0,15,0.0,0.0,8.187009234391015,0.0,25,0.0,20,15.99999999999909,0.0,N,,N,
08:38,TMCV,759782,455.65,0.56,1.13,,54.6,51.2,NORMAL,N,5.627896711542606,0.0,16.88369013462782,0.0,15,0.0,0.0,6.212500393473173,0.0,25,0.0,20,10.909090909092225,0.0,N,,N,
08:38,CASTROLIND,1250,193.1,0.53,1.06,,77.2,38.0,NORMAL,N,5.310287380258131,0.0,15.930862140774392,0.0,15,0.0,0.0,12.959656716272386,0.0,25,20,0.0,7.999999999998863,0.0,N,,N,
08:38,POLICYBZR,6656,1629.0,1.53,3.05,,123.8,4.3,NORMAL,N,15.269554378311001,0.0,30.0,0.0,15,0.0,0.0,4.289448810175464,25,0.0,20,0.0,14.285714285713357,0.0,N,,N,
08:38,SANSERA,5751,3844.9,1.52,3.04,,62.7,58.4,NORMAL,N,15.208723893010829,0.0,30.0,0.0,15,0.0,0.0,2.480133197883511,0.0,25,0.0,20,0.0,10.909090909091097,N,,N,
08:38,ZYDUSLIFE,7929,1120.0,0.52,1.04,,86.5,2.5,NORMAL,N,5.205528630407425,0.0,15.616585891222277,0.0,15,0.0,0.0,2.5121264049724994,25,0.0,20,0.0,3.1578947368414756,0.0,N,,N,
08:38,HINDCOPPER,17939,538.8,0.5,1.01,,78.3,29.4,NORMAL,N,5.036373810856056,0.0,15.10912143256817,0.0,15,0.0,0.0,9.376893362516903,25,0.0,0.0,20,8.749999999998224,0.0,N,,N,
08:38,WELSPUNLIV,11253,164.88,0.48,0.96,,34.3,60.7,NORMAL,N,4.814431104881418,0.0,14.443293314644256,0.0,15,0.0,0.0,0.0,0.0,25,0.0,20,0.0,15.714285714286005,N,,N,
08:38,NIITLTD,11522,96.47,1.47,2.95,,116.2,11.5,NORMAL,N,14.725991374776541,0.0,30.0,0.0,15,0.0,0.0,11.489815384650976,25,0.0,20,0.0,0.0,0.0,N,,N,
08:38,MEESHO,760229,192.25,0.47,0.94,,67.6,28.1,NORMAL,N,4.703423046772959,0.0,14.110269140318877,0.0,15,0.0,0.0,3.074136982809795,0.0,25,20,0.0,10.666666666667929,0.0,N,,N,
08:38,APLLTD,25328,833.95,0.46,0.93,,51.6,45.0,NORMAL,N,4.637995422238312,0.0,13.913986266714936,0.0,15,0.0,0.0,0.0,0.0,25,0.0,20,17.99999999999727,0.0,N,,N,
08:38,MHRIL,17333,230.67,0.44,0.88,,90.5,5.0,NORMAL,N,4.397805451537016,0.0,13.193416354611047,0.0,15,0.0,0.0,5.048604255386871,25,0.0,20,0.0,7.837837837837527,0.0,N,,N,
08:38,APLAPOLLO,25780,1998.0,1.42,2.84,,125.4,1.1,NORMAL,N,14.213197969543147,0.0,30.0,0.0,15,0.0,0.0,1.1447633432425703,25,0.0,20,0.0,20.0,0.0,N,,N,
08:38,RCF,2866,127.45,0.42,0.84,,82.0,21.3,NORMAL,N,4.175858808698402,0.0,12.527576426095205,0.0,15,0.0,0.0,5.2765822302314715,25,0.0,20,0.0,0.0,15.999999999998863,N,,N,
08:38,GSFC,1247,161.89,0.42,0.83,,34.0,47.4,NORMAL,N,4.155811934003148,0.0,12.467435802009444,0.0,15,0.0,0.0,2.3784985937085454,0.0,25,0.0,20,0.0,0.0,N,,N,
08:38,JUSTDIAL,29962,686.1,0.41,0.82,,76.4,0.0,NORMAL,N,4.097760866383827,0.0,12.29328259915148,0.0,15,0.0,0.0,0.0,25,0.0,20,0.0,0.0,0.0,N,,N,
08:38,KIRIINDUS,16639,429.6,0.4,0.79,,76.8,20.9,NORMAL,N,3.972890862351123,0.0,11.91867258705337,0.0,15,0.0,0.0,0.8760883825871297,25,0.0,20,0.0,0.0,20.0,N,,N,
08:38,CIEINDIA,14937,412.1,0.39,0.78,,82.6,32.7,NORMAL,N,3.897685749086535,0.0,11.693057247259606,0.0,15,0.0,0.0,12.727748822698585,25,0.0,0.0,20,14.285714285714517,0.0,N,,N,
08:38,CENTURYPLY,13305,784.95,0.38,0.77,,102.3,6.9,NORMAL,N,3.836562440053712,0.0,11.509687320161136,0.0,15,0.0,0.0,6.948836035712011,25,0.0,20,0.0,20.0,0.0,N,,N,
08:38,DCMSHRIRAM,811,1020.7,0.38,0.77,,75.3,5.0,NORMAL,N,3.8355625491739684,0.0,11.506687647521904,0.0,15,0.0,0.0,0.0,25,0.0,20,0.0,0.0,4.999999999998579,N,,N,
08:38,MANAPPURAM,19061,368.15,0.38,0.76,,44.4,49.1,NORMAL,N,3.817314246762037,0.0,11.451942740286112,0.0,15,0.0,0.0,4.1284179336903,0.0,25,0.0,20,10.0,0.0,N,,N,
08:38,PRINCEPIPE,16045,272.0,0.37,0.74,,38.8,46.6,NORMAL,N,3.6900369003690034,0.0,11.07011070110701,0.0,15,0.0,0.0,1.5730425402958566,0.0,25,0.0,20,7.4999999999992895,0.0,N,,N,
08:38,HYUNDAI,25844,2230.6,1.37,2.74,,108.4,35.2,NORMAL,N,13.678709384230814,0.0,30.0,0.0,15,0.0,0.0,15.241643839780956,25,0.0,0.0,20,9.523809523809936,0.0,N,,N,
08:38,INTELLECT,5926,724.0,0.37,0.73,,102.5,7.8,NORMAL,N,3.673667429125912,0.0,11.021002287377737,0.0,15,0.0,0.0,7.837255020636766,25,0.0,20,0.0,20.0,0.0,N,,N,
08:38,ZENSARTECH,1076,500.8,0.36,0.72,,36.1,71.7,NORMAL,N,3.6072144288577377,0.0,10.821643286573213,0.0,15,0.0,0.0,6.690095056404031,0.0,25,0.0,20,0.0,20.0,N,,N,
08:38,PURVA,14922,213.11,0.35,0.7,,83.2,1.3,NORMAL,N,3.484484625888822,0.0,10.453453877666465,0.0,15,0.0,0.0,1.3329673485693465,25,0.0,20,0.0,7.936507936507994,0.0,N,,N,
08:38,SAFARI,13035,1506.6,1.35,2.69,,75.4,57.0,NORMAL,N,13.453518094981838,0.0,30.0,0.0,15,0.0,0.0,11.969810618089502,0.0,25,0.0,20,4.999999999999052,0.0,N,,N,
08:38,ICICIBANK,4963,1425.6,0.32,0.65,,69.8,30.6,NORMAL,N,3.237156931738149,0.0,9.711470795214446,0.0,15,0.0,0.0,10.579678623628217,25,0.0,0.0,20,6.285714285713766,0.0,N,,N,
08:38,SAKSOFT,11794,165.57,0.32,0.63,,27.6,47.7,NORMAL,N,3.150560436231334,0.0,9.451681308694003,0.0,15,0.0,0.0,0.0,0.0,25,0.0,20,0.0,2.66666666666793,N,,Y,NONRESULTS
08:38,SHARDAMOTR,10530,944.25,0.31,0.63,,80.6,28.1,NORMAL,N,3.1339636672687194,0.0,9.401891001806158,0.0,15,0.0,0.0,8.088816326538954,25,0.0,20,0.0,0.0,20.0,N,,N,
08:38,KOTAKBANK,1922,391.95,0.31,0.61,,85.3,3.0,NORMAL,N,3.0710172744721396,0.0,9.21305182341642,0.0,15,0.0,0.0,3.0009150360510284,25,0.0,20,0.0,10.0,0.0,N,,N,
08:38,LTTS,18564,3599.1,1.23,2.46,,81.4,49.1,NORMAL,N,12.291162738369753,0.0,30.0,0.0,15,0.0,0.0,4.110468000176448,0.0,25,0.0,20,20.0,0.0,N,,N,
08:38,TIINDIA,312,2804.0,1.15,2.31,,115.9,9.5,NORMAL,N,11.544011544011543,0.0,30.0,0.0,15,0.0,0.0,9.549348398509565,25,0.0,20,0.0,4.761904761904453,0.0,N,,N,
08:38,PIDILITIND,2664,1679.1,1.15,2.3,,105.6,4.1,NORMAL,N,11.506024096385486,0.0,30.0,0.0,15,0.0,0.0,4.116375341233091,25,0.0,20,0.0,0.0,0.0,N,,N,
08:38,UNITDSPR,10447,1529.0,1.1,2.2,,118.2,4.6,NORMAL,N,10.975932293044107,0.0,30.0,0.0,15,0.0,0.0,4.577981008157373,25,0.0,20,0.0,12.631578947368297,0.0,N,,N,
08:38,MPHASIS,4503,2501.9,1.09,2.17,,57.0,51.1,NORMAL,N,10.868686868686904,0.0,30.0,0.0,15,0.0,0.0,1.10091464189614,0.0,25,0.0,20,0.0,5.0,N,,N,
08:38,ESCORTS,958,3114.3,1.08,2.16,,91.8,52.1,NORMAL,N,10.808179162609601,0.0,30.0,0.0,15,0.0,0.0,15.953249295317354,0.0,25,20,0.0,0.0,11.111111111109988,N,,N,
08:38,BAJAJFINSV,16675,2030.3,1.07,2.13,,107.0,1.3,NORMAL,N,10.652595948031191,0.0,30.0,0.0,15,0.0,0.0,1.3339298398601651,25,0.0,20,0.0,4.999999999999052,0.0,N,,N,
08:38,XCHANGING,11705,67.95,1.06,2.11,,103.2,32.1,NORMAL,N,10.559190957763356,0.0,30.0,0.0,15,0.0,0.0,12.149304280603655,25,0.0,0.0,20,10.526315789474708,0.0,N,,N,
08:38,OBEROIRLTY,20242,1793.5,1.04,2.08,,122.1,8.6,NORMAL,N,10.422535211267604,0.0,30.0,0.0,15,0.0,0.0,8.634737581803783,25,0.0,20,0.0,12.999999999999545,0.0,N,,N,
08:38,MUTHOOTFIN,23650,2919.5,1.02,2.04,,116.9,3.2,NORMAL,N,10.207612456747405,0.0,30.0,0.0,15,0.0,0.0,3.1702021124053106,25,0.0,20,0.0,13.500000000001364,0.0,N,,N,
08:38,LALPATHLAB,11654,1951.3,1.02,2.04,,70.7,54.4,NORMAL,N,10.198798923172522,0.0,30.0,0.0,15,0.0,0.0,9.367476993183086,0.0,25,0.0,20,6.15384615384602,0.0,N,,N,
08:38,PRESTIGE,20302,1599.3,0.91,1.83,,89.4,31.2,NORMAL,N,9.149419485108533,0.0,27.448258455325597,0.0,15,0.0,0.0,6.151419748247071,0.0,25,20,0.0,11.66666666666772,0.0,N,,N,
08:38,NFL,13925,72.5,0.82,1.64,,92.8,20.0,NORMAL,N,8.204700319844296,0.0,24.61410095953289,0.0,15,0.0,0.0,0.0,25,0.0,20,0.0,0.0,20.0,N,,N,
08:38,NMDC,15332,85.6,0.8,1.6,,60.4,45.5,NORMAL,N,8.007536504945744,0.0,24.02260951483723,0.0,15,0.0,0.0,0.5398391967592818,0.0,25,0.0,20,12.857142857143291,0.0,N,,N,
08:38,AJANTPHARM,8124,3496.5,0.75,1.5,,98.9,0.0,NORMAL,N,7.520746887966778,0.0,22.562240663900333,0.0,15,0.0,0.0,0.0,25,0.0,20,0.0,8.799999999999272,0.0,N,,N,
08:38,PNBGILTS,8736,81.3,0.74,1.49,,69.7,20.0,NORMAL,N,7.434944237918145,0.0,22.304832713754436,0.0,15,0.0,0.0,0.0,25,0.0,0.0,20,0.0,0.0,N,,N,
08:38,ASIANPAINT,236,2754.9,0.73,1.46,,94.2,5.7,NORMAL,N,7.27605118829985,0.0,21.82815356489955,0.0,15,0.0,0.0,5.055350436866073,25,0.0,20,0.0,0.0,0.6896551724131441,N,,N,
08:38,DALBHARAT,8075,1839.7,0.67,1.35,,88.4,0.0,NORMAL,N,6.730874466455048,0.0,20.192623399365143,0.0,15,0.0,0.0,0.0,25,0.0,20,0.0,1.4285714285700366,0.0,N,,N,
08:38,WABAG,20188,1969.2,0.59,1.17,,94.9,2.7,NORMAL,N,5.87424017980283,0.0,17.62272053940849,0.0,15,0.0,0.0,2.6700002481774723,25,0.0,20,0.0,8.749999999999023,0.0,N,,N,
08:38,AETHER,9810,1600.2,0.54,1.08,,44.9,57.7,NORMAL,N,5.403367680321774,0.0,16.210103040965322,0.0,15,0.0,0.0,8.249482524984618,0.0,25,0.0,20,0.0,4.444444444445006,N,,N,
08:38,MAHABANK,11377,78.68,0.51,1.02,,99.8,17.1,NORMAL,N,5.109862033725162,0.0,15.329586101175487,0.0,15,0.0,0.0,17.092625668464144,25,0.0,20,0.0,2.2222222222204677,0.0,N,,N,
08:38,ICICIGI,21770,1646.6,0.46,0.93,,88.4,3.7,NORMAL,N,4.636973764490487,0.0,13.910921293471462,0.0,15,0.0,0.0,3.7075572296170876,25,0.0,20,0.0,6.153846153847768,0.0,N,,N,
08:38,HDFCAMC,4244,2555.9,0.43,0.86,,100.9,3.8,NORMAL,N,4.2829076620825495,0.0,12.848722986247651,0.0,15,0.0,0.0,3.8007193161351345,25,0.0,20,0.0,20.0,0.0,N,,N,
08:38,NTPCGREEN,27176,91.87,0.4,0.81,,51.2,29.4,NORMAL,N,4.043715846994585,0.0,12.131147540983756,0.0,15,0.0,0.0,0.0,0.0,25,20,0.0,0.0,4.444444444443391,N,,N,
08:38,SKFINDIA,3186,1540.0,0.37,0.74,,40.9,67.2,NORMAL,N,3.715049208107962,0.0,11.145147624323885,0.0,15,0.0,0.0,11.059049824737347,0.0,25,0.0,20,0.0,11.111111111111391,N,,N,
08:38,SRF,3273,2624.4,0.36,0.72,,99.4,37.6,NORMAL,N,3.594646271510551,0.0,10.783938814531652,0.0,15,0.0,0.0,25.0,25,0.0,20,0.0,0.0,12.608695652174557,N,,N,
08:38,GODFRYPHLP,1181,2294.0,0.35,0.7,,79.5,25.5,NORMAL,N,3.499562554680665,0.0,10.498687664041995,0.0,15,0.0,0.0,5.458668650172836,25,0.0,20,0.0,0.0,20.0,N,,N,
08:38,LAURUSLABS,19234,1850.5,0.34,0.67,,47.1,48.4,NORMAL,N,3.3617090495039017,0.0,10.085127148511704,0.0,15,0.0,0.0,3.4025381248205693,0.0,25,0.0,20,15.238095238095033,0.0,N,,N,
08:38,PTC,11355,178.05,-12.42,24.84,,101.0,62.8,NORMAL,Y,0.0,30.0,30.0,0.0,0.0,15,0.0,17.84209533474092,25,0.0,20,0.0,8.181818181817672,0.0,N,,N,
08:38,JAMNAAUTO,20778,130.01,-10.15,20.3,,80.3,45.5,NORMAL,Y,0.0,30.0,30.0,0.0,0.0,15,0.0,0.5149693269054433,25,0.0,20,0.0,4.827586206896214,0.0,N,,N,
08:38,PFC,14299,386.35,-8.01,16.02,,30.0,92.9,NORMAL,Y,0.0,30.0,30.0,0.0,0.0,15,0.0,0.0,0.0,25,0.0,20,0.0,2.8571428571433213,N,,N,
08:38,NLCINDIA,8585,286.15,-6.0,11.99,,32.5,92.5,NORMAL,Y,0.0,30.0,30.0,0.0,0.0,15,0.0,2.474764665182368,0.0,25,0.0,20,0.0,0.0,N,,N,
08:38,RECLTD,15355,345.1,-5.97,11.93,,37.7,111.0,NORMAL,Y,0.0,30.0,30.0,0.0,0.0,15,0.0,7.658193921655708,0.0,25,0.0,20,0.0,13.333333333333332,N,,N,
08:38,RGL,15129,118.02,-4.2,8.41,,62.2,77.7,NORMAL,Y,0.0,30.0,30.0,0.0,0.0,15,0.0,7.228176589201441,25,0.0,0.0,20,0.0,5.4545454545456895,N,,N,
08:38,OMNI,760865,556.6,-3.76,7.52,,82.2,45.0,NORMAL,N,0.0,30.0,30.0,0.0,0.0,15,0.0,0.0,25,0.0,20,0.0,7.222222222222152,0.0,N,,N,
08:38,ZYDUSWELL,17635,516.45,-3.26,6.52,,62.4,70.4,NORMAL,N,0.0,30.0,30.0,0.0,0.0,15,0.0,5.406657211548003,25,0.0,0.0,20,1.9512195121956089,0.0,N,,N,
08:38,WINDLAS,5366,855.85,-3.06,6.12,,34.3,92.3,NORMAL,N,0.0,30.0,30.0,0.0,0.0,15,0.0,2.3099479894172292,0.0,25,0.0,20,1.9512195121944997,0.0,N,,N,
08:38,TVSSCS,18151,129.8,-2.98,5.96,,30.0,103.2,NORMAL,N,0.0,29.822856715748415,30.0,0.0,0.0,15,0.0,0.0,0.0,25,0.0,20,0.0,13.333333333334236,N,,N,
08:38,VERANDA,8890,250.7,-2.81,5.62,,36.0,107.1,NORMAL,N,0.0,28.10622213607288,30.0,0.0,0.0,15,0.0,6.047719914388656,0.0,25,0.0,20,0.0,12.941176470588589,N,,N,
08:38,CHALET,8546,835.7,-2.79,5.58,,55.0,62.9,NORMAL,N,0.0,27.916715133185996,30.0,0.0,0.0,15,0.0,0.0,25,0.0,0.0,20,0.0,0.0,N,,N,
08:38,YATRA,18760,104.07,-2.77,5.53,,81.9,45.5,NORMAL,N,0.0,27.655797439970176,30.0,0.0,0.0,15,0.0,2.861848265077226,25,0.0,20,0.0,4.000000000000568,0.0,N,,N,
08:38,J&KBANK,5633,155.01,-2.66,5.31,,40.3,87.4,NORMAL,N,0.0,26.563677467972987,30.0,0.0,0.0,15,0.0,0.8584601884125489,0.0,25,0.0,20,9.473684210526788,0.0,N,,N,
08:38,APTUS,5435,254.15,-2.49,4.99,,55.0,119.9,NORMAL,N,0.0,24.93765586034902,30.0,0.0,0.0,15,0.0,25.0,0.0,25,0.0,20,0.0,10.0,N,,N,
08:38,SCI,3048,297.4,-2.41,4.82,,33.1,87.2,NORMAL,N,0.0,24.11812961443814,30.0,0.0,0.0,15,0.0,3.063736891303796,0.0,25,0.0,20,0.0,0.0,N,,N,
08:38,WSTCSTPAPR,3799,584.8,-2.39,4.77,,32.4,88.7,NORMAL,N,0.0,23.869137038891783,30.0,0.0,0.0,15,0.0,2.3802087945367685,0.0,25,0.0,20,0.0,2.5000000000003553,N,,N,
08:38,GRANULES,11872,853.35,-2.35,4.69,,34.1,86.7,NORMAL,N,0.0,23.459403787835438,30.0,0.0,0.0,15,0.0,3.252524936431816,0.0,25,0.0,20,0.888888888889091,0.0,N,,N,
08:38,ANANTRAJ,13620,601.5,-2.34,4.68,,33.1,83.4,NORMAL,N,0.0,23.380418899171907,30.0,0.0,0.0,15,0.0,0.0,0.0,25,0.0,20,3.076923076920386,0.0,N,,N,
08:38,LOTUSEYE,16807,116.05,-2.33,4.66,,30.0,83.3,NORMAL,N,0.0,23.31257364080118,30.0,0.0,0.0,15,0.0,0.0,0.0,25,0.0,20,0.0,0.0,N,,N,
08:38,BANKINDIA,4745,141.66,-2.3,4.61,,73.6,62.4,NORMAL,N,0.0,23.03448275862071,30.0,0.0,0.0,15,0.0,4.332284403440432,25,0.0,0.0,20,14.285714285711965,0.0,N,,N,
08:38,AEGISLOG,40,1340.6,-2.22,4.43,,103.2,54.6,NORMAL,N,0.0,22.173595915390294,30.0,0.0,0.0,15,0.0,17.45752561951014,25,0.0,20,0.0,10.769230769230052,0.0,N,,N,
08:38,NYKAA,6545,324.7,-2.2,4.4,,49.5,109.5,NORMAL,N,0.0,21.98795180722895,30.0,0.0,0.0,15,0.0,19.516314711359293,0.0,25,0.0,20,0.0,7.9999999999972715,N,,N,
08:38,MRPL,2283,163.37,-2.18,4.36,,62.8,72.6,NORMAL,N,0.0,21.795102089695146,30.0,0.0,0.0,15,0.0,7.832203188818824,25,0.0,0.0,20,0.0,8.0,N,,N,
08:38,GOCLCORP,3963,428.7,-2.18,4.36,,77.9,59.7,NORMAL,N,0.0,21.791215059897347,30.0,0.0,0.0,15,0.0,2.897529121596029,25,0.0,0.0,20,20.0,0.0,N,,N,
08:38,CHEMPLASTS,5449,179.61,-2.18,4.36,,75.0,56.1,NORMAL,N,0.0,21.78530581123032,30.0,0.0,0.0,15,0.0,0.0,25,0.0,20,0.0,0.0,19.33333333333207,N,,N,
08:38,SURYAROSNI,3375,246.9,-2.16,4.32,,42.4,91.7,NORMAL,N,0.0,21.596988309887017,30.0,0.0,0.0,15,0.0,10.097907985613395,0.0,25,0.0,20,2.272727272727801,0.0,N,,N,
08:38,SAIL,2963,172.82,-2.13,4.26,,41.0,81.3,NORMAL,N,0.0,21.29346471854128,30.0,0.0,0.0,15,0.0,0.0,0.0,25,0.0,20,11.000000000000426,0.0,N,,N,
08:38,SAMHI,18614,170.98,-2.1,4.2,,33.3,81.0,NORMAL,N,0.0,21.01345548239345,30.0,0.0,0.0,15,0.0,0.0,0.0,25,0.0,20,3.3333333333396493,0.0,N,,N,
08:38,JAINREC,759244,302.2,-2.01,4.02,,37.6,81.1,NORMAL,N,0.0,20.1037613488975,30.0,0.0,0.0,15,0.0,0.9471288279542245,0.0,25,0.0,20,6.66666666666793,0.0,N,,N,
08:38,INOXWIND,7852,73.95,-5.19,10.38,,63.4,111.9,NORMAL,Y,0.0,30.0,30.0,0.0,0.0,15,0.0,21.851695736527805,0.0,25,0.0,20,11.515151515151436,0.0,N,,N,
08:38,POWERMECH,10473,2491.6,-4.78,9.56,,75.1,45.9,NORMAL,Y,0.0,30.0,30.0,0.0,0.0,15,0.0,0.07465766571220143,25,0.0,20,0.0,0.0,0.8695652173906167,N,,N,
08:38,LUPIN,10440,2277.0,-3.66,7.32,,86.3,60.2,NORMAL,N,0.0,30.0,30.0,0.0,0.0,15,0.0,11.28599080132431,25,0.0,20,0.0,0.0,3.8709677419379447,N,,N,
08:38,ABFRL,30108,61.16,-3.43,6.85,,75.0,59.3,NORMAL,N,0.0,30.0,30.0,0.0,0.0,15,0.0,0.0,25,0.0,20,0.0,0.0,14.285714285715445,N,,N,
08:38,CANBK,10794,129.37,-1.96,3.91,,44.1,82.4,NORMAL,N,0.0,19.552860932171157,30.0,0.0,0.0,15,0.0,2.8889064111616927,0.0,25,0.0,20,11.250000000000666,0.0,N,,N,
08:38,SANGAMIND,4184,600.2,-1.9,3.79,,33.4,82.4,NORMAL,N,0.0,18.96044458973506,30.0,0.0,0.0,15,0.0,3.449592730575308,0.0,25,0.0,20,0.0,0.0,N,,N,
08:38,SBIN,3045,1076.9,-1.85,3.7,,32.9,78.5,NORMAL,N,0.0,18.501640539555186,30.0,0.0,0.0,15,0.0,0.0,0.0,25,0.0,20,2.8571428571465693,0.0,N,,N,
08:38,FINPIPE,1041,161.46,-1.81,3.61,,50.3,89.7,NORMAL,N,0.0,18.06239737274219,30.0,0.0,0.0,15,0.0,11.598621273649888,0.0,25,0.0,20,8.695652173912936,0.0,N,,N,
08:38,BAJAJELEC,15034,364.55,-1.78,3.56,,36.4,90.1,NORMAL,N,0.0,17.78256769500193,30.0,0.0,0.0,15,0.0,6.42474332161021,0.0,25,0.0,20,0.0,5.882352941176313,N,,N,
08:38,SIS,21501,427.25,-1.77,3.54,,77.6,35.3,NORMAL,N,0.0,17.703184274054465,30.0,0.0,0.0,15,0.0,2.61617758763518,25,0.0,20,0.0,0.0,0.0,N,,N,
08:38,GARFIBRES,1100,797.5,-1.77,3.54,,30.0,77.7,NORMAL,N,0.0,17.675679004742282,30.0,0.0,0.0,15,0.0,0.0,0.0,25,0.0,20,0.0,0.0,N,,N,
08:38,TREJHARA,7518,174.58,-1.73,3.47,,75.4,32.7,NORMAL,N,0.0,17.336485421591714,30.0,0.0,0.0,15,0.0,0.3606550713035736,25,0.0,20,0.0,0.0,0.0,N,,N,
08:38,MSTCLTD,9356,581.0,-1.73,3.47,,40.5,82.2,NORMAL,N,0.0,17.336152219873153,30.0,0.0,0.0,15,0.0,4.894997830411403,0.0,25,0.0,20,5.555555555555696,0.0,N,,N,
08:38,SAPPHIRE,6718,220.45,-1.68,3.36,,66.9,57.2,NORMAL,N,0.0,16.813843546516857,30.0,0.0,0.0,15,0.0,0.4186314615513712,0.0,25,20,0.0,16.47058823529402,0.0,N,,N,
08:38,WOCKPHARMA,7506,1967.0,-2.67,5.34,,30.4,87.9,NORMAL,N,0.0,26.719445818901534,30.0,0.0,0.0,15,0.0,0.3773061868993867,0.0,25,0.0,20,0.0,0.7999999999992724,N,,N,
08:38,RITES,3761,230.4,-1.64,3.28,,68.9,58.0,NORMAL,N,0.0,16.393442622950836,30.0,0.0,0.0,15,0.0,6.598850089918777,25,0.0,0.0,20,7.317073170732046,0.0,N,,N,
08:38,IPCALAB,1633,1690.4,-2.62,5.23,,76.3,80.8,NORMAL,N,0.0,26.155086991588817,30.0,0.0,0.0,15,0.0,19.62814321245256,25,0.0,0.0,20,1.7142857142854546,0.0,N,,N,
08:38,TTKPRESTIG,3546,606.0,-1.62,3.23,,52.3,78.5,NORMAL,N,0.0,16.15390859647706,30.0,0.0,0.0,15,0.0,2.323549323033033,0.0,25,0.0,20,20.0,0.0,N,,N,
08:38,MGL,17534,1121.2,-1.61,3.23,,42.4,93.0,NORMAL,N,0.0,16.146016146016027,30.0,0.0,0.0,15,0.0,12.430067277004385,0.0,25,0.0,20,0.0,4.444444444445006,N,,N,
08:38,GREAVESCOT,1235,195.73,-1.57,3.14,,34.6,100.3,NORMAL,N,0.0,15.690218757857705,30.0,0.0,0.0,15,0.0,4.588289622242808,0.0,25,0.0,20,0.0,20.0,N,,N,
08:38,GAIL,4717,171.01,-1.51,3.02,,88.5,65.0,NORMAL,N,0.0,15.089558256061764,30.0,0.0,0.0,15,0.0,14.935105605121013,25,0.0,0.0,20,18.571428571430022,0.0,N,,N,
08:38,WESTLIFE,11580,586.0,-1.49,2.98,,55.0,49.9,NORMAL,N,0.0,14.87770026056993,30.0,0.0,0.0,15,0.0,0.0,25,0.0,0.0,20,0.0,0.0,N,,N,
08:38,TNPL,3980,154.29,-1.48,2.95,,30.0,93.3,NORMAL,N,0.0,14.750957854406145,30.0,0.0,0.0,15,0.0,0.0,0.0,25,0.0,20,0.0,18.57142857142596,N,,N,
08:38,VAIBHAVGBL,11364,239.45,-1.44,2.88,,34.6,79.0,NORMAL,N,0.0,14.40625643136448,30.0,0.0,0.0,15,0.0,4.610179629609,0.0,25,0.0,20,0.0,0.0,N,,N,
08:38,GODREJCP,10099,1035.0,-1.43,2.86,,89.6,42.4,NORMAL,N,0.0,14.285714285714286,30.0,0.0,0.0,15,0.0,13.112618637081496,25,0.0,20,0.0,1.4814814814819184,0.0,N,,N,
08:38,TRENT,1964,3033.0,-2.38,4.77,,76.0,41.0,NORMAL,N,0.0,23.848604808342156,30.0,0.0,0.0,15,0.0,1.0474900144574195,25,0.0,20,0.0,0.0,1.1111111111101286,N,,N,
08:38,PETRONET,11351,276.75,-1.37,2.74,,80.0,66.2,NORMAL,N,0.0,13.720598717035005,30.0,0.0,0.0,15,0.0,17.49101621656918,25,0.0,0.0,20,7.4999999999992895,0.0,N,,N,
08:38,UBL,16713,1381.3,-1.36,2.71,,38.4,76.3,NORMAL,N,0.0,13.568521031207599,30.0,0.0,0.0,15,0.0,2.7147446653661067,0.0,25,0.0,20,5.714285714283394,0.0,N,,N,
08:38,TCIEXP,19223,547.1,-1.35,2.7,,30.0,73.5,NORMAL,N,0.0,13.523260007212405,30.0,0.0,0.0,15,0.0,0.0,0.0,25,0.0,20,0.0,0.0,N,,N,
08:38,PSPPROJECT,20877,950.0,-1.34,2.69,,75.5,28.9,NORMAL,N,0.0,13.448257957318702,30.0,0.0,0.0,15,0.0,0.4724354242423686,25,0.0,20,0.0,0.0,0.0,N,,N,
08:38,ROLEXRINGS,5279,154.58,-1.34,2.68,,40.6,92.9,NORMAL,N,0.0,13.403114628542216,30.0,0.0,0.0,15,0.0,10.64110519097197,0.0,25,0.0,20,0.0,8.888888888886783,N,,N,
08:38,MUKANDLTD,11325,141.35,-1.31,2.61,,30.0,93.1,NORMAL,N,0.0,13.05683563748083,30.0,0.0,0.0,15,0.0,0.0,0.0,25,0.0,20,0.0,20.0,N,,N,
08:38,DEVYANI,5373,133.05,-1.25,2.49,,55.2,79.7,NORMAL,N,0.0,12.469383210866019,30.0,0.0,0.0,15,0.0,7.2715458042187056,0.0,25,0.0,20,17.93103448275673,0.0,N,,N,
08:38,HIKAL,9668,224.32,-1.24,2.48,,114.2,52.4,NORMAL,N,0.0,12.415250506295648,30.0,0.0,0.0,15,0.0,25.0,25,0.0,20,0.0,14.20000000000016,0.0,N,,N,
08:38,EMSLIMITED,18593,399.4,-1.24,2.47,,61.0,55.0,NORMAL,N,0.0,12.363996043521265,30.0,0.0,0.0,15,0.0,5.988828249901741,25,0.0,0.0,20,0.0,1.6666666666652454,N,,N,
08:38,BANKBARODA,4668,247.61,-1.23,2.47,,49.3,76.8,NORMAL,N,0.0,12.325488631830774,30.0,0.0,0.0,15,0.0,4.445832244029894,0.0,25,0.0,20,14.901960784313813,0.0,N,,N,
08:38,TDPOWERSYS,25178,1245.7,-1.21,2.41,,64.5,49.4,NORMAL,N,0.0,12.054881433896458,30.0,0.0,0.0,15,0.0,2.366283800389351,25,0.0,0.0,20,7.142857142857451,0.0,N,,N,
08:38,SUDARSCHEM,3327,1125.9,-1.2,2.4,,44.9,99.8,NORMAL,N,0.0,12.021762021761864,30.0,0.0,0.0,15,0.0,14.866251586541384,0.0,25,0.0,20,0.0,12.941176470587685,N,,N,
08:38,FSL,14304,276.5,-1.2,2.39,,60.9,72.9,NORMAL,N,0.0,11.97069858852965,30.0,0.0,0.0,15,0.0,10.9420895436422,0.0,25,20,0.0,0.0,10.000000000001894,N,,N,
08:38,VOLTAS,3718,1270.0,-1.17,2.33,,31.3,73.0,NORMAL,N,0.0,11.673151750972762,30.0,0.0,0.0,15,0.0,1.3422021414029992,0.0,25,0.0,20,0.0,0.0,N,,N,
08:38,WHIRLPOOL,18011,803.9,-1.14,2.28,,45.3,76.1,NORMAL,N,0.0,11.375514972637275,30.0,0.0,0.0,15,0.0,4.7272436563949825,0.0,25,0.0,20,10.52631578947318,0.0,N,,N,
08:38,ITC,1660,282.95,-1.1,2.2,,43.2,84.2,NORMAL,N,0.0,11.010136315973556,30.0,0.0,0.0,15,0.0,13.155660141826358,0.0,25,0.0,20,0.0,0.0,N,,N,
08:39,TPLPLASTEH,9219,75.89,-2.09,4.18,,63.4,64.3,NORMAL,N,0.0,20.900528964004696,30.0,0.0,0.0,15,0.0,8.41124289961394,25,0.0,0.0,20,0.0,0.0,N,,N,
08:39,TATACAP,759265,366.3,-1.08,2.16,,43.3,82.3,NORMAL,N,0.0,10.802052389954092,30.0,0.0,0.0,15,0.0,11.515745786164496,0.0,25,0.0,20,1.818181818182194,0.0,N,,N,
08:39,UNIONBANK,10753,181.66,-1.06,2.11,,56.3,82.8,NORMAL,N,0.0,10.566448801742906,30.0,0.0,0.0,15,0.0,12.229893248165695,0.0,25,0.0,20,14.074074074074854,0.0,N,,N,
08:39,WIPRO,3787,185.58,-1.04,2.08,,30.8,81.2,NORMAL,N,0.0,10.398336266197347,30.0,0.0,0.0,15,0.0,0.8207557554924052,0.0,25,0.0,20,0.0,10.0,N,,N,
08:39,ZODIACLOTH,3821,76.05,-2.04,4.07,,36.4,86.8,NORMAL,N,0.0,20.35295633131519,30.0,0.0,0.0,15,0.0,6.4332147811228255,0.0,25,0.0,20,0.0,0.0,N,,N,
08:39,CONCOR,4749,500.0,-1.03,2.06,,42.8,75.6,NORMAL,N,0.0,10.292953285827373,30.0,0.0,0.0,15,0.0,5.308761860241271,0.0,25,0.0,20,7.500000000002132,0.0,N,,N,
08:39,FDC,4898,366.0,-1.03,2.06,,67.8,88.1,NORMAL,N,0.0,10.275824770146055,30.0,0.0,0.0,15,0.0,17.776412000295736,0.0,25,0.0,20,20.0,0.0,N,,N,
08:39,PNB,10666,113.64,-1.02,2.04,,44.2,73.0,NORMAL,N,0.0,10.190749934674695,30.0,0.0,0.0,15,0.0,2.784060851205972,0.0,25,0.0,20,11.42857142857201,0.0,N,,N,
08:39,HINDALCO,1363,1049.0,-1.0,2.0,,64.7,88.8,NORMAL,N,0.0,10.003775009437438,30.0,0.0,0.0,15,0.0,18.784471369757043,0.0,25,0.0,20,15.900621118012172,0.0,N,,N,
08:39,EIDPARRY,916,797.05,-1.0,2.0,,80.6,25.0,NORMAL,N,0.0,9.998757918271107,29.996273754813323,0.0,0.0,15,0.0,0.0,25,0.0,20,0.0,5.555555555555696,0.0,N,,N,
08:39,TITAGARH,15414,839.0,-1.0,1.99,,67.2,51.5,NORMAL,N,0.0,9.971089739807711,29.91326921942313,0.0,0.0,15,0.0,6.52771976772189,25,0.0,0.0,20,5.714285714286643,0.0,N,,N,
08:39,LLOYDSME,17313,2059.3,-1.99,3.99,,55.0,71.2,NORMAL,N,0.0,19.940986103178965,30.0,0.0,0.0,15,0.0,0.0,25,0.0,0.0,20,0.0,16.307692307692868,N,,Y,NONRESULTS
08:39,IOC,1624,141.97,-0.98,1.97,,81.5,61.8,NORMAL,N,0.0,9.834007532431277,29.502022597293834,0.0,0.0,15,0.0,16.965157879372505,25,0.0,0.0,20,10.0,0.0,N,,N,
08:39,CROMPTON,17094,247.5,-0.98,1.96,,32.1,77.5,NORMAL,N,0.0,9.80196039207837,29.405881176235113,0.0,0.0,15,0.0,2.661017845586109,0.0,25,0.0,20,0.0,5.000000000001066,N,,N,
08:39,KRBL,10577,375.0,-0.96,1.93,,39.9,91.7,NORMAL,N,0.0,9.639508781196296,28.91852634358889,0.0,0.0,15,0.0,10.977286101591822,0.0,25,0.0,20,0.0,11.111111111111391,N,,N,
08:39,WINDMACHIN,24969,300.65,-0.96,1.91,,73.7,24.6,NORMAL,N,0.0,9.553615549333006,28.660846647999016,0.0,0.0,15,0.0,0.0,25,0.0,20,0.0,0.0,0.0,N,,N,
08:39,KARURVYSYA,1838,332.35,-0.95,1.91,,35.3,69.5,NORMAL,N,0.0,9.536581731485587,28.609745194456757,0.0,0.0,15,0.0,0.0,0.0,25,0.0,20,6.66666666666793,0.0,N,,N,
08:39,PARAS,5911,1265.0,-0.95,1.89,,82.4,41.5,NORMAL,N,0.0,9.474590869939638,28.42377260981891,0.0,0.0,15,0.0,8.978334156571535,25,0.0,20,0.0,0.0,8.000000000000808,N,,N,
08:39,TEXRAIL,21828,107.76,-0.94,1.88,,30.1,71.4,NORMAL,N,0.0,9.376723662437913,28.130170987313733,0.0,0.0,15,0.0,2.0151055869701207,0.0,25,0.0,20,0.0,0.0,N,,N,
08:39,SUPREMEINF,15002,89.6,-1.93,3.85,,53.0,102.3,NORMAL,N,0.0,19.264448336252244,30.0,0.0,0.0,15,0.0,23.027366647780457,0.0,25,0.0,20,0.0,0.0,N,,N,
08:39,SYMPHONY,24190,648.1,-0.91,1.82,,29.5,74.6,NORMAL,N,0.0,9.097163825395508,27.291491476186525,0.0,0.0,15,0.0,2.1866617534002137,0.0,25,0.0,20,0.0,3.33333333333207,N,,N,
08:39,TATAINVEST,1621,687.4,-0.9,1.8,,59.1,81.1,NORMAL,N,0.0,9.010307792114178,27.030923376342535,0.0,0.0,15,0.0,12.06817131774058,0.0,25,0.0,20,20.0,0.0,N,,N,
08:39,RVNL,9552,231.3,-0.89,1.78,,56.0,43.9,NORMAL,N,0.0,8.912503213642918,26.737509640928756,0.0,0.0,15,0.0,0.0,25,0.0,0.0,20,4.285714285713996,0.0,N,,N,
08:39,GODREJIND,10925,1300.0,-0.88,1.75,,83.1,55.6,NORMAL,N,0.0,8.768585589020207,26.305756767060622,0.0,0.0,15,0.0,11.791922275456033,25,0.0,0.0,20,20.0,0.0,N,,N,
08:39,MARKSANS,10579,271.45,-0.88,1.75,,71.6,44.1,NORMAL,N,0.0,8.763921855030251,26.291765565090753,0.0,0.0,15,0.0,0.3268931869633721,25,0.0,20,0.0,0.0,20.0,N,,N,
08:39,DIAMONDYD,21840,1216.7,-0.87,1.74,,76.2,88.7,NORMAL,N,0.0,8.717614469610595,26.152843408831785,0.0,0.0,15,0.0,25.0,25,0.0,0.0,20,0.0,20.0,N,,N,
08:39,AFFLE,11343,1615.0,-1.86,3.72,,51.5,80.1,NORMAL,N,0.0,18.595041322313996,30.0,0.0,0.0,15,0.0,1.4711032461595903,0.0,25,0.0,20,20.0,0.0,N,,N,
08:39,PATANJALI,17029,354.45,-0.85,1.71,,67.8,54.1,NORMAL,N,0.0,8.531468531468564,25.594405594405693,0.0,0.0,15,0.0,10.581532603343595,25,0.0,0.0,20,6.666666666665825,0.0,N,,N,
08:39,NITTAGELA,762824,1691.0,-1.85,3.7,,50.7,119.2,NORMAL,N,0.0,18.515293981078468,30.0,0.0,0.0,15,0.0,20.66723579468828,0.0,25,0.0,20,0.0,20.0,N,,N,
08:39,ITCHOTELS,29251,169.2,-0.85,1.7,,53.7,78.2,NORMAL,N,0.0,8.496923527688349,25.490770583065046,0.0,0.0,15,0.0,9.742600910429507,0.0,25,0.0,20,18.461538461539806,0.0,N,,N,
08:39,RAMKY,20134,403.4,-0.85,1.7,,59.8,52.8,NORMAL,N,0.0,8.479783704067948,25.43935111220385,0.0,0.0,15,0.0,9.318522372407164,25,0.0,0.0,20,0.0,0.0,N,,N,
08:39,HINDZINC,1424,598.0,-0.83,1.66,,44.5,68.5,NORMAL,N,0.0,8.291873963515755,24.875621890547265,0.0,0.0,15,0.0,0.2410727453421302,0.0,25,0.0,20,19.375000000000576,0.0,N,,N,
08:39,MARICO,4067,854.95,-0.82,1.64,,38.8,74.2,NORMAL,N,0.0,8.178654292343333,24.535962877030002,0.0,0.0,15,0.0,6.051046689679739,0.0,25,0.0,20,8.181818181818839,0.0,N,,N,
08:39,GABRIEL,1085,1487.8,-0.8,1.6,,33.9,69.9,NORMAL,N,0.0,8.001066808907856,24.003200426723566,0.0,0.0,15,0.0,1.8637345432218584,0.0,25,0.0,20,7.999999999998787,0.0,N,,N,
08:39,TORNTPOWER,13786,1340.0,-0.8,1.6,,27.1,68.0,NORMAL,N,0.0,7.995262066923273,23.985786200769816,0.0,0.0,15,0.0,0.0,0.0,25,0.0,20,3.076923076923884,0.0,N,,N,
08:39,SYNGENE,10243,400.5,-0.79,1.59,,76.7,30.8,NORMAL,N,0.0,7.926678226405718,23.780034679217152,0.0,0.0,15,0.0,7.900429215983179,25,0.0,20,0.0,0.0,0.0,N,,N,
08:39,ROSSARI,19410,510.0,-0.77,1.54,,86.6,43.6,NORMAL,N,0.0,7.685572526510448,23.056717579531348,0.0,0.0,15,0.0,18.549202255278257,25,0.0,20,0.0,0.0,2.4000000000005457,N,,N,
08:39,TECHNOE,6445,1058.2,-0.75,1.51,,28.2,67.5,NORMAL,N,0.0,7.5498241500585745,22.649472450175722,0.0,0.0,15,0.0,0.0,0.0,25,0.0,20,5.517241379311426,0.0,N,,N,
08:39,RSYSTEMS,13414,246.0,-0.75,1.49,,23.2,88.3,NORMAL,N,0.0,7.464192051644116,22.39257615493235,0.0,0.0,15,0.0,0.8114967496008327,0.0,25,0.0,20,0.0,20.0,N,,N,
08:39,ASHOKLEY,212,176.18,-0.74,1.49,,48.4,79.6,NORMAL,N,0.0,7.43661971830982,22.309859154929462,0.0,0.0,15,0.0,12.13896235013626,0.0,25,0.0,20,14.000000000000284,0.0,N,,N,
08:39,PVRINOX,13147,1147.5,-0.74,1.47,,24.7,80.7,NORMAL,N,0.0,7.352941176470588,22.058823529411764,0.0,0.0,15,0.0,2.6167882600477976,0.0,25,0.0,20,0.0,10.769230769231847,N,,N,
08:39,SANDHAR,2397,661.75,-0.74,1.47,,46.3,82.5,NORMAL,N,0.0,7.35018375459383,22.050551263781493,0.0,0.0,15,0.0,15.175336009543255,0.0,25,0.0,20,9.056603773584937,0.0,N,,N,
08:39,NTPC,11630,340.0,-0.73,1.46,,66.9,22.3,NORMAL,N,0.0,7.299270072992701,21.8978102189781,0.0,0.0,15,0.0,0.0,25,0.0,20,0.0,0.0,0.0,N,,N,
08:39,GICRE,277,354.6,-0.73,1.46,,21.8,67.3,NORMAL,N,0.0,7.27883538633809,21.83650615901427,0.0,0.0,15,0.0,0.0,0.0,25,0.0,20,0.0,0.0,N,,N,
08:39,LGEINDIA,760213,1559.1,-1.73,3.45,,41.7,106.0,NORMAL,N,0.0,17.270721714465864,30.0,0.0,0.0,15,0.0,11.722665557972135,0.0,25,0.0,20,0.0,17.049180327869255,N,,N,
08:39,IREDA,20261,118.95,-0.71,1.42,,39.4,76.5,NORMAL,N,0.0,7.095158597662724,21.285475792988173,0.0,0.0,15,0.0,9.387408828361082,0.0,25,0.0,20,8.749999999999334,0.0,N,,N,
08:39,EXIDEIND,676,486.55,-0.7,1.41,,52.1,48.0,NORMAL,N,0.0,7.04081632653059,21.122448979591766,0.0,0.0,15,0.0,5.992398145281134,25,0.0,0.0,20,0.0,0.0,N,,N,
08:39,RELIANCE,2885,1325.5,-0.7,1.39,,42.2,72.0,NORMAL,N,0.0,6.967335930476442,20.902007791429327,0.0,0.0,15,0.0,5.075342913727129,0.0,25,0.0,20,16.249999999998046,0.0,N,,N,
08:39,ICICIPRULI,18652,497.6,-0.69,1.38,,82.6,26.9,NORMAL,N,0.0,6.885540365232988,20.656621095698966,0.0,0.0,15,0.0,4.974584375719301,25,0.0,20,0.0,11.999999999999698,0.0,N,,N,
08:39,JIOFIN,18143,255.05,-0.68,1.36,,41.4,72.2,NORMAL,N,0.0,6.814641744548287,20.44392523364486,0.0,0.0,15,0.0,5.413764654706974,0.0,25,0.0,20,15.555555555555696,0.0,N,,N,
08:39,INDIANB,14309,883.5,-0.67,1.35,,35.5,68.6,NORMAL,N,0.0,6.745362563237773,20.23608768971332,0.0,0.0,15,0.0,1.894118289702437,0.0,25,0.0,20,13.333333333334457,0.0,N,,N,
08:39,CAMPUS,9362,222.87,-0.67,1.34,,85.1,21.7,NORMAL,N,0.0,6.685385746757587,20.05615724027276,0.0,0.0,15,0.0,0.0,25,0.0,20,0.0,20.0,0.0,N,,N,
08:39,VISHNU,6908,582.7,-0.66,1.33,,30.1,96.8,NORMAL,N,0.0,6.648482782134295,19.945448346402884,0.0,0.0,15,0.0,10.131579438918761,0.0,25,0.0,20,0.0,20.0,N,,N,
08:39,COALINDIA,20374,412.5,-0.66,1.32,,55.7,56.5,NORMAL,N,0.0,6.622516556291391,19.867549668874172,0.0,0.0,15,0.0,10.855436518600548,25,0.0,0.0,20,0.0,4.0000000000009095,N,,N,
08:39,PRICOLLTD,19631,733.2,-0.64,1.27,,22.7,67.1,NORMAL,N,0.0,6.369426751592265,19.108280254776794,0.0,0.0,15,0.0,0.7339576638290269,0.0,25,0.0,20,2.8571428571425477,0.0,N,,N,
08:39,ITDC,19299,697.35,-0.63,1.25,,26.8,93.3,NORMAL,N,0.0,6.27003918774489,18.81011756323467,0.0,0.0,15,0.0,7.9981274987538225,0.0,25,0.0,20,0.0,19.04761904761781,N,,N,
08:39,AWL,8110,196.28,-0.62,1.24,,54.6,91.2,NORMAL,N,0.0,6.1772151898734124,18.531645569620235,0.0,0.0,15,0.0,25.0,0.0,25,0.0,20,11.081081081080853,0.0,N,,N,
08:39,KIRLOSENG,20936,2126.9,-1.61,3.22,,95.7,35.1,NORMAL,N,0.0,16.098441041772556,30.0,0.0,0.0,15,0.0,4.017305549719833,25,0.0,20,0.0,16.666666666666035,0.0,N,,N,
08:39,LLOYDSENGG,17801,95.34,-1.59,3.18,,41.2,82.3,NORMAL,N,0.0,15.895953757225351,30.0,0.0,0.0,15,0.0,6.394785578501967,0.0,25,0.0,20,4.761904761905987,0.0,N,,N,
08:39,LICHSGFIN,1997,501.3,-0.59,1.17,,59.6,48.5,NORMAL,N,0.0,5.8502726822012665,17.550818046603798,0.0,0.0,15,0.0,7.643491570770442,25,0.0,0.0,20,9.411764705882904,0.0,N,,N,
08:39,SBICARD,17971,655.15,-0.58,1.17,,68.0,20.8,NORMAL,N,0.0,5.842185128983343,17.52655538695003,0.0,0.0,15,0.0,0.0,25,0.0,20,0.0,5.4545454545439505,0.0,N,,N,
08:39,ELGIEQUIP,937,585.1,-0.57,1.14,,68.8,36.5,NORMAL,N,0.0,5.692922083439583,17.07876625031875,0.0,0.0,15,0.0,6.688080308439925,25,0.0,20,0.0,0.0,9.090909090908903,N,,N,
08:39,SHARDACROP,4992,809.45,-0.57,1.13,,68.0,38.7,NORMAL,N,0.0,5.650758552914329,16.952275658742987,0.0,0.0,15,0.0,6.00654078229665,25,0.0,20,0.0,0.0,12.000000000001211,N,,N,
08:39,MATRIMONY,21726,478.15,-0.55,1.1,,80.3,59.3,NORMAL,N,0.0,5.511647254575778,16.534941763727332,0.0,0.0,15,0.0,18.756871458860207,25,0.0,20,0.0,0.0,20.0,N,,N,
08:39,HUDCO,20825,199.94,-0.55,1.09,,16.4,85.5,NORMAL,N,0.0,5.471547950656558,16.414643851969675,0.0,0.0,15,0.0,0.0,0.0,25,0.0,20,0.0,20.0,N,,N,
08:39,BHARTIHEXA,23489,1515.4,-1.52,3.04,,99.8,41.3,NORMAL,N,0.0,15.206654536001992,30.0,0.0,0.0,15,0.0,11.13306496867738,25,0.0,20,0.0,13.70370370370364,0.0,N,,N,
08:39,GMRAIRPORT,13528,106.65,-0.51,1.03,,87.3,37.8,NORMAL,N,0.0,5.130597014925347,15.39179104477604,0.0,0.0,15,0.0,17.684420052486946,25,0.0,20,0.0,9.230769230767716,0.0,Y,NONRESULTS,N,
08:39,KFINTECH,13359,931.45,-0.49,0.97,,60.9,29.9,NORMAL,N,0.0,4.861111111111063,14.583333333333188,0.0,0.0,15,0.0,1.3159732104874629,25,0.0,20,0.0,0.0,8.750000000001066,N,,N,
08:39,LTFOODS,13816,425.5,-0.48,0.96,,20.0,77.0,NORMAL,N,0.0,4.794760846684625,14.384282540053874,0.0,0.0,15,0.0,5.56851884623047,0.0,25,0.0,20,0.0,6.66666666666793,N,,N,
08:39,DRREDDY,881,1166.5,-0.47,0.94,,23.8,74.5,NORMAL,N,0.0,4.69283276450512,14.07849829351536,0.0,0.0,15,0.0,9.759179540026103,0.0,25,0.0,20,0.0,0.0,N,,N,
08:39,INDOCO,11677,220.7,-0.46,0.93,,80.5,21.2,NORMAL,N,0.0,4.645289315834579,13.935867947503738,0.0,0.0,15,0.0,1.6015783202128406,25,0.0,20,0.0,20.0,0.0,N,,N,
08:39,GUJGASLTD,10599,264.1,-0.45,0.9,,53.7,44.7,NORMAL,N,0.0,4.5231813041839,13.5695439125517,0.0,0.0,15,0.0,5.161859086674718,25,0.0,0.0,20,10.0,0.0,N,,N,
08:39,ETERNAL,5097,313.6,-0.44,0.89,,21.2,79.6,NORMAL,N,0.0,4.444444444444373,13.333333333333117,0.0,0.0,15,0.0,7.865395396174615,0.0,25,0.0,20,0.0,7.2727272727267085,N,,N,
08:39,BPCL,526,319.65,-0.42,0.84,,96.9,38.5,NORMAL,N,0.0,4.205607476635585,12.616822429906756,0.0,0.0,15,0.0,19.323074921410672,25,0.0,20,0.0,20.0,0.0,N,,N,
08:39,MASFIN,199,300.95,-0.4,0.79,,16.5,74.2,NORMAL,N,0.0,3.9715373159026592,11.914611947707979,0.0,0.0,15,0.0,4.5391223349664385,0.0,25,0.0,20,0.0,5.714285714285482,N,,N,
08:39,HAVELLS,9819,1283.0,-0.39,0.78,,34.0,49.6,NORMAL,N,0.0,3.8819875776397517,11.645962732919255,0.0,0.0,15,0.0,2.397859142570291,0.0,25,20,0.0,0.0,3.333333333330807,N,,N,
08:39,GPIL,13409,239.72,-0.37,0.74,,58.0,22.9,NORMAL,N,0.0,3.6989318814679972,11.096795644403992,0.0,0.0,15,0.0,1.9410040855722084,25,0.0,20,0.0,0.0,2.222222222223275,N,,N,
08:39,FEDERALBNK,1023,354.95,-0.36,0.73,,16.5,65.9,NORMAL,N,0.0,3.649122807017576,10.947368421052728,0.0,0.0,15,0.0,2.208098409090178,0.0,25,0.0,20,3.333333333333965,0.0,N,,N,
08:39,PUNJABCHEM,4344,1107.3,-0.34,0.68,,35.3,38.4,NORMAL,N,0.0,3.420034200341963,10.260102601025888,0.0,0.0,15,0.0,0.0,25,0.0,0.0,20,0.0,0.0,N,,N,
08:39,JYOTHYLAB,15146,205.8,-0.32,0.65,,32.8,66.3,NORMAL,N,0.0,3.245023490095353,9.73507047028606,0.0,0.0,15,0.0,3.0443176889894477,0.0,25,0.0,20,20.0,0.0,N,,N,
08:39,SONACOMS,4684,815.5,-0.31,0.62,,19.4,72.0,NORMAL,N,0.0,3.117168877207939,9.351506631623817,0.0,0.0,15,0.0,8.905805264634193,0.0,25,0.0,20,1.1111111111101286,0.0,N,,N,
08:39,HOMEFIRST,2056,1190.1,-0.31,0.62,,71.8,32.1,NORMAL,N,0.0,3.0993466242252015,9.298039872675604,0.0,0.0,15,0.0,13.974421422451059,25,0.0,20,0.0,3.4782608695641,0.0,N,,N,
08:39,GENUSPOWER,11905,305.7,-0.31,0.62,,22.2,66.0,NORMAL,N,0.0,3.09799445622041,9.29398336866123,0.0,0.0,15,0.0,2.8624900470883325,0.0,25,0.0,20,10.0,0.0,N,,N,
08:39,ADANIGREEN,3563,1368.2,-0.31,0.61,,70.2,42.4,NORMAL,N,0.0,3.0603322646459086,9.180996793937727,0.0,0.0,15,0.0,15.995955427390756,25,0.0,20,0.0,0.0,8.333333333333018,N,,N,
08:39,DEEPAKNTR,19943,1773.9,-1.26,2.52,,32.5,93.6,NORMAL,N,0.0,12.58001669913716,30.0,0.0,0.0,15,0.0,2.53312146820635,0.0,25,0.0,20,0.0,18.53658536585385,N,,N,
08:39,TOKYOPLAST,9710,80.0,-1.23,2.47,,62.1,34.5,NORMAL,N,0.0,12.345679012345677,30.0,0.0,0.0,15,0.0,7.1428571428571415,25,0.0,0.0,0.0,0.0,0.0,N,,N,
08:39,MASTEK,2124,1811.1,-1.14,2.28,,40.0,71.4,NORMAL,N,0.0,11.408296943231491,30.0,0.0,0.0,15,0.0,0.0,0.0,25,0.0,20,10.0,0.0,N,,N,
08:39,RAINBOW,9408,1541.1,-1.0,2.0,,61.3,59.3,NORMAL,N,0.0,10.021198689535645,30.0,0.0,0.0,15,0.0,6.254104177383265,25,0.0,0.0,20,0.0,7.999999999998787,N,,N,
08:39,TIMKEN,14198,3310.3,-0.98,1.96,,52.1,77.3,NORMAL,N,0.0,9.811253028626044,29.433759085878133,0.0,0.0,15,0.0,7.474438607195068,0.0,25,0.0,20,15.172413793104099,0.0,N,,N,
08:39,ZFCVINDIA,16915,2612.6,-0.93,1.87,,57.0,58.8,NORMAL,N,0.0,9.328075231305897,27.98422569391769,0.0,0.0,15,0.0,3.9716141159565193,25,0.0,0.0,20,0.0,10.476190476192127,N,,N,
08:39,COLPAL,15141,2011.2,-0.93,1.85,,43.6,77.9,NORMAL,N,0.0,9.261083743842342,27.783251231527025,0.0,0.0,15,0.0,8.67673196155015,0.0,25,0.0,20,7.096774193548009,0.0,N,,N,
08:39,ADANIPORTS,15083,1679.3,-0.84,1.68,,63.6,54.8,NORMAL,N,0.0,8.38500147623268,25.155004428698042,0.0,0.0,15,0.0,11.397659680155906,25,0.0,0.0,20,1.999999999998181,0.0,N,,N,
08:39,BAJAJHFL,25270,85.16,-0.73,1.47,,57.9,53.2,NORMAL,N,0.0,7.343513229980296,22.030539689940888,0.0,0.0,15,0.0,10.83262116823351,25,0.0,0.0,20,0.0,0.0,N,,N,
08:39,JAGRAN,13211,63.0,-0.72,1.45,,57.9,69.4,NORMAL,N,0.0,7.248660573589676,21.745981720769027,0.0,0.0,15,0.0,11.182034044844501,25,0.0,0.0,20,0.0,16.00000000000057,N,,N,
08:39,MANKIND,15380,2439.0,-0.69,1.38,,50.5,46.6,NORMAL,N,0.0,6.921824104234528,20.765472312703583,0.0,0.0,15,0.0,4.697006149062314,25,0.0,0.0,20,0.0,0.0,N,,N,
08:39,IDBI,1476,83.65,-0.68,1.35,,27.9,87.7,NORMAL,N,0.0,6.7679886012822745,20.303965803846822,0.0,0.0,15,0.0,7.626165677084574,0.0,25,0.0,20,0.0,13.333333333339649,N,,N,
08:39,COCHINSHIP,21508,1509.7,-0.66,1.32,,25.8,72.7,NORMAL,N,0.0,6.580246101204184,19.740738303612552,0.0,0.0,15,0.0,6.0785530124450995,0.0,25,0.0,20,0.0,0.0,N,,N,
08:39,MOREPENLAB,2259,79.75,-0.62,1.25,,23.0,68.4,NORMAL,N,0.0,6.230529595015575,18.69158878504673,0.0,0.0,15,0.0,2.1298635905285566,0.0,25,0.0,20,2.222222222220117,0.0,N,,N,
08:39,BHARTIARTL,10604,1947.9,-0.61,1.22,,65.6,40.2,NORMAL,N,0.0,6.1227613653757835,18.36828409612735,0.0,0.0,15,0.0,2.1879035794988804,25,0.0,20,0.0,0.0,16.923076923076117,N,,N,
08:39,NESTLEIND,17963,1531.7,-0.54,1.08,,22.0,77.9,NORMAL,N,0.0,5.389610389610359,16.16883116883108,0.0,0.0,15,0.0,5.8442193482042395,0.0,25,0.0,20,0.0,6.666666666666666,N,,N,
08:39,TCS,11536,2439.5,-0.54,1.08,,18.1,81.7,NORMAL,N,0.0,5.381824112202804,16.145472336608414,0.0,0.0,15,0.0,1.931096580525371,0.0,25,0.0,20,0.0,14.400000000001455,N,,N,
08:39,HINDUNILVR,1394,2085.5,-0.5,1.0,,34.4,97.4,NORMAL,N,0.0,5.009541984732824,15.028625954198471,0.0,0.0,15,0.0,19.341596999944574,0.0,25,0.0,20,0.0,12.999999999997272,N,,N,
08:39,AUROPHARMA,275,1649.7,-0.5,1.0,,41.7,79.1,NORMAL,N,0.0,5.006031363088031,15.01809408926409,0.0,0.0,15,0.0,14.071135522875247,0.0,25,0.0,20,12.592592592591032,0.0,N,,N,
08:39,NBCC,31415,94.86,-0.49,0.99,,42.1,72.2,NORMAL,N,0.0,4.93024231616489,14.790726948494667,0.0,0.0,15,0.0,7.302014327409647,0.0,25,0.0,20,20.0,0.0,N,,N,
08:39,COROMANDEL,739,2060.0,-0.45,0.9,,58.5,19.5,NORMAL,N,0.0,4.49427342579625,13.482820277388752,0.0,0.0,15,0.0,0.0,25,0.0,20,0.0,0.0,0.0,N,,N,
08:39,GLENMARK,7406,2268.9,-0.45,0.9,,66.0,54.3,NORMAL,N,0.0,4.475450835856179,13.426352507568536,0.0,0.0,15,0.0,14.811003623140293,25,0.0,0.0,20,12.799999999999272,0.0,N,,N,
08:39,ADANIENT,25,3008.3,-0.39,0.77,,87.3,36.2,NORMAL,N,0.0,3.874172185430403,11.62251655629121,0.0,0.0,15,0.0,17.29504633600558,25,0.0,20,0.0,13.428571428570908,0.0,N,,N,
08:39,DOMS,20551,2252.1,-0.38,0.75,,59.1,21.6,NORMAL,N,0.0,3.760063699902681,11.280191099708043,0.0,0.0,15,0.0,2.82568381134193,25,0.0,20,0.0,0.0,0.0,N,,N,
08:39,EBGNG,757862,557.15,5.99,11.99,,141.9,8.9,NORMAL,Y,30.0,0.0,30.0,0.0,15,0.0,0.0,8.850788547555286,25,0.0,20,0.0,13.066666666666302,0.0,N,,N,
08:39,TRIVENI,13081,245.4,5.22,10.45,,101.1,40.5,NORMAL,Y,30.0,0.0,30.0,0.0,15,0.0,0.0,6.061785288195593,0.0,25,20,0.0,0.0,9.411764705882451,N,,N,
08:39,MAHSEAMLES,2088,613.35,4.01,8.02,,123.7,15.4,NORMAL,Y,30.0,0.0,30.0,0.0,15,0.0,0.0,3.731668828312674,25,0.0,20,0.0,0.0,11.666666666666982,N,,N,
08:39,HFCL,21951,215.85,3.78,7.57,,129.7,18.1,NORMAL,N,30.0,0.0,30.0,0.0,15,0.0,0.0,9.729625600518029,25,0.0,20,0.0,0.0,8.372093023256,N,,N,
08:39,FINCABLES,1038,1056.45,3.1,6.21,,112.6,32.6,NORMAL,N,30.0,0.0,30.0,0.0,15,0.0,0.0,7.640878049465917,0.0,25,20,0.0,10.0,0.0,N,,N,
