scan_time,ticker,sid,ltp,gap_pct,rs,rvol,long_score,short_score,regime,in_shortlist,gap_L,gap_S,rs_L,rs_S,sector_L,sector_S,rvol_pts,atr_pts,st_L,st_S,vwap_L,vwap_S,body_L,body_S,has_nse_event,event_sentiment
04:07,NARMADA,6364,418.95,7.98,15.95,,60.0,0.0,NORMAL,Y,30.0,0.0,30.0,0.0,0.0,0.0,0.0,0.0,0.0,0.0,0.0,0.0,0.0,0.0,N,,N,
04:07,BATAINDIA,371,733.4,4.79,9.59,,60.0,0.0,NORMAL,Y,30.0,0.0,30.0,0.0,0.0,0.0,0.0,0.0,0.0,0.0,0.0,0.0,0.0,0.0,N,,N,
04:07,PRICOLLTD,19631,769.05,4.33,8.65,,60.0,0.0,NORMAL,Y,30.0,0.0,30.0,0.0,0.0,0.0,0.0,0.0,0.0,0.0,0.0,0.0,0.0,0.0,N,,N,
04:07,HINDALCO,1363,1086.15,3.53,7.06,,60.0,0.0,NORMAL,Y,30.0,0.0,30.0,0.0,0.0,0.0,0.0,0.0,0.0,0.0,0.0,0.0,0.0,0.0,N,,N,
04:07,HGINFRA,1672,566.85,3.48,6.96,,60.0,0.0,NORMAL,Y,30.0,0.0,30.0,0.0,0.0,0.0,0.0,0.0,0.0,0.0,0.0,0.0,0.0,0.0,N,,N,
04:07,NIACL,399,185.33,3.32,6.65,,60.0,0.0,NORMAL,Y,30.0,0.0,30.0,0.0,0.0,0.0,0.0,0.0,0.0,0.0,0.0,0.0,0.0,0.0,N,,N,
04:07,VLSFINANCE,3715,268.6,2.83,5.67,,58.3,0.0,NORMAL,Y,28.330781010719885,0.0,30.0,0.0,0.0,0.0,0.0,0.0,0.0,0.0,0.0,0.0,0.0,0.0,N,,N,
04:07,WALCHANNAG,3736,239.39,2.83,5.66,,58.3,0.0,NORMAL,Y,28.307560137456935,0.0,30.0,0.0,0.0,0.0,0.0,0.0,0.0,0.0,0.0,0.0,0.0,0.0,N,,N,
04:07,YUKEN,5501,826.7,2.67,5.34,,56.7,0.0,NORMAL,Y,26.70144063586686,0.0,30.0,0.0,0.0,0.0,0.0,0.0,0.0,0.0,0.0,0.0,0.0,0.0,N,,N,
04:07,APCL,20453,107.0,2.62,5.24,,56.2,0.0,NORMAL,Y,26.182027428790683,0.0,30.0,0.0,0.0,0.0,0.0,0.0,0.0,0.0,0.0,0.0,0.0,0.0,N,,Y,NONRESULTS
04:07,PNB,10666,116.84,2.46,4.93,,54.6,0.0,NORMAL,Y,24.642637902306433,0.0,30.0,0.0,0.0,0.0,0.0,0.0,0.0,0.0,0.0,0.0,0.0,0.0,N,,N,
04:07,VARROC,3857,861.35,2.28,4.56,,52.8,0.0,NORMAL,Y,22.798788814344295,0.0,30.0,0.0,0.0,0.0,0.0,0.0,0.0,0.0,0.0,0.0,0.0,0.0,N,,N,
04:07,MSTCLTD,9356,583.45,2.18,4.36,,51.8,0.0,NORMAL,N,21.803852889667333,0.0,30.0,0.0,0.0,0.0,0.0,0.0,0.0,0.0,0.0,0.0,0.0,0.0,N,,N,
04:07,JMFINANCIL,13637,128.89,2.16,4.31,,51.6,0.0,NORMAL,Y,21.558215106602077,0.0,30.0,0.0,0.0,0.0,0.0,0.0,0.0,0.0,0.0,0.0,0.0,0.0,N,,N,
04:07,GOCLCORP,3963,438.45,2.07,4.14,,50.7,0.0,NORMAL,Y,20.719357467116698,0.0,30.0,0.0,0.0,0.0,0.0,0.0,0.0,0.0,0.0,0.0,0.0,0.0,N,,N,
04:07,BERGEPAINT,404,545.95,2.06,4.11,,50.6,0.0,NORMAL,Y,20.56266940835592,0.0,30.0,0.0,0.0,0.0,0.0,0.0,0.0,0.0,0.0,0.0,0.0,0.0,N,,N,
04:07,ABMKNO,762528,201.99,2.04,4.08,,50.4,0.0,NORMAL,Y,20.40919424097005,0.0,30.0,0.0,0.0,0.0,0.0,0.0,0.0,0.0,0.0,0.0,0.0,0.0,N,,N,
04:07,TDPOWERSYS,25178,1512.3,18.56,37.11,,60.0,0.0,NORMAL,Y,30.0,0.0,30.0,0.0,0.0,0.0,0.0,0.0,0.0,0.0,0.0,0.0,0.0,0.0,N,,N,
04:07,BHEL,438,411.05,2.0,4.0,,50.0,0.0,NORMAL,Y,19.97518610421839,0.0,30.0,0.0,0.0,0.0,0.0,0.0,0.0,0.0,0.0,0.0,0.0,0.0,N,,N,
04:07,VERANDA,8890,253.0,1.95,3.91,,49.5,0.0,NORMAL,Y,19.54463026395323,0.0,30.0,0.0,0.0,0.0,0.0,0.0,0.0,0.0,0.0,0.0,0.0,0.0,N,,N,
04:07,TVSSCS,18151,128.57,1.95,3.9,,49.5,0.0,NORMAL,N,19.50677979541665,0.0,30.0,0.0,0.0,0.0,0.0,0.0,0.0,0.0,0.0,0.0,0.0,0.0,N,,N,
04:07,SHARDAMOTR,10530,894.0,1.95,3.9,,49.5,0.0,NORMAL,Y,19.500513171399277,0.0,30.0,0.0,0.0,0.0,0.0,0.0,0.0,0.0,0.0,0.0,0.0,0.0,N,,N,
04:07,SANDHAR,2397,633.7,1.89,3.78,,48.9,0.0,NORMAL,N,18.892193906262563,0.0,30.0,0.0,0.0,0.0,0.0,0.0,0.0,0.0,0.0,0.0,0.0,0.0,N,,N,
04:07,RELAXO,24225,429.45,1.85,3.7,,48.5,0.0,NORMAL,Y,18.498754891497715,0.0,30.0,0.0,0.0,0.0,0.0,0.0,0.0,0.0,0.0,0.0,0.0,0.0,N,,N,
04:07,UNIONBANK,10753,185.81,1.81,3.63,,48.1,0.0,NORMAL,Y,18.136986301369873,0.0,30.0,0.0,0.0,0.0,0.0,0.0,0.0,0.0,0.0,0.0,0.0,0.0,N,,N,
04:07,SHIVALIK,7026,261.5,1.81,3.62,,48.1,0.0,NORMAL,Y,18.103951722795316,0.0,30.0,0.0,0.0,0.0,0.0,0.0,0.0,0.0,0.0,0.0,0.0,0.0,N,,N,
04:07,TNPL,3980,156.8,1.8,3.61,,48.0,0.0,NORMAL,Y,18.049603947539286,0.0,30.0,0.0,0.0,0.0,0.0,0.0,0.0,0.0,0.0,0.0,0.0,0.0,N,,N,
04:07,BORORENEW,3149,572.0,1.69,3.38,,46.9,0.0,NORMAL,N,16.888888888888886,0.0,30.0,0.0,0.0,0.0,0.0,0.0,0.0,0.0,0.0,0.0,0.0,0.0,N,,N,
04:07,JAINREC,759244,302.75,1.68,3.36,,46.8,0.0,NORMAL,N,16.79261125104954,0.0,30.0,0.0,0.0,0.0,0.0,0.0,0.0,0.0,0.0,0.0,0.0,0.0,N,,N,
04:07,WELSPUNLIV,11253,162.31,1.66,3.32,,46.6,0.0,NORMAL,Y,16.59777026180637,0.0,30.0,0.0,0.0,0.0,0.0,0.0,0.0,0.0,0.0,0.0,0.0,0.0,N,,N,
04:07,EXIDEIND,676,491.35,1.66,3.31,,46.6,0.0,NORMAL,Y,16.551153408503154,0.0,30.0,0.0,0.0,0.0,0.0,0.0,0.0,0.0,0.0,0.0,0.0,0.0,N,,N,
04:07,PETRONET,11351,281.3,1.55,3.1,,45.5,0.0,NORMAL,Y,15.523465703971159,0.0,30.0,0.0,0.0,0.0,0.0,0.0,0.0,0.0,0.0,0.0,0.0,0.0,N,,N,
04:07,ZENITHEXPO,4176,254.9,1.53,3.05,,45.3,0.0,NORMAL,Y,15.25470984187682,0.0,30.0,0.0,0.0,0.0,0.0,0.0,0.0,0.0,0.0,0.0,0.0,0.0,N,,N,
04:07,HINDZINC,1424,595.45,1.5,3.0,,45.0,0.0,NORMAL,Y,15.000426148470241,0.0,30.0,0.0,0.0,0.0,0.0,0.0,0.0,0.0,0.0,0.0,0.0,0.0,N,,N,
04:07,CANBK,10794,132.24,1.49,2.98,,44.9,0.0,NORMAL,Y,14.888718342287012,0.0,30.0,0.0,0.0,0.0,0.0,0.0,0.0,0.0,0.0,0.0,0.0,0.0,N,,N,
04:07,INDIANB,14309,888.55,1.48,2.96,,44.8,0.0,NORMAL,Y,14.78985838282313,0.0,30.0,0.0,0.0,0.0,0.0,0.0,0.0,0.0,0.0,0.0,0.0,0.0,N,,N,
04:07,CHEMPLASTS,5449,174.2,1.47,2.94,,44.7,0.0,NORMAL,N,14.678471575023194,0.0,30.0,0.0,0.0,0.0,0.0,0.0,0.0,0.0,0.0,0.0,0.0,0.0,N,,N,
04:07,SCHNEIDER,31234,1423.3,1.43,2.85,,44.3,0.0,NORMAL,Y,14.252120002850425,0.0,30.0,0.0,0.0,0.0,0.0,0.0,0.0,0.0,0.0,0.0,0.0,0.0,N,,N,
04:07,SBIN,3045,1080.9,1.4,2.8,,44.0,0.0,NORMAL,Y,13.977485928705526,0.0,30.0,0.0,0.0,0.0,0.0,0.0,0.0,0.0,0.0,0.0,0.0,0.0,N,,N,
04:07,YATRA,18760,115.82,1.32,2.64,,43.2,0.0,NORMAL,Y,13.209692940250118,0.0,30.0,0.0,0.0,0.0,0.0,0.0,0.0,0.0,0.0,0.0,0.0,0.0,N,,N,
04:07,GUJGASLTD,10599,278.0,1.31,2.62,,43.1,0.0,NORMAL,Y,13.119533527696877,0.0,30.0,0.0,0.0,0.0,0.0,0.0,0.0,0.0,0.0,0.0,0.0,0.0,N,,N,
04:07,APLLTD,25328,849.65,1.29,2.57,,42.9,0.0,NORMAL,Y,12.874769029027782,0.0,30.0,0.0,0.0,0.0,0.0,0.0,0.0,0.0,0.0,0.0,0.0,0.0,N,,N,
04:07,MEESHO,760229,192.8,1.26,2.51,,42.6,0.0,NORMAL,Y,12.551861771965836,0.0,30.0,0.0,0.0,0.0,0.0,0.0,0.0,0.0,0.0,0.0,0.0,0.0,N,,N,
04:07,VEDL,3063,278.4,1.24,2.47,,42.4,0.0,NORMAL,Y,12.363636363636282,0.0,30.0,0.0,0.0,0.0,0.0,0.0,0.0,0.0,0.0,0.0,0.0,0.0,N,,N,
04:07,PENIND,20621,161.24,1.21,2.42,,42.1,0.0,NORMAL,N,12.114744837110079,0.0,30.0,0.0,0.0,0.0,0.0,0.0,0.0,0.0,0.0,0.0,0.0,0.0,N,,N,
04:07,IOC,1624,141.68,1.2,2.4,,42.0,0.0,NORMAL,Y,12.00000000000005,0.0,30.0,0.0,0.0,0.0,0.0,0.0,0.0,0.0,0.0,0.0,0.0,0.0,N,,N,
04:07,MOIL,20830,282.65,1.15,2.29,,41.5,0.0,NORMAL,Y,11.451064591161169,0.0,30.0,0.0,0.0,0.0,0.0,0.0,0.0,0.0,0.0,0.0,0.0,0.0,N,,N,
04:07,TRIVENI,13081,241.1,1.13,2.27,,41.3,0.0,NORMAL,N,11.325503355704651,0.0,30.0,0.0,0.0,0.0,0.0,0.0,0.0,0.0,0.0,0.0,0.0,0.0,N,,N,
04:07,VGUARD,15362,327.95,1.13,2.25,,41.3,0.0,NORMAL,Y,11.255010792476032,0.0,30.0,0.0,0.0,0.0,0.0,0.0,0.0,0.0,0.0,0.0,0.0,0.0,N,,N,
04:07,ENGINERSIN,4907,245.72,1.12,2.25,,41.2,0.0,NORMAL,Y,11.235030248158319,0.0,30.0,0.0,0.0,0.0,0.0,0.0,0.0,0.0,0.0,0.0,0.0,0.0,N,,N,
04:07,M&MFIN,13285,403.25,1.12,2.23,,41.2,0.0,NORMAL,Y,11.158475426278809,0.0,30.0,0.0,0.0,0.0,0.0,0.0,0.0,0.0,0.0,0.0,0.0,0.0,N,,N,
04:07,TMCV,759782,454.95,1.09,2.18,,40.9,0.0,NORMAL,Y,10.887679146761421,0.0,30.0,0.0,0.0,0.0,0.0,0.0,0.0,0.0,0.0,0.0,0.0,0.0,N,,N,
04:07,QUICKHEAL,13131,153.0,1.08,2.17,,40.8,0.0,NORMAL,N,10.835095137420627,0.0,30.0,0.0,0.0,0.0,0.0,0.0,0.0,0.0,0.0,0.0,0.0,0.0,N,,N,
04:07,BANKBARODA,4668,248.85,1.08,2.15,,40.8,0.0,NORMAL,Y,10.763606823720577,0.0,30.0,0.0,0.0,0.0,0.0,0.0,0.0,0.0,0.0,0.0,0.0,0.0,N,,N,
04:07,BANKINDIA,4745,144.4,1.05,2.1,,40.5,0.0,NORMAL,Y,10.496850944716586,0.0,30.0,0.0,0.0,0.0,0.0,0.0,0.0,0.0,0.0,0.0,0.0,0.0,N,,N,
04:07,SCI,3048,296.85,0.99,1.97,,39.5,0.0,NORMAL,Y,9.865623405341161,0.0,29.596870216023483,0.0,0.0,0.0,0.0,0.0,0.0,0.0,0.0,0.0,0.0,0.0,N,,N,
04:07,ELGIEQUIP,937,579.45,0.98,1.95,,39.0,0.0,NORMAL,N,9.758647730243135,0.0,29.275943190729404,0.0,0.0,0.0,0.0,0.0,0.0,0.0,0.0,0.0,0.0,0.0,N,,N,
04:07,HEG,1336,684.75,0.96,1.92,,38.3,0.0,NORMAL,Y,9.583486914854404,0.0,28.750460744563213,0.0,0.0,0.0,0.0,0.0,0.0,0.0,0.0,0.0,0.0,0.0,N,,N,
04:07,APOLLOTYRE,163,447.2,0.95,1.9,,37.9,0.0,NORMAL,Y,9.480812641083496,0.0,28.442437923250484,0.0,0.0,0.0,0.0,0.0,0.0,0.0,0.0,0.0,0.0,0.0,N,,N,
04:07,SOUTHWEST,9678,230.38,0.94,1.88,,37.7,0.0,NORMAL,N,9.420321605398087,0.0,28.260964816194264,0.0,0.0,0.0,0.0,0.0,0.0,0.0,0.0,0.0,0.0,0.0,N,,N,
04:07,SUPREMEINF,15002,87.11,1.93,3.86,,49.3,0.0,NORMAL,Y,19.30727825883461,0.0,30.0,0.0,0.0,0.0,0.0,0.0,0.0,0.0,0.0,0.0,0.0,0.0,N,,N,
04:07,ASHOKLEY,212,176.43,0.92,1.83,,36.6,0.0,NORMAL,Y,9.151747411771401,0.0,27.455242235314206,0.0,0.0,0.0,0.0,0.0,0.0,0.0,0.0,0.0,0.0,0.0,N,,N,
04:07,JKPAPER,11860,394.1,0.88,1.77,,35.3,0.0,NORMAL,Y,8.831434788173672,0.0,26.49430436452102,0.0,0.0,0.0,0.0,0.0,0.0,0.0,0.0,0.0,0.0,0.0,N,,N,
04:07,PVRINOX,13147,1170.2,0.86,1.72,,34.5,0.0,NORMAL,Y,8.619203585588691,0.0,25.85761075676607,0.0,0.0,0.0,0.0,0.0,0.0,0.0,0.0,0.0,0.0,0.0,N,,N,
04:07,BAJAJELEC,15034,363.45,0.86,1.72,,34.4,0.0,NORMAL,Y,8.602747328985615,0.0,25.80824198695684,0.0,0.0,0.0,0.0,0.0,0.0,0.0,0.0,0.0,0.0,0.0,N,,N,
04:08,TIMETECHNO,14707,209.03,0.84,1.69,,33.8,0.0,NORMAL,Y,8.442686221536086,0.0,25.32805866460826,0.0,0.0,0.0,0.0,0.0,0.0,0.0,0.0,0.0,0.0,0.0,N,,N,
04:08,JINDALSAW,3024,275.7,0.79,1.57,,31.4,0.0,NORMAL,Y,7.859623469201161,0.0,23.578870407603482,0.0,0.0,0.0,0.0,0.0,0.0,0.0,0.0,0.0,0.0,0.0,N,,N,
04:08,HISARMETAL,19322,156.6,0.79,1.57,,31.4,0.0,NORMAL,Y,7.851718367872306,0.0,23.55515510361692,0.0,0.0,0.0,0.0,0.0,0.0,0.0,0.0,0.0,0.0,0.0,N,,N,
04:08,PARAS,5911,1294.0,0.78,1.56,,31.2,0.0,NORMAL,Y,7.78816199376947,0.0,23.36448598130841,0.0,0.0,0.0,0.0,0.0,0.0,0.0,0.0,0.0,0.0,0.0,N,,N,
04:08,ANANTRAJ,13620,610.9,0.77,1.53,,30.7,0.0,NORMAL,Y,7.670103092783468,0.0,23.010309278350405,0.0,0.0,0.0,0.0,0.0,0.0,0.0,0.0,0.0,0.0,0.0,N,,N,
04:08,TPLPLASTEH,9219,77.22,1.75,3.51,,47.5,0.0,NORMAL,N,17.525365660824853,0.0,30.0,0.0,0.0,0.0,0.0,0.0,0.0,0.0,0.0,0.0,0.0,0.0,N,,N,
04:08,SIS,21501,440.8,0.74,1.49,,29.7,0.0,NORMAL,Y,7.427722545994744,0.0,22.28316763798423,0.0,0.0,0.0,0.0,0.0,0.0,0.0,0.0,0.0,0.0,0.0,N,,N,
04:08,EXICOM,22947,145.0,0.73,1.46,,29.2,0.0,NORMAL,N,7.29419937478299,0.0,21.88259812434897,0.0,0.0,0.0,0.0,0.0,0.0,0.0,0.0,0.0,0.0,0.0,N,,N,
04:08,CYIENT,5748,859.55,0.72,1.44,,28.8,0.0,NORMAL,Y,7.206468244668359,0.0,21.619404734005077,0.0,0.0,0.0,0.0,0.0,0.0,0.0,0.0,0.0,0.0,0.0,N,,N,
04:08,SYMPHONY,24190,645.75,0.72,1.43,,28.7,0.0,NORMAL,N,7.174608126023587,0.0,21.523824378070763,0.0,0.0,0.0,0.0,0.0,0.0,0.0,0.0,0.0,0.0,0.0,N,,N,
04:08,JAMNAAUTO,20778,126.4,0.71,1.42,,28.4,0.0,NORMAL,N,7.091068440761696,0.0,21.27320532228509,0.0,0.0,0.0,0.0,0.0,0.0,0.0,0.0,0.0,0.0,0.0,N,,N,
04:08,MAHABANK,11377,80.29,1.7,3.39,,47.0,0.0,NORMAL,Y,16.972767574414227,0.0,30.0,0.0,0.0,0.0,0.0,0.0,0.0,0.0,0.0,0.0,0.0,0.0,N,,N,
04:08,INDUSINDBK,5258,1015.9,0.69,1.39,,27.8,0.0,NORMAL,N,6.938249578749133,0.0,20.8147487362474,0.0,0.0,0.0,0.0,0.0,0.0,0.0,0.0,0.0,0.0,0.0,N,,N,
04:08,LICI,9480,408.8,0.69,1.38,,27.6,0.0,NORMAL,N,6.896551724137958,0.0,20.689655172413875,0.0,0.0,0.0,0.0,0.0,0.0,0.0,0.0,0.0,0.0,0.0,N,,N,
04:08,BLS,17279,262.62,0.67,1.35,,27.0,0.0,NORMAL,Y,6.74691405351526,0.0,20.240742160545782,0.0,0.0,0.0,0.0,0.0,0.0,0.0,0.0,0.0,0.0,0.0,N,,N,
04:08,KARURVYSYA,1838,336.45,0.67,1.35,,26.9,0.0,NORMAL,Y,6.732495511669658,0.0,20.197486535008974,0.0,0.0,0.0,0.0,0.0,0.0,0.0,0.0,0.0,0.0,0.0,N,,N,
04:08,RAJRATAN,18962,522.05,0.67,1.33,,26.6,0.0,NORMAL,Y,6.65252603162347,0.0,19.95757809487041,0.0,0.0,0.0,0.0,0.0,0.0,0.0,0.0,0.0,0.0,0.0,N,,N,
04:08,HSCL,14334,760.45,0.66,1.31,,26.2,0.0,NORMAL,Y,6.551952349437519,0.0,19.655857048312555,0.0,0.0,0.0,0.0,0.0,0.0,0.0,0.0,0.0,0.0,0.0,N,,N,
04:08,TMPV,3456,349.8,0.63,1.27,,25.3,0.0,NORMAL,Y,6.3291139240506,0.0,18.9873417721518,0.0,0.0,0.0,0.0,0.0,0.0,0.0,0.0,0.0,0.0,0.0,N,,N,
04:08,CONCOR,4749,515.2,0.63,1.25,,25.0,0.0,NORMAL,Y,6.250000000000089,0.0,18.750000000000266,0.0,0.0,0.0,0.0,0.0,0.0,0.0,0.0,0.0,0.0,0.0,N,,N,
04:08,MAHLOG,385,411.85,0.61,1.22,,24.4,0.0,NORMAL,Y,6.1072431904238424,0.0,18.321729571271526,0.0,0.0,0.0,0.0,0.0,0.0,0.0,0.0,0.0,0.0,0.0,N,,N,
04:08,USHAMART,8840,512.9,0.59,1.18,,23.5,0.0,NORMAL,Y,5.883506569915671,0.0,17.650519709747012,0.0,0.0,0.0,0.0,0.0,0.0,0.0,0.0,0.0,0.0,0.0,N,,N,
04:08,INDOCO,11677,217.79,0.58,1.16,,23.3,0.0,NORMAL,N,5.819055096291465,0.0,17.457165288874396,0.0,0.0,0.0,0.0,0.0,0.0,0.0,0.0,0.0,0.0,0.0,N,,N,
04:08,ASTRAL,14418,1433.1,0.58,1.15,,23.0,0.0,NORMAL,Y,5.754789809811087,0.0,17.264369429433263,0.0,0.0,0.0,0.0,0.0,0.0,0.0,0.0,0.0,0.0,0.0,N,,Y,NONRESULTS
04:08,JUSTDIAL,29962,698.9,0.57,1.14,,22.7,0.0,NORMAL,N,5.683862148355898,0.0,17.051586445067695,0.0,0.0,0.0,0.0,0.0,0.0,0.0,0.0,0.0,0.0,0.0,N,,N,
04:08,UFLEX,1053,499.75,0.54,1.09,,21.7,0.0,NORMAL,Y,5.432049089628786,0.0,16.296147268886358,0.0,0.0,0.0,0.0,0.0,0.0,0.0,0.0,0.0,0.0,0.0,N,,N,
04:08,GRINFRA,5054,884.9,0.54,1.08,,21.6,0.0,NORMAL,N,5.396807362381412,0.0,16.190422087144235,0.0,0.0,0.0,0.0,0.0,0.0,0.0,0.0,0.0,0.0,0.0,N,,N,
04:08,GSFC,1247,162.2,0.53,1.07,,21.3,0.0,NORMAL,Y,5.330358249659013,0.0,15.991074748977038,0.0,0.0,0.0,0.0,0.0,0.0,0.0,0.0,0.0,0.0,0.0,N,,N,
04:08,MONTECARLO,5938,506.8,0.53,1.05,,21.0,0.0,NORMAL,N,5.256372111474827,0.0,15.769116334424481,0.0,0.0,0.0,0.0,0.0,0.0,0.0,0.0,0.0,0.0,0.0,N,,N,
04:08,GENUSPOWER,11905,307.15,0.52,1.05,,20.9,0.0,NORMAL,N,5.2364588447061555,0.0,15.709376534118466,0.0,0.0,0.0,0.0,0.0,0.0,0.0,0.0,0.0,0.0,0.0,N,,N,
04:08,ENDURANCE,18822,3013.6,1.5,3.0,,45.0,0.0,NORMAL,Y,15.021892893230014,0.0,30.0,0.0,0.0,0.0,0.0,0.0,0.0,0.0,0.0,0.0,0.0,0.0,N,,N,
04:08,DCMSHRIRAM,811,1011.9,0.49,0.97,,19.5,0.0,NORMAL,N,4.865938430983095,0.0,14.597815292949287,0.0,0.0,0.0,0.0,0.0,0.0,0.0,0.0,0.0,0.0,0.0,N,,N,
04:08,MAHSEAMLES,2088,597.85,0.48,0.96,,19.2,0.0,NORMAL,Y,4.789915966386593,0.0,14.369747899159778,0.0,0.0,0.0,0.0,0.0,0.0,0.0,0.0,0.0,0.0,0.0,N,,N,
04:08,NAM-INDIA,357,1176.8,0.47,0.94,,18.8,0.0,NORMAL,N,4.695637326047981,0.0,14.086911978143943,0.0,0.0,0.0,0.0,0.0,0.0,0.0,0.0,0.0,0.0,0.0,N,,N,
04:08,TREJHARA,7518,166.31,0.47,0.93,,18.6,0.0,NORMAL,Y,4.65144375981642,0.0,13.954331279449262,0.0,0.0,0.0,0.0,0.0,0.0,0.0,0.0,0.0,0.0,0.0,N,,N,
04:08,KPRMILL,14912,1101.6,0.47,0.93,,18.6,0.0,NORMAL,Y,4.651162790697591,0.0,13.953488372092773,0.0,0.0,0.0,0.0,0.0,0.0,0.0,0.0,0.0,0.0,0.0,N,,N,
04:08,WINDMACHIN,24969,304.0,0.46,0.93,,18.5,0.0,NORMAL,Y,4.626569729015126,0.0,13.879709187045378,0.0,0.0,0.0,0.0,0.0,0.0,0.0,0.0,0.0,0.0,0.0,N,,N,
04:08,NITTAGELA,762824,1635.3,1.45,2.9,,44.5,0.0,NORMAL,N,14.517029592406391,0.0,30.0,0.0,0.0,0.0,0.0,0.0,0.0,0.0,0.0,0.0,0.0,0.0,N,,N,
04:08,LXCHEM,2841,175.67,0.45,0.89,,17.8,0.0,NORMAL,N,4.459946251929791,0.0,13.379838755789375,0.0,0.0,0.0,0.0,0.0,0.0,0.0,0.0,0.0,0.0,0.0,N,,N,
04:08,SONACOMS,4684,803.5,0.44,0.88,,17.5,0.0,NORMAL,Y,4.375,0.0,13.125000000000002,0.0,0.0,0.0,0.0,0.0,0.0,0.0,0.0,0.0,0.0,0.0,N,,N,
04:08,GICRE,277,357.25,0.44,0.87,,17.4,0.0,NORMAL,N,4.3576047230812796,0.0,13.07281416924384,0.0,0.0,0.0,0.0,0.0,0.0,0.0,0.0,0.0,0.0,0.0,N,,N,
04:08,PNBHOUSING,18908,1147.0,0.43,0.86,,17.2,0.0,NORMAL,Y,4.290342351808153,0.0,12.87102705542446,0.0,0.0,0.0,0.0,0.0,0.0,0.0,0.0,0.0,0.0,0.0,N,,N,
04:08,UPL,11287,570.4,0.42,0.85,,16.9,0.0,NORMAL,N,4.225352112676017,0.0,12.676056338028049,0.0,0.0,0.0,0.0,0.0,0.0,0.0,0.0,0.0,0.0,0.0,N,,N,
04:08,KIRIINDUS,16639,428.5,0.42,0.84,,16.9,0.0,NORMAL,Y,4.218420435903472,0.0,12.655261307710415,0.0,0.0,0.0,0.0,0.0,0.0,0.0,0.0,0.0,0.0,0.0,N,,N,
04:08,ANTHEM,757885,895.4,0.42,0.84,,16.8,0.0,NORMAL,Y,4.205686087590423,0.0,12.617058262771266,0.0,0.0,0.0,0.0,0.0,0.0,0.0,0.0,0.0,0.0,0.0,N,,N,
04:08,LTTS,18564,3634.3,1.42,2.84,,44.2,0.0,NORMAL,Y,14.204386895127557,0.0,30.0,0.0,0.0,0.0,0.0,0.0,0.0,0.0,0.0,0.0,0.0,0.0,N,,N,
04:08,SUPRAJIT,11689,533.45,0.41,0.83,,16.6,0.0,NORMAL,Y,4.141176470588321,0.0,12.423529411764962,0.0,0.0,0.0,0.0,0.0,0.0,0.0,0.0,0.0,0.0,0.0,N,,N,
04:08,BEML,395,1929.1,1.41,2.82,,44.1,0.0,NORMAL,Y,14.08820901014559,0.0,30.0,0.0,0.0,0.0,0.0,0.0,0.0,0.0,0.0,0.0,0.0,0.0,N,,N,
04:08,SARDAEN,17758,497.85,0.4,0.81,,16.1,0.0,NORMAL,N,4.033477866290209,0.0,12.100433598870627,0.0,0.0,0.0,0.0,0.0,0.0,0.0,0.0,0.0,0.0,0.0,N,,N,
04:08,WELCORP,11821,1862.5,1.39,2.79,,43.9,0.0,NORMAL,Y,13.936523490663568,0.0,30.0,0.0,0.0,0.0,0.0,0.0,0.0,0.0,0.0,0.0,0.0,0.0,N,,N,
04:08,GROWW,759806,194.24,0.38,0.76,,15.3,0.0,NORMAL,N,3.824289405684801,0.0,11.472868217054405,0.0,0.0,0.0,0.0,0.0,0.0,0.0,0.0,0.0,0.0,0.0,N,,N,
04:08,INDUSTOWER,29135,370.7,0.37,0.73,,14.6,0.0,NORMAL,N,3.655069717070437,0.0,10.96520915121131,0.0,0.0,0.0,0.0,0.0,0.0,0.0,0.0,0.0,0.0,0.0,N,,N,
04:08,LENSKART,759605,591.35,0.36,0.73,,14.6,0.0,NORMAL,Y,3.6490156143923573,0.0,10.947046843177072,0.0,0.0,0.0,0.0,0.0,0.0,0.0,0.0,0.0,0.0,0.0,N,,N,
04:08,VINATIORGA,17364,1319.9,0.35,0.7,,14.0,0.0,NORMAL,N,3.4973009959706047,0.0,10.491902987911814,0.0,0.0,0.0,0.0,0.0,0.0,0.0,0.0,0.0,0.0,0.0,N,,N,
04:08,JUBLINGREA,2783,735.65,0.35,0.7,,13.9,0.0,NORMAL,N,3.478379484381332,0.0,10.435138453143995,0.0,0.0,0.0,0.0,0.0,0.0,0.0,0.0,0.0,0.0,0.0,N,,N,
04:08,MCX,31181,2934.0,1.35,2.69,,43.5,0.0,NORMAL,Y,13.471502590673575,0.0,30.0,0.0,0.0,0.0,0.0,0.0,0.0,0.0,0.0,0.0,0.0,0.0,N,,N,
04:08,CASTROLIND,1250,187.4,0.31,0.62,,12.4,0.0,NORMAL,Y,3.104592656032611,0.0,9.313777968097835,0.0,0.0,0.0,0.0,0.0,0.0,0.0,0.0,0.0,0.0,0.0,N,,N,
04:08,GOCOLORS,6964,324.0,0.31,0.62,,12.4,0.0,NORMAL,N,3.0959752321981426,0.0,9.287925696594428,0.0,0.0,0.0,0.0,0.0,0.0,0.0,0.0,0.0,0.0,0.0,N,,N,
04:08,OIL,17438,471.8,0.31,0.62,,12.3,0.0,NORMAL,Y,3.082810672903133,0.0,9.2484320187094,0.0,0.0,0.0,0.0,0.0,0.0,0.0,0.0,0.0,0.0,0.0,N,,N,
04:08,ZFCVINDIA,16915,2641.0,0.99,1.99,,39.8,0.0,NORMAL,Y,9.94263862332696,0.0,29.827915869980878,0.0,0.0,0.0,0.0,0.0,0.0,0.0,0.0,0.0,0.0,0.0,N,,N,
04:08,ESCORTS,958,3112.2,0.98,1.95,,39.1,0.0,NORMAL,Y,9.766068589597973,0.0,29.298205768793917,0.0,0.0,0.0,0.0,0.0,0.0,0.0,0.0,0.0,0.0,0.0,N,,N,
04:08,AJANTPHARM,8124,3532.0,0.74,1.47,,29.4,0.0,NORMAL,Y,7.3583937025840465,0.0,22.07518110775214,0.0,0.0,0.0,0.0,0.0,0.0,0.0,0.0,0.0,0.0,0.0,N,,N,
04:08,NESTLEIND,17963,1504.1,0.73,1.46,,29.2,0.0,NORMAL,Y,7.299758907045181,0.0,21.899276721135543,0.0,0.0,0.0,0.0,0.0,0.0,0.0,0.0,0.0,0.0,0.0,N,,N,
04:08,GEOJITFSL,11896,77.34,0.73,1.46,,29.2,0.0,NORMAL,N,7.293566032821078,0.0,21.88069809846323,0.0,0.0,0.0,0.0,0.0,0.0,0.0,0.0,0.0,0.0,0.0,N,,N,
04:08,SKFINDIA,3186,1533.4,0.7,1.41,,28.1,0.0,NORMAL,Y,7.026991528206505,0.0,21.080974584619515,0.0,0.0,0.0,0.0,0.0,0.0,0.0,0.0,0.0,0.0,0.0,N,,N,
04:08,PAYTM,6705,1604.6,0.68,1.37,,27.4,0.0,NORMAL,Y,6.839430256635417,0.0,20.51829076990625,0.0,0.0,0.0,0.0,0.0,0.0,0.0,0.0,0.0,0.0,0.0,N,,N,
04:08,BALKRISIND,335,2515.3,0.66,1.31,,26.3,0.0,NORMAL,Y,6.562887670575089,0.0,19.688663011725268,0.0,0.0,0.0,0.0,0.0,0.0,0.0,0.0,0.0,0.0,0.0,N,,N,
04:08,ZEEL,3812,92.15,0.64,1.29,,25.8,0.0,NORMAL,N,6.443861948449142,0.0,19.331585845347426,0.0,0.0,0.0,0.0,0.0,0.0,0.0,0.0,0.0,0.0,0.0,N,,N,
04:08,IDBI,1476,82.95,0.62,1.24,,24.7,0.0,NORMAL,N,6.186317321688564,0.0,18.558951965065692,0.0,0.0,0.0,0.0,0.0,0.0,0.0,0.0,0.0,0.0,0.0,N,,N,
04:08,TECHM,13538,1652.9,0.6,1.21,,24.1,0.0,NORMAL,Y,6.0255629945222715,0.0,18.076688983566815,0.0,0.0,0.0,0.0,0.0,0.0,0.0,0.0,0.0,0.0,0.0,N,,N,
04:08,SRF,3273,2584.9,0.58,1.16,,23.2,0.0,NORMAL,N,5.797665369649841,0.0,17.39299610894952,0.0,0.0,0.0,0.0,0.0,0.0,0.0,0.0,0.0,0.0,0.0,N,,N,
04:08,CREDITACC,4421,1548.2,0.51,1.03,,20.5,0.0,NORMAL,Y,5.128870999156067,0.0,15.386612997468204,0.0,0.0,0.0,0.0,0.0,0.0,0.0,0.0,0.0,0.0,0.0,N,,N,
04:08,PNBGILTS,8736,80.51,0.47,0.95,,19.0,0.0,NORMAL,N,4.742293772619614,0.0,14.226881317858842,0.0,0.0,0.0,0.0,0.0,0.0,0.0,0.0,0.0,0.0,0.0,N,,N,
04:08,LLOYDSENGG,17801,93.4,0.39,0.77,,15.5,0.0,NORMAL,Y,3.8693035253654275,0.0,11.607910576096284,0.0,0.0,0.0,0.0,0.0,0.0,0.0,0.0,0.0,0.0,0.0,N,,N,
04:08,IPCALAB,1633,1754.9,0.37,0.74,,14.9,0.0,NORMAL,N,3.7176847403340196,0.0,11.153054221002058,0.0,0.0,0.0,0.0,0.0,0.0,0.0,0.0,0.0,0.0,0.0,N,,N,
04:08,NMDC,15332,85.75,0.35,0.7,,14.0,0.0,NORMAL,Y,3.5108250438852795,0.0,10.532475131655838,0.0,0.0,0.0,0.0,0.0,0.0,0.0,0.0,0.0,0.0,0.0,N,,N,
04:08,PIDILITIND,2664,1691.7,0.35,0.7,,14.0,0.0,NORMAL,Y,3.499822042947023,0.0,10.499466128841068,0.0,0.0,0.0,0.0,0.0,0.0,0.0,0.0,0.0,0.0,0.0,N,,N,
04:08,TRENT,1964,3010.1,0.34,0.67,,13.5,0.0,NORMAL,Y,3.3666666666666365,0.0,10.099999999999909,0.0,0.0,0.0,0.0,0.0,0.0,0.0,0.0,0.0,0.0,0.0,N,,N,
04:08,KIRLOSENG,20936,2108.2,0.32,0.64,,12.8,0.0,NORMAL,N,3.188198905543573,0.0,9.564596716630719,0.0,0.0,0.0,0.0,0.0,0.0,0.0,0.0,0.0,0.0,0.0,N,,N,
04:08,GODREJCP,10099,936.2,-8.66,17.33,,30.0,30.0,NORMAL,Y,0.0,30.0,30.0,0.0,0.0,0.0,0.0,0.0,0.0,0.0,0.0,0.0,0.0,0.0,N,,N,
04:08,TECHNOE,6445,1002.2,-5.28,10.56,,30.0,30.0,NORMAL,Y,0.0,30.0,30.0,0.0,0.0,0.0,0.0,0.0,0.0,0.0,0.0,0.0,0.0,0.0,N,,N,
04:08,JUBLPHARMA,3637,920.25,-4.64,9.27,,30.0,30.0,NORMAL,Y,0.0,30.0,30.0,0.0,0.0,0.0,0.0,0.0,0.0,0.0,0.0,0.0,0.0,0.0,N,,N,
04:08,RHIM,31163,398.55,-4.09,8.18,,30.0,30.0,NORMAL,Y,0.0,30.0,30.0,0.0,0.0,0.0,0.0,0.0,0.0,0.0,0.0,0.0,0.0,0.0,N,,N,
04:08,RAMCOSYS,7851,626.9,-3.92,7.85,,30.0,30.0,NORMAL,Y,0.0,30.0,30.0,0.0,0.0,0.0,0.0,0.0,0.0,0.0,0.0,0.0,0.0,0.0,N,,N,
04:08,MATRIMONY,21726,516.45,-3.84,7.69,,30.0,30.0,NORMAL,N,0.0,30.0,30.0,0.0,0.0,0.0,0.0,0.0,0.0,0.0,0.0,0.0,0.0,0.0,N,,N,
04:08,DEVYANI,5373,138.25,-3.18,6.36,,30.0,30.0,NORMAL,N,0.0,30.0,30.0,0.0,0.0,0.0,0.0,0.0,0.0,0.0,0.0,0.0,0.0,0.0,N,,N,
04:08,EPACKPEB,759251,240.2,-2.81,5.62,,30.0,28.1,NORMAL,Y,0.0,28.120574549868568,30.0,0.0,0.0,0.0,0.0,0.0,0.0,0.0,0.0,0.0,0.0,0.0,N,,N,
04:08,FORTIS,14592,910.4,-2.65,5.3,,30.0,26.5,NORMAL,Y,0.0,26.51839178785294,30.0,0.0,0.0,0.0,0.0,0.0,0.0,0.0,0.0,0.0,0.0,0.0,N,,N,
04:08,BALRAMCHIN,341,611.45,-2.6,5.21,,30.0,26.0,NORMAL,Y,0.0,26.043325899968,30.0,0.0,0.0,0.0,0.0,0.0,0.0,0.0,0.0,0.0,0.0,0.0,N,,N,
04:08,ROLEXRINGS,5279,172.94,-2.45,4.91,,30.0,24.5,NORMAL,N,0.0,24.536070844379232,30.0,0.0,0.0,0.0,0.0,0.0,0.0,0.0,0.0,0.0,0.0,0.0,N,,N,
04:08,ZYDUSLIFE,7929,1162.0,-2.43,4.87,,30.0,24.3,NORMAL,N,0.0,24.349286314021832,30.0,0.0,0.0,0.0,0.0,0.0,0.0,0.0,0.0,0.0,0.0,0.0,N,,N,
04:08,SAPPHIRE,6718,230.61,-2.29,4.58,,30.0,22.9,NORMAL,N,0.0,22.9217862892975,30.0,0.0,0.0,0.0,0.0,0.0,0.0,0.0,0.0,0.0,0.0,0.0,N,,N,
04:08,MAXHEALTH,22377,1018.5,-2.07,4.13,,30.0,20.7,NORMAL,Y,0.0,20.67307692307692,30.0,0.0,0.0,0.0,0.0,0.0,0.0,0.0,0.0,0.0,0.0,0.0,N,,N,
04:08,PIIND,24184,2619.0,-4.07,8.13,,30.0,30.0,NORMAL,Y,0.0,30.0,30.0,0.0,0.0,0.0,0.0,0.0,0.0,0.0,0.0,0.0,0.0,0.0,N,,N,
04:08,AIIL,23553,562.8,-1.86,3.71,,30.0,18.6,NORMAL,N,0.0,18.5718022495424,30.0,0.0,0.0,0.0,0.0,0.0,0.0,0.0,0.0,0.0,0.0,0.0,N,,N,
04:08,SUPREMEIND,3363,3403.7,-2.61,5.22,,30.0,26.1,NORMAL,Y,0.0,26.123032904148836,30.0,0.0,0.0,0.0,0.0,0.0,0.0,0.0,0.0,0.0,0.0,0.0,N,,N,
04:08,MRPL,2283,178.3,-1.57,3.14,,30.0,15.7,NORMAL,N,0.0,15.678480733134455,30.0,0.0,0.0,0.0,0.0,0.0,0.0,0.0,0.0,0.0,0.0,0.0,N,,N,
04:08,ERIS,21154,1370.1,-1.45,2.91,,30.0,14.5,NORMAL,Y,0.0,14.529238293893435,30.0,0.0,0.0,0.0,0.0,0.0,0.0,0.0,0.0,0.0,0.0,0.0,N,,N,
04:08,360ONE,13061,1151.2,-1.44,2.88,,30.0,14.4,NORMAL,N,0.0,14.383561643835579,30.0,0.0,0.0,0.0,0.0,0.0,0.0,0.0,0.0,0.0,0.0,0.0,N,,N,
04:08,ADANIGREEN,3563,1347.0,-1.39,2.78,,30.0,13.9,NORMAL,Y,0.0,13.90922401171303,30.0,0.0,0.0,0.0,0.0,0.0,0.0,0.0,0.0,0.0,0.0,0.0,N,,N,
04:08,TEJASNET,21131,526.3,-1.37,2.74,,30.0,13.7,NORMAL,N,0.0,13.680659670165046,30.0,0.0,0.0,0.0,0.0,0.0,0.0,0.0,0.0,0.0,0.0,0.0,N,,N,
04:08,SURYODAY,2970,161.46,-1.34,2.69,,30.0,13.4,NORMAL,Y,0.0,13.442502749602765,30.0,0.0,0.0,0.0,0.0,0.0,0.0,0.0,0.0,0.0,0.0,0.0,N,,N,
04:08,VAIBHAVGBL,11364,234.5,-1.33,2.65,,30.0,13.3,NORMAL,Y,0.0,13.254786450662763,30.0,0.0,0.0,0.0,0.0,0.0,0.0,0.0,0.0,0.0,0.0,0.0,N,,N,
04:08,PTC,11355,169.68,-1.32,2.64,,30.0,13.2,NORMAL,N,0.0,13.201512067461367,30.0,0.0,0.0,0.0,0.0,0.0,0.0,0.0,0.0,0.0,0.0,0.0,N,,N,
04:08,EMSLIMITED,18593,388.9,-1.27,2.54,,30.0,12.7,NORMAL,Y,0.0,12.693577050012694,30.0,0.0,0.0,0.0,0.0,0.0,0.0,0.0,0.0,0.0,0.0,0.0,N,,N,
04:08,APTUS,5435,253.5,-1.25,2.49,,30.0,12.5,NORMAL,Y,0.0,12.465913517724927,30.0,0.0,0.0,0.0,0.0,0.0,0.0,0.0,0.0,0.0,0.0,0.0,N,,N,
04:08,FSL,14304,276.2,-1.22,2.43,,30.0,12.2,NORMAL,Y,0.0,12.160228898426444,30.0,0.0,0.0,0.0,0.0,0.0,0.0,0.0,0.0,0.0,0.0,0.0,N,,N,
04:08,MAITHANALL,24538,993.6,-1.19,2.39,,30.0,11.9,NORMAL,N,0.0,11.933174224343675,30.0,0.0,0.0,0.0,0.0,0.0,0.0,0.0,0.0,0.0,0.0,0.0,N,,N,
04:08,RECLTD,15355,340.6,-1.19,2.38,,30.0,11.9,NORMAL,Y,0.0,11.894400928343387,30.0,0.0,0.0,0.0,0.0,0.0,0.0,0.0,0.0,0.0,0.0,0.0,N,,N,
04:08,GMRAIRPORT,13528,103.86,-1.19,2.38,,30.0,11.9,NORMAL,Y,0.0,11.892303301303397,30.0,0.0,0.0,0.0,0.0,0.0,0.0,0.0,0.0,0.0,0.0,0.0,N,,N,
04:08,GREAVESCOT,1235,195.43,-1.19,2.38,,30.0,11.9,NORMAL,Y,0.0,11.881888967539663,30.0,0.0,0.0,0.0,0.0,0.0,0.0,0.0,0.0,0.0,0.0,0.0,N,,N,
04:08,RAYMOND,2859,616.9,-1.19,2.37,,30.0,11.9,NORMAL,N,0.0,11.853275668748964,30.0,0.0,0.0,0.0,0.0,0.0,0.0,0.0,0.0,0.0,0.0,0.0,N,,N,
04:08,JUBLFOOD,18096,482.5,-1.17,2.34,,30.0,11.7,NORMAL,N,0.0,11.675542810323615,30.0,0.0,0.0,0.0,0.0,0.0,0.0,0.0,0.0,0.0,0.0,0.0,N,,N,
04:08,SANSERA,5751,3730.6,-2.15,4.29,,30.0,21.5,NORMAL,N,0.0,21.456300493127735,30.0,0.0,0.0,0.0,0.0,0.0,0.0,0.0,0.0,0.0,0.0,0.0,N,,N,
04:08,WINDLAS,5366,932.55,-1.12,2.24,,30.0,11.2,NORMAL,N,0.0,11.186512564945467,30.0,0.0,0.0,0.0,0.0,0.0,0.0,0.0,0.0,0.0,0.0,0.0,N,,N,
04:08,AVANTIFEED,7936,850.25,-1.11,2.22,,30.0,11.1,NORMAL,Y,0.0,11.107234240521,30.0,0.0,0.0,0.0,0.0,0.0,0.0,0.0,0.0,0.0,0.0,0.0,N,,N,
04:08,NAUKRI,13751,1345.1,-1.1,2.19,,30.0,11.0,NORMAL,N,0.0,10.955882352941245,30.0,0.0,0.0,0.0,0.0,0.0,0.0,0.0,0.0,0.0,0.0,0.0,N,,N,
04:08,CENTURYPLY,13305,768.0,-1.08,2.16,,30.0,10.8,NORMAL,Y,0.0,10.81916537867076,30.0,0.0,0.0,0.0,0.0,0.0,0.0,0.0,0.0,0.0,0.0,0.0,N,,N,
04:08,NEWGEN,1164,549.3,-1.04,2.09,,30.0,10.4,NORMAL,Y,0.0,10.448567825617129,30.0,0.0,0.0,0.0,0.0,0.0,0.0,0.0,0.0,0.0,0.0,0.0,N,,N,
04:08,MAXESTATES,19646,422.25,-1.03,2.06,,30.0,10.3,NORMAL,N,0.0,10.312902847767438,30.0,0.0,0.0,0.0,0.0,0.0,0.0,0.0,0.0,0.0,0.0,0.0,N,,N,
04:08,LTF,24948,312.15,-1.03,2.06,,30.0,10.3,NORMAL,Y,0.0,10.304375396322131,30.0,0.0,0.0,0.0,0.0,0.0,0.0,0.0,0.0,0.0,0.0,0.0,N,,N,
04:08,KNRCON,15283,135.47,-1.0,2.0,,30.0,10.0,NORMAL,N,0.0,10.011692487576765,30.0,0.0,0.0,0.0,0.0,0.0,0.0,0.0,0.0,0.0,0.0,0.0,N,,N,
04:08,JSL,11236,717.85,-1.0,2.0,,30.0,10.0,NORMAL,Y,0.0,9.998620879878636,29.99586263963591,0.0,0.0,0.0,0.0,0.0,0.0,0.0,0.0,0.0,0.0,0.0,N,,N,
04:08,DRREDDY,881,1193.0,-1.0,1.99,,29.9,10.0,NORMAL,N,0.0,9.95850622406639,29.875518672199167,0.0,0.0,0.0,0.0,0.0,0.0,0.0,0.0,0.0,0.0,0.0,N,,N,
04:08,ASTERDM,1508,846.45,-0.99,1.98,,29.7,9.9,NORMAL,N,0.0,9.884196982103091,29.65259094630927,0.0,0.0,0.0,0.0,0.0,0.0,0.0,0.0,0.0,0.0,0.0,N,,N,
04:08,NLCINDIA,8585,283.3,-0.96,1.92,,28.8,9.6,NORMAL,Y,0.0,9.613703897919944,28.84111169375983,0.0,0.0,0.0,0.0,0.0,0.0,0.0,0.0,0.0,0.0,0.0,N,,N,
04:08,RSYSTEMS,13414,242.6,-0.96,1.92,,28.8,9.6,NORMAL,Y,0.0,9.593794651969768,28.781383955909302,0.0,0.0,0.0,0.0,0.0,0.0,0.0,0.0,0.0,0.0,0.0,N,,N,
04:08,CHALET,8546,813.35,-0.96,1.91,,28.7,9.6,NORMAL,Y,0.0,9.559181685338556,28.67754505601567,0.0,0.0,0.0,0.0,0.0,0.0,0.0,0.0,0.0,0.0,0.0,N,,N,
04:08,PATANJALI,17029,349.7,-0.93,1.87,,28.0,9.3,NORMAL,Y,0.0,9.348441926345643,28.045325779036926,0.0,0.0,0.0,0.0,0.0,0.0,0.0,0.0,0.0,0.0,0.0,N,,N,
04:08,DABUR,772,408.8,-0.93,1.87,,28.0,9.3,NORMAL,Y,0.0,9.329940627650469,27.98982188295141,0.0,0.0,0.0,0.0,0.0,0.0,0.0,0.0,0.0,0.0,0.0,N,,N,
04:08,LUXIND,11301,1237.2,-0.93,1.86,,27.9,9.3,NORMAL,Y,0.0,9.288917360666169,27.866752081998502,0.0,0.0,0.0,0.0,0.0,0.0,0.0,0.0,0.0,0.0,0.0,N,,N,
04:08,ICICIPRULI,18652,496.9,-0.92,1.83,,27.5,9.2,NORMAL,Y,0.0,9.172482552343016,27.51744765702905,0.0,0.0,0.0,0.0,0.0,0.0,0.0,0.0,0.0,0.0,0.0,N,,N,
04:08,ABDL,24308,614.25,-0.9,1.79,,26.9,9.0,NORMAL,Y,0.0,8.954501452081244,26.86350435624373,0.0,0.0,0.0,0.0,0.0,0.0,0.0,0.0,0.0,0.0,0.0,N,,N,
04:08,FDC,4898,357.7,-0.89,1.77,,26.6,8.9,NORMAL,Y,0.0,8.866722083679658,26.600166251038978,0.0,0.0,0.0,0.0,0.0,0.0,0.0,0.0,0.0,0.0,0.0,N,,N,
04:08,RGL,15129,114.2,-0.87,1.74,,26.0,8.7,NORMAL,Y,0.0,8.680555555555555,26.041666666666668,0.0,0.0,0.0,0.0,0.0,0.0,0.0,0.0,0.0,0.0,0.0,N,,N,
04:08,SUNTECK,17641,294.0,-0.86,1.72,,25.8,8.6,NORMAL,Y,0.0,8.598887202832614,25.79666160849784,0.0,0.0,0.0,0.0,0.0,0.0,0.0,0.0,0.0,0.0,0.0,N,,N,
04:08,SHALBY,714,160.28,-0.86,1.72,,25.8,8.6,NORMAL,Y,0.0,8.597760870909795,25.793282612729385,0.0,0.0,0.0,0.0,0.0,0.0,0.0,0.0,0.0,0.0,0.0,N,,N,
04:08,UNICHEMLAB,3579,569.0,-0.84,1.67,,25.1,8.4,NORMAL,N,0.0,8.365284071104835,25.095852213314508,0.0,0.0,0.0,0.0,0.0,0.0,0.0,0.0,0.0,0.0,0.0,N,,N,
04:08,KALYANKJIL,2955,597.2,-0.83,1.66,,24.9,8.3,NORMAL,N,0.0,8.302889405513119,24.908668216539354,0.0,0.0,0.0,0.0,0.0,0.0,0.0,0.0,0.0,0.0,0.0,N,,N,
04:08,MARICO,4067,847.95,-0.82,1.65,,24.7,8.2,NORMAL,Y,0.0,8.245614035087666,24.736842105262994,0.0,0.0,0.0,0.0,0.0,0.0,0.0,0.0,0.0,0.0,0.0,N,,N,
04:08,ANGELONE,324,289.0,-0.82,1.65,,24.7,8.2,NORMAL,Y,0.0,8.236101578586059,24.708304735758173,0.0,0.0,0.0,0.0,0.0,0.0,0.0,0.0,0.0,0.0,0.0,N,,N,
04:08,TIMKEN,14198,3224.2,-1.82,3.64,,30.0,18.2,NORMAL,N,0.0,18.17960352020472,30.0,0.0,0.0,0.0,0.0,0.0,0.0,0.0,0.0,0.0,0.0,0.0,N,,N,
04:08,EIDPARRY,916,782.3,-0.79,1.57,,23.6,7.9,NORMAL,Y,0.0,7.863031071655101,23.5890932149653,0.0,0.0,0.0,0.0,0.0,0.0,0.0,0.0,0.0,0.0,0.0,N,,N,
04:08,TRITURBINE,25584,595.65,-0.78,1.57,,23.5,7.8,NORMAL,Y,0.0,7.82876655284425,23.48629965853275,0.0,0.0,0.0,0.0,0.0,0.0,0.0,0.0,0.0,0.0,0.0,N,,N,
04:08,KPITTECH,9683,622.15,-0.77,1.55,,23.2,7.7,NORMAL,N,0.0,7.735247208931456,23.205741626794367,0.0,0.0,0.0,0.0,0.0,0.0,0.0,0.0,0.0,0.0,0.0,N,,N,
04:08,IFCI,1491,74.36,-1.77,3.54,,30.0,17.7,NORMAL,Y,0.0,17.70145310435936,30.0,0.0,0.0,0.0,0.0,0.0,0.0,0.0,0.0,0.0,0.0,0.0,N,,N,
04:08,INDHOTEL,1512,718.45,-0.77,1.53,,23.0,7.7,NORMAL,Y,0.0,7.665745856353529,22.997237569060587,0.0,0.0,0.0,0.0,0.0,0.0,0.0,0.0,0.0,0.0,0.0,N,,Y,NONRESULTS
04:08,JYOTHYLAB,15146,202.49,-0.76,1.52,,22.8,7.6,NORMAL,Y,0.0,7.596549696137929,22.789649088413785,0.0,0.0,0.0,0.0,0.0,0.0,0.0,0.0,0.0,0.0,0.0,N,,N,
04:08,CGPOWER,760,874.5,-0.74,1.48,,22.1,7.4,NORMAL,Y,0.0,7.3779795686719645,22.133938706015893,0.0,0.0,0.0,0.0,0.0,0.0,0.0,0.0,0.0,0.0,0.0,N,,N,
04:08,SAREGAMA,4892,525.2,-0.74,1.47,,22.1,7.4,NORMAL,N,0.0,7.371007371007328,22.113022113021984,0.0,0.0,0.0,0.0,0.0,0.0,0.0,0.0,0.0,0.0,0.0,N,,N,
04:08,TATACONSUM,3432,1070.1,-0.73,1.47,,22.0,7.3,NORMAL,Y,0.0,7.328385899814556,21.98515769944367,0.0,0.0,0.0,0.0,0.0,0.0,0.0,0.0,0.0,0.0,0.0,N,,N,
04:08,BANCOINDIA,13880,629.3,-0.72,1.44,,21.5,7.2,NORMAL,Y,0.0,7.178354500276197,21.535063500828592,0.0,0.0,0.0,0.0,0.0,0.0,0.0,0.0,0.0,0.0,0.0,N,,N,
04:08,PDSL,5264,373.8,-0.72,1.43,,21.5,7.2,NORMAL,N,0.0,7.171314741035826,21.513944223107476,0.0,0.0,0.0,0.0,0.0,0.0,0.0,0.0,0.0,0.0,0.0,N,,N,
04:08,KOTAKBANK,1922,390.1,-0.71,1.43,,21.4,7.1,NORMAL,N,0.0,7.126495291422639,21.379485874267917,0.0,0.0,0.0,0.0,0.0,0.0,0.0,0.0,0.0,0.0,0.0,N,,N,
04:08,HCG,15555,733.7,-0.71,1.42,,21.3,7.1,NORMAL,N,0.0,7.10467555314974,21.31402665944922,0.0,0.0,0.0,0.0,0.0,0.0,0.0,0.0,0.0,0.0,0.0,N,,N,
04:08,PSPPROJECT,20877,928.0,-0.7,1.39,,20.9,7.0,NORMAL,Y,0.0,6.955591225254147,20.86677367576244,0.0,0.0,0.0,0.0,0.0,0.0,0.0,0.0,0.0,0.0,0.0,N,,N,
04:08,BLUESTARCO,8311,1487.5,-0.69,1.39,,20.8,6.9,NORMAL,Y,0.0,6.943053608385132,20.829160825155398,0.0,0.0,0.0,0.0,0.0,0.0,0.0,0.0,0.0,0.0,0.0,N,,N,
04:08,GULFOILLUB,4391,1181.6,-0.69,1.38,,20.7,6.9,NORMAL,N,0.0,6.891914607497098,20.67574382249129,0.0,0.0,0.0,0.0,0.0,0.0,0.0,0.0,0.0,0.0,0.0,N,,N,
04:08,GPIL,13409,230.58,-0.69,1.38,,20.7,6.9,NORMAL,Y,0.0,6.89120509949175,20.673615298475248,0.0,0.0,0.0,0.0,0.0,0.0,0.0,0.0,0.0,0.0,0.0,N,,N,
04:08,PUNJABCHEM,4344,1096.4,-0.69,1.38,,20.7,6.9,NORMAL,Y,0.0,6.8840579710144105,20.65217391304323,0.0,0.0,0.0,0.0,0.0,0.0,0.0,0.0,0.0,0.0,0.0,N,,N,
04:08,CANFINHOME,583,820.25,-0.68,1.37,,20.5,6.8,NORMAL,Y,0.0,6.841021915486109,20.523065746458325,0.0,0.0,0.0,0.0,0.0,0.0,0.0,0.0,0.0,0.0,0.0,N,,Y,NONRESULTS
04:08,SESHAPAPER,3066,231.41,-0.68,1.36,,20.5,6.8,NORMAL,N,0.0,6.824034334763963,20.47210300429189,0.0,0.0,0.0,0.0,0.0,0.0,0.0,0.0,0.0,0.0,0.0,N,,N,
04:08,SONATSOFTW,6596,331.65,-0.67,1.35,,20.2,6.7,NORMAL,N,0.0,6.738544474393532,20.215633423180595,0.0,0.0,0.0,0.0,0.0,0.0,0.0,0.0,0.0,0.0,0.0,N,,N,
04:08,ROSSARI,19410,501.5,-0.67,1.35,,20.2,6.7,NORMAL,Y,0.0,6.73400673400669,20.20202020202007,0.0,0.0,0.0,0.0,0.0,0.0,0.0,0.0,0.0,0.0,0.0,N,,N,
04:08,PFC,14299,378.45,-0.67,1.34,,20.1,6.7,NORMAL,Y,0.0,6.692913385826802,20.078740157480407,0.0,0.0,0.0,0.0,0.0,0.0,0.0,0.0,0.0,0.0,0.0,N,,N,
04:08,BEL,383,403.15,-0.67,1.33,,20.0,6.7,NORMAL,N,0.0,6.652704201059618,19.95811260317885,0.0,0.0,0.0,0.0,0.0,0.0,0.0,0.0,0.0,0.0,0.0,N,,N,
04:08,TORNTPOWER,13786,1321.6,-0.66,1.32,,19.8,6.6,NORMAL,Y,0.0,6.614552014431886,19.843656043295656,0.0,0.0,0.0,0.0,0.0,0.0,0.0,0.0,0.0,0.0,0.0,N,,N,
04:08,KSB,1949,806.5,-0.66,1.32,,19.8,6.6,NORMAL,Y,0.0,6.589887294450973,19.76966188335292,0.0,0.0,0.0,0.0,0.0,0.0,0.0,0.0,0.0,0.0,0.0,N,,N,
04:08,JSWENERGY,17869,559.3,-0.66,1.31,,19.7,6.6,NORMAL,Y,0.0,6.571936056838447,19.71580817051534,0.0,0.0,0.0,0.0,0.0,0.0,0.0,0.0,0.0,0.0,0.0,N,,N,
04:08,IREDA,20261,117.94,-0.64,1.28,,19.2,6.4,NORMAL,Y,0.0,6.402695871946126,19.208087615838377,0.0,0.0,0.0,0.0,0.0,0.0,0.0,0.0,0.0,0.0,0.0,N,,N,
04:08,UNITDSPR,10447,1523.4,-1.63,3.27,,30.0,16.3,NORMAL,N,0.0,16.336282043003777,30.0,0.0,0.0,0.0,0.0,0.0,0.0,0.0,0.0,0.0,0.0,0.0,N,,N,
04:08,SWIGGY,27066,278.75,-0.62,1.25,,18.7,6.2,NORMAL,N,0.0,6.23885918003565,18.716577540106954,0.0,0.0,0.0,0.0,0.0,0.0,0.0,0.0,0.0,0.0,0.0,N,,N,
04:08,ATGL,6066,662.0,-0.62,1.25,,18.7,6.2,NORMAL,Y,0.0,6.229828116790479,18.689484350371437,0.0,0.0,0.0,0.0,0.0,0.0,0.0,0.0,0.0,0.0,0.0,N,,N,
04:08,POLICYBZR,6656,1704.9,-1.62,3.24,,30.0,16.2,NORMAL,N,0.0,16.214656664743167,30.0,0.0,0.0,0.0,0.0,0.0,0.0,0.0,0.0,0.0,0.0,0.0,N,,N,
04:08,NYKAA,6545,323.0,-0.62,1.23,,18.5,6.2,NORMAL,Y,0.0,6.153846153846154,18.461538461538463,0.0,0.0,0.0,0.0,0.0,0.0,0.0,0.0,0.0,0.0,0.0,N,,N,
04:08,MUKANDLTD,11325,139.75,-0.61,1.22,,18.3,6.1,NORMAL,N,0.0,6.116207951070432,18.348623853211297,0.0,0.0,0.0,0.0,0.0,0.0,0.0,0.0,0.0,0.0,0.0,N,,N,
04:08,RELIANCE,2885,1316.0,-0.6,1.19,,17.9,6.0,NORMAL,N,0.0,5.967218067829965,17.901654203489894,0.0,0.0,0.0,0.0,0.0,0.0,0.0,0.0,0.0,0.0,0.0,N,,N,
04:08,RALLIS,2816,210.25,-0.59,1.18,,17.7,5.9,NORMAL,Y,0.0,5.910165484633569,17.73049645390071,0.0,0.0,0.0,0.0,0.0,0.0,0.0,0.0,0.0,0.0,0.0,N,,N,
04:08,PINELABS,759820,166.6,-0.58,1.17,,17.5,5.8,NORMAL,N,0.0,5.8479532163743775,17.54385964912313,0.0,0.0,0.0,0.0,0.0,0.0,0.0,0.0,0.0,0.0,0.0,N,,N,
04:08,M&M,2031,3461.4,-1.58,3.16,,30.0,15.8,NORMAL,N,0.0,15.808928063690619,30.0,0.0,0.0,0.0,0.0,0.0,0.0,0.0,0.0,0.0,0.0,0.0,N,,N,
04:08,VMM,27969,109.61,-0.58,1.16,,17.4,5.8,NORMAL,Y,0.0,5.804988662131525,17.414965986394574,0.0,0.0,0.0,0.0,0.0,0.0,0.0,0.0,0.0,0.0,0.0,N,,N,
04:08,POONAWALLA,11403,484.4,-0.57,1.15,,17.2,5.7,NORMAL,N,0.0,5.747126436781632,17.241379310344897,0.0,0.0,0.0,0.0,0.0,0.0,0.0,0.0,0.0,0.0,0.0,N,,N,
04:08,BECTORFOOD,1628,239.25,-0.57,1.14,,17.1,5.7,NORMAL,N,0.0,5.69362480259332,17.08087440777996,0.0,0.0,0.0,0.0,0.0,0.0,0.0,0.0,0.0,0.0,0.0,N,,N,
04:08,ZENSARTECH,1076,497.85,-0.55,1.1,,16.5,5.5,NORMAL,Y,0.0,5.493407910507391,16.480223731522173,0.0,0.0,0.0,0.0,0.0,0.0,0.0,0.0,0.0,0.0,0.0,N,,N,
04:08,TATAINVEST,1621,685.0,-0.54,1.09,,16.3,5.4,NORMAL,N,0.0,5.444646098003629,16.33393829401089,0.0,0.0,0.0,0.0,0.0,0.0,0.0,0.0,0.0,0.0,0.0,N,,N,
04:08,DIAMONDYD,21840,1201.0,-0.54,1.08,,16.1,5.4,NORMAL,N,0.0,5.383022774327122,16.149068322981364,0.0,0.0,0.0,0.0,0.0,0.0,0.0,0.0,0.0,0.0,0.0,N,,N,
04:08,TATAPOWER,3426,378.0,-0.53,1.05,,15.8,5.3,NORMAL,Y,0.0,5.263157894736842,15.789473684210526,0.0,0.0,0.0,0.0,0.0,0.0,0.0,0.0,0.0,0.0,0.0,N,,N,
04:09,NESCO,15409,1042.8,-0.52,1.05,,15.7,5.2,NORMAL,Y,0.0,5.246589716684156,15.739769150052467,0.0,0.0,0.0,0.0,0.0,0.0,0.0,0.0,0.0,0.0,0.0,N,,N,
04:09,GRANULES,11872,856.5,-0.52,1.05,,15.7,5.2,NORMAL,N,0.0,5.226480836236934,15.679442508710803,0.0,0.0,0.0,0.0,0.0,0.0,0.0,0.0,0.0,0.0,0.0,N,,N,
04:09,JKIL,15266,495.0,-0.52,1.05,,15.7,5.2,NORMAL,N,0.0,5.225080385852135,15.675241157556407,0.0,0.0,0.0,0.0,0.0,0.0,0.0,0.0,0.0,0.0,0.0,N,,N,
04:09,BRIGADE,15184,602.0,-0.51,1.02,,15.4,5.1,NORMAL,N,0.0,5.123120145430544,15.369360436291633,0.0,0.0,0.0,0.0,0.0,0.0,0.0,0.0,0.0,0.0,0.0,N,,N,
04:09,LLOYDSME,17313,1956.2,-1.51,3.02,,30.0,15.1,NORMAL,Y,0.0,15.104219111871918,30.0,0.0,0.0,0.0,0.0,0.0,0.0,0.0,0.0,0.0,0.0,0.0,N,,N,
04:09,GAIL,4717,174.45,-0.51,1.02,,15.2,5.1,NORMAL,N,0.0,5.075852629177682,15.227557887533045,0.0,0.0,0.0,0.0,0.0,0.0,0.0,0.0,0.0,0.0,0.0,N,,N,
04:09,VISHNU,6908,584.2,-0.5,1.0,,15.1,5.0,NORMAL,Y,0.0,5.024269777739814,15.07280933321944,0.0,0.0,0.0,0.0,0.0,0.0,0.0,0.0,0.0,0.0,0.0,N,,N,
04:09,ORIENTELEC,2972,189.73,-0.5,1.0,,14.9,5.0,NORMAL,N,0.0,4.982169079085468,14.946507237256403,0.0,0.0,0.0,0.0,0.0,0.0,0.0,0.0,0.0,0.0,0.0,N,,N,
04:09,JIOFIN,18143,251.5,-0.49,0.99,,14.8,4.9,NORMAL,N,0.0,4.945598417408506,14.836795252225517,0.0,0.0,0.0,0.0,0.0,0.0,0.0,0.0,0.0,0.0,0.0,N,,N,
04:09,ABCAPITAL,21614,405.15,-0.49,0.98,,14.7,4.9,NORMAL,Y,0.0,4.912194522903107,14.736583568709321,0.0,0.0,0.0,0.0,0.0,0.0,0.0,0.0,0.0,0.0,0.0,N,,N,
04:09,ROUTE,128,527.55,-0.48,0.96,,14.4,4.8,NORMAL,Y,0.0,4.8104131295983175,14.431239388794953,0.0,0.0,0.0,0.0,0.0,0.0,0.0,0.0,0.0,0.0,0.0,N,,N,
04:09,GARFIBRES,1100,782.65,-0.48,0.95,,14.3,4.8,NORMAL,N,0.0,4.768565615462868,14.305696846388607,0.0,0.0,0.0,0.0,0.0,0.0,0.0,0.0,0.0,0.0,0.0,N,,N,
04:09,WESTLIFE,11580,580.7,-0.47,0.94,,14.1,4.7,NORMAL,N,0.0,4.713343045676579,14.140029137029737,0.0,0.0,0.0,0.0,0.0,0.0,0.0,0.0,0.0,0.0,0.0,N,,N,
04:09,HAPPSTMNDS,48,392.5,-0.47,0.94,,14.1,4.7,NORMAL,N,0.0,4.691264105490105,14.073792316470314,0.0,0.0,0.0,0.0,0.0,0.0,0.0,0.0,0.0,0.0,0.0,N,,N,
04:09,RAMKY,20134,394.4,-0.47,0.93,,14.0,4.7,NORMAL,N,0.0,4.668769716088385,14.006309148265155,0.0,0.0,0.0,0.0,0.0,0.0,0.0,0.0,0.0,0.0,0.0,N,,N,
04:09,PRESTIGE,20302,1562.7,-1.46,2.93,,30.0,14.6,NORMAL,Y,0.0,14.628917334005957,30.0,0.0,0.0,0.0,0.0,0.0,0.0,0.0,0.0,0.0,0.0,0.0,N,,N,
04:09,JTEKTINDIA,3237,140.51,-0.46,0.92,,13.8,4.6,NORMAL,N,0.0,4.604703882119622,13.814111646358864,0.0,0.0,0.0,0.0,0.0,0.0,0.0,0.0,0.0,0.0,0.0,N,,N,
04:09,INTELLECT,5926,720.35,-0.46,0.91,,13.7,4.6,NORMAL,Y,0.0,4.5602155738270636,13.68064672148119,0.0,0.0,0.0,0.0,0.0,0.0,0.0,0.0,0.0,0.0,0.0,N,,N,
04:09,DLF,14732,647.15,-0.45,0.91,,13.6,4.5,NORMAL,Y,0.0,4.537763421012222,13.613290263036665,0.0,0.0,0.0,0.0,0.0,0.0,0.0,0.0,0.0,0.0,0.0,N,,N,
04:09,RBLBANK,18391,388.0,-0.44,0.87,,13.1,4.4,NORMAL,N,0.0,4.3623299974338945,13.086989992301683,0.0,0.0,0.0,0.0,0.0,0.0,0.0,0.0,0.0,0.0,0.0,N,,N,
04:09,BAJFINANCE,317,1088.6,-0.43,0.86,,12.9,4.3,NORMAL,N,0.0,4.29891155218151,12.896734656544531,0.0,0.0,0.0,0.0,0.0,0.0,0.0,0.0,0.0,0.0,0.0,N,,N,
04:09,POWERGRID,14977,266.8,-0.43,0.86,,12.9,4.3,NORMAL,Y,0.0,4.291845493562147,12.87553648068644,0.0,0.0,0.0,0.0,0.0,0.0,0.0,0.0,0.0,0.0,0.0,N,,N,
04:09,ASAHIINDIA,5378,897.85,-0.42,0.84,,12.6,4.2,NORMAL,Y,0.0,4.214495646869577,12.643486940608732,0.0,0.0,0.0,0.0,0.0,0.0,0.0,0.0,0.0,0.0,0.0,N,,N,
04:09,SHILPAMED,17752,816.35,-0.41,0.82,,12.3,4.1,NORMAL,N,0.0,4.086861046724439,12.260583140173317,0.0,0.0,0.0,0.0,0.0,0.0,0.0,0.0,0.0,0.0,0.0,N,,N,
04:09,ADANIPOWER,17388,208.15,-0.41,0.81,,12.2,4.1,NORMAL,Y,0.0,4.066985645932988,12.200956937798962,0.0,0.0,0.0,0.0,0.0,0.0,0.0,0.0,0.0,0.0,0.0,N,,N,
04:09,ZYDUSWELL,17635,504.05,-0.41,0.81,,12.2,4.1,NORMAL,Y,0.0,4.050582888757185,12.151748666271555,0.0,0.0,0.0,0.0,0.0,0.0,0.0,0.0,0.0,0.0,0.0,N,,N,
04:09,MANAPPURAM,19061,358.55,-0.4,0.81,,12.1,4.0,NORMAL,N,0.0,4.027777777777747,12.083333333333238,0.0,0.0,0.0,0.0,0.0,0.0,0.0,0.0,0.0,0.0,0.0,N,,N,
04:09,HIKAL,9668,217.11,-0.4,0.8,,12.0,4.0,NORMAL,Y,0.0,3.9911918524634196,11.973575557390259,0.0,0.0,0.0,0.0,0.0,0.0,0.0,0.0,0.0,0.0,0.0,N,,N,
04:09,HDBFS,757772,690.35,-0.4,0.79,,11.9,4.0,NORMAL,Y,0.0,3.9676814312509014,11.903044293752705,0.0,0.0,0.0,0.0,0.0,0.0,0.0,0.0,0.0,0.0,0.0,N,,N,
04:09,PRAJIND,2705,328.6,-0.39,0.79,,11.8,3.9,NORMAL,N,0.0,3.9405880569868286,11.821764170960485,0.0,0.0,0.0,0.0,0.0,0.0,0.0,0.0,0.0,0.0,0.0,N,,N,
04:09,LOTUSEYE,16807,119.31,-0.39,0.78,,11.8,3.9,NORMAL,N,0.0,3.9238604107530377,11.771581232259113,0.0,0.0,0.0,0.0,0.0,0.0,0.0,0.0,0.0,0.0,0.0,N,,N,
04:09,ITDC,19299,674.0,-0.39,0.78,,11.7,3.9,NORMAL,Y,0.0,3.9163526195226153,11.749057858567845,0.0,0.0,0.0,0.0,0.0,0.0,0.0,0.0,0.0,0.0,0.0,N,,N,
04:09,KEC,13260,449.0,-0.39,0.78,,11.6,3.9,NORMAL,Y,0.0,3.882418191902385,11.647254575707155,0.0,0.0,0.0,0.0,0.0,0.0,0.0,0.0,0.0,0.0,0.0,N,,N,
04:09,PURVA,14922,211.5,-0.38,0.76,,11.4,3.8,NORMAL,Y,0.0,3.8151759220008588,11.445527766002575,0.0,0.0,0.0,0.0,0.0,0.0,0.0,0.0,0.0,0.0,0.0,N,,N,
04:09,LODHA,3220,1207.4,-0.38,0.76,,11.4,3.8,NORMAL,Y,0.0,3.7953795379537203,11.38613861386116,0.0,0.0,0.0,0.0,0.0,0.0,0.0,0.0,0.0,0.0,0.0,N,,N,
04:09,WIPRO,3787,183.9,-0.38,0.76,,11.4,3.8,NORMAL,N,0.0,3.7919826652220405,11.375947995666122,0.0,0.0,0.0,0.0,0.0,0.0,0.0,0.0,0.0,0.0,0.0,N,,N,
04:09,KIMS,4847,810.0,-0.38,0.75,,11.3,3.8,NORMAL,N,0.0,3.751306807699348,11.253920423098043,0.0,0.0,0.0,0.0,0.0,0.0,0.0,0.0,0.0,0.0,0.0,N,,N,
04:09,HOMEFIRST,2056,1171.6,-0.37,0.75,,11.2,3.7,NORMAL,Y,0.0,3.741496598639533,11.2244897959186,0.0,0.0,0.0,0.0,0.0,0.0,0.0,0.0,0.0,0.0,0.0,N,,N,
04:09,SANGAMIND,4184,579.8,-0.37,0.74,,11.1,3.7,NORMAL,Y,0.0,3.6944754704013936,11.08342641120418,0.0,0.0,0.0,0.0,0.0,0.0,0.0,0.0,0.0,0.0,0.0,N,,N,
04:09,CROMPTON,17094,244.5,-0.37,0.73,,11.0,3.7,NORMAL,Y,0.0,3.6674816625917104,11.00244498777513,0.0,0.0,0.0,0.0,0.0,0.0,0.0,0.0,0.0,0.0,0.0,N,,N,
04:09,WSTCSTPAPR,3799,595.0,-0.35,0.7,,10.6,3.5,NORMAL,N,0.0,3.5169988276670954,10.550996483001287,0.0,0.0,0.0,0.0,0.0,0.0,0.0,0.0,0.0,0.0,0.0,N,,N,
04:09,GODREJIND,10925,1285.3,-0.35,0.7,,10.5,3.5,NORMAL,Y,0.0,3.488913009768957,10.46673902930687,0.0,0.0,0.0,0.0,0.0,0.0,0.0,0.0,0.0,0.0,0.0,N,,N,
04:09,TEXRAIL,21828,106.97,-0.34,0.69,,10.3,3.4,NORMAL,Y,0.0,3.446990870132332,10.340972610396996,0.0,0.0,0.0,0.0,0.0,0.0,0.0,0.0,0.0,0.0,0.0,N,,N,
04:09,KAJARIACER,1808,1221.5,-0.33,0.67,,10.0,3.3,NORMAL,N,0.0,3.3453002610965314,10.035900783289595,0.0,0.0,0.0,0.0,0.0,0.0,0.0,0.0,0.0,0.0,0.0,N,,N,
04:09,CAMPUS,9362,218.09,-0.33,0.67,,10.0,3.3,NORMAL,Y,0.0,3.336075313042637,10.008225939127911,0.0,0.0,0.0,0.0,0.0,0.0,0.0,0.0,0.0,0.0,0.0,N,,N,
04:09,ETERNAL,5097,316.95,-0.33,0.66,,9.9,3.3,NORMAL,N,0.0,3.301886792452866,9.905660377358599,0.0,0.0,0.0,0.0,0.0,0.0,0.0,0.0,0.0,0.0,0.0,N,,N,
04:09,MOTILALOFS,14947,885.25,-0.31,0.62,,9.3,3.1,NORMAL,Y,0.0,3.096846846846847,9.29054054054054,0.0,0.0,0.0,0.0,0.0,0.0,0.0,0.0,0.0,0.0,0.0,N,,N,
04:09,GLAND,1186,2891.4,-1.13,2.26,,30.0,11.3,NORMAL,N,0.0,11.284366023799752,30.0,0.0,0.0,0.0,0.0,0.0,0.0,0.0,0.0,0.0,0.0,0.0,N,,N,
04:09,BAJAJFINSV,16675,2012.0,-0.98,1.97,,29.5,9.8,NORMAL,N,0.0,9.84251968503937,29.52755905511811,0.0,0.0,0.0,0.0,0.0,0.0,0.0,0.0,0.0,0.0,0.0,N,,N,
04:09,TIINDIA,312,2752.8,-0.98,1.96,,29.4,9.8,NORMAL,Y,0.0,9.784172661870437,29.35251798561131,0.0,0.0,0.0,0.0,0.0,0.0,0.0,0.0,0.0,0.0,0.0,N,,N,
04:09,POWERMECH,10473,2419.0,-0.95,1.91,,28.6,9.5,NORMAL,Y,0.0,9.540187528149769,28.62056258444931,0.0,0.0,0.0,0.0,0.0,0.0,0.0,0.0,0.0,0.0,0.0,N,,N,
04:09,WOCKPHARMA,7506,1891.2,-0.95,1.91,,28.6,9.5,NORMAL,Y,0.0,9.531790091128126,28.59537027338438,0.0,0.0,0.0,0.0,0.0,0.0,0.0,0.0,0.0,0.0,0.0,N,,N,
04:09,MANKIND,15380,2402.4,-0.93,1.86,,28.0,9.3,NORMAL,Y,0.0,9.319587628865943,27.958762886597828,0.0,0.0,0.0,0.0,0.0,0.0,0.0,0.0,0.0,0.0,0.0,N,,N,
04:09,OBEROIRLTY,20242,1777.0,-0.93,1.85,,27.8,9.3,NORMAL,Y,0.0,9.25512934879567,27.765388046387006,0.0,0.0,0.0,0.0,0.0,0.0,0.0,0.0,0.0,0.0,0.0,N,,N,
04:09,PIXTRANS,9087,1965.8,-0.87,1.73,,26.0,8.7,NORMAL,N,0.0,8.673726676752418,26.021180030257256,0.0,0.0,0.0,0.0,0.0,0.0,0.0,0.0,0.0,0.0,0.0,N,,N,
04:09,ICICIAMC,760407,3028.6,-0.84,1.68,,25.1,8.4,NORMAL,Y,0.0,8.381900333966312,25.145701001898935,0.0,0.0,0.0,0.0,0.0,0.0,0.0,0.0,0.0,0.0,0.0,N,,N,
04:09,PHOENIXLTD,14552,1892.8,-0.83,1.67,,25.0,8.3,NORMAL,Y,0.0,8.33027715198831,24.990831455964933,0.0,0.0,0.0,0.0,0.0,0.0,0.0,0.0,0.0,0.0,0.0,N,,N,
04:09,NHPC,17400,76.31,-0.83,1.66,,25.0,8.3,NORMAL,Y,0.0,8.317089018843413,24.95126705653024,0.0,0.0,0.0,0.0,0.0,0.0,0.0,0.0,0.0,0.0,0.0,N,,N,
04:09,ADANIENT,25,2970.6,-0.83,1.66,,24.9,8.3,NORMAL,Y,0.0,8.312468703054613,24.937406109163838,0.0,0.0,0.0,0.0,0.0,0.0,0.0,0.0,0.0,0.0,0.0,N,,N,
04:09,SBILIFE,21808,1823.1,-0.79,1.58,,23.7,7.9,NORMAL,Y,0.0,7.890727035263388,23.672181105790163,0.0,0.0,0.0,0.0,0.0,0.0,0.0,0.0,0.0,0.0,0.0,N,,N,
04:09,NBCC,31415,93.06,-0.79,1.58,,23.7,7.9,NORMAL,Y,0.0,7.889125799573507,23.667377398720518,0.0,0.0,0.0,0.0,0.0,0.0,0.0,0.0,0.0,0.0,0.0,N,,N,
04:09,INOXWIND,7852,73.82,-0.78,1.56,,23.4,7.8,NORMAL,Y,0.0,7.79569892473135,23.38709677419405,0.0,0.0,0.0,0.0,0.0,0.0,0.0,0.0,0.0,0.0,0.0,N,,N,
04:09,NTPCGREEN,27176,92.29,-0.77,1.55,,23.2,7.7,NORMAL,Y,0.0,7.741103107192762,23.223309321578288,0.0,0.0,0.0,0.0,0.0,0.0,0.0,0.0,0.0,0.0,0.0,N,,N,
04:09,CHOLAFIN,685,1899.9,-0.76,1.51,,22.7,7.6,NORMAL,N,0.0,7.574174676138737,22.722524028416213,0.0,0.0,0.0,0.0,0.0,0.0,0.0,0.0,0.0,0.0,0.0,N,,N,
04:09,NIITLTD,11522,94.72,-0.75,1.51,,22.6,7.5,NORMAL,Y,0.0,7.544006705783727,22.632020117351182,0.0,0.0,0.0,0.0,0.0,0.0,0.0,0.0,0.0,0.0,0.0,N,,N,
04:09,MPHASIS,4503,2511.3,-0.74,1.48,,22.2,7.4,NORMAL,N,0.0,7.391304347826016,22.173913043478045,0.0,0.0,0.0,0.0,0.0,0.0,0.0,0.0,0.0,0.0,0.0,N,,N,
04:09,GODREJPROP,17875,2023.0,-0.73,1.46,,21.9,7.3,NORMAL,Y,0.0,7.311448059276751,21.93434417783025,0.0,0.0,0.0,0.0,0.0,0.0,0.0,0.0,0.0,0.0,0.0,N,,N,
04:09,COFORGE,11543,1805.8,-0.73,1.45,,21.8,7.3,NORMAL,N,0.0,7.256734469488755,21.770203408466266,0.0,0.0,0.0,0.0,0.0,0.0,0.0,0.0,0.0,0.0,0.0,N,,N,
04:09,DALBHARAT,8075,1822.5,-0.71,1.43,,21.4,7.1,NORMAL,N,0.0,7.136631074308078,21.409893222924236,0.0,0.0,0.0,0.0,0.0,0.0,0.0,0.0,0.0,0.0,0.0,N,,N,
04:09,BHARTIARTL,10604,1902.1,-0.68,1.37,,20.5,6.8,NORMAL,Y,0.0,6.840016708437832,20.520050125313496,0.0,0.0,0.0,0.0,0.0,0.0,0.0,0.0,0.0,0.0,0.0,N,,N,
04:09,LUMAXTECH,14014,2062.6,-0.66,1.32,,19.8,6.6,NORMAL,N,0.0,6.598275779030136,19.794827337090407,0.0,0.0,0.0,0.0,0.0,0.0,0.0,0.0,0.0,0.0,0.0,N,,N,
04:09,DEEPAKNTR,19943,1773.1,-0.66,1.31,,19.7,6.6,NORMAL,N,0.0,6.555356342447358,19.666069027342076,0.0,0.0,0.0,0.0,0.0,0.0,0.0,0.0,0.0,0.0,0.0,N,,N,
04:09,ICICIGI,21770,1633.6,-0.6,1.2,,18.1,6.0,NORMAL,Y,0.0,6.023729844843377,18.07118953453013,0.0,0.0,0.0,0.0,0.0,0.0,0.0,0.0,0.0,0.0,0.0,N,,N,
04:09,GLAXO,1153,2587.0,-0.57,1.15,,17.2,5.7,NORMAL,N,0.0,5.726584419078399,17.1797532572352,0.0,0.0,0.0,0.0,0.0,0.0,0.0,0.0,0.0,0.0,0.0,N,,N,
04:09,GODFRYPHLP,1181,2212.5,-0.56,1.11,,16.7,5.6,NORMAL,N,0.0,5.57328419254802,16.719852577644062,0.0,0.0,0.0,0.0,0.0,0.0,0.0,0.0,0.0,0.0,0.0,N,,N,
04:09,VISAKAIND,4221,99.66,-0.55,1.1,,16.5,5.5,NORMAL,N,0.0,5.488474204171212,16.465422612513635,0.0,0.0,0.0,0.0,0.0,0.0,0.0,0.0,0.0,0.0,0.0,N,,N,
04:09,WABAG,20188,1941.5,-0.44,0.88,,13.2,4.4,NORMAL,Y,0.0,4.410030254858679,13.230090764576037,0.0,0.0,0.0,0.0,0.0,0.0,0.0,0.0,0.0,0.0,0.0,N,,N,
04:09,LGEINDIA,760213,1560.1,-0.41,0.82,,12.3,4.1,NORMAL,N,0.0,4.085541015001654,12.256623045004963,0.0,0.0,0.0,0.0,0.0,0.0,0.0,0.0,0.0,0.0,0.0,N,,N,
04:09,COLPAL,15141,2000.0,-0.4,0.8,,12.0,4.0,NORMAL,Y,0.0,3.9840637450199203,11.952191235059761,0.0,0.0,0.0,0.0,0.0,0.0,0.0,0.0,0.0,0.0,0.0,N,,N,
04:09,XCHANGING,11705,68.17,-0.39,0.79,,11.8,3.9,NORMAL,N,0.0,3.9450613676212156,11.835184102863648,0.0,0.0,0.0,0.0,0.0,0.0,0.0,0.0,0.0,0.0,0.0,N,,N,
04:09,LUPIN,10440,2271.2,-0.34,0.68,,10.1,3.4,NORMAL,Y,0.0,3.3788231164159344,10.136469349247804,0.0,0.0,0.0,0.0,0.0,0.0,0.0,0.0,0.0,0.0,0.0,N,,N,
04:09,TCS,11536,2438.2,-0.31,0.61,,9.2,3.1,NORMAL,N,0.0,3.0666066974690276,9.199820092407084,0.0,0.0,0.0,0.0,0.0,0.0,0.0,0.0,0.0,0.0,0.0,N,,N,
04:09,WELSPUNLIV,11253,162.31,1.66,3.32,,46.6,0.0,NORMAL,Y,16.59777026180637,0.0,30.0,0.0,0.0,0.0,0.0,0.0,0.0,0.0,0.0,0.0,0.0,0.0,N,,N,
04:09,EXIDEIND,676,491.35,1.66,3.31,,46.6,0.0,NORMAL,Y,16.551153408503154,0.0,30.0,0.0,0.0,0.0,0.0,0.0,0.0,0.0,0.0,0.0,0.0,0.0,N,,N,
04:09,YATRA,18760,115.82,1.32,2.64,,43.2,0.0,NORMAL,Y,13.209692940250118,0.0,30.0,0.0,0.0,0.0,0.0,0.0,0.0,0.0,0.0,0.0,0.0,0.0,N,,N,
04:09,GUJGASLTD,10599,278.0,1.31,2.62,,43.1,0.0,NORMAL,Y,13.119533527696877,0.0,30.0,0.0,0.0,0.0,0.0,0.0,0.0,0.0,0.0,0.0,0.0,0.0,N,,N,
04:09,APLLTD,25328,849.65,1.29,2.57,,42.9,0.0,NORMAL,Y,12.874769029027782,0.0,30.0,0.0,0.0,0.0,0.0,0.0,0.0,0.0,0.0,0.0,0.0,0.0,N,,N,
04:22,TDPOWERSYS,25178,1454.6,14.03,28.07,,75.0,0.0,NORMAL,Y,30.0,0.0,30.0,0.0,15,0.0,0.0,0.0,0.0,0.0,0.0,0.0,0.0,0.0,N,,N,
04:22,NARMADA,6364,418.4,7.84,15.67,,75.0,0.0,NORMAL,Y,30.0,0.0,30.0,0.0,15,0.0,0.0,0.0,0.0,0.0,0.0,0.0,0.0,0.0,N,,N,
04:22,VLSFINANCE,3715,273.7,4.79,9.57,,75.0,0.0,NORMAL,Y,30.0,0.0,30.0,0.0,15,0.0,0.0,0.0,0.0,0.0,0.0,0.0,0.0,0.0,N,,N,
04:22,PRICOLLTD,19631,768.55,4.26,8.52,,75.0,0.0,NORMAL,Y,30.0,0.0,30.0,0.0,15,0.0,0.0,0.0,0.0,0.0,0.0,0.0,0.0,0.0,N,,N,
04:22,YUKEN,5501,838.0,4.07,8.15,,75.0,0.0,NORMAL,Y,30.0,0.0,30.0,0.0,15,0.0,0.0,0.0,0.0,0.0,0.0,0.0,0.0,0.0,N,,N,
04:22,BATAINDIA,371,727.0,3.88,7.76,,75.0,0.0,NORMAL,Y,30.0,0.0,30.0,0.0,15,0.0,0.0,0.0,0.0,0.0,0.0,0.0,0.0,0.0,N,,N,
04:22,BERGEPAINT,404,553.85,3.53,7.07,,75.0,0.0,NORMAL,Y,30.0,0.0,30.0,0.0,15,0.0,0.0,0.0,0.0,0.0,0.0,0.0,0.0,0.0,N,,N,
04:22,HINDALCO,1363,1083.7,3.3,6.6,,75.0,0.0,NORMAL,Y,30.0,0.0,30.0,0.0,15,0.0,0.0,0.0,0.0,0.0,0.0,0.0,0.0,0.0,N,,N,
04:22,PNB,10666,117.55,3.09,6.17,,75.0,0.0,NORMAL,Y,30.0,0.0,30.0,0.0,15,0.0,0.0,0.0,0.0,0.0,0.0,0.0,0.0,0.0,N,,N,
04:22,RELAXO,24225,433.9,2.91,5.81,,74.1,0.0,NORMAL,Y,29.05253172062137,0.0,30.0,0.0,15,0.0,0.0,0.0,0.0,0.0,0.0,0.0,0.0,0.0,N,,N,
04:22,WINDMACHIN,24969,311.0,2.78,5.55,,72.8,0.0,NORMAL,Y,27.759418374091133,0.0,30.0,0.0,15,0.0,0.0,0.0,0.0,0.0,0.0,0.0,0.0,0.0,N,,N,
04:22,SHIVALIK,7026,263.95,2.76,5.53,,72.6,0.0,NORMAL,Y,27.642592953085323,0.0,30.0,0.0,15,0.0,0.0,0.0,0.0,0.0,0.0,0.0,0.0,0.0,N,,N,
04:22,TNPL,3980,158.06,2.62,5.25,,71.2,0.0,NORMAL,Y,26.23035969354624,0.0,30.0,0.0,15,0.0,0.0,0.0,0.0,0.0,0.0,0.0,0.0,0.0,N,,N,
04:22,SANDHAR,2397,637.0,2.42,4.84,,69.2,0.0,NORMAL,Y,24.19808666291495,0.0,30.0,0.0,15,0.0,0.0,0.0,0.0,0.0,0.0,0.0,0.0,0.0,N,,N,
04:22,HGINFRA,1672,561.0,2.41,4.82,,69.1,0.0,NORMAL,Y,24.09638554216876,0.0,30.0,0.0,15,0.0,0.0,0.0,0.0,0.0,0.0,0.0,0.0,0.0,N,,N,
04:22,TVSSCS,18151,129.05,2.33,4.66,,68.3,0.0,NORMAL,N,23.31298073110786,0.0,30.0,0.0,15,0.0,0.0,0.0,0.0,0.0,0.0,0.0,0.0,0.0,N,,N,
04:22,NIACL,399,183.36,2.22,4.45,,67.2,0.0,NORMAL,Y,22.244522495400616,0.0,30.0,0.0,15,0.0,0.0,0.0,0.0,0.0,0.0,0.0,0.0,0.0,N,,N,
04:22,INDIANB,14309,894.4,2.15,4.29,,66.5,0.0,NORMAL,Y,21.470991320237502,0.0,30.0,0.0,15,0.0,0.0,0.0,0.0,0.0,0.0,0.0,0.0,0.0,N,,N,
04:22,UNIONBANK,10753,186.35,2.11,4.22,,66.1,0.0,NORMAL,Y,21.095890410958873,0.0,30.0,0.0,15,0.0,0.0,0.0,0.0,0.0,0.0,0.0,0.0,0.0,N,,N,
04:22,WALCHANNAG,3736,237.5,2.02,4.04,,65.2,0.0,NORMAL,Y,20.18900343642607,0.0,30.0,0.0,15,0.0,0.0,0.0,0.0,0.0,0.0,0.0,0.0,0.0,N,,N,
04:22,ZUARIIND,3827,263.45,1.99,3.99,,64.9,0.0,NORMAL,Y,19.93805652342229,0.0,30.0,0.0,15,0.0,0.0,0.0,0.0,0.0,0.0,0.0,0.0,0.0,N,,N,
04:22,GOCLCORP,3963,438.0,1.97,3.93,,64.7,0.0,NORMAL,Y,19.671749505296216,0.0,30.0,0.0,15,0.0,0.0,0.0,0.0,0.0,0.0,0.0,0.0,0.0,N,,N,
04:22,JAINREC,759244,303.15,1.81,3.63,,63.1,0.0,NORMAL,N,18.136020151133426,0.0,30.0,0.0,15,0.0,0.0,0.0,0.0,0.0,0.0,0.0,0.0,0.0,N,,N,
04:22,APCL,20453,106.01,1.67,3.34,,61.7,0.0,NORMAL,Y,16.687446053515,0.0,30.0,0.0,15,0.0,0.0,0.0,0.0,0.0,0.0,0.0,0.0,0.0,N,,Y,NONRESULTS
04:22,MSTCLTD,9356,580.5,1.66,3.33,,61.6,0.0,NORMAL,N,16.637478108581433,0.0,30.0,0.0,15,0.0,0.0,0.0,0.0,0.0,0.0,0.0,0.0,0.0,N,,N,
04:22,CANBK,10794,132.45,1.65,3.3,,61.5,0.0,NORMAL,Y,16.500383729854008,0.0,30.0,0.0,15,0.0,0.0,0.0,0.0,0.0,0.0,0.0,0.0,0.0,N,,N,
04:22,BHEL,438,409.55,1.63,3.25,,61.3,0.0,NORMAL,Y,16.25310173697273,0.0,30.0,0.0,15,0.0,0.0,0.0,0.0,0.0,0.0,0.0,0.0,0.0,N,,N,
04:22,BORORENEW,3149,570.9,1.49,2.99,,59.9,0.0,NORMAL,N,14.933333333333294,0.0,30.0,0.0,15,0.0,0.0,0.0,0.0,0.0,0.0,0.0,0.0,0.0,N,,N,
04:22,TRIVENI,13081,241.94,1.48,2.97,,59.8,0.0,NORMAL,N,14.84899328859057,0.0,30.0,0.0,15,0.0,0.0,0.0,0.0,0.0,0.0,0.0,0.0,0.0,N,,N,
04:22,BANKINDIA,4745,145.0,1.47,2.94,,59.7,0.0,NORMAL,Y,14.695591322603178,0.0,30.0,0.0,15,0.0,0.0,0.0,0.0,0.0,0.0,0.0,0.0,0.0,N,,N,
04:22,BANKBARODA,4668,249.8,1.46,2.92,,59.6,0.0,NORMAL,Y,14.622258326563863,0.0,30.0,0.0,15,0.0,0.0,0.0,0.0,0.0,0.0,0.0,0.0,0.0,N,,N,
04:22,EXIDEIND,676,490.4,1.46,2.92,,59.6,0.0,NORMAL,Y,14.58570394124331,0.0,30.0,0.0,15,0.0,0.0,0.0,0.0,0.0,0.0,0.0,0.0,0.0,N,,N,
04:22,JMFINANCIL,13637,127.96,1.42,2.84,,59.2,0.0,NORMAL,Y,14.187207735594768,0.0,30.0,0.0,15,0.0,0.0,0.0,0.0,0.0,0.0,0.0,0.0,0.0,N,,N,
04:22,MEESHO,760229,193.0,1.36,2.72,,58.6,0.0,NORMAL,Y,13.602226773803917,0.0,30.0,0.0,15,0.0,0.0,0.0,0.0,0.0,0.0,0.0,0.0,0.0,N,,N,
04:22,GUJGASLTD,10599,278.1,1.35,2.7,,58.5,0.0,NORMAL,Y,13.483965014577427,0.0,30.0,0.0,15,0.0,0.0,0.0,0.0,0.0,0.0,0.0,0.0,0.0,N,,N,
04:22,SBIN,3045,1080.3,1.34,2.68,,58.4,0.0,NORMAL,Y,13.414634146341422,0.0,30.0,0.0,15,0.0,0.0,0.0,0.0,0.0,0.0,0.0,0.0,0.0,N,,N,
04:22,PETRONET,11351,280.55,1.28,2.56,,57.8,0.0,NORMAL,Y,12.81588447653434,0.0,30.0,0.0,15,0.0,0.0,0.0,0.0,0.0,0.0,0.0,0.0,0.0,N,,N,
04:22,MAHABANK,11377,80.74,2.27,4.53,,67.7,0.0,NORMAL,Y,22.67257758074721,0.0,30.0,0.0,15,0.0,0.0,0.0,0.0,0.0,0.0,0.0,0.0,0.0,N,,N,
04:22,YATRA,18760,115.74,1.25,2.5,,57.5,0.0,NORMAL,Y,12.50984165864747,0.0,30.0,0.0,15,0.0,0.0,0.0,0.0,0.0,0.0,0.0,0.0,0.0,N,,N,
04:22,VARROC,3857,852.5,1.23,2.46,,57.3,0.0,NORMAL,Y,12.289972095232468,0.0,30.0,0.0,15,0.0,0.0,0.0,0.0,0.0,0.0,0.0,0.0,0.0,N,,N,
04:22,HINDZINC,1424,593.55,1.18,2.35,,56.8,0.0,NORMAL,Y,11.761697775504949,0.0,30.0,0.0,15,0.0,0.0,0.0,0.0,0.0,0.0,0.0,0.0,0.0,N,,N,
04:22,TMCV,759782,455.3,1.17,2.33,,56.7,0.0,NORMAL,Y,11.665370514387291,0.0,30.0,0.0,15,0.0,0.0,0.0,0.0,0.0,0.0,0.0,0.0,0.0,N,,N,
04:22,VGUARD,15362,327.95,1.13,2.25,,56.3,0.0,NORMAL,Y,11.255010792476032,0.0,30.0,0.0,15,0.0,0.0,0.0,0.0,0.0,0.0,0.0,0.0,0.0,N,,N,
04:22,PVRINOX,13147,1173.1,1.11,2.22,,56.1,0.0,NORMAL,Y,11.118772625409294,0.0,30.0,0.0,15,0.0,0.0,0.0,0.0,0.0,0.0,0.0,0.0,0.0,N,,N,
04:22,CONCOR,4749,517.45,1.06,2.13,,55.6,0.0,NORMAL,Y,10.644531250000089,0.0,30.0,0.0,15,0.0,0.0,0.0,0.0,0.0,0.0,0.0,0.0,0.0,N,,N,
04:22,INDOCO,11677,218.75,1.03,2.05,,55.3,0.0,NORMAL,N,10.252620883942175,0.0,30.0,0.0,15,0.0,0.0,0.0,0.0,0.0,0.0,0.0,0.0,0.0,N,,N,
04:22,SCI,3048,296.85,0.99,1.97,,54.5,0.0,NORMAL,Y,9.865623405341161,0.0,29.596870216023483,0.0,15,0.0,0.0,0.0,0.0,0.0,0.0,0.0,0.0,0.0,N,,N,
04:22,IOC,1624,141.37,0.98,1.96,,54.1,0.0,NORMAL,N,9.785714285714317,0.0,29.357142857142954,0.0,15,0.0,0.0,0.0,0.0,0.0,0.0,0.0,0.0,0.0,N,,N,
04:22,M&MFIN,13285,402.6,0.95,1.91,,53.1,0.0,NORMAL,Y,9.528585757271843,0.0,28.58575727181553,0.0,15,0.0,0.0,0.0,0.0,0.0,0.0,0.0,0.0,0.0,N,,N,
04:22,APLLTD,25328,846.6,0.92,1.85,,52.0,0.0,NORMAL,Y,9.238838886570901,0.0,27.716516659712703,0.0,15,0.0,0.0,0.0,0.0,0.0,0.0,0.0,0.0,0.0,N,,N,
04:22,SHARDAMOTR,10530,884.85,0.91,1.81,,51.3,0.0,NORMAL,N,9.066028053369878,0.0,27.198084160109634,0.0,15,0.0,0.0,0.0,0.0,0.0,0.0,0.0,0.0,0.0,N,,N,
04:22,CHEMPLASTS,5449,173.2,0.89,1.77,,50.4,0.0,NORMAL,N,8.853681267474265,0.0,26.561043802422795,0.0,15,0.0,0.0,0.0,0.0,0.0,0.0,0.0,0.0,0.0,N,,N,
04:22,VERANDA,8890,250.05,0.77,1.53,,45.6,0.0,NORMAL,Y,7.656659278662122,0.0,22.969977835986366,0.0,15,0.0,0.0,0.0,0.0,0.0,0.0,0.0,0.0,0.0,N,,N,
04:22,HALDER,760715,267.01,0.74,1.49,,44.7,0.0,NORMAL,Y,7.432840325988418,0.0,22.298520977965254,0.0,15,0.0,0.0,0.0,0.0,0.0,0.0,0.0,0.0,0.0,N,,N,
04:22,PENIND,20621,160.49,0.74,1.48,,44.6,0.0,NORMAL,N,7.406942439269391,0.0,22.220827317808176,0.0,15,0.0,0.0,0.0,0.0,0.0,0.0,0.0,0.0,0.0,N,,N,
04:22,OIL,17438,473.8,0.73,1.47,,44.3,0.0,NORMAL,Y,7.334963325183351,0.0,22.00488997555005,0.0,15,0.0,0.0,0.0,0.0,0.0,0.0,0.0,0.0,0.0,N,,N,
04:22,RAJRATAN,18962,522.4,0.73,1.47,,44.3,0.0,NORMAL,Y,7.327419976860692,0.0,21.982259930582075,0.0,15,0.0,0.0,0.0,0.0,0.0,0.0,0.0,0.0,0.0,N,,N,
04:22,SOUTHWEST,9678,229.89,0.73,1.45,,44.1,0.0,NORMAL,N,7.273364588353839,0.0,21.820093765061518,0.0,15,0.0,0.0,0.0,0.0,0.0,0.0,0.0,0.0,0.0,N,,N,
04:22,PNBHOUSING,18908,1150.4,0.73,1.45,,44.1,0.0,NORMAL,Y,7.267314595919957,0.0,21.80194378775987,0.0,15,0.0,0.0,0.0,0.0,0.0,0.0,0.0,0.0,0.0,N,,N,
04:22,GENUSPOWER,11905,307.75,0.72,1.44,,43.8,0.0,NORMAL,N,7.20013091147108,0.0,21.60039273441324,0.0,15,0.0,0.0,0.0,0.0,0.0,0.0,0.0,0.0,0.0,N,,N,
04:22,EBGNG,757862,576.65,0.72,1.43,,43.6,0.0,NORMAL,Y,7.160946642214694,0.0,21.482839926644083,0.0,15,0.0,0.0,0.0,0.0,0.0,0.0,0.0,0.0,0.0,N,,N,
04:22,MOIL,20830,281.45,0.72,1.43,,43.6,0.0,NORMAL,Y,7.156915369475756,0.0,21.470746108427267,0.0,15,0.0,0.0,0.0,0.0,0.0,0.0,0.0,0.0,0.0,N,,N,
04:22,SIS,21501,440.55,0.69,1.37,,42.4,0.0,NORMAL,Y,6.856359273225917,0.0,20.56907781967775,0.0,15,0.0,0.0,0.0,0.0,0.0,0.0,0.0,0.0,0.0,N,,N,
04:22,SCHNEIDER,31234,1412.9,0.68,1.37,,42.4,0.0,NORMAL,Y,6.841017601368302,0.0,20.523052804104903,0.0,15,0.0,0.0,0.0,0.0,0.0,0.0,0.0,0.0,0.0,N,,N,
04:22,ASTRAL,14418,1434.4,0.67,1.33,,41.7,0.0,NORMAL,Y,6.667134535756894,0.0,20.001403607270685,0.0,15,0.0,0.0,0.0,0.0,0.0,0.0,0.0,0.0,0.0,N,,Y,NONRESULTS
04:22,ELGIEQUIP,937,577.65,0.66,1.32,,41.5,0.0,NORMAL,N,6.621939531236307,0.0,19.86581859370892,0.0,15,0.0,0.0,0.0,0.0,0.0,0.0,0.0,0.0,0.0,N,,N,
04:22,VEDL,3063,276.75,0.64,1.27,,40.5,0.0,NORMAL,Y,6.363636363636364,0.0,19.09090909090909,0.0,15,0.0,0.0,0.0,0.0,0.0,0.0,0.0,0.0,0.0,N,,N,
04:22,HSCL,14334,760.0,0.6,1.19,,38.8,0.0,NORMAL,Y,5.956320317670418,0.0,17.86896095301125,0.0,15,0.0,0.0,0.0,0.0,0.0,0.0,0.0,0.0,0.0,N,,N,
04:22,SYMPHONY,24190,644.95,0.59,1.19,,38.7,0.0,NORMAL,N,5.92685019106304,0.0,17.78055057318912,0.0,15,0.0,0.0,0.0,0.0,0.0,0.0,0.0,0.0,0.0,N,,N,
04:22,USHAMART,8840,512.9,0.59,1.18,,38.5,0.0,NORMAL,Y,5.883506569915671,0.0,17.650519709747012,0.0,15,0.0,0.0,0.0,0.0,0.0,0.0,0.0,0.0,0.0,N,,N,
04:22,ZODIACLOTH,3821,78.47,1.58,3.16,,60.8,0.0,NORMAL,Y,15.792880258899661,0.0,30.0,0.0,15,0.0,0.0,0.0,0.0,0.0,0.0,0.0,0.0,0.0,N,,N,
04:22,ANANTRAJ,13620,609.4,0.52,1.04,,35.8,0.0,NORMAL,Y,5.195876288659756,0.0,15.58762886597927,0.0,15,0.0,0.0,0.0,0.0,0.0,0.0,0.0,0.0,0.0,N,,N,
04:22,UPL,11287,570.95,0.52,1.04,,35.8,0.0,NORMAL,N,5.193661971831066,0.0,15.580985915493198,0.0,15,0.0,0.0,0.0,0.0,0.0,0.0,0.0,0.0,0.0,N,,N,
04:22,ASHOKLEY,212,175.7,0.5,1.0,,34.9,0.0,NORMAL,Y,4.976262655150581,0.0,14.928787965451741,0.0,15,0.0,0.0,0.0,0.0,0.0,0.0,0.0,0.0,0.0,N,,N,
04:22,HEG,1336,681.6,0.49,0.99,,34.8,0.0,NORMAL,Y,4.9391817176557655,0.0,14.817545152967297,0.0,15,0.0,0.0,0.0,0.0,0.0,0.0,0.0,0.0,0.0,N,,N,
04:22,IIFL,11809,622.25,0.48,0.97,,34.4,0.0,NORMAL,Y,4.844570044408559,0.0,14.533710133225677,0.0,15,0.0,0.0,0.0,0.0,0.0,0.0,0.0,0.0,0.0,N,,N,
04:22,LICI,9480,407.85,0.46,0.91,,33.2,0.0,NORMAL,N,4.556650246305475,0.0,13.669950738916425,0.0,15,0.0,0.0,0.0,0.0,0.0,0.0,0.0,0.0,0.0,N,,N,
04:22,GRINFRA,5054,884.15,0.45,0.91,,33.2,0.0,NORMAL,N,4.544679884110663,0.0,13.63403965233199,0.0,15,0.0,0.0,0.0,0.0,0.0,0.0,0.0,0.0,0.0,N,,N,
04:22,EXICOM,22947,144.58,0.44,0.88,,32.5,0.0,NORMAL,N,4.376519624869912,0.0,13.129558874609737,0.0,15,0.0,0.0,0.0,0.0,0.0,0.0,0.0,0.0,0.0,N,,N,
04:22,METROPOLIS,9581,568.65,0.42,0.85,,32.0,0.0,NORMAL,N,4.23841059602645,0.0,12.71523178807935,0.0,15,0.0,0.0,0.0,0.0,0.0,0.0,0.0,0.0,0.0,N,,N,
04:22,VISAKAIND,4221,100.63,0.42,0.84,,31.8,0.0,NORMAL,Y,4.191198483185328,0.0,12.573595449555983,0.0,15,0.0,0.0,0.0,0.0,0.0,0.0,0.0,0.0,0.0,N,,N,
04:22,INDUSTOWER,29135,370.85,0.41,0.81,,31.2,0.0,NORMAL,N,4.06118857452281,0.0,12.18356572356843,0.0,15,0.0,0.0,0.0,0.0,0.0,0.0,0.0,0.0,0.0,N,,N,
04:22,JINDALSAW,3024,274.65,0.4,0.8,,31.1,0.0,NORMAL,Y,4.021202705172604,0.0,12.063608115517813,0.0,15,0.0,0.0,0.0,0.0,0.0,0.0,0.0,0.0,0.0,N,,N,
04:22,WELCORP,11821,1862.6,1.4,2.8,,59.0,0.0,NORMAL,Y,13.990963035548925,0.0,30.0,0.0,15,0.0,0.0,0.0,0.0,0.0,0.0,0.0,0.0,0.0,N,,N,
04:22,HISARMETAL,19322,156.0,0.4,0.8,,31.0,0.0,NORMAL,Y,3.990217531213828,0.0,11.970652593641486,0.0,15,0.0,0.0,0.0,0.0,0.0,0.0,0.0,0.0,0.0,N,,N,
04:22,GSFC,1247,161.98,0.4,0.79,,30.9,0.0,NORMAL,Y,3.9667782323043657,0.0,11.900334696913097,0.0,15,0.0,0.0,0.0,0.0,0.0,0.0,0.0,0.0,0.0,N,,N,
04:22,MAHSEAMLES,2088,597.35,0.39,0.79,,30.8,0.0,NORMAL,Y,3.9495798319328115,0.0,11.848739495798435,0.0,15,0.0,0.0,0.0,0.0,0.0,0.0,0.0,0.0,0.0,N,,N,
04:22,FINPIPE,1041,163.3,0.39,0.79,,30.7,0.0,NORMAL,N,3.9345874830936607,0.0,11.803762449280981,0.0,15,0.0,0.0,0.0,0.0,0.0,0.0,0.0,0.0,0.0,N,,N,
04:22,UFLEX,1053,499.0,0.39,0.78,,30.7,0.0,NORMAL,Y,3.923146564731895,0.0,11.769439694195686,0.0,15,0.0,0.0,0.0,0.0,0.0,0.0,0.0,0.0,0.0,N,,N,
04:22,CYIENT,5748,856.65,0.38,0.76,,30.2,0.0,NORMAL,Y,3.8082962268572764,0.0,11.424888680571831,0.0,15,0.0,0.0,0.0,0.0,0.0,0.0,0.0,0.0,0.0,N,,N,
04:22,BAJAJELEC,15034,361.7,0.37,0.75,,30.0,0.0,NORMAL,Y,3.7463577077840036,0.0,11.23907312335201,0.0,15,0.0,0.0,0.0,0.0,0.0,0.0,0.0,0.0,0.0,N,,N,
04:22,APOLLOTYRE,163,444.65,0.37,0.74,,29.9,0.0,NORMAL,Y,3.724604966139904,0.0,11.173814898419712,0.0,15,0.0,0.0,0.0,0.0,0.0,0.0,0.0,0.0,0.0,N,,N,
04:22,TIPSMUSIC,9117,671.55,0.37,0.73,,29.6,0.0,NORMAL,N,3.6616350321326134,0.0,10.98490509639784,0.0,15,0.0,0.0,0.0,0.0,0.0,0.0,0.0,0.0,0.0,N,,N,
04:22,KARURVYSYA,1838,335.4,0.36,0.72,,29.4,0.0,NORMAL,Y,3.590664272890451,0.0,10.771992818671352,0.0,15,0.0,0.0,0.0,0.0,0.0,0.0,0.0,0.0,0.0,N,,N,
04:22,ENGINERSIN,4907,243.86,0.36,0.72,,29.3,0.0,NORMAL,Y,3.580394254907628,0.0,10.741182764722884,0.0,15,0.0,0.0,0.0,0.0,0.0,0.0,0.0,0.0,0.0,N,,N,
04:22,DCMSHRIRAM,811,1010.4,0.34,0.68,,28.5,0.0,NORMAL,N,3.3763654419066307,0.0,10.129096325719892,0.0,15,0.0,0.0,0.0,0.0,0.0,0.0,0.0,0.0,0.0,N,,N,
04:22,LTTS,18564,3631.0,1.33,2.66,,58.3,0.0,NORMAL,Y,13.283473795836333,0.0,30.0,0.0,15,0.0,0.0,0.0,0.0,0.0,0.0,0.0,0.0,0.0,N,,N,
04:22,WELSPUNLIV,11253,160.15,0.31,0.61,,27.3,0.0,NORMAL,N,3.0690216710510403,0.0,9.207065013153121,0.0,15,0.0,0.0,0.0,0.0,0.0,0.0,0.0,0.0,0.0,N,,N,
04:22,TPLPLASTEH,9219,76.73,1.11,2.21,,56.1,0.0,NORMAL,N,11.068651996310495,0.0,30.0,0.0,15,0.0,0.0,0.0,0.0,0.0,0.0,0.0,0.0,0.0,N,,N,
04:22,BEML,395,1921.0,0.98,1.97,,54.3,0.0,NORMAL,Y,9.830205540661328,0.0,29.490616621983982,0.0,15,0.0,0.0,0.0,0.0,0.0,0.0,0.0,0.0,0.0,N,,N,
04:22,CREDITACC,4421,1553.7,0.87,1.74,,49.8,0.0,NORMAL,Y,8.699603973252023,0.0,26.098811919756066,0.0,15,0.0,0.0,0.0,0.0,0.0,0.0,0.0,0.0,0.0,N,,N,
04:22,MFSL,2142,1511.8,0.85,1.71,,49.2,0.0,NORMAL,N,8.539026017344865,0.0,25.6170780520346,0.0,15,0.0,0.0,0.0,0.0,0.0,0.0,0.0,0.0,0.0,N,,N,
04:22,ESCORTS,958,3108.1,0.84,1.69,,48.7,0.0,NORMAL,Y,8.435806755134488,0.0,25.30742026540346,0.0,15,0.0,0.0,0.0,0.0,0.0,0.0,0.0,0.0,0.0,N,,N,
04:22,SUPREMEINF,15002,86.16,0.82,1.64,,47.8,0.0,NORMAL,Y,8.190966534051054,0.0,24.572899602153157,0.0,15,0.0,0.0,0.0,0.0,0.0,0.0,0.0,0.0,0.0,N,,N,
04:22,ENDURANCE,18822,3012.2,0.82,1.63,,47.7,0.0,NORMAL,Y,8.166543945377748,0.0,24.499631836133247,0.0,15,0.0,0.0,0.0,0.0,0.0,0.0,0.0,0.0,0.0,N,,N,
04:22,NESTLEIND,17963,1503.8,0.71,1.42,,43.4,0.0,NORMAL,Y,7.0988481114384605,0.0,21.29654433431538,0.0,15,0.0,0.0,0.0,0.0,0.0,0.0,0.0,0.0,0.0,N,,N,
04:22,AJANTPHARM,8124,3530.8,0.7,1.4,,43.1,0.0,NORMAL,Y,7.01614283269647,0.0,21.04842849808941,0.0,15,0.0,0.0,0.0,0.0,0.0,0.0,0.0,0.0,0.0,N,,N,
04:22,TECHM,13538,1653.2,0.62,1.24,,39.8,0.0,NORMAL,Y,6.208155812538068,0.0,18.624467437614204,0.0,15,0.0,0.0,0.0,0.0,0.0,0.0,0.0,0.0,0.0,N,,N,
04:22,NITTAGELA,762824,1621.9,0.62,1.24,,39.8,0.0,NORMAL,N,6.203858800173707,0.0,18.611576400521123,0.0,15,0.0,0.0,0.0,0.0,0.0,0.0,0.0,0.0,0.0,N,,N,
04:22,HYUNDAI,25844,2213.0,0.59,1.18,,38.6,0.0,NORMAL,Y,5.90909090909091,0.0,17.727272727272727,0.0,15,0.0,0.0,0.0,0.0,0.0,0.0,0.0,0.0,0.0,N,,N,
04:22,IDBI,1476,82.91,0.57,1.14,,37.8,0.0,NORMAL,N,5.701115963124684,0.0,17.10334788937405,0.0,15,0.0,0.0,0.0,0.0,0.0,0.0,0.0,0.0,0.0,N,,N,
04:22,ZFCVINDIA,16915,2627.1,0.46,0.93,,33.5,0.0,NORMAL,Y,4.627151051625205,0.0,13.881453154875613,0.0,15,0.0,0.0,0.0,0.0,0.0,0.0,0.0,0.0,0.0,N,,N,
04:22,ZEEL,3812,91.93,0.4,0.81,,31.2,0.0,NORMAL,N,4.041065967671521,0.0,12.123197903014566,0.0,15,0.0,0.0,0.0,0.0,0.0,0.0,0.0,0.0,0.0,N,,N,
04:22,PIDILITIND,2664,1691.7,0.35,0.7,,29.0,0.0,NORMAL,Y,3.499822042947023,0.0,10.499466128841068,0.0,15,0.0,0.0,0.0,0.0,0.0,0.0,0.0,0.0,0.0,N,,N,
04:22,MASTEK,2124,1818.5,0.33,0.65,,28.0,0.0,NORMAL,Y,3.2549928279819547,0.0,9.764978483945864,0.0,15,0.0,0.0,0.0,0.0,0.0,0.0,0.0,0.0,0.0,N,,N,
04:22,AETHER,9810,1639.3,0.31,0.62,,27.5,0.0,NORMAL,Y,3.120793048586408,0.0,9.362379145759224,0.0,15,0.0,0.0,0.0,0.0,0.0,0.0,0.0,0.0,0.0,N,,N,
04:22,BALKRISIND,335,2506.4,0.3,0.6,,27.0,0.0,NORMAL,Y,3.0013205810556647,0.0,9.003961743166995,0.0,15,0.0,0.0,0.0,0.0,0.0,0.0,0.0,0.0,0.0,N,,N,
04:22,GODREJCP,10099,925.2,-9.74,19.47,,30.0,45.0,NORMAL,Y,0.0,30.0,30.0,0.0,0.0,15,0.0,0.0,0.0,0.0,0.0,0.0,0.0,0.0,N,,N,
04:22,TECHNOE,6445,991.35,-6.3,12.61,,30.0,45.0,NORMAL,Y,0.0,30.0,30.0,0.0,0.0,15,0.0,0.0,0.0,0.0,0.0,0.0,0.0,0.0,N,,N,
04:22,JUBLPHARMA,3637,909.9,-5.71,11.42,,30.0,45.0,NORMAL,Y,0.0,30.0,30.0,0.0,0.0,15,0.0,0.0,0.0,0.0,0.0,0.0,0.0,0.0,N,,N,
04:22,RAMCOSYS,7851,624.0,-4.37,8.74,,30.0,45.0,NORMAL,Y,0.0,30.0,30.0,0.0,0.0,15,0.0,0.0,0.0,0.0,0.0,0.0,0.0,0.0,N,,N,
04:22,RHIM,31163,399.15,-3.95,7.89,,30.0,45.0,NORMAL,Y,0.0,30.0,30.0,0.0,0.0,15,0.0,0.0,0.0,0.0,0.0,0.0,0.0,0.0,N,,N,
04:22,BALRAMCHIN,341,603.45,-3.88,7.76,,30.0,45.0,NORMAL,Y,0.0,30.0,30.0,0.0,0.0,15,0.0,0.0,0.0,0.0,0.0,0.0,0.0,0.0,N,,N,
04:22,FORTIS,14592,905.35,-3.19,6.38,,30.0,45.0,NORMAL,Y,0.0,30.0,30.0,0.0,0.0,15,0.0,0.0,0.0,0.0,0.0,0.0,0.0,0.0,N,,N,
04:22,DEVYANI,5373,138.27,-3.17,6.33,,30.0,45.0,NORMAL,N,0.0,30.0,30.0,0.0,0.0,15,0.0,0.0,0.0,0.0,0.0,0.0,0.0,0.0,N,,N,
04:22,AIIL,23553,555.9,-3.06,6.12,,30.0,45.0,NORMAL,Y,0.0,30.0,30.0,0.0,0.0,15,0.0,0.0,0.0,0.0,0.0,0.0,0.0,0.0,N,,N,
04:22,UNICHEMLAB,3579,558.0,-2.75,5.51,,30.0,42.5,NORMAL,N,0.0,27.5357267340536,30.0,0.0,0.0,15,0.0,0.0,0.0,0.0,0.0,0.0,0.0,0.0,N,,N,
04:22,EPACKPEB,759251,240.4,-2.73,5.46,,30.0,42.3,NORMAL,Y,0.0,27.31134938296581,30.0,0.0,0.0,15,0.0,0.0,0.0,0.0,0.0,0.0,0.0,0.0,N,,N,
04:22,SAPPHIRE,6718,229.9,-2.59,5.19,,30.0,40.9,NORMAL,N,0.0,25.930005931700723,30.0,0.0,0.0,15,0.0,0.0,0.0,0.0,0.0,0.0,0.0,0.0,N,,N,
04:22,MATRIMONY,21726,523.8,-2.48,4.95,,30.0,39.8,NORMAL,N,0.0,24.762614038354247,30.0,0.0,0.0,15,0.0,0.0,0.0,0.0,0.0,0.0,0.0,0.0,N,,N,
04:22,ASTERDM,1508,835.2,-2.3,4.61,,30.0,38.0,NORMAL,N,0.0,23.043630834015595,30.0,0.0,0.0,15,0.0,0.0,0.0,0.0,0.0,0.0,0.0,0.0,N,,N,
04:22,ZYDUSLIFE,7929,1164.5,-2.23,4.45,,30.0,37.3,NORMAL,N,0.0,22.25020990764064,30.0,0.0,0.0,15,0.0,0.0,0.0,0.0,0.0,0.0,0.0,0.0,N,,N,
04:22,ADANIGREEN,3563,1336.5,-2.16,4.32,,30.0,36.6,NORMAL,Y,0.0,21.595900439238655,30.0,0.0,0.0,15,0.0,0.0,0.0,0.0,0.0,0.0,0.0,0.0,N,,N,
04:22,PIIND,24184,2630.0,-3.66,7.33,,30.0,45.0,NORMAL,Y,0.0,30.0,30.0,0.0,0.0,15,0.0,0.0,0.0,0.0,0.0,0.0,0.0,0.0,N,,N,
04:22,ERIS,21154,1363.4,-1.93,3.87,,30.0,34.3,NORMAL,Y,0.0,19.34834208444211,30.0,0.0,0.0,15,0.0,0.0,0.0,0.0,0.0,0.0,0.0,0.0,N,,N,
04:22,ANGELONE,324,285.9,-1.89,3.77,,30.0,33.9,NORMAL,Y,0.0,18.874399450926564,30.0,0.0,0.0,15,0.0,0.0,0.0,0.0,0.0,0.0,0.0,0.0,N,,N,
04:22,GREAVESCOT,1235,194.11,-1.86,3.71,,30.0,33.6,NORMAL,Y,0.0,18.555971281221495,30.0,0.0,0.0,15,0.0,0.0,0.0,0.0,0.0,0.0,0.0,0.0,N,,N,
04:22,TEJASNET,21131,523.7,-1.86,3.71,,30.0,33.6,NORMAL,Y,0.0,18.553223388305806,30.0,0.0,0.0,15,0.0,0.0,0.0,0.0,0.0,0.0,0.0,0.0,N,,N,
04:22,RAYMOND,2859,613.75,-1.69,3.38,,30.0,31.9,NORMAL,N,0.0,16.898926798013704,30.0,0.0,0.0,15,0.0,0.0,0.0,0.0,0.0,0.0,0.0,0.0,N,,N,
04:22,SUPREMEIND,3363,3401.4,-2.68,5.36,,30.0,41.8,NORMAL,Y,0.0,26.781115879828306,30.0,0.0,0.0,15,0.0,0.0,0.0,0.0,0.0,0.0,0.0,0.0,N,,N,
04:22,EMSLIMITED,18593,387.3,-1.68,3.35,,30.0,31.8,NORMAL,Y,0.0,16.75552170601667,30.0,0.0,0.0,15,0.0,0.0,0.0,0.0,0.0,0.0,0.0,0.0,N,,N,
04:22,MAXHEALTH,22377,1022.7,-1.66,3.33,,30.0,31.6,NORMAL,Y,0.0,16.63461538461534,30.0,0.0,0.0,15,0.0,0.0,0.0,0.0,0.0,0.0,0.0,0.0,N,,N,
04:22,PSPPROJECT,20877,919.0,-1.66,3.32,,30.0,31.6,NORMAL,Y,0.0,16.586409844836812,30.0,0.0,0.0,15,0.0,0.0,0.0,0.0,0.0,0.0,0.0,0.0,N,,N,
04:22,360ONE,13061,1148.8,-1.64,3.29,,30.0,31.4,NORMAL,N,0.0,16.4383561643836,30.0,0.0,0.0,15,0.0,0.0,0.0,0.0,0.0,0.0,0.0,0.0,N,,N,
04:22,KNRCON,15283,134.6,-1.64,3.27,,30.0,31.4,NORMAL,N,0.0,16.369482607424796,30.0,0.0,0.0,15,0.0,0.0,0.0,0.0,0.0,0.0,0.0,0.0,N,,N,
04:22,BRIGADE,15184,595.25,-1.63,3.26,,30.0,31.3,NORMAL,N,0.0,16.27830110725504,30.0,0.0,0.0,15,0.0,0.0,0.0,0.0,0.0,0.0,0.0,0.0,N,,N,
04:22,SHILPAMED,17752,806.5,-1.61,3.22,,30.0,31.1,NORMAL,N,0.0,16.103452482615644,30.0,0.0,0.0,15,0.0,0.0,0.0,0.0,0.0,0.0,0.0,0.0,N,,N,
04:22,LUMAXTECH,14014,2022.3,-2.6,5.2,,30.0,41.0,NORMAL,N,0.0,26.007802340702312,30.0,0.0,0.0,15,0.0,0.0,0.0,0.0,0.0,0.0,0.0,0.0,N,,N,
04:22,PATANJALI,17029,347.5,-1.56,3.12,,30.0,30.6,NORMAL,Y,0.0,15.58073654390935,30.0,0.0,0.0,15,0.0,0.0,0.0,0.0,0.0,0.0,0.0,0.0,N,,N,
04:22,MAXESTATES,19646,420.05,-1.55,3.09,,30.0,30.5,NORMAL,N,0.0,15.469354271651156,30.0,0.0,0.0,15,0.0,0.0,0.0,0.0,0.0,0.0,0.0,0.0,N,,N,
04:22,PTC,11355,169.31,-1.54,3.07,,30.0,30.4,NORMAL,N,0.0,15.353300378016787,30.0,0.0,0.0,15,0.0,0.0,0.0,0.0,0.0,0.0,0.0,0.0,N,,N,
04:22,TREJHARA,7518,163.01,-1.53,3.06,,30.0,30.3,NORMAL,N,0.0,15.283315210825187,30.0,0.0,0.0,15,0.0,0.0,0.0,0.0,0.0,0.0,0.0,0.0,N,,N,
04:22,WINDLAS,5366,928.75,-1.52,3.04,,30.0,30.2,NORMAL,N,0.0,15.215777754214848,30.0,0.0,0.0,15,0.0,0.0,0.0,0.0,0.0,0.0,0.0,0.0,N,,N,
04:23,GMRAIRPORT,13528,103.52,-1.51,3.03,,30.0,30.1,NORMAL,Y,0.0,15.127009799257955,30.0,0.0,0.0,15,0.0,0.0,0.0,0.0,0.0,0.0,0.0,0.0,N,,N,
04:23,REDINGTON,14255,349.2,-1.51,3.02,,30.0,30.1,NORMAL,N,0.0,15.089550133972704,30.0,0.0,0.0,15,0.0,0.0,0.0,0.0,0.0,0.0,0.0,0.0,N,,N,
04:23,GPIL,13409,228.69,-1.5,3.01,,30.0,30.0,NORMAL,Y,0.0,15.031441123266468,30.0,0.0,0.0,15,0.0,0.0,0.0,0.0,0.0,0.0,0.0,0.0,N,,N,
04:23,SURYODAY,2970,161.2,-1.5,3.01,,30.0,30.0,NORMAL,Y,0.0,15.031162165465036,30.0,0.0,0.0,15,0.0,0.0,0.0,0.0,0.0,0.0,0.0,0.0,N,,N,
04:23,ABMKNO,762528,195.0,-1.49,2.98,,30.0,29.9,NORMAL,Y,0.0,14.902753220510174,30.0,0.0,0.0,15,0.0,0.0,0.0,0.0,0.0,0.0,0.0,0.0,N,,N,
04:23,NEWGEN,1164,546.85,-1.49,2.97,,30.0,29.9,NORMAL,Y,0.0,14.862186993334534,30.0,0.0,0.0,15,0.0,0.0,0.0,0.0,0.0,0.0,0.0,0.0,N,,N,
04:23,RECLTD,15355,339.6,-1.48,2.96,,30.0,29.8,NORMAL,Y,0.0,14.795474325500335,30.0,0.0,0.0,15,0.0,0.0,0.0,0.0,0.0,0.0,0.0,0.0,N,,N,
04:23,NAUKRI,13751,1340.0,-1.47,2.94,,30.0,29.7,NORMAL,N,0.0,14.705882352941176,30.0,0.0,0.0,15,0.0,0.0,0.0,0.0,0.0,0.0,0.0,0.0,N,,N,
04:23,FSL,14304,275.5,-1.47,2.93,,30.0,29.7,NORMAL,Y,0.0,14.663805436337707,30.0,0.0,0.0,15,0.0,0.0,0.0,0.0,0.0,0.0,0.0,0.0,N,,N,
04:23,MRPL,2283,178.5,-1.46,2.91,,30.0,29.6,NORMAL,N,0.0,14.574362371646165,30.0,0.0,0.0,15,0.0,0.0,0.0,0.0,0.0,0.0,0.0,0.0,N,,N,
04:23,ABDL,24308,610.8,-1.45,2.9,,30.0,29.5,NORMAL,Y,0.0,14.520813165537271,30.0,0.0,0.0,15,0.0,0.0,0.0,0.0,0.0,0.0,0.0,0.0,N,,N,
04:23,INTELLECT,5926,713.5,-1.4,2.81,,30.0,29.0,NORMAL,Y,0.0,14.026117598286435,30.0,0.0,0.0,15,0.0,0.0,0.0,0.0,0.0,0.0,0.0,0.0,N,,N,
04:23,RGL,15129,113.6,-1.39,2.78,,30.0,28.9,NORMAL,Y,0.0,13.888888888888962,30.0,0.0,0.0,15,0.0,0.0,0.0,0.0,0.0,0.0,0.0,0.0,N,,N,
04:23,SUNTECK,17641,292.45,-1.38,2.77,,30.0,28.8,NORMAL,Y,0.0,13.82566177710343,30.0,0.0,0.0,15,0.0,0.0,0.0,0.0,0.0,0.0,0.0,0.0,N,,N,
04:23,BECTORFOOD,1628,237.3,-1.38,2.76,,30.0,28.8,NORMAL,N,0.0,13.79768930263483,30.0,0.0,0.0,15,0.0,0.0,0.0,0.0,0.0,0.0,0.0,0.0,N,,N,
04:23,M&M,2031,3435.5,-2.32,4.63,,30.0,38.2,NORMAL,N,0.0,23.173158942280352,30.0,0.0,0.0,15,0.0,0.0,0.0,0.0,0.0,0.0,0.0,0.0,N,,N,
04:23,PDSL,5264,371.55,-1.31,2.63,,30.0,28.1,NORMAL,N,0.0,13.147410358565708,30.0,0.0,0.0,15,0.0,0.0,0.0,0.0,0.0,0.0,0.0,0.0,N,,N,
04:23,JUBLFOOD,18096,482.05,-1.26,2.52,,30.0,27.6,NORMAL,N,0.0,12.597296190085984,30.0,0.0,0.0,15,0.0,0.0,0.0,0.0,0.0,0.0,0.0,0.0,N,,N,
04:23,APTUS,5435,253.6,-1.21,2.42,,30.0,27.1,NORMAL,Y,0.0,12.076353720296042,30.0,0.0,0.0,15,0.0,0.0,0.0,0.0,0.0,0.0,0.0,0.0,N,,N,
04:23,TRITURBINE,25584,593.1,-1.21,2.42,,30.0,27.1,NORMAL,Y,0.0,12.07628883151495,30.0,0.0,0.0,15,0.0,0.0,0.0,0.0,0.0,0.0,0.0,0.0,N,,N,
04:23,SANSERA,5751,3728.5,-2.2,4.4,,30.0,37.0,NORMAL,N,0.0,22.00713461336693,30.0,0.0,0.0,15,0.0,0.0,0.0,0.0,0.0,0.0,0.0,0.0,N,,N,
04:23,OMNI,760865,591.15,-1.19,2.37,,30.0,26.9,NORMAL,Y,0.0,11.867948182198116,30.0,0.0,0.0,15,0.0,0.0,0.0,0.0,0.0,0.0,0.0,0.0,N,,N,
04:23,VAIBHAVGBL,11364,234.85,-1.18,2.36,,30.0,26.8,NORMAL,Y,0.0,11.782032400589152,30.0,0.0,0.0,15,0.0,0.0,0.0,0.0,0.0,0.0,0.0,0.0,N,,N,
04:23,RSYSTEMS,13414,242.1,-1.16,2.33,,30.0,26.6,NORMAL,Y,0.0,11.635027556644191,30.0,0.0,0.0,15,0.0,0.0,0.0,0.0,0.0,0.0,0.0,0.0,N,,N,
04:23,JYOTHYLAB,15146,201.68,-1.16,2.31,,30.0,26.6,NORMAL,Y,0.0,11.566359537345548,30.0,0.0,0.0,15,0.0,0.0,0.0,0.0,0.0,0.0,0.0,0.0,N,,N,
04:23,SPARC,14788,202.89,-1.15,2.31,,30.0,26.5,NORMAL,Y,0.0,11.546331482022824,30.0,0.0,0.0,15,0.0,0.0,0.0,0.0,0.0,0.0,0.0,0.0,N,,N,
04:23,JSL,11236,716.8,-1.14,2.29,,30.0,26.4,NORMAL,Y,0.0,11.44669700730943,30.0,0.0,0.0,15,0.0,0.0,0.0,0.0,0.0,0.0,0.0,0.0,N,,N,
04:23,SONATSOFTW,6596,330.1,-1.14,2.28,,30.0,26.4,NORMAL,N,0.0,11.380652890086719,30.0,0.0,0.0,15,0.0,0.0,0.0,0.0,0.0,0.0,0.0,0.0,N,,N,
04:23,HCG,15555,730.8,-1.1,2.21,,30.0,26.0,NORMAL,N,0.0,11.029163001556386,30.0,0.0,0.0,15,0.0,0.0,0.0,0.0,0.0,0.0,0.0,0.0,N,,N,
04:23,MAITHANALL,24538,994.55,-1.1,2.2,,30.0,26.0,NORMAL,N,0.0,10.988464598249868,30.0,0.0,0.0,15,0.0,0.0,0.0,0.0,0.0,0.0,0.0,0.0,N,,N,
04:23,RAMKY,20134,391.9,-1.1,2.2,,30.0,26.0,NORMAL,N,0.0,10.977917981072611,30.0,0.0,0.0,15,0.0,0.0,0.0,0.0,0.0,0.0,0.0,0.0,N,,N,
04:23,TATACONSUM,3432,1066.2,-1.09,2.19,,30.0,25.9,NORMAL,Y,0.0,10.946196660482332,30.0,0.0,0.0,15,0.0,0.0,0.0,0.0,0.0,0.0,0.0,0.0,N,,N,
04:23,LTF,24948,311.95,-1.09,2.19,,30.0,25.9,NORMAL,Y,0.0,10.938490805326534,30.0,0.0,0.0,15,0.0,0.0,0.0,0.0,0.0,0.0,0.0,0.0,N,,N,
04:23,VIPIND,3703,313.5,-1.07,2.15,,30.0,25.7,NORMAL,N,0.0,10.728936573051364,30.0,0.0,0.0,15,0.0,0.0,0.0,0.0,0.0,0.0,0.0,0.0,N,,N,
04:23,LUXIND,11301,1235.6,-1.06,2.11,,30.0,25.6,NORMAL,Y,0.0,10.570147341447825,30.0,0.0,0.0,15,0.0,0.0,0.0,0.0,0.0,0.0,0.0,0.0,N,,N,
04:23,AVANTIFEED,7936,851.0,-1.02,2.05,,30.0,25.2,NORMAL,Y,0.0,10.234938357757567,30.0,0.0,0.0,15,0.0,0.0,0.0,0.0,0.0,0.0,0.0,0.0,N,,N,
04:23,BANCOINDIA,13880,627.4,-1.02,2.04,,30.0,25.2,NORMAL,Y,0.0,10.17590912676508,30.0,0.0,0.0,15,0.0,0.0,0.0,0.0,0.0,0.0,0.0,0.0,N,,N,
04:23,SWIGGY,27066,277.65,-1.02,2.03,,30.0,25.2,NORMAL,Y,0.0,10.16042780748671,30.0,0.0,0.0,15,0.0,0.0,0.0,0.0,0.0,0.0,0.0,0.0,N,,N,
04:23,VMM,27969,109.13,-1.02,2.03,,30.0,25.2,NORMAL,Y,0.0,10.158730158730199,30.0,0.0,0.0,15,0.0,0.0,0.0,0.0,0.0,0.0,0.0,0.0,N,,N,
04:23,NESCO,15409,1037.7,-1.01,2.02,,30.0,25.1,NORMAL,Y,0.0,10.111609272154832,30.0,0.0,0.0,15,0.0,0.0,0.0,0.0,0.0,0.0,0.0,0.0,N,,N,
04:23,DABUR,772,408.5,-1.01,2.01,,30.0,25.1,NORMAL,Y,0.0,10.056948988246644,30.0,0.0,0.0,15,0.0,0.0,0.0,0.0,0.0,0.0,0.0,0.0,N,,N,
04:23,ROLEXRINGS,5279,175.51,-1.0,2.01,,30.0,25.0,NORMAL,N,0.0,10.04004737999888,30.0,0.0,0.0,15,0.0,0.0,0.0,0.0,0.0,0.0,0.0,0.0,N,,N,
04:23,MARICO,4067,846.45,-1.0,2.0,,30.0,25.0,NORMAL,Y,0.0,9.999999999999947,29.99999999999984,0.0,0.0,15,0.0,0.0,0.0,0.0,0.0,0.0,0.0,0.0,N,,N,
04:23,DRREDDY,881,1193.0,-1.0,1.99,,29.9,25.0,NORMAL,N,0.0,9.95850622406639,29.875518672199167,0.0,0.0,15,0.0,0.0,0.0,0.0,0.0,0.0,0.0,0.0,N,,N,
04:23,SURYAROSNI,3375,233.5,-0.99,1.98,,29.6,24.9,NORMAL,Y,0.0,9.879998303863005,29.639994911589014,0.0,0.0,15,0.0,0.0,0.0,0.0,0.0,0.0,0.0,0.0,N,,N,
04:23,DELHIVERY,9599,468.9,-0.96,1.92,,28.8,24.6,NORMAL,Y,0.0,9.610307318618675,28.830921955856024,0.0,0.0,15,0.0,0.0,0.0,0.0,0.0,0.0,0.0,0.0,N,,N,
04:23,KRBL,10577,367.0,-0.96,1.92,,28.7,24.6,NORMAL,N,0.0,9.580353528538689,28.741060585616065,0.0,0.0,15,0.0,0.0,0.0,0.0,0.0,0.0,0.0,0.0,N,,N,
04:23,EIDPARRY,916,780.95,-0.96,1.92,,28.7,24.6,NORMAL,Y,0.0,9.575142675966967,28.725428027900904,0.0,0.0,15,0.0,0.0,0.0,0.0,0.0,0.0,0.0,0.0,N,,N,
04:23,SANGAMIND,4184,576.4,-0.95,1.91,,28.6,24.5,NORMAL,Y,0.0,9.536901795687031,28.610705387061092,0.0,0.0,15,0.0,0.0,0.0,0.0,0.0,0.0,0.0,0.0,N,,N,
04:23,KALYANKJIL,2955,596.5,-0.95,1.89,,28.4,24.5,NORMAL,N,0.0,9.46529392228503,28.39588176685509,0.0,0.0,15,0.0,0.0,0.0,0.0,0.0,0.0,0.0,0.0,N,,N,
04:23,ROSSARI,19410,500.15,-0.94,1.88,,28.2,24.4,NORMAL,Y,0.0,9.407803525450586,28.223410576351757,0.0,0.0,15,0.0,0.0,0.0,0.0,0.0,0.0,0.0,0.0,N,,N,
04:23,HAPPSTMNDS,48,390.65,-0.94,1.88,,28.1,24.4,NORMAL,Y,0.0,9.38252821098021,28.147584632940628,0.0,0.0,15,0.0,0.0,0.0,0.0,0.0,0.0,0.0,0.0,N,,N,
04:23,KSB,1949,804.25,-0.94,1.87,,28.1,24.4,NORMAL,Y,0.0,9.3613352220238,28.084005666071402,0.0,0.0,15,0.0,0.0,0.0,0.0,0.0,0.0,0.0,0.0,N,,N,
04:23,WESTLIFE,11580,578.0,-0.93,1.87,,28.0,24.3,NORMAL,N,0.0,9.340988945068206,28.022966835204617,0.0,0.0,15,0.0,0.0,0.0,0.0,0.0,0.0,0.0,0.0,N,,N,
04:23,IFCI,1491,74.24,-1.93,3.86,,30.0,34.3,NORMAL,Y,0.0,19.286657859973683,30.0,0.0,0.0,15,0.0,0.0,0.0,0.0,0.0,0.0,0.0,0.0,N,,N,
04:23,ICICIPRULI,18652,496.9,-0.92,1.83,,27.5,24.2,NORMAL,Y,0.0,9.172482552343016,27.51744765702905,0.0,0.0,15,0.0,0.0,0.0,0.0,0.0,0.0,0.0,0.0,N,,N,
04:23,KOTAKBANK,1922,389.3,-0.92,1.83,,27.5,24.2,NORMAL,Y,0.0,9.16263680325774,27.48791040977322,0.0,0.0,15,0.0,0.0,0.0,0.0,0.0,0.0,0.0,0.0,N,,N,
04:23,JKIL,15266,493.05,-0.91,1.83,,27.4,24.1,NORMAL,Y,0.0,9.143890675241181,27.431672025723543,0.0,0.0,15,0.0,0.0,0.0,0.0,0.0,0.0,0.0,0.0,N,,N,
04:23,BAJFINANCE,317,1083.4,-0.91,1.81,,27.2,24.1,NORMAL,Y,0.0,9.05515412055233,27.165462361656992,0.0,0.0,15,0.0,0.0,0.0,0.0,0.0,0.0,0.0,0.0,N,,N,
04:23,SAREGAMA,4892,524.35,-0.9,1.8,,26.9,24.0,NORMAL,N,0.0,8.977508977508977,26.93252693252693,0.0,0.0,15,0.0,0.0,0.0,0.0,0.0,0.0,0.0,0.0,N,,N,
04:23,PUNJABCHEM,4344,1094.1,-0.9,1.79,,26.9,24.0,NORMAL,Y,0.0,8.967391304347908,26.902173913043725,0.0,0.0,15,0.0,0.0,0.0,0.0,0.0,0.0,0.0,0.0,N,,N,
04:23,CHALET,8546,813.9,-0.89,1.78,,26.7,23.9,NORMAL,Y,0.0,8.889430102289415,26.668290306868244,0.0,0.0,15,0.0,0.0,0.0,0.0,0.0,0.0,0.0,0.0,N,,N,
04:23,FDC,4898,357.7,-0.89,1.77,,26.6,23.9,NORMAL,Y,0.0,8.866722083679658,26.600166251038978,0.0,0.0,15,0.0,0.0,0.0,0.0,0.0,0.0,0.0,0.0,N,,N,
04:23,KPITTECH,9683,621.45,-0.89,1.77,,26.6,23.9,NORMAL,N,0.0,8.851674641148252,26.555023923444757,0.0,0.0,15,0.0,0.0,0.0,0.0,0.0,0.0,0.0,0.0,N,,N,
04:23,PFC,14299,377.65,-0.88,1.76,,26.4,23.8,NORMAL,Y,0.0,8.79265091863523,26.37795275590569,0.0,0.0,15,0.0,0.0,0.0,0.0,0.0,0.0,0.0,0.0,N,,N,
04:23,JIOFIN,18143,250.55,-0.87,1.74,,26.1,23.7,NORMAL,N,0.0,8.704253214638925,26.112759643916778,0.0,0.0,15,0.0,0.0,0.0,0.0,0.0,0.0,0.0,0.0,N,,N,
04:23,HIKAL,9668,216.09,-0.87,1.73,,26.0,23.7,NORMAL,Y,0.0,8.67052023121381,26.01156069364143,0.0,0.0,15,0.0,0.0,0.0,0.0,0.0,0.0,0.0,0.0,N,,N,
04:23,GULFOILLUB,4391,1179.6,-0.86,1.71,,25.7,23.6,NORMAL,N,0.0,8.572869389813452,25.71860816944036,0.0,0.0,15,0.0,0.0,0.0,0.0,0.0,0.0,0.0,0.0,N,,N,
04:23,CGPOWER,760,873.45,-0.86,1.71,,25.7,23.6,NORMAL,Y,0.0,8.569807037457382,25.709421112372148,0.0,0.0,15,0.0,0.0,0.0,0.0,0.0,0.0,0.0,0.0,N,,N,
04:23,TATAPOWER,3426,376.75,-0.86,1.71,,25.7,23.6,NORMAL,Y,0.0,8.55263157894737,25.65789473684211,0.0,0.0,15,0.0,0.0,0.0,0.0,0.0,0.0,0.0,0.0,N,,N,
04:23,TATAINVEST,1621,682.9,-0.85,1.7,,25.5,23.5,NORMAL,N,0.0,8.493647912885695,25.480943738657086,0.0,0.0,15,0.0,0.0,0.0,0.0,0.0,0.0,0.0,0.0,N,,N,
04:23,ROUTE,128,525.6,-0.85,1.7,,25.5,23.5,NORMAL,Y,0.0,8.488964346349746,25.466893039049236,0.0,0.0,15,0.0,0.0,0.0,0.0,0.0,0.0,0.0,0.0,N,,N,
04:23,NLCINDIA,8585,283.65,-0.84,1.68,,25.2,23.4,NORMAL,Y,0.0,8.390141583639343,25.170424750918027,0.0,0.0,15,0.0,0.0,0.0,0.0,0.0,0.0,0.0,0.0,N,,N,
04:23,MOTILALOFS,14947,880.6,-0.83,1.67,,25.0,23.3,NORMAL,Y,0.0,8.333333333333307,24.999999999999922,0.0,0.0,15,0.0,0.0,0.0,0.0,0.0,0.0,0.0,0.0,N,,N,
04:23,THYROCARE,17032,643.95,-0.83,1.66,,24.9,23.3,NORMAL,N,0.0,8.316008316008281,24.94802494802484,0.0,0.0,15,0.0,0.0,0.0,0.0,0.0,0.0,0.0,0.0,N,,N,
04:23,MUKANDLTD,11325,139.47,-0.81,1.62,,24.3,23.1,NORMAL,N,0.0,8.107531470023574,24.32259441007072,0.0,0.0,15,0.0,0.0,0.0,0.0,0.0,0.0,0.0,0.0,N,,N,
04:23,IREDA,20261,117.74,-0.81,1.62,,24.3,23.1,NORMAL,Y,0.0,8.087615838247752,24.26284751474325,0.0,0.0,15,0.0,0.0,0.0,0.0,0.0,0.0,0.0,0.0,N,,N,
04:23,CROMPTON,17094,243.45,-0.79,1.59,,23.8,22.9,NORMAL,Y,0.0,7.946210268948725,23.838630806846172,0.0,0.0,15,0.0,0.0,0.0,0.0,0.0,0.0,0.0,0.0,N,,N,
04:23,TIMKEN,14198,3225.4,-1.78,3.56,,30.0,32.8,NORMAL,N,0.0,17.814184353969363,30.0,0.0,0.0,15,0.0,0.0,0.0,0.0,0.0,0.0,0.0,0.0,N,,N,
04:23,ATGL,6066,660.95,-0.78,1.56,,23.4,22.8,NORMAL,Y,0.0,7.806049688508493,23.418149065525476,0.0,0.0,15,0.0,0.0,0.0,0.0,0.0,0.0,0.0,0.0,N,,N,
04:23,BEL,383,402.7,-0.78,1.55,,23.3,22.8,NORMAL,N,0.0,7.761488234569506,23.28446470370852,0.0,0.0,15,0.0,0.0,0.0,0.0,0.0,0.0,0.0,0.0,N,,N,
04:23,INDHOTEL,1512,718.4,-0.77,1.55,,23.2,22.7,NORMAL,Y,0.0,7.734806629834286,23.204419889502855,0.0,0.0,15,0.0,0.0,0.0,0.0,0.0,0.0,0.0,0.0,N,,Y,NONRESULTS
04:23,CENTURYPLY,13305,770.45,-0.77,1.53,,23.0,22.7,NORMAL,Y,0.0,7.663575476558387,22.990726429675163,0.0,0.0,15,0.0,0.0,0.0,0.0,0.0,0.0,0.0,0.0,N,,N,
04:23,RALLIS,2816,209.88,-0.77,1.53,,23.0,22.7,NORMAL,Y,0.0,7.659574468085127,22.978723404255383,0.0,0.0,15,0.0,0.0,0.0,0.0,0.0,0.0,0.0,0.0,N,,N,
04:23,ADANIPOWER,17388,207.4,-0.77,1.53,,23.0,22.7,NORMAL,Y,0.0,7.65550239234447,22.96650717703341,0.0,0.0,15,0.0,0.0,0.0,0.0,0.0,0.0,0.0,0.0,N,,N,
04:23,MANAPPURAM,19061,357.25,-0.76,1.53,,22.9,22.6,NORMAL,N,0.0,7.6388888888888875,22.916666666666664,0.0,0.0,15,0.0,0.0,0.0,0.0,0.0,0.0,0.0,0.0,N,,N,
04:23,RAMCOCEM,2043,927.0,-0.75,1.51,,22.6,22.5,NORMAL,Y,0.0,7.547775814999148,22.643327444997443,0.0,0.0,15,0.0,0.0,0.0,0.0,0.0,0.0,0.0,0.0,N,,N,
04:23,ANTHEM,757885,884.95,-0.75,1.5,,22.5,22.5,NORMAL,N,0.0,7.514159143161478,22.542477429484432,0.0,0.0,15,0.0,0.0,0.0,0.0,0.0,0.0,0.0,0.0,N,,N,
04:23,JSWENERGY,17869,558.8,-0.75,1.49,,22.4,22.5,NORMAL,Y,0.0,7.460035523978767,22.3801065719363,0.0,0.0,15,0.0,0.0,0.0,0.0,0.0,0.0,0.0,0.0,N,,N,
04:23,ZENSARTECH,1076,496.9,-0.74,1.48,,22.2,22.4,NORMAL,Y,0.0,7.391130643228217,22.173391929684648,0.0,0.0,15,0.0,0.0,0.0,0.0,0.0,0.0,0.0,0.0,N,,N,
04:23,SWANCORP,27095,308.95,-0.74,1.48,,22.2,22.4,NORMAL,Y,0.0,7.389558232931763,22.16867469879529,0.0,0.0,15,0.0,0.0,0.0,0.0,0.0,0.0,0.0,0.0,N,,N,
04:23,GARFIBRES,1100,780.6,-0.74,1.48,,22.1,22.4,NORMAL,N,0.0,7.3753814852491795,22.12614445574754,0.0,0.0,15,0.0,0.0,0.0,0.0,0.0,0.0,0.0,0.0,N,,N,
04:23,BLUESTARCO,8311,1486.9,-0.73,1.47,,22.0,22.3,NORMAL,Y,0.0,7.34361439348421,22.03084318045263,0.0,0.0,15,0.0,0.0,0.0,0.0,0.0,0.0,0.0,0.0,N,,N,
04:23,POONAWALLA,11403,483.65,-0.73,1.46,,21.9,22.3,NORMAL,N,0.0,7.286535303776707,21.85960591133012,0.0,0.0,15,0.0,0.0,0.0,0.0,0.0,0.0,0.0,0.0,N,,N,
04:23,ZUARI,29050,223.79,-0.72,1.45,,21.7,22.2,NORMAL,Y,0.0,7.23094667731344,21.69284003194032,0.0,0.0,15,0.0,0.0,0.0,0.0,0.0,0.0,0.0,0.0,N,,N,
04:23,PRINCEPIPE,16045,269.1,-0.72,1.44,,21.6,22.2,NORMAL,N,0.0,7.194244604316505,21.582733812949513,0.0,0.0,15,0.0,0.0,0.0,0.0,0.0,0.0,0.0,0.0,N,,N,
04:23,IEX,220,125.1,-0.71,1.43,,21.4,22.1,NORMAL,Y,0.0,7.142857142857188,21.428571428571562,0.0,0.0,15,0.0,0.0,0.0,0.0,0.0,0.0,0.0,0.0,N,,N,
04:23,NELCO,2388,988.0,-0.71,1.43,,21.4,22.1,NORMAL,N,0.0,7.134961310421087,21.40488393126326,0.0,0.0,15,0.0,0.0,0.0,0.0,0.0,0.0,0.0,0.0,N,,N,
04:23,TORNTPOWER,13786,1321.0,-0.71,1.41,,21.2,22.1,NORMAL,Y,0.0,7.065544197233983,21.19663259170195,0.0,0.0,15,0.0,0.0,0.0,0.0,0.0,0.0,0.0,0.0,N,,N,
04:23,ITDC,19299,672.0,-0.69,1.37,,20.6,21.9,NORMAL,Y,0.0,6.872090445577443,20.616271336732332,0.0,0.0,15,0.0,0.0,0.0,0.0,0.0,0.0,0.0,0.0,N,,N,
04:23,MUNJALAU,13511,101.32,-0.69,1.37,,20.6,21.9,NORMAL,Y,0.0,6.861399725544039,20.584199176632115,0.0,0.0,15,0.0,0.0,0.0,0.0,0.0,0.0,0.0,0.0,N,,N,
04:23,GAIL,4717,174.14,-0.68,1.37,,20.5,21.8,NORMAL,Y,0.0,6.84384624158787,20.53153872476361,0.0,0.0,15,0.0,0.0,0.0,0.0,0.0,0.0,0.0,0.0,N,,N,
04:23,ABCAPITAL,21614,404.4,-0.68,1.35,,20.3,21.8,NORMAL,Y,0.0,6.754267468991773,20.262802406975318,0.0,0.0,15,0.0,0.0,0.0,0.0,0.0,0.0,0.0,0.0,N,,N,
04:23,PRESTIGE,20302,1559.4,-1.67,3.34,,30.0,31.7,NORMAL,Y,0.0,16.70975471341194,30.0,0.0,0.0,15,0.0,0.0,0.0,0.0,0.0,0.0,0.0,0.0,N,,N,
04:23,TITAGARH,15414,839.35,-0.65,1.29,,19.4,21.5,NORMAL,Y,0.0,6.45123106060598,19.35369318181794,0.0,0.0,15,0.0,0.0,0.0,0.0,0.0,0.0,0.0,0.0,N,,N,
04:23,WSTCSTPAPR,3799,593.25,-0.64,1.29,,19.3,21.4,NORMAL,N,0.0,6.44783118405631,19.34349355216893,0.0,0.0,15,0.0,0.0,0.0,0.0,0.0,0.0,0.0,0.0,N,,N,
04:23,SHALBY,714,160.64,-0.64,1.27,,19.1,21.4,NORMAL,Y,0.0,6.371002659738982,19.113007979216945,0.0,0.0,15,0.0,0.0,0.0,0.0,0.0,0.0,0.0,0.0,N,,N,
04:23,SUDARSCHEM,3327,1103.0,-0.63,1.26,,18.9,21.3,NORMAL,N,0.0,6.306306306306307,18.91891891891892,0.0,0.0,15,0.0,0.0,0.0,0.0,0.0,0.0,0.0,0.0,N,,N,
04:23,JSWINFRA,19020,339.7,-0.63,1.26,,18.9,21.3,NORMAL,N,0.0,6.289308176100729,18.867924528302186,0.0,0.0,15,0.0,0.0,0.0,0.0,0.0,0.0,0.0,0.0,N,,N,
04:23,BSOFT,6994,318.3,-0.62,1.25,,18.7,21.2,NORMAL,N,0.0,6.2441461130190445,18.732438339057133,0.0,0.0,15,0.0,0.0,0.0,0.0,0.0,0.0,0.0,0.0,N,,N,
04:23,KEC,13260,447.95,-0.62,1.24,,18.6,21.2,NORMAL,Y,0.0,6.211869107043841,18.635607321131523,0.0,0.0,15,0.0,0.0,0.0,0.0,0.0,0.0,0.0,0.0,N,,N,
04:23,UNOMINDA,14154,1267.3,-0.6,1.21,,18.1,21.0,NORMAL,N,0.0,6.039215686274546,18.11764705882364,0.0,0.0,15,0.0,0.0,0.0,0.0,0.0,0.0,0.0,0.0,N,,N,
04:23,RELIANCE,2885,1316.0,-0.6,1.19,,17.9,21.0,NORMAL,N,0.0,5.967218067829965,17.901654203489894,0.0,0.0,15,0.0,0.0,0.0,0.0,0.0,0.0,0.0,0.0,N,,N,
04:23,ORIENTELEC,2972,189.56,-0.59,1.17,,17.6,20.9,NORMAL,N,0.0,5.87371512481647,17.62114537444941,0.0,0.0,15,0.0,0.0,0.0,0.0,0.0,0.0,0.0,0.0,N,,N,
04:23,DLF,14732,646.3,-0.58,1.17,,17.5,20.8,NORMAL,Y,0.0,5.845254576219148,17.535763728657443,0.0,0.0,15,0.0,0.0,0.0,0.0,0.0,0.0,0.0,0.0,N,,N,
04:23,PHOENIXLTD,14552,1878.5,-1.58,3.16,,30.0,30.8,NORMAL,Y,0.0,15.822287420757608,30.0,0.0,0.0,15,0.0,0.0,0.0,0.0,0.0,0.0,0.0,0.0,N,,N,
04:23,GLAND,1186,2878.4,-1.57,3.15,,30.0,30.7,NORMAL,N,0.0,15.72972233620572,30.0,0.0,0.0,15,0.0,0.0,0.0,0.0,0.0,0.0,0.0,0.0,N,,N,
04:23,PURVA,14922,211.1,-0.57,1.14,,17.1,20.7,NORMAL,Y,0.0,5.699213414346983,17.09764024304095,0.0,0.0,15,0.0,0.0,0.0,0.0,0.0,0.0,0.0,0.0,N,,N,
04:23,PINELABS,759820,166.63,-0.57,1.13,,17.0,20.7,NORMAL,N,0.0,5.668934240362913,17.00680272108874,0.0,0.0,15,0.0,0.0,0.0,0.0,0.0,0.0,0.0,0.0,N,,N,
04:23,NCC,2319,143.94,-0.57,1.13,,17.0,20.7,NORMAL,N,0.0,5.664548217739661,16.993644653218983,0.0,0.0,15,0.0,0.0,0.0,0.0,0.0,0.0,0.0,0.0,N,,N,
04:23,ETERNAL,5097,316.2,-0.57,1.13,,17.0,20.7,NORMAL,N,0.0,5.660377358490602,16.98113207547181,0.0,0.0,15,0.0,0.0,0.0,0.0,0.0,0.0,0.0,0.0,N,,N,
04:23,MEDANTA,11956,1432.3,-0.56,1.12,,16.9,20.6,NORMAL,N,0.0,5.623437933907343,16.870313801722027,0.0,0.0,15,0.0,0.0,0.0,0.0,0.0,0.0,0.0,0.0,N,,N,
04:23,WHIRLPOOL,18011,790.6,-0.56,1.12,,16.8,20.6,NORMAL,Y,0.0,5.597132255832882,16.791396767498647,0.0,0.0,15,0.0,0.0,0.0,0.0,0.0,0.0,0.0,0.0,N,,N,
04:23,UCAL,3570,117.0,-0.55,1.1,,16.6,20.5,NORMAL,Y,0.0,5.524861878453087,16.57458563535926,0.0,0.0,15,0.0,0.0,0.0,0.0,0.0,0.0,0.0,0.0,N,,N,
04:23,POLICYBZR,6656,1706.2,-1.55,3.09,,30.0,30.5,NORMAL,N,0.0,15.464512406231943,30.0,0.0,0.0,15,0.0,0.0,0.0,0.0,0.0,0.0,0.0,0.0,N,,N,
04:23,PRAJIND,2705,328.15,-0.53,1.06,,15.9,20.3,NORMAL,N,0.0,5.304637769020916,15.913913307062748,0.0,0.0,15,0.0,0.0,0.0,0.0,0.0,0.0,0.0,0.0,N,,N,
04:23,CANFINHOME,583,821.55,-0.53,1.05,,15.8,20.3,NORMAL,Y,0.0,5.266981474754841,15.800944424264522,0.0,0.0,15,0.0,0.0,0.0,0.0,0.0,0.0,0.0,0.0,N,,Y,NONRESULTS
04:23,MARKSANS,10579,277.5,-0.52,1.04,,15.6,20.2,NORMAL,N,0.0,5.19806416920591,15.59419250761773,0.0,0.0,15,0.0,0.0,0.0,0.0,0.0,0.0,0.0,0.0,N,,N,
04:23,MHRIL,17333,224.4,-0.52,1.04,,15.6,20.2,NORMAL,Y,0.0,5.186859954781166,15.560579864343497,0.0,0.0,15,0.0,0.0,0.0,0.0,0.0,0.0,0.0,0.0,N,,N,
04:23,LTFOODS,13816,417.15,-0.51,1.03,,15.4,20.1,NORMAL,N,0.0,5.127593608395024,15.382780825185074,0.0,0.0,15,0.0,0.0,0.0,0.0,0.0,0.0,0.0,0.0,N,,N,
04:23,UNITDSPR,10447,1525.4,-1.5,3.01,,30.0,30.0,NORMAL,N,0.0,15.044876347904662,30.0,0.0,0.0,15,0.0,0.0,0.0,0.0,0.0,0.0,0.0,0.0,N,,N,
04:23,RBLBANK,18391,387.75,-0.5,1.0,,15.0,20.0,NORMAL,N,0.0,5.003849114703589,15.011547344110767,0.0,0.0,15,0.0,0.0,0.0,0.0,0.0,0.0,0.0,0.0,N,,N,
04:23,LLOYDSME,17313,1956.4,-1.5,3.0,,30.0,30.0,NORMAL,Y,0.0,15.003524317792746,30.0,0.0,0.0,15,0.0,0.0,0.0,0.0,0.0,0.0,0.0,0.0,N,,N,
04:23,ASAHIINDIA,5378,897.3,-0.48,0.96,,14.5,19.8,NORMAL,Y,0.0,4.824488437863941,14.473465313591824,0.0,0.0,15,0.0,0.0,0.0,0.0,0.0,0.0,0.0,0.0,N,,N,
04:23,KIMS,4847,809.2,-0.47,0.95,,14.2,19.7,NORMAL,N,0.0,4.735256134308972,14.205768402926914,0.0,0.0,15,0.0,0.0,0.0,0.0,0.0,0.0,0.0,0.0,N,,N,
04:23,RITES,3761,225.61,-0.47,0.94,,14.0,19.7,NORMAL,N,0.0,4.6764018176202145,14.02920545286064,0.0,0.0,15,0.0,0.0,0.0,0.0,0.0,0.0,0.0,0.0,N,,N,
04:23,BIOCON,11373,424.05,-0.46,0.92,,13.7,19.6,NORMAL,Y,0.0,4.577464788732367,13.732394366197102,0.0,0.0,15,0.0,0.0,0.0,0.0,0.0,0.0,0.0,0.0,N,,N,
04:23,ZYDUSWELL,17635,503.85,-0.44,0.89,,13.3,19.4,NORMAL,Y,0.0,4.445761707172496,13.337285121517485,0.0,0.0,15,0.0,0.0,0.0,0.0,0.0,0.0,0.0,0.0,N,,N,
04:23,RCF,2866,125.0,-0.44,0.88,,13.1,19.4,NORMAL,Y,0.0,4.380724810832316,13.142174432496946,0.0,0.0,15,0.0,0.0,0.0,0.0,0.0,0.0,0.0,0.0,N,,N,
04:23,NIITLTD,11522,94.07,-1.44,2.87,,30.0,29.4,NORMAL,Y,0.0,14.354568315171882,30.0,0.0,0.0,15,0.0,0.0,0.0,0.0,0.0,0.0,0.0,0.0,N,,N,
04:23,SYNGENE,10243,405.5,-0.43,0.86,,12.9,19.3,NORMAL,Y,0.0,4.297114794352364,12.89134438305709,0.0,0.0,15,0.0,0.0,0.0,0.0,0.0,0.0,0.0,0.0,N,,N,
04:23,SESHAPAPER,3066,232.0,-0.43,0.86,,12.9,19.3,NORMAL,N,0.0,4.291845493562232,12.875536480686696,0.0,0.0,15,0.0,0.0,0.0,0.0,0.0,0.0,0.0,0.0,N,,N,
04:23,POWERGRID,14977,266.8,-0.43,0.86,,12.9,19.3,NORMAL,Y,0.0,4.291845493562147,12.87553648068644,0.0,0.0,15,0.0,0.0,0.0,0.0,0.0,0.0,0.0,0.0,N,,N,
04:23,RVNL,9552,229.02,-0.43,0.85,,12.8,19.3,NORMAL,N,0.0,4.260869565217346,12.78260869565204,0.0,0.0,15,0.0,0.0,0.0,0.0,0.0,0.0,0.0,0.0,N,,N,
04:23,JTEKTINDIA,3237,140.56,-0.43,0.85,,12.8,19.3,NORMAL,N,0.0,4.250495891187265,12.751487673561796,0.0,0.0,15,0.0,0.0,0.0,0.0,0.0,0.0,0.0,0.0,N,,N,
04:23,UBL,16713,1394.1,-0.42,0.84,,12.6,19.2,NORMAL,N,0.0,4.214285714285778,12.642857142857336,0.0,0.0,15,0.0,0.0,0.0,0.0,0.0,0.0,0.0,0.0,N,,N,
04:23,GRANULES,11872,857.4,-0.42,0.84,,12.5,19.2,NORMAL,N,0.0,4.181184668989573,12.54355400696872,0.0,0.0,15,0.0,0.0,0.0,0.0,0.0,0.0,0.0,0.0,N,,N,
04:23,NBCC,31415,92.47,-1.42,2.84,,30.0,29.2,NORMAL,Y,0.0,14.17910447761192,30.0,0.0,0.0,15,0.0,0.0,0.0,0.0,0.0,0.0,0.0,0.0,N,,N,
04:23,AUBANK,21238,1066.5,-0.41,0.82,,12.3,19.1,NORMAL,N,0.0,4.10869362218703,12.32608086656109,0.0,0.0,15,0.0,0.0,0.0,0.0,0.0,0.0,0.0,0.0,N,,N,
04:23,RAINBOW,9408,1498.0,-0.41,0.81,,12.2,19.1,NORMAL,Y,0.0,4.055581410810391,12.166744232431173,0.0,0.0,15,0.0,0.0,0.0,0.0,0.0,0.0,0.0,0.0,N,,N,
04:23,GODREJIND,10925,1284.6,-0.4,0.81,,12.1,19.0,NORMAL,Y,0.0,4.031632811288606,12.09489843386582,0.0,0.0,15,0.0,0.0,0.0,0.0,0.0,0.0,0.0,0.0,N,,N,
04:23,ORIENTCEM,30089,133.59,-0.4,0.81,,12.1,19.0,NORMAL,Y,0.0,4.025944978751898,12.077834936255694,0.0,0.0,15,0.0,0.0,0.0,0.0,0.0,0.0,0.0,0.0,Y,NONRESULTS,N,
04:23,CAMPUS,9362,217.96,-0.39,0.79,,11.8,18.9,NORMAL,Y,0.0,3.930170916735149,11.790512750205448,0.0,0.0,15,0.0,0.0,0.0,0.0,0.0,0.0,0.0,0.0,N,,N,
04:23,ZENITHEXPO,4176,250.1,-0.39,0.77,,11.6,18.9,NORMAL,N,0.0,3.863464372485756,11.59039311745727,0.0,0.0,15,0.0,0.0,0.0,0.0,0.0,0.0,0.0,0.0,N,,N,
04:23,RUPA,25724,158.15,-0.38,0.77,,11.5,18.8,NORMAL,Y,0.0,3.8422776518013686,11.526832955404105,0.0,0.0,15,0.0,0.0,0.0,0.0,0.0,0.0,0.0,0.0,N,,N,
04:23,WOCKPHARMA,7506,1883.0,-1.38,2.77,,30.0,28.8,NORMAL,Y,0.0,13.826332879438615,30.0,0.0,0.0,15,0.0,0.0,0.0,0.0,0.0,0.0,0.0,0.0,N,,N,
04:23,PREMIERENE,25049,1046.0,-0.38,0.76,,11.4,18.8,NORMAL,Y,0.0,3.8095238095238093,11.428571428571427,0.0,0.0,15,0.0,0.0,0.0,0.0,0.0,0.0,0.0,0.0,N,,N,
04:23,NYKAA,6545,323.8,-0.37,0.74,,11.1,18.7,NORMAL,Y,0.0,3.6923076923076574,11.076923076922972,0.0,0.0,15,0.0,0.0,0.0,0.0,0.0,0.0,0.0,0.0,N,,N,
04:23,VOLTAS,3718,1275.3,-0.37,0.73,,11.0,18.7,NORMAL,Y,0.0,3.6718750000000355,11.015625000000107,0.0,0.0,15,0.0,0.0,0.0,0.0,0.0,0.0,0.0,0.0,N,,N,
04:23,MASFIN,199,299.0,-0.37,0.73,,11.0,18.7,NORMAL,Y,0.0,3.66544485171617,10.996334555148511,0.0,0.0,15,0.0,0.0,0.0,0.0,0.0,0.0,0.0,0.0,N,,N,
04:23,TEXRAIL,21828,106.95,-0.36,0.73,,10.9,18.6,NORMAL,Y,0.0,3.6333147009502564,10.89994410285077,0.0,0.0,15,0.0,0.0,0.0,0.0,0.0,0.0,0.0,0.0,N,,N,
04:23,BPCL,526,316.7,-0.35,0.69,,10.4,18.5,NORMAL,Y,0.0,3.4612964128383346,10.383889238515003,0.0,0.0,15,0.0,0.0,0.0,0.0,0.0,0.0,0.0,0.0,N,,N,
04:23,TCIEXP,19223,541.0,-0.33,0.66,,9.9,18.3,NORMAL,Y,0.0,3.3161385408989585,9.948415622696876,0.0,0.0,15,0.0,0.0,0.0,0.0,0.0,0.0,0.0,0.0,N,,N,
04:23,HDFCBANK,1333,726.6,-0.33,0.66,,9.9,18.3,NORMAL,Y,0.0,3.2921810699588168,9.87654320987645,0.0,0.0,15,0.0,0.0,0.0,0.0,0.0,0.0,0.0,0.0,N,,N,
04:23,GODREJPROP,17875,2010.9,-1.32,2.65,,30.0,28.2,NORMAL,Y,0.0,13.248932724863831,30.0,0.0,0.0,15,0.0,0.0,0.0,0.0,0.0,0.0,0.0,0.0,N,,N,
04:23,WIPRO,3787,184.01,-0.32,0.64,,9.6,18.2,NORMAL,N,0.0,3.196099674972933,9.588299024918799,0.0,0.0,15,0.0,0.0,0.0,0.0,0.0,0.0,0.0,0.0,N,,N,
04:23,PCBL,2649,321.15,-0.31,0.62,,9.3,18.1,NORMAL,Y,0.0,3.104144032283098,9.312432096849294,0.0,0.0,15,0.0,0.0,0.0,0.0,0.0,0.0,0.0,0.0,N,,N,
04:23,KPRMILL,14912,1093.1,-0.31,0.62,,9.3,18.1,NORMAL,N,0.0,3.1007751937985324,9.302325581395596,0.0,0.0,15,0.0,0.0,0.0,0.0,0.0,0.0,0.0,0.0,N,,N,
04:23,DEEPAKNTR,19943,1762.1,-1.27,2.54,,30.0,27.7,NORMAL,N,0.0,12.718511878081605,30.0,0.0,0.0,15,0.0,0.0,0.0,0.0,0.0,0.0,0.0,0.0,N,,N,
04:23,TIINDIA,312,2747.1,-1.18,2.37,,30.0,26.8,NORMAL,Y,0.0,11.834532374100753,30.0,0.0,0.0,15,0.0,0.0,0.0,0.0,0.0,0.0,0.0,0.0,N,,N,
04:23,OBEROIRLTY,20242,1772.5,-1.18,2.35,,30.0,26.8,NORMAL,Y,0.0,11.764049955396915,30.0,0.0,0.0,15,0.0,0.0,0.0,0.0,0.0,0.0,0.0,0.0,N,,N,
04:23,MPHASIS,4503,2500.3,-1.17,2.35,,30.0,26.7,NORMAL,N,0.0,11.739130434782536,30.0,0.0,0.0,15,0.0,0.0,0.0,0.0,0.0,0.0,0.0,0.0,N,,N,
04:23,XCHANGING,11705,67.66,-1.14,2.28,,30.0,26.4,NORMAL,N,0.0,11.396843950905918,30.0,0.0,0.0,15,0.0,0.0,0.0,0.0,0.0,0.0,0.0,0.0,N,,N,
04:23,CHOLAFIN,685,1894.6,-1.03,2.07,,30.0,25.3,NORMAL,N,0.0,10.342666109486096,30.0,0.0,0.0,15,0.0,0.0,0.0,0.0,0.0,0.0,0.0,0.0,N,,N,
04:23,BAJAJFINSV,16675,2011.3,-1.02,2.04,,30.0,25.2,NORMAL,N,0.0,10.18700787401577,30.0,0.0,0.0,15,0.0,0.0,0.0,0.0,0.0,0.0,0.0,0.0,N,,N,
04:23,COFORGE,11543,1800.6,-1.01,2.02,,30.0,25.1,NORMAL,N,0.0,10.115448048378278,30.0,0.0,0.0,15,0.0,0.0,0.0,0.0,0.0,0.0,0.0,0.0,N,,N,
04:23,MANKIND,15380,2400.9,-0.99,1.99,,29.8,24.9,NORMAL,Y,0.0,9.93814432989687,29.81443298969061,0.0,0.0,15,0.0,0.0,0.0,0.0,0.0,0.0,0.0,0.0,N,,N,
04:23,ADANIENT,25,2968.8,-0.89,1.78,,26.7,23.9,NORMAL,Y,0.0,8.913370055082563,26.74011016524769,0.0,0.0,15,0.0,0.0,0.0,0.0,0.0,0.0,0.0,0.0,N,,N,
04:23,INOXWIND,7852,73.75,-0.87,1.75,,26.2,23.7,NORMAL,Y,0.0,8.73655913978502,26.209677419355064,0.0,0.0,15,0.0,0.0,0.0,0.0,0.0,0.0,0.0,0.0,N,,N,
04:23,NHPC,17400,76.3,-0.84,1.69,,25.3,23.4,NORMAL,Y,0.0,8.447043534762907,25.341130604288722,0.0,0.0,15,0.0,0.0,0.0,0.0,0.0,0.0,0.0,0.0,N,,N,
04:23,KIRLOSBROS,18581,1940.1,-0.81,1.62,,24.2,23.1,NORMAL,N,0.0,8.078122603405175,24.234367810215524,0.0,0.0,15,0.0,0.0,0.0,0.0,0.0,0.0,0.0,0.0,N,,N,
04:23,ICICIAMC,760407,3030.0,-0.79,1.58,,23.8,22.9,NORMAL,Y,0.0,7.923515159452498,23.770545478357498,0.0,0.0,15,0.0,0.0,0.0,0.0,0.0,0.0,0.0,0.0,N,,N,
04:23,NTPCGREEN,27176,92.32,-0.74,1.48,,22.3,22.4,NORMAL,N,0.0,7.418557144393204,22.25567143317961,0.0,0.0,15,0.0,0.0,0.0,0.0,0.0,0.0,0.0,0.0,N,,N,
04:23,TCS,11536,2428.3,-0.71,1.42,,21.3,22.1,NORMAL,N,0.0,7.114527538127994,21.343582614383983,0.0,0.0,15,0.0,0.0,0.0,0.0,0.0,0.0,0.0,0.0,N,,N,
04:23,GODFRYPHLP,1181,2209.1,-0.71,1.42,,21.3,22.1,NORMAL,N,0.0,7.101442761472507,21.304328284417522,0.0,0.0,15,0.0,0.0,0.0,0.0,0.0,0.0,0.0,0.0,N,,N,
04:23,SBILIFE,21808,1825.0,-0.69,1.37,,20.6,21.9,NORMAL,Y,0.0,6.856769699608137,20.57030909882441,0.0,0.0,15,0.0,0.0,0.0,0.0,0.0,0.0,0.0,0.0,N,,N,
04:24,GLAXO,1153,2584.5,-0.67,1.34,,20.1,21.7,NORMAL,N,0.0,6.687420731004301,20.062262193012902,0.0,0.0,15,0.0,0.0,0.0,0.0,0.0,0.0,0.0,0.0,N,,N,
04:24,WAAREEENER,25907,2686.0,-0.67,1.33,,20.0,21.7,NORMAL,Y,0.0,6.656804733727811,19.970414201183434,0.0,0.0,15,0.0,0.0,0.0,0.0,0.0,0.0,0.0,0.0,N,,N,
04:24,POWERMECH,10473,2427.0,-0.63,1.25,,18.8,21.3,NORMAL,Y,0.0,6.264586660115539,18.793759980346614,0.0,0.0,15,0.0,0.0,0.0,0.0,0.0,0.0,0.0,0.0,N,,N,
04:24,INDIAMART,10726,1773.4,-0.61,1.22,,18.3,21.1,NORMAL,Y,0.0,6.108838199854207,18.32651459956262,0.0,0.0,15,0.0,0.0,0.0,0.0,0.0,0.0,0.0,0.0,N,,N,
04:24,DALBHARAT,8075,1824.7,-0.59,1.19,,17.8,20.9,NORMAL,N,0.0,5.938112878622721,17.81433863586816,0.0,0.0,15,0.0,0.0,0.0,0.0,0.0,0.0,0.0,0.0,N,,N,
04:24,BHARTIARTL,10604,1904.1,-0.58,1.16,,17.4,20.8,NORMAL,Y,0.0,5.795739348370998,17.387218045112995,0.0,0.0,15,0.0,0.0,0.0,0.0,0.0,0.0,0.0,0.0,N,,N,
04:24,MOREPENLAB,2259,76.45,-0.57,1.14,,17.2,20.7,NORMAL,N,0.0,5.722460658082946,17.16738197424884,0.0,0.0,15,0.0,0.0,0.0,0.0,0.0,0.0,0.0,0.0,N,,N,
04:24,KIRLOSENG,20936,2090.0,-0.55,1.09,,16.4,20.5,NORMAL,Y,0.0,5.472281703545087,16.41684511063526,0.0,0.0,15,0.0,0.0,0.0,0.0,0.0,0.0,0.0,0.0,N,,N,
04:24,LUPIN,10440,2266.8,-0.53,1.06,,15.9,20.3,NORMAL,Y,0.0,5.309579182939097,15.928737548817292,0.0,0.0,15,0.0,0.0,0.0,0.0,0.0,0.0,0.0,0.0,N,,N,
04:24,TATACOMM,3721,1737.1,-0.52,1.03,,15.5,20.2,NORMAL,Y,0.0,5.154343966554035,15.463031899662104,0.0,0.0,15,0.0,0.0,0.0,0.0,0.0,0.0,0.0,0.0,N,,N,
04:24,LGEINDIA,760213,1558.5,-0.51,1.02,,15.3,20.1,NORMAL,N,0.0,5.1069262687519945,15.320778806255984,0.0,0.0,15,0.0,0.0,0.0,0.0,0.0,0.0,0.0,0.0,N,,N,
04:24,WABAG,20188,1940.6,-0.49,0.97,,14.6,19.9,NORMAL,Y,0.0,4.871545048971848,14.614635146915544,0.0,0.0,15,0.0,0.0,0.0,0.0,0.0,0.0,0.0,0.0,N,,N,
04:24,MUTHOOTFIN,23650,2903.3,-0.43,0.86,,13.0,19.3,NORMAL,Y,0.0,4.3211358414211425,12.963407524263426,0.0,0.0,15,0.0,0.0,0.0,0.0,0.0,0.0,0.0,0.0,N,,N,
04:24,RUBICON,759316,1648.4,-0.4,0.81,,12.1,19.0,NORMAL,N,0.0,4.048093770769029,12.144281312307085,0.0,0.0,15,0.0,0.0,0.0,0.0,0.0,0.0,0.0,0.0,N,,N,
04:24,HINDUNILVR,1394,2056.8,-0.39,0.78,,11.8,18.9,NORMAL,Y,0.0,3.922708121458622,11.768124364375867,0.0,0.0,15,0.0,0.0,0.0,0.0,0.0,0.0,0.0,0.0,N,,N,
04:24,TRENT,1964,3013.4,-0.38,0.77,,11.5,18.8,NORMAL,N,0.0,3.834710743801623,11.504132231404869,0.0,0.0,15,0.0,0.0,0.0,0.0,0.0,0.0,0.0,0.0,N,,N,
04:24,LAURUSLABS,19234,1851.0,-0.38,0.75,,11.3,18.8,NORMAL,N,0.0,3.7674919268030136,11.302475780409042,0.0,0.0,15,0.0,0.0,0.0,0.0,0.0,0.0,0.0,0.0,N,,N,
04:24,HDFCAMC,4244,2505.6,-0.37,0.75,,11.2,18.7,NORMAL,Y,0.0,3.737574552683933,11.212723658051798,0.0,0.0,15,0.0,0.0,0.0,0.0,0.0,0.0,0.0,0.0,N,,N,
04:24,GRASIM,1232,3368.8,-0.35,0.69,,10.4,18.5,NORMAL,N,0.0,3.4610264753734117,10.383079426120235,0.0,0.0,15,0.0,0.0,0.0,0.0,0.0,0.0,0.0,0.0,N,,N,
04:24,BHARATFORG,422,2044.2,-0.33,0.66,,9.9,18.3,NORMAL,Y,0.0,3.3154558751828156,9.946367625548447,0.0,0.0,15,0.0,0.0,0.0,0.0,0.0,0.0,0.0,0.0,N,,N,
04:24,SUNPHARMA,3351,1935.7,-0.32,0.65,,9.7,18.2,NORMAL,Y,0.0,3.2440782698248993,9.732234809474697,0.0,0.0,15,0.0,0.0,0.0,0.0,0.0,0.0,0.0,0.0,N,,N,
04:24,APLAPOLLO,25780,2006.3,-0.32,0.64,,9.5,18.2,NORMAL,N,0.0,3.179808217816908,9.539424653450723,0.0,0.0,15,0.0,0.0,0.0,0.0,0.0,0.0,0.0,0.0,N,,N,
04:24,NARMADA,6364,418.4,7.84,15.67,,75.0,0.0,NORMAL,Y,30.0,0.0,30.0,0.0,15,0.0,0.0,0.0,0.0,0.0,0.0,0.0,0.0,0.0,N,,N,
04:24,VLSFINANCE,3715,273.7,4.79,9.57,,75.0,0.0,NORMAL,Y,30.0,0.0,30.0,0.0,15,0.0,0.0,0.0,0.0,0.0,0.0,0.0,0.0,0.0,N,,N,
04:24,YUKEN,5501,838.0,4.07,8.15,,75.0,0.0,NORMAL,Y,30.0,0.0,30.0,0.0,15,0.0,0.0,0.0,0.0,0.0,0.0,0.0,0.0,0.0,N,,N,
04:24,PNB,10666,117.55,3.09,6.17,,75.0,0.0,NORMAL,Y,30.0,0.0,30.0,0.0,15,0.0,0.0,0.0,0.0,0.0,0.0,0.0,0.0,0.0,N,,N,
04:24,SANDHAR,2397,637.0,2.42,4.84,,69.2,0.0,NORMAL,Y,24.19808666291495,0.0,30.0,0.0,15,0.0,0.0,0.0,0.0,0.0,0.0,0.0,0.0,0.0,N,,N,
04:37,TDPOWERSYS,25178,1473.6,15.52,31.04,,75.0,0.0,NORMAL,Y,30.0,0.0,30.0,0.0,15,0.0,0.0,0.0,0.0,0.0,0.0,0.0,0.0,0.0,N,,N,
04:37,NARMADA,6364,415.25,7.02,14.05,,75.0,0.0,NORMAL,Y,30.0,0.0,30.0,0.0,15,0.0,0.0,0.0,0.0,0.0,0.0,0.0,0.0,0.0,N,,N,
04:37,YUKEN,5501,850.0,5.56,11.13,,75.0,0.0,NORMAL,Y,30.0,0.0,30.0,0.0,15,0.0,0.0,0.0,0.0,0.0,0.0,0.0,0.0,0.0,N,,N,
04:37,PRICOLLTD,19631,771.85,4.71,9.41,,75.0,0.0,NORMAL,Y,30.0,0.0,30.0,0.0,15,0.0,0.0,0.0,0.0,0.0,0.0,0.0,0.0,0.0,N,,N,
04:37,PNB,10666,118.6,4.01,8.02,,75.0,0.0,NORMAL,Y,30.0,0.0,30.0,0.0,15,0.0,0.0,0.0,0.0,0.0,0.0,0.0,0.0,0.0,N,,N,
04:37,VLSFINANCE,3715,270.55,3.58,7.16,,75.0,0.0,NORMAL,Y,30.0,0.0,30.0,0.0,15,0.0,0.0,0.0,0.0,0.0,0.0,0.0,0.0,0.0,N,,N,
04:37,BATAINDIA,371,724.2,3.48,6.96,,75.0,0.0,NORMAL,Y,30.0,0.0,30.0,0.0,15,0.0,0.0,0.0,0.0,0.0,0.0,0.0,0.0,0.0,N,,N,
04:37,RELAXO,24225,433.5,2.81,5.62,,73.1,0.0,NORMAL,Y,28.103877623621543,0.0,30.0,0.0,15,0.0,0.0,0.0,0.0,0.0,0.0,0.0,0.0,0.0,N,,N,
04:37,SHIVALIK,7026,264.0,2.78,5.57,,72.8,0.0,NORMAL,Y,27.837259100642306,0.0,30.0,0.0,15,0.0,0.0,0.0,0.0,0.0,0.0,0.0,0.0,0.0,N,,N,
04:37,HINDALCO,1363,1075.85,2.55,5.1,,70.5,0.0,NORMAL,Y,25.4980459441426,0.0,30.0,0.0,15,0.0,0.0,0.0,0.0,0.0,0.0,0.0,0.0,0.0,N,,N,
04:37,BORORENEW,3149,576.65,2.52,5.03,,70.2,0.0,NORMAL,N,25.155555555555512,0.0,30.0,0.0,15,0.0,0.0,0.0,0.0,0.0,0.0,0.0,0.0,0.0,N,,N,
04:37,UNIONBANK,10753,186.84,2.38,4.76,,68.8,0.0,NORMAL,Y,23.780821917808236,0.0,30.0,0.0,15,0.0,0.0,0.0,0.0,0.0,0.0,0.0,0.0,0.0,N,,N,
04:37,BERGEPAINT,404,547.55,2.36,4.71,,68.6,0.0,NORMAL,Y,23.55360314048025,0.0,30.0,0.0,15,0.0,0.0,0.0,0.0,0.0,0.0,0.0,0.0,0.0,N,,N,
04:37,ZUARIIND,3827,264.25,2.3,4.61,,68.0,0.0,NORMAL,Y,23.035230352303476,0.0,30.0,0.0,15,0.0,0.0,0.0,0.0,0.0,0.0,0.0,0.0,0.0,N,,N,
04:37,WINDMACHIN,24969,308.95,2.1,4.2,,66.0,0.0,NORMAL,Y,20.984798413747406,0.0,30.0,0.0,15,0.0,0.0,0.0,0.0,0.0,0.0,0.0,0.0,0.0,N,,N,
04:37,CONCOR,4749,522.65,2.08,4.16,,65.8,0.0,NORMAL,Y,20.800781249999957,0.0,30.0,0.0,15,0.0,0.0,0.0,0.0,0.0,0.0,0.0,0.0,0.0,N,,N,
04:37,SANDHAR,2397,634.55,2.03,4.05,,65.3,0.0,NORMAL,Y,20.2588632526729,0.0,30.0,0.0,15,0.0,0.0,0.0,0.0,0.0,0.0,0.0,0.0,0.0,N,,N,
04:37,INDIANB,14309,892.7,1.95,3.91,,64.5,0.0,NORMAL,Y,19.529465509365032,0.0,30.0,0.0,15,0.0,0.0,0.0,0.0,0.0,0.0,0.0,0.0,0.0,N,,N,
04:37,NIACL,399,182.71,1.86,3.72,,63.6,0.0,NORMAL,Y,18.620728103919294,0.0,30.0,0.0,15,0.0,0.0,0.0,0.0,0.0,0.0,0.0,0.0,0.0,N,,N,
04:37,HGINFRA,1672,558.0,1.86,3.72,,63.6,0.0,NORMAL,Y,18.61993428258497,0.0,30.0,0.0,15,0.0,0.0,0.0,0.0,0.0,0.0,0.0,0.0,0.0,N,,N,
04:37,INDUSTOWER,29135,375.65,1.71,3.41,,62.1,0.0,NORMAL,N,17.056992012995682,0.0,30.0,0.0,15,0.0,0.0,0.0,0.0,0.0,0.0,0.0,0.0,0.0,N,,N,
04:37,TNPL,3980,156.6,1.68,3.35,,61.8,0.0,NORMAL,Y,16.751071289442827,0.0,30.0,0.0,15,0.0,0.0,0.0,0.0,0.0,0.0,0.0,0.0,0.0,N,,N,
04:37,BHEL,438,409.7,1.66,3.33,,61.6,0.0,NORMAL,Y,16.62531017369724,0.0,30.0,0.0,15,0.0,0.0,0.0,0.0,0.0,0.0,0.0,0.0,0.0,N,,N,
04:37,TVSSCS,18151,128.18,1.64,3.28,,61.4,0.0,NORMAL,N,16.414241535167772,0.0,30.0,0.0,15,0.0,0.0,0.0,0.0,0.0,0.0,0.0,0.0,0.0,N,,N,
04:37,BANKBARODA,4668,250.22,1.63,3.27,,61.3,0.0,NORMAL,Y,16.32818846466292,0.0,30.0,0.0,15,0.0,0.0,0.0,0.0,0.0,0.0,0.0,0.0,0.0,N,,N,
04:37,CANBK,10794,132.37,1.59,3.18,,60.9,0.0,NORMAL,Y,15.88641596316188,0.0,30.0,0.0,15,0.0,0.0,0.0,0.0,0.0,0.0,0.0,0.0,0.0,N,,N,
04:37,BAJAJELEC,15034,365.8,1.51,3.02,,60.1,0.0,NORMAL,Y,15.12418482031355,0.0,30.0,0.0,15,0.0,0.0,0.0,0.0,0.0,0.0,0.0,0.0,0.0,N,,N,
04:37,TRIVENI,13081,242.0,1.51,3.02,,60.1,0.0,NORMAL,N,15.100671140939575,0.0,30.0,0.0,15,0.0,0.0,0.0,0.0,0.0,0.0,0.0,0.0,0.0,N,,N,
04:37,MEESHO,760229,193.25,1.49,2.98,,59.9,0.0,NORMAL,Y,14.91518302610159,0.0,30.0,0.0,15,0.0,0.0,0.0,0.0,0.0,0.0,0.0,0.0,0.0,N,,N,
04:37,SCI,3048,298.2,1.45,2.89,,59.5,0.0,NORMAL,Y,14.458241197482565,0.0,30.0,0.0,15,0.0,0.0,0.0,0.0,0.0,0.0,0.0,0.0,0.0,N,,N,
04:37,BANKINDIA,4745,144.91,1.41,2.81,,59.1,0.0,NORMAL,Y,14.065780265920157,0.0,30.0,0.0,15,0.0,0.0,0.0,0.0,0.0,0.0,0.0,0.0,0.0,N,,N,
04:37,PVRINOX,13147,1176.5,1.4,2.81,,59.0,0.0,NORMAL,Y,14.049301844509527,0.0,30.0,0.0,15,0.0,0.0,0.0,0.0,0.0,0.0,0.0,0.0,0.0,N,,N,
04:37,EXIDEIND,676,490.05,1.39,2.77,,58.9,0.0,NORMAL,Y,13.861590979621367,0.0,30.0,0.0,15,0.0,0.0,0.0,0.0,0.0,0.0,0.0,0.0,0.0,N,,N,
04:37,YATRA,18760,115.86,1.36,2.71,,58.6,0.0,NORMAL,Y,13.5596185810515,0.0,30.0,0.0,15,0.0,0.0,0.0,0.0,0.0,0.0,0.0,0.0,0.0,N,,N,
04:37,PETRONET,11351,280.75,1.35,2.71,,58.5,0.0,NORMAL,Y,13.537906137184114,0.0,30.0,0.0,15,0.0,0.0,0.0,0.0,0.0,0.0,0.0,0.0,0.0,N,,N,
04:37,TMCV,759782,456.0,1.32,2.64,,58.2,0.0,NORMAL,Y,13.220753249638904,0.0,30.0,0.0,15,0.0,0.0,0.0,0.0,0.0,0.0,0.0,0.0,0.0,N,,N,
04:37,MSTCLTD,9356,578.5,1.31,2.63,,58.1,0.0,NORMAL,N,13.134851138353763,0.0,30.0,0.0,15,0.0,0.0,0.0,0.0,0.0,0.0,0.0,0.0,0.0,N,,N,
04:37,JAINREC,759244,301.65,1.31,2.62,,58.1,0.0,NORMAL,N,13.098236775818563,0.0,30.0,0.0,15,0.0,0.0,0.0,0.0,0.0,0.0,0.0,0.0,0.0,N,,N,
04:37,MAHABANK,11377,80.72,2.24,4.48,,67.4,0.0,NORMAL,Y,22.419252691576894,0.0,30.0,0.0,15,0.0,0.0,0.0,0.0,0.0,0.0,0.0,0.0,0.0,N,,N,
04:37,SOUTHWEST,9678,230.94,1.19,2.37,,56.9,0.0,NORMAL,N,11.87398676773434,0.0,30.0,0.0,15,0.0,0.0,0.0,0.0,0.0,0.0,0.0,0.0,0.0,N,,N,
04:37,SBIN,3045,1078.0,1.13,2.25,,56.3,0.0,NORMAL,Y,11.25703564727955,0.0,30.0,0.0,15,0.0,0.0,0.0,0.0,0.0,0.0,0.0,0.0,0.0,N,,N,
04:37,TPLPLASTEH,9219,77.5,2.12,4.24,,66.2,0.0,NORMAL,N,21.21491632626169,0.0,30.0,0.0,15,0.0,0.0,0.0,0.0,0.0,0.0,0.0,0.0,0.0,N,,N,
04:37,JMFINANCIL,13637,127.5,1.05,2.11,,55.5,0.0,NORMAL,Y,10.541333121978269,0.0,30.0,0.0,15,0.0,0.0,0.0,0.0,0.0,0.0,0.0,0.0,0.0,N,,N,
04:37,HALDER,760715,267.68,1.0,1.99,,54.8,0.0,NORMAL,Y,9.96076063990336,0.0,29.882281919710078,0.0,15,0.0,0.0,0.0,0.0,0.0,0.0,0.0,0.0,0.0,N,,N,
04:37,GUJGASLTD,10599,276.95,0.93,1.86,,52.2,0.0,NORMAL,Y,9.293002915451938,0.0,27.879008746355815,0.0,15,0.0,0.0,0.0,0.0,0.0,0.0,0.0,0.0,0.0,N,,N,
04:37,SHARDAMOTR,10530,885.0,0.92,1.85,,51.9,0.0,NORMAL,N,9.237085186452301,0.0,27.711255559356903,0.0,15,0.0,0.0,0.0,0.0,0.0,0.0,0.0,0.0,0.0,N,,N,
04:37,GSFC,1247,162.82,0.92,1.83,,51.7,0.0,NORMAL,Y,9.173174662203976,0.0,27.519523986611933,0.0,15,0.0,0.0,0.0,0.0,0.0,0.0,0.0,0.0,0.0,N,,N,
04:37,VARROC,3857,849.7,0.9,1.79,,50.9,0.0,NORMAL,Y,8.965148726473988,0.0,26.895446179421963,0.0,15,0.0,0.0,0.0,0.0,0.0,0.0,0.0,0.0,0.0,N,,N,
04:37,INDOCO,11677,218.47,0.9,1.79,,50.8,0.0,NORMAL,N,8.959497529210722,0.0,26.878492587632167,0.0,15,0.0,0.0,0.0,0.0,0.0,0.0,0.0,0.0,0.0,N,,N,
04:37,WALCHANNAG,3736,234.85,0.88,1.76,,50.2,0.0,NORMAL,N,8.805841924398553,0.0,26.417525773195656,0.0,15,0.0,0.0,0.0,0.0,0.0,0.0,0.0,0.0,0.0,N,,N,
04:37,MARKSANS,10579,281.35,0.86,1.72,,49.4,0.0,NORMAL,Y,8.60369241799618,0.0,25.81107725398854,0.0,15,0.0,0.0,0.0,0.0,0.0,0.0,0.0,0.0,0.0,N,,N,
04:37,WIPL,20481,169.9,0.83,1.66,,48.2,0.0,NORMAL,Y,8.308605341246325,0.0,24.925816023738975,0.0,15,0.0,0.0,0.0,0.0,0.0,0.0,0.0,0.0,0.0,N,,N,
04:37,UPL,11287,572.65,0.82,1.64,,47.7,0.0,NORMAL,N,8.186619718309819,0.0,24.559859154929455,0.0,15,0.0,0.0,0.0,0.0,0.0,0.0,0.0,0.0,0.0,N,,N,
04:37,VGUARD,15362,326.8,0.77,1.54,,45.8,0.0,NORMAL,Y,7.70891150169596,0.0,23.12673450508788,0.0,15,0.0,0.0,0.0,0.0,0.0,0.0,0.0,0.0,0.0,N,,N,
04:37,MOIL,20830,281.55,0.75,1.5,,45.1,0.0,NORMAL,Y,7.514761137949626,0.0,22.544283413848877,0.0,15,0.0,0.0,0.0,0.0,0.0,0.0,0.0,0.0,0.0,N,,N,
04:37,APLLTD,25328,845.0,0.73,1.47,,44.3,0.0,NORMAL,Y,7.331465697085267,0.0,21.994397091255802,0.0,15,0.0,0.0,0.0,0.0,0.0,0.0,0.0,0.0,0.0,N,,N,
04:37,M&MFIN,13285,401.65,0.71,1.43,,43.6,0.0,NORMAL,Y,7.146439317953777,0.0,21.43931795386133,0.0,15,0.0,0.0,0.0,0.0,0.0,0.0,0.0,0.0,0.0,N,,N,
04:37,ELGIEQUIP,937,577.85,0.7,1.39,,42.9,0.0,NORMAL,N,6.970462664459354,0.0,20.91138799337806,0.0,15,0.0,0.0,0.0,0.0,0.0,0.0,0.0,0.0,0.0,N,,N,
04:37,ASTRAL,14418,1434.8,0.69,1.39,,42.8,0.0,NORMAL,Y,6.947855989893932,0.0,20.843567969681796,0.0,15,0.0,0.0,0.0,0.0,0.0,0.0,0.0,0.0,0.0,N,,Y,NONRESULTS
04:37,BLS,17279,262.67,0.69,1.39,,42.8,0.0,NORMAL,Y,6.938587748217444,0.0,20.815763244652327,0.0,15,0.0,0.0,0.0,0.0,0.0,0.0,0.0,0.0,0.0,N,,N,
04:37,HSCL,14334,760.6,0.68,1.35,,42.0,0.0,NORMAL,Y,6.750496360026503,0.0,20.251489080079505,0.0,15,0.0,0.0,0.0,0.0,0.0,0.0,0.0,0.0,0.0,N,,N,
04:37,CHEMPLASTS,5449,172.83,0.67,1.34,,41.8,0.0,NORMAL,N,6.6985088536813,0.0,20.095526561043904,0.0,15,0.0,0.0,0.0,0.0,0.0,0.0,0.0,0.0,0.0,N,,N,
04:37,IOC,1624,140.9,0.64,1.29,,40.7,0.0,NORMAL,N,6.428571428571469,0.0,19.285714285714405,0.0,15,0.0,0.0,0.0,0.0,0.0,0.0,0.0,0.0,0.0,N,,N,
04:37,SYMPHONY,24190,645.2,0.63,1.26,,40.3,0.0,NORMAL,N,6.316774545738233,0.0,18.950323637214698,0.0,15,0.0,0.0,0.0,0.0,0.0,0.0,0.0,0.0,0.0,N,,N,
04:37,PNBHOUSING,18908,1149.2,0.62,1.24,,39.9,0.0,NORMAL,Y,6.216618509762838,0.0,18.649855529288512,0.0,15,0.0,0.0,0.0,0.0,0.0,0.0,0.0,0.0,0.0,N,,N,
04:37,TIMETECHNO,14707,208.55,0.61,1.23,,39.5,0.0,NORMAL,Y,6.1269780007719525,0.0,18.380934002315858,0.0,15,0.0,0.0,0.0,0.0,0.0,0.0,0.0,0.0,0.0,N,,N,
04:37,GENUSPOWER,11905,307.4,0.61,1.21,,39.2,0.0,NORMAL,N,6.05465553919151,0.0,18.16396661757453,0.0,15,0.0,0.0,0.0,0.0,0.0,0.0,0.0,0.0,0.0,N,,N,
04:37,GOCLCORP,3963,432.15,0.61,1.21,,39.2,0.0,NORMAL,Y,6.052846001629533,0.0,18.158538004888598,0.0,15,0.0,0.0,0.0,0.0,0.0,0.0,0.0,0.0,0.0,N,,N,
04:37,UFLEX,1053,500.0,0.59,1.19,,38.7,0.0,NORMAL,Y,5.935016597927751,0.0,17.805049793783255,0.0,15,0.0,0.0,0.0,0.0,0.0,0.0,0.0,0.0,0.0,N,,N,
04:37,GROWW,759806,194.63,0.58,1.17,,38.4,0.0,NORMAL,N,5.839793281653723,0.0,17.519379844961172,0.0,15,0.0,0.0,0.0,0.0,0.0,0.0,0.0,0.0,0.0,N,,N,
04:37,TIPSMUSIC,9117,673.0,0.58,1.17,,38.3,0.0,NORMAL,N,5.828725153190819,0.0,17.486175459572458,0.0,15,0.0,0.0,0.0,0.0,0.0,0.0,0.0,0.0,0.0,N,,N,
04:37,HINDZINC,1424,589.9,0.55,1.11,,37.2,0.0,NORMAL,Y,5.539930111650899,0.0,16.619790334952697,0.0,15,0.0,0.0,0.0,0.0,0.0,0.0,0.0,0.0,0.0,N,,N,
04:37,ANANTRAJ,13620,609.5,0.54,1.07,,36.4,0.0,NORMAL,Y,5.360824742268042,0.0,16.082474226804123,0.0,15,0.0,0.0,0.0,0.0,0.0,0.0,0.0,0.0,0.0,N,,N,
04:37,JUBLINGREA,2783,737.0,0.53,1.06,,36.3,0.0,NORMAL,N,5.319874505524453,0.0,15.95962351657336,0.0,15,0.0,0.0,0.0,0.0,0.0,0.0,0.0,0.0,0.0,N,,N,
04:37,PENIND,20621,160.15,0.53,1.05,,36.1,0.0,NORMAL,N,5.272738685581593,0.0,15.818216056744777,0.0,15,0.0,0.0,0.0,0.0,0.0,0.0,0.0,0.0,0.0,N,,N,
04:37,WELSPUNLIV,11253,160.44,0.49,0.98,,34.5,0.0,NORMAL,N,4.885381435550553,0.0,14.656144306651658,0.0,15,0.0,0.0,0.0,0.0,0.0,0.0,0.0,0.0,0.0,N,,N,
04:37,ASHOKLEY,212,175.57,0.42,0.85,,31.9,0.0,NORMAL,Y,4.232683177944177,0.0,12.698049533832533,0.0,15,0.0,0.0,0.0,0.0,0.0,0.0,0.0,0.0,0.0,N,,N,
04:37,SIS,21501,439.35,0.41,0.82,,31.5,0.0,NORMAL,Y,4.113815563935576,0.0,12.341446691806729,0.0,15,0.0,0.0,0.0,0.0,0.0,0.0,0.0,0.0,0.0,N,,N,
04:37,GRINFRA,5054,883.75,0.41,0.82,,31.4,0.0,NORMAL,N,4.090211895699623,0.0,12.270635687098869,0.0,15,0.0,0.0,0.0,0.0,0.0,0.0,0.0,0.0,0.0,N,,N,
04:37,LENSKART,759605,591.45,0.38,0.76,,30.3,0.0,NORMAL,Y,3.8187372708757636,0.0,11.456211812627291,0.0,15,0.0,0.0,0.0,0.0,0.0,0.0,0.0,0.0,0.0,N,,N,
04:37,USHAMART,8840,511.8,0.37,0.75,,29.9,0.0,NORMAL,Y,3.7262208276133246,0.0,11.178662482839973,0.0,15,0.0,0.0,0.0,0.0,0.0,0.0,0.0,0.0,0.0,N,,N,
04:37,LICI,9480,407.45,0.36,0.71,,29.3,0.0,NORMAL,N,3.5714285714285436,0.0,10.714285714285632,0.0,15,0.0,0.0,0.0,0.0,0.0,0.0,0.0,0.0,0.0,N,,N,
04:37,APCL,20453,104.63,0.35,0.69,,28.8,0.0,NORMAL,Y,3.4525750455548043,0.0,10.357725136664413,0.0,15,0.0,0.0,0.0,0.0,0.0,0.0,0.0,0.0,0.0,N,,Y,NONRESULTS
04:37,INDUSINDBK,5258,1012.2,0.33,0.65,,28.1,0.0,NORMAL,N,3.270889087124659,0.0,9.812667261373976,0.0,15,0.0,0.0,0.0,0.0,0.0,0.0,0.0,0.0,0.0,N,,N,
04:37,WELCORP,11821,1860.0,1.26,2.52,,57.6,0.0,NORMAL,Y,12.575534868528448,0.0,30.0,0.0,15,0.0,0.0,0.0,0.0,0.0,0.0,0.0,0.0,0.0,N,,N,
04:37,MFSL,2142,1516.4,1.16,2.32,,56.6,0.0,NORMAL,N,11.607738492328279,0.0,30.0,0.0,15,0.0,0.0,0.0,0.0,0.0,0.0,0.0,0.0,0.0,N,,N,
04:37,LTTS,18564,3619.2,1.0,2.0,,55.0,0.0,NORMAL,Y,9.990511804431469,0.0,29.97153541329441,0.0,15,0.0,0.0,0.0,0.0,0.0,0.0,0.0,0.0,0.0,N,,N,
04:37,ESCORTS,958,3108.0,0.84,1.68,,48.6,0.0,NORMAL,Y,8.403361344537844,0.0,25.210084033613533,0.0,15,0.0,0.0,0.0,0.0,0.0,0.0,0.0,0.0,0.0,N,,N,
04:37,HYUNDAI,25844,2218.1,0.82,1.65,,47.9,0.0,NORMAL,Y,8.227272727272686,0.0,24.681818181818056,0.0,15,0.0,0.0,0.0,0.0,0.0,0.0,0.0,0.0,0.0,N,,N,
04:37,AJANTPHARM,8124,3534.0,0.79,1.59,,46.7,0.0,NORMAL,Y,7.9288118190634265,0.0,23.78643545719028,0.0,15,0.0,0.0,0.0,0.0,0.0,0.0,0.0,0.0,0.0,N,,N,
04:37,ZODIACLOTH,3821,77.8,0.71,1.42,,43.5,0.0,NORMAL,Y,7.119741100323588,0.0,21.359223300970765,0.0,15,0.0,0.0,0.0,0.0,0.0,0.0,0.0,0.0,0.0,N,,N,
04:37,SUPREMEINF,15002,86.0,0.63,1.26,,40.3,0.0,NORMAL,Y,6.318745611982287,0.0,18.95623683594686,0.0,15,0.0,0.0,0.0,0.0,0.0,0.0,0.0,0.0,0.0,N,,N,
04:37,SKFINDIA,3186,1532.1,0.62,1.23,,39.7,0.0,NORMAL,Y,6.173244893938309,0.0,18.519734681814928,0.0,15,0.0,0.0,0.0,0.0,0.0,0.0,0.0,0.0,0.0,N,,N,
04:37,PNBGILTS,8736,80.62,0.61,1.22,,39.5,0.0,NORMAL,N,6.115063022588408,0.0,18.345189067765226,0.0,15,0.0,0.0,0.0,0.0,0.0,0.0,0.0,0.0,0.0,N,,N,
04:37,NITTAGELA,762824,1621.4,0.59,1.18,,38.6,0.0,NORMAL,N,5.893665860165022,0.0,17.680997580495067,0.0,15,0.0,0.0,0.0,0.0,0.0,0.0,0.0,0.0,0.0,N,,N,
04:37,WABAG,20188,1961.0,0.56,1.12,,37.4,0.0,NORMAL,N,5.5894569509256415,0.0,16.768370852776922,0.0,15,0.0,0.0,0.0,0.0,0.0,0.0,0.0,0.0,0.0,N,,N,
04:37,IDBI,1476,82.88,0.53,1.07,,36.3,0.0,NORMAL,N,5.337214944201817,0.0,16.01164483260545,0.0,15,0.0,0.0,0.0,0.0,0.0,0.0,0.0,0.0,0.0,N,,N,
04:37,NESTLEIND,17963,1500.1,0.46,0.92,,33.5,0.0,NORMAL,Y,4.620948298955172,0.0,13.862844896865516,0.0,15,0.0,0.0,0.0,0.0,0.0,0.0,0.0,0.0,0.0,N,,N,
04:37,ZFCVINDIA,16915,2626.6,0.44,0.89,,32.7,0.0,NORMAL,Y,4.435946462715071,0.0,13.307839388145212,0.0,15,0.0,0.0,0.0,0.0,0.0,0.0,0.0,0.0,0.0,N,,N,
04:37,BEML,395,1910.3,0.42,0.84,,31.8,0.0,NORMAL,Y,4.205435525416601,0.0,12.616306576249805,0.0,15,0.0,0.0,0.0,0.0,0.0,0.0,0.0,0.0,0.0,N,,N,
04:37,CREDITACC,4421,1546.3,0.39,0.78,,30.6,0.0,NORMAL,Y,3.8953450626501334,0.0,11.686035187950399,0.0,15,0.0,0.0,0.0,0.0,0.0,0.0,0.0,0.0,0.0,N,,N,
04:37,ZEEL,3812,91.85,0.32,0.63,,27.7,0.0,NORMAL,N,3.1673219746613372,0.0,9.501965923984011,0.0,15,0.0,0.0,0.0,0.0,0.0,0.0,0.0,0.0,0.0,N,,N,
04:37,MASTEK,2124,1818.1,0.3,0.61,,27.1,0.0,NORMAL,Y,3.034315348118725,0.0,9.102946044356173,0.0,15,0.0,0.0,0.0,0.0,0.0,0.0,0.0,0.0,0.0,N,,N,
04:37,GODREJCP,10099,930.1,-9.26,18.52,,30.0,45.0,NORMAL,Y,0.0,30.0,30.0,0.0,0.0,15,0.0,0.0,0.0,0.0,0.0,0.0,0.0,0.0,N,,N,
04:37,TECHNOE,6445,992.9,-6.16,12.32,,30.0,45.0,NORMAL,Y,0.0,30.0,30.0,0.0,0.0,15,0.0,0.0,0.0,0.0,0.0,0.0,0.0,0.0,N,,N,
04:37,JUBLPHARMA,3637,906.05,-6.11,12.22,,30.0,45.0,NORMAL,Y,0.0,30.0,30.0,0.0,0.0,15,0.0,0.0,0.0,0.0,0.0,0.0,0.0,0.0,N,,N,
04:37,RHIM,31163,395.35,-4.86,9.72,,30.0,45.0,NORMAL,Y,0.0,30.0,30.0,0.0,0.0,15,0.0,0.0,0.0,0.0,0.0,0.0,0.0,0.0,N,,N,
04:37,RAMCOSYS,7851,622.05,-4.67,9.33,,30.0,45.0,NORMAL,Y,0.0,30.0,30.0,0.0,0.0,15,0.0,0.0,0.0,0.0,0.0,0.0,0.0,0.0,N,,N,
04:37,BALRAMCHIN,341,601.85,-4.13,8.27,,30.0,45.0,NORMAL,Y,0.0,30.0,30.0,0.0,0.0,15,0.0,0.0,0.0,0.0,0.0,0.0,0.0,0.0,N,,N,
04:37,FORTIS,14592,899.05,-3.87,7.73,,30.0,45.0,NORMAL,Y,0.0,30.0,30.0,0.0,0.0,15,0.0,0.0,0.0,0.0,0.0,0.0,0.0,0.0,N,,N,
04:37,AIIL,23553,553.45,-3.49,6.98,,30.0,45.0,NORMAL,Y,0.0,30.0,30.0,0.0,0.0,15,0.0,0.0,0.0,0.0,0.0,0.0,0.0,0.0,N,,N,
04:37,DEVYANI,5373,138.0,-3.35,6.71,,30.0,45.0,NORMAL,N,0.0,30.0,30.0,0.0,0.0,15,0.0,0.0,0.0,0.0,0.0,0.0,0.0,0.0,N,,N,
04:37,JYOTHYLAB,15146,197.43,-3.24,6.48,,30.0,45.0,NORMAL,Y,0.0,30.0,30.0,0.0,0.0,15,0.0,0.0,0.0,0.0,0.0,0.0,0.0,0.0,N,,N,
04:37,ASTERDM,1508,828.45,-3.09,6.19,,30.0,45.0,NORMAL,Y,0.0,30.0,30.0,0.0,0.0,15,0.0,0.0,0.0,0.0,0.0,0.0,0.0,0.0,N,,N,
04:37,ZYDUSLIFE,7929,1157.2,-2.84,5.68,,30.0,43.4,NORMAL,N,0.0,28.379513014273684,30.0,0.0,0.0,15,0.0,0.0,0.0,0.0,0.0,0.0,0.0,0.0,N,,N,
04:37,EPACKPEB,759251,240.65,-2.63,5.26,,30.0,41.3,NORMAL,Y,0.0,26.299817924337447,30.0,0.0,0.0,15,0.0,0.0,0.0,0.0,0.0,0.0,0.0,0.0,N,,N,
04:37,BECTORFOOD,1628,234.76,-2.44,4.87,,30.0,39.4,NORMAL,N,0.0,24.35375280525315,30.0,0.0,0.0,15,0.0,0.0,0.0,0.0,0.0,0.0,0.0,0.0,N,,N,
04:37,SAPPHIRE,6718,230.36,-2.4,4.8,,30.0,39.0,NORMAL,N,0.0,23.981018557749326,30.0,0.0,0.0,15,0.0,0.0,0.0,0.0,0.0,0.0,0.0,0.0,N,,N,
04:37,MATRIMONY,21726,524.3,-2.38,4.77,,30.0,38.8,NORMAL,N,0.0,23.831688698566502,30.0,0.0,0.0,15,0.0,0.0,0.0,0.0,0.0,0.0,0.0,0.0,N,,N,
04:37,360ONE,13061,1141.9,-2.23,4.47,,30.0,37.3,NORMAL,Y,0.0,22.345890410958827,30.0,0.0,0.0,15,0.0,0.0,0.0,0.0,0.0,0.0,0.0,0.0,N,,N,
04:37,MAXHEALTH,22377,1016.9,-2.22,4.44,,30.0,37.2,NORMAL,Y,0.0,22.211538461538485,30.0,0.0,0.0,15,0.0,0.0,0.0,0.0,0.0,0.0,0.0,0.0,N,,N,
04:37,AVANTIFEED,7936,841.7,-2.11,4.21,,30.0,36.1,NORMAL,Y,0.0,21.05140730402409,30.0,0.0,0.0,15,0.0,0.0,0.0,0.0,0.0,0.0,0.0,0.0,N,,N,
04:37,UNICHEMLAB,3579,562.0,-2.06,4.11,,30.0,35.6,NORMAL,N,0.0,20.564656674799508,30.0,0.0,0.0,15,0.0,0.0,0.0,0.0,0.0,0.0,0.0,0.0,N,,N,
04:37,PATANJALI,17029,345.75,-2.05,4.11,,30.0,35.5,NORMAL,Y,0.0,20.538243626062325,30.0,0.0,0.0,15,0.0,0.0,0.0,0.0,0.0,0.0,0.0,0.0,N,,N,
04:37,ROLEXRINGS,5279,173.65,-2.05,4.11,,30.0,35.5,NORMAL,N,0.0,20.531332844492002,30.0,0.0,0.0,15,0.0,0.0,0.0,0.0,0.0,0.0,0.0,0.0,N,,N,
04:37,ERIS,21154,1362.1,-2.03,4.06,,30.0,35.3,NORMAL,Y,0.0,20.283392073653204,30.0,0.0,0.0,15,0.0,0.0,0.0,0.0,0.0,0.0,0.0,0.0,N,,N,
04:37,TEJASNET,21131,522.8,-2.02,4.05,,30.0,35.2,NORMAL,Y,0.0,20.23988005997014,30.0,0.0,0.0,15,0.0,0.0,0.0,0.0,0.0,0.0,0.0,0.0,N,,N,
04:37,PIIND,24184,2601.5,-4.71,9.41,,30.0,45.0,NORMAL,Y,0.0,30.0,30.0,0.0,0.0,15,0.0,0.0,0.0,0.0,0.0,0.0,0.0,0.0,N,,N,
04:37,MAXESTATES,19646,418.25,-1.97,3.94,,30.0,34.7,NORMAL,N,0.0,19.688269073010613,30.0,0.0,0.0,15,0.0,0.0,0.0,0.0,0.0,0.0,0.0,0.0,N,,N,
04:37,JUBLFOOD,18096,478.7,-1.95,3.89,,30.0,34.5,NORMAL,N,0.0,19.45923801720606,30.0,0.0,0.0,15,0.0,0.0,0.0,0.0,0.0,0.0,0.0,0.0,N,,N,
04:37,ADANIGREEN,3563,1340.3,-1.88,3.76,,30.0,33.8,NORMAL,Y,0.0,18.81405563689608,30.0,0.0,0.0,15,0.0,0.0,0.0,0.0,0.0,0.0,0.0,0.0,N,,N,
04:37,NAUKRI,13751,1334.5,-1.88,3.75,,30.0,33.8,NORMAL,N,0.0,18.75,30.0,0.0,0.0,15,0.0,0.0,0.0,0.0,0.0,0.0,0.0,0.0,N,,N,
04:37,PSPPROJECT,20877,917.0,-1.87,3.75,,30.0,33.7,NORMAL,Y,0.0,18.726591760299627,30.0,0.0,0.0,15,0.0,0.0,0.0,0.0,0.0,0.0,0.0,0.0,N,,N,
04:37,BRIGADE,15184,594.0,-1.83,3.67,,30.0,33.3,NORMAL,N,0.0,18.344075359444755,30.0,0.0,0.0,15,0.0,0.0,0.0,0.0,0.0,0.0,0.0,0.0,N,,N,
04:37,PTC,11355,168.85,-1.8,3.61,,30.0,33.0,NORMAL,N,0.0,18.02849665600462,30.0,0.0,0.0,15,0.0,0.0,0.0,0.0,0.0,0.0,0.0,0.0,N,,N,
04:37,GREAVESCOT,1235,194.23,-1.79,3.59,,30.0,32.9,NORMAL,Y,0.0,17.949236525432354,30.0,0.0,0.0,15,0.0,0.0,0.0,0.0,0.0,0.0,0.0,0.0,N,,N,
04:37,MANAPPURAM,19061,353.55,-1.79,3.58,,30.0,32.9,NORMAL,Y,0.0,17.916666666666636,30.0,0.0,0.0,15,0.0,0.0,0.0,0.0,0.0,0.0,0.0,0.0,N,,N,
04:37,REDINGTON,14255,348.3,-1.76,3.53,,30.0,32.6,NORMAL,N,0.0,17.62797912847271,30.0,0.0,0.0,15,0.0,0.0,0.0,0.0,0.0,0.0,0.0,0.0,N,,N,
04:37,LUXIND,11301,1227.1,-1.74,3.48,,30.0,32.4,NORMAL,Y,0.0,17.37668161434981,30.0,0.0,0.0,15,0.0,0.0,0.0,0.0,0.0,0.0,0.0,0.0,N,,N,
04:37,ANGELONE,324,286.4,-1.72,3.43,,30.0,32.2,NORMAL,Y,0.0,17.158544955387786,30.0,0.0,0.0,15,0.0,0.0,0.0,0.0,0.0,0.0,0.0,0.0,N,,N,
04:37,VAIBHAVGBL,11364,233.65,-1.68,3.37,,30.0,31.8,NORMAL,Y,0.0,16.83147485798443,30.0,0.0,0.0,15,0.0,0.0,0.0,0.0,0.0,0.0,0.0,0.0,N,,N,
04:37,KNRCON,15283,134.55,-1.67,3.35,,30.0,31.7,NORMAL,N,0.0,16.734872844197543,30.0,0.0,0.0,15,0.0,0.0,0.0,0.0,0.0,0.0,0.0,0.0,N,,N,
04:37,M&M,2031,3424.0,-2.64,5.29,,30.0,41.4,NORMAL,N,0.0,26.4429911856696,30.0,0.0,0.0,15,0.0,0.0,0.0,0.0,0.0,0.0,0.0,0.0,N,,N,
04:37,INTELLECT,5926,711.8,-1.64,3.28,,30.0,31.4,NORMAL,Y,0.0,16.375319560561078,30.0,0.0,0.0,15,0.0,0.0,0.0,0.0,0.0,0.0,0.0,0.0,N,,N,
04:37,SURYODAY,2970,161.0,-1.63,3.25,,30.0,31.3,NORMAL,Y,0.0,16.253207869974318,30.0,0.0,0.0,15,0.0,0.0,0.0,0.0,0.0,0.0,0.0,0.0,N,,N,
04:37,MEDANTA,11956,1417.0,-1.62,3.25,,30.0,31.2,NORMAL,N,0.0,16.245487364621,30.0,0.0,0.0,15,0.0,0.0,0.0,0.0,0.0,0.0,0.0,0.0,N,,N,
04:37,SUPREMEIND,3363,3403.8,-2.61,5.22,,30.0,41.1,NORMAL,Y,0.0,26.09442060085832,30.0,0.0,0.0,15,0.0,0.0,0.0,0.0,0.0,0.0,0.0,0.0,N,,N,
04:37,GMRAIRPORT,13528,103.42,-1.61,3.22,,30.0,31.1,NORMAL,Y,0.0,16.07839406336217,30.0,0.0,0.0,15,0.0,0.0,0.0,0.0,0.0,0.0,0.0,0.0,N,,N,
04:37,ABDL,24308,609.85,-1.61,3.21,,30.0,31.1,NORMAL,Y,0.0,16.05356566634387,30.0,0.0,0.0,15,0.0,0.0,0.0,0.0,0.0,0.0,0.0,0.0,N,,N,
04:37,RAMKY,20134,390.05,-1.56,3.13,,30.0,30.6,NORMAL,Y,0.0,15.646687697160855,30.0,0.0,0.0,15,0.0,0.0,0.0,0.0,0.0,0.0,0.0,0.0,N,,N,
04:37,WINDLAS,5366,928.35,-1.56,3.13,,30.0,30.6,NORMAL,N,0.0,15.639910932032658,30.0,0.0,0.0,15,0.0,0.0,0.0,0.0,0.0,0.0,0.0,0.0,N,,N,
04:37,OMNI,760865,589.0,-1.55,3.09,,30.0,30.5,NORMAL,Y,0.0,15.461763476807354,30.0,0.0,0.0,15,0.0,0.0,0.0,0.0,0.0,0.0,0.0,0.0,N,,N,
04:37,PDSL,5264,370.7,-1.54,3.08,,30.0,30.4,NORMAL,N,0.0,15.405046480743719,30.0,0.0,0.0,15,0.0,0.0,0.0,0.0,0.0,0.0,0.0,0.0,N,,N,
04:37,EMSLIMITED,18593,387.95,-1.51,3.02,,30.0,30.1,NORMAL,Y,0.0,15.105356689515077,30.0,0.0,0.0,15,0.0,0.0,0.0,0.0,0.0,0.0,0.0,0.0,N,,N,
04:37,RSYSTEMS,13414,241.25,-1.51,3.02,,30.0,30.1,NORMAL,Y,0.0,15.10512349459069,30.0,0.0,0.0,15,0.0,0.0,0.0,0.0,0.0,0.0,0.0,0.0,N,,N,
04:37,ABMKNO,762528,195.0,-1.49,2.98,,30.0,29.9,NORMAL,Y,0.0,14.902753220510174,30.0,0.0,0.0,15,0.0,0.0,0.0,0.0,0.0,0.0,0.0,0.0,N,,N,
04:38,KPITTECH,9683,617.85,-1.46,2.92,,30.0,29.6,NORMAL,N,0.0,14.593301435406662,30.0,0.0,0.0,15,0.0,0.0,0.0,0.0,0.0,0.0,0.0,0.0,N,,N,
04:38,LUMAXTECH,14014,2025.4,-2.45,4.9,,30.0,39.5,NORMAL,N,0.0,24.514761835958232,30.0,0.0,0.0,15,0.0,0.0,0.0,0.0,0.0,0.0,0.0,0.0,N,,N,
04:38,RGL,15129,113.54,-1.44,2.88,,30.0,29.4,NORMAL,Y,0.0,14.409722222222193,30.0,0.0,0.0,15,0.0,0.0,0.0,0.0,0.0,0.0,0.0,0.0,N,,N,
04:38,LLOYDSME,17313,1937.9,-2.43,4.86,,30.0,39.3,NORMAL,Y,0.0,24.317792770113762,30.0,0.0,0.0,15,0.0,0.0,0.0,0.0,0.0,0.0,0.0,0.0,N,,N,
04:38,LTF,24948,310.9,-1.43,2.85,,30.0,29.3,NORMAL,Y,0.0,14.267596702599873,30.0,0.0,0.0,15,0.0,0.0,0.0,0.0,0.0,0.0,0.0,0.0,N,,N,
04:38,HCG,15555,728.5,-1.41,2.83,,30.0,29.1,NORMAL,N,0.0,14.141687529602876,30.0,0.0,0.0,15,0.0,0.0,0.0,0.0,0.0,0.0,0.0,0.0,N,,N,
04:38,JIOFIN,18143,249.2,-1.4,2.81,,30.0,29.0,NORMAL,Y,0.0,14.045499505440201,30.0,0.0,0.0,15,0.0,0.0,0.0,0.0,0.0,0.0,0.0,0.0,N,,N,
04:38,RALLIS,2816,208.58,-1.38,2.76,,30.0,28.8,NORMAL,Y,0.0,13.806146572103959,30.0,0.0,0.0,15,0.0,0.0,0.0,0.0,0.0,0.0,0.0,0.0,N,,N,
04:38,SANGAMIND,4184,573.95,-1.37,2.75,,30.0,28.7,NORMAL,Y,0.0,13.746885471260418,30.0,0.0,0.0,15,0.0,0.0,0.0,0.0,0.0,0.0,0.0,0.0,N,,N,
04:38,SWIGGY,27066,276.65,-1.37,2.75,,30.0,28.7,NORMAL,Y,0.0,13.725490196078514,30.0,0.0,0.0,15,0.0,0.0,0.0,0.0,0.0,0.0,0.0,0.0,N,,N,
04:38,FSL,14304,275.85,-1.34,2.68,,30.0,28.4,NORMAL,Y,0.0,13.412017167381972,30.0,0.0,0.0,15,0.0,0.0,0.0,0.0,0.0,0.0,0.0,0.0,N,,N,
04:38,JSL,11236,715.4,-1.34,2.68,,30.0,28.4,NORMAL,Y,0.0,13.377465177216997,30.0,0.0,0.0,15,0.0,0.0,0.0,0.0,0.0,0.0,0.0,0.0,N,,N,
04:38,RAYMOND,2859,616.0,-1.33,2.66,,30.0,28.3,NORMAL,N,0.0,13.294890277110293,30.0,0.0,0.0,15,0.0,0.0,0.0,0.0,0.0,0.0,0.0,0.0,N,,N,
04:38,EXICOM,22947,142.04,-1.33,2.65,,30.0,28.3,NORMAL,Y,0.0,13.268496005557463,30.0,0.0,0.0,15,0.0,0.0,0.0,0.0,0.0,0.0,0.0,0.0,N,,N,
04:38,SANSERA,5751,3725.4,-2.28,4.56,,30.0,37.8,NORMAL,N,0.0,22.820270695624803,30.0,0.0,0.0,15,0.0,0.0,0.0,0.0,0.0,0.0,0.0,0.0,N,,N,
04:38,SUNTECK,17641,292.75,-1.28,2.56,,30.0,27.8,NORMAL,Y,0.0,12.814027988534855,30.0,0.0,0.0,15,0.0,0.0,0.0,0.0,0.0,0.0,0.0,0.0,N,,N,
04:38,GPIL,13409,229.22,-1.27,2.55,,30.0,27.7,NORMAL,Y,0.0,12.748729434059815,30.0,0.0,0.0,15,0.0,0.0,0.0,0.0,0.0,0.0,0.0,0.0,N,,N,
04:38,UNOMINDA,14154,1259.1,-1.25,2.49,,30.0,27.5,NORMAL,N,0.0,12.470588235294189,30.0,0.0,0.0,15,0.0,0.0,0.0,0.0,0.0,0.0,0.0,0.0,N,,N,
04:38,HIKAL,9668,215.3,-1.23,2.46,,30.0,27.3,NORMAL,Y,0.0,12.294705936324334,30.0,0.0,0.0,15,0.0,0.0,0.0,0.0,0.0,0.0,0.0,0.0,N,,N,
04:38,KALYANKJIL,2955,594.85,-1.22,2.44,,30.0,27.2,NORMAL,N,0.0,12.20524742610432,30.0,0.0,0.0,15,0.0,0.0,0.0,0.0,0.0,0.0,0.0,0.0,N,,N,
04:38,BLUESTARCO,8311,1480.0,-1.2,2.39,,30.0,27.0,NORMAL,Y,0.0,11.950063422124368,30.0,0.0,0.0,15,0.0,0.0,0.0,0.0,0.0,0.0,0.0,0.0,N,,N,
04:38,NEWGEN,1164,548.55,-1.18,2.36,,30.0,26.8,NORMAL,Y,0.0,11.799675734102086,30.0,0.0,0.0,15,0.0,0.0,0.0,0.0,0.0,0.0,0.0,0.0,N,,N,
04:38,VMM,27969,108.95,-1.18,2.36,,30.0,26.8,NORMAL,Y,0.0,11.791383219954623,30.0,0.0,0.0,15,0.0,0.0,0.0,0.0,0.0,0.0,0.0,0.0,N,,N,
04:38,SHALBY,714,159.79,-1.16,2.33,,30.0,26.6,NORMAL,Y,0.0,11.62862621389247,30.0,0.0,0.0,15,0.0,0.0,0.0,0.0,0.0,0.0,0.0,0.0,N,,N,
04:38,RECLTD,15355,340.7,-1.16,2.32,,30.0,26.6,NORMAL,Y,0.0,11.604293588627792,30.0,0.0,0.0,15,0.0,0.0,0.0,0.0,0.0,0.0,0.0,0.0,N,,N,
04:38,MUKANDLTD,11325,139.0,-1.15,2.29,,30.0,26.5,NORMAL,N,0.0,11.450110233980608,30.0,0.0,0.0,15,0.0,0.0,0.0,0.0,0.0,0.0,0.0,0.0,N,,N,
04:38,MOTILALOFS,14947,877.9,-1.14,2.27,,30.0,26.4,NORMAL,Y,0.0,11.373873873873901,30.0,0.0,0.0,15,0.0,0.0,0.0,0.0,0.0,0.0,0.0,0.0,N,,N,
04:38,ZUARI,29050,222.88,-1.13,2.25,,30.0,26.3,NORMAL,Y,0.0,11.267855558512961,30.0,0.0,0.0,15,0.0,0.0,0.0,0.0,0.0,0.0,0.0,0.0,N,,N,
04:38,NELCO,2388,983.9,-1.13,2.25,,30.0,26.3,NORMAL,N,0.0,11.255150236157215,30.0,0.0,0.0,15,0.0,0.0,0.0,0.0,0.0,0.0,0.0,0.0,N,,N,
04:38,PRINCEPIPE,16045,268.0,-1.13,2.25,,30.0,26.3,NORMAL,Y,0.0,11.25253643239259,30.0,0.0,0.0,15,0.0,0.0,0.0,0.0,0.0,0.0,0.0,0.0,N,,N,
04:38,MAITHANALL,24538,994.4,-1.11,2.23,,30.0,26.1,NORMAL,N,0.0,11.137629276054142,30.0,0.0,0.0,15,0.0,0.0,0.0,0.0,0.0,0.0,0.0,0.0,N,,N,
04:38,GAIL,4717,173.41,-1.1,2.2,,30.0,26.0,NORMAL,Y,0.0,11.007186038553707,30.0,0.0,0.0,15,0.0,0.0,0.0,0.0,0.0,0.0,0.0,0.0,N,,N,
04:38,ICICIPRULI,18652,496.0,-1.1,2.19,,30.0,26.0,NORMAL,Y,0.0,10.967098703888334,30.0,0.0,0.0,15,0.0,0.0,0.0,0.0,0.0,0.0,0.0,0.0,N,,N,
04:38,IFCI,1491,74.12,-2.09,4.17,,30.0,35.9,NORMAL,Y,0.0,20.871862615587823,30.0,0.0,0.0,15,0.0,0.0,0.0,0.0,0.0,0.0,0.0,0.0,N,,N,
04:38,GULFOILLUB,4391,1176.9,-1.08,2.17,,30.0,25.8,NORMAL,N,0.0,10.84215834594038,30.0,0.0,0.0,15,0.0,0.0,0.0,0.0,0.0,0.0,0.0,0.0,N,,N,
04:38,DRREDDY,881,1192.1,-1.07,2.14,,30.0,25.7,NORMAL,N,0.0,10.705394190871445,30.0,0.0,0.0,15,0.0,0.0,0.0,0.0,0.0,0.0,0.0,0.0,N,,N,
04:38,BEL,383,401.55,-1.06,2.12,,30.0,25.6,NORMAL,N,0.0,10.595047431317019,30.0,0.0,0.0,15,0.0,0.0,0.0,0.0,0.0,0.0,0.0,0.0,N,,N,
04:38,DABUR,772,408.35,-1.04,2.08,,30.0,25.4,NORMAL,Y,0.0,10.420453168544663,30.0,0.0,0.0,15,0.0,0.0,0.0,0.0,0.0,0.0,0.0,0.0,N,,N,
04:38,VIPIND,3703,313.6,-1.04,2.08,,30.0,25.4,NORMAL,N,0.0,10.41337961502037,30.0,0.0,0.0,15,0.0,0.0,0.0,0.0,0.0,0.0,0.0,0.0,N,,N,
04:38,TATACONSUM,3432,1066.8,-1.04,2.08,,30.0,25.4,NORMAL,Y,0.0,10.38961038961043,30.0,0.0,0.0,15,0.0,0.0,0.0,0.0,0.0,0.0,0.0,0.0,N,,N,
04:38,UCAL,3570,116.43,-1.04,2.07,,30.0,25.4,NORMAL,Y,0.0,10.369740756481079,30.0,0.0,0.0,15,0.0,0.0,0.0,0.0,0.0,0.0,0.0,0.0,N,,N,
04:38,DELHIVERY,9599,468.55,-1.03,2.07,,30.0,25.3,NORMAL,Y,0.0,10.349561727743115,30.0,0.0,0.0,15,0.0,0.0,0.0,0.0,0.0,0.0,0.0,0.0,N,,N,
04:38,APTUS,5435,254.05,-1.03,2.06,,30.0,25.3,NORMAL,Y,0.0,10.323334631865904,30.0,0.0,0.0,15,0.0,0.0,0.0,0.0,0.0,0.0,0.0,0.0,N,,N,
04:38,SAREGAMA,4892,523.65,-1.03,2.06,,30.0,25.3,NORMAL,N,0.0,10.300510300510386,30.0,0.0,0.0,15,0.0,0.0,0.0,0.0,0.0,0.0,0.0,0.0,N,,N,
04:38,ASAHIINDIA,5378,892.5,-1.01,2.03,,30.0,25.1,NORMAL,Y,0.0,10.148061886541315,30.0,0.0,0.0,15,0.0,0.0,0.0,0.0,0.0,0.0,0.0,0.0,N,,N,
04:38,ORIENTELEC,2972,188.75,-1.01,2.02,,30.0,25.1,NORMAL,N,0.0,10.121669813299805,30.0,0.0,0.0,15,0.0,0.0,0.0,0.0,0.0,0.0,0.0,0.0,N,,N,
04:38,KRBL,10577,366.8,-1.01,2.02,,30.0,25.1,NORMAL,N,0.0,10.120091755498583,30.0,0.0,0.0,15,0.0,0.0,0.0,0.0,0.0,0.0,0.0,0.0,N,,N,
04:38,TRITURBINE,25584,594.3,-1.01,2.02,,30.0,25.1,NORMAL,Y,0.0,10.077454818022932,30.0,0.0,0.0,15,0.0,0.0,0.0,0.0,0.0,0.0,0.0,0.0,N,,N,
04:38,SONATSOFTW,6596,330.55,-1.0,2.01,,30.0,25.0,NORMAL,N,0.0,10.032943995208045,30.0,0.0,0.0,15,0.0,0.0,0.0,0.0,0.0,0.0,0.0,0.0,N,,N,
04:38,NESCO,15409,1037.8,-1.0,2.0,,30.0,25.0,NORMAL,Y,0.0,10.01621673185157,30.0,0.0,0.0,15,0.0,0.0,0.0,0.0,0.0,0.0,0.0,0.0,N,,N,
04:38,FDC,4898,357.3,-1.0,2.0,,29.9,25.0,NORMAL,Y,0.0,9.975062344139557,29.92518703241867,0.0,0.0,15,0.0,0.0,0.0,0.0,0.0,0.0,0.0,0.0,N,,N,
04:38,BPCL,526,314.65,-0.99,1.98,,29.7,24.9,NORMAL,Y,0.0,9.91189427312786,29.73568281938358,0.0,0.0,15,0.0,0.0,0.0,0.0,0.0,0.0,0.0,0.0,N,,N,
04:38,ROUTE,128,524.9,-0.98,1.96,,29.4,24.8,NORMAL,Y,0.0,9.809469911337569,29.428409734012707,0.0,0.0,15,0.0,0.0,0.0,0.0,0.0,0.0,0.0,0.0,N,,N,
04:38,KOTAKBANK,1922,389.1,-0.97,1.93,,29.0,24.7,NORMAL,Y,0.0,9.67167218121648,29.015016543649434,0.0,0.0,15,0.0,0.0,0.0,0.0,0.0,0.0,0.0,0.0,N,,N,
04:38,GODREJIND,10925,1277.4,-0.96,1.92,,28.8,24.6,NORMAL,Y,0.0,9.613893626918797,28.841680880756392,0.0,0.0,15,0.0,0.0,0.0,0.0,0.0,0.0,0.0,0.0,N,,N,
04:38,MARICO,4067,846.9,-0.95,1.89,,28.4,24.5,NORMAL,Y,0.0,9.473684210526343,28.42105263157903,0.0,0.0,15,0.0,0.0,0.0,0.0,0.0,0.0,0.0,0.0,N,,N,
04:38,TIMKEN,14198,3220.0,-1.95,3.89,,30.0,34.5,NORMAL,N,0.0,19.458570602028104,30.0,0.0,0.0,15,0.0,0.0,0.0,0.0,0.0,0.0,0.0,0.0,N,,N,
04:38,PREMIERENE,25049,1040.1,-0.94,1.89,,28.3,24.4,NORMAL,Y,0.0,9.428571428571516,28.285714285714544,0.0,0.0,15,0.0,0.0,0.0,0.0,0.0,0.0,0.0,0.0,N,,N,
04:38,CANFINHOME,583,818.15,-0.94,1.88,,28.2,24.4,NORMAL,Y,0.0,9.383702627436735,28.151107882310207,0.0,0.0,15,0.0,0.0,0.0,0.0,0.0,0.0,0.0,0.0,N,,Y,NONRESULTS
04:38,HAPPSTMNDS,48,390.65,-0.94,1.88,,28.1,24.4,NORMAL,Y,0.0,9.38252821098021,28.147584632940628,0.0,0.0,15,0.0,0.0,0.0,0.0,0.0,0.0,0.0,0.0,N,,N,
04:38,SPARC,14788,203.34,-0.94,1.87,,28.1,24.4,NORMAL,Y,0.0,9.353990061385499,28.061970184156497,0.0,0.0,15,0.0,0.0,0.0,0.0,0.0,0.0,0.0,0.0,N,,N,
04:38,IEX,220,124.83,-0.93,1.86,,27.9,24.3,NORMAL,Y,0.0,9.285714285714299,27.857142857142897,0.0,0.0,15,0.0,0.0,0.0,0.0,0.0,0.0,0.0,0.0,N,,N,
04:38,ETERNAL,5097,315.05,-0.93,1.86,,27.8,24.3,NORMAL,N,0.0,9.276729559748393,27.830188679245175,0.0,0.0,15,0.0,0.0,0.0,0.0,0.0,0.0,0.0,0.0,N,,N,
04:38,NLCINDIA,8585,283.4,-0.93,1.85,,27.8,24.3,NORMAL,Y,0.0,9.26411466526843,27.792343995805286,0.0,0.0,15,0.0,0.0,0.0,0.0,0.0,0.0,0.0,0.0,N,,N,
04:38,ANTHEM,757885,883.4,-0.93,1.85,,27.8,24.3,NORMAL,N,0.0,9.252509392698931,27.75752817809679,0.0,0.0,15,0.0,0.0,0.0,0.0,0.0,0.0,0.0,0.0,N,,N,
04:38,JKIL,15266,493.0,-0.92,1.85,,27.7,24.2,NORMAL,Y,0.0,9.244372990353742,27.733118971061227,0.0,0.0,15,0.0,0.0,0.0,0.0,0.0,0.0,0.0,0.0,N,,N,
04:38,TATAPOWER,3426,376.5,-0.92,1.84,,27.6,24.2,NORMAL,Y,0.0,9.210526315789473,27.631578947368418,0.0,0.0,15,0.0,0.0,0.0,0.0,0.0,0.0,0.0,0.0,N,,N,
04:38,BAJFINANCE,317,1083.4,-0.91,1.81,,27.2,24.1,NORMAL,Y,0.0,9.05515412055233,27.165462361656992,0.0,0.0,15,0.0,0.0,0.0,0.0,0.0,0.0,0.0,0.0,N,,N,
04:38,POLICYBZR,6656,1700.0,-1.9,3.81,,30.0,34.0,NORMAL,N,0.0,19.042123485285632,30.0,0.0,0.0,15,0.0,0.0,0.0,0.0,0.0,0.0,0.0,0.0,N,,N,
04:38,GLAND,1186,2869.0,-1.89,3.79,,30.0,33.9,NORMAL,N,0.0,18.944056900560827,30.0,0.0,0.0,15,0.0,0.0,0.0,0.0,0.0,0.0,0.0,0.0,N,,N,
04:38,WESTLIFE,11580,578.3,-0.88,1.77,,26.5,23.8,NORMAL,N,0.0,8.826806067358111,26.480418202074336,0.0,0.0,15,0.0,0.0,0.0,0.0,0.0,0.0,0.0,0.0,N,,N,
04:38,POONAWALLA,11403,482.95,-0.87,1.74,,26.2,23.7,NORMAL,N,0.0,8.723316912972084,26.169950738916256,0.0,0.0,15,0.0,0.0,0.0,0.0,0.0,0.0,0.0,0.0,N,,N,
04:38,SWANCORP,27095,308.55,-0.87,1.73,,26.0,23.7,NORMAL,Y,0.0,8.674698795180685,26.02409638554206,0.0,0.0,15,0.0,0.0,0.0,0.0,0.0,0.0,0.0,0.0,N,,N,
04:38,KSB,1949,804.85,-0.86,1.72,,25.9,23.6,NORMAL,Y,0.0,8.622282441337687,25.866847324013055,0.0,0.0,15,0.0,0.0,0.0,0.0,0.0,0.0,0.0,0.0,N,,N,
04:38,GARFIBRES,1100,779.7,-0.85,1.7,,25.6,23.5,NORMAL,N,0.0,8.51983723296024,25.559511698880716,0.0,0.0,15,0.0,0.0,0.0,0.0,0.0,0.0,0.0,0.0,N,,N,
04:38,THYROCARE,17032,643.9,-0.84,1.68,,25.2,23.4,NORMAL,N,0.0,8.393008393008463,25.179025179025388,0.0,0.0,15,0.0,0.0,0.0,0.0,0.0,0.0,0.0,0.0,N,,N,
04:38,TATAINVEST,1621,683.0,-0.83,1.67,,25.0,23.3,NORMAL,N,0.0,8.348457350272232,25.045372050816695,0.0,0.0,15,0.0,0.0,0.0,0.0,0.0,0.0,0.0,0.0,N,,N,
04:38,TREJHARA,7518,164.16,-0.83,1.67,,25.0,23.3,NORMAL,N,0.0,8.336353751359162,25.009061254077487,0.0,0.0,15,0.0,0.0,0.0,0.0,0.0,0.0,0.0,0.0,N,,N,
04:38,ROSSARI,19410,500.7,-0.83,1.66,,25.0,23.3,NORMAL,Y,0.0,8.318478906714178,24.955436720142536,0.0,0.0,15,0.0,0.0,0.0,0.0,0.0,0.0,0.0,0.0,N,,N,
04:38,ZENSARTECH,1076,496.45,-0.83,1.66,,24.9,23.3,NORMAL,Y,0.0,8.290051937674857,24.87015581302457,0.0,0.0,15,0.0,0.0,0.0,0.0,0.0,0.0,0.0,0.0,N,,N,
04:38,SESHAPAPER,3066,231.07,-0.83,1.66,,24.8,23.3,NORMAL,N,0.0,8.283261802575138,24.84978540772541,0.0,0.0,15,0.0,0.0,0.0,0.0,0.0,0.0,0.0,0.0,N,,N,
04:38,ADANIPOWER,17388,207.27,-0.83,1.66,,24.8,23.3,NORMAL,Y,0.0,8.277511961722439,24.832535885167317,0.0,0.0,15,0.0,0.0,0.0,0.0,0.0,0.0,0.0,0.0,N,,N,
04:38,RAMCOCEM,2043,926.35,-0.82,1.65,,24.7,23.2,NORMAL,Y,0.0,8.243670039077065,24.731010117231193,0.0,0.0,15,0.0,0.0,0.0,0.0,0.0,0.0,0.0,0.0,N,,N,
04:38,EIDPARRY,916,782.0,-0.82,1.65,,24.7,23.2,NORMAL,Y,0.0,8.243500317057704,24.730500951173113,0.0,0.0,15,0.0,0.0,0.0,0.0,0.0,0.0,0.0,0.0,N,,N,
04:38,HISARMETAL,19322,154.1,-0.82,1.65,,24.7,23.2,NORMAL,N,0.0,8.237868451538171,24.713605354614515,0.0,0.0,15,0.0,0.0,0.0,0.0,0.0,0.0,0.0,0.0,N,,N,
04:38,PRAJIND,2705,327.2,-0.82,1.64,,24.6,23.2,NORMAL,N,0.0,8.184298272203664,24.55289481661099,0.0,0.0,15,0.0,0.0,0.0,0.0,0.0,0.0,0.0,0.0,N,,N,
04:38,WSTCSTPAPR,3799,592.25,-0.81,1.62,,24.4,23.1,NORMAL,N,0.0,8.122592530564432,24.367777591693297,0.0,0.0,15,0.0,0.0,0.0,0.0,0.0,0.0,0.0,0.0,N,,N,
04:38,WOCKPHARMA,7506,1874.8,-1.81,3.62,,30.0,33.1,NORMAL,Y,0.0,18.1208756677491,30.0,0.0,0.0,15,0.0,0.0,0.0,0.0,0.0,0.0,0.0,0.0,N,,N,
04:38,MRPL,2283,179.67,-0.81,1.62,,24.3,23.1,NORMAL,N,0.0,8.115269956939379,24.345809870818133,0.0,0.0,15,0.0,0.0,0.0,0.0,0.0,0.0,0.0,0.0,N,,N,
04:38,ATGL,6066,660.8,-0.8,1.61,,24.1,23.0,NORMAL,Y,0.0,8.03122419875407,24.093672596262206,0.0,0.0,15,0.0,0.0,0.0,0.0,0.0,0.0,0.0,0.0,N,,N,
04:38,PURVA,14922,210.61,-0.8,1.6,,24.0,23.0,NORMAL,Y,0.0,8.007159342470862,24.021478027412584,0.0,0.0,15,0.0,0.0,0.0,0.0,0.0,0.0,0.0,0.0,N,,N,
04:38,IREDA,20261,117.75,-0.8,1.6,,24.0,23.0,NORMAL,Y,0.0,8.003369839932628,24.01010951979788,0.0,0.0,15,0.0,0.0,0.0,0.0,0.0,0.0,0.0,0.0,N,,N,
04:38,INDHOTEL,1512,718.25,-0.79,1.59,,23.8,22.9,NORMAL,Y,0.0,7.941988950276244,23.82596685082873,0.0,0.0,15,0.0,0.0,0.0,0.0,0.0,0.0,0.0,0.0,N,,Y,NONRESULTS
04:38,ABCAPITAL,21614,404.0,-0.77,1.55,,23.2,22.7,NORMAL,Y,0.0,7.736706373572338,23.210119120717014,0.0,0.0,15,0.0,0.0,0.0,0.0,0.0,0.0,0.0,0.0,N,,N,
04:38,JSWENERGY,17869,558.7,-0.76,1.53,,22.9,22.6,NORMAL,Y,0.0,7.637655417406667,22.912966252220002,0.0,0.0,15,0.0,0.0,0.0,0.0,0.0,0.0,0.0,0.0,N,,N,
04:38,CROMPTON,17094,243.55,-0.75,1.51,,22.6,22.5,NORMAL,Y,0.0,7.538712306438444,22.616136919315334,0.0,0.0,15,0.0,0.0,0.0,0.0,0.0,0.0,0.0,0.0,N,,N,
04:38,CENTURYPLY,13305,770.55,-0.75,1.51,,22.6,22.5,NORMAL,Y,0.0,7.534775888717186,22.60432766615156,0.0,0.0,15,0.0,0.0,0.0,0.0,0.0,0.0,0.0,0.0,N,,N,
04:38,SHILPAMED,17752,813.6,-0.74,1.49,,22.3,22.4,NORMAL,N,0.0,7.441746980602686,22.32524094180806,0.0,0.0,15,0.0,0.0,0.0,0.0,0.0,0.0,0.0,0.0,N,,N,
04:38,PRESTIGE,20302,1558.3,-1.74,3.48,,30.0,32.4,NORMAL,Y,0.0,17.403367173214033,30.0,0.0,0.0,15,0.0,0.0,0.0,0.0,0.0,0.0,0.0,0.0,N,,N,
04:38,AUBANK,21238,1063.0,-0.74,1.48,,22.1,22.4,NORMAL,N,0.0,7.376972639835736,22.13091791950721,0.0,0.0,15,0.0,0.0,0.0,0.0,0.0,0.0,0.0,0.0,N,,N,
04:38,NBCC,31415,92.18,-1.73,3.45,,30.0,32.3,NORMAL,Y,0.0,17.270788912579853,30.0,0.0,0.0,15,0.0,0.0,0.0,0.0,0.0,0.0,0.0,0.0,N,,N,
04:38,TORNTPOWER,13786,1321.1,-0.7,1.4,,21.0,22.0,NORMAL,Y,0.0,6.99037883343369,20.97113650030107,0.0,0.0,15,0.0,0.0,0.0,0.0,0.0,0.0,0.0,0.0,N,,N,
04:38,CHALET,8546,815.5,-0.69,1.39,,20.8,21.9,NORMAL,Y,0.0,6.9410618606917245,20.823185582075176,0.0,0.0,15,0.0,0.0,0.0,0.0,0.0,0.0,0.0,0.0,N,,N,
04:38,DLF,14732,645.6,-0.69,1.38,,20.8,21.9,NORMAL,Y,0.0,6.92201199815413,20.766035994462392,0.0,0.0,15,0.0,0.0,0.0,0.0,0.0,0.0,0.0,0.0,N,,N,
04:38,PCBL,2649,319.95,-0.68,1.37,,20.5,21.8,NORMAL,Y,0.0,6.82911687102278,20.48735061306834,0.0,0.0,15,0.0,0.0,0.0,0.0,0.0,0.0,0.0,0.0,N,,N,
04:38,DEEPAKNTR,19943,1755.0,-1.67,3.34,,30.0,31.7,NORMAL,N,0.0,16.69654863290002,30.0,0.0,0.0,15,0.0,0.0,0.0,0.0,0.0,0.0,0.0,0.0,N,,N,
04:38,KIMS,4847,807.65,-0.66,1.33,,19.9,21.6,NORMAL,N,0.0,6.64165795461531,19.924973863845928,0.0,0.0,15,0.0,0.0,0.0,0.0,0.0,0.0,0.0,0.0,N,,N,
04:38,SYNGENE,10243,404.55,-0.66,1.33,,19.9,21.6,NORMAL,Y,0.0,6.629834254143619,19.889502762430855,0.0,0.0,15,0.0,0.0,0.0,0.0,0.0,0.0,0.0,0.0,N,,N,
04:38,RELIANCE,2885,1315.2,-0.66,1.31,,19.7,21.6,NORMAL,N,0.0,6.57149331520511,19.71447994561533,0.0,0.0,15,0.0,0.0,0.0,0.0,0.0,0.0,0.0,0.0,N,,N,
04:38,BSOFT,6994,318.2,-0.66,1.31,,19.7,21.6,NORMAL,N,0.0,6.556353418670067,19.669060256010205,0.0,0.0,15,0.0,0.0,0.0,0.0,0.0,0.0,0.0,0.0,N,,N,
04:38,RVNL,9552,228.5,-0.65,1.3,,19.6,21.5,NORMAL,Y,0.0,6.521739130434782,19.565217391304348,0.0,0.0,15,0.0,0.0,0.0,0.0,0.0,0.0,0.0,0.0,N,,N,
04:38,INFY,1594,1183.0,-0.65,1.29,,19.4,21.5,NORMAL,N,0.0,6.466784244562061,19.40035273368618,0.0,0.0,15,0.0,0.0,0.0,0.0,0.0,0.0,0.0,0.0,N,,N,
04:38,BANCOINDIA,13880,629.95,-0.62,1.23,,18.5,21.2,NORMAL,Y,0.0,6.152875285950898,18.458625857852695,0.0,0.0,15,0.0,0.0,0.0,0.0,0.0,0.0,0.0,0.0,N,,N,
04:38,GODREJPROP,17875,2005.0,-1.61,3.23,,30.0,31.1,NORMAL,Y,0.0,16.144069875852637,30.0,0.0,0.0,15,0.0,0.0,0.0,0.0,0.0,0.0,0.0,0.0,N,,N,
04:38,SHREEPUSHK,10588,411.1,-0.6,1.21,,18.1,21.0,NORMAL,N,0.0,6.044487427466151,18.13346228239845,0.0,0.0,15,0.0,0.0,0.0,0.0,0.0,0.0,0.0,0.0,N,,Y,NONRESULTS
04:38,RITES,3761,225.3,-0.6,1.21,,18.1,21.0,NORMAL,N,0.0,6.044028764282773,18.132086292848317,0.0,0.0,15,0.0,0.0,0.0,0.0,0.0,0.0,0.0,0.0,N,,N,
04:38,NCC,2319,143.9,-0.59,1.19,,17.8,20.9,NORMAL,N,0.0,5.940867642995202,17.822602928985603,0.0,0.0,15,0.0,0.0,0.0,0.0,0.0,0.0,0.0,0.0,N,,N,
04:38,VOLTAS,3718,1272.4,-0.59,1.19,,17.8,20.9,NORMAL,Y,0.0,5.937499999999929,17.812499999999787,0.0,0.0,15,0.0,0.0,0.0,0.0,0.0,0.0,0.0,0.0,N,,N,
04:38,PFC,14299,378.75,-0.59,1.18,,17.7,20.9,NORMAL,Y,0.0,5.905511811023621,17.716535433070863,0.0,0.0,15,0.0,0.0,0.0,0.0,0.0,0.0,0.0,0.0,N,,N,
04:38,RBLBANK,18391,387.4,-0.59,1.18,,17.7,20.9,NORMAL,N,0.0,5.9019758788812196,17.705927636643658,0.0,0.0,15,0.0,0.0,0.0,0.0,0.0,0.0,0.0,0.0,N,,N,
04:38,UNITDSPR,10447,1524.1,-1.59,3.18,,30.0,30.9,NORMAL,N,0.0,15.884290049719208,30.0,0.0,0.0,15,0.0,0.0,0.0,0.0,0.0,0.0,0.0,0.0,N,,N,
04:38,PHOENIXLTD,14552,1878.4,-1.59,3.17,,30.0,30.9,NORMAL,Y,0.0,15.874679100958744,30.0,0.0,0.0,15,0.0,0.0,0.0,0.0,0.0,0.0,0.0,0.0,N,,N,
04:38,EBGNG,757862,569.25,-0.58,1.15,,17.3,20.8,NORMAL,N,0.0,5.763688760806837,17.291066282420513,0.0,0.0,15,0.0,0.0,0.0,0.0,0.0,0.0,0.0,0.0,N,,N,
04:38,WHIRLPOOL,18011,790.5,-0.57,1.14,,17.2,20.7,NORMAL,Y,0.0,5.722910508772976,17.16873152631893,0.0,0.0,15,0.0,0.0,0.0,0.0,0.0,0.0,0.0,0.0,N,,N,
04:38,CGPOWER,760,876.0,-0.57,1.14,,17.0,20.7,NORMAL,Y,0.0,5.675368898978433,17.0261066969353,0.0,0.0,15,0.0,0.0,0.0,0.0,0.0,0.0,0.0,0.0,N,,N,
04:38,TITAGARH,15414,840.05,-0.56,1.12,,16.9,20.6,NORMAL,Y,0.0,5.622632575757576,16.867897727272727,0.0,0.0,15,0.0,0.0,0.0,0.0,0.0,0.0,0.0,0.0,N,,N,
04:38,OBEROIRLTY,20242,1765.8,-1.55,3.1,,30.0,30.5,NORMAL,Y,0.0,15.499553969669911,30.0,0.0,0.0,15,0.0,0.0,0.0,0.0,0.0,0.0,0.0,0.0,N,,N,
04:38,GRANULES,11872,856.3,-0.55,1.09,,16.4,20.5,NORMAL,Y,0.0,5.458768873403073,16.376306620209217,0.0,0.0,15,0.0,0.0,0.0,0.0,0.0,0.0,0.0,0.0,N,,N,
04:38,KEC,13260,448.35,-0.53,1.06,,16.0,20.3,NORMAL,Y,0.0,5.324459234608934,15.973377703826804,0.0,0.0,15,0.0,0.0,0.0,0.0,0.0,0.0,0.0,0.0,N,,N,
04:38,WIPRO,3787,183.62,-0.53,1.06,,15.9,20.3,NORMAL,N,0.0,5.308775731310888,15.926327193932662,0.0,0.0,15,0.0,0.0,0.0,0.0,0.0,0.0,0.0,0.0,N,,N,
04:38,HDBFS,757772,689.45,-0.53,1.05,,15.8,20.3,NORMAL,Y,0.0,5.266195354205709,15.798586062617128,0.0,0.0,15,0.0,0.0,0.0,0.0,0.0,0.0,0.0,0.0,N,,N,
04:38,HCLTECH,7229,1358.5,-0.51,1.01,,15.2,20.1,NORMAL,N,0.0,5.0534641863190926,15.16039255895728,0.0,0.0,15,0.0,0.0,0.0,0.0,0.0,0.0,0.0,0.0,N,,N,
04:38,ZYDUSWELL,17635,503.55,-0.5,1.01,,15.1,20.0,NORMAL,Y,0.0,5.038529934795517,15.115589804386552,0.0,0.0,15,0.0,0.0,0.0,0.0,0.0,0.0,0.0,0.0,N,,N,
04:38,POWERGRID,14977,266.6,-0.5,1.01,,15.1,20.0,NORMAL,Y,0.0,5.03825340548597,15.114760216457912,0.0,0.0,15,0.0,0.0,0.0,0.0,0.0,0.0,0.0,0.0,N,,N,
04:38,HDFCBANK,1333,725.35,-0.5,1.0,,15.0,20.0,NORMAL,Y,0.0,5.0068587105623825,15.020576131687148,0.0,0.0,15,0.0,0.0,0.0,0.0,0.0,0.0,0.0,0.0,N,,N,
04:38,ITDC,19299,673.4,-0.48,0.96,,14.4,19.8,NORMAL,Y,0.0,4.803073967339097,14.409221902017293,0.0,0.0,15,0.0,0.0,0.0,0.0,0.0,0.0,0.0,0.0,N,,N,
04:38,GOCOLORS,6964,321.5,-0.46,0.93,,13.9,19.6,NORMAL,Y,0.0,4.643962848297213,13.93188854489164,0.0,0.0,15,0.0,0.0,0.0,0.0,0.0,0.0,0.0,0.0,N,,N,
04:38,ORIENTCEM,30089,133.51,-0.46,0.92,,13.9,19.6,NORMAL,Y,0.0,4.622381271900429,13.867143815701288,0.0,0.0,15,0.0,0.0,0.0,0.0,0.0,0.0,0.0,0.0,Y,NONRESULTS,N,
04:38,DIAMONDYD,21840,1202.0,-0.46,0.91,,13.7,19.6,NORMAL,N,0.0,4.554865424430642,13.664596273291925,0.0,0.0,15,0.0,0.0,0.0,0.0,0.0,0.0,0.0,0.0,N,,N,
04:38,PARADEEP,9741,151.11,-0.45,0.91,,13.6,19.5,NORMAL,N,0.0,4.545454545454531,13.63636363636359,0.0,0.0,15,0.0,0.0,0.0,0.0,0.0,0.0,0.0,0.0,N,,N,
04:38,NYKAA,6545,323.55,-0.45,0.89,,13.4,19.5,NORMAL,Y,0.0,4.461538461538426,13.38461538461528,0.0,0.0,15,0.0,0.0,0.0,0.0,0.0,0.0,0.0,0.0,N,,N,
04:38,RCF,2866,125.0,-0.44,0.88,,13.1,19.4,NORMAL,Y,0.0,4.380724810832316,13.142174432496946,0.0,0.0,15,0.0,0.0,0.0,0.0,0.0,0.0,0.0,0.0,N,,N,
04:38,UBL,16713,1393.9,-0.44,0.87,,13.1,19.4,NORMAL,N,0.0,4.357142857142793,13.071428571428378,0.0,0.0,15,0.0,0.0,0.0,0.0,0.0,0.0,0.0,0.0,N,,N,
04:38,TATASTEEL,3499,187.43,-0.44,0.87,,13.1,19.4,NORMAL,Y,0.0,4.355909694555076,13.06772908366523,0.0,0.0,15,0.0,0.0,0.0,0.0,0.0,0.0,0.0,0.0,N,,N,
04:38,MANKIND,15380,2390.4,-1.43,2.85,,30.0,29.3,NORMAL,Y,0.0,14.268041237113366,30.0,0.0,0.0,15,0.0,0.0,0.0,0.0,0.0,0.0,0.0,0.0,N,,N,
04:38,ZENITHEXPO,4176,250.0,-0.43,0.85,,12.8,19.3,NORMAL,N,0.0,4.2617596686182875,12.78527900585486,0.0,0.0,15,0.0,0.0,0.0,0.0,0.0,0.0,0.0,0.0,N,,N,
04:38,HAVELLS,9819,1269.0,-0.42,0.85,,12.7,19.2,NORMAL,N,0.0,4.237288135593291,12.711864406779874,0.0,0.0,15,0.0,0.0,0.0,0.0,0.0,0.0,0.0,0.0,N,,N,
04:38,TCIEXP,19223,540.5,-0.42,0.85,,12.7,19.2,NORMAL,Y,0.0,4.237288135593137,12.71186440677941,0.0,0.0,15,0.0,0.0,0.0,0.0,0.0,0.0,0.0,0.0,N,,N,
04:38,GANESHHOU,14339,760.75,-0.42,0.84,,12.6,19.2,NORMAL,Y,0.0,4.188755808626278,12.566267425878834,0.0,0.0,15,0.0,0.0,0.0,0.0,0.0,0.0,0.0,0.0,N,,N,
04:38,RAINBOW,9408,1497.8,-0.42,0.84,,12.6,19.2,NORMAL,Y,0.0,4.188551293132076,12.565653879396226,0.0,0.0,15,0.0,0.0,0.0,0.0,0.0,0.0,0.0,0.0,N,,N,
04:38,JTEKTINDIA,3237,140.57,-0.42,0.84,,12.5,19.2,NORMAL,N,0.0,4.179654293000874,12.538962879002622,0.0,0.0,15,0.0,0.0,0.0,0.0,0.0,0.0,0.0,0.0,N,,N,
04:38,ACC,22,1334.3,-0.41,0.82,,12.3,19.1,NORMAL,Y,0.0,4.105090311986864,12.31527093596059,0.0,0.0,15,0.0,0.0,0.0,0.0,0.0,0.0,0.0,0.0,N,,N,
04:38,CIPLA,694,1457.0,-0.41,0.82,,12.3,19.1,NORMAL,N,0.0,4.101161995898838,12.303485987696515,0.0,0.0,15,0.0,0.0,0.0,0.0,0.0,0.0,0.0,0.0,N,,N,
04:38,CAMPUS,9362,217.93,-0.41,0.81,,12.2,19.1,NORMAL,Y,0.0,4.0672699022026615,12.201809706607985,0.0,0.0,15,0.0,0.0,0.0,0.0,0.0,0.0,0.0,0.0,N,,N,
04:38,MPHASIS,4503,2494.5,-1.4,2.81,,30.0,29.0,NORMAL,N,0.0,14.031620553359685,30.0,0.0,0.0,15,0.0,0.0,0.0,0.0,0.0,0.0,0.0,0.0,N,,N,
04:38,RUPA,25724,158.12,-0.4,0.81,,12.1,19.0,NORMAL,Y,0.0,4.031242126480136,12.093726379440408,0.0,0.0,15,0.0,0.0,0.0,0.0,0.0,0.0,0.0,0.0,N,,N,
04:38,HEXT,29666,563.0,-0.38,0.76,,11.4,18.8,NORMAL,Y,0.0,3.8042997434309074,11.412899230292721,0.0,0.0,15,0.0,0.0,0.0,0.0,0.0,0.0,0.0,0.0,N,,N,
04:38,NTPC,11630,337.2,-0.37,0.74,,11.1,18.7,NORMAL,Y,0.0,3.693307726399764,11.079923179199291,0.0,0.0,15,0.0,0.0,0.0,0.0,0.0,0.0,0.0,0.0,N,,N,
04:38,JSWINFRA,19020,340.6,-0.37,0.73,,11.0,18.7,NORMAL,N,0.0,3.656574520988737,10.969723562966212,0.0,0.0,15,0.0,0.0,0.0,0.0,0.0,0.0,0.0,0.0,N,,N,
04:38,TTKPRESTIG,3546,587.8,-0.36,0.73,,10.9,18.6,NORMAL,Y,0.0,3.6443766420884662,10.9331299262654,0.0,0.0,15,0.0,0.0,0.0,0.0,0.0,0.0,0.0,0.0,N,,N,
04:38,SURYAROSNI,3375,234.98,-0.36,0.72,,10.8,18.6,NORMAL,Y,0.0,3.6042912267312164,10.812873680193649,0.0,0.0,15,0.0,0.0,0.0,0.0,0.0,0.0,0.0,0.0,N,,N,
04:38,SAFARI,13035,1494.9,-0.35,0.71,,10.6,18.5,NORMAL,Y,0.0,3.5328622850286324,10.598586855085896,0.0,0.0,15,0.0,0.0,0.0,0.0,0.0,0.0,0.0,0.0,N,,N,
04:38,BIOCON,11373,424.55,-0.34,0.68,,10.2,18.4,NORMAL,Y,0.0,3.403755868544575,10.211267605633724,0.0,0.0,15,0.0,0.0,0.0,0.0,0.0,0.0,0.0,0.0,N,,N,
04:38,SUPRAJIT,11689,529.45,-0.34,0.68,,10.2,18.4,NORMAL,N,0.0,3.3882352941175613,10.164705882352685,0.0,0.0,15,0.0,0.0,0.0,0.0,0.0,0.0,0.0,0.0,N,,N,
04:38,MHRIL,17333,224.81,-0.34,0.67,,10.1,18.4,NORMAL,Y,0.0,3.369242363789471,10.107727091368412,0.0,0.0,15,0.0,0.0,0.0,0.0,0.0,0.0,0.0,0.0,N,,N,
04:38,SAIL,2963,172.42,-0.34,0.67,,10.1,18.4,NORMAL,N,0.0,3.352601156069437,10.057803468208311,0.0,0.0,15,0.0,0.0,0.0,0.0,0.0,0.0,0.0,0.0,N,,N,
04:38,TEXRAIL,21828,107.0,-0.32,0.63,,9.5,18.2,NORMAL,Y,0.0,3.167505123905379,9.502515371716138,0.0,0.0,15,0.0,0.0,0.0,0.0,0.0,0.0,0.0,0.0,N,,N,
04:38,TMPV,3456,346.5,-0.32,0.63,,9.5,18.2,NORMAL,N,0.0,3.1645569620253813,9.493670886076146,0.0,0.0,15,0.0,0.0,0.0,0.0,0.0,0.0,0.0,0.0,N,,N,
04:38,CHOLAFIN,685,1890.6,-1.24,2.49,,30.0,27.4,NORMAL,N,0.0,12.432093606351954,30.0,0.0,0.0,15,0.0,0.0,0.0,0.0,0.0,0.0,0.0,0.0,N,,N,
04:38,XCHANGING,11705,67.6,-1.23,2.45,,30.0,27.3,NORMAL,N,0.0,12.27352425482179,30.0,0.0,0.0,15,0.0,0.0,0.0,0.0,0.0,0.0,0.0,0.0,N,,N,
04:38,BAJAJFINSV,16675,2009.1,-1.13,2.25,,30.0,26.3,NORMAL,N,0.0,11.269685039370122,30.0,0.0,0.0,15,0.0,0.0,0.0,0.0,0.0,0.0,0.0,0.0,N,,N,
04:38,MOREPENLAB,2259,76.05,-1.09,2.18,,30.0,25.9,NORMAL,N,0.0,10.924697619976635,30.0,0.0,0.0,15,0.0,0.0,0.0,0.0,0.0,0.0,0.0,0.0,N,,N,
04:38,COFORGE,11543,1799.7,-1.06,2.12,,30.0,25.6,NORMAL,N,0.0,10.610225398570618,30.0,0.0,0.0,15,0.0,0.0,0.0,0.0,0.0,0.0,0.0,0.0,N,,N,
04:38,NIITLTD,11522,94.49,-1.0,1.99,,29.9,25.0,NORMAL,Y,0.0,9.953897736798018,29.861693210394055,0.0,0.0,15,0.0,0.0,0.0,0.0,0.0,0.0,0.0,0.0,N,,N,
04:38,INOXWIND,7852,73.66,-0.99,1.99,,29.8,24.9,NORMAL,Y,0.0,9.946236559139907,29.838709677419722,0.0,0.0,15,0.0,0.0,0.0,0.0,0.0,0.0,0.0,0.0,N,,N,
04:38,TIINDIA,312,2752.7,-0.98,1.96,,29.5,24.8,NORMAL,Y,0.0,9.820143884892154,29.46043165467646,0.0,0.0,15,0.0,0.0,0.0,0.0,0.0,0.0,0.0,0.0,N,,N,
04:38,MUTHOOTFIN,23650,2887.7,-0.97,1.93,,29.0,24.7,NORMAL,Y,0.0,9.671113549847481,29.013340649542446,0.0,0.0,15,0.0,0.0,0.0,0.0,0.0,0.0,0.0,0.0,N,,N,
04:38,WAAREEENER,25907,2677.9,-0.97,1.93,,29.0,24.7,NORMAL,Y,0.0,9.652366863905293,28.957100591715875,0.0,0.0,15,0.0,0.0,0.0,0.0,0.0,0.0,0.0,0.0,N,,N,
04:38,NHPC,17400,76.23,-0.94,1.87,,28.1,24.4,NORMAL,Y,0.0,9.356725146198816,28.070175438596447,0.0,0.0,15,0.0,0.0,0.0,0.0,0.0,0.0,0.0,0.0,N,,N,
04:38,NTPCGREEN,27176,92.16,-0.91,1.83,,27.4,24.1,NORMAL,Y,0.0,9.138802279324896,27.416406837974684,0.0,0.0,15,0.0,0.0,0.0,0.0,0.0,0.0,0.0,0.0,N,,N,
04:38,TCS,11536,2423.5,-0.91,1.82,,27.2,24.1,NORMAL,N,0.0,9.077155824508246,27.231467473524738,0.0,0.0,15,0.0,0.0,0.0,0.0,0.0,0.0,0.0,0.0,N,,N,
04:38,HDFCAMC,4244,2493.1,-0.87,1.74,,26.1,23.7,NORMAL,Y,0.0,8.707753479125286,26.123260437375855,0.0,0.0,15,0.0,0.0,0.0,0.0,0.0,0.0,0.0,0.0,N,,N,
04:38,INDIAMART,10726,1769.2,-0.85,1.69,,25.4,23.5,NORMAL,Y,0.0,8.462702460348545,25.388107381045632,0.0,0.0,15,0.0,0.0,0.0,0.0,0.0,0.0,0.0,0.0,N,,N,
04:38,KIRLOSBROS,18581,1940.6,-0.78,1.56,,23.5,22.8,NORMAL,N,0.0,7.822485812158178,23.467457436474533,0.0,0.0,15,0.0,0.0,0.0,0.0,0.0,0.0,0.0,0.0,N,,N,
04:38,GODFRYPHLP,1181,2208.8,-0.72,1.45,,21.7,22.2,NORMAL,N,0.0,7.236280282259837,21.70884084677951,0.0,0.0,15,0.0,0.0,0.0,0.0,0.0,0.0,0.0,0.0,N,,N,
04:38,LUPIN,10440,2263.1,-0.69,1.39,,20.8,21.9,NORMAL,Y,0.0,6.933169511606557,20.79950853481967,0.0,0.0,15,0.0,0.0,0.0,0.0,0.0,0.0,0.0,0.0,N,,N,
04:38,SBILIFE,21808,1825.0,-0.69,1.37,,20.6,21.9,NORMAL,Y,0.0,6.856769699608137,20.57030909882441,0.0,0.0,15,0.0,0.0,0.0,0.0,0.0,0.0,0.0,0.0,N,,N,
04:39,ADANIENT,25,2976.2,-0.64,1.29,,19.3,21.4,NORMAL,Y,0.0,6.442997830078512,19.328993490235536,0.0,0.0,15,0.0,0.0,0.0,0.0,0.0,0.0,0.0,0.0,N,,N,
04:39,APLAPOLLO,25780,2000.0,-0.63,1.26,,18.9,21.3,NORMAL,N,0.0,6.30993193223036,18.92979579669108,0.0,0.0,15,0.0,0.0,0.0,0.0,0.0,0.0,0.0,0.0,N,,N,
04:39,GRASIM,1232,3359.4,-0.62,1.25,,18.7,21.2,NORMAL,N,0.0,6.241680224818787,18.725040674456363,0.0,0.0,15,0.0,0.0,0.0,0.0,0.0,0.0,0.0,0.0,N,,N,
04:39,LGEINDIA,760213,1557.0,-0.61,1.21,,18.2,21.1,NORMAL,N,0.0,6.064474944142995,18.193424832428985,0.0,0.0,15,0.0,0.0,0.0,0.0,0.0,0.0,0.0,0.0,N,,N,
04:39,DALBHARAT,8075,1824.6,-0.6,1.2,,18.0,21.0,NORMAL,N,0.0,5.992590978426673,17.97777293528002,0.0,0.0,15,0.0,0.0,0.0,0.0,0.0,0.0,0.0,0.0,N,,N,
04:39,TRENT,1964,3008.0,-0.56,1.12,,16.9,20.6,NORMAL,N,0.0,5.619834710743801,16.8595041322314,0.0,0.0,15,0.0,0.0,0.0,0.0,0.0,0.0,0.0,0.0,N,,N,
04:39,ASIANPAINT,236,2721.0,-0.53,1.06,,15.9,20.3,NORMAL,Y,0.0,5.300676293182234,15.902028879546702,0.0,0.0,15,0.0,0.0,0.0,0.0,0.0,0.0,0.0,0.0,N,,N,
04:39,TATACOMM,3721,1737.4,-0.5,1.0,,14.9,20.0,NORMAL,Y,0.0,4.9825325010021295,14.94759750300639,0.0,0.0,15,0.0,0.0,0.0,0.0,0.0,0.0,0.0,0.0,N,,N,
04:39,RUBICON,759316,1647.0,-0.49,0.98,,14.7,19.9,NORMAL,N,0.0,4.893964110929798,14.681892332789396,0.0,0.0,15,0.0,0.0,0.0,0.0,0.0,0.0,0.0,0.0,N,,N,
04:39,HINDUNILVR,1394,2055.4,-0.46,0.92,,13.8,19.6,NORMAL,Y,0.0,4.600707056031769,13.802121168095306,0.0,0.0,15,0.0,0.0,0.0,0.0,0.0,0.0,0.0,0.0,N,,N,
04:39,BHARTIARTL,10604,1907.5,-0.4,0.8,,12.1,19.0,NORMAL,Y,0.0,4.0204678362573345,12.061403508772003,0.0,0.0,15,0.0,0.0,0.0,0.0,0.0,0.0,0.0,0.0,N,,N,
04:39,ICICIAMC,760407,3042.0,-0.4,0.8,,12.0,19.0,NORMAL,Y,0.0,3.9944993779057762,11.983498133717328,0.0,0.0,15,0.0,0.0,0.0,0.0,0.0,0.0,0.0,0.0,N,,N,
04:39,SUNPHARMA,3351,1934.8,-0.37,0.74,,11.1,18.7,NORMAL,Y,0.0,3.7075180226570783,11.122554067971235,0.0,0.0,15,0.0,0.0,0.0,0.0,0.0,0.0,0.0,0.0,N,,N,
04:39,SJVN,18883,67.02,-0.33,0.65,,9.8,18.3,NORMAL,Y,0.0,3.2718619869125356,9.815585960737605,0.0,0.0,15,0.0,0.0,0.0,0.0,0.0,0.0,0.0,0.0,N,,N,
04:39,TDPOWERSYS,25178,1473.6,15.52,31.04,,75.0,0.0,NORMAL,Y,30.0,0.0,30.0,0.0,15,0.0,0.0,0.0,0.0,0.0,0.0,0.0,0.0,0.0,N,,N,
04:39,PNB,10666,118.6,4.01,8.02,,75.0,0.0,NORMAL,Y,30.0,0.0,30.0,0.0,15,0.0,0.0,0.0,0.0,0.0,0.0,0.0,0.0,0.0,N,,N,
04:39,ZUARIIND,3827,264.25,2.3,4.61,,68.0,0.0,NORMAL,Y,23.035230352303476,0.0,30.0,0.0,15,0.0,0.0,0.0,0.0,0.0,0.0,0.0,0.0,0.0,N,,N,
04:39,INDIANB,14309,892.7,1.95,3.91,,64.5,0.0,NORMAL,Y,19.529465509365032,0.0,30.0,0.0,15,0.0,0.0,0.0,0.0,0.0,0.0,0.0,0.0,0.0,N,,N,
04:39,NIACL,399,182.71,1.86,3.72,,63.6,0.0,NORMAL,Y,18.620728103919294,0.0,30.0,0.0,15,0.0,0.0,0.0,0.0,0.0,0.0,0.0,0.0,0.0,N,,N,
04:52,TDPOWERSYS,25178,1454.9,14.06,28.11,,137.5,0.0,NORMAL,Y,30.0,0.0,30.0,0.0,15,0.0,0.0,0.0,25,0.0,20,0.0,17.50000000000009,0.0,N,,N,
04:52,NARMADA,6364,417.15,7.51,15.03,,135.8,0.0,NORMAL,Y,30.0,0.0,30.0,0.0,15,0.0,0.0,0.0,25,0.0,20,0.0,15.833333333334242,0.0,N,,N,
04:52,YUKEN,5501,854.5,6.12,12.25,,120.0,2.3,NORMAL,Y,30.0,0.0,30.0,0.0,15,0.0,0.0,0.0,25,0.0,20,0.0,0.0,2.278481012658432,N,,N,
04:52,PRICOLLTD,19631,773.4,4.92,9.84,,120.0,0.0,NORMAL,Y,30.0,0.0,30.0,0.0,15,0.0,0.0,0.0,25,0.0,20,0.0,0.0,0.0,N,,N,
04:52,VLSFINANCE,3715,273.15,4.58,9.15,,126.2,0.0,NORMAL,Y,30.0,0.0,30.0,0.0,15,0.0,0.0,0.0,25,0.0,20,0.0,6.153846153846423,0.0,N,,N,
04:52,PNB,10666,118.85,4.23,8.45,,124.0,0.0,NORMAL,Y,30.0,0.0,30.0,0.0,15,0.0,0.0,0.0,25,0.0,20,0.0,4.000000000000189,0.0,N,,N,
04:52,HINDALCO,1363,1079.95,2.94,5.88,,99.4,20.0,NORMAL,Y,29.406157658945897,0.0,30.0,0.0,15,0.0,0.0,0.0,25,0.0,0.0,20,0.0,0.0,N,,N,
04:52,BATAINDIA,371,720.0,2.88,5.76,,107.0,20.0,NORMAL,Y,28.791883975137495,0.0,30.0,0.0,15,0.0,0.0,0.0,25,0.0,0.0,20,8.205128205127547,0.0,N,,N,
04:52,RELAXO,24225,433.35,2.77,5.55,,117.7,0.0,NORMAL,Y,27.748132337246638,0.0,30.0,0.0,15,0.0,0.0,0.0,25,0.0,20,0.0,0.0,0.0,N,,N,
04:52,UNIONBANK,10753,187.28,2.62,5.24,,116.2,8.2,NORMAL,Y,26.191780821917813,0.0,30.0,0.0,15,0.0,0.0,0.0,25,0.0,20,0.0,0.0,8.235294117647845,N,,N,
04:52,TNPL,3980,158.0,2.58,5.17,,132.8,0.0,NORMAL,Y,25.84079989611732,0.0,30.0,0.0,15,0.0,0.0,0.0,25,0.0,20,0.0,16.969696969697125,0.0,N,,N,
04:52,BORORENEW,3149,576.6,2.51,5.01,,115.1,12.8,NORMAL,N,25.066666666666706,0.0,30.0,0.0,15,0.0,0.0,0.0,25,0.0,20,0.0,0.0,12.799999999999272,N,,N,
04:52,YATRA,18760,117.03,2.38,4.76,,116.2,0.0,NORMAL,Y,23.79494357449041,0.0,30.0,0.0,15,0.0,0.0,0.0,25,0.0,20,0.0,2.3999999999995225,0.0,N,,N,
04:52,BERGEPAINT,404,547.3,2.31,4.62,,102.5,20.0,NORMAL,Y,23.086269744835793,0.0,30.0,0.0,15,0.0,0.0,0.0,25,0.0,0.0,20,9.411764705881566,0.0,N,,N,
04:52,INDUSTOWER,29135,377.85,2.3,4.6,,113.0,8.6,NORMAL,Y,23.013401922295927,0.0,30.0,0.0,15,0.0,0.0,0.0,25,0.0,20,0.0,0.0,8.571428571428262,N,,N,
04:52,INDIANB,14309,895.3,2.25,4.5,,112.5,2.5,NORMAL,Y,22.498857925993526,0.0,30.0,0.0,15,0.0,0.0,0.0,25,0.0,20,0.0,0.0,2.500000000001421,N,,N,
04:52,CONCOR,4749,522.8,2.11,4.22,,111.1,1.7,NORMAL,Y,21.09374999999991,0.0,30.0,0.0,15,0.0,0.0,0.0,25,0.0,20,0.0,0.0,1.6666666666650876,N,,N,
04:52,HGINFRA,1672,559.0,2.04,4.09,,100.8,20.0,NORMAL,Y,20.445418035779568,0.0,30.0,0.0,15,0.0,0.0,0.0,25,0.0,0.0,20,10.38961038961033,0.0,N,,N,
04:52,PVRINOX,13147,1183.7,2.03,4.05,,110.3,4.1,NORMAL,Y,20.255128426133425,0.0,30.0,0.0,15,0.0,0.0,0.0,25,0.0,20,0.0,0.0,4.13793103448357,N,,N,
04:52,TVSSCS,18151,128.62,1.99,3.98,,107.0,20.0,NORMAL,N,19.903259059551225,0.0,30.0,0.0,15,0.0,0.0,0.0,25,0.0,0.0,20,17.0850202429149,0.0,N,,N,
04:52,TPLPLASTEH,9219,78.13,2.95,5.9,,119.5,20.0,NORMAL,N,29.51640532349446,0.0,30.0,0.0,15,0.0,0.0,0.0,25,0.0,20,0.0,0.0,20.0,N,,N,
04:52,MARKSANS,10579,284.2,1.88,3.76,,116.8,0.0,NORMAL,Y,18.820577164366377,0.0,30.0,0.0,15,0.0,0.0,0.0,25,0.0,20,0.0,7.999999999999751,0.0,N,,N,
04:52,HALDER,760715,270.0,1.87,3.74,,63.7,0.0,NORMAL,Y,18.714156353757843,0.0,30.0,0.0,15,0.0,0.0,0.0,0.0,0.0,0.0,0.0,0.0,0.0,N,,N,
04:52,MAHABANK,11377,81.21,2.86,5.73,,129.4,0.0,NORMAL,Y,28.625712476250676,0.0,30.0,0.0,15,0.0,0.0,0.0,25,0.0,20,0.0,10.769230769231191,0.0,N,,N,
04:52,SHIVALIK,7026,261.5,1.81,3.62,,63.1,45.0,NORMAL,Y,18.103951722795316,0.0,30.0,0.0,15,0.0,0.0,0.0,0.0,25,0.0,20,0.0,0.0,N,,N,
04:52,ZUARIIND,3827,262.85,1.76,3.52,,107.6,20.0,NORMAL,Y,17.615176151761563,0.0,30.0,0.0,15,0.0,0.0,0.0,25,0.0,0.0,20,20.0,0.0,N,,N,
04:52,SANDHAR,2397,632.45,1.69,3.38,,87.8,20.0,NORMAL,N,16.882386043894204,0.0,30.0,0.0,15,0.0,0.0,0.0,25,0.0,0.0,20,0.9090909090921305,0.0,N,,N,
04:52,EXIDEIND,676,491.5,1.69,3.37,,106.9,3.2,NORMAL,Y,16.86148753491254,0.0,30.0,0.0,15,0.0,0.0,0.0,25,0.0,20,0.0,0.0,3.1578947368414756,N,,N,
04:52,BANKBARODA,4668,250.15,1.6,3.21,,124.2,0.0,NORMAL,Y,16.043866774979758,0.0,30.0,0.0,15,0.0,0.0,0.0,25,0.0,20,0.0,18.1818181818181,0.0,N,,N,
04:52,BAJAJELEC,15034,366.0,1.57,3.14,,125.7,0.0,NORMAL,Y,15.679200777022274,0.0,30.0,0.0,15,0.0,0.0,0.0,25,0.0,20,0.0,20.0,0.0,N,,N,
04:52,CANBK,10794,132.29,1.53,3.05,,121.3,0.0,NORMAL,Y,15.272448196469538,0.0,30.0,0.0,15,0.0,0.0,0.0,25,0.0,20,0.0,16.000000000000327,0.0,N,,N,
04:52,SOUTHWEST,9678,231.58,1.47,2.94,,124.7,0.0,NORMAL,N,14.678175524690104,0.0,30.0,0.0,15,0.0,0.0,0.0,25,0.0,20,0.0,20.0,0.0,N,,N,
04:52,BANKINDIA,4745,144.93,1.42,2.84,,121.4,0.0,NORMAL,Y,14.205738278516451,0.0,30.0,0.0,15,0.0,0.0,0.0,25,0.0,20,0.0,17.2413793103453,0.0,N,,N,
04:52,WINDMACHIN,24969,306.7,1.35,2.71,,108.8,0.0,NORMAL,Y,13.549239920687262,0.0,30.0,0.0,15,0.0,0.0,0.0,25,0.0,20,0.0,5.263157894736905,0.0,N,,N,
04:52,NIACL,399,181.8,1.35,2.71,,83.5,28.4,NORMAL,Y,13.547415955845496,0.0,30.0,0.0,15,0.0,0.0,0.0,25,0.0,0.0,20,0.0,8.4375000000005,N,,N,
04:52,JAINREC,759244,301.7,1.33,2.65,,101.4,20.0,NORMAL,N,13.266162888329097,0.0,30.0,0.0,15,0.0,0.0,0.0,25,0.0,0.0,20,18.181818181817807,0.0,N,,N,
04:52,SBIN,3045,1079.4,1.26,2.51,,113.2,0.0,NORMAL,Y,12.57035647279558,0.0,30.0,0.0,15,0.0,0.0,0.0,25,0.0,20,0.0,10.66666666666606,0.0,N,,N,
04:52,BHEL,438,408.05,1.25,2.51,,82.5,23.5,NORMAL,N,12.531017369727076,0.0,30.0,0.0,15,0.0,0.0,0.0,25,0.0,0.0,20,0.0,3.529411764705489,N,,N,
04:52,MSTCLTD,9356,578.15,1.25,2.5,,102.5,20.0,NORMAL,N,12.521891418563884,0.0,30.0,0.0,15,0.0,0.0,0.0,25,0.0,0.0,20,20.0,0.0,N,,N,
04:52,PETRONET,11351,280.4,1.23,2.45,,102.3,13.3,NORMAL,Y,12.274368231046848,0.0,30.0,0.0,15,0.0,0.0,0.0,25,0.0,20,0.0,0.0,13.33333333333207,N,,N,
04:52,SCI,3048,297.25,1.12,2.25,,116.2,0.0,NORMAL,Y,11.22639904745709,0.0,30.0,0.0,15,0.0,0.0,0.0,25,0.0,20,0.0,14.999999999998579,0.0,N,,N,
04:52,MEESHO,760229,192.52,1.11,2.22,,81.1,25.8,NORMAL,Y,11.081350769392436,0.0,30.0,0.0,15,0.0,0.0,0.0,25,0.0,0.0,20,0.0,5.833333333332544,N,,N,
04:52,HINDZINC,1424,593.1,1.1,2.2,,93.5,20.0,NORMAL,Y,10.99463052927648,0.0,30.0,0.0,15,0.0,0.0,0.0,25,0.0,0.0,20,12.499999999999527,0.0,N,,N,
04:52,TRIVENI,13081,241.0,1.09,2.18,,100.9,9.9,NORMAL,Y,10.906040268456353,0.0,30.0,0.0,15,0.0,0.0,0.0,25,0.0,20,0.0,0.0,9.873417721518742,N,,N,
04:52,UPL,11287,573.7,1.0,2.01,,100.0,5.0,NORMAL,N,10.035211267605716,0.0,30.0,0.0,15,0.0,0.0,0.0,25,0.0,20,0.0,0.0,4.999999999995737,N,,N,
04:52,TMCV,759782,454.55,1.0,2.0,,80.0,32.4,NORMAL,Y,9.998889012331961,0.0,29.996667036995884,0.0,15,0.0,0.0,0.0,25,0.0,0.0,20,0.0,12.380952380952897,N,,N,
04:52,SCHNEIDER,31234,1417.0,0.98,1.95,,102.4,0.0,NORMAL,Y,9.762702201952573,0.0,29.288106605857717,0.0,15,0.0,0.0,0.0,25,0.0,20,0.0,3.3333333333326114,0.0,N,,N,
04:52,JMFINANCIL,13637,127.4,0.97,1.95,,79.0,20.9,NORMAL,Y,9.748751684235586,0.0,29.24625505270676,0.0,15,0.0,0.0,0.0,25,0.0,0.0,20,0.0,0.9090909090900283,N,,N,
04:52,TIMETECHNO,14707,209.27,0.96,1.92,,111.6,0.0,NORMAL,Y,9.600540331918221,0.0,28.801620995754664,0.0,15,0.0,0.0,0.0,25,0.0,20,0.0,13.18181818181918,0.0,N,,N,
04:52,VGUARD,15362,327.4,0.96,1.91,,98.2,3.3,NORMAL,Y,9.559050262102886,0.0,28.67715078630866,0.0,15,0.0,0.0,0.0,25,0.0,20,0.0,0.0,3.333333333333965,N,,N,
04:52,BEML,395,1939.0,1.93,3.86,,109.3,9.9,NORMAL,Y,19.29243547284868,0.0,30.0,0.0,15,0.0,0.0,0.0,25,0.0,20,0.0,0.0,9.855072463767915,N,,N,
04:52,HSCL,14334,762.45,0.92,1.84,,99.7,0.0,NORMAL,Y,9.199205823957705,0.0,27.597617471873114,0.0,15,0.0,0.0,0.0,25,0.0,20,0.0,2.8571428571433213,0.0,N,,N,
04:53,M&MFIN,13285,402.4,0.9,1.81,,76.1,20.0,NORMAL,Y,9.027081243731107,0.0,27.08124373119332,0.0,15,0.0,0.0,0.0,25,0.0,0.0,20,0.0,0.0,N,,N,
04:53,MASFIN,199,302.8,0.9,1.8,,99.7,0.0,NORMAL,N,8.997000999666739,0.0,26.99100299900022,0.0,15,0.0,0.0,0.0,25,0.0,20,0.0,3.7037037037037974,0.0,N,,N,
04:53,BIOCON,11373,429.8,0.89,1.78,,95.7,5.7,NORMAL,Y,8.920187793427257,0.0,26.760563380281774,0.0,15,0.0,0.0,0.0,25,0.0,20,0.0,0.0,5.714285714287106,N,,N,
04:53,GSFC,1247,162.72,0.86,1.71,,94.2,20.0,NORMAL,Y,8.553365563406443,0.0,25.66009669021933,0.0,15,0.0,0.0,0.0,25,0.0,20,0.0,0.0,20.0,N,,N,
04:53,WIPL,20481,169.9,0.83,1.66,,48.2,0.0,NORMAL,Y,8.308605341246325,0.0,24.925816023738975,0.0,15,0.0,0.0,0.0,0.0,0.0,0.0,0.0,0.0,0.0,N,,N,
04:53,INDOCO,11677,218.12,0.73,1.47,,69.4,40.0,NORMAL,N,7.343093335796442,0.0,22.029280007389325,0.0,15,0.0,0.0,0.0,25,0.0,0.0,20,0.0,20.0,N,,N,
04:53,WALCHANNAG,3736,234.5,0.73,1.46,,84.0,20.0,NORMAL,N,7.302405498281738,0.0,21.907216494845212,0.0,15,0.0,0.0,0.0,25,0.0,0.0,20,14.74747474747483,0.0,N,,N,
04:53,APCL,20453,105.02,0.72,1.44,,63.6,45.0,NORMAL,Y,7.192864678239187,0.0,21.57859403471756,0.0,15,0.0,0.0,0.0,0.0,25,0.0,20,19.817351598173552,0.0,N,,Y,NONRESULTS
04:53,SYNGENE,10243,410.0,0.68,1.35,,87.0,18.0,NORMAL,Y,6.7526089625537145,0.0,20.257826887661142,0.0,15,0.0,0.0,0.0,25,0.0,20,0.0,0.0,17.999999999999545,N,,N,
04:53,APLLTD,25328,844.2,0.64,1.28,,65.5,31.4,NORMAL,Y,6.3777791023425205,0.0,19.13333730702756,0.0,15,0.0,0.0,0.0,25,0.0,0.0,20,0.0,11.428571428571427,N,,N,
04:53,PNBHOUSING,18908,1149.3,0.63,1.26,,85.2,6.3,NORMAL,Y,6.304176516942515,0.0,18.912529550827543,0.0,15,0.0,0.0,0.0,25,0.0,20,0.0,0.0,6.250000000000355,N,,N,
04:53,CHEMPLASTS,5449,172.76,0.63,1.26,,74.0,20.0,NORMAL,N,6.290773532152749,0.0,18.87232059645825,0.0,15,0.0,0.0,0.0,25,0.0,0.0,20,8.857142857143065,0.0,N,,N,
04:53,JSWINFRA,19020,344.0,0.63,1.26,,85.2,9.2,NORMAL,Y,6.289308176100562,0.0,18.867924528301685,0.0,15,0.0,0.0,0.0,25,0.0,20,0.0,0.0,9.230769230769903,N,,N,
04:53,GROWW,759806,194.68,0.61,1.22,,99.4,0.0,NORMAL,N,6.098191214470319,0.0,18.294573643410956,0.0,15,0.0,0.0,0.0,25,0.0,20,0.0,15.0,0.0,N,,N,
04:53,BLS,17279,262.35,0.57,1.14,,76.0,20.0,NORMAL,Y,5.711876102123779,0.0,17.135628306371338,0.0,15,0.0,0.0,0.0,25,0.0,0.0,20,13.129770992366598,0.0,N,,N,
04:53,MOIL,20830,281.0,0.55,1.11,,73.7,20.0,NORMAL,Y,5.546609411343751,0.0,16.639828234031253,0.0,15,0.0,0.0,0.0,25,0.0,0.0,20,11.499999999999773,0.0,N,,N,
04:53,SYMPHONY,24190,644.7,0.55,1.11,,70.8,20.0,NORMAL,N,5.536925836387848,0.0,16.610777509163544,0.0,15,0.0,0.0,0.0,25,0.0,0.0,20,8.695652173912356,0.0,N,,N,
04:53,LICI,9480,408.2,0.54,1.08,,81.7,14.6,NORMAL,N,5.418719211822633,0.0,16.256157635467897,0.0,15,0.0,0.0,0.0,25,0.0,20,0.0,0.0,14.634146341463335,N,,N,
04:53,SBICARD,17971,653.5,0.53,1.06,,81.2,2.4,NORMAL,Y,5.307284055072758,0.0,15.921852165218272,0.0,15,0.0,0.0,0.0,25,0.0,20,0.0,0.0,2.3529411764710604,N,,N,
04:53,SIS,21501,439.75,0.5,1.01,,75.1,20.0,NORMAL,Y,5.027996800365646,0.0,15.083990401096939,0.0,15,0.0,0.0,0.0,25,0.0,0.0,20,15.0,0.0,N,,N,
04:53,JINDALSTEL,6733,1100.5,0.5,1.0,,99.5,0.0,NORMAL,Y,5.0228310502283104,0.0,15.068493150684931,0.0,15,0.0,0.0,0.0,25,0.0,20,0.0,19.444444444443707,0.0,N,,N,
04:53,IOC,1624,140.69,0.49,0.99,,72.4,20.0,NORMAL,N,4.928571428571412,0.0,14.785714285714237,0.0,15,0.0,0.0,0.0,25,0.0,0.0,20,12.72727272726991,0.0,N,,N,
04:53,SHARDAMOTR,10530,881.05,0.47,0.95,,58.9,40.0,NORMAL,N,4.732580681947745,0.0,14.197742045843235,0.0,15,0.0,0.0,0.0,25,0.0,0.0,20,0.0,20.0,N,,N,
04:53,VARROC,3857,846.0,0.46,0.91,,58.3,33.9,NORMAL,Y,4.571632132043012,0.0,13.714896396129038,0.0,15,0.0,0.0,0.0,25,0.0,0.0,20,0.0,13.913043478262331,N,,N,
04:53,PENIND,20621,160.0,0.43,0.87,,77.3,20.0,NORMAL,N,4.331178206013418,0.0,12.993534618040256,0.0,15,0.0,0.0,0.0,25,0.0,0.0,20,20.0,0.0,N,,N,
04:53,AEGISLOG,40,1303.0,0.42,0.83,,76.6,12.7,NORMAL,N,4.161528976572204,0.0,12.484586929716611,0.0,15,0.0,0.0,0.0,25,0.0,20,0.0,0.0,12.682926829268537,N,,N,
04:53,LENSKART,759605,591.65,0.42,0.83,,76.6,3.3,NORMAL,Y,4.158180583842382,0.0,12.474541751527147,0.0,15,0.0,0.0,0.0,25,0.0,20,0.0,0.0,3.3333333333329125,N,,N,
04:53,USHAMART,8840,511.9,0.39,0.78,,73.4,20.0,NORMAL,Y,3.9223377132771136,0.0,11.76701313983134,0.0,15,0.0,0.0,0.0,25,0.0,0.0,20,17.69230769230719,0.0,N,,N,
04:53,LTFOODS,13816,420.9,0.38,0.76,,76.1,0.0,NORMAL,Y,3.815883615549644,0.0,11.447650846648932,0.0,15,0.0,0.0,0.0,25,0.0,20,0.0,0.8333333333325833,0.0,N,,N,
04:53,ELGIEQUIP,937,576.0,0.37,0.75,,61.7,20.0,NORMAL,N,3.7466236821468626,0.0,11.239871046440587,0.0,15,0.0,0.0,0.0,25,0.0,0.0,20,6.666666666666666,0.0,N,,N,
04:53,ANANTRAJ,13620,608.45,0.36,0.73,,54.5,24.6,NORMAL,Y,3.6288659793815183,0.0,10.886597938144554,0.0,15,0.0,0.0,0.0,25,0.0,0.0,20,0.0,4.6153846153858265,N,,N,
04:53,WELSPUNLIV,11253,160.21,0.34,0.69,,53.8,35.6,NORMAL,N,3.4448202430164807,0.0,10.334460729049443,0.0,15,0.0,0.0,0.0,25,0.0,0.0,20,0.0,15.555555555555323,N,,N,
04:53,ASHOKLEY,212,175.43,0.34,0.69,,53.7,20.9,NORMAL,Y,3.4319052794142557,0.0,10.295715838242767,0.0,15,0.0,0.0,0.0,25,0.0,0.0,20,0.0,0.9090909090926708,N,,N,
04:53,SHRIRAMFIN,4306,1133.6,0.33,0.65,,73.1,12.9,NORMAL,Y,3.274626073103654,0.0,9.823878219310961,0.0,15,0.0,0.0,0.0,25,0.0,20,0.0,0.0,12.903225806451992,N,,N,
04:53,UFLEX,1053,498.65,0.32,0.64,,52.9,30.0,NORMAL,Y,3.2189920531133,0.0,9.656976159339901,0.0,15,0.0,0.0,0.0,25,0.0,0.0,20,0.0,10.00000000000071,N,,N,
04:53,ASTRAL,14418,1429.4,0.32,0.63,,67.8,20.0,NORMAL,Y,3.1581163590427397,0.0,9.474349077128219,0.0,15,0.0,0.0,0.0,25,0.0,0.0,20,15.199999999998909,0.0,N,,Y,NONRESULTS
04:53,APOLLOTYRE,163,444.35,0.3,0.61,,54.9,20.0,NORMAL,Y,3.0474040632054686,0.0,9.142212189616407,0.0,15,0.0,0.0,0.0,25,0.0,0.0,20,2.6666666666672727,0.0,N,,N,
04:53,MFSL,2142,1517.7,1.25,2.49,,102.5,4.8,NORMAL,N,12.47498332221484,0.0,30.0,0.0,15,0.0,0.0,0.0,25,0.0,20,0.0,0.0,4.761904761904968,N,,N,
04:53,IPCALAB,1633,1767.5,1.09,2.18,,100.9,7.4,NORMAL,Y,10.924273621596836,0.0,30.0,0.0,15,0.0,0.0,0.0,25,0.0,20,0.0,0.0,7.407407407407282,N,,N,
04:53,LTTS,18564,3622.2,1.08,2.17,,80.8,31.9,NORMAL,Y,10.82770553105981,0.0,30.0,0.0,15,0.0,0.0,0.0,25,0.0,0.0,20,0.0,11.914893617021358,N,,N,
04:53,AJANTPHARM,8124,3544.0,1.08,2.16,,100.8,10.2,NORMAL,Y,10.780902401460324,0.0,30.0,0.0,15,0.0,0.0,0.0,25,0.0,20,0.0,0.0,10.243902439024172,N,,N,
04:53,WELCORP,11821,1856.6,1.07,2.14,,86.7,20.0,NORMAL,Y,10.724590342424637,0.0,30.0,0.0,15,0.0,0.0,0.0,25,0.0,0.0,20,6.000000000001364,0.0,N,,N,
04:53,PNBGILTS,8736,80.89,0.95,1.9,,86.3,20.0,NORMAL,N,9.484587545239052,0.0,28.453762635717155,0.0,15,0.0,0.0,0.0,25,0.0,0.0,20,8.333333333333663,0.0,N,,N,
04:53,ESCORTS,958,3109.1,0.88,1.75,,75.0,31.9,NORMAL,Y,8.760260861101198,0.0,26.280782583303594,0.0,15,0.0,0.0,0.0,25,0.0,0.0,20,0.0,11.851851851850979,N,,N,
04:53,HYUNDAI,25844,2216.1,0.73,1.46,,89.3,0.0,NORMAL,Y,7.3181818181817775,0.0,21.954545454545332,0.0,15,0.0,0.0,0.0,25,0.0,20,0.0,0.0,0.0,N,,N,
04:53,NESTLEIND,17963,1503.9,0.72,1.43,,68.7,32.7,NORMAL,Y,7.165818376640802,0.0,21.497455129922407,0.0,15,0.0,0.0,0.0,25,0.0,0.0,20,0.0,12.727272727267842,N,,N,
04:53,ZFCVINDIA,16915,2633.7,0.72,1.43,,91.2,0.0,NORMAL,Y,7.151051625238936,0.0,21.45315487571681,0.0,15,0.0,0.0,0.0,25,0.0,20,0.0,2.6086956521735694,0.0,N,,N,
04:53,RATNAMANI,13451,2270.9,0.71,1.41,,88.2,1.6,NORMAL,N,7.0509977827051395,0.0,21.15299334811542,0.0,15,0.0,0.0,0.0,25,0.0,20,0.0,0.0,1.5999999999985448,N,,N,
04:53,SUPREMEINF,15002,86.06,0.7,1.4,,68.1,20.0,NORMAL,Y,7.020828457758116,0.0,21.06248537327435,0.0,15,0.0,0.0,0.0,25,0.0,0.0,20,0.0,0.0,N,,N,
04:53,ZODIACLOTH,3821,77.79,0.7,1.4,,43.0,0.0,NORMAL,Y,6.990291262136004,0.0,20.97087378640801,0.0,15,0.0,0.0,0.0,0.0,0.0,0.0,0.0,0.0,0.0,N,,N,
04:53,CREDITACC,4421,1551.0,0.69,1.39,,67.8,35.0,NORMAL,Y,6.946698695059434,0.0,20.8400960851783,0.0,15,0.0,0.0,0.0,25,0.0,0.0,20,0.0,14.999999999997158,N,,N,
04:53,SKFINDIA,3186,1533.1,0.68,1.37,,107.3,0.0,NORMAL,Y,6.829973074144522,0.0,20.489919222433567,0.0,15,0.0,0.0,0.0,25,0.0,20,0.0,20.0,0.0,N,,N,
04:53,IDBI,1476,82.92,0.58,1.16,,75.0,20.0,NORMAL,N,5.822416302765696,0.0,17.467248908297087,0.0,15,0.0,0.0,0.0,25,0.0,0.0,20,11.666666666667457,0.0,N,,N,
04:53,AETHER,9810,1641.9,0.47,0.94,,78.8,15.9,NORMAL,Y,4.711785583159983,0.0,14.135356749479952,0.0,15,0.0,0.0,0.0,25,0.0,20,0.0,0.0,15.918367346938851,N,,N,
04:53,NITTAGELA,762824,1618.9,0.43,0.87,,75.6,20.0,NORMAL,N,4.342701160121596,0.0,13.028103480364788,0.0,15,0.0,0.0,0.0,25,0.0,0.0,20,18.23529411764604,0.0,N,,N,
04:53,INOXWIND,7852,74.67,0.36,0.73,,85.3,0.0,NORMAL,N,3.6290322580644627,0.0,10.887096774193386,0.0,15,0.0,0.0,0.0,25,0.0,20,0.0,10.769230769232284,0.0,N,,N,
04:53,PIDILITIND,2664,1691.3,0.33,0.65,,76.1,0.0,NORMAL,Y,3.2625459722386996,0.0,9.787637916716099,0.0,15,0.0,0.0,0.0,25,0.0,20,0.0,2.9999999999995453,0.0,N,,N,
04:53,GODREJCP,10099,926.7,-9.59,19.18,,55.0,72.5,NORMAL,Y,0.0,30.0,30.0,0.0,0.0,15,0.0,0.0,25,0.0,0.0,20,0.0,7.4999999999992895,N,,N,
04:53,JUBLPHARMA,3637,906.35,-6.08,12.16,,55.0,81.0,NORMAL,Y,0.0,30.0,30.0,0.0,0.0,15,0.0,0.0,25,0.0,0.0,20,0.0,15.99999999999909,N,,N,
04:53,TECHNOE,6445,994.45,-6.01,12.02,,65.7,65.0,NORMAL,Y,0.0,30.0,30.0,0.0,0.0,15,0.0,0.0,25,0.0,0.0,20,10.707070707070516,0.0,N,,N,
04:53,BALRAMCHIN,341,594.15,-5.36,10.72,,61.8,65.0,NORMAL,Y,0.0,30.0,30.0,0.0,0.0,15,0.0,0.0,25,0.0,0.0,20,6.842105263158934,0.0,N,,N,
04:53,RHIM,31163,393.4,-5.33,10.66,,55.0,80.1,NORMAL,Y,0.0,30.0,30.0,0.0,0.0,15,0.0,0.0,25,0.0,0.0,20,0.0,15.111111111111011,N,,N,
04:53,RAMCOSYS,7851,620.3,-4.93,9.87,,30.0,90.0,NORMAL,Y,0.0,30.0,30.0,0.0,0.0,15,0.0,0.0,0.0,25,0.0,20,0.0,0.0,N,,N,
04:53,HISARMETAL,19322,148.1,-4.69,9.37,,30.0,90.0,NORMAL,Y,0.0,30.0,30.0,0.0,0.0,15,0.0,0.0,0.0,25,0.0,20,0.0,0.0,N,,N,
04:53,FORTIS,14592,898.8,-3.89,7.78,,55.0,75.6,NORMAL,Y,0.0,30.0,30.0,0.0,0.0,15,0.0,0.0,25,0.0,0.0,20,0.0,10.588235294117096,N,,N,
04:53,DEVYANI,5373,137.51,-3.7,7.4,,66.4,65.0,NORMAL,N,0.0,30.0,30.0,0.0,0.0,15,0.0,0.0,25,0.0,0.0,20,11.428571428570963,0.0,N,,N,
04:53,AIIL,23553,553.0,-3.57,7.13,,55.0,68.2,NORMAL,Y,0.0,30.0,30.0,0.0,0.0,15,0.0,0.0,25,0.0,0.0,20,0.0,3.1999999999989086,N,,N,
04:53,SAPPHIRE,6718,228.33,-3.26,6.52,,55.0,73.0,NORMAL,N,0.0,30.0,30.0,0.0,0.0,15,0.0,0.0,25,0.0,0.0,20,0.0,7.966101694915189,N,,N,
04:53,AVANTIFEED,7936,834.05,-2.99,5.99,,42.1,89.9,NORMAL,Y,0.0,29.948825308211216,30.0,0.0,0.0,15,0.0,0.0,0.0,25,0.0,20,12.134831460674238,0.0,N,,N,
04:53,ASTERDM,1508,829.85,-2.93,5.86,,56.4,64.3,NORMAL,Y,0.0,29.301672710258458,30.0,0.0,0.0,15,0.0,0.0,25,0.0,0.0,20,1.4285714285717765,0.0,N,,N,
04:53,OMNI,760865,583.0,-2.55,5.1,,69.4,60.5,NORMAL,Y,0.0,25.491015461763478,30.0,0.0,0.0,15,0.0,0.0,25,0.0,0.0,20,14.418604651162521,0.0,N,,N,
04:53,JYOTHYLAB,15146,198.9,-2.52,5.04,,64.7,60.2,NORMAL,Y,0.0,25.191138992354375,30.0,0.0,0.0,15,0.0,0.0,25,0.0,0.0,20,9.696969696969123,0.0,N,,N,
04:53,BECTORFOOD,1628,234.72,-2.45,4.9,,68.5,59.5,NORMAL,N,0.0,24.51999002576679,30.0,0.0,0.0,15,0.0,0.0,25,0.0,0.0,20,13.52941176470598,0.0,N,,N,
04:53,EPACKPEB,759251,241.1,-2.45,4.9,,73.5,59.5,NORMAL,Y,0.0,24.479061298806435,30.0,0.0,0.0,15,0.0,0.0,25,0.0,0.0,20,18.461538461538126,0.0,N,,N,
04:53,MAXHEALTH,22377,1014.8,-2.42,4.85,,55.0,72.6,NORMAL,Y,0.0,24.230769230769276,30.0,0.0,0.0,15,0.0,0.0,25,0.0,0.0,20,0.0,13.333333333333332,N,,N,
04:53,ADANIGREEN,3563,1334.2,-2.33,4.66,,55.0,69.6,NORMAL,Y,0.0,23.27964860907757,30.0,0.0,0.0,15,0.0,0.0,25,0.0,0.0,20,0.0,11.351351351351948,N,,N,
04:53,PSPPROJECT,20877,913.0,-2.3,4.6,,74.0,58.0,NORMAL,Y,0.0,23.006955591225253,30.0,0.0,0.0,15,0.0,0.0,25,0.0,0.0,20,19.04761904761781,0.0,N,,N,
04:53,MEDANTA,11956,1408.1,-2.24,4.48,,30.0,82.4,NORMAL,N,0.0,22.42432657595125,30.0,0.0,0.0,15,0.0,0.0,0.0,25,0.0,20,0.0,0.0,N,,N,
04:53,KNRCON,15283,133.81,-2.21,4.43,,55.0,59.1,NORMAL,N,0.0,22.14264834843614,30.0,0.0,0.0,15,0.0,0.0,25,0.0,0.0,20,0.0,2.0000000000008527,N,,N,
04:53,REDINGTON,14255,346.75,-2.2,4.4,,55.0,77.0,NORMAL,N,0.0,21.999717952333977,30.0,0.0,0.0,15,0.0,0.0,25,0.0,0.0,20,0.0,20.0,N,,N,
04:53,MATRIMONY,21726,525.3,-2.2,4.39,,75.0,57.0,NORMAL,N,0.0,21.969838018991002,30.0,0.0,0.0,15,0.0,0.0,25,0.0,20,0.0,0.0,20.0,N,,N,
04:53,GREAVESCOT,1235,193.5,-2.16,4.33,,55.0,59.4,NORMAL,Y,0.0,21.640206289816977,30.0,0.0,0.0,15,0.0,0.0,25,0.0,0.0,20,0.0,2.7272727272728448,N,,N,
04:53,QUICKHEAL,13131,148.1,-2.15,4.31,,30.0,81.5,NORMAL,Y,0.0,21.538054968287653,30.0,0.0,0.0,15,0.0,0.0,0.0,25,0.0,20,0.0,0.0,N,,N,
04:53,PDSL,5264,368.6,-2.1,4.2,,67.5,56.0,NORMAL,N,0.0,20.982735723771523,30.0,0.0,0.0,15,0.0,0.0,25,0.0,0.0,20,12.499999999998934,0.0,N,,N,
04:53,TEJASNET,21131,522.45,-2.09,4.18,,55.0,73.3,NORMAL,Y,0.0,20.895802098950483,30.0,0.0,0.0,15,0.0,0.0,25,0.0,0.0,20,0.0,17.39130434782643,N,,N,
04:53,ERIS,21154,1362.0,-2.04,4.07,,56.1,55.4,NORMAL,Y,0.0,20.355318995900134,30.0,0.0,0.0,15,0.0,0.0,25,0.0,0.0,20,1.1111111111101286,0.0,N,,N,
04:53,PATANJALI,17029,345.85,-2.03,4.05,,65.8,55.3,NORMAL,Y,0.0,20.254957507082086,30.0,0.0,0.0,15,0.0,0.0,25,0.0,0.0,20,10.769230769230905,0.0,N,,N,
04:53,ROLEXRINGS,5279,173.7,-2.02,4.05,,55.0,56.3,NORMAL,N,0.0,20.24930904168314,30.0,0.0,0.0,15,0.0,0.0,25,0.0,0.0,20,0.0,1.0526315789479197,N,,N,
04:53,UNICHEMLAB,3579,562.2,-2.02,4.04,,55.0,62.2,NORMAL,N,0.0,20.21610317183672,30.0,0.0,0.0,15,0.0,0.0,25,0.0,0.0,20,0.0,6.944444444444401,N,,N,
04:53,EMSLIMITED,18593,386.0,-2.01,4.01,,75.0,55.1,NORMAL,Y,0.0,20.055851739020003,30.0,0.0,0.0,15,0.0,0.0,25,0.0,0.0,20,20.0,0.0,N,,N,
04:53,PIIND,24184,2623.5,-3.9,7.8,,55.0,74.8,NORMAL,Y,0.0,30.0,30.0,0.0,0.0,15,0.0,0.0,25,0.0,0.0,20,0.0,9.848484848484985,N,,N,
04:53,LLOYDSME,17313,1918.1,-3.43,6.86,,65.9,65.0,NORMAL,Y,0.0,30.0,30.0,0.0,0.0,15,0.0,0.0,25,0.0,0.0,20,10.940170940170663,0.0,N,,N,
04:53,LUMAXTECH,14014,2010.6,-3.16,6.33,,70.5,65.0,NORMAL,N,0.0,30.0,30.0,0.0,0.0,15,0.0,0.0,25,0.0,0.0,20,15.479452054794557,0.0,N,,N,
04:53,360ONE,13061,1145.4,-1.93,3.87,,62.5,54.3,NORMAL,Y,0.0,19.349315068493073,30.0,0.0,0.0,15,0.0,0.0,25,0.0,0.0,20,7.500000000000474,0.0,N,,N,
04:53,NAUKRI,13751,1334.5,-1.88,3.75,,70.5,53.8,NORMAL,N,0.0,18.75,30.0,0.0,0.0,15,0.0,0.0,25,0.0,0.0,20,15.500000000000114,0.0,N,,N,
04:53,PTC,11355,168.73,-1.87,3.75,,61.2,53.7,NORMAL,N,0.0,18.726373945914503,30.0,0.0,0.0,15,0.0,0.0,25,0.0,0.0,20,6.249999999998002,0.0,N,,N,
04:53,INTELLECT,5926,710.1,-1.87,3.74,,61.3,53.7,NORMAL,Y,0.0,18.724521522835563,30.0,0.0,0.0,15,0.0,0.0,25,0.0,0.0,20,6.250000000000355,0.0,N,,N,
04:53,M&M,2031,3416.0,-2.87,5.74,,55.0,75.3,NORMAL,N,0.0,28.717657094114298,30.0,0.0,0.0,15,0.0,0.0,25,0.0,0.0,20,0.0,11.627906976744924,N,,N,
04:53,GODREJIND,10925,1265.8,-1.86,3.72,,55.0,66.3,NORMAL,Y,0.0,18.6075360521011,30.0,0.0,0.0,15,0.0,0.0,25,0.0,0.0,20,0.0,12.682926829269238,N,,N,
04:53,MAXESTATES,19646,418.85,-1.83,3.66,,55.0,73.3,NORMAL,N,0.0,18.28196413922408,30.0,0.0,0.0,15,0.0,0.0,25,0.0,0.0,20,0.0,20.0,N,,N,
04:53,LUXIND,11301,1226.1,-1.82,3.64,,55.0,72.3,NORMAL,Y,0.0,18.17745035233828,30.0,0.0,0.0,15,0.0,0.0,25,0.0,0.0,20,0.0,19.07692307692322,N,,N,
04:53,ABDL,24308,608.6,-1.81,3.61,,58.2,53.1,NORMAL,Y,0.0,18.070345272668494,30.0,0.0,0.0,15,0.0,0.0,25,0.0,0.0,20,3.214285714285279,0.0,N,,N,
04:53,BRIGADE,15184,594.2,-1.8,3.6,,55.0,68.7,NORMAL,N,0.0,18.013551479094325,30.0,0.0,0.0,15,0.0,0.0,25,0.0,0.0,20,0.0,15.714285714285946,N,,N,
04:53,HIKAL,9668,214.27,-1.7,3.4,,66.4,52.0,NORMAL,Y,0.0,17.019910083493805,30.0,0.0,0.0,15,0.0,0.0,25,0.0,0.0,20,11.428571428570963,0.0,N,,N,
04:53,VAIBHAVGBL,11364,233.65,-1.68,3.37,,58.1,51.8,NORMAL,Y,0.0,16.83147485798443,30.0,0.0,0.0,15,0.0,0.0,25,0.0,0.0,20,3.076923076922875,0.0,N,,N,
04:53,SURYODAY,2970,161.0,-1.63,3.25,,58.2,51.3,NORMAL,Y,0.0,16.253207869974318,30.0,0.0,0.0,15,0.0,0.0,25,0.0,0.0,20,3.1578947368422625,0.0,N,,N,
04:53,RSYSTEMS,13414,241.0,-1.61,3.23,,55.0,51.1,NORMAL,Y,0.0,16.125739946927897,30.0,0.0,0.0,15,0.0,0.0,25,0.0,0.0,20,0.0,0.0,N,,N,
04:53,FSL,14304,275.2,-1.57,3.15,,55.0,56.7,NORMAL,Y,0.0,15.736766809728303,30.0,0.0,0.0,15,0.0,0.0,25,0.0,0.0,20,0.0,5.9999999999990905,N,,N,
04:53,RAMKY,20134,390.05,-1.56,3.13,,55.0,50.6,NORMAL,Y,0.0,15.646687697160855,30.0,0.0,0.0,15,0.0,0.0,25,0.0,0.0,20,0.0,0.0,N,,N,
04:53,RUPA,25724,156.28,-1.56,3.12,,30.0,79.3,NORMAL,Y,0.0,15.621063240110796,30.0,0.0,0.0,15,0.0,0.0,0.0,25,0.0,20,0.0,3.70370370370269,N,,N,
04:53,ZUARI,29050,221.9,-1.56,3.12,,73.3,50.6,NORMAL,Y,0.0,15.615295892112421,30.0,0.0,0.0,15,0.0,0.0,25,0.0,0.0,20,18.33333333333452,0.0,N,,N,
04:53,EXICOM,22947,141.73,-1.54,3.08,,62.9,50.4,NORMAL,Y,0.0,15.42202153525529,30.0,0.0,0.0,15,0.0,0.0,25,0.0,0.0,20,7.945205479451948,0.0,N,,N,
04:53,UNOMINDA,14154,1255.4,-1.54,3.07,,55.0,54.7,NORMAL,N,0.0,15.372549019607773,30.0,0.0,0.0,15,0.0,0.0,25,0.0,0.0,20,0.0,4.285714285714054,N,,N,
04:53,JUBLFOOD,18096,480.7,-1.54,3.07,,55.0,57.4,NORMAL,N,0.0,15.36255632937321,30.0,0.0,0.0,15,0.0,0.0,25,0.0,0.0,20,0.0,6.999999999999318,N,,N,
04:53,GMRAIRPORT,13528,103.5,-1.53,3.06,,65.7,50.3,NORMAL,Y,0.0,15.317286652078769,30.0,0.0,0.0,15,0.0,0.0,25,0.0,0.0,20,10.666666666666035,0.0,N,,N,
04:53,WINDLAS,5366,928.85,-1.51,3.02,,68.3,50.1,NORMAL,N,0.0,15.109744459760366,30.0,0.0,0.0,15,0.0,0.0,25,0.0,0.0,20,13.333333333333965,0.0,N,,N,
04:53,KALYANKJIL,2955,593.2,-1.49,2.99,,71.0,49.9,NORMAL,N,0.0,14.945200929923612,30.0,0.0,0.0,15,0.0,0.0,25,0.0,0.0,20,16.000000000000227,0.0,N,,N,
04:53,ABMKNO,762528,195.0,-1.49,2.98,,30.0,29.9,NORMAL,Y,0.0,14.902753220510174,30.0,0.0,0.0,15,0.0,0.0,0.0,0.0,0.0,0.0,0.0,0.0,N,,N,
04:53,RAYMOND,2859,615.0,-1.49,2.98,,55.0,57.9,NORMAL,N,0.0,14.896684286400696,30.0,0.0,0.0,15,0.0,0.0,25,0.0,0.0,20,0.0,7.999999999999545,N,,N,
04:53,PREMIERENE,25049,1034.4,-1.49,2.97,,30.0,90.6,NORMAL,Y,0.0,14.85714285714277,30.0,0.0,0.0,15,0.0,0.0,0.0,25,0.0,20,0.0,15.78947368420977,N,,N,
04:53,ANGELONE,324,287.1,-1.48,2.95,,55.0,63.1,NORMAL,Y,0.0,14.75634866163334,30.0,0.0,0.0,15,0.0,0.0,25,0.0,0.0,20,0.0,13.333333333332973,N,,N,
04:53,WSTCSTPAPR,3799,588.3,-1.47,2.95,,70.2,49.7,NORMAL,N,0.0,14.737899849271592,30.0,0.0,0.0,15,0.0,0.0,25,0.0,0.0,20,15.229357798164926,0.0,N,,N,
04:53,SONATSOFTW,6596,329.0,-1.47,2.94,,67.9,49.7,NORMAL,N,0.0,14.675052410901401,30.0,0.0,0.0,15,0.0,0.0,25,0.0,0.0,20,12.941176470588156,0.0,N,,N,
04:53,EIDPARRY,916,776.95,-1.46,2.93,,55.0,62.9,NORMAL,Y,0.0,14.648065948002477,30.0,0.0,0.0,15,0.0,0.0,25,0.0,0.0,20,0.0,13.214285714285554,N,,N,
04:53,KPITTECH,9683,617.85,-1.46,2.92,,61.0,49.6,NORMAL,N,0.0,14.593301435406662,30.0,0.0,0.0,15,0.0,0.0,25,0.0,0.0,20,5.9999999999990905,0.0,N,,N,
04:53,PRINCEPIPE,16045,267.15,-1.44,2.88,,66.4,49.4,NORMAL,Y,0.0,14.388489208633219,30.0,0.0,0.0,15,0.0,0.0,25,0.0,0.0,20,11.428571428570963,0.0,N,,N,
04:53,JSL,11236,714.8,-1.42,2.84,,55.0,58.1,NORMAL,Y,0.0,14.204937250034572,30.0,0.0,0.0,15,0.0,0.0,25,0.0,0.0,20,0.0,8.888888888889076,N,,N,
04:53,SUPREMEIND,3363,3410.5,-2.42,4.84,,75.0,39.6,NORMAL,Y,0.0,24.17739628040057,30.0,0.0,0.0,15,0.0,0.0,25,0.0,20,0.0,0.0,0.40816326530574365,N,,N,
04:53,SWIGGY,27066,276.55,-1.41,2.82,,55.0,49.1,NORMAL,Y,0.0,14.08199643493757,30.0,0.0,0.0,15,0.0,0.0,25,0.0,0.0,20,0.0,0.0,N,,N,
04:53,MRPL,2283,178.59,-1.41,2.82,,55.0,59.7,NORMAL,N,0.0,14.07750910897639,30.0,0.0,0.0,15,0.0,0.0,25,0.0,0.0,20,0.0,10.666666666666035,N,,N,
04:53,JUBLINGREA,2783,722.85,-1.4,2.8,,38.9,74.0,NORMAL,Y,0.0,13.981721456827172,30.0,0.0,0.0,15,0.0,0.0,0.0,25,0.0,20,8.860759493670784,0.0,N,,N,
04:53,RGL,15129,113.59,-1.4,2.8,,55.0,67.9,NORMAL,Y,0.0,13.975694444444441,30.0,0.0,0.0,15,0.0,0.0,25,0.0,0.0,20,0.0,18.888888888889856,N,,N,
04:53,ETERNAL,5097,313.6,-1.38,2.77,,30.0,85.1,NORMAL,N,0.0,13.836477987421313,30.0,0.0,0.0,15,0.0,0.0,0.0,25,0.0,20,0.0,11.249999999999556,N,,N,
04:53,NEWGEN,1164,547.55,-1.36,2.72,,70.4,48.6,NORMAL,Y,0.0,13.601152945415361,30.0,0.0,0.0,15,0.0,0.0,25,0.0,0.0,20,15.384615384614577,0.0,N,,N,
04:53,RALLIS,2816,208.64,-1.35,2.7,,55.0,67.8,NORMAL,Y,0.0,13.522458628841672,30.0,0.0,0.0,15,0.0,0.0,25,0.0,0.0,20,0.0,19.230769230769905,N,,N,
04:53,VIPIND,3703,312.65,-1.34,2.68,,55.0,52.7,NORMAL,N,0.0,13.411170716314295,30.0,0.0,0.0,15,0.0,0.0,25,0.0,0.0,20,0.0,4.285714285713706,N,,N,
04:53,BLUESTARCO,8311,1478.0,-1.33,2.66,,55.0,51.0,NORMAL,Y,0.0,13.285266039121497,30.0,0.0,0.0,15,0.0,0.0,25,0.0,0.0,20,0.0,2.7272727272722577,N,,N,
04:53,VMM,27969,108.81,-1.31,2.61,,57.5,48.1,NORMAL,Y,0.0,13.061224489795897,30.0,0.0,0.0,15,0.0,0.0,25,0.0,0.0,20,2.5000000000013323,0.0,N,,N,
04:53,RECLTD,15355,340.25,-1.29,2.58,,55.0,50.4,NORMAL,Y,0.0,12.909776617348387,30.0,0.0,0.0,15,0.0,0.0,25,0.0,0.0,20,0.0,2.5000000000007105,N,,N,
04:53,GANESHHOU,14339,754.2,-1.28,2.55,,30.0,87.0,NORMAL,Y,0.0,12.762615354408009,30.0,0.0,0.0,15,0.0,0.0,0.0,25,0.0,20,0.0,14.285714285713357,N,,N,
04:53,THYROCARE,17032,641.1,-1.27,2.54,,60.4,47.7,NORMAL,N,0.0,12.705012705012702,30.0,0.0,0.0,15,0.0,0.0,25,0.0,0.0,20,5.3846153846151825,0.0,N,,N,
04:53,SUNTECK,17641,292.8,-1.26,2.53,,55.0,67.6,NORMAL,Y,0.0,12.645422357106726,30.0,0.0,0.0,15,0.0,0.0,25,0.0,0.0,20,0.0,20.0,N,,N,
04:53,GPIL,13409,229.26,-1.26,2.52,,55.0,53.3,NORMAL,Y,0.0,12.576449306572554,30.0,0.0,0.0,15,0.0,0.0,25,0.0,0.0,20,0.0,5.714285714285971,N,,N,
04:53,TRITURBINE,25584,592.85,-1.25,2.5,,55.0,52.8,NORMAL,Y,0.0,12.492712584325808,30.0,0.0,0.0,15,0.0,0.0,25,0.0,0.0,20,0.0,5.333333333334545,N,,N,
04:53,MAITHANALL,24538,993.15,-1.24,2.48,,55.0,64.9,NORMAL,N,0.0,12.380668257756607,30.0,0.0,0.0,15,0.0,0.0,25,0.0,0.0,20,0.0,17.55102040816357,N,,N,
04:53,HAPPSTMNDS,48,389.5,-1.23,2.46,,61.7,47.3,NORMAL,Y,0.0,12.298719411690179,30.0,0.0,0.0,15,0.0,0.0,25,0.0,0.0,20,6.666666666666666,0.0,N,,N,
04:53,SAREGAMA,4892,522.6,-1.23,2.46,,75.0,47.3,NORMAL,N,0.0,12.285012285012286,30.0,0.0,0.0,15,0.0,0.0,25,0.0,0.0,20,20.0,0.0,N,,N,
04:53,KRBL,10577,366.0,-1.23,2.46,,68.3,47.3,NORMAL,N,0.0,12.27904466333831,30.0,0.0,0.0,15,0.0,0.0,25,0.0,0.0,20,13.333333333333332,0.0,N,,N,
04:53,KSB,1949,802.0,-1.21,2.43,,55.0,59.4,NORMAL,Y,0.0,12.132783149596628,30.0,0.0,0.0,15,0.0,0.0,25,0.0,0.0,20,0.0,12.277227722772201,N,,N,
04:53,BPCL,526,313.95,-1.21,2.42,,69.3,47.1,NORMAL,Y,0.0,12.114537444933994,30.0,0.0,0.0,15,0.0,0.0,25,0.0,0.0,20,14.285714285713357,0.0,N,,N,
04:53,MARICO,4067,844.7,-1.2,2.41,,57.4,47.0,NORMAL,Y,0.0,12.046783625730942,30.0,0.0,0.0,15,0.0,0.0,25,0.0,0.0,20,2.3529411764710604,0.0,N,,N,
04:53,PURVA,14922,209.79,-1.19,2.37,,75.0,46.9,NORMAL,Y,0.0,11.869436201780463,30.0,0.0,0.0,15,0.0,0.0,25,0.0,0.0,20,20.0,0.0,N,,N,
04:53,ORIENTELEC,2972,188.45,-1.17,2.34,,63.3,46.7,NORMAL,N,0.0,11.694986364589983,30.0,0.0,0.0,15,0.0,0.0,25,0.0,0.0,20,8.292682926828999,0.0,N,,N,
04:53,SPARC,14788,202.88,-1.16,2.32,,55.0,54.6,NORMAL,Y,0.0,11.595050180259163,30.0,0.0,0.0,15,0.0,0.0,25,0.0,0.0,20,0.0,8.043478260868907,N,,N,
04:53,ATGL,6066,658.55,-1.14,2.28,,62.0,46.4,NORMAL,Y,0.0,11.408841852435671,30.0,0.0,0.0,15,0.0,0.0,25,0.0,0.0,20,6.956521739130177,0.0,N,,N,
04:53,TATAINVEST,1621,680.9,-1.14,2.28,,60.7,46.4,NORMAL,N,0.0,11.397459165154297,30.0,0.0,0.0,15,0.0,0.0,25,0.0,0.0,20,5.714285714285095,0.0,N,,N,
04:53,POLICYBZR,6656,1696.0,-2.14,4.27,,71.2,56.4,NORMAL,N,0.0,21.35025966532025,30.0,0.0,0.0,15,0.0,0.0,25,0.0,0.0,20,16.179775280898717,0.0,N,,N,
04:53,SHALBY,714,159.84,-1.13,2.26,,30.0,71.3,NORMAL,Y,0.0,11.319354240118663,30.0,0.0,0.0,15,0.0,0.0,0.0,25,0.0,20,0.0,0.0,N,,N,
04:53,WHIRLPOOL,18011,786.1,-1.13,2.25,,55.0,57.4,NORMAL,Y,0.0,11.25715363813588,30.0,0.0,0.0,15,0.0,0.0,25,0.0,0.0,20,0.0,11.17647058823553,N,,N,
04:53,NESCO,15409,1036.6,-1.12,2.23,,73.8,46.2,NORMAL,Y,0.0,11.16092721549179,30.0,0.0,0.0,15,0.0,0.0,25,0.0,0.0,20,18.823529411763133,0.0,N,,N,
04:53,NELCO,2388,984.0,-1.12,2.23,,55.0,48.0,NORMAL,N,0.0,11.154657823334361,30.0,0.0,0.0,15,0.0,0.0,25,0.0,0.0,20,0.0,1.8181818181815048,N,,N,
04:53,BEL,383,401.45,-1.08,2.17,,65.9,45.8,NORMAL,N,0.0,10.841443883208166,30.0,0.0,0.0,15,0.0,0.0,25,0.0,0.0,20,10.909090909091097,0.0,N,,N,
04:53,KIMS,4847,804.25,-1.08,2.16,,34.4,70.8,NORMAL,Y,0.0,10.823442592706419,30.0,0.0,0.0,15,0.0,0.0,0.0,25,0.0,20,4.399999999999636,0.0,N,,N,
04:53,ZENSARTECH,1076,495.2,-1.08,2.16,,75.0,45.8,NORMAL,Y,0.0,10.787055533360036,30.0,0.0,0.0,15,0.0,0.0,25,0.0,0.0,20,20.0,0.0,N,,N,
04:53,GULFOILLUB,4391,1177.0,-1.08,2.15,,57.9,45.8,NORMAL,N,0.0,10.758110606824639,30.0,0.0,0.0,15,0.0,0.0,25,0.0,0.0,20,2.8571428571425477,0.0,N,,N,
04:53,ADANIPOWER,17388,206.76,-1.07,2.14,,55.0,53.2,NORMAL,Y,0.0,10.71770334928234,30.0,0.0,0.0,15,0.0,0.0,25,0.0,0.0,20,0.0,7.441860465117324,N,,N,
04:53,ROSSARI,19410,499.5,-1.07,2.14,,60.0,45.7,NORMAL,Y,0.0,10.695187165775359,30.0,0.0,0.0,15,0.0,0.0,25,0.0,0.0,20,5.0,0.0,N,,N,
04:53,TATACONSUM,3432,1066.5,-1.07,2.13,,55.0,59.0,NORMAL,Y,0.0,10.667903525046384,30.0,0.0,0.0,15,0.0,0.0,25,0.0,0.0,20,0.0,13.333333333330808,N,,N,
04:53,ICICIPRULI,18652,496.2,-1.06,2.11,,55.0,64.0,NORMAL,Y,0.0,10.568295114656054,30.0,0.0,0.0,15,0.0,0.0,25,0.0,0.0,20,0.0,18.46153846153806,N,,N,
04:53,LTF,24948,312.1,-1.05,2.09,,66.2,45.5,NORMAL,Y,0.0,10.462904248573098,30.0,0.0,0.0,15,0.0,0.0,25,0.0,0.0,20,11.249999999999556,0.0,N,,N,
04:53,MOTILALOFS,14947,878.85,-1.03,2.06,,58.0,45.3,NORMAL,Y,0.0,10.30405405405403,30.0,0.0,0.0,15,0.0,0.0,25,0.0,0.0,20,2.9999999999995453,0.0,N,,N,
04:53,JIOFIN,18143,250.15,-1.03,2.06,,55.0,61.3,NORMAL,N,0.0,10.28684470820967,30.0,0.0,0.0,15,0.0,0.0,25,0.0,0.0,20,0.0,15.99999999999909,N,,N,
04:53,UCAL,3570,116.45,-1.02,2.04,,30.0,25.2,NORMAL,Y,0.0,10.199745006374862,30.0,0.0,0.0,15,0.0,0.0,0.0,0.0,0.0,0.0,0.0,0.0,N,,N,
04:53,INFY,1594,1178.6,-1.02,2.03,,40.9,70.2,NORMAL,N,0.0,10.162089527169007,30.0,0.0,0.0,15,0.0,0.0,0.0,25,0.0,20,10.909090909090157,0.0,N,,N,
04:53,HCG,15555,731.45,-1.01,2.03,,75.0,41.8,NORMAL,N,0.0,10.149536504499627,30.0,0.0,0.0,15,0.0,0.0,25,0.0,20,0.0,0.0,16.603773584905433,N,,N,
04:53,GAIL,4717,173.6,-0.99,1.98,,54.8,53.7,NORMAL,Y,0.0,9.92357705030232,29.770731150906965,0.0,0.0,15,0.0,0.0,25,0.0,0.0,20,0.0,8.74999999999778,N,,N,
04:53,MUKANDLTD,11325,139.22,-0.99,1.98,,54.7,64.9,NORMAL,N,0.0,9.8854988976603,29.656496692980898,0.0,0.0,15,0.0,0.0,25,0.0,0.0,20,0.0,20.0,N,,N,
04:53,EBGNG,757862,567.0,-0.97,1.94,,54.1,49.9,NORMAL,N,0.0,9.693476552266098,29.080429656798295,0.0,0.0,15,0.0,0.0,25,0.0,0.0,20,0.0,5.238095238094749,N,,N,
04:53,DABUR,772,408.65,-0.97,1.94,,54.1,51.4,NORMAL,Y,0.0,9.693444807948627,29.080334423845876,0.0,0.0,15,0.0,0.0,25,0.0,0.0,20,0.0,6.66666666666793,N,,N,
04:53,ROUTE,128,525.0,-0.96,1.92,,53.9,60.2,NORMAL,Y,0.0,9.62082625919642,28.86247877758926,0.0,0.0,15,0.0,0.0,25,0.0,0.0,20,0.0,15.555555555554994,N,,N,
04:53,TATAPOWER,3426,376.35,-0.96,1.92,,56.7,44.6,NORMAL,Y,0.0,9.605263157894678,28.815789473684035,0.0,0.0,15,0.0,0.0,25,0.0,0.0,20,2.8571428571433213,0.0,N,,N,
04:53,ASAHIINDIA,5378,893.0,-0.96,1.92,,53.8,44.6,NORMAL,Y,0.0,9.593522985637417,28.78056895691225,0.0,0.0,15,0.0,0.0,25,0.0,0.0,20,0.0,0.0,N,,N,
04:53,IFCI,1491,74.22,-1.96,3.91,,55.0,71.4,NORMAL,Y,0.0,19.55085865257601,30.0,0.0,0.0,15,0.0,0.0,25,0.0,0.0,20,0.0,16.842105263157737,N,,N,
04:53,RELIANCE,2885,1311.3,-0.95,1.9,,59.0,44.5,NORMAL,N,0.0,9.517335146159178,28.552005438477536,0.0,0.0,15,0.0,0.0,25,0.0,0.0,20,5.454545454545078,0.0,N,,N,
04:54,TREJHARA,7518,164.0,-0.93,1.86,,27.9,24.3,NORMAL,N,0.0,9.30288751963267,27.90866255889801,0.0,0.0,15,0.0,0.0,0.0,0.0,0.0,0.0,0.0,0.0,N,,N,
04:54,SANGAMIND,4184,576.55,-0.93,1.86,,92.8,24.3,NORMAL,Y,0.0,9.279147693100938,27.837443079302812,0.0,0.0,15,0.0,0.0,25,0.0,20,0.0,20.0,0.0,N,,N,
04:54,NLCINDIA,8585,283.4,-0.93,1.85,,84.8,24.3,NORMAL,Y,0.0,9.26411466526843,27.792343995805286,0.0,0.0,15,0.0,0.0,25,0.0,20,0.0,12.000000000000455,0.0,N,,N,
04:54,WESTLIFE,11580,578.2,-0.9,1.8,,52.0,62.3,NORMAL,N,0.0,8.998200359928013,26.99460107978404,0.0,0.0,15,0.0,0.0,25,0.0,0.0,20,0.0,18.333333333331122,N,,N,
04:54,BAJFINANCE,317,1083.7,-0.88,1.76,,51.3,59.2,NORMAL,Y,0.0,8.780755510838663,26.34226653251599,0.0,0.0,15,0.0,0.0,25,0.0,0.0,20,0.0,15.384615384615923,N,,N,
04:54,INDHOTEL,1512,717.65,-0.88,1.75,,66.0,43.8,NORMAL,Y,0.0,8.770718232044231,26.31215469613269,0.0,0.0,15,0.0,0.0,25,0.0,0.0,20,14.736842105263095,0.0,N,,Y,NONRESULTS
04:54,ANTHEM,757885,883.85,-0.87,1.75,,61.2,43.7,NORMAL,N,0.0,8.747827062188026,26.243481186564082,0.0,0.0,15,0.0,0.0,25,0.0,0.0,20,10.0,0.0,N,,N,
04:54,PRAJIND,2705,327.05,-0.86,1.73,,65.2,43.6,NORMAL,N,0.0,8.638981509548247,25.916944528644738,0.0,0.0,15,0.0,0.0,25,0.0,0.0,20,14.285714285713357,0.0,N,,N,
04:54,TIMKEN,14198,3223.1,-1.85,3.7,,78.4,33.5,NORMAL,N,0.0,18.514571089253682,30.0,0.0,0.0,15,0.0,0.0,25,0.0,20,0.0,3.4482758620688574,0.0,N,,N,
04:54,FDC,4898,357.85,-0.85,1.69,,50.4,52.5,NORMAL,Y,0.0,8.45109448600708,25.353283458021238,0.0,0.0,15,0.0,0.0,25,0.0,0.0,20,0.0,8.999999999999773,N,,N,
04:54,IEX,220,124.94,-0.84,1.68,,50.2,50.7,NORMAL,Y,0.0,8.41269841269843,25.23809523809529,0.0,0.0,15,0.0,0.0,25,0.0,0.0,20,0.0,7.272727272725863,N,,N,
04:54,GARFIBRES,1100,779.8,-0.84,1.68,,50.2,62.0,NORMAL,N,0.0,8.39267548321468,25.178026449644037,0.0,0.0,15,0.0,0.0,25,0.0,0.0,20,0.0,18.620689655172143,N,,N,
04:54,SWANCORP,27095,308.65,-0.84,1.67,,58.1,43.4,NORMAL,Y,0.0,8.353413654618548,25.060240963855644,0.0,0.0,15,0.0,0.0,25,0.0,0.0,20,7.999999999999545,0.0,N,,N,
04:54,DELHIVERY,9599,469.5,-0.83,1.67,,52.4,43.3,NORMAL,Y,0.0,8.34301404583375,25.02904213750125,0.0,0.0,15,0.0,0.0,25,0.0,0.0,20,2.3529411764710604,0.0,N,,N,
04:54,TITAGARH,15414,837.8,-0.83,1.66,,49.9,59.3,NORMAL,Y,0.0,8.28598484848485,24.857954545454547,0.0,0.0,15,0.0,0.0,25,0.0,0.0,20,0.0,15.99999999999909,N,,N,
04:54,POONAWALLA,11403,483.2,-0.82,1.64,,53.0,43.2,NORMAL,N,0.0,8.210180623973727,24.63054187192118,0.0,0.0,15,0.0,0.0,25,0.0,0.0,20,3.333333333333965,0.0,N,,N,
04:54,KOTAKBANK,1922,389.7,-0.81,1.63,,49.4,56.5,NORMAL,Y,0.0,8.14456604734026,24.43369814202078,0.0,0.0,15,0.0,0.0,25,0.0,0.0,20,0.0,13.333333333334176,N,,N,
04:54,RITES,3761,224.83,-0.81,1.62,,59.4,43.1,NORMAL,N,0.0,8.117527683416311,24.352583050248935,0.0,0.0,15,0.0,0.0,25,0.0,0.0,20,10.0,0.0,N,,N,
04:54,JKIL,15266,493.6,-0.8,1.61,,49.1,43.0,NORMAL,N,0.0,8.038585209003216,24.115755627009644,0.0,0.0,15,0.0,0.0,25,0.0,0.0,20,0.0,0.0,N,,N,
04:54,CGPOWER,760,873.95,-0.8,1.6,,52.0,43.0,NORMAL,Y,0.0,8.00227014755954,24.00681044267862,0.0,0.0,15,0.0,0.0,25,0.0,0.0,20,3.000000000000682,0.0,N,,N,
04:54,TORNTPOWER,13786,1320.0,-0.78,1.56,,48.5,45.7,NORMAL,Y,0.0,7.81719783523759,23.451593505712772,0.0,0.0,15,0.0,0.0,25,0.0,0.0,20,0.0,2.857142857140073,N,,N,
04:54,RVNL,9552,228.24,-0.77,1.53,,50.2,42.7,NORMAL,Y,0.0,7.652173913043438,22.956521739130316,0.0,0.0,15,0.0,0.0,25,0.0,0.0,20,2.222222222220117,0.0,N,,N,
04:54,BSOFT,6994,317.85,-0.76,1.53,,64.9,42.6,NORMAL,N,0.0,7.649078988448294,22.94723696534488,0.0,0.0,15,0.0,0.0,25,0.0,0.0,20,16.923076923077865,0.0,N,,N,
04:54,JSWENERGY,17869,558.7,-0.76,1.53,,47.9,49.9,NORMAL,Y,0.0,7.637655417406667,22.912966252220002,0.0,0.0,15,0.0,0.0,25,0.0,0.0,20,0.0,7.272727272729528,N,,N,
04:54,RAMCOCEM,2043,927.0,-0.75,1.51,,67.6,42.5,NORMAL,Y,0.0,7.547775814999148,22.643327444997443,0.0,0.0,15,0.0,0.0,25,0.0,0.0,20,20.0,0.0,N,,N,
04:54,NBCC,31415,92.17,-1.74,3.48,,55.0,66.7,NORMAL,Y,0.0,17.377398720682255,30.0,0.0,0.0,15,0.0,0.0,25,0.0,0.0,20,0.0,14.285714285713416,N,,N,
04:54,IREDA,20261,117.83,-0.73,1.47,,63.2,42.3,NORMAL,Y,0.0,7.329401853412001,21.988205560236004,0.0,0.0,15,0.0,0.0,25,0.0,0.0,20,16.24999999999978,0.0,N,,N,
04:54,FINPIPE,1041,161.47,-0.73,1.46,,47.5,42.3,NORMAL,Y,0.0,7.315873601377092,21.947620804131276,0.0,0.0,15,0.0,0.0,25,0.0,0.0,20,0.5882352941171062,0.0,N,,N,
04:54,CENTURYPLY,13305,770.8,-0.72,1.44,,66.6,29.6,NORMAL,Y,0.0,7.212776919113888,21.638330757341663,0.0,0.0,15,0.0,0.0,25,0.0,20,0.0,0.0,7.407407407407907,N,,N,
04:54,CANFINHOME,583,820.0,-0.71,1.43,,46.4,55.8,NORMAL,Y,0.0,7.143722000242133,21.4311660007264,0.0,0.0,15,0.0,0.0,25,0.0,0.0,20,0.0,13.684210526315475,N,,Y,NONRESULTS
04:54,ORIENTCEM,30089,133.2,-0.69,1.39,,45.8,48.2,NORMAL,Y,0.0,6.933571907850644,20.80071572355193,0.0,0.0,15,0.0,0.0,25,0.0,0.0,20,0.0,6.249999999998002,Y,NONRESULTS,N,
04:54,PCBL,2649,319.95,-0.68,1.37,,45.5,54.6,NORMAL,Y,0.0,6.82911687102278,20.48735061306834,0.0,0.0,15,0.0,0.0,25,0.0,0.0,20,0.0,12.727272727272258,N,,N,
04:54,WAAREEENER,25907,2658.5,-1.68,3.37,,31.6,76.8,NORMAL,Y,0.0,16.826923076923077,30.0,0.0,0.0,15,0.0,0.0,0.0,25,0.0,20,1.568627450980777,0.0,N,,N,
04:54,RAINBOW,9408,1493.9,-0.68,1.36,,59.2,41.8,NORMAL,Y,0.0,6.7814639984042415,20.344391995212725,0.0,0.0,15,0.0,0.0,25,0.0,0.0,20,13.846153846154518,0.0,N,,N,
04:54,PRESTIGE,20302,1559.4,-1.67,3.34,,69.0,51.7,NORMAL,Y,0.0,16.70975471341194,30.0,0.0,0.0,15,0.0,0.0,25,0.0,0.0,20,14.042553191489034,0.0,N,,N,
04:54,TTKPRESTIG,3546,586.0,-0.67,1.34,,45.1,41.7,NORMAL,Y,0.0,6.695482668022791,20.086448004068373,0.0,0.0,15,0.0,0.0,25,0.0,0.0,20,0.0,0.0,N,,N,
04:54,MANAPPURAM,19061,357.6,-0.67,1.33,,45.0,50.9,NORMAL,N,0.0,6.666666666666604,19.99999999999981,0.0,0.0,15,0.0,0.0,25,0.0,0.0,20,0.0,9.230769230768153,N,,N,
04:54,ZYDUSLIFE,7929,1183.1,-0.66,1.33,,69.8,21.6,NORMAL,N,0.0,6.633081444164644,19.899244332493932,0.0,0.0,15,0.0,0.0,25,0.0,20,0.0,4.878048780487913,0.0,N,,N,
04:54,APTUS,5435,255.0,-0.66,1.32,,64.9,22.8,NORMAL,Y,0.0,6.622516556291347,19.86754966887404,0.0,0.0,15,0.0,0.0,25,0.0,20,0.0,0.0,1.1764705882341926,N,,N,
04:54,JTEKTINDIA,3237,140.25,-0.64,1.29,,44.3,41.4,NORMAL,N,0.0,6.446585434967389,19.339756304902167,0.0,0.0,15,0.0,0.0,25,0.0,0.0,20,0.0,0.0,N,,N,
04:54,WOCKPHARMA,7506,1878.1,-1.64,3.28,,55.0,65.7,NORMAL,Y,0.0,16.392584057819306,30.0,0.0,0.0,15,0.0,0.0,25,0.0,0.0,20,0.0,14.285714285714517,N,,N,
04:54,NCC,2319,143.85,-0.63,1.26,,43.9,48.0,NORMAL,N,0.0,6.286266924564774,18.858800773694323,0.0,0.0,15,0.0,0.0,25,0.0,0.0,20,0.0,6.666666666666666,N,,N,
04:54,HCLTECH,7229,1357.2,-0.6,1.2,,43.0,59.6,NORMAL,N,0.0,6.005566134466124,18.016698403398372,0.0,0.0,15,0.0,0.0,25,0.0,0.0,20,0.0,18.571428571426715,N,,N,
04:54,HDBFS,757772,689.0,-0.59,1.18,,42.7,50.9,NORMAL,Y,0.0,5.915452315683195,17.746356947049584,0.0,0.0,15,0.0,0.0,25,0.0,0.0,20,0.0,9.999999999999401,N,,N,
04:54,UNITDSPR,10447,1524.3,-1.58,3.15,,56.8,50.8,NORMAL,N,0.0,15.755149480209264,30.0,0.0,0.0,15,0.0,0.0,25,0.0,0.0,20,1.8181818181799392,0.0,N,,N,
04:54,MHRIL,17333,224.28,-0.57,1.14,,48.1,40.7,NORMAL,Y,0.0,5.718845591169004,17.15653677350701,0.0,0.0,15,0.0,0.0,25,0.0,0.0,20,5.945945945945531,0.0,N,,N,
04:54,PFC,14299,378.85,-0.56,1.13,,73.9,20.6,NORMAL,Y,0.0,5.643044619422512,16.929133858267537,0.0,0.0,15,0.0,0.0,25,0.0,20,0.0,11.999999999999318,0.0,N,,N,
04:54,RCF,2866,124.85,-0.56,1.12,,57.4,40.6,NORMAL,Y,0.0,5.575467941059361,16.72640382317808,0.0,0.0,15,0.0,0.0,25,0.0,0.0,20,15.71428571428557,0.0,N,,N,
04:54,LOTUSEYE,16807,119.12,-0.55,1.1,,16.5,65.5,NORMAL,Y,0.0,5.510101853397868,16.530305560193604,0.0,0.0,15,0.0,0.0,0.0,25,0.0,20,0.0,0.0,N,,N,
04:54,METROPOLIS,9581,563.15,-0.55,1.09,,41.4,60.5,NORMAL,Y,0.0,5.474613686534257,16.42384105960277,0.0,0.0,15,0.0,0.0,25,0.0,0.0,20,0.0,20.0,N,,N,
04:54,POWERGRID,14977,266.5,-0.54,1.08,,41.2,40.4,NORMAL,Y,0.0,5.411457361447988,16.234372084343967,0.0,0.0,15,0.0,0.0,25,0.0,0.0,20,0.0,0.0,N,,N,
04:54,DEEPAKNTR,19943,1757.3,-1.54,3.08,,55.0,63.1,NORMAL,N,0.0,15.407888839085611,30.0,0.0,0.0,15,0.0,0.0,25,0.0,0.0,20,0.0,12.666666666666515,N,,N,
04:54,GLAND,1186,2879.4,-1.54,3.08,,55.0,50.8,NORMAL,N,0.0,15.387771850636026,30.0,0.0,0.0,15,0.0,0.0,25,0.0,0.0,20,0.0,0.44444444444505077,N,,N,
04:54,MAHLOG,385,407.15,-0.54,1.07,,41.1,41.3,NORMAL,N,0.0,5.374374007573093,16.12312202271928,0.0,0.0,15,0.0,0.0,25,0.0,0.0,20,0.0,0.9523809523801274,N,,N,
04:54,HDFCBANK,1333,725.1,-0.53,1.07,,41.0,43.2,NORMAL,Y,0.0,5.349794238683097,16.04938271604929,0.0,0.0,15,0.0,0.0,25,0.0,0.0,20,0.0,2.8571428571465693,N,,N,
04:54,HEXT,29666,562.15,-0.53,1.06,,60.9,40.3,NORMAL,Y,0.0,5.3083252233920195,15.924975670176059,0.0,0.0,15,0.0,0.0,25,0.0,0.0,20,20.0,0.0,N,,N,
04:54,WIPRO,3787,183.63,-0.53,1.05,,48.3,40.3,NORMAL,N,0.0,5.2546045503791925,15.763813651137578,0.0,0.0,15,0.0,0.0,25,0.0,0.0,20,7.5,0.0,N,,N,
04:54,PINELABS,759820,166.7,-0.53,1.05,,40.8,47.0,NORMAL,N,0.0,5.25122329633622,15.75366988900866,0.0,0.0,15,0.0,0.0,25,0.0,0.0,20,0.0,6.764705882352572,N,,N,
04:54,ACC,22,1332.8,-0.52,1.04,,40.7,53.6,NORMAL,Y,0.0,5.2246603970741905,15.67398119122257,0.0,0.0,15,0.0,0.0,25,0.0,0.0,20,0.0,13.333333333334176,N,,N,
04:54,UBL,16713,1392.8,-0.51,1.03,,60.4,40.1,NORMAL,N,0.0,5.142857142857175,15.428571428571527,0.0,0.0,15,0.0,0.0,25,0.0,0.0,20,20.0,0.0,N,,N,
04:54,HAVELLS,9819,1267.9,-0.51,1.02,,43.5,40.1,NORMAL,N,0.0,5.10043942247332,15.301318267419962,0.0,0.0,15,0.0,0.0,25,0.0,0.0,20,3.1999999999989086,0.0,N,,N,
04:54,LXCHEM,2841,174.01,-0.5,1.01,,47.3,40.0,NORMAL,Y,0.0,5.031734232946397,15.095202698839193,0.0,0.0,15,0.0,0.0,25,0.0,0.0,20,7.241379310344946,0.0,N,,N,
04:54,DLF,14732,646.85,-0.5,1.0,,43.0,40.0,NORMAL,Y,0.0,4.99923088755576,14.99769266266728,0.0,0.0,15,0.0,0.0,25,0.0,0.0,20,2.9629629629638368,0.0,N,,N,
04:54,IONEXCHANG,1630,379.0,-0.5,1.0,,52.2,40.0,NORMAL,Y,0.0,4.988185875557829,14.964557626673491,0.0,0.0,15,0.0,0.0,25,0.0,0.0,20,12.222222222222783,0.0,N,,N,
04:54,GOCOLORS,6964,321.4,-0.5,0.99,,53.2,40.0,NORMAL,Y,0.0,4.953560371517098,14.860681114551294,0.0,0.0,15,0.0,0.0,25,0.0,0.0,20,13.333333333334176,0.0,N,,N,
04:54,ABCAPITAL,21614,405.15,-0.49,0.98,,74.5,19.9,NORMAL,Y,0.0,4.912194522903107,14.736583568709321,0.0,0.0,15,0.0,0.0,25,0.0,20,0.0,14.73684210526341,0.0,N,,N,
04:54,CROMPTON,17094,244.2,-0.49,0.98,,62.5,19.9,NORMAL,Y,0.0,4.889975550122319,14.669926650366955,0.0,0.0,15,0.0,0.0,25,0.0,20,0.0,2.857142857143553,0.0,N,,N,
04:54,NTPC,11630,336.8,-0.49,0.98,,39.6,53.2,NORMAL,Y,0.0,4.875166198847621,14.625498596542862,0.0,0.0,15,0.0,0.0,25,0.0,0.0,20,0.0,13.333333333338386,N,,N,
04:54,VERANDA,8890,246.95,-0.48,0.97,,59.5,39.8,NORMAL,N,0.0,4.835784807576131,14.507354422728394,0.0,0.0,15,0.0,0.0,25,0.0,0.0,20,20.0,0.0,N,,N,
04:54,XCHANGING,11705,67.43,-1.48,2.95,,70.0,49.8,NORMAL,N,0.0,14.757451782583152,30.0,0.0,0.0,15,0.0,0.0,25,0.0,0.0,20,14.999999999996447,0.0,N,,N,
04:54,HEG,1336,675.05,-0.47,0.94,,48.0,39.7,NORMAL,N,0.0,4.718024327313005,14.154072981939015,0.0,0.0,15,0.0,0.0,25,0.0,0.0,20,8.837209302325041,0.0,N,,N,
04:54,CAMPUS,9362,217.81,-0.46,0.92,,38.8,49.6,NORMAL,Y,0.0,4.615665844072713,13.846997532218138,0.0,0.0,15,0.0,0.0,25,0.0,0.0,20,0.0,10.000000000001421,N,,N,
04:54,SESHAPAPER,3066,232.0,-0.43,0.86,,57.9,39.3,NORMAL,N,0.0,4.291845493562232,12.875536480686696,0.0,0.0,15,0.0,0.0,25,0.0,0.0,20,20.0,0.0,N,,N,
04:54,ZENITHEXPO,4176,250.0,-0.43,0.85,,37.8,39.3,NORMAL,N,0.0,4.2617596686182875,12.78527900585486,0.0,0.0,15,0.0,0.0,25,0.0,0.0,20,0.0,0.0,N,,N,
04:54,BANCOINDIA,13880,631.15,-0.43,0.85,,57.8,24.6,NORMAL,Y,0.0,4.259682890273795,12.779048670821386,0.0,0.0,15,0.0,0.0,25,0.0,20,0.0,0.0,5.333333333331515,N,,N,
04:54,SUPRAJIT,11689,529.0,-0.42,0.85,,37.7,59.2,NORMAL,N,0.0,4.235294117647058,12.705882352941174,0.0,0.0,15,0.0,0.0,25,0.0,0.0,20,0.0,20.0,N,,N,
04:54,KPRMILL,14912,1091.9,-0.42,0.84,,37.6,47.2,NORMAL,N,0.0,4.195166438668408,12.585499316005222,0.0,0.0,15,0.0,0.0,25,0.0,0.0,20,0.0,7.999999999998787,N,,N,
04:54,SHREEPUSHK,10588,411.9,-0.41,0.82,,77.3,19.1,NORMAL,N,0.0,4.110251450677093,12.330754352031278,0.0,0.0,15,0.0,0.0,25,0.0,20,0.0,20.0,0.0,N,,Y,NONRESULTS
04:54,CHAMBLFERT,637,442.6,-0.39,0.79,,51.6,38.9,NORMAL,Y,0.0,3.938336896590526,11.815010689771578,0.0,0.0,15,0.0,0.0,25,0.0,0.0,20,14.736842105263095,0.0,N,,N,
04:54,VOLTAS,3718,1275.0,-0.39,0.78,,36.7,47.8,NORMAL,Y,0.0,3.9062500000000004,11.71875,0.0,0.0,15,0.0,0.0,25,0.0,0.0,20,0.0,8.88888888888496,N,,N,
04:54,DRREDDY,881,1200.3,-0.39,0.78,,56.7,18.9,NORMAL,N,0.0,3.9004149377593738,11.701244813278121,0.0,0.0,15,0.0,0.0,25,0.0,20,0.0,0.0,0.0,N,,N,
04:54,CHALET,8546,818.0,-0.39,0.78,,62.1,18.9,NORMAL,Y,0.0,3.896736483195379,11.690209449586138,0.0,0.0,15,0.0,0.0,25,0.0,20,0.0,5.4054054054053395,0.0,N,,N,
04:54,RBLBANK,18391,388.2,-0.38,0.77,,36.5,47.0,NORMAL,N,0.0,3.849114703618168,11.547344110854503,0.0,0.0,15,0.0,0.0,25,0.0,0.0,20,0.0,8.14814814814818,N,,N,
04:54,PARADEEP,9741,151.25,-0.36,0.72,,35.9,58.6,NORMAL,N,0.0,3.6231884057971757,10.869565217391527,0.0,0.0,15,0.0,0.0,25,0.0,0.0,20,0.0,20.0,N,,N,
04:54,ITDC,19299,674.25,-0.35,0.71,,35.6,46.9,NORMAL,Y,0.0,3.546885391265761,10.640656173797284,0.0,0.0,15,0.0,0.0,25,0.0,0.0,20,0.0,8.333333333333018,N,,N,
04:54,GRANULES,11872,857.95,-0.35,0.71,,55.6,32.8,NORMAL,N,0.0,3.5423925667827585,10.627177700348275,0.0,0.0,15,0.0,0.0,25,0.0,20,0.0,0.0,14.210526315789881,N,,N,
04:54,SURYAROSNI,3375,235.0,-0.35,0.7,,55.6,29.3,NORMAL,Y,0.0,3.5194843743374995,10.558453123012498,0.0,0.0,15,0.0,0.0,25,0.0,20,0.0,0.0,10.769230769231555,N,,N,
04:54,CYIENT,5748,850.45,-0.35,0.69,,49.3,38.5,NORMAL,Y,0.0,3.4567611905319096,10.370283571595728,0.0,0.0,15,0.0,0.0,25,0.0,0.0,20,13.939393939393856,0.0,N,,N,
04:54,TMPV,3456,346.4,-0.35,0.69,,35.4,48.5,NORMAL,N,0.0,3.4522439585732037,10.35673187571961,0.0,0.0,15,0.0,0.0,25,0.0,0.0,20,0.0,9.999999999998105,N,,N,
04:54,SHILPAMED,17752,816.9,-0.34,0.68,,57.9,18.4,NORMAL,N,0.0,3.415883859948845,10.247651579846535,0.0,0.0,15,0.0,0.0,25,0.0,20,0.0,2.6666666666662624,0.0,N,,N,
04:54,AUBANK,21238,1067.3,-0.34,0.67,,35.1,43.0,NORMAL,N,0.0,3.361658418153082,10.084975254459247,0.0,0.0,15,0.0,0.0,25,0.0,0.0,20,0.0,4.615384615384077,N,,N,
04:54,DIAMONDYD,21840,1203.5,-0.33,0.66,,50.6,38.3,NORMAL,N,0.0,3.312629399585921,9.937888198757763,0.0,0.0,15,0.0,0.0,25,0.0,0.0,20,15.679999999999927,0.0,N,,N,
04:54,TATACAP,759265,366.0,-0.33,0.65,,34.8,42.3,NORMAL,N,0.0,3.2679738562091196,9.80392156862736,0.0,0.0,15,0.0,0.0,25,0.0,0.0,20,0.0,4.0000000000009095,N,,N,
04:54,ITC,1660,278.1,-0.32,0.65,,34.7,46.2,NORMAL,Y,0.0,3.2258064516128218,9.677419354838465,0.0,0.0,15,0.0,0.0,25,0.0,0.0,20,0.0,8.000000000001819,N,,N,
04:54,TCIEXP,19223,541.05,-0.32,0.64,,34.7,38.2,NORMAL,Y,0.0,3.224023581429624,9.672070744288872,0.0,0.0,15,0.0,0.0,25,0.0,0.0,20,0.0,0.0,N,,N,
04:54,KEC,13260,449.3,-0.32,0.64,,58.9,18.2,NORMAL,Y,0.0,3.2168607875762367,9.65058236272871,0.0,0.0,15,0.0,0.0,25,0.0,20,0.0,4.285714285713706,0.0,N,,N,
04:54,NYKAA,6545,324.0,-0.31,0.62,,64.2,18.1,NORMAL,Y,0.0,3.076923076923077,9.230769230769232,0.0,0.0,15,0.0,0.0,25,0.0,20,0.0,10.000000000002842,0.0,N,,N,
04:54,OBEROIRLTY,20242,1770.3,-1.3,2.6,,58.6,48.0,NORMAL,Y,0.0,12.990633363068666,30.0,0.0,0.0,15,0.0,0.0,25,0.0,0.0,20,3.5714285714286294,0.0,N,,N,
04:54,MOREPENLAB,2259,75.9,-1.29,2.58,,64.4,47.9,NORMAL,N,0.0,12.875536480686629,30.0,0.0,0.0,15,0.0,0.0,25,0.0,0.0,20,9.433962264150924,0.0,N,,N,
04:54,NIITLTD,11522,94.28,-1.22,2.43,,55.0,67.2,NORMAL,Y,0.0,12.154233025984876,30.0,0.0,0.0,15,0.0,0.0,25,0.0,0.0,20,0.0,20.0,N,,N,
04:54,MPHASIS,4503,2500.1,-1.18,2.36,,55.0,51.6,NORMAL,N,0.0,11.818181818181854,30.0,0.0,0.0,15,0.0,0.0,25,0.0,0.0,20,0.0,4.814814814815407,N,,N,
04:54,PHOENIXLTD,14552,1886.3,-1.17,2.35,,75.0,34.6,NORMAL,Y,0.0,11.735736365065275,30.0,0.0,0.0,15,0.0,0.0,25,0.0,20,0.0,0.0,7.857142857143959,N,,N,
04:54,TCS,11536,2417.6,-1.15,2.3,,55.0,49.0,NORMAL,N,0.0,11.489553093183918,30.0,0.0,0.0,15,0.0,0.0,25,0.0,0.0,20,0.0,2.4999999999978684,N,,N,
04:54,COFORGE,11543,1799.3,-1.08,2.17,,55.0,58.7,NORMAL,N,0.0,10.83012644310063,30.0,0.0,0.0,15,0.0,0.0,25,0.0,0.0,20,0.0,12.820512820513269,N,,N,
04:54,SANSERA,5751,3772.5,-1.05,2.09,,80.6,25.5,NORMAL,N,0.0,10.465848284545194,30.0,0.0,0.0,15,0.0,0.0,25,0.0,20,0.0,5.641025641025372,0.0,N,,N,
04:54,NTPCGREEN,27176,92.1,-0.98,1.96,,54.4,47.9,NORMAL,Y,0.0,9.783894204924316,29.35168261477295,0.0,0.0,15,0.0,0.0,25,0.0,0.0,20,0.0,3.076923076922236,N,,N,
04:54,BAJAJFINSV,16675,2012.4,-0.96,1.93,,73.9,36.2,NORMAL,N,0.0,9.645669291338537,28.937007874015613,0.0,0.0,15,0.0,0.0,25,0.0,20,0.0,0.0,11.538461538461942,N,,N,
04:54,CHOLAFIN,685,1896.0,-0.96,1.92,,59.8,44.6,NORMAL,N,0.0,9.611366485582996,28.83409945674899,0.0,0.0,15,0.0,0.0,25,0.0,0.0,20,6.000000000000606,0.0,N,,N,
04:54,MUTHOOTFIN,23650,2888.0,-0.96,1.91,,56.3,44.6,NORMAL,Y,0.0,9.568229363146916,28.704688089440744,0.0,0.0,15,0.0,0.0,25,0.0,0.0,20,2.608695652175804,0.0,N,,N,
04:54,GODREJPROP,17875,2019.3,-0.91,1.83,,73.1,24.1,NORMAL,Y,0.0,9.127042543795149,27.38112763138545,0.0,0.0,15,0.0,0.0,25,0.0,20,0.0,0.7142857142850763,0.0,N,,N,
04:54,INDIAMART,10726,1768.8,-0.87,1.74,,63.5,43.7,NORMAL,Y,0.0,8.686880008967103,26.060640026901307,0.0,0.0,15,0.0,0.0,25,0.0,0.0,20,12.413793103447572,0.0,N,,N,
04:54,NHPC,17400,76.29,-0.86,1.72,,56.2,43.6,NORMAL,Y,0.0,8.576998050682215,25.730994152046648,0.0,0.0,15,0.0,0.0,25,0.0,0.0,20,5.4545454545456895,0.0,N,,N,
04:54,ADANIENT,25,2969.9,-0.85,1.71,,50.6,50.2,NORMAL,Y,0.0,8.546152562176566,25.6384576865297,0.0,0.0,15,0.0,0.0,25,0.0,0.0,20,0.0,6.666666666666666,N,,N,
04:54,LLOYDSENGG,17801,92.28,-0.82,1.63,,49.5,47.0,NORMAL,N,0.0,8.168529664660417,24.505588993981245,0.0,0.0,15,0.0,0.0,25,0.0,0.0,20,0.0,3.846153846153657,N,,N,
04:54,KIRLOSBROS,18581,1940.0,-0.81,1.63,,59.6,43.1,NORMAL,N,0.0,8.129249961654526,24.38774988496358,0.0,0.0,15,0.0,0.0,25,0.0,0.0,20,10.212765957447097,0.0,N,,N,
04:54,ASIANPAINT,236,2713.5,-0.8,1.61,,49.1,56.2,NORMAL,Y,0.0,8.042405410345458,24.127216231036375,0.0,0.0,15,0.0,0.0,25,0.0,0.0,20,0.0,13.157894736841476,N,,N,
04:54,HDFCAMC,4244,2495.5,-0.78,1.55,,48.3,52.1,NORMAL,Y,0.0,7.75347912524851,23.26043737574553,0.0,0.0,15,0.0,0.0,25,0.0,0.0,20,0.0,9.374999999999645,N,,N,
04:54,GODFRYPHLP,1181,2207.7,-0.77,1.55,,48.2,53.6,NORMAL,N,0.0,7.7306845251473195,23.19205357544196,0.0,0.0,15,0.0,0.0,25,0.0,0.0,20,0.0,10.833333333332543,N,,N,
04:54,TIINDIA,312,2760.7,-0.69,1.39,,65.8,26.1,NORMAL,Y,0.0,6.942446043165534,20.8273381294966,0.0,0.0,15,0.0,0.0,25,0.0,20,0.0,0.0,4.144144144144506,N,,N,
04:54,TATACOMM,3721,1734.8,-0.65,1.29,,44.4,44.1,NORMAL,Y,0.0,6.471565202451152,19.414695607353455,0.0,0.0,15,0.0,0.0,25,0.0,0.0,20,0.0,2.6086956521733113,N,,N,
04:54,MANKIND,15380,2410.1,-0.61,1.23,,63.4,35.4,NORMAL,Y,0.0,6.144329896907254,18.43298969072176,0.0,0.0,15,0.0,0.0,25,0.0,20,0.0,0.0,14.285714285714286,N,,N,
04:54,POWERMECH,10473,2429.3,-0.53,1.06,,61.0,31.8,NORMAL,Y,0.0,5.322851410555624,15.96855423166687,0.0,0.0,15,0.0,0.0,25,0.0,20,0.0,0.0,11.50000000000091,N,,N,
04:54,KIRLOSENG,20936,2090.4,-0.53,1.06,,40.8,55.6,NORMAL,Y,0.0,5.281941470378259,15.845824411134776,0.0,0.0,15,0.0,0.0,25,0.0,0.0,20,0.0,15.353535353535028,N,,N,
04:54,SBILIFE,21808,1828.0,-0.52,1.04,,70.3,20.2,NORMAL,Y,0.0,5.224205485415711,15.672616456247132,0.0,0.0,15,0.0,0.0,25,0.0,20,0.0,9.655172413793428,0.0,N,,N,
04:54,HINDUNILVR,1394,2054.4,-0.51,1.02,,41.7,40.1,NORMAL,Y,0.0,5.08499200929827,15.254976027894811,0.0,0.0,15,0.0,0.0,25,0.0,0.0,20,1.4285714285705007,0.0,N,,N,
04:54,TRENT,1964,3010.5,-0.48,0.96,,72.2,19.8,NORMAL,N,0.0,4.793388429752066,14.3801652892562,0.0,0.0,15,0.0,0.0,25,0.0,20,0.0,12.820512820512523,0.0,N,,N,
04:54,LUPIN,10440,2268.4,-0.46,0.92,,58.8,35.0,NORMAL,Y,0.0,4.607486067839747,13.82245820351924,0.0,0.0,15,0.0,0.0,25,0.0,20,0.0,0.0,15.42857142857169,N,,N,
04:54,RUBICON,759316,1648.3,-0.41,0.82,,51.8,39.1,NORMAL,N,0.0,4.10851308078059,12.325539242341769,0.0,0.0,15,0.0,0.0,25,0.0,0.0,20,14.500000000000455,0.0,N,,N,
04:54,LGEINDIA,760213,1560.6,-0.38,0.75,,56.3,28.8,NORMAL,N,0.0,3.7663581232046544,11.299074369613963,0.0,0.0,15,0.0,0.0,25,0.0,20,0.0,0.0,10.0,N,,N,
04:54,BHARTIARTL,10604,1908.2,-0.37,0.73,,56.0,20.3,NORMAL,Y,0.0,3.6549707602339176,10.964912280701753,0.0,0.0,15,0.0,0.0,25,0.0,20,0.0,0.0,1.6666666666688772,N,,N,
04:54,AFFLE,11343,1671.2,-0.36,0.73,,35.9,43.2,NORMAL,N,0.0,3.636797233649263,10.91039170094779,0.0,0.0,15,0.0,0.0,25,0.0,0.0,20,0.0,4.571428571428312,N,,N,
04:54,COLPAL,15141,2001.3,-0.33,0.67,,55.0,35.5,NORMAL,Y,0.0,3.3366533864542056,10.009960159362617,0.0,0.0,15,0.0,0.0,25,0.0,20,0.0,0.0,17.142857142857608,N,,N,
04:54,BAJAJHFL,25270,84.9,-0.33,0.66,,34.9,49.4,NORMAL,Y,0.0,3.287156609532768,9.861469828598302,0.0,0.0,15,0.0,0.0,25,0.0,0.0,20,0.0,11.11111111111006,N,,N,
04:54,SRF,3273,2562.1,-0.31,0.61,,50.0,38.1,NORMAL,Y,0.0,3.0739299610895294,9.221789883268588,0.0,0.0,15,0.0,0.0,25,0.0,0.0,20,15.757575757574338,0.0,N,,N,
04:54,DALBHARAT,8075,1830.0,-0.31,0.61,,54.2,29.0,NORMAL,N,0.0,3.050773589017166,9.1523207670515,0.0,0.0,15,0.0,0.0,25,0.0,20,0.0,0.0,10.909090909090784,N,,N,
04:54,PRICOLLTD,19631,773.4,4.92,9.84,,132.6,0.0,NORMAL,Y,30.0,0.0,30.0,0.0,15,0.0,0.0,0.0,25,0.0,20,0.0,12.63157894736905,0.0,N,,N,
04:54,BATAINDIA,371,720.0,2.88,5.76,,99.3,20.0,NORMAL,Y,28.791883975137495,0.0,30.0,0.0,15,0.0,0.0,0.0,25,0.0,0.0,20,0.5128205128200345,0.0,N,,N,
04:54,RELAXO,24225,433.35,2.77,5.55,,117.7,0.0,NORMAL,Y,27.748132337246638,0.0,30.0,0.0,15,0.0,0.0,0.0,25,0.0,20,0.0,0.0,0.0,N,,N,
04:54,CONCOR,4749,522.8,2.11,4.22,,111.1,8.2,NORMAL,Y,21.09374999999991,0.0,30.0,0.0,15,0.0,0.0,0.0,25,0.0,20,0.0,0.0,8.235294117647374,N,,N,
04:54,TRIVENI,13081,241.0,1.09,2.18,,100.9,8.6,NORMAL,Y,10.906040268456353,0.0,30.0,0.0,15,0.0,0.0,0.0,25,0.0,20,0.0,0.0,8.607594936709035,N,,N,
05:07,TDPOWERSYS,25178,1471.9,15.39,30.78,,120.0,11.3,NORMAL,Y,30.0,0.0,30.0,0.0,15,0.0,0.0,0.0,25,0.0,20,0.0,0.0,11.28205128205191,N,,N,
05:07,NARMADA,6364,418.1,7.76,15.52,,120.0,6.7,NORMAL,Y,30.0,0.0,30.0,0.0,15,0.0,0.0,0.0,25,0.0,20,0.0,0.0,6.666666666665825,N,,N,
05:07,PRICOLLTD,19631,777.25,5.44,10.88,,135.8,0.0,NORMAL,Y,30.0,0.0,30.0,0.0,15,0.0,0.0,0.0,25,0.0,20,0.0,15.816993464052215,0.0,N,,N,
05:07,YUKEN,5501,846.75,5.16,10.32,,120.0,0.0,NORMAL,Y,30.0,0.0,30.0,0.0,15,0.0,0.0,0.0,25,0.0,20,0.0,0.0,0.0,N,,N,
05:07,TVSSCS,18151,132.6,5.15,10.29,,139.6,7.3,NORMAL,N,30.0,0.0,30.0,0.0,15,0.0,0.0,7.335945378865592,25,0.0,20,0.0,12.307692307692374,0.0,N,,N,
05:07,PNB,10666,118.74,4.13,8.26,,120.0,16.5,NORMAL,Y,30.0,0.0,30.0,0.0,15,0.0,0.0,0.0,25,0.0,20,0.0,0.0,16.521739130434298,N,,N,
05:07,TNPL,3980,160.18,4.0,8.0,,123.8,16.5,NORMAL,Y,30.0,0.0,30.0,0.0,15,0.0,0.0,3.7873658391380634,25,0.0,20,0.0,0.0,12.735042735042795,N,,N,
05:07,SHIVALIK,7026,266.9,3.91,7.83,,145.0,40.7,NORMAL,Y,30.0,0.0,30.0,0.0,15,0.0,0.0,25.0,25,0.0,20,0.0,0.0,15.73033707865167,N,,N,
05:07,VLSFINANCE,3715,270.85,3.69,7.39,,102.0,20.0,NORMAL,Y,30.0,0.0,30.0,0.0,15,0.0,0.0,0.0,25,0.0,0.0,20,1.999999999998181,0.0,N,,N,
05:07,HINDALCO,1363,1081.5,3.09,6.18,,124.3,0.0,NORMAL,Y,30.0,0.0,30.0,0.0,15,0.0,0.0,0.0,25,0.0,20,0.0,4.2857142857166055,0.0,N,,N,
05:07,BATAINDIA,371,721.05,3.03,6.06,,109.0,20.0,NORMAL,Y,30.0,0.0,30.0,0.0,15,0.0,0.0,0.0,25,0.0,0.0,20,8.999999999998636,0.0,N,,N,
05:07,RELAXO,24225,433.75,2.87,5.74,,118.7,8.2,NORMAL,Y,28.69678643424647,0.0,30.0,0.0,15,0.0,0.0,0.0,25,0.0,20,0.0,0.0,8.235294117646587,N,,N,
05:07,APCL,20453,107.19,2.8,5.6,,118.0,20.0,NORMAL,Y,28.004219813944587,0.0,30.0,0.0,15,0.0,0.0,0.0,25,0.0,20,0.0,0.0,20.0,N,,Y,NONRESULTS
05:07,HGINFRA,1672,562.35,2.66,5.31,,116.6,20.0,NORMAL,Y,26.560788608981508,0.0,30.0,0.0,15,0.0,0.0,0.0,25,0.0,0.0,20,20.0,0.0,N,,N,
05:07,UNIONBANK,10753,187.07,2.5,5.01,,115.0,19.2,NORMAL,Y,25.041095890410922,0.0,30.0,0.0,15,0.0,0.0,0.0,25,0.0,20,0.0,0.0,19.166666666667457,N,,N,
05:07,BERGEPAINT,404,547.25,2.3,4.6,,100.7,20.0,NORMAL,Y,22.992803065706987,0.0,30.0,0.0,15,0.0,0.0,0.0,25,0.0,0.0,20,7.692307692307962,0.0,N,,N,
05:07,YATRA,18760,116.87,2.24,4.48,,126.2,0.0,NORMAL,Y,22.395241011285123,0.0,30.0,0.0,15,0.0,0.0,0.0,25,0.0,20,0.0,13.846153846153886,0.0,N,,N,
05:07,INDIANB,14309,894.75,2.19,4.37,,111.9,19.2,NORMAL,Y,21.87071722247599,0.0,30.0,0.0,15,0.0,0.0,0.0,25,0.0,20,0.0,0.0,19.200000000000728,N,,N,
05:07,HALDER,760715,270.48,2.05,4.11,,90.5,20.0,NORMAL,Y,20.52520374283126,0.0,30.0,0.0,15,0.0,0.0,0.0,25,0.0,0.0,20,0.0,0.0,N,,N,
05:07,INDUSTOWER,29135,376.85,2.03,4.06,,110.3,13.8,NORMAL,N,20.30594287261405,0.0,30.0,0.0,15,0.0,0.0,0.0,25,0.0,20,0.0,0.0,13.750000000000089,N,,N,
05:07,MARKSANS,10579,284.4,1.95,3.91,,121.6,5.4,NORMAL,Y,19.53755153253267,0.0,30.0,0.0,15,0.0,0.0,5.41941093405325,25,0.0,20,0.0,6.666666666666035,0.0,N,,N,
05:07,BANKBARODA,4668,250.9,1.91,3.82,,109.1,19.6,NORMAL,Y,19.09017059301388,0.0,30.0,0.0,15,0.0,0.0,0.0,25,0.0,20,0.0,0.0,19.642857142856453,N,,N,
05:07,SANDHAR,2397,633.6,1.87,3.75,,88.7,40.0,NORMAL,N,18.73140927727306,0.0,30.0,0.0,15,0.0,0.0,0.0,25,0.0,0.0,20,0.0,20.0,N,,N,
05:07,MAHABANK,11377,81.21,2.86,5.73,,133.4,3.0,NORMAL,Y,28.625712476250676,0.0,30.0,0.0,15,0.0,0.0,3.048573798725014,25,0.0,20,0.0,11.698113207547232,0.0,N,,N,
05:07,BORORENEW,3149,572.95,1.86,3.72,,88.6,22.4,NORMAL,N,18.577777777777857,0.0,30.0,0.0,15,0.0,0.0,0.0,25,0.0,0.0,20,0.0,2.399999999999636,N,,N,
05:07,MOIL,20830,284.35,1.75,3.51,,107.5,12.3,NORMAL,Y,17.534442655215727,0.0,30.0,0.0,15,0.0,0.0,0.0,25,0.0,20,0.0,0.0,12.307692307690964,N,,N,
05:07,JAINREC,759244,302.95,1.75,3.49,,93.3,20.0,NORMAL,N,17.46431570109148,0.0,30.0,0.0,15,0.0,0.0,0.0,25,0.0,0.0,20,5.806451612903036,0.0,N,,N,
05:07,PVRINOX,13147,1179.2,1.64,3.28,,106.4,5.8,NORMAL,Y,16.376486812618516,0.0,30.0,0.0,15,0.0,0.0,0.0,25,0.0,20,0.0,0.0,5.818181818181487,N,,N,
05:07,WALCHANNAG,3736,236.35,1.52,3.05,,99.0,20.0,NORMAL,Y,15.249140893470717,0.0,30.0,0.0,15,0.0,0.0,0.0,25,0.0,0.0,20,13.714285714286456,0.0,N,,N,
05:07,TIMETECHNO,14707,210.43,1.52,3.04,,105.2,14.0,NORMAL,Y,15.196835198764983,0.0,30.0,0.0,15,0.0,0.0,0.0,25,0.0,20,0.0,0.0,14.042553191489928,N,,N,
05:07,ZUARIIND,3827,262.2,1.51,3.02,,85.1,20.0,NORMAL,Y,15.098722415795496,0.0,30.0,0.0,15,0.0,0.0,0.0,25,0.0,0.0,20,0.0,0.0,N,,N,
05:07,BANKINDIA,4745,145.05,1.5,3.01,,105.0,10.0,NORMAL,Y,15.04548635409381,0.0,30.0,0.0,15,0.0,0.0,0.0,25,0.0,20,0.0,0.0,10.0,N,,N,
05:07,SOUTHWEST,9678,231.65,1.5,3.0,,109.2,7.7,NORMAL,N,14.984883669982105,0.0,30.0,0.0,15,0.0,0.0,4.172557612976429,25,0.0,20,0.0,0.0,3.529411764705981,N,,N,
05:07,CANBK,10794,132.18,1.44,2.89,,104.4,20.0,NORMAL,Y,14.42824251726781,0.0,30.0,0.0,15,0.0,0.0,0.0,25,0.0,20,0.0,0.0,20.0,N,,N,
05:07,MASFIN,199,304.35,1.42,2.83,,104.2,0.0,NORMAL,N,14.161946017994001,0.0,30.0,0.0,15,0.0,0.0,0.0,25,0.0,20,0.0,0.0,0.0,N,,N,
05:07,HINDZINC,1424,594.95,1.41,2.83,,119.4,0.0,NORMAL,Y,14.148129208216261,0.0,30.0,0.0,15,0.0,0.0,0.0,25,0.0,20,0.0,15.294117647058902,0.0,N,,N,
05:07,BAJAJELEC,15034,365.4,1.4,2.8,,104.0,17.5,NORMAL,Y,14.014152906895946,0.0,30.0,0.0,15,0.0,0.0,0.0,25,0.0,20,0.0,0.0,17.50000000000009,N,,N,
05:07,MSTCLTD,9356,578.9,1.38,2.77,,83.8,40.0,NORMAL,N,13.83537653239926,0.0,30.0,0.0,15,0.0,0.0,0.0,25,0.0,0.0,20,0.0,20.0,N,,N,
05:07,CONCOR,4749,519.0,1.37,2.73,,83.7,27.3,NORMAL,Y,13.671875,0.0,30.0,0.0,15,0.0,0.0,0.0,25,0.0,0.0,20,0.0,7.2727272727267085,N,,N,
05:07,PNBHOUSING,18908,1157.7,1.37,2.73,,103.7,2.5,NORMAL,Y,13.659049120042148,0.0,30.0,0.0,15,0.0,0.0,0.0,25,0.0,20,0.0,0.0,2.4999999999978684,N,,N,
05:07,SBIN,3045,1080.5,1.36,2.72,,103.6,16.0,NORMAL,Y,13.602251407129454,0.0,30.0,0.0,15,0.0,0.0,0.0,25,0.0,20,0.0,0.0,16.000000000000608,N,,N,
05:07,AEGISLOG,40,1315.0,1.34,2.68,,112.5,0.0,NORMAL,N,13.409371146732502,0.0,30.0,0.0,15,0.0,0.0,0.0,25,0.0,20,0.0,9.090909090909843,0.0,N,,N,
05:07,PETRONET,11351,280.65,1.32,2.64,,103.2,8.6,NORMAL,Y,13.176895306859125,0.0,30.0,0.0,15,0.0,0.0,0.0,25,0.0,20,0.0,0.0,8.571428571431355,N,,N,
05:07,CHEMPLASTS,5449,173.92,1.3,2.61,,107.7,0.0,NORMAL,N,13.047530288909485,0.0,30.0,0.0,15,0.0,0.0,0.0,25,0.0,20,0.0,4.66666666666793,0.0,N,,N,
05:07,WINDMACHIN,24969,306.5,1.29,2.58,,102.9,0.0,NORMAL,Y,12.888301387970841,0.0,30.0,0.0,15,0.0,0.0,0.0,25,0.0,20,0.0,0.0,0.0,N,,N,
05:07,SCI,3048,297.65,1.26,2.52,,112.6,0.0,NORMAL,Y,12.587174689573018,0.0,30.0,0.0,15,0.0,0.0,0.0,25,0.0,20,0.0,9.999999999998105,0.0,N,,N,
05:07,EXIDEIND,676,489.15,1.2,2.4,,82.0,20.0,NORMAL,Y,11.999586221164694,0.0,30.0,0.0,15,0.0,0.0,0.0,25,0.0,0.0,20,0.0,0.0,N,,N,
05:07,NIACL,399,181.46,1.17,2.33,,81.7,38.3,NORMAL,Y,11.651892735686031,0.0,30.0,0.0,15,0.0,0.0,0.0,25,0.0,0.0,20,0.0,18.285714285715816,N,,N,
05:07,JINDALSTEL,6733,1107.7,1.16,2.32,,106.0,0.0,NORMAL,Y,11.598173515981776,0.0,30.0,0.0,15,0.0,0.0,0.0,25,0.0,20,0.0,4.444444444446129,0.0,N,,N,
05:07,VGUARD,15362,328.0,1.14,2.28,,104.7,0.0,NORMAL,Y,11.409189022509985,0.0,30.0,0.0,15,0.0,0.0,0.0,25,0.0,20,0.0,3.333333333333965,0.0,N,,N,
05:07,USHAMART,8840,515.55,1.11,2.22,,106.3,0.0,NORMAL,Y,11.080604040007799,0.0,30.0,0.0,15,0.0,0.0,0.0,25,0.0,20,0.0,5.26315789473659,0.0,N,,N,
05:07,MCX,31181,2956.0,2.11,4.21,,111.1,12.1,NORMAL,Y,21.070811744386877,0.0,30.0,0.0,15,0.0,0.0,0.0,25,0.0,20,0.0,0.0,12.098765432099125,N,,N,
05:07,TRIVENI,13081,241.0,1.09,2.18,,108.2,0.0,NORMAL,N,10.906040268456353,0.0,30.0,0.0,15,0.0,0.0,0.0,25,0.0,20,0.0,7.272727272727586,0.0,N,,N,
05:07,BHEL,438,407.35,1.08,2.16,,86.8,20.0,NORMAL,N,10.794044665012464,0.0,30.0,0.0,15,0.0,0.0,0.0,25,0.0,0.0,20,5.9999999999990905,0.0,N,,N,
05:07,ABMKNO,762528,200.0,1.04,2.07,,100.4,0.0,NORMAL,Y,10.356150543066489,0.0,30.0,0.0,15,0.0,0.0,0.0,25,0.0,20,0.0,0.0,0.0,N,,N,
05:07,SCHNEIDER,31234,1417.7,1.03,2.05,,103.7,0.0,NORMAL,Y,10.26152640205237,0.0,30.0,0.0,15,0.0,0.0,0.0,25,0.0,20,0.0,3.478260869566077,0.0,N,,N,
05:07,GROWW,759806,195.46,1.01,2.03,,100.1,15.0,NORMAL,Y,10.12919896640831,0.0,30.0,0.0,15,0.0,0.0,0.0,25,0.0,20,0.0,0.0,15.000000000001421,N,,N,
05:07,KARURVYSYA,1838,337.5,0.99,1.97,,100.0,7.2,NORMAL,Y,9.874326750448867,0.0,29.622980251346604,0.0,15,0.0,0.0,0.4980757196606551,25,0.0,20,0.0,0.0,6.666666666666035,N,,N,
05:07,BLS,17279,263.38,0.97,1.93,,98.6,7.0,NORMAL,Y,9.66035421298774,0.0,28.98106263896322,0.0,15,0.0,0.0,0.0,25,0.0,20,0.0,0.0,7.000000000000455,N,,N,
05:07,BEML,395,1939.4,1.95,3.9,,109.5,10.5,NORMAL,Y,19.50270724911956,0.0,30.0,0.0,15,0.0,0.0,0.0,25,0.0,20,0.0,0.0,10.476190476190064,N,,N,
05:07,PENIND,20621,160.76,0.91,1.82,,76.4,27.0,NORMAL,N,9.101751302491925,0.0,27.305253907475773,0.0,15,0.0,0.0,0.0,25,0.0,0.0,20,0.0,6.976744186046665,N,,N,
05:07,JMFINANCIL,13637,127.3,0.9,1.79,,75.8,37.5,NORMAL,Y,8.95617024649279,0.0,26.86851073947837,0.0,15,0.0,0.0,0.0,25,0.0,0.0,20,0.0,17.499999999998668,N,,N,
05:07,WIPL,20481,169.9,0.83,1.66,,93.4,0.2,NORMAL,Y,8.308605341246325,0.0,24.925816023738975,0.0,15,0.0,0.0,0.1624964892136419,25,0.0,20,0.0,0.0,0.0,N,,N,
05:07,UPL,11287,572.7,0.83,1.65,,96.2,0.0,NORMAL,N,8.274647887324026,0.0,24.823943661972073,0.0,15,0.0,0.0,0.0,25,0.0,20,0.0,3.076923076923884,0.0,N,,N,
05:07,SAIL,2963,174.34,0.77,1.55,,97.0,0.0,NORMAL,Y,7.745664739884412,0.0,23.236994219653237,0.0,15,0.0,0.0,0.0,25,0.0,20,0.0,6.060606060605748,0.0,N,,N,
05:07,HSCL,14334,761.15,0.75,1.5,,69.9,34.1,NORMAL,Y,7.478491065519494,0.0,22.43547319655848,0.0,15,0.0,0.0,0.0,25,0.0,0.0,20,0.0,14.074074074074012,N,,N,
05:07,TMCV,759782,453.35,0.73,1.47,,85.9,20.0,NORMAL,Y,7.332518609043465,0.0,21.997555827130395,0.0,15,0.0,0.0,0.0,25,0.0,0.0,20,16.551724137931398,0.0,N,,N,
05:07,RAJRATAN,18962,522.35,0.72,1.45,,88.9,20.0,NORMAL,Y,7.23100655611261,0.0,21.69301966833783,0.0,15,0.0,0.0,0.0,25,0.0,20,0.0,0.0,20.0,N,,N,
05:07,M&MFIN,13285,401.65,0.71,1.43,,77.2,20.0,NORMAL,Y,7.146439317953777,0.0,21.43931795386133,0.0,15,0.0,0.0,0.0,25,0.0,0.0,20,8.571428571429035,0.0,N,,N,
05:07,INDUSINDBK,5258,1015.9,0.69,1.39,,96.6,0.0,NORMAL,N,6.938249578749133,0.0,20.8147487362474,0.0,15,0.0,0.0,0.0,25,0.0,20,0.0,8.888888888888609,0.0,N,,N,
05:07,NAM-INDIA,357,1179.2,0.67,1.35,,107.0,0.0,NORMAL,Y,6.744642704687178,0.0,20.233928114061534,0.0,15,0.0,0.0,0.0,25,0.0,20,0.0,20.0,0.0,N,,N,
05:07,JSWINFRA,19020,344.0,0.63,1.26,,85.2,12.5,NORMAL,Y,6.289308176100562,0.0,18.867924528301685,0.0,15,0.0,0.0,0.0,25,0.0,20,0.0,0.0,12.50000000000071,N,,N,
05:07,MEESHO,760229,191.6,0.62,1.25,,72.1,20.0,NORMAL,Y,6.249671760936914,0.0,18.749015282810742,0.0,15,0.0,0.0,0.0,25,0.0,0.0,20,7.058823529411371,0.0,N,,N,
05:07,SIS,21501,440.2,0.61,1.21,,104.2,0.0,NORMAL,Y,6.056450691349507,0.0,18.169352074048522,0.0,15,0.0,0.0,0.0,25,0.0,20,0.0,20.0,0.0,N,,N,
05:07,JINDALSAW,3024,275.1,0.57,1.13,,82.7,0.0,NORMAL,Y,5.666240175470705,0.0,16.998720526412114,0.0,15,0.0,0.0,0.0,25,0.0,20,0.0,0.0,0.0,N,,N,
05:07,INDOCO,11677,217.75,0.56,1.13,,62.5,40.0,NORMAL,N,5.634323188472724,0.0,16.90296956541817,0.0,15,0.0,0.0,0.0,25,0.0,0.0,20,0.0,20.0,N,,N,
05:07,DIAMONDYD,21840,1214.1,0.55,1.09,,101.9,0.0,NORMAL,Y,5.465838509316695,0.0,16.397515527950084,0.0,15,0.0,0.0,0.0,25,0.0,20,0.0,20.0,0.0,N,,N,
05:07,UFLEX,1053,499.65,0.52,1.05,,60.9,40.0,NORMAL,Y,5.2308620863091555,0.0,15.692586258927465,0.0,15,0.0,0.0,0.0,25,0.0,0.0,20,0.0,20.0,N,,N,
05:07,PARAS,5911,1290.6,0.51,1.03,,60.6,35.0,NORMAL,Y,5.140186915887779,0.0,15.420560747663338,0.0,15,0.0,0.0,0.0,25,0.0,0.0,20,0.0,15.0,N,,N,
05:07,MFSL,2142,1521.5,1.5,3.0,,123.7,0.0,NORMAL,N,15.010006671114077,0.0,30.0,0.0,15,0.0,0.0,0.0,25,0.0,20,0.0,18.666666666666362,0.0,N,,N,
05:07,ELGIEQUIP,937,576.7,0.5,0.99,,71.0,20.0,NORMAL,N,4.966454648427328,0.0,14.899363945281985,0.0,15,0.0,0.0,0.0,25,0.0,0.0,20,11.111111111109988,0.0,N,,N,
05:07,HEG,1336,681.5,0.48,0.96,,79.2,9.6,NORMAL,Y,4.791743457427202,0.0,14.375230372281607,0.0,15,0.0,0.0,0.0,25,0.0,20,0.0,0.0,9.565217391304778,N,,N,
05:07,GSFC,1247,162.11,0.48,0.95,,69.1,20.0,NORMAL,Y,4.772530060741355,0.0,14.317590182224066,0.0,15,0.0,0.0,0.0,25,0.0,0.0,20,10.00000000000158,0.0,N,,N,
05:07,GOCLCORP,3963,431.6,0.48,0.95,,79.1,20.0,NORMAL,Y,4.772436270515683,0.0,14.317308811547047,0.0,15,0.0,0.0,0.0,25,0.0,0.0,20,20.0,0.0,N,,N,
05:07,ASTRAL,14418,1431.6,0.47,0.94,,58.8,27.6,NORMAL,Y,4.70208435679684,0.0,14.10625307039052,0.0,15,0.0,0.0,0.0,25,0.0,0.0,20,0.0,7.6190476190466905,N,,Y,NONRESULTS
05:07,SBICARD,17971,652.9,0.44,0.88,,77.5,14.2,NORMAL,Y,4.384278132451385,0.0,13.152834397354155,0.0,15,0.0,0.0,0.0,25,0.0,20,0.0,0.0,14.16666666666651,N,,N,
05:07,ANANTRAJ,13620,608.9,0.44,0.87,,57.5,21.7,NORMAL,Y,4.37113402061852,0.0,13.113402061855558,0.0,15,0.0,0.0,0.0,25,0.0,0.0,20,0.0,1.6666666666664562,N,,N,
05:07,APLLTD,25328,842.35,0.42,0.83,,56.7,40.0,NORMAL,Y,4.1723788519997616,0.0,12.517136555999285,0.0,15,0.0,0.0,0.0,25,0.0,0.0,20,0.0,20.0,N,,N,
05:07,SHARDAMOTR,10530,880.55,0.42,0.83,,57.4,20.0,NORMAL,N,4.162390238339579,0.0,12.48717071501874,0.0,15,0.0,0.0,0.0,25,0.0,0.0,20,0.7142857142850763,0.0,N,,N,
05:07,ASHOKLEY,212,175.55,0.41,0.82,,59.9,20.0,NORMAL,Y,4.118286335297139,0.0,12.354859005891417,0.0,15,0.0,0.0,0.0,25,0.0,0.0,20,3.448275862067884,0.0,N,,N,
05:07,DCMSHRIRAM,811,1011.0,0.4,0.79,,75.9,2.2,NORMAL,N,3.972194637537239,0.0,11.916583912611717,0.0,15,0.0,0.0,0.0,25,0.0,20,0.0,0.0,2.2222222222215207,N,,N,
05:07,LTFOODS,13816,420.95,0.39,0.79,,86.5,0.0,NORMAL,Y,3.9351299785356,0.0,11.8053899356068,0.0,15,0.0,0.0,0.0,25,0.0,20,0.0,10.769230769229154,0.0,N,,N,
05:07,LICI,9480,407.55,0.38,0.76,,72.3,20.0,NORMAL,N,3.817733990147811,0.0,11.453201970443434,0.0,15,0.0,0.0,0.0,25,0.0,0.0,20,17.037037037037194,0.0,N,,N,
05:07,BIOCON,11373,427.6,0.38,0.75,,93.1,0.0,NORMAL,Y,3.7558685446009923,0.0,11.267605633802976,0.0,15,0.0,0.0,0.0,25,0.0,20,0.0,18.125000000000245,0.0,N,,N,
05:07,ENGINERSIN,4907,243.9,0.37,0.75,,55.0,34.8,NORMAL,Y,3.7450100827194395,0.0,11.235030248158319,0.0,15,0.0,0.0,0.0,25,0.0,0.0,20,0.0,14.800000000000182,N,,N,
05:07,IOC,1624,140.52,0.37,0.74,,54.9,34.0,NORMAL,N,3.7142857142857877,0.0,11.142857142857363,0.0,15,0.0,0.0,0.0,25,0.0,0.0,20,0.0,13.999999999999432,N,,N,
05:07,SYNGENE,10243,408.75,0.37,0.74,,88.1,0.0,NORMAL,Y,3.683241252302026,0.0,11.049723756906078,0.0,15,0.0,0.0,0.0,25,0.0,20,0.0,13.333333333334176,0.0,N,,N,
05:07,VARROC,3857,845.0,0.34,0.68,,53.5,29.3,NORMAL,Y,3.38419521462925,0.0,10.152585643887749,0.0,15,0.0,0.0,0.0,25,0.0,0.0,20,0.0,9.302325581395447,N,,N,
05:07,TIPSMUSIC,9117,671.35,0.34,0.67,,74.6,0.0,NORMAL,N,3.3627260499178,0.0,10.088178149753398,0.0,15,0.0,0.0,0.0,25,0.0,20,0.0,1.1764705882368678,0.0,N,,N,
05:07,NUCLEUS,10791,694.0,0.33,0.67,,76.1,0.0,NORMAL,N,3.3251409570622443,0.0,9.975422871186733,0.0,15,0.0,0.0,0.0,25,0.0,20,0.0,2.777777777777848,0.0,N,,N,
05:07,SONACOMS,4684,802.65,0.33,0.66,,73.2,0.6,NORMAL,Y,3.3124999999999716,0.0,9.937499999999915,0.0,15,0.0,0.0,0.0,25,0.0,20,0.0,0.0,0.6249999999994227,N,,N,
05:07,IIFL,11809,621.3,0.33,0.66,,53.2,29.3,NORMAL,Y,3.3104561970124418,0.0,9.931368591037325,0.0,15,0.0,0.0,0.0,25,0.0,0.0,20,0.0,9.33333333333394,N,,N,
05:07,APOLLOTYRE,163,444.4,0.32,0.63,,62.6,20.0,NORMAL,Y,3.1602708803611224,0.0,9.480812641083368,0.0,15,0.0,0.0,0.0,25,0.0,0.0,20,10.0,0.0,N,,N,
05:07,LENSKART,759605,591.0,0.31,0.61,,58.5,20.0,NORMAL,Y,3.0549898167005334,0.0,9.1649694501016,0.0,15,0.0,0.0,0.0,25,0.0,0.0,20,6.315789473685344,0.0,N,,N,
05:07,TPLPLASTEH,9219,76.85,1.26,2.53,,85.2,42.6,NORMAL,N,12.649887995783287,0.0,30.0,0.0,15,0.0,0.0,2.5773928316672507,25,0.0,0.0,20,0.0,20.0,N,,N,
05:07,WELCORP,11821,1859.7,1.24,2.48,,86.4,20.0,NORMAL,Y,12.41221623387226,0.0,30.0,0.0,15,0.0,0.0,0.0,25,0.0,0.0,20,4.0000000000009095,0.0,N,,N,
05:07,LTTS,18564,3621.5,1.06,2.13,,89.4,20.0,NORMAL,Y,10.632360328179915,0.0,30.0,0.0,15,0.0,0.0,0.0,25,0.0,0.0,20,8.717948717947582,0.0,N,,N,
05:07,ESCORTS,958,3110.6,0.92,1.85,,77.0,20.0,NORMAL,Y,9.246942020051264,0.0,27.740826060153793,0.0,15,0.0,0.0,0.0,25,0.0,0.0,20,0.0,0.0,N,,N,
05:07,IDBI,1476,83.16,0.87,1.75,,94.9,7.1,NORMAL,N,8.733624454148458,0.0,26.20087336244537,0.0,15,0.0,0.0,0.0,25,0.0,20,0.0,0.0,7.058823529411962,N,,N,
05:07,NESTLEIND,17963,1504.3,0.74,1.49,,69.7,21.6,NORMAL,Y,7.433699437449712,0.0,22.301098312349133,0.0,15,0.0,0.0,0.0,25,0.0,0.0,20,0.0,1.6000000000003638,N,,N,
05:07,HYUNDAI,25844,2216.3,0.74,1.48,,92.5,0.0,NORMAL,Y,7.409090909090992,0.0,22.227272727272975,0.0,15,0.0,0.0,0.0,25,0.0,20,0.0,2.857142857144713,0.0,N,,N,
05:07,PNBGILTS,8736,80.71,0.72,1.45,,75.1,46.2,NORMAL,N,7.238237863471837,0.0,21.71471359041551,0.0,15,0.0,0.0,6.191231217059461,25,0.0,0.0,20,0.0,20.0,N,,N,
05:07,NITTAGELA,762824,1623.4,0.71,1.43,,88.5,20.0,NORMAL,N,7.134437620199765,0.0,21.403312860599293,0.0,15,0.0,0.0,0.0,25,0.0,0.0,20,20.0,0.0,N,,N,
05:07,SUPREMEINF,15002,86.06,0.7,1.4,,68.1,20.0,NORMAL,Y,7.020828457758116,0.0,21.06248537327435,0.0,15,0.0,0.0,0.0,25,0.0,0.0,20,0.0,0.0,N,,N,
05:07,COCHINSHIP,21508,1506.0,0.67,1.34,,100.7,0.0,NORMAL,Y,6.684491978609626,0.0,20.053475935828878,0.0,15,0.0,0.0,0.0,25,0.0,20,0.0,14.00000000000091,0.0,N,,N,
05:07,AJANTPHARM,8124,3528.5,0.64,1.27,,67.8,20.0,NORMAL,Y,6.360161998745132,0.0,19.080485996235396,0.0,15,0.0,0.0,0.0,25,0.0,0.0,20,2.3255813953487388,0.0,N,,N,
05:07,ZFCVINDIA,16915,2631.0,0.61,1.22,,84.5,9.5,NORMAL,Y,6.118546845124283,0.0,18.35564053537285,0.0,15,0.0,0.0,0.0,25,0.0,20,0.0,0.0,9.523809523809936,N,,N,
05:07,WABAG,20188,1960.9,0.55,1.11,,84.2,15.9,NORMAL,N,5.5381775293575615,0.0,16.614532588072684,0.0,15,0.0,0.0,2.032106735348637,25,0.0,20,0.0,0.0,13.82352941176447,N,,N,
05:07,ENDURANCE,18822,3004.2,0.55,1.1,,62.0,27.9,NORMAL,Y,5.488988553450578,0.0,16.466965660351732,0.0,15,0.0,0.0,0.0,25,0.0,0.0,20,0.0,7.857142857142973,N,,N,
05:07,SKFINDIA,3186,1530.9,0.54,1.08,,101.5,0.0,NORMAL,Y,5.385171077690973,0.0,16.15551323307292,0.0,15,0.0,0.0,0.0,25,0.0,20,0.0,20.0,0.0,N,,N,
05:07,CREDITACC,4421,1547.5,0.47,0.93,,68.3,20.0,NORMAL,Y,4.67441407518019,0.0,14.023242225540567,0.0,15,0.0,0.0,0.0,25,0.0,0.0,20,9.62962962962913,0.0,N,,N,
05:07,MASTEK,2124,1821.0,0.46,0.93,,78.5,0.7,NORMAL,Y,4.6342270771268295,0.0,13.90268123138049,0.0,15,0.0,0.0,0.0,25,0.0,20,0.0,0.0,0.6896551724131441,N,,N,
05:07,IPCALAB,1633,1756.3,0.45,0.9,,78.1,20.0,NORMAL,N,4.518416838252038,0.0,13.555250514756114,0.0,15,0.0,0.0,0.0,25,0.0,0.0,20,20.0,0.0,N,,N,
05:07,PAYTM,6705,1600.0,0.4,0.79,,55.8,27.9,NORMAL,Y,3.953065194202143,0.0,11.859195582606429,0.0,15,0.0,0.0,0.0,25,0.0,0.0,20,0.0,7.857142857142335,N,,N,
05:08,RATNAMANI,13451,2263.7,0.39,0.77,,79.6,0.0,NORMAL,N,3.8580931263857283,0.0,11.574279379157186,0.0,15,0.0,0.0,0.0,25,0.0,20,0.0,4.1176470588223495,0.0,N,,N,
05:08,SBFC,18026,94.19,0.37,0.75,,89.3,1.7,NORMAL,Y,3.729752770673426,0.0,11.189258312020277,0.0,15,0.0,0.0,1.7191555320334413,25,0.0,20,0.0,12.631578947367554,0.0,N,,N,
05:08,ICICIGI,21770,1649.5,0.37,0.73,,74.6,20.0,NORMAL,N,3.6507453605111047,0.0,10.952236081533314,0.0,15,0.0,0.0,0.0,25,0.0,20,0.0,0.0,20.0,N,,N,
05:08,IDFCFIRSTB,11184,84.57,0.36,0.71,,74.2,10.0,NORMAL,Y,3.559985760056926,0.0,10.679957280170779,0.0,15,0.0,0.0,0.0,25,0.0,20,0.0,0.0,9.999999999998224,N,,N,
05:08,PIDILITIND,2664,1691.1,0.31,0.63,,85.1,0.0,NORMAL,Y,3.143907936884539,0.0,9.431723810653615,0.0,15,0.0,0.0,0.0,25,0.0,20,0.0,12.50000000000071,0.0,N,,N,
05:08,GODREJCP,10099,928.3,-9.43,18.87,,56.5,65.0,NORMAL,Y,0.0,30.0,30.0,0.0,0.0,15,0.0,0.0,25,0.0,0.0,20,1.538461538460193,0.0,N,,N,
05:08,JUBLPHARMA,3637,903.3,-6.39,12.79,,55.0,71.4,NORMAL,Y,0.0,30.0,30.0,0.0,0.0,15,0.0,0.0,25,0.0,0.0,20,0.0,6.428571428571467,N,,N,
05:08,TECHNOE,6445,997.0,-5.77,11.54,,83.7,45.0,NORMAL,Y,0.0,30.0,30.0,0.0,0.0,15,0.0,0.0,25,0.0,20,0.0,8.695652173912356,0.0,N,,N,
05:08,RHIM,31163,391.7,-5.74,11.48,,68.6,65.0,NORMAL,Y,0.0,30.0,30.0,0.0,0.0,15,0.0,0.0,25,0.0,0.0,20,13.636363636363356,0.0,N,,N,
05:08,RAMCOSYS,7851,619.9,-5.0,9.99,,30.0,90.0,NORMAL,Y,0.0,30.0,30.0,0.0,0.0,15,0.0,0.0,0.0,25,0.0,20,0.0,0.0,N,,N,
05:08,FORTIS,14592,890.8,-4.75,9.5,,55.0,78.8,NORMAL,Y,0.0,30.0,30.0,0.0,0.0,15,0.0,0.0,25,0.0,0.0,20,0.0,13.846153846153374,N,,N,
05:08,BALRAMCHIN,341,598.0,-4.75,9.49,,56.9,65.0,NORMAL,Y,0.0,30.0,30.0,0.0,0.0,15,0.0,0.0,25,0.0,0.0,20,1.8518518518518206,0.0,N,,N,
05:08,AIIL,23553,548.75,-4.31,8.61,,56.3,65.0,NORMAL,Y,0.0,30.0,30.0,0.0,0.0,15,0.0,0.0,25,0.0,0.0,20,1.3333333333321207,0.0,N,,N,
05:08,SAPPHIRE,6718,227.4,-3.65,7.3,,55.0,66.5,NORMAL,N,0.0,30.0,30.0,0.0,0.0,15,0.0,0.0,25,0.0,0.0,20,0.0,1.538461538462295,N,,N,
05:08,DEVYANI,5373,137.63,-3.61,7.23,,55.0,73.3,NORMAL,N,0.0,30.0,30.0,0.0,0.0,15,0.0,0.0,25,0.0,0.0,20,0.0,8.333333333333991,N,,N,
05:08,ASTERDM,1508,825.0,-3.5,6.99,,30.0,97.0,NORMAL,Y,0.0,30.0,30.0,0.0,0.0,15,0.0,0.0,0.0,25,0.0,20,0.0,7.027027027026694,N,,N,
05:08,HISARMETAL,19322,150.6,-3.08,6.15,,30.0,90.0,NORMAL,Y,0.0,30.0,30.0,0.0,0.0,15,0.0,0.0,0.0,25,0.0,20,0.0,0.0,N,,N,
05:08,MATRIMONY,21726,521.5,-2.9,5.81,,55.0,84.0,NORMAL,N,0.0,29.044870601377813,30.0,0.0,0.0,15,0.0,0.0,25,0.0,0.0,20,0.0,20.0,N,,N,
05:08,JYOTHYLAB,15146,199.0,-2.47,4.94,,55.0,75.0,NORMAL,Y,0.0,24.7010390119584,30.0,0.0,0.0,15,0.0,0.0,25,0.0,0.0,20,0.0,15.348837209302664,N,,N,
05:08,EPACKPEB,759251,241.05,-2.47,4.94,,67.7,59.7,NORMAL,Y,0.0,24.681367590532044,30.0,0.0,0.0,15,0.0,0.0,25,0.0,0.0,20,12.727272727273949,0.0,N,,N,
05:08,MAXHEALTH,22377,1014.4,-2.46,4.92,,55.0,61.4,NORMAL,Y,0.0,24.615384615384635,30.0,0.0,0.0,15,0.0,0.0,25,0.0,0.0,20,0.0,1.8181818181822877,N,,N,
05:08,ERIS,21154,1356.3,-2.45,4.89,,55.0,74.2,NORMAL,Y,0.0,24.455153563979,30.0,0.0,0.0,15,0.0,0.0,25,0.0,0.0,20,0.0,14.782608695649424,N,,N,
05:08,ROLEXRINGS,5279,172.98,-2.43,4.86,,74.3,59.3,NORMAL,N,0.0,24.310451802132118,30.0,0.0,0.0,15,0.0,0.0,25,0.0,0.0,20,19.333333333332984,0.0,N,,N,
05:08,ADANIGREEN,3563,1332.8,-2.43,4.86,,55.0,74.8,NORMAL,Y,0.0,24.30453879941438,30.0,0.0,0.0,15,0.0,0.0,25,0.0,0.0,20,0.0,15.454545454545547,N,,N,
05:08,BECTORFOOD,1628,235.03,-2.32,4.65,,58.7,58.2,NORMAL,N,0.0,23.23165156678582,30.0,0.0,0.0,15,0.0,0.0,25,0.0,0.0,20,3.6842105263154745,0.0,N,,N,
05:08,PATANJALI,17029,344.8,-2.32,4.65,,55.0,70.5,NORMAL,Y,0.0,23.229461756373905,30.0,0.0,0.0,15,0.0,0.0,25,0.0,0.0,20,0.0,12.30769230769204,N,,N,
05:08,MEDANTA,11956,1407.6,-2.28,4.55,,32.0,104.1,NORMAL,N,0.0,22.771452374340587,30.0,0.0,0.0,15,0.0,2.0327536245956312,0.0,25,0.0,20,0.0,19.290780141843978,N,,N,
05:08,PSPPROJECT,20877,914.35,-2.16,4.31,,55.0,76.6,NORMAL,Y,0.0,21.56233279828783,30.0,0.0,0.0,15,0.0,0.0,25,0.0,0.0,20,0.0,20.0,N,,N,
05:08,PTC,11355,168.39,-2.07,4.14,,55.0,66.1,NORMAL,N,0.0,20.703692933992457,30.0,0.0,0.0,15,0.0,0.0,25,0.0,0.0,20,0.0,10.370370370372164,N,,N,
05:08,TEJASNET,21131,522.6,-2.06,4.12,,61.7,55.6,NORMAL,Y,0.0,20.614692653673163,30.0,0.0,0.0,15,0.0,0.0,25,0.0,0.0,20,6.666666666669193,0.0,N,,N,
05:08,KNRCON,15283,134.04,-2.05,4.09,,55.0,60.3,NORMAL,N,0.0,20.461853259280996,30.0,0.0,0.0,15,0.0,0.0,25,0.0,0.0,20,0.0,4.800000000000182,N,,N,
05:08,REDINGTON,14255,347.45,-2.0,4.01,,55.0,59.2,NORMAL,N,0.0,20.025384289945066,30.0,0.0,0.0,15,0.0,0.0,25,0.0,0.0,20,0.0,4.210526315789284,N,,N,
05:08,PIIND,24184,2609.7,-4.41,8.81,,55.0,77.1,NORMAL,Y,0.0,30.0,30.0,0.0,0.0,15,0.0,0.0,25,0.0,0.0,20,0.0,12.134831460674238,N,,N,
05:08,PDSL,5264,369.0,-1.99,3.98,,71.7,54.9,NORMAL,N,0.0,19.9203187250996,30.0,0.0,0.0,15,0.0,0.0,25,0.0,0.0,20,16.666666666666035,0.0,N,,N,
05:08,MRPL,2283,177.63,-1.94,3.88,,55.0,68.8,NORMAL,N,0.0,19.37727724412052,30.0,0.0,0.0,15,0.0,0.0,25,0.0,0.0,20,0.0,14.375000000001442,N,,N,
05:08,OMNI,760865,586.85,-1.91,3.81,,55.0,63.5,NORMAL,Y,0.0,19.055578771416595,30.0,0.0,0.0,15,0.0,0.0,25,0.0,0.0,20,0.0,9.433962264150619,N,,N,
05:08,MAXESTATES,19646,418.55,-1.9,3.8,,55.0,54.0,NORMAL,N,0.0,18.985116606117344,30.0,0.0,0.0,15,0.0,0.0,25,0.0,0.0,20,0.0,0.0,N,,N,
05:08,BRIGADE,15184,593.8,-1.87,3.73,,61.0,53.7,NORMAL,N,0.0,18.674599239795185,30.0,0.0,0.0,15,0.0,0.0,25,0.0,0.0,20,6.000000000003638,0.0,N,,N,
05:08,M&M,2031,3416.4,-2.86,5.72,,55.0,74.6,NORMAL,N,0.0,28.60392379869204,30.0,0.0,0.0,15,0.0,0.0,25,0.0,0.0,20,0.0,10.980392156863655,N,,N,
05:08,WINDLAS,5366,925.95,-1.82,3.64,,75.0,53.2,NORMAL,N,0.0,18.184709998939642,30.0,0.0,0.0,15,0.0,0.0,25,0.0,0.0,20,20.0,0.0,N,,N,
05:08,UNICHEMLAB,3579,563.4,-1.81,3.62,,55.0,56.5,NORMAL,N,0.0,18.12478215406061,30.0,0.0,0.0,15,0.0,0.0,25,0.0,0.0,20,0.0,3.3846153846151052,N,,N,
05:08,LLOYDSME,17313,1930.6,-2.8,5.6,,55.0,71.3,NORMAL,Y,0.0,27.993152754002686,30.0,0.0,0.0,15,0.0,0.0,25,0.0,0.0,20,0.0,8.275862068965342,N,,N,
05:08,INTELLECT,5926,710.7,-1.79,3.58,,55.0,64.9,NORMAL,Y,0.0,17.895391418503326,30.0,0.0,0.0,15,0.0,0.0,25,0.0,0.0,20,0.0,11.999999999998181,N,,N,
05:08,LUXIND,11301,1226.9,-1.75,3.51,,30.0,97.5,NORMAL,Y,0.0,17.53683536194736,30.0,0.0,0.0,15,0.0,0.0,0.0,25,0.0,20,0.0,20.0,N,,N,
05:08,HIKAL,9668,214.22,-1.72,3.45,,30.0,88.7,NORMAL,Y,0.0,17.24928892558946,30.0,0.0,0.0,15,0.0,0.0,0.0,25,0.0,20,0.0,11.500000000000142,N,,N,
05:08,LUMAXTECH,14014,2020.0,-2.71,5.42,,55.0,68.6,NORMAL,N,0.0,27.1155420700285,30.0,0.0,0.0,15,0.0,0.0,25,0.0,0.0,20,0.0,6.52173913043475,N,,N,
05:08,GREAVESCOT,1235,194.41,-1.7,3.41,,60.0,52.0,NORMAL,Y,0.0,17.03913439174843,30.0,0.0,0.0,15,0.0,0.0,25,0.0,0.0,20,5.000000000001522,0.0,N,,N,
05:08,RUPA,25724,156.07,-1.69,3.39,,30.0,95.7,NORMAL,Y,0.0,16.943814562862165,30.0,0.0,0.0,15,0.0,0.0,0.0,25,0.0,20,0.0,18.709677419354186,N,,N,
05:08,GODREJIND,10925,1268.0,-1.69,3.38,,65.0,51.9,NORMAL,Y,0.0,16.90184524732513,30.0,0.0,0.0,15,0.0,0.0,25,0.0,0.0,20,10.0,0.0,N,,N,
05:08,VAIBHAVGBL,11364,233.75,-1.64,3.28,,55.0,58.7,NORMAL,Y,0.0,16.410687986534843,30.0,0.0,0.0,15,0.0,0.0,25,0.0,0.0,20,0.0,7.272727272727085,N,,N,
05:08,SPARC,14788,201.9,-1.64,3.27,,62.3,51.4,NORMAL,Y,0.0,16.369482607424654,30.0,0.0,0.0,15,0.0,0.0,25,0.0,0.0,20,7.272727272727205,0.0,N,,N,
05:08,360ONE,13061,1149.2,-1.61,3.22,,82.1,31.1,NORMAL,N,0.0,16.095890410958866,30.0,0.0,0.0,15,0.0,0.0,25,0.0,20,0.0,7.058823529411843,0.0,N,,N,
05:08,SURYODAY,2970,161.05,-1.59,3.19,,55.0,52.1,NORMAL,Y,0.0,15.947696443846912,30.0,0.0,0.0,15,0.0,0.0,25,0.0,0.0,20,0.0,1.1764705882343107,N,,N,
05:08,RAYMOND,2859,614.35,-1.59,3.19,,72.8,50.9,NORMAL,N,0.0,15.937850392439426,30.0,0.0,0.0,15,0.0,0.0,25,0.0,0.0,20,17.777777777779463,0.0,N,,N,
05:08,RAMKY,20134,390.0,-1.58,3.15,,55.0,50.8,NORMAL,Y,0.0,15.772870662460566,30.0,0.0,0.0,15,0.0,0.0,25,0.0,0.0,20,0.0,0.0,N,,N,
05:08,ABDL,24308,610.05,-1.57,3.15,,61.5,50.7,NORMAL,Y,0.0,15.730880929332043,30.0,0.0,0.0,15,0.0,0.0,25,0.0,0.0,20,6.47058823529341,0.0,N,,N,
05:08,MAITHANALL,24538,990.0,-1.55,3.1,,55.0,70.5,NORMAL,N,0.0,15.513126491646801,30.0,0.0,0.0,15,0.0,0.0,25,0.0,0.0,20,0.0,20.0,N,,N,
05:08,SUPREMEIND,3363,3406.6,-2.53,5.06,,90.8,40.3,NORMAL,Y,0.0,25.29327610872678,30.0,0.0,0.0,15,0.0,0.0,25,0.0,20,0.0,15.83333333333349,0.0,N,,N,
05:08,AVANTIFEED,7936,846.75,-1.52,3.04,,50.0,55.2,NORMAL,Y,0.0,15.177948360083688,30.0,0.0,0.0,15,0.0,0.0,0.0,25,20,0.0,0.0,0.0,N,,N,
05:08,VIPIND,3703,312.1,-1.51,3.03,,73.2,50.1,NORMAL,N,0.0,15.14673398548424,30.0,0.0,0.0,15,0.0,0.0,25,0.0,0.0,20,18.181818181819686,0.0,N,,N,
05:08,JUBLINGREA,2783,722.0,-1.51,3.03,,34.3,78.2,NORMAL,Y,0.0,15.141181284954335,30.0,0.0,0.0,15,0.0,3.066642911034966,0.0,25,0.0,20,1.2499999999989342,0.0,N,,N,
05:08,UNOMINDA,14154,1255.9,-1.5,3.0,,55.0,54.7,NORMAL,N,0.0,14.980392156862674,30.0,0.0,0.0,15,0.0,0.0,25,0.0,0.0,20,0.0,4.705882352939446,N,,N,
05:08,EMSLIMITED,18593,388.0,-1.5,3.0,,55.0,56.3,NORMAL,Y,0.0,14.978420919014924,30.0,0.0,0.0,15,0.0,0.0,25,0.0,0.0,20,0.0,6.315789473684525,N,,N,
05:08,EIDPARRY,916,776.75,-1.49,2.98,,55.0,61.4,NORMAL,Y,0.0,14.901712111604313,30.0,0.0,0.0,15,0.0,0.0,25,0.0,0.0,20,0.0,11.538461538461942,N,,N,
05:08,RALLIS,2816,208.36,-1.48,2.97,,72.5,49.8,NORMAL,Y,0.0,14.846335697399464,30.0,0.0,0.0,15,0.0,0.0,25,0.0,0.0,20,17.468354430379236,0.0,N,,N,
05:08,RGL,15129,113.5,-1.48,2.95,,55.0,49.8,NORMAL,Y,0.0,14.75694444444447,30.0,0.0,0.0,15,0.0,0.0,25,0.0,0.0,20,0.0,0.0,N,,N,
05:08,JUBLFOOD,18096,481.0,-1.47,2.95,,65.3,49.7,NORMAL,N,0.0,14.748054076198255,30.0,0.0,0.0,15,0.0,0.0,25,0.0,0.0,20,10.285714285714025,0.0,N,,N,
05:08,FSL,14304,275.6,-1.43,2.86,,55.0,56.0,NORMAL,Y,0.0,14.306151645207436,30.0,0.0,0.0,15,0.0,0.0,25,0.0,0.0,20,0.0,6.666666666666666,N,,N,
05:08,GANESHHOU,14339,753.1,-1.42,2.84,,53.5,77.7,NORMAL,Y,0.0,14.2025001636233,30.0,0.0,0.0,15,0.0,3.522310464177241,0.0,25,0.0,20,20.0,0.0,N,,N,
05:08,KSB,1949,800.35,-1.42,2.83,,55.0,60.3,NORMAL,Y,0.0,14.165178296483342,30.0,0.0,0.0,15,0.0,0.0,25,0.0,0.0,20,0.0,11.11111111111069,N,,N,
05:08,ZUARI,29050,222.24,-1.41,2.82,,75.0,49.1,NORMAL,Y,0.0,14.107000266169724,30.0,0.0,0.0,15,0.0,0.0,25,0.0,0.0,20,20.0,0.0,N,,N,
05:08,RSYSTEMS,13414,241.5,-1.41,2.82,,57.9,49.1,NORMAL,Y,0.0,14.084507042253476,30.0,0.0,0.0,15,0.0,0.0,25,0.0,0.0,20,2.857142857143553,0.0,N,,N,
05:08,EBGNG,757862,564.5,-1.41,2.81,,69.5,49.1,NORMAL,N,0.0,14.059907431665279,30.0,0.0,0.0,15,0.0,0.0,25,0.0,0.0,20,14.545454545454922,0.0,N,,N,
05:08,UCAL,3570,116.0,-1.4,2.8,,30.0,74.0,NORMAL,Y,0.0,14.024649383765453,30.0,0.0,0.0,15,0.0,0.0,0.0,25,0.0,20,0.0,0.0,N,,N,
05:08,KPITTECH,9683,618.3,-1.39,2.78,,56.5,48.9,NORMAL,N,0.0,13.875598086124475,30.0,0.0,0.0,15,0.0,0.0,25,0.0,0.0,20,1.538461538460193,0.0,N,,N,
05:08,ANGELONE,324,287.4,-1.37,2.75,,84.2,28.7,NORMAL,Y,0.0,13.726835964310228,30.0,0.0,0.0,15,0.0,0.0,25,0.0,20,0.0,9.230769230769903,0.0,N,,N,
05:08,EXICOM,22947,142.01,-1.35,2.7,,59.2,48.5,NORMAL,Y,0.0,13.47690170197984,30.0,0.0,0.0,15,0.0,0.0,25,0.0,0.0,20,4.2105263157886865,0.0,N,,N,
05:08,GMRAIRPORT,13528,103.72,-1.32,2.64,,55.0,52.5,NORMAL,Y,0.0,13.224241271049381,30.0,0.0,0.0,15,0.0,0.0,25,0.0,0.0,20,0.0,4.285714285714431,N,,N,
05:08,HCG,15555,729.2,-1.32,2.64,,64.3,48.2,NORMAL,N,0.0,13.194397455849517,30.0,0.0,0.0,15,0.0,0.0,25,0.0,0.0,20,9.285714285714983,0.0,N,,N,
05:08,SONATSOFTW,6596,329.5,-1.32,2.64,,55.0,68.2,NORMAL,N,0.0,13.177598083258392,30.0,0.0,0.0,15,0.0,0.0,25,0.0,0.0,20,0.0,20.0,N,,N,
05:08,NELCO,2388,982.0,-1.32,2.63,,55.0,55.4,NORMAL,N,0.0,13.164506079790998,30.0,0.0,0.0,15,0.0,0.0,25,0.0,0.0,20,0.0,7.200000000000728,N,,N,
05:08,VMM,27969,108.8,-1.32,2.63,,55.0,58.4,NORMAL,Y,0.0,13.15192743764175,30.0,0.0,0.0,15,0.0,0.0,25,0.0,0.0,20,0.0,10.256410256410387,N,,N,
05:08,SHALBY,714,159.6,-1.28,2.56,,50.0,72.8,NORMAL,Y,0.0,12.803859714232654,30.0,0.0,0.0,15,0.0,0.0,0.0,25,0.0,20,20.0,0.0,N,,N,
05:08,GPIL,13409,229.23,-1.27,2.54,,55.0,52.6,NORMAL,Y,0.0,12.705659402188031,30.0,0.0,0.0,15,0.0,0.0,25,0.0,0.0,20,0.0,4.931506849315133,N,,N,
05:08,TRITURBINE,25584,592.8,-1.26,2.52,,55.0,47.6,NORMAL,Y,0.0,12.575997334888097,30.0,0.0,0.0,15,0.0,0.0,25,0.0,0.0,20,0.0,0.0,N,,N,
05:08,MARICO,4067,844.25,-1.26,2.51,,55.0,49.6,NORMAL,Y,0.0,12.573099415204677,30.0,0.0,0.0,15,0.0,0.0,25,0.0,0.0,20,0.0,2.068965517241163,N,,N,
05:08,JSL,11236,716.0,-1.25,2.51,,73.0,47.5,NORMAL,Y,0.0,12.549993104399425,30.0,0.0,0.0,15,0.0,0.0,25,0.0,0.0,20,17.959183673468498,0.0,N,,N,
05:08,SWIGGY,27066,277.0,-1.25,2.5,,60.7,47.5,NORMAL,Y,0.0,12.4777183600713,30.0,0.0,0.0,15,0.0,0.0,25,0.0,0.0,20,5.714285714283394,0.0,N,,N,
05:08,TATACONSUM,3432,1065.0,-1.21,2.41,,65.0,47.1,NORMAL,Y,0.0,12.059369202226344,30.0,0.0,0.0,15,0.0,0.0,25,0.0,0.0,20,9.999999999996211,0.0,N,,N,
05:08,POLICYBZR,6656,1694.8,-2.2,4.41,,55.0,60.4,NORMAL,N,0.0,22.04270051933067,30.0,0.0,0.0,15,0.0,0.0,25,0.0,0.0,20,0.0,3.333333333333965,N,,N,
05:08,KALYANKJIL,2955,594.95,-1.2,2.41,,59.3,47.0,NORMAL,N,0.0,12.03918963799402,30.0,0.0,0.0,15,0.0,0.0,25,0.0,0.0,20,4.285714285714054,0.0,N,,N,
05:08,BLUESTARCO,8311,1480.2,-1.18,2.36,,70.6,46.8,NORMAL,Y,0.0,11.816543160424624,30.0,0.0,0.0,15,0.0,0.0,25,0.0,0.0,20,15.555555555555369,0.0,N,,N,
05:08,SAREGAMA,4892,522.85,-1.18,2.36,,68.7,46.8,NORMAL,N,0.0,11.812511812511811,30.0,0.0,0.0,15,0.0,0.0,25,0.0,0.0,20,13.749999999999645,0.0,N,,N,
05:08,BPCL,526,314.15,-1.15,2.3,,55.0,49.8,NORMAL,Y,0.0,11.48521082441798,30.0,0.0,0.0,15,0.0,0.0,25,0.0,0.0,20,0.0,3.333333333333965,N,,N,
05:08,HAPPSTMNDS,48,389.85,-1.14,2.28,,62.6,48.6,NORMAL,Y,0.0,11.411182959300113,30.0,0.0,0.0,15,0.0,2.145450962802823,25,0.0,0.0,20,5.454545454544515,0.0,N,,N,
05:08,ASAHIINDIA,5378,891.5,-1.13,2.25,,75.0,46.3,NORMAL,Y,0.0,11.257139688349113,30.0,0.0,0.0,15,0.0,0.0,25,0.0,0.0,20,20.0,0.0,N,,N,
05:08,ZENSARTECH,1076,495.05,-1.11,2.22,,55.0,51.1,NORMAL,Y,0.0,11.086695964842214,30.0,0.0,0.0,15,0.0,0.0,25,0.0,0.0,20,0.0,4.999999999998579,N,,N,
05:08,GULFOILLUB,4391,1176.7,-1.1,2.2,,55.0,66.0,NORMAL,N,0.0,11.010253824172054,30.0,0.0,0.0,15,0.0,0.0,25,0.0,0.0,20,0.0,20.0,N,,N,
05:08,ETERNAL,5097,314.55,-1.08,2.17,,34.4,70.8,NORMAL,N,0.0,10.849056603773551,30.0,0.0,0.0,15,0.0,0.0,0.0,25,0.0,20,4.444444444443041,0.0,N,,N,
05:08,TATAINVEST,1621,681.45,-1.06,2.12,,67.9,45.6,NORMAL,N,0.0,10.598911070780336,30.0,0.0,0.0,15,0.0,0.0,25,0.0,0.0,20,12.85714285714274,0.0,N,,N,
05:08,ADANIPOWER,17388,206.79,-1.06,2.11,,55.0,45.6,NORMAL,Y,0.0,10.574162679425877,30.0,0.0,0.0,15,0.0,0.0,25,0.0,0.0,20,0.0,0.0,N,,N,
05:08,TREJHARA,7518,163.8,-1.05,2.1,,30.0,70.5,NORMAL,N,0.0,10.511054729974513,30.0,0.0,0.0,15,0.0,0.0,0.0,25,0.0,20,0.0,0.0,N,,N,
05:08,INFY,1594,1178.2,-1.05,2.1,,40.8,70.5,NORMAL,N,0.0,10.498026371042245,30.0,0.0,0.0,15,0.0,0.0,0.0,25,0.0,20,10.769230769231847,0.0,N,,N,
05:08,DABUR,772,408.35,-1.04,2.08,,72.5,45.4,NORMAL,Y,0.0,10.420453168544663,30.0,0.0,0.0,15,0.0,0.0,25,0.0,0.0,20,17.49999999999929,0.0,N,,N,
05:08,PCBL,2649,318.8,-1.04,2.08,,55.0,61.0,NORMAL,Y,0.0,10.398882508148272,30.0,0.0,0.0,15,0.0,0.0,25,0.0,0.0,20,0.0,15.555555555556959,N,,N,
05:08,SANGAMIND,4184,575.9,-1.04,2.08,,75.0,28.1,NORMAL,Y,0.0,10.396082137640809,30.0,0.0,0.0,15,0.0,0.0,25,0.0,20,0.0,0.0,2.6666666666672727,N,,N,
05:08,RECLTD,15355,341.15,-1.03,2.06,,75.0,35.3,NORMAL,Y,0.0,10.2988105599072,30.0,0.0,0.0,15,0.0,0.0,25,0.0,20,0.0,0.0,10.000000000000814,N,,N,
05:08,WHIRLPOOL,18011,787.0,-1.01,2.03,,65.0,45.1,NORMAL,Y,0.0,10.12514936167531,30.0,0.0,0.0,15,0.0,0.0,25,0.0,0.0,20,10.0,0.0,N,,N,
05:08,PREMIERENE,25049,1039.4,-1.01,2.02,,30.0,90.1,NORMAL,Y,0.0,10.095238095238008,30.0,0.0,0.0,15,0.0,0.0,0.0,25,0.0,20,0.0,20.0,N,,N,
05:08,ORIENTELEC,2972,188.77,-1.0,2.0,,75.0,45.0,NORMAL,N,0.0,10.016782043213743,30.0,0.0,0.0,15,0.0,0.0,25,0.0,0.0,20,20.0,0.0,N,,N,
05:08,JIOFIN,18143,250.25,-0.99,1.98,,68.4,44.9,NORMAL,N,0.0,9.891196834817013,29.673590504451035,0.0,0.0,15,0.0,0.0,25,0.0,0.0,20,13.684210526316072,0.0,N,,N,
05:08,SUNTECK,17641,293.65,-0.98,1.96,,74.3,24.8,NORMAL,Y,0.0,9.779126622829317,29.33737986848795,0.0,0.0,15,0.0,0.0,25,0.0,20,0.0,0.0,0.0,N,,N,
05:08,BEL,383,401.9,-0.97,1.95,,54.2,44.7,NORMAL,N,0.0,9.732659849698276,29.19797954909483,0.0,0.0,15,0.0,0.0,25,0.0,0.0,20,0.0,0.0,N,,N,
05:08,FDC,4898,357.4,-0.97,1.94,,54.1,49.7,NORMAL,Y,0.0,9.697977279024661,29.09393183707398,0.0,0.0,15,0.0,0.0,25,0.0,0.0,20,0.0,4.999999999995737,N,,N,
05:08,GAIL,4717,173.65,-0.96,1.93,,53.9,46.3,NORMAL,Y,0.0,9.6384167902361,28.9152503707083,0.0,0.0,15,0.0,0.0,25,0.0,0.0,20,0.0,1.6666666666650876,N,,N,
05:08,ROUTE,128,525.05,-0.95,1.91,,53.6,44.5,NORMAL,Y,0.0,9.526504433125954,28.579513299377858,0.0,0.0,15,0.0,0.0,25,0.0,0.0,20,0.0,0.0,N,,N,
05:08,WESTLIFE,11580,577.95,-0.94,1.89,,62.8,44.4,NORMAL,N,0.0,9.426686091353158,28.280058274059474,0.0,0.0,15,0.0,0.0,25,0.0,0.0,20,9.523809523809936,0.0,N,,N,
05:08,PRAJIND,2705,326.8,-0.94,1.88,,53.2,53.0,NORMAL,N,0.0,9.396786905122662,28.190360715367984,0.0,0.0,15,0.0,0.0,25,0.0,0.0,20,0.0,8.571428571428108,N,,N,
05:08,RAINBOW,9408,1490.2,-0.92,1.85,,52.7,44.2,NORMAL,Y,0.0,9.241406821354873,27.724220464064622,0.0,0.0,15,0.0,0.0,25,0.0,0.0,20,0.0,0.0,N,,N,
05:08,MOTILALOFS,14947,879.8,-0.92,1.85,,57.7,44.2,NORMAL,Y,0.0,9.234234234234286,27.702702702702855,0.0,0.0,15,0.0,0.0,25,0.0,0.0,20,4.999999999999052,0.0,N,,N,
05:08,KIMS,4847,805.55,-0.92,1.84,,30.0,69.2,NORMAL,N,0.0,9.224524936965746,27.673574810897243,0.0,0.0,15,0.0,0.0,0.0,25,0.0,20,2.3529411764710604,0.0,N,,N,
05:08,MUKANDLTD,11325,139.32,-0.92,1.83,,52.5,44.2,NORMAL,N,0.0,9.174311926605649,27.522935779816947,0.0,0.0,15,0.0,0.0,25,0.0,0.0,20,0.0,0.0,N,,N,
05:08,IFCI,1491,74.25,-1.92,3.83,,55.0,55.6,NORMAL,Y,0.0,19.15455746367243,30.0,0.0,0.0,15,0.0,0.0,25,0.0,0.0,20,0.0,1.4285714285721538,N,,N,
05:08,IEX,220,124.85,-0.91,1.83,,52.4,60.6,NORMAL,Y,0.0,9.126984126984173,27.380952380952518,0.0,0.0,15,0.0,0.0,25,0.0,0.0,20,0.0,16.47058823529402,N,,N,
05:08,GARFIBRES,1100,779.25,-0.91,1.82,,57.3,44.1,NORMAL,N,0.0,9.092065106815841,27.276195320447524,0.0,0.0,15,0.0,0.0,25,0.0,0.0,20,5.000000000005684,0.0,N,,N,
05:08,JKIL,15266,493.15,-0.89,1.79,,51.8,43.9,NORMAL,Y,0.0,8.942926045016169,26.828778135048506,0.0,0.0,15,0.0,0.0,25,0.0,0.0,20,0.0,0.0,N,,N,
05:08,KOTAKBANK,1922,389.4,-0.89,1.78,,51.7,55.3,NORMAL,Y,0.0,8.908119114278444,26.72435734283533,0.0,0.0,15,0.0,0.0,25,0.0,0.0,20,0.0,11.428571428573285,N,,N,
05:08,NEWGEN,1164,550.2,-0.88,1.77,,71.5,27.2,NORMAL,Y,0.0,8.827238335435016,26.48171500630505,0.0,0.0,15,0.0,0.0,25,0.0,20,0.0,0.0,3.333333333330807,N,,N,
05:08,DEEPAKNTR,19943,1751.4,-1.87,3.74,,72.2,53.7,NORMAL,N,0.0,18.713581353652994,30.0,0.0,0.0,15,0.0,0.0,25,0.0,0.0,20,17.22222222222215,0.0,N,,N,
05:08,ATGL,6066,660.35,-0.87,1.74,,51.1,56.6,NORMAL,Y,0.0,8.706747729490287,26.12024318847086,0.0,0.0,15,0.0,0.0,25,0.0,0.0,20,0.0,12.94117647058682,N,,N,
05:08,FINPIPE,1041,161.27,-0.85,1.71,,56.3,43.5,NORMAL,Y,0.0,8.545432189843764,25.636296569531286,0.0,0.0,15,0.0,0.0,25,0.0,0.0,20,5.625000000000333,0.0,N,,N,
05:08,TIMKEN,14198,3223.0,-1.85,3.71,,86.1,33.5,NORMAL,N,0.0,18.545022686439932,30.0,0.0,0.0,15,0.0,0.0,25,0.0,20,0.0,11.063829787236019,0.0,N,,N,
05:08,ROSSARI,19410,500.7,-0.83,1.66,,50.0,60.0,NORMAL,Y,0.0,8.318478906714178,24.955436720142536,0.0,0.0,15,0.0,0.0,25,0.0,0.0,20,0.0,16.666666666666668,N,,N,
05:08,SHILPAMED,17752,812.9,-0.83,1.66,,69.9,30.3,NORMAL,N,0.0,8.295717945589933,24.887153836769798,0.0,0.0,15,0.0,0.0,25,0.0,20,0.0,0.0,6.976744186046585,N,,N,
05:08,WOCKPHARMA,7506,1874.5,-1.83,3.66,,55.0,68.2,NORMAL,Y,0.0,18.277993086833607,30.0,0.0,0.0,15,0.0,0.0,25,0.0,0.0,20,0.0,14.893617021276452,N,,N,
05:08,WSTCSTPAPR,3799,592.2,-0.82,1.64,,49.6,57.4,NORMAL,N,0.0,8.20633059788976,24.618991793669284,0.0,0.0,15,0.0,0.0,25,0.0,0.0,20,0.0,14.193548387097483,N,,N,
05:08,ORIENTCEM,30089,133.04,-0.81,1.63,,69.4,43.1,NORMAL,Y,0.0,8.126444494147494,24.37933348244248,0.0,0.0,15,0.0,0.0,25,0.0,0.0,20,20.0,0.0,Y,NONRESULTS,N,
05:08,POONAWALLA,11403,483.25,-0.81,1.62,,62.0,43.1,NORMAL,N,0.0,8.10755336617403,24.322660098522096,0.0,0.0,15,0.0,0.0,25,0.0,0.0,20,12.727272727272538,0.0,N,,N,
05:08,TATAPOWER,3426,376.95,-0.8,1.61,,49.1,58.0,NORMAL,Y,0.0,8.026315789473713,24.078947368421144,0.0,0.0,15,0.0,0.0,25,0.0,0.0,20,0.0,15.000000000001421,N,,N,
05:08,ANTHEM,757885,884.5,-0.8,1.6,,52.3,43.0,NORMAL,N,0.0,8.01884147367238,24.05652442101714,0.0,0.0,15,0.0,0.0,25,0.0,0.0,20,3.255813953488618,0.0,N,,N,
05:08,NLCINDIA,8585,283.8,-0.79,1.57,,68.6,22.9,NORMAL,Y,0.0,7.865757734661771,23.597273203985313,0.0,0.0,15,0.0,0.0,25,0.0,20,0.0,0.0,0.0,N,,N,
05:08,THYROCARE,17032,644.25,-0.79,1.57,,52.7,42.9,NORMAL,N,0.0,7.854007854007889,23.562023562023665,0.0,0.0,15,0.0,0.0,25,0.0,0.0,20,4.0909090909094195,0.0,N,,N,
05:08,RELIANCE,2885,1313.6,-0.78,1.56,,52.3,42.8,NORMAL,N,0.0,7.780043809955571,23.340131429866712,0.0,0.0,15,0.0,0.0,25,0.0,0.0,20,4.0000000000009095,0.0,N,,N,
05:08,ICICIPRULI,18652,497.6,-0.78,1.56,,73.9,22.8,NORMAL,Y,0.0,7.776669990029865,23.330009970089595,0.0,0.0,15,0.0,0.0,25,0.0,20,0.0,5.555555555555696,0.0,N,,N,
05:08,TITAGARH,15414,838.3,-0.77,1.54,,65.8,42.7,NORMAL,Y,0.0,7.694128787878788,23.082386363636363,0.0,0.0,15,0.0,0.0,25,0.0,0.0,20,17.69230769230796,0.0,N,,N,
05:08,CENTURYPLY,13305,770.45,-0.77,1.53,,88.0,22.7,NORMAL,Y,0.0,7.663575476558387,22.990726429675163,0.0,0.0,15,0.0,0.0,25,0.0,20,0.0,20.0,0.0,N,,N,
05:08,NAUKRI,13751,1349.8,-0.75,1.5,,71.4,22.5,NORMAL,N,0.0,7.500000000000034,22.5000000000001,0.0,0.0,15,0.0,0.0,25,0.0,20,0.0,3.8709677419361936,0.0,N,,N,
05:08,DELHIVERY,9599,469.9,-0.75,1.5,,67.5,36.9,NORMAL,Y,0.0,7.498151863977213,22.49445559193164,0.0,0.0,15,0.0,0.0,25,0.0,20,0.0,0.0,14.444444444445567,N,,N,
05:08,JSWENERGY,17869,558.8,-0.75,1.49,,50.2,42.5,NORMAL,Y,0.0,7.460035523978767,22.3801065719363,0.0,0.0,15,0.0,0.0,25,0.0,0.0,20,2.857142857140073,0.0,N,,N,
05:08,HDBFS,757772,688.0,-0.74,1.47,,56.2,42.4,NORMAL,Y,0.0,7.3582455634107955,22.07473669023239,0.0,0.0,15,0.0,0.0,25,0.0,0.0,20,9.090909090909216,0.0,N,,N,
05:08,PUNJABCHEM,4344,1096.0,-0.72,1.45,,34.7,67.2,NORMAL,Y,0.0,7.246376811594202,21.73913043478261,0.0,0.0,15,0.0,0.0,0.0,25,0.0,20,12.911392405062912,0.0,N,,N,
05:08,SWANCORP,27095,309.0,-0.72,1.45,,46.7,42.2,NORMAL,Y,0.0,7.228915662650603,21.686746987951807,0.0,0.0,15,0.0,0.0,25,0.0,0.0,20,0.0,0.0,N,,N,
05:08,MANAPPURAM,19061,357.4,-0.72,1.44,,46.7,55.9,NORMAL,N,0.0,7.222222222222285,21.666666666666856,0.0,0.0,15,0.0,0.0,25,0.0,0.0,20,0.0,13.714285714285584,N,,N,
05:08,LTF,24948,313.15,-0.71,1.43,,66.4,34.6,NORMAL,Y,0.0,7.133798351299936,21.40139505389981,0.0,0.0,15,0.0,0.0,25,0.0,20,0.0,0.0,12.50000000000071,N,,N,
05:08,RITES,3761,225.06,-0.71,1.42,,65.6,42.1,NORMAL,N,0.0,7.102836722989303,21.30851016896791,0.0,0.0,15,0.0,0.0,25,0.0,0.0,20,19.310344827586817,0.0,N,,N,
05:08,SURYAROSNI,3375,234.16,-0.71,1.42,,59.3,42.1,NORMAL,Y,0.0,7.081372174871796,21.24411652461539,0.0,0.0,15,0.0,0.0,25,0.0,0.0,20,13.103448275862274,0.0,N,,N,
05:08,MAHLOG,385,406.5,-0.7,1.39,,45.9,42.0,NORMAL,N,0.0,6.962257237083236,20.886771711249708,0.0,0.0,15,0.0,0.0,25,0.0,0.0,20,0.0,0.0,N,,N,
05:08,NBCC,31415,92.21,-1.7,3.39,,55.0,62.0,NORMAL,Y,0.0,16.950959488272957,30.0,0.0,0.0,15,0.0,0.0,25,0.0,0.0,20,0.0,10.0,N,,N,
05:08,KRBL,10577,368.0,-0.69,1.38,,45.6,61.9,NORMAL,N,0.0,6.881662393739067,20.6449871812172,0.0,0.0,15,0.0,0.0,25,0.0,0.0,20,0.0,20.0,N,,N,
05:08,PRINCEPIPE,16045,269.2,-0.68,1.37,,65.5,41.8,NORMAL,N,0.0,6.825308983582448,20.475926950747347,0.0,0.0,15,0.0,0.0,25,0.0,20,0.0,0.0,20.0,N,,N,
05:08,SUPRAJIT,11689,527.65,-0.68,1.36,,45.3,61.8,NORMAL,N,0.0,6.776470588235337,20.329411764706013,0.0,0.0,15,0.0,0.0,25,0.0,0.0,20,0.0,20.0,N,,N,
05:08,HCLTECH,7229,1356.2,-0.67,1.35,,55.2,41.7,NORMAL,N,0.0,6.737952248425403,20.21385674527621,0.0,0.0,15,0.0,0.0,25,0.0,0.0,20,10.000000000001263,0.0,N,,N,
05:08,INDHOTEL,1512,719.15,-0.67,1.34,,45.1,46.2,NORMAL,Y,0.0,6.69889502762434,20.096685082873023,0.0,0.0,15,0.0,0.0,25,0.0,0.0,20,0.0,4.545454545454452,N,,Y,NONRESULTS
05:08,RVNL,9552,228.48,-0.66,1.32,,54.3,41.6,NORMAL,Y,0.0,6.608695652173957,19.82608695652187,0.0,0.0,15,0.0,0.0,25,0.0,0.0,20,9.473684210526788,0.0,N,,N,
05:08,CGPOWER,760,875.25,-0.65,1.31,,64.6,23.4,NORMAL,Y,0.0,6.526674233825198,19.580022701475595,0.0,0.0,15,0.0,0.0,25,0.0,20,0.0,0.0,1.9047619047622142,N,,N,
05:08,TORNTPOWER,13786,1321.8,-0.65,1.29,,44.4,53.5,NORMAL,Y,0.0,6.46422128683113,19.39266386049339,0.0,0.0,15,0.0,0.0,25,0.0,0.0,20,0.0,12.000000000000455,N,,N,
05:08,KEC,13260,447.85,-0.64,1.29,,50.5,41.4,NORMAL,Y,0.0,6.4337215751524734,19.30116472545742,0.0,0.0,15,0.0,0.0,25,0.0,0.0,20,6.15384615384602,0.0,N,,N,
05:08,NCC,2319,143.86,-0.62,1.24,,50.0,41.2,NORMAL,N,0.0,6.217187068250741,18.651561204752223,0.0,0.0,15,0.0,0.0,25,0.0,0.0,20,6.315789473684525,0.0,N,,N,
05:08,HEXT,29666,561.65,-0.62,1.24,,48.6,41.2,NORMAL,Y,0.0,6.1930460939573555,18.57913828187207,0.0,0.0,15,0.0,0.0,25,0.0,0.0,20,4.999999999999052,0.0,N,,N,
05:08,CANFINHOME,583,820.8,-0.62,1.24,,63.5,22.8,NORMAL,Y,0.0,6.175081729022912,18.525245187068737,0.0,0.0,15,0.0,0.0,25,0.0,20,0.0,0.0,1.6666666666688772,N,,Y,NONRESULTS
05:08,PURVA,14922,211.05,-0.59,1.19,,42.8,44.4,NORMAL,Y,0.0,5.934718100890165,17.804154302670494,0.0,0.0,15,0.0,0.0,25,0.0,0.0,20,0.0,3.428571428571614,N,,N,
05:08,METROPOLIS,9581,562.9,-0.59,1.18,,42.7,56.2,NORMAL,Y,0.0,5.916114790287017,17.748344370861048,0.0,0.0,15,0.0,0.0,25,0.0,0.0,20,0.0,15.238095238095548,N,,N,
05:08,IREDA,20261,118.0,-0.59,1.18,,62.7,20.9,NORMAL,Y,0.0,5.8972198820556265,17.69165964616688,0.0,0.0,15,0.0,0.0,25,0.0,20,0.0,0.0,0.0,N,,N,
05:08,RCF,2866,124.83,-0.57,1.15,,42.2,54.1,NORMAL,Y,0.0,5.734767025089597,17.20430107526879,0.0,0.0,15,0.0,0.0,25,0.0,0.0,20,0.0,13.333333333339649,N,,N,
05:08,BSOFT,6994,318.5,-0.56,1.12,,41.9,50.6,NORMAL,N,0.0,5.619731501717176,16.859194505151528,0.0,0.0,15,0.0,0.0,25,0.0,0.0,20,0.0,10.00000000000379,N,,N,
05:08,ITDC,19299,672.9,-0.55,1.11,,41.6,45.8,NORMAL,Y,0.0,5.5420084238528045,16.62602527155841,0.0,0.0,15,0.0,0.0,25,0.0,0.0,20,0.0,5.2631578947368,N,,N,
05:08,POWERGRID,14977,266.5,-0.54,1.08,,41.2,53.7,NORMAL,Y,0.0,5.411457361447988,16.234372084343967,0.0,0.0,15,0.0,0.0,25,0.0,0.0,20,0.0,13.333333333330808,N,,N,
05:08,NESCO,15409,1042.7,-0.53,1.07,,61.0,32.0,NORMAL,Y,0.0,5.341982256987416,16.02594677096225,0.0,0.0,15,0.0,0.0,25,0.0,20,0.0,0.0,11.612903225806498,N,,N,
05:08,BAJFINANCE,317,1087.5,-0.53,1.06,,60.9,21.7,NORMAL,N,0.0,5.305039787798368,15.915119363395103,0.0,0.0,15,0.0,0.0,25,0.0,20,0.0,0.0,1.4285714285700366,N,,N,
05:08,GLAND,1186,2879.7,-1.53,3.06,,55.0,60.3,NORMAL,N,0.0,15.285186704965213,30.0,0.0,0.0,15,0.0,0.0,25,0.0,0.0,20,0.0,10.0,N,,N,
05:08,MHRIL,17333,224.39,-0.52,1.05,,40.7,60.2,NORMAL,Y,0.0,5.2311920911469025,15.693576273440707,0.0,0.0,15,0.0,0.0,25,0.0,0.0,20,0.0,20.0,N,,N,
05:08,NTPC,11630,336.7,-0.52,1.03,,40.5,53.5,NORMAL,Y,0.0,5.170630816959669,15.511892450879008,0.0,0.0,15,0.0,0.0,25,0.0,0.0,20,0.0,13.333333333330808,N,,N,
05:08,GRANULES,11872,856.65,-0.51,1.01,,40.2,51.2,NORMAL,N,0.0,5.052264808362395,15.156794425087186,0.0,0.0,15,0.0,0.0,25,0.0,0.0,20,0.0,11.111111111110922,N,,N,
05:09,ACC,22,1333.1,-0.5,1.0,,40.0,52.3,NORMAL,Y,0.0,5.000746380056759,15.002239140170277,0.0,0.0,15,0.0,0.0,25,0.0,0.0,20,0.0,12.30769230769204,N,,N,
05:09,RAMCOCEM,2043,929.4,-0.5,1.0,,56.6,40.0,NORMAL,Y,0.0,4.978320218403702,14.934960655211105,0.0,0.0,15,0.0,0.0,25,0.0,0.0,20,16.703296703296672,0.0,N,,N,
05:09,ZYDUSLIFE,7929,1185.1,-0.5,0.99,,59.9,20.0,NORMAL,N,0.0,4.95382031905969,14.861460957179071,0.0,0.0,15,0.0,0.0,25,0.0,20,0.0,0.0,0.0,N,,N,
05:09,JTEKTINDIA,3237,140.47,-0.49,0.98,,59.7,39.9,NORMAL,N,0.0,4.8880702748653855,14.664210824596156,0.0,0.0,15,0.0,0.0,25,0.0,0.0,20,20.0,0.0,N,,N,
05:09,WAAREEENER,25907,2664.0,-1.48,2.96,,35.2,74.8,NORMAL,Y,0.0,14.792899408284024,30.0,0.0,0.0,15,0.0,0.0,0.0,25,0.0,20,5.185185185184187,0.0,N,,N,
05:09,UNITDSPR,10447,1526.0,-1.47,2.93,,63.0,49.7,NORMAL,N,0.0,14.65745463937499,30.0,0.0,0.0,15,0.0,0.0,25,0.0,0.0,20,7.999999999998787,0.0,N,,N,
05:09,XCHANGING,11705,67.44,-1.46,2.92,,55.0,51.4,NORMAL,N,0.0,14.611338398597312,30.0,0.0,0.0,15,0.0,0.0,25,0.0,0.0,20,0.0,1.8181818181827578,N,,N,
05:09,HDFCBANK,1333,725.65,-0.46,0.92,,38.8,50.4,NORMAL,Y,0.0,4.595336076817589,13.78600823045277,0.0,0.0,15,0.0,0.0,25,0.0,0.0,20,0.0,10.769230769226464,N,,N,
05:09,PFC,14299,379.25,-0.46,0.92,,58.8,32.9,NORMAL,Y,0.0,4.593175853018373,13.779527559055117,0.0,0.0,15,0.0,0.0,25,0.0,20,0.0,0.0,13.333333333332913,N,,N,
05:09,LXCHEM,2841,174.11,-0.45,0.89,,38.4,43.1,NORMAL,Y,0.0,4.459946251929628,13.379838755788885,0.0,0.0,15,0.0,0.0,25,0.0,0.0,20,0.0,3.6363636363629315,N,,N,
05:09,NIITLTD,11522,94.06,-1.45,2.89,,75.0,49.5,NORMAL,Y,0.0,14.459346186085453,30.0,0.0,0.0,15,0.0,0.0,25,0.0,0.0,20,20.0,0.0,N,,N,
05:09,KIRIINDUS,16639,424.8,-0.45,0.89,,38.4,53.5,NORMAL,N,0.0,4.452777126786917,13.358331380360749,0.0,0.0,15,0.0,0.0,25,0.0,0.0,20,0.0,14.074074074073668,N,,N,
05:09,WIPRO,3787,183.79,-0.44,0.88,,41.0,39.4,NORMAL,N,0.0,4.387865655471302,13.163596966413905,0.0,0.0,15,0.0,0.0,25,0.0,0.0,20,2.8571428571428568,0.0,N,,N,
05:09,PINELABS,759820,166.85,-0.44,0.87,,46.1,39.4,NORMAL,N,0.0,4.356128416278899,13.0683852488367,0.0,0.0,15,0.0,0.0,25,0.0,0.0,20,8.080808080808353,0.0,N,,N,
05:09,IONEXCHANG,1630,379.25,-0.43,0.87,,38.0,48.6,NORMAL,Y,0.0,4.3318456287738965,12.99553688632169,0.0,0.0,15,0.0,0.0,25,0.0,0.0,20,0.0,9.230769230769095,N,,N,
05:09,SHARDACROP,4992,803.0,-0.42,0.84,,37.6,55.4,NORMAL,Y,0.0,4.216269841269813,12.64880952380944,0.0,0.0,15,0.0,0.0,25,0.0,0.0,20,0.0,16.15384615384602,N,,N,
05:09,BANCOINDIA,13880,631.2,-0.42,0.84,,57.5,39.2,NORMAL,Y,0.0,4.180799873787137,12.542399621361414,0.0,0.0,15,0.0,0.0,25,0.0,20,0.0,0.0,20.0,N,,N,
05:09,RBLBANK,18391,388.15,-0.4,0.8,,36.9,47.9,NORMAL,N,0.0,3.977418527072136,11.932255581216408,0.0,0.0,15,0.0,0.0,25,0.0,0.0,20,0.0,8.888888888887486,N,,N,
05:09,CHALET,8546,817.95,-0.4,0.79,,56.9,23.7,NORMAL,Y,0.0,3.9576229907452514,11.872868972235754,0.0,0.0,15,0.0,0.0,25,0.0,20,0.0,0.0,4.705882352942121,N,,N,
05:09,ITC,1660,277.9,-0.39,0.79,,43.5,38.9,NORMAL,Y,0.0,3.942652329749185,11.827956989247555,0.0,0.0,15,0.0,0.0,25,0.0,0.0,20,6.666666666661614,0.0,N,,N,
05:09,VOLTAS,3718,1275.0,-0.39,0.78,,58.4,41.3,NORMAL,Y,0.0,3.9062500000000004,11.71875,0.0,0.0,15,0.0,2.383230436804131,25,0.0,0.0,20,19.27536231884058,0.0,N,,N,
05:09,ZENITHEXPO,4176,250.1,-0.39,0.77,,36.6,38.9,NORMAL,N,0.0,3.863464372485756,11.59039311745727,0.0,0.0,15,0.0,0.0,25,0.0,0.0,20,0.0,0.0,N,,N,
05:09,TCIEXP,19223,540.75,-0.38,0.76,,36.3,58.8,NORMAL,Y,0.0,3.7767133382460476,11.330140014738143,0.0,0.0,15,0.0,0.0,25,0.0,0.0,20,0.0,20.0,N,,N,
05:09,HAVELLS,9819,1269.6,-0.38,0.75,,54.3,38.8,NORMAL,N,0.0,3.7664783427496715,11.299435028249015,0.0,0.0,15,0.0,0.0,25,0.0,0.0,20,17.999999999999545,0.0,N,,N,
05:09,DRREDDY,881,1200.5,-0.37,0.75,,56.2,24.4,NORMAL,N,0.0,3.7344398340248963,11.203319502074688,0.0,0.0,15,0.0,0.0,25,0.0,20,0.0,0.0,5.714285714284322,N,,N,
05:09,PARADEEP,9741,151.25,-0.36,0.72,,39.4,38.6,NORMAL,N,0.0,3.6231884057971757,10.869565217391527,0.0,0.0,15,0.0,0.0,25,0.0,0.0,20,3.5294117647062757,0.0,N,,N,
05:09,VINATIORGA,17364,1310.6,-0.36,0.71,,35.7,58.6,NORMAL,Y,0.0,3.573329278491634,10.719987835474901,0.0,0.0,15,0.0,0.0,25,0.0,0.0,20,0.0,20.0,N,,N,
05:09,GOCOLORS,6964,321.85,-0.36,0.71,,38.0,38.6,NORMAL,Y,0.0,3.560371517027793,10.68111455108338,0.0,0.0,15,0.0,0.0,25,0.0,0.0,20,2.3529411764710604,0.0,N,,N,
05:09,APTUS,5435,255.8,-0.35,0.7,,55.5,24.7,NORMAL,Y,0.0,3.5060381768600597,10.51811453058018,0.0,0.0,15,0.0,0.0,25,0.0,20,0.0,0.0,6.15384615384602,N,,N,
05:09,UBL,16713,1395.1,-0.35,0.7,,59.5,18.5,NORMAL,N,0.0,3.5000000000000653,10.500000000000195,0.0,0.0,15,0.0,0.0,25,0.0,20,0.0,4.0000000000009095,0.0,N,,N,
05:09,CROMPTON,17094,244.55,-0.35,0.69,,59.4,18.5,NORMAL,Y,0.0,3.46373268133657,10.39119804400971,0.0,0.0,15,0.0,0.0,25,0.0,20,0.0,4.0000000000009095,0.0,N,,N,
05:09,OIL,17438,468.75,-0.34,0.68,,51.5,38.4,NORMAL,N,0.0,3.4017221218242217,10.205166365472666,0.0,0.0,15,0.0,0.0,25,0.0,0.0,20,16.2499999999992,0.0,N,,N,
05:09,SAFARI,13035,1495.1,-0.34,0.68,,38.9,38.4,NORMAL,Y,0.0,3.399546727103144,10.19864018130943,0.0,0.0,15,0.0,0.0,25,0.0,0.0,20,3.7499999999996447,0.0,N,,N,
05:09,SESHAPAPER,3066,232.21,-0.34,0.68,,55.2,18.4,NORMAL,N,0.0,3.390557939914129,10.171673819742386,0.0,0.0,15,0.0,0.0,25,0.0,20,0.0,0.0,0.0,N,,N,
05:09,TTKPRESTIG,3546,587.95,-0.34,0.68,,40.2,38.4,NORMAL,Y,0.0,3.3901178065937785,10.170353419781335,0.0,0.0,15,0.0,0.0,25,0.0,0.0,20,4.999999999998579,0.0,N,,N,
05:09,AUBANK,21238,1067.3,-0.34,0.67,,51.0,38.4,NORMAL,N,0.0,3.361658418153082,10.084975254459247,0.0,0.0,15,0.0,0.0,25,0.0,0.0,20,15.955056179775323,0.0,N,,N,
05:09,TCS,11536,2413.1,-1.33,2.67,,61.7,48.3,NORMAL,N,0.0,13.329517111665337,30.0,0.0,0.0,15,0.0,0.0,25,0.0,0.0,20,6.666666666670035,0.0,N,,N,
05:09,TATACAP,759265,366.0,-0.33,0.65,,34.8,38.3,NORMAL,N,0.0,3.2679738562091196,9.80392156862736,0.0,0.0,15,0.0,0.0,25,0.0,0.0,20,0.0,0.0,N,,N,
05:09,CAMPUS,9362,218.12,-0.32,0.64,,61.9,18.2,NORMAL,Y,0.0,3.198976327575124,9.596928982725373,0.0,0.0,15,0.0,0.0,25,0.0,20,0.0,7.2727272727284475,0.0,N,,N,
05:09,CHAMBLFERT,637,442.95,-0.32,0.63,,51.6,38.2,NORMAL,Y,0.0,3.150669517272497,9.45200855181749,0.0,0.0,15,0.0,0.0,25,0.0,0.0,20,17.142857142859462,0.0,N,,N,
05:09,GODREJPROP,17875,2013.3,-1.21,2.41,,55.0,55.8,NORMAL,Y,0.0,12.071249815987112,30.0,0.0,0.0,15,0.0,0.0,25,0.0,0.0,20,0.0,8.750000000000444,N,,N,
05:09,SANSERA,5751,3767.8,-1.17,2.34,,75.0,41.3,NORMAL,N,0.0,11.698667506032923,30.0,0.0,0.0,15,0.0,0.0,25,0.0,20,0.0,0.0,14.624999999999773,N,,N,
05:09,OBEROIRLTY,20242,1772.7,-1.17,2.33,,55.0,55.7,NORMAL,Y,0.0,11.652542372881282,30.0,0.0,0.0,15,0.0,0.0,25,0.0,0.0,20,0.0,9.090909090908903,N,,N,
05:09,PRESTIGE,20302,1567.5,-1.16,2.32,,75.0,45.4,NORMAL,Y,0.0,11.602244782142689,30.0,0.0,0.0,15,0.0,0.0,25,0.0,20,0.0,0.0,18.823529411763133,N,,N,
05:09,PHOENIXLTD,14552,1887.0,-1.14,2.27,,75.0,33.6,NORMAL,Y,0.0,11.368994603656963,30.0,0.0,0.0,15,0.0,0.0,25,0.0,20,0.0,0.0,7.199999999998909,N,,N,
05:09,POWERMECH,10473,2414.7,-1.13,2.26,,55.0,66.0,NORMAL,Y,0.0,11.300822994718242,30.0,0.0,0.0,15,0.0,0.0,25,0.0,0.0,20,0.0,19.69696969696997,N,,N,
05:09,COFORGE,11543,1799.5,-1.07,2.14,,68.3,45.7,NORMAL,N,0.0,10.720175920835624,30.0,0.0,0.0,15,0.0,0.0,25,0.0,0.0,20,13.33333333333277,0.0,N,,N,
05:09,NTPCGREEN,27176,92.11,-0.97,1.94,,63.1,44.7,NORMAL,Y,0.0,9.67637888399103,29.029136651973086,0.0,0.0,15,0.0,0.0,25,0.0,0.0,20,9.090909090908621,0.0,N,,N,
05:09,MOREPENLAB,2259,76.15,-0.96,1.92,,53.9,58.0,NORMAL,N,0.0,9.624138379503119,28.872415138509357,0.0,0.0,15,0.0,0.0,25,0.0,0.0,20,0.0,13.333333333333728,N,,N,
05:09,ADANIENT,25,2968.6,-0.9,1.8,,51.9,51.8,NORMAL,Y,0.0,8.98013687197466,26.940410615923977,0.0,0.0,15,0.0,0.0,25,0.0,0.0,20,0.0,7.77777777777731,N,,N,
05:09,CHOLAFIN,685,1897.8,-0.87,1.73,,71.0,43.7,NORMAL,N,0.0,8.671124111993384,26.01337233598015,0.0,0.0,15,0.0,0.0,25,0.0,20,0.0,0.0,20.0,N,,N,
05:09,TATACOMM,3721,1731.2,-0.85,1.71,,50.6,53.1,NORMAL,Y,0.0,8.533302789072712,25.599908367218138,0.0,0.0,15,0.0,0.0,25,0.0,0.0,20,0.0,9.600000000000364,N,,N,
05:09,HDFCAMC,4244,2494.0,-0.83,1.67,,50.0,45.3,NORMAL,Y,0.0,8.34990059642147,25.049701789264414,0.0,0.0,15,0.0,0.0,25,0.0,0.0,20,0.0,2.0000000000004547,N,,N,
05:09,MUTHOOTFIN,23650,2892.1,-0.82,1.63,,49.5,51.5,NORMAL,Y,0.0,8.162145478240056,24.48643643472017,0.0,0.0,15,0.0,0.0,25,0.0,0.0,20,0.0,8.333333333333018,N,,N,
05:09,INDIAMART,10726,1770.3,-0.78,1.57,,48.5,47.5,NORMAL,Y,0.0,7.8462142016477046,23.538642604943114,0.0,0.0,15,0.0,0.0,25,0.0,0.0,20,0.0,4.615384615384077,N,,N,
05:09,NHPC,17400,76.36,-0.77,1.53,,85.5,22.7,NORMAL,Y,0.0,7.667316439246308,23.001949317738923,0.0,0.0,15,0.0,0.0,25,0.0,20,0.0,17.50000000000222,0.0,N,,N,
05:09,KIRLOSBROS,18581,1941.3,-0.75,1.49,,67.4,42.5,NORMAL,N,0.0,7.46459430441236,22.393782913237082,0.0,0.0,15,0.0,0.0,25,0.0,0.0,20,20.0,0.0,N,,N,
05:09,LUPIN,10440,2262.0,-0.74,1.48,,54.2,42.4,NORMAL,Y,0.0,7.415858528237347,22.24757558471204,0.0,0.0,15,0.0,0.0,25,0.0,0.0,20,6.9565217391288865,0.0,N,,N,
05:09,MPHASIS,4503,2511.4,-0.74,1.47,,67.1,36.8,NORMAL,N,0.0,7.351778656126447,22.05533596837934,0.0,0.0,15,0.0,0.0,25,0.0,20,0.0,0.0,14.399999999999636,N,,N,
05:09,KIRLOSENG,20936,2086.8,-0.7,1.4,,46.0,56.0,NORMAL,Y,0.0,6.9950035688792855,20.98501070663786,0.0,0.0,15,0.0,0.0,25,0.0,0.0,20,0.0,14.054054054054252,N,,N,
05:09,GEOJITFSL,11896,76.25,-0.69,1.38,,50.5,45.0,NORMAL,Y,0.0,6.902839281062791,20.708517843188375,0.0,0.0,15,0.0,3.103994984556824,25,0.0,0.0,20,1.666666666667456,0.0,N,,N,
05:09,BAJAJFINSV,16675,2018.1,-0.68,1.37,,65.5,33.3,NORMAL,N,0.0,6.8405511811024065,20.52165354330722,0.0,0.0,15,0.0,0.0,25,0.0,20,0.0,0.0,11.428571428571427,N,,N,
05:09,LLOYDSENGG,17801,92.43,-0.66,1.31,,44.7,61.6,NORMAL,N,0.0,6.556319862424758,19.668959587274273,0.0,0.0,15,0.0,0.0,25,0.0,0.0,20,0.0,20.0,N,,N,
05:09,GODFRYPHLP,1181,2210.5,-0.65,1.29,,44.4,52.0,NORMAL,N,0.0,6.472200997797695,19.416602993393084,0.0,0.0,15,0.0,0.0,25,0.0,0.0,20,0.0,10.52631578947318,N,,N,
05:09,ASIANPAINT,236,2717.9,-0.64,1.29,,44.3,57.7,NORMAL,Y,0.0,6.4339243282763325,19.301772984828997,0.0,0.0,15,0.0,0.0,25,0.0,0.0,20,0.0,16.27906976744117,N,,N,
05:09,PIXTRANS,9087,1971.2,-0.6,1.19,,42.9,56.5,NORMAL,N,0.0,5.9505799293998765,17.85173978819963,0.0,0.0,15,0.0,0.0,25,0.0,0.0,20,0.0,15.555555555556959,N,,N,
05:09,TIINDIA,312,2764.5,-0.56,1.12,,47.7,50.7,NORMAL,Y,0.0,5.575539568345323,16.72661870503597,0.0,0.0,15,0.0,5.977513694795652,25,0.0,0.0,20,0.0,4.150943396226108,N,,N,
05:09,MANKIND,15380,2412.5,-0.52,1.03,,60.5,31.6,NORMAL,Y,0.0,5.154639175257731,15.463917525773194,0.0,0.0,15,0.0,0.0,25,0.0,20,0.0,0.0,11.428571428571935,N,,N,
05:09,HINDUNILVR,1394,2054.5,-0.5,1.01,,40.1,40.0,NORMAL,Y,0.0,5.0365635139716645,15.109690541914993,0.0,0.0,15,0.0,0.0,25,0.0,0.0,20,0.0,0.0,N,,N,
05:09,LGEINDIA,760213,1560.0,-0.41,0.83,,37.4,47.3,NORMAL,N,0.0,4.149377593360996,12.448132780082988,0.0,0.0,15,0.0,0.0,25,0.0,0.0,20,0.0,8.163265306122296,N,,N,
05:09,BHARTIARTL,10604,1908.0,-0.38,0.75,,56.3,22.4,NORMAL,Y,0.0,3.7593984962406255,11.278195488721876,0.0,0.0,15,0.0,0.0,25,0.0,20,0.0,0.0,3.6363636363640124,N,,N,
05:09,DALBHARAT,8075,1828.9,-0.37,0.73,,56.0,18.7,NORMAL,N,0.0,3.6500326868597837,10.950098060579352,0.0,0.0,15,0.0,0.0,25,0.0,20,0.0,0.0,0.0,N,,N,
05:09,SRF,3273,2561.1,-0.35,0.69,,45.7,38.5,NORMAL,Y,0.0,3.4630350194552886,10.389105058365866,0.0,0.0,15,0.0,0.0,25,0.0,0.0,20,10.357142857143351,0.0,N,,N,
05:09,COLPAL,15141,2001.2,-0.34,0.68,,58.3,18.4,NORMAL,Y,0.0,3.3864541832669097,10.15936254980073,0.0,0.0,15,0.0,0.0,25,0.0,20,0.0,3.1578947368414756,0.0,N,,N,
05:09,TRENT,1964,3014.8,-0.34,0.67,,60.8,18.4,NORMAL,N,0.0,3.371900826446221,10.115702479338662,0.0,0.0,15,0.0,0.0,25,0.0,20,0.0,5.7142857142857135,0.0,N,,N,
05:09,NFL,13925,71.72,-0.32,0.64,,34.6,58.2,NORMAL,Y,0.0,3.1966643502432794,9.589993050729838,0.0,0.0,15,0.0,0.0,25,0.0,0.0,20,0.0,20.0,N,,N,
05:09,ICICIAMC,760407,3045.0,-0.3,0.6,,70.4,18.0,NORMAL,Y,0.0,3.0122454325190944,9.036736297557283,0.0,0.0,15,0.0,0.0,25,0.0,20,0.0,16.399999999999636,0.0,N,,N,
05:09,UNIONBANK,10753,187.07,2.5,5.01,,115.0,8.3,NORMAL,Y,25.041095890410922,0.0,30.0,0.0,15,0.0,0.0,0.0,25,0.0,20,0.0,0.0,8.292682926830114,N,,N,
05:09,MARKSANS,10579,284.4,1.95,3.91,,120.8,6.3,NORMAL,Y,19.53755153253267,0.0,30.0,0.0,15,0.0,0.0,6.300343052396042,25,0.0,20,0.0,5.0,0.0,N,,N,
05:09,PVRINOX,13147,1179.2,1.64,3.28,,106.4,7.6,NORMAL,Y,16.376486812618516,0.0,30.0,0.0,15,0.0,0.0,0.0,25,0.0,20,0.0,0.0,7.636363636363306,N,,N,
05:09,WALCHANNAG,3736,236.35,1.52,3.05,,85.2,21.5,NORMAL,Y,15.249140893470717,0.0,30.0,0.0,15,0.0,0.0,0.0,25,0.0,0.0,20,0.0,1.5094339622638475,N,,N,
05:09,GROWW,759806,195.46,1.01,2.03,,100.1,13.8,NORMAL,Y,10.12919896640831,0.0,30.0,0.0,15,0.0,0.0,0.0,25,0.0,20,0.0,0.0,13.793103448275456,N,,N,
05:22,TDPOWERSYS,25178,1462.7,14.67,29.34,,133.8,0.0,NORMAL,Y,30.0,0.0,30.0,0.0,15,0.0,0.0,0.0,25,0.0,20,0.0,13.786407766990177,0.0,N,,N,
05:22,NARMADA,6364,419.3,8.07,16.13,,120.0,5.8,NORMAL,Y,30.0,0.0,30.0,0.0,15,0.0,0.0,0.0,25,0.0,20,0.0,0.0,5.833333333333767,N,,N,
05:22,TVSSCS,18151,133.25,5.66,11.32,,127.4,20.8,NORMAL,N,30.0,0.0,30.0,0.0,15,0.0,0.0,7.369169420759857,25,0.0,20,0.0,0.0,13.424657534246233,N,,N,
05:22,PRICOLLTD,19631,778.85,5.66,11.31,,137.3,0.0,NORMAL,Y,30.0,0.0,30.0,0.0,15,0.0,0.0,0.0,25,0.0,20,0.0,17.272727272727053,0.0,N,,N,
05:22,YUKEN,5501,845.65,5.02,10.05,,140.0,0.0,NORMAL,Y,30.0,0.0,30.0,0.0,15,0.0,0.0,0.0,25,0.0,20,0.0,20.0,0.0,N,,N,
05:22,YATRA,18760,119.77,4.78,9.55,,125.5,0.0,NORMAL,Y,30.0,0.0,30.0,0.0,15,0.0,0.0,0.0,25,0.0,20,0.0,5.49019607843134,0.0,N,,N,
05:22,PNB,10666,118.63,4.03,8.07,,124.6,0.0,NORMAL,Y,30.0,0.0,30.0,0.0,15,0.0,0.0,0.0,25,0.0,20,0.0,4.615384615384952,0.0,N,,N,
05:22,VLSFINANCE,3715,270.9,3.71,7.43,,120.0,20.0,NORMAL,Y,30.0,0.0,30.0,0.0,15,0.0,0.0,0.0,25,0.0,0.0,20,20.0,0.0,N,,N,
05:22,SHIVALIK,7026,265.86,3.51,7.02,,145.0,25.0,NORMAL,Y,30.0,0.0,30.0,0.0,15,0.0,0.0,25.0,25,0.0,20,0.0,0.0,0.0,N,,N,
05:22,BATAINDIA,371,722.45,3.23,6.46,,100.0,30.7,NORMAL,Y,30.0,0.0,30.0,0.0,15,0.0,0.0,0.0,25,0.0,0.0,20,0.0,10.714285714285019,N,,N,
05:22,RELAXO,24225,434.6,3.07,6.14,,120.0,14.0,NORMAL,Y,30.0,0.0,30.0,0.0,15,0.0,0.0,0.0,25,0.0,20,0.0,0.0,14.00000000000091,N,,N,
05:22,TNPL,3980,158.7,3.04,6.08,,129.3,1.3,NORMAL,Y,30.0,0.0,30.0,0.0,15,0.0,0.0,1.2590161206742938,25,0.0,20,0.0,7.999999999999545,0.0,N,,N,
05:22,HINDALCO,1363,1080.45,2.99,5.98,,139.9,0.0,NORMAL,Y,29.882756648556036,0.0,30.0,0.0,15,0.0,0.0,0.0,25,0.0,20,0.0,20.0,0.0,N,,N,
05:22,MOIL,20830,287.1,2.74,5.48,,127.0,23.6,NORMAL,Y,27.375201288244888,0.0,30.0,0.0,15,0.0,0.0,9.598340740429185,25,0.0,20,0.0,0.0,13.999999999999773,N,,N,
05:22,MARKSANS,10579,286.15,2.58,5.16,,134.0,4.5,NORMAL,Y,25.81107725398813,0.0,30.0,0.0,15,0.0,0.0,4.504461129891585,25,0.0,20,0.0,13.684210526316072,0.0,N,,N,
05:22,HGINFRA,1672,561.9,2.57,5.15,,96.5,20.0,NORMAL,Y,25.739320920043856,0.0,30.0,0.0,15,0.0,0.0,0.0,25,0.0,0.0,20,0.7407407407417388,0.0,N,,N,
05:22,UNIONBANK,10753,186.95,2.44,4.88,,114.4,6.0,NORMAL,Y,24.383561643835556,0.0,30.0,0.0,15,0.0,0.0,0.0,25,0.0,20,0.0,0.0,6.000000000000568,N,,N,
05:22,APCL,20453,106.79,2.42,4.83,,114.2,0.0,NORMAL,Y,24.168025318883764,0.0,30.0,0.0,15,0.0,0.0,0.0,25,0.0,20,0.0,0.0,0.0,N,,Y,NONRESULTS
05:22,BORORENEW,3149,576.0,2.4,4.8,,116.9,0.0,NORMAL,Y,23.999999999999996,0.0,30.0,0.0,15,0.0,0.0,0.0,25,0.0,20,0.0,2.8571428571422386,0.0,N,,N,
05:22,BERGEPAINT,404,547.6,2.36,4.73,,93.6,29.5,NORMAL,Y,23.647069819609268,0.0,30.0,0.0,15,0.0,0.0,0.0,25,0.0,0.0,20,0.0,9.47368421052682,N,,N,
05:22,VGUARD,15362,331.75,2.3,4.59,,116.2,0.0,NORMAL,Y,22.972556275053925,0.0,30.0,0.0,15,0.0,0.0,0.0,25,0.0,20,0.0,3.2558139534885324,0.0,N,,N,
05:22,HALDER,760715,271.0,2.25,4.5,,92.5,20.0,NORMAL,Y,22.48717174766065,0.0,30.0,0.0,15,0.0,0.0,0.0,25,0.0,0.0,20,0.0,0.0,N,,N,
05:22,INDIANB,14309,894.85,2.2,4.4,,112.0,8.2,NORMAL,Y,21.984924623115578,0.0,30.0,0.0,15,0.0,0.0,0.0,25,0.0,20,0.0,0.0,8.235294117647374,N,,N,
05:22,MAHABANK,11377,81.57,3.32,6.64,,121.8,0.0,NORMAL,Y,30.0,0.0,30.0,0.0,15,0.0,0.0,0.0,25,0.0,20,0.0,1.8181818181827578,0.0,N,,N,
05:22,BAJAJELEC,15034,367.35,1.94,3.89,,109.4,10.7,NORMAL,Y,19.425558484806437,0.0,30.0,0.0,15,0.0,0.0,0.0,25,0.0,20,0.0,0.0,10.66666666666606,N,,N,
05:22,INDUSTOWER,29135,376.35,1.9,3.79,,111.8,0.0,NORMAL,N,18.952213347773117,0.0,30.0,0.0,15,0.0,0.0,0.0,25,0.0,20,0.0,2.857142857140073,0.0,N,,N,
05:22,HINDZINC,1424,597.0,1.76,3.53,,117.6,0.0,NORMAL,Y,17.642546663257516,0.0,30.0,0.0,15,0.0,0.0,0.0,25,0.0,20,0.0,10.0,0.0,N,,N,
05:22,MSTCLTD,9356,581.0,1.75,3.5,,127.5,0.0,NORMAL,N,17.513134851138357,0.0,30.0,0.0,15,0.0,0.0,0.0,25,0.0,20,0.0,20.0,0.0,N,,N,
05:22,BANKBARODA,4668,250.48,1.74,3.48,,107.4,0.0,NORMAL,Y,17.384240454914707,0.0,30.0,0.0,15,0.0,0.0,0.0,25,0.0,20,0.0,0.0,0.0,N,,N,
05:22,CONCOR,4749,520.6,1.68,3.36,,106.8,16.4,NORMAL,Y,16.796875000000043,0.0,30.0,0.0,15,0.0,0.0,0.0,25,0.0,20,0.0,0.0,16.363636363635987,N,,N,
05:22,SAIL,2963,175.75,1.59,3.18,,114.8,1.9,NORMAL,Y,15.895953757225431,0.0,30.0,0.0,15,0.0,0.0,1.9312701664519247,25,0.0,20,0.0,6.976744186045344,0.0,N,,N,
05:22,SANDHAR,2397,631.55,1.54,3.09,,85.4,23.0,NORMAL,N,15.435324382988838,0.0,30.0,0.0,15,0.0,0.0,0.0,25,0.0,0.0,20,0.0,2.9629629629635867,N,,N,
05:22,AEGISLOG,40,1317.0,1.5,2.99,,105.0,0.7,NORMAL,N,14.95067817509255,0.0,30.0,0.0,15,0.0,0.0,0.0,25,0.0,20,0.0,0.0,0.7142857142850763,N,,N,
05:22,EXIDEIND,676,490.5,1.48,2.96,,90.8,20.0,NORMAL,Y,14.792593358849649,0.0,30.0,0.0,15,0.0,0.0,0.0,25,0.0,0.0,20,6.000000000000227,0.0,N,,N,
05:22,PNBHOUSING,18908,1158.6,1.44,2.89,,119.7,0.0,NORMAL,Y,14.447071184659839,0.0,30.0,0.0,15,0.0,0.0,0.0,25,0.0,20,0.0,15.217391304347373,0.0,N,,N,
05:22,ZUARIIND,3827,261.95,1.41,2.83,,84.1,20.0,NORMAL,Y,14.130855594270141,0.0,30.0,0.0,15,0.0,0.0,0.0,25,0.0,0.0,20,0.0,0.0,N,,N,
05:22,BANKINDIA,4745,144.91,1.41,2.81,,114.1,0.0,NORMAL,Y,14.065780265920157,0.0,30.0,0.0,15,0.0,0.0,0.0,25,0.0,20,0.0,10.0,0.0,N,,N,
05:22,TIMETECHNO,14707,210.13,1.37,2.75,,103.7,9.7,NORMAL,Y,13.749517560787314,0.0,30.0,0.0,15,0.0,0.0,0.0,25,0.0,20,0.0,0.0,9.743589743589968,N,,N,
05:22,CHEMPLASTS,5449,173.99,1.35,2.69,,116.8,0.0,NORMAL,N,13.455265610438035,0.0,30.0,0.0,15,0.0,0.0,0.0,25,0.0,20,0.0,13.333333333333332,0.0,N,,N,
05:22,JAINREC,759244,301.5,1.26,2.52,,93.5,20.0,NORMAL,N,12.594458438287155,0.0,30.0,0.0,15,0.0,0.0,0.0,25,0.0,0.0,20,10.909090909091097,0.0,N,,N,
05:22,SHARDAMOTR,10530,887.75,1.24,2.47,,102.4,12.8,NORMAL,Y,12.37313262629721,0.0,30.0,0.0,15,0.0,0.0,0.0,25,0.0,20,0.0,0.0,12.758620689655428,N,,N,
05:22,SCI,3048,297.5,1.21,2.42,,102.1,20.0,NORMAL,Y,12.076883823779593,0.0,30.0,0.0,15,0.0,0.0,0.0,25,0.0,20,0.0,0.0,20.0,N,,N,
05:22,USHAMART,8840,515.95,1.19,2.37,,116.0,0.0,NORMAL,Y,11.865071582663402,0.0,30.0,0.0,15,0.0,0.0,0.0,25,0.0,20,0.0,14.117647058823685,0.0,N,,N,
05:22,WALCHANNAG,3736,235.56,1.19,2.37,,81.9,24.8,NORMAL,N,11.855670103092743,0.0,30.0,0.0,15,0.0,0.0,0.0,25,0.0,0.0,20,0.0,4.838709677419502,N,,N,
05:22,PETRONET,11351,280.15,1.14,2.27,,81.4,20.0,NORMAL,Y,11.371841155234577,0.0,30.0,0.0,15,0.0,0.0,0.0,25,0.0,0.0,20,0.0,0.0,N,,N,
05:22,GROWW,759806,195.7,1.14,2.27,,103.9,0.0,NORMAL,N,11.36950904392759,0.0,30.0,0.0,15,0.0,0.0,0.0,25,0.0,20,0.0,2.5000000000013323,0.0,N,,N,
05:22,TMCV,759782,455.15,1.13,2.27,,101.3,3.3,NORMAL,Y,11.33207421397615,0.0,30.0,0.0,15,0.0,0.0,0.0,25,0.0,20,0.0,0.0,3.333333333333965,N,,N,
05:22,CANBK,10794,131.77,1.13,2.26,,92.4,20.0,NORMAL,Y,11.281657712970063,0.0,30.0,0.0,15,0.0,0.0,0.0,25,0.0,0.0,20,11.111111111106899,0.0,N,,N,
05:22,MFSL,2142,1530.9,2.13,4.26,,111.3,9.4,NORMAL,N,21.28085390260179,0.0,30.0,0.0,15,0.0,0.0,0.0,25,0.0,20,0.0,0.0,9.36170212765871,N,,N,
05:22,SBIN,3045,1078.0,1.13,2.25,,81.3,21.5,NORMAL,Y,11.25703564727955,0.0,30.0,0.0,15,0.0,0.0,0.0,25,0.0,0.0,20,0.0,1.538461538463691,N,,N,
05:22,TRIVENI,13081,241.05,1.11,2.22,,101.1,13.0,NORMAL,N,11.115771812080562,0.0,30.0,0.0,15,0.0,0.0,0.0,25,0.0,20,0.0,0.0,13.000000000000284,N,,N,
05:22,MASFIN,199,303.3,1.07,2.13,,115.3,0.0,NORMAL,N,10.663112295901328,0.0,30.0,0.0,15,0.0,0.0,0.0,25,0.0,20,0.0,14.66666666666697,0.0,N,,N,
05:22,PVRINOX,13147,1172.5,1.06,2.12,,93.1,20.0,NORMAL,Y,10.601620410274052,0.0,30.0,0.0,15,0.0,0.0,0.0,25,0.0,0.0,20,12.50000000000071,0.0,N,,N,
05:22,LICI,9480,410.25,1.05,2.09,,100.8,17.8,NORMAL,N,10.467980295566502,0.0,30.0,0.0,15,0.0,0.0,0.3294052421811292,25,0.0,20,0.0,0.0,17.499999999999645,N,,N,
05:22,NIACL,399,181.23,1.04,2.07,,80.4,40.0,NORMAL,Y,10.36962702793101,0.0,30.0,0.0,15,0.0,0.0,0.0,25,0.0,0.0,20,0.0,20.0,N,,N,
05:22,ABMKNO,762528,200.0,1.04,2.07,,100.4,0.0,NORMAL,Y,10.356150543066489,0.0,30.0,0.0,15,0.0,0.0,0.0,25,0.0,20,0.0,0.0,0.0,N,,N,
05:22,SOUTHWEST,9678,230.53,1.01,2.02,,120.5,0.4,NORMAL,N,10.077553345309607,0.0,30.0,0.0,15,0.0,0.0,0.4280271421575135,25,0.0,20,0.0,20.0,0.0,N,,N,
05:22,KARURVYSYA,1838,337.55,1.0,2.0,,108.0,0.0,NORMAL,Y,10.02393776181934,0.0,30.0,0.0,15,0.0,0.0,0.0,25,0.0,20,0.0,7.999999999999545,0.0,N,,N,
05:22,WINDMACHIN,24969,305.5,0.96,1.92,,98.3,20.0,NORMAL,Y,9.583608724388558,0.0,28.75082617316567,0.0,15,0.0,0.0,0.0,25,0.0,20,0.0,0.0,20.0,N,,N,
05:22,SCHNEIDER,31234,1416.7,0.95,1.91,,98.3,16.3,NORMAL,Y,9.54892040190985,0.0,28.646761205729547,0.0,15,0.0,0.0,0.13148947063924635,25,0.0,20,0.0,0.0,16.19047619047557,N,,N,
05:22,ZYDUSWELL,17635,510.85,0.94,1.88,,115.5,0.3,NORMAL,N,9.385496937364158,0.0,28.15649081209247,0.0,15,0.0,0.0,0.30679476144822504,25,0.0,20,0.0,17.64705882353012,0.0,N,,N,
05:22,BLS,17279,263.3,0.94,1.87,,97.4,0.4,NORMAL,Y,9.353676301464379,0.0,28.061028904393133,0.0,15,0.0,0.0,0.0,25,0.0,20,0.0,0.0,0.38461538461504824,N,,N,
05:22,BHEL,438,406.65,0.91,1.81,,85.1,20.0,NORMAL,N,9.05707196029771,0.0,27.171215880893133,0.0,15,0.0,0.0,0.0,25,0.0,0.0,20,8.888888888888609,0.0,N,,N,
05:22,NAM-INDIA,357,1181.9,0.9,1.81,,96.2,0.0,NORMAL,Y,9.049773755656224,0.0,27.149321266968677,0.0,15,0.0,0.0,0.0,25,0.0,20,0.0,0.0,0.0,N,,N,
05:22,SIS,21501,441.25,0.85,1.69,,110.5,0.0,NORMAL,Y,8.456176436978605,0.0,25.368529310935816,0.0,15,0.0,0.0,0.0,25,0.0,20,0.0,16.666666666667613,0.0,N,,N,
05:22,JINDALSTEL,6733,1104.2,0.84,1.68,,113.6,0.0,NORMAL,Y,8.401826484018306,0.0,25.205479452054917,0.0,15,0.0,0.0,0.0,25,0.0,20,0.0,20.0,0.0,N,,N,
05:22,WIPL,20481,169.9,0.83,1.66,,93.2,0.0,NORMAL,Y,8.308605341246325,0.0,24.925816023738975,0.0,15,0.0,0.0,0.0,25,0.0,20,0.0,0.0,0.0,N,,N,
05:22,INDUSINDBK,5258,1017.0,0.8,1.61,,92.1,0.0,NORMAL,N,8.028545941124019,0.0,24.085637823372057,0.0,15,0.0,0.0,0.03433990291877378,25,0.0,20,0.0,0.0,0.0,N,,N,
05:22,ANANTRAJ,13620,610.95,0.78,1.55,,71.0,23.3,NORMAL,Y,7.752577319587703,0.0,23.25773195876311,0.0,15,0.0,0.0,0.0,25,0.0,0.0,20,0.0,3.333333333330175,N,,N,
05:22,ASTRAL,14418,1435.9,0.77,1.54,,105.9,0.0,NORMAL,Y,7.719839988771141,0.0,23.15951996631342,0.0,15,0.0,0.0,0.0,25,0.0,20,0.0,15.0,0.0,N,,Y,NONRESULTS
05:22,JMFINANCIL,13637,127.14,0.77,1.54,,86.9,20.0,NORMAL,Y,7.688039946104453,0.0,23.06411983831336,0.0,15,0.0,0.0,0.0,25,0.0,0.0,20,16.190476190476836,0.0,N,,N,
05:22,UPL,11287,572.25,0.75,1.5,,104.7,0.0,NORMAL,N,7.482394366197183,0.0,22.447183098591548,0.0,15,0.0,0.0,0.0,25,0.0,20,0.0,14.73684210526341,0.0,N,,N,
05:22,BEML,395,1935.4,1.74,3.48,,107.4,16.3,NORMAL,Y,17.399989486411258,0.0,30.0,0.0,15,0.0,0.0,0.0,25,0.0,20,0.0,0.0,16.30252100840293,N,,N,
05:22,BIOCON,11373,429.05,0.72,1.43,,91.1,0.0,NORMAL,Y,7.159624413145567,0.0,21.4788732394367,0.0,15,0.0,0.0,0.0,25,0.0,20,0.0,2.4999999999978684,0.0,N,,N,
05:22,HSCL,14334,760.8,0.7,1.4,,82.1,20.0,NORMAL,Y,7.01522170747843,0.0,21.04566512243529,0.0,15,0.0,0.0,0.0,25,0.0,0.0,20,14.00000000000091,0.0,N,,N,
05:22,ASHOKLEY,212,175.99,0.66,1.33,,97.8,0.0,NORMAL,Y,6.635016873534271,0.0,19.90505062060281,0.0,15,0.0,0.0,0.0,25,0.0,20,0.0,11.219512195122931,0.0,N,,N,
05:22,PARAS,5911,1292.5,0.66,1.32,,86.5,0.0,NORMAL,Y,6.61993769470405,0.0,19.85981308411215,0.0,15,0.0,0.0,0.0,25,0.0,20,0.0,0.0,0.0,N,,N,
05:22,VARROC,3857,847.45,0.63,1.26,,71.4,20.0,NORMAL,Y,6.293415662293022,0.0,18.880246986879065,0.0,15,0.0,0.0,0.0,25,0.0,0.0,20,6.222222222222626,0.0,N,,N,
05:22,MCX,31181,2941.7,1.61,3.23,,106.1,13.0,NORMAL,Y,16.131260794473164,0.0,30.0,0.0,15,0.0,0.0,0.0,25,0.0,20,0.0,0.0,13.03225806451601,N,,N,
05:22,TIINDIA,312,2824.4,1.6,3.19,,112.8,7.5,NORMAL,Y,15.971223021582764,0.0,30.0,0.0,15,0.0,0.0,6.784164553986334,25,0.0,20,0.0,0.0,0.6666666666675762,N,,N,
05:22,UFLEX,1053,500.0,0.59,1.19,,83.7,20.0,NORMAL,Y,5.935016597927751,0.0,17.805049793783255,0.0,15,0.0,0.0,0.0,25,0.0,0.0,20,20.0,0.0,N,,N,
05:22,MEESHO,760229,191.5,0.57,1.14,,67.2,20.0,NORMAL,Y,5.724489260017875,0.0,17.173467780053624,0.0,15,0.0,0.0,0.0,25,0.0,0.0,20,4.285714285714431,0.0,N,,N,
05:22,PENIND,20621,160.15,0.53,1.05,,61.1,35.8,NORMAL,N,5.272738685581593,0.0,15.818216056744777,0.0,15,0.0,0.0,0.0,25,0.0,0.0,20,0.0,15.789473684211313,N,,N,
05:22,JSWINFRA,19020,343.6,0.51,1.02,,80.5,2.2,NORMAL,Y,5.119204329384233,0.0,15.357612988152699,0.0,15,0.0,0.0,0.0,25,0.0,20,0.0,0.0,2.2222222222227836,N,,N,
05:22,HEG,1336,681.65,0.5,1.0,,80.1,1.3,NORMAL,Y,5.012900847769962,0.0,15.038702543309887,0.0,15,0.0,0.0,0.0,25,0.0,20,0.0,0.0,1.3333333333321207,N,,N,
05:22,HOMEFIRST,2056,1181.5,0.47,0.94,,85.2,24.9,NORMAL,N,4.6768707482993195,0.0,14.03061224489796,0.0,15,0.0,0.0,6.473325597164855,25,0.0,20,0.0,0.0,18.399999999999636,N,,N,
05:22,ELGIEQUIP,937,576.5,0.46,0.92,,58.5,34.1,NORMAL,N,4.6179315152042815,0.0,13.853794545612844,0.0,15,0.0,0.0,0.0,25,0.0,0.0,20,0.0,14.074074074074511,N,,N,
05:22,RATNAMANI,13451,2287.9,1.46,2.92,,123.0,4.4,NORMAL,N,14.589800443459021,0.0,30.0,0.0,15,0.0,0.0,4.422642343002341,25,0.0,20,0.0,14.035087719297575,0.0,N,,N,
05:22,ENDURANCE,18822,3012.3,1.46,2.92,,124.6,0.0,NORMAL,Y,14.58403502862923,0.0,30.0,0.0,15,0.0,0.0,0.0,25,0.0,20,0.0,20.0,0.0,N,,N,
05:22,RAJRATAN,18962,520.95,0.45,0.91,,78.1,20.0,NORMAL,Y,4.531430775163947,0.0,13.594292325491839,0.0,15,0.0,0.0,0.0,25,0.0,0.0,20,20.0,0.0,N,,N,
05:22,INDOCO,11677,217.47,0.43,0.87,,77.4,20.0,NORMAL,N,4.341199833741273,0.0,13.023599501223819,0.0,15,0.0,0.0,0.0,25,0.0,0.0,20,20.0,0.0,N,,N,
05:22,NYKAA,6545,326.4,0.43,0.86,,93.2,0.0,NORMAL,N,4.307692307692238,0.0,12.923076923076714,0.0,15,0.0,0.0,0.0,25,0.0,20,0.0,15.99999999999909,0.0,N,,N,
05:22,AUBANK,21238,1075.4,0.42,0.84,,76.8,4.0,NORMAL,Y,4.202073022691194,0.0,12.606219068073582,0.0,15,0.0,0.0,0.0,25,0.0,20,0.0,0.0,3.999999999996362,N,,N,
05:22,JINDALSAW,3024,274.65,0.4,0.8,,32.3,66.2,NORMAL,Y,4.021202705172604,0.0,12.063608115517813,0.0,15,0.0,0.0,1.2322117856303851,0.0,25,0.0,20,0.0,20.0,N,,N,
05:22,APOLLOTYRE,163,444.75,0.4,0.79,,62.5,20.0,NORMAL,Y,3.9503386004514676,0.0,11.851015801354402,0.0,15,0.0,0.0,0.0,25,0.0,0.0,20,6.66666666666414,0.0,N,,N,
05:22,GENUSPOWER,11905,306.75,0.39,0.79,,55.7,30.4,NORMAL,N,3.9273441335296635,0.0,11.78203240058899,0.0,15,0.0,0.0,0.0,25,0.0,0.0,20,0.0,10.370370370370027,N,,N,
05:22,IRCTC,13611,517.05,0.39,0.78,,92.2,0.0,NORMAL,Y,3.883118143869527,0.0,11.649354431608582,0.0,15,0.0,0.0,0.0,25,0.0,20,0.0,16.66666666666498,0.0,N,,N,
05:22,LTFOODS,13816,420.9,0.38,0.76,,75.3,4.6,NORMAL,Y,3.815883615549644,0.0,11.447650846648932,0.0,15,0.0,0.0,0.0,25,0.0,20,0.0,0.0,4.615384615385423,N,,N,
05:22,NUCLEUS,10791,694.3,0.38,0.75,,75.0,20.0,NORMAL,N,3.7588549949398713,0.0,11.276564984819615,0.0,15,0.0,0.0,0.0,25,0.0,20,0.0,0.0,20.0,N,,N,
05:22,M&MFIN,13285,400.25,0.36,0.73,,63.2,20.0,NORMAL,Y,3.6359077231694794,0.0,10.90772316950844,0.0,15,0.0,0.0,0.0,25,0.0,0.0,20,8.695652173912785,0.0,N,,N,
05:22,SONACOMS,4684,802.85,0.36,0.71,,92.0,0.0,NORMAL,Y,3.5625000000000284,0.0,10.687500000000085,0.0,15,0.0,0.0,0.0,25,0.0,20,0.0,17.77777777777848,0.0,N,,N,
05:22,GOCLCORP,3963,431.05,0.35,0.7,,54.0,40.0,NORMAL,Y,3.4920265394016994,0.0,10.476079618205098,0.0,15,0.0,0.0,0.0,25,0.0,0.0,20,0.0,20.0,N,,N,
05:22,SBICARD,17971,652.3,0.35,0.69,,80.5,0.0,NORMAL,Y,3.461272209830013,0.0,10.383816629490038,0.0,15,0.0,0.0,0.0,25,0.0,20,0.0,6.66666666666793,0.0,N,,N,
05:22,VEDL,3063,275.95,0.35,0.69,,57.2,20.0,NORMAL,Y,3.4545454545454133,0.0,10.36363636363624,0.0,15,0.0,0.0,0.0,25,0.0,0.0,20,3.333333333333965,0.0,N,,N,
05:22,SYNGENE,10243,408.65,0.34,0.69,,73.8,0.0,NORMAL,Y,3.4376918354818344,0.0,10.313075506445504,0.0,15,0.0,0.0,0.0,25,0.0,20,0.0,0.0,0.0,N,,N,
05:22,ENGINERSIN,4907,243.78,0.33,0.65,,53.0,23.0,NORMAL,Y,3.2511625992838886,0.0,9.753487797851665,0.0,15,0.0,0.0,0.0,25,0.0,0.0,20,0.0,3.030303030303865,N,,N,
05:22,IOC,1624,140.44,0.31,0.63,,58.0,20.0,NORMAL,N,3.142857142857127,0.0,9.42857142857138,0.0,15,0.0,0.0,0.0,25,0.0,0.0,20,5.454545454546395,0.0,N,,N,
05:22,LENSKART,759605,591.05,0.31,0.63,,65.2,20.0,NORMAL,Y,3.1398506449421397,0.0,9.41955193482642,0.0,15,0.0,0.0,0.0,25,0.0,0.0,20,12.631578947368297,0.0,N,,N,
05:22,GSFC,1247,161.84,0.31,0.62,,52.4,22.6,NORMAL,Y,3.099045493987852,0.0,9.297136481963555,0.0,15,0.0,0.0,0.0,25,0.0,0.0,20,0.0,2.6190476190479335,N,,N,
05:22,WELCORP,11821,1859.8,1.25,2.49,,90.2,20.0,NORMAL,Y,12.466655778757614,0.0,30.0,0.0,15,0.0,0.0,0.0,25,0.0,0.0,20,7.692307692307962,0.0,N,,N,
05:22,TPLPLASTEH,9219,76.82,1.23,2.45,,102.3,20.0,NORMAL,N,12.254578995915043,0.0,30.0,0.0,15,0.0,0.0,0.0,25,0.0,0.0,20,20.0,0.0,N,,N,
05:22,PNBGILTS,8736,81.0,1.09,2.17,,100.9,0.0,NORMAL,N,10.857356795207844,0.0,30.0,0.0,15,0.0,0.0,0.0,25,0.0,20,0.0,0.0,0.0,N,,N,
05:22,ESCORTS,958,3114.9,1.06,2.13,,112.7,0.0,NORMAL,Y,10.64209467570818,0.0,30.0,0.0,15,0.0,0.0,0.0,25,0.0,20,0.0,12.105263157894171,0.0,N,,N,
05:22,NESTLEIND,17963,1507.7,0.97,1.94,,110.1,0.0,NORMAL,Y,9.710688454326279,0.0,29.132065362978835,0.0,15,0.0,0.0,0.0,25,0.0,20,0.0,11.250000000001776,0.0,N,,N,
05:22,LTTS,18564,3615.0,0.88,1.76,,75.3,30.8,NORMAL,Y,8.818440587151843,0.0,26.455321761455522,0.0,15,0.0,0.0,0.0,25,0.0,0.0,20,0.0,10.769230769231308,N,,N,
05:22,NITTAGELA,762824,1624.5,0.78,1.56,,71.3,20.0,NORMAL,N,7.816862088218815,0.0,23.450586264656444,0.0,15,0.0,0.0,0.0,25,0.0,0.0,20,0.0,0.0,N,,N,
05:22,HYUNDAI,25844,2215.6,0.71,1.42,,81.9,20.0,NORMAL,Y,7.09090909090905,0.0,21.27272727272715,0.0,15,0.0,0.0,0.0,25,0.0,0.0,20,13.571428571429443,0.0,N,,N,
05:22,ZODIACLOTH,3821,77.79,0.7,1.4,,88.0,0.0,NORMAL,Y,6.990291262136004,0.0,20.97087378640801,0.0,15,0.0,0.0,0.0,25,0.0,20,0.0,0.0,0.0,N,,N,
05:22,SKFINDIA,3186,1533.3,0.7,1.39,,87.8,3.6,NORMAL,Y,6.961318710185795,0.0,20.883956130557383,0.0,15,0.0,0.0,0.0,25,0.0,20,0.0,0.0,3.636363636364764,N,,N,
05:22,IDBI,1476,82.98,0.66,1.31,,66.2,26.7,NORMAL,N,6.55021834061143,0.0,19.65065502183429,0.0,15,0.0,0.0,0.0,25,0.0,0.0,20,0.0,6.666666666666272,N,,N,
05:22,SUPREMEINF,15002,86.0,0.63,1.26,,65.3,39.2,NORMAL,Y,6.318745611982287,0.0,18.95623683594686,0.0,15,0.0,0.0,0.0,25,0.0,0.0,20,0.0,19.23076923076938,N,,N,
05:22,PAYTM,6705,1603.6,0.62,1.24,,64.8,24.7,NORMAL,Y,6.21195959088904,0.0,18.63587877266712,0.0,15,0.0,0.0,0.0,25,0.0,0.0,20,0.0,4.666666666665454,N,,N,
05:22,CREDITACC,4421,1549.2,0.58,1.16,,76.1,20.0,NORMAL,Y,5.778095176264424,0.0,17.334285528793274,0.0,15,0.0,0.0,0.0,25,0.0,0.0,20,12.962962962963292,0.0,N,,N,
05:22,MASTEK,2124,1822.8,0.56,1.13,,102.5,0.0,NORMAL,Y,5.627275736511114,0.0,16.881827209533345,0.0,15,0.0,0.0,0.0,25,0.0,20,0.0,20.0,0.0,N,,N,
05:22,COCHINSHIP,21508,1504.0,0.53,1.07,,81.4,10.3,NORMAL,Y,5.3475935828877,0.0,16.042780748663098,0.0,15,0.0,0.0,0.0,25,0.0,20,0.0,0.0,10.344827586206573,N,,N,
05:22,ZFCVINDIA,16915,2627.4,0.47,0.95,,70.6,20.0,NORMAL,Y,4.741873804971354,0.0,14.22562141491406,0.0,15,0.0,0.0,0.0,25,0.0,0.0,20,11.666666666666982,0.0,N,,N,
05:22,GLAXO,1153,2613.9,0.46,0.92,,81.5,0.0,NORMAL,Y,4.612014297244321,0.0,13.836042891732964,0.0,15,0.0,0.0,0.0,25,0.0,20,0.0,3.076923076923884,0.0,N,,N,
05:22,AJANTPHARM,8124,3522.1,0.45,0.91,,58.1,29.7,NORMAL,Y,4.534824026011092,0.0,13.604472078033277,0.0,15,0.0,0.0,0.0,25,0.0,0.0,20,0.0,9.677419354838992,N,,N,
05:22,IPCALAB,1633,1755.7,0.42,0.84,,56.7,20.0,NORMAL,N,4.175245939144335,0.0,12.525737817433004,0.0,15,0.0,0.0,0.0,25,0.0,0.0,20,0.0,0.0,N,,N,
05:22,AETHER,9810,1640.9,0.41,0.82,,76.4,11.7,NORMAL,Y,4.099865377554795,0.0,12.299596132664385,0.0,15,0.0,0.0,0.0,25,0.0,20,0.0,0.0,11.666666666666982,N,,N,
05:22,SBFC,18026,94.19,0.37,0.75,,74.9,7.6,NORMAL,Y,3.729752770673426,0.0,11.189258312020277,0.0,15,0.0,0.0,0.013906259228230189,25,0.0,20,0.0,0.0,7.619047619049036,N,,N,
05:22,NMDC,15332,85.76,0.36,0.73,,79.5,0.0,NORMAL,Y,3.627852545348183,0.0,10.883557636044548,0.0,15,0.0,0.0,0.0,25,0.0,20,0.0,5.0000000000026645,0.0,N,,N,
05:22,IDFCFIRSTB,11184,84.54,0.32,0.64,,72.8,3.3,NORMAL,Y,3.203987184051386,0.0,9.611961552154156,0.0,15,0.0,0.0,0.0,25,0.0,20,0.0,0.0,3.333333333334912,N,,N,
05:22,WABAG,20188,1956.1,0.31,0.62,,79.7,0.1,NORMAL,N,3.076765294087483,0.0,9.230295882262448,0.0,15,0.0,0.0,0.08562088150622967,25,0.0,20,0.0,7.272727272729528,0.0,N,,N,
05:22,BALKRISIND,335,2506.5,0.3,0.61,,72.2,3.7,NORMAL,Y,3.041338188803037,0.0,9.12401456640911,0.0,15,0.0,0.0,0.0,25,0.0,20,0.0,0.0,3.7288135593216682,N,,N,
05:22,GODREJCP,10099,928.0,-9.46,18.93,,65.7,65.0,NORMAL,Y,0.0,30.0,30.0,0.0,0.0,15,0.0,0.0,25,0.0,0.0,20,10.666666666667577,0.0,N,,N,
05:23,JUBLPHARMA,3637,898.25,-6.92,13.83,,56.1,65.0,NORMAL,Y,0.0,30.0,30.0,0.0,0.0,15,0.0,0.0,25,0.0,0.0,20,1.0526315789487541,0.0,N,,N,
05:23,RHIM,31163,391.1,-5.88,11.77,,55.0,80.6,NORMAL,Y,0.0,30.0,30.0,0.0,0.0,15,0.0,0.0,25,0.0,0.0,20,0.0,15.555555555556118,N,,N,
05:23,TECHNOE,6445,1000.0,-5.49,10.97,,75.0,53.2,NORMAL,Y,0.0,30.0,30.0,0.0,0.0,15,0.0,0.0,25,0.0,20,0.0,0.0,8.181818181818839,N,,N,
05:23,FORTIS,14592,884.3,-5.44,10.89,,50.0,92.4,NORMAL,Y,0.0,30.0,30.0,0.0,0.0,15,0.0,2.4125578599957667,0.0,25,0.0,20,17.628865979381473,0.0,N,,N,
05:23,RAMCOSYS,7851,619.9,-5.0,9.99,,30.0,90.0,NORMAL,Y,0.0,30.0,30.0,0.0,0.0,15,0.0,0.0,0.0,25,0.0,20,0.0,0.0,N,,N,
05:23,BALRAMCHIN,341,599.05,-4.58,9.16,,55.0,77.5,NORMAL,Y,0.0,30.0,30.0,0.0,0.0,15,0.0,0.0,25,0.0,0.0,20,0.0,12.500000000000117,N,,N,
05:23,AIIL,23553,548.1,-4.42,8.84,,69.3,65.0,NORMAL,Y,0.0,30.0,30.0,0.0,0.0,15,0.0,0.0,25,0.0,0.0,20,14.285714285714286,0.0,N,,N,
05:23,SAPPHIRE,6718,227.54,-3.59,7.19,,55.0,65.7,NORMAL,N,0.0,30.0,30.0,0.0,0.0,15,0.0,0.0,25,0.0,0.0,20,0.0,0.6896551724141649,N,,N,
05:23,ASTERDM,1508,828.35,-3.11,6.21,,30.0,94.1,NORMAL,Y,0.0,30.0,30.0,0.0,0.0,15,0.0,0.0,0.0,25,0.0,20,0.0,4.062500000000511,N,,N,
05:23,HISARMETAL,19322,150.6,-3.08,6.15,,30.0,90.0,NORMAL,Y,0.0,30.0,30.0,0.0,0.0,15,0.0,0.0,0.0,25,0.0,20,0.0,0.0,N,,N,
05:23,MATRIMONY,21726,520.6,-3.07,6.14,,55.0,78.3,NORMAL,N,0.0,30.0,30.0,0.0,0.0,15,0.0,0.0,25,0.0,0.0,20,0.0,13.333333333333332,N,,N,
05:23,UNICHEMLAB,3579,556.35,-3.04,6.08,,68.8,65.0,NORMAL,N,0.0,30.0,30.0,0.0,0.0,15,0.0,0.0,25,0.0,0.0,20,13.84615384615425,0.0,N,,N,
05:23,DEVYANI,5373,138.49,-3.01,6.02,,63.3,65.0,NORMAL,N,0.0,30.0,30.0,0.0,0.0,15,0.0,0.0,25,0.0,0.0,20,8.333333333330176,0.0,N,,N,
05:23,MEDANTA,11956,1397.1,-3.01,6.01,,50.0,90.0,NORMAL,Y,0.0,30.0,30.0,0.0,0.0,15,0.0,0.0,0.0,25,0.0,20,20.0,0.0,N,,N,
05:23,ADANIGREEN,3563,1327.3,-2.83,5.67,,61.4,63.3,NORMAL,Y,0.0,28.330893118594467,30.0,0.0,0.0,15,0.0,0.0,25,0.0,0.0,20,6.428571428570558,0.0,N,,N,
05:23,SUDARSCHEM,3327,1080.6,-2.65,5.3,,54.3,102.8,NORMAL,N,0.0,26.486486486486573,30.0,0.0,0.0,15,0.0,16.31373399566496,0.0,25,0.0,20,7.999999999999545,0.0,N,,N,
05:23,MAXHEALTH,22377,1013.0,-2.6,5.19,,64.2,61.0,NORMAL,Y,0.0,25.961538461538463,30.0,0.0,0.0,15,0.0,0.0,25,0.0,0.0,20,9.2307692307695,0.0,N,,N,
05:23,JYOTHYLAB,15146,198.8,-2.57,5.14,,55.0,75.3,NORMAL,Y,0.0,25.681238972750347,30.0,0.0,0.0,15,0.0,0.0,25,0.0,0.0,20,0.0,14.583333333333409,N,,N,
05:23,BECTORFOOD,1628,234.59,-2.51,5.01,,55.0,78.8,NORMAL,N,0.0,25.06026099243621,30.0,0.0,0.0,15,0.0,0.0,25,0.0,0.0,20,0.0,18.765432098765856,N,,N,
05:23,ERIS,21154,1356.3,-2.45,4.89,,61.7,59.5,NORMAL,Y,0.0,24.455153563979,30.0,0.0,0.0,15,0.0,0.0,25,0.0,0.0,20,6.666666666667509,0.0,N,,N,
05:23,EPACKPEB,759251,241.3,-2.37,4.73,,75.0,58.7,NORMAL,Y,0.0,23.669836131903676,30.0,0.0,0.0,15,0.0,0.0,25,0.0,0.0,20,20.0,0.0,N,,N,
05:23,PTC,11355,168.05,-2.27,4.54,,55.0,66.5,NORMAL,N,0.0,22.681011922070237,30.0,0.0,0.0,15,0.0,0.0,25,0.0,0.0,20,0.0,8.799999999998818,N,,N,
05:23,ROLEXRINGS,5279,173.29,-2.26,4.51,,55.7,57.6,NORMAL,N,0.0,22.561904224716567,30.0,0.0,0.0,15,0.0,0.0,25,0.0,0.0,20,0.7142857142850617,0.0,N,,N,
05:23,PSPPROJECT,20877,913.55,-2.24,4.48,,55.0,63.1,NORMAL,Y,0.0,22.41840556447303,30.0,0.0,0.0,15,0.0,0.0,25,0.0,0.0,20,0.0,5.714285714286643,N,,N,
05:23,KNRCON,15283,133.92,-2.13,4.27,,55.0,69.8,NORMAL,N,0.0,21.338789827535926,30.0,0.0,0.0,15,0.0,0.0,25,0.0,0.0,20,0.0,13.50000000000032,N,,N,
05:23,TEJASNET,21131,522.35,-2.11,4.22,,63.6,56.1,NORMAL,Y,0.0,21.083208395802096,30.0,0.0,0.0,15,0.0,0.0,25,0.0,0.0,20,8.57142857142981,0.0,N,,N,
05:23,GREAVESCOT,1235,193.62,-2.1,4.21,,67.3,56.0,NORMAL,Y,0.0,21.03347153402769,30.0,0.0,0.0,15,0.0,0.0,25,0.0,0.0,20,12.307692307691802,0.0,N,,N,
05:23,OMNI,760865,585.8,-2.08,4.16,,55.0,65.4,NORMAL,Y,0.0,20.81069786878403,30.0,0.0,0.0,15,0.0,0.0,25,0.0,0.0,20,0.0,9.61038961038967,N,,N,
05:23,REDINGTON,14255,347.25,-2.06,4.12,,61.9,55.6,NORMAL,N,0.0,20.589479622056157,30.0,0.0,0.0,15,0.0,0.0,25,0.0,0.0,20,6.896551724137985,0.0,N,,N,
05:23,FSL,14304,273.95,-2.02,4.04,,41.1,80.2,NORMAL,Y,0.0,20.207439198855628,30.0,0.0,0.0,15,0.0,0.0,0.0,25,0.0,20,11.111111111111391,0.0,N,,N,
05:23,MRPL,2283,177.48,-2.02,4.04,,66.4,55.2,NORMAL,N,0.0,20.20536601523682,30.0,0.0,0.0,15,0.0,0.0,25,0.0,0.0,20,11.428571428572203,0.0,N,,N,
05:23,PIIND,24184,2602.5,-4.67,9.34,,55.0,76.7,NORMAL,Y,0.0,30.0,30.0,0.0,0.0,15,0.0,0.0,25,0.0,0.0,20,0.0,11.733333333332363,N,,N,
05:23,PATANJALI,17029,345.95,-2.0,3.99,,57.4,55.0,NORMAL,Y,0.0,19.971671388102017,30.0,0.0,0.0,15,0.0,0.0,25,0.0,0.0,20,2.399999999999636,0.0,N,,N,
05:23,BRIGADE,15184,593.05,-1.99,3.98,,55.0,74.9,NORMAL,N,0.0,19.914063791109022,30.0,0.0,0.0,15,0.0,0.0,25,0.0,0.0,20,0.0,20.0,N,,N,
05:23,LLOYDSME,17313,1927.6,-2.95,5.9,,55.0,71.3,NORMAL,Y,0.0,29.50357466518988,30.0,0.0,0.0,15,0.0,0.0,25,0.0,0.0,20,0.0,6.779661016949047,N,,N,
05:23,RUPA,25724,155.68,-1.94,3.88,,30.0,83.8,NORMAL,Y,0.0,19.400352733685967,30.0,0.0,0.0,15,0.0,0.0,0.0,25,0.0,20,0.0,4.44444444444655,N,,N,
05:23,PDSL,5264,369.25,-1.93,3.85,,66.7,54.3,NORMAL,N,0.0,19.256308100929616,30.0,0.0,0.0,15,0.0,0.0,25,0.0,0.0,20,11.666666666666192,0.0,N,,N,
05:23,LUXIND,11301,1225.0,-1.91,3.81,,50.0,79.1,NORMAL,Y,0.0,19.058295964125524,30.0,0.0,0.0,15,0.0,0.0,0.0,25,0.0,20,20.0,0.0,N,,N,
05:23,GODREJIND,10925,1265.9,-1.85,3.71,,55.0,73.5,NORMAL,Y,0.0,18.530004651883907,30.0,0.0,0.0,15,0.0,0.0,25,0.0,0.0,20,0.0,20.0,N,,N,
05:23,M&M,2031,3417.0,-2.84,5.69,,67.3,63.4,NORMAL,N,0.0,28.43332385555871,30.0,0.0,0.0,15,0.0,0.0,25,0.0,0.0,20,12.27272727272826,0.0,N,,N,
05:23,INTELLECT,5926,710.45,-1.82,3.65,,55.0,70.7,NORMAL,Y,0.0,18.240862295308414,30.0,0.0,0.0,15,0.0,0.0,25,0.0,0.0,20,0.0,17.499999999996447,N,,N,
05:23,RGL,15129,113.16,-1.77,3.54,,55.0,60.8,NORMAL,Y,0.0,17.708333333333385,30.0,0.0,0.0,15,0.0,0.0,25,0.0,0.0,20,0.0,8.085106382978825,N,,N,
05:23,VAIBHAVGBL,11364,233.5,-1.75,3.49,,55.0,52.5,NORMAL,Y,0.0,17.46265516515887,30.0,0.0,0.0,15,0.0,0.0,25,0.0,0.0,20,0.0,0.0,N,,N,
05:23,EMSLIMITED,18593,387.15,-1.71,3.43,,55.0,52.1,NORMAL,Y,0.0,17.136329017517134,30.0,0.0,0.0,15,0.0,0.0,25,0.0,0.0,20,0.0,0.0,N,,N,
05:23,LUMAXTECH,14014,2020.4,-2.69,5.38,,68.1,61.9,NORMAL,N,0.0,26.922891682319552,30.0,0.0,0.0,15,0.0,0.0,25,0.0,0.0,20,13.142857142856883,0.0,N,,N,
05:23,ABDL,24308,609.4,-1.68,3.36,,59.6,51.8,NORMAL,Y,0.0,16.779606324620808,30.0,0.0,0.0,15,0.0,0.0,25,0.0,0.0,20,4.615384615384077,0.0,N,,N,
05:23,MAXESTATES,19646,419.6,-1.65,3.3,,75.0,34.0,NORMAL,N,0.0,16.524082971990985,30.0,0.0,0.0,15,0.0,0.0,25,0.0,20,0.0,0.0,2.500000000000533,N,,N,
05:23,NELCO,2388,978.7,-1.65,3.3,,55.0,60.5,NORMAL,N,0.0,16.480755702944403,30.0,0.0,0.0,15,0.0,0.0,25,0.0,0.0,20,0.0,9.032258064515915,N,,N,
05:23,SHALBY,714,159.06,-1.61,3.23,,50.0,76.1,NORMAL,Y,0.0,16.14399703098896,30.0,0.0,0.0,15,0.0,0.0,0.0,25,0.0,20,20.0,0.0,N,,N,
05:23,SONATSOFTW,6596,328.55,-1.6,3.2,,30.0,86.0,NORMAL,N,0.0,16.022761305780072,30.0,0.0,0.0,15,0.0,0.0,0.0,25,0.0,20,0.0,9.999999999997158,N,,N,
05:23,KPITTECH,9683,617.0,-1.59,3.19,,55.0,57.3,NORMAL,N,0.0,15.948963317384367,30.0,0.0,0.0,15,0.0,0.0,25,0.0,0.0,20,0.0,6.363636363636646,N,,N,
05:23,WINDLAS,5366,928.3,-1.57,3.14,,75.0,50.7,NORMAL,N,0.0,15.692927579259958,30.0,0.0,0.0,15,0.0,0.0,25,0.0,0.0,20,20.0,0.0,N,,N,
05:23,KSB,1949,799.25,-1.55,3.1,,55.0,70.5,NORMAL,Y,0.0,15.520108394407861,30.0,0.0,0.0,15,0.0,0.0,25,0.0,0.0,20,0.0,20.0,N,,N,
05:23,MAITHANALL,24538,990.0,-1.55,3.1,,69.2,50.5,NORMAL,N,0.0,15.513126491646801,30.0,0.0,0.0,15,0.0,0.0,25,0.0,0.0,20,14.193548387097483,0.0,N,,N,
05:23,JUBLINGREA,2783,721.8,-1.54,3.08,,31.1,75.4,NORMAL,Y,0.0,15.413995362160778,30.0,0.0,0.0,15,0.0,0.0,0.0,25,0.0,20,1.0526315789487541,0.0,N,,N,
05:23,EXICOM,22947,141.76,-1.52,3.04,,55.0,54.8,NORMAL,Y,0.0,15.213615838832915,30.0,0.0,0.0,15,0.0,0.0,25,0.0,0.0,20,0.0,4.615384615384952,N,,N,
05:23,UNOMINDA,14154,1255.8,-1.51,3.01,,67.0,50.1,NORMAL,N,0.0,15.058823529411802,30.0,0.0,0.0,15,0.0,0.0,25,0.0,0.0,20,11.999999999998181,0.0,N,,N,
05:23,HIKAL,9668,214.71,-1.5,3.0,,30.0,95.0,NORMAL,Y,0.0,15.001376273052493,30.0,0.0,0.0,15,0.0,0.0,0.0,25,0.0,20,0.0,20.0,N,,N,
05:23,SPARC,14788,202.2,-1.49,2.98,,30.0,80.9,NORMAL,Y,0.0,14.907921660333248,30.0,0.0,0.0,15,0.0,0.0,0.0,25,0.0,20,0.0,6.0,N,,N,
05:23,SURYODAY,2970,161.25,-1.47,2.95,,75.0,49.7,NORMAL,Y,0.0,14.725650739337631,30.0,0.0,0.0,15,0.0,0.0,25,0.0,0.0,20,20.0,0.0,N,,N,
05:23,EIDPARRY,916,776.95,-1.46,2.93,,67.9,49.6,NORMAL,Y,0.0,14.648065948002477,30.0,0.0,0.0,15,0.0,0.0,25,0.0,0.0,20,12.85714285714274,0.0,N,,N,
05:23,TRITURBINE,25584,591.6,-1.46,2.91,,55.0,53.6,NORMAL,Y,0.0,14.57483134838011,30.0,0.0,0.0,15,0.0,0.0,25,0.0,0.0,20,0.0,3.9999999999993934,N,,N,
05:23,GMRAIRPORT,13528,103.59,-1.45,2.89,,55.0,59.5,NORMAL,Y,0.0,14.461040814384893,30.0,0.0,0.0,15,0.0,0.0,25,0.0,0.0,20,0.0,10.0,N,,N,
05:23,MUKANDLTD,11325,138.58,-1.44,2.89,,55.0,49.4,NORMAL,Y,0.0,14.437095512410218,30.0,0.0,0.0,15,0.0,0.0,25,0.0,0.0,20,0.0,0.0,N,,N,
05:23,VIPIND,3703,312.35,-1.44,2.87,,55.3,53.5,NORMAL,N,0.0,14.357841590406926,30.0,0.0,0.0,15,0.0,0.3351613595501917,25,0.0,0.0,20,0.0,3.79310344827597,N,,N,
05:23,SUPREMEIND,3363,3410.0,-2.43,4.86,,75.0,45.5,NORMAL,Y,0.0,24.32045779685265,30.0,0.0,0.0,15,0.0,0.0,25,0.0,20,0.0,0.0,6.15384615384427,N,,N,
05:23,RSYSTEMS,13414,241.5,-1.41,2.82,,65.0,49.1,NORMAL,Y,0.0,14.084507042253476,30.0,0.0,0.0,15,0.0,0.0,25,0.0,0.0,20,10.0,0.0,N,,N,
05:23,UCAL,3570,116.0,-1.4,2.8,,30.0,74.0,NORMAL,Y,0.0,14.024649383765453,30.0,0.0,0.0,15,0.0,0.0,0.0,25,0.0,20,0.0,0.0,N,,N,
05:23,ZUARI,29050,222.32,-1.38,2.75,,55.0,66.4,NORMAL,Y,0.0,13.75210717771269,30.0,0.0,0.0,15,0.0,0.0,25,0.0,0.0,20,0.0,17.61904761904717,N,,N,
05:23,WOCKPHARMA,7506,1864.2,-2.37,4.73,,55.0,62.7,NORMAL,Y,0.0,23.67235780873575,30.0,0.0,0.0,15,0.0,0.0,25,0.0,0.0,20,0.0,4.0,N,,N,
05:23,AVANTIFEED,7936,848.15,-1.35,2.71,,50.0,63.4,NORMAL,Y,0.0,13.549662712258637,30.0,0.0,0.0,15,0.0,0.0,0.0,25,20,0.0,0.0,9.870129870129693,N,,N,
05:23,ZENSARTECH,1076,493.85,-1.35,2.7,,57.2,48.5,NORMAL,Y,0.0,13.483819416699959,30.0,0.0,0.0,15,0.0,0.0,25,0.0,0.0,20,2.2222222222202572,0.0,N,,N,
05:23,VMM,27969,108.78,-1.33,2.67,,55.0,64.2,NORMAL,Y,0.0,13.333333333333325,30.0,0.0,0.0,15,0.0,0.0,25,0.0,0.0,20,0.0,15.833333333332543,N,,N,
05:23,RALLIS,2816,208.72,-1.31,2.63,,63.6,48.1,NORMAL,Y,0.0,13.144208037825065,30.0,0.0,0.0,15,0.0,0.0,25,0.0,0.0,20,8.571428571428958,0.0,N,,N,
05:23,RAMKY,20134,391.15,-1.29,2.57,,55.0,67.9,NORMAL,N,0.0,12.870662460567882,30.0,0.0,0.0,15,0.0,0.0,25,0.0,0.0,20,0.0,20.0,N,,N,
05:23,TATACONSUM,3432,1064.2,-1.28,2.56,,55.0,54.3,NORMAL,Y,0.0,12.801484230055618,30.0,0.0,0.0,15,0.0,0.0,25,0.0,0.0,20,0.0,6.451612903225522,N,,N,
05:23,KALYANKJIL,2955,594.55,-1.27,2.54,,55.0,55.7,NORMAL,N,0.0,12.70342079043522,30.0,0.0,0.0,15,0.0,0.0,25,0.0,0.0,20,0.0,7.999999999998787,N,,N,
05:23,ANGELONE,324,287.7,-1.27,2.54,,75.0,27.7,NORMAL,Y,0.0,12.69732326698692,30.0,0.0,0.0,15,0.0,0.0,25,0.0,20,0.0,0.0,0.0,N,,N,
05:23,WESTLIFE,11580,576.05,-1.27,2.54,,75.0,47.7,NORMAL,N,0.0,12.683177650184403,30.0,0.0,0.0,15,0.0,0.0,25,0.0,0.0,20,20.0,0.0,N,,N,
05:23,RAINBOW,9408,1485.2,-1.26,2.51,,75.0,47.6,NORMAL,Y,0.0,12.565653879396228,30.0,0.0,0.0,15,0.0,0.0,25,0.0,0.0,20,20.0,0.0,N,,N,
05:23,GULFOILLUB,4391,1175.1,-1.24,2.47,,64.7,47.4,NORMAL,N,0.0,12.355017650025253,30.0,0.0,0.0,15,0.0,0.0,25,0.0,0.0,20,9.729729729729364,0.0,N,,N,
05:23,EBGNG,757862,565.5,-1.23,2.46,,67.6,47.3,NORMAL,N,0.0,12.313335079905606,30.0,0.0,0.0,15,0.0,0.0,25,0.0,0.0,20,12.558139534883402,0.0,N,,N,
05:23,RAYMOND,2859,616.65,-1.23,2.45,,75.0,37.8,NORMAL,N,0.0,12.253724171071564,30.0,0.0,0.0,15,0.0,0.0,25,0.0,20,0.0,0.0,10.52631578947318,N,,N,
05:23,SWIGGY,27066,277.1,-1.21,2.42,,66.4,47.1,NORMAL,Y,0.0,12.12121212121204,30.0,0.0,0.0,15,0.0,0.0,25,0.0,0.0,20,11.428571428571892,0.0,N,,N,
05:23,MARICO,4067,845.0,-1.17,2.34,,55.0,54.2,NORMAL,Y,0.0,11.695906432748536,30.0,0.0,0.0,15,0.0,0.0,25,0.0,0.0,20,0.0,7.500000000000178,N,,N,
05:23,ADANIPOWER,17388,206.56,-1.17,2.33,,55.0,49.1,NORMAL,Y,0.0,11.67464114832535,30.0,0.0,0.0,15,0.0,0.0,25,0.0,0.0,20,0.0,2.380952380952832,N,,N,
05:23,BPCL,526,314.1,-1.16,2.33,,40.0,71.6,NORMAL,Y,0.0,11.642542479546849,30.0,0.0,0.0,15,0.0,0.0,0.0,25,0.0,20,10.0,0.0,N,,N,
05:23,360ONE,13061,1154.7,-1.14,2.28,,75.0,26.4,NORMAL,N,0.0,11.386986301369827,30.0,0.0,0.0,15,0.0,0.0,25,0.0,20,0.0,0.0,0.0,N,,N,
05:23,HCG,15555,730.55,-1.14,2.27,,55.0,48.0,NORMAL,N,0.0,11.367480885039704,30.0,0.0,0.0,15,0.0,0.0,25,0.0,0.0,20,0.0,1.6666666666688772,N,,N,
05:23,FDC,4898,356.8,-1.14,2.27,,56.8,46.4,NORMAL,Y,0.0,11.36048766971451,30.0,0.0,0.0,15,0.0,0.0,25,0.0,0.0,20,1.818181818180315,0.0,N,,N,
05:23,ETERNAL,5097,314.4,-1.13,2.26,,30.0,91.3,NORMAL,N,0.0,11.320754716981204,30.0,0.0,0.0,15,0.0,0.0,0.0,25,0.0,20,0.0,20.0,N,,N,
05:23,SAREGAMA,4892,523.35,-1.09,2.17,,75.0,45.9,NORMAL,N,0.0,10.867510867510868,30.0,0.0,0.0,15,0.0,0.0,25,0.0,0.0,20,20.0,0.0,N,,N,
05:23,SUPRAJIT,11689,525.5,-1.08,2.16,,75.0,45.8,NORMAL,N,0.0,10.823529411764707,30.0,0.0,0.0,15,0.0,0.0,25,0.0,0.0,20,20.0,0.0,N,,N,
05:23,RECLTD,15355,341.0,-1.07,2.15,,75.0,41.7,NORMAL,Y,0.0,10.733971569480673,30.0,0.0,0.0,15,0.0,0.0,25,0.0,20,0.0,0.0,16.000000000003638,N,,N,
05:23,GANESHHOU,14339,755.8,-1.07,2.13,,30.0,90.7,NORMAL,Y,0.0,10.668237450095019,30.0,0.0,0.0,15,0.0,0.0,0.0,25,0.0,20,0.0,20.0,N,,N,
05:23,HAPPSTMNDS,48,390.2,-1.05,2.1,,57.5,57.4,NORMAL,Y,0.0,10.523646506910188,30.0,0.0,0.0,15,0.0,2.4504447546852903,25,0.0,0.0,20,0.0,9.411764705882195,N,,N,
05:23,PRINCEPIPE,16045,268.2,-1.05,2.1,,59.0,45.5,NORMAL,Y,0.0,10.514665190924266,30.0,0.0,0.0,15,0.0,0.0,25,0.0,0.0,20,4.0000000000009095,0.0,N,,N,
05:23,TREJHARA,7518,163.8,-1.05,2.1,,30.0,70.5,NORMAL,N,0.0,10.511054729974513,30.0,0.0,0.0,15,0.0,0.0,0.0,25,0.0,20,0.0,0.0,N,,N,
05:23,PREMIERENE,25049,1039.0,-1.05,2.1,,36.7,70.5,NORMAL,Y,0.0,10.476190476190478,30.0,0.0,0.0,15,0.0,0.0,0.0,25,0.0,20,6.666666666669193,0.0,N,,N,
05:23,PRAJIND,2705,326.45,-1.05,2.09,,55.0,55.5,NORMAL,N,0.0,10.457714458926915,30.0,0.0,0.0,15,0.0,0.0,25,0.0,0.0,20,0.0,9.999999999999053,N,,N,
05:23,NEWGEN,1164,549.3,-1.04,2.09,,67.5,45.4,NORMAL,Y,0.0,10.448567825617129,30.0,0.0,0.0,15,0.0,0.0,25,0.0,0.0,20,12.50000000000071,0.0,N,,N,
05:23,INFY,1594,1178.3,-1.04,2.08,,35.5,70.4,NORMAL,N,0.0,10.414042160073983,30.0,0.0,0.0,15,0.0,0.0,0.0,25,0.0,20,5.454545454545078,0.0,N,,N,
05:23,GARFIBRES,1100,778.25,-1.04,2.07,,59.0,45.4,NORMAL,N,0.0,10.363682604272606,30.0,0.0,0.0,15,0.0,0.0,25,0.0,0.0,20,3.999999999996362,0.0,N,,N,
05:23,JUBLFOOD,18096,483.15,-1.03,2.07,,75.0,31.1,NORMAL,N,0.0,10.344121261777984,30.0,0.0,0.0,15,0.0,0.0,25,0.0,20,0.0,0.0,5.7142857142857135,N,,N,
05:23,SUNTECK,17641,293.5,-1.03,2.06,,95.0,25.3,NORMAL,Y,0.0,10.28494351711351,30.0,0.0,0.0,15,0.0,0.0,25,0.0,20,0.0,20.0,0.0,N,,N,
05:23,MANAPPURAM,19061,356.35,-1.01,2.03,,65.0,45.1,NORMAL,Y,0.0,10.138888888888825,30.0,0.0,0.0,15,0.0,0.0,25,0.0,0.0,20,10.0,0.0,N,,N,
05:23,ASAHIINDIA,5378,892.55,-1.01,2.02,,55.0,45.1,NORMAL,Y,0.0,10.092607996450978,30.0,0.0,0.0,15,0.0,0.0,25,0.0,0.0,20,0.0,0.0,N,,N,
05:23,SANGAMIND,4184,576.1,-1.01,2.01,,95.0,25.1,NORMAL,Y,0.0,10.052410000859217,30.0,0.0,0.0,15,0.0,0.0,25,0.0,20,0.0,20.0,0.0,N,,N,
05:23,PINELABS,759820,165.9,-1.0,2.01,,44.9,70.0,NORMAL,N,0.0,10.025062656641644,30.0,0.0,0.0,15,0.0,0.0,0.0,25,0.0,20,14.925373134328638,0.0,N,,N,
05:23,TATAINVEST,1621,681.95,-0.99,1.97,,54.6,51.0,NORMAL,N,0.0,9.872958257713181,29.618874773139545,0.0,0.0,15,0.0,0.0,25,0.0,0.0,20,0.0,6.153846153847768,N,,N,
05:23,BEL,383,401.85,-0.99,1.97,,58.6,44.9,NORMAL,N,0.0,9.855858075643711,29.567574226931132,0.0,0.0,15,0.0,0.0,25,0.0,0.0,20,3.999999999996362,0.0,N,,N,
05:23,WHIRLPOOL,18011,787.35,-0.97,1.94,,54.1,57.5,NORMAL,Y,0.0,9.684925476385049,29.054776429155144,0.0,0.0,15,0.0,0.0,25,0.0,0.0,20,0.0,12.765957446809004,N,,N,
05:23,DABUR,772,408.7,-0.96,1.91,,73.7,44.6,NORMAL,Y,0.0,9.57227674784924,28.71683024354772,0.0,0.0,15,0.0,0.0,25,0.0,0.0,20,20.0,0.0,N,,N,
05:23,IEX,220,124.81,-0.94,1.89,,55.2,44.4,NORMAL,Y,0.0,9.444444444444429,28.333333333333282,0.0,0.0,15,0.0,0.0,25,0.0,0.0,20,1.9047619047614537,0.0,N,,N,
05:23,ORIENTELEC,2972,188.88,-0.94,1.89,,62.4,44.4,NORMAL,N,0.0,9.439899307740777,28.31969792322233,0.0,0.0,15,0.0,0.0,25,0.0,0.0,20,9.090909090909875,0.0,N,,N,
05:23,KIMS,4847,805.5,-0.93,1.86,,39.2,69.3,NORMAL,N,0.0,9.286021769878797,27.858065309636387,0.0,0.0,15,0.0,0.0,0.0,25,0.0,20,11.304347826086785,0.0,N,,N,
05:23,PCBL,2649,319.2,-0.92,1.83,,55.8,44.2,NORMAL,Y,0.0,9.157224895235105,27.471674685705317,0.0,0.0,15,0.0,0.0,25,0.0,0.0,20,3.333333333333965,0.0,N,,N,
05:23,POLICYBZR,6656,1700.0,-1.9,3.81,,55.0,63.5,NORMAL,N,0.0,19.042123485285632,30.0,0.0,0.0,15,0.0,0.0,25,0.0,0.0,20,0.0,9.411764705883533,N,,N,
05:23,ROSSARI,19410,500.4,-0.89,1.78,,55.9,47.0,NORMAL,Y,0.0,8.9126559714795,26.737967914438507,0.0,0.0,15,0.0,3.062889721934434,25,0.0,0.0,20,1.1111111111113918,0.0,N,,N,
05:23,KOTAKBANK,1922,389.4,-0.89,1.78,,53.5,43.9,NORMAL,Y,0.0,8.908119114278444,26.72435734283533,0.0,0.0,15,0.0,0.0,25,0.0,0.0,20,1.818181818180127,0.0,N,,N,
05:23,QUICKHEAL,13131,150.03,-0.88,1.76,,39.7,72.5,NORMAL,Y,0.0,8.786997885835177,26.36099365750553,0.0,0.0,15,0.0,3.729759537576285,0.0,25,0.0,20,9.648241206030187,0.0,N,,N,
05:23,MOTILALOFS,14947,880.2,-0.88,1.76,,51.4,61.5,NORMAL,Y,0.0,8.783783783783733,26.351351351351195,0.0,0.0,15,0.0,0.0,25,0.0,0.0,20,0.0,17.666666666666515,N,,N,
05:23,DEEPAKNTR,19943,1751.4,-1.87,3.74,,61.8,53.7,NORMAL,N,0.0,18.713581353652994,30.0,0.0,0.0,15,0.0,0.0,25,0.0,0.0,20,6.800000000000182,0.0,N,,N,
05:23,IFCI,1491,74.29,-1.86,3.73,,55.0,53.6,NORMAL,Y,0.0,18.62615587846759,30.0,0.0,0.0,15,0.0,0.0,25,0.0,0.0,20,0.0,0.0,N,,N,
05:23,ROUTE,128,525.55,-0.86,1.72,,50.7,59.6,NORMAL,Y,0.0,8.583286172420426,25.749858517261277,0.0,0.0,15,0.0,0.0,25,0.0,0.0,20,0.0,15.99999999999909,N,,N,
05:23,TIMKEN,14198,3223.2,-1.85,3.7,,75.0,41.1,NORMAL,N,0.0,18.484119492067443,30.0,0.0,0.0,15,0.0,0.0,25,0.0,20,0.0,0.0,7.6190476190475165,N,,N,
05:23,ATGL,6066,660.55,-0.84,1.68,,53.6,43.4,NORMAL,Y,0.0,8.406515049163135,25.219545147489406,0.0,0.0,15,0.0,0.0,25,0.0,0.0,20,3.333333333330175,0.0,N,,N,
05:23,LTF,24948,312.75,-0.84,1.68,,80.2,23.4,NORMAL,Y,0.0,8.402029169308742,25.206087507926227,0.0,0.0,15,0.0,0.0,25,0.0,20,0.0,10.0,0.0,N,,N,
05:23,SWANCORP,27095,308.65,-0.84,1.67,,70.1,43.4,NORMAL,Y,0.0,8.353413654618548,25.060240963855644,0.0,0.0,15,0.0,0.0,25,0.0,0.0,20,20.0,0.0,N,,N,
05:23,ORIENTCEM,30089,133.01,-0.84,1.67,,50.1,59.5,NORMAL,Y,0.0,8.350108104078167,25.050324312234505,0.0,0.0,15,0.0,0.0,25,0.0,0.0,20,0.0,16.153846153846448,Y,NONRESULTS,N,
05:23,SHILPAMED,17752,813.0,-0.82,1.63,,84.8,23.2,NORMAL,N,0.0,8.173722093448879,24.521166280346634,0.0,0.0,15,0.0,0.0,25,0.0,20,0.0,15.238095238095033,0.0,N,,N,
05:23,RELIANCE,2885,1313.1,-0.82,1.63,,49.5,50.4,NORMAL,N,0.0,8.15771583956506,24.47314751869518,0.0,0.0,15,0.0,0.0,25,0.0,0.0,20,0.0,7.272727272725393,N,,N,
05:23,PUNJABCHEM,4344,1095.0,-0.82,1.63,,24.5,68.2,NORMAL,Y,0.0,8.152173913043478,24.456521739130434,0.0,0.0,15,0.0,0.058666017777403434,0.0,25,0.0,20,0.0,0.0,N,,N,
05:23,HCLTECH,7229,1354.3,-0.81,1.63,,27.9,68.1,NORMAL,N,0.0,8.1294858649481,24.388457594844297,0.0,0.0,15,0.0,0.0,0.0,25,0.0,20,3.529411764705725,0.0,N,,N,
05:23,ICICIPRULI,18652,497.45,-0.81,1.62,,69.2,31.6,NORMAL,Y,0.0,8.07577268195416,24.22731804586248,0.0,0.0,15,0.0,0.0,25,0.0,20,0.0,0.0,8.571428571426715,N,,N,
05:23,TITAGARH,15414,838.0,-0.8,1.61,,69.1,43.0,NORMAL,Y,0.0,8.04924242424237,24.14772727272711,0.0,0.0,15,0.0,0.0,25,0.0,0.0,20,20.0,0.0,N,,N,
05:23,DELHIVERY,9599,469.7,-0.79,1.58,,48.8,62.9,NORMAL,Y,0.0,7.920582954905482,23.761748864716445,0.0,0.0,15,0.0,0.0,25,0.0,0.0,20,0.0,20.0,N,,N,
05:23,JIOFIN,18143,250.75,-0.79,1.58,,57.3,42.9,NORMAL,N,0.0,7.91295746785361,23.73887240356083,0.0,0.0,15,0.0,0.0,25,0.0,0.0,20,8.571428571427411,0.0,N,,N,
05:23,POONAWALLA,11403,483.35,-0.79,1.58,,48.7,44.7,NORMAL,N,0.0,7.902298850574643,23.70689655172393,0.0,0.0,15,0.0,0.0,25,0.0,0.0,20,0.0,1.818181818180127,N,,N,
05:23,GAIL,4717,173.96,-0.79,1.57,,62.9,42.9,NORMAL,Y,0.0,7.870423177825912,23.611269533477735,0.0,0.0,15,0.0,0.0,25,0.0,0.0,20,14.285714285714286,0.0,N,,N,
05:23,INDHOTEL,1512,718.35,-0.78,1.56,,56.6,42.8,NORMAL,Y,0.0,7.803867403314887,23.411602209944657,0.0,0.0,15,0.0,0.0,25,0.0,0.0,20,8.235294117647374,0.0,N,,Y,NONRESULTS
05:23,NESCO,15409,1040.2,-0.77,1.55,,78.2,22.7,NORMAL,Y,0.0,7.726795764571125,23.180387293713373,0.0,0.0,15,0.0,0.0,25,0.0,20,0.0,10.0,0.0,N,,N,
05:23,NLCINDIA,8585,283.85,-0.77,1.54,,68.1,42.7,NORMAL,Y,0.0,7.690963118335914,23.072889355007746,0.0,0.0,15,0.0,0.0,25,0.0,20,0.0,0.0,20.0,N,,N,
05:23,TORNTPOWER,13786,1320.2,-0.77,1.53,,49.5,42.7,NORMAL,Y,0.0,7.666867107636834,23.000601322910505,0.0,0.0,15,0.0,0.0,25,0.0,0.0,20,1.538461538460193,0.0,N,,N,
05:23,FINPIPE,1041,161.45,-0.74,1.49,,47.3,47.0,NORMAL,Y,0.0,7.438829460223829,22.316488380671487,0.0,0.0,15,0.0,0.0,25,0.0,0.0,20,0.0,4.57142857142936,N,,N,
05:23,JKIL,15266,493.9,-0.74,1.49,,47.3,42.4,NORMAL,N,0.0,7.435691318328066,22.307073954984197,0.0,0.0,15,0.0,0.0,25,0.0,0.0,20,0.0,0.0,N,,N,
05:23,ANTHEM,757885,885.05,-0.74,1.48,,51.2,42.4,NORMAL,N,0.0,7.402007514159169,22.206022542477506,0.0,0.0,15,0.0,0.0,25,0.0,0.0,20,3.9999999999993934,0.0,N,,N,
05:23,SURYAROSNI,3375,234.14,-0.72,1.43,,52.8,42.2,NORMAL,Y,0.0,7.166179027265513,21.49853708179654,0.0,0.0,15,0.0,0.0,25,0.0,0.0,20,6.315789473684525,0.0,N,,N,
05:23,TCS,11536,2403.8,-1.71,3.43,,30.1,91.8,NORMAL,N,0.0,17.13210941652682,30.0,0.0,0.0,15,0.0,0.14541827077699243,0.0,25,0.0,20,0.0,14.545454545453794,N,,N,
05:23,BSOFT,6994,318.05,-0.7,1.4,,46.1,46.0,NORMAL,N,0.0,7.024664377146426,21.073993131439277,0.0,0.0,15,0.0,0.0,25,0.0,0.0,20,0.0,4.0000000000009095,N,,N,
05:23,CENTURYPLY,13305,770.95,-0.7,1.4,,70.5,22.0,NORMAL,Y,0.0,7.019577537351793,21.05873261205538,0.0,0.0,15,0.0,0.0,25,0.0,20,0.0,4.444444444445006,0.0,N,,N,
05:23,TATAPOWER,3426,377.35,-0.7,1.39,,65.9,31.1,NORMAL,Y,0.0,6.973684210526256,20.921052631578767,0.0,0.0,15,0.0,0.0,25,0.0,20,0.0,0.0,9.090909090908903,N,,N,
05:23,CANFINHOME,583,820.15,-0.7,1.39,,45.9,42.0,NORMAL,Y,0.0,6.962101949388546,20.886305848165637,0.0,0.0,15,0.0,0.0,25,0.0,0.0,20,0.0,0.0,N,,Y,NONRESULTS
05:23,XCHANGING,11705,67.29,-1.68,3.36,,30.0,77.9,NORMAL,N,0.0,16.803039158386785,30.0,0.0,0.0,15,0.0,0.0,0.0,25,0.0,20,0.0,1.1111111111116374,N,,N,
05:23,KIRIINDUS,16639,423.8,-0.68,1.36,,45.4,41.8,NORMAL,N,0.0,6.796344035622164,20.38903210686649,0.0,0.0,15,0.0,0.0,25,0.0,0.0,20,0.0,0.0,N,,N,
05:23,THYROCARE,17032,645.0,-0.67,1.34,,45.1,58.1,NORMAL,N,0.0,6.699006699006734,20.097020097020202,0.0,0.0,15,0.0,0.0,25,0.0,0.0,20,0.0,16.363636363635614,N,,N,
05:23,RITES,3761,225.18,-0.66,1.31,,44.7,42.4,NORMAL,N,0.0,6.573432743636038,19.720298230908114,0.0,0.0,15,0.0,0.0,25,0.0,0.0,20,0.0,0.8000000000015461,N,,N,
05:23,WSTCSTPAPR,3799,593.25,-0.64,1.29,,50.6,43.0,NORMAL,N,0.0,6.44783118405631,19.34349355216893,0.0,0.0,15,0.0,1.5102004293393552,25,0.0,0.0,20,4.7619047619047965,0.0,N,,N,
05:23,IONEXCHANG,1630,378.45,-0.64,1.29,,46.8,41.4,NORMAL,Y,0.0,6.432134418482511,19.296403255447533,0.0,0.0,15,0.0,0.0,25,0.0,0.0,20,2.5000000000007105,0.0,N,,N,
05:23,BLUESTARCO,8311,1488.3,-0.64,1.28,,73.8,21.4,NORMAL,Y,0.0,6.408972561586312,19.226917684758934,0.0,0.0,15,0.0,0.0,25,0.0,20,0.0,9.600000000000364,0.0,N,,N,
05:23,JSWENERGY,17869,559.4,-0.64,1.28,,83.1,21.4,NORMAL,Y,0.0,6.394316163410341,19.182948490231027,0.0,0.0,15,0.0,0.0,25,0.0,20,0.0,18.888888888887486,0.0,N,,N,
05:23,MOREPENLAB,2259,75.63,-1.64,3.28,,73.9,51.4,NORMAL,N,0.0,16.38704642996495,30.0,0.0,0.0,15,0.0,0.0,25,0.0,0.0,20,18.94736842105208,0.0,N,,N,
05:23,SESHAPAPER,3066,231.52,-0.64,1.27,,19.1,66.4,NORMAL,N,0.0,6.351931330472059,19.055793991416177,0.0,0.0,15,0.0,0.0,0.0,25,0.0,20,0.0,0.0,N,,N,
05:23,HDBFS,757772,688.8,-0.62,1.24,,43.6,49.8,NORMAL,Y,0.0,6.204010965228781,18.612032895686344,0.0,0.0,15,0.0,0.0,25,0.0,0.0,20,0.0,8.571428571426715,N,,N,
05:23,ACC,22,1331.5,-0.62,1.24,,43.6,42.9,NORMAL,Y,0.0,6.194954470816507,18.58486341244952,0.0,0.0,15,0.0,0.0,25,0.0,0.0,20,0.0,1.6666666666650876,N,,N,
05:23,ITDC,19299,672.5,-0.61,1.23,,43.4,46.4,NORMAL,Y,0.0,6.133155989063736,18.39946796719121,0.0,0.0,15,0.0,0.0,25,0.0,0.0,20,0.0,5.217391304349116,N,,N,
05:23,NBCC,31415,92.29,-1.61,3.22,,55.0,56.1,NORMAL,Y,0.0,16.09808102345406,30.0,0.0,0.0,15,0.0,0.0,25,0.0,0.0,20,0.0,5.0000000000026645,N,,N,
05:23,RVNL,9552,228.6,-0.61,1.22,,43.3,46.1,NORMAL,Y,0.0,6.086956521739155,18.260869565217465,0.0,0.0,15,0.0,0.0,25,0.0,0.0,20,0.0,5.000000000001421,N,,N,
05:23,HEXT,29666,561.75,-0.6,1.2,,43.0,53.0,NORMAL,Y,0.0,6.016101919844249,18.048305759532745,0.0,0.0,15,0.0,0.0,25,0.0,0.0,20,0.0,11.999999999998181,N,,N,
05:23,GICRE,277,353.6,-0.59,1.18,,27.7,65.9,NORMAL,Y,0.0,5.903851560303531,17.711554680910595,0.0,0.0,15,0.0,0.0,0.0,25,0.0,20,10.0,0.0,N,,N,
05:23,CGPOWER,760,875.85,-0.58,1.17,,78.3,20.8,NORMAL,Y,0.0,5.845629965947761,17.53688989784328,0.0,0.0,15,0.0,0.0,25,0.0,20,0.0,15.744680851063666,0.0,N,,N,
05:23,APTUS,5435,255.2,-0.58,1.17,,75.9,20.8,NORMAL,Y,0.0,5.84339696143358,17.53019088430074,0.0,0.0,15,0.0,0.0,25,0.0,20,0.0,13.333333333334176,0.0,N,,N,
05:23,KPRMILL,14912,1090.1,-0.58,1.17,,42.5,54.8,NORMAL,N,0.0,5.836753305973636,17.510259917920905,0.0,0.0,15,0.0,0.0,25,0.0,0.0,20,0.0,14.00000000000091,N,,N,
05:23,LOTUSEYE,16807,119.1,-0.57,1.14,,87.0,65.7,NORMAL,Y,0.0,5.677074636834253,17.03122391050276,0.0,0.0,15,0.0,25.0,25,0.0,0.0,20,20.0,0.0,N,,N,
05:23,GRANULES,11872,856.15,-0.56,1.13,,41.9,59.4,NORMAL,Y,0.0,5.63298490127761,16.898954703832832,0.0,0.0,15,0.0,0.0,25,0.0,0.0,20,0.0,18.750000000001066,N,,N,
05:23,JTEKTINDIA,3237,140.37,-0.56,1.12,,41.8,50.3,NORMAL,N,0.0,5.596486256729896,16.789458770189686,0.0,0.0,15,0.0,0.0,25,0.0,0.0,20,0.0,9.655172413792428,N,,N,
05:23,HDFCBANK,1333,725.0,-0.55,1.1,,41.5,50.5,NORMAL,Y,0.0,5.486968449931411,16.460905349794235,0.0,0.0,15,0.0,0.0,25,0.0,0.0,20,0.0,10.0,N,,N,
05:23,NCC,2319,144.0,-0.53,1.05,,40.8,60.3,NORMAL,N,0.0,5.25006907985625,15.750207239568754,0.0,0.0,15,0.0,0.0,25,0.0,0.0,20,0.0,20.0,N,,N,
05:23,JSL,11236,721.35,-0.52,1.03,,60.5,40.2,NORMAL,Y,0.0,5.17170045510964,15.51510136532892,0.0,0.0,15,0.0,0.0,25,0.0,20,0.0,0.0,20.0,N,,N,
05:23,RCF,2866,124.91,-0.51,1.02,,56.3,40.1,NORMAL,Y,0.0,5.097570688968543,15.292712066905628,0.0,0.0,15,0.0,0.0,25,0.0,0.0,20,16.00000000000341,0.0,N,,N,
05:23,POWERGRID,14977,266.6,-0.5,1.01,,45.1,40.0,NORMAL,Y,0.0,5.03825340548597,15.114760216457912,0.0,0.0,15,0.0,0.0,25,0.0,0.0,20,5.000000000001421,0.0,N,,N,
05:23,NTPC,11630,336.75,-0.5,1.0,,40.1,60.0,NORMAL,Y,0.0,5.022898507903645,15.068695523710934,0.0,0.0,15,0.0,0.0,25,0.0,0.0,20,0.0,20.0,N,,N,
05:23,LXCHEM,2841,174.02,-0.5,0.99,,39.9,42.9,NORMAL,Y,0.0,4.974555434844623,14.923666304533869,0.0,0.0,15,0.0,0.0,25,0.0,0.0,20,0.0,2.962962962962261,N,,N,
05:23,CHALET,8546,817.2,-0.49,0.97,,59.6,25.4,NORMAL,Y,0.0,4.870920603994155,14.612761811982464,0.0,0.0,15,0.0,0.0,25,0.0,20,0.0,0.0,5.555555555555696,N,,N,
05:24,MHRIL,17333,224.49,-0.48,0.96,,39.1,73.1,NORMAL,Y,0.0,4.787870727490287,14.363612182470861,0.0,0.0,15,0.0,8.303350621447454,0.0,25,0.0,20,16.393442622950452,0.0,N,,N,
05:24,BAJFINANCE,317,1088.1,-0.48,0.95,,59.3,39.8,NORMAL,N,0.0,4.75624256837103,14.268727705113088,0.0,0.0,15,0.0,0.0,25,0.0,20,0.0,0.0,20.0,N,,N,
05:24,KRBL,10577,368.8,-0.47,0.94,,59.2,21.9,NORMAL,N,0.0,4.722709485899339,14.168128457698016,0.0,0.0,15,0.0,0.0,25,0.0,20,0.0,0.0,2.2222222222227836,N,,N,
05:24,CROMPTON,17094,244.25,-0.47,0.94,,76.2,19.7,NORMAL,Y,0.0,4.686226568867179,14.058679706601536,0.0,0.0,15,0.0,0.0,25,0.0,20,0.0,17.14285714285807,0.0,N,,N,
05:24,HINDPETRO,1406,389.05,-0.46,0.92,,41.9,39.6,NORMAL,Y,0.0,4.605347319943741,13.816041959831223,0.0,0.0,15,0.0,0.0,25,0.0,0.0,20,3.076923076923884,0.0,N,,N,
05:24,PFC,14299,379.25,-0.46,0.92,,58.8,27.6,NORMAL,Y,0.0,4.593175853018373,13.779527559055117,0.0,0.0,15,0.0,0.0,25,0.0,20,0.0,0.0,8.000000000001819,N,,N,
05:24,DRREDDY,881,1199.5,-0.46,0.91,,73.6,19.6,NORMAL,N,0.0,4.564315352697096,13.692946058091287,0.0,0.0,15,0.0,0.0,25,0.0,20,0.0,14.857142857142339,0.0,N,,N,
05:24,SHARDACROP,4992,802.75,-0.45,0.91,,47.7,39.5,NORMAL,Y,0.0,4.526289682539654,13.578869047618962,0.0,0.0,15,0.0,0.0,25,0.0,0.0,20,9.090909090907964,0.0,N,,N,
05:24,IREDA,20261,118.18,-0.44,0.88,,58.1,21.4,NORMAL,Y,0.0,4.380791912384129,13.142375737152387,0.0,0.0,15,0.0,0.0,25,0.0,20,0.0,0.0,1.9999999999982947,N,,N,
05:24,PURVA,14922,211.42,-0.42,0.84,,57.6,23.9,NORMAL,Y,0.0,4.1919834204701365,12.57595026141041,0.0,0.0,15,0.0,0.0,25,0.0,20,0.0,0.0,4.705882352941865,N,,N,
05:24,WIPRO,3787,183.84,-0.41,0.82,,58.2,19.1,NORMAL,N,0.0,4.117009750812518,12.351029252437556,0.0,0.0,15,0.0,0.0,25,0.0,20,0.0,0.8695652173904447,0.0,N,,N,
05:24,MUNJALAU,13511,101.6,-0.41,0.82,,38.3,39.1,NORMAL,Y,0.0,4.116839835326423,12.350519505979271,0.0,0.0,15,0.0,0.0,25,0.0,0.0,20,0.9090909090913202,0.0,N,,N,
05:24,RAMCOCEM,2043,930.25,-0.41,0.81,,57.2,39.1,NORMAL,Y,0.0,4.0683046946094485,12.204914083828344,0.0,0.0,15,0.0,0.0,25,0.0,0.0,20,20.0,0.0,N,,N,
05:24,TTKPRESTIG,3546,587.55,-0.41,0.81,,53.9,39.1,NORMAL,Y,0.0,4.0681413679126885,12.204424103738067,0.0,0.0,15,0.0,0.0,25,0.0,0.0,20,16.666666666669194,0.0,N,,N,
05:24,METROPOLIS,9581,564.0,-0.4,0.79,,36.9,50.0,NORMAL,Y,0.0,3.973509933774834,11.920529801324502,0.0,0.0,15,0.0,0.0,25,0.0,0.0,20,0.0,10.99999999999909,N,,N,
05:24,ITC,1660,277.9,-0.39,0.79,,36.8,46.4,NORMAL,Y,0.0,3.942652329749185,11.827956989247555,0.0,0.0,15,0.0,0.0,25,0.0,0.0,20,0.0,7.4999999999992895,N,,N,
05:24,GPIL,13409,231.27,-0.39,0.78,,60.6,18.9,NORMAL,Y,0.0,3.919372900335932,11.758118701007795,0.0,0.0,15,0.0,0.0,25,0.0,20,0.0,3.870967741935602,0.0,N,,N,
05:24,SHREEPUSHK,10588,412.0,-0.39,0.77,,56.6,18.9,NORMAL,N,0.0,3.868471953578391,11.605415860735175,0.0,0.0,15,0.0,0.0,25,0.0,20,0.0,0.0,0.0,N,,Y,NONRESULTS
05:24,ZENITHEXPO,4176,250.1,-0.39,0.77,,11.6,83.9,NORMAL,N,0.0,3.863464372485756,11.59039311745727,0.0,0.0,15,0.0,0.0,0.0,25,0.0,20,0.0,20.0,N,,N,
05:24,GOCOLORS,6964,321.85,-0.36,0.71,,44.4,38.6,NORMAL,Y,0.0,3.560371517027793,10.68111455108338,0.0,0.0,15,0.0,0.0,25,0.0,0.0,20,8.750000000000444,0.0,N,,N,
05:24,SAFARI,13035,1494.9,-0.35,0.71,,35.6,45.2,NORMAL,Y,0.0,3.5328622850286324,10.598586855085896,0.0,0.0,15,0.0,0.0,25,0.0,0.0,20,0.0,6.666666666661614,N,,N,
05:24,UNITDSPR,10447,1527.8,-1.35,2.7,,82.5,28.5,NORMAL,N,0.0,13.495189513785816,30.0,0.0,0.0,15,0.0,0.0,25,0.0,20,0.0,7.4999999999992895,0.0,N,,N,
05:24,WAAREEENER,25907,2667.6,-1.35,2.69,,32.7,73.5,NORMAL,Y,0.0,13.461538461538495,30.0,0.0,0.0,15,0.0,0.0,0.0,25,0.0,20,2.6666666666642413,0.0,N,,N,
05:24,PARADEEP,9741,151.28,-0.34,0.69,,40.5,38.4,NORMAL,N,0.0,3.425559947299145,10.276679841897435,0.0,0.0,15,0.0,0.0,25,0.0,0.0,20,5.263157894738102,0.0,N,,N,
05:24,POWERMECH,10473,2409.6,-1.34,2.68,,30.0,86.7,NORMAL,Y,0.0,13.389018548090027,30.0,0.0,0.0,15,0.0,0.0,0.0,25,0.0,20,0.0,13.333333333333332,N,,N,
05:24,UBL,16713,1395.3,-0.34,0.67,,59.5,18.4,NORMAL,N,0.0,3.3571428571428896,10.071428571428669,0.0,0.0,15,0.0,0.0,25,0.0,20,0.0,4.444444444445567,0.0,N,,N,
05:24,GLAND,1186,2885.5,-1.33,2.66,,55.0,51.7,NORMAL,N,0.0,13.301873888660953,30.0,0.0,0.0,15,0.0,0.0,25,0.0,0.0,20,0.0,3.414634146340652,N,,N,
05:24,TATACAP,759265,366.0,-0.33,0.65,,34.8,38.3,NORMAL,N,0.0,3.2679738562091196,9.80392156862736,0.0,0.0,15,0.0,0.0,25,0.0,0.0,20,0.0,0.0,N,,N,
05:24,NAUKRI,13751,1355.7,-0.32,0.63,,69.9,18.2,NORMAL,N,0.0,3.1617647058823195,9.485294117646959,0.0,0.0,15,0.0,0.0,25,0.0,20,0.0,15.384615384615026,0.0,N,,N,
05:24,KEC,13260,449.35,-0.31,0.62,,55.7,18.1,NORMAL,Y,0.0,3.105934553521857,9.317803660565572,0.0,0.0,15,0.0,0.0,25,0.0,20,0.0,1.3333333333336364,0.0,N,,N,
05:24,MAHLOG,385,408.1,-0.31,0.61,,54.2,24.7,NORMAL,N,0.0,3.0536215952119212,9.160864785635763,0.0,0.0,15,0.0,0.0,25,0.0,20,0.0,0.0,6.666666666667088,N,,N,
05:24,VINATIORGA,17364,1311.3,-0.3,0.61,,35.4,38.0,NORMAL,Y,0.0,3.041131300843914,9.123393902531742,0.0,0.0,15,0.0,0.0,25,0.0,0.0,20,1.2499999999989342,0.0,N,,N,
05:24,COFORGE,11543,1795.5,-1.29,2.58,,71.7,47.9,NORMAL,N,0.0,12.91918636613524,30.0,0.0,0.0,15,0.0,0.0,25,0.0,0.0,20,16.666666666667087,0.0,N,,N,
05:24,SANSERA,5751,3764.0,-1.27,2.54,,75.0,42.5,NORMAL,N,0.0,12.695414961703937,30.0,0.0,0.0,15,0.0,0.0,25,0.0,20,0.0,0.0,14.782608695652172,N,,N,
05:24,NIITLTD,11522,94.23,-1.27,2.54,,55.0,61.5,NORMAL,Y,0.0,12.678122380553162,30.0,0.0,0.0,15,0.0,0.0,25,0.0,0.0,20,0.0,13.846153846154856,N,,N,
05:24,PIXTRANS,9087,1961.1,-1.1,2.21,,55.0,64.8,NORMAL,N,0.0,11.043872919818503,30.0,0.0,0.0,15,0.0,0.0,25,0.0,0.0,20,0.0,18.749999999999734,N,,N,
05:24,OBEROIRLTY,20242,1773.9,-1.1,2.2,,75.0,26.0,NORMAL,Y,0.0,10.983496877787589,30.0,0.0,0.0,15,0.0,0.0,25,0.0,20,0.0,0.0,0.0,N,,N,
05:24,GODREJPROP,17875,2015.6,-1.09,2.19,,55.0,58.3,NORMAL,Y,0.0,10.942637028313548,30.0,0.0,0.0,15,0.0,0.0,25,0.0,0.0,20,0.0,12.333333333332728,N,,N,
05:24,PRESTIGE,20302,1568.8,-1.08,2.16,,75.0,28.1,NORMAL,Y,0.0,10.782520966013076,30.0,0.0,0.0,15,0.0,0.0,25,0.0,20,0.0,0.0,2.3529411764710604,N,,N,
05:24,ADANIENT,25,2964.8,-1.02,2.05,,64.9,45.2,NORMAL,Y,0.0,10.248706392922655,30.0,0.0,0.0,15,0.0,0.0,25,0.0,0.0,20,9.866666666666182,0.0,N,,N,
05:24,MPHASIS,4503,2504.5,-1.01,2.02,,55.0,59.4,NORMAL,N,0.0,10.07905138339921,30.0,0.0,0.0,15,0.0,0.0,25,0.0,0.0,20,0.0,14.36619718309852,N,,N,
05:24,TATACOMM,3721,1729.2,-0.97,1.94,,54.0,62.7,NORMAL,Y,0.0,9.678712559418056,29.036137678254164,0.0,0.0,15,0.0,0.0,25,0.0,0.0,20,0.0,17.999999999999545,N,,N,
05:24,NTPCGREEN,27176,92.11,-0.97,1.94,,54.0,59.2,NORMAL,Y,0.0,9.67637888399103,29.029136651973086,0.0,0.0,15,0.0,0.0,25,0.0,0.0,20,0.0,14.54545454545431,N,,N,
05:24,CHOLAFIN,685,1897.0,-0.91,1.82,,61.9,44.1,NORMAL,N,0.0,9.089009611366533,27.267028834099595,0.0,0.0,15,0.0,0.0,25,0.0,0.0,20,9.677419354838284,0.0,N,,N,
05:24,MUTHOOTFIN,23650,2890.0,-0.89,1.78,,51.6,54.9,NORMAL,Y,0.0,8.882334785143556,26.647004355430667,0.0,0.0,15,0.0,0.0,25,0.0,0.0,20,0.0,11.052631578948755,N,,N,
05:24,LLOYDSENGG,17801,92.26,-0.84,1.68,,50.2,59.2,NORMAL,N,0.0,8.38349097162512,25.15047291487536,0.0,0.0,15,0.0,0.0,25,0.0,0.0,20,0.0,15.789473684211313,N,,N,
05:24,LUPIN,10440,2259.9,-0.83,1.67,,50.0,48.8,NORMAL,Y,0.0,8.337355741805256,25.01206722541577,0.0,0.0,15,0.0,0.0,25,0.0,0.0,20,0.0,5.483870967741106,N,,N,
05:24,INDIAMART,10726,1770.7,-0.76,1.52,,47.9,52.0,NORMAL,Y,0.0,7.622036653029149,22.866109959087446,0.0,0.0,15,0.0,0.0,25,0.0,0.0,20,0.0,9.333333333330907,N,,N,
05:24,GEOJITFSL,11896,76.2,-0.76,1.51,,47.7,47.2,NORMAL,Y,0.0,7.554050533993205,22.662151601979616,0.0,0.0,15,0.0,0.0,25,0.0,0.0,20,0.0,4.6666666666660355,N,,N,
05:24,HDFCAMC,4244,2497.9,-0.68,1.36,,47.3,41.8,NORMAL,Y,0.0,6.799204771371734,20.397614314115202,0.0,0.0,15,0.0,0.0,25,0.0,0.0,20,1.8749999999981348,0.0,N,,N,
05:24,GODFRYPHLP,1181,2210.0,-0.67,1.34,,52.1,41.7,NORMAL,N,0.0,6.696930199110113,20.090790597330336,0.0,0.0,15,0.0,0.0,25,0.0,0.0,20,7.05882352941145,0.0,N,,N,
05:24,NHPC,17400,76.45,-0.65,1.3,,64.5,30.1,NORMAL,Y,0.0,6.49772579597141,19.49317738791423,0.0,0.0,15,0.0,0.0,25,0.0,20,0.0,0.0,8.571428571427992,N,,N,
05:24,BAJAJFINSV,16675,2018.9,-0.64,1.29,,76.7,21.4,NORMAL,N,0.0,6.446850393700743,19.340551181102228,0.0,0.0,15,0.0,0.0,25,0.0,20,0.0,12.380952380951591,0.0,N,,N,
05:24,KIRLOSENG,20936,2088.0,-0.64,1.28,,44.3,44.0,NORMAL,Y,0.0,6.423982869379015,19.271948608137045,0.0,0.0,15,0.0,0.0,25,0.0,0.0,20,0.0,2.608695652171334,N,,N,
05:24,ASIANPAINT,236,2719.2,-0.6,1.19,,54.0,41.0,NORMAL,Y,0.0,5.958691281301474,17.876073843904422,0.0,0.0,15,0.0,0.0,25,0.0,0.0,20,11.111111111109988,0.0,N,,N,
05:24,KIRLOSBROS,18581,1944.6,-0.58,1.16,,42.3,55.4,NORMAL,N,0.0,5.7773914821822085,17.332174446546624,0.0,0.0,15,0.0,0.0,25,0.0,0.0,20,0.0,14.615384615384077,N,,N,
05:24,PHOENIXLTD,14552,1897.9,-0.57,1.13,,62.0,37.3,NORMAL,Y,0.0,5.658301461727854,16.97490438518356,0.0,0.0,15,0.0,0.0,25,0.0,20,0.0,0.0,16.666666666666035,N,,N,
05:24,LGEINDIA,760213,1558.7,-0.5,1.0,,39.9,55.5,NORMAL,N,0.0,4.979253112033167,14.937759336099498,0.0,0.0,15,0.0,0.0,25,0.0,0.0,20,0.0,15.555555555558925,N,,N,
05:24,MANKIND,15380,2413.7,-0.47,0.93,,59.0,35.7,NORMAL,Y,0.0,4.6597938144330655,13.979381443299197,0.0,0.0,15,0.0,0.0,25,0.0,20,0.0,0.0,16.039603960396004,N,,N,
05:24,HINDUNILVR,1394,2055.6,-0.45,0.9,,38.5,52.8,NORMAL,Y,0.0,4.503850065378557,13.511550196135671,0.0,0.0,15,0.0,0.0,25,0.0,0.0,20,0.0,13.333333333333332,N,,N,
05:24,BHARTIARTL,10604,1908.0,-0.38,0.75,,70.1,18.8,NORMAL,Y,0.0,3.7593984962406255,11.278195488721876,0.0,0.0,15,0.0,0.0,25,0.0,20,0.0,13.846153846152768,0.0,N,,N,
05:24,BAJAJHFL,25270,84.9,-0.33,0.66,,34.9,42.3,NORMAL,Y,0.0,3.287156609532768,9.861469828598302,0.0,0.0,15,0.0,0.0,25,0.0,0.0,20,0.0,3.9999999999994316,N,,N,
05:24,AFFLE,11343,1671.9,-0.32,0.64,,34.7,39.8,NORMAL,N,0.0,3.219459846181282,9.658379538543846,0.0,0.0,15,0.0,0.0,25,0.0,0.0,20,0.0,1.538461538461942,N,,N,
05:24,TECHM,13538,1637.8,-0.32,0.63,,19.2,63.2,NORMAL,N,0.0,3.164942178940989,9.494826536822968,0.0,0.0,15,0.0,0.0,0.0,25,0.0,20,9.714285714285975,0.0,N,,N,
05:24,SRF,3273,2562.2,-0.3,0.61,,40.8,38.0,NORMAL,Y,0.0,3.035019455252989,9.105058365758968,0.0,0.0,15,0.0,0.0,25,0.0,0.0,20,6.666666666666666,0.0,N,,N,
05:24,NARMADA,6364,419.3,8.07,16.13,,128.3,0.0,NORMAL,Y,30.0,0.0,30.0,0.0,15,0.0,0.0,0.0,25,0.0,20,0.0,8.333333333333412,0.0,N,,N,
05:24,PNB,10666,118.63,4.03,8.07,,120.0,6.3,NORMAL,Y,30.0,0.0,30.0,0.0,15,0.0,0.0,0.0,25,0.0,20,0.0,0.0,6.315789473684525,N,,N,
05:24,RELAXO,24225,434.6,3.07,6.14,,130.5,0.0,NORMAL,Y,30.0,0.0,30.0,0.0,15,0.0,0.0,0.0,25,0.0,20,0.0,10.47619047619058,0.0,N,,N,
05:24,MOIL,20830,287.1,2.74,5.48,,127.1,28.8,NORMAL,Y,27.375201288244888,0.0,30.0,0.0,15,0.0,0.0,9.756989588724064,25,0.0,20,0.0,0.0,19.04761904761884,N,,N,
05:24,BORORENEW,3149,576.0,2.4,4.8,,114.0,9.6,NORMAL,Y,23.999999999999996,0.0,30.0,0.0,15,0.0,0.0,0.0,25,0.0,20,0.0,0.0,9.62962962962913,N,,N,
05:37,TDPOWERSYS,25178,1462.0,14.61,29.23,,123.1,0.0,NORMAL,Y,30.0,0.0,30.0,0.0,15,0.0,0.0,0.0,25,0.0,20,0.0,3.0612244897959324,0.0,N,,N,
05:37,NARMADA,6364,418.25,7.8,15.59,,120.0,13.3,NORMAL,Y,30.0,0.0,30.0,0.0,15,0.0,0.0,0.0,25,0.0,20,0.0,0.0,13.33333333333249,N,,N,
05:37,TVSSCS,18151,134.5,6.65,13.31,,135.1,28.6,NORMAL,Y,30.0,0.0,30.0,0.0,15,0.0,0.0,15.093737983636416,25,0.0,20,0.0,0.0,13.49999999999961,N,,N,
05:37,PRICOLLTD,19631,778.6,5.62,11.25,,121.4,18.2,NORMAL,Y,30.0,0.0,30.0,0.0,15,0.0,0.0,1.4273582912722262,25,0.0,20,0.0,0.0,16.727272727272396,N,,N,
05:37,YATRA,18760,119.03,4.13,8.26,,133.3,1.8,NORMAL,Y,30.0,0.0,30.0,0.0,15,0.0,0.0,1.8089246453113297,25,0.0,20,0.0,11.494252873563157,0.0,N,,N,
05:37,SHIVALIK,7026,267.0,3.95,7.9,,133.8,13.8,NORMAL,Y,30.0,0.0,30.0,0.0,15,0.0,0.0,13.841713308340506,25,0.0,20,0.0,0.0,0.0,N,,N,
05:37,PNB,10666,118.5,3.92,7.84,,120.0,4.6,NORMAL,Y,30.0,0.0,30.0,0.0,15,0.0,0.0,0.0,25,0.0,20,0.0,0.0,4.615384615384447,N,,N,
05:37,VLSFINANCE,3715,271.35,3.89,7.77,,120.0,0.0,NORMAL,Y,30.0,0.0,30.0,0.0,15,0.0,0.0,0.0,25,0.0,20,0.0,0.0,0.0,N,,N,
05:37,YUKEN,5501,835.0,3.7,7.4,,100.0,20.0,NORMAL,Y,30.0,0.0,30.0,0.0,15,0.0,0.0,0.0,25,0.0,0.0,20,0.0,0.0,N,,N,
05:37,VGUARD,15362,335.05,3.31,6.63,,137.7,7.2,NORMAL,Y,30.0,0.0,30.0,0.0,15,0.0,0.0,7.195387535066013,25,0.0,20,0.0,10.52631578947381,0.0,N,,N,
05:37,BERGEPAINT,404,552.15,3.22,6.43,,120.0,0.8,NORMAL,Y,30.0,0.0,30.0,0.0,15,0.0,0.0,0.0,25,0.0,20,0.0,0.0,0.7999999999992724,N,,N,
05:37,RELAXO,24225,433.8,2.88,5.76,,138.8,0.0,NORMAL,Y,28.81536819637148,0.0,30.0,0.0,15,0.0,0.0,0.0,25,0.0,20,0.0,20.0,0.0,N,,N,
05:37,BATAINDIA,371,718.5,2.66,5.33,,96.6,27.2,NORMAL,Y,26.64856755018929,0.0,30.0,0.0,15,0.0,0.0,0.0,25,0.0,0.0,20,0.0,7.222222222221923,N,,N,
05:37,MARKSANS,10579,286.2,2.6,5.2,,127.1,0.0,NORMAL,Y,25.990320846029757,0.0,30.0,0.0,15,0.0,0.0,0.04071300704651988,25,0.0,20,0.0,11.111111111111391,0.0,N,,N,
05:37,TNPL,3980,158.0,2.58,5.17,,98.6,21.8,NORMAL,Y,25.84079989611732,0.0,30.0,0.0,15,0.0,0.0,1.7739349449876842,25,0.0,0.0,20,0.9756097560966817,0.0,N,,N,
05:37,HGINFRA,1672,561.6,2.52,5.04,,95.2,30.2,NORMAL,Y,25.19167579408556,0.0,30.0,0.0,15,0.0,0.0,0.0,25,0.0,0.0,20,0.0,10.232558139535204,N,,N,
05:37,HINDALCO,1363,1074.9,2.46,4.92,,94.6,32.4,NORMAL,Y,24.592507863883505,0.0,30.0,0.0,15,0.0,0.0,0.0,25,0.0,0.0,20,0.0,12.444444444443231,N,,N,
05:37,UNIONBANK,10753,186.9,2.41,4.82,,117.9,0.0,NORMAL,Y,24.109589041095926,0.0,30.0,0.0,15,0.0,0.0,0.0,25,0.0,20,0.0,3.809523809523423,0.0,N,,N,
05:37,MOIL,20830,286.0,2.34,4.69,,117.7,12.3,NORMAL,Y,23.438897835033146,0.0,30.0,0.0,15,0.0,0.0,4.25839860887436,25,0.0,20,0.0,0.0,8.000000000001819,N,,N,
05:37,HALDER,760715,271.0,2.25,4.5,,92.5,20.0,NORMAL,Y,22.48717174766065,0.0,30.0,0.0,15,0.0,0.0,0.0,25,0.0,0.0,20,0.0,0.0,N,,N,
05:37,INDIANB,14309,895.0,2.22,4.43,,116.7,0.0,NORMAL,Y,22.156235724074893,0.0,30.0,0.0,15,0.0,0.0,0.0,25,0.0,20,0.0,4.545454545454452,0.0,N,,N,
05:37,MAHABANK,11377,81.66,3.43,6.87,,131.6,0.0,NORMAL,Y,30.0,0.0,30.0,0.0,15,0.0,0.0,0.0,25,0.0,20,0.0,11.578947368421131,0.0,N,,N,
05:37,BORORENEW,3149,572.45,1.77,3.54,,87.7,24.6,NORMAL,Y,17.688888888888968,0.0,30.0,0.0,15,0.0,0.0,0.0,25,0.0,0.0,20,0.0,4.615384615387575,N,,N,
05:37,BANKINDIA,4745,145.41,1.76,3.51,,114.0,0.0,NORMAL,Y,17.56473058082569,0.0,30.0,0.0,15,0.0,0.0,0.0,25,0.0,20,0.0,6.399999999998727,0.0,N,,N,
05:37,PNBHOUSING,18908,1161.7,1.72,3.43,,112.5,12.0,NORMAL,Y,17.161369407232414,0.0,30.0,0.0,15,0.0,0.0,5.315962020068047,25,0.0,20,0.0,0.0,6.666666666666666,N,,N,
05:37,BANKBARODA,4668,250.42,1.71,3.43,,124.0,0.0,NORMAL,Y,17.14053614947197,0.0,30.0,0.0,15,0.0,0.0,0.0,25,0.0,20,0.0,16.888888888888047,0.0,N,,N,
05:37,APCL,20453,106.0,1.66,3.32,,81.6,25.0,NORMAL,Y,16.591541191138433,0.0,30.0,0.0,15,0.0,0.0,0.0,0.0,25,20,0.0,0.0,0.0,N,,Y,NONRESULTS
05:37,BAJAJELEC,15034,366.0,1.57,3.14,,105.7,2.4,NORMAL,Y,15.679200777022274,0.0,30.0,0.0,15,0.0,0.0,0.0,25,0.0,20,0.0,0.0,2.35294117646988,N,,N,
05:37,CONCOR,4749,519.0,1.37,2.73,,83.7,24.0,NORMAL,Y,13.671875,0.0,30.0,0.0,15,0.0,0.0,0.0,25,0.0,0.0,20,0.0,4.0000000000009095,N,,N,
05:37,MASFIN,199,303.95,1.28,2.57,,108.8,0.1,NORMAL,N,12.829056981006218,0.0,30.0,0.0,15,0.0,0.0,0.10494274006315435,25,0.0,20,0.0,5.882352941176706,0.0,N,,N,
05:37,INDUSTOWER,29135,374.05,1.27,2.55,,89.4,20.0,NORMAL,N,12.725057533504776,0.0,30.0,0.0,15,0.0,0.0,0.0,25,0.0,0.0,20,6.666666666665825,0.0,N,,N,
05:37,SAIL,2963,175.2,1.27,2.54,,107.0,10.2,NORMAL,Y,12.716763005780281,0.0,30.0,0.0,15,0.0,0.0,4.32114149139788,25,0.0,20,0.0,0.0,5.882352941177748,N,,N,
05:37,ZUARIIND,3827,261.55,1.26,2.52,,102.6,20.0,NORMAL,Y,12.582268679829657,0.0,30.0,0.0,15,0.0,0.0,0.0,25,0.0,0.0,20,20.0,0.0,N,,N,
05:37,CANBK,10794,131.9,1.23,2.46,,84.9,20.0,NORMAL,Y,12.279355333844928,0.0,30.0,0.0,15,0.0,0.0,0.0,25,0.0,0.0,20,2.6666666666646455,0.0,N,,N,
05:37,SBIN,3045,1079.0,1.22,2.44,,112.0,0.5,NORMAL,Y,12.195121951219512,0.0,30.0,0.0,15,0.0,0.0,0.515868110655995,25,0.0,20,0.0,9.33333333333394,0.0,N,,N,
05:37,EXIDEIND,676,489.0,1.17,2.34,,81.7,35.0,NORMAL,Y,11.689252094755304,0.0,30.0,0.0,15,0.0,0.0,0.0,25,0.0,0.0,20,0.0,15.000000000000355,N,,N,
05:37,SANDHAR,2397,629.0,1.13,2.27,,81.3,31.0,NORMAL,N,11.335316343757462,0.0,30.0,0.0,15,0.0,0.0,0.0,25,0.0,0.0,20,0.0,11.034482758619717,N,,N,
05:37,MSTCLTD,9356,577.3,1.1,2.21,,86.0,34.0,NORMAL,N,11.033274956217083,0.0,30.0,0.0,15,0.0,0.0,4.982788246816333,25,0.0,0.0,20,0.0,9.00000000000091,N,,N,
05:37,SHARDAMOTR,10530,886.3,1.07,2.14,,80.7,22.0,NORMAL,Y,10.71958033983348,0.0,30.0,0.0,15,0.0,0.0,0.0,25,0.0,0.0,20,0.0,1.999999999998181,N,,N,
05:37,TRIVENI,13081,240.94,1.07,2.13,,100.7,17.9,NORMAL,N,10.654362416107348,0.0,30.0,0.0,15,0.0,0.0,0.0,25,0.0,20,0.0,0.0,17.89473684210432,N,,N,
05:37,ABMKNO,762528,200.0,1.04,2.07,,100.4,0.0,NORMAL,Y,10.356150543066489,0.0,30.0,0.0,15,0.0,0.0,0.0,25,0.0,20,0.0,0.0,0.0,N,,N,
05:37,TMCV,759782,454.7,1.03,2.07,,113.9,2.8,NORMAL,Y,10.332185312742979,0.0,30.0,0.0,15,0.0,0.0,2.818186619631656,25,0.0,20,0.0,10.769230769230635,0.0,N,,N,
05:37,GROWW,759806,195.45,1.01,2.02,,103.1,0.0,NORMAL,N,10.077519379844901,0.0,30.0,0.0,15,0.0,0.0,0.0,25,0.0,20,0.0,2.999999999999858,0.0,N,,N,
05:37,PETRONET,11351,279.75,0.99,1.99,,79.7,32.0,NORMAL,Y,9.927797833935019,0.0,29.783393501805055,0.0,15,0.0,0.0,0.0,25,0.0,0.0,20,0.0,12.000000000000455,N,,N,
05:37,HINDZINC,1424,592.45,0.99,1.98,,55.7,45.0,NORMAL,Y,9.886644506946338,0.0,29.65993352083901,0.0,15,0.0,0.0,0.0,0.0,25,0.0,20,1.1111111111101286,0.0,N,,N,
05:37,ZYDUSWELL,17635,511.1,0.99,1.98,,99.6,2.5,NORMAL,N,9.879470460383324,0.0,29.638411381149968,0.0,15,0.0,0.0,0.038740422676649046,25,0.0,20,0.0,0.0,2.499999999999112,N,,N,
05:37,LICI,9480,409.95,0.97,1.95,,102.0,0.0,NORMAL,N,9.72906403940884,0.0,29.18719211822652,0.0,15,0.0,0.0,0.0,25,0.0,20,0.0,3.076923076922135,0.0,N,,N,
05:37,KARURVYSYA,1838,337.45,0.97,1.94,,98.9,2.7,NORMAL,Y,9.724715739078395,0.0,29.174147217235188,0.0,15,0.0,0.0,0.0,25,0.0,20,0.0,0.0,2.6666666666657575,N,,N,
05:37,WALCHANNAG,3736,235.0,0.95,1.89,,77.8,38.1,NORMAL,N,9.450171821305794,0.0,28.35051546391738,0.0,15,0.0,0.0,0.0,25,0.0,0.0,20,0.0,18.072289156626233,N,,N,
05:37,PVRINOX,13147,1171.1,0.94,1.88,,77.6,23.1,NORMAL,Y,9.394931908291554,0.0,28.184795724874665,0.0,15,0.0,0.0,0.0,25,0.0,0.0,20,0.0,3.076923076922718,N,,N,
05:37,HSCL,14334,762.0,0.86,1.72,,99.2,0.0,NORMAL,Y,8.603573792190604,0.0,25.81072137657181,0.0,15,0.0,0.0,0.0,25,0.0,20,0.0,4.799999999999272,0.0,N,,N,
05:37,WINDMACHIN,24969,305.15,0.84,1.69,,93.7,20.0,NORMAL,Y,8.426966292134681,0.0,25.28089887640404,0.0,15,0.0,0.0,0.0,25,0.0,20,0.0,0.0,20.0,N,,N,
05:37,JAINREC,759244,300.15,0.81,1.61,,90.1,20.0,NORMAL,N,8.060453400503702,0.0,24.181360201511104,0.0,15,0.0,0.0,0.0,25,0.0,0.0,20,17.894736842105956,0.0,N,,N,
05:37,MCX,31181,2947.0,1.8,3.59,,108.0,17.1,NORMAL,Y,17.962003454231436,0.0,30.0,0.0,15,0.0,0.0,0.0,25,0.0,20,0.0,0.0,17.103448275862196,N,,N,
05:37,JSWINFRA,19020,344.55,0.79,1.58,,91.6,6.2,NORMAL,Y,7.898200965335641,0.0,23.694602896006923,0.0,15,0.0,0.0,0.0,25,0.0,20,0.0,0.0,6.15384615384602,N,,N,
05:37,SOUTHWEST,9678,230.0,0.78,1.55,,91.0,20.0,NORMAL,N,7.75533453095566,0.0,23.266003592866983,0.0,15,0.0,0.0,0.0,25,0.0,0.0,20,20.0,0.0,N,,N,
05:37,BHEL,438,406.1,0.77,1.54,,70.8,28.8,NORMAL,N,7.69230769230775,0.0,23.076923076923247,0.0,15,0.0,0.0,0.0,25,0.0,0.0,20,0.0,8.750000000000444,N,,N,
05:37,CHEMPLASTS,5449,173.0,0.77,1.54,,70.8,31.6,NORMAL,N,7.688723205964545,0.0,23.066169617893635,0.0,15,0.0,0.0,0.0,25,0.0,0.0,20,0.0,11.636363636364182,N,,N,
05:37,RATNAMANI,13451,2294.7,1.76,3.52,,107.6,17.0,NORMAL,N,17.60532150776045,0.0,30.0,0.0,15,0.0,0.0,0.0,25,0.0,20,0.0,0.0,16.969696969697136,N,,N,
05:37,SIS,21501,440.75,0.73,1.46,,89.3,17.8,NORMAL,Y,7.313449891440952,0.0,21.940349674322857,0.0,15,0.0,0.0,0.0,25,0.0,20,0.0,0.0,17.777777777777217,N,,N,
05:37,NAM-INDIA,357,1179.7,0.72,1.43,,88.7,9.1,NORMAL,Y,7.171518825236995,0.0,21.514556475710982,0.0,15,0.0,0.0,0.0,25,0.0,20,0.0,0.0,9.142857142856624,N,,N,
05:37,VERANDA,8890,249.9,0.71,1.41,,93.2,17.5,NORMAL,Y,7.0521861777150905,0.0,21.156558533145272,0.0,15,0.0,0.0,4.97116796936868,25,0.0,20,0.0,0.0,12.500000000000075,N,,N,
05:37,NIACL,399,180.61,0.69,1.38,,67.7,33.3,NORMAL,Y,6.913084685287447,0.0,20.73925405586234,0.0,15,0.0,0.0,0.0,25,0.0,0.0,20,0.0,13.333333333333801,N,,N,
05:37,MFSL,2142,1524.2,1.68,3.36,,125.2,0.0,NORMAL,N,16.811207471647794,0.0,30.0,0.0,15,0.0,0.0,0.0,25,0.0,20,0.0,18.399999999999636,0.0,N,,N,
05:37,JMFINANCIL,13637,126.92,0.59,1.19,,83.8,20.0,NORMAL,Y,5.944360783070461,0.0,17.83308234921138,0.0,15,0.0,0.0,0.0,25,0.0,0.0,20,20.0,0.0,N,,N,
05:37,USHAMART,8840,512.9,0.59,1.18,,63.5,28.2,NORMAL,Y,5.883506569915671,0.0,17.650519709747012,0.0,15,0.0,0.0,0.0,25,0.0,0.0,20,0.0,8.235294117647374,N,,N,
05:37,TIMETECHNO,14707,208.49,0.58,1.17,,74.1,20.0,NORMAL,Y,5.837514473176418,0.0,17.512543419529255,0.0,15,0.0,0.0,0.0,25,0.0,0.0,20,10.769230769231191,0.0,N,,N,
05:37,PENIND,20621,160.23,0.58,1.15,,63.1,20.0,NORMAL,N,5.774904274684499,0.0,17.3247128240535,0.0,15,0.0,0.0,0.0,25,0.0,0.0,20,0.0,0.0,N,,N,
05:37,SCI,3048,295.6,0.56,1.12,,37.5,53.6,NORMAL,Y,5.613199523728641,0.0,16.839598571185924,0.0,15,0.0,0.0,0.0,0.0,25,0.0,20,0.0,8.571428571429035,N,,N,
05:37,ASTRAL,14418,1432.8,0.55,1.11,,63.4,28.3,NORMAL,Y,5.544248719208269,0.0,16.63274615762481,0.0,15,0.0,0.0,1.2275292996571812,25,0.0,0.0,20,0.0,7.058823529411843,N,,Y,NONRESULTS
05:37,TIPSMUSIC,9117,672.7,0.54,1.08,,81.5,11.8,NORMAL,N,5.380361679868514,0.0,16.141085039605542,0.0,15,0.0,0.0,0.0,25,0.0,20,0.0,0.0,11.764705882353413,N,,N,
05:37,JINDALSTEL,6733,1100.8,0.53,1.06,,93.9,0.0,NORMAL,Y,5.296803652967996,0.0,15.890410958903985,0.0,15,0.0,0.0,0.0,25,0.0,20,0.0,12.727272727270474,0.0,N,,N,
05:37,AUBANK,21238,1076.5,0.52,1.05,,94.0,0.9,NORMAL,Y,5.229246428237845,0.0,15.687739284713535,0.0,15,0.0,0.0,0.882486557482449,25,0.0,20,0.0,12.222222222222012,0.0,N,,N,
05:37,SONACOMS,4684,804.0,0.5,1.0,,80.0,12.8,NORMAL,Y,5.0,0.0,15.0,0.0,15,0.0,0.0,0.0,25,0.0,20,0.0,0.0,12.777777777777848,N,,N,
05:37,MEESHO,760229,191.36,0.5,1.0,,65.6,20.0,NORMAL,Y,4.989233758731249,0.0,14.967701276193747,0.0,15,0.0,0.0,0.0,25,0.0,0.0,20,5.625000000000333,0.0,N,,N,
05:37,BIOCON,11373,428.1,0.49,0.99,,79.7,4.0,NORMAL,Y,4.929577464788786,0.0,14.788732394366358,0.0,15,0.0,0.0,0.0,25,0.0,20,0.0,0.0,4.0000000000009095,N,,N,
05:37,M&MFIN,13285,400.75,0.49,0.98,,70.8,20.0,NORMAL,Y,4.889669007021035,0.0,14.669007021063104,0.0,15,0.0,0.0,0.0,25,0.0,0.0,20,11.282051282051581,0.0,N,,N,
05:37,INDUSINDBK,5258,1013.8,0.49,0.97,,90.6,1.2,NORMAL,N,4.856774705124371,0.0,14.570324115373113,0.0,15,0.0,0.0,1.1982886970778834,25,0.0,20,0.0,10.000000000000949,0.0,N,,N,
05:37,GUJGASLTD,10599,275.65,0.46,0.91,,58.2,21.7,NORMAL,Y,4.555393586005831,0.0,13.666180758017493,0.0,15,0.0,0.0,0.0,25,0.0,0.0,20,0.0,1.73913043478205,N,,N,
05:37,AEGISLOG,40,1303.5,0.45,0.91,,62.5,20.0,NORMAL,N,4.546855733662215,0.0,13.640567200986647,0.0,15,0.0,0.0,0.0,25,0.0,0.0,20,4.285714285713357,0.0,N,,N,
05:38,ASHOKLEY,212,175.58,0.43,0.86,,57.2,32.8,NORMAL,Y,4.28988159926786,0.0,12.869644797803579,0.0,15,0.0,0.0,0.0,25,0.0,0.0,20,0.0,12.799999999999727,N,,N,
05:38,VARROC,3857,845.7,0.42,0.84,,67.4,20.0,NORMAL,Y,4.215401056818937,0.0,12.646203170456811,0.0,15,0.0,0.0,0.0,25,0.0,0.0,20,10.588235294117805,0.0,N,,N,
05:38,NUCLEUS,10791,694.6,0.42,0.84,,82.0,13.5,NORMAL,N,4.192569032817663,0.0,12.577707098452988,0.0,15,0.0,0.0,5.278599924689499,25,0.0,20,0.0,0.0,8.235294117646848,N,,N,
05:38,UPL,11287,570.3,0.4,0.81,,36.2,45.0,NORMAL,N,4.049295774647808,0.0,12.147887323943422,0.0,15,0.0,0.0,0.0,0.0,25,0.0,20,5.000000000001421,0.0,N,,N,
05:38,INDOCO,11677,217.39,0.4,0.79,,55.9,40.0,NORMAL,N,3.971736018103658,0.0,11.915208054310975,0.0,15,0.0,0.0,0.0,25,0.0,0.0,20,0.0,20.0,N,,N,
05:38,UFLEX,1053,498.9,0.37,0.74,,54.9,40.0,NORMAL,Y,3.7219595614122643,0.0,11.165878684236793,0.0,15,0.0,0.0,0.0,25,0.0,0.0,20,0.0,20.0,N,,N,
05:38,ENDURANCE,18822,3009.6,1.37,2.73,,103.7,5.0,NORMAL,Y,13.674637925227318,0.0,30.0,0.0,15,0.0,0.0,0.0,25,0.0,20,0.0,0.0,4.999999999998579,N,,N,
05:38,MONTECARLO,5938,506.0,0.37,0.73,,74.7,9.0,NORMAL,N,3.6695427948031796,0.0,11.008628384409539,0.0,15,0.0,0.0,0.0,25,0.0,20,0.0,0.0,8.999999999999773,N,,N,
05:38,APLLTD,25328,841.9,0.36,0.73,,32.2,45.0,NORMAL,Y,3.6359301424568806,0.0,10.907790427370642,0.0,15,0.0,0.0,0.0,0.0,25,0.0,20,2.6315789473684523,0.0,N,,N,
05:38,APOLLOTYRE,163,444.6,0.36,0.72,,54.4,30.0,NORMAL,Y,3.6117381489842497,0.0,10.83521444695275,0.0,15,0.0,0.0,0.0,25,0.0,0.0,20,0.0,10.0,N,,N,
05:38,SYNGENE,10243,408.6,0.33,0.66,,77.7,0.0,NORMAL,Y,3.314917127071879,0.0,9.944751381215637,0.0,15,0.0,0.0,0.0,25,0.0,20,0.0,4.444444444445567,0.0,N,,N,
05:38,PARAS,5911,1288.2,0.33,0.65,,53.1,27.0,NORMAL,Y,3.271028037383213,0.0,9.813084112149639,0.0,15,0.0,0.0,0.0,25,0.0,0.0,20,0.0,7.000000000000455,N,,N,
05:38,LENSKART,759605,591.1,0.32,0.64,,52.9,28.0,NORMAL,Y,3.2247114731839392,0.0,9.674134419551818,0.0,15,0.0,0.0,0.0,25,0.0,0.0,20,0.0,7.999999999998787,N,,N,
05:38,ANANTRAJ,13620,608.2,0.32,0.64,,52.9,20.0,NORMAL,Y,3.2164948453609,0.0,9.6494845360827,0.0,15,0.0,0.0,0.0,25,0.0,0.0,20,0.0,0.0,N,,N,
05:38,NYKAA,6545,326.0,0.31,0.62,,74.4,15.0,NORMAL,N,3.076923076923077,0.0,9.230769230769232,0.0,15,0.0,0.0,2.105085359213531,25,0.0,20,0.0,0.0,12.941176470588156,N,,N,
05:38,BLS,17279,261.65,0.3,0.61,,64.4,20.0,NORMAL,Y,3.0284443762936575,0.0,9.085333128880972,0.0,15,0.0,0.0,0.0,25,0.0,0.0,20,12.266666666666122,0.0,N,,N,
05:38,WELCORP,11821,1859.7,1.24,2.48,,93.8,20.0,NORMAL,Y,12.41221623387226,0.0,30.0,0.0,15,0.0,0.0,0.0,25,0.0,0.0,20,11.428571428571662,0.0,N,,N,
05:38,TIINDIA,312,2812.8,1.18,2.36,,109.2,3.0,NORMAL,Y,11.798561151079202,0.0,30.0,0.0,15,0.0,0.0,3.047221254000472,25,0.0,20,0.0,4.3333333333324235,0.0,N,,N,
05:38,BEML,395,1921.7,1.02,2.04,,80.2,37.3,NORMAL,Y,10.198181149135307,0.0,30.0,0.0,15,0.0,0.0,0.0,25,0.0,0.0,20,0.0,17.29729729729733,N,,N,
05:38,ZODIACLOTH,3821,78.0,0.97,1.94,,98.8,0.0,NORMAL,Y,9.70873786407767,0.0,29.126213592233007,0.0,15,0.0,0.0,0.0,25,0.0,20,0.0,0.0,0.0,N,,N,
05:38,ESCORTS,958,3112.0,0.97,1.94,,78.8,29.8,NORMAL,Y,9.701177768404689,0.0,29.103533305214064,0.0,15,0.0,0.0,0.0,25,0.0,0.0,20,0.0,9.824561403509724,N,,N,
05:38,NESTLEIND,17963,1507.5,0.96,1.92,,102.9,0.0,NORMAL,Y,9.576747923921749,0.0,28.730243771765245,0.0,15,0.0,0.0,0.0,25,0.0,20,0.0,4.545454545454452,0.0,N,,N,
05:38,PNBGILTS,8736,80.84,0.89,1.77,,75.4,40.0,NORMAL,N,8.860601522525997,0.0,26.581804567577986,0.0,15,0.0,0.0,0.0,25,0.0,0.0,20,0.0,20.0,N,,N,
05:38,TPLPLASTEH,9219,76.55,0.87,1.74,,69.8,45.0,NORMAL,N,8.696797997101022,0.0,26.090393991303067,0.0,15,0.0,0.0,0.0,0.0,25,0.0,20,20.0,0.0,N,,N,
05:38,HYUNDAI,25844,2218.5,0.84,1.68,,98.4,0.0,NORMAL,Y,8.40909090909091,0.0,25.227272727272727,0.0,15,0.0,0.0,0.0,25,0.0,20,0.0,4.761904761904968,0.0,N,,N,
05:38,SUPREMEINF,15002,86.06,0.7,1.4,,43.1,45.0,NORMAL,Y,7.020828457758116,0.0,21.06248537327435,0.0,15,0.0,0.0,0.0,0.0,25,0.0,20,0.0,0.0,N,,N,
05:38,NITTAGELA,762824,1620.2,0.51,1.03,,60.6,20.0,NORMAL,N,5.14920280414415,0.0,15.447608412432448,0.0,15,0.0,0.0,0.0,25,0.0,0.0,20,0.0,0.0,N,,N,
05:38,CREDITACC,4421,1548.2,0.51,1.03,,67.2,20.0,NORMAL,Y,5.128870999156067,0.0,15.386612997468204,0.0,15,0.0,0.0,0.0,25,0.0,0.0,20,6.666666666664982,0.0,N,,N,
05:38,BHARATFORG,422,2061.3,0.5,1.0,,97.7,4.2,NORMAL,N,5.021940516821151,0.0,15.065821550463456,0.0,15,0.0,0.0,4.201328181129005,25,0.0,20,0.0,13.424657534246489,0.0,N,,N,
05:38,IDFCFIRSTB,11184,84.63,0.43,0.85,,87.1,0.0,NORMAL,Y,4.271982912068346,0.0,12.815948736205035,0.0,15,0.0,0.0,0.0,25,0.0,20,0.0,9.999999999998579,0.0,N,,N,
05:38,PAYTM,6705,1600.4,0.42,0.84,,57.8,20.0,NORMAL,Y,4.20405346050075,0.0,12.61216038150225,0.0,15,0.0,0.0,0.0,25,0.0,0.0,20,0.9999999999990905,0.0,N,,N,
05:38,IDBI,1476,82.74,0.36,0.73,,54.6,30.0,NORMAL,N,3.6390101892284954,0.0,10.917030567685487,0.0,15,0.0,0.0,0.0,25,0.0,0.0,20,0.0,10.000000000001014,N,,N,
05:38,BALKRISIND,335,2507.3,0.34,0.67,,77.5,0.0,NORMAL,Y,3.3614790507823806,0.0,10.084437152347142,0.0,15,0.0,0.0,0.0,25,0.0,20,0.0,4.057971014493232,0.0,N,,N,
05:38,AETHER,9810,1639.4,0.32,0.64,,72.7,5.0,NORMAL,Y,3.181985069147011,0.0,9.545955207441033,0.0,15,0.0,0.0,0.0,25,0.0,20,0.0,0.0,5.000000000000947,N,,N,
05:38,GODREJCP,10099,926.0,-9.66,19.32,,55.0,75.9,NORMAL,Y,0.0,30.0,30.0,0.0,0.0,15,0.0,0.0,25,0.0,0.0,20,0.0,10.933333333333394,N,,N,
05:38,JUBLPHARMA,3637,900.65,-6.67,13.34,,55.0,79.9,NORMAL,Y,0.0,30.0,30.0,0.0,0.0,15,0.0,0.0,25,0.0,0.0,20,0.0,14.901960784313149,N,,N,
05:38,RHIM,31163,390.05,-6.14,12.27,,60.4,65.0,NORMAL,Y,0.0,30.0,30.0,0.0,0.0,15,0.0,0.0,25,0.0,0.0,20,5.384615384615687,0.0,N,,N,
05:38,TECHNOE,6445,999.05,-5.58,11.15,,85.5,45.0,NORMAL,Y,0.0,30.0,30.0,0.0,0.0,15,0.0,0.0,25,0.0,20,0.0,10.476190476189498,0.0,N,,N,
05:38,BALRAMCHIN,341,596.25,-5.03,10.05,,61.2,65.0,NORMAL,Y,0.0,30.0,30.0,0.0,0.0,15,0.0,0.0,25,0.0,0.0,20,6.153846153847768,0.0,N,,N,
05:38,RAMCOSYS,7851,619.9,-5.0,9.99,,30.0,90.0,NORMAL,Y,0.0,30.0,30.0,0.0,0.0,15,0.0,0.0,0.0,25,0.0,20,0.0,0.0,N,,N,
05:38,FORTIS,14592,888.65,-4.98,9.96,,50.5,95.0,NORMAL,Y,0.0,30.0,30.0,0.0,0.0,15,0.0,4.987694956489855,0.0,25,0.0,20,15.505617977528136,0.0,N,,N,
05:38,MATRIMONY,21726,512.4,-4.6,9.2,,30.0,110.0,NORMAL,N,0.0,30.0,30.0,0.0,0.0,15,0.0,0.0,0.0,25,0.0,20,0.0,20.0,N,,N,
05:38,AIIL,23553,549.5,-4.18,8.35,,55.0,69.0,NORMAL,Y,0.0,30.0,30.0,0.0,0.0,15,0.0,0.0,25,0.0,0.0,20,0.0,3.9999999999993934,N,,N,
05:38,SAPPHIRE,6718,227.38,-3.66,7.32,,66.6,65.0,NORMAL,N,0.0,30.0,30.0,0.0,0.0,15,0.0,0.0,25,0.0,0.0,20,11.590909090909081,0.0,N,,N,
05:38,ASTERDM,1508,825.55,-3.43,6.87,,31.6,90.0,NORMAL,Y,0.0,30.0,30.0,0.0,0.0,15,0.0,0.0,0.0,25,0.0,20,1.5789473684208322,0.0,N,,N,
05:38,UNICHEMLAB,3579,554.35,-3.39,6.78,,74.0,65.0,NORMAL,N,0.0,30.0,30.0,0.0,0.0,15,0.0,0.0,25,0.0,0.0,20,19.04761904761987,0.0,N,,N,
05:38,MEDANTA,11956,1394.7,-3.17,6.35,,32.4,90.0,NORMAL,Y,0.0,30.0,30.0,0.0,0.0,15,0.0,0.0,0.0,25,0.0,20,2.4242424242430087,0.0,N,,N,
05:38,JYOTHYLAB,15146,197.65,-3.13,6.26,,71.0,65.0,NORMAL,Y,0.0,30.0,30.0,0.0,0.0,15,0.0,0.0,25,0.0,0.0,20,16.0,0.0,N,,N,
05:38,DEVYANI,5373,138.42,-3.06,6.12,,67.2,65.0,NORMAL,N,0.0,30.0,30.0,0.0,0.0,15,0.0,0.0,25,0.0,0.0,20,12.24489795918376,0.0,N,,N,
05:38,ADANIGREEN,3563,1325.9,-2.94,5.87,,55.0,64.4,NORMAL,Y,0.0,29.35578330893112,30.0,0.0,0.0,15,0.0,0.0,25,0.0,0.0,20,0.0,0.0,N,,N,
05:38,HISARMETAL,19322,151.0,-2.82,5.64,,55.0,63.2,NORMAL,Y,0.0,28.18895610760713,30.0,0.0,0.0,15,0.0,0.0,25,0.0,0.0,20,0.0,0.0,N,,N,
05:38,MAXHEALTH,22377,1011.3,-2.76,5.52,,55.0,67.0,NORMAL,Y,0.0,27.596153846153893,30.0,0.0,0.0,15,0.0,0.0,25,0.0,0.0,20,0.0,4.444444444445567,N,,N,
05:38,INTELLECT,5926,703.9,-2.73,5.46,,37.0,89.1,NORMAL,Y,0.0,27.292199267601745,30.0,0.0,0.0,15,0.0,1.8379906136445554,0.0,25,0.0,20,5.135135135135318,0.0,N,,N,
05:38,ZENITHEXPO,4176,244.26,-2.71,5.42,,55.1,92.3,NORMAL,N,0.0,27.123909666626844,30.0,0.0,0.0,15,0.0,5.131414503486206,0.0,25,0.0,20,19.9354838709678,0.0,N,,N,
05:38,SONATSOFTW,6596,325.2,-2.61,5.21,,37.1,86.1,NORMAL,N,0.0,26.05570530098829,30.0,0.0,0.0,15,0.0,0.0,0.0,25,0.0,20,7.058823529411843,0.0,N,,N,
05:38,KNRCON,15283,133.29,-2.59,5.19,,55.0,64.8,NORMAL,N,0.0,25.942706810874093,30.0,0.0,0.0,15,0.0,0.0,25,0.0,0.0,20,0.0,3.846153846154855,N,,N,
05:38,BRIGADE,15184,589.8,-2.53,5.06,,30.6,87.3,NORMAL,N,0.0,25.28507684680229,30.0,0.0,0.0,15,0.0,0.5889726026037656,0.0,25,0.0,20,0.0,1.4285714285716606,N,,N,
05:38,FSL,14304,272.55,-2.52,5.04,,45.1,86.2,NORMAL,Y,0.0,25.21459227467815,30.0,0.0,0.0,15,0.0,0.9991906630886704,0.0,25,0.0,20,14.074074074073966,0.0,N,,N,
05:38,MRPL,2283,176.6,-2.51,5.01,,55.0,72.3,NORMAL,N,0.0,25.06348680578554,30.0,0.0,0.0,15,0.0,0.0,25,0.0,0.0,20,0.0,12.203389830508867,N,,N,
05:38,ROLEXRINGS,5279,172.85,-2.5,5.01,,55.0,76.0,NORMAL,N,0.0,25.04371368943537,30.0,0.0,0.0,15,0.0,0.0,25,0.0,0.0,20,0.0,15.99999999999909,N,,N,
05:38,EPACKPEB,759251,241.0,-2.49,4.98,,69.0,59.9,NORMAL,Y,0.0,24.883673882257764,30.0,0.0,0.0,15,0.0,0.0,25,0.0,0.0,20,13.999999999999773,0.0,N,,N,
05:38,PSPPROJECT,20877,911.55,-2.46,4.91,,72.7,59.6,NORMAL,Y,0.0,24.558587479935845,30.0,0.0,0.0,15,0.0,0.0,25,0.0,0.0,20,17.68115942028994,0.0,N,,N,
05:38,VIPIND,3703,309.25,-2.41,4.83,,50.0,84.1,NORMAL,N,0.0,24.140107289365663,30.0,0.0,0.0,15,0.0,0.0,0.0,25,0.0,20,20.0,0.0,N,,N,
05:38,GODREJIND,10925,1258.8,-2.4,4.81,,42.5,84.0,NORMAL,Y,0.0,24.034734067297258,30.0,0.0,0.0,15,0.0,0.0,0.0,25,0.0,20,12.499999999999527,0.0,N,,N,
05:38,LUXIND,11301,1218.9,-2.39,4.79,,30.0,103.9,NORMAL,Y,0.0,23.942985265855114,30.0,0.0,0.0,15,0.0,0.0,0.0,25,0.0,20,0.0,20.0,N,,N,
05:38,KPITTECH,9683,612.0,-2.39,4.78,,41.3,90.5,NORMAL,N,0.0,23.923444976076556,30.0,0.0,0.0,15,0.0,6.536240416661176,0.0,25,0.0,20,4.736842105263693,0.0,N,,N,
05:38,OMNI,760865,584.0,-2.38,4.76,,56.3,58.8,NORMAL,Y,0.0,23.819473464270786,30.0,0.0,0.0,15,0.0,0.0,25,0.0,0.0,20,1.290322580643931,0.0,N,,N,
05:38,WINDLAS,5366,921.15,-2.33,4.65,,39.3,96.6,NORMAL,N,0.0,23.274308132753735,30.0,0.0,0.0,15,0.0,9.339000048043832,0.0,25,0.0,20,0.0,3.967611336032455,N,,N,
05:38,RUPA,25724,155.08,-2.32,4.64,,40.0,83.2,NORMAL,Y,0.0,23.17964222726114,30.0,0.0,0.0,15,0.0,0.0,0.0,25,0.0,20,10.0,0.0,N,,N,
05:38,PATANJALI,17029,344.9,-2.29,4.59,,57.7,59.2,NORMAL,Y,0.0,22.946175637393832,30.0,0.0,0.0,15,0.0,1.2808031264664772,25,0.0,0.0,20,1.4285714285717186,0.0,N,,N,
05:38,REDINGTON,14255,346.45,-2.28,4.57,,55.0,60.7,NORMAL,N,0.0,22.845860950500697,30.0,0.0,0.0,15,0.0,0.0,25,0.0,0.0,20,0.0,2.8571428571419286,N,,N,
05:38,BECTORFOOD,1628,235.28,-2.22,4.44,,55.0,67.8,NORMAL,N,0.0,22.192668938575363,30.0,0.0,0.0,15,0.0,0.0,25,0.0,0.0,20,0.0,10.649350649350813,N,,N,
05:38,PTC,11355,168.15,-2.21,4.42,,63.2,57.1,NORMAL,N,0.0,22.09944751381206,30.0,0.0,0.0,15,0.0,0.0,25,0.0,0.0,20,8.181818181818535,0.0,N,,N,
05:38,ERIS,21154,1360.0,-2.18,4.36,,55.0,70.6,NORMAL,Y,0.0,21.79385744084008,30.0,0.0,0.0,15,0.0,0.0,25,0.0,0.0,20,0.0,13.79310344827543,N,,N,
05:38,TEJASNET,21131,522.0,-2.17,4.35,,63.6,56.7,NORMAL,Y,0.0,21.739130434782652,30.0,0.0,0.0,15,0.0,0.0,25,0.0,0.0,20,8.571428571428108,0.0,N,,N,
05:38,GMRAIRPORT,13528,102.9,-2.1,4.21,,30.0,96.1,NORMAL,Y,0.0,21.025592236704345,30.0,0.0,0.0,15,0.0,0.0,0.0,25,0.0,20,0.0,15.094339622641693,N,,N,
05:38,RGL,15129,112.81,-2.07,4.15,,42.5,89.7,NORMAL,Y,0.0,20.746527777777786,30.0,0.0,0.0,15,0.0,8.983721708916354,0.0,25,0.0,20,3.4693877551021117,0.0,N,,N,
05:38,VAIBHAVGBL,11364,232.75,-2.06,4.12,,60.5,55.6,NORMAL,Y,0.0,20.61855670103095,30.0,0.0,0.0,15,0.0,0.0,25,0.0,0.0,20,5.454545454544515,0.0,N,,N,
05:38,SUDARSCHEM,3327,1087.2,-2.05,4.11,,38.5,86.7,NORMAL,N,0.0,20.5405405405405,30.0,0.0,0.0,15,0.0,6.135081603465225,0.0,25,0.0,20,2.399999999999636,0.0,N,,N,
05:38,PIIND,24184,2591.5,-5.07,10.15,,65.9,65.0,NORMAL,Y,0.0,30.0,30.0,0.0,0.0,15,0.0,0.0,25,0.0,0.0,20,10.857142857143376,0.0,N,,N,
05:38,TCS,11536,2340.8,-4.29,8.58,,62.0,115.0,NORMAL,Y,0.0,30.0,30.0,0.0,0.0,15,0.0,25.0,0.0,25,0.0,20,6.985074626865835,0.0,N,,N,
05:38,LLOYDSME,17313,1913.0,-3.69,7.37,,30.0,107.5,NORMAL,Y,0.0,30.0,30.0,0.0,0.0,15,0.0,0.0,0.0,25,0.0,20,0.0,17.5,N,,N,
05:38,INFY,1594,1167.3,-1.97,3.93,,47.3,92.7,NORMAL,N,0.0,19.652305366591154,30.0,0.0,0.0,15,0.0,13.017628973395414,0.0,25,0.0,20,4.255319148936335,0.0,N,,N,
05:38,RSYSTEMS,13414,240.15,-1.96,3.92,,67.7,54.6,NORMAL,Y,0.0,19.595835884874393,30.0,0.0,0.0,15,0.0,0.0,25,0.0,0.0,20,12.727272727272915,0.0,N,,N,
05:38,GREAVESCOT,1235,193.92,-1.95,3.9,,55.0,60.9,NORMAL,Y,0.0,19.51663464455462,30.0,0.0,0.0,15,0.0,0.0,25,0.0,0.0,20,0.0,6.399999999998727,N,,N,
05:38,ZENSARTECH,1076,490.85,-1.95,3.9,,37.8,81.4,NORMAL,Y,0.0,19.476628046344388,30.0,0.0,0.0,15,0.0,1.921049848351215,0.0,25,0.0,20,5.88235294117651,0.0,N,,N,
05:38,M&M,2031,3414.2,-2.92,5.85,,66.6,64.2,NORMAL,N,0.0,29.22945692351441,30.0,0.0,0.0,15,0.0,0.0,25,0.0,0.0,20,11.641791044775918,0.0,N,,N,
05:38,NELCO,2388,976.0,-1.92,3.84,,65.3,78.6,NORMAL,N,0.0,19.194050849160913,30.0,0.0,0.0,15,0.0,10.2810739240925,25,0.0,0.0,20,0.0,14.11764705882349,N,,N,
05:38,MAXESTATES,19646,418.5,-1.91,3.82,,55.0,74.1,NORMAL,N,0.0,19.10230868393291,30.0,0.0,0.0,15,0.0,0.0,25,0.0,0.0,20,0.0,20.0,N,,N,
05:38,SPARC,14788,201.51,-1.83,3.65,,30.0,81.3,NORMAL,Y,0.0,18.269511838643673,30.0,0.0,0.0,15,0.0,0.0,0.0,25,0.0,20,0.0,3.076923076923077,N,,N,
05:38,TMPV,3456,341.3,-1.81,3.62,,55.0,109.8,NORMAL,N,0.0,18.124280782508663,30.0,0.0,0.0,15,0.0,25.0,0.0,25,0.0,20,0.0,6.666666666666527,N,,N,
05:38,VMM,27969,108.29,-1.78,3.56,,40.3,77.8,NORMAL,Y,0.0,17.77777777777772,30.0,0.0,0.0,15,0.0,0.0,0.0,25,0.0,20,10.344827586206593,0.0,N,,N,
05:38,EXICOM,22947,141.4,-1.77,3.54,,55.0,55.6,NORMAL,Y,0.0,17.71448419590124,30.0,0.0,0.0,15,0.0,0.0,25,0.0,0.0,20,0.0,2.9268292682928183,N,,N,
05:38,HIKAL,9668,214.12,-1.77,3.54,,31.3,87.0,NORMAL,Y,0.0,17.708046609780645,30.0,0.0,0.0,15,0.0,1.3178176876780285,0.0,25,0.0,20,0.0,8.000000000000973,N,,N,
05:38,BPCL,526,312.2,-1.76,3.52,,30.0,81.6,NORMAL,Y,0.0,17.62114537444941,30.0,0.0,0.0,15,0.0,0.0,0.0,25,0.0,20,0.0,4.0000000000009095,N,,N,
05:38,KSB,1949,797.85,-1.72,3.45,,55.0,52.9,NORMAL,Y,0.0,17.244564882675373,30.0,0.0,0.0,15,0.0,0.0,25,0.0,0.0,20,0.0,0.6249999999994671,N,,N,
05:38,JUBLINGREA,2783,720.6,-1.71,3.41,,34.2,77.1,NORMAL,Y,0.0,17.05087982539899,30.0,0.0,0.0,15,0.0,0.0,0.0,25,0.0,20,4.210526315790229,0.0,N,,N,
05:38,HAPPSTMNDS,48,387.75,-1.67,3.35,,36.9,79.2,NORMAL,Y,0.0,16.736401673640223,30.0,0.0,0.0,15,0.0,2.462627695155115,0.0,25,0.0,20,4.444444444445287,0.0,N,,N,
05:38,EMSLIMITED,18593,387.4,-1.65,3.3,,55.0,71.5,NORMAL,Y,0.0,16.501650165016503,30.0,0.0,0.0,15,0.0,0.0,25,0.0,0.0,20,0.0,20.0,N,,N,
05:38,UNOMINDA,14154,1254.0,-1.65,3.29,,55.0,54.6,NORMAL,N,0.0,16.47058823529412,30.0,0.0,0.0,15,0.0,0.0,25,0.0,0.0,20,0.0,3.1578947368414756,N,,N,
05:38,ADANIPOWER,17388,205.57,-1.64,3.28,,33.5,76.5,NORMAL,Y,0.0,16.41148325358855,30.0,0.0,0.0,15,0.0,0.09997799503501184,0.0,25,0.0,20,3.428571428571614,0.0,N,,N,
05:38,TRITURBINE,25584,590.6,-1.62,3.25,,59.8,51.2,NORMAL,Y,0.0,16.24052635962355,30.0,0.0,0.0,15,0.0,0.0,25,0.0,0.0,20,4.761904761904968,0.0,N,,N,
05:38,PDSL,5264,370.4,-1.62,3.24,,55.0,58.7,NORMAL,N,0.0,16.201859229747736,30.0,0.0,0.0,15,0.0,0.0,25,0.0,0.0,20,0.0,7.500000000000444,N,,N,
05:38,TATACONSUM,3432,1060.6,-1.61,3.23,,33.7,77.4,NORMAL,Y,0.0,16.141001855287655,30.0,0.0,0.0,15,0.0,1.2261540872448295,0.0,25,0.0,20,2.500000000000533,0.0,N,,N,
05:38,ZUARI,29050,221.84,-1.59,3.18,,55.0,70.9,NORMAL,Y,0.0,15.88146570845526,30.0,0.0,0.0,15,0.0,0.0,25,0.0,0.0,20,0.0,20.0,N,,N,
05:38,SURYODAY,2970,161.11,-1.56,3.12,,55.0,69.0,NORMAL,Y,0.0,15.581082732494092,30.0,0.0,0.0,15,0.0,0.0,25,0.0,0.0,20,0.0,18.46153846153835,N,,N,
05:38,SUPREMEIND,3363,3405.6,-2.56,5.12,,75.7,40.6,NORMAL,Y,0.0,25.57939914163093,30.0,0.0,0.0,15,0.0,0.0,25,0.0,20,0.0,0.6666666666660603,0.0,N,,N,
05:38,KALYANKJIL,2955,592.85,-1.55,3.11,,55.0,54.3,NORMAL,N,0.0,15.526403188309567,30.0,0.0,0.0,15,0.0,0.0,25,0.0,0.0,20,0.0,3.7499999999996447,N,,N,
05:38,QUICKHEAL,13131,149.01,-1.55,3.11,,35.8,81.3,NORMAL,Y,0.0,15.525898520084715,30.0,0.0,0.0,15,0.0,5.773088487403754,0.0,25,0.0,20,0.0,0.0,N,,N,
05:38,LXCHEM,2841,172.18,-1.55,3.1,,43.4,83.9,NORMAL,Y,0.0,15.495454285550803,30.0,0.0,0.0,15,0.0,8.36427050779835,0.0,25,0.0,20,5.079365079365008,0.0,N,,N,
05:38,TREJHARA,7518,163.0,-1.53,3.07,,30.7,96.0,NORMAL,N,0.0,15.343723571342228,30.0,0.0,0.0,15,0.0,0.6657322433415516,0.0,25,0.0,20,0.0,20.0,N,,N,
05:38,GANESHHOU,14339,752.25,-1.53,3.06,,30.5,75.8,NORMAL,Y,0.0,15.315138425289673,30.0,0.0,0.0,15,0.0,0.5018222927081801,0.0,25,0.0,20,0.0,0.0,N,,N,
05:38,ANGELONE,324,287.0,-1.51,3.02,,55.0,61.2,NORMAL,Y,0.0,15.099519560741172,30.0,0.0,0.0,15,0.0,0.0,25,0.0,0.0,20,0.0,11.111111111111391,N,,N,
05:38,ABDL,24308,610.5,-1.5,3.0,,55.0,55.7,NORMAL,Y,0.0,15.004840271055105,30.0,0.0,0.0,15,0.0,0.0,25,0.0,0.0,20,0.0,5.714285714285095,N,,N,
05:38,MANAPPURAM,19061,354.65,-1.49,2.97,,55.0,56.3,NORMAL,Y,0.0,14.861111111111175,30.0,0.0,0.0,15,0.0,0.0,25,0.0,0.0,20,0.0,6.45161290322576,N,,N,
05:38,PRAJIND,2705,325.1,-1.45,2.91,,30.0,79.5,NORMAL,N,0.0,14.54986359502866,30.0,0.0,0.0,15,0.0,0.0,0.0,25,0.0,20,0.0,4.999999999998579,N,,N,
05:38,WESTLIFE,11580,575.0,-1.45,2.9,,55.0,54.7,NORMAL,N,0.0,14.482817722169926,30.0,0.0,0.0,15,0.0,0.0,25,0.0,0.0,20,0.0,5.185185185185435,N,,N,
05:38,PINELABS,759820,165.18,-1.43,2.86,,41.2,74.3,NORMAL,N,0.0,14.32151808091661,30.0,0.0,0.0,15,0.0,0.0,0.0,25,0.0,20,11.17647058823672,0.0,N,,N,
05:38,RAMKY,20134,390.6,-1.43,2.85,,55.0,49.3,NORMAL,Y,0.0,14.258675078864297,30.0,0.0,0.0,15,0.0,0.0,25,0.0,0.0,20,0.0,0.0,N,,N,
05:38,WOCKPHARMA,7506,1863.1,-2.42,4.85,,59.7,59.2,NORMAL,Y,0.0,24.248455012045767,30.0,0.0,0.0,15,0.0,0.0,25,0.0,0.0,20,4.705882352941098,0.0,N,,N,
05:38,HCLTECH,7229,1346.0,-1.42,2.84,,51.5,87.8,NORMAL,N,0.0,14.208290610810085,30.0,0.0,0.0,15,0.0,13.63032570884549,0.0,25,0.0,20,7.8378378378382285,0.0,N,,N,
05:38,HEXT,29666,557.15,-1.42,2.83,,30.6,75.4,NORMAL,Y,0.0,14.155533929045388,30.0,0.0,0.0,15,0.0,0.5722886451291487,0.0,25,0.0,20,0.0,0.6249999999994227,N,,N,
05:38,MARICO,4067,842.95,-1.41,2.82,,55.0,58.7,NORMAL,Y,0.0,14.093567251461936,30.0,0.0,0.0,15,0.0,0.0,25,0.0,0.0,20,0.0,9.65517241379186,N,,N,
05:38,UCAL,3570,116.0,-1.4,2.8,,30.0,74.0,NORMAL,Y,0.0,14.024649383765453,30.0,0.0,0.0,15,0.0,0.0,0.0,25,0.0,20,0.0,0.0,N,,N,
05:38,NLCINDIA,8585,282.1,-1.38,2.76,,30.0,82.4,NORMAL,Y,0.0,13.808774689739515,30.0,0.0,0.0,15,0.0,0.0,0.0,25,0.0,20,0.0,8.571428571429964,N,,N,
05:38,BSOFT,6994,315.9,-1.37,2.75,,32.3,77.0,NORMAL,N,0.0,13.737121448642004,30.0,0.0,0.0,15,0.0,2.2779948215620305,0.0,25,0.0,20,0.0,0.9523809523811586,N,,N,
05:38,RAYMOND,2859,615.75,-1.37,2.74,,72.9,48.7,NORMAL,N,0.0,13.695338779432893,30.0,0.0,0.0,15,0.0,0.0,25,0.0,0.0,20,17.894736842104887,0.0,N,,N,
05:38,MAITHANALL,24538,992.0,-1.35,2.7,,55.0,54.5,NORMAL,N,0.0,13.524264120922854,30.0,0.0,0.0,15,0.0,0.0,25,0.0,0.0,20,0.0,5.9999999999990905,N,,N,
05:38,MOTILALOFS,14947,876.0,-1.35,2.7,,55.7,48.7,NORMAL,Y,0.0,13.513513513513514,30.0,0.0,0.0,15,0.0,0.17789580632738516,25,0.0,0.0,20,0.49999999999954525,0.0,N,,N,
05:38,EIDPARRY,916,777.9,-1.34,2.69,,55.0,55.7,NORMAL,Y,0.0,13.44324667089413,30.0,0.0,0.0,15,0.0,0.0,25,0.0,0.0,20,0.0,7.272727272727648,N,,N,
05:38,SHREEPUSHK,10588,408.05,-1.34,2.68,,55.0,48.4,NORMAL,N,0.0,13.418762088974882,30.0,0.0,0.0,15,0.0,0.0,25,0.0,0.0,20,0.0,0.0,N,,Y,NONRESULTS
05:38,HCG,15555,729.1,-1.33,2.67,,55.6,48.3,NORMAL,N,0.0,13.329724609242874,30.0,0.0,0.0,15,0.0,0.0,25,0.0,0.0,20,0.5882352941184339,0.0,N,,N,
05:38,DEEPAKNTR,19943,1743.2,-2.33,4.66,,55.0,58.3,NORMAL,N,0.0,23.307933662034912,30.0,0.0,0.0,15,0.0,0.0,25,0.0,0.0,20,0.0,0.0,N,,N,
05:38,GULFOILLUB,4391,1174.2,-1.31,2.62,,61.0,48.1,NORMAL,N,0.0,13.111447302067498,30.0,0.0,0.0,15,0.0,0.0,25,0.0,0.0,20,6.000000000000606,0.0,N,,N,
05:38,RALLIS,2816,208.74,-1.3,2.61,,55.6,59.4,NORMAL,Y,0.0,13.049645390070879,30.0,0.0,0.0,15,0.0,0.648615797028387,25,0.0,0.0,20,0.0,10.714285714286076,N,,N,
05:38,SUNTECK,17641,292.7,-1.3,2.6,,61.7,48.0,NORMAL,Y,0.0,12.982633619962982,30.0,0.0,0.0,15,0.0,0.0,25,0.0,0.0,20,6.666666666666666,0.0,N,,N,
05:38,SANGAMIND,4184,574.4,-1.3,2.59,,68.6,48.0,NORMAL,Y,0.0,12.973623163502136,30.0,0.0,0.0,15,0.0,0.0,25,0.0,0.0,20,13.600000000000364,0.0,N,,N,
05:38,ORIENTELEC,2972,188.21,-1.3,2.59,,55.0,50.3,NORMAL,N,0.0,12.953639605621978,30.0,0.0,0.0,15,0.0,0.0,25,0.0,0.0,20,0.0,2.3529411764700963,N,,N,
05:38,IEX,220,124.38,-1.29,2.57,,30.0,90.6,NORMAL,Y,0.0,12.857142857142893,30.0,0.0,0.0,15,0.0,0.0,0.0,25,0.0,20,0.0,17.777777777778127,N,,N,
05:38,PREMIERENE,25049,1036.6,-1.28,2.55,,30.0,80.0,NORMAL,Y,0.0,12.76190476190485,30.0,0.0,0.0,15,0.0,0.0,0.0,25,0.0,20,0.0,7.272727272728025,N,,N,
05:38,FDC,4898,356.3,-1.27,2.55,,70.0,47.7,NORMAL,Y,0.0,12.74591299528946,30.0,0.0,0.0,15,0.0,0.0,25,0.0,0.0,20,14.999999999998579,0.0,N,,N,
05:38,NEWGEN,1164,548.1,-1.26,2.52,,66.5,50.1,NORMAL,Y,0.0,12.610340479192939,30.0,0.0,0.0,15,0.0,2.4839271369664115,25,0.0,0.0,20,9.062500000000156,0.0,N,,N,
05:38,KOTAKBANK,1922,387.95,-1.26,2.52,,58.1,59.6,NORMAL,Y,0.0,12.598625604479484,30.0,0.0,0.0,15,0.0,3.1423701206195953,25,0.0,0.0,20,0.0,8.888888888889872,N,,N,
05:38,WHIRLPOOL,18011,785.05,-1.26,2.52,,55.0,53.0,NORMAL,Y,0.0,12.577825294006667,30.0,0.0,0.0,15,0.0,0.0,25,0.0,0.0,20,0.0,5.454545454545078,N,,N,
05:38,ICICIPRULI,18652,495.2,-1.26,2.51,,46.7,72.7,NORMAL,Y,0.0,12.56231306081757,30.0,0.0,0.0,15,0.0,0.11761331156040897,0.0,25,0.0,20,16.585365853658335,0.0,N,,N,
05:38,AVANTIFEED,7936,849.1,-1.24,2.49,,50.0,59.4,NORMAL,Y,0.0,12.444754594091568,30.0,0.0,0.0,15,0.0,0.0,0.0,25,20,0.0,0.0,6.923076923077865,N,,N,
05:38,ORIENTCEM,30089,132.5,-1.22,2.43,,30.3,73.1,NORMAL,Y,0.0,12.152389472899392,30.0,0.0,0.0,15,0.0,0.2560365818885762,0.0,25,0.0,20,0.0,0.740740740740039,Y,NONRESULTS,N,
05:38,JUBLFOOD,18096,482.3,-1.21,2.42,,68.1,47.1,NORMAL,N,0.0,12.085210979106877,30.0,0.0,0.0,15,0.0,0.0,25,0.0,0.0,20,13.076923076923011,0.0,N,,N,
05:38,SWANCORP,27095,307.5,-1.2,2.41,,56.7,53.7,NORMAL,Y,0.0,12.04819277108434,30.0,0.0,0.0,15,0.0,1.6668042069552647,25,0.0,0.0,20,0.0,5.000000000001421,N,,N,
05:38,360ONE,13061,1154.0,-1.2,2.4,,88.3,27.0,NORMAL,N,0.0,11.986301369863012,30.0,0.0,0.0,15,0.0,0.0,25,0.0,20,0.0,13.333333333329964,0.0,N,,N,
05:38,GARFIBRES,1100,777.0,-1.2,2.39,,63.0,47.0,NORMAL,N,0.0,11.95320447609356,30.0,0.0,0.0,15,0.0,0.0,25,0.0,0.0,20,8.000000000001819,0.0,N,,N,
05:38,ASAHIINDIA,5378,890.9,-1.19,2.38,,70.6,46.9,NORMAL,Y,0.0,11.922586369433816,30.0,0.0,0.0,15,0.0,0.0,25,0.0,0.0,20,15.555555555554994,0.0,N,,N,
05:38,MUKANDLTD,11325,138.95,-1.18,2.36,,36.6,93.3,NORMAL,N,0.0,11.805703719508037,30.0,0.0,0.0,15,0.0,6.599703105812256,0.0,25,0.0,20,0.0,14.933333333333394,N,,N,
05:38,IFCI,1491,74.05,-2.18,4.36,,55.0,56.8,NORMAL,Y,0.0,21.796565389696244,30.0,0.0,0.0,15,0.0,0.0,25,0.0,0.0,20,0.0,0.0,N,,N,
05:38,SWIGGY,27066,277.2,-1.18,2.35,,55.0,55.7,NORMAL,Y,0.0,11.764705882352981,30.0,0.0,0.0,15,0.0,0.0,25,0.0,0.0,20,0.0,8.88888888888931,N,,N,
05:38,LUMAXTECH,14014,2031.2,-2.17,4.34,,55.0,61.6,NORMAL,N,0.0,21.721331214179134,30.0,0.0,0.0,15,0.0,0.0,25,0.0,0.0,20,0.0,4.842105263157799,N,,N,
05:38,EBGNG,757862,565.9,-1.16,2.32,,60.7,46.6,NORMAL,N,0.0,11.614706139201779,30.0,0.0,0.0,15,0.0,0.0,25,0.0,0.0,20,5.714285714285428,0.0,N,,N,
05:38,RAINBOW,9408,1486.8,-1.15,2.3,,58.7,46.5,NORMAL,Y,0.0,11.501894820823052,30.0,0.0,0.0,15,0.0,0.0,25,0.0,0.0,20,3.6842105263160727,0.0,N,,N,
05:38,APTUS,5435,253.75,-1.15,2.3,,55.0,46.5,NORMAL,Y,0.0,11.492014024152665,30.0,0.0,0.0,15,0.0,0.0,25,0.0,0.0,20,0.0,0.0,N,,N,
05:38,PCBL,2649,318.5,-1.13,2.27,,58.3,46.3,NORMAL,Y,0.0,11.330125717833237,30.0,0.0,0.0,15,0.0,0.0,25,0.0,0.0,20,3.333333333330175,0.0,N,,N,
05:38,POLICYBZR,6656,1696.5,-2.11,4.21,,61.8,56.1,NORMAL,N,0.0,21.06174264281593,30.0,0.0,0.0,15,0.0,0.0,25,0.0,0.0,20,6.808510638297749,0.0,N,,N,
05:38,TATAPOWER,3426,375.95,-1.07,2.13,,64.8,56.9,NORMAL,Y,0.0,10.657894736842135,30.0,0.0,0.0,15,0.0,9.788981998596649,25,0.0,0.0,20,0.0,1.4285714285717765,N,,N,
05:38,SURYAROSNI,3375,233.33,-1.06,2.12,,63.6,45.6,NORMAL,Y,0.0,10.600856549209174,30.0,0.0,0.0,15,0.0,0.0,25,0.0,0.0,20,8.571428571428862,0.0,N,,N,
05:38,ROUTE,128,524.5,-1.06,2.11,,55.0,61.6,NORMAL,Y,0.0,10.564044519901948,30.0,0.0,0.0,15,0.0,0.0,25,0.0,0.0,20,0.0,15.99999999999909,N,,N,
05:38,ATGL,6066,659.15,-1.05,2.1,,55.0,65.5,NORMAL,Y,0.0,10.508143811453879,30.0,0.0,0.0,15,0.0,0.0,25,0.0,0.0,20,0.0,20.0,N,,N,
05:38,DELHIVERY,9599,468.55,-1.03,2.07,,67.2,45.3,NORMAL,Y,0.0,10.349561727743115,30.0,0.0,0.0,15,0.0,0.0,25,0.0,0.0,20,12.222222222221522,0.0,N,,N,
05:38,PRINCEPIPE,16045,268.25,-1.03,2.07,,55.0,45.3,NORMAL,Y,0.0,10.330197380557134,30.0,0.0,0.0,15,0.0,0.0,25,0.0,0.0,20,0.0,0.0,N,,N,
05:38,WIPRO,3787,182.72,-1.02,2.04,,32.1,89.0,NORMAL,N,0.0,10.184182015167908,30.0,0.0,0.0,15,0.0,2.1284145743085285,0.0,25,0.0,20,0.0,16.666666666667258,N,,N,
05:38,JSWENERGY,17869,557.35,-1.0,2.01,,35.7,70.0,NORMAL,Y,0.0,10.035523978685573,30.0,0.0,0.0,15,0.0,0.0,0.0,25,0.0,20,5.714285714286643,0.0,N,,N,
05:38,TATASTEEL,3499,186.37,-1.0,2.0,,41.9,92.4,NORMAL,Y,0.0,9.986719787516575,29.960159362549728,0.0,0.0,15,0.0,11.92104296812489,0.0,25,0.0,20,0.0,10.476190476190379,N,,N,
05:38,NBCC,31415,91.95,-1.97,3.94,,55.0,74.7,NORMAL,Y,0.0,19.722814498933843,30.0,0.0,0.0,15,0.0,0.0,25,0.0,0.0,20,0.0,20.0,N,,N,
05:38,KIMS,4847,805.15,-0.97,1.94,,29.1,72.0,NORMAL,N,0.0,9.716499600270557,29.149498800811674,0.0,0.0,15,0.0,0.0,0.0,25,0.0,20,0.0,2.3255813953488618,N,,N,
05:38,IONEXCHANG,1630,377.2,-0.97,1.94,,65.3,44.7,NORMAL,Y,0.0,9.713835652402176,29.14150695720653,0.0,0.0,15,0.0,0.0,25,0.0,0.0,20,11.111111111111391,0.0,N,,N,
05:38,ITDC,19299,670.15,-0.96,1.92,,57.7,44.6,NORMAL,Y,0.0,9.606147934678194,28.818443804034587,0.0,0.0,15,0.0,0.0,25,0.0,0.0,20,3.846153846153981,0.0,N,,N,
05:38,DABUR,772,408.7,-0.96,1.91,,53.7,44.6,NORMAL,Y,0.0,9.57227674784924,28.71683024354772,0.0,0.0,15,0.0,0.0,25,0.0,0.0,20,0.0,0.0,N,,N,
05:38,CANFINHOME,583,818.05,-0.95,1.9,,53.5,59.5,NORMAL,Y,0.0,9.504782661339172,28.51434798401752,0.0,0.0,15,0.0,0.0,25,0.0,0.0,20,0.0,15.000000000000949,N,,Y,NONRESULTS
05:38,BEL,383,402.0,-0.95,1.9,,53.5,59.9,NORMAL,N,0.0,9.486263397807129,28.458790193421382,0.0,0.0,15,0.0,0.0,25,0.0,0.0,20,0.0,15.384615384615923,N,,N,
05:38,ACC,22,1327.1,-0.95,1.9,,28.4,70.8,NORMAL,Y,0.0,9.479026720406065,28.43708016121819,0.0,0.0,15,0.0,0.0,0.0,25,0.0,20,0.0,1.3333333333321207,N,,N,
05:38,BLUESTARCO,8311,1483.8,-0.94,1.88,,53.2,47.6,NORMAL,Y,0.0,9.413178449829852,28.239535349489557,0.0,0.0,15,0.0,0.0,25,0.0,0.0,20,0.0,3.2000000000007276,N,,N,
05:38,LTF,24948,312.45,-0.94,1.87,,53.1,59.7,NORMAL,Y,0.0,9.353202282815436,28.05960684844631,0.0,0.0,15,0.0,0.0,25,0.0,0.0,20,0.0,15.384615384615923,N,,N,
05:38,COFORGE,11543,1783.8,-1.94,3.87,,54.0,88.8,NORMAL,N,0.0,19.35129191863664,30.0,0.0,0.0,15,0.0,9.40928773606205,0.0,25,0.0,20,14.588235294117755,0.0,N,,N,
05:38,ROSSARI,19410,500.2,-0.93,1.86,,54.9,52.1,NORMAL,Y,0.0,9.308774014656345,27.926322043969037,0.0,0.0,15,0.0,1.978916016944015,25,0.0,0.0,20,0.0,5.83333333333282,N,,N,
05:39,JIOFIN,18143,250.4,-0.93,1.86,,52.9,56.8,NORMAL,N,0.0,9.29772502472797,27.893175074183908,0.0,0.0,15,0.0,0.0,25,0.0,0.0,20,0.0,12.499999999999822,N,,N,
05:39,GAIL,4717,173.72,-0.92,1.85,,52.7,51.7,NORMAL,Y,0.0,9.23919242614352,27.717577278430557,0.0,0.0,15,0.0,0.0,25,0.0,0.0,20,0.0,7.500000000001776,N,,N,
05:39,SUPRAJIT,11689,526.35,-0.92,1.84,,52.7,60.2,NORMAL,N,0.0,9.223529411764664,27.67058823529399,0.0,0.0,15,0.0,0.0,25,0.0,0.0,20,0.0,16.000000000000608,N,,N,
05:39,THYROCARE,17032,643.4,-0.92,1.83,,52.5,50.6,NORMAL,N,0.0,9.163009163009233,27.4890274890277,0.0,0.0,15,0.0,0.0,25,0.0,0.0,20,0.0,6.47058823529341,N,,N,
05:39,ETERNAL,5097,315.1,-0.91,1.82,,27.4,83.4,NORMAL,N,0.0,9.11949685534584,27.358490566037524,0.0,0.0,15,0.0,0.0,0.0,25,0.0,20,0.0,14.28571428571413,N,,N,
05:39,TIMKEN,14198,3221.4,-1.9,3.81,,55.0,58.5,NORMAL,N,0.0,19.03224824142026,30.0,0.0,0.0,15,0.0,0.0,25,0.0,0.0,20,0.0,4.444444444445006,N,,N,
05:39,SAREGAMA,4892,524.35,-0.9,1.8,,51.9,49.7,NORMAL,N,0.0,8.977508977508977,26.93252693252693,0.0,0.0,15,0.0,0.0,25,0.0,0.0,20,0.0,5.714285714286643,N,,N,
05:39,WIPL,20481,167.0,-0.89,1.78,,29.3,71.5,NORMAL,Y,0.0,8.90207715133531,26.706231454005934,0.0,0.0,15,0.0,2.636629371022627,0.0,25,0.0,20,0.0,0.0,N,,N,
05:39,RELIANCE,2885,1312.2,-0.88,1.77,,51.5,48.8,NORMAL,N,0.0,8.837525492862031,26.512576478586098,0.0,0.0,15,0.0,0.0,25,0.0,0.0,20,0.0,5.0,N,,N,
05:39,KIRIINDUS,16639,423.05,-0.86,1.71,,50.7,49.8,NORMAL,N,0.0,8.554019217248598,25.662057651745794,0.0,0.0,15,0.0,0.0,25,0.0,0.0,20,0.0,6.250000000000133,N,,N,
05:39,HDFCBANK,1333,722.8,-0.85,1.7,,25.5,70.3,NORMAL,Y,0.0,8.504801097393752,25.514403292181257,0.0,0.0,15,0.0,0.0,0.0,25,0.0,20,0.0,1.8181818181799392,N,,N,
05:39,JUSTDIAL,29962,689.05,-0.85,1.7,,27.8,68.5,NORMAL,Y,0.0,8.48981941146858,25.469458234405742,0.0,0.0,15,0.0,0.0,0.0,25,0.0,20,2.3529411764710604,0.0,N,,N,
05:39,RITES,3761,224.76,-0.84,1.69,,50.3,47.4,NORMAL,N,0.0,8.426346671372466,25.279040014117395,0.0,0.0,15,0.0,0.0,25,0.0,0.0,20,0.0,3.9999999999994316,N,,N,
05:39,CENTURYPLY,13305,769.9,-0.84,1.67,,54.4,43.4,NORMAL,Y,0.0,8.371973209685729,25.115919629057185,0.0,0.0,15,0.0,0.0,25,0.0,0.0,20,4.285714285713357,0.0,N,,N,
05:39,KPRMILL,14912,1087.4,-0.83,1.66,,68.1,43.3,NORMAL,N,0.0,8.299133606931063,24.897400820793184,0.0,0.0,15,0.0,0.0,25,0.0,0.0,20,18.181818181815927,0.0,N,,N,
05:39,INDHOTEL,1512,718.0,-0.83,1.66,,49.9,57.1,NORMAL,Y,0.0,8.287292817679559,24.861878453038674,0.0,0.0,15,0.0,0.0,25,0.0,0.0,20,0.0,13.809523809524094,N,,Y,NONRESULTS
05:39,ANTHEM,757885,884.35,-0.82,1.64,,49.6,53.4,NORMAL,N,0.0,8.187068917175973,24.561206751527916,0.0,0.0,15,0.0,0.0,25,0.0,0.0,20,0.0,10.256410256410017,N,,N,
05:39,SHALBY,714,160.38,-0.8,1.6,,46.6,67.9,NORMAL,Y,0.0,7.979216923362355,23.937650770087068,0.0,0.0,15,0.0,2.67927092211099,0.0,25,20,0.0,0.0,17.263157894736906,N,,N,
05:39,NESCO,15409,1040.0,-0.79,1.58,,75.4,22.9,NORMAL,Y,0.0,7.917580845177865,23.752742535533592,0.0,0.0,15,0.0,0.0,25,0.0,20,0.0,6.666666666665543,0.0,N,,N,
05:39,JAMNAAUTO,20778,124.52,-0.79,1.58,,25.9,67.9,NORMAL,Y,0.0,7.887817703768695,23.663453111306087,0.0,0.0,15,0.0,0.0,0.0,25,0.0,20,2.2222222222218715,0.0,N,,N,
05:39,NCC,2319,143.63,-0.78,1.56,,60.4,42.8,NORMAL,N,0.0,7.806023763470541,23.41807129041162,0.0,0.0,15,0.0,0.0,25,0.0,0.0,20,12.000000000001137,0.0,N,,N,
05:39,FINPIPE,1041,161.4,-0.77,1.55,,48.2,58.0,NORMAL,Y,0.0,7.746219107340409,23.238657322021226,0.0,0.0,15,0.0,0.0,25,0.0,0.0,20,0.0,15.238095238097042,N,,N,
05:39,CYIENT,5748,846.8,-0.77,1.55,,26.4,67.7,NORMAL,Y,0.0,7.733770799156343,23.201312397469028,0.0,0.0,15,0.0,0.0,0.0,25,0.0,20,3.2000000000007276,0.0,N,,N,
05:39,RECLTD,15355,342.05,-0.77,1.54,,68.1,28.4,NORMAL,Y,0.0,7.687844502465847,23.06353350739754,0.0,0.0,15,0.0,0.0,25,0.0,20,0.0,0.0,5.71428571428757,N,,N,
05:39,MPHASIS,4503,2485.9,-1.74,3.49,,39.7,80.1,NORMAL,N,0.0,17.430830039525656,30.0,0.0,0.0,15,0.0,2.6350938583272874,0.0,25,0.0,20,7.086614173228448,0.0,N,,N,
05:39,PUNJABCHEM,4344,1095.8,-0.74,1.49,,43.8,68.9,NORMAL,Y,0.0,7.4275362318840985,22.282608695652296,0.0,0.0,15,0.0,1.4975240244374364,0.0,25,0.0,20,20.0,0.0,N,,N,
05:39,BAJFINANCE,317,1085.2,-0.74,1.48,,47.2,44.9,NORMAL,Y,0.0,7.408762462270109,22.226287386810327,0.0,0.0,15,0.0,0.0,25,0.0,0.0,20,0.0,2.4999999999978684,N,,N,
05:39,SHILPAMED,17752,813.75,-0.73,1.45,,66.8,38.6,NORMAL,N,0.0,7.258753202391174,21.77625960717352,0.0,0.0,15,0.0,0.0,25,0.0,20,0.0,0.0,16.296296296297733,N,,N,
05:39,JKIL,15266,494.0,-0.72,1.45,,46.7,60.6,NORMAL,N,0.0,7.234726688102939,21.70418006430882,0.0,0.0,15,0.0,0.0,25,0.0,0.0,20,0.0,18.399999999999636,N,,N,
05:39,GODREJPROP,17875,2002.8,-1.72,3.44,,55.0,55.7,NORMAL,Y,0.0,17.22361254232305,30.0,0.0,0.0,15,0.0,0.0,25,0.0,0.0,20,0.0,3.4482758620688574,N,,N,
05:39,IREDA,20261,117.85,-0.72,1.43,,46.5,49.7,NORMAL,Y,0.0,7.160909856781874,21.482729570345622,0.0,0.0,15,0.0,0.0,25,0.0,0.0,20,0.0,7.499999999999778,N,,N,
05:39,JINDALSAW,3024,271.6,-0.71,1.43,,26.3,81.3,NORMAL,N,0.0,7.128495704624342,21.385487113873022,0.0,0.0,15,0.0,4.868685559895752,0.0,25,0.0,20,0.0,9.33333333333394,N,,N,
05:39,TORNTPOWER,13786,1321.0,-0.71,1.41,,46.2,45.7,NORMAL,Y,0.0,7.065544197233983,21.19663259170195,0.0,0.0,15,0.0,0.0,25,0.0,0.0,20,0.0,3.636363636364764,N,,N,
05:39,BANCOINDIA,13880,629.4,-0.7,1.4,,46.1,56.8,NORMAL,Y,0.0,7.020588467303062,21.061765401909184,0.0,0.0,15,0.0,0.0,25,0.0,0.0,20,0.0,14.814814814814564,N,,N,
05:39,PURVA,14922,210.83,-0.7,1.39,,65.9,42.0,NORMAL,Y,0.0,6.970938721680513,20.91281616504154,0.0,0.0,15,0.0,0.0,25,0.0,0.0,20,20.0,0.0,N,,N,
05:39,MAHLOG,385,406.5,-0.7,1.39,,45.9,46.6,NORMAL,N,0.0,6.962257237083236,20.886771711249708,0.0,0.0,15,0.0,0.0,25,0.0,0.0,20,0.0,4.615384615384077,N,,N,
05:39,HINDPETRO,1406,388.15,-0.69,1.38,,20.7,68.6,NORMAL,Y,0.0,6.908020979915684,20.724062939747053,0.0,0.0,15,0.0,0.0,0.0,25,0.0,20,0.0,1.6666666666669825,N,,N,
05:39,GRANULES,11872,855.1,-0.69,1.37,,45.6,58.7,NORMAL,Y,0.0,6.852497096399508,20.557491289198527,0.0,0.0,15,0.0,0.0,25,0.0,0.0,20,0.0,16.799999999999272,N,,N,
05:39,HAVELLS,9819,1265.7,-0.68,1.37,,48.3,41.8,NORMAL,N,0.0,6.826741996233556,20.480225988700667,0.0,0.0,15,0.0,0.0,25,0.0,0.0,20,2.8571428571422386,0.0,N,,N,
05:39,XCHANGING,11705,67.29,-1.68,3.36,,30.0,96.8,NORMAL,N,0.0,16.803039158386785,30.0,0.0,0.0,15,0.0,0.0,0.0,25,0.0,20,0.0,20.0,N,,N,
05:39,RVNL,9552,228.47,-0.67,1.33,,53.6,41.7,NORMAL,Y,0.0,6.652173913043483,19.956521739130448,0.0,0.0,15,0.0,0.0,25,0.0,0.0,20,8.648648648648358,0.0,N,,N,
05:39,RCF,2866,124.74,-0.65,1.29,,44.4,61.5,NORMAL,Y,0.0,6.451612903225825,19.354838709677477,0.0,0.0,15,0.0,0.0,25,0.0,0.0,20,0.0,20.0,N,,N,
05:39,TITAGARH,15414,839.35,-0.65,1.29,,44.4,51.8,NORMAL,Y,0.0,6.45123106060598,19.35369318181794,0.0,0.0,15,0.0,0.0,25,0.0,0.0,20,0.0,10.30303030303072,N,,N,
05:39,LLOYDSENGG,17801,91.51,-1.64,3.29,,31.5,94.5,NORMAL,N,0.0,16.44453998280311,30.0,0.0,0.0,15,0.0,1.5402544244638519,0.0,25,0.0,20,0.0,16.50000000000039,N,,N,
05:39,SESHAPAPER,3066,231.52,-0.64,1.27,,19.1,66.4,NORMAL,N,0.0,6.351931330472059,19.055793991416177,0.0,0.0,15,0.0,0.0,0.0,25,0.0,20,0.0,0.0,N,,N,
05:39,VOLTAS,3718,1271.9,-0.63,1.27,,31.7,82.9,NORMAL,Y,0.0,6.328124999999929,18.984374999999787,0.0,0.0,15,0.0,12.738686529185442,0.0,25,0.0,20,0.0,3.8709677419361936,N,,N,
05:39,PFC,14299,378.65,-0.62,1.23,,50.2,41.2,NORMAL,Y,0.0,6.167979002624731,18.503937007874196,0.0,0.0,15,0.0,0.0,25,0.0,0.0,20,6.666666666669193,0.0,N,,N,
05:39,WAAREEENER,25907,2660.3,-1.62,3.23,,39.2,76.2,NORMAL,Y,0.0,16.16124260355023,30.0,0.0,0.0,15,0.0,0.0,0.0,25,0.0,20,9.189189189191115,0.0,N,,N,
05:39,ITC,1660,277.3,-0.61,1.22,,24.2,69.2,NORMAL,Y,0.0,6.093189964157666,18.279569892473,0.0,0.0,15,0.0,3.109010431957251,0.0,25,0.0,20,2.857142857143785,0.0,N,,N,
05:39,MUNJALAU,13511,101.4,-0.61,1.22,,43.2,43.6,NORMAL,Y,0.0,6.077239756910315,18.231719270730945,0.0,0.0,15,0.0,0.0,25,0.0,0.0,20,0.0,2.500000000000533,N,,N,
05:39,HDBFS,757772,688.9,-0.61,1.21,,43.2,61.1,NORMAL,Y,0.0,6.059731640455989,18.179194921367966,0.0,0.0,15,0.0,0.0,25,0.0,0.0,20,0.0,20.0,N,,N,
05:39,GOCOLORS,6964,321.05,-0.6,1.21,,43.1,49.0,NORMAL,Y,0.0,6.037151702786342,18.111455108359024,0.0,0.0,15,0.0,0.0,25,0.0,0.0,20,0.0,8.000000000001819,N,,N,
05:39,OIL,17438,467.55,-0.6,1.19,,56.2,41.0,NORMAL,N,0.0,5.953013713192328,17.859041139576984,0.0,0.0,15,0.0,0.0,25,0.0,0.0,20,13.333333333332913,0.0,N,,N,
05:39,NTPC,11630,336.45,-0.59,1.18,,42.7,53.8,NORMAL,Y,0.0,5.909292362239622,17.727877086718866,0.0,0.0,15,0.0,0.0,25,0.0,0.0,20,0.0,12.857142857143323,N,,N,
05:39,TTKPRESTIG,3546,586.5,-0.58,1.17,,58.3,40.8,NORMAL,Y,0.0,5.847953216374346,17.54385964912304,0.0,0.0,15,0.0,0.0,25,0.0,0.0,20,15.789473684211659,0.0,N,,N,
05:39,KRBL,10577,368.4,-0.58,1.16,,62.4,28.5,NORMAL,N,0.0,5.80218593981928,17.406557819457838,0.0,0.0,15,0.0,0.0,25,0.0,20,0.0,0.0,7.692307692307288,N,,N,
05:39,CGPOWER,760,875.9,-0.58,1.16,,65.5,20.8,NORMAL,Y,0.0,5.788876276958028,17.366628830874085,0.0,0.0,15,0.0,0.0,25,0.0,20,0.0,3.1249999999999556,0.0,N,,N,
05:39,JTEKTINDIA,3237,140.37,-0.56,1.12,,47.3,43.6,NORMAL,N,0.0,5.596486256729896,16.789458770189686,0.0,0.0,15,0.0,3.0441793464537388,25,0.0,0.0,20,2.424242424242494,0.0,N,,N,
05:39,METROPOLIS,9581,563.1,-0.56,1.11,,41.7,52.6,NORMAL,Y,0.0,5.562913907284727,16.688741721854182,0.0,0.0,15,0.0,0.0,25,0.0,0.0,20,0.0,12.000000000000455,N,,N,
05:39,SHARDACROP,4992,802.0,-0.55,1.09,,41.4,40.5,NORMAL,Y,0.0,5.456349206349178,16.369047619047535,0.0,0.0,15,0.0,0.0,25,0.0,0.0,20,0.0,0.0,N,,N,
05:39,RAMCOCEM,2043,929.0,-0.54,1.08,,59.2,40.4,NORMAL,Y,0.0,5.406562817836256,16.219688453508766,0.0,0.0,15,0.0,0.0,25,0.0,0.0,20,17.931034482758918,0.0,N,,N,
05:39,GICRE,277,353.8,-0.53,1.07,,24.4,67.1,NORMAL,Y,0.0,5.341579983131789,16.024739949395368,0.0,0.0,15,0.0,1.7110768894817798,0.0,25,0.0,20,6.666666666666666,0.0,N,,N,
05:39,CROMPTON,17094,244.1,-0.53,1.06,,60.9,20.3,NORMAL,Y,0.0,5.297473512632483,15.89242053789745,0.0,0.0,15,0.0,0.0,25,0.0,20,0.0,0.0,0.0,N,,N,
05:39,ENGINERSIN,4907,241.75,-0.51,1.02,,15.3,69.3,NORMAL,N,0.0,5.1030906621672045,15.309271986501614,0.0,0.0,15,0.0,0.0,0.0,25,0.0,20,0.0,4.186046511628276,N,,N,
05:39,DLF,14732,646.85,-0.5,1.0,,50.9,40.0,NORMAL,Y,0.0,4.99923088755576,14.99769266266728,0.0,0.0,15,0.0,0.0,25,0.0,0.0,20,10.86956521739152,0.0,N,,N,
05:39,NIITLTD,11522,94.02,-1.49,2.98,,57.0,49.9,NORMAL,Y,0.0,14.878457669740168,30.0,0.0,0.0,15,0.0,0.0,25,0.0,0.0,20,1.9999999999980105,0.0,N,,N,
05:39,SANSERA,5751,3755.9,-1.48,2.96,,75.0,44.0,NORMAL,N,0.0,14.820060854055189,30.0,0.0,0.0,15,0.0,0.0,25,0.0,20,0.0,0.0,14.15730337078678,N,,N,
05:39,CHALET,8546,817.3,-0.47,0.95,,73.4,20.3,NORMAL,Y,0.0,4.749147588894411,14.247442766683234,0.0,0.0,15,0.0,0.5678320672612941,25,0.0,20,0.0,13.555555555555355,0.0,N,,N,
05:39,POWERMECH,10473,2406.4,-1.47,2.94,,30.0,76.8,NORMAL,Y,0.0,14.699258895303643,30.0,0.0,0.0,15,0.0,0.0,0.0,25,0.0,20,0.0,2.1052631578975083,N,,N,
05:39,GLAND,1186,2881.5,-1.47,2.93,,58.0,49.7,NORMAL,N,0.0,14.66967583093971,30.0,0.0,0.0,15,0.0,0.0,25,0.0,0.0,20,3.0379746835438084,0.0,N,,N,
05:39,SAFARI,13035,1493.3,-0.46,0.92,,57.0,39.6,NORMAL,Y,0.0,4.599386748433602,13.798160245300808,0.0,0.0,15,0.0,0.0,25,0.0,0.0,20,18.181818181817807,0.0,N,,N,
05:39,POWERGRID,14977,266.75,-0.45,0.9,,48.2,41.3,NORMAL,Y,0.0,4.478447471543157,13.435342414629469,0.0,0.0,15,0.0,1.7781321803483987,25,0.0,0.0,20,7.999999999999545,0.0,N,,N,
05:39,KEC,13260,448.75,-0.44,0.89,,38.3,51.7,NORMAL,Y,0.0,4.437049362174155,13.311148086522465,0.0,0.0,15,0.0,0.0,25,0.0,0.0,20,0.0,12.222222222222783,N,,N,
05:39,MHRIL,17333,224.57,-0.44,0.89,,43.7,74.9,NORMAL,Y,0.0,4.433213636565147,13.299640909695439,0.0,0.0,15,0.0,10.423866282188444,0.0,25,20,0.0,0.0,20.0,N,,N,
05:39,SAKSOFT,11794,163.91,-0.42,0.84,,44.2,39.2,NORMAL,Y,0.0,4.1919805589307275,12.575941676792183,0.0,0.0,15,0.0,0.0,25,0.0,0.0,20,6.666666666668472,0.0,N,,N,
05:39,UNITDSPR,10447,1526.8,-1.41,2.83,,75.0,33.0,NORMAL,N,0.0,14.140892361335371,30.0,0.0,0.0,15,0.0,0.0,25,0.0,20,0.0,0.0,3.8095238095244284,N,,N,
05:39,PRESTIGE,20302,1563.6,-1.41,2.81,,57.3,49.1,NORMAL,Y,0.0,14.061416230531673,30.0,0.0,0.0,15,0.0,0.0,25,0.0,0.0,20,2.272727272727226,0.0,N,,N,
05:39,MOREPENLAB,2259,75.81,-1.4,2.81,,61.2,49.0,NORMAL,N,0.0,14.046039797112737,30.0,0.0,0.0,15,0.0,0.0,25,0.0,0.0,20,6.153846153845901,0.0,N,,N,
05:39,LODHA,3220,1207.1,-0.4,0.81,,50.5,39.0,NORMAL,Y,0.0,4.042904290429118,12.128712871287354,0.0,0.0,15,0.0,0.0,25,0.0,0.0,20,13.333333333333332,0.0,N,,N,
05:39,PARADEEP,9741,151.2,-0.4,0.79,,65.8,44.7,NORMAL,N,0.0,3.9525691699606242,11.857707509881873,0.0,0.0,15,0.0,8.914000996650765,25,0.0,20,0.0,0.0,16.815286624203807,N,,N,
05:39,GPIL,13409,231.28,-0.39,0.78,,59.1,18.9,NORMAL,Y,0.0,3.8763028684641467,11.628908605392441,0.0,0.0,15,0.0,0.0,25,0.0,20,0.0,2.4999999999998224,0.0,N,,N,
05:39,RBLBANK,18391,388.25,-0.37,0.74,,36.2,38.7,NORMAL,N,0.0,3.7208108801642,11.1624326404926,0.0,0.0,15,0.0,0.0,25,0.0,0.0,20,0.0,0.0,N,,N,
05:39,NAUKRI,13751,1355.0,-0.37,0.74,,69.2,18.7,NORMAL,N,0.0,3.676470588235294,11.029411764705882,0.0,0.0,15,0.0,0.0,25,0.0,20,0.0,13.125000000000666,0.0,N,,N,
05:39,GODFRYPHLP,1181,2194.5,-1.37,2.73,,54.1,78.7,NORMAL,N,0.0,13.663535439795087,30.0,0.0,0.0,15,0.0,5.055323276563701,0.0,25,0.0,20,19.062499999999446,0.0,N,,N,
05:39,PIXTRANS,9087,1956.0,-1.36,2.72,,30.0,81.9,NORMAL,N,0.0,13.61573373676248,30.0,0.0,0.0,15,0.0,0.0,0.0,25,0.0,20,0.0,8.253968253968026,N,,N,
05:39,ABCAPITAL,21614,405.7,-0.36,0.71,,56.0,21.0,NORMAL,Y,0.0,3.561341029104725,10.684023087314175,0.0,0.0,15,0.0,0.31581362054752027,25,0.0,20,0.0,0.0,2.1052631578952408,N,,N,
05:39,IIFL,11809,617.05,-0.36,0.71,,35.7,52.6,NORMAL,N,0.0,3.5526846992330166,10.658054097699049,0.0,0.0,15,0.0,0.0,25,0.0,0.0,20,0.0,14.00000000000091,N,,N,
05:39,POONAWALLA,11403,485.55,-0.34,0.68,,57.0,18.4,NORMAL,N,0.0,3.3866995073891157,10.160098522167347,0.0,0.0,15,0.0,0.0,25,0.0,20,0.0,1.818181818182194,0.0,N,,N,
05:39,CESC,628,160.48,-0.33,0.66,,52.9,38.3,NORMAL,Y,0.0,3.2917210111173296,9.875163033351988,0.0,0.0,15,0.0,0.0,25,0.0,0.0,20,18.000000000000426,0.0,N,,N,
05:39,TATACAP,759265,366.0,-0.33,0.65,,48.9,38.3,NORMAL,N,0.0,3.2679738562091196,9.80392156862736,0.0,0.0,15,0.0,0.0,25,0.0,0.0,20,14.117647058823685,0.0,N,,N,
05:39,HDFCLIFE,467,534.25,-0.33,0.65,,12.0,63.3,NORMAL,Y,0.0,3.264925373134328,9.794776119402984,0.0,0.0,15,0.0,0.0,0.0,25,0.0,20,2.2222222222250294,0.0,N,,N,
05:39,CAMPUS,9362,218.11,-0.32,0.65,,54.7,29.0,NORMAL,Y,0.0,3.244675989397585,9.734027968192756,0.0,0.0,15,0.0,0.0,25,0.0,20,0.0,0.0,10.7692307692305,N,,N,
05:39,ICICIBANK,4963,1425.0,-0.32,0.64,,13.7,63.2,NORMAL,Y,0.0,3.2176832680469425,9.653049804140828,0.0,0.0,15,0.0,0.0,0.0,25,0.0,20,3.999999999996362,0.0,N,,N,
05:39,OBEROIRLTY,20242,1769.9,-1.32,2.64,,55.0,56.6,NORMAL,Y,0.0,13.213648528099812,30.0,0.0,0.0,15,0.0,0.0,25,0.0,0.0,20,0.0,8.387096774193502,N,,N,
05:39,VINATIORGA,17364,1311.1,-0.32,0.64,,34.7,54.6,NORMAL,Y,0.0,3.193187865886144,9.579563597658431,0.0,0.0,15,0.0,0.1370140193773081,25,0.0,0.0,20,0.0,16.22641509433959,N,,N,
05:39,DIAMONDYD,21840,1203.7,-0.31,0.63,,34.4,38.1,NORMAL,N,0.0,3.1469979296065875,9.440993788819762,0.0,0.0,15,0.0,0.0,25,0.0,0.0,20,0.0,0.0,N,,N,
05:39,GRINFRA,5054,877.45,-0.31,0.61,,34.2,47.1,NORMAL,Y,0.0,3.0676589217746204,9.20297676532386,0.0,0.0,15,0.0,0.0,25,0.0,0.0,20,0.0,8.999999999999773,N,,N,
05:39,JSWSTEEL,11723,1279.5,-0.3,0.61,,9.9,72.6,NORMAL,N,0.0,3.038803179055704,9.116409537167112,0.0,0.0,15,0.0,0.804804119631658,0.0,25,0.0,20,0.0,8.74999999999698,N,,N,
05:39,CHAMBLFERT,637,443.0,-0.3,0.61,,34.1,38.0,NORMAL,Y,0.0,3.0381456059413137,9.114436817823941,0.0,0.0,15,0.0,0.0,25,0.0,0.0,20,0.0,0.0,N,,N,
05:39,JSL,11236,722.9,-0.3,0.61,,54.1,21.4,NORMAL,Y,0.0,3.034064266997718,9.102192800993155,0.0,0.0,15,0.0,0.0,25,0.0,20,0.0,0.0,3.333333333333965,N,,N,
05:39,TATACOMM,3721,1723.4,-1.3,2.6,,30.0,75.9,NORMAL,Y,0.0,13.000400893419517,30.0,0.0,0.0,15,0.0,0.0,0.0,25,0.0,20,0.0,2.8571428571419286,N,,N,
05:39,ADANIENT,25,2960.0,-1.19,2.37,,55.0,54.9,NORMAL,Y,0.0,11.851109998330829,30.0,0.0,0.0,15,0.0,0.0,25,0.0,0.0,20,0.0,8.0,N,,N,
05:39,PHOENIXLTD,14552,1889.0,-1.03,2.06,,75.0,41.1,NORMAL,Y,0.0,10.321160999633282,30.0,0.0,0.0,15,0.0,0.0,25,0.0,20,0.0,0.0,15.75757575757557,N,,N,
05:39,MUTHOOTFIN,23650,2886.0,-1.03,2.05,,59.7,45.3,NORMAL,Y,0.0,10.254123941150278,30.0,0.0,0.0,15,0.0,0.0,25,0.0,0.0,20,4.73684210526341,0.0,N,,N,
05:39,LUPIN,10440,2256.2,-1.0,1.99,,67.8,45.0,NORMAL,Y,0.0,9.960946070472717,29.882838211418147,0.0,0.0,15,0.0,0.0,25,0.0,0.0,20,12.941176470589495,0.0,N,,N,
05:39,NTPCGREEN,27176,92.09,-0.99,1.98,,61.3,44.9,NORMAL,Y,0.0,9.891409525857451,29.674228577572357,0.0,0.0,15,0.0,0.0,25,0.0,0.0,20,6.666666666665088,0.0,N,,N,
05:39,NHPC,17400,76.2,-0.97,1.95,,67.5,46.9,NORMAL,Y,0.0,9.746588693957115,29.239766081871345,0.0,0.0,15,0.0,2.162548468845469,25,0.0,0.0,20,11.11111111111497,0.0,N,,N,
05:39,HDFCAMC,4244,2490.9,-0.96,1.92,,53.7,53.5,NORMAL,Y,0.0,9.58250497017889,28.747514910536673,0.0,0.0,15,0.0,0.0,25,0.0,0.0,20,0.0,8.88888888888985,N,,N,
05:39,CHOLAFIN,685,1896.9,-0.91,1.83,,65.3,44.1,NORMAL,N,0.0,9.141245298788133,27.423735896364395,0.0,0.0,15,0.0,0.0,25,0.0,0.0,20,12.85714285714274,0.0,N,,N,
05:39,MANKIND,15380,2403.0,-0.91,1.81,,53.3,44.1,NORMAL,Y,0.0,9.072164948453608,27.216494845360824,0.0,0.0,15,0.0,0.0,25,0.0,0.0,20,1.0526315789480403,0.0,N,,N,
05:39,INDIAMART,10726,1769.5,-0.83,1.66,,49.9,55.4,NORMAL,Y,0.0,8.294569298884692,24.883707896654073,0.0,0.0,15,0.0,0.0,25,0.0,0.0,20,0.0,12.142857142857666,N,,N,
05:39,KIRLOSENG,20936,2085.0,-0.79,1.57,,48.6,61.8,NORMAL,Y,0.0,7.851534618129907,23.554603854389722,0.0,0.0,15,0.0,0.0,25,0.0,0.0,20,0.0,18.94039735099313,N,,N,
05:39,KIRLOSBROS,18581,1942.0,-0.71,1.42,,46.3,54.8,NORMAL,N,0.0,7.106702796666542,21.320108389999625,0.0,0.0,15,0.0,0.0,25,0.0,0.0,20,0.0,12.727272727273728,N,,N,
05:39,TECHM,13538,1631.6,-0.69,1.39,,36.6,80.0,NORMAL,N,0.0,6.938527084601394,20.815581253804183,0.0,0.0,15,0.0,13.081129380803391,0.0,25,0.0,20,2.711864406779465,0.0,N,,N,
05:39,AFFLE,11343,1667.0,-0.61,1.23,,43.4,51.6,NORMAL,N,0.0,6.140821558457017,18.42246467537105,0.0,0.0,15,0.0,0.0,25,0.0,0.0,20,0.0,10.476190476190064,N,,N,
05:39,BAJAJFINSV,16675,2019.6,-0.61,1.22,,74.6,21.1,NORMAL,N,0.0,6.102362204724454,18.30708661417336,0.0,0.0,15,0.0,0.0,25,0.0,20,0.0,11.250000000001776,0.0,N,,N,
05:39,ZEEL,3812,91.03,-0.58,1.16,,55.3,40.8,NORMAL,Y,0.0,5.78855395369158,17.36566186107474,0.0,0.0,15,0.0,0.0,25,0.0,0.0,20,12.94117647058971,0.0,N,,N,
05:39,GEOJITFSL,11896,76.4,-0.49,0.99,,39.8,44.8,NORMAL,Y,0.0,4.949205522271366,14.847616566814098,0.0,0.0,15,0.0,0.0,25,0.0,0.0,20,0.0,4.8275862068969575,N,,N,
05:39,BAJAJHFL,25270,84.76,-0.49,0.99,,45.2,39.9,NORMAL,Y,0.0,4.930734914299151,14.792204742897454,0.0,0.0,15,0.0,0.0,25,0.0,0.0,20,5.4545454545456895,0.0,N,,N,
05:39,ASIANPAINT,236,2722.4,-0.48,0.96,,39.4,48.1,NORMAL,Y,0.0,4.788886857978398,14.366660573935196,0.0,0.0,15,0.0,0.0,25,0.0,0.0,20,0.0,8.333333333333018,N,,N,
05:39,INOXWIND,7852,74.05,-0.47,0.94,,39.1,52.2,NORMAL,Y,0.0,4.704301075268932,14.112903225806795,0.0,0.0,15,0.0,0.0,25,0.0,0.0,20,0.0,12.499999999999556,N,,N,
05:39,VISAKAIND,4221,99.75,-0.46,0.92,,38.8,46.7,NORMAL,N,0.0,4.590360243488612,13.771080730465837,0.0,0.0,15,0.0,0.0,25,0.0,0.0,20,0.0,7.083333333333346,N,,N,
05:39,DALBHARAT,8075,1827.2,-0.46,0.92,,38.7,46.2,NORMAL,N,0.0,4.576160383525749,13.728481150577245,0.0,0.0,15,0.0,0.0,25,0.0,0.0,20,0.0,6.666666666665543,N,,N,
05:39,COLPAL,15141,1999.1,-0.44,0.89,,48.6,39.4,NORMAL,Y,0.0,4.432270916334707,13.296812749004118,0.0,0.0,15,0.0,0.0,25,0.0,0.0,20,10.285714285714025,0.0,N,,N,
05:39,HINDUNILVR,1394,2055.8,-0.44,0.88,,49.1,39.4,NORMAL,Y,0.0,4.406993074725124,13.220979224175371,0.0,0.0,15,0.0,0.0,25,0.0,0.0,20,10.857142857140778,0.0,N,,N,
05:39,LGEINDIA,760213,1560.0,-0.41,0.83,,57.4,19.1,NORMAL,N,0.0,4.149377593360996,12.448132780082988,0.0,0.0,15,0.0,0.0,25,0.0,20,0.0,0.0,0.0,N,,N,
05:39,SBILIFE,21808,1830.0,-0.41,0.83,,57.4,19.6,NORMAL,Y,0.0,4.13582934262076,12.407488027862282,0.0,0.0,15,0.0,0.0,25,0.0,20,0.0,0.0,0.42553191489322584,N,,N,
05:39,BHARTIARTL,10604,1907.7,-0.39,0.78,,64.1,24.8,NORMAL,Y,0.0,3.9160401002506258,11.748120300751879,0.0,0.0,15,0.0,5.874036027006123,25,0.0,20,0.0,1.4814814814817934,0.0,N,,N,
05:39,SRF,3273,2560.1,-0.39,0.77,,36.6,50.4,NORMAL,Y,0.0,3.8521400778210473,11.55642023346314,0.0,0.0,15,0.0,0.0,25,0.0,0.0,20,0.0,11.538461538461942,N,,N,
05:39,WABAG,20188,1943.8,-0.32,0.65,,72.7,68.2,NORMAL,Y,0.0,3.2306035587918336,9.6918106763755,0.0,0.0,15,0.0,25.0,0.0,25,20,0.0,18.04878048780498,0.0,N,,N,
05:39,ICICIAMC,760407,3044.9,-0.3,0.61,,54.1,19.1,NORMAL,Y,0.0,3.044987230698621,9.134961692095862,0.0,0.0,15,0.0,0.0,25,0.0,20,0.0,0.0,1.0526315789464447,N,,N,
05:39,RELAXO,24225,433.8,2.88,5.76,,121.7,0.0,NORMAL,Y,28.81536819637148,0.0,30.0,0.0,15,0.0,0.0,0.0,25,0.0,20,0.0,2.857142857142393,0.0,N,,N,
05:39,BATAINDIA,371,718.5,2.66,5.33,,96.6,28.5,NORMAL,Y,26.64856755018929,0.0,30.0,0.0,15,0.0,0.0,0.0,25,0.0,0.0,20,0.0,8.533333333333456,N,,N,
05:39,MARKSANS,10579,286.2,2.6,5.2,,131.4,0.4,NORMAL,Y,25.990320846029757,0.0,30.0,0.0,15,0.0,0.0,0.39380309686369375,25,0.0,20,0.0,15.00000000000237,0.0,N,,N,
05:39,BORORENEW,3149,572.45,1.77,3.54,,87.7,39.4,NORMAL,Y,17.688888888888968,0.0,30.0,0.0,15,0.0,0.0,0.0,25,0.0,0.0,20,0.0,19.393939393939938,N,,N,
05:39,PNBHOUSING,18908,1161.7,1.72,3.43,,118.2,8.0,NORMAL,Y,17.161369407232414,0.0,30.0,0.0,15,0.0,0.0,7.994540142622297,25,0.0,20,0.0,3.000000000000682,0.0,N,,N,
05:52,TDPOWERSYS,25178,1467.3,15.03,30.06,,136.1,0.0,NORMAL,Y,30.0,0.0,30.0,0.0,15,0.0,0.0,0.0,25,0.0,20,0.0,16.137931034482506,0.0,N,,N,
05:52,NARMADA,6364,417.9,7.71,15.41,,140.0,0.0,NORMAL,Y,30.0,0.0,30.0,0.0,15,0.0,0.0,0.0,25,0.0,20,0.0,20.0,0.0,N,,N,
05:52,PRICOLLTD,19631,776.6,5.35,10.7,,127.5,1.4,NORMAL,Y,30.0,0.0,30.0,0.0,15,0.0,0.0,1.3570704278160723,25,0.0,20,0.0,6.122448979591724,0.0,N,,N,
05:52,YATRA,18760,119.37,4.43,8.85,,121.5,5.2,NORMAL,Y,30.0,0.0,30.0,0.0,15,0.0,0.0,1.479397025384672,25,0.0,20,0.0,0.0,3.750000000000111,N,,N,
05:52,TVSSCS,18151,131.35,4.16,8.31,,108.8,30.2,NORMAL,N,30.0,0.0,30.0,0.0,15,0.0,0.0,8.827329827720442,25,0.0,0.0,20,0.0,1.3333333333328787,N,,N,
05:52,VLSFINANCE,3715,271.0,3.75,7.5,,120.0,20.0,NORMAL,Y,30.0,0.0,30.0,0.0,15,0.0,0.0,0.0,25,0.0,0.0,20,20.0,0.0,N,,N,
05:52,PNB,10666,118.29,3.74,7.47,,126.7,0.0,NORMAL,Y,30.0,0.0,30.0,0.0,15,0.0,0.0,0.0,25,0.0,20,0.0,6.666666666667017,0.0,N,,N,
05:52,YUKEN,5501,835.2,3.73,7.45,,100.0,20.0,NORMAL,Y,30.0,0.0,30.0,0.0,15,0.0,0.0,0.0,25,0.0,0.0,20,0.0,0.0,N,,N,
05:52,SHIVALIK,7026,266.0,3.56,7.12,,141.1,1.1,NORMAL,Y,30.0,0.0,30.0,0.0,15,0.0,0.0,1.1021456595518526,25,0.0,20,0.0,20.0,0.0,N,,N,
05:52,BERGEPAINT,404,551.4,3.08,6.15,,122.8,5.4,NORMAL,Y,30.0,0.0,30.0,0.0,15,0.0,0.0,2.7744713396806655,25,0.0,20,0.0,0.0,2.6315789473684523,N,,N,
05:52,RELAXO,24225,434.1,2.95,5.91,,128.9,0.0,NORMAL,Y,29.526858769121418,0.0,30.0,0.0,15,0.0,0.0,0.0,25,0.0,20,0.0,9.333333333333181,0.0,N,,N,
05:52,HGINFRA,1672,563.5,2.87,5.73,,98.7,22.2,NORMAL,Y,28.660094925155253,0.0,30.0,0.0,15,0.0,0.0,0.0,25,0.0,0.0,20,0.0,2.222222222222503,N,,N,
05:52,BATAINDIA,371,718.35,2.64,5.29,,96.4,32.3,NORMAL,Y,26.434235907694507,0.0,30.0,0.0,15,0.0,0.0,0.0,25,0.0,0.0,20,0.0,12.30769230769204,N,,N,
05:52,MARKSANS,10579,286.3,2.63,5.27,,116.3,4.3,NORMAL,Y,26.34880803011301,0.0,30.0,0.0,15,0.0,0.0,0.0,25,0.0,20,0.0,0.0,4.285714285713706,N,,N,
05:52,VGUARD,15362,332.75,2.61,5.21,,145.1,10.0,NORMAL,Y,26.05612087573231,0.0,30.0,0.0,15,0.0,0.0,10.012906029138609,25,0.0,20,0.0,18.999999999999773,0.0,N,,N,
05:52,HINDALCO,1363,1075.0,2.47,4.94,,70.5,45.0,NORMAL,Y,24.687827661805446,0.0,30.0,0.0,15,0.0,0.0,0.0,0.0,25,0.0,20,0.7692307692300965,0.0,N,,N,
05:52,UNIONBANK,10753,186.9,2.41,4.82,,124.1,0.0,NORMAL,Y,24.109589041095926,0.0,30.0,0.0,15,0.0,0.0,0.0,25,0.0,20,0.0,9.999999999998986,0.0,N,,N,
05:52,MOIL,20830,285.7,2.24,4.47,,112.7,15.3,NORMAL,Y,22.365360529611735,0.0,30.0,0.0,15,0.0,0.0,0.28856393604719577,25,0.0,20,0.0,0.0,15.000000000001421,N,,N,
05:52,INDIANB,14309,893.7,2.07,4.13,,121.3,0.0,NORMAL,Y,20.671539515760646,0.0,30.0,0.0,15,0.0,0.0,0.0,25,0.0,20,0.0,10.66666666666606,0.0,N,,N,
05:52,TNPL,3980,157.15,2.03,4.06,,95.7,41.3,NORMAL,Y,20.322036099207867,0.0,30.0,0.0,15,0.0,0.0,5.408777432993744,25,0.0,0.0,20,0.0,15.853658536585405,N,,N,
05:52,MAHABANK,11377,81.62,3.38,6.76,,120.0,0.0,NORMAL,Y,30.0,0.0,30.0,0.0,15,0.0,0.0,0.0,25,0.0,20,0.0,0.0,0.0,N,,N,
05:52,BORORENEW,3149,573.15,1.89,3.79,,102.8,20.0,NORMAL,N,18.93333333333329,0.0,30.0,0.0,15,0.0,0.0,0.0,25,0.0,0.0,20,13.846153846153982,0.0,N,,N,
05:52,HALDER,760715,269.83,1.81,3.61,,63.1,45.0,NORMAL,Y,18.07274373679431,0.0,30.0,0.0,15,0.0,0.0,0.0,0.0,25,0.0,20,0.0,0.0,N,,N,
05:52,SANDHAR,2397,631.5,1.54,3.07,,104.1,20.0,NORMAL,N,15.354932068494177,0.0,30.0,0.0,15,0.0,0.0,0.0,25,0.0,0.0,20,18.750000000000178,0.0,N,,N,
05:53,BANKBARODA,4668,249.81,1.47,2.93,,84.7,21.2,NORMAL,Y,14.66287571080428,0.0,30.0,0.0,15,0.0,0.0,0.0,25,0.0,0.0,20,0.0,1.212121212120168,N,,N,
05:53,MSTCLTD,9356,579.3,1.45,2.91,,84.5,40.0,NORMAL,N,14.535901926444755,0.0,30.0,0.0,15,0.0,0.0,0.0,25,0.0,0.0,20,0.0,20.0,N,,N,
05:53,JMFINANCIL,13637,127.95,1.41,2.82,,95.7,20.2,NORMAL,Y,14.107949591820567,0.0,30.0,0.0,15,0.0,0.0,0.20232806171740264,25,0.0,0.0,20,11.428571428570269,0.0,N,,N,
05:53,JSWINFRA,19020,346.65,1.4,2.81,,115.7,2.9,NORMAL,Y,14.041246160596618,0.0,30.0,0.0,15,0.0,0.0,2.892116005676127,25,0.0,20,0.0,8.800000000000182,0.0,N,,N,
05:53,CONCOR,4749,519.1,1.39,2.77,,93.9,20.0,NORMAL,Y,13.867187500000044,0.0,30.0,0.0,15,0.0,0.0,0.0,25,0.0,0.0,20,10.000000000000949,0.0,N,,N,
05:53,BAJAJELEC,15034,365.3,1.37,2.75,,123.7,0.0,NORMAL,Y,13.736644928541663,0.0,30.0,0.0,15,0.0,0.0,0.0,25,0.0,20,0.0,20.0,0.0,N,,N,
05:53,BANKINDIA,4745,144.83,1.35,2.7,,104.1,2.1,NORMAL,Y,13.505948215535387,0.0,30.0,0.0,15,0.0,0.0,0.6046367263865736,25,0.0,20,0.0,0.0,1.5384615384623792,N,,N,
05:53,ZUARIIND,3827,261.65,1.3,2.59,,83.0,20.0,NORMAL,Y,12.969415408439666,0.0,30.0,0.0,15,0.0,0.0,0.0,25,0.0,0.0,20,0.0,0.0,N,,N,
05:53,PNBHOUSING,18908,1156.5,1.26,2.52,,117.8,6.9,NORMAL,Y,12.60835303388503,0.0,30.0,0.0,15,0.0,0.0,6.856370162034414,25,0.0,20,0.0,8.333333333333018,0.0,N,,N,
05:53,INDUSTOWER,29135,374.0,1.26,2.52,,82.6,20.0,NORMAL,N,12.58968458102065,0.0,30.0,0.0,15,0.0,0.0,0.0,25,0.0,0.0,20,0.0,0.0,N,,N,
05:53,MASFIN,199,303.8,1.23,2.47,,110.3,0.0,NORMAL,N,12.329223592135916,0.0,30.0,0.0,15,0.0,0.0,0.0,25,0.0,20,0.0,8.000000000000304,0.0,N,,N,
05:53,TRIVENI,13081,241.26,1.2,2.4,,118.8,0.0,NORMAL,N,11.99664429530195,0.0,30.0,0.0,15,0.0,0.0,0.0,25,0.0,20,0.0,16.774193548386386,0.0,N,,N,
05:53,SBIN,3045,1078.0,1.13,2.25,,82.4,21.1,NORMAL,Y,11.25703564727955,0.0,30.0,0.0,15,0.0,0.0,1.130006869011915,25,0.0,0.0,20,0.0,0.0,N,,N,
05:53,ZYDUSWELL,17635,511.4,1.05,2.09,,106.7,0.0,NORMAL,N,10.472238688006232,0.0,30.0,0.0,15,0.0,0.0,0.0,25,0.0,20,0.0,6.250000000000355,0.0,N,,N,
05:53,PVRINOX,13147,1172.3,1.04,2.09,,83.0,39.2,NORMAL,Y,10.429236338562237,0.0,30.0,0.0,15,0.0,0.0,2.5729863016065093,25,0.0,0.0,20,0.0,16.615384615384897,N,,N,
05:53,ABMKNO,762528,200.0,1.04,2.07,,100.4,0.0,NORMAL,Y,10.356150543066489,0.0,30.0,0.0,15,0.0,0.0,0.0,25,0.0,20,0.0,0.0,0.0,N,,N,
05:53,EXIDEIND,676,488.25,1.01,2.03,,80.1,20.8,NORMAL,Y,10.137581462708138,0.0,30.0,0.0,15,0.0,0.0,0.0,25,0.0,0.0,20,0.0,0.7692307692309375,N,,N,
05:53,JAINREC,759244,300.7,0.99,1.98,,95.2,20.0,NORMAL,N,9.90764063811919,0.0,29.722921914357567,0.0,15,0.0,0.0,0.0,25,0.0,0.0,20,15.555555555556959,0.0,N,,N,
05:53,CANBK,10794,131.56,0.97,1.93,,87.6,20.0,NORMAL,Y,9.669992325402845,0.0,29.009976976208534,0.0,15,0.0,0.0,0.0,25,0.0,0.0,20,8.888888888888362,0.0,N,,N,
05:53,SHARDAMOTR,10530,885.2,0.95,1.89,,77.9,20.0,NORMAL,N,9.465161363895621,0.0,28.39548409168686,0.0,15,0.0,0.0,0.0,25,0.0,0.0,20,0.0,0.0,N,,N,
05:53,PETRONET,11351,279.6,0.94,1.88,,82.5,20.0,NORMAL,Y,9.386281588447735,0.0,28.158844765343204,0.0,15,0.0,0.0,0.0,25,0.0,0.0,20,4.999999999995737,0.0,N,,N,
05:53,KARURVYSYA,1838,337.25,0.91,1.83,,96.5,0.0,NORMAL,Y,9.126271693596683,0.0,27.37881508079005,0.0,15,0.0,0.0,0.0,25,0.0,20,0.0,0.0,0.0,N,,N,
05:53,ASTRAL,14418,1437.3,0.87,1.74,,102.4,0.0,NORMAL,Y,8.70236507825101,0.0,26.107095234753025,0.0,15,0.0,0.0,0.0,25,0.0,20,0.0,7.5675675675672025,0.0,N,,Y,NONRESULTS
05:53,HSCL,14334,761.75,0.83,1.65,,93.1,10.0,NORMAL,Y,8.272667107875579,0.0,24.818001323626735,0.0,15,0.0,0.0,0.0,25,0.0,20,0.0,0.0,9.999999999998737,N,,N,
05:53,WINDMACHIN,24969,305.1,0.83,1.65,,93.0,20.0,NORMAL,Y,8.261731658955716,0.0,24.785194976867146,0.0,15,0.0,0.0,0.0,25,0.0,0.0,20,20.0,0.0,N,,N,
05:53,LICI,9480,409.35,0.83,1.65,,108.6,0.0,NORMAL,N,8.251231527093651,0.0,24.753694581280953,0.0,15,0.0,0.0,0.0,25,0.0,20,0.0,15.555555555555696,0.0,N,,N,
05:53,HINDZINC,1424,591.45,0.82,1.64,,47.7,54.5,NORMAL,Y,8.182050626438368,0.0,24.5461518793151,0.0,15,0.0,0.0,0.0,0.0,25,0.0,20,0.0,9.473684210524427,N,,N,
05:53,SIS,21501,441.05,0.8,1.6,,95.0,23.0,NORMAL,Y,7.999085818763571,0.0,23.99725745629071,0.0,15,0.0,0.0,3.02179072088352,25,0.0,20,0.0,0.0,20.0,N,,N,
05:53,ZYDUSLIFE,7929,1200.5,0.8,1.6,,91.9,18.6,NORMAL,Y,7.976490344248531,0.0,23.92947103274559,0.0,15,0.0,0.0,0.0,25,0.0,20,0.0,0.0,18.571428571426715,N,,N,
05:53,WALCHANNAG,3736,234.64,0.79,1.58,,90.2,20.0,NORMAL,N,7.903780068728414,0.0,23.71134020618524,0.0,15,0.0,0.0,0.0,25,0.0,0.0,20,18.588235294117585,0.0,N,,N,
05:53,MEESHO,760229,191.91,0.79,1.58,,71.5,34.1,NORMAL,Y,7.877737513786041,0.0,23.633212541358123,0.0,15,0.0,0.0,0.0,25,0.0,0.0,20,0.0,14.117647058825103,N,,N,
05:53,SAIL,2963,174.35,0.78,1.56,,95.5,3.4,NORMAL,Y,7.803468208092453,0.0,23.41040462427736,0.0,15,0.0,0.0,3.401826355852971,25,0.0,20,0.0,0.9090909090900869,0.0,N,,N,
05:53,USHAMART,8840,513.65,0.74,1.47,,96.9,0.8,NORMAL,Y,7.354383212394587,0.0,22.063149637183763,0.0,15,0.0,0.0,0.7756080206552028,25,0.0,20,0.0,6.666666666665825,0.0,N,,N,
05:53,TIMETECHNO,14707,208.8,0.73,1.47,,103.0,0.0,NORMAL,Y,7.333076032419965,0.0,21.99922809725989,0.0,15,0.0,0.0,0.0,25,0.0,20,0.0,13.714285714286456,0.0,N,,N,
05:53,GROWW,759806,194.9,0.72,1.45,,77.8,20.0,NORMAL,N,7.235142118863078,0.0,21.705426356589236,0.0,15,0.0,0.0,0.0,25,0.0,0.0,20,8.823529411764952,0.0,N,,N,
05:53,TMCV,759782,453.3,0.72,1.44,,68.9,20.0,NORMAL,Y,7.221419842239751,0.0,21.664259526719253,0.0,15,0.0,0.0,0.0,25,0.0,0.0,20,0.0,0.0,N,,N,
05:53,BHEL,438,405.6,0.65,1.29,,75.8,20.0,NORMAL,N,6.451612903225863,0.0,19.354838709677587,0.0,15,0.0,0.0,0.0,25,0.0,0.0,20,10.0,0.0,N,,N,
05:53,SYNGENE,10243,409.85,0.64,1.28,,85.5,3.3,NORMAL,Y,6.384284837323567,0.0,19.152854511970702,0.0,15,0.0,0.0,0.0,25,0.0,20,0.0,0.0,3.333333333333965,N,,N,
05:53,JINDALSTEL,6733,1101.9,0.63,1.26,,85.2,16.7,NORMAL,Y,6.3013698630137815,0.0,18.904109589041344,0.0,15,0.0,0.0,0.0,25,0.0,20,0.0,0.0,16.666666666666035,N,,N,
05:53,RATNAMANI,13451,2290.0,1.55,3.1,,105.5,0.6,NORMAL,N,15.521064301552109,0.0,30.0,0.0,15,0.0,0.0,0.0,25,0.0,20,0.0,0.0,0.6451612903220127,N,,N,
05:53,ELGIEQUIP,937,577.0,0.55,1.1,,82.2,20.3,NORMAL,N,5.489239348261701,0.0,16.4677180447851,0.0,15,0.0,0.0,0.27331117550654416,25,0.0,0.0,20,20.0,0.0,N,,N,
05:53,TIPSMUSIC,9117,672.75,0.55,1.09,,89.3,0.0,NORMAL,N,5.455088925422174,0.0,16.365266776266523,0.0,15,0.0,0.0,0.0,25,0.0,20,0.0,7.4999999999992895,0.0,N,,N,
05:53,BIOCON,11373,428.15,0.5,1.01,,80.2,11.4,NORMAL,Y,5.046948356807458,0.0,15.140845070422374,0.0,15,0.0,0.0,0.0,25,0.0,20,0.0,0.0,11.428571428570036,N,,N,
05:53,SCI,3048,295.4,0.49,0.99,,41.4,45.0,NORMAL,Y,4.932811702670484,0.0,14.798435108011452,0.0,15,0.0,0.0,0.0,0.0,25,0.0,20,6.666666666666035,0.0,N,,N,
05:53,AEGISLOG,40,1304.0,0.49,0.99,,65.2,20.0,NORMAL,N,4.932182490752228,0.0,14.796547472256684,0.0,15,0.0,0.0,0.0,25,0.0,0.0,20,5.4545454545457055,0.0,N,,N,
05:53,UFLEX,1053,499.5,0.49,0.99,,79.7,20.0,NORMAL,Y,4.9290815813298225,0.0,14.787244743989469,0.0,15,0.0,0.0,0.0,25,0.0,0.0,20,20.0,0.0,N,,N,
05:53,NAM-INDIA,357,1177.0,0.49,0.97,,81.9,0.0,NORMAL,N,4.866387774267946,0.0,14.59916332280384,0.0,15,0.0,0.0,0.03520734449309813,25,0.0,20,0.0,2.4242424242416307,0.0,N,,N,
05:53,LTFOODS,13816,421.3,0.48,0.95,,81.4,0.0,NORMAL,Y,4.769854519437157,0.0,14.30956355831147,0.0,15,0.0,0.0,0.0,25,0.0,20,0.0,2.3529411764712176,0.0,N,,N,
05:53,INDUSINDBK,5258,1013.7,0.48,0.95,,97.9,0.3,NORMAL,N,4.757656853999474,0.0,14.27297056199842,0.0,15,0.0,0.0,0.3085566338265384,25,0.0,20,0.0,18.571428571428225,0.0,N,,N,
05:53,MCX,31181,2936.4,1.43,2.86,,104.3,17.3,NORMAL,Y,14.300518134715057,0.0,30.0,0.0,15,0.0,0.0,0.0,25,0.0,20,0.0,0.0,17.26315789473646,N,,N,
05:53,SOUTHWEST,9678,229.21,0.43,0.86,,77.2,20.0,NORMAL,N,4.2939140340885,0.0,12.881742102265498,0.0,15,0.0,0.0,0.0,25,0.0,0.0,20,20.0,0.0,N,,N,
05:53,KAJARIACER,1808,1230.8,0.42,0.85,,101.5,4.5,NORMAL,Y,4.242819843342074,0.0,12.728459530026223,0.0,15,0.0,0.0,4.530769978256257,25,0.0,20,0.0,20.0,0.0,N,,N,
05:53,SONACOMS,4684,803.35,0.42,0.84,,85.7,0.0,NORMAL,Y,4.1875000000000275,0.0,12.562500000000083,0.0,15,0.0,0.0,0.0,25,0.0,20,0.0,8.979591836734713,0.0,N,,N,
05:53,UPL,11287,570.35,0.41,0.83,,31.5,53.6,NORMAL,N,4.137323943662013,0.0,12.411971830986037,0.0,15,0.0,0.0,0.0,0.0,25,0.0,20,0.0,8.571428571426715,N,,N,
05:53,AUBANK,21238,1075.1,0.39,0.78,,83.5,0.0,NORMAL,Y,3.921934821178277,0.0,11.765804463534831,0.0,15,0.0,0.0,0.0,25,0.0,20,0.0,7.7777777777759525,0.0,N,,N,
05:53,CHEMPLASTS,5449,172.35,0.39,0.78,,50.6,45.0,NORMAL,N,3.902609506057709,0.0,11.707828518173127,0.0,15,0.0,0.0,0.0,0.0,25,0.0,20,20.0,0.0,N,,N,
05:53,MFSL,2142,1519.7,1.38,2.76,,117.0,0.5,NORMAL,N,13.809206137424981,0.0,30.0,0.0,15,0.0,0.0,0.4962133011387918,25,0.0,20,0.0,12.727272727273292,0.0,N,,N,
05:53,NIACL,399,180.05,0.38,0.76,,31.8,45.0,NORMAL,Y,3.7910464403189317,0.0,11.373139320956794,0.0,15,0.0,0.0,0.0,0.0,25,0.0,20,1.6666666666676535,0.0,N,,N,
05:53,JKPAPER,11860,392.0,0.35,0.69,,81.2,0.7,NORMAL,Y,3.455778830154929,0.0,10.367336490464785,0.0,15,0.0,0.0,0.7073626566466112,25,0.0,20,0.0,6.666666666666666,0.0,N,,N,
05:53,TIINDIA,312,2817.0,1.33,2.66,,110.8,0.0,NORMAL,Y,13.30935251798561,0.0,30.0,0.0,15,0.0,0.0,0.0,25,0.0,20,0.0,7.5,0.0,N,,N,
05:53,CASTROLIND,1250,187.41,0.32,0.63,,92.0,0.0,NORMAL,Y,3.1581201156193313,0.0,9.474360346857994,0.0,15,0.0,0.0,0.0,25,0.0,20,0.0,19.393939393938247,0.0,N,,N,
05:53,VARROC,3857,844.8,0.31,0.63,,64.1,20.0,NORMAL,Y,3.146707831146443,0.0,9.440123493439328,0.0,15,0.0,0.0,0.0,25,0.0,0.0,20,11.515151515150848,0.0,N,,N,
05:53,PENIND,20621,159.79,0.3,0.6,,52.1,20.0,NORMAL,N,3.012993534617976,0.0,9.038980603853927,0.0,15,0.0,0.0,0.0,25,0.0,0.0,20,0.0,0.0,N,,N,
05:53,ENDURANCE,18822,3005.0,1.21,2.43,,82.4,40.3,NORMAL,Y,12.12529471202425,0.0,30.0,0.0,15,0.0,0.0,0.3214119776101611,25,0.0,0.0,20,0.0,20.0,N,,N,
05:53,BEML,395,1922.8,1.08,2.16,,82.2,20.0,NORMAL,Y,10.77642853388004,0.0,30.0,0.0,15,0.0,0.0,0.0,25,0.0,0.0,20,1.4285714285732847,0.0,N,,N,
05:53,HYUNDAI,25844,2220.9,0.95,1.9,,108.0,0.0,NORMAL,Y,9.50000000000004,0.0,28.500000000000124,0.0,15,0.0,0.0,0.0,25,0.0,20,0.0,10.0,0.0,N,,N,
05:53,TPLPLASTEH,9219,76.57,0.9,1.79,,50.8,45.0,NORMAL,N,8.960337330346457,0.0,26.881011991039372,0.0,15,0.0,0.0,0.0,0.0,25,0.0,20,0.0,0.0,N,,N,
05:53,NESTLEIND,17963,1506.3,0.88,1.75,,101.1,0.0,NORMAL,Y,8.773104741494716,0.0,26.319314224484145,0.0,15,0.0,0.0,0.0,25,0.0,20,0.0,5.9999999999990905,0.0,N,,N,
05:53,WELCORP,11821,1853.0,0.88,1.75,,75.1,30.0,NORMAL,Y,8.764766726550116,0.0,26.294300179650346,0.0,15,0.0,0.0,0.0,25,0.0,0.0,20,0.0,10.0,N,,N,
05:53,NITTAGELA,762824,1626.0,0.87,1.75,,95.0,20.0,NORMAL,N,8.747440908244872,0.0,26.242322724734617,0.0,15,0.0,0.0,0.0,25,0.0,0.0,20,20.0,0.0,N,,N,
05:53,BHARATFORG,422,2065.7,0.72,1.43,,104.6,8.4,NORMAL,N,7.167235494880457,0.0,21.50170648464137,0.0,15,0.0,0.0,8.447487472391332,25,0.0,20,0.0,7.4666666666659385,0.0,N,,N,
05:53,ESCORTS,958,3104.0,0.71,1.42,,58.9,49.9,NORMAL,Y,7.105544920671001,0.0,21.316634762013003,0.0,15,0.0,0.0,4.930058694263281,0.0,25,0.0,20,10.500000000001819,0.0,N,,N,
05:53,PNBGILTS,8736,80.68,0.69,1.37,,67.5,37.6,NORMAL,N,6.863846249844147,0.0,20.59153874953244,0.0,15,0.0,0.0,0.0,25,0.0,0.0,20,0.0,17.647058823528234,N,,N,
05:53,RUBICON,759316,1665.0,0.6,1.2,,84.2,18.9,NORMAL,Y,5.981511691136542,0.0,17.944535073409625,0.0,15,0.0,0.0,0.2997047953932868,25,0.0,20,0.0,0.0,18.591549295774673,N,,N,
05:53,GLAXO,1153,2616.0,0.54,1.08,,85.7,4.8,NORMAL,Y,5.419116799262042,0.0,16.257350397786126,0.0,15,0.0,0.0,4.018827685110935,25,0.0,20,0.0,0.0,0.8163265306114873,N,,N,
05:53,IDFCFIRSTB,11184,84.67,0.47,0.95,,93.7,0.0,NORMAL,Y,4.7466476800760145,0.0,14.239943040228043,0.0,15,0.0,0.0,0.0,25,0.0,20,0.0,14.736842105261898,0.0,N,,N,
05:53,IPCALAB,1633,1756.5,0.46,0.93,,78.5,20.0,NORMAL,N,4.632807137954649,0.0,13.898421413863948,0.0,15,0.0,0.0,0.0,25,0.0,0.0,20,20.0,0.0,N,,N,
05:53,CREDITACC,4421,1547.2,0.45,0.9,,57.9,30.3,NORMAL,Y,4.479646822047712,0.0,13.438940466143137,0.0,15,0.0,0.0,0.0,25,0.0,0.0,20,0.0,10.344827586207384,N,,N,
05:53,PAYTM,6705,1600.2,0.41,0.82,,56.3,30.0,NORMAL,Y,4.078559327351446,0.0,12.235677982054337,0.0,15,0.0,0.0,0.0,25,0.0,0.0,20,0.0,10.0,N,,N,
05:53,ZODIACLOTH,3821,77.56,0.4,0.8,,51.1,25.0,NORMAL,Y,4.0129449838188,0.0,12.0388349514564,0.0,15,0.0,0.0,0.0,0.0,25,20,0.0,0.0,0.0,N,,N,
05:53,BALKRISIND,335,2507.8,0.36,0.71,,94.2,0.0,NORMAL,Y,3.5615670895194245,0.0,10.684701268558273,0.0,15,0.0,0.0,0.0,25,0.0,20,0.0,20.0,0.0,N,,N,
05:53,MASTEK,2124,1818.5,0.33,0.65,,88.3,0.0,NORMAL,Y,3.2549928279819547,0.0,9.764978483945864,0.0,15,0.0,0.0,0.0,25,0.0,20,0.0,15.294117647058902,0.0,N,,N,
05:53,GODREJCP,10099,917.0,-10.54,21.07,,34.4,90.0,NORMAL,Y,0.0,30.0,30.0,0.0,0.0,15,0.0,0.0,0.0,25,0.0,20,4.444444444444304,0.0,N,,N,
05:53,JUBLPHARMA,3637,902.9,-6.44,12.87,,72.8,65.0,NORMAL,Y,0.0,30.0,30.0,0.0,0.0,15,0.0,0.0,25,0.0,0.0,20,17.837837837837373,0.0,N,,N,
05:53,RHIM,31163,390.75,-5.97,11.94,,70.4,65.0,NORMAL,Y,0.0,30.0,30.0,0.0,0.0,15,0.0,0.0,25,0.0,0.0,20,15.384615384615385,0.0,N,,N,
05:53,TECHNOE,6445,997.0,-5.77,11.54,,87.9,45.0,NORMAL,Y,0.0,30.0,30.0,0.0,0.0,15,0.0,0.0,25,0.0,20,0.0,12.85714285714274,0.0,N,,N,
05:53,MATRIMONY,21726,509.75,-5.09,10.18,,30.0,92.9,NORMAL,N,0.0,30.0,30.0,0.0,0.0,15,0.0,0.0,0.0,25,0.0,20,0.0,2.8571428571428568,N,,N,
05:53,RAMCOSYS,7851,619.9,-5.0,9.99,,30.0,90.0,NORMAL,Y,0.0,30.0,30.0,0.0,0.0,15,0.0,0.0,0.0,25,0.0,20,0.0,0.0,N,,N,
05:53,FORTIS,14592,889.3,-4.91,9.82,,30.0,97.1,NORMAL,Y,0.0,30.0,30.0,0.0,0.0,15,0.0,0.0,0.0,25,0.0,20,0.0,7.096774193548009,N,,N,
05:53,BALRAMCHIN,341,597.15,-4.88,9.76,,55.0,83.2,NORMAL,Y,0.0,30.0,30.0,0.0,0.0,15,0.0,0.0,25,0.0,0.0,20,0.0,18.181818181819686,N,,N,
05:53,AIIL,23553,549.85,-4.12,8.23,,67.7,65.0,NORMAL,Y,0.0,30.0,30.0,0.0,0.0,15,0.0,0.0,25,0.0,0.0,20,12.727272727272855,0.0,N,,N,
05:53,MEDANTA,11956,1395.8,-3.1,6.19,,30.0,92.1,NORMAL,Y,0.0,30.0,30.0,0.0,0.0,15,0.0,0.0,0.0,25,0.0,20,0.0,2.142857142856853,N,,N,
05:53,SAPPHIRE,6718,228.75,-3.08,6.16,,55.0,70.1,NORMAL,N,0.0,30.0,30.0,0.0,0.0,15,0.0,0.0,25,0.0,0.0,20,0.0,5.106382978723611,N,,N,
05:53,UNICHEMLAB,3579,556.7,-2.98,5.96,,55.0,72.8,NORMAL,N,0.0,29.8013245033111,30.0,0.0,0.0,15,0.0,0.0,25,0.0,0.0,20,0.0,7.999999999998787,N,,N,
05:53,JYOTHYLAB,15146,197.98,-2.97,5.94,,61.7,64.7,NORMAL,Y,0.0,29.70005881199766,30.0,0.0,0.0,15,0.0,0.0,25,0.0,0.0,20,6.666666666667088,0.0,N,,N,
05:53,ADANIGREEN,3563,1325.8,-2.94,5.89,,55.0,80.9,NORMAL,Y,0.0,29.42898975109813,30.0,0.0,0.0,15,0.0,0.0,25,0.0,0.0,20,0.0,16.47058823529475,N,,N,
05:53,MAXHEALTH,22377,1009.5,-2.93,5.87,,63.4,64.3,NORMAL,Y,0.0,29.326923076923077,30.0,0.0,0.0,15,0.0,0.0,25,0.0,0.0,20,8.421052631578569,0.0,N,,N,
05:53,OMNI,760865,580.85,-2.91,5.82,,55.0,77.0,NORMAL,Y,0.0,29.084830756372714,30.0,0.0,0.0,15,0.0,0.0,25,0.0,0.0,20,0.0,12.941176470587685,N,,N,
05:53,REDINGTON,14255,344.55,-2.82,5.64,,56.0,83.6,NORMAL,N,0.0,28.204766605556337,30.0,0.0,0.0,15,0.0,0.9762003451498438,25,0.0,0.0,20,0.0,19.411764705882216,N,,N,
05:53,HISARMETAL,19322,151.0,-2.82,5.64,,55.0,63.2,NORMAL,Y,0.0,28.18895610760713,30.0,0.0,0.0,15,0.0,0.0,25,0.0,0.0,20,0.0,0.0,N,,N,
05:53,WINDLAS,5366,916.65,-2.8,5.61,,38.6,105.8,NORMAL,N,0.0,28.045806383204376,30.0,0.0,0.0,15,0.0,8.63429682857659,0.0,25,0.0,20,0.0,9.090909090908589,N,,N,
05:53,BRIGADE,15184,588.2,-2.79,5.59,,45.7,89.0,NORMAL,N,0.0,27.929267889604983,30.0,0.0,0.0,15,0.0,1.1092758085222143,0.0,25,0.0,20,14.545454545455296,0.0,N,,N,
05:53,GODREJIND,10925,1254.1,-2.77,5.54,,45.4,87.7,NORMAL,Y,0.0,27.67870987750042,30.0,0.0,0.0,15,0.0,0.0,0.0,25,0.0,20,15.384615384615026,0.0,N,,N,
05:53,TMPV,3456,338.3,-2.68,5.35,,66.4,111.8,NORMAL,Y,0.0,26.754890678941344,30.0,0.0,0.0,15,0.0,25.0,0.0,25,0.0,20,11.428571428571427,0.0,N,,N,
05:53,MRPL,2283,176.3,-2.67,5.34,,65.4,61.7,NORMAL,N,0.0,26.719664348017968,30.0,0.0,0.0,15,0.0,0.0,25,0.0,0.0,20,10.434782608696512,0.0,N,,N,
05:53,EPACKPEB,759251,240.7,-2.61,5.22,,72.5,61.1,NORMAL,Y,0.0,26.097511632611845,30.0,0.0,0.0,15,0.0,0.0,25,0.0,0.0,20,17.5000000000008,0.0,N,,N,
05:53,ASTERDM,1508,832.8,-2.59,5.17,,55.0,77.4,NORMAL,N,0.0,25.850976722423702,30.0,0.0,0.0,15,0.0,0.0,25,0.0,0.0,20,0.0,16.58536585365824,N,,N,
05:53,KNRCON,15283,133.35,-2.55,5.1,,59.6,60.5,NORMAL,N,0.0,25.504238526746633,30.0,0.0,0.0,15,0.0,0.0,25,0.0,0.0,20,4.615384615384952,0.0,N,,N,
05:53,INTELLECT,5926,705.85,-2.46,4.92,,43.0,85.6,NORMAL,Y,0.0,24.597526428522016,30.0,0.0,0.0,15,0.0,0.9859039656316722,0.0,25,0.0,20,11.999999999998181,0.0,N,,N,
05:53,GMRAIRPORT,13528,102.58,-2.41,4.81,,38.8,88.3,NORMAL,Y,0.0,24.070021881838084,30.0,0.0,0.0,15,0.0,4.217724226613342,0.0,25,0.0,20,4.571428571428548,0.0,N,,N,
05:53,SONATSOFTW,6596,325.9,-2.4,4.79,,38.8,85.0,NORMAL,N,0.0,23.95926924228811,30.0,0.0,0.0,15,0.0,1.072419672845469,0.0,25,0.0,20,7.692307692307288,0.0,N,,N,
05:53,PTC,11355,167.86,-2.38,4.76,,61.7,58.8,NORMAL,N,0.0,23.785984297760834,30.0,0.0,0.0,15,0.0,0.0,25,0.0,0.0,20,6.666666666666666,0.0,N,,N,
05:53,BECTORFOOD,1628,234.99,-2.34,4.68,,70.5,58.4,NORMAL,N,0.0,23.397888787299454,30.0,0.0,0.0,15,0.0,0.0,25,0.0,0.0,20,15.499999999999893,0.0,N,,N,
05:53,LUXIND,11301,1219.6,-2.34,4.68,,50.0,83.4,NORMAL,Y,0.0,23.38244714926333,30.0,0.0,0.0,15,0.0,0.0,0.0,25,0.0,20,20.0,0.0,N,,N,
05:53,RUPA,25724,155.07,-2.32,4.65,,33.6,83.2,NORMAL,Y,0.0,23.242630385487516,30.0,0.0,0.0,15,0.0,0.0,0.0,25,0.0,20,3.589743589743104,0.0,N,,N,
05:53,KPITTECH,9683,612.45,-2.32,4.64,,42.6,91.6,NORMAL,N,0.0,23.205741626794186,30.0,0.0,0.0,15,0.0,8.427328249195961,0.0,25,0.0,20,4.137931034482001,0.0,N,,N,
05:53,ROLEXRINGS,5279,173.22,-2.3,4.59,,61.8,58.0,NORMAL,N,0.0,22.956737548649066,30.0,0.0,0.0,15,0.0,0.0,25,0.0,0.0,20,6.800000000000637,0.0,N,,N,
05:53,VIPIND,3703,309.8,-2.24,4.48,,50.0,82.4,NORMAL,N,0.0,22.40454402019554,30.0,0.0,0.0,15,0.0,0.0,0.0,25,0.0,20,20.0,0.0,N,,N,
05:53,PATANJALI,17029,345.45,-2.14,4.28,,55.0,76.4,NORMAL,Y,0.0,21.38810198300287,30.0,0.0,0.0,15,0.0,0.0,25,0.0,0.0,20,0.0,20.0,N,,N,
05:53,TEJASNET,21131,522.3,-2.12,4.24,,56.4,56.2,NORMAL,Y,0.0,21.176911544228016,30.0,0.0,0.0,15,0.0,0.0,25,0.0,0.0,20,1.4285714285700366,0.0,N,,N,
05:53,ERIS,21154,1360.9,-2.11,4.23,,55.1,65.3,NORMAL,Y,0.0,21.146515140617037,30.0,0.0,0.0,15,0.0,0.1465926426125435,25,0.0,0.0,20,0.0,8.979591836735128,N,,N,
05:53,GREAVESCOT,1235,193.65,-2.09,4.18,,72.8,55.9,NORMAL,Y,0.0,20.88178784508037,30.0,0.0,0.0,15,0.0,0.0,25,0.0,0.0,20,17.83783783783676,0.0,N,,N,
05:53,PSPPROJECT,20877,915.1,-2.08,4.15,,55.0,75.8,NORMAL,Y,0.0,20.759764579989277,30.0,0.0,0.0,15,0.0,0.0,25,0.0,0.0,20,0.0,20.0,N,,N,
05:53,DEVYANI,5373,139.86,-2.05,4.1,,77.1,35.5,NORMAL,N,0.0,20.51964423278926,30.0,0.0,0.0,15,0.0,0.0,25,0.0,20,0.0,2.1052631578943433,0.0,N,,N,
05:53,HIKAL,9668,213.6,-2.01,4.02,,44.5,85.1,NORMAL,Y,0.0,20.093586567574988,30.0,0.0,0.0,15,0.0,4.9772882457795244,0.0,25,0.0,20,9.491525423728797,0.0,N,,N,
05:53,PIIND,24184,2606.7,-4.52,9.03,,55.0,70.2,NORMAL,Y,0.0,30.0,30.0,0.0,0.0,15,0.0,0.0,25,0.0,0.0,20,0.0,5.217391304349116,N,,N,
05:53,TCS,11536,2342.9,-4.2,8.41,,67.2,113.3,NORMAL,Y,0.0,30.0,30.0,0.0,0.0,15,0.0,23.26356416376222,0.0,25,0.0,20,13.88888888888924,0.0,N,,N,
05:53,LLOYDSME,17313,1915.1,-3.58,7.16,,37.2,90.0,NORMAL,Y,0.0,30.0,30.0,0.0,0.0,15,0.0,0.0,0.0,25,0.0,20,7.216494845360791,0.0,N,,N,
05:53,SUDARSCHEM,3327,1087.9,-1.99,3.98,,48.6,79.9,NORMAL,N,0.0,19.90990990990983,30.0,0.0,0.0,15,0.0,0.0,0.0,25,0.0,20,18.571428571428225,0.0,N,,N,
05:53,UNOMINDA,14154,1250.1,-1.95,3.91,,36.7,79.5,NORMAL,N,0.0,19.529411764705955,30.0,0.0,0.0,15,0.0,0.0,0.0,25,0.0,20,6.666666666667228,0.0,N,,N,
05:53,BSOFT,6994,314.15,-1.92,3.84,,54.6,87.1,NORMAL,N,0.0,19.200749297533665,30.0,0.0,0.0,15,0.0,7.946613084022368,0.0,25,0.0,20,16.666666666667613,0.0,N,,N,
05:53,KIRIINDUS,16639,418.55,-1.91,3.82,,50.0,79.1,NORMAL,N,0.0,19.10007030700721,30.0,0.0,0.0,15,0.0,0.0,0.0,25,0.0,20,20.0,0.0,N,,N,
05:53,EXICOM,22947,141.21,-1.9,3.81,,55.9,54.0,NORMAL,Y,0.0,19.03438693990956,30.0,0.0,0.0,15,0.0,0.0,25,0.0,0.0,20,0.9090909090909483,0.0,N,,N,
05:53,EMSLIMITED,18593,386.45,-1.89,3.78,,75.0,53.9,NORMAL,Y,0.0,18.913429804518884,30.0,0.0,0.0,15,0.0,0.0,25,0.0,0.0,20,20.0,0.0,N,,N,
05:53,RSYSTEMS,13414,240.45,-1.84,3.67,,75.0,53.4,NORMAL,Y,0.0,18.37109614206981,30.0,0.0,0.0,15,0.0,0.0,25,0.0,0.0,20,20.0,0.0,N,,N,
05:53,KSB,1949,797.1,-1.82,3.63,,55.0,58.2,NORMAL,Y,0.0,18.168380858532977,30.0,0.0,0.0,15,0.0,0.0,25,0.0,0.0,20,0.0,5.0,N,,N,
05:53,TREJHARA,7518,162.54,-1.81,3.62,,30.0,78.1,NORMAL,N,0.0,18.122508155128667,30.0,0.0,0.0,15,0.0,0.0,0.0,25,0.0,20,0.0,0.0,N,,N,
05:53,VMM,27969,108.26,-1.8,3.61,,30.0,81.4,NORMAL,Y,0.0,18.049886621315146,30.0,0.0,0.0,15,0.0,0.0,0.0,25,0.0,20,0.0,3.3333333333335964,N,,N,
05:53,PARADEEP,9741,149.07,-1.8,3.6,,56.4,91.9,NORMAL,N,0.0,17.984189723320274,30.0,0.0,0.0,15,0.0,13.892034180106815,0.0,25,0.0,20,12.5,0.0,N,,N,
05:53,HAPPSTMNDS,48,387.3,-1.79,3.58,,32.4,87.9,NORMAL,Y,0.0,17.87751996957021,30.0,0.0,0.0,15,0.0,2.4456184168218376,0.0,25,0.0,20,0.0,7.619047619048186,N,,N,
05:53,ZENSARTECH,1076,491.7,-1.78,3.56,,46.5,78.9,NORMAL,Y,0.0,17.778665601278533,30.0,0.0,0.0,15,0.0,1.1229657447990673,0.0,25,0.0,20,15.384615384615923,0.0,N,,N,
05:53,MANAPPURAM,19061,353.65,-1.76,3.53,,55.0,62.6,NORMAL,Y,0.0,17.63888888888895,30.0,0.0,0.0,15,0.0,0.0,25,0.0,0.0,20,0.0,10.0,N,,N,
05:53,M&M,2031,3419.9,-2.76,5.52,,60.1,62.6,NORMAL,N,0.0,27.608757463747484,30.0,0.0,0.0,15,0.0,0.0,25,0.0,0.0,20,5.116279069768917,0.0,N,,N,
05:53,FSL,14304,274.7,-1.75,3.51,,45.0,77.5,NORMAL,Y,0.0,17.525035765379233,30.0,0.0,0.0,15,0.0,0.0,0.0,25,0.0,20,14.999999999998579,0.0,N,,N,
05:53,MARICO,4067,840.1,-1.74,3.49,,30.0,82.4,NORMAL,Y,0.0,17.426900584795295,30.0,0.0,0.0,15,0.0,0.0,0.0,25,0.0,20,0.0,5.0,N,,N,
05:53,KALYANKJIL,2955,591.85,-1.72,3.44,,55.0,55.5,NORMAL,N,0.0,17.18698106941219,30.0,0.0,0.0,15,0.0,0.0,25,0.0,0.0,20,0.0,3.3333333333345965,N,,N,
05:53,SURYODAY,2970,160.85,-1.72,3.43,,45.0,77.2,NORMAL,Y,0.0,17.169742148356363,30.0,0.0,0.0,15,0.0,0.0,0.0,25,0.0,20,15.0,0.0,N,,N,
05:53,NLCINDIA,8585,281.15,-1.71,3.43,,30.0,81.6,NORMAL,Y,0.0,17.1298723999302,30.0,0.0,0.0,15,0.0,0.0,0.0,25,0.0,20,0.0,4.444444444445567,N,,N,
05:53,SPARC,14788,201.76,-1.71,3.41,,40.8,77.1,NORMAL,Y,0.0,17.051544382734093,30.0,0.0,0.0,15,0.0,0.0,0.0,25,0.0,20,10.810810810810063,0.0,N,,N,
05:53,MAITHANALL,24538,988.65,-1.69,3.37,,69.1,51.9,NORMAL,N,0.0,16.855608591885485,30.0,0.0,0.0,15,0.0,0.0,25,0.0,0.0,20,14.074074074074511,0.0,N,,N,
05:53,BPCL,526,312.45,-1.68,3.37,,34.4,77.3,NORMAL,Y,0.0,16.83448709880435,30.0,0.0,0.0,15,0.0,0.4162772605589322,0.0,25,0.0,20,3.9999999999986358,0.0,N,,N,
05:53,ZUARI,29050,221.65,-1.67,3.34,,60.7,51.7,NORMAL,Y,0.0,16.724336793540864,30.0,0.0,0.0,15,0.0,0.0,25,0.0,0.0,20,5.714285714288034,0.0,N,,N,
05:53,MUKANDLTD,11325,138.27,-1.66,3.33,,42.6,80.2,NORMAL,Y,0.0,16.641775122679775,30.0,0.0,0.0,15,0.0,3.598297136982339,0.0,25,0.0,20,8.965517241379242,0.0,N,,N,
05:53,TATACONSUM,3432,1060.2,-1.65,3.3,,33.0,86.5,NORMAL,Y,0.0,16.512059369202184,30.0,0.0,0.0,15,0.0,2.9577245227826334,0.0,25,0.0,20,0.0,7.058823529410506,N,,N,
05:53,SUPREMEIND,3363,3403.0,-2.63,5.26,,55.0,65.2,NORMAL,Y,0.0,26.323319027181686,30.0,0.0,0.0,15,0.0,0.0,25,0.0,0.0,20,0.0,3.846153846153981,N,,N,
05:53,INFY,1594,1171.4,-1.62,3.24,,40.0,81.2,NORMAL,N,0.0,16.208952716889183,30.0,0.0,0.0,15,0.0,5.022913971937215,0.0,25,0.0,20,4.999999999999052,0.0,N,,N,
05:53,JUBLINGREA,2783,721.5,-1.58,3.16,,37.0,75.8,NORMAL,Y,0.0,15.823216477970291,30.0,0.0,0.0,15,0.0,0.0,0.0,25,0.0,20,6.969696969696688,0.0,N,,N,
05:53,PRAJIND,2705,324.75,-1.56,3.12,,30.0,82.3,NORMAL,N,0.0,15.610791148832913,30.0,0.0,0.0,15,0.0,0.0,0.0,25,0.0,20,0.0,6.66666666666793,N,,N,
05:53,MAXESTATES,19646,420.0,-1.56,3.12,,75.0,50.6,NORMAL,N,0.0,15.586546349466722,30.0,0.0,0.0,15,0.0,0.0,25,0.0,20,0.0,0.0,20.0,N,,N,
05:53,VAIBHAVGBL,11364,233.95,-1.56,3.11,,58.3,73.9,NORMAL,Y,0.0,15.569114243635669,30.0,0.0,0.0,15,0.0,3.3495508915800545,25,0.0,0.0,20,0.0,20.0,N,,N,
05:53,WESTLIFE,11580,574.4,-1.55,3.1,,30.0,75.5,NORMAL,N,0.0,15.511183477590311,30.0,0.0,0.0,15,0.0,0.0,0.0,25,0.0,20,0.0,0.0,N,,N,
05:53,ANGELONE,324,286.9,-1.54,3.09,,67.5,50.4,NORMAL,Y,0.0,15.442690459849008,30.0,0.0,0.0,15,0.0,0.0,25,0.0,0.0,20,12.50000000000071,0.0,N,,N,
05:53,GANESHHOU,14339,752.25,-1.53,3.06,,30.0,95.3,NORMAL,Y,0.0,15.315138425289673,30.0,0.0,0.0,15,0.0,0.0,0.0,25,0.0,20,0.0,20.0,N,,N,
05:53,AVANTIFEED,7936,846.75,-1.52,3.04,,50.0,57.8,NORMAL,Y,0.0,15.177948360083688,30.0,0.0,0.0,15,0.0,0.0,0.0,25,20,0.0,0.0,2.6086956521752884,N,,N,
05:53,ADANIPOWER,17388,205.83,-1.52,3.03,,30.0,85.5,NORMAL,Y,0.0,15.167464114832477,30.0,0.0,0.0,15,0.0,0.0,0.0,25,0.0,20,0.0,10.370370370371072,N,,N,
05:53,RAMKY,20134,390.25,-1.51,3.03,,30.0,75.1,NORMAL,Y,0.0,15.141955835962143,30.0,0.0,0.0,15,0.0,0.0,0.0,25,0.0,20,0.0,0.0,N,,N,
05:53,SUNTECK,17641,292.15,-1.48,2.97,,59.2,51.5,NORMAL,Y,0.0,14.837295565672008,30.0,0.0,0.0,15,0.0,1.6524957439683827,25,0.0,0.0,20,2.5000000000007105,0.0,N,,N,
05:53,ZENITHEXPO,4176,247.35,-1.48,2.96,,55.0,49.8,NORMAL,N,0.0,14.816585016130958,30.0,0.0,0.0,15,0.0,0.0,25,0.0,0.0,20,0.0,0.0,N,,N,
05:53,NELCO,2388,980.4,-1.48,2.95,,59.5,63.1,NORMAL,N,0.0,14.772384684956329,30.0,0.0,0.0,15,0.0,4.47149905226579,25,0.0,0.0,20,0.0,8.88888888888931,N,,N,
05:53,ABDL,24308,610.7,-1.47,2.94,,70.7,49.7,NORMAL,Y,0.0,14.682155534043094,30.0,0.0,0.0,15,0.0,0.0,25,0.0,0.0,20,15.652173913043391,0.0,N,,N,
05:53,EIDPARRY,916,776.95,-1.46,2.93,,59.0,49.6,NORMAL,Y,0.0,14.648065948002477,30.0,0.0,0.0,15,0.0,0.0,25,0.0,0.0,20,4.0000000000009095,0.0,N,,N,
05:53,RALLIS,2816,208.41,-1.46,2.92,,58.9,51.1,NORMAL,Y,0.0,14.609929078014199,30.0,0.0,0.0,15,0.0,1.4426111081190798,25,0.0,0.0,20,2.4489795918367823,0.0,N,,N,
05:53,HCG,15555,728.35,-1.43,2.87,,70.3,49.3,NORMAL,N,0.0,14.344678259692838,30.0,0.0,0.0,15,0.0,0.0,25,0.0,0.0,20,15.254237288135357,0.0,N,,N,
05:53,WOCKPHARMA,7506,1863.0,-2.43,4.86,,74.5,59.3,NORMAL,Y,0.0,24.30082748507389,30.0,0.0,0.0,15,0.0,0.0,25,0.0,0.0,20,19.487179487179965,0.0,N,,N,
05:53,SURYAROSNI,3375,232.48,-1.42,2.84,,30.0,75.8,NORMAL,Y,0.0,14.205147775940393,30.0,0.0,0.0,15,0.0,0.0,0.0,25,0.0,20,0.0,1.6326530612241346,N,,N,
05:53,TRITURBINE,25584,591.9,-1.41,2.82,,55.0,54.3,NORMAL,Y,0.0,14.075122845007154,30.0,0.0,0.0,15,0.0,0.0,25,0.0,0.0,20,0.0,5.217391304349116,N,,N,
05:53,UCAL,3570,116.0,-1.4,2.8,,30.0,74.0,NORMAL,Y,0.0,14.024649383765453,30.0,0.0,0.0,15,0.0,0.0,0.0,25,0.0,20,0.0,0.0,N,,N,
05:53,PREMIERENE,25049,1035.4,-1.39,2.78,,30.0,88.9,NORMAL,Y,0.0,13.904761904761816,30.0,0.0,0.0,15,0.0,0.0,0.0,25,0.0,20,0.0,15.000000000004263,N,,N,
05:53,HEXT,29666,557.3,-1.39,2.78,,46.6,74.9,NORMAL,Y,0.0,13.890117667875826,30.0,0.0,0.0,15,0.0,0.9599161506153746,0.0,25,0.0,20,15.652173913043391,0.0,N,,N,
05:53,IEX,220,124.25,-1.39,2.78,,50.0,73.9,NORMAL,Y,0.0,13.88888888888889,30.0,0.0,0.0,15,0.0,0.0,0.0,25,0.0,20,20.0,0.0,N,,N,
05:53,GULFOILLUB,4391,1173.3,-1.39,2.77,,55.0,48.9,NORMAL,N,0.0,13.867876954109935,30.0,0.0,0.0,15,0.0,0.0,25,0.0,0.0,20,0.0,0.0,N,,N,
05:53,DEEPAKNTR,19943,1742.9,-2.35,4.7,,55.0,71.4,NORMAL,N,0.0,23.476019722097636,30.0,0.0,0.0,15,0.0,0.0,25,0.0,0.0,20,0.0,12.94117647058682,N,,N,
05:53,MOTILALOFS,14947,876.2,-1.33,2.66,,58.7,48.5,NORMAL,Y,0.0,13.288288288288237,30.0,0.0,0.0,15,0.0,0.18138631025304713,25,0.0,0.0,20,3.478260869566077,0.0,N,,N,
05:54,WHIRLPOOL,18011,784.65,-1.31,2.62,,30.0,73.1,NORMAL,Y,0.0,13.080938305766905,30.0,0.0,0.0,15,0.0,0.0,0.0,25,0.0,20,0.0,0.0,N,,N,
05:54,FDC,4898,356.25,-1.29,2.58,,55.0,54.6,NORMAL,Y,0.0,12.884455527846985,30.0,0.0,0.0,15,0.0,0.0,25,0.0,0.0,20,0.0,6.666666666667509,N,,N,
05:54,THYROCARE,17032,641.0,-1.29,2.57,,55.7,47.9,NORMAL,N,0.0,12.859012859012893,30.0,0.0,0.0,15,0.0,0.0,25,0.0,0.0,20,0.7407407407417388,0.0,N,,N,
05:54,360ONE,13061,1153.0,-1.28,2.57,,87.0,27.8,NORMAL,N,0.0,12.842465753424657,30.0,0.0,0.0,15,0.0,0.0,25,0.0,20,0.0,12.000000000001211,0.0,N,,N,
05:54,NEWGEN,1164,548.0,-1.28,2.56,,75.6,48.4,NORMAL,Y,0.0,12.790488200324305,30.0,0.0,0.0,15,0.0,0.6037232805038428,25,0.0,0.0,20,20.0,0.0,N,,N,
05:54,SANGAMIND,4184,574.6,-1.26,2.53,,71.4,47.6,NORMAL,Y,0.0,12.629951026720548,30.0,0.0,0.0,15,0.0,0.0,25,0.0,0.0,20,16.363636363639372,0.0,N,,N,
05:54,PDSL,5264,371.75,-1.26,2.52,,87.4,28.2,NORMAL,N,0.0,12.616201859229747,30.0,0.0,0.0,15,0.0,0.5842134511831267,25,0.0,20,0.0,11.85185185185182,0.0,N,,N,
05:54,GARFIBRES,1100,776.5,-1.26,2.52,,71.5,52.9,NORMAL,N,0.0,12.589013224821946,30.0,0.0,0.0,15,0.0,5.3595291821511815,25,0.0,0.0,20,11.11111111111069,0.0,N,,N,
05:54,ASAHIINDIA,5378,890.3,-1.26,2.52,,75.0,47.6,NORMAL,Y,0.0,12.588033050518522,30.0,0.0,0.0,15,0.0,0.0,25,0.0,0.0,20,20.0,0.0,N,,N,
05:54,RAYMOND,2859,616.45,-1.26,2.51,,85.0,27.6,NORMAL,N,0.0,12.574082972929537,30.0,0.0,0.0,15,0.0,0.0,25,0.0,20,0.0,10.0,0.0,N,,N,
05:54,LTF,24948,311.45,-1.25,2.5,,61.7,47.5,NORMAL,Y,0.0,12.523779327837632,30.0,0.0,0.0,15,0.0,0.0,25,0.0,0.0,20,6.666666666665825,0.0,N,,N,
05:54,SWIGGY,27066,277.0,-1.25,2.5,,73.6,49.5,NORMAL,Y,0.0,12.4777183600713,30.0,0.0,0.0,15,0.0,2.0361922930423324,25,0.0,0.0,20,16.521739130434096,0.0,N,,N,
05:54,ETERNAL,5097,314.05,-1.24,2.48,,31.8,72.4,NORMAL,N,0.0,12.421383647798708,30.0,0.0,0.0,15,0.0,0.0,0.0,25,0.0,20,1.818181818182194,0.0,N,,N,
05:54,SWANCORP,27095,307.45,-1.22,2.44,,50.3,72.5,NORMAL,Y,0.0,12.208835341365498,30.0,0.0,0.0,15,0.0,0.27930600014742873,0.0,25,0.0,20,20.0,0.0,N,,N,
05:54,IFCI,1491,74.08,-2.14,4.28,,75.0,56.4,NORMAL,Y,0.0,21.400264200792662,30.0,0.0,0.0,15,0.0,0.0,25,0.0,0.0,20,20.0,0.0,N,,N,
05:54,HCLTECH,7229,1350.1,-1.12,2.24,,40.5,86.5,NORMAL,N,0.0,11.205507543577106,30.0,0.0,0.0,15,0.0,10.514094870691375,0.0,25,0.0,20,0.0,4.761904761904968,N,,N,
05:54,TATASTEEL,3499,186.15,-1.12,2.23,,39.1,85.2,NORMAL,Y,0.0,11.155378486055747,30.0,0.0,0.0,15,0.0,9.130844472297126,0.0,25,0.0,20,0.0,4.864864864864989,N,,N,
05:54,SUPRAJIT,11689,525.35,-1.11,2.22,,75.0,46.1,NORMAL,N,0.0,11.105882352941133,30.0,0.0,0.0,15,0.0,0.0,25,0.0,0.0,20,20.0,0.0,N,,N,
05:54,DELHIVERY,9599,468.2,-1.11,2.22,,65.0,46.1,NORMAL,Y,0.0,11.088816136867674,30.0,0.0,0.0,15,0.0,0.0,25,0.0,0.0,20,10.0,0.0,N,,N,
05:54,LXCHEM,2841,172.98,-1.09,2.18,,57.1,78.7,NORMAL,Y,0.0,10.921150437417788,30.0,0.0,0.0,15,0.0,7.800935637196956,0.0,25,0.0,20,19.33333333333207,0.0,N,,N,
05:54,PCBL,2649,318.65,-1.09,2.17,,55.0,63.6,NORMAL,Y,0.0,10.864504112990842,30.0,0.0,0.0,15,0.0,0.0,25,0.0,0.0,20,0.0,17.777777777777217,N,,N,
05:54,ROUTE,128,524.35,-1.08,2.17,,75.0,45.8,NORMAL,Y,0.0,10.847009998113563,30.0,0.0,0.0,15,0.0,0.0,25,0.0,0.0,20,20.0,0.0,N,,N,
05:54,KIMS,4847,804.3,-1.08,2.15,,30.0,70.8,NORMAL,Y,0.0,10.761945759793369,30.0,0.0,0.0,15,0.0,0.0,0.0,25,0.0,20,0.0,0.0,N,,N,
05:54,APTUS,5435,253.95,-1.07,2.14,,64.2,45.7,NORMAL,Y,0.0,10.712894429294897,30.0,0.0,0.0,15,0.0,0.0,25,0.0,0.0,20,9.230769230768626,0.0,N,,N,
05:54,BLUESTARCO,8311,1481.9,-1.07,2.14,,57.9,45.7,NORMAL,Y,0.0,10.681620935977032,30.0,0.0,0.0,15,0.0,0.0,25,0.0,0.0,20,2.8571428571419286,0.0,N,,N,
05:54,SAREGAMA,4892,523.45,-1.07,2.14,,61.7,45.7,NORMAL,N,0.0,10.678510678510635,30.0,0.0,0.0,15,0.0,0.0,25,0.0,0.0,20,6.666666666666666,0.0,N,,N,
05:54,ORIENTCEM,30089,132.71,-1.06,2.12,,30.0,71.9,NORMAL,Y,0.0,10.586744203384683,30.0,0.0,0.0,15,0.0,0.0,0.0,25,0.0,20,0.0,1.3333333333358597,Y,NONRESULTS,N,
05:54,DABUR,772,408.3,-1.05,2.11,,55.0,48.4,NORMAL,Y,0.0,10.541621228644047,30.0,0.0,0.0,15,0.0,0.0,25,0.0,0.0,20,0.0,2.857142857140073,N,,N,
05:54,TATAPOWER,3426,376.0,-1.05,2.11,,43.2,79.7,NORMAL,Y,0.0,10.526315789473683,30.0,0.0,0.0,15,0.0,9.150127835527481,0.0,25,0.0,20,3.9999999999986358,0.0,N,,N,
05:54,ORIENTELEC,2972,188.69,-1.04,2.09,,71.0,45.4,NORMAL,N,0.0,10.43633312355784,30.0,0.0,0.0,15,0.0,0.0,25,0.0,0.0,20,16.0,0.0,N,,N,
05:54,INDHOTEL,1512,716.5,-1.04,2.07,,55.0,52.0,NORMAL,Y,0.0,10.359116022099446,30.0,0.0,0.0,15,0.0,0.0,25,0.0,0.0,20,0.0,6.666666666666666,N,,Y,NONRESULTS
05:54,WIPRO,3787,182.69,-1.03,2.07,,41.2,74.1,NORMAL,N,0.0,10.346695557963146,30.0,0.0,0.0,15,0.0,3.747742384269119,0.0,25,0.0,20,7.407407407406705,0.0,N,,N,
05:54,RITES,3761,224.34,-1.03,2.06,,68.1,45.3,NORMAL,N,0.0,10.279260599108767,30.0,0.0,0.0,15,0.0,0.0,25,0.0,0.0,20,13.114754098360228,0.0,N,,N,
05:54,ATGL,6066,659.35,-1.02,2.04,,69.4,46.1,NORMAL,Y,0.0,10.207911131126556,30.0,0.0,0.0,15,0.0,0.8527065247461243,25,0.0,0.0,20,13.500000000000227,0.0,N,,N,
05:54,VOLTAS,3718,1267.0,-1.02,2.03,,48.7,76.6,NORMAL,Y,0.0,10.15625,30.0,0.0,0.0,15,0.0,6.458712048780534,0.0,25,0.0,20,12.195121951219782,0.0,N,,N,
05:54,NBCC,31415,91.91,-2.01,4.03,,61.7,55.1,NORMAL,Y,0.0,20.149253731343293,30.0,0.0,0.0,15,0.0,0.0,25,0.0,0.0,20,6.666666666666666,0.0,N,,N,
05:54,WSTCSTPAPR,3799,591.05,-1.01,2.03,,64.6,46.4,NORMAL,N,0.0,10.132306146374255,30.0,0.0,0.0,15,0.0,1.220624343923532,25,0.0,0.0,20,8.421052631579766,0.0,N,,N,
05:54,JUBLFOOD,18096,483.3,-1.0,2.01,,89.4,26.8,NORMAL,N,0.0,10.03687013519045,30.0,0.0,0.0,15,0.0,1.7961925678840116,25,0.0,20,0.0,12.63157894736905,0.0,N,,N,
05:54,BEL,383,401.8,-1.0,2.0,,57.4,45.0,NORMAL,N,0.0,9.979056301589285,29.937168904767855,0.0,0.0,15,0.0,0.0,25,0.0,0.0,20,2.5000000000007105,0.0,N,,N,
05:54,ITDC,19299,669.9,-1.0,2.0,,54.9,48.1,NORMAL,Y,0.0,9.975615162935046,29.926845488805142,0.0,0.0,15,0.0,0.0,25,0.0,0.0,20,0.0,3.1578947368414756,N,,N,
05:54,PRINCEPIPE,16045,268.4,-0.98,1.96,,74.3,44.8,NORMAL,Y,0.0,9.776793949455945,29.330381848367836,0.0,0.0,15,0.0,0.0,25,0.0,0.0,20,20.0,0.0,N,,N,
05:54,ROSSARI,19410,500.0,-0.97,1.94,,54.1,44.7,NORMAL,Y,0.0,9.70489205783319,29.114676173499568,0.0,0.0,15,0.0,0.0,25,0.0,0.0,20,0.0,0.0,N,,N,
05:54,EBGNG,757862,567.0,-0.97,1.94,,64.1,44.7,NORMAL,N,0.0,9.693476552266098,29.080429656798295,0.0,0.0,15,0.0,0.0,25,0.0,0.0,20,10.000000000000393,0.0,N,,N,
05:54,POLICYBZR,6656,1699.0,-1.96,3.92,,56.1,70.3,NORMAL,N,0.0,19.619157530294288,30.0,0.0,0.0,15,0.0,1.0782860003529515,25,0.0,0.0,20,0.0,14.61538461538475,N,,N,
05:54,IONEXCHANG,1630,377.25,-0.96,1.92,,68.7,44.6,NORMAL,Y,0.0,9.58256760304536,28.74770280913608,0.0,0.0,15,0.0,0.0,25,0.0,0.0,20,15.000000000000355,0.0,N,,N,
05:54,NAUKRI,13751,1347.1,-0.95,1.9,,54.3,57.4,NORMAL,N,0.0,9.485294117647127,28.45588235294138,0.0,0.0,15,0.0,0.8909255128052971,25,0.0,0.0,20,0.0,12.000000000001211,N,,N,
05:54,JUSTDIAL,29962,688.4,-0.94,1.89,,32.2,93.4,NORMAL,Y,0.0,9.4251384991727,28.275415497518097,0.0,0.0,15,0.0,3.9645277268597665,0.0,25,0.0,20,0.0,20.0,N,,N,
05:54,GAIL,4717,173.7,-0.94,1.87,,45.0,74.1,NORMAL,Y,0.0,9.35325653017004,28.059769590510115,0.0,0.0,15,0.0,4.743237291976356,0.0,25,0.0,20,12.15686274509723,0.0,N,,N,
05:54,MPHASIS,4503,2481.2,-1.93,3.86,,39.3,81.6,NORMAL,N,0.0,19.288537549407188,30.0,0.0,0.0,15,0.0,2.321100892817305,0.0,25,0.0,20,6.999999999999696,0.0,N,,N,
05:54,ACC,22,1327.4,-0.93,1.85,,27.8,78.4,NORMAL,Y,0.0,9.255112703388463,27.765338110165388,0.0,0.0,15,0.0,0.0,0.0,25,0.0,20,0.0,9.166666666667457,N,,N,
05:54,JKIL,15266,493.0,-0.92,1.85,,52.7,54.2,NORMAL,Y,0.0,9.244372990353742,27.733118971061227,0.0,0.0,15,0.0,0.0,25,0.0,0.0,20,0.0,10.0,N,,N,
05:54,SESHAPAPER,3066,230.86,-0.92,1.84,,47.6,69.2,NORMAL,N,0.0,9.184549356223117,27.553648068669354,0.0,0.0,15,0.0,0.0,0.0,25,0.0,20,20.0,0.0,N,,N,
05:54,TIMKEN,14198,3221.1,-1.91,3.82,,66.9,54.1,NORMAL,N,0.0,19.123603032979133,30.0,0.0,0.0,15,0.0,0.0,25,0.0,0.0,20,11.874999999998401,0.0,N,,N,
05:54,KPRMILL,14912,1086.5,-0.91,1.82,,72.4,44.1,NORMAL,N,0.0,9.119927040583674,27.359781121751027,0.0,0.0,15,0.0,0.0,25,0.0,0.0,20,20.0,0.0,N,,N,
05:54,JTEKTINDIA,3237,139.88,-0.91,1.81,,80.7,52.6,NORMAL,N,0.0,9.06772456786626,27.20317370359878,0.0,0.0,15,0.0,8.49654452149776,25,0.0,0.0,20,20.0,0.0,N,,N,
05:54,KOTAKBANK,1922,389.35,-0.9,1.81,,64.0,47.1,NORMAL,Y,0.0,9.035377958768018,27.106133876304057,0.0,0.0,15,0.0,3.019914787106171,25,0.0,0.0,20,8.888888888888609,0.0,N,,N,
05:54,ICICIPRULI,18652,497.0,-0.9,1.79,,60.3,49.0,NORMAL,Y,0.0,8.97308075772682,26.919242273180462,0.0,0.0,15,0.0,0.0,0.0,25,20,0.0,13.33333333333249,0.0,N,,N,
05:54,CENTURYPLY,13305,769.45,-0.9,1.79,,51.9,51.2,NORMAL,Y,0.0,8.951571354971577,26.85471406491473,0.0,0.0,15,0.0,0.0,25,0.0,0.0,20,0.0,7.200000000000728,N,,N,
05:54,WIPL,20481,167.0,-0.89,1.78,,26.7,68.9,NORMAL,Y,0.0,8.90207715133531,26.706231454005934,0.0,0.0,15,0.0,0.0,0.0,25,0.0,20,0.0,0.0,N,,N,
05:54,BAJFINANCE,317,1083.7,-0.88,1.76,,67.3,43.8,NORMAL,Y,0.0,8.780755510838663,26.34226653251599,0.0,0.0,15,0.0,0.0,25,0.0,0.0,20,15.999999999994543,0.0,N,,N,
05:54,JINDALSAW,3024,271.15,-0.88,1.75,,43.3,72.8,NORMAL,N,0.0,8.77353317492244,26.320599524767324,0.0,0.0,15,0.0,4.027346650904072,0.0,25,0.0,20,12.941176470588156,0.0,N,,N,
05:54,HDFCBANK,1333,722.65,-0.87,1.74,,35.0,68.8,NORMAL,Y,0.0,8.710562414266148,26.131687242798446,0.0,0.0,15,0.0,0.09862318634959852,0.0,25,0.0,20,8.800000000001091,0.0,N,,N,
05:54,RAINBOW,9408,1491.0,-0.87,1.74,,51.1,50.1,NORMAL,Y,0.0,8.709527292068287,26.12858187620486,0.0,0.0,15,0.0,0.0,25,0.0,0.0,20,0.0,6.363636363636646,N,,N,
05:54,PIXTRANS,9087,1945.9,-1.87,3.74,,47.5,82.7,NORMAL,N,0.0,18.709026727180994,30.0,0.0,0.0,15,0.0,3.95855618645211,0.0,25,0.0,20,13.506493506493353,0.0,N,,N,
05:54,JIOFIN,18143,250.55,-0.87,1.74,,58.6,43.7,NORMAL,N,0.0,8.704253214638925,26.112759643916778,0.0,0.0,15,0.0,0.0,25,0.0,0.0,20,7.500000000000178,0.0,N,,N,
05:54,HAVELLS,9819,1263.4,-0.86,1.73,,45.9,68.6,NORMAL,N,0.0,8.631512868801005,25.894538606403014,0.0,0.0,15,0.0,0.0,0.0,25,0.0,20,20.0,0.0,N,,N,
05:54,HINDPETRO,1406,387.55,-0.84,1.69,,28.5,76.0,NORMAL,Y,0.0,8.443136753230167,25.329410259690505,0.0,0.0,15,0.0,3.1342385735298706,0.0,25,0.0,20,0.0,4.444444444445567,N,,N,
05:54,IREDA,20261,117.7,-0.84,1.68,,41.6,68.4,NORMAL,Y,0.0,8.424599831508003,25.27379949452401,0.0,0.0,15,0.0,0.0,0.0,25,0.0,20,16.36363636363707,0.0,N,,N,
05:54,RELIANCE,2885,1312.8,-0.84,1.68,,50.2,46.5,NORMAL,N,0.0,8.384319057330716,25.15295717199215,0.0,0.0,15,0.0,0.0,25,0.0,0.0,20,0.0,3.076923076923884,N,,N,
05:54,RCF,2866,124.5,-0.84,1.67,,64.0,43.4,NORMAL,Y,0.0,8.363201911588986,25.089605734766955,0.0,0.0,15,0.0,0.0,25,0.0,0.0,20,13.877551020408447,0.0,N,,N,
05:54,HDBFS,757772,687.35,-0.83,1.66,,49.9,43.3,NORMAL,Y,0.0,8.296061174433705,24.888183523301112,0.0,0.0,15,0.0,0.0,25,0.0,0.0,20,0.0,0.0,N,,N,
05:54,MHRIL,17333,223.75,-0.81,1.61,,47.8,72.1,NORMAL,Y,0.0,8.068448818548536,24.205346455645603,0.0,0.0,15,0.0,3.995283736664036,0.0,25,0.0,20,19.61538461538495,0.0,N,,N,
05:54,ITC,1660,276.75,-0.81,1.61,,38.2,70.6,NORMAL,Y,0.0,8.064516129032258,24.193548387096772,0.0,0.0,15,0.0,2.5422714859527353,0.0,25,0.0,20,11.428571428570036,0.0,N,,N,
05:54,PURVA,14922,210.6,-0.81,1.61,,53.3,43.1,NORMAL,Y,0.0,8.054260279779605,24.162780839338815,0.0,0.0,15,0.0,0.0,25,0.0,0.0,20,4.117647058823087,0.0,N,,N,
05:54,CYIENT,5748,846.55,-0.8,1.61,,35.3,68.0,NORMAL,Y,0.0,8.02671666276075,24.080149988282248,0.0,0.0,15,0.0,0.0,0.0,25,0.0,20,11.249999999999556,0.0,N,,N,
05:54,PINELABS,759820,166.25,-0.79,1.59,,23.8,74.4,NORMAL,N,0.0,7.936507936508011,23.80952380952403,0.0,0.0,15,0.0,0.0,0.0,25,0.0,20,0.0,6.4285714285716455,N,,N,
05:54,RGL,15129,114.29,-0.79,1.58,,94.1,42.4,NORMAL,Y,0.0,7.899305555555525,23.69791666666658,0.0,0.0,15,0.0,19.489664059189003,25,0.0,20,0.0,5.9259259259258865,0.0,N,,N,
05:54,TATAINVEST,1621,683.35,-0.78,1.57,,76.4,67.5,NORMAL,N,0.0,7.840290381125193,23.52087114337558,0.0,0.0,15,0.0,24.633740120493027,25,0.0,0.0,20,3.2432432432439406,0.0,N,,N,
05:54,TORNTPOWER,13786,1320.0,-0.78,1.56,,48.5,42.8,NORMAL,Y,0.0,7.81719783523759,23.451593505712772,0.0,0.0,15,0.0,0.0,25,0.0,0.0,20,0.0,0.0,N,,N,
05:54,FINPIPE,1041,161.39,-0.78,1.56,,62.4,42.8,NORMAL,Y,0.0,7.807697036763866,23.423091110291598,0.0,0.0,15,0.0,0.0,25,0.0,0.0,20,14.000000000001327,0.0,N,,N,
05:54,MUNJALAU,13511,101.23,-0.77,1.55,,68.2,42.7,NORMAL,Y,0.0,7.743579690256735,23.230739070770206,0.0,0.0,15,0.0,0.0,25,0.0,0.0,20,20.0,0.0,N,,N,
05:54,GODREJPROP,17875,2002.0,-1.76,3.52,,55.0,56.1,NORMAL,Y,0.0,17.616173511948617,30.0,0.0,0.0,15,0.0,0.0,25,0.0,0.0,20,0.0,3.529411764705725,N,,N,
05:54,MAHLOG,385,406.25,-0.76,1.51,,67.7,42.6,NORMAL,N,0.0,7.572981556125619,22.71894466837686,0.0,0.0,15,0.0,0.0,25,0.0,0.0,20,20.0,0.0,N,,N,
05:54,RVNL,9552,228.27,-0.75,1.5,,58.4,42.5,NORMAL,Y,0.0,7.521739130434738,22.565217391304213,0.0,0.0,15,0.0,0.0,25,0.0,0.0,20,10.843373493975466,0.0,N,,N,
05:54,KEC,13260,447.4,-0.74,1.49,,48.7,42.4,NORMAL,Y,0.0,7.432057681641758,22.296173044925276,0.0,0.0,15,0.0,0.0,25,0.0,0.0,20,1.4285714285717765,0.0,N,,N,
05:54,OIL,17438,466.95,-0.72,1.45,,61.0,42.2,NORMAL,N,0.0,7.228659508876441,21.685978526629324,0.0,0.0,15,0.0,0.0,25,0.0,0.0,20,14.28571428571413,0.0,N,,N,
05:54,LLOYDSENGG,17801,91.44,-1.72,3.44,,36.2,78.9,NORMAL,Y,0.0,17.1969045571798,30.0,0.0,0.0,15,0.0,1.7314712783340032,0.0,25,0.0,20,4.516129032258508,0.0,N,,N,
05:54,CANFINHOME,583,820.0,-0.71,1.43,,53.5,42.1,NORMAL,Y,0.0,7.143722000242133,21.4311660007264,0.0,0.0,15,0.0,0.0,25,0.0,0.0,20,7.1111111111107075,0.0,N,,Y,NONRESULTS
05:54,SCHNEIDER,31234,1393.3,-0.71,1.43,,37.2,73.4,NORMAL,N,0.0,7.126060001425213,21.378180004275638,0.0,0.0,15,0.0,6.314955265239683,0.0,25,0.0,20,9.545454545454428,0.0,N,,N,
05:54,BANCOINDIA,13880,629.35,-0.71,1.42,,21.3,75.1,NORMAL,Y,0.0,7.09947148378954,21.29841445136862,0.0,0.0,15,0.0,0.0,0.0,25,0.0,20,0.0,7.999999999998787,N,,N,
05:54,SHRIRAMFIN,4306,1121.9,-0.71,1.42,,21.2,71.8,NORMAL,N,0.0,7.080272590494733,21.2408177714842,0.0,0.0,15,0.0,0.0,0.0,25,0.0,20,0.0,4.761904761904968,N,,N,
05:54,NESCO,15409,1040.9,-0.71,1.41,,77.4,22.1,NORMAL,Y,0.0,7.059047982447643,21.177143947342927,0.0,0.0,15,0.0,0.0,25,0.0,20,0.0,11.249999999999556,0.0,N,,N,
05:54,KIRLOSENG,20936,2065.8,-1.7,3.4,,38.2,79.7,NORMAL,Y,0.0,16.98786581013553,30.0,0.0,0.0,15,0.0,2.70003864798896,0.0,25,0.0,20,5.483870967741106,0.0,N,,N,
05:54,RECLTD,15355,342.3,-0.7,1.39,,70.3,22.0,NORMAL,Y,0.0,6.9625761531766095,20.88772845952983,0.0,0.0,15,0.0,0.0,25,0.0,20,0.0,4.444444444444304,0.0,N,,N,
05:54,PFC,14299,378.35,-0.7,1.39,,45.9,42.0,NORMAL,Y,0.0,6.9553805774277615,20.866141732283282,0.0,0.0,15,0.0,0.0,25,0.0,0.0,20,0.0,0.0,N,,N,
05:54,JSWENERGY,17869,559.1,-0.69,1.39,,40.8,54.9,NORMAL,Y,0.0,6.927175843694453,20.78152753108336,0.0,0.0,15,0.0,0.0,0.0,25,20,0.0,0.0,8.000000000001819,N,,N,
05:54,RBLBANK,18391,387.05,-0.68,1.36,,49.5,57.2,NORMAL,N,0.0,6.800102643058706,20.400307929176115,0.0,0.0,15,0.0,4.13642173114668,25,0.0,0.0,20,0.0,11.249999999999556,N,,N,
05:54,ANTHEM,757885,885.7,-0.67,1.33,,45.0,53.5,NORMAL,N,0.0,6.673021925643394,20.019065776930184,0.0,0.0,15,0.0,0.0,25,0.0,0.0,20,0.0,11.818181818181161,N,,N,
05:54,NCC,2319,143.8,-0.66,1.33,,55.9,41.6,NORMAL,N,0.0,6.631666206134151,19.89499861840245,0.0,0.0,15,0.0,0.0,25,0.0,0.0,20,11.000000000000426,0.0,N,,N,
05:54,SHALBY,714,160.61,-0.66,1.31,,70.2,27.0,NORMAL,Y,0.0,6.556565844003055,19.669697532009167,0.0,0.0,15,0.0,5.481661947509927,25,0.0,20,0.0,0.0,0.0,N,,N,
05:54,TITAGARH,15414,839.3,-0.65,1.3,,61.7,41.5,NORMAL,Y,0.0,6.510416666666668,19.531250000000004,0.0,0.0,15,0.0,0.0,25,0.0,0.0,20,17.14285714285745,0.0,N,,N,
05:54,ENGINERSIN,4907,241.41,-0.65,1.3,,31.8,69.2,NORMAL,N,0.0,6.502325198567894,19.50697559570368,0.0,0.0,15,0.0,2.6825673543503754,0.0,25,0.0,20,9.583333333333728,0.0,N,,N,
05:54,CAMPUS,9362,217.4,-0.65,1.3,,19.5,74.8,NORMAL,Y,0.0,6.489351978795301,19.468055936385902,0.0,0.0,15,0.0,0.0,0.0,25,0.0,20,0.0,8.333333333333531,N,,N,
05:54,JAMNAAUTO,20778,124.71,-0.64,1.27,,19.1,81.7,NORMAL,Y,0.0,6.373994104055544,19.12198231216663,0.0,0.0,15,0.0,0.0,0.0,25,0.0,20,0.0,15.294117647059807,N,,N,
05:54,NTPC,11630,336.45,-0.59,1.18,,22.5,80.6,NORMAL,Y,0.0,5.909292362239622,17.727877086718866,0.0,0.0,15,0.0,4.737449777180623,0.0,25,0.0,20,0.0,10.0,N,,N,
05:54,ABCAPITAL,21614,404.85,-0.56,1.13,,43.1,60.3,NORMAL,Y,0.0,5.649023701338462,16.947071104015386,0.0,0.0,15,0.0,1.1462061176341711,25,0.0,0.0,20,0.0,18.46153846153819,N,,N,
05:54,LUMAXTECH,14014,2044.0,-1.56,3.11,,69.4,51.4,NORMAL,N,0.0,15.556518807494188,30.0,0.0,0.0,15,0.0,0.8014518126674302,25,0.0,0.0,20,13.596837944664093,0.0,N,,N,
05:54,TTKPRESTIG,3546,586.7,-0.55,1.1,,57.2,40.5,NORMAL,Y,0.0,5.508941435714892,16.526824307144675,0.0,0.0,15,0.0,0.0,25,0.0,0.0,20,15.714285714286643,0.0,N,,N,
05:54,CROMPTON,17094,244.05,-0.55,1.1,,61.5,27.2,NORMAL,Y,0.0,5.501222493887507,16.50366748166252,0.0,0.0,15,0.0,0.0,25,0.0,20,0.0,0.0,6.6666666666685614,N,,N,
05:54,SAFARI,13035,1492.0,-0.55,1.09,,61.4,40.5,NORMAL,Y,0.0,5.465937874950036,16.39781362485011,0.0,0.0,15,0.0,0.0,25,0.0,0.0,20,20.0,0.0,N,,N,
05:54,TATACOMM,3721,1719.2,-1.54,3.08,,30.9,88.3,NORMAL,Y,0.0,15.40576141114476,30.0,0.0,0.0,15,0.0,0.8546754450537788,0.0,25,0.0,20,0.0,12.0,N,,N,
05:54,XCHANGING,11705,67.39,-1.53,3.07,,30.0,95.3,NORMAL,N,0.0,15.341905318527138,30.0,0.0,0.0,15,0.0,0.0,0.0,25,0.0,20,0.0,20.0,N,,N,
05:54,JSWSTEEL,11723,1276.6,-0.53,1.06,,18.7,83.1,NORMAL,N,0.0,5.298426055789451,15.895278167368353,0.0,0.0,15,0.0,2.7556171075699054,0.0,25,0.0,20,0.0,15.000000000000949,N,,N,
05:54,SHILPAMED,17752,815.5,-0.51,1.02,,74.7,20.1,NORMAL,N,0.0,5.123825789923197,15.371477369769593,0.0,0.0,15,0.0,0.0,25,0.0,20,0.0,14.358974358973791,0.0,N,,N,
05:54,GLAND,1186,2880.2,-1.51,3.02,,55.0,51.3,NORMAL,N,0.0,15.11421146218037,30.0,0.0,0.0,15,0.0,0.0,25,0.0,0.0,20,0.0,1.224489795918159,N,,N,
05:54,GICRE,277,353.9,-0.51,1.01,,15.2,65.1,NORMAL,Y,0.0,5.0604441945459975,15.181332583637992,0.0,0.0,15,0.0,0.0,0.0,25,0.0,20,0.0,0.0,N,,N,
05:54,HDFCLIFE,467,533.35,-0.49,0.99,,18.8,64.9,NORMAL,Y,0.0,4.944029850746226,14.832089552238678,0.0,0.0,15,0.0,0.0,0.0,25,0.0,20,3.9999999999986358,0.0,N,,N,
05:54,NIITLTD,11522,94.02,-1.49,2.98,,55.0,59.9,NORMAL,Y,0.0,14.878457669740168,30.0,0.0,0.0,15,0.0,0.0,25,0.0,0.0,20,0.0,9.999999999998579,N,,N,
05:54,SHREEPUSHK,10588,411.6,-0.48,0.97,,59.5,19.8,NORMAL,N,0.0,4.835589941972921,14.506769825918761,0.0,0.0,15,0.0,0.0,25,0.0,20,0.0,0.0,0.0,N,,Y,NONRESULTS
05:54,VINATIORGA,17364,1309.0,-0.48,0.96,,27.2,68.8,NORMAL,Y,0.0,4.7897817988291305,14.369345396487391,0.0,0.0,15,0.0,3.9931717854523083,0.0,25,0.0,20,8.82352941176447,0.0,N,,N,
05:54,POWERMECH,10473,2406.4,-1.47,2.94,,50.0,74.7,NORMAL,Y,0.0,14.699258895303643,30.0,0.0,0.0,15,0.0,0.0,0.0,25,0.0,20,20.0,0.0,N,,N,
05:54,SHARDACROP,4992,802.65,-0.47,0.93,,59.0,39.7,NORMAL,Y,0.0,4.6502976190476195,13.950892857142858,0.0,0.0,15,0.0,0.0,25,0.0,0.0,20,20.0,0.0,N,,N,
05:54,GOCOLORS,6964,321.55,-0.45,0.9,,38.5,46.2,NORMAL,Y,0.0,4.489164086687271,13.467492260061814,0.0,0.0,15,0.0,0.0,25,0.0,0.0,20,0.0,6.666666666669193,N,,N,
05:54,OBEROIRLTY,20242,1767.8,-1.44,2.88,,55.0,51.6,NORMAL,Y,0.0,14.384478144513803,30.0,0.0,0.0,15,0.0,0.0,25,0.0,0.0,20,0.0,2.222222222221848,N,,N,
05:54,UNITDSPR,10447,1526.7,-1.42,2.84,,75.0,40.6,NORMAL,N,0.0,14.205462646090266,30.0,0.0,0.0,15,0.0,0.0,25,0.0,20,0.0,0.0,11.428571428573285,N,,N,
05:54,DRREDDY,881,1200.0,-0.41,0.83,,64.8,19.1,NORMAL,N,0.0,4.149377593360996,12.448132780082988,0.0,0.0,15,0.0,0.0,25,0.0,20,0.0,7.368421052631705,0.0,N,,N,
05:54,SAKSOFT,11794,163.93,-0.41,0.81,,45.1,39.1,NORMAL,Y,0.0,4.070473876063107,12.21142162818932,0.0,0.0,15,0.0,0.0,25,0.0,0.0,20,7.916666666666741,0.0,N,,N,
05:54,WAAREEENER,25907,2666.0,-1.41,2.81,,31.4,74.1,NORMAL,Y,0.0,14.053254437869823,30.0,0.0,0.0,15,0.0,0.0,0.0,25,0.0,20,1.4285714285700366,0.0,N,,N,
05:54,VERANDA,8890,247.15,-0.4,0.81,,19.0,82.1,NORMAL,N,0.0,4.029820672980053,12.089462018940159,0.0,0.0,15,0.0,6.952402017973753,0.0,25,0.0,20,0.0,11.11111111111069,N,,N,
05:54,DCMSHRIRAM,811,1003.1,-0.39,0.77,,29.1,67.3,NORMAL,Y,0.0,3.8728897715987856,11.618669314796358,0.0,0.0,15,0.0,3.4182825618296135,0.0,25,0.0,20,14.090909090909268,0.0,N,,N,
05:54,CGPOWER,760,877.75,-0.37,0.74,,56.2,25.8,NORMAL,Y,0.0,3.6889897843359822,11.066969353007947,0.0,0.0,15,0.0,0.09781348328924808,25,0.0,20,0.0,0.0,7.000000000000455,N,,N,
05:54,AXISBANK,5900,1225.3,-0.37,0.73,,16.0,75.8,NORMAL,Y,0.0,3.65913156610831,10.97739469832493,0.0,0.0,15,0.0,5.058705354443341,0.0,25,0.0,20,0.0,7.05882352941318,N,,N,
05:54,PUNJABCHEM,4344,1100.0,-0.36,0.72,,30.9,43.6,NORMAL,Y,0.0,3.623188405797101,10.869565217391305,0.0,0.0,15,0.0,0.0,0.0,25,20,0.0,0.0,0.0,N,,N,
05:54,COFORGE,11543,1794.3,-1.36,2.72,,43.5,82.4,NORMAL,N,0.0,13.578889499725149,30.0,0.0,0.0,15,0.0,8.79634921020328,0.0,25,0.0,20,4.736842105263693,0.0,N,,N,
05:54,ICICIBANK,4963,1424.5,-0.36,0.71,,18.8,63.6,NORMAL,Y,0.0,3.5674314493564,10.7022943480692,0.0,0.0,15,0.0,0.0,0.0,25,0.0,20,8.10810810810801,0.0,N,,N,
05:54,ADANIENT,25,2954.9,-1.36,2.71,,55.0,66.6,NORMAL,Y,0.0,13.55366382907692,30.0,0.0,0.0,15,0.0,0.0,25,0.0,0.0,20,0.0,18.07692307692301,N,,N,
05:54,J&KBANK,5633,156.32,-0.34,0.69,,16.7,63.4,NORMAL,Y,0.0,3.442560244804414,10.327680734413242,0.0,0.0,15,0.0,0.0,0.0,25,0.0,20,6.4000000000010004,0.0,N,,N,
05:54,VBL,18921,435.5,-0.34,0.69,,35.3,48.4,NORMAL,Y,0.0,3.4324942791762014,10.297482837528605,0.0,0.0,15,0.0,0.0,25,0.0,0.0,20,0.0,10.000000000001421,N,,N,
05:54,LICHSGFIN,1997,500.3,-0.34,0.68,,35.2,38.4,NORMAL,Y,0.0,3.3864541832669097,10.15936254980073,0.0,0.0,15,0.0,0.0,25,0.0,0.0,20,0.0,0.0,N,,N,
05:54,JSL,11236,722.65,-0.34,0.68,,66.0,18.4,NORMAL,Y,0.0,3.3788442973383606,10.136532892015083,0.0,0.0,15,0.0,0.0,25,0.0,20,0.0,10.833333333332543,0.0,N,,N,
05:54,QUICKHEAL,13131,150.85,-0.34,0.67,,35.4,48.7,NORMAL,Y,0.0,3.369450317124863,10.10835095137459,0.0,0.0,15,0.0,5.3338971456478905,0.0,25,20,0.0,0.0,0.0,N,,N,
05:54,POWERGRID,14977,267.05,-0.34,0.67,,55.1,31.7,NORMAL,Y,0.0,3.3588356036573144,10.076506810971942,0.0,0.0,15,0.0,0.0,25,0.0,20,0.0,0.0,13.333333333338386,N,,N,
05:54,CHAMBLFERT,637,442.9,-0.33,0.65,,54.8,38.3,NORMAL,Y,0.0,3.263193428603681,9.789580285811041,0.0,0.0,15,0.0,0.0,25,0.0,0.0,20,20.0,0.0,N,,N,
05:54,GPIL,13409,231.45,-0.31,0.63,,61.4,18.1,NORMAL,Y,0.0,3.1441123266432003,9.432336979929602,0.0,0.0,15,0.0,0.0,25,0.0,20,0.0,7.000000000000331,0.0,N,,N,
05:54,WABAG,20188,1924.5,-1.31,2.63,,45.5,99.3,NORMAL,Y,0.0,13.127531921439882,30.0,0.0,0.0,15,0.0,15.496521124793924,0.0,25,0.0,20,0.0,10.666666666666567,N,,N,
05:54,GODFRYPHLP,1181,2196.0,-1.3,2.6,,46.3,75.7,NORMAL,N,0.0,12.989347835857831,30.0,0.0,0.0,15,0.0,2.67714406497913,0.0,25,0.0,20,13.658536585367045,0.0,N,,N,
05:54,PRESTIGE,20302,1565.7,-1.27,2.55,,55.0,50.3,NORMAL,Y,0.0,12.737246989091396,30.0,0.0,0.0,15,0.0,0.0,25,0.0,0.0,20,0.0,2.6086956521733113,N,,N,
05:54,KIRLOSBROS,18581,1931.8,-1.23,2.46,,31.9,82.2,NORMAL,N,0.0,12.32169333810529,30.0,0.0,0.0,15,0.0,1.8837813644901256,0.0,25,0.0,20,0.0,8.0,N,,N,
05:54,PHOENIXLTD,14552,1887.0,-1.14,2.27,,56.4,46.4,NORMAL,Y,0.0,11.368994603656963,30.0,0.0,0.0,15,0.0,0.0,25,0.0,0.0,20,1.3559322033893473,0.0,N,,N,
05:54,MUTHOOTFIN,23650,2883.1,-1.12,2.25,,55.0,61.7,NORMAL,Y,0.0,11.24867107925518,30.0,0.0,0.0,15,0.0,0.0,25,0.0,0.0,20,0.0,15.409836065573403,N,,N,
05:54,NTPCGREEN,27176,91.98,-1.11,2.21,,57.5,46.1,NORMAL,Y,0.0,11.07407805612301,30.0,0.0,0.0,15,0.0,0.0,25,0.0,0.0,20,2.499999999999556,0.0,N,,N,
05:54,CHOLAFIN,685,1893.6,-1.09,2.17,,55.0,57.6,NORMAL,N,0.0,10.865022983702563,30.0,0.0,0.0,15,0.0,0.0,25,0.0,0.0,20,0.0,11.764705882352626,N,,N,
05:54,HDFCAMC,4244,2489.3,-1.02,2.04,,55.2,62.6,NORMAL,Y,0.0,10.218687872763345,30.0,0.0,0.0,15,0.0,0.2069070171604142,25,0.0,0.0,20,0.0,17.19999999999891,N,,N,
05:54,MOREPENLAB,2259,76.11,-1.01,2.03,,63.0,49.7,NORMAL,N,0.0,10.144362075692563,30.0,0.0,0.0,15,0.0,4.559510980251226,25,0.0,0.0,20,3.4285714285708018,0.0,N,,N,
05:54,NHPC,17400,76.2,-0.97,1.95,,56.0,59.0,NORMAL,Y,0.0,9.746588693957115,29.239766081871345,0.0,0.0,15,0.0,1.7167959284593464,25,0.0,0.0,20,0.0,12.500000000000888,N,,N,
05:54,LUPIN,10440,2257.1,-0.96,1.91,,53.7,57.6,NORMAL,Y,0.0,9.56601869322927,28.698056079687802,0.0,0.0,15,0.0,0.0,25,0.0,0.0,20,0.0,13.023255813953046,N,,N,
05:54,INDIAMART,10726,1767.6,-0.94,1.87,,64.8,44.4,NORMAL,Y,0.0,9.359412654822647,28.078237964467935,0.0,0.0,15,0.0,0.0,25,0.0,0.0,20,11.764705882352626,0.0,N,,N,
05:54,SANSERA,5751,3777.4,-0.92,1.84,,73.5,30.8,NORMAL,N,0.0,9.180568670653656,27.54170601196097,0.0,0.0,15,0.0,0.9487256800524504,25,0.0,20,0.0,0.0,5.679012345678965,N,,N,
05:54,MANKIND,15380,2403.3,-0.89,1.79,,51.8,50.9,NORMAL,Y,0.0,8.948453608247346,26.845360824742038,0.0,0.0,15,0.0,0.0,25,0.0,0.0,20,0.0,6.999999999998181,N,,N,
05:54,AFFLE,11343,1662.5,-0.88,1.76,,53.0,60.4,NORMAL,N,0.0,8.823704763608152,26.471114290824456,0.0,0.0,15,0.0,1.50865335134086,25,0.0,0.0,20,0.0,15.102040816326436,N,,N,
05:54,GEOJITFSL,11896,76.13,-0.85,1.69,,45.4,68.5,NORMAL,Y,0.0,8.465746288095932,25.397238864287797,0.0,0.0,15,0.0,0.0,0.0,25,0.0,20,20.0,0.0,N,,N,
05:54,DALBHARAT,8075,1822.8,-0.7,1.39,,51.8,42.0,NORMAL,N,0.0,6.973196774896468,20.919590324689402,0.0,0.0,15,0.0,0.0,25,0.0,0.0,20,5.882352941176313,0.0,N,,N,
05:54,SBILIFE,21808,1824.9,-0.69,1.38,,51.8,43.5,NORMAL,Y,0.0,6.911188506747833,20.7335655202435,0.0,0.0,15,0.0,1.5724834621362636,25,0.0,0.0,20,4.444444444444445,0.0,N,,N,
05:54,TECHM,13538,1632.4,-0.65,1.29,,31.8,75.2,NORMAL,N,0.0,6.451612903225751,19.354838709677253,0.0,0.0,15,0.0,8.780825054172547,0.0,25,0.0,20,3.703703703703641,0.0,N,,N,
05:54,BAJAJFINSV,16675,2019.1,-0.63,1.27,,64.0,22.0,NORMAL,N,0.0,6.348425196850438,19.045275590551313,0.0,0.0,15,0.0,0.0,25,0.0,20,0.0,0.0,0.6451612903220127,N,,N,
05:54,ZEEL,3812,91.06,-0.55,1.09,,56.4,40.5,NORMAL,Y,0.0,5.4608999563128,16.3826998689384,0.0,0.0,15,0.0,0.0,25,0.0,0.0,20,15.000000000000355,0.0,N,,N,
05:54,SRF,3273,2556.0,-0.54,1.09,,53.7,40.4,NORMAL,Y,0.0,5.447470817120623,16.342412451361866,0.0,0.0,15,0.0,0.0,25,0.0,0.0,20,12.352941176469724,0.0,N,,N,
05:54,VISAKAIND,4221,99.67,-0.54,1.08,,47.8,40.4,NORMAL,N,0.0,5.388683764095321,16.166051292285964,0.0,0.0,15,0.0,0.0,25,0.0,0.0,20,6.666666666666666,0.0,N,,N,
05:54,INOXWIND,7852,74.0,-0.54,1.08,,44.0,53.8,NORMAL,Y,0.0,5.376344086021582,16.129032258064743,0.0,0.0,15,0.0,2.84747172223931,25,0.0,0.0,20,0.0,10.588235294117105,N,,N,
05:54,ICICIAMC,760407,3039.5,-0.48,0.96,,62.2,38.8,NORMAL,Y,0.0,4.813044332394676,14.439132997184029,0.0,0.0,15,0.0,2.7278613025935794,25,0.0,20,0.0,0.0,16.261682242990748,N,,N,
05:54,HINDUNILVR,1394,2055.3,-0.46,0.93,,40.0,46.5,NORMAL,Y,0.0,4.649135551358375,13.947406654075126,0.0,0.0,15,0.0,1.0035505374129,25,0.0,0.0,20,0.0,5.8823529411771,N,,N,
05:54,GRASIM,1232,3364.8,-0.46,0.93,,38.9,51.8,NORMAL,N,0.0,4.644283390031006,13.932850170093019,0.0,0.0,15,0.0,0.0,25,0.0,0.0,20,0.0,12.147239263803101,N,,N,
05:54,JAGRAN,13211,63.31,-0.46,0.91,,47.6,39.6,NORMAL,N,0.0,4.559748427672943,13.679245283018828,0.0,0.0,15,0.0,0.0,25,0.0,0.0,20,8.888888888889063,0.0,N,,N,
05:54,ASIANPAINT,236,2723.1,-0.45,0.91,,38.6,40.3,NORMAL,Y,0.0,4.532992140376564,13.598976421129692,0.0,0.0,15,0.0,0.0,25,0.0,0.0,20,0.0,0.7692307692300965,N,,N,
05:54,TRENT,1964,2986.5,-0.45,0.9,,27.1,72.4,NORMAL,Y,0.0,4.5,13.499999999999998,0.0,0.0,15,0.0,7.894251413379239,0.0,25,0.0,20,5.67567567567536,0.0,N,,N,
05:54,LGEINDIA,760213,1560.1,-0.41,0.82,,59.3,19.1,NORMAL,N,0.0,4.085541015001654,12.256623045004963,0.0,0.0,15,0.0,0.0,25,0.0,20,0.0,1.9999999999996967,0.0,N,,N,
05:54,BHARTIARTL,10604,1907.5,-0.4,0.8,,41.4,45.6,NORMAL,Y,0.0,4.0204678362573345,12.061403508772003,0.0,0.0,15,0.0,4.336636212098673,25,0.0,0.0,20,0.0,2.2222222222227836,N,,N,
05:54,BAJAJHFL,25270,84.85,-0.39,0.77,,36.6,48.0,NORMAL,Y,0.0,3.874148861235178,11.622446583705536,0.0,0.0,15,0.0,0.0,25,0.0,0.0,20,0.0,9.090909090908621,N,,N,
05:54,COLPAL,15141,2001.0,-0.35,0.7,,35.5,39.6,NORMAL,Y,0.0,3.4860557768924303,10.45816733067729,0.0,0.0,15,0.0,0.0,25,0.0,0.0,20,0.0,1.1111111111101286,N,,N,
05:54,APLAPOLLO,25780,2006.0,-0.33,0.67,,35.5,38.3,NORMAL,N,0.0,3.3288617280270505,9.986585184081152,0.0,0.0,15,0.0,0.0,25,0.0,0.0,20,0.5555555555550292,0.0,N,,N,
05:54,PRICOLLTD,19631,776.6,5.35,10.7,,133.2,1.4,NORMAL,Y,30.0,0.0,30.0,0.0,15,0.0,0.0,1.3570704278160723,25,0.0,20,0.0,11.836734693877702,0.0,N,,N,
05:54,VLSFINANCE,3715,271.0,3.75,7.5,,120.0,20.0,NORMAL,Y,30.0,0.0,30.0,0.0,15,0.0,0.0,0.0,25,0.0,0.0,20,20.0,0.0,N,,N,
05:55,MARKSANS,10579,286.3,2.63,5.27,,124.9,1.3,NORMAL,Y,26.34880803011301,0.0,30.0,0.0,15,0.0,0.0,1.2949515310649584,25,0.0,20,0.0,7.272727272727648,0.0,N,,N,
05:55,UNIONBANK,10753,186.9,2.41,4.82,,116.6,0.0,NORMAL,Y,24.109589041095926,0.0,30.0,0.0,15,0.0,0.0,0.0,25,0.0,20,0.0,2.499999999999556,0.0,N,,N,
05:55,INDIANB,14309,893.7,2.07,4.13,,121.2,0.0,NORMAL,Y,20.671539515760646,0.0,30.0,0.0,15,0.0,0.0,0.0,25,0.0,20,0.0,10.54545454545405,0.0,N,,N,
06:07,TDPOWERSYS,25178,1476.6,15.76,31.51,,128.2,0.0,NORMAL,Y,30.0,0.0,30.0,0.0,15,0.0,0.0,0.0,25,0.0,20,0.0,8.235294117647374,0.0,N,,N,
06:07,NARMADA,6364,417.2,7.53,15.05,,120.0,11.8,NORMAL,Y,30.0,0.0,30.0,0.0,15,0.0,0.0,0.0,25,0.0,20,0.0,0.0,11.764705882352626,N,,N,
06:07,PRICOLLTD,19631,776.45,5.33,10.66,,120.0,7.0,NORMAL,Y,30.0,0.0,30.0,0.0,15,0.0,0.0,0.0,25,0.0,20,0.0,0.0,6.976744186046217,N,,N,
06:07,VLSFINANCE,3715,272.0,4.13,8.27,,120.0,0.0,NORMAL,Y,30.0,0.0,30.0,0.0,15,0.0,0.0,0.0,25,0.0,20,0.0,0.0,0.0,N,,N,
06:07,TVSSCS,18151,131.32,4.13,8.26,,75.0,65.0,NORMAL,N,30.0,0.0,30.0,0.0,15,0.0,0.0,0.0,0.0,25,0.0,20,0.0,20.0,N,,N,
06:07,YUKEN,5501,838.35,4.12,8.23,,124.1,0.0,NORMAL,Y,30.0,0.0,30.0,0.0,15,0.0,0.0,0.0,25,0.0,20,0.0,4.1025641025642425,0.0,N,,N,
06:07,YATRA,18760,118.85,3.97,7.94,,120.0,18.5,NORMAL,Y,30.0,0.0,30.0,0.0,15,0.0,0.0,0.0,25,0.0,20,0.0,0.0,18.518518518518302,N,,N,
06:07,SHIVALIK,7026,266.95,3.93,7.86,,101.5,31.5,NORMAL,Y,30.0,0.0,30.0,0.0,15,0.0,0.0,6.496909162678517,0.0,25,20,0.0,0.0,0.0,N,,N,
06:07,BERGEPAINT,404,555.6,3.86,7.72,,121.1,2.4,NORMAL,Y,30.0,0.0,30.0,0.0,15,0.0,0.0,1.089501004867385,25,0.0,20,0.0,0.0,1.3333333333321207,N,,N,
06:07,PNB,10666,118.3,3.74,7.49,,133.9,0.0,NORMAL,Y,30.0,0.0,30.0,0.0,15,0.0,0.0,0.0,25,0.0,20,0.0,13.913043478260331,0.0,N,,N,
06:07,MARKSANS,10579,288.15,3.3,6.6,,130.6,0.6,NORMAL,Y,30.0,0.0,30.0,0.0,15,0.0,0.0,0.5800758411400637,25,0.0,20,0.0,10.0,0.0,N,,N,
06:07,RELAXO,24225,434.2,2.98,5.95,,139.8,0.0,NORMAL,Y,29.76402229337131,0.0,30.0,0.0,15,0.0,0.0,0.0,25,0.0,20,0.0,20.0,0.0,N,,N,
06:07,VGUARD,15362,333.5,2.84,5.67,,120.3,1.9,NORMAL,Y,28.368794326241098,0.0,30.0,0.0,15,0.0,0.0,1.9170314977798986,25,0.0,20,0.0,0.0,0.0,N,,N,
06:07,HGINFRA,1672,562.7,2.72,5.44,,106.1,20.0,NORMAL,Y,27.199707922599657,0.0,30.0,0.0,15,0.0,0.0,0.0,25,0.0,0.0,20,8.888888888887204,0.0,N,,N,
06:07,HINDALCO,1363,1077.5,2.71,5.41,,72.1,50.5,NORMAL,Y,27.070822609856155,0.0,30.0,0.0,15,0.0,0.0,0.0,0.0,25,0.0,20,0.0,5.454545454549212,N,,N,
06:07,BORORENEW,3149,575.9,2.38,4.76,,113.8,0.0,NORMAL,N,23.82222222222218,0.0,30.0,0.0,15,0.0,0.0,0.0,25,0.0,20,0.0,0.0,0.0,N,,N,
06:07,BATAINDIA,371,715.6,2.25,4.5,,92.5,28.6,NORMAL,Y,22.504822461956138,0.0,30.0,0.0,15,0.0,0.0,0.0,25,0.0,0.0,20,0.0,8.571428571428056,N,,N,
06:07,UNIONBANK,10753,186.55,2.22,4.44,,112.2,2.8,NORMAL,Y,22.19178082191787,0.0,30.0,0.0,15,0.0,0.0,0.0,25,0.0,20,0.0,0.0,2.8125000000000417,N,,N,
06:07,MAHABANK,11377,81.57,3.32,6.64,,120.0,5.5,NORMAL,Y,30.0,0.0,30.0,0.0,15,0.0,0.0,0.0,25,0.0,20,0.0,0.0,5.4545454545456895,N,,N,
06:07,MOIL,20830,284.75,1.9,3.79,,119.0,0.0,NORMAL,Y,18.965825729110794,0.0,30.0,0.0,15,0.0,0.0,0.0,25,0.0,20,0.0,10.0,0.0,N,,N,
06:07,INDIANB,14309,891.8,1.85,3.7,,89.1,20.6,NORMAL,Y,18.501598903608876,0.0,30.0,0.0,15,0.0,0.0,0.6113940203600264,25,0.0,0.0,20,0.0,0.0,N,,N,
06:07,JSWINFRA,19020,347.8,1.74,3.48,,134.7,10.9,NORMAL,Y,17.405294719906358,0.0,30.0,0.0,15,0.0,0.0,10.942961165585583,25,0.0,20,0.0,16.363636363635614,0.0,N,,N,
06:07,SANDHAR,2397,632.7,1.73,3.46,,98.6,20.0,NORMAL,N,17.284347616367874,0.0,30.0,0.0,15,0.0,0.0,0.0,25,0.0,0.0,20,11.304347826088762,0.0,N,,N,
06:07,HALDER,760715,269.3,1.61,3.21,,61.1,45.0,NORMAL,Y,16.073045578025926,0.0,30.0,0.0,15,0.0,0.0,0.0,0.0,25,0.0,20,0.0,0.0,N,,N,
06:07,BAJAJELEC,15034,366.1,1.6,3.19,,106.0,2.5,NORMAL,Y,15.956708755376717,0.0,30.0,0.0,15,0.0,0.0,0.0,25,0.0,20,0.0,0.0,2.5000000000007105,N,,N,
06:07,MSTCLTD,9356,579.9,1.56,3.12,,105.6,20.0,NORMAL,N,15.586690017513096,0.0,30.0,0.0,15,0.0,0.0,0.0,25,0.0,20,0.0,0.0,20.0,N,,N,
06:07,JMFINANCIL,13637,128.08,1.51,3.03,,121.4,0.0,NORMAL,Y,15.138305460886194,0.0,30.0,0.0,15,0.0,0.0,0.0,25,0.0,20,0.0,16.24999999999978,0.0,N,,N,
06:07,CONCOR,4749,518.85,1.34,2.68,,83.4,28.0,NORMAL,Y,13.378906250000044,0.0,30.0,0.0,15,0.0,0.0,0.0,25,0.0,0.0,20,0.0,8.000000000001819,N,,N,
06:07,TRIVENI,13081,241.51,1.3,2.61,,123.0,0.0,NORMAL,N,13.045302013422754,0.0,30.0,0.0,15,0.0,0.0,0.0,25,0.0,20,0.0,20.0,0.0,N,,N,
06:07,MASFIN,199,304.0,1.3,2.6,,103.0,0.0,NORMAL,N,12.995668110629715,0.0,30.0,0.0,15,0.0,0.0,0.0,25,0.0,20,0.0,0.0,0.0,N,,N,
06:07,ZUARIIND,3827,261.6,1.28,2.56,,102.8,20.0,NORMAL,Y,12.775842044134771,0.0,30.0,0.0,15,0.0,0.0,0.0,25,0.0,0.0,20,20.0,0.0,N,,N,
06:07,SHARDAMOTR,10530,888.0,1.27,2.53,,102.7,13.3,NORMAL,Y,12.65822784810129,0.0,30.0,0.0,15,0.0,0.0,0.0,25,0.0,20,0.0,0.0,13.333333333329964,N,,N,
06:07,SBIN,3045,1078.9,1.21,2.42,,102.1,9.1,NORMAL,Y,12.101313320825602,0.0,30.0,0.0,15,0.0,0.0,0.0,25,0.0,20,0.0,0.0,9.090909090909843,N,,N,
06:07,BANKINDIA,4745,144.6,1.19,2.38,,84.5,20.2,NORMAL,Y,11.896431070678716,0.0,30.0,0.0,15,0.0,0.0,0.24010448989476657,25,0.0,0.0,20,2.3529411764686214,0.0,N,,N,
06:07,APCL,20453,105.5,1.18,2.36,,56.8,45.0,NORMAL,Y,11.796298072312306,0.0,30.0,0.0,15,0.0,0.0,0.0,0.0,25,0.0,20,0.0,0.0,N,,Y,NONRESULTS
06:07,BANKBARODA,4668,249.06,1.16,2.32,,64.2,45.1,NORMAL,Y,11.61657189277016,0.0,30.0,0.0,15,0.0,0.0,0.08929671178466357,0.0,25,0.0,20,7.500000000000444,0.0,N,,N,
06:07,WELSPUNLIV,11253,161.51,1.16,2.32,,125.8,11.2,NORMAL,N,11.587122635600617,0.0,30.0,0.0,15,0.0,0.0,11.239381676015785,25,0.0,20,0.0,12.962962962962942,0.0,N,,N,
06:07,INDUSTOWER,29135,373.6,1.15,2.3,,81.5,20.0,NORMAL,N,11.506700961147963,0.0,30.0,0.0,15,0.0,0.0,0.0,25,0.0,0.0,20,0.0,0.0,N,,N,
06:07,ZYDUSWELL,17635,511.85,1.14,2.27,,101.4,20.0,NORMAL,N,11.36139102944082,0.0,30.0,0.0,15,0.0,0.0,0.0,25,0.0,20,0.0,0.0,20.0,N,,N,
06:07,PNBHOUSING,18908,1155.0,1.13,2.26,,102.1,28.3,NORMAL,Y,11.294982926188679,0.0,30.0,0.0,15,0.0,0.0,8.255841114857205,25,0.0,0.0,20,12.500000000000117,0.0,N,,N,
06:07,LTFOODS,13816,423.9,1.1,2.19,,115.8,12.7,NORMAL,Y,10.97066539470538,0.0,30.0,0.0,15,0.0,0.0,12.735234648037022,25,0.0,20,0.0,2.105263157894044,0.0,N,,N,
06:07,ABMKNO,762528,200.0,1.04,2.07,,100.4,0.0,NORMAL,Y,10.356150543066489,0.0,30.0,0.0,15,0.0,0.0,0.0,25,0.0,20,0.0,0.0,0.0,N,,N,
06:07,EXIDEIND,676,488.3,1.02,2.05,,85.2,30.6,NORMAL,Y,10.241026171511303,0.0,30.0,0.0,15,0.0,0.0,4.9878201758984195,25,0.0,0.0,20,0.0,5.600000000000364,N,,N,
06:07,ASTRAL,14418,1438.8,0.98,1.95,,118.4,3.6,NORMAL,Y,9.755070531265254,0.0,29.265211593795765,0.0,15,0.0,0.0,3.5859253932708746,25,0.0,20,0.0,15.7894736842104,0.0,N,,Y,NONRESULTS
06:07,KARURVYSYA,1838,337.45,0.97,1.94,,98.9,0.0,NORMAL,Y,9.724715739078395,0.0,29.174147217235188,0.0,15,0.0,0.0,0.0,25,0.0,20,0.0,0.0,0.0,N,,N,
06:07,SIS,21501,441.75,0.96,1.92,,126.0,8.4,NORMAL,Y,9.598902982516258,0.0,28.796708947548773,0.0,15,0.0,0.0,8.39212493933347,25,0.0,20,0.0,19.166666666667417,0.0,N,,N,
06:07,TIMETECHNO,14707,209.24,0.95,1.89,,97.8,1.1,NORMAL,Y,9.455808568120455,0.0,28.367425704361366,0.0,15,0.0,0.0,0.0,25,0.0,20,0.0,0.0,1.1111111111132164,N,,N,
06:07,WALCHANNAG,3736,235.0,0.95,1.89,,97.8,20.0,NORMAL,N,9.450171821305794,0.0,28.35051546391738,0.0,15,0.0,0.0,0.0,25,0.0,0.0,20,20.0,0.0,N,,N,
06:07,TMCV,759782,454.25,0.93,1.87,,113.8,6.0,NORMAL,Y,9.332296411509807,0.0,27.996889234529423,0.0,15,0.0,0.0,5.951030551162758,25,0.0,20,0.0,10.555555555555362,0.0,N,,N,
06:07,CANBK,10794,131.49,0.91,1.83,,76.5,27.5,NORMAL,Y,9.13277052954718,0.0,27.39831158864154,0.0,15,0.0,0.0,0.0,25,0.0,0.0,20,0.0,7.499999999999112,N,,N,
06:07,JAINREC,759244,300.45,0.91,1.81,,76.3,34.3,NORMAL,N,9.068010075566713,0.0,27.204030226700137,0.0,15,0.0,0.0,0.0,25,0.0,0.0,20,0.0,14.285714285713357,N,,N,
06:07,TNPL,3980,155.38,0.88,1.77,,64.0,45.6,NORMAL,Y,8.83002207505509,0.0,26.490066225165272,0.0,15,0.0,0.0,0.5602083822948015,0.0,25,0.0,20,13.134328358209133,0.0,N,,N,
06:07,CASTROLIND,1250,188.44,0.87,1.73,,109.5,19.1,NORMAL,Y,8.671448453056442,0.0,26.01434535916933,0.0,15,0.0,0.0,14.846437548134686,25,0.0,20,0.0,0.0,4.285714285714431,N,,N,
06:07,TATACAP,759265,370.35,0.86,1.72,,117.0,35.1,NORMAL,Y,8.578431372549112,0.0,25.73529411764734,0.0,15,0.0,0.0,22.659168436367974,25,0.0,20,0.0,0.0,12.413793103448059,N,,N,
06:07,PETRONET,11351,279.2,0.79,1.59,,80.3,20.0,NORMAL,Y,7.942238267147973,0.0,23.82671480144392,0.0,15,0.0,0.0,0.0,25,0.0,0.0,20,8.571428571431355,0.0,N,,N,
06:07,ZYDUSLIFE,7929,1200.4,0.79,1.58,,98.8,0.0,NORMAL,Y,7.89252728799336,0.0,23.677581863980077,0.0,15,0.0,0.0,0.0,25,0.0,20,0.0,7.187500000000466,0.0,N,,N,
06:07,KAJARIACER,1808,1235.1,0.78,1.55,,99.3,4.1,NORMAL,Y,7.7513054830287205,0.0,23.253916449086162,0.0,15,0.0,0.0,4.110104186498514,25,0.0,20,0.0,4.166666666666509,0.0,N,,N,
06:07,USHAMART,8840,513.85,0.77,1.55,,111.1,0.1,NORMAL,Y,7.746616983722387,0.0,23.239850951167163,0.0,15,0.0,0.0,0.12347770594057467,25,0.0,20,0.0,20.0,0.0,N,,N,
06:07,SCI,3048,296.2,0.77,1.53,,52.3,45.0,NORMAL,Y,7.654362986902536,0.0,22.963088960707605,0.0,15,0.0,0.0,0.0,0.0,25,0.0,20,6.666666666661614,0.0,N,,N,
06:07,MEESHO,760229,191.86,0.76,1.52,,70.5,40.0,NORMAL,Y,7.615146263326596,0.0,22.845438789979788,0.0,15,0.0,0.0,0.0,25,0.0,0.0,20,0.0,20.0,N,,N,
06:07,TIPSMUSIC,9117,673.95,0.72,1.45,,89.0,0.0,NORMAL,N,7.248542818711736,0.0,21.745628456135208,0.0,15,0.0,0.0,0.0,25,0.0,20,0.0,0.0,0.0,N,,N,
06:07,PVRINOX,13147,1168.6,0.72,1.45,,44.0,59.5,NORMAL,Y,7.240131011894382,0.0,21.72039303568315,0.0,15,0.0,0.0,0.0,0.0,25,0.0,20,0.0,14.545454545454922,N,,N,
06:07,HSCL,14334,760.95,0.72,1.44,,68.9,34.3,NORMAL,Y,7.213765718067565,0.0,21.641297154202697,0.0,15,0.0,0.0,0.0,25,0.0,0.0,20,0.0,14.285714285713357,N,,N,
06:07,WINDMACHIN,24969,304.7,0.69,1.39,,67.8,20.0,NORMAL,Y,6.939854593522689,0.0,20.819563780568064,0.0,15,0.0,0.0,0.0,25,0.0,0.0,20,0.0,0.0,N,,N,
06:07,LICI,9480,408.8,0.69,1.38,,87.6,2.0,NORMAL,N,6.896551724137958,0.0,20.689655172413875,0.0,15,0.0,0.0,0.0,25,0.0,20,0.0,0.0,2.0000000000004547,N,,N,
06:07,GROWW,759806,194.82,0.68,1.36,,67.3,25.7,NORMAL,N,6.821705426356554,0.0,20.465116279069665,0.0,15,0.0,0.0,0.0,25,0.0,0.0,20,0.0,5.7142857142839745,N,,N,
06:07,BLS,17279,262.5,0.63,1.26,,79.3,20.0,NORMAL,Y,6.286897186230109,0.0,18.860691558690327,0.0,15,0.0,0.0,0.0,25,0.0,0.0,20,14.117647058822087,0.0,N,,N,
06:07,GOCLCORP,3963,432.15,0.61,1.21,,59.3,45.1,NORMAL,Y,6.052846001629533,0.0,18.158538004888598,0.0,15,0.0,0.0,0.13175279456339611,0.0,25,0.0,20,20.0,0.0,N,,N,
06:07,ELGIEQUIP,937,577.3,0.6,1.2,,79.3,20.7,NORMAL,N,6.012024048096074,0.0,18.036072144288223,0.0,15,0.0,0.0,0.7142246345150967,25,0.0,0.0,20,14.545454545451914,0.0,N,,N,
06:07,UFLEX,1053,500.0,0.59,1.19,,73.3,20.4,NORMAL,Y,5.935016597927751,0.0,17.805049793783255,0.0,15,0.0,0.0,0.3627702914201265,25,0.0,0.0,20,9.230769230769903,0.0,N,,N,
06:07,SAIL,2963,173.99,0.57,1.14,,62.9,26.7,NORMAL,Y,5.722543352601209,0.0,17.167630057803624,0.0,15,0.0,0.0,0.0,25,0.0,0.0,20,0.0,6.666666666665088,N,,N,
06:07,INDUSINDBK,5258,1014.3,0.54,1.07,,88.9,0.0,NORMAL,N,5.352363960749309,0.0,16.057091882247928,0.0,15,0.0,0.0,0.0,25,0.0,20,0.0,7.500000000002132,0.0,N,,N,
06:07,HINDZINC,1424,589.75,0.53,1.06,,36.1,48.4,NORMAL,Y,5.284241029574743,0.0,15.852723088724229,0.0,15,0.0,0.0,0.0,0.0,25,0.0,20,0.0,3.4482758620688574,N,,N,
06:07,BIOCON,11373,428.25,0.53,1.06,,81.1,14.3,NORMAL,Y,5.28169014084507,0.0,15.84507042253521,0.0,15,0.0,0.0,0.0,25,0.0,20,0.0,0.0,14.285714285715677,N,,N,
06:07,MCX,31181,2939.2,1.53,3.05,,111.0,0.0,NORMAL,Y,15.267702936096658,0.0,30.0,0.0,15,0.0,0.0,0.0,25,0.0,20,0.0,5.714285714285482,0.0,N,,N,
06:07,VARROC,3857,846.55,0.52,1.04,,78.5,20.0,NORMAL,Y,5.224722436620527,0.0,15.67416730986158,0.0,15,0.0,0.0,0.0,25,0.0,0.0,20,17.64705882352894,0.0,N,,N,
06:07,JINDALSTEL,6733,1100.4,0.49,0.99,,93.1,0.0,NORMAL,Y,4.931506849315151,0.0,14.794520547945455,0.0,15,0.0,0.0,0.0,25,0.0,20,0.0,13.333333333338386,0.0,N,,N,
06:07,CHEMPLASTS,5449,172.52,0.49,0.98,,34.6,51.7,NORMAL,N,4.89282385834112,0.0,14.678471575023359,0.0,15,0.0,0.0,0.0,0.0,25,0.0,20,0.0,6.66666666666035,N,,N,
06:07,SONACOMS,4684,803.9,0.49,0.97,,86.3,9.7,NORMAL,Y,4.874999999999972,0.0,14.624999999999915,0.0,15,0.0,0.0,6.801231603755961,25,0.0,20,0.0,0.0,2.926829268292304,N,,N,
06:07,PENIND,20621,160.05,0.46,0.93,,58.6,37.0,NORMAL,N,4.645031699202869,0.0,13.935095097608606,0.0,15,0.0,0.0,0.0,25,0.0,0.0,20,0.0,17.037037037037738,N,,N,
06:07,SYNGENE,10243,409.0,0.43,0.86,,77.2,0.0,NORMAL,Y,4.297114794352364,0.0,12.89134438305709,0.0,15,0.0,0.0,0.0,25,0.0,20,0.0,0.0,0.0,N,,N,
06:07,AUBANK,21238,1075.5,0.43,0.86,,77.2,10.0,NORMAL,Y,4.295452423195358,0.0,12.886357269586073,0.0,15,0.0,0.0,0.0,25,0.0,20,0.0,0.0,9.999999999998105,N,,N,
06:07,RATNAMANI,13451,2287.0,1.42,2.84,,104.2,0.7,NORMAL,N,14.190687361419068,0.0,30.0,0.0,15,0.0,0.0,0.0,25,0.0,20,0.0,0.0,0.6896551724131441,N,,N,
06:07,TPLPLASTEH,9219,76.96,1.41,2.82,,59.1,45.0,NORMAL,N,14.099354328633458,0.0,30.0,0.0,15,0.0,0.0,0.0,0.0,25,0.0,20,0.0,0.0,N,,N,
06:07,JKPAPER,11860,392.2,0.4,0.79,,75.9,6.7,NORMAL,Y,3.9677460642519176,0.0,11.903238192755753,0.0,15,0.0,0.0,0.0,25,0.0,20,0.0,0.0,6.66666666666793,N,,N,
06:07,ENDURANCE,18822,3010.0,1.38,2.76,,103.8,10.8,NORMAL,Y,13.809363422027618,0.0,30.0,0.0,15,0.0,0.0,0.0,25,0.0,20,0.0,0.0,10.769230769231847,N,,N,
06:08,NUCLEUS,10791,694.05,0.34,0.68,,76.0,22.4,NORMAL,N,3.3974266300417946,0.0,10.192279890125382,0.0,15,0.0,0.0,2.3727343996468666,25,0.0,20,0.0,0.0,20.0,N,,N,
06:08,BHEL,438,404.35,0.33,0.67,,28.8,50.4,NORMAL,N,3.3498759305211485,0.0,10.049627791563445,0.0,15,0.0,0.0,0.4134823416030522,0.0,25,0.0,20,0.0,4.999999999998579,N,,N,
06:08,NIACL,399,179.95,0.32,0.65,,27.9,56.4,NORMAL,Y,3.233539610860144,0.0,9.700618832580433,0.0,15,0.0,0.0,0.0,0.0,25,0.0,20,0.0,11.428571428570269,N,,N,
06:08,TIINDIA,312,2814.0,1.22,2.45,,108.9,0.0,NORMAL,Y,12.230215827338128,0.0,30.0,0.0,15,0.0,0.0,0.0,25,0.0,20,0.0,6.666666666667097,0.0,N,,N,
06:08,MFSL,2142,1516.4,1.16,2.32,,114.4,2.2,NORMAL,N,11.607738492328279,0.0,30.0,0.0,15,0.0,0.0,2.241919740893463,25,0.0,20,0.0,10.52631578947318,0.0,N,,N,
06:08,HYUNDAI,25844,2222.3,1.01,2.03,,102.1,9.5,NORMAL,Y,10.136363636363718,0.0,30.0,0.0,15,0.0,0.0,1.9932097374006086,25,0.0,20,0.0,0.0,7.5,N,,N,
06:08,WELCORP,11821,1853.9,0.93,1.85,,89.3,20.0,NORMAL,Y,9.254722630518808,0.0,27.764167891556426,0.0,15,0.0,0.0,0.0,25,0.0,0.0,20,12.30769230769204,0.0,N,,N,
06:08,NESTLEIND,17963,1505.9,0.85,1.7,,94.0,2.7,NORMAL,Y,8.505223680685804,0.0,25.515671042057416,0.0,15,0.0,0.0,0.0,25,0.0,20,0.0,0.0,2.6666666666672727,N,,N,
06:08,PNBGILTS,8736,80.81,0.85,1.7,,73.9,20.0,NORMAL,N,8.486209908898127,0.0,25.45862972669438,0.0,15,0.0,0.0,0.0,25,0.0,0.0,20,0.0,0.0,N,,N,
06:08,GLAXO,1153,2622.7,0.8,1.6,,92.0,0.7,NORMAL,Y,7.994158115223385,0.0,23.982474345670155,0.0,15,0.0,0.0,0.0,25,0.0,20,0.0,0.0,0.6896551724162804,N,,N,
06:08,BHARATFORG,422,2066.2,0.74,1.48,,105.5,1.8,NORMAL,N,7.41101901511449,0.0,22.233057045343468,0.0,15,0.0,0.0,1.8251344760961647,25,0.0,20,0.0,14.00000000000091,0.0,N,,N,
06:08,BEML,395,1915.4,0.69,1.38,,57.4,45.0,NORMAL,Y,6.886400672869756,0.0,20.659202018609268,0.0,15,0.0,0.0,0.0,0.0,25,0.0,20,14.893617021276452,0.0,N,,N,
06:08,NITTAGELA,762824,1622.1,0.63,1.27,,66.6,41.3,NORMAL,N,6.327935976177068,0.0,18.983807928531206,0.0,15,0.0,0.0,1.335477446364891,25,0.0,0.0,20,0.0,20.0,N,,N,
06:08,MASTEK,2124,1823.5,0.6,1.2,,91.4,0.0,NORMAL,Y,6.013461326271704,0.0,18.04038397881511,0.0,15,0.0,0.0,0.0,25,0.0,20,0.0,7.333333333334243,0.0,N,,N,
06:08,ESCORTS,958,3100.2,0.59,1.17,,40.3,52.2,NORMAL,Y,5.872619317997439,0.0,17.617857953992317,0.0,15,0.0,0.0,1.8003859813786092,0.0,25,0.0,20,0.0,5.384615384617671,N,,N,
06:08,IDFCFIRSTB,11184,84.68,0.49,0.97,,79.5,10.0,NORMAL,Y,4.865313872077974,0.0,14.59594161623392,0.0,15,0.0,0.0,0.0,25,0.0,20,0.0,0.0,10.0,N,,N,
06:08,CREDITACC,4421,1547.0,0.43,0.87,,59.3,28.6,NORMAL,Y,4.349801986626011,0.0,13.049405959878033,0.0,15,0.0,0.0,1.9014677752559728,25,0.0,0.0,20,0.0,6.666666666665543,N,,N,
06:08,ZODIACLOTH,3821,77.56,0.4,0.8,,51.1,25.0,NORMAL,Y,4.0129449838188,0.0,12.0388349514564,0.0,15,0.0,0.0,0.0,0.0,25,20,0.0,0.0,0.0,N,,N,
06:08,ZFCVINDIA,16915,2625.0,0.38,0.76,,63.4,41.5,NORMAL,Y,3.824091778202677,0.0,11.47227533460803,0.0,15,0.0,0.0,8.147385878321264,25,0.0,0.0,20,0.0,13.333333333333332,N,,N,
06:08,BALKRISIND,335,2506.7,0.31,0.62,,72.6,26.6,NORMAL,Y,3.121373404297781,0.0,9.364120212893344,0.0,15,0.0,0.0,6.634759003217777,25,0.0,0.0,20,13.521126760563352,0.0,N,,N,
06:08,GODREJCP,10099,916.2,-10.61,21.23,,46.0,90.0,NORMAL,Y,0.0,30.0,30.0,0.0,0.0,15,0.0,0.0,0.0,25,0.0,20,16.000000000000608,0.0,N,,N,
06:08,JUBLPHARMA,3637,900.1,-6.73,13.45,,60.6,65.0,NORMAL,Y,0.0,30.0,30.0,0.0,0.0,15,0.0,0.0,25,0.0,0.0,20,5.600000000000364,0.0,N,,N,
06:08,MATRIMONY,21726,505.25,-5.93,11.86,,60.1,100.1,NORMAL,N,0.0,30.0,30.0,0.0,0.0,15,0.0,10.142694479291558,0.0,25,0.0,20,20.0,0.0,N,,N,
06:08,TECHNOE,6445,995.75,-5.89,11.78,,55.0,71.1,NORMAL,Y,0.0,30.0,30.0,0.0,0.0,15,0.0,0.0,25,0.0,0.0,20,0.0,6.111111111110761,N,,N,
06:08,FORTIS,14592,885.1,-5.36,10.71,,30.0,91.0,NORMAL,Y,0.0,30.0,30.0,0.0,0.0,15,0.0,0.0,0.0,25,0.0,20,0.0,0.9523809523800243,N,,N,
06:08,RHIM,31163,393.65,-5.27,10.54,,66.7,65.0,NORMAL,Y,0.0,30.0,30.0,0.0,0.0,15,0.0,0.0,25,0.0,0.0,20,11.666666666666982,0.0,N,,N,
06:08,BALRAMCHIN,341,596.0,-5.07,10.13,,69.4,65.0,NORMAL,Y,0.0,30.0,30.0,0.0,0.0,15,0.0,0.0,25,0.0,0.0,20,14.399999999999636,0.0,N,,N,
06:08,RAMCOSYS,7851,619.9,-5.0,9.99,,30.0,90.0,NORMAL,Y,0.0,30.0,30.0,0.0,0.0,15,0.0,0.0,0.0,25,0.0,20,0.0,0.0,N,,N,
06:08,AIIL,23553,550.35,-4.03,8.06,,75.0,65.0,NORMAL,Y,0.0,30.0,30.0,0.0,0.0,15,0.0,0.0,25,0.0,0.0,20,20.0,0.0,N,,N,
06:08,UNICHEMLAB,3579,552.3,-3.75,7.49,,55.3,65.0,NORMAL,N,0.0,30.0,30.0,0.0,0.0,15,0.0,0.0,25,0.0,0.0,20,0.31746031746075287,0.0,N,,N,
06:08,ADANIGREEN,3563,1321.0,-3.29,6.59,,30.0,101.4,NORMAL,Y,0.0,30.0,30.0,0.0,0.0,15,0.0,0.0,0.0,25,0.0,20,0.0,11.428571428570036,N,,N,
06:08,OMNI,760865,578.55,-3.29,6.59,,48.7,91.9,NORMAL,Y,0.0,30.0,30.0,0.0,0.0,15,0.0,1.8577178072927691,0.0,25,0.0,20,16.87499999999997,0.0,N,,N,
06:08,REDINGTON,14255,343.2,-3.2,6.4,,42.7,90.0,NORMAL,N,0.0,30.0,30.0,0.0,0.0,15,0.0,0.0,0.0,25,0.0,20,12.727272727272258,0.0,N,,N,
06:08,WINDLAS,5366,913.0,-3.19,6.38,,33.5,113.5,NORMAL,N,0.0,30.0,30.0,0.0,0.0,15,0.0,3.4937558522732513,0.0,25,0.0,20,0.0,20.0,N,,N,
06:08,MAXHEALTH,22377,1008.0,-3.08,6.15,,33.3,90.0,NORMAL,Y,0.0,30.0,30.0,0.0,0.0,15,0.0,0.0,0.0,25,0.0,20,3.333333333334123,0.0,N,,N,
06:08,JYOTHYLAB,15146,197.8,-3.06,6.12,,55.0,85.0,NORMAL,Y,0.0,30.0,30.0,0.0,0.0,15,0.0,0.0,25,0.0,0.0,20,0.0,20.0,N,,N,
06:08,ASTERDM,1508,829.4,-2.98,5.97,,55.0,70.2,NORMAL,Y,0.0,29.828050064335013,30.0,0.0,0.0,15,0.0,0.0,25,0.0,0.0,20,0.0,5.333333333334545,N,,N,
06:08,BRIGADE,15184,587.65,-2.88,5.77,,30.0,103.1,NORMAL,N,0.0,28.838208560568575,30.0,0.0,0.0,15,0.0,0.0,0.0,25,0.0,20,0.0,14.285714285715677,N,,N,
06:08,HISARMETAL,19322,151.0,-2.82,5.64,,55.0,63.2,NORMAL,Y,0.0,28.18895610760713,30.0,0.0,0.0,15,0.0,0.0,25,0.0,0.0,20,0.0,0.0,N,,N,
06:08,GODREJIND,10925,1255.3,-2.67,5.35,,30.0,106.7,NORMAL,Y,0.0,26.74833307489533,30.0,0.0,0.0,15,0.0,0.0,0.0,25,0.0,20,0.0,20.0,N,,N,
06:08,KNRCON,15283,133.21,-2.65,5.31,,58.6,61.5,NORMAL,N,0.0,26.52733118971058,30.0,0.0,0.0,15,0.0,0.0,25,0.0,0.0,20,3.636363636365046,0.0,N,,N,
06:08,EPACKPEB,759251,240.8,-2.57,5.14,,55.0,80.7,NORMAL,Y,0.0,25.692899049160406,30.0,0.0,0.0,15,0.0,0.0,25,0.0,0.0,20,0.0,20.0,N,,N,
06:08,TMPV,3456,338.7,-2.56,5.12,,55.3,108.7,NORMAL,Y,0.0,25.604142692750383,30.0,0.0,0.0,15,0.0,23.052002984909148,0.0,25,0.0,20,2.222222222222152,0.0,N,,N,
06:08,MRPL,2283,176.55,-2.53,5.07,,55.0,62.0,NORMAL,N,0.0,25.33951639615753,30.0,0.0,0.0,15,0.0,0.0,25,0.0,0.0,20,0.0,1.6666666666650876,N,,N,
06:08,TEJASNET,21131,520.15,-2.52,5.04,,34.2,98.3,NORMAL,Y,0.0,25.206146926536814,30.0,0.0,0.0,15,0.0,4.206612749381638,0.0,25,0.0,20,0.0,8.888888888888609,N,,N,
06:08,HIKAL,9668,212.49,-2.52,5.04,,48.7,92.4,NORMAL,Y,0.0,25.18579686209735,30.0,0.0,0.0,15,0.0,7.253160810885634,0.0,25,0.0,20,11.475409836065666,0.0,N,,N,
06:08,BECTORFOOD,1628,234.58,-2.51,5.02,,76.1,64.8,NORMAL,N,0.0,25.10182029756459,30.0,0.0,0.0,15,0.0,4.675956100862487,25,0.0,0.0,20,16.4285714285716,0.0,N,,N,
06:08,INTELLECT,5926,705.6,-2.49,4.99,,33.5,86.6,NORMAL,Y,0.0,24.942997305327097,30.0,0.0,0.0,15,0.0,1.6323275239571406,0.0,25,0.0,20,1.8749999999996891,0.0,N,,N,
06:08,VIPIND,3703,309.0,-2.49,4.99,,38.3,88.3,NORMAL,N,0.0,24.92899968444297,30.0,0.0,0.0,15,0.0,3.322064112859371,0.0,25,0.0,20,5.0000000000007105,0.0,N,,N,
06:08,PTC,11355,167.7,-2.47,4.94,,30.0,86.5,NORMAL,N,0.0,24.716487350974123,30.0,0.0,0.0,15,0.0,0.0,0.0,25,0.0,20,0.0,1.8181818181801739,N,,N,
06:08,SURYAROSNI,3375,230.1,-2.43,4.86,,30.0,92.4,NORMAL,Y,0.0,24.29716321078751,30.0,0.0,0.0,15,0.0,0.0,0.0,25,0.0,20,0.0,8.108108108108317,N,,N,
06:08,KPITTECH,9683,612.0,-2.39,4.78,,38.6,88.8,NORMAL,N,0.0,23.923444976076556,30.0,0.0,0.0,15,0.0,4.830208297751006,0.0,25,0.0,20,3.809523809522675,0.0,N,,N,
06:08,RUPA,25724,155.03,-2.35,4.7,,46.4,88.6,NORMAL,Y,0.0,23.49458301839248,30.0,0.0,0.0,15,0.0,5.109336932889762,0.0,25,0.0,20,11.290322580645412,0.0,N,,N,
06:08,ERIS,21154,1357.9,-2.33,4.66,,55.0,78.3,NORMAL,Y,0.0,23.304322808026942,30.0,0.0,0.0,15,0.0,0.0,25,0.0,0.0,20,0.0,20.0,N,,N,
06:08,LUXIND,11301,1220.0,-2.31,4.61,,50.0,83.1,NORMAL,Y,0.0,23.06213965406787,30.0,0.0,0.0,15,0.0,0.0,0.0,25,0.0,20,20.0,0.0,N,,N,
06:08,PATANJALI,17029,344.95,-2.28,4.56,,56.8,57.8,NORMAL,Y,0.0,22.804532577903714,30.0,0.0,0.0,15,0.0,0.0,25,0.0,0.0,20,1.818181818180315,0.0,N,,N,
06:08,MANAPPURAM,19061,352.0,-2.22,4.44,,42.0,82.2,NORMAL,Y,0.0,22.222222222222225,30.0,0.0,0.0,15,0.0,0.0,0.0,25,0.0,20,11.999999999998181,0.0,N,,N,
06:08,PARADEEP,9741,148.43,-2.22,4.44,,39.0,104.3,NORMAL,N,0.0,22.20026350461136,30.0,0.0,0.0,15,0.0,8.970682334898022,0.0,25,0.0,20,0.0,13.103448275864231,N,,N,
06:08,KIRIINDUS,16639,417.7,-2.11,4.22,,30.0,82.8,NORMAL,N,0.0,21.092102179517227,30.0,0.0,0.0,15,0.0,0.0,0.0,25,0.0,20,0.0,1.6666666666652454,N,,N,
06:08,KALYANKJIL,2955,589.55,-2.1,4.2,,31.9,96.3,NORMAL,N,0.0,21.00631019594834,30.0,0.0,0.0,15,0.0,1.9352428281566858,0.0,25,0.0,20,0.0,13.33333333333249,N,,N,
06:08,PSPPROJECT,20877,914.9,-2.1,4.19,,60.8,56.0,NORMAL,Y,0.0,20.973782771535603,30.0,0.0,0.0,15,0.0,0.0,25,0.0,0.0,20,5.789473684210967,0.0,N,,N,
06:08,SUDARSCHEM,3327,1087.2,-2.05,4.11,,30.0,91.5,NORMAL,N,0.0,20.5405405405405,30.0,0.0,0.0,15,0.0,0.0,0.0,25,0.0,20,0.0,10.967741935484485,N,,N,
06:08,SONATSOFTW,6596,327.05,-2.05,4.1,,30.3,88.0,NORMAL,N,0.0,20.515124288709092,30.0,0.0,0.0,15,0.0,0.26134908017968633,0.0,25,0.0,20,0.0,7.272727272727461,N,,N,
06:08,GREAVESCOT,1235,193.8,-2.01,4.02,,55.0,68.5,NORMAL,Y,0.0,20.123369400343766,30.0,0.0,0.0,15,0.0,0.0,25,0.0,0.0,20,0.0,13.33333333333586,N,,N,
06:08,PIIND,24184,2600.2,-4.75,9.51,,55.0,66.7,NORMAL,Y,0.0,30.0,30.0,0.0,0.0,15,0.0,0.0,25,0.0,0.0,20,0.0,1.6666666666669825,N,,N,
06:08,TCS,11536,2344.0,-4.16,8.32,,41.8,99.0,NORMAL,Y,0.0,30.0,30.0,0.0,0.0,15,0.0,8.950915071223047,0.0,25,0.0,20,2.8000000000010914,0.0,N,,N,
06:08,LLOYDSME,17313,1918.0,-3.43,6.87,,41.9,90.0,NORMAL,Y,0.0,30.0,30.0,0.0,0.0,15,0.0,0.0,0.0,25,0.0,20,11.85185185185182,0.0,N,,N,
06:08,IFCI,1491,73.38,-3.06,6.13,,37.8,97.8,NORMAL,Y,0.0,30.0,30.0,0.0,0.0,15,0.0,7.815367872378719,0.0,25,0.0,20,0.0,0.0,N,,N,
06:08,BSOFT,6994,313.95,-1.98,3.97,,51.8,81.6,NORMAL,N,0.0,19.825163908835535,30.0,0.0,0.0,15,0.0,1.8069288851750378,0.0,25,0.0,20,20.0,0.0,N,,N,
06:08,UNOMINDA,14154,1250.0,-1.96,3.92,,42.9,82.8,NORMAL,N,0.0,19.607843137254903,30.0,0.0,0.0,15,0.0,3.161422465531924,0.0,25,0.0,20,9.714285714285975,0.0,N,,N,
06:08,VMM,27969,108.1,-1.95,3.9,,30.0,85.2,NORMAL,Y,0.0,19.501133786848126,30.0,0.0,0.0,15,0.0,0.0,0.0,25,0.0,20,0.0,5.714285714286584,N,,N,
06:08,VAIBHAVGBL,11364,233.05,-1.94,3.87,,59.7,55.5,NORMAL,Y,0.0,19.35619608668207,30.0,0.0,0.0,15,0.0,1.1120280426340263,25,0.0,0.0,20,3.6363636363633542,0.0,N,,N,
06:08,HAPPSTMNDS,48,386.95,-1.88,3.75,,36.7,78.8,NORMAL,Y,0.0,18.76505642196027,30.0,0.0,0.0,15,0.0,0.0,0.0,25,0.0,20,6.66666666666414,0.0,N,,N,
06:08,EXICOM,22947,141.25,-1.88,3.75,,64.3,53.8,NORMAL,Y,0.0,18.756512678013124,30.0,0.0,0.0,15,0.0,0.0,25,0.0,0.0,20,9.333333333332071,0.0,N,,N,
06:08,SAPPHIRE,6718,231.65,-1.85,3.7,,95.8,34.6,NORMAL,N,0.0,18.51538005253794,30.0,0.0,0.0,15,0.0,1.1123333382158096,25,0.0,20,0.0,19.66101694915189,0.0,N,,N,
06:08,ZUARI,29050,221.25,-1.85,3.7,,55.0,53.5,NORMAL,Y,0.0,18.4988022358264,30.0,0.0,0.0,15,0.0,0.0,25,0.0,0.0,20,0.0,0.0,N,,N,
06:08,KSB,1949,796.85,-1.85,3.7,,55.0,59.9,NORMAL,Y,0.0,18.476319517152184,30.0,0.0,0.0,15,0.0,0.0,25,0.0,0.0,20,0.0,6.451612903225522,N,,N,
06:08,MEDANTA,11956,1413.8,-1.85,3.69,,71.3,58.5,NORMAL,N,0.0,18.467092474312786,30.0,0.0,0.0,15,0.0,5.063683574150114,25,0.0,0.0,20,11.200000000000728,0.0,N,,N,
06:08,SPARC,14788,201.5,-1.83,3.66,,42.2,78.3,NORMAL,Y,0.0,18.31823053688001,30.0,0.0,0.0,15,0.0,0.0,0.0,25,0.0,20,12.244897959183909,0.0,N,,N,
06:08,FSL,14304,274.5,-1.82,3.65,,40.9,78.2,NORMAL,Y,0.0,18.240343347639566,30.0,0.0,0.0,15,0.0,0.0,0.0,25,0.0,20,10.909090909091097,0.0,N,,N,
06:08,SURYODAY,2970,160.68,-1.82,3.64,,31.0,80.3,NORMAL,Y,0.0,18.208480997189234,30.0,0.0,0.0,15,0.0,1.0483046504914544,0.0,25,0.0,20,0.0,0.9999999999991473,N,,N,
06:08,NLCINDIA,8585,280.9,-1.8,3.6,,31.1,95.1,NORMAL,Y,0.0,18.003845481559285,30.0,0.0,0.0,15,0.0,1.1217720941516836,0.0,25,0.0,20,0.0,15.99999999999909,N,,N,
06:08,TATACONSUM,3432,1058.7,-1.79,3.58,,33.1,87.7,NORMAL,Y,0.0,17.90352504638215,30.0,0.0,0.0,15,0.0,3.1134576273590477,0.0,25,0.0,20,0.0,6.666666666667388,N,,N,
06:08,EMSLIMITED,18593,386.85,-1.79,3.58,,55.0,72.9,NORMAL,Y,0.0,17.897943640517784,30.0,0.0,0.0,15,0.0,0.0,25,0.0,0.0,20,0.0,20.0,N,,N,
06:08,GMRAIRPORT,13528,103.23,-1.79,3.58,,34.6,91.7,NORMAL,Y,0.0,17.886024165160265,30.0,0.0,0.0,15,0.0,4.602968924063169,0.0,25,0.0,20,0.0,9.230769230769903,N,,N,
06:08,ROLEXRINGS,5279,174.13,-1.78,3.56,,64.8,52.8,NORMAL,N,0.0,17.82390433752607,30.0,0.0,0.0,15,0.0,0.0,25,0.0,0.0,20,9.78723404255399,0.0,N,,N,
06:08,MARICO,4067,839.8,-1.78,3.56,,30.0,93.3,NORMAL,Y,0.0,17.77777777777783,30.0,0.0,0.0,15,0.0,0.0,0.0,25,0.0,20,0.0,15.555555555554994,N,,N,
06:08,TREJHARA,7518,162.6,-1.78,3.55,,62.6,60.3,NORMAL,N,0.0,17.76005799202608,30.0,0.0,0.0,15,0.0,7.587959940422994,25,0.0,0.0,20,0.0,0.0,N,,N,
06:08,NBCC,31415,91.2,-2.77,5.54,,41.5,94.5,NORMAL,Y,0.0,27.718550106609747,30.0,0.0,0.0,15,0.0,6.783055673241077,0.0,25,0.0,20,4.761904761904311,0.0,N,,N,
06:08,MAITHANALL,24538,987.95,-1.76,3.51,,55.0,52.6,NORMAL,N,0.0,17.5517104216388,30.0,0.0,0.0,15,0.0,0.0,25,0.0,0.0,20,0.0,0.0,N,,N,
06:08,ANGELONE,324,286.3,-1.75,3.5,,75.0,52.5,NORMAL,Y,0.0,17.501715854495423,30.0,0.0,0.0,15,0.0,0.0,25,0.0,0.0,20,20.0,0.0,N,,N,
06:08,TATASTEEL,3499,185.01,-1.72,3.44,,36.6,86.9,NORMAL,Y,0.0,17.211155378486104,30.0,0.0,0.0,15,0.0,6.6464794172940875,0.0,25,0.0,20,0.0,3.000000000000284,N,,N,
06:08,JUBLINGREA,2783,720.5,-1.72,3.44,,40.0,77.2,NORMAL,Y,0.0,17.187286864002214,30.0,0.0,0.0,15,0.0,0.0,0.0,25,0.0,20,9.999999999998966,0.0,N,,N,
06:08,BPCL,526,312.35,-1.71,3.43,,31.2,80.8,NORMAL,Y,0.0,17.14915040906227,30.0,0.0,0.0,15,0.0,1.1926129580901763,0.0,25,0.0,20,0.0,2.5000000000003553,N,,N,
06:08,ADANIPOWER,17388,205.45,-1.7,3.4,,30.0,84.5,NORMAL,Y,0.0,16.98564593301441,30.0,0.0,0.0,15,0.0,0.0,0.0,25,0.0,20,0.0,7.500000000000444,N,,N,
06:08,RALLIS,2816,207.95,-1.68,3.36,,63.5,56.2,NORMAL,Y,0.0,16.784869976359392,30.0,0.0,0.0,15,0.0,4.392694863277984,25,0.0,0.0,20,4.090909090909268,0.0,N,,N,
06:08,M&M,2031,3423.0,-2.67,5.35,,58.5,81.9,NORMAL,N,0.0,26.727324424225195,30.0,0.0,0.0,15,0.0,3.534965570635639,25,0.0,0.0,20,0.0,16.666666666666668,N,,N,
06:08,WESTLIFE,11580,573.75,-1.66,3.33,,48.6,76.6,NORMAL,N,0.0,16.625246379295646,30.0,0.0,0.0,15,0.0,0.0,0.0,25,0.0,20,18.57142857142973,0.0,N,,N,
06:08,RSYSTEMS,13414,240.9,-1.65,3.31,,75.0,51.5,NORMAL,Y,0.0,16.533986527862762,30.0,0.0,0.0,15,0.0,0.0,25,0.0,0.0,20,20.0,0.0,N,,N,
06:08,INFY,1594,1171.1,-1.65,3.29,,32.3,77.1,NORMAL,N,0.0,16.46090534979435,30.0,0.0,0.0,15,0.0,0.6545803191388819,0.0,25,0.0,20,1.6666666666688772,0.0,N,,N,
06:08,PRAJIND,2705,324.5,-1.64,3.27,,42.5,76.4,NORMAL,Y,0.0,16.36859654440733,30.0,0.0,0.0,15,0.0,0.0,0.0,25,0.0,20,12.50000000000071,0.0,N,,N,
06:08,ZENSARTECH,1076,492.45,-1.63,3.26,,30.0,96.3,NORMAL,Y,0.0,16.28046344386743,30.0,0.0,0.0,15,0.0,0.0,0.0,25,0.0,20,0.0,20.0,N,,N,
06:08,SHALBY,714,159.06,-1.61,3.23,,64.8,91.0,NORMAL,Y,0.0,16.14399703098896,30.0,0.0,0.0,15,0.0,14.847150948477971,0.0,25,0.0,20,20.0,0.0,N,,N,
06:08,NELCO,2388,979.1,-1.61,3.22,,57.0,71.7,NORMAL,N,0.0,16.0787860516531,30.0,0.0,0.0,15,0.0,2.0075878507036,25,0.0,0.0,20,0.0,18.620689655172875,N,,N,
06:08,PREMIERENE,25049,1033.2,-1.6,3.2,,30.0,81.0,NORMAL,Y,0.0,15.999999999999954,30.0,0.0,0.0,15,0.0,0.0,0.0,25,0.0,20,0.0,5.000000000001421,N,,N,
06:08,CENTURYPLY,13305,764.0,-1.6,3.19,,51.9,87.4,NORMAL,Y,0.0,15.971148892323514,30.0,0.0,0.0,15,0.0,11.455551555118031,0.0,25,0.0,20,10.47619047619223,0.0,N,,N,
06:08,EIDPARRY,916,775.95,-1.59,3.18,,66.0,50.9,NORMAL,Y,0.0,15.916296766011355,30.0,0.0,0.0,15,0.0,0.0,25,0.0,0.0,20,10.99999999999909,0.0,N,,N,
06:08,MUKANDLTD,11325,138.38,-1.59,3.17,,30.0,75.9,NORMAL,Y,0.0,15.85946945451972,30.0,0.0,0.0,15,0.0,0.0,0.0,25,0.0,20,0.0,0.0,N,,N,
06:08,MAXESTATES,19646,419.9,-1.58,3.16,,76.5,52.4,NORMAL,N,0.0,15.820930505097856,30.0,0.0,0.0,15,0.0,1.533567043620795,25,0.0,20,0.0,0.0,20.0,N,,N,
06:08,SUPREMEIND,3363,3405.0,-2.58,5.15,,91.4,40.8,NORMAL,Y,0.0,25.751072961373392,30.0,0.0,0.0,15,0.0,0.0,25,0.0,20,0.0,16.41791044776164,0.0,N,,N,
06:08,AVANTIFEED,7936,846.3,-1.57,3.14,,50.0,66.9,NORMAL,Y,0.0,15.701325889741799,30.0,0.0,0.0,15,0.0,0.0,0.0,25,20,0.0,0.0,11.212121212121504,N,,N,
06:08,BEL,383,399.55,-1.55,3.1,,45.8,79.4,NORMAL,Y,0.0,15.522976469138873,30.0,0.0,0.0,15,0.0,3.8295898890865328,0.0,25,0.0,20,11.999999999998181,0.0,N,,N,
06:08,ZENITHEXPO,4176,247.35,-1.48,2.96,,55.0,49.8,NORMAL,N,0.0,14.816585016130958,30.0,0.0,0.0,15,0.0,0.0,25,0.0,0.0,20,0.0,0.0,N,,N,
06:08,DEVYANI,5373,140.72,-1.45,2.9,,75.0,30.6,NORMAL,N,0.0,14.496813502346056,30.0,0.0,0.0,15,0.0,0.0,25,0.0,20,0.0,0.0,1.142857142857746,N,,N,
06:08,DEEPAKNTR,19943,1741.1,-2.45,4.9,,55.0,62.5,NORMAL,N,0.0,24.484536082474257,30.0,0.0,0.0,15,0.0,0.0,25,0.0,0.0,20,0.0,2.9999999999995453,N,,N,
06:08,PDSL,5264,371.05,-1.45,2.9,,55.0,69.5,NORMAL,N,0.0,14.47543160690568,30.0,0.0,0.0,15,0.0,0.0,25,0.0,0.0,20,0.0,20.0,N,,N,
06:08,360ONE,13061,1151.1,-1.45,2.89,,55.0,57.8,NORMAL,N,0.0,14.469178082191858,30.0,0.0,0.0,15,0.0,0.0,25,0.0,0.0,20,0.0,8.333333333333018,N,,N,
06:08,DABUR,772,406.75,-1.43,2.86,,46.8,78.6,NORMAL,Y,0.0,14.297831091724166,30.0,0.0,0.0,15,0.0,4.283157067919585,0.0,25,0.0,20,12.50000000000071,0.0,N,,N,
06:08,WHIRLPOOL,18011,783.7,-1.43,2.86,,47.1,74.3,NORMAL,Y,0.0,14.275831708697453,30.0,0.0,0.0,15,0.0,0.0,0.0,25,0.0,20,17.14285714285745,0.0,N,,N,
06:08,GULFOILLUB,4391,1172.9,-1.42,2.84,,55.0,69.2,NORMAL,N,0.0,14.204067910573093,30.0,0.0,0.0,15,0.0,0.0,25,0.0,0.0,20,0.0,20.0,N,,N,
06:08,WOCKPHARMA,7506,1863.5,-2.4,4.81,,60.3,59.0,NORMAL,Y,0.0,24.038965119933014,30.0,0.0,0.0,15,0.0,0.0,25,0.0,0.0,20,5.294117647059217,0.0,N,,N,
06:08,ABDL,24308,611.1,-1.4,2.81,,55.0,58.0,NORMAL,Y,0.0,14.036786060019253,30.0,0.0,0.0,15,0.0,0.0,25,0.0,0.0,20,0.0,8.965517241378716,N,,N,
06:08,TATAPOWER,3426,374.75,-1.38,2.76,,33.7,84.2,NORMAL,Y,0.0,13.81578947368421,30.0,0.0,0.0,15,0.0,3.6764344669641207,0.0,25,0.0,20,0.0,6.66666666666793,N,,N,
06:08,GANESHHOU,14339,753.4,-1.38,2.76,,30.0,73.8,NORMAL,Y,0.0,13.809804306564654,30.0,0.0,0.0,15,0.0,0.0,0.0,25,0.0,20,0.0,0.0,N,,N,
06:08,PCBL,2649,317.75,-1.37,2.73,,31.9,75.6,NORMAL,Y,0.0,13.65823374204556,30.0,0.0,0.0,15,0.0,1.8929379167347709,0.0,25,0.0,20,0.0,0.0,N,,N,
06:08,RAMKY,20134,390.85,-1.36,2.73,,30.0,73.6,NORMAL,Y,0.0,13.627760252365874,30.0,0.0,0.0,15,0.0,0.0,0.0,25,0.0,20,0.0,0.0,N,,N,
06:08,MOTILALOFS,14947,875.9,-1.36,2.73,,55.0,53.9,NORMAL,Y,0.0,13.626126126126152,30.0,0.0,0.0,15,0.0,0.0,25,0.0,0.0,20,0.0,5.26315789473659,N,,N,
06:08,THYROCARE,17032,640.55,-1.36,2.71,,55.0,59.6,NORMAL,N,0.0,13.552013552013658,30.0,0.0,0.0,15,0.0,0.0,25,0.0,0.0,20,0.0,11.000000000001364,N,,N,
06:08,LTF,24948,311.15,-1.35,2.69,,55.0,53.5,NORMAL,Y,0.0,13.474952441344326,30.0,0.0,0.0,15,0.0,0.0,25,0.0,0.0,20,0.0,5.0,N,,N,
06:08,IEX,220,124.32,-1.33,2.67,,30.0,79.3,NORMAL,Y,0.0,13.333333333333387,30.0,0.0,0.0,15,0.0,0.0,0.0,25,0.0,20,0.0,6.000000000000568,N,,N,
06:08,TRITURBINE,25584,592.35,-1.33,2.67,,55.0,56.7,NORMAL,Y,0.0,13.325560089947531,30.0,0.0,0.0,15,0.0,0.0,25,0.0,0.0,20,0.0,8.387096774193502,N,,N,
06:08,SUNTECK,17641,292.6,-1.33,2.66,,55.0,54.0,NORMAL,Y,0.0,13.319844882819046,30.0,0.0,0.0,15,0.0,0.0,25,0.0,0.0,20,0.0,5.714285714284322,N,,N,
06:08,SCHNEIDER,31234,1384.7,-1.33,2.65,,40.3,80.9,NORMAL,N,0.0,13.254471602650831,30.0,0.0,0.0,15,0.0,7.599390677113509,0.0,25,0.0,20,2.7450980392157915,0.0,N,,N,
06:08,HEXT,29666,557.85,-1.29,2.58,,49.1,74.2,NORMAL,Y,0.0,12.916924710253834,30.0,0.0,0.0,15,0.0,1.3248953315077268,0.0,25,0.0,20,17.777777777780024,0.0,N,,N,
06:08,NEWGEN,1164,547.95,-1.29,2.58,,55.0,66.2,NORMAL,Y,0.0,12.88056206088989,30.0,0.0,0.0,15,0.0,0.0,25,0.0,0.0,20,0.0,18.333333333334913,N,,N,
06:08,PFC,14299,376.1,-1.29,2.57,,45.1,77.9,NORMAL,Y,0.0,12.860892388451383,30.0,0.0,0.0,15,0.0,5.054113465589975,0.0,25,0.0,20,10.0,0.0,N,,N,
06:08,ETERNAL,5097,313.95,-1.27,2.55,,30.0,82.7,NORMAL,N,0.0,12.73584905660381,30.0,0.0,0.0,15,0.0,0.0,0.0,25,0.0,20,0.0,9.999999999998105,N,,N,
06:08,KIMS,4847,802.75,-1.27,2.53,,33.6,80.7,NORMAL,Y,0.0,12.668347580099567,30.0,0.0,0.0,15,0.0,3.593374899985263,0.0,25,0.0,20,0.0,4.400000000000546,N,,N,
06:08,SANGAMIND,4184,574.7,-1.25,2.49,,55.0,60.0,NORMAL,Y,0.0,12.45811495832975,30.0,0.0,0.0,15,0.0,0.0,25,0.0,0.0,20,0.0,12.549019607842979,N,,N,
06:08,ASAHIINDIA,5378,890.45,-1.24,2.48,,55.0,52.1,NORMAL,Y,0.0,12.421671380247249,30.0,0.0,0.0,15,0.0,0.0,25,0.0,0.0,20,0.0,4.705882352942121,N,,N,
06:08,EBGNG,757862,565.5,-1.23,2.46,,61.9,47.3,NORMAL,N,0.0,12.313335079905606,30.0,0.0,0.0,15,0.0,0.0,25,0.0,0.0,20,6.923076923076116,0.0,N,,N,
06:08,HCG,15555,730.05,-1.2,2.41,,55.0,67.0,NORMAL,N,0.0,12.044116652006347,30.0,0.0,0.0,15,0.0,0.0,25,0.0,0.0,20,0.0,20.0,N,,N,
06:08,GARFIBRES,1100,777.0,-1.2,2.39,,80.6,52.6,NORMAL,N,0.0,11.95320447609356,30.0,0.0,0.0,15,0.0,5.624775115127082,25,0.0,0.0,20,20.0,0.0,N,,N,
06:08,SWANCORP,27095,307.55,-1.19,2.38,,40.7,74.8,NORMAL,Y,0.0,11.887550200803176,30.0,0.0,0.0,15,0.0,2.9448969843664954,0.0,25,0.0,20,7.777777777778479,0.0,N,,N,
06:08,LXCHEM,2841,172.85,-1.17,2.33,,34.1,95.8,NORMAL,Y,0.0,11.664474812739392,30.0,0.0,0.0,15,0.0,4.118204764040817,0.0,25,0.0,20,0.0,20.0,N,,N,
06:08,WSTCSTPAPR,3799,590.2,-1.16,2.31,,55.0,48.2,NORMAL,N,0.0,11.555853290906006,30.0,0.0,0.0,15,0.0,0.0,25,0.0,0.0,20,0.0,1.6216216216214554,N,,N,
06:08,ITDC,19299,668.9,-1.15,2.29,,30.0,91.5,NORMAL,Y,0.0,11.45348407596246,30.0,0.0,0.0,15,0.0,0.0,0.0,25,0.0,20,0.0,20.0,N,,N,
06:08,ORIENTCEM,30089,132.6,-1.14,2.28,,33.5,71.4,NORMAL,Y,0.0,11.406844106463888,30.0,0.0,0.0,15,0.0,0.0,0.0,25,0.0,20,3.529411764705981,0.0,Y,NONRESULTS,N,
06:08,WIPRO,3787,182.55,-1.11,2.22,,44.3,72.6,NORMAL,N,0.0,11.10509209100749,30.0,0.0,0.0,15,0.0,1.4866048476118563,0.0,25,0.0,20,12.857142857144597,0.0,N,,N,
06:08,INDHOTEL,1512,716.1,-1.09,2.18,,44.6,71.7,NORMAL,Y,0.0,10.91160220994472,30.0,0.0,0.0,15,0.0,0.8065345499895873,0.0,25,0.0,20,13.750000000000533,0.0,N,,Y,NONRESULTS
06:08,RAYMOND,2859,617.5,-1.09,2.18,,77.0,25.9,NORMAL,N,0.0,10.892199263174685,30.0,0.0,0.0,15,0.0,0.0,25,0.0,20,0.0,1.999999999998181,0.0,N,,N,
06:08,POLICYBZR,6656,1697.0,-2.08,4.15,,68.5,55.8,NORMAL,N,0.0,20.7732256203116,30.0,0.0,0.0,15,0.0,0.0,25,0.0,0.0,20,13.529411764705252,0.0,N,,N,
06:08,HCLTECH,7229,1350.8,-1.07,2.14,,41.1,75.1,NORMAL,N,0.0,10.692837263805579,30.0,0.0,0.0,15,0.0,4.454471489013765,0.0,25,0.0,20,6.666666666666035,0.0,N,,N,
06:08,CROMPTON,17094,242.8,-1.06,2.12,,44.3,73.9,NORMAL,Y,0.0,10.59494702526485,30.0,0.0,0.0,15,0.0,3.3491213227117256,0.0,25,0.0,20,10.909090909091097,0.0,N,,N,
06:08,ROUTE,128,524.55,-1.05,2.09,,47.0,72.1,NORMAL,Y,0.0,10.46972269383148,30.0,0.0,0.0,15,0.0,1.614369715905752,0.0,25,0.0,20,15.384615384615923,0.0,N,,N,
06:08,JUBLFOOD,18096,483.1,-1.04,2.09,,85.8,25.5,NORMAL,N,0.0,10.44653830397371,30.0,0.0,0.0,15,0.0,0.0354408388489047,25,0.0,20,0.0,10.769230769231847,0.0,N,,N,
06:08,RGL,15129,114.0,-1.04,2.08,,90.3,34.8,NORMAL,Y,0.0,10.41666666666669,30.0,0.0,0.0,15,0.0,9.407459977765146,25,0.0,20,0.0,5.846153846153726,0.0,N,,N,
06:08,GAIL,4717,173.54,-1.03,2.05,,32.5,82.8,NORMAL,Y,0.0,10.265769362381723,30.0,0.0,0.0,15,0.0,2.5341247951641077,0.0,25,0.0,20,0.0,10.0,N,,N,
06:08,ACC,22,1326.1,-1.02,2.05,,32.0,70.2,NORMAL,Y,0.0,10.225406777130951,30.0,0.0,0.0,15,0.0,0.0,0.0,25,0.0,20,1.999999999998181,0.0,N,,N,
06:08,M&MFIN,13285,394.75,-1.02,2.03,,42.0,85.2,NORMAL,N,0.0,10.155466399197621,30.0,0.0,0.0,15,0.0,12.004454985383664,0.0,25,0.0,20,0.0,3.076923076922135,N,,N,
06:08,RITES,3761,224.37,-1.01,2.03,,30.5,76.0,NORMAL,N,0.0,10.146909604270451,30.0,0.0,0.0,15,0.0,0.5335354527842245,0.0,25,0.0,20,0.0,5.333333333332575,N,,N,
06:08,JINDALSAW,3024,270.8,-1.01,2.01,,31.1,88.3,NORMAL,N,0.0,10.05300676293182,30.0,0.0,0.0,15,0.0,1.059004523680395,0.0,25,0.0,20,0.0,17.142857142856677,N,,N,
06:08,SHREEPUSHK,10588,409.45,-1.0,2.01,,55.0,45.0,NORMAL,N,0.0,10.033849129593893,30.0,0.0,0.0,15,0.0,0.0,25,0.0,0.0,20,0.0,0.0,N,,Y,NONRESULTS
06:08,MUNJALAU,13511,101.0,-1.0,2.0,,57.3,45.0,NORMAL,Y,0.0,9.998039600078378,29.99411880023513,0.0,0.0,15,0.0,0.0,25,0.0,0.0,20,2.3529411764700963,0.0,N,,N,
06:08,SHRIRAMFIN,4306,1118.7,-0.99,1.98,,29.7,77.4,NORMAL,N,0.0,9.912381626692667,29.737144880078002,0.0,0.0,15,0.0,0.0,0.0,25,0.0,20,0.0,7.500000000002132,N,,N,
06:08,PRINCEPIPE,16045,268.4,-0.98,1.96,,54.3,61.9,NORMAL,Y,0.0,9.776793949455945,29.330381848367836,0.0,0.0,15,0.0,0.0,25,0.0,0.0,20,0.0,17.142857142856677,N,,N,
06:08,ROSSARI,19410,500.0,-0.97,1.94,,74.1,44.7,NORMAL,Y,0.0,9.70489205783319,29.114676173499568,0.0,0.0,15,0.0,0.0,25,0.0,0.0,20,20.0,0.0,N,,N,
06:08,BAJFINANCE,317,1082.7,-0.97,1.94,,54.1,60.7,NORMAL,Y,0.0,9.695417543217697,29.086252629653096,0.0,0.0,15,0.0,0.0,25,0.0,0.0,20,0.0,15.99999999999909,N,,N,
06:08,APTUS,5435,254.25,-0.95,1.91,,68.6,44.5,NORMAL,Y,0.0,9.544215037008136,28.632645111024406,0.0,0.0,15,0.0,0.0,25,0.0,0.0,20,14.999999999998934,0.0,N,,N,
06:08,ANTHEM,757885,883.15,-0.95,1.91,,54.4,44.5,NORMAL,N,0.0,9.532888465204957,28.598665395614873,0.0,0.0,15,0.0,0.0,25,0.0,0.0,20,0.8333333333326227,0.0,N,,N,
06:08,SUPRAJIT,11689,526.2,-0.95,1.9,,69.9,44.5,NORMAL,N,0.0,9.505882352941093,28.517647058823275,0.0,0.0,15,0.0,0.0,25,0.0,0.0,20,16.363636363635237,0.0,N,,N,
06:08,BLUESTARCO,8311,1483.7,-0.95,1.9,,74.7,49.8,NORMAL,Y,0.0,9.479938580679649,28.439815742038945,0.0,0.0,15,0.0,5.341406618193719,25,0.0,0.0,20,15.901639344261937,0.0,N,,N,
06:08,RCF,2866,124.36,-0.95,1.9,,57.6,62.9,NORMAL,Y,0.0,9.47829549980086,28.434886499402577,0.0,0.0,15,0.0,4.123737463783179,25,0.0,0.0,20,0.0,14.285714285713416,N,,N,
06:08,ATGL,6066,659.95,-0.93,1.86,,52.9,60.3,NORMAL,Y,0.0,9.307213090144758,27.921639270434277,0.0,0.0,15,0.0,0.0,25,0.0,0.0,20,0.0,16.000000000003638,N,,N,
06:08,KPRMILL,14912,1086.3,-0.93,1.86,,53.4,44.3,NORMAL,N,0.0,9.30232558139539,27.90697674418617,0.0,0.0,15,0.0,0.0,25,0.0,0.0,20,0.4651162790693494,0.0,N,,N,
06:08,MAHLOG,385,405.55,-0.93,1.86,,47.5,72.0,NORMAL,N,0.0,9.283009649444267,27.8490289483328,0.0,0.0,15,0.0,2.748259312154012,0.0,25,0.0,20,16.923076923077865,0.0,N,,N,
06:08,IREDA,20261,117.6,-0.93,1.85,,34.5,69.3,NORMAL,Y,0.0,9.267059814658877,27.801179443976626,0.0,0.0,15,0.0,0.0,0.0,25,0.0,20,6.666666666666666,0.0,N,,N,
06:08,JKIL,15266,493.0,-0.92,1.85,,52.7,64.2,NORMAL,Y,0.0,9.244372990353742,27.733118971061227,0.0,0.0,15,0.0,0.0,25,0.0,0.0,20,0.0,20.0,N,,N,
06:08,PURVA,14922,210.36,-0.92,1.84,,52.6,64.2,NORMAL,Y,0.0,9.184682775187174,27.554048325561517,0.0,0.0,15,0.0,0.0,25,0.0,0.0,20,0.0,20.0,N,,N,
06:08,HDBFS,757772,686.75,-0.92,1.83,,46.4,69.2,NORMAL,Y,0.0,9.161737123070298,27.48521136921089,0.0,0.0,15,0.0,0.0,0.0,25,0.0,20,18.888888888889873,0.0,N,,N,
06:08,XCHANGING,11705,67.13,-1.91,3.83,,31.5,84.0,NORMAL,N,0.0,19.140853302162512,30.0,0.0,0.0,15,0.0,1.5013229778139088,0.0,25,0.0,20,0.0,3.333333333334912,N,,N,
06:08,RBLBANK,18391,386.2,-0.9,1.8,,31.4,69.5,NORMAL,N,0.0,8.981267641775725,26.943802925327176,0.0,0.0,15,0.0,0.49160217865011824,0.0,25,0.0,20,4.0000000000009095,0.0,N,,N,
06:08,ICICIPRULI,18652,497.0,-0.9,1.79,,66.9,49.0,NORMAL,Y,0.0,8.97308075772682,26.919242273180462,0.0,0.0,15,0.0,0.0,0.0,25,20,0.0,20.0,0.0,N,,N,
06:09,IONEXCHANG,1630,377.5,-0.89,1.79,,51.8,55.4,NORMAL,Y,0.0,8.926227356261426,26.77868206878428,0.0,0.0,15,0.0,0.0,25,0.0,0.0,20,0.0,11.428571428571892,N,,N,
06:09,WIPL,20481,167.0,-0.89,1.78,,26.7,68.9,NORMAL,Y,0.0,8.90207715133531,26.706231454005934,0.0,0.0,15,0.0,0.0,0.0,25,0.0,20,0.0,0.0,N,,N,
06:09,UCAL,3570,116.61,-0.88,1.77,,71.5,23.8,NORMAL,Y,0.0,8.839779005524914,26.519337016574745,0.0,0.0,15,0.0,0.0,25,0.0,20,0.0,0.0,0.0,N,,N,
06:09,RELIANCE,2885,1312.2,-0.88,1.77,,55.5,43.8,NORMAL,N,0.0,8.837525492862031,26.512576478586098,0.0,0.0,15,0.0,0.0,25,0.0,0.0,20,3.9999999999993934,0.0,N,,N,
06:09,BANCOINDIA,13880,628.25,-0.88,1.77,,30.6,70.9,NORMAL,Y,0.0,8.834897846493686,26.504693539481057,0.0,0.0,15,0.0,2.03596799173628,0.0,25,0.0,20,2.0689655172410006,0.0,N,,N,
06:09,JSWENERGY,17869,558.05,-0.88,1.76,,26.6,84.0,NORMAL,Y,0.0,8.792184724689246,26.37655417406774,0.0,0.0,15,0.0,0.24053849530944077,0.0,25,0.0,20,0.0,15.000000000000949,N,,N,
06:09,TATACOMM,3721,1713.3,-1.88,3.76,,38.3,89.7,NORMAL,Y,0.0,18.78472023366357,30.0,0.0,0.0,15,0.0,8.305235353165614,0.0,25,0.0,20,0.0,2.5806451612909855,N,,N,
06:09,FDC,4898,357.75,-0.87,1.75,,51.5,62.5,NORMAL,Y,0.0,8.728179551122132,26.184538653366396,0.0,0.0,15,0.0,0.3223144682399529,25,0.0,0.0,20,0.0,18.461538461539806,N,,N,
06:09,HAVELLS,9819,1263.3,-0.87,1.74,,36.1,68.7,NORMAL,N,0.0,8.709981167608392,26.129943502825178,0.0,0.0,15,0.0,0.0,0.0,25,0.0,20,9.999999999998737,0.0,N,,N,
06:09,JIOFIN,18143,250.55,-0.87,1.74,,66.1,43.7,NORMAL,N,0.0,8.704253214638925,26.112759643916778,0.0,0.0,15,0.0,0.0,25,0.0,0.0,20,14.999999999998579,0.0,N,,N,
06:09,KOTAKBANK,1922,389.5,-0.87,1.73,,80.3,26.3,NORMAL,Y,0.0,8.653601425299001,25.960804275897004,0.0,0.0,15,0.0,2.673739925152134,25,0.0,20,0.0,6.666666666666666,0.0,N,,N,
06:09,HDFCBANK,1333,722.7,-0.86,1.73,,27.1,87.8,NORMAL,Y,0.0,8.641975308641914,25.925925925925743,0.0,0.0,15,0.0,1.201255983772532,0.0,25,0.0,20,0.0,17.99999999999727,N,,N,
06:09,TIMKEN,14198,3223.0,-1.85,3.71,,75.0,36.5,NORMAL,N,0.0,18.545022686439932,30.0,0.0,0.0,15,0.0,0.0,25,0.0,20,0.0,0.0,2.9629629629638368,N,,N,
06:09,SAREGAMA,4892,524.6,-0.85,1.7,,70.5,27.5,NORMAL,N,0.0,8.505008505008504,25.515025515025517,0.0,0.0,15,0.0,0.0,25,0.0,20,0.0,0.0,4.0000000000009095,N,,N,
06:09,TITAGARH,15414,837.7,-0.84,1.68,,68.0,44.2,NORMAL,Y,0.0,8.404356060605954,25.213068181817864,0.0,0.0,15,0.0,0.797466224634181,25,0.0,0.0,20,16.99999999999818,0.0,N,,N,
06:09,VOLTAS,3718,1269.3,-0.84,1.67,,46.6,73.9,NORMAL,Y,0.0,8.359375000000036,25.078125000000107,0.0,0.0,15,0.0,5.557288632741662,0.0,25,0.0,20,15.942028985507035,0.0,N,,N,
06:09,SESHAPAPER,3066,231.07,-0.83,1.66,,24.8,88.3,NORMAL,N,0.0,8.283261802575138,24.84978540772541,0.0,0.0,15,0.0,0.0,0.0,25,0.0,20,0.0,20.0,N,,N,
06:09,ABCAPITAL,21614,403.8,-0.82,1.65,,26.3,79.9,NORMAL,Y,0.0,8.22792582586262,24.68377747758786,0.0,0.0,15,0.0,1.6278504958157876,0.0,25,0.0,20,0.0,10.0,N,,N,
06:09,JTEKTINDIA,3237,140.0,-0.82,1.64,,76.7,50.2,NORMAL,N,0.0,8.217625389628767,24.6528761688863,0.0,0.0,15,0.0,7.016481506147416,25,0.0,0.0,20,20.0,0.0,N,,N,
06:09,UNITDSPR,10447,1520.5,-1.82,3.64,,34.4,79.4,NORMAL,N,0.0,18.208820300897557,30.0,0.0,0.0,15,0.0,1.2236762127281358,0.0,25,0.0,20,3.2000000000007276,0.0,N,,N,
06:09,RAINBOW,9408,1491.8,-0.82,1.64,,53.5,43.2,NORMAL,Y,0.0,8.177647762781701,24.532943288345102,0.0,0.0,15,0.0,0.0,25,0.0,0.0,20,3.999999999996362,0.0,N,,N,
06:09,SWIGGY,27066,278.25,-0.8,1.6,,73.2,31.6,NORMAL,N,0.0,8.02139037433155,24.064171122994654,0.0,0.0,15,0.0,4.153142740029623,25,0.0,20,0.0,0.0,4.444444444445567,N,,N,
06:09,NAUKRI,13751,1349.1,-0.8,1.6,,71.4,23.0,NORMAL,N,0.0,8.01470588235301,24.04411764705903,0.0,0.0,15,0.0,0.0,25,0.0,20,0.0,2.3529411764710604,0.0,N,,N,
06:09,KEC,13260,447.15,-0.8,1.6,,52.8,43.0,NORMAL,Y,0.0,7.986688851913529,23.960066555740585,0.0,0.0,15,0.0,0.0,25,0.0,0.0,20,3.8095238095246344,0.0,N,,N,
06:09,NESCO,15409,1040.0,-0.79,1.58,,68.8,22.9,NORMAL,Y,0.0,7.917580845177865,23.752742535533592,0.0,0.0,15,0.0,0.0,25,0.0,20,0.0,0.0,0.0,N,,N,
06:09,MPHASIS,4503,2484.8,-1.79,3.57,,30.0,89.7,NORMAL,N,0.0,17.865612648221273,30.0,0.0,0.0,15,0.0,0.0,0.0,25,0.0,20,0.0,11.851851851851976,N,,N,
06:09,CYIENT,5748,846.7,-0.79,1.57,,23.6,73.1,NORMAL,Y,0.0,7.850949144597998,23.552847433793996,0.0,0.0,15,0.0,0.0,0.0,25,0.0,20,0.0,5.263157894736905,N,,N,
06:09,RECLTD,15355,342.0,-0.78,1.57,,72.9,45.8,NORMAL,Y,0.0,7.832898172323727,23.498694516971184,0.0,0.0,15,0.0,4.403087767526678,25,0.0,20,0.0,0.0,18.518518518518206,N,,N,
06:09,LLOYDSENGG,17801,91.39,-1.77,3.55,,30.5,96.1,NORMAL,Y,0.0,17.73430782459163,30.0,0.0,0.0,15,0.0,0.47109642350179737,0.0,25,0.0,20,0.0,17.894736842104987,N,,N,
06:09,GODREJPROP,17875,2001.8,-1.77,3.54,,55.0,56.9,NORMAL,Y,0.0,17.71431375435504,30.0,0.0,0.0,15,0.0,0.0,25,0.0,0.0,20,0.0,4.210526315790229,N,,N,
06:09,NIITLTD,11522,93.75,-1.77,3.54,,69.0,52.7,NORMAL,Y,0.0,17.70746018440903,30.0,0.0,0.0,15,0.0,0.0,25,0.0,0.0,20,13.999999999999432,0.0,N,,N,
06:09,RVNL,9552,228.25,-0.76,1.52,,53.0,42.6,NORMAL,Y,0.0,7.608695652173914,22.826086956521742,0.0,0.0,15,0.0,0.0,25,0.0,0.0,20,5.217391304347611,0.0,N,,N,
06:09,DELHIVERY,9599,469.9,-0.75,1.5,,84.0,30.0,NORMAL,Y,0.0,7.498151863977213,22.49445559193164,0.0,0.0,15,0.0,7.461279748090918,25,0.0,20,0.0,9.032258064515915,0.0,N,,N,
06:09,NTPC,11630,335.95,-0.74,1.48,,35.2,97.7,NORMAL,Y,0.0,7.386615452799528,22.159846358398582,0.0,0.0,15,0.0,13.024940691686915,0.0,25,0.0,20,0.0,17.333333333332728,N,,N,
06:09,ITC,1660,276.95,-0.73,1.47,,27.6,67.9,NORMAL,Y,0.0,7.347670250896098,22.043010752688293,0.0,0.0,15,0.0,0.5899558824547751,0.0,25,0.0,20,5.000000000001421,0.0,N,,N,
06:09,CANFINHOME,583,820.0,-0.71,1.43,,56.4,42.1,NORMAL,Y,0.0,7.143722000242133,21.4311660007264,0.0,0.0,15,0.0,0.0,25,0.0,0.0,20,10.0,0.0,N,,Y,NONRESULTS
06:09,JAMNAAUTO,20778,124.64,-0.69,1.39,,20.8,67.9,NORMAL,Y,0.0,6.931718588160342,20.795155764481024,0.0,0.0,15,0.0,0.0,0.0,25,0.0,20,0.0,1.0000000000004974,N,,N,
06:09,POONAWALLA,11403,483.85,-0.69,1.38,,56.4,51.3,NORMAL,N,0.0,6.876026272577926,20.62807881773378,0.0,0.0,15,0.0,9.434614522670543,25,0.0,0.0,20,1.3333333333336364,0.0,N,,N,
06:09,TATAINVEST,1621,684.2,-0.66,1.32,,51.1,53.9,NORMAL,N,0.0,6.606170598911004,19.818511796733013,0.0,0.0,15,0.0,6.305650834422091,25,0.0,0.0,20,0.0,5.9999999999990905,N,,N,
06:09,COALINDIA,20374,409.9,-0.65,1.31,,33.4,98.1,NORMAL,Y,0.0,6.543868153175097,19.631604459525292,0.0,0.0,15,0.0,13.772950396943914,0.0,25,0.0,20,0.0,17.77777777777848,N,,N,
06:09,HINDPETRO,1406,388.3,-0.65,1.3,,23.3,76.9,NORMAL,Y,0.0,6.524242036586954,19.572726109760865,0.0,0.0,15,0.0,3.704761773232404,0.0,25,0.0,20,0.0,6.666666666666035,N,,N,
06:09,ENGINERSIN,4907,241.42,-0.65,1.29,,21.3,75.9,NORMAL,N,0.0,6.46117124161497,19.38351372484491,0.0,0.0,15,0.0,1.9641707684376741,0.0,25,0.0,20,0.0,7.4285714285712885,N,,N,
06:09,KIRLOSENG,20936,2067.0,-1.64,3.28,,35.0,80.6,NORMAL,Y,0.0,16.41684511063526,30.0,0.0,0.0,15,0.0,4.219017292226861,0.0,25,0.0,20,0.7843137254894967,0.0,N,,N,
06:09,HDFCLIFE,467,532.6,-0.63,1.27,,19.0,67.9,NORMAL,Y,0.0,6.343283582089511,19.029850746268533,0.0,0.0,15,0.0,0.0,0.0,25,0.0,20,0.0,1.5384615384634222,N,,N,
06:09,TORNTPOWER,13786,1322.0,-0.63,1.26,,79.9,25.5,NORMAL,Y,0.0,6.313890559230375,18.941671677691126,0.0,0.0,15,0.0,4.212187588671899,25,0.0,20,0.0,11.707317073171435,0.0,N,,N,
06:09,WABAG,20188,1918.4,-1.63,3.25,,32.7,79.0,NORMAL,Y,0.0,16.255576637095437,30.0,0.0,0.0,15,0.0,2.724284843312227,0.0,25,0.0,20,0.0,0.0,N,,N,
06:09,METROPOLIS,9581,562.8,-0.61,1.22,,51.5,65.4,NORMAL,Y,0.0,6.09271523178816,18.278145695364483,0.0,0.0,15,0.0,8.19139916256936,25,0.0,0.0,20,0.0,16.14035087719333,N,,N,
06:09,NCC,2319,143.9,-0.59,1.19,,54.3,41.6,NORMAL,N,0.0,5.940867642995202,17.822602928985603,0.0,0.0,15,0.0,0.6641089496588284,25,0.0,0.0,20,10.769230769230095,0.0,N,,N,
06:09,JUSTDIAL,29962,690.9,-0.58,1.17,,19.8,68.2,NORMAL,Y,0.0,5.827757392618271,17.483272177854815,0.0,0.0,15,0.0,2.3641521357365494,0.0,25,0.0,20,0.0,0.0,N,,N,
06:09,JSWSTEEL,11723,1276.0,-0.58,1.15,,24.5,71.0,NORMAL,Y,0.0,5.765934237182553,17.29780271154766,0.0,0.0,15,0.0,5.244737584276337,0.0,25,0.0,20,1.999999999998181,0.0,N,,N,
06:09,TTKPRESTIG,3546,586.55,-0.58,1.15,,50.7,40.8,NORMAL,Y,0.0,5.763200271209579,17.289600813628738,0.0,0.0,15,0.0,0.0,25,0.0,0.0,20,8.399999999999636,0.0,N,,N,
06:09,PIXTRANS,9087,1951.8,-1.57,3.15,,30.0,95.7,NORMAL,N,0.0,15.733736762481113,30.0,0.0,0.0,15,0.0,0.0,0.0,25,0.0,20,0.0,20.0,N,,N,
06:09,CAMPUS,9362,217.58,-0.57,1.13,,20.2,65.7,NORMAL,Y,0.0,5.666758065990224,17.000274197970672,0.0,0.0,15,0.0,0.0,0.0,25,0.0,20,3.1578947368422625,0.0,N,,N,
06:09,FINPIPE,1041,161.75,-0.56,1.12,,41.8,42.9,NORMAL,Y,0.0,5.594491577523648,16.783474732570944,0.0,0.0,15,0.0,0.0,25,0.0,0.0,20,0.0,2.307692307692476,N,,N,
06:09,GOCOLORS,6964,321.2,-0.56,1.11,,41.7,46.3,NORMAL,Y,0.0,5.572755417956691,16.718266253870077,0.0,0.0,15,0.0,0.0,25,0.0,0.0,20,0.0,5.714285714284322,N,,N,
06:09,AXISBANK,5900,1223.0,-0.55,1.11,,20.7,85.2,NORMAL,Y,0.0,5.529354366563632,16.5880630996909,0.0,0.0,15,0.0,4.078735335903627,0.0,25,0.0,20,0.0,15.555555555556959,N,,N,
06:09,MHRIL,17333,224.36,-0.54,1.07,,18.2,65.4,NORMAL,Y,0.0,5.364188500243737,16.092565500731208,0.0,0.0,15,0.0,0.0,0.0,25,0.0,20,2.1052631578928476,0.0,N,,N,
06:09,GICRE,277,353.8,-0.53,1.07,,16.0,85.3,NORMAL,Y,0.0,5.341579983131789,16.024739949395368,0.0,0.0,15,0.0,0.0,0.0,25,0.0,20,0.0,20.0,N,,N,
06:09,POWERMECH,10473,2405.1,-1.52,3.05,,30.0,94.1,NORMAL,Y,0.0,15.23154403635928,30.0,0.0,0.0,15,0.0,0.0,0.0,25,0.0,20,0.0,18.888888888884956,N,,N,
06:09,VINATIORGA,17364,1308.5,-0.52,1.03,,17.1,67.6,NORMAL,Y,0.0,5.16992321143462,15.509769634303858,0.0,0.0,15,0.0,1.5791021929800437,0.0,25,0.0,20,0.0,0.8695652173905306,N,,N,
06:09,SAFARI,13035,1492.5,-0.51,1.03,,43.0,40.1,NORMAL,Y,0.0,5.132648980136012,15.397946940408037,0.0,0.0,15,0.0,0.0,25,0.0,0.0,20,2.6086956521735694,0.0,N,,N,
06:09,SAKSOFT,11794,163.76,-0.51,1.02,,48.6,40.1,NORMAL,Y,0.0,5.103280680437446,15.309842041312336,0.0,0.0,15,0.0,0.0,25,0.0,0.0,20,8.333333333332543,0.0,N,,N,
06:09,GODFRYPHLP,1181,2191.3,-1.51,3.02,,37.4,76.8,NORMAL,N,0.0,15.101802328194484,30.0,0.0,0.0,15,0.0,1.6763508263295972,0.0,25,0.0,20,5.714285714282003,0.0,N,,N,
06:09,GPIL,13409,231.0,-0.51,1.02,,60.3,30.7,NORMAL,Y,0.0,5.082263760875212,15.246791282625637,0.0,0.0,15,0.0,0.06841569234105378,25,0.0,20,0.0,0.0,10.566037735849076,N,,N,
06:09,J&KBANK,5633,156.1,-0.48,0.97,,14.5,66.3,NORMAL,Y,0.0,4.84508478898393,14.53525436695179,0.0,0.0,15,0.0,0.0,0.0,25,0.0,20,0.0,1.4814814814823394,N,,N,
06:09,WAAREEENER,25907,2664.4,-1.46,2.93,,47.0,74.6,NORMAL,Y,0.0,14.644970414201149,30.0,0.0,0.0,15,0.0,0.0,0.0,25,0.0,20,17.037037037039532,0.0,N,,N,
06:09,CGPOWER,760,876.95,-0.46,0.92,,61.3,19.6,NORMAL,Y,0.0,4.597048808172479,13.79114642451744,0.0,0.0,15,0.0,0.0,25,0.0,20,0.0,2.500000000001421,0.0,N,,N,
06:09,ORIENTELEC,2972,189.81,-0.46,0.91,,58.7,35.7,NORMAL,N,0.0,4.562617998741371,13.687853996224112,0.0,0.0,15,0.0,0.0,25,0.0,20,0.0,0.0,16.11111111111133,N,,N,
06:09,QUICKHEAL,13131,150.68,-0.45,0.9,,36.6,47.6,NORMAL,Y,0.0,4.492600422833026,13.477801268499077,0.0,0.0,15,0.0,3.1434451311721117,0.0,25,20,0.0,0.0,0.0,N,,N,
06:09,PINELABS,759820,166.83,-0.45,0.9,,32.2,65.7,NORMAL,N,0.0,4.47547440028643,13.42642320085929,0.0,0.0,15,0.0,1.1889169455060151,0.0,25,0.0,20,17.59999999999991,0.0,N,,N,
06:09,VBL,18921,435.05,-0.45,0.89,,47.1,39.5,NORMAL,Y,0.0,4.462242562929036,13.386727688787108,0.0,0.0,15,0.0,0.0,25,0.0,0.0,20,8.750000000001066,0.0,N,,N,
06:09,SHARDACROP,4992,802.85,-0.44,0.88,,44.9,39.4,NORMAL,Y,0.0,4.40228174603169,13.20684523809507,0.0,0.0,15,0.0,0.0,25,0.0,0.0,20,6.66666666666793,0.0,N,,N,
06:09,KIRLOSBROS,18581,1927.9,-1.43,2.86,,48.9,79.9,NORMAL,N,0.0,14.31566030983179,30.0,0.0,0.0,15,0.0,5.548123680937184,0.0,25,0.0,20,13.333333333333027,0.0,N,,N,
06:09,GRANULES,11872,857.35,-0.42,0.85,,57.7,36.1,NORMAL,N,0.0,4.239256678281042,12.717770034843126,0.0,0.0,15,0.0,0.0,25,0.0,20,0.0,0.0,16.84210526315613,N,,N,
06:09,VEDL,3063,273.95,-0.38,0.76,,11.5,78.8,NORMAL,N,0.0,3.818181818181859,11.454545454545578,0.0,0.0,15,0.0,0.0,0.0,25,0.0,20,0.0,14.999999999998579,N,,N,
06:09,DRREDDY,881,1200.4,-0.38,0.76,,65.5,18.8,NORMAL,N,0.0,3.81742738589204,11.452282157676121,0.0,0.0,15,0.0,0.0,25,0.0,20,0.0,9.090909090907964,0.0,N,,N,
06:09,OBEROIRLTY,20242,1769.0,-1.37,2.74,,55.8,60.9,NORMAL,Y,0.0,13.715432649420112,30.0,0.0,0.0,15,0.0,0.7719897104258538,25,0.0,0.0,20,0.0,11.428571428571427,N,,N,
06:09,CHAMBLFERT,637,442.7,-0.37,0.74,,36.1,38.7,NORMAL,Y,0.0,3.7132890739282867,11.13986722178486,0.0,0.0,15,0.0,0.0,25,0.0,0.0,20,0.0,0.0,N,,N,
06:09,IOC,1624,139.49,-0.36,0.73,,19.7,64.2,NORMAL,Y,0.0,3.642857142857078,10.928571428571233,0.0,0.0,15,0.0,0.5072920094173285,0.0,25,0.0,20,8.235294117646863,0.0,N,,N,
06:09,PUNJABCHEM,4344,1100.0,-0.36,0.72,,30.9,43.6,NORMAL,Y,0.0,3.623188405797101,10.869565217391305,0.0,0.0,15,0.0,0.0,0.0,25,20,0.0,0.0,0.0,N,,N,
06:09,SHILPAMED,17752,816.75,-0.36,0.72,,55.8,35.1,NORMAL,N,0.0,3.5988776381603578,10.796632914481073,0.0,0.0,15,0.0,0.0,25,0.0,20,0.0,0.0,16.507936507936176,N,,N,
06:09,SANSERA,5751,3760.6,-1.36,2.72,,75.0,37.1,NORMAL,N,0.0,13.587241632567459,30.0,0.0,0.0,15,0.0,0.0,25,0.0,20,0.0,0.0,8.51063829787267,N,,N,
06:09,ADANIENT,25,2955.0,-1.35,2.7,,55.0,63.4,NORMAL,Y,0.0,13.520280420630947,30.0,0.0,0.0,15,0.0,0.0,25,0.0,0.0,20,0.0,14.857142857144936,N,,N,
06:09,DIAMONDYD,21840,1203.4,-0.34,0.68,,35.2,38.4,NORMAL,N,0.0,3.395445134575494,10.186335403726481,0.0,0.0,15,0.0,0.0,25,0.0,0.0,20,0.0,0.0,N,,N,
06:09,KRBL,10577,369.3,-0.34,0.67,,71.1,23.9,NORMAL,N,0.0,3.373363918499528,10.120091755498583,0.0,0.0,15,0.0,5.509203683275808,25,0.0,20,0.0,10.434782608695738,0.0,N,,N,
06:09,LICHSGFIN,1997,500.35,-0.33,0.66,,21.4,63.6,NORMAL,Y,0.0,3.286852589641389,9.860557768924167,0.0,0.0,15,0.0,0.3193029392950004,0.0,25,0.0,20,11.249999999999556,0.0,N,,N,
06:09,VISAKAIND,4221,98.88,-1.33,2.65,,52.2,76.3,NORMAL,N,0.0,13.272128530086803,30.0,0.0,0.0,15,0.0,2.9995631297415852,0.0,25,0.0,20,19.19999999999959,0.0,N,,N,
06:09,JSL,11236,722.75,-0.32,0.65,,68.1,18.2,NORMAL,Y,0.0,3.240932285202072,9.722796855606216,0.0,0.0,15,0.0,0.0,25,0.0,20,0.0,13.333333333333332,0.0,N,,N,
06:09,MUTHOOTFIN,23650,2877.5,-1.32,2.63,,31.2,90.1,NORMAL,Y,0.0,13.169175897664557,30.0,0.0,0.0,15,0.0,1.2480669664181203,0.0,25,0.0,20,0.0,15.652173913043537,N,,N,
06:09,APOLLOTYRE,163,441.6,-0.32,0.63,,22.0,63.2,NORMAL,N,0.0,3.1602708803611224,9.480812641083368,0.0,0.0,15,0.0,0.0,0.0,25,0.0,20,12.50000000000071,0.0,N,,N,
06:09,NTPCGREEN,27176,91.79,-1.31,2.62,,55.0,50.6,NORMAL,Y,0.0,13.116869153854411,30.0,0.0,0.0,15,0.0,0.0,25,0.0,0.0,20,0.0,2.5000000000013323,N,,N,
06:09,PARAS,5911,1280.1,-0.3,0.61,,9.1,73.6,NORMAL,N,0.0,3.037383177570164,9.112149532710493,0.0,0.0,15,0.0,0.0,0.0,25,0.0,20,0.0,10.588235294118434,N,,N,
06:09,PHOENIXLTD,14552,1884.4,-1.27,2.55,,63.9,49.5,NORMAL,Y,0.0,12.731178288887701,30.0,0.0,0.0,15,0.0,1.741159669104066,25,0.0,0.0,20,7.142857142857259,0.0,N,,N,
06:09,PRESTIGE,20302,1566.3,-1.24,2.47,,55.0,57.4,NORMAL,Y,0.0,12.35891292010854,30.0,0.0,0.0,15,0.0,0.0,25,0.0,0.0,20,0.0,9.999999999999126,N,,N,
06:09,MOREPENLAB,2259,75.99,-1.17,2.34,,72.5,56.4,NORMAL,N,0.0,11.705033164260707,30.0,0.0,0.0,15,0.0,9.72639977733904,25,0.0,0.0,20,7.796610169491616,0.0,N,,N,
06:09,CHOLAFIN,685,1892.0,-1.17,2.34,,55.0,65.2,NORMAL,N,0.0,11.700793982448857,30.0,0.0,0.0,15,0.0,0.0,25,0.0,0.0,20,0.0,18.518518518518206,N,,N,
06:09,GRASIM,1232,3341.4,-1.16,2.31,,75.5,52.1,NORMAL,N,0.0,11.566336340777966,30.0,0.0,0.0,15,0.0,5.54127924357617,25,0.0,0.0,20,14.969325153374399,0.0,N,,N,
06:09,COFORGE,11543,1798.4,-1.13,2.26,,33.7,86.5,NORMAL,N,0.0,11.32490379329297,30.0,0.0,0.0,15,0.0,3.73751626295492,0.0,25,0.0,20,0.0,11.428571428571427,N,,N,
06:09,NHPC,17400,76.08,-1.13,2.26,,31.4,88.7,NORMAL,Y,0.0,11.306042884990312,30.0,0.0,0.0,15,0.0,1.387434344195098,0.0,25,0.0,20,0.0,16.00000000000057,N,,N,
06:09,LUPIN,10440,2254.7,-1.06,2.12,,61.7,45.6,NORMAL,Y,0.0,10.619158365878395,30.0,0.0,0.0,15,0.0,0.0,25,0.0,0.0,20,6.666666666663298,0.0,N,,N,
06:09,DALBHARAT,8075,1817.9,-0.96,1.93,,44.1,71.0,NORMAL,Y,0.0,9.642623665286457,28.92787099585937,0.0,0.0,15,0.0,1.3343358138591548,0.0,25,0.0,20,13.84615384615573,0.0,N,,N,
06:09,MANKIND,15380,2403.2,-0.9,1.8,,59.7,44.0,NORMAL,Y,0.0,8.98969072164956,26.969072164948678,0.0,0.0,15,0.0,0.0,25,0.0,0.0,20,7.77777777777497,0.0,N,,N,
06:09,LUMAXTECH,14014,2058.0,-0.88,1.76,,75.4,43.9,NORMAL,N,0.0,8.813755237682503,26.44126571304751,0.0,0.0,15,0.0,4.001767463969562,25,0.0,20,0.0,0.0,16.07361963190155,N,,N,
06:09,INDIAMART,10726,1768.6,-0.88,1.76,,71.9,46.5,NORMAL,Y,0.0,8.798968783276381,26.39690634982914,0.0,0.0,15,0.0,2.6771443772157473,25,0.0,0.0,20,17.777777777777683,0.0,N,,N,
06:09,HDFCAMC,4244,2493.0,-0.87,1.75,,52.9,63.4,NORMAL,Y,0.0,8.747514910536779,26.242544731610337,0.0,0.0,15,0.0,1.6257359631654773,25,0.0,0.0,20,0.0,18.064516129031027,N,,N,
06:09,INOXWIND,7852,73.77,-0.85,1.69,,59.5,43.5,NORMAL,Y,0.0,8.467741935484,25.403225806452,0.0,0.0,15,0.0,0.0,25,0.0,0.0,20,9.090909090908621,0.0,N,,N,
06:09,BAJAJFINSV,16675,2015.3,-0.82,1.64,,71.0,40.1,NORMAL,N,0.0,8.218503937007897,24.655511811023693,0.0,0.0,15,0.0,1.2995356461558893,25,0.0,20,0.0,0.0,15.555555555555696,N,,N,
06:09,GLAND,1186,2903.0,-0.73,1.46,,67.0,32.3,NORMAL,N,0.0,7.3177403911913865,21.95322117357416,0.0,0.0,15,0.0,0.0,25,0.0,20,0.0,0.0,10.000000000001263,N,,N,
06:09,ICICIAMC,760407,3033.2,-0.69,1.38,,37.2,66.9,NORMAL,Y,0.0,6.875777617706764,20.627332853120294,0.0,0.0,15,0.0,0.0,0.0,25,0.0,20,16.551724137931142,0.0,N,,N,
06:09,SBILIFE,21808,1825.7,-0.65,1.3,,46.8,52.6,NORMAL,Y,0.0,6.475838049629878,19.427514148889635,0.0,0.0,15,0.0,2.388209355819198,25,0.0,0.0,20,0.0,8.695652173913215,N,,N,
06:09,HINDUNILVR,1394,2052.3,-0.61,1.22,,46.6,56.3,NORMAL,Y,0.0,6.101990411157881,18.305971233473645,0.0,0.0,15,0.0,3.3404236994810694,25,0.0,0.0,20,0.0,11.818181818180316,N,,N,
06:09,TECHM,13538,1633.5,-0.58,1.16,,21.8,71.6,NORMAL,N,0.0,5.782105903834449,17.346317711503346,0.0,0.0,15,0.0,4.4695685229655036,0.0,25,0.0,20,0.0,1.3793103448263966,N,,N,
06:09,ZEEL,3812,91.05,-0.56,1.11,,45.7,57.1,NORMAL,Y,0.0,5.5701179554391125,16.710353866317337,0.0,0.0,15,0.0,3.995337368343495,25,0.0,0.0,20,0.0,12.500000000000044,N,,N,
06:09,JAGRAN,13211,63.29,-0.49,0.97,,47.1,39.9,NORMAL,N,0.0,4.874213836478023,14.622641509434068,0.0,0.0,15,0.0,0.0,25,0.0,0.0,20,7.4999999999996305,0.0,N,,N,
06:09,ASIANPAINT,236,2722.2,-0.49,0.97,,49.6,39.9,NORMAL,Y,0.0,4.861999634436184,14.585998903308552,0.0,0.0,15,0.0,0.0,25,0.0,0.0,20,10.0,0.0,N,,N,
06:09,BAJAJHFL,25270,84.79,-0.46,0.92,,38.7,47.6,NORMAL,Y,0.0,4.578539563277772,13.735618689833315,0.0,0.0,15,0.0,0.0,25,0.0,0.0,20,0.0,7.999999999998863,N,,N,
06:09,BHARTIARTL,10604,1906.9,-0.43,0.87,,42.6,61.8,NORMAL,Y,0.0,4.333751044277336,13.001253132832009,0.0,0.0,15,0.0,4.55773385070785,25,0.0,0.0,20,0.0,17.931034482759,N,,N,
06:09,APLAPOLLO,25780,2004.7,-0.4,0.79,,51.4,39.0,NORMAL,N,0.0,3.974760272271079,11.924280816813237,0.0,0.0,15,0.0,0.0,25,0.0,0.0,20,14.444444444445567,0.0,N,,N,
06:09,LGEINDIA,760213,1560.3,-0.4,0.79,,63.9,19.0,NORMAL,N,0.0,3.9578678582828255,11.873603574848476,0.0,0.0,15,0.0,0.0,25,0.0,20,0.0,7.000000000000455,0.0,N,,N,
06:09,GEOJITFSL,11896,76.48,-0.39,0.78,,11.7,68.3,NORMAL,Y,0.0,3.907267517582666,11.721802552747999,0.0,0.0,15,0.0,0.0,0.0,25,0.0,20,0.0,4.374999999999667,N,,N,
06:09,SUNPHARMA,3351,1935.7,-0.32,0.65,,37.7,58.8,NORMAL,Y,0.0,3.2440782698248993,9.732234809474697,0.0,0.0,15,0.0,3.0145076204489576,25,0.0,0.0,20,0.0,17.575757575758367,N,,N,
06:09,COLPAL,15141,2001.7,-0.31,0.63,,54.4,24.3,NORMAL,Y,0.0,3.137450199203165,9.412350597609494,0.0,0.0,15,0.0,0.0,25,0.0,20,0.0,0.0,6.1538461538466915,N,,N,
06:09,LAURUSLABS,19234,1852.2,-0.31,0.62,,34.4,41.8,NORMAL,N,0.0,3.1216361679224733,9.364908503767419,0.0,0.0,15,0.0,0.0,25,0.0,0.0,20,0.0,3.6363636363598784,N,,N,
06:09,PRICOLLTD,19631,776.45,5.33,10.66,,120.0,8.4,NORMAL,Y,30.0,0.0,30.0,0.0,15,0.0,0.0,0.0,25,0.0,20,0.0,0.0,8.372093023255248,N,,N,
06:09,YATRA,18760,118.85,3.97,7.94,,120.0,6.7,NORMAL,Y,30.0,0.0,30.0,0.0,15,0.0,0.0,0.0,25,0.0,20,0.0,0.0,6.666666666666804,N,,N,
06:09,BERGEPAINT,404,555.6,3.86,7.72,,132.7,2.7,NORMAL,Y,30.0,0.0,30.0,0.0,15,0.0,0.0,2.6519250843036906,25,0.0,20,0.0,10.0,0.0,N,,N,
06:09,ZUARIIND,3827,261.6,1.28,2.56,,102.8,20.0,NORMAL,Y,12.775842044134771,0.0,30.0,0.0,15,0.0,0.0,0.0,25,0.0,0.0,20,20.0,0.0,N,,N,
06:09,SBIN,3045,1078.9,1.21,2.42,,102.1,18.5,NORMAL,Y,12.101313320825602,0.0,30.0,0.0,15,0.0,0.0,0.0,25,0.0,20,0.0,0.0,18.461538461539806,N,,N,
06:22,TDPOWERSYS,25178,1476.4,15.74,31.48,,135.3,0.0,NORMAL,Y,30.0,0.0,30.0,0.0,15,0.0,0.0,0.0,25,0.0,20,0.0,15.263157894736308,0.0,N,,N,
06:22,NARMADA,6364,417.5,7.6,15.21,,120.0,9.2,NORMAL,Y,30.0,0.0,30.0,0.0,15,0.0,0.0,0.0,25,0.0,20,0.0,0.0,9.230769230769095,N,,N,
06:22,PRICOLLTD,19631,778.5,5.61,11.22,,120.9,9.7,NORMAL,Y,30.0,0.0,30.0,0.0,15,0.0,0.0,0.8637979135502072,25,0.0,20,0.0,0.0,8.800000000000182,N,,N,
06:22,VLSFINANCE,3715,273.95,4.88,9.76,,120.0,12.5,NORMAL,Y,30.0,0.0,30.0,0.0,15,0.0,0.0,0.0,25,0.0,20,0.0,0.0,12.499999999999527,N,,N,
06:22,HALDER,760715,277.52,4.71,9.42,,157.1,25.0,NORMAL,Y,30.0,0.0,30.0,0.0,15,0.0,0.0,25.0,25,0.0,20,0.0,12.14285714285717,0.0,N,,N,
06:22,BERGEPAINT,404,555.25,3.79,7.59,,138.9,0.6,NORMAL,Y,30.0,0.0,30.0,0.0,15,0.0,0.0,0.5974015115428888,25,0.0,20,0.0,18.333333333331122,0.0,N,,N,
06:22,PNB,10666,118.26,3.71,7.42,,120.0,2.5,NORMAL,Y,30.0,0.0,30.0,0.0,15,0.0,0.0,0.0,25,0.0,20,0.0,0.0,2.499999999999556,N,,N,
06:22,YUKEN,5501,835.0,3.7,7.4,,103.1,20.0,NORMAL,Y,30.0,0.0,30.0,0.0,15,0.0,0.0,0.0,25,0.0,0.0,20,3.0508474576270532,0.0,N,,N,
06:22,YATRA,18760,118.5,3.67,7.33,,126.2,0.0,NORMAL,Y,30.0,0.0,30.0,0.0,15,0.0,0.0,0.0,25,0.0,20,0.0,6.249999999999501,0.0,N,,N,
06:22,TVSSCS,18151,130.15,3.2,6.41,,75.0,65.0,NORMAL,N,30.0,0.0,30.0,0.0,15,0.0,0.0,0.0,0.0,25,0.0,20,0.0,20.0,N,,N,
06:22,RELAXO,24225,434.3,3.0,6.0,,120.0,8.0,NORMAL,Y,30.0,0.0,30.0,0.0,15,0.0,0.0,0.0,25,0.0,20,0.0,0.0,7.999999999998787,N,,N,
06:22,VGUARD,15362,334.0,2.99,5.98,,119.9,0.0,NORMAL,Y,29.910576626580294,0.0,30.0,0.0,15,0.0,0.0,0.0,25,0.0,20,0.0,0.0,0.0,N,,N,
06:22,HINDALCO,1363,1076.85,2.65,5.29,,86.5,45.0,NORMAL,Y,26.45124392336288,0.0,30.0,0.0,15,0.0,0.0,0.0,0.0,25,0.0,20,15.0,0.0,N,,N,
06:22,MARKSANS,10579,286.2,2.6,5.2,,146.6,13.5,NORMAL,Y,25.990320846029757,0.0,30.0,0.0,15,0.0,0.0,13.492187745399495,25,0.0,20,0.0,17.142857142857,0.0,N,,N,
06:22,HGINFRA,1672,562.0,2.59,5.18,,95.9,40.0,NORMAL,Y,25.92186929536335,0.0,30.0,0.0,15,0.0,0.0,0.0,25,0.0,0.0,20,0.0,20.0,N,,N,
06:22,JSWINFRA,19020,349.4,2.21,4.42,,146.3,18.6,NORMAL,Y,22.085710106771838,0.0,30.0,0.0,15,0.0,0.0,18.610002826808746,25,0.0,20,0.0,15.652173913043498,0.0,N,,N,
06:22,BORORENEW,3149,574.7,2.17,4.34,,131.7,0.0,NORMAL,N,21.68888888888897,0.0,30.0,0.0,15,0.0,0.0,0.0,25,0.0,20,0.0,20.0,0.0,N,,N,
06:22,JMFINANCIL,13637,128.87,2.14,4.28,,118.0,2.6,NORMAL,Y,21.399698819053683,0.0,30.0,0.0,15,0.0,0.0,2.626809250712332,25,0.0,20,0.0,4.0,0.0,N,,N,
06:22,SHIVALIK,7026,262.26,2.11,4.21,,95.7,24.6,NORMAL,Y,21.06287716566077,0.0,30.0,0.0,15,0.0,0.0,4.59862055174826,25,0.0,0.0,20,0.0,0.0,N,,N,
06:22,MAHABANK,11377,81.59,3.34,6.69,,133.3,0.0,NORMAL,Y,30.0,0.0,30.0,0.0,15,0.0,0.0,0.0,25,0.0,20,0.0,13.333333333333332,0.0,N,,N,
06:22,WELSPUNLIV,11253,162.8,1.97,3.93,,122.1,26.3,NORMAL,Y,19.666791932857414,0.0,30.0,0.0,15,0.0,0.0,12.45209602681367,25,0.0,20,0.0,0.0,13.877551020408045,N,,N,
06:22,BATAINDIA,371,713.6,1.96,3.93,,64.6,45.6,NORMAL,Y,19.64706722869186,0.0,30.0,0.0,15,0.0,0.0,0.0,0.0,25,0.0,20,0.0,0.5555555555563275,N,,N,
06:22,UNIONBANK,10753,186.01,1.92,3.85,,72.5,68.3,NORMAL,Y,19.232876712328718,0.0,30.0,0.0,15,0.0,0.0,8.285515356050093,0.0,25,0.0,20,0.0,15.0,N,,N,
06:22,SANDHAR,2397,633.0,1.78,3.55,,90.3,20.0,NORMAL,N,17.766701503336204,0.0,30.0,0.0,15,0.0,0.0,0.0,25,0.0,0.0,20,2.5000000000007105,0.0,N,,N,
06:22,MOIL,20830,284.3,1.74,3.47,,87.4,34.3,NORMAL,Y,17.35551977097879,0.0,30.0,0.0,15,0.0,0.0,0.0,25,0.0,0.0,20,0.0,14.285714285713357,N,,N,
06:22,INDIANB,14309,890.75,1.73,3.46,,88.3,26.8,NORMAL,Y,17.302421196893533,0.0,30.0,0.0,15,0.0,0.0,0.9993752415714541,25,0.0,0.0,20,0.0,5.833333333332149,N,,N,
06:22,TRIVENI,13081,242.07,1.54,3.08,,125.4,0.0,NORMAL,N,15.394295302013369,0.0,30.0,0.0,15,0.0,0.0,0.0,25,0.0,20,0.0,20.0,0.0,N,,N,
06:22,ASTRAL,14418,1446.3,1.5,3.0,,109.4,15.6,NORMAL,Y,15.018597796336486,0.0,30.0,0.0,15,0.0,0.0,4.373980725253301,25,0.0,20,0.0,0.0,11.250000000001776,N,,Y,NONRESULTS
06:22,LTFOODS,13816,425.45,1.47,2.93,,125.4,13.9,NORMAL,Y,14.667302647269205,0.0,30.0,0.0,15,0.0,0.0,13.867325408071348,25,0.0,20,0.0,6.896551724137985,0.0,N,,N,
06:22,MSTCLTD,9356,579.3,1.45,2.91,,84.5,22.5,NORMAL,N,14.535901926444755,0.0,30.0,0.0,15,0.0,0.0,0.0,25,0.0,0.0,20,0.0,2.5000000000007105,N,,N,
06:22,PNBHOUSING,18908,1157.8,1.37,2.75,,108.4,9.7,NORMAL,Y,13.746607127221827,0.0,30.0,0.0,15,0.0,0.0,4.678666007419555,25,0.0,20,0.0,0.0,5.0,N,,N,
06:22,SHARDAMOTR,10530,888.95,1.37,2.75,,103.7,0.0,NORMAL,Y,13.741589690956857,0.0,30.0,0.0,15,0.0,0.0,0.0,25,0.0,20,0.0,0.0,0.0,N,,N,
06:22,BAJAJELEC,15034,365.25,1.36,2.72,,103.6,11.8,NORMAL,Y,13.597890939364444,0.0,30.0,0.0,15,0.0,0.0,0.0,25,0.0,20,0.0,0.0,11.79487179487163,N,,N,
06:22,APCL,20453,105.5,1.18,2.36,,56.8,45.0,NORMAL,Y,11.796298072312306,0.0,30.0,0.0,15,0.0,0.0,0.0,0.0,25,0.0,20,0.0,0.0,N,,Y,NONRESULTS
06:22,BANKBARODA,4668,249.1,1.18,2.36,,59.7,45.0,NORMAL,Y,11.779041429731949,0.0,30.0,0.0,15,0.0,0.0,0.0,0.0,25,0.0,20,2.9629629629643666,0.0,N,,N,
06:22,EXIDEIND,676,488.9,1.15,2.3,,84.7,28.2,NORMAL,Y,11.482362677148968,0.0,30.0,0.0,15,0.0,0.0,3.188357110280926,25,0.0,0.0,20,0.0,5.0,N,,N,
06:22,ZUARIIND,3827,261.15,1.1,2.21,,56.0,65.0,NORMAL,Y,11.033681765388948,0.0,30.0,0.0,15,0.0,0.0,0.0,0.0,25,0.0,20,0.0,20.0,N,,N,
06:22,MASFIN,199,303.3,1.07,2.13,,100.7,0.0,NORMAL,N,10.663112295901328,0.0,30.0,0.0,15,0.0,0.0,0.01308168650900253,25,0.0,20,0.0,0.0,0.0,N,,N,
06:22,WINDMACHIN,24969,305.8,1.06,2.12,,100.6,20.0,NORMAL,Y,10.57501652346328,0.0,30.0,0.0,15,0.0,0.0,0.0,25,0.0,20,0.0,0.0,20.0,N,,N,
06:22,CONCOR,4749,517.4,1.05,2.11,,60.6,70.1,NORMAL,Y,10.546874999999956,0.0,30.0,0.0,15,0.0,0.0,5.057680320286092,0.0,25,0.0,20,0.0,20.0,N,,N,
06:22,ABMKNO,762528,200.0,1.04,2.07,,100.4,0.0,NORMAL,Y,10.356150543066489,0.0,30.0,0.0,15,0.0,0.0,0.0,25,0.0,20,0.0,0.0,0.0,N,,N,
06:22,KARURVYSYA,1838,337.55,1.0,2.0,,100.0,8.9,NORMAL,Y,10.02393776181934,0.0,30.0,0.0,15,0.0,0.0,0.0,25,0.0,20,0.0,0.0,8.888888888888609,N,,N,
06:22,KAJARIACER,1808,1237.8,1.0,1.99,,103.8,12.8,NORMAL,Y,9.954308093994817,0.0,29.862924281984448,0.0,15,0.0,0.0,3.9650175521387907,25,0.0,20,0.0,0.0,8.800000000001091,N,,N,
06:22,INDUSTOWER,29135,372.9,0.96,1.92,,78.4,22.9,NORMAL,N,9.611479626370528,0.0,28.83443887911158,0.0,15,0.0,0.0,0.0,25,0.0,0.0,20,0.0,2.8571428571433213,N,,N,
06:22,USHAMART,8840,514.75,0.95,1.9,,99.9,10.2,NORMAL,Y,9.511668954697045,0.0,28.535006864091134,0.0,15,0.0,0.0,1.821025407158747,25,0.0,20,0.0,0.0,8.421052631578066,N,,N,
06:22,ZYDUSWELL,17635,510.9,0.95,1.9,,97.9,20.0,NORMAL,N,9.484291641967898,0.0,28.452874925903696,0.0,15,0.0,0.0,0.0,25,0.0,20,0.0,0.0,20.0,N,,N,
06:22,CASTROLIND,1250,188.58,0.94,1.88,,111.2,3.5,NORMAL,Y,9.420832887271274,0.0,28.262498661813822,0.0,15,0.0,0.0,3.4793050120166895,25,0.0,20,0.0,9.999999999990527,0.0,N,,N,
06:22,GROWW,759806,195.28,0.92,1.84,,96.8,12.2,NORMAL,N,9.19896640826874,0.0,27.59689922480622,0.0,15,0.0,0.0,0.0,25,0.0,20,0.0,0.0,12.173913043476112,N,,N,
06:22,BLS,17279,263.25,0.92,1.83,,96.6,17.4,NORMAL,Y,9.162002606762195,0.0,27.486007820286584,0.0,15,0.0,0.0,0.0,25,0.0,20,0.0,0.0,17.446808510638043,N,,N,
06:22,TIMETECHNO,14707,209.16,0.91,1.81,,96.3,8.1,NORMAL,Y,9.06985719799303,0.0,27.209571593979092,0.0,15,0.0,0.0,0.0,25,0.0,20,0.0,0.0,8.12499999999989,N,,N,
06:22,BANKINDIA,4745,144.19,0.9,1.81,,51.8,51.3,NORMAL,Y,9.027291812456205,0.0,27.08187543736862,0.0,15,0.0,0.0,0.6711020655441959,0.0,25,0.0,20,0.0,5.599999999999454,N,,N,
06:22,JAINREC,759244,300.3,0.86,1.71,,74.3,37.5,NORMAL,N,8.564231738035302,0.0,25.692695214105907,0.0,15,0.0,0.0,0.0,25,0.0,0.0,20,0.0,17.499999999999645,N,,N,
06:22,TNPL,3980,155.3,0.83,1.66,,48.2,62.8,NORMAL,Y,8.310609011816652,0.0,24.93182703544996,0.0,15,0.0,0.0,0.0,0.0,25,0.0,20,0.0,17.777777777776723,N,,N,
06:22,PETRONET,11351,279.3,0.83,1.66,,73.2,28.6,NORMAL,Y,8.303249097472966,0.0,24.909747292418896,0.0,15,0.0,0.0,0.0,25,0.0,0.0,20,0.0,8.571428571428108,N,,N,
06:22,HSCL,14334,761.7,0.82,1.64,,99.1,0.0,NORMAL,Y,8.206485771012636,0.0,24.619457313037906,0.0,15,0.0,0.0,0.0,25,0.0,20,0.0,6.249999999999467,0.0,N,,N,
06:22,SCI,3048,296.35,0.82,1.63,,50.7,45.0,NORMAL,Y,8.164653852696151,0.0,24.493961558088458,0.0,15,0.0,0.0,0.0,0.0,25,0.0,20,3.076923076923884,0.0,N,,N,
06:22,GOCLCORP,3963,432.9,0.78,1.56,,46.2,49.0,NORMAL,Y,7.798859271330382,0.0,23.396577813991147,0.0,15,0.0,0.0,0.0,0.0,25,0.0,20,0.0,4.0000000000009095,N,,N,
06:22,WALCHANNAG,3736,234.51,0.73,1.47,,69.4,20.0,NORMAL,N,7.34536082474218,0.0,22.03608247422654,0.0,15,0.0,0.0,0.0,25,0.0,0.0,20,0.0,0.0,N,,N,
06:22,CANBK,10794,131.24,0.72,1.44,,43.9,45.0,NORMAL,Y,7.214121258633905,0.0,21.642363775901714,0.0,15,0.0,0.0,0.0,0.0,25,0.0,20,0.0,0.0,N,,N,
06:22,SIS,21501,440.7,0.72,1.44,,93.0,24.2,NORMAL,Y,7.19917723688716,0.0,21.59753171066148,0.0,15,0.0,0.0,4.205146191282178,25,0.0,20,0.0,0.0,20.0,N,,N,
06:22,SAIL,2963,174.24,0.72,1.43,,88.7,8.4,NORMAL,Y,7.167630057803521,0.0,21.502890173410563,0.0,15,0.0,0.0,0.0,25,0.0,20,0.0,0.0,8.421052631577373,N,,N,
06:22,SBIN,3045,1073.5,0.7,1.41,,73.5,23.3,NORMAL,Y,7.035647279549718,0.0,21.106941838649156,0.0,15,0.0,0.0,3.345985993298769,25,0.0,0.0,20,2.0000000000027285,0.0,N,,N,
06:22,UFLEX,1053,500.5,0.69,1.39,,92.4,4.6,NORMAL,Y,6.940951614525678,0.0,20.822854843577037,0.0,15,0.0,0.0,4.593564283891468,25,0.0,20,0.0,0.0,0.0,N,,N,
06:22,ZYDUSLIFE,7929,1199.1,0.68,1.36,,87.2,15.0,NORMAL,Y,6.801007556674987,0.0,20.40302267002496,0.0,15,0.0,0.0,0.0,25,0.0,20,0.0,0.0,14.999999999997158,N,,N,
06:22,VARROC,3857,847.7,0.66,1.32,,68.1,34.2,NORMAL,Y,6.590274891646462,0.0,19.770824674939387,0.0,15,0.0,0.0,1.697773951098773,25,0.0,0.0,20,0.0,12.467532467532276,N,,N,
06:22,ENDURANCE,18822,3018.0,1.65,3.3,,123.5,0.0,NORMAL,Y,16.503873358033008,0.0,30.0,0.0,15,0.0,0.0,0.0,25,0.0,20,0.0,16.99999999999818,0.0,N,,N,
06:22,MEESHO,760229,191.61,0.63,1.26,,65.2,29.6,NORMAL,Y,6.302190011028923,0.0,18.90657003308677,0.0,15,0.0,0.0,0.0,25,0.0,0.0,20,0.0,9.583333333333112,N,,N,
06:22,ELGIEQUIP,937,577.45,0.63,1.25,,83.7,20.0,NORMAL,N,6.273416398013458,0.0,18.82024919404037,0.0,15,0.0,0.0,0.0,25,0.0,0.0,20,18.57142857142973,0.0,N,,N,
06:22,LICI,9480,408.4,0.59,1.18,,63.6,24.0,NORMAL,N,5.911330049261028,0.0,17.733990147783082,0.0,15,0.0,0.0,0.0,25,0.0,0.0,20,0.0,4.0000000000009095,N,,N,
06:22,INDUSINDBK,5258,1014.7,0.57,1.15,,83.0,14.1,NORMAL,N,5.748835365249348,0.0,17.246506095748046,0.0,15,0.0,0.0,0.0,25,0.0,20,0.0,0.0,14.117647058823685,N,,N,
06:22,TATACAP,759265,369.3,0.57,1.14,,94.2,14.9,NORMAL,Y,5.7189542483660745,0.0,17.156862745098223,0.0,15,0.0,0.0,11.305737153438317,25,0.0,20,0.0,0.0,3.636363636362321,N,,N,
06:22,CHEMPLASTS,5449,172.66,0.57,1.14,,55.6,45.0,NORMAL,N,5.70829450139789,0.0,17.124883504193672,0.0,15,0.0,0.0,0.0,0.0,25,0.0,20,17.777777777779885,0.0,N,,N,
06:22,MFSL,2142,1522.3,1.55,3.11,,107.5,6.3,NORMAL,N,15.543695797198101,0.0,30.0,0.0,15,0.0,0.0,1.9958670533838059,25,0.0,20,0.0,0.0,4.2857142857166055,N,,N,
06:22,TIPSMUSIC,9117,672.8,0.55,1.11,,82.1,0.0,NORMAL,N,5.529816170975835,0.0,16.589448512927508,0.0,15,0.0,0.0,0.0,25,0.0,20,0.0,0.0,0.0,N,,N,
06:22,TMCV,759782,452.5,0.54,1.09,,71.3,34.5,NORMAL,Y,5.443839573380711,0.0,16.331518720142128,0.0,15,0.0,0.0,9.545384944364521,25,0.0,0.0,20,0.0,5.000000000000236,N,,N,
06:22,WIPL,20481,169.4,0.53,1.07,,92.0,10.6,NORMAL,Y,5.34124629080122,0.0,16.023738872403662,0.0,15,0.0,0.0,10.596492890723175,25,0.0,20,0.0,0.0,0.0,N,,N,
06:22,BIOCON,11373,428.2,0.52,1.03,,92.7,0.0,NORMAL,Y,5.1643192488262635,0.0,15.49295774647879,0.0,15,0.0,0.0,0.0,25,0.0,20,0.0,12.000000000002728,0.0,N,,N,
06:22,PENIND,20621,160.08,0.48,0.97,,76.6,20.0,NORMAL,N,4.8333437951165035,0.0,14.500031385349509,0.0,15,0.0,0.0,0.0,25,0.0,0.0,20,17.272727272727156,0.0,N,,N,
06:22,PVRINOX,13147,1165.7,0.47,0.95,,44.3,50.1,NORMAL,Y,4.74056197207378,0.0,14.22168591622134,0.0,15,0.0,0.0,5.127474598009917,0.0,25,0.0,20,5.185185185185435,0.0,N,,N,
06:22,JINDALSTEL,6733,1100.0,0.46,0.91,,70.1,27.3,NORMAL,Y,4.5662100456621,0.0,13.698630136986301,0.0,15,0.0,0.0,2.266008943303227,0.0,25,20,0.0,14.545454545454922,0.0,N,,N,
06:22,AUBANK,21238,1075.7,0.45,0.9,,77.9,6.2,NORMAL,Y,4.482211224203898,0.0,13.446633672611693,0.0,15,0.0,0.0,0.0,25,0.0,20,0.0,0.0,6.153846153843194,N,,N,
06:23,BHEL,438,404.7,0.42,0.84,,33.9,57.9,NORMAL,N,4.218362282878385,0.0,12.655086848635152,0.0,15,0.0,0.0,1.9914573261710211,0.0,25,0.0,20,0.0,10.909090909091097,N,,N,
06:23,VOLTAS,3718,1285.3,0.41,0.83,,88.6,24.5,NORMAL,N,4.1406249999999645,0.0,12.421874999999893,0.0,15,0.0,0.0,12.015943379674892,25,0.0,20,0.0,0.0,12.500000000000117,N,,N,
06:23,NUCLEUS,10791,694.55,0.41,0.82,,76.5,0.0,NORMAL,N,4.1202833598379485,0.0,12.360850079513845,0.0,15,0.0,0.0,0.0,25,0.0,20,0.0,0.0,0.0,N,,N,
06:23,SONACOMS,4684,803.25,0.41,0.81,,81.0,6.5,NORMAL,Y,4.0625,0.0,12.1875,0.0,15,0.0,0.0,4.758473387111827,25,0.0,20,0.0,0.0,1.7391304347808894,N,,N,
06:23,MCX,31181,2935.0,1.38,2.76,,109.8,0.0,NORMAL,Y,13.81692573402418,0.0,30.0,0.0,15,0.0,0.0,0.0,25,0.0,20,0.0,6.031746031746147,0.0,N,,N,
06:23,PINELABS,759820,168.2,0.37,0.74,,88.8,0.0,NORMAL,Y,3.6997255042366395,0.0,11.099176512709919,0.0,15,0.0,0.0,0.0,25,0.0,20,0.0,13.999999999999432,0.0,N,,N,
06:23,SYNGENE,10243,408.75,0.37,0.74,,74.7,12.7,NORMAL,Y,3.683241252302026,0.0,11.049723756906078,0.0,15,0.0,0.0,0.0,25,0.0,20,0.0,0.0,12.727272727273292,N,,N,
06:23,SHYAMMETL,4693,988.4,0.37,0.73,,74.6,5.3,NORMAL,N,3.6555645816409656,0.0,10.966693744922896,0.0,15,0.0,0.0,0.0,25,0.0,20,0.0,0.0,5.33333333333303,N,,N,
06:23,TIINDIA,312,2817.4,1.35,2.69,,103.5,16.6,NORMAL,Y,13.453237410071974,0.0,30.0,0.0,15,0.0,0.0,0.0,25,0.0,20,0.0,0.0,16.62337662337627,N,,N,
06:23,SBICARD,17971,652.1,0.32,0.63,,83.5,0.0,NORMAL,Y,3.153603568956339,0.0,9.460810706869017,0.0,15,0.0,0.0,0.0,25,0.0,20,0.0,10.909090909092036,0.0,N,,N,
06:23,HINDZINC,1424,588.5,0.32,0.63,,33.1,45.0,NORMAL,Y,3.153498678939781,0.0,9.460496036819343,0.0,15,0.0,0.0,0.0,0.0,25,0.0,20,5.4545454545439505,0.0,N,,N,
06:23,RATNAMANI,13451,2282.4,1.22,2.43,,90.6,30.1,NORMAL,N,12.150776053215118,0.0,30.0,0.0,15,0.0,0.0,5.11377982361337,0.0,25,20,0.0,8.363636363635372,0.0,N,,N,
06:23,HYUNDAI,25844,2224.2,1.1,2.2,,110.5,23.4,NORMAL,Y,10.99999999999992,0.0,30.0,0.0,15,0.0,0.0,9.485580447169637,25,0.0,20,0.0,0.0,13.924050632911232,N,,N,
06:23,ZFCVINDIA,16915,2641.9,1.03,2.06,,119.9,9.7,NORMAL,Y,10.286806883365236,0.0,30.0,0.0,15,0.0,0.0,9.748157504591285,25,0.0,20,0.0,9.82456140350813,0.0,N,,N,
06:23,WELCORP,11821,1855.0,0.99,1.97,,99.4,20.0,NORMAL,Y,9.85355762425821,0.0,29.560672872774635,0.0,15,0.0,0.0,0.0,25,0.0,0.0,20,20.0,0.0,N,,N,
06:23,BHARATFORG,422,2071.1,0.98,1.96,,110.0,0.0,NORMAL,N,9.80009751340805,0.0,29.400292540224147,0.0,15,0.0,0.0,0.0,25,0.0,20,0.0,10.769230769232383,0.0,N,,N,
06:23,BALKRISIND,335,2519.9,0.84,1.68,,95.4,4.3,NORMAL,Y,8.40369762695586,0.0,25.211092880867582,0.0,15,0.0,0.0,1.8311479684985088,25,0.0,20,0.0,0.0,2.500000000001421,N,,N,
06:23,NESTLEIND,17963,1505.7,0.84,1.67,,73.5,28.6,NORMAL,Y,8.371283150281275,0.0,25.113849450843826,0.0,15,0.0,0.0,0.0,25,0.0,0.0,20,0.0,8.571428571426715,N,,N,
06:23,TPLPLASTEH,9219,76.5,0.8,1.61,,47.2,45.0,NORMAL,N,8.037949663987344,0.0,24.11384899196203,0.0,15,0.0,0.0,0.0,0.0,25,0.0,20,0.0,0.0,N,,N,
06:23,GLAXO,1153,2621.7,0.76,1.52,,90.4,9.5,NORMAL,Y,7.609823590453026,0.0,22.829470771359077,0.0,15,0.0,0.0,0.0,25,0.0,20,0.0,0.0,9.47368421052682,N,,N,
06:23,ESCORTS,958,3104.5,0.73,1.45,,48.3,53.0,NORMAL,Y,7.267771973654356,0.0,21.803315920963065,0.0,15,0.0,0.0,4.2085864452770325,0.0,25,0.0,20,0.0,3.7931034482769976,N,,N,
06:23,PNBGILTS,8736,80.68,0.69,1.37,,74.3,20.6,NORMAL,N,6.863846249844147,0.0,20.59153874953244,0.0,15,0.0,0.0,0.5951965410416086,25,0.0,0.0,20,6.249999999999223,0.0,N,,N,
06:23,BEML,395,1915.2,0.68,1.36,,42.1,62.5,NORMAL,Y,6.781264784734317,0.0,20.34379435420295,0.0,15,0.0,0.0,0.0,0.0,25,0.0,20,0.0,17.50000000000213,N,,N,
06:23,MASTEK,2124,1824.0,0.63,1.26,,85.2,20.0,NORMAL,Y,6.289308176100679,0.0,18.86792452830204,0.0,15,0.0,0.0,0.0,25,0.0,20,0.0,0.0,20.0,N,,N,
06:23,IDFCFIRSTB,11184,84.72,0.53,1.07,,81.4,2.5,NORMAL,Y,5.339978640085475,0.0,16.019935920256422,0.0,15,0.0,0.0,0.0,25,0.0,20,0.0,0.0,2.5000000000013323,N,,N,
06:23,ZODIACLOTH,3821,77.56,0.4,0.8,,51.1,25.0,NORMAL,Y,4.0129449838188,0.0,12.0388349514564,0.0,15,0.0,0.0,0.0,0.0,25,20,0.0,0.0,0.0,N,,N,
06:23,PAYTM,6705,1599.3,0.35,0.7,,63.5,20.0,NORMAL,Y,3.5138357281796506,0.0,10.541507184538952,0.0,15,0.0,0.0,0.0,25,0.0,0.0,20,9.47368421052682,0.0,N,,N,
06:23,GODREJCP,10099,916.8,-10.56,21.11,,37.1,90.0,NORMAL,Y,0.0,30.0,30.0,0.0,0.0,15,0.0,0.0,0.0,25,0.0,20,7.058823529410506,0.0,N,,N,
06:23,JUBLPHARMA,3637,903.85,-6.34,12.67,,69.5,65.0,NORMAL,Y,0.0,30.0,30.0,0.0,0.0,15,0.0,0.0,25,0.0,0.0,20,14.545454545454579,0.0,N,,N,
06:23,TECHNOE,6445,1000.25,-5.46,10.93,,77.2,52.7,NORMAL,Y,0.0,30.0,30.0,0.0,0.0,15,0.0,2.199298770971505,25,0.0,20,0.0,0.0,5.531914893617742,N,,N,
06:23,MATRIMONY,21726,508.75,-5.28,10.56,,33.7,95.0,NORMAL,N,0.0,30.0,30.0,0.0,0.0,15,0.0,3.7343260795501108,0.0,25,0.0,20,0.0,1.3043478260867847,N,,N,
06:23,RHIM,31163,393.8,-5.23,10.47,,58.3,65.0,NORMAL,Y,0.0,30.0,30.0,0.0,0.0,15,0.0,0.0,25,0.0,0.0,20,3.3333333333323862,0.0,N,,N,
06:23,FORTIS,14592,886.55,-5.2,10.4,,30.0,91.6,NORMAL,Y,0.0,30.0,30.0,0.0,0.0,15,0.0,0.0,0.0,25,0.0,20,0.0,1.5999999999985448,N,,N,
06:23,RAMCOSYS,7851,619.9,-5.0,9.99,,30.0,90.0,NORMAL,Y,0.0,30.0,30.0,0.0,0.0,15,0.0,0.0,0.0,25,0.0,20,0.0,0.0,N,,N,
06:23,BALRAMCHIN,341,596.8,-4.94,9.88,,55.0,68.5,NORMAL,Y,0.0,30.0,30.0,0.0,0.0,15,0.0,0.0,25,0.0,0.0,20,0.0,3.529411764705725,N,,N,
06:23,UNICHEMLAB,3579,551.9,-3.82,7.63,,59.7,65.0,NORMAL,N,0.0,30.0,30.0,0.0,0.0,15,0.0,0.0,25,0.0,0.0,20,4.705882352940783,0.0,N,,N,
06:23,HISARMETAL,19322,150.0,-3.46,6.92,,30.0,90.0,NORMAL,Y,0.0,30.0,30.0,0.0,0.0,15,0.0,0.0,0.0,25,0.0,20,0.0,0.0,N,,N,
06:23,ADANIGREEN,3563,1320.5,-3.33,6.66,,30.0,100.0,NORMAL,Y,0.0,30.0,30.0,0.0,0.0,15,0.0,0.0,0.0,25,0.0,20,0.0,9.999999999997474,N,,N,
06:23,WINDLAS,5366,912.45,-3.25,6.5,,31.1,90.0,NORMAL,N,0.0,30.0,30.0,0.0,0.0,15,0.0,0.0,0.0,25,0.0,20,1.1111111111113918,0.0,N,,N,
06:23,JYOTHYLAB,15146,197.6,-3.16,6.31,,48.5,90.0,NORMAL,Y,0.0,30.0,30.0,0.0,0.0,15,0.0,0.0,0.0,25,0.0,20,18.518518518519766,0.0,N,,N,
06:23,MAXHEALTH,22377,1007.3,-3.14,6.29,,30.0,104.0,NORMAL,Y,0.0,30.0,30.0,0.0,0.0,15,0.0,0.0,0.0,25,0.0,20,0.0,14.00000000000091,N,,N,
06:23,ASTERDM,1508,828.25,-3.12,6.23,,55.0,74.1,NORMAL,Y,0.0,30.0,30.0,0.0,0.0,15,0.0,0.0,25,0.0,0.0,20,0.0,9.090909090908903,N,,N,
06:23,AIIL,23553,556.2,-3.01,6.02,,78.7,68.7,NORMAL,Y,0.0,30.0,30.0,0.0,0.0,15,0.0,3.733695038244742,25,0.0,20,0.0,0.0,20.0,N,,N,
06:23,BRIGADE,15184,587.6,-2.89,5.78,,30.0,90.3,NORMAL,N,0.0,28.92083953065609,30.0,0.0,0.0,15,0.0,0.0,0.0,25,0.0,20,0.0,1.4285714285700366,N,,N,
06:23,TEJASNET,21131,518.25,-2.88,5.75,,49.9,98.0,NORMAL,Y,0.0,28.766866566716683,30.0,0.0,0.0,15,0.0,9.282640976518906,0.0,25,0.0,20,10.66666666666606,0.0,N,,N,
06:23,OMNI,760865,581.45,-2.81,5.62,,36.6,91.5,NORMAL,Y,0.0,28.081905557877064,30.0,0.0,0.0,15,0.0,3.381515568921626,0.0,25,0.0,20,3.214285714285961,0.0,N,,N,
06:23,REDINGTON,14255,344.7,-2.78,5.56,,30.3,99.2,NORMAL,N,0.0,27.78169510647306,30.0,0.0,0.0,15,0.0,0.2677038586209403,0.0,25,0.0,20,0.0,11.111111111111391,N,,N,
06:23,PARADEEP,9741,147.65,-2.73,5.47,,50.3,95.4,NORMAL,N,0.0,27.338603425559985,30.0,0.0,0.0,15,0.0,8.03392381364132,0.0,25,0.0,20,12.24489795918462,0.0,N,,N,
06:23,GODREJIND,10925,1254.6,-2.73,5.46,,46.7,87.3,NORMAL,Y,0.0,27.291052876414987,30.0,0.0,0.0,15,0.0,0.0,0.0,25,0.0,20,16.666666666666035,0.0,N,,N,
06:23,EPACKPEB,759251,240.45,-2.71,5.42,,55.0,72.1,NORMAL,Y,0.0,27.109043091240206,30.0,0.0,0.0,15,0.0,0.0,25,0.0,0.0,20,0.0,9.99999999999929,N,,N,
06:23,KNRCON,15283,133.16,-2.69,5.38,,56.2,61.9,NORMAL,N,0.0,26.892721426483533,30.0,0.0,0.0,15,0.0,0.0,25,0.0,0.0,20,1.1764705882343107,0.0,N,,N,
06:23,PTC,11355,167.37,-2.66,5.33,,33.1,86.6,NORMAL,N,0.0,26.635649898226134,30.0,0.0,0.0,15,0.0,0.0,0.0,25,0.0,20,3.125000000000777,0.0,N,,N,
06:23,TMPV,3456,338.6,-2.59,5.18,,46.8,95.2,NORMAL,Y,0.0,25.891829689298042,30.0,0.0,0.0,15,0.0,9.34949138243059,0.0,25,0.0,20,7.499999999999526,0.0,N,,N,
06:23,RUPA,25724,154.84,-2.47,4.94,,30.9,104.9,NORMAL,Y,0.0,24.691358024691283,30.0,0.0,0.0,15,0.0,0.8915629006848447,0.0,25,0.0,20,0.0,19.310344827586817,N,,N,
06:23,LUXIND,11301,1218.2,-2.45,4.9,,30.0,84.5,NORMAL,Y,0.0,24.503523382447078,30.0,0.0,0.0,15,0.0,0.0,0.0,25,0.0,20,0.0,0.0,N,,N,
06:23,ERIS,21154,1357.0,-2.4,4.79,,55.0,65.6,NORMAL,Y,0.0,23.951665108249987,30.0,0.0,0.0,15,0.0,0.0,25,0.0,0.0,20,0.0,6.666666666666666,N,,N,
06:23,MRPL,2283,176.86,-2.36,4.73,,55.0,61.5,NORMAL,N,0.0,23.628132935850573,30.0,0.0,0.0,15,0.0,0.0,25,0.0,0.0,20,0.0,2.8571428571405373,N,,N,
06:23,PATANJALI,17029,344.8,-2.32,4.65,,55.0,61.1,NORMAL,Y,0.0,23.229461756373905,30.0,0.0,0.0,15,0.0,0.0,25,0.0,0.0,20,0.0,2.8571428571433213,N,,N,
06:23,HIKAL,9668,212.94,-2.31,4.62,,35.8,86.5,NORMAL,Y,0.0,23.121387283236963,30.0,0.0,0.0,15,0.0,3.38347069113005,0.0,25,0.0,20,2.413793103448107,0.0,N,,N,
06:23,VIPIND,3703,309.6,-2.3,4.61,,30.0,100.8,NORMAL,N,0.0,23.035657936257355,30.0,0.0,0.0,15,0.0,0.0,0.0,25,0.0,20,0.0,17.777777777777498,N,,N,
06:23,PSPPROJECT,20877,913.0,-2.3,4.6,,55.7,58.0,NORMAL,Y,0.0,23.006955591225253,30.0,0.0,0.0,15,0.0,0.0,25,0.0,0.0,20,0.7142857142850763,0.0,N,,N,
06:23,INTELLECT,5926,707.3,-2.26,4.52,,32.3,97.0,NORMAL,Y,0.0,22.593795343052612,30.0,0.0,0.0,15,0.0,2.276294888611978,0.0,25,0.0,20,0.0,12.173913043477317,N,,N,
06:23,KPITTECH,9683,612.85,-2.26,4.51,,34.4,106.9,NORMAL,N,0.0,22.56778309409885,30.0,0.0,0.0,15,0.0,4.378288187670292,0.0,25,0.0,20,0.0,20.0,N,,N,
06:23,SURYAROSNI,3375,230.51,-2.26,4.51,,35.0,82.6,NORMAL,Y,0.0,22.55862273671721,30.0,0.0,0.0,15,0.0,0.0,0.0,25,0.0,20,4.999999999999112,0.0,N,,N,
06:23,KALYANKJIL,2955,588.9,-2.21,4.42,,35.5,107.6,NORMAL,N,0.0,22.085685818665006,30.0,0.0,0.0,15,0.0,5.5101937686496285,0.0,25,0.0,20,0.0,20.0,N,,N,
06:23,EXICOM,22947,140.92,-2.1,4.21,,30.0,82.4,NORMAL,Y,0.0,21.048975338659265,30.0,0.0,0.0,15,0.0,0.0,0.0,25,0.0,20,0.0,1.33333333333207,N,,N,
06:23,WSTCSTPAPR,3799,584.6,-2.09,4.19,,37.4,94.7,NORMAL,N,0.0,20.93451683135153,30.0,0.0,0.0,15,0.0,7.441902699403757,0.0,25,0.0,20,0.0,6.315789473682951,N,,N,
06:23,VMM,27969,107.95,-2.09,4.17,,30.0,94.2,NORMAL,Y,0.0,20.86167800453512,30.0,0.0,0.0,15,0.0,0.0,0.0,25,0.0,20,0.0,13.333333333333785,N,,N,
06:23,PIIND,24184,2600.0,-4.76,9.52,,55.0,70.8,NORMAL,Y,0.0,30.0,30.0,0.0,0.0,15,0.0,0.0,25,0.0,0.0,20,0.0,5.777777777776565,N,,N,
06:23,TCS,11536,2350.2,-3.9,7.81,,36.5,115.2,NORMAL,Y,0.0,30.0,30.0,0.0,0.0,15,0.0,6.5374446275460425,0.0,25,0.0,20,0.0,18.666666666666742,N,,N,
06:23,IFCI,1491,72.97,-3.61,7.21,,53.4,99.4,NORMAL,Y,0.0,30.0,30.0,0.0,0.0,15,0.0,9.359536132286603,0.0,25,0.0,20,13.999999999999432,0.0,N,,N,
06:23,LLOYDSME,17313,1921.0,-3.28,6.57,,30.0,108.0,NORMAL,Y,0.0,30.0,30.0,0.0,0.0,15,0.0,0.0,0.0,25,0.0,20,0.0,17.966101694915594,N,,N,
06:23,M&M,2031,3411.0,-3.01,6.03,,57.0,70.7,NORMAL,N,0.0,30.0,30.0,0.0,0.0,15,0.0,1.9810293281463824,25,0.0,0.0,20,0.0,3.7037037037039533,N,,N,
06:23,UNOMINDA,14154,1249.5,-2.0,4.0,,35.0,87.0,NORMAL,N,0.0,20.0,30.0,0.0,0.0,15,0.0,5.011749000926423,0.0,25,0.0,20,0.0,2.0000000000004547,N,,N,
06:23,SUDARSCHEM,3327,1087.9,-1.99,3.98,,30.0,99.9,NORMAL,N,0.0,19.90990990990983,30.0,0.0,0.0,15,0.0,0.0,0.0,25,0.0,20,0.0,20.0,N,,N,
06:23,GMRAIRPORT,13528,103.02,-1.99,3.98,,32.8,81.7,NORMAL,Y,0.0,19.883931119779312,30.0,0.0,0.0,15,0.0,1.8303053096541362,0.0,25,0.0,20,0.9999999999990763,0.0,N,,N,
06:23,BSOFT,6994,313.95,-1.98,3.97,,30.0,89.8,NORMAL,N,0.0,19.825163908835535,30.0,0.0,0.0,15,0.0,0.0,0.0,25,0.0,20,0.0,10.0,N,,N,
06:23,VAIBHAVGBL,11364,232.95,-1.98,3.96,,57.0,55.4,NORMAL,Y,0.0,19.776982958131775,30.0,0.0,0.0,15,0.0,0.5740112260480507,25,0.0,0.0,20,1.4285714285717765,0.0,N,,N,
06:23,ABDL,24308,607.6,-1.97,3.94,,56.6,60.2,NORMAL,Y,0.0,19.68376895772819,30.0,0.0,0.0,15,0.0,1.575442509201802,25,0.0,0.0,20,0.0,3.9024390243912177,N,,N,
06:23,KSB,1949,796.3,-1.92,3.83,,55.0,64.9,NORMAL,Y,0.0,19.153784566114513,30.0,0.0,0.0,15,0.0,0.0,25,0.0,0.0,20,0.0,10.769230769228349,N,,N,
06:23,GREAVESCOT,1235,194.0,-1.91,3.82,,56.3,73.4,NORMAL,Y,0.0,19.11214480736172,30.0,0.0,0.0,15,0.0,1.2733236192258024,25,0.0,0.0,20,0.0,17.999999999999716,N,,N,
06:23,JUBLINGREA,2783,719.4,-1.87,3.74,,34.4,78.7,NORMAL,Y,0.0,18.687764288637354,30.0,0.0,0.0,15,0.0,0.0,0.0,25,0.0,20,4.444444444443041,0.0,N,,N,
06:23,EMSLIMITED,18593,386.55,-1.87,3.73,,60.2,54.5,NORMAL,Y,0.0,18.659558263518573,30.0,0.0,0.0,15,0.0,0.8489099848418082,25,0.0,0.0,20,4.347826086956608,0.0,N,,N,
06:23,MANAPPURAM,19061,353.3,-1.86,3.72,,32.1,78.6,NORMAL,Y,0.0,18.61111111111108,30.0,0.0,0.0,15,0.0,0.0,0.0,25,0.0,20,2.1052631578952408,0.0,N,,N,
06:23,ZENITHEXPO,4176,246.4,-1.86,3.72,,30.0,78.6,NORMAL,N,0.0,18.60039032939016,30.0,0.0,0.0,15,0.0,0.0,0.0,25,0.0,20,0.0,0.0,N,,N,
06:23,NLCINDIA,8585,280.75,-1.85,3.71,,30.6,91.1,NORMAL,Y,0.0,18.528229330536654,30.0,0.0,0.0,15,0.0,0.599155277366489,0.0,25,0.0,20,0.0,11.999999999998181,N,,N,
06:23,ZUARI,29050,221.3,-1.83,3.66,,55.0,73.3,NORMAL,Y,0.0,18.276994055540666,30.0,0.0,0.0,15,0.0,0.0,25,0.0,0.0,20,0.0,20.0,N,,N,
06:23,BPCL,526,312.0,-1.83,3.65,,30.0,78.3,NORMAL,Y,0.0,18.250471994965423,30.0,0.0,0.0,15,0.0,0.0,0.0,25,0.0,20,0.0,0.0,N,,N,
06:23,METROPOLIS,9581,556.0,-1.81,3.62,,55.8,87.9,NORMAL,Y,0.0,18.101545253863137,30.0,0.0,0.0,15,0.0,9.790382039477352,0.0,25,0.0,20,16.000000000003638,0.0,N,,N,
06:23,ANGELONE,324,286.15,-1.8,3.6,,55.0,63.0,NORMAL,Y,0.0,18.016472203157175,30.0,0.0,0.0,15,0.0,0.0,25,0.0,0.0,20,0.0,10.0,N,,N,
06:23,TATACONSUM,3432,1058.6,-1.8,3.6,,47.1,82.2,NORMAL,Y,0.0,17.996289424860937,30.0,0.0,0.0,15,0.0,4.171527325038628,0.0,25,0.0,20,12.94117647058682,0.0,N,,N,
06:23,MARICO,4067,839.7,-1.79,3.58,,30.0,94.6,NORMAL,Y,0.0,17.89473684210521,30.0,0.0,0.0,15,0.0,0.0,0.0,25,0.0,20,0.0,16.666666666666035,N,,N,
06:23,NBCC,31415,91.2,-2.77,5.54,,35.3,93.0,NORMAL,Y,0.0,27.718550106609747,30.0,0.0,0.0,15,0.0,5.30925378700153,0.0,25,0.0,20,0.0,0.0,N,,N,
06:23,TATASTEEL,3499,185.0,-1.73,3.45,,34.5,78.4,NORMAL,Y,0.0,17.26427622841965,30.0,0.0,0.0,15,0.0,1.1506850563854842,0.0,25,0.0,20,3.3333333333338593,0.0,N,,N,
06:23,HAPPSTMNDS,48,387.55,-1.72,3.45,,37.2,95.9,NORMAL,Y,0.0,17.243565360720197,30.0,0.0,0.0,15,0.0,7.186090235570526,0.0,25,0.0,20,0.0,11.428571428570963,N,,N,
06:23,MAITHANALL,24538,988.4,-1.71,3.42,,55.0,52.1,NORMAL,N,0.0,17.104216388225982,30.0,0.0,0.0,15,0.0,0.0,25,0.0,0.0,20,0.0,0.0,N,,N,
06:23,SONATSOFTW,6596,328.2,-1.71,3.41,,62.6,73.0,NORMAL,N,0.0,17.070979335130247,30.0,0.0,0.0,15,0.0,7.644522088336936,25,0.0,0.0,20,0.0,13.33333333333365,N,,N,
06:23,FSL,14304,274.85,-1.7,3.4,,30.0,88.4,NORMAL,Y,0.0,16.988555078683834,30.0,0.0,0.0,15,0.0,0.0,0.0,25,0.0,20,0.0,11.428571428573285,N,,N,
06:23,MEDANTA,11956,1416.0,-1.69,3.39,,57.5,52.4,NORMAL,N,0.0,16.939738961399673,30.0,0.0,0.0,15,0.0,0.5058460724123304,25,0.0,0.0,20,2.0000000000004547,0.0,N,,N,
06:23,SPARC,14788,201.79,-1.69,3.38,,50.0,76.9,NORMAL,Y,0.0,16.90538828802494,30.0,0.0,0.0,15,0.0,0.0,0.0,25,0.0,20,20.0,0.0,N,,N,
06:23,AVANTIFEED,7936,845.3,-1.69,3.37,,43.5,79.5,NORMAL,Y,0.0,16.864387066759715,30.0,0.0,0.0,15,0.0,2.6262384428418537,0.0,25,0.0,20,10.847457627118512,0.0,N,,N,
06:23,SURYODAY,2970,160.91,-1.68,3.36,,47.9,103.3,NORMAL,Y,0.0,16.803128437003544,30.0,0.0,0.0,15,0.0,17.879918675858296,0.0,25,0.0,20,0.0,8.644067796610447,N,,N,
06:23,GANESHHOU,14339,751.25,-1.66,3.32,,30.0,76.6,NORMAL,Y,0.0,16.624124615485364,30.0,0.0,0.0,15,0.0,0.0,0.0,25,0.0,20,0.0,0.0,N,,N,
06:23,ROLEXRINGS,5279,174.36,-1.65,3.31,,75.0,50.7,NORMAL,N,0.0,16.526594844604762,30.0,0.0,0.0,15,0.0,0.0,25,0.0,20,0.0,0.0,19.130434782608265,N,,N,
06:23,SHALBY,714,159.0,-1.65,3.3,,50.6,84.7,NORMAL,Y,0.0,16.51512339951746,30.0,0.0,0.0,15,0.0,8.13967992465255,0.0,25,0.0,20,12.500000000000739,0.0,N,,N,
06:23,ADANIPOWER,17388,205.55,-1.65,3.3,,30.0,90.9,NORMAL,Y,0.0,16.50717703349277,30.0,0.0,0.0,15,0.0,0.0,0.0,25,0.0,20,0.0,14.400000000000546,N,,N,
06:23,EIDPARRY,916,775.65,-1.63,3.26,,55.0,68.0,NORMAL,Y,0.0,16.296766011414107,30.0,0.0,0.0,15,0.0,0.0,25,0.0,0.0,20,0.0,16.666666666669194,N,,N,
06:23,WESTLIFE,11580,574.0,-1.62,3.24,,30.0,96.2,NORMAL,N,0.0,16.1967606478705,30.0,0.0,0.0,15,0.0,0.0,0.0,25,0.0,20,0.0,20.0,N,,N,
06:23,PRAJIND,2705,324.7,-1.58,3.15,,30.0,81.5,NORMAL,N,0.0,15.762352227947831,30.0,0.0,0.0,15,0.0,0.0,0.0,25,0.0,20,0.0,5.714285714284322,N,,N,
06:23,KIRIINDUS,16639,420.0,-1.57,3.14,,40.8,77.7,NORMAL,N,0.0,15.70189828919613,30.0,0.0,0.0,15,0.0,2.0208735995632545,0.0,25,0.0,20,8.750000000000444,0.0,N,,N,
06:23,RAMKY,20134,390.05,-1.56,3.13,,79.1,65.4,NORMAL,Y,0.0,15.646687697160855,30.0,0.0,0.0,15,0.0,14.719818637358392,25,0.0,0.0,20,9.387755102040675,0.0,N,,N,
06:23,PREMIERENE,25049,1033.6,-1.56,3.12,,35.0,75.6,NORMAL,Y,0.0,15.619047619047707,30.0,0.0,0.0,15,0.0,0.0,0.0,25,0.0,20,5.000000000001421,0.0,N,,N,
06:23,NELCO,2388,979.6,-1.56,3.12,,55.0,58.1,NORMAL,N,0.0,15.57632398753894,30.0,0.0,0.0,15,0.0,0.0,25,0.0,0.0,20,0.0,7.500000000001066,N,,N,
06:23,BECTORFOOD,1628,236.9,-1.55,3.09,,72.2,54.0,NORMAL,N,0.0,15.460061507771584,30.0,0.0,0.0,15,0.0,3.5087997978793926,25,0.0,0.0,20,13.653846153846413,0.0,N,,N,
06:23,RALLIS,2816,208.24,-1.54,3.08,,58.5,67.5,NORMAL,Y,0.0,15.413711583924306,30.0,0.0,0.0,15,0.0,3.5396114381591937,25,0.0,0.0,20,0.0,13.529411764705143,N,,N,
06:23,DEVYANI,5373,140.59,-1.54,3.08,,75.0,48.6,NORMAL,N,0.0,15.407241403459548,30.0,0.0,0.0,15,0.0,0.0,25,0.0,20,0.0,0.0,18.22222222222253,N,,N,
06:23,DABUR,772,406.3,-1.54,3.08,,31.6,88.5,NORMAL,Y,0.0,15.38834363261836,30.0,0.0,0.0,15,0.0,1.6483735101461603,0.0,25,0.0,20,0.0,11.428571428570036,N,,N,
06:23,RSYSTEMS,13414,241.3,-1.49,2.98,,55.0,69.9,NORMAL,Y,0.0,14.901000204123198,30.0,0.0,0.0,15,0.0,0.0,25,0.0,0.0,20,0.0,20.0,N,,N,
06:23,CENTURYPLY,13305,764.85,-1.49,2.98,,43.5,83.4,NORMAL,Y,0.0,14.876352395672274,30.0,0.0,0.0,15,0.0,8.499658861193607,0.0,25,0.0,20,5.0,0.0,N,,N,
06:23,PCBL,2649,317.4,-1.47,2.95,,37.3,79.5,NORMAL,Y,0.0,14.744684153344716,30.0,0.0,0.0,15,0.0,4.785305001310284,0.0,25,0.0,20,2.5000000000003553,0.0,N,,N,
06:23,SAPPHIRE,6718,232.55,-1.47,2.94,,75.0,41.7,NORMAL,N,0.0,14.70214388611134,30.0,0.0,0.0,15,0.0,0.0,25,0.0,20,0.0,0.0,12.000000000000206,N,,N,
06:23,INFY,1594,1173.2,-1.47,2.94,,30.4,89.8,NORMAL,N,0.0,14.697236919459144,30.0,0.0,0.0,15,0.0,0.4262285737630339,0.0,25,0.0,20,0.0,14.66666666666697,N,,N,
06:23,MUKANDLTD,11325,138.55,-1.47,2.93,,89.9,74.7,NORMAL,Y,0.0,14.650451603726635,30.0,0.0,0.0,15,0.0,25.0,25,0.0,0.0,20,9.898989898989846,0.0,N,,N,
06:23,MAXESTATES,19646,420.45,-1.45,2.91,,77.3,31.8,NORMAL,N,0.0,14.531817649126895,30.0,0.0,0.0,15,0.0,2.2531357231276425,25,0.0,20,0.0,0.0,0.0,N,,N,
06:23,PDSL,5264,371.05,-1.45,2.9,,55.0,69.5,NORMAL,N,0.0,14.47543160690568,30.0,0.0,0.0,15,0.0,0.0,25,0.0,0.0,20,0.0,20.0,N,,N,
06:23,ZENSARTECH,1076,493.5,-1.42,2.84,,33.5,97.6,NORMAL,Y,0.0,14.182980423491854,30.0,0.0,0.0,15,0.0,3.46645754795058,0.0,25,0.0,20,0.0,20.0,N,,N,
06:23,SUNTECK,17641,292.35,-1.42,2.83,,35.9,98.6,NORMAL,Y,0.0,14.162873039959496,30.0,0.0,0.0,15,0.0,5.899938956081105,0.0,25,0.0,20,0.0,18.571428571428225,N,,N,
06:23,PFC,14299,375.65,-1.4,2.81,,36.2,80.2,NORMAL,Y,0.0,14.041994750656228,30.0,0.0,0.0,15,0.0,6.17919831875615,0.0,25,0.0,20,0.0,0.0,N,,N,
06:23,SYMPHONY,24190,632.15,-1.4,2.81,,49.5,106.8,NORMAL,Y,0.0,14.03727676830695,30.0,0.0,0.0,15,0.0,19.46757973601834,0.0,25,0.0,20,0.0,13.333333333333105,N,,N,
06:23,ASAHIINDIA,5378,889.0,-1.4,2.81,,34.0,94.1,NORMAL,Y,0.0,14.029834192868604,30.0,0.0,0.0,15,0.0,3.979144102411113,0.0,25,0.0,20,0.0,16.12903225806499,N,,N,
06:23,SANGAMIND,4184,573.8,-1.4,2.8,,55.0,69.0,NORMAL,Y,0.0,14.004639573846704,30.0,0.0,0.0,15,0.0,0.0,25,0.0,0.0,20,0.0,20.0,N,,N,
06:23,TRITURBINE,25584,592.0,-1.39,2.78,,55.0,68.9,NORMAL,Y,0.0,13.908553343882772,30.0,0.0,0.0,15,0.0,0.0,25,0.0,0.0,20,0.0,20.0,N,,N,
06:23,IEX,220,124.28,-1.37,2.73,,32.3,82.9,NORMAL,Y,0.0,13.650793650793641,30.0,0.0,0.0,15,0.0,2.2810997289655317,0.0,25,0.0,20,0.0,6.999999999999218,N,,N,
06:23,SCHNEIDER,31234,1384.4,-1.35,2.69,,41.8,73.5,NORMAL,N,0.0,13.468253402693552,30.0,0.0,0.0,15,0.0,0.0,0.0,25,0.0,20,11.818181818181161,0.0,N,,N,
06:23,HCG,15555,729.05,-1.34,2.68,,55.0,56.4,NORMAL,N,0.0,13.397388185939631,30.0,0.0,0.0,15,0.0,0.0,25,0.0,0.0,20,0.0,7.999999999999545,N,,N,
06:23,DEEPAKNTR,19943,1743.1,-2.34,4.67,,61.8,58.4,NORMAL,N,0.0,23.363962348722573,30.0,0.0,0.0,15,0.0,0.0,25,0.0,0.0,20,6.818181818181678,0.0,N,,N,
06:23,WHIRLPOOL,18011,784.5,-1.33,2.65,,30.0,80.8,NORMAL,Y,0.0,13.269605685176977,30.0,0.0,0.0,15,0.0,0.0,0.0,25,0.0,20,0.0,7.500000000002132,N,,N,
06:23,EBGNG,757862,565.0,-1.32,2.64,,59.5,48.2,NORMAL,N,0.0,13.186621255785443,30.0,0.0,0.0,15,0.0,0.0,25,0.0,0.0,20,4.51612903225849,0.0,N,,N,
06:23,TATAPOWER,3426,375.05,-1.3,2.61,,30.0,93.0,NORMAL,Y,0.0,13.026315789473655,30.0,0.0,0.0,15,0.0,0.0,0.0,25,0.0,20,0.0,20.0,N,,N,
06:23,NEWGEN,1164,548.05,-1.27,2.54,,55.0,56.6,NORMAL,Y,0.0,12.700414339758725,30.0,0.0,0.0,15,0.0,0.0,25,0.0,0.0,20,0.0,8.888888888889076,N,,N,
06:23,LTF,24948,311.4,-1.27,2.54,,56.8,53.5,NORMAL,Y,0.0,12.682308180088777,30.0,0.0,0.0,15,0.0,1.818738677736782,25,0.0,0.0,20,0.0,3.9999999999993934,N,,N,
06:23,ITDC,19299,668.1,-1.26,2.53,,30.0,74.6,NORMAL,Y,0.0,12.635779206384324,30.0,0.0,0.0,15,0.0,0.0,0.0,25,0.0,20,0.0,2.0000000000004547,N,,N,
06:23,360ONE,13061,1153.3,-1.26,2.52,,75.0,31.6,NORMAL,N,0.0,12.585616438356201,30.0,0.0,0.0,15,0.0,0.0,25,0.0,20,0.0,0.0,4.0000000000009095,N,,N,
06:23,SOUTHWEST,9678,225.4,-1.24,2.48,,52.4,94.1,NORMAL,Y,0.0,12.39977215966343,30.0,0.0,0.0,15,0.0,21.683266599212534,0.0,25,0.0,20,0.7228915662650768,0.0,N,,N,
06:23,PRINCEPIPE,16045,267.7,-1.24,2.47,,72.1,47.4,NORMAL,Y,0.0,12.359343294595178,30.0,0.0,0.0,15,0.0,0.0,25,0.0,0.0,20,17.142857142856677,0.0,N,,N,
06:23,HEXT,29666,558.2,-1.23,2.46,,32.6,93.6,NORMAL,Y,0.0,12.297620100858058,30.0,0.0,0.0,15,0.0,2.6274148992380835,0.0,25,0.0,20,0.0,18.709677419354602,N,,N,
06:23,JKIL,15266,491.5,-1.23,2.45,,51.8,74.1,NORMAL,Y,0.0,12.25884244372995,30.0,0.0,0.0,15,0.0,1.8044029675079971,0.0,25,0.0,20,20.0,0.0,N,,N,
06:23,WOCKPHARMA,7506,1867.9,-2.17,4.35,,67.6,56.7,NORMAL,Y,0.0,21.7345763066932,30.0,0.0,0.0,15,0.0,0.0,25,0.0,0.0,20,12.631578947368297,0.0,N,,N,
06:23,BEL,383,401.1,-1.17,2.34,,39.6,86.3,NORMAL,N,0.0,11.703831464826905,30.0,0.0,0.0,15,0.0,9.565447020714982,0.0,25,0.0,20,0.0,5.000000000001421,N,,N,
06:23,GULFOILLUB,4391,1175.9,-1.17,2.34,,55.0,46.7,NORMAL,N,0.0,11.682635737098558,30.0,0.0,0.0,15,0.0,0.0,25,0.0,0.0,20,0.0,0.0,N,,N,
06:23,KIMS,4847,803.6,-1.16,2.32,,41.7,78.9,NORMAL,Y,0.0,11.622901420576756,30.0,0.0,0.0,15,0.0,7.230641719465732,0.0,25,0.0,20,4.51612903225849,0.0,N,,N,
06:23,M&MFIN,13285,394.2,-1.15,2.31,,54.1,83.7,NORMAL,N,0.0,11.53460381143436,30.0,0.0,0.0,15,0.0,12.185101841851257,0.0,25,0.0,20,11.914893617020967,0.0,N,,N,
06:23,LXCHEM,2841,172.88,-1.15,2.3,,31.8,71.5,NORMAL,Y,0.0,11.492938418434395,30.0,0.0,0.0,15,0.0,0.0,0.0,25,0.0,20,1.8181818181804088,0.0,N,,N,
06:23,MOTILALOFS,14947,877.8,-1.15,2.3,,58.1,53.0,NORMAL,Y,0.0,11.486486486486537,30.0,0.0,0.0,15,0.0,3.053825222631475,25,0.0,0.0,20,0.0,3.4482758620688574,N,,N,
06:23,RECLTD,15355,340.75,-1.15,2.29,,60.0,51.5,NORMAL,Y,0.0,11.459239918769914,30.0,0.0,0.0,15,0.0,5.012408174980062,25,0.0,0.0,20,0.0,0.0,N,,N,
06:23,JUBLFOOD,18096,482.7,-1.13,2.25,,57.4,62.7,NORMAL,N,0.0,11.265874641540352,30.0,0.0,0.0,15,0.0,2.3623648704893965,25,0.0,0.0,20,0.0,14.074074074074261,N,,N,
06:23,ETERNAL,5097,314.45,-1.12,2.23,,32.7,71.9,NORMAL,N,0.0,11.163522012578653,30.0,0.0,0.0,15,0.0,0.7445534620654584,0.0,25,0.0,20,2.0000000000004547,0.0,N,,N,
06:23,BAJFINANCE,317,1081.1,-1.12,2.23,,40.0,71.2,NORMAL,Y,0.0,11.15887679502428,30.0,0.0,0.0,15,0.0,0.0,0.0,25,0.0,20,10.0,0.0,N,,N,
06:23,ROUTE,128,524.2,-1.11,2.23,,31.8,88.9,NORMAL,Y,0.0,11.129975476325177,30.0,0.0,0.0,15,0.0,1.8026185747440322,0.0,25,0.0,20,0.0,15.99999999999909,N,,N,
06:23,SWANCORP,27095,307.8,-1.11,2.22,,48.0,75.7,NORMAL,Y,0.0,11.084337349397554,30.0,0.0,0.0,15,0.0,4.648344355028815,0.0,25,0.0,20,13.333333333333332,0.0,N,,N,
06:23,JIOFIN,18143,250.05,-1.07,2.14,,55.0,45.7,NORMAL,N,0.0,10.682492581602329,30.0,0.0,0.0,15,0.0,0.0,25,0.0,0.0,20,0.0,0.0,N,,N,
06:23,ROSSARI,19410,499.7,-1.03,2.06,,75.0,45.3,NORMAL,Y,0.0,10.299069122598512,30.0,0.0,0.0,15,0.0,0.0,25,0.0,0.0,20,20.0,0.0,N,,N,
06:23,SUPREMEIND,3363,3424.4,-2.02,4.04,,84.5,36.5,NORMAL,Y,0.0,20.20028612303288,30.0,0.0,0.0,15,0.0,1.2529689965272865,25,0.0,20,0.0,8.275862068964003,0.0,N,,N,
06:23,PURVA,14922,210.15,-1.02,2.03,,55.0,45.2,NORMAL,Y,0.0,10.173802458668911,30.0,0.0,0.0,15,0.0,0.0,25,0.0,0.0,20,0.0,0.0,N,,N,
06:23,THYROCARE,17032,642.75,-1.02,2.03,,61.7,45.2,NORMAL,N,0.0,10.1640101640102,30.0,0.0,0.0,15,0.0,0.0,25,0.0,0.0,20,6.666666666664982,0.0,N,,N,
06:23,SAREGAMA,4892,523.75,-1.01,2.02,,55.0,65.1,NORMAL,N,0.0,10.111510111510153,30.0,0.0,0.0,15,0.0,0.0,25,0.0,0.0,20,0.0,20.0,N,,N,
06:23,RITES,3761,224.4,-1.0,2.0,,31.6,91.6,NORMAL,N,0.0,10.014558609432134,30.0,0.0,0.0,15,0.0,1.6137680675085975,0.0,25,0.0,20,0.0,20.0,N,,N,
06:23,ORIENTCEM,30089,132.79,-1.0,2.0,,35.6,72.3,NORMAL,Y,0.0,9.990307910236366,29.970923730709092,0.0,0.0,15,0.0,2.2978475916469296,0.0,25,0.0,20,3.333333333333333,0.0,Y,NONRESULTS,N,
06:23,CROMPTON,17094,242.95,-1.0,2.0,,43.0,99.4,NORMAL,Y,0.0,9.983700081499661,29.951100244498985,0.0,0.0,15,0.0,13.025118424276602,0.0,25,0.0,20,0.0,16.363636363635614,N,,N,
06:23,HINDPETRO,1406,386.95,-1.0,2.0,,48.0,76.6,NORMAL,Y,0.0,9.978252526544797,29.934757579634393,0.0,0.0,15,0.0,6.646821103250298,0.0,25,0.0,20,11.428571428571892,0.0,N,,N,
06:23,RCF,2866,124.3,-1.0,1.99,,30.3,76.1,NORMAL,Y,0.0,9.956192751891678,29.868578255675033,0.0,0.0,15,0.0,0.46907792300969675,0.0,25,0.0,20,0.0,5.714285714285134,N,,N,
06:23,IREDA,20261,117.52,-0.99,1.99,,29.8,84.9,NORMAL,Y,0.0,9.941027801179501,29.8230834035385,0.0,0.0,15,0.0,0.0,0.0,25,0.0,20,0.0,15.0,N,,N,
06:23,GARFIBRES,1100,778.6,-0.99,1.98,,59.1,55.3,NORMAL,N,0.0,9.91861648016271,29.755849440488127,0.0,0.0,15,0.0,4.347770775878292,25,0.0,0.0,20,0.0,6.0465116279068285,N,,N,
06:23,SHRIRAMFIN,4306,1118.8,-0.98,1.96,,33.0,81.9,NORMAL,N,0.0,9.823878219311563,29.47163465793469,0.0,0.0,15,0.0,3.4856357949033288,0.0,25,0.0,20,0.0,8.571428571428108,N,,N,
06:23,IONEXCHANG,1630,377.2,-0.97,1.94,,36.0,83.6,NORMAL,Y,0.0,9.713835652402176,29.14150695720653,0.0,0.0,15,0.0,6.89933694553882,0.0,25,0.0,20,0.0,7.000000000000455,N,,N,
06:23,FDC,4898,357.4,-0.97,1.94,,71.7,71.2,NORMAL,Y,0.0,9.697977279024661,29.09393183707398,0.0,0.0,15,0.0,17.62599808589642,25,0.0,0.0,20,0.0,8.888888888888808,N,,N,
06:23,GAIL,4717,173.64,-0.97,1.94,,33.4,81.5,NORMAL,Y,0.0,9.69544884224944,29.086346526748322,0.0,0.0,15,0.0,4.3158679556062065,0.0,25,0.0,20,0.0,7.500000000000444,N,,N,
06:23,INDHOTEL,1512,717.0,-0.97,1.93,,30.3,76.7,NORMAL,Y,0.0,9.668508287292818,29.005524861878452,0.0,0.0,15,0.0,1.3233768807232476,0.0,25,0.0,20,0.0,5.714285714286643,N,,Y,NONRESULTS
06:23,DELHIVERY,9599,468.9,-0.96,1.92,,84.8,47.8,NORMAL,Y,0.0,9.610307318618675,28.830921955856024,0.0,0.0,15,0.0,10.963446002439529,25,0.0,20,0.0,0.0,12.258064516129245,N,,N,
06:23,RGL,15129,114.11,-0.95,1.89,,73.4,44.5,NORMAL,Y,0.0,9.461805555555586,28.385416666666753,0.0,0.0,15,0.0,0.0,25,0.0,20,0.0,0.0,20.0,N,,N,
06:23,ACC,22,1327.2,-0.94,1.88,,28.5,76.4,NORMAL,Y,0.0,9.404388714733475,28.213166144200425,0.0,0.0,15,0.0,0.28177200289943627,0.0,25,0.0,20,0.0,6.666666666666666,N,,N,
06:23,TATAINVEST,1621,682.3,-0.94,1.87,,56.7,44.7,NORMAL,N,0.0,9.364791288566309,28.094373865698927,0.0,0.0,15,0.0,0.3454612751421108,25,0.0,0.0,20,3.2911392405067517,0.0,N,,N,
06:24,TREJHARA,7518,164.0,-0.93,1.86,,65.9,57.3,NORMAL,N,0.0,9.30288751963267,27.90866255889801,0.0,0.0,15,0.0,12.962917807669116,25,0.0,0.0,20,0.0,0.0,N,,N,
06:24,SESHAPAPER,3066,230.85,-0.92,1.85,,27.7,69.2,NORMAL,N,0.0,9.227467811158823,27.682403433476466,0.0,0.0,15,0.0,0.0,0.0,25,0.0,20,0.0,0.0,N,,N,
06:24,COALINDIA,20374,408.8,-0.92,1.84,,36.7,83.3,NORMAL,Y,0.0,9.209888511875935,27.629665535627808,0.0,0.0,15,0.0,9.043337822589521,0.0,25,0.0,20,0.0,4.999999999998579,N,,N,
06:24,UNITDSPR,10447,1519.1,-1.91,3.82,,52.0,86.5,NORMAL,N,0.0,19.112804287466997,30.0,0.0,0.0,15,0.0,7.4026987632499415,0.0,25,0.0,20,14.58333333333278,0.0,N,,N,
06:24,SHILPAMED,17752,812.25,-0.91,1.82,,55.6,53.7,NORMAL,N,0.0,9.088690984506583,27.266072953519746,0.0,0.0,15,0.0,3.3217216775464555,25,0.0,0.0,20,0.0,6.285714285713766,N,,N,
06:24,JTEKTINDIA,3237,139.88,-0.91,1.81,,72.9,44.8,NORMAL,N,0.0,9.06772456786626,27.20317370359878,0.0,0.0,15,0.0,0.729986634443807,25,0.0,0.0,20,20.0,0.0,N,,N,
06:24,ATGL,6066,660.15,-0.9,1.8,,52.0,64.0,NORMAL,Y,0.0,9.00698040981761,27.020941229452827,0.0,0.0,15,0.0,0.0,25,0.0,0.0,20,0.0,20.0,N,,N,
06:24,JSWENERGY,17869,558.0,-0.89,1.78,,26.6,82.2,NORMAL,Y,0.0,8.880994671403196,26.64298401420959,0.0,0.0,15,0.0,0.0,0.0,25,0.0,20,0.0,13.33333333333207,N,,N,
06:24,UCAL,3570,116.61,-0.88,1.77,,71.5,23.8,NORMAL,Y,0.0,8.839779005524914,26.519337016574745,0.0,0.0,15,0.0,0.0,25,0.0,20,0.0,0.0,0.0,N,,N,
06:24,JINDALSAW,3024,271.15,-0.88,1.75,,32.7,95.1,NORMAL,N,0.0,8.77353317492244,26.320599524767324,0.0,0.0,15,0.0,6.336301371463543,0.0,25,0.0,20,0.0,20.0,N,,N,
06:24,RBLBANK,18391,386.3,-0.87,1.74,,32.8,68.7,NORMAL,N,0.0,8.724659994867789,26.173979984603367,0.0,0.0,15,0.0,0.0,0.0,25,0.0,20,6.666666666669193,0.0,N,,N,
06:24,HDFCBANK,1333,722.65,-0.87,1.74,,32.8,68.7,NORMAL,Y,0.0,8.710562414266148,26.131687242798446,0.0,0.0,15,0.0,0.0,0.0,25,0.0,20,6.666666666666666,0.0,N,,N,
06:24,MUNJALAU,13511,101.14,-0.86,1.73,,35.2,72.9,NORMAL,Y,0.0,8.62575965496957,25.87727896490871,0.0,0.0,15,0.0,4.304054892534545,0.0,25,0.0,20,5.000000000000297,0.0,N,,N,
06:24,RELIANCE,2885,1312.8,-0.84,1.68,,50.2,43.4,NORMAL,N,0.0,8.384319057330716,25.15295717199215,0.0,0.0,15,0.0,0.0,25,0.0,0.0,20,0.0,0.0,N,,N,
06:24,SHREEPUSHK,10588,410.15,-0.83,1.67,,50.0,43.3,NORMAL,N,0.0,8.341392649903398,25.024177949710197,0.0,0.0,15,0.0,0.0,25,0.0,0.0,20,0.0,0.0,N,,Y,NONRESULTS
06:24,KEC,13260,447.0,-0.83,1.66,,34.3,94.6,NORMAL,Y,0.0,8.319467554076539,24.958402662229616,0.0,0.0,15,0.0,9.307998449431643,0.0,25,0.0,20,0.0,16.999999999999886,N,,N,
06:24,RAINBOW,9408,1491.6,-0.83,1.66,,53.5,43.3,NORMAL,Y,0.0,8.310617645103385,24.931852935310157,0.0,0.0,15,0.0,0.0,25,0.0,0.0,20,3.529411764707928,0.0,N,,N,
06:24,SAFARI,13035,1487.9,-0.82,1.64,,62.7,76.3,NORMAL,Y,0.0,8.198906812424978,24.596720437274936,0.0,0.0,15,0.0,13.121362455164029,25,0.0,0.0,20,0.0,20.0,N,,N,
06:24,MAHLOG,385,406.0,-0.82,1.64,,28.8,70.1,NORMAL,N,0.0,8.183705875168004,24.551117625504013,0.0,0.0,15,0.0,1.9113334414014385,0.0,25,0.0,20,2.3529411764712176,0.0,N,,N,
06:24,LLOYDSENGG,17801,91.35,-1.82,3.63,,30.0,89.3,NORMAL,Y,0.0,18.164230438521194,30.0,0.0,0.0,15,0.0,0.0,0.0,25,0.0,20,0.0,11.11111111111006,N,,N,
06:24,ANTHEM,757885,884.4,-0.81,1.63,,59.4,43.1,NORMAL,N,0.0,8.130993102674816,24.392979308024447,0.0,0.0,15,0.0,0.0,25,0.0,0.0,20,9.999999999998966,0.0,N,,N,
06:24,ABCAPITAL,21614,403.95,-0.79,1.57,,24.7,73.4,NORMAL,Y,0.0,7.859511236644943,23.578533709934828,0.0,0.0,15,0.0,1.1141650593746644,0.0,25,0.0,20,0.0,4.444444444445567,N,,N,
06:24,GODREJPROP,17875,2002.0,-1.76,3.52,,55.0,56.6,NORMAL,Y,0.0,17.616173511948617,30.0,0.0,0.0,15,0.0,0.0,25,0.0,0.0,20,0.0,3.9344262295084045,N,,N,
06:24,KOTAKBANK,1922,389.95,-0.75,1.5,,68.5,37.7,NORMAL,Y,0.0,7.508271824891802,22.524815474675403,0.0,0.0,15,0.0,0.9305376002025634,25,0.0,20,0.0,0.0,14.285714285714517,N,,N,
06:24,CYIENT,5748,847.0,-0.75,1.5,,22.5,87.5,NORMAL,Y,0.0,7.499414108272766,22.498242324818296,0.0,0.0,15,0.0,0.0,0.0,25,0.0,20,0.0,20.0,N,,N,
06:24,HDBFS,757772,687.95,-0.74,1.49,,22.3,79.9,NORMAL,Y,0.0,7.43038522579711,22.29115567739133,0.0,0.0,15,0.0,0.0,0.0,25,0.0,20,0.0,12.50000000000071,N,,N,
06:24,NAUKRI,13751,1350.0,-0.74,1.47,,67.1,41.1,NORMAL,N,0.0,7.352941176470588,22.058823529411764,0.0,0.0,15,0.0,0.0,25,0.0,20,0.0,0.0,18.787878787878498,N,,N,
06:24,ITC,1660,276.95,-0.73,1.47,,27.0,67.3,NORMAL,Y,0.0,7.347670250896098,22.043010752688293,0.0,0.0,15,0.0,0.0,0.0,25,0.0,20,4.999999999995737,0.0,N,,N,
06:24,KPRMILL,14912,1088.5,-0.73,1.46,,50.3,61.3,NORMAL,N,0.0,7.29594163246694,21.88782489740082,0.0,0.0,15,0.0,3.3975077302206045,25,0.0,0.0,20,0.0,15.652173913045369,N,,N,
06:24,NIITLTD,11522,93.79,-1.73,3.46,,55.0,72.3,NORMAL,Y,0.0,17.28834870075431,30.0,0.0,0.0,15,0.0,0.0,25,0.0,0.0,20,0.0,20.0,N,,N,
06:24,TATACOMM,3721,1716.0,-1.72,3.45,,33.4,99.9,NORMAL,Y,0.0,17.238417043697332,30.0,0.0,0.0,15,0.0,3.407502771013248,0.0,25,0.0,20,0.0,19.285714285714924,N,,N,
06:24,WABAG,20188,1916.5,-1.72,3.45,,30.0,81.2,NORMAL,Y,0.0,17.229885646889855,30.0,0.0,0.0,15,0.0,0.0,0.0,25,0.0,20,0.0,4.0000000000009095,N,,N,
06:24,HAVELLS,9819,1265.3,-0.71,1.43,,23.5,89.2,NORMAL,N,0.0,7.140615191462755,21.421845574388268,0.0,0.0,15,0.0,2.035310892149474,0.0,25,0.0,20,0.0,20.0,N,,N,
06:24,TITAGARH,15414,838.95,-0.69,1.38,,45.8,54.9,NORMAL,Y,0.0,6.924715909090802,20.774147727272407,0.0,0.0,15,0.0,0.0,25,0.0,0.0,20,0.0,12.941176470588548,N,,N,
06:24,TIMKEN,14198,3228.6,-1.68,3.37,,78.6,47.7,NORMAL,N,0.0,16.839733244008706,30.0,0.0,0.0,15,0.0,3.5508547679093234,25,0.0,20,0.0,0.0,12.352941176469724,N,,N,
06:24,RVNL,9552,228.44,-0.68,1.36,,48.9,65.0,NORMAL,Y,0.0,6.782608695652184,20.34782608695655,0.0,0.0,15,0.0,3.5222009195857558,25,0.0,0.0,20,0.0,19.66101694915189,N,,N,
06:24,BANCOINDIA,13880,629.6,-0.67,1.34,,22.1,70.2,NORMAL,Y,0.0,6.705056401356787,20.115169204070362,0.0,0.0,15,0.0,1.9721309534225282,0.0,25,0.0,20,0.0,1.538461538463691,N,,N,
06:24,JAMNAAUTO,20778,124.67,-0.67,1.34,,20.1,86.7,NORMAL,Y,0.0,6.6926938092582535,20.07808142777476,0.0,0.0,15,0.0,0.0,0.0,25,0.0,20,0.0,20.0,N,,N,
06:24,POLICYBZR,6656,1704.1,-1.67,3.34,,75.0,35.2,NORMAL,N,0.0,16.676283900750196,30.0,0.0,0.0,15,0.0,0.0,25,0.0,20,0.0,0.0,3.478260869565733,N,,N,
06:24,HCLTECH,7229,1356.3,-0.67,1.33,,43.1,63.4,NORMAL,N,0.0,6.664713637029542,19.994140911088625,0.0,0.0,15,0.0,3.0821732298189275,0.0,25,20,0.0,0.0,13.684210526315475,N,,N,
06:24,NCC,2319,143.8,-0.66,1.33,,51.5,43.9,NORMAL,N,0.0,6.631666206134151,19.89499861840245,0.0,0.0,15,0.0,2.275854661932939,25,0.0,0.0,20,4.347826086957704,0.0,N,,N,
06:24,CANFINHOME,583,820.45,-0.66,1.32,,78.1,21.6,NORMAL,Y,0.0,6.598861847681235,19.796585543043708,0.0,0.0,15,0.0,0.0,25,0.0,20,0.0,13.333333333329964,0.0,N,,Y,NONRESULTS
06:24,HDFCLIFE,467,532.5,-0.65,1.31,,20.8,82.7,NORMAL,Y,0.0,6.529850746268656,19.589552238805968,0.0,0.0,15,0.0,1.1999276412219502,0.0,25,0.0,20,0.0,15.000000000000949,N,,N,
06:24,WIPRO,3787,183.4,-0.65,1.3,,54.6,72.1,NORMAL,N,0.0,6.500541711809256,19.501625135427766,0.0,0.0,15,0.0,15.133798909576605,0.0,25,20,0.0,0.0,10.422535211267617,N,,N,
06:24,ICICIPRULI,18652,498.3,-0.64,1.28,,39.6,61.1,NORMAL,Y,0.0,6.380857427716826,19.14257228315048,0.0,0.0,15,0.0,0.4437124287863129,0.0,25,20,0.0,0.0,14.285714285714517,N,,N,
06:24,NTPC,11630,336.3,-0.64,1.27,,30.7,78.0,NORMAL,Y,0.0,6.352489289407527,19.05746786822258,0.0,0.0,15,0.0,11.61855769363682,0.0,25,0.0,20,0.0,0.0,N,,N,
06:24,KIRLOSENG,20936,2067.5,-1.62,3.24,,53.3,84.6,NORMAL,Y,0.0,16.17891981917678,30.0,0.0,0.0,15,0.0,8.373888879599049,0.0,25,0.0,20,14.953271028037637,0.0,N,,N,
06:24,NESCO,15409,1041.9,-0.61,1.22,,79.5,29.3,NORMAL,Y,0.0,6.105122579414159,18.31536773824248,0.0,0.0,15,0.0,8.181046774759299,25,0.0,20,0.0,8.0,0.0,N,,N,
06:24,GSFC,1247,160.36,-0.61,1.21,,51.4,79.3,NORMAL,Y,0.0,6.0741291682161265,18.222387504648378,0.0,0.0,15,0.0,13.200094700936027,0.0,25,0.0,20,20.0,0.0,N,,N,
06:24,POONAWALLA,11403,484.25,-0.61,1.21,,50.5,46.6,NORMAL,N,0.0,6.055008210180601,18.165024630541804,0.0,0.0,15,0.0,5.537185545834303,25,0.0,0.0,20,1.818181818182194,0.0,N,,N,
06:24,QUICKHEAL,13131,150.45,-0.6,1.2,,20.6,88.6,NORMAL,Y,0.0,6.012156448203124,18.036469344609372,0.0,0.0,15,0.0,2.540102328116574,0.0,25,0.0,20,0.0,20.0,N,,N,
06:24,CAMPUS,9362,217.51,-0.6,1.2,,18.0,66.0,NORMAL,Y,0.0,5.986655698747839,17.959967096243517,0.0,0.0,15,0.0,0.0,0.0,25,0.0,20,0.0,0.0,N,,N,
06:24,J&KBANK,5633,155.95,-0.58,1.16,,17.4,84.4,NORMAL,Y,0.0,5.801351523651824,17.40405457095547,0.0,0.0,15,0.0,0.0,0.0,25,0.0,20,0.0,18.57142857142596,N,,N,
06:24,MPHASIS,4503,2490.2,-1.57,3.15,,30.0,94.1,NORMAL,N,0.0,15.731225296442762,30.0,0.0,0.0,15,0.0,0.0,0.0,25,0.0,20,0.0,18.33333333333354,N,,N,
06:24,JUSTDIAL,29962,691.0,-0.57,1.14,,21.4,76.3,NORMAL,Y,0.0,5.683862148356063,17.05158644506819,0.0,0.0,15,0.0,4.339422676619659,0.0,25,0.0,20,0.0,6.285714285714415,N,,N,
06:24,SUPRAJIT,11689,528.25,-0.56,1.13,,41.9,59.4,NORMAL,N,0.0,5.647058823529411,16.941176470588236,0.0,0.0,15,0.0,0.0,25,0.0,0.0,20,0.0,18.750000000001066,N,,N,
06:24,XCHANGING,11705,67.37,-1.56,3.13,,35.3,79.1,NORMAL,N,0.0,15.634132086499026,30.0,0.0,0.0,15,0.0,3.454679013583036,0.0,25,0.0,20,1.8181818181814657,0.0,N,,N,
06:24,AXISBANK,5900,1222.9,-0.56,1.12,,21.7,83.3,NORMAL,Y,0.0,5.610668401365964,16.832005204097893,0.0,0.0,15,0.0,4.845251065056079,0.0,25,0.0,20,0.0,12.857142857140074,N,,N,
06:24,LOTUSEYE,16807,119.11,-0.56,1.12,,36.8,65.6,NORMAL,Y,0.0,5.59358824511606,16.780764735348182,0.0,0.0,15,0.0,0.0,0.0,25,0.0,20,20.0,0.0,N,,N,
06:24,FINPIPE,1041,161.77,-0.55,1.09,,42.2,59.3,NORMAL,Y,0.0,5.47153571867691,16.414607156030733,0.0,0.0,15,0.0,0.7814501908290639,25,0.0,0.0,20,0.0,18.0952380952399,N,,N,
06:24,JSWSTEEL,11723,1276.4,-0.55,1.09,,21.1,79.6,NORMAL,N,0.0,5.454262116253701,16.3627863487611,0.0,0.0,15,0.0,4.734148642274949,0.0,25,0.0,20,0.0,9.411764705882824,N,,N,
06:24,GICRE,277,353.8,-0.53,1.07,,16.0,72.0,NORMAL,Y,0.0,5.341579983131789,16.024739949395368,0.0,0.0,15,0.0,0.0,0.0,25,0.0,20,0.0,6.666666666666666,N,,N,
06:24,RAYMOND,2859,621.0,-0.53,1.06,,69.6,36.4,NORMAL,N,0.0,5.285920230658265,15.857760691974793,0.0,0.0,15,0.0,8.714710266983957,25,0.0,20,0.0,0.0,7.384615384615665,N,,N,
06:24,ENGINERSIN,4907,241.71,-0.53,1.05,,16.8,86.2,NORMAL,N,0.0,5.267706489979016,15.803119469937048,0.0,0.0,15,0.0,0.9510621975399829,0.0,25,0.0,20,0.0,20.0,N,,N,
06:24,PUNJABCHEM,4344,1098.2,-0.53,1.05,,35.8,45.3,NORMAL,Y,0.0,5.253623188405756,15.760869565217268,0.0,0.0,15,0.0,0.0,0.0,25,20,0.0,0.0,0.0,N,,N,
06:24,ORIENTELEC,2972,189.7,-0.51,1.03,,62.4,31.4,NORMAL,N,0.0,5.1395007342144865,15.418502202643458,0.0,0.0,15,0.0,2.0284530806446672,25,0.0,20,0.0,0.0,9.189189189189937,N,,N,
06:24,GPIL,13409,230.99,-0.51,1.03,,84.3,27.3,NORMAL,Y,0.0,5.125333792746997,15.37600137824099,0.0,0.0,15,0.0,7.17690336668594,25,0.0,20,0.0,16.736401673640263,0.0,N,,N,
06:24,GODFRYPHLP,1181,2191.7,-1.49,2.98,,40.7,74.9,NORMAL,N,0.0,14.922018967144712,30.0,0.0,0.0,15,0.0,0.0,0.0,25,0.0,20,10.66666666666606,0.0,N,,N,
06:24,POWERMECH,10473,2406.1,-1.48,2.96,,50.0,74.8,NORMAL,Y,0.0,14.822093927855,30.0,0.0,0.0,15,0.0,0.0,0.0,25,0.0,20,20.0,0.0,N,,N,
06:24,GOCOLORS,6964,321.45,-0.48,0.96,,59.4,39.8,NORMAL,Y,0.0,4.798761609907156,14.396284829721466,0.0,0.0,15,0.0,0.0,25,0.0,0.0,20,20.0,0.0,N,,N,
06:24,APTUS,5435,255.5,-0.47,0.93,,59.3,22.8,NORMAL,Y,0.0,4.67471756914682,14.02415270744046,0.0,0.0,15,0.0,0.2822271148923734,25,0.0,20,0.0,0.0,2.8571428571433213,N,,N,
06:24,KRBL,10577,368.85,-0.46,0.92,,38.8,53.6,NORMAL,N,0.0,4.587774929159327,13.76332478747798,0.0,0.0,15,0.0,0.0,25,0.0,0.0,20,0.0,14.00000000000091,N,,N,
06:24,PIXTRANS,9087,1954.1,-1.46,2.91,,35.1,74.6,NORMAL,N,0.0,14.573877962682849,30.0,0.0,0.0,15,0.0,0.0,0.0,25,0.0,20,5.128205128205307,0.0,N,,N,
06:24,TORNTPOWER,13786,1324.5,-0.44,0.89,,64.0,35.6,NORMAL,Y,0.0,4.434756464221355,13.304269392664064,0.0,0.0,15,0.0,5.705542606161154,25,0.0,20,0.0,0.0,10.476190476191094,N,,N,
06:24,SHARDACROP,4992,802.85,-0.44,0.88,,38.2,58.2,NORMAL,Y,0.0,4.40228174603169,13.20684523809507,0.0,0.0,15,0.0,0.0,25,0.0,0.0,20,0.0,18.823529411763133,N,,N,
06:24,ANANTRAJ,13620,603.6,-0.44,0.87,,13.1,77.1,NORMAL,Y,0.0,4.37113402061852,13.113402061855558,0.0,0.0,15,0.0,0.0,0.0,25,0.0,20,0.0,12.727272727274606,N,,N,
06:24,APLLTD,25328,835.2,-0.44,0.87,,15.6,74.6,NORMAL,N,0.0,4.35119508851401,13.05358526554203,0.0,0.0,15,0.0,2.5025002848470415,0.0,25,0.0,20,0.0,7.755102040815985,N,,N,
06:24,WAAREEENER,25907,2665.2,-1.43,2.87,,30.0,92.2,NORMAL,Y,0.0,14.349112426035571,30.0,0.0,0.0,15,0.0,0.0,0.0,25,0.0,20,0.0,17.857142857141696,N,,N,
06:24,MOREPENLAB,2259,75.79,-1.43,2.86,,65.0,70.0,NORMAL,N,0.0,14.306151645207366,30.0,0.0,0.0,15,0.0,10.019624951391663,25,0.0,0.0,20,0.0,10.624999999999446,N,,N,
06:24,SWIGGY,27066,279.3,-0.43,0.86,,66.5,40.3,NORMAL,N,0.0,4.27807486631012,12.834224598930358,0.0,0.0,15,0.0,8.709382212989718,25,0.0,20,0.0,0.0,12.30769230769271,N,,N,
06:24,CHAMBLFERT,637,442.45,-0.43,0.86,,37.8,46.8,NORMAL,Y,0.0,4.275908630584075,12.827725891752227,0.0,0.0,15,0.0,0.0,25,0.0,0.0,20,0.0,7.4999999999992895,N,,N,
06:24,ADANIENT,25,2953.0,-1.42,2.84,,55.3,68.1,NORMAL,Y,0.0,14.187948589550993,30.0,0.0,0.0,15,0.0,0.3169300996762722,25,0.0,0.0,20,0.0,18.599999999999454,N,,N,
06:24,DRREDDY,881,1200.0,-0.41,0.83,,57.4,32.8,NORMAL,N,0.0,4.149377593360996,12.448132780082988,0.0,0.0,15,0.0,0.0,25,0.0,20,0.0,0.0,13.636363636363356,N,,N,
06:24,DIAMONDYD,21840,1202.5,-0.41,0.83,,37.4,59.1,NORMAL,N,0.0,4.140786749482402,12.422360248447205,0.0,0.0,15,0.0,0.0,25,0.0,0.0,20,0.0,20.0,N,,N,
06:24,LODHA,3220,1207.0,-0.41,0.83,,21.2,88.3,NORMAL,Y,0.0,4.125412541254125,12.376237623762375,0.0,0.0,15,0.0,8.798296487572609,0.0,25,0.0,20,0.0,15.38461538461525,N,,N,
06:24,OBEROIRLTY,20242,1768.3,-1.41,2.82,,58.9,55.4,NORMAL,Y,0.0,14.105709188224775,30.0,0.0,0.0,15,0.0,3.925369476716539,25,0.0,0.0,20,0.0,2.3529411764702735,N,,N,
06:24,VINATIORGA,17364,1310.0,-0.4,0.81,,19.5,67.9,NORMAL,Y,0.0,4.029498973618153,12.088496920854455,0.0,0.0,15,0.0,3.8508625273191037,0.0,25,0.0,20,3.589743589743739,0.0,N,,N,
06:24,GRANULES,11872,857.65,-0.39,0.78,,58.6,39.0,NORMAL,N,0.0,3.890824622531966,11.672473867595897,0.0,0.0,15,0.0,1.8950434532652838,25,0.0,20,0.0,0.0,18.181818181817807,N,,N,
06:24,TTKPRESTIG,3546,587.7,-0.38,0.76,,58.1,40.5,NORMAL,Y,0.0,3.8138825324180017,11.441647597254004,0.0,0.0,15,0.0,1.6696685247370013,25,0.0,0.0,20,20.0,0.0,N,,N,
06:24,IIFL,11809,616.9,-0.38,0.76,,57.9,46.6,NORMAL,N,0.0,3.7949132014534075,11.384739604360222,0.0,0.0,15,0.0,7.843598376033799,25,0.0,0.0,20,13.68421052631579,0.0,N,,N,
06:24,LICHSGFIN,1997,500.1,-0.38,0.76,,21.6,71.0,NORMAL,Y,0.0,3.7848605577688783,11.354581673306637,0.0,0.0,15,0.0,7.213947107029019,0.0,25,0.0,20,3.076923076922875,0.0,N,,N,
06:24,SAKSOFT,11794,164.0,-0.36,0.73,,35.9,38.6,NORMAL,Y,0.0,3.645200486026697,10.935601458080091,0.0,0.0,15,0.0,0.0,25,0.0,0.0,20,0.0,0.0,N,,N,
06:24,VSTIND,3724,218.18,-0.36,0.71,,51.5,38.6,NORMAL,Y,0.0,3.5622944830106005,10.6868834490318,0.0,0.0,15,0.0,0.0,25,0.0,0.0,20,15.862068965516972,0.0,N,,N,
06:24,MUTHOOTFIN,23650,2876.4,-1.35,2.71,,32.3,92.6,NORMAL,Y,0.0,13.546417915566378,30.0,0.0,0.0,15,0.0,2.3092862801450798,0.0,25,0.0,20,0.0,16.774193548387004,N,,N,
06:24,POWERGRID,14977,267.0,-0.35,0.71,,55.6,28.5,NORMAL,Y,0.0,3.545437581638323,10.636312744914969,0.0,0.0,15,0.0,0.0,25,0.0,20,0.0,0.0,10.000000000002842,N,,N,
06:24,LUMAXTECH,14014,2048.7,-1.33,2.66,,56.3,49.4,NORMAL,N,0.0,13.292876751914637,30.0,0.0,0.0,15,0.0,1.072087126888499,25,0.0,0.0,20,0.27777777777753215,0.0,N,,N,
06:24,MHRIL,17333,224.84,-0.32,0.65,,43.6,43.2,NORMAL,Y,0.0,3.2362459546925115,9.708737864077534,0.0,0.0,15,0.0,0.0,0.0,25,20,0.0,13.846153846154856,0.0,N,,N,
06:24,ICICIBANK,4963,1425.0,-0.32,0.64,,22.0,64.0,NORMAL,Y,0.0,3.2176832680469425,9.653049804140828,0.0,0.0,15,0.0,0.7567328993932723,0.0,25,0.0,20,11.578947368419541,0.0,N,,N,
06:24,VBL,18921,435.6,-0.32,0.64,,39.9,62.8,NORMAL,Y,0.0,3.2036613272310692,9.610983981693208,0.0,0.0,15,0.0,5.260738939939895,25,0.0,0.0,20,0.0,19.28571428571411,N,,N,
06:24,VISAKAIND,4221,98.92,-1.29,2.57,,31.4,94.3,NORMAL,N,0.0,12.872966769783377,30.0,0.0,0.0,15,0.0,1.4071967215598313,0.0,25,0.0,20,0.0,20.0,N,,N,
06:24,LUPIN,10440,2251.7,-1.19,2.39,,31.5,71.9,NORMAL,Y,0.0,11.93558295668975,30.0,0.0,0.0,15,0.0,0.0,0.0,25,0.0,20,1.4814814814836024,0.0,N,,N,
06:24,KIRLOSBROS,18581,1932.9,-1.18,2.35,,44.0,74.7,NORMAL,N,0.0,11.759292397361829,30.0,0.0,0.0,15,0.0,2.9254264515732045,0.0,25,0.0,20,11.063829787234083,0.0,N,,N,
06:24,CHOLAFIN,685,1892.3,-1.15,2.31,,56.4,54.6,NORMAL,N,0.0,11.54408692018394,30.0,0.0,0.0,15,0.0,1.3785281057444072,25,0.0,0.0,20,0.0,6.666666666666666,N,,N,
06:24,NHPC,17400,76.08,-1.13,2.26,,30.0,83.8,NORMAL,Y,0.0,11.306042884990312,30.0,0.0,0.0,15,0.0,0.0,0.0,25,0.0,20,0.0,12.499999999999556,N,,N,
06:24,PRESTIGE,20302,1568.1,-1.12,2.24,,76.4,42.2,NORMAL,Y,0.0,11.223910713159833,30.0,0.0,0.0,15,0.0,1.4446370752087347,25,0.0,20,0.0,0.0,14.509803921568418,N,,N,
06:24,SANSERA,5751,3772.5,-1.05,2.09,,75.0,34.5,NORMAL,N,0.0,10.465848284545194,30.0,0.0,0.0,15,0.0,0.0,25,0.0,20,0.0,0.0,9.041095890409986,N,,N,
06:24,PHOENIXLTD,14552,1888.8,-1.04,2.09,,75.2,41.1,NORMAL,Y,0.0,10.425944360035675,30.0,0.0,0.0,15,0.0,0.19537604228690525,25,0.0,20,0.0,0.0,15.499999999999545,N,,N,
06:24,HDFCAMC,4244,2489.0,-1.03,2.07,,56.6,67.0,NORMAL,Y,0.0,10.33797216699801,30.0,0.0,0.0,15,0.0,1.6226730307119641,25,0.0,0.0,20,0.0,20.0,N,,N,
06:24,COFORGE,11543,1800.9,-1.0,1.99,,52.2,66.1,NORMAL,N,0.0,9.950522264980709,29.851566794942126,0.0,0.0,15,0.0,2.3978240091580996,0.0,25,20,0.0,0.0,13.70370370370364,N,,N,
06:24,NTPCGREEN,27176,92.16,-0.91,1.83,,76.1,47.8,NORMAL,Y,0.0,9.138802279324896,27.416406837974684,0.0,0.0,15,0.0,3.6840471472444625,25,0.0,20,0.0,0.0,20.0,N,,N,
06:24,BAJAJFINSV,16675,2013.5,-0.91,1.82,,52.3,51.7,NORMAL,N,0.0,9.104330708661417,27.312992125984252,0.0,0.0,15,0.0,0.0,25,0.0,0.0,20,0.0,7.6190476190466905,N,,N,
06:24,DALBHARAT,8075,1819.0,-0.9,1.81,,27.3,82.3,NORMAL,Y,0.0,9.043364567443838,27.130093702331514,0.0,0.0,15,0.0,0.18165656367324132,0.0,25,0.0,20,0.0,13.07692307692274,N,,N,
06:24,MANKIND,15380,2403.3,-0.89,1.79,,51.8,63.9,NORMAL,Y,0.0,8.948453608247346,26.845360824742038,0.0,0.0,15,0.0,0.0,25,0.0,0.0,20,0.0,20.0,N,,N,
06:24,ZEEL,3812,90.8,-0.83,1.66,,33.8,71.9,NORMAL,Y,0.0,8.300567933595513,24.901703800786535,0.0,0.0,15,0.0,3.6089185912134836,0.0,25,0.0,20,5.33333333333447,0.0,N,,N,
06:24,ICICIAMC,760407,3031.7,-0.74,1.47,,22.1,72.9,NORMAL,Y,0.0,7.366904590400105,22.100713771200315,0.0,0.0,15,0.0,0.0,0.0,25,0.0,20,0.0,5.555555555554994,N,,N,
06:24,TECHM,13538,1630.9,-0.74,1.47,,28.5,83.7,NORMAL,N,0.0,7.364576993304874,22.093730979914625,0.0,0.0,15,0.0,6.362498162116993,0.0,25,0.0,20,0.0,10.00000000000069,N,,N,
06:24,GLAND,1186,2904.0,-0.7,1.4,,82.0,23.5,NORMAL,N,0.0,6.9757899056216965,20.92736971686509,0.0,0.0,15,0.0,1.51657152053823,25,0.0,20,0.0,14.545454545454962,0.0,N,,N,
06:24,NITTAGELA,762824,1601.1,-0.67,1.34,,39.6,106.2,NORMAL,Y,0.0,6.700167504187718,20.100502512563153,0.0,0.0,15,0.0,19.535663283085924,0.0,25,0.0,20,0.0,20.0,N,,N,
06:24,HINDUNILVR,1394,2051.6,-0.64,1.29,,60.7,43.3,NORMAL,Y,0.0,6.440989878444565,19.322969635333695,0.0,0.0,15,0.0,1.8988825892059567,25,0.0,0.0,20,14.444444444439952,0.0,N,,N,
06:24,BHARTIARTL,10604,1903.3,-0.62,1.24,,56.0,41.2,NORMAL,Y,0.0,6.213450292397709,18.640350877193125,0.0,0.0,15,0.0,0.010186536196193918,25,0.0,0.0,20,12.307692307690964,0.0,N,,N,
06:24,GRASIM,1232,3359.5,-0.62,1.24,,52.6,48.7,NORMAL,N,0.0,6.212098801952374,18.63629640585712,0.0,0.0,15,0.0,7.505498479492358,25,0.0,0.0,20,1.4893617021272583,0.0,N,,N,
06:24,INOXWIND,7852,73.99,-0.55,1.1,,41.5,59.1,NORMAL,Y,0.0,5.510752688172189,16.532258064516565,0.0,0.0,15,0.0,0.0,25,0.0,0.0,20,0.0,18.571428571429877,N,,N,
06:24,SBILIFE,21808,1828.1,-0.52,1.03,,63.4,25.6,NORMAL,Y,0.0,5.1697866782760125,15.509360034828038,0.0,0.0,15,0.0,2.9364263300246387,25,0.0,20,0.0,0.0,2.499999999999112,N,,N,
06:24,ASIANPAINT,236,2722.1,-0.49,0.98,,39.7,52.6,NORMAL,Y,0.0,4.8985560226649945,14.695668067994983,0.0,0.0,15,0.0,0.0,25,0.0,0.0,20,0.0,12.72727272727348,N,,N,
06:24,BAJAJHFL,25270,84.8,-0.45,0.89,,45.9,39.5,NORMAL,Y,0.0,4.4611411129374225,13.383423338812268,0.0,0.0,15,0.0,0.0,25,0.0,0.0,20,7.499999999996891,0.0,N,,N,
06:24,SUNPHARMA,3351,1933.5,-0.44,0.88,,45.8,40.7,NORMAL,Y,0.0,4.376930998970135,13.130792996910403,0.0,0.0,15,0.0,1.3048349518487952,25,0.0,0.0,20,6.315789473682951,0.0,N,,N,
06:24,JAGRAN,13211,63.33,-0.42,0.85,,37.7,39.2,NORMAL,N,0.0,4.245283018867974,12.735849056603922,0.0,0.0,15,0.0,0.0,25,0.0,0.0,20,0.0,0.0,N,,N,
06:24,LAURUSLABS,19234,1850.5,-0.4,0.81,,39.5,55.1,NORMAL,N,0.0,4.036598493003229,12.109795479009687,0.0,0.0,15,0.0,2.4121330390647744,25,0.0,0.0,20,0.0,13.636363636363356,N,,N,
06:24,SRF,3273,2559.9,-0.39,0.79,,40.5,45.2,NORMAL,Y,0.0,3.9299610894941286,11.789883268482384,0.0,0.0,15,0.0,3.7125798655485034,25,0.0,0.0,20,0.0,2.5641025641025044,N,,N,
06:24,NFL,13925,71.7,-0.35,0.69,,53.0,38.6,NORMAL,Y,0.0,3.4746351633078527,10.423905489923557,0.0,0.0,15,0.0,0.12463697058735593,25,0.0,0.0,20,17.50000000000222,0.0,N,,N,
06:24,COLPAL,15141,2001.6,-0.32,0.64,,54.6,23.6,NORMAL,Y,0.0,3.187250996015982,9.561752988047946,0.0,0.0,15,0.0,0.0,25,0.0,20,0.0,0.0,5.454545454549212,N,,N,
06:24,WELSPUNLIV,11253,162.8,1.97,3.93,,122.1,15.3,NORMAL,Y,19.666791932857414,0.0,30.0,0.0,15,0.0,0.0,12.45209602681367,25,0.0,20,0.0,0.0,2.8571428571425255,N,,N,
06:24,BATAINDIA,371,713.6,1.96,3.93,,67.4,45.0,NORMAL,Y,19.64706722869186,0.0,30.0,0.0,15,0.0,0.0,0.0,0.0,25,0.0,20,2.777777777777848,0.0,N,,N,
06:24,INDIANB,14309,890.75,1.73,3.46,,88.3,26.0,NORMAL,Y,17.302421196893533,0.0,30.0,0.0,15,0.0,0.0,0.9993752415714541,25,0.0,0.0,20,0.0,4.999999999999527,N,,N,
06:24,ASTRAL,14418,1446.3,1.5,3.0,,113.3,19.0,NORMAL,Y,15.018597796336486,0.0,30.0,0.0,15,0.0,0.0,8.232182228801813,25,0.0,20,0.0,0.0,10.7692307692305,N,,Y,NONRESULTS
06:24,BAJAJELEC,15034,365.25,1.36,2.72,,103.6,10.3,NORMAL,Y,13.597890939364444,0.0,30.0,0.0,15,0.0,0.0,0.0,25,0.0,20,0.0,0.0,10.256410256410316,N,,N,
06:37,TDPOWERSYS,25178,1492.1,16.97,33.94,,122.3,13.1,NORMAL,Y,30.0,0.0,30.0,0.0,15,0.0,0.0,2.3477195899658483,25,0.0,20,0.0,0.0,10.769230769230052,N,,N,
06:37,NARMADA,6364,416.6,7.37,14.74,,140.0,0.0,NORMAL,Y,30.0,0.0,30.0,0.0,15,0.0,0.0,0.0,25,0.0,20,0.0,20.0,0.0,N,,N,
06:37,PRICOLLTD,19631,777.1,5.42,10.84,,120.0,7.0,NORMAL,Y,30.0,0.0,30.0,0.0,15,0.0,0.0,0.0,25,0.0,20,0.0,0.0,6.956521739130177,N,,N,
06:37,HALDER,760715,277.04,4.53,9.06,,146.9,25.0,NORMAL,Y,30.0,0.0,30.0,0.0,15,0.0,0.0,25.0,25,0.0,20,0.0,1.9444444444441813,0.0,N,,N,
06:37,YUKEN,5501,841.05,4.45,8.9,,120.0,20.0,NORMAL,Y,30.0,0.0,30.0,0.0,15,0.0,0.0,0.0,25,0.0,20,0.0,0.0,20.0,N,,N,
06:37,VLSFINANCE,3715,272.0,4.13,8.27,,104.6,26.0,NORMAL,Y,30.0,0.0,30.0,0.0,15,0.0,0.0,1.0047275757773533,0.0,25,20,0.0,8.571428571426715,0.0,N,,N,
06:37,BERGEPAINT,404,554.7,3.69,7.38,,121.5,0.0,NORMAL,Y,30.0,0.0,30.0,0.0,15,0.0,0.0,0.0,25,0.0,20,0.0,1.538461538460193,0.0,N,,N,
06:37,PNB,10666,118.17,3.63,7.26,,131.3,0.0,NORMAL,Y,30.0,0.0,30.0,0.0,15,0.0,0.0,0.0,25,0.0,20,0.0,11.250000000000666,0.0,N,,N,
06:37,MARKSANS,10579,288.0,3.24,6.49,,129.6,26.1,NORMAL,Y,30.0,0.0,30.0,0.0,15,0.0,0.0,9.574439582901123,25,0.0,20,0.0,0.0,16.521739130434096,N,,N,
06:37,YATRA,18760,118.0,3.23,6.46,,100.0,34.7,NORMAL,Y,30.0,0.0,30.0,0.0,15,0.0,0.0,0.0,25,0.0,0.0,20,0.0,14.683544303797573,N,,N,
06:37,VGUARD,15362,334.0,2.99,5.98,,119.9,0.0,NORMAL,Y,29.910576626580294,0.0,30.0,0.0,15,0.0,0.0,0.0,25,0.0,20,0.0,0.0,0.0,N,,N,
06:37,RELAXO,24225,433.25,2.75,5.5,,104.5,20.0,NORMAL,Y,27.51096881299662,0.0,30.0,0.0,15,0.0,0.0,0.0,25,0.0,0.0,20,6.956521739131166,0.0,N,,N,
06:37,JSWINFRA,19020,351.25,2.75,5.5,,136.1,22.8,NORMAL,Y,27.497440397835238,0.0,30.0,0.0,15,0.0,0.0,18.580331565265514,25,0.0,20,0.0,0.0,4.242424242423887,N,,N,
06:37,TVSSCS,18151,129.54,2.72,5.44,,80.6,45.0,NORMAL,Y,27.198477519625666,0.0,30.0,0.0,15,0.0,0.0,0.0,0.0,25,0.0,20,8.437500000000124,0.0,N,,N,
06:37,HINDALCO,1363,1076.85,2.65,5.29,,89.8,45.0,NORMAL,Y,26.45124392336288,0.0,30.0,0.0,15,0.0,0.0,0.0,0.0,25,0.0,20,18.333333333333332,0.0,N,,N,
06:37,HGINFRA,1672,561.0,2.41,4.82,,106.5,20.0,NORMAL,Y,24.09638554216876,0.0,30.0,0.0,15,0.0,0.0,0.0,25,0.0,0.0,20,12.432432432432034,0.0,N,,N,
06:37,BORORENEW,3149,575.9,2.38,4.76,,115.2,0.0,NORMAL,N,23.82222222222218,0.0,30.0,0.0,15,0.0,0.0,0.0,25,0.0,20,0.0,1.3333333333321207,0.0,N,,N,
06:37,SHIVALIK,7026,262.62,2.25,4.49,,71.7,49.2,NORMAL,Y,22.464473428070786,0.0,30.0,0.0,15,0.0,0.0,4.235578023777803,0.0,25,0.0,20,0.0,0.0,N,,N,
06:37,WELSPUNLIV,11253,163.19,2.21,4.42,,133.6,14.8,NORMAL,Y,22.109482650632604,0.0,30.0,0.0,15,0.0,0.0,14.837698452724599,25,0.0,20,0.0,6.666666666667017,0.0,N,,N,
06:37,MAHABANK,11377,81.54,3.28,6.56,,122.9,0.0,NORMAL,Y,30.0,0.0,30.0,0.0,15,0.0,0.0,0.0,25,0.0,20,0.0,2.857142857144017,0.0,N,,N,
06:37,SANDHAR,2397,634.35,1.99,3.99,,89.9,40.0,NORMAL,Y,19.93729399469407,0.0,30.0,0.0,15,0.0,0.0,0.0,25,0.0,0.0,20,0.0,20.0,N,,N,
06:37,BATAINDIA,371,713.6,1.96,3.93,,66.3,45.0,NORMAL,Y,19.64706722869186,0.0,30.0,0.0,15,0.0,0.0,0.0,0.0,25,0.0,20,1.6666666666650876,0.0,N,,N,
06:37,JMFINANCIL,13637,128.56,1.89,3.79,,108.9,3.1,NORMAL,Y,18.942696362051205,0.0,30.0,0.0,15,0.0,0.0,0.0,25,0.0,20,0.0,0.0,3.076923076920386,N,,N,
06:37,MOIL,20830,284.45,1.79,3.58,,87.9,35.0,NORMAL,Y,17.89228842368939,0.0,30.0,0.0,15,0.0,0.0,0.0,25,0.0,0.0,20,0.0,15.000000000001421,N,,N,
06:37,INDIANB,14309,890.2,1.67,3.33,,80.7,45.0,NORMAL,Y,16.674280493376,0.0,30.0,0.0,15,0.0,0.0,0.0,0.0,25,0.0,20,19.04761904761987,0.0,N,,N,
06:37,TRIVENI,13081,242.1,1.55,3.1,,105.5,20.0,NORMAL,N,15.520134228187871,0.0,30.0,0.0,15,0.0,0.0,0.0,25,0.0,20,0.0,0.0,20.0,N,,N,
06:37,LTFOODS,13816,425.8,1.55,3.1,,115.4,18.5,NORMAL,Y,15.502027188170759,0.0,30.0,0.0,15,0.0,0.0,9.909021292633785,25,0.0,20,0.0,0.0,8.571428571426715,N,,N,
06:37,PNBHOUSING,18908,1158.6,1.44,2.89,,113.2,0.8,NORMAL,Y,14.447071184659839,0.0,30.0,0.0,15,0.0,0.0,0.7808677309117861,25,0.0,20,0.0,8.0,0.0,N,,N,
06:37,ASTRAL,14418,1445.1,1.42,2.84,,118.4,4.5,NORMAL,Y,14.17643343392506,0.0,30.0,0.0,15,0.0,0.0,4.540613510891432,25,0.0,20,0.0,9.69696969696928,0.0,N,,Y,NONRESULTS
06:37,MASFIN,199,304.35,1.42,2.83,,115.9,3.4,NORMAL,N,14.161946017994001,0.0,30.0,0.0,15,0.0,0.0,3.4393503381523076,25,0.0,20,0.0,8.333333333333018,0.0,N,,N,
06:37,KAJARIACER,1808,1242.4,1.37,2.74,,116.3,4.3,NORMAL,Y,13.70757180156673,0.0,30.0,0.0,15,0.0,0.0,4.343845542731603,25,0.0,20,0.0,8.275862068965571,0.0,N,,N,
06:37,UNIONBANK,10753,185.0,1.37,2.74,,63.9,48.2,NORMAL,Y,13.698630136986301,0.0,30.0,0.0,15,0.0,0.0,3.211901686292298,0.0,25,0.0,20,2.000000000001137,0.0,N,,N,
06:37,CONCOR,4749,518.75,1.32,2.64,,69.7,45.7,NORMAL,Y,13.18359375,0.0,30.0,0.0,15,0.0,0.0,0.7487565448701344,0.0,25,0.0,20,10.769230769231847,0.0,N,,N,
06:37,BANKBARODA,4668,249.19,1.21,2.43,,70.5,45.0,NORMAL,Y,12.144597887896058,0.0,30.0,0.0,15,0.0,0.0,0.0,0.0,25,0.0,20,13.333333333333965,0.0,N,,N,
06:37,GROWW,759806,195.84,1.21,2.42,,109.5,4.4,NORMAL,N,12.09302325581397,0.0,30.0,0.0,15,0.0,0.0,4.4319157118684105,25,0.0,20,0.0,3.000000000000284,0.0,N,,N,
06:37,MSTCLTD,9356,577.85,1.2,2.4,,82.0,40.0,NORMAL,N,11.996497373029813,0.0,30.0,0.0,15,0.0,0.0,0.0,25,0.0,0.0,20,0.0,20.0,N,,N,
06:37,APCL,20453,105.5,1.18,2.36,,56.8,45.0,NORMAL,Y,11.796298072312306,0.0,30.0,0.0,15,0.0,0.0,0.0,0.0,25,0.0,20,0.0,0.0,N,,Y,NONRESULTS
06:37,INDUSTOWER,29135,373.65,1.16,2.33,,101.6,20.0,NORMAL,N,11.642073913631933,0.0,30.0,0.0,15,0.0,0.0,0.0,25,0.0,0.0,20,20.0,0.0,N,,N,
06:37,CASTROLIND,1250,188.92,1.12,2.25,,109.8,3.4,NORMAL,Y,11.240766513221251,0.0,30.0,0.0,15,0.0,0.0,3.448016829307518,25,0.0,20,0.0,5.106382978723611,0.0,N,,N,
06:37,SHARDAMOTR,10530,886.75,1.12,2.25,,91.2,20.0,NORMAL,Y,11.232751739080879,0.0,30.0,0.0,15,0.0,0.0,0.0,25,0.0,0.0,20,10.0,0.0,N,,N,
06:37,BAJAJELEC,15034,364.2,1.07,2.14,,90.7,20.0,NORMAL,Y,10.684057166643447,0.0,30.0,0.0,15,0.0,0.0,0.0,25,0.0,0.0,20,10.000000000002842,0.0,N,,N,
06:37,KARURVYSYA,1838,337.75,1.06,2.12,,101.0,0.4,NORMAL,Y,10.622381807301053,0.0,30.0,0.0,15,0.0,0.0,0.4018395695756437,25,0.0,20,0.0,0.0,0.0,N,,N,
06:37,GOCLCORP,3963,434.0,1.04,2.07,,58.5,68.2,NORMAL,Y,10.359678733558349,0.0,30.0,0.0,15,0.0,0.0,3.163105818355768,0.0,25,0.0,20,0.0,20.0,N,,N,
06:37,ABMKNO,762528,200.0,1.04,2.07,,100.4,0.0,NORMAL,Y,10.356150543066489,0.0,30.0,0.0,15,0.0,0.0,0.0,25,0.0,20,0.0,0.0,0.0,N,,N,
06:37,BANKINDIA,4745,144.36,1.02,2.04,,55.2,51.7,NORMAL,Y,10.2169349195242,0.0,30.0,0.0,15,0.0,0.0,0.0,0.0,25,0.0,20,0.0,6.666666666665088,N,,N,
06:37,SBIN,3045,1076.7,1.0,2.01,,85.9,24.1,NORMAL,Y,10.037523452157641,0.0,30.0,0.0,15,0.0,0.0,4.06731154753364,25,0.0,0.0,20,1.8181818181799392,0.0,N,,N,
06:37,JAINREC,759244,300.55,0.94,1.88,,81.6,20.0,NORMAL,N,9.403862300587779,0.0,28.21158690176334,0.0,15,0.0,0.0,0.0,25,0.0,0.0,20,4.0000000000009095,0.0,N,,N,
06:37,TNPL,3980,155.46,0.93,1.87,,70.8,45.0,NORMAL,Y,9.349435138293714,0.0,28.048305414881142,0.0,15,0.0,0.0,0.0,0.0,25,0.0,20,18.400000000001455,0.0,N,,N,
06:37,SCI,3048,296.5,0.87,1.73,,49.7,48.3,NORMAL,Y,8.674944718489575,0.0,26.02483415546873,0.0,15,0.0,0.0,0.0,0.0,25,0.0,20,0.0,3.333333333330175,N,,N,
06:37,CANBK,10794,131.4,0.84,1.69,,53.4,45.0,NORMAL,Y,8.442056792018374,0.0,25.326170376055124,0.0,15,0.0,0.0,0.0,0.0,25,0.0,20,4.615384615384952,0.0,N,,N,
06:37,TIINDIA,312,2831.2,1.84,3.68,,108.4,11.9,NORMAL,Y,18.417266187050295,0.0,30.0,0.0,15,0.0,0.0,0.0,25,0.0,20,0.0,0.0,11.891891891891493,N,,N,
06:37,ZUARIIND,3827,260.45,0.83,1.66,,48.3,65.0,NORMAL,N,8.323654665117992,0.0,24.970963995353976,0.0,15,0.0,0.0,0.0,0.0,25,0.0,20,0.0,20.0,N,,N,
06:37,WINDMACHIN,24969,305.05,0.81,1.62,,72.4,39.4,NORMAL,Y,8.096497025776564,0.0,24.289491077329693,0.0,15,0.0,0.0,0.0,25,0.0,0.0,20,0.0,19.374999999999865,N,,N,
06:37,USHAMART,8840,513.85,0.77,1.55,,100.5,18.3,NORMAL,Y,7.746616983722387,0.0,23.239850951167163,0.0,15,0.0,0.0,9.49827681524743,25,0.0,20,0.0,0.0,8.799999999999473,N,,N,
06:37,HSCL,14334,761.35,0.77,1.55,,91.0,20.0,NORMAL,Y,7.743216412971573,0.0,23.229649238914718,0.0,15,0.0,0.0,0.0,25,0.0,20,0.0,0.0,20.0,N,,N,
06:37,ZYDUSWELL,17635,510.0,0.77,1.54,,90.8,10.0,NORMAL,N,7.705986959098946,0.0,23.11796087729684,0.0,15,0.0,0.0,0.0,25,0.0,20,0.0,0.0,10.000000000000473,N,,N,
06:37,TIPSMUSIC,9117,674.2,0.76,1.52,,94.6,15.7,NORMAL,N,7.6221790464803805,0.0,22.86653713944114,0.0,15,0.0,0.0,4.160602969347655,25,0.0,20,0.0,0.0,11.578947368421934,N,,N,
06:37,MCX,31181,2945.9,1.76,3.52,,116.8,0.4,NORMAL,Y,17.5820379965458,0.0,30.0,0.0,15,0.0,0.0,0.3756428966510327,25,0.0,20,0.0,8.849557522123751,0.0,N,,N,
06:37,PETRONET,11351,279.1,0.76,1.52,,45.3,57.0,NORMAL,Y,7.581227436823188,0.0,22.74368231046956,0.0,15,0.0,0.0,0.0,0.0,25,0.0,20,0.0,11.999999999998181,N,,N,
06:37,EXIDEIND,676,487.0,0.76,1.51,,71.0,27.4,NORMAL,Y,7.551463742629517,0.0,22.654391227888553,0.0,15,0.0,0.0,0.7724410675722977,25,0.0,0.0,20,0.0,6.66666666666835,N,,N,
06:37,BLS,17279,262.63,0.68,1.36,,101.2,0.0,NORMAL,Y,6.785248792455652,0.0,20.35574637736696,0.0,15,0.0,0.0,0.0,25,0.0,20,0.0,14.084507042253927,0.0,N,,N,
06:37,TIMETECHNO,14707,208.68,0.68,1.35,,76.0,20.0,NORMAL,Y,6.754148977228896,0.0,20.26244693168669,0.0,15,0.0,0.0,0.0,25,0.0,0.0,20,8.999999999999574,0.0,N,,N,
06:37,CHEMPLASTS,5449,172.81,0.66,1.32,,81.3,20.0,NORMAL,N,6.582013047530261,0.0,19.746039142590785,0.0,15,0.0,0.0,0.0,25,0.0,0.0,20,15.0,0.0,N,,N,
06:37,PVRINOX,13147,1167.8,0.66,1.31,,55.7,45.4,NORMAL,Y,6.550594725047326,0.0,19.65178417514198,0.0,15,0.0,0.0,0.40052416615463504,0.0,25,0.0,20,14.117647058823685,0.0,N,,N,
06:37,TMCV,759782,452.85,0.62,1.24,,50.0,70.5,NORMAL,Y,6.221530941006581,0.0,18.66459282301974,0.0,15,0.0,0.0,10.161248432776485,0.0,25,0.0,20,0.0,15.33333333333303,N,,N,
06:37,MEESHO,760229,191.58,0.61,1.23,,64.6,30.5,NORMAL,Y,6.144635260753197,0.0,18.43390578225959,0.0,15,0.0,0.0,0.0,25,0.0,0.0,20,0.0,10.526315789473212,N,,N,
06:37,HINDZINC,1424,590.2,0.61,1.21,,41.2,45.0,NORMAL,Y,6.0513082758034065,0.0,18.15392482741022,0.0,15,0.0,0.0,0.0,0.0,25,0.0,20,2.0000000000027285,0.0,N,,N,
06:37,UFLEX,1053,500.0,0.59,1.19,,73.7,30.0,NORMAL,Y,5.935016597927751,0.0,17.805049793783255,0.0,15,0.0,0.0,9.989955326860978,25,0.0,0.0,20,0.0,0.0,N,,N,
06:37,SAIL,2963,174.0,0.58,1.16,,69.8,20.0,NORMAL,Y,5.780346820809248,0.0,17.341040462427742,0.0,15,0.0,0.0,0.0,25,0.0,0.0,20,6.666666666666666,0.0,N,,N,
06:37,MFSL,2142,1522.3,1.55,3.11,,114.8,0.7,NORMAL,N,15.543695797198101,0.0,30.0,0.0,15,0.0,0.0,0.6992051681534837,25,0.0,20,0.0,8.571428571428571,0.0,N,,N,
06:37,ENDURANCE,18822,3015.0,1.55,3.1,,122.8,0.0,NORMAL,Y,15.493432132030987,0.0,30.0,0.0,15,0.0,0.0,0.0,25,0.0,20,0.0,17.333333333333737,0.0,N,,N,
06:37,WIPL,20481,169.4,0.53,1.07,,81.4,0.0,NORMAL,Y,5.34124629080122,0.0,16.023738872403662,0.0,15,0.0,0.0,0.0,25,0.0,20,0.0,0.0,0.0,N,,N,
06:37,AUBANK,21238,1076.6,0.53,1.06,,96.7,0.0,NORMAL,Y,5.322625828742009,0.0,15.967877486226028,0.0,15,0.0,0.0,0.0,25,0.0,20,0.0,15.384615384613232,0.0,N,,N,
06:37,LICI,9480,408.1,0.52,1.03,,65.7,20.0,NORMAL,N,5.172413793103504,0.0,15.517241379310512,0.0,15,0.0,0.0,0.0,25,0.0,0.0,20,4.999999999995737,0.0,N,,N,
06:37,BIOCON,11373,428.2,0.52,1.03,,75.3,26.6,NORMAL,Y,5.1643192488262635,0.0,15.49295774647879,0.0,15,0.0,0.0,1.5750628505351583,0.0,25,20,0.0,18.095238095237683,0.0,N,,N,
06:37,ELGIEQUIP,937,576.75,0.51,1.01,,60.2,40.0,NORMAL,N,5.053585431732992,0.0,15.160756295198976,0.0,15,0.0,0.0,0.0,25,0.0,0.0,20,0.0,20.0,N,,N,
06:37,TATACAP,759265,369.0,0.49,0.98,,83.8,19.7,NORMAL,Y,4.901960784313757,0.0,14.70588235294127,0.0,15,0.0,0.0,4.169647605358199,25,0.0,20,0.0,0.0,15.555555555554433,N,,N,
06:37,NUCLEUS,10791,695.0,0.48,0.95,,79.1,20.0,NORMAL,N,4.770854416654553,0.0,14.312563249963658,0.0,15,0.0,0.0,0.0,25,0.0,20,0.0,0.0,20.0,N,,N,
06:37,ZYDUSLIFE,7929,1196.5,0.46,0.92,,78.5,9.0,NORMAL,Y,4.617968094038623,0.0,13.853904282115868,0.0,15,0.0,0.0,0.0,25,0.0,20,0.0,0.0,9.00000000000091,N,,N,
06:37,INDUSINDBK,5258,1013.1,0.42,0.83,,56.7,24.0,NORMAL,N,4.162949747249525,0.0,12.488849241748573,0.0,15,0.0,0.0,0.0,25,0.0,0.0,20,0.0,3.999999999996362,N,,N,
06:37,BHEL,438,404.65,0.41,0.82,,48.6,50.1,NORMAL,N,4.094292803970166,0.0,12.282878411910499,0.0,15,0.0,0.0,5.075701954658194,0.0,25,0.0,20,12.173913043478304,0.0,N,,N,
06:38,SIS,21501,439.3,0.4,0.8,,57.7,51.7,NORMAL,Y,3.9995429093817854,0.0,11.998628728145356,0.0,15,0.0,0.0,6.737394504880523,0.0,25,0.0,20,20.0,0.0,N,,N,
06:38,GPIL,13409,233.1,0.4,0.79,,96.2,7.5,NORMAL,N,3.9624429322077157,0.0,11.887328796623146,0.0,15,0.0,0.0,7.48917616722415,25,0.0,20,0.0,12.857142857142616,0.0,N,,N,
06:38,PENIND,20621,159.92,0.38,0.77,,56.5,26.5,NORMAL,N,3.8290126169103336,0.0,11.487037850731,0.0,15,0.0,0.0,1.1965499762912613,25,0.0,0.0,20,0.0,5.283018867924002,N,,N,
06:38,RATNAMANI,13451,2285.7,1.36,2.72,,82.1,26.7,NORMAL,N,13.614190687361338,0.0,30.0,0.0,15,0.0,0.0,1.6949114005244248,0.0,25,20,0.0,1.818181818180315,0.0,N,,N,
06:38,WALCHANNAG,3736,233.62,0.35,0.7,,62.4,20.2,NORMAL,N,3.522336769759421,0.0,10.567010309278263,0.0,15,0.0,0.0,0.17008545817339446,25,0.0,0.0,20,8.17204301075253,0.0,N,,N,
06:38,GEOJITFSL,11896,77.8,1.33,2.66,,116.7,33.4,NORMAL,N,13.28470955978114,0.0,30.0,0.0,15,0.0,0.0,13.39084732943203,25,0.0,20,0.0,0.0,20.0,N,,N,
06:38,SBICARD,17971,652.15,0.32,0.65,,72.9,8.5,NORMAL,Y,3.230520729174714,0.0,9.691562187524141,0.0,15,0.0,0.0,0.0,25,0.0,20,0.0,0.0,8.461538461538058,N,,N,
06:38,HYUNDAI,25844,2225.0,1.14,2.27,,104.4,8.0,NORMAL,Y,11.363636363636365,0.0,30.0,0.0,15,0.0,0.0,3.0385333630460756,25,0.0,20,0.0,0.0,5.0,N,,N,
06:38,WELCORP,11821,1854.9,0.98,1.96,,81.7,20.0,NORMAL,Y,9.799118079372857,0.0,29.397354238118567,0.0,15,0.0,0.0,0.0,25,0.0,0.0,20,2.4999999999978684,0.0,N,,N,
06:38,TPLPLASTEH,9219,76.62,0.96,1.92,,53.5,45.0,NORMAL,N,9.619185663460325,0.0,28.85755699038097,0.0,15,0.0,0.0,0.0,0.0,25,0.0,20,0.0,0.0,N,,N,
06:38,BHARATFORG,422,2070.2,0.94,1.87,,97.4,0.0,NORMAL,N,9.361287176986748,0.0,28.08386153096024,0.0,15,0.0,0.0,0.0,25,0.0,20,0.0,0.0,0.0,N,,N,
06:38,ZODIACLOTH,3821,77.9,0.84,1.68,,93.7,0.0,NORMAL,Y,8.41423948220072,0.0,25.24271844660216,0.0,15,0.0,0.0,0.0,25,0.0,20,0.0,0.0,0.0,N,,N,
06:38,NESTLEIND,17963,1505.5,0.82,1.65,,72.9,30.9,NORMAL,Y,8.237342619876744,0.0,24.712027859630233,0.0,15,0.0,0.0,0.0,25,0.0,0.0,20,0.0,10.909090909090157,N,,N,
06:38,ZFCVINDIA,16915,2635.0,0.76,1.53,,94.5,5.0,NORMAL,Y,7.648183556405354,0.0,22.94455066921606,0.0,15,0.0,0.0,3.8611352718363188,25,0.0,20,0.0,0.0,1.1111111111101286,N,,N,
06:38,BALKRISIND,335,2516.5,0.7,1.41,,90.0,8.3,NORMAL,Y,7.043098963543923,0.0,21.12929689063177,0.0,15,0.0,0.0,1.801451328939897,25,0.0,20,0.0,0.0,6.4864864864874825,N,,N,
06:38,GLAXO,1153,2620.1,0.7,1.4,,108.0,0.0,NORMAL,Y,6.994888350820484,0.0,20.98466505246145,0.0,15,0.0,0.0,0.0,25,0.0,20,0.0,20.0,0.0,N,,N,
06:38,ESCORTS,958,3103.1,0.68,1.36,,58.4,47.5,NORMAL,Y,6.813536225300931,0.0,20.440608675902794,0.0,15,0.0,0.0,2.465386094812069,0.0,25,0.0,20,13.703703703703953,0.0,N,,N,
06:38,PNBGILTS,8736,80.67,0.67,1.35,,67.9,20.9,NORMAL,N,6.7390490453014635,0.0,20.21714713590439,0.0,15,0.0,0.0,0.8954047259416564,25,0.0,0.0,20,0.0,0.0,N,,N,
06:38,IDFCFIRSTB,11184,84.8,0.63,1.26,,85.2,6.7,NORMAL,Y,6.289308176100643,0.0,18.86792452830193,0.0,15,0.0,0.0,0.0,25,0.0,20,0.0,0.0,6.666666666669824,N,,N,
06:38,PAYTM,6705,1602.4,0.55,1.09,,61.8,36.7,NORMAL,Y,5.458994791993503,0.0,16.37698437598051,0.0,15,0.0,0.0,0.0,25,0.0,0.0,20,0.0,16.666666666666668,N,,N,
06:38,BEML,395,1912.0,0.51,1.02,,51.6,45.0,NORMAL,Y,5.099090574567653,0.0,15.29727172370296,0.0,15,0.0,0.0,0.0,0.0,25,0.0,20,16.21621621621602,0.0,N,,N,
06:38,GODREJCP,10099,918.0,-10.44,20.88,,40.7,90.0,NORMAL,Y,0.0,30.0,30.0,0.0,0.0,15,0.0,0.0,0.0,25,0.0,20,10.666666666666817,0.0,N,,N,
06:38,JUBLPHARMA,3637,905.0,-6.22,12.44,,55.0,83.6,NORMAL,Y,0.0,30.0,30.0,0.0,0.0,15,0.0,0.0,25,0.0,0.0,20,0.0,18.620689655172143,N,,N,
06:38,TECHNOE,6445,995.0,-5.96,11.92,,55.0,65.0,NORMAL,Y,0.0,30.0,30.0,0.0,0.0,15,0.0,0.0,25,0.0,0.0,20,0.0,0.0,N,,N,
06:38,MATRIMONY,21726,507.5,-5.51,11.02,,42.5,92.5,NORMAL,N,0.0,30.0,30.0,0.0,0.0,15,0.0,2.5100866061483686,0.0,25,0.0,20,10.0,0.0,N,,N,
06:38,FORTIS,14592,886.0,-5.26,10.52,,45.5,90.0,NORMAL,Y,0.0,30.0,30.0,0.0,0.0,15,0.0,0.0,0.0,25,0.0,20,15.466666666666546,0.0,N,,N,
06:38,RHIM,31163,393.85,-5.22,10.44,,69.7,65.0,NORMAL,Y,0.0,30.0,30.0,0.0,0.0,15,0.0,0.0,25,0.0,0.0,20,14.66666666666697,0.0,N,,N,
06:38,RAMCOSYS,7851,619.9,-5.0,9.99,,30.0,90.0,NORMAL,Y,0.0,30.0,30.0,0.0,0.0,15,0.0,0.0,0.0,25,0.0,20,0.0,0.0,N,,N,
06:38,BALRAMCHIN,341,596.65,-4.96,9.92,,63.0,65.0,NORMAL,Y,0.0,30.0,30.0,0.0,0.0,15,0.0,0.0,25,0.0,0.0,20,7.999999999999545,0.0,N,,N,
06:38,UNICHEMLAB,3579,549.5,-4.23,8.47,,30.9,95.1,NORMAL,N,0.0,30.0,30.0,0.0,0.0,15,0.0,0.8585273141938277,0.0,25,0.0,20,0.0,4.285714285713822,N,,N,
06:38,WINDLAS,5366,909.7,-3.54,7.08,,30.0,98.4,NORMAL,N,0.0,30.0,30.0,0.0,0.0,15,0.0,0.0,0.0,25,0.0,20,0.0,8.421052631578947,N,,N,
06:38,ADANIGREEN,3563,1320.6,-3.32,6.65,,40.8,90.0,NORMAL,Y,0.0,30.0,30.0,0.0,0.0,15,0.0,0.0,0.0,25,0.0,20,10.833333333332543,0.0,N,,N,
06:38,JYOTHYLAB,15146,197.48,-3.22,6.43,,30.0,107.5,NORMAL,Y,0.0,30.0,30.0,0.0,0.0,15,0.0,0.0,0.0,25,0.0,20,0.0,17.5,N,,N,
06:38,MAXHEALTH,22377,1008.5,-3.03,6.06,,30.5,94.9,NORMAL,Y,0.0,30.0,30.0,0.0,0.0,15,0.0,0.4936763445123973,0.0,25,0.0,20,0.0,4.444444444444304,N,,N,
06:38,EPACKPEB,759251,239.7,-3.01,6.03,,31.1,93.9,NORMAL,Y,0.0,30.0,30.0,0.0,0.0,15,0.0,1.0903927856101996,0.0,25,0.0,20,0.0,2.857142857143553,N,,N,
06:38,GODREJIND,10925,1251.7,-2.95,5.91,,30.2,102.5,NORMAL,Y,0.0,29.539463482710428,30.0,0.0,0.0,15,0.0,0.21019204116880047,0.0,25,0.0,20,0.0,12.727272727272855,N,,N,
06:38,BRIGADE,15184,587.25,-2.95,5.9,,30.0,92.4,NORMAL,N,0.0,29.499256321269247,30.0,0.0,0.0,15,0.0,0.0,0.0,25,0.0,20,0.0,2.941176470588353,N,,N,
06:38,TEJASNET,21131,518.0,-2.92,5.85,,55.8,95.0,NORMAL,Y,0.0,29.23538230884562,30.0,0.0,0.0,15,0.0,5.765388315130674,0.0,25,0.0,20,20.0,0.0,N,,N,
06:38,OMNI,760865,580.8,-2.92,5.83,,32.8,106.1,NORMAL,Y,0.0,29.168407856247466,30.0,0.0,0.0,15,0.0,2.75087830048137,0.0,25,0.0,20,0.0,14.153846153846574,N,,N,
06:38,AIIL,23553,557.95,-2.7,5.41,,76.7,48.7,NORMAL,Y,0.0,27.029383555671807,30.0,0.0,0.0,15,0.0,1.6627486997999399,25,0.0,20,0.0,0.0,5.0,N,,N,
06:38,KPITTECH,9683,610.3,-2.66,5.33,,42.2,89.9,NORMAL,N,0.0,26.634768740031973,30.0,0.0,0.0,15,0.0,3.2355541746713428,0.0,25,0.0,20,9.00000000000091,0.0,N,,N,
06:38,RUPA,25724,154.61,-2.61,5.23,,30.0,105.3,NORMAL,Y,0.0,26.140085663895047,30.0,0.0,0.0,15,0.0,0.0,0.0,25,0.0,20,0.0,19.199999999998454,N,,N,
06:38,KNRCON,15283,133.29,-2.59,5.19,,56.7,64.1,NORMAL,N,0.0,25.942706810874093,30.0,0.0,0.0,15,0.0,1.677282082388519,25,0.0,0.0,20,0.0,1.4814814814815336,N,,N,
06:38,KALYANKJIL,2955,586.6,-2.59,5.18,,65.2,107.7,NORMAL,N,0.0,25.905014945200964,30.0,0.0,0.0,15,0.0,21.790778775388027,0.0,25,0.0,20,13.457943925233533,0.0,N,,N,
06:38,LUXIND,11301,1216.5,-2.59,5.17,,30.0,85.9,NORMAL,Y,0.0,25.864830237027512,30.0,0.0,0.0,15,0.0,0.0,0.0,25,0.0,20,0.0,0.0,N,,N,
06:38,ASTERDM,1508,832.85,-2.58,5.16,,86.1,69.4,NORMAL,N,0.0,25.792490349748455,30.0,0.0,0.0,15,0.0,11.130227584478632,25,0.0,20,0.0,0.0,17.5,N,,N,
06:38,INTELLECT,5926,705.0,-2.58,5.15,,30.0,87.3,NORMAL,Y,0.0,25.77212740965934,30.0,0.0,0.0,15,0.0,0.0,0.0,25,0.0,20,0.0,1.538461538461942,N,,N,
06:38,PTC,11355,167.53,-2.57,5.14,,32.2,85.7,NORMAL,N,0.0,25.70514684501301,30.0,0.0,0.0,15,0.0,0.0,0.0,25,0.0,20,2.222222222223275,0.0,N,,N,
06:38,REDINGTON,14255,345.5,-2.55,5.11,,30.8,99.2,NORMAL,N,0.0,25.525313778028515,30.0,0.0,0.0,15,0.0,0.7636258191160666,0.0,25,0.0,20,0.0,12.941176470587685,N,,N,
06:38,VIPIND,3703,308.85,-2.54,5.08,,30.0,92.1,NORMAL,N,0.0,25.402335121489283,30.0,0.0,0.0,15,0.0,0.0,0.0,25,0.0,20,0.0,6.666666666666666,N,,N,
06:38,MRPL,2283,176.55,-2.53,5.07,,55.4,73.2,NORMAL,N,0.0,25.33951639615753,30.0,0.0,0.0,15,0.0,0.4247520908916954,25,0.0,0.0,20,0.0,12.432432432433263,N,,N,
06:38,PATANJALI,17029,344.15,-2.51,5.01,,63.9,60.1,NORMAL,Y,0.0,25.070821529745107,30.0,0.0,0.0,15,0.0,0.0,25,0.0,0.0,20,8.888888888887486,0.0,N,,N,
06:38,SURYAROSNI,3375,230.07,-2.44,4.88,,38.7,113.1,NORMAL,Y,0.0,24.424373489378024,30.0,0.0,0.0,15,0.0,8.74616119694182,0.0,25,0.0,20,0.0,19.90430622009551,N,,N,
06:38,ERIS,21154,1356.5,-2.43,4.86,,65.0,59.3,NORMAL,Y,0.0,24.31129971948497,30.0,0.0,0.0,15,0.0,0.0,25,0.0,0.0,20,10.0,0.0,N,,N,
06:38,GREAVESCOT,1235,192.99,-2.42,4.84,,56.1,62.0,NORMAL,Y,0.0,24.218829001921282,30.0,0.0,0.0,15,0.0,1.1154827267730674,25,0.0,0.0,20,0.0,1.666666666667456,N,,N,
06:38,HIKAL,9668,212.75,-2.4,4.8,,30.0,96.0,NORMAL,Y,0.0,23.993026883200244,30.0,0.0,0.0,15,0.0,0.0,0.0,25,0.0,20,0.0,12.00000000000065,N,,N,
06:38,TMPV,3456,339.3,-2.39,4.78,,30.3,95.8,NORMAL,Y,0.0,23.87802071346378,30.0,0.0,0.0,15,0.0,0.340218508623817,0.0,25,0.0,20,0.0,11.538461538461437,N,,N,
06:38,EXICOM,22947,140.6,-2.33,4.65,,30.0,95.3,NORMAL,Y,0.0,23.271969433831156,30.0,0.0,0.0,15,0.0,0.0,0.0,25,0.0,20,0.0,12.000000000000455,N,,N,
06:38,SUDARSCHEM,3327,1085.1,-2.24,4.49,,30.0,84.2,NORMAL,N,0.0,22.432432432432513,30.0,0.0,0.0,15,0.0,0.0,0.0,25,0.0,20,0.0,1.7391304347830385,N,,N,
06:38,VMM,27969,107.8,-2.22,4.44,,47.4,82.2,NORMAL,Y,0.0,22.222222222222243,30.0,0.0,0.0,15,0.0,0.0,0.0,25,0.0,20,17.391304347826033,0.0,N,,N,
06:38,KSB,1949,793.9,-2.21,4.42,,52.3,88.4,NORMAL,Y,0.0,22.109995688858834,30.0,0.0,0.0,15,0.0,6.333101341093938,0.0,25,0.0,20,16.000000000001364,0.0,N,,N,
06:38,PARADEEP,9741,148.47,-2.19,4.39,,34.7,101.6,NORMAL,N,0.0,21.936758893280714,30.0,0.0,0.0,15,0.0,4.6721431646312555,0.0,25,0.0,20,0.0,15.000000000000888,N,,N,
06:38,ABDL,24308,606.4,-2.16,4.32,,30.0,82.9,NORMAL,Y,0.0,21.6198773797999,30.0,0.0,0.0,15,0.0,0.0,0.0,25,0.0,20,0.0,1.2500000000017764,N,,N,
06:38,BSOFT,6994,313.6,-2.09,4.18,,46.0,80.9,NORMAL,N,0.0,20.917889478613763,30.0,0.0,0.0,15,0.0,0.0,0.0,25,0.0,20,15.99999999999909,0.0,N,,N,
06:38,SURYODAY,2970,160.25,-2.08,4.17,,45.9,116.7,NORMAL,Y,0.0,20.835879261884372,30.0,0.0,0.0,15,0.0,15.908487916907516,0.0,25,0.0,20,0.0,20.0,N,,N,
06:38,WSTCSTPAPR,3799,584.7,-2.08,4.15,,33.1,86.8,NORMAL,N,0.0,20.767040696700676,30.0,0.0,0.0,15,0.0,3.1416623264450987,0.0,25,0.0,20,0.0,2.857142857144713,N,,N,
06:38,NLCINDIA,8585,280.25,-2.03,4.06,,34.0,80.3,NORMAL,Y,0.0,20.27617549379483,30.0,0.0,0.0,15,0.0,0.0,0.0,25,0.0,20,4.0000000000009095,0.0,N,,N,
06:38,UNOMINDA,14154,1249.3,-2.02,4.03,,50.8,80.9,NORMAL,N,0.0,20.156862745098074,30.0,0.0,0.0,15,0.0,0.76293825513105,0.0,25,0.0,20,20.0,0.0,N,,N,
06:38,ROLEXRINGS,5279,173.73,-2.01,4.02,,55.0,58.2,NORMAL,N,0.0,20.08009475999776,30.0,0.0,0.0,15,0.0,0.0,25,0.0,0.0,20,0.0,3.0769230769247584,N,,N,
06:38,PSPPROJECT,20877,915.75,-2.01,4.01,,55.0,58.8,NORMAL,Y,0.0,20.064205457463885,30.0,0.0,0.0,15,0.0,0.0,25,0.0,0.0,20,0.0,3.7037037037039533,N,,N,
06:38,TCS,11536,2309.4,-5.57,11.15,,43.1,96.7,NORMAL,Y,0.0,30.0,30.0,0.0,0.0,15,0.0,6.6623923500834366,0.0,25,0.0,20,6.4150943396228675,0.0,N,,N,
06:38,PIIND,24184,2598.5,-4.82,9.63,,55.5,65.0,NORMAL,Y,0.0,30.0,30.0,0.0,0.0,15,0.0,0.0,25,0.0,0.0,20,0.4761904761922292,0.0,N,,N,
06:38,LLOYDSME,17313,1899.6,-4.36,8.72,,38.3,96.7,NORMAL,Y,0.0,30.0,30.0,0.0,0.0,15,0.0,6.65167540616685,0.0,25,0.0,20,1.5999999999985448,0.0,N,,N,
06:38,IFCI,1491,73.22,-3.28,6.55,,36.6,96.6,NORMAL,Y,0.0,30.0,30.0,0.0,0.0,15,0.0,6.647866926955694,0.0,25,0.0,20,0.0,0.0,N,,N,
06:38,ZUARI,29050,220.95,-1.98,3.97,,38.7,88.5,NORMAL,Y,0.0,19.829651317540588,30.0,0.0,0.0,15,0.0,8.701102403048539,0.0,25,0.0,20,0.0,0.0,N,,N,
06:38,INFY,1594,1167.1,-1.98,3.96,,33.1,91.4,NORMAL,N,0.0,19.82027378852787,30.0,0.0,0.0,15,0.0,3.05675611610322,0.0,25,0.0,20,0.0,8.571428571427644,N,,N,
06:38,HEXT,29666,553.95,-1.98,3.96,,45.6,87.4,NORMAL,Y,0.0,19.81774750066342,30.0,0.0,0.0,15,0.0,7.568461882109507,0.0,25,0.0,20,8.0,0.0,N,,N,
06:38,MEDANTA,11956,1412.2,-1.96,3.92,,55.0,56.2,NORMAL,N,0.0,19.577895029158597,30.0,0.0,0.0,15,0.0,0.0,25,0.0,0.0,20,0.0,1.5999999999985448,N,,N,
06:38,MAXESTATES,19646,418.3,-1.96,3.91,,57.1,56.7,NORMAL,N,0.0,19.571076995195046,30.0,0.0,0.0,15,0.0,2.0933155376507853,25,0.0,0.0,20,0.0,0.0,N,,N,
06:38,SHALBY,714,158.51,-1.95,3.91,,51.8,81.3,NORMAL,Y,0.0,19.545988742500136,30.0,0.0,0.0,15,0.0,1.7733212077692764,0.0,25,0.0,20,20.0,0.0,N,,N,
06:38,GMRAIRPORT,13528,103.06,-1.95,3.9,,41.4,79.5,NORMAL,Y,0.0,19.503377414137542,30.0,0.0,0.0,15,0.0,0.0,0.0,25,0.0,20,11.42857142857114,0.0,N,,N,
06:38,EMSLIMITED,18593,386.35,-1.92,3.83,,71.4,54.6,NORMAL,Y,0.0,19.167301345519054,30.0,0.0,0.0,15,0.0,0.39921245750992485,25,0.0,0.0,20,16.000000000000608,0.0,N,,N,
06:38,DEVYANI,5373,140.07,-1.9,3.81,,85.5,34.0,NORMAL,N,0.0,19.04895300791371,30.0,0.0,0.0,15,0.0,0.0,25,0.0,20,0.0,10.476190476190046,0.0,N,,N,
06:38,PREMIERENE,25049,1030.0,-1.9,3.81,,39.2,91.4,NORMAL,Y,0.0,19.04761904761905,30.0,0.0,0.0,15,0.0,9.164777724242718,0.0,25,0.0,20,0.0,3.1578947368414756,N,,N,
06:38,SYMPHONY,24190,629.0,-1.9,3.79,,67.9,104.0,NORMAL,Y,0.0,18.950323637214346,30.0,0.0,0.0,15,0.0,25.0,0.0,25,0.0,20,12.897196261682357,0.0,N,,N,
06:38,M&M,2031,3415.4,-2.89,5.78,,67.4,65.3,NORMAL,N,0.0,28.888257037247634,30.0,0.0,0.0,15,0.0,1.3839250590100074,25,0.0,0.0,20,11.063829787234083,0.0,N,,N,
06:38,JUBLINGREA,2783,719.3,-1.88,3.76,,30.0,95.1,NORMAL,Y,0.0,18.82417132724058,30.0,0.0,0.0,15,0.0,0.0,0.0,25,0.0,20,0.0,16.25000000000062,N,,N,
06:38,ZENITHEXPO,4176,246.4,-1.86,3.72,,30.0,78.6,NORMAL,N,0.0,18.60039032939016,30.0,0.0,0.0,15,0.0,0.0,0.0,25,0.0,20,0.0,0.0,N,,N,
06:38,BPCL,526,311.9,-1.86,3.71,,30.0,85.2,NORMAL,Y,0.0,18.565135305223517,30.0,0.0,0.0,15,0.0,0.0,0.0,25,0.0,20,0.0,6.666666666664982,N,,N,
06:38,HISARMETAL,19322,152.5,-1.85,3.71,,95.5,54.1,NORMAL,N,0.0,18.53520401596084,30.0,0.0,0.0,15,0.0,20.543943354152923,25,0.0,20,0.0,0.0,0.0,N,,N,
06:38,SPARC,14788,201.5,-1.83,3.66,,41.2,78.3,NORMAL,Y,0.0,18.31823053688001,30.0,0.0,0.0,15,0.0,0.0,0.0,25,0.0,20,11.168831168831197,0.0,N,,N,
06:38,VAIBHAVGBL,11364,233.3,-1.83,3.66,,55.6,57.6,NORMAL,Y,0.0,18.304228908058043,30.0,0.0,0.0,15,0.0,0.6333690617993382,25,0.0,0.0,20,0.0,3.6363636363645755,N,,N,
06:38,SAPPHIRE,6718,231.7,-1.83,3.66,,89.9,36.1,NORMAL,N,0.0,18.303533598847647,30.0,0.0,0.0,15,0.0,2.7943523974748823,25,0.0,20,0.0,12.065217391304476,0.0,N,,N,
06:38,FSL,14304,274.5,-1.82,3.65,,30.0,91.6,NORMAL,Y,0.0,18.240343347639566,30.0,0.0,0.0,15,0.0,0.0,0.0,25,0.0,20,0.0,13.33333333333207,N,,N,
06:38,SUNTECK,17641,291.15,-1.82,3.64,,37.8,89.4,NORMAL,Y,0.0,18.209408194233802,30.0,0.0,0.0,15,0.0,7.839531948342218,0.0,25,0.0,20,0.0,3.333333333333965,N,,N,
06:38,HAPPSTMNDS,48,387.3,-1.79,3.58,,51.7,82.1,NORMAL,Y,0.0,17.87751996957021,30.0,0.0,0.0,15,0.0,4.229129095016814,0.0,25,0.0,20,17.49999999999929,0.0,N,,N,
06:38,ANGELONE,324,286.2,-1.78,3.57,,68.8,52.8,NORMAL,Y,0.0,17.844886753603255,30.0,0.0,0.0,15,0.0,0.0,25,0.0,0.0,20,13.846153846153982,0.0,N,,N,
06:38,RSYSTEMS,13414,240.6,-1.78,3.55,,58.4,76.2,NORMAL,Y,0.0,17.75872627066746,30.0,0.0,0.0,15,0.0,3.4449471709170663,25,0.0,0.0,20,0.0,20.0,N,,N,
06:38,TATASTEEL,3499,184.94,-1.76,3.52,,39.9,82.3,NORMAL,Y,0.0,17.583001328021258,30.0,0.0,0.0,15,0.0,4.708628162931986,0.0,25,0.0,20,5.217391304347611,0.0,N,,N,
06:38,ADANIPOWER,17388,205.35,-1.75,3.49,,44.4,77.5,NORMAL,Y,0.0,17.464114832535913,30.0,0.0,0.0,15,0.0,0.0,0.0,25,0.0,20,14.444444444444533,0.0,N,,N,
06:38,MANAPPURAM,19061,353.75,-1.74,3.47,,30.0,86.6,NORMAL,Y,0.0,17.36111111111111,30.0,0.0,0.0,15,0.0,0.0,0.0,25,0.0,20,0.0,9.230769230769903,N,,N,
06:38,BECTORFOOD,1628,236.46,-1.73,3.46,,75.0,59.7,NORMAL,N,0.0,17.28867093342198,30.0,0.0,0.0,15,0.0,7.378919512057126,25,0.0,0.0,20,12.586206896551584,0.0,N,,N,
06:38,ZENSARTECH,1076,491.95,-1.73,3.46,,41.3,77.8,NORMAL,Y,0.0,17.2792648821415,30.0,0.0,0.0,15,0.0,0.5055064092945832,0.0,25,0.0,20,10.769230769230905,0.0,N,,N,
06:38,ASAHIINDIA,5378,886.15,-1.72,3.44,,36.2,80.3,NORMAL,Y,0.0,17.19070592802085,30.0,0.0,0.0,15,0.0,3.142796512120881,0.0,25,0.0,20,3.076923076923884,0.0,N,,N,
06:38,NBCC,31415,91.26,-2.71,5.42,,35.0,87.1,NORMAL,Y,0.0,27.07889125799565,30.0,0.0,0.0,15,0.0,0.0,0.0,25,0.0,20,5.0,0.0,N,,N,
06:38,PCBL,2649,316.75,-1.68,3.35,,30.2,90.3,NORMAL,Y,0.0,16.76237777432866,30.0,0.0,0.0,15,0.0,0.23710229342063,0.0,25,0.0,20,0.0,13.333333333333332,N,,N,
06:38,SANGAMIND,4184,572.2,-1.68,3.35,,75.0,51.8,NORMAL,Y,0.0,16.754016668098632,30.0,0.0,0.0,15,0.0,0.0,25,0.0,0.0,20,20.0,0.0,N,,N,
06:38,TATACONSUM,3432,1060.0,-1.67,3.34,,34.6,95.6,NORMAL,Y,0.0,16.697588126159555,30.0,0.0,0.0,15,0.0,4.613983969600147,0.0,25,0.0,20,0.0,14.285714285715677,N,,N,
06:38,MOREPENLAB,2259,74.85,-2.65,5.31,,41.8,94.6,NORMAL,N,0.0,26.531408505657517,30.0,0.0,0.0,15,0.0,8.054315578955942,0.0,25,0.0,20,3.7500000000000555,0.0,N,,N,
06:38,NEWGEN,1164,545.95,-1.65,3.3,,55.0,58.2,NORMAL,Y,0.0,16.483516483516443,30.0,0.0,0.0,15,0.0,0.0,25,0.0,0.0,20,0.0,6.666666666664982,N,,N,
06:38,MARICO,4067,840.95,-1.64,3.29,,30.0,82.7,NORMAL,Y,0.0,16.432748538011644,30.0,0.0,0.0,15,0.0,0.0,0.0,25,0.0,20,0.0,6.250000000000355,N,,N,
06:38,RALLIS,2816,208.04,-1.64,3.27,,66.6,53.2,NORMAL,Y,0.0,16.359338061465756,30.0,0.0,0.0,15,0.0,1.8593700974812999,25,0.0,0.0,20,9.696969696969958,0.0,N,,N,
06:38,PRAJIND,2705,324.55,-1.62,3.24,,34.0,76.2,NORMAL,N,0.0,16.217035465292412,30.0,0.0,0.0,15,0.0,0.0,0.0,25,0.0,20,4.0000000000009095,0.0,N,,N,
06:38,NELCO,2388,979.1,-1.61,3.22,,55.0,67.5,NORMAL,N,0.0,16.0787860516531,30.0,0.0,0.0,15,0.0,0.0,25,0.0,0.0,20,0.0,16.470588235294514,N,,N,
06:38,DEEPAKNTR,19943,1738.6,-2.59,5.18,,55.0,70.3,NORMAL,N,0.0,25.88525324966385,30.0,0.0,0.0,15,0.0,0.0,25,0.0,0.0,20,0.0,9.411764705881566,N,,N,
06:38,KEC,13260,443.6,-1.59,3.17,,39.8,80.6,NORMAL,Y,0.0,15.862451469772548,30.0,0.0,0.0,15,0.0,4.7767123715112865,0.0,25,0.0,20,5.000000000001066,0.0,N,,N,
06:38,WESTLIFE,11580,574.25,-1.58,3.15,,43.5,77.7,NORMAL,N,0.0,15.76827491644536,30.0,0.0,0.0,15,0.0,1.9141520724735694,0.0,25,0.0,20,11.578947368420927,0.0,N,,N,
06:38,DABUR,772,406.2,-1.56,3.13,,45.1,75.7,NORMAL,Y,0.0,15.630679752817128,30.0,0.0,0.0,15,0.0,0.06469412227842555,0.0,25,0.0,20,15.000000000000473,0.0,N,,N,
06:38,GANESHHOU,14339,752.05,-1.56,3.12,,62.7,58.2,NORMAL,Y,0.0,15.57693566332887,30.0,0.0,0.0,15,0.0,7.651154661278723,25,0.0,0.0,20,0.0,0.0,N,,N,
06:38,SONATSOFTW,6596,328.7,-1.56,3.11,,60.5,69.4,NORMAL,N,0.0,15.573525007487238,30.0,0.0,0.0,15,0.0,5.49135790253455,25,0.0,0.0,20,0.0,13.333333333333332,N,,N,
06:38,METROPOLIS,9581,557.45,-1.55,3.11,,33.0,81.1,NORMAL,Y,0.0,15.540838852097048,30.0,0.0,0.0,15,0.0,3.038124084770535,0.0,25,0.0,20,0.0,2.5000000000003553,N,,N,
06:38,RAMKY,20134,390.15,-1.54,3.08,,61.7,77.1,NORMAL,Y,0.0,15.394321766561571,30.0,0.0,0.0,15,0.0,6.719610163724362,25,0.0,0.0,20,0.0,20.0,N,,N,
06:38,CENTURYPLY,13305,764.5,-1.53,3.07,,41.5,78.8,NORMAL,Y,0.0,15.32715095311692,30.0,0.0,0.0,15,0.0,3.5028267361919276,0.0,25,0.0,20,7.999999999999545,0.0,N,,N,
06:38,JUBLFOOD,18096,480.75,-1.53,3.05,,66.6,53.3,NORMAL,N,0.0,15.260139287177363,30.0,0.0,0.0,15,0.0,3.021625726701386,25,0.0,0.0,20,8.571428571428262,0.0,N,,N,
06:38,WOCKPHARMA,7506,1861.5,-2.51,5.02,,62.6,63.3,NORMAL,Y,0.0,25.086414580496537,30.0,0.0,0.0,15,0.0,3.24759464158228,25,0.0,0.0,20,4.347826086956465,0.0,N,,N,
06:38,TATAPOWER,3426,374.3,-1.5,3.0,,44.2,81.5,NORMAL,Y,0.0,14.999999999999968,30.0,0.0,0.0,15,0.0,6.475732603682355,0.0,25,0.0,20,7.692307692307625,0.0,N,,N,
06:38,JSWENERGY,17869,554.6,-1.49,2.98,,35.1,87.4,NORMAL,Y,0.0,14.92007104795733,30.0,0.0,0.0,15,0.0,5.141678170694818,0.0,25,0.0,20,0.0,7.368421052631705,N,,N,
06:38,KIRIINDUS,16639,420.4,-1.48,2.95,,30.5,95.2,NORMAL,N,0.0,14.764471525662083,30.0,0.0,0.0,15,0.0,0.4585920733015788,0.0,25,0.0,20,0.0,20.0,N,,N,
06:38,FDC,4898,355.6,-1.47,2.94,,48.1,100.9,NORMAL,Y,0.0,14.685508451094362,30.0,0.0,0.0,15,0.0,18.08176653932303,0.0,25,0.0,20,0.0,8.181818181817807,N,,N,
06:38,DIAMONDYD,21840,1190.2,-1.43,2.87,,43.2,107.5,NORMAL,N,0.0,14.32712215320907,30.0,0.0,0.0,15,0.0,13.17876547015024,0.0,25,0.0,20,0.0,20.0,N,,N,
06:38,IEX,220,124.21,-1.42,2.84,,34.3,75.6,NORMAL,Y,0.0,14.206349206349257,30.0,0.0,0.0,15,0.0,1.4422054621606453,0.0,25,0.0,20,2.8571428571428568,0.0,N,,N,
06:38,MAITHANALL,24538,991.5,-1.4,2.8,,57.5,71.2,NORMAL,N,0.0,14.021479713603842,30.0,0.0,0.0,15,0.0,2.4684638780574244,25,0.0,0.0,20,0.0,19.70149253731303,N,,N,
06:38,TRITURBINE,25584,592.0,-1.39,2.78,,58.4,49.0,NORMAL,Y,0.0,13.908553343882772,30.0,0.0,0.0,15,0.0,0.07724622294822245,25,0.0,0.0,20,3.333333333333965,0.0,N,,N,
06:38,360ONE,13061,1151.9,-1.38,2.76,,81.1,28.8,NORMAL,N,0.0,13.78424657534239,30.0,0.0,0.0,15,0.0,0.0,25,0.0,20,0.0,6.086956521739044,0.0,N,,N,
06:38,EIDPARRY,916,777.75,-1.36,2.73,,55.0,57.2,NORMAL,Y,0.0,13.633481293595434,30.0,0.0,0.0,15,0.0,0.0,25,0.0,0.0,20,0.0,8.571428571426715,N,,N,
06:38,KIMS,4847,802.05,-1.35,2.71,,39.8,80.0,NORMAL,Y,0.0,13.529303240883094,30.0,0.0,0.0,15,0.0,6.426249508684634,0.0,25,0.0,20,3.333333333333965,0.0,N,,N,
06:38,LODHA,3220,1195.7,-1.34,2.69,,48.6,104.7,NORMAL,Y,0.0,13.44884488448841,30.0,0.0,0.0,15,0.0,18.641543190877893,0.0,25,0.0,20,0.0,12.615384615385034,N,,N,
06:38,GULFOILLUB,4391,1173.8,-1.34,2.69,,62.1,48.4,NORMAL,N,0.0,13.447638258530844,30.0,0.0,0.0,15,0.0,0.0,25,0.0,0.0,20,7.058823529410506,0.0,N,,N,
06:38,WHIRLPOOL,18011,784.55,-1.32,2.64,,48.0,73.2,NORMAL,Y,0.0,13.206716558707,30.0,0.0,0.0,15,0.0,0.0,0.0,25,0.0,20,18.00000000000182,0.0,N,,N,
06:38,ITDC,19299,667.9,-1.29,2.59,,30.0,79.9,NORMAL,Y,0.0,12.931352988989877,30.0,0.0,0.0,15,0.0,0.0,0.0,25,0.0,20,0.0,6.923076923077865,N,,N,
06:38,LXCHEM,2841,172.67,-1.27,2.54,,30.0,82.7,NORMAL,Y,0.0,12.69369317856938,30.0,0.0,0.0,15,0.0,0.0,0.0,25,0.0,20,0.0,9.999999999999252,N,,N,
06:38,BEL,383,400.7,-1.27,2.54,,51.3,78.6,NORMAL,N,0.0,12.689417272391362,30.0,0.0,0.0,15,0.0,5.911114652229718,0.0,25,0.0,20,15.384615384615923,0.0,N,,N,
06:38,SCHNEIDER,31234,1385.7,-1.25,2.51,,30.0,72.5,NORMAL,N,0.0,12.54186560250831,30.0,0.0,0.0,15,0.0,0.0,0.0,25,0.0,20,0.0,0.0,N,,N,
06:38,EBGNG,757862,565.45,-1.24,2.48,,55.0,51.7,NORMAL,N,0.0,12.40066369749351,30.0,0.0,0.0,15,0.0,0.0,25,0.0,0.0,20,0.0,4.347826086956608,N,,N,
06:38,THYROCARE,17032,641.4,-1.22,2.45,,57.0,47.2,NORMAL,N,0.0,12.243012243012313,30.0,0.0,0.0,15,0.0,0.0,25,0.0,0.0,20,1.9999999999996967,0.0,N,,N,
06:38,ETERNAL,5097,314.15,-1.21,2.42,,40.0,72.1,NORMAL,N,0.0,12.106918238993782,30.0,0.0,0.0,15,0.0,0.0,0.0,25,0.0,20,9.999999999998105,0.0,N,,N,
06:38,GODREJPROP,17875,1993.1,-2.2,4.4,,41.8,85.9,NORMAL,Y,0.0,21.983414299033406,30.0,0.0,0.0,15,0.0,3.9539516498577223,0.0,25,0.0,20,7.857142857142335,0.0,N,,N,
06:38,ROUTE,128,523.75,-1.2,2.4,,30.9,92.9,NORMAL,Y,0.0,11.978871910960239,30.0,0.0,0.0,15,0.0,0.8980532889328081,0.0,25,0.0,20,0.0,20.0,N,,N,
06:38,HCG,15555,730.15,-1.19,2.38,,58.2,47.3,NORMAL,N,0.0,11.908789498612988,30.0,0.0,0.0,15,0.0,0.3658499584775131,25,0.0,0.0,20,2.8571428571433213,0.0,N,,N,
06:38,JINDALSAW,3024,270.3,-1.19,2.38,,35.7,78.6,NORMAL,N,0.0,11.88082617437397,30.0,0.0,0.0,15,0.0,5.697728691350934,0.0,25,0.0,20,0.0,1.0526315789475573,N,,N,
06:38,SHILPAMED,17752,810.0,-1.18,2.37,,45.5,96.6,NORMAL,N,0.0,11.833597657679693,30.0,0.0,0.0,15,0.0,15.505348763093096,0.0,25,0.0,20,0.0,9.256198347107357,N,,N,
06:38,PDSL,5264,372.05,-1.18,2.36,,87.7,26.8,NORMAL,N,0.0,11.819389110225732,30.0,0.0,0.0,15,0.0,0.0,25,0.0,20,0.0,12.727272727273292,0.0,N,,N,
06:38,IREDA,20261,117.3,-1.18,2.36,,41.7,75.5,NORMAL,Y,0.0,11.794439764111253,30.0,0.0,0.0,15,0.0,3.662296056442487,0.0,25,0.0,20,7.999999999999716,0.0,N,,N,
06:38,SUPREMEIND,3363,3419.0,-2.17,4.35,,84.4,39.7,NORMAL,Y,0.0,21.745350500715304,30.0,0.0,0.0,15,0.0,2.9484089831125293,25,0.0,20,0.0,6.451612903225996,0.0,N,,N,
06:38,SWANCORP,27095,307.6,-1.17,2.35,,31.6,73.4,NORMAL,Y,0.0,11.726907630522014,30.0,0.0,0.0,15,0.0,1.640283742282014,0.0,25,0.0,20,0.0,0.0,N,,N,
06:38,RITES,3761,224.07,-1.15,2.29,,44.0,73.8,NORMAL,N,0.0,11.470419552653613,30.0,0.0,0.0,15,0.0,2.324411492293867,0.0,25,0.0,20,11.707317073171273,0.0,N,,N,
06:38,PRINCEPIPE,16045,267.95,-1.14,2.29,,57.2,46.4,NORMAL,Y,0.0,11.437004242759723,30.0,0.0,0.0,15,0.0,0.0,25,0.0,0.0,20,2.2222222222227836,0.0,N,,N,
06:38,SAREGAMA,4892,523.05,-1.14,2.29,,77.5,49.0,NORMAL,N,0.0,11.434511434511561,30.0,0.0,0.0,15,0.0,2.5417954242242047,25,0.0,0.0,20,20.0,0.0,N,,N,
06:38,PFC,14299,376.65,-1.14,2.28,,54.6,82.3,NORMAL,Y,0.0,11.417322834645729,30.0,0.0,0.0,15,0.0,10.838069665007913,0.0,25,0.0,20,13.79310344827597,0.0,N,,N,
06:38,LTF,24948,311.8,-1.14,2.28,,60.8,47.9,NORMAL,Y,0.0,11.41407736207979,30.0,0.0,0.0,15,0.0,1.518218053317521,25,0.0,0.0,20,4.285714285715329,0.0,N,,N,
06:38,RCF,2866,124.12,-1.14,2.28,,36.6,73.6,NORMAL,Y,0.0,11.389884508164018,30.0,0.0,0.0,15,0.0,2.170897927387077,0.0,25,0.0,20,4.444444444443391,0.0,N,,N,
06:38,WIPRO,3787,182.52,-1.13,2.25,,45.1,97.5,NORMAL,N,0.0,11.26760563380273,30.0,0.0,0.0,15,0.0,15.090133522390003,0.0,25,0.0,20,0.0,11.14754098360642,N,,N,
06:38,MUKANDLTD,11325,139.03,-1.12,2.25,,80.0,71.8,NORMAL,N,0.0,11.236754142664193,30.0,0.0,0.0,15,0.0,25.0,25,0.0,0.0,20,0.0,0.5797101449274228,N,,N,
06:38,JKIL,15266,492.05,-1.12,2.23,,40.0,71.2,NORMAL,Y,0.0,11.153536977491983,30.0,0.0,0.0,15,0.0,0.0,0.0,25,0.0,20,10.0,0.0,N,,N,
06:38,JTEKTINDIA,3237,139.61,-1.1,2.2,,34.0,71.0,NORMAL,N,0.0,10.980447718900416,30.0,0.0,0.0,15,0.0,0.0,0.0,25,0.0,20,3.999999999998863,0.0,N,,N,
06:38,IONEXCHANG,1630,376.75,-1.09,2.18,,33.9,89.1,NORMAL,Y,0.0,10.895248096613226,30.0,0.0,0.0,15,0.0,3.8893873158155547,0.0,25,0.0,20,0.0,14.285714285715677,N,,N,
06:38,HCLTECH,7229,1350.7,-1.08,2.15,,37.3,72.2,NORMAL,N,0.0,10.766075875201441,30.0,0.0,0.0,15,0.0,1.4222709161918003,0.0,25,0.0,20,5.882352941176313,0.0,N,,N,
06:38,HINDPETRO,1406,386.65,-1.07,2.15,,35.5,73.7,NORMAL,Y,0.0,10.74581041320211,30.0,0.0,0.0,15,0.0,2.9604831206293856,0.0,25,0.0,20,2.5000000000007105,0.0,N,,N,
06:38,ORIENTCEM,30089,132.7,-1.07,2.13,,56.7,77.4,NORMAL,Y,0.0,10.661298740028382,30.0,0.0,0.0,15,0.0,6.6931663973235676,0.0,25,0.0,20,20.0,0.0,Y,NONRESULTS,N,
06:38,ROSSARI,19410,499.55,-1.06,2.12,,55.0,45.6,NORMAL,Y,0.0,10.596157654981116,30.0,0.0,0.0,15,0.0,0.0,25,0.0,0.0,20,0.0,0.0,N,,N,
06:38,RGL,15129,113.99,-1.05,2.1,,75.0,25.5,NORMAL,Y,0.0,10.503472222222289,30.0,0.0,0.0,15,0.0,0.0,25,0.0,20,0.0,0.0,0.0,N,,N,
06:38,DELHIVERY,9599,468.5,-1.05,2.09,,78.6,52.9,NORMAL,Y,0.0,10.455169500475211,30.0,0.0,0.0,15,0.0,7.405481305071357,25,0.0,0.0,20,16.153846153846892,0.0,N,,N,
06:38,GARFIBRES,1100,778.2,-1.04,2.09,,79.0,50.4,NORMAL,N,0.0,10.427263479145386,30.0,0.0,0.0,15,0.0,4.962844984520733,25,0.0,0.0,20,19.016393442622377,0.0,N,,N,
06:38,MOTILALOFS,14947,879.0,-1.01,2.03,,68.1,46.1,NORMAL,Y,0.0,10.135135135135137,30.0,0.0,0.0,15,0.0,0.9774360869298069,25,0.0,0.0,20,12.142857142857666,0.0,N,,N,
06:38,ACC,22,1326.3,-1.01,2.02,,42.8,73.3,NORMAL,Y,0.0,10.07613076578594,30.0,0.0,0.0,15,0.0,3.192703020046444,0.0,25,0.0,20,9.600000000000364,0.0,N,,N,
06:38,MUNJALAU,13511,101.01,-0.99,1.98,,30.1,90.3,NORMAL,Y,0.0,9.900019603999127,29.70005881199738,0.0,0.0,15,0.0,0.4238763724018293,0.0,25,0.0,20,0.0,20.0,N,,N,
06:38,GAIL,4717,173.61,-0.99,1.97,,30.9,71.2,NORMAL,Y,0.0,9.866544998288981,29.599634994866943,0.0,0.0,15,0.0,1.3415457497180372,0.0,25,0.0,20,0.0,0.0,N,,N,
06:38,PURVA,14922,210.24,-0.97,1.95,,74.2,44.7,NORMAL,Y,0.0,9.749894022891022,29.249682068673067,0.0,0.0,15,0.0,0.0,25,0.0,0.0,20,20.0,0.0,N,,N,
06:38,CROMPTON,17094,243.05,-0.96,1.92,,49.8,78.4,NORMAL,Y,0.0,9.576202118989382,28.728606356968147,0.0,0.0,15,0.0,8.776684960682116,0.0,25,0.0,20,12.307692307692374,0.0,N,,N,
06:38,MAHLOG,385,405.45,-0.95,1.91,,30.1,74.2,NORMAL,N,0.0,9.527299377061277,28.581898131183834,0.0,0.0,15,0.0,1.5198523079885953,0.0,25,0.0,20,0.0,3.1578947368416643,N,,N,
06:38,RBLBANK,18391,386.0,-0.95,1.9,,28.6,69.6,NORMAL,N,0.0,9.494482935591453,28.483448806774355,0.0,0.0,15,0.0,0.15314407025748428,0.0,25,0.0,20,0.0,0.0,N,,N,
06:38,TATACOMM,3721,1712.1,-1.95,3.89,,31.4,100.9,NORMAL,Y,0.0,19.4719660958708,30.0,0.0,0.0,15,0.0,1.4402942461466635,0.0,25,0.0,20,0.0,20.0,N,,N,
06:39,RAINBOW,9408,1489.9,-0.94,1.89,,53.3,44.4,NORMAL,Y,0.0,9.440861644837325,28.322584934511973,0.0,0.0,15,0.0,0.0,25,0.0,0.0,20,0.0,0.0,N,,N,
06:39,HDFCBANK,1333,722.15,-0.94,1.88,,48.2,69.4,NORMAL,Y,0.0,9.396433470507578,28.18930041152273,0.0,0.0,15,0.0,0.0,0.0,25,0.0,20,20.0,0.0,N,,N,
06:39,TREJHARA,7518,164.0,-0.93,1.86,,52.9,44.3,NORMAL,N,0.0,9.30288751963267,27.90866255889801,0.0,0.0,15,0.0,0.0,25,0.0,0.0,20,0.0,0.0,N,,N,
06:39,NAUKRI,13751,1347.4,-0.93,1.85,,52.8,52.6,NORMAL,N,0.0,9.264705882352875,27.794117647058624,0.0,0.0,15,0.0,0.0,25,0.0,0.0,20,0.0,8.333333333333018,N,,N,
06:39,MPHASIS,4503,2481.4,-1.92,3.84,,30.0,87.0,NORMAL,N,0.0,19.209486166007867,30.0,0.0,0.0,15,0.0,0.0,0.0,25,0.0,20,0.0,7.8260869565219116,N,,N,
06:39,CYIENT,5748,845.6,-0.91,1.83,,27.4,80.1,NORMAL,Y,0.0,9.13991094445741,27.419732833372233,0.0,0.0,15,0.0,0.0,0.0,25,0.0,20,0.0,10.967741935483682,N,,N,
06:39,RECLTD,15355,341.55,-0.91,1.83,,92.7,29.0,NORMAL,Y,0.0,9.138381201044322,27.415143603132965,0.0,0.0,15,0.0,4.872517753301367,25,0.0,20,0.0,15.454545454545547,0.0,N,,N,
06:39,JIOFIN,18143,250.45,-0.91,1.82,,59.0,44.1,NORMAL,N,0.0,9.099901088031697,27.29970326409509,0.0,0.0,15,0.0,0.0,25,0.0,0.0,20,6.666666666666035,0.0,N,,N,
06:39,ATGL,6066,660.1,-0.91,1.82,,52.2,57.4,NORMAL,Y,0.0,9.082038579899356,27.246115739698066,0.0,0.0,15,0.0,0.0,25,0.0,0.0,20,0.0,13.333333333333332,N,,N,
06:39,RELIANCE,2885,1311.9,-0.91,1.81,,53.8,45.6,NORMAL,N,0.0,9.06412871062769,27.19238613188307,0.0,0.0,15,0.0,1.5731311324201203,25,0.0,0.0,20,0.0,0.0,N,,N,
06:39,BAJFINANCE,317,1083.4,-0.91,1.81,,27.2,74.8,NORMAL,Y,0.0,9.05515412055233,27.165462361656992,0.0,0.0,15,0.0,0.0,0.0,25,0.0,20,0.0,5.714285714288499,N,,N,
06:39,HDBFS,757772,686.85,-0.9,1.8,,33.4,69.0,NORMAL,Y,0.0,9.017457798297503,27.05237339489251,0.0,0.0,15,0.0,0.0,0.0,25,0.0,20,6.315789473683706,0.0,N,,N,
06:39,TITAGARH,15414,837.2,-0.9,1.8,,54.6,44.0,NORMAL,Y,0.0,8.996212121212015,26.98863636363604,0.0,0.0,15,0.0,0.0,25,0.0,0.0,20,2.6086956521735694,0.0,N,,N,
06:39,XCHANGING,11705,67.15,-1.88,3.77,,30.1,78.9,NORMAL,N,0.0,18.84862653419042,30.0,0.0,0.0,15,0.0,0.05641575357931021,0.0,25,0.0,20,0.0,0.0,N,,N,
06:39,COALINDIA,20374,408.95,-0.88,1.77,,31.8,71.3,NORMAL,Y,0.0,8.846340281144048,26.53902084343214,0.0,0.0,15,0.0,2.438421968306832,0.0,25,0.0,20,2.857142857143785,0.0,N,,N,
06:39,UCAL,3570,116.61,-0.88,1.77,,71.5,23.8,NORMAL,Y,0.0,8.839779005524914,26.519337016574745,0.0,0.0,15,0.0,0.0,25,0.0,20,0.0,0.0,0.0,N,,N,
06:39,SHRIRAMFIN,4306,1120.0,-0.88,1.75,,31.3,68.8,NORMAL,N,0.0,8.761837330737315,26.285511992211944,0.0,0.0,15,0.0,0.0,0.0,25,0.0,20,4.999999999999052,0.0,N,,N,
06:39,TIMKEN,14198,3222.3,-1.88,3.75,,60.3,61.6,NORMAL,N,0.0,18.75818386674378,30.0,0.0,0.0,15,0.0,5.325437149021775,25,0.0,0.0,20,0.0,2.5,N,,N,
06:39,BANCOINDIA,13880,628.35,-0.87,1.74,,27.7,75.9,NORMAL,Y,0.0,8.67713181352055,26.031395440561646,0.0,0.0,15,0.0,1.6433825043349855,0.0,25,0.0,20,0.0,5.555555555555696,N,,N,
06:39,JUSTDIAL,29962,689.0,-0.86,1.71,,35.9,70.7,NORMAL,Y,0.0,8.561767033599605,25.68530110079881,0.0,0.0,15,0.0,2.1216712447021315,0.0,25,0.0,20,8.1249999999996,0.0,N,,N,
06:39,INDHOTEL,1512,717.85,-0.85,1.7,,25.5,88.5,NORMAL,Y,0.0,8.494475138121516,25.483425414364547,0.0,0.0,15,0.0,0.0,0.0,25,0.0,20,0.0,20.0,N,,Y,NONRESULTS
06:39,M&MFIN,13285,395.45,-0.84,1.68,,30.3,74.9,NORMAL,N,0.0,8.400200601805473,25.20060180541642,0.0,0.0,15,0.0,5.055459453437725,0.0,25,0.0,20,0.0,1.4285714285717765,N,,N,
06:39,KPRMILL,14912,1087.3,-0.84,1.68,,55.0,57.0,NORMAL,N,0.0,8.390332877337023,25.17099863201107,0.0,0.0,15,0.0,4.840138806442344,25,0.0,0.0,20,0.0,8.749999999999822,N,,N,
06:39,SUPRAJIT,11689,526.85,-0.83,1.66,,69.8,43.3,NORMAL,N,0.0,8.282352941176429,24.847058823529284,0.0,0.0,15,0.0,0.0,25,0.0,0.0,20,20.0,0.0,N,,N,
06:39,SESHAPAPER,3066,231.08,-0.82,1.65,,24.7,88.2,NORMAL,N,0.0,8.240343347639431,24.721030042918294,0.0,0.0,15,0.0,0.0,0.0,25,0.0,20,0.0,20.0,N,,N,
06:39,POONAWALLA,11403,483.2,-0.82,1.64,,55.4,46.4,NORMAL,N,0.0,8.210180623973727,24.63054187192118,0.0,0.0,15,0.0,3.22319906797893,25,0.0,0.0,20,2.5000000000007105,0.0,N,,N,
06:39,HAVELLS,9819,1264.0,-0.82,1.63,,35.1,70.8,NORMAL,N,0.0,8.160703075957386,24.482109227872154,0.0,0.0,15,0.0,2.619285904423757,0.0,25,0.0,20,7.999999999998787,0.0,N,,N,
06:39,PUNJABCHEM,4344,1095.0,-0.82,1.63,,24.5,68.2,NORMAL,Y,0.0,8.152173913043478,24.456521739130434,0.0,0.0,15,0.0,0.0,0.0,25,0.0,20,0.0,0.0,N,,N,
06:39,TATAINVEST,1621,683.15,-0.81,1.63,,49.4,44.7,NORMAL,N,0.0,8.13067150635212,24.39201451905636,0.0,0.0,15,0.0,0.0,25,0.0,0.0,20,0.0,1.6000000000003638,N,,N,
06:39,SHREEPUSHK,10588,410.25,-0.81,1.62,,49.3,43.1,NORMAL,N,0.0,8.099613152804697,24.29883945841409,0.0,0.0,15,0.0,0.0,25,0.0,0.0,20,0.0,0.0,N,,Y,NONRESULTS
06:39,GENUSPOWER,11905,303.15,-0.79,1.57,,23.6,81.2,NORMAL,Y,0.0,7.854688267059512,23.564064801178535,0.0,0.0,15,0.0,0.015472155102245044,0.0,25,0.0,20,0.0,13.333333333334176,N,,N,
06:39,ANTHEM,757885,884.75,-0.77,1.55,,60.9,45.4,NORMAL,N,0.0,7.738462401166352,23.215387203499056,0.0,0.0,15,0.0,2.7095830423238345,25,0.0,0.0,20,10.0,0.0,N,,N,
06:39,RAYMOND,2859,619.5,-0.77,1.54,,82.8,45.6,NORMAL,N,0.0,7.688611244593872,23.065833733781616,0.0,0.0,15,0.0,14.699267266208874,25,0.0,20,0.0,0.0,8.196721311475532,N,,N,
06:39,SOUTHWEST,9678,226.48,-0.77,1.53,,30.0,73.8,NORMAL,Y,0.0,7.66770363230075,23.00311089690225,0.0,0.0,15,0.0,6.171033720663672,0.0,25,0.0,20,0.8695652173929163,0.0,N,,N,
06:39,KOTAKBANK,1922,389.9,-0.76,1.53,,67.9,22.6,NORMAL,Y,0.0,7.635530669381521,22.906592008144564,0.0,0.0,15,0.0,0.0,25,0.0,20,0.0,0.0,0.0,N,,N,
06:39,LLOYDSENGG,17801,91.4,-1.76,3.53,,30.0,79.0,NORMAL,Y,0.0,17.626827171109205,30.0,0.0,0.0,15,0.0,0.0,0.0,25,0.0,20,0.0,1.3333333333340913,N,,N,
06:39,SHARDACROP,4992,800.25,-0.76,1.53,,42.2,72.9,NORMAL,Y,0.0,7.626488095238068,22.879464285714203,0.0,0.0,15,0.0,5.292133014803159,0.0,25,0.0,20,14.00000000000091,0.0,N,,N,
06:39,POLICYBZR,6656,1702.5,-1.76,3.52,,55.0,61.7,NORMAL,N,0.0,17.599538372763995,30.0,0.0,0.0,15,0.0,0.0,25,0.0,0.0,20,0.0,9.090909090908903,N,,N,
06:39,RVNL,9552,228.28,-0.75,1.5,,62.9,49.7,NORMAL,Y,0.0,7.478260869565212,22.434782608695638,0.0,0.0,15,0.0,7.178690791437966,25,0.0,0.0,20,8.29268292682942,0.0,N,,N,
06:39,ENGINERSIN,4907,241.19,-0.74,1.48,,22.2,69.5,NORMAL,N,0.0,7.407712251533032,22.223136754599096,0.0,0.0,15,0.0,0.0,0.0,25,0.0,20,0.0,2.0689655172415145,N,,N,
06:39,SAFARI,13035,1489.1,-0.74,1.48,,54.2,53.0,NORMAL,Y,0.0,7.399013464871442,22.197040394614323,0.0,0.0,15,0.0,7.005476881739435,25,0.0,0.0,20,0.0,3.5555555555553537,N,,N,
06:39,J&KBANK,5633,155.7,-0.74,1.48,,26.3,87.0,NORMAL,Y,0.0,7.3951294147649165,22.185388244294753,0.0,0.0,15,0.0,4.151058240060754,0.0,25,0.0,20,0.0,15.471698113207387,N,,N,
06:39,NCC,2319,143.7,-0.73,1.46,,47.0,60.5,NORMAL,N,0.0,7.322464769273296,21.967394307819887,0.0,0.0,15,0.0,0.0,25,0.0,0.0,20,0.0,18.18181818181959,N,,N,
06:39,ITC,1660,277.0,-0.72,1.43,,21.5,67.2,NORMAL,Y,0.0,7.168458781362007,21.50537634408602,0.0,0.0,15,0.0,0.0,0.0,25,0.0,20,0.0,0.0,N,,N,
06:39,ABCAPITAL,21614,404.25,-0.71,1.42,,21.4,72.1,NORMAL,Y,0.0,7.12268205820945,21.36804617462835,0.0,0.0,15,0.0,0.0,0.0,25,0.0,20,0.0,5.000000000001421,N,,N,
06:39,JAMNAAUTO,20778,124.62,-0.71,1.42,,21.3,70.2,NORMAL,Y,0.0,7.091068440761696,21.27320532228509,0.0,0.0,15,0.0,0.0,0.0,25,0.0,20,0.0,3.076923076922236,N,,N,
06:39,ICICIPRULI,18652,497.95,-0.71,1.42,,41.2,47.1,NORMAL,Y,0.0,7.078763708873402,21.236291126620205,0.0,0.0,15,0.0,0.0,0.0,25,20,0.0,0.0,0.0,N,,N,
06:39,WABAG,20188,1916.8,-1.71,3.42,,35.6,77.1,NORMAL,Y,0.0,17.076047382185507,30.0,0.0,0.0,15,0.0,0.0,0.0,25,0.0,20,5.555555555555696,0.0,N,,N,
06:39,VISAKAIND,4221,98.5,-1.71,3.41,,33.7,88.7,NORMAL,N,0.0,17.064165252968706,30.0,0.0,0.0,15,0.0,3.684983623124468,0.0,25,0.0,20,0.0,8.000000000000163,N,,N,
06:39,QUICKHEAL,13131,150.3,-0.7,1.4,,21.0,67.0,NORMAL,Y,0.0,7.003171247357309,21.009513742071924,0.0,0.0,15,0.0,0.0,0.0,25,0.0,20,0.0,0.0,N,,N,
06:39,HDFCLIFE,467,532.35,-0.68,1.36,,25.3,67.2,NORMAL,Y,0.0,6.809701492537271,20.429104477611812,0.0,0.0,15,0.0,0.3907408631161188,0.0,25,0.0,20,4.444444444445006,0.0,N,,N,
06:39,ADANIENT,25,2945.5,-1.67,3.34,,45.9,76.7,NORMAL,Y,0.0,16.691704223001167,30.0,0.0,0.0,15,0.0,0.0,0.0,25,0.0,20,15.89743589743506,0.0,N,,N,
06:39,LUMAXTECH,14014,2041.7,-1.67,3.33,,55.0,58.1,NORMAL,N,0.0,16.664258536820373,30.0,0.0,0.0,15,0.0,0.0,25,0.0,0.0,20,0.0,6.45161290322576,N,,N,
06:39,CANFINHOME,583,820.4,-0.67,1.33,,65.0,21.7,NORMAL,Y,0.0,6.659401864632523,19.978205593897567,0.0,0.0,15,0.0,0.0,25,0.0,20,0.0,0.0,0.0,N,,Y,NONRESULTS
06:39,NESCO,15409,1041.5,-0.65,1.3,,65.0,34.9,NORMAL,Y,0.0,6.48669274062764,19.46007822188292,0.0,0.0,15,0.0,0.538447983436199,25,0.0,20,0.0,0.0,12.857142857143323,N,,N,
06:39,TORNTPOWER,13786,1321.8,-0.65,1.29,,60.2,45.0,NORMAL,Y,0.0,6.46422128683113,19.39266386049339,0.0,0.0,15,0.0,3.5483303088134117,25,0.0,0.0,20,12.222222222221522,0.0,N,,N,
06:39,NIITLTD,11522,93.89,-1.62,3.25,,47.5,76.2,NORMAL,Y,0.0,16.24056999161774,30.0,0.0,0.0,15,0.0,0.0,0.0,25,0.0,20,17.499999999998668,0.0,N,,N,
06:39,AXISBANK,5900,1222.2,-0.62,1.24,,26.9,66.2,NORMAL,Y,0.0,6.17986664498285,18.539599934948548,0.0,0.0,15,0.0,0.0,0.0,25,0.0,20,8.333333333333018,0.0,N,,N,
06:39,WAAREEENER,25907,2660.5,-1.61,3.22,,40.7,76.1,NORMAL,Y,0.0,16.087278106508876,30.0,0.0,0.0,15,0.0,0.0,0.0,25,0.0,20,10.714285714285019,0.0,N,,N,
06:39,JSWSTEEL,11723,1275.6,-0.61,1.22,,33.1,69.2,NORMAL,Y,0.0,6.077606358111408,18.232819074334223,0.0,0.0,15,0.0,3.0780002903868233,0.0,25,0.0,20,11.764705882352626,0.0,N,,N,
06:39,APTUS,5435,255.15,-0.6,1.21,,63.3,38.2,NORMAL,Y,0.0,6.038176860147967,18.1145305804439,0.0,0.0,15,0.0,0.22334963592100604,25,0.0,20,0.0,0.0,16.923076923077126,N,,N,
06:39,PIXTRANS,9087,1951.3,-1.6,3.2,,30.0,83.8,NORMAL,N,0.0,15.985879979828567,30.0,0.0,0.0,15,0.0,0.0,0.0,25,0.0,20,0.0,7.812500000000167,N,,N,
06:39,VINATIORGA,17364,1307.5,-0.59,1.19,,17.8,69.9,NORMAL,Y,0.0,5.930206036645598,17.790618109936794,0.0,0.0,15,0.0,0.0,0.0,25,0.0,20,0.0,4.000000000005457,N,,N,
06:39,AVANTIFEED,7936,854.75,-0.59,1.17,,66.3,30.7,NORMAL,Y,0.0,5.873458943940398,17.620376831821194,0.0,0.0,15,0.0,3.699407283124817,25,0.0,20,0.0,0.0,6.153846153847768,N,,N,
06:39,CAMPUS,9362,217.54,-0.58,1.17,,21.1,65.8,NORMAL,Y,0.0,5.849556713280327,17.548670139840983,0.0,0.0,15,0.0,0.0,0.0,25,0.0,20,3.571428571429369,0.0,N,,N,
06:39,NTPC,11630,336.5,-0.58,1.15,,27.7,70.5,NORMAL,Y,0.0,5.761560053183597,17.284680159550792,0.0,0.0,15,0.0,4.727735559980982,0.0,25,0.0,20,5.71428571428757,0.0,N,,N,
06:39,AEGISLOG,40,1290.2,-0.57,1.14,,33.4,100.3,NORMAL,Y,0.0,5.7028360049320765,17.108508014796232,0.0,0.0,15,0.0,16.329041262428316,0.0,25,0.0,20,0.0,18.274509803921532,N,,N,
06:39,VBL,18921,434.55,-0.56,1.12,,45.6,52.4,NORMAL,Y,0.0,5.606407322654436,16.81922196796331,0.0,0.0,15,0.0,3.778327524715456,25,0.0,0.0,20,0.0,8.000000000001819,N,,N,
06:39,UNITDSPR,10447,1524.8,-1.54,3.09,,57.8,64.2,NORMAL,N,0.0,15.432298056434488,30.0,0.0,0.0,15,0.0,7.750959020903226,0.0,25,20,0.0,0.0,0.9999999999990905,N,,N,
06:39,POWERMECH,10473,2404.8,-1.54,3.07,,30.0,86.1,NORMAL,Y,0.0,15.354379068910452,30.0,0.0,0.0,15,0.0,0.0,0.0,25,0.0,20,0.0,10.769230769231847,N,,N,
06:39,PARAS,5911,1277.2,-0.53,1.06,,22.6,65.3,NORMAL,N,0.0,5.2959501557632045,15.887850467289612,0.0,0.0,15,0.0,0.0,0.0,25,0.0,20,6.666666666666666,0.0,N,,N,
06:39,FINPIPE,1041,161.8,-0.53,1.06,,45.5,41.3,NORMAL,Y,0.0,5.287101930406893,15.861305791220676,0.0,0.0,15,0.0,0.966768863839828,25,0.0,0.0,20,3.6363636363629315,0.0,N,,N,
06:39,GICRE,277,353.85,-0.52,1.04,,15.6,65.2,NORMAL,Y,0.0,5.201012088838813,15.60303626651644,0.0,0.0,15,0.0,0.0,0.0,25,0.0,20,0.0,0.0,N,,N,
06:39,OBEROIRLTY,20242,1766.4,-1.52,3.03,,73.1,53.0,NORMAL,Y,0.0,15.165031222123002,30.0,0.0,0.0,15,0.0,2.8734184893571983,25,0.0,0.0,20,15.238095238095033,0.0,N,,N,
06:39,GOCOLORS,6964,321.4,-0.5,0.99,,39.9,40.0,NORMAL,Y,0.0,4.953560371517098,14.860681114551294,0.0,0.0,15,0.0,0.0,25,0.0,0.0,20,0.0,0.0,N,,N,
06:39,ANANTRAJ,13620,603.3,-0.49,0.97,,24.2,67.0,NORMAL,Y,0.0,4.865979381443374,14.597938144330122,0.0,0.0,15,0.0,2.145571277497046,0.0,25,0.0,20,7.499999999999526,0.0,N,,N,
06:39,SAKSOFT,11794,163.8,-0.49,0.97,,39.6,51.0,NORMAL,Y,0.0,4.860267314702205,14.580801944106616,0.0,0.0,15,0.0,0.0,25,0.0,0.0,20,0.0,11.111111111106899,N,,N,
06:39,LOTUSEYE,16807,119.2,-0.48,0.97,,14.5,64.8,NORMAL,N,0.0,4.842210719652682,14.526632158958048,0.0,0.0,15,0.0,0.0,0.0,25,0.0,20,0.0,0.0,N,,N,
06:39,GODFRYPHLP,1181,2192.1,-1.47,2.95,,39.5,74.7,NORMAL,N,0.0,14.742235606094736,30.0,0.0,0.0,15,0.0,0.0,0.0,25,0.0,20,9.508196721311915,0.0,N,,N,
06:39,POWERGRID,14977,266.7,-0.47,0.93,,46.4,52.8,NORMAL,Y,0.0,4.665049449524165,13.995148348572497,0.0,0.0,15,0.0,7.419372380885311,25,0.0,0.0,20,0.0,5.714285714284322,N,,N,
06:39,UBL,16713,1393.5,-0.46,0.93,,24.1,91.5,NORMAL,N,0.0,4.642857142857143,13.928571428571429,0.0,0.0,15,0.0,10.181197165236547,0.0,25,0.0,20,0.0,16.666666666662877,N,,N,
06:39,KRBL,10577,368.85,-0.46,0.92,,38.8,59.6,NORMAL,N,0.0,4.587774929159327,13.76332478747798,0.0,0.0,15,0.0,0.0,25,0.0,0.0,20,0.0,20.0,N,,N,
06:39,PHOENIXLTD,14552,1880.9,-1.46,2.91,,55.0,56.2,NORMAL,Y,0.0,14.564887095929143,30.0,0.0,0.0,15,0.0,0.0,25,0.0,0.0,20,0.0,6.666666666665223,N,,N,
06:39,DRREDDY,881,1199.5,-0.46,0.91,,66.7,19.6,NORMAL,N,0.0,4.564315352697096,13.692946058091287,0.0,0.0,15,0.0,0.0,25,0.0,20,0.0,8.000000000001819,0.0,N,,N,
06:39,KIRLOSENG,20936,2071.0,-1.45,2.9,,31.6,87.7,NORMAL,Y,0.0,14.513442778967406,30.0,0.0,0.0,15,0.0,1.5933651229234822,0.0,25,0.0,20,0.0,11.612903225806262,N,,N,
06:39,SWIGGY,27066,279.35,-0.41,0.82,,73.7,24.4,NORMAL,N,0.0,4.09982174688049,12.299465240641469,0.0,0.0,15,0.0,5.309351553262133,25,0.0,20,0.0,11.111111111111391,0.0,N,,N,
06:39,TEXRAIL,21828,106.91,-0.4,0.8,,55.8,39.0,NORMAL,Y,0.0,4.005962362586238,12.017887087758714,0.0,0.0,15,0.0,0.0,25,0.0,0.0,20,18.823529411764113,0.0,N,,N,
06:39,TTKPRESTIG,3546,587.75,-0.37,0.75,,37.6,53.5,NORMAL,Y,0.0,3.729129587253234,11.187388761759701,0.0,0.0,15,0.0,1.419729431626283,25,0.0,0.0,20,0.0,13.33333333333207,N,,N,
06:39,GRANULES,11872,857.85,-0.37,0.73,,65.9,22.5,NORMAL,N,0.0,3.658536585365827,10.975609756097482,0.0,0.0,15,0.0,3.8655025527187803,25,0.0,20,0.0,6.086956521737669,0.0,N,,N,
06:39,VISHNU,6908,585.05,-0.36,0.72,,66.1,63.6,NORMAL,Y,0.0,3.5765988248318537,10.729796474495561,0.0,0.0,15,0.0,25.0,25,0.0,0.0,20,5.400000000000091,0.0,N,,N,
06:39,CHAMBLFERT,637,442.8,-0.35,0.7,,38.2,61.2,NORMAL,Y,0.0,3.4882412512659196,10.464723753797758,0.0,0.0,15,0.0,2.743920686988378,25,0.0,0.0,20,0.0,20.0,N,,N,
06:39,CGPOWER,760,878.05,-0.33,0.67,,68.3,21.6,NORMAL,Y,0.0,3.3484676503973274,10.045402951191983,0.0,0.0,15,0.0,3.2407322288853875,25,0.0,20,0.0,10.0,0.0,N,,N,
06:39,MHRIL,17333,224.83,-0.33,0.66,,29.8,46.5,NORMAL,Y,0.0,3.280578091058123,9.841734273174369,0.0,0.0,15,0.0,0.0,0.0,25,20,0.0,0.0,3.2558139534893247,N,,N,
06:39,MUTHOOTFIN,23650,2877.4,-1.32,2.64,,32.8,89.6,NORMAL,Y,0.0,13.203470626564696,30.0,0.0,0.0,15,0.0,2.7793839657316304,0.0,25,0.0,20,0.0,13.658536585364827,N,,N,
06:39,IOC,1624,139.56,-0.31,0.63,,10.2,73.4,NORMAL,Y,0.0,3.142857142857127,9.42857142857138,0.0,0.0,15,0.0,0.8034925165718854,0.0,25,0.0,20,0.0,9.473684210526788,N,,N,
06:39,NITTAGELA,762824,1591.2,-1.28,2.57,,59.7,82.6,NORMAL,Y,0.0,12.8419877163596,30.0,0.0,0.0,15,0.0,9.721461399661164,0.0,25,0.0,20,20.0,0.0,N,,N,
06:39,HDFCAMC,4244,2483.6,-1.25,2.5,,33.9,72.5,NORMAL,Y,0.0,12.48508946322071,30.0,0.0,0.0,15,0.0,0.0,0.0,25,0.0,20,3.9024390243912177,0.0,N,,N,
06:39,PRESTIGE,20302,1566.2,-1.24,2.48,,64.3,51.5,NORMAL,Y,0.0,12.4219685982723,30.0,0.0,0.0,15,0.0,4.034170116497518,25,0.0,0.0,20,5.263157894736905,0.0,N,,N,
06:39,NHPC,17400,76.04,-1.18,2.37,,36.7,71.8,NORMAL,Y,0.0,11.825860948667922,30.0,0.0,0.0,15,0.0,0.0,0.0,25,0.0,20,6.666666666663509,0.0,N,,N,
06:39,KIRLOSBROS,18581,1933.5,-1.15,2.29,,31.2,81.3,NORMAL,N,0.0,11.45252824786548,30.0,0.0,0.0,15,0.0,1.150495261086741,0.0,25,0.0,20,0.0,8.695652173912785,N,,N,
06:39,CHOLAFIN,685,1892.6,-1.14,2.28,,55.0,46.4,NORMAL,N,0.0,11.387379857919024,30.0,0.0,0.0,15,0.0,0.0,25,0.0,0.0,20,0.0,0.0,N,,N,
06:39,LUPIN,10440,2253.2,-1.13,2.26,,42.4,71.3,NORMAL,Y,0.0,11.27737066128407,30.0,0.0,0.0,15,0.0,0.0,0.0,25,0.0,20,12.41379310344914,0.0,N,,N,
06:39,MANKIND,15380,2399.2,-1.06,2.13,,55.0,59.6,NORMAL,Y,0.0,10.639175257732035,30.0,0.0,0.0,15,0.0,0.0,25,0.0,0.0,20,0.0,14.00000000000091,N,,N,
06:39,NTPCGREEN,27176,92.03,-1.05,2.11,,59.5,56.4,NORMAL,Y,0.0,10.536501451456877,30.0,0.0,0.0,15,0.0,4.500868129020302,25,0.0,0.0,20,0.0,6.315789473684525,N,,N,
06:39,COFORGE,11543,1799.9,-1.05,2.1,,67.1,52.7,NORMAL,N,0.0,10.500274876305612,30.0,0.0,0.0,15,0.0,2.168115910954481,0.0,25,20,0.0,14.901960784314705,0.0,N,,N,
06:39,GRASIM,1232,3347.0,-0.99,1.98,,33.7,88.1,NORMAL,N,0.0,9.909776660257357,29.729329980772075,0.0,0.0,15,0.0,4.019062168608975,0.0,25,0.0,20,0.0,14.202898550724715,N,,N,
06:39,TECHM,13538,1626.9,-0.98,1.96,,32.7,82.2,NORMAL,N,0.0,9.799147900182538,29.397443700547612,0.0,0.0,15,0.0,3.2812994064016583,0.0,25,0.0,20,0.0,9.090909090909216,N,,N,
06:39,BAJAJFINSV,16675,2012.3,-0.97,1.94,,66.9,44.7,NORMAL,N,0.0,9.694881889763801,29.084645669291405,0.0,0.0,15,0.0,0.0,25,0.0,0.0,20,12.857142857140074,0.0,N,,N,
06:39,DALBHARAT,8075,1818.0,-0.96,1.92,,49.8,70.6,NORMAL,Y,0.0,9.588145565482627,28.764436696447884,0.0,0.0,15,0.0,1.0424987095191012,0.0,25,0.0,20,20.0,0.0,N,,N,
06:39,ICICIAMC,760407,3029.4,-0.81,1.62,,35.0,69.4,NORMAL,Y,0.0,8.119965948529805,24.359897845589416,0.0,0.0,15,0.0,1.3141362740026634,0.0,25,0.0,20,9.375000000000533,0.0,N,,N,
06:39,AFFLE,11343,1663.7,-0.81,1.62,,56.0,49.3,NORMAL,N,0.0,8.108269242234488,24.32480772670347,0.0,0.0,15,0.0,6.230079897472005,25,0.0,0.0,20,0.4347826086952439,0.0,N,,N,
06:39,ZEEL,3812,90.83,-0.8,1.59,,36.5,76.7,NORMAL,Y,0.0,7.972913936216733,23.918741808650196,0.0,0.0,15,0.0,8.738558833211437,0.0,25,0.0,20,3.846153846153762,0.0,N,,N,
06:39,GLAND,1186,2902.2,-0.76,1.52,,74.1,34.6,NORMAL,N,0.0,7.5913007796472005,22.773902338941603,0.0,0.0,15,0.0,6.3322679814879015,25,0.0,20,0.0,0.0,5.691056910569021,N,,N,
06:39,INOXWIND,7852,73.87,-0.71,1.42,,47.8,42.1,NORMAL,Y,0.0,7.123655913978509,21.370967741935527,0.0,0.0,15,0.0,0.0,25,0.0,0.0,20,1.4285714285701234,0.0,N,,N,
06:39,HINDUNILVR,1394,2052.0,-0.62,1.25,,44.3,50.4,NORMAL,Y,0.0,6.24727589713792,18.741827691413757,0.0,0.0,15,0.0,0.5991618081608189,25,0.0,0.0,20,0.0,8.571428571426715,N,,N,
06:39,LAURUSLABS,19234,1847.5,-0.57,1.13,,27.2,70.9,NORMAL,N,0.0,5.651237890204522,16.953713670613563,0.0,0.0,15,0.0,5.2814759837311955,0.0,25,0.0,20,5.0000000000007105,0.0,N,,N,
06:39,BAJAJHFL,25270,84.71,-0.55,1.1,,43.9,51.5,NORMAL,Y,0.0,5.517727166001562,16.553181498004683,0.0,0.0,15,0.0,2.3620733911042646,25,0.0,0.0,20,0.0,8.571428571429731,N,,N,
06:39,SBILIFE,21808,1827.7,-0.54,1.08,,65.4,28.9,NORMAL,Y,0.0,5.387461906834928,16.162385720504783,0.0,0.0,15,0.0,4.255928592043066,25,0.0,20,0.0,0.0,4.285714285714517,N,,N,
06:39,ASIANPAINT,236,2721.3,-0.52,1.04,,40.6,56.6,NORMAL,Y,0.0,5.191007128495638,15.573021385486914,0.0,0.0,15,0.0,0.0,25,0.0,0.0,20,0.0,16.363636363635987,N,,N,
06:39,BHARTIARTL,10604,1905.8,-0.49,0.98,,40.4,44.0,NORMAL,Y,0.0,4.908103592314166,14.724310776942497,0.0,0.0,15,0.0,0.6875123950955687,25,0.0,0.0,20,0.0,3.4482758620688574,N,,N,
06:39,SUNPHARMA,3351,1933.0,-0.46,0.93,,24.3,64.6,NORMAL,Y,0.0,4.634397528321318,13.903192584963955,0.0,0.0,15,0.0,0.0,0.0,25,0.0,20,10.434782608695222,0.0,N,,N,
06:39,SRF,3273,2558.5,-0.45,0.89,,44.2,53.3,NORMAL,Y,0.0,4.474708171206226,13.424124513618676,0.0,0.0,15,0.0,5.8049078404868135,25,0.0,0.0,20,0.0,8.000000000000808,N,,N,
06:39,JAGRAN,13211,63.32,-0.44,0.88,,38.6,59.8,NORMAL,N,0.0,4.402515723270458,13.207547169811374,0.0,0.0,15,0.0,0.35175475819912033,25,0.0,0.0,20,0.0,20.0,N,,N,
06:39,AETHER,9810,1627.4,-0.42,0.83,,17.4,86.1,NORMAL,N,0.0,4.161057398115258,12.483172194345773,0.0,0.0,15,0.0,4.925190175353208,0.0,25,0.0,20,0.0,17.058823529412983,N,,N,
06:39,APLAPOLLO,25780,2005.0,-0.38,0.77,,36.5,43.4,NORMAL,N,0.0,3.825706762060935,11.477120286182807,0.0,0.0,15,0.0,0.0,25,0.0,0.0,20,0.0,4.6153846153836735,N,,N,
06:39,COLPAL,15141,2000.4,-0.38,0.76,,36.4,53.1,NORMAL,Y,0.0,3.7848605577688783,11.354581673306637,0.0,0.0,15,0.0,0.0,25,0.0,0.0,20,0.0,14.285714285713357,N,,N,
06:39,NFL,13925,71.68,-0.38,0.75,,36.3,41.0,NORMAL,Y,0.0,3.7526059763724255,11.257817929117277,0.0,0.0,15,0.0,0.0,25,0.0,0.0,20,0.0,2.222222222223275,N,,N,
06:39,AJANTPHARM,8124,3493.9,-0.35,0.7,,10.5,68.6,NORMAL,N,0.0,3.5080714163481055,10.524214249044316,0.0,0.0,15,0.0,0.0,0.0,25,0.0,20,0.0,5.106382978723548,N,,N,
06:39,NMDC,15332,85.18,-0.32,0.63,,12.0,67.4,NORMAL,N,0.0,3.159742539496735,9.479227618490205,0.0,0.0,15,0.0,2.5664090990203157,0.0,25,0.0,20,0.0,1.6666666666650876,N,,N,
06:39,RELAXO,24225,433.25,2.75,5.5,,102.7,20.0,NORMAL,Y,27.51096881299662,0.0,30.0,0.0,15,0.0,0.0,0.0,25,0.0,0.0,20,5.217391304348126,0.0,N,,N,
06:39,TVSSCS,18151,129.54,2.72,5.44,,76.9,45.0,NORMAL,Y,27.198477519625666,0.0,30.0,0.0,15,0.0,0.0,0.0,0.0,25,0.0,20,4.687500000000069,0.0,N,,N,
06:39,WELSPUNLIV,11253,163.19,2.21,4.42,,130.7,14.8,NORMAL,Y,22.109482650632604,0.0,30.0,0.0,15,0.0,0.0,14.837698452724599,25,0.0,20,0.0,3.7037037037035474,0.0,N,,N,
06:39,LTFOODS,13816,425.8,1.55,3.1,,117.1,22.3,NORMAL,Y,15.502027188170759,0.0,30.0,0.0,15,0.0,0.0,11.633963472860167,25,0.0,20,0.0,0.0,10.66666666666606,N,,N,
06:39,UNIONBANK,10753,185.0,1.37,2.74,,62.1,50.2,NORMAL,Y,13.698630136986301,0.0,30.0,0.0,15,0.0,0.0,3.4089005269164163,0.0,25,0.0,20,0.0,1.8181818181801739,N,,N,
06:52,TDPOWERSYS,25178,1492.0,16.96,33.93,,134.3,2.3,NORMAL,Y,30.0,0.0,30.0,0.0,15,0.0,0.0,2.266489691871959,25,0.0,20,0.0,11.999999999999698,0.0,N,,N,
06:52,ITDC,19299,735.0,8.62,17.25,,145.0,42.9,NORMAL,Y,30.0,0.0,30.0,0.0,15,0.0,0.0,25.0,25,0.0,20,0.0,0.0,17.87234042553191,N,,N,
06:52,NARMADA,6364,417.2,7.53,15.05,,131.4,0.0,NORMAL,Y,30.0,0.0,30.0,0.0,15,0.0,0.0,0.0,25,0.0,20,0.0,11.428571428570036,0.0,N,,N,
06:52,HALDER,760715,281.04,6.04,12.07,,145.0,45.0,NORMAL,Y,30.0,0.0,30.0,0.0,15,0.0,0.0,25.0,25,0.0,20,0.0,0.0,20.0,N,,N,
06:52,PRICOLLTD,19631,778.0,5.54,11.08,,122.5,0.0,NORMAL,Y,30.0,0.0,30.0,0.0,15,0.0,0.0,0.0,25,0.0,20,0.0,2.4999999999978684,0.0,N,,N,
06:52,BERGEPAINT,404,555.75,3.89,7.78,,120.0,8.1,NORMAL,Y,30.0,0.0,30.0,0.0,15,0.0,0.0,0.0,25,0.0,20,0.0,0.0,8.1249999999996,N,,N,
06:52,YUKEN,5501,834.55,3.65,7.29,,102.5,22.5,NORMAL,Y,30.0,0.0,30.0,0.0,15,0.0,0.0,2.4879858598534166,25,0.0,0.0,20,0.0,0.0,N,,N,
06:52,SHIVALIK,7026,265.98,3.55,7.11,,97.6,27.6,NORMAL,Y,30.0,0.0,30.0,0.0,15,0.0,0.0,2.5615389869129626,0.0,25,20,0.0,0.0,0.0,N,,N,
06:52,PNB,10666,117.88,3.38,6.75,,100.0,33.3,NORMAL,Y,30.0,0.0,30.0,0.0,15,0.0,0.0,0.0,25,0.0,0.0,20,0.0,13.333333333333965,N,,N,
06:52,JSWINFRA,19020,353.0,3.26,6.52,,124.7,4.7,NORMAL,Y,30.0,0.0,30.0,0.0,15,0.0,0.0,4.654524988144353,25,0.0,20,0.0,0.0,0.0,N,,N,
06:52,HINDALCO,1363,1081.6,3.1,6.2,,123.2,0.2,NORMAL,Y,30.0,0.0,30.0,0.0,15,0.0,0.0,0.19107353844805394,25,0.0,20,0.0,2.9999999999972715,0.0,N,,N,
06:52,YATRA,18760,117.84,3.09,6.18,,111.8,20.0,NORMAL,Y,30.0,0.0,30.0,0.0,15,0.0,0.0,0.0,25,0.0,0.0,20,11.764705882353482,0.0,N,,N,
06:52,RELAXO,24225,434.65,3.08,6.17,,120.0,8.9,NORMAL,Y,30.0,0.0,30.0,0.0,15,0.0,0.0,0.0,25,0.0,20,0.0,0.0,8.888888888891135,N,,N,
06:52,VGUARD,15362,334.0,2.99,5.98,,119.9,0.0,NORMAL,Y,29.910576626580294,0.0,30.0,0.0,15,0.0,0.0,0.0,25,0.0,20,0.0,0.0,0.0,N,,N,
06:52,VLSFINANCE,3715,268.7,2.87,5.74,,78.0,49.2,NORMAL,Y,28.713629402756514,0.0,30.0,0.0,15,0.0,0.0,4.247108575899558,0.0,25,0.0,20,0.0,0.0,N,,N,
06:52,TVSSCS,18151,129.7,2.85,5.69,,73.5,52.5,NORMAL,N,28.467211164855993,0.0,30.0,0.0,15,0.0,0.0,0.0,0.0,25,0.0,20,0.0,7.500000000000444,N,,N,
06:52,MARKSANS,10579,286.6,2.74,5.48,,135.0,45.0,NORMAL,Y,27.424269582362555,0.0,30.0,0.0,15,0.0,0.0,25.0,25,0.0,0.0,20,12.533333333333303,0.0,N,,N,
06:52,WELSPUNLIV,11253,163.66,2.51,5.01,,121.5,21.0,NORMAL,Y,25.053238131028436,0.0,30.0,0.0,15,0.0,0.0,6.484019058875647,25,0.0,20,0.0,0.0,14.54545454545431,N,,N,
06:52,HGINFRA,1672,560.2,2.26,4.53,,92.6,40.0,NORMAL,Y,22.635998539613162,0.0,30.0,0.0,15,0.0,0.0,0.0,25,0.0,0.0,20,0.0,20.0,N,,N,
06:52,BORORENEW,3149,575.1,2.24,4.48,,132.4,0.0,NORMAL,N,22.40000000000004,0.0,30.0,0.0,15,0.0,0.0,0.0,25,0.0,20,0.0,20.0,0.0,N,,N,
06:52,SANDHAR,2397,634.95,2.09,4.18,,110.9,20.0,NORMAL,Y,20.902001768630914,0.0,30.0,0.0,15,0.0,0.0,0.0,25,0.0,20,0.0,0.0,20.0,N,,N,
06:52,JMFINANCIL,13637,128.72,2.02,4.04,,110.2,17.3,NORMAL,Y,20.21082666243954,0.0,30.0,0.0,15,0.0,0.0,0.0,25,0.0,20,0.0,0.0,17.333333333335354,N,,N,
06:52,MAHABANK,11377,81.55,3.29,6.59,,117.4,33.6,NORMAL,Y,30.0,0.0,30.0,0.0,15,0.0,0.0,8.645617893617159,0.0,25,20,0.0,13.793103448275762,0.0,N,,N,
06:52,BATAINDIA,371,713.75,1.99,3.97,,64.9,58.9,NORMAL,Y,19.861398871186648,0.0,30.0,0.0,15,0.0,0.0,0.0,0.0,25,0.0,20,0.0,13.939393939393856,N,,N,
06:53,MSTCLTD,9356,582.1,1.94,3.89,,152.7,23.2,NORMAL,N,19.43957968476361,0.0,30.0,0.0,15,0.0,0.0,23.245004296187826,25,0.0,20,0.0,20.0,0.0,N,,N,
06:53,MOIL,20830,284.7,1.88,3.76,,108.8,20.0,NORMAL,Y,18.786902844873858,0.0,30.0,0.0,15,0.0,0.0,0.0,25,0.0,20,0.0,0.0,20.0,N,,N,
06:53,KAJARIACER,1808,1248.1,1.84,3.67,,113.9,17.0,NORMAL,Y,18.358355091383814,0.0,30.0,0.0,15,0.0,0.0,5.504855172844631,25,0.0,20,0.0,0.0,11.515151515152224,N,,N,
06:53,INDIANB,14309,890.75,1.73,3.46,,70.0,45.0,NORMAL,Y,17.302421196893533,0.0,30.0,0.0,15,0.0,0.0,0.04997932036944684,0.0,25,0.0,20,7.692307692307288,0.0,N,,N,
06:53,LTFOODS,13816,426.2,1.65,3.29,,111.7,7.7,NORMAL,Y,16.455998092058138,0.0,30.0,0.0,15,0.0,0.0,5.210213214099896,25,0.0,20,0.0,0.0,2.5000000000007105,N,,N,
06:53,TRIVENI,13081,242.25,1.61,3.23,,106.1,20.0,NORMAL,N,16.14932885906038,0.0,30.0,0.0,15,0.0,0.0,0.0,25,0.0,20,0.0,0.0,20.0,N,,N,
06:53,ASTRAL,14418,1447.9,1.61,3.23,,126.1,0.0,NORMAL,Y,16.14148361288511,0.0,30.0,0.0,15,0.0,0.0,0.0,25,0.0,20,0.0,20.0,0.0,N,,Y,NONRESULTS
06:53,PNBHOUSING,18908,1160.0,1.57,3.13,,105.8,7.8,NORMAL,Y,15.67288328517651,0.0,30.0,0.0,15,0.0,0.0,0.09624024419911868,25,0.0,20,0.0,0.0,7.692307692307962,N,,N,
06:53,UNIONBANK,10753,185.26,1.51,3.02,,70.9,46.4,NORMAL,Y,15.123287671232827,0.0,30.0,0.0,15,0.0,0.0,1.4313970641504994,0.0,25,0.0,20,9.333333333332071,0.0,N,,N,
06:53,CONCOR,4749,519.5,1.46,2.93,,88.5,25.0,NORMAL,Y,14.6484375,0.0,30.0,0.0,15,0.0,0.0,0.0,0.0,25,20,0.0,8.888888888890012,0.0,N,,N,
06:53,CASTROLIND,1250,189.51,1.44,2.88,,126.4,12.3,NORMAL,Y,14.398886628840584,0.0,30.0,0.0,15,0.0,0.0,12.284497917450471,25,0.0,20,0.0,9.696969696969541,0.0,N,,N,
06:53,MASFIN,199,304.15,1.35,2.7,,106.0,5.9,NORMAL,N,13.495501499500014,0.0,30.0,0.0,15,0.0,0.0,2.5398438435803463,25,0.0,20,0.0,0.0,3.333333333333965,N,,N,
06:53,VISHNU,6908,594.8,1.3,2.61,,126.3,42.4,NORMAL,N,13.029038576173,0.0,30.0,0.0,15,0.0,0.0,23.282188644032757,25,0.0,20,0.0,0.0,19.13043478260947,N,,N,
06:53,GROWW,759806,195.9,1.24,2.48,,122.4,0.0,NORMAL,N,12.403100775193828,0.0,30.0,0.0,15,0.0,0.0,0.0,25,0.0,20,0.0,20.0,0.0,N,,N,
06:53,INDUSTOWER,29135,373.8,1.2,2.41,,94.1,21.1,NORMAL,N,12.048192771084306,0.0,30.0,0.0,15,0.0,0.0,1.1008272855657444,25,0.0,0.0,20,10.909090909091097,0.0,N,,N,
06:53,JAINREC,759244,301.3,1.19,2.38,,81.9,28.6,NORMAL,N,11.922753988245212,0.0,30.0,0.0,15,0.0,0.0,0.0,25,0.0,0.0,20,0.0,8.571428571431355,N,,N,
06:53,APCL,20453,105.5,1.18,2.36,,56.8,45.0,NORMAL,Y,11.796298072312306,0.0,30.0,0.0,15,0.0,0.0,0.0,0.0,25,0.0,20,0.0,0.0,N,,Y,NONRESULTS
06:53,BHEL,438,407.55,1.13,2.26,,94.8,45.2,NORMAL,Y,11.290322580645192,0.0,30.0,0.0,15,0.0,0.0,13.530681370927699,25,0.0,0.0,20,0.0,11.666666666665089,N,,N,
06:53,SHARDAMOTR,10530,886.8,1.13,2.26,,81.3,24.3,NORMAL,Y,11.289770783441643,0.0,30.0,0.0,15,0.0,0.0,0.0,25,0.0,0.0,20,0.0,4.347826086956608,N,,N,
06:53,KARURVYSYA,1838,337.85,1.09,2.18,,100.9,0.0,NORMAL,Y,10.921603830041992,0.0,30.0,0.0,15,0.0,0.0,0.0,25,0.0,20,0.0,0.0,0.0,N,,N,
06:53,BANKBARODA,4668,248.88,1.09,2.18,,55.9,59.5,NORMAL,Y,10.885458976441946,0.0,30.0,0.0,15,0.0,0.0,0.0,0.0,25,0.0,20,0.0,14.54545454545431,N,,N,
06:53,TMCV,759782,454.9,1.08,2.16,,90.6,45.1,NORMAL,Y,10.776580379957707,0.0,30.0,0.0,15,0.0,0.0,14.809690135306008,0.0,25,20,0.0,0.0,5.263157894736905,N,,N,
06:53,SCI,3048,297.0,1.04,2.08,,77.4,43.7,NORMAL,Y,10.375914271134585,0.0,30.0,0.0,15,0.0,0.0,1.9911882527791716,0.0,25,20,0.0,0.0,16.666666666666035,N,,N,
06:53,ABMKNO,762528,200.0,1.04,2.07,,100.4,0.0,NORMAL,Y,10.356150543066489,0.0,30.0,0.0,15,0.0,0.0,0.0,25,0.0,20,0.0,0.0,0.0,N,,N,
06:53,TNPL,3980,155.55,0.99,1.99,,54.7,59.0,NORMAL,Y,9.933774834437093,0.0,29.80132450331128,0.0,15,0.0,0.0,0.0,0.0,25,0.0,20,0.0,13.999999999999432,N,,N,
06:53,BANKINDIA,4745,144.3,0.98,1.96,,54.2,65.0,NORMAL,Y,9.79706088173552,0.0,29.39118264520656,0.0,15,0.0,0.0,0.0,0.0,25,0.0,20,0.0,20.0,N,,N,
06:53,SBIN,3045,1076.2,0.96,1.91,,82.4,31.2,NORMAL,Y,9.56848030018766,0.0,28.705440900562984,0.0,15,0.0,0.0,4.163553584636325,25,0.0,0.0,20,0.0,7.058823529410506,N,,N,
06:53,RVNL,9552,232.16,0.94,1.88,,122.6,39.4,NORMAL,Y,9.391304347826072,0.0,28.173913043478215,0.0,15,0.0,0.0,25.0,25,0.0,20,0.0,0.0,14.436090225563467,N,,N,
06:53,BAJAJELEC,15034,363.7,0.93,1.86,,95.5,20.0,NORMAL,Y,9.296517274871556,0.0,27.88955182461467,0.0,15,0.0,0.0,0.0,25,0.0,0.0,20,18.333333333333016,0.0,N,,N,
06:53,ZUARIIND,3827,260.7,0.93,1.86,,52.2,45.0,NORMAL,N,9.291521486643349,0.0,27.87456445993005,0.0,15,0.0,0.0,0.0,0.0,25,0.0,20,0.0,0.0,N,,N,
06:53,ZYDUSWELL,17635,510.8,0.93,1.86,,120.9,3.7,NORMAL,N,9.286702232760302,0.0,27.8601066982809,0.0,15,0.0,0.0,3.740077712787413,25,0.0,20,0.0,20.0,0.0,N,,N,
06:53,MCX,31181,2949.9,1.9,3.79,,109.0,10.8,NORMAL,Y,18.96373056994822,0.0,30.0,0.0,15,0.0,0.0,0.0,25,0.0,20,0.0,0.0,10.84745762711786,N,,N,
06:53,JSL,11236,731.25,0.85,1.7,,112.0,6.9,NORMAL,Y,8.481588746379778,0.0,25.444766239139334,0.0,15,0.0,0.0,6.897515828051846,25,0.0,20,0.0,11.200000000000728,0.0,N,,N,
06:53,BLS,17279,263.04,0.84,1.67,,94.7,16.8,NORMAL,Y,8.35697308901329,0.0,25.07091926703987,0.0,15,0.0,0.0,1.2356689104248897,25,0.0,20,0.0,0.0,15.555555555555907,N,,N,
06:53,TIMETECHNO,14707,208.9,0.78,1.56,,91.3,12.3,NORMAL,Y,7.8155152450791405,0.0,23.44654573523742,0.0,15,0.0,0.0,0.0,25,0.0,20,0.0,0.0,12.30769230769029,N,,N,
06:53,GOCLCORP,3963,432.85,0.77,1.54,,63.2,49.1,NORMAL,Y,7.6824583866837655,0.0,23.0473751600513,0.0,15,0.0,0.0,4.1336653273353745,0.0,25,0.0,20,13.333333333334176,0.0,N,,N,
06:53,CHEMPLASTS,5449,172.89,0.7,1.41,,72.0,23.8,NORMAL,N,7.047996272134084,0.0,21.143988816402253,0.0,15,0.0,0.0,3.8192467718111494,25,0.0,0.0,20,0.0,0.0,N,,N,
06:53,LICI,9480,408.8,0.69,1.38,,87.6,2.5,NORMAL,N,6.896551724137958,0.0,20.689655172413875,0.0,15,0.0,0.0,0.0,25,0.0,20,0.0,0.0,2.500000000000533,N,,N,
06:53,HSCL,14334,760.65,0.68,1.36,,75.6,20.0,NORMAL,Y,6.816677696889448,0.0,20.45003309066834,0.0,15,0.0,0.0,0.0,25,0.0,0.0,20,8.333333333333018,0.0,N,,N,
06:53,PVRINOX,13147,1168.0,0.67,1.34,,41.9,60.3,NORMAL,Y,6.722978796759139,0.0,20.168936390277416,0.0,15,0.0,0.0,0.0,0.0,25,0.0,20,0.0,15.29411764705788,N,,N,
06:53,TIPSMUSIC,9117,673.55,0.67,1.33,,106.6,0.0,NORMAL,N,6.650724854281768,0.0,19.952174562845308,0.0,15,0.0,0.0,0.0,25,0.0,20,0.0,20.0,0.0,N,,N,
06:53,ENDURANCE,18822,3018.4,1.66,3.33,,106.6,0.5,NORMAL,Y,16.638598854833308,0.0,30.0,0.0,15,0.0,0.0,0.0,25,0.0,20,0.0,0.0,0.540540540540009,N,,N,
06:53,MEESHO,760229,191.66,0.66,1.31,,66.3,23.3,NORMAL,Y,6.564781261488367,0.0,19.6943437844651,0.0,15,0.0,0.0,0.0,25,0.0,0.0,20,0.0,3.333333333333333,N,,N,
06:53,PETRONET,11351,278.8,0.65,1.3,,41.1,47.6,NORMAL,Y,6.498194945848417,0.0,19.49458483754525,0.0,15,0.0,0.0,0.08921846507424305,0.0,25,0.0,20,0.0,2.5000000000007105,N,,N,
06:53,EXIDEIND,676,486.4,0.63,1.26,,42.7,62.9,NORMAL,Y,6.310127236991733,0.0,18.930381710975198,0.0,15,0.0,0.0,2.448791191824439,0.0,25,0.0,20,0.0,15.428571428571038,N,,N,
06:53,HINDZINC,1424,590.35,0.63,1.26,,51.0,52.0,NORMAL,Y,6.306997357879562,0.0,18.920992073638686,0.0,15,0.0,0.0,6.950253946069823,0.0,25,0.0,20,3.8709677419350106,0.0,N,,N,
06:53,MFSL,2142,1523.2,1.61,3.23,,106.1,2.5,NORMAL,Y,16.144096064042724,0.0,30.0,0.0,15,0.0,0.0,0.0,25,0.0,20,0.0,0.0,2.4999999999978684,N,,N,
06:53,GPIL,13409,233.53,0.58,1.16,,88.6,10.7,NORMAL,N,5.814454302696159,0.0,17.443362908088478,0.0,15,0.0,0.0,5.364184735812758,25,0.0,20,0.0,0.0,5.312500000000611,N,,N,
06:53,ELGIEQUIP,937,577.1,0.57,1.13,,62.7,33.3,NORMAL,N,5.663500914873223,0.0,16.990502744619672,0.0,15,0.0,0.0,0.0,25,0.0,0.0,20,0.0,13.333333333323228,N,,N,
06:53,TIINDIA,312,2822.7,1.54,3.07,,110.4,0.0,NORMAL,Y,15.359712230215761,0.0,30.0,0.0,15,0.0,0.0,0.0,25,0.0,20,0.0,4.999999999999483,0.0,N,,N,
06:53,WIPL,20481,169.4,0.53,1.07,,81.4,0.0,NORMAL,Y,5.34124629080122,0.0,16.023738872403662,0.0,15,0.0,0.0,0.0,25,0.0,20,0.0,0.0,0.0,N,,N,
06:53,CANBK,10794,130.98,0.52,1.04,,38.0,53.1,NORMAL,Y,5.218726016883948,0.0,15.656178050651842,0.0,15,0.0,0.0,2.1023307544713954,0.0,25,0.0,20,0.0,5.999999999999716,N,,N,
06:53,SIS,21501,439.8,0.51,1.03,,50.5,51.4,NORMAL,Y,5.142269454919438,0.0,15.426808364758314,0.0,15,0.0,0.0,6.379747564131051,0.0,25,0.0,20,8.571428571428726,0.0,N,,N,
06:53,BIOCON,11373,428.15,0.5,1.01,,61.8,49.3,NORMAL,Y,5.046948356807458,0.0,15.140845070422374,0.0,15,0.0,0.0,6.595706022537658,0.0,25,20,0.0,0.0,17.69230769230796,N,,N,
06:53,WALCHANNAG,3736,233.9,0.47,0.95,,58.9,22.6,NORMAL,N,4.725085910652897,0.0,14.17525773195869,0.0,15,0.0,0.0,0.0,25,0.0,0.0,20,0.0,2.564102564101592,N,,N,
06:53,WINDMACHIN,24969,304.0,0.46,0.93,,34.3,45.8,NORMAL,Y,4.626569729015126,0.0,13.879709187045378,0.0,15,0.0,0.0,0.7533457342531985,0.0,25,0.0,20,0.0,0.0,N,,N,
06:53,TATACAP,759265,368.85,0.45,0.9,,85.1,0.0,NORMAL,Y,4.493464052287675,0.0,13.480392156863026,0.0,15,0.0,0.0,0.0,25,0.0,20,0.0,7.142857142857259,0.0,N,,N,
06:53,USHAMART,8840,512.05,0.42,0.84,,36.7,49.8,NORMAL,Y,4.216513041772853,0.0,12.649539125318558,0.0,15,0.0,0.0,4.795348614276092,0.0,25,0.0,20,0.0,0.0,N,,N,
06:53,MONTECARLO,5938,506.25,0.42,0.83,,83.3,26.6,NORMAL,N,4.165426956263063,0.0,12.496280868789187,0.0,15,0.0,0.0,6.647491014181887,25,0.0,20,0.0,0.0,20.0,N,,N,
06:53,SHYAMMETL,4693,988.9,0.42,0.83,,76.7,5.0,NORMAL,N,4.163281884646652,0.0,12.489845653939957,0.0,15,0.0,0.0,0.0,25,0.0,20,0.0,0.0,5.000000000001421,N,,N,
06:53,RATNAMANI,13451,2286.9,1.41,2.83,,79.1,26.7,NORMAL,N,14.146341463414673,0.0,30.0,0.0,15,0.0,0.0,0.0,0.0,25,20,0.0,0.0,1.6666666666650876,N,,N,
06:53,AUBANK,21238,1075.3,0.41,0.82,,76.4,10.0,NORMAL,Y,4.108693622186817,0.0,12.326080866560453,0.0,15,0.0,0.0,0.0,25,0.0,20,0.0,0.0,10.0,N,,N,
06:53,SAIL,2963,173.68,0.39,0.79,,55.7,32.3,NORMAL,Y,3.930635838150329,0.0,11.791907514450987,0.0,15,0.0,0.0,0.0,25,0.0,0.0,20,0.0,12.307692307694662,N,,N,
06:53,INDUSINDBK,5258,1012.8,0.39,0.77,,55.6,29.5,NORMAL,N,3.865596193874494,0.0,11.596788581623482,0.0,15,0.0,0.0,0.09721878655025559,25,0.0,0.0,20,0.0,9.411764705882195,N,,N,
06:53,PENIND,20621,159.84,0.33,0.67,,56.6,41.9,NORMAL,N,3.3268470278074265,0.0,9.98054108342228,0.0,15,0.0,0.0,3.2946515523514517,25,0.0,0.0,20,0.0,18.57142857142973,N,,N,
06:53,HOMEFIRST,2056,1179.8,0.32,0.65,,79.6,6.6,NORMAL,N,3.2312925170067643,0.0,9.693877551020293,0.0,15,0.0,0.0,6.625697510048386,25,0.0,20,0.0,0.0,0.0,N,,N,
06:53,VOLTAS,3718,1283.9,0.3,0.61,,91.7,6.0,NORMAL,N,3.046875000000071,0.0,9.140625000000213,0.0,15,0.0,0.0,5.998461504277971,25,0.0,20,0.0,13.469387755101605,0.0,N,,N,
06:53,HYUNDAI,25844,2222.7,1.03,2.06,,113.6,1.6,NORMAL,Y,10.318181818181735,0.0,30.0,0.0,15,0.0,0.0,1.5960410217756213,25,0.0,20,0.0,11.666666666666982,0.0,N,,N,
06:53,TPLPLASTEH,9219,76.62,0.96,1.92,,53.5,45.0,NORMAL,N,9.619185663460325,0.0,28.85755699038097,0.0,15,0.0,0.0,0.0,0.0,25,0.0,20,0.0,0.0,N,,N,
06:53,BHARATFORG,422,2070.3,0.94,1.88,,97.6,8.5,NORMAL,N,9.410043881033731,0.0,28.230131643101192,0.0,15,0.0,0.0,0.0,25,0.0,20,0.0,0.0,8.461538461538058,N,,N,
06:53,NESTLEIND,17963,1506.6,0.9,1.79,,105.4,5.3,NORMAL,Y,8.974015537101435,0.0,26.922046611304303,0.0,15,0.0,0.0,5.326566239703881,25,0.0,20,0.0,4.166666666666509,0.0,N,,N,
06:53,WELCORP,11821,1853.3,0.89,1.79,,75.7,20.0,NORMAL,Y,8.928085361206305,0.0,26.784256083618914,0.0,15,0.0,0.0,0.0,25,0.0,0.0,20,0.0,0.0,N,,N,
06:53,ESCORTS,958,3109.0,0.87,1.75,,69.9,30.6,NORMAL,Y,8.727815450504556,0.0,26.183446351513666,0.0,15,0.0,0.0,0.0,0.0,25,20,0.0,0.0,5.555555555554994,N,,N,
06:53,PNBGILTS,8736,80.8,0.84,1.67,,78.5,25.1,NORMAL,N,8.361412704355443,0.0,25.084238113066334,0.0,15,0.0,0.0,5.053672250818292,25,0.0,0.0,20,0.0,0.0,N,,N,
06:53,GLAXO,1153,2622.0,0.77,1.55,,90.9,20.0,NORMAL,Y,7.725123947884203,0.0,23.17537184365261,0.0,15,0.0,0.0,0.0,25,0.0,20,0.0,0.0,20.0,N,,N,
06:53,ZFCVINDIA,16915,2633.8,0.72,1.44,,91.4,1.8,NORMAL,Y,7.189292543021102,0.0,21.567877629063304,0.0,15,0.0,0.0,1.7619536028936942,25,0.0,20,0.0,0.8333333333325438,0.0,N,,N,
06:53,BEML,395,1915.3,0.68,1.37,,42.3,45.8,NORMAL,Y,6.833832728801977,0.0,20.501498186405932,0.0,15,0.0,0.0,0.0,0.0,25,0.0,20,0.0,0.7692307692300293,N,,N,
06:53,PAYTM,6705,1603.2,0.6,1.19,,84.8,5.8,NORMAL,Y,5.9609713245905755,0.0,17.88291397377173,0.0,15,0.0,0.0,1.0046925027089673,25,0.0,20,0.0,0.0,4.761904761904968,N,,N,
06:53,CREDITACC,4421,1548.0,0.5,1.0,,37.7,61.7,NORMAL,Y,4.999026163734367,0.0,14.997078491203103,0.0,15,0.0,0.0,2.748246323608745,0.0,25,0.0,20,0.0,13.913043478260354,N,,N,
06:53,IDFCFIRSTB,11184,84.69,0.5,1.0,,79.9,20.0,NORMAL,Y,4.983980064079764,0.0,14.951940192239292,0.0,15,0.0,0.0,0.0,25,0.0,20,0.0,0.0,20.0,N,,N,
06:53,COCHINSHIP,21508,1503.4,0.49,0.99,,86.9,18.9,NORMAL,Y,4.946524064171184,0.0,14.839572192513552,0.0,15,0.0,0.0,7.154752506515666,25,0.0,20,0.0,0.0,11.764705882352626,N,,N,
06:53,ZODIACLOTH,3821,77.54,0.38,0.75,,75.0,0.0,NORMAL,Y,3.7540453074434463,0.0,11.262135922330339,0.0,15,0.0,0.0,0.0,25,0.0,20,0.0,0.0,0.0,N,,N,
06:53,GEOJITFSL,11896,77.05,0.35,0.7,,89.3,5.2,NORMAL,N,3.5165407658243817,0.0,10.549622297473146,0.0,15,0.0,0.0,5.249945807167482,25,0.0,20,0.0,10.0,0.0,N,,N,
06:53,INDIAMART,10726,1790.1,0.33,0.65,,95.8,11.8,NORMAL,N,3.2505744549683095,0.0,9.75172336490493,0.0,15,0.0,0.0,11.76887806064295,25,0.0,20,0.0,11.052631578947024,0.0,N,,N,
06:53,IPCALAB,1633,1754.0,0.32,0.64,,59.3,43.3,NORMAL,N,3.202928391672334,0.0,9.608785175017001,0.0,15,0.0,0.0,6.469979840865932,25,0.0,0.0,20,0.0,16.867469879518165,N,,N,
06:53,GODREJCP,10099,919.1,-10.33,20.66,,30.0,100.0,NORMAL,Y,0.0,30.0,30.0,0.0,0.0,15,0.0,0.0,0.0,25,0.0,20,0.0,10.0,N,,N,
06:53,JUBLPHARMA,3637,905.4,-6.18,12.35,,59.4,65.0,NORMAL,Y,0.0,30.0,30.0,0.0,0.0,15,0.0,0.0,25,0.0,0.0,20,4.375000000000222,0.0,N,,N,
06:53,TECHNOE,6445,994.0,-6.05,12.11,,31.7,98.2,NORMAL,Y,0.0,30.0,30.0,0.0,0.0,15,0.0,1.6704631204047884,0.0,25,0.0,20,0.0,6.521739130434911,N,,N,
06:53,MATRIMONY,21726,508.65,-5.3,10.59,,58.6,105.8,NORMAL,N,0.0,30.0,30.0,0.0,0.0,15,0.0,15.774384705968632,0.0,25,0.0,20,12.77777777777776,0.0,N,,N,
06:53,BALRAMCHIN,341,594.7,-5.27,10.54,,60.0,65.6,NORMAL,Y,0.0,30.0,30.0,0.0,0.0,15,0.0,0.5744447616667767,25,0.0,0.0,20,4.444444444445567,0.0,N,,N,
06:53,FORTIS,14592,887.05,-5.15,10.3,,30.0,107.0,NORMAL,Y,0.0,30.0,30.0,0.0,0.0,15,0.0,0.0,0.0,25,0.0,20,0.0,17.037037037036413,N,,N,
06:53,RHIM,31163,394.4,-5.09,10.18,,55.0,75.0,NORMAL,Y,0.0,30.0,30.0,0.0,0.0,15,0.0,0.0,25,0.0,0.0,20,0.0,10.000000000000473,N,,N,
06:53,RAMCOSYS,7851,619.9,-5.0,9.99,,30.0,90.0,NORMAL,Y,0.0,30.0,30.0,0.0,0.0,15,0.0,0.0,0.0,25,0.0,20,0.0,0.0,N,,N,
06:53,UNICHEMLAB,3579,547.65,-4.56,9.11,,52.2,97.2,NORMAL,N,0.0,30.0,30.0,0.0,0.0,15,0.0,7.188186711239775,0.0,25,0.0,20,14.999999999999797,0.0,N,,N,
06:53,ZENITHEXPO,4176,240.4,-4.25,8.5,,55.0,135.0,NORMAL,N,0.0,30.0,30.0,0.0,0.0,15,0.0,25.0,0.0,25,0.0,20,0.0,20.0,N,,N,
06:53,WINDLAS,5366,904.85,-4.06,8.11,,30.0,97.1,NORMAL,N,0.0,30.0,30.0,0.0,0.0,15,0.0,0.0,0.0,25,0.0,20,0.0,7.058823529411843,N,,N,
06:53,SUDARSCHEM,3327,1071.2,-3.5,6.99,,47.3,99.7,NORMAL,N,0.0,30.0,30.0,0.0,0.0,15,0.0,9.66482055107637,0.0,25,0.0,20,7.586206896551157,0.0,N,,N,
06:53,JYOTHYLAB,15146,197.22,-3.34,6.68,,31.9,97.8,NORMAL,Y,0.0,30.0,30.0,0.0,0.0,15,0.0,1.9155333307063882,0.0,25,0.0,20,0.0,5.882352941176077,N,,N,
06:53,GODREJIND,10925,1246.7,-3.34,6.68,,38.3,104.8,NORMAL,Y,0.0,30.0,30.0,0.0,0.0,15,0.0,8.293844533742552,0.0,25,0.0,20,0.0,6.486486486486652,N,,N,
06:53,OMNI,760865,578.9,-3.23,6.47,,48.1,90.5,NORMAL,Y,0.0,30.0,30.0,0.0,0.0,15,0.0,0.4506760738097867,0.0,25,0.0,20,17.64705882352894,0.0,N,,N,
06:53,ADANIGREEN,3563,1322.2,-3.21,6.41,,30.0,104.6,NORMAL,Y,0.0,30.0,30.0,0.0,0.0,15,0.0,0.0,0.0,25,0.0,20,0.0,14.615384615384547,N,,N,
06:53,MAXHEALTH,22377,1007.2,-3.15,6.31,,30.0,110.0,NORMAL,Y,0.0,30.0,30.0,0.0,0.0,15,0.0,0.0,0.0,25,0.0,20,0.0,20.0,N,,N,
06:53,TEJASNET,21131,517.0,-3.11,6.22,,31.6,108.3,NORMAL,Y,0.0,30.0,30.0,0.0,0.0,15,0.0,1.5950185864863198,0.0,25,0.0,20,0.0,16.666666666666035,N,,N,
06:53,TMPV,3456,336.95,-3.06,6.13,,39.0,90.0,NORMAL,Y,0.0,30.0,30.0,0.0,0.0,15,0.0,0.0,0.0,25,0.0,20,8.999999999999773,0.0,N,,N,
06:53,RGL,15129,111.68,-3.06,6.11,,68.1,115.0,NORMAL,Y,0.0,30.0,30.0,0.0,0.0,15,0.0,25.0,0.0,25,0.0,20,13.07692307692295,0.0,N,,N,
06:53,EPACKPEB,759251,239.8,-2.97,5.95,,48.9,94.1,NORMAL,Y,0.0,29.73902488367386,30.0,0.0,0.0,15,0.0,4.336080764719101,0.0,25,0.0,20,14.545454545454453,0.0,N,,N,
06:53,BRIGADE,15184,587.4,-2.93,5.85,,46.7,89.3,NORMAL,N,0.0,29.25136341100652,30.0,0.0,0.0,15,0.0,0.0,0.0,25,0.0,20,16.666666666669194,0.0,N,,N,
06:53,KNRCON,15283,132.84,-2.92,5.85,,58.4,84.1,NORMAL,N,0.0,29.231218941829873,30.0,0.0,0.0,15,0.0,3.407640053082941,25,0.0,0.0,20,0.0,16.470588235290972,N,,N,
06:53,AIIL,23553,557.45,-2.79,5.58,,75.0,50.2,NORMAL,Y,0.0,27.901299154241865,30.0,0.0,0.0,15,0.0,0.0,25,0.0,20,0.0,0.0,7.272727272729528,N,,N,
06:53,ASTERDM,1508,831.25,-2.77,5.53,,60.2,85.5,NORMAL,N,0.0,27.664054275353816,30.0,0.0,0.0,15,0.0,5.168750910584045,25,0.0,0.0,20,0.0,17.64705882352894,N,,N,
06:53,SURYAROSNI,3375,229.35,-2.75,5.5,,38.8,107.7,NORMAL,Y,0.0,27.47742017555026,30.0,0.0,0.0,15,0.0,8.81953193493179,0.0,25,0.0,20,0.0,11.428571428572589,N,,N,
06:53,MRPL,2283,176.32,-2.66,5.32,,55.0,67.5,NORMAL,N,0.0,26.609252511869236,30.0,0.0,0.0,15,0.0,0.0,25,0.0,0.0,20,0.0,5.909090909090732,N,,N,
06:53,WSTCSTPAPR,3799,581.35,-2.64,5.28,,57.2,106.1,NORMAL,N,0.0,26.37749120750293,30.0,0.0,0.0,15,0.0,19.751092858458062,0.0,25,0.0,20,7.45098039215674,0.0,N,,N,
06:53,REDINGTON,14255,345.2,-2.64,5.27,,33.1,93.3,NORMAL,N,0.0,26.371456776195245,30.0,0.0,0.0,15,0.0,3.133431418501432,0.0,25,0.0,20,0.0,3.7499999999996447,N,,N,
06:53,PARADEEP,9741,147.91,-2.56,5.13,,46.2,85.6,NORMAL,N,0.0,25.625823451910506,30.0,0.0,0.0,15,0.0,0.0,0.0,25,0.0,20,16.170212765958503,0.0,N,,N,
06:53,PATANJALI,17029,344.05,-2.54,5.07,,55.5,74.6,NORMAL,Y,0.0,25.354107648725183,30.0,0.0,0.0,15,0.0,0.45351699518783994,25,0.0,0.0,20,0.0,13.750000000000089,N,,N,
06:53,RUPA,25724,154.74,-2.53,5.06,,30.0,97.8,NORMAL,Y,0.0,25.321239606953785,30.0,0.0,0.0,15,0.0,0.0,0.0,25,0.0,20,0.0,12.500000000000888,N,,N,
06:53,VIPIND,3703,308.9,-2.52,5.05,,45.0,85.2,NORMAL,N,0.0,25.24455664247397,30.0,0.0,0.0,15,0.0,0.0,0.0,25,0.0,20,14.999999999998579,0.0,N,,N,
06:53,LUXIND,11301,1217.6,-2.5,5.0,,30.0,85.0,NORMAL,Y,0.0,24.983984625240264,30.0,0.0,0.0,15,0.0,0.0,0.0,25,0.0,20,0.0,0.0,N,,N,
06:53,PTC,11355,167.71,-2.47,4.93,,32.5,84.7,NORMAL,N,0.0,24.658330910148187,30.0,0.0,0.0,15,0.0,0.0,0.0,25,0.0,20,2.4999999999982236,0.0,N,,N,
06:53,ZUARI,29050,219.97,-2.42,4.84,,47.6,100.2,NORMAL,Y,0.0,24.177091651140046,30.0,0.0,0.0,15,0.0,16.037896985548368,0.0,25,0.0,20,1.5789473684211313,0.0,N,,N,
06:53,KPITTECH,9683,612.0,-2.39,4.78,,44.5,86.1,NORMAL,N,0.0,23.923444976076556,30.0,0.0,0.0,15,0.0,2.1442454869569243,0.0,25,0.0,20,12.380952380951145,0.0,N,,N,
06:53,TATASTEEL,3499,183.77,-2.38,4.76,,32.4,95.2,NORMAL,Y,0.0,23.79814077025227,30.0,0.0,0.0,15,0.0,2.4151689582782896,0.0,25,0.0,20,0.0,9.000000000000853,N,,N,
06:53,EXICOM,22947,140.6,-2.33,4.65,,30.0,94.7,NORMAL,Y,0.0,23.271969433831156,30.0,0.0,0.0,15,0.0,0.0,0.0,25,0.0,20,0.0,11.428571428570963,N,,N,
06:53,HIKAL,9668,213.0,-2.28,4.57,,50.0,82.8,NORMAL,Y,0.0,22.846132672722224,30.0,0.0,0.0,15,0.0,0.0,0.0,25,0.0,20,20.0,0.0,N,,N,
06:53,VMM,27969,107.75,-2.27,4.54,,38.0,82.7,NORMAL,Y,0.0,22.67573696145125,30.0,0.0,0.0,15,0.0,0.0,0.0,25,0.0,20,8.000000000002274,0.0,N,,N,
06:53,AEGISLOG,40,1268.2,-2.27,4.53,,43.3,105.0,NORMAL,Y,0.0,22.657213316892623,30.0,0.0,0.0,15,0.0,13.298895917733319,0.0,25,0.0,20,0.0,9.090909090909216,N,,N,
06:53,INTELLECT,5926,707.35,-2.25,4.5,,33.5,105.1,NORMAL,Y,0.0,22.524701167691504,30.0,0.0,0.0,15,0.0,3.513168145440587,0.0,25,0.0,20,0.0,19.02439024390225,N,,N,
06:53,ERIS,21154,1359.6,-2.21,4.42,,55.0,61.8,NORMAL,Y,0.0,22.08156512982813,30.0,0.0,0.0,15,0.0,0.0,25,0.0,0.0,20,0.0,4.705882352939446,N,,N,
06:53,PREMIERENE,25049,1027.0,-2.19,4.38,,44.6,86.5,NORMAL,Y,0.0,21.904761904761905,30.0,0.0,0.0,15,0.0,4.613765918650295,0.0,25,0.0,20,10.0,0.0,N,,N,
06:53,HEXT,29666,553.1,-2.13,4.26,,54.5,85.8,NORMAL,Y,0.0,21.321772980624534,30.0,0.0,0.0,15,0.0,4.4711310544474445,0.0,25,0.0,20,20.0,0.0,N,,N,
06:53,BSOFT,6994,313.6,-2.09,4.18,,35.0,80.9,NORMAL,N,0.0,20.917889478613763,30.0,0.0,0.0,15,0.0,0.0,0.0,25,0.0,20,5.0,0.0,N,,N,
06:53,PSPPROJECT,20877,915.1,-2.08,4.15,,56.2,62.1,NORMAL,Y,0.0,20.759764579989277,30.0,0.0,0.0,15,0.0,1.1905915191575809,25,0.0,0.0,20,0.0,5.172413793103488,N,,N,
06:53,ABDL,24308,607.15,-2.04,4.08,,50.0,80.4,NORMAL,Y,0.0,20.409809616005127,30.0,0.0,0.0,15,0.0,0.0,0.0,25,0.0,20,20.0,0.0,N,,N,
06:53,MAXESTATES,19646,418.0,-2.03,4.05,,55.0,55.3,NORMAL,N,0.0,20.274229462088307,30.0,0.0,0.0,15,0.0,0.0,25,0.0,0.0,20,0.0,0.0,N,,N,
06:53,ROLEXRINGS,5279,173.74,-2.0,4.0,,55.0,69.5,NORMAL,N,0.0,20.023689999435856,30.0,0.0,0.0,15,0.0,0.0,25,0.0,0.0,20,0.0,14.46808510638316,N,,N,
06:53,TCS,11536,2319.4,-5.16,10.33,,41.6,93.1,NORMAL,Y,0.0,30.0,30.0,0.0,0.0,15,0.0,3.10969030329735,0.0,25,0.0,20,8.444444444444848,0.0,N,,N,
06:53,PIIND,24184,2596.4,-4.89,9.79,,79.1,105.7,NORMAL,Y,0.0,30.0,30.0,0.0,0.0,15,0.0,24.13700846906067,25,0.0,0.0,20,0.0,16.528117359413255,N,,N,
06:53,LLOYDSME,17313,1913.3,-3.67,7.34,,33.0,97.9,NORMAL,Y,0.0,30.0,30.0,0.0,0.0,15,0.0,2.986177300225276,0.0,25,0.0,20,0.0,4.864864864864067,N,,N,
06:53,IFCI,1491,73.14,-3.38,6.76,,30.0,90.0,NORMAL,Y,0.0,30.0,30.0,0.0,0.0,15,0.0,0.0,0.0,25,0.0,20,0.0,0.0,N,,N,
06:53,SONATSOFTW,6596,327.25,-1.99,3.98,,59.8,71.1,NORMAL,N,0.0,19.916142557651924,30.0,0.0,0.0,15,0.0,4.757138365238294,25,0.0,0.0,20,0.0,11.428571428571892,N,,N,
06:53,INFY,1594,1167.2,-1.97,3.95,,37.1,82.3,NORMAL,N,0.0,19.73628957755942,30.0,0.0,0.0,15,0.0,2.533553720842657,0.0,25,0.0,20,4.615384615384077,0.0,N,,N,
06:53,UNOMINDA,14154,1249.9,-1.97,3.94,,47.1,81.1,NORMAL,N,0.0,19.686274509803848,30.0,0.0,0.0,15,0.0,1.4270186742002613,0.0,25,0.0,20,15.714285714286294,0.0,N,,N,
06:53,ASAHIINDIA,5378,884.0,-1.96,3.92,,36.4,95.0,NORMAL,Y,0.0,19.57522320190759,30.0,0.0,0.0,15,0.0,6.429413261517493,0.0,25,0.0,20,0.0,8.999999999998636,N,,N,
06:53,JUBLINGREA,2783,718.85,-1.94,3.89,,41.3,80.8,NORMAL,Y,0.0,19.43800300095485,30.0,0.0,0.0,15,0.0,1.3351138403890035,0.0,25,0.0,20,10.0,0.0,N,,N,
06:53,BPCL,526,311.65,-1.94,3.87,,30.0,89.4,NORMAL,Y,0.0,19.351793580868577,30.0,0.0,0.0,15,0.0,0.0,0.0,25,0.0,20,0.0,10.0,N,,N,
06:53,KALYANKJIL,2955,590.55,-1.93,3.87,,68.8,70.4,NORMAL,N,0.0,19.345732314845716,30.0,0.0,0.0,15,0.0,13.753343067221799,25,0.0,0.0,20,0.0,2.3076923076920384,N,,N,
06:53,MANAPPURAM,19061,353.05,-1.93,3.86,,33.2,79.3,NORMAL,Y,0.0,19.305555555555525,30.0,0.0,0.0,15,0.0,0.0,0.0,25,0.0,20,3.1578947368416643,0.0,N,,N,
06:53,M&M,2031,3414.1,-2.93,5.85,,62.8,64.3,NORMAL,N,0.0,29.25789024736994,30.0,0.0,0.0,15,0.0,0.0,25,0.0,0.0,20,7.777777777781988,0.0,N,,N,
06:53,SHALBY,714,158.57,-1.92,3.83,,34.0,79.2,NORMAL,Y,0.0,19.174862373971635,30.0,0.0,0.0,15,0.0,0.0,0.0,25,0.0,20,3.9999999999954525,0.0,N,,N,
06:53,GMRAIRPORT,13528,103.11,-1.9,3.81,,30.0,87.7,NORMAL,Y,0.0,19.027685282085432,30.0,0.0,0.0,15,0.0,0.0,0.0,25,0.0,20,0.0,8.695652173912936,N,,N,
06:53,KSB,1949,796.55,-1.88,3.77,,33.6,86.7,NORMAL,Y,0.0,18.84584590749531,30.0,0.0,0.0,15,0.0,3.6165868000924104,0.0,25,0.0,20,0.0,4.21052631578834,N,,N,
06:53,NLCINDIA,8585,280.7,-1.87,3.74,,30.8,82.0,NORMAL,Y,0.0,18.703023946862515,30.0,0.0,0.0,15,0.0,0.7764255379698406,0.0,25,0.0,20,0.0,2.499999999997513,N,,N,
06:53,SURYODAY,2970,160.6,-1.87,3.74,,40.0,92.4,NORMAL,Y,0.0,18.697299278993047,30.0,0.0,0.0,15,0.0,10.031944843320737,0.0,25,0.0,20,0.0,3.636363636365985,N,,N,
06:53,GREAVESCOT,1235,194.1,-1.86,3.72,,59.1,70.2,NORMAL,Y,0.0,18.606532510870696,30.0,0.0,0.0,15,0.0,4.05541201093333,25,0.0,0.0,20,0.0,12.558139534883999,N,,N,
06:53,VAIBHAVGBL,11364,233.25,-1.85,3.7,,60.7,53.5,NORMAL,Y,0.0,18.514622343782897,30.0,0.0,0.0,15,0.0,0.0,25,0.0,0.0,20,5.714285714285482,0.0,N,,N,
06:53,RSYSTEMS,13414,240.6,-1.78,3.55,,38.3,84.3,NORMAL,Y,0.0,17.75872627066746,30.0,0.0,0.0,15,0.0,6.523538330202504,0.0,25,0.0,20,1.818181818182194,0.0,N,,N,
06:53,FSL,14304,274.65,-1.77,3.54,,30.0,91.0,NORMAL,Y,0.0,17.703862660944363,30.0,0.0,0.0,15,0.0,0.0,0.0,25,0.0,20,0.0,13.33333333333207,N,,N,
06:53,ANGELONE,324,286.25,-1.77,3.53,,68.3,52.7,NORMAL,Y,0.0,17.67330130404934,30.0,0.0,0.0,15,0.0,0.0,25,0.0,0.0,20,13.333333333334176,0.0,N,,N,
06:53,MEDANTA,11956,1415.0,-1.76,3.53,,62.5,52.6,NORMAL,N,0.0,17.633990558178347,30.0,0.0,0.0,15,0.0,0.0,25,0.0,0.0,20,7.4999999999992895,0.0,N,,N,
06:53,EMSLIMITED,18593,387.0,-1.75,3.5,,59.1,53.7,NORMAL,Y,0.0,17.51713632901746,30.0,0.0,0.0,15,0.0,1.148794045352183,25,0.0,0.0,20,2.9999999999995453,0.0,N,,N,
06:53,DEVYANI,5373,140.32,-1.73,3.46,,75.0,42.3,NORMAL,N,0.0,17.298130121156937,30.0,0.0,0.0,15,0.0,0.0,25,0.0,20,0.0,0.0,10.000000000002842,N,,N,
06:53,SANGAMIND,4184,572.0,-1.71,3.42,,55.0,72.1,NORMAL,Y,0.0,17.09768880488022,30.0,0.0,0.0,15,0.0,0.0,25,0.0,0.0,20,0.0,20.0,N,,N,
06:53,SUNTECK,17641,291.5,-1.7,3.41,,33.7,82.6,NORMAL,Y,0.0,17.0291687742371,30.0,0.0,0.0,15,0.0,3.721491409952308,0.0,25,0.0,20,0.0,1.818181818182194,N,,N,
06:53,HAPPSTMNDS,48,387.85,-1.65,3.3,,43.2,77.7,NORMAL,Y,0.0,16.482819830100162,30.0,0.0,0.0,15,0.0,1.1693308392702846,0.0,25,0.0,20,12.000000000002728,0.0,N,,N,
06:53,ADANIPOWER,17388,205.59,-1.63,3.26,,30.3,94.6,NORMAL,Y,0.0,16.31578947368419,30.0,0.0,0.0,15,0.0,0.2546740052093036,0.0,25,0.0,20,0.0,17.999999999999808,N,,N,
06:53,SAPPHIRE,6718,232.21,-1.61,3.23,,91.5,31.5,NORMAL,N,0.0,16.142699771205837,30.0,0.0,0.0,15,0.0,0.3378461457275122,25,0.0,20,0.0,16.190476190474385,0.0,N,,N,
06:53,WOCKPHARMA,7506,1859.6,-2.61,5.22,,45.8,89.7,NORMAL,Y,0.0,26.081491568031936,30.0,0.0,0.0,15,0.0,3.636598407313313,0.0,25,0.0,20,12.173913043479292,0.0,N,,N,
06:53,SYMPHONY,24190,630.9,-1.6,3.2,,52.4,90.2,NORMAL,Y,0.0,15.986898541682914,30.0,0.0,0.0,15,0.0,14.254407881022098,0.0,25,0.0,20,8.10810810810801,0.0,N,,N,
06:53,PCBL,2649,317.0,-1.6,3.2,,30.0,85.1,NORMAL,Y,0.0,15.986341766257885,30.0,0.0,0.0,15,0.0,0.0,0.0,25,0.0,20,0.0,9.090909090908903,N,,N,
06:53,EIDPARRY,916,775.95,-1.59,3.18,,57.7,63.6,NORMAL,Y,0.0,15.916296766011355,30.0,0.0,0.0,15,0.0,2.6592773746584744,25,0.0,0.0,20,0.0,10.00000000000071,N,,N,
06:53,KIRIINDUS,16639,420.0,-1.57,3.14,,30.0,75.7,NORMAL,N,0.0,15.70189828919613,30.0,0.0,0.0,15,0.0,0.0,0.0,25,0.0,20,0.0,0.0,N,,N,
06:53,DABUR,772,406.2,-1.56,3.13,,30.0,75.6,NORMAL,Y,0.0,15.630679752817128,30.0,0.0,0.0,15,0.0,0.0,0.0,25,0.0,20,0.0,0.0,N,,N,
06:53,JSWENERGY,17869,554.25,-1.55,3.11,,44.2,77.3,NORMAL,Y,0.0,15.541740674955594,30.0,0.0,0.0,15,0.0,1.7369186351761143,0.0,25,0.0,20,12.50000000000071,0.0,N,,N,
06:53,NEWGEN,1164,546.5,-1.55,3.1,,63.6,52.6,NORMAL,Y,0.0,15.492704017294221,30.0,0.0,0.0,15,0.0,2.1372619682918925,25,0.0,0.0,20,6.4285714285716615,0.0,N,,N,
06:53,SPARC,14788,202.09,-1.54,3.09,,33.3,88.8,NORMAL,Y,0.0,15.44382734093339,30.0,0.0,0.0,15,0.0,3.322374285642832,0.0,25,0.0,20,0.0,9.99999999999929,N,,N,
06:53,HISARMETAL,19322,152.99,-1.54,3.08,,100.0,75.4,NORMAL,N,0.0,15.381644999356327,30.0,0.0,0.0,15,0.0,25.0,25,0.0,20,0.0,0.0,20.0,N,,N,
06:53,CENTURYPLY,13305,764.5,-1.53,3.07,,41.9,79.0,NORMAL,Y,0.0,15.32715095311692,30.0,0.0,0.0,15,0.0,3.646348697455325,0.0,25,0.0,20,8.235294117647374,0.0,N,,N,
06:53,RALLIS,2816,208.3,-1.51,3.03,,58.2,51.8,NORMAL,Y,0.0,15.130023640661884,30.0,0.0,0.0,15,0.0,1.6751915457984667,25,0.0,0.0,20,1.4814814814821833,0.0,N,,N,
06:53,METROPOLIS,9581,557.7,-1.51,3.02,,30.0,84.2,NORMAL,Y,0.0,15.099337748344292,30.0,0.0,0.0,15,0.0,0.0,0.0,25,0.0,20,0.0,9.090909090909843,N,,N,
06:53,WESTLIFE,11580,574.65,-1.51,3.02,,31.9,91.0,NORMAL,N,0.0,15.082697746165167,30.0,0.0,0.0,15,0.0,1.9093801435619049,0.0,25,0.0,20,0.0,14.00000000000091,N,,N,
06:53,MAITHANALL,24538,990.5,-1.5,3.0,,69.3,59.4,NORMAL,N,0.0,15.015910898965814,30.0,0.0,0.0,15,0.0,9.34566837629964,25,0.0,0.0,20,5.000000000000407,0.0,N,,N,
06:54,LODHA,3220,1194.2,-1.47,2.94,,43.4,97.5,NORMAL,Y,0.0,14.68646864686465,30.0,0.0,0.0,15,0.0,13.44005810335562,0.0,25,0.0,20,0.0,9.411764705881566,N,,N,
06:54,DEEPAKNTR,19943,1740.8,-2.47,4.93,,56.2,59.7,NORMAL,N,0.0,24.65262214253698,30.0,0.0,0.0,15,0.0,0.06223822544809292,25,0.0,0.0,20,1.1764705882356088,0.0,N,,N,
06:54,KEC,13260,444.15,-1.46,2.93,,32.2,90.6,NORMAL,Y,0.0,14.642262895174758,30.0,0.0,0.0,15,0.0,2.2078348220917676,0.0,25,0.0,20,0.0,13.750000000001066,N,,N,
06:54,PRAJIND,2705,325.15,-1.44,2.88,,32.5,74.4,NORMAL,N,0.0,14.398302515913914,30.0,0.0,0.0,15,0.0,0.0,0.0,25,0.0,20,2.5000000000003553,0.0,N,,N,
06:54,RAMKY,20134,390.75,-1.39,2.78,,91.0,78.9,NORMAL,Y,0.0,13.8801261829653,30.0,0.0,0.0,15,0.0,25.0,0.0,25,20,0.0,16.000000000000227,0.0,N,,N,
06:54,FDC,4898,355.9,-1.39,2.77,,36.9,83.3,NORMAL,Y,0.0,13.854253255749516,30.0,0.0,0.0,15,0.0,6.921980045440349,0.0,25,0.0,20,0.0,2.5000000000003553,N,,N,
06:54,NELCO,2388,981.7,-1.35,2.69,,55.1,68.5,NORMAL,N,0.0,13.465983318259447,30.0,0.0,0.0,15,0.0,0.08292244241606922,25,0.0,0.0,20,0.0,20.0,N,,N,
06:54,MARICO,4067,843.5,-1.35,2.69,,57.9,67.4,NORMAL,Y,0.0,13.450292397660819,30.0,0.0,0.0,15,0.0,2.9224051568635074,25,0.0,0.0,20,0.0,15.99999999999909,N,,N,
06:54,MUNJALAU,13511,100.65,-1.34,2.69,,48.2,96.4,NORMAL,Y,0.0,13.428739462850327,30.0,0.0,0.0,15,0.0,18.20354448083975,0.0,25,0.0,20,0.0,4.799999999999045,N,,N,
06:54,BECTORFOOD,1628,237.45,-1.32,2.63,,83.2,31.3,NORMAL,N,0.0,13.174299725708652,30.0,0.0,0.0,15,0.0,3.1715465147893673,25,0.0,20,0.0,5.0,0.0,N,,N,
06:54,KIMS,4847,802.45,-1.3,2.61,,38.6,86.0,NORMAL,Y,0.0,13.037328577578144,30.0,0.0,0.0,15,0.0,8.565100143413845,0.0,25,0.0,20,0.0,4.444444444444024,N,,N,
06:54,ROUTE,128,523.2,-1.3,2.6,,31.3,74.3,NORMAL,Y,0.0,13.016411997736233,30.0,0.0,0.0,15,0.0,1.3157136774876812,0.0,25,0.0,20,0.0,0.0,N,,N,
06:54,GODREJPROP,17875,1991.0,-2.3,4.6,,35.9,100.0,NORMAL,Y,0.0,23.01388684430055,30.0,0.0,0.0,15,0.0,5.891526586503184,0.0,25,0.0,20,0.0,11.11111111111069,N,,N,
06:54,JUBLFOOD,18096,481.85,-1.3,2.6,,56.9,49.9,NORMAL,N,0.0,13.006964358869247,30.0,0.0,0.0,15,0.0,1.9381629836290128,25,0.0,0.0,20,0.0,0.0,N,,N,
06:54,PRINCEPIPE,16045,267.55,-1.29,2.58,,55.7,48.6,NORMAL,Y,0.0,12.912746725696366,30.0,0.0,0.0,15,0.0,0.7192569434183806,25,0.0,0.0,20,0.0,0.0,N,,N,
06:54,360ONE,13061,1153.0,-1.28,2.57,,76.5,39.3,NORMAL,N,0.0,12.842465753424657,30.0,0.0,0.0,15,0.0,1.4741070395851075,25,0.0,20,0.0,0.0,10.000000000002842,N,,N,
06:54,JINDALSAW,3024,270.1,-1.26,2.52,,30.7,93.3,NORMAL,N,0.0,12.611953938950789,30.0,0.0,0.0,15,0.0,0.7217111544799268,0.0,25,0.0,20,0.0,20.0,N,,N,
06:54,WIPRO,3787,182.28,-1.26,2.51,,36.3,94.4,NORMAL,N,0.0,12.567713976164644,30.0,0.0,0.0,15,0.0,6.335189983087151,0.0,25,0.0,20,0.0,15.454545454546981,N,,N,
06:54,PDSL,5264,371.8,-1.25,2.5,,78.5,46.2,NORMAL,N,0.0,12.483399734395721,30.0,0.0,0.0,15,0.0,3.508214492137622,25,0.0,20,0.0,0.0,15.199999999999818,N,,N,
06:54,IEX,220,124.43,-1.25,2.49,,32.8,87.1,NORMAL,Y,0.0,12.460317460317405,30.0,0.0,0.0,15,0.0,2.787004449567088,0.0,25,0.0,20,0.0,11.818181818182758,N,,N,
06:54,WHIRLPOOL,18011,785.15,-1.25,2.49,,30.0,76.5,NORMAL,Y,0.0,12.452047041066571,30.0,0.0,0.0,15,0.0,0.0,0.0,25,0.0,20,0.0,4.0000000000009095,N,,N,
06:54,DIAMONDYD,21840,1192.5,-1.24,2.48,,33.8,76.2,NORMAL,N,0.0,12.422360248447204,30.0,0.0,0.0,15,0.0,3.8165883022971734,0.0,25,0.0,20,0.0,0.0,N,,N,
06:54,TRITURBINE,25584,593.0,-1.22,2.45,,56.1,60.3,NORMAL,Y,0.0,12.242858332639333,30.0,0.0,0.0,15,0.0,1.1000437752279564,25,0.0,0.0,20,0.0,12.000000000001211,N,,N,
06:54,BEL,383,400.9,-1.22,2.44,,33.3,79.5,NORMAL,N,0.0,12.196624368609204,30.0,0.0,0.0,15,0.0,3.323236254433093,0.0,25,0.0,20,0.0,3.9999999999986358,N,,N,
06:54,NBCC,31415,91.72,-2.22,4.43,,64.4,72.3,NORMAL,Y,0.0,22.174840085287826,30.0,0.0,0.0,15,0.0,9.383731864617424,25,0.0,0.0,20,0.0,5.71428571428557,N,,N,
06:54,TATACONSUM,3432,1065.0,-1.21,2.41,,79.4,65.7,NORMAL,Y,0.0,12.059369202226344,30.0,0.0,0.0,15,0.0,13.636598261172846,0.0,25,20,0.0,15.789473684211659,0.0,N,,N,
06:54,THYROCARE,17032,641.55,-1.2,2.4,,55.0,63.0,NORMAL,N,0.0,12.012012012012116,30.0,0.0,0.0,15,0.0,0.0,25,0.0,0.0,20,0.0,16.000000000003638,N,,N,
06:54,MOREPENLAB,2259,75.2,-2.2,4.4,,42.3,85.2,NORMAL,N,0.0,21.97945116400049,30.0,0.0,0.0,15,0.0,3.1796876614856506,0.0,25,0.0,20,9.090909090908621,0.0,N,,N,
06:54,SHILPAMED,17752,810.0,-1.18,2.37,,51.4,79.5,NORMAL,N,0.0,11.833597657679693,30.0,0.0,0.0,15,0.0,7.702367820873294,0.0,25,0.0,20,13.714285714286234,0.0,N,,N,
06:54,ZENSARTECH,1076,494.8,-1.16,2.32,,69.7,56.8,NORMAL,Y,0.0,11.586096683979248,30.0,0.0,0.0,15,0.0,10.211597827154948,25,0.0,0.0,20,4.444444444444304,0.0,N,,N,
06:54,TATAPOWER,3426,375.6,-1.16,2.32,,36.2,87.8,NORMAL,Y,0.0,11.578947368420994,30.0,0.0,0.0,15,0.0,6.217547073812649,0.0,25,0.0,20,0.0,10.0,N,,N,
06:54,SWANCORP,27095,307.7,-1.14,2.28,,30.0,71.4,NORMAL,Y,0.0,11.405622489959875,30.0,0.0,0.0,15,0.0,0.0,0.0,25,0.0,20,0.0,0.0,N,,N,
06:54,GULFOILLUB,4391,1176.4,-1.13,2.25,,55.0,59.2,NORMAL,N,0.0,11.262397041519469,30.0,0.0,0.0,15,0.0,0.0,25,0.0,0.0,20,0.0,12.94117647058682,N,,N,
06:54,HINDPETRO,1406,386.45,-1.13,2.25,,40.0,71.3,NORMAL,Y,0.0,11.257515670973607,30.0,0.0,0.0,15,0.0,0.0,0.0,25,0.0,20,9.999999999998105,0.0,N,,N,
06:54,SESHAPAPER,3066,230.38,-1.12,2.25,,30.0,71.2,NORMAL,N,0.0,11.244635193133066,30.0,0.0,0.0,15,0.0,0.0,0.0,25,0.0,20,0.0,0.0,N,,N,
06:54,JKIL,15266,492.05,-1.12,2.23,,30.0,71.2,NORMAL,Y,0.0,11.153536977491983,30.0,0.0,0.0,15,0.0,0.0,0.0,25,0.0,20,0.0,0.0,N,,N,
06:54,SAREGAMA,4892,523.2,-1.12,2.23,,55.0,46.2,NORMAL,N,0.0,11.151011151011106,30.0,0.0,0.0,15,0.0,0.0,25,0.0,0.0,20,0.0,0.0,N,,N,
06:54,LXCHEM,2841,172.94,-1.11,2.23,,30.0,71.1,NORMAL,Y,0.0,11.149865629824397,30.0,0.0,0.0,15,0.0,0.0,0.0,25,0.0,20,0.0,0.0,N,,N,
06:54,SUPREMEIND,3363,3421.6,-2.1,4.2,,79.6,37.6,NORMAL,Y,0.0,21.001430615164548,30.0,0.0,0.0,15,0.0,1.556113787578215,25,0.0,20,0.0,3.076923076923884,0.0,N,,N,
06:54,LTF,24948,311.95,-1.09,2.19,,55.9,61.9,NORMAL,Y,0.0,10.938490805326534,30.0,0.0,0.0,15,0.0,0.9434711826856299,25,0.0,0.0,20,0.0,15.000000000000949,N,,N,
06:54,RCF,2866,124.18,-1.09,2.18,,30.0,90.9,NORMAL,Y,0.0,10.911987256073202,30.0,0.0,0.0,15,0.0,0.0,0.0,25,0.0,20,0.0,20.0,N,,N,
06:54,TATACOMM,3721,1710.0,-2.07,4.13,,30.0,92.7,NORMAL,Y,0.0,20.674646354733355,30.0,0.0,0.0,15,0.0,0.0,0.0,25,0.0,20,0.0,11.999999999998181,N,,N,
06:54,HCG,15555,731.1,-1.06,2.12,,77.1,26.3,NORMAL,N,0.0,10.623181541376308,30.0,0.0,0.0,15,0.0,0.7041663673283841,25,0.0,20,0.0,1.3793103448262882,0.0,N,,N,
06:54,GANESHHOU,14339,755.85,-1.06,2.12,,58.7,49.3,NORMAL,Y,0.0,10.602788140585147,30.0,0.0,0.0,15,0.0,3.742550795297819,25,0.0,0.0,20,0.0,0.0,N,,N,
06:54,IREDA,20261,117.45,-1.05,2.11,,36.9,83.0,NORMAL,Y,0.0,10.530749789385004,30.0,0.0,0.0,15,0.0,6.891030336858598,0.0,25,0.0,20,0.0,5.599999999999454,N,,N,
06:54,IONEXCHANG,1630,376.95,-1.04,2.07,,33.6,80.0,NORMAL,Y,0.0,10.370175899186107,30.0,0.0,0.0,15,0.0,3.637754314096159,0.0,25,0.0,20,0.0,6.000000000001364,N,,N,
06:54,RAINBOW,9408,1488.7,-1.02,2.05,,55.0,58.3,NORMAL,Y,0.0,10.23868093876728,30.0,0.0,0.0,15,0.0,0.0,25,0.0,0.0,20,0.0,13.061224489795862,N,,N,
06:54,PFC,14299,377.1,-1.02,2.05,,35.0,82.5,NORMAL,Y,0.0,10.236220472440888,30.0,0.0,0.0,15,0.0,4.963145737013817,0.0,25,0.0,20,0.0,7.2727272727267085,N,,N,
06:54,ETERNAL,5097,314.75,-1.02,2.04,,30.0,86.2,NORMAL,N,0.0,10.22012578616352,30.0,0.0,0.0,15,0.0,0.0,0.0,25,0.0,20,0.0,15.99999999999909,N,,N,
06:54,ROSSARI,19410,499.75,-1.02,2.04,,55.0,63.3,NORMAL,Y,0.0,10.200039611804272,30.0,0.0,0.0,15,0.0,0.0,25,0.0,0.0,20,0.0,18.095238095238663,N,,N,
06:54,DELHIVERY,9599,468.65,-1.01,2.03,,79.4,53.4,NORMAL,Y,0.0,10.13834618227904,30.0,0.0,0.0,15,0.0,8.28395601406546,25,0.0,0.0,20,16.097560975610445,0.0,N,,N,
06:54,RELIANCE,2885,1310.8,-0.99,1.98,,62.5,46.4,NORMAL,N,0.0,9.895007175768663,29.68502152730599,0.0,0.0,15,0.0,1.5413523510220724,25,0.0,0.0,20,6.315789473685344,0.0,N,,N,
06:54,BAJFINANCE,317,1082.7,-0.97,1.94,,29.1,87.2,NORMAL,Y,0.0,9.695417543217697,29.086252629653096,0.0,0.0,15,0.0,0.0,0.0,25,0.0,20,0.0,17.499999999997158,N,,N,
06:54,EBGNG,757862,567.0,-0.97,1.94,,54.1,59.7,NORMAL,N,0.0,9.693476552266098,29.080429656798295,0.0,0.0,15,0.0,0.0,25,0.0,0.0,20,0.0,15.000000000000473,N,,N,
06:54,SHARDACROP,4992,798.6,-0.97,1.93,,37.8,82.8,NORMAL,Y,0.0,9.672619047618992,29.017857142856972,0.0,0.0,15,0.0,8.815775027069444,0.0,25,0.0,20,0.0,4.285714285713357,N,,N,
06:54,MAHLOG,385,405.4,-0.96,1.93,,31.8,92.5,NORMAL,N,0.0,9.649444240869782,28.948332722609347,0.0,0.0,15,0.0,2.852027533278052,0.0,25,0.0,20,0.0,20.0,N,,N,
06:54,JTEKTINDIA,3237,139.8,-0.96,1.93,,28.9,89.6,NORMAL,N,0.0,9.634457353357785,28.90337206007336,0.0,0.0,15,0.0,0.0,0.0,25,0.0,20,0.0,20.0,N,,N,
06:54,INDHOTEL,1512,717.15,-0.95,1.89,,40.2,92.8,NORMAL,Y,0.0,9.461325966850861,28.38397790055258,0.0,0.0,15,0.0,11.865784357867845,0.0,25,0.0,20,0.0,11.428571428572356,N,,Y,NONRESULTS
06:54,SUPRAJIT,11689,526.25,-0.94,1.88,,58.4,45.5,NORMAL,N,0.0,9.411764705882351,28.235294117647054,0.0,0.0,15,0.0,1.1226708120707125,25,0.0,0.0,20,3.9999999999993934,0.0,N,,N,
06:54,ORIENTCEM,30089,132.87,-0.94,1.88,,58.1,79.4,NORMAL,Y,0.0,9.393871617087832,28.181614851263497,0.0,0.0,15,0.0,9.966984237030074,0.0,25,0.0,20,20.0,0.0,Y,NONRESULTS,N,
06:54,SOUTHWEST,9678,226.11,-0.93,1.86,,27.9,89.3,NORMAL,Y,0.0,9.288875257415661,27.866625772246984,0.0,0.0,15,0.0,0.0,0.0,25,0.0,20,0.0,20.0,N,,N,
06:54,M&MFIN,13285,395.1,-0.93,1.86,,28.3,81.6,NORMAL,N,0.0,9.277833500501478,27.83350050150443,0.0,0.0,15,0.0,0.47116594125447075,0.0,25,0.0,20,0.0,11.87499999999969,N,,N,
06:54,J&KBANK,5633,155.41,-0.92,1.85,,43.8,70.3,NORMAL,Y,0.0,9.243911768456057,27.73173530536817,0.0,0.0,15,0.0,1.0384744266671972,0.0,25,0.0,20,14.99999999999763,0.0,N,,N,
06:54,RBLBANK,18391,386.1,-0.92,1.85,,32.4,80.8,NORMAL,N,0.0,9.237875288683517,27.71362586605055,0.0,0.0,15,0.0,4.64890866191762,0.0,25,0.0,20,0.0,6.875000000000044,N,,N,
06:54,PURVA,14922,210.37,-0.91,1.83,,52.4,44.4,NORMAL,Y,0.0,9.137581837878562,27.412745513635688,0.0,0.0,15,0.0,0.0,25,0.0,0.0,20,0.0,0.27027027027002115,N,,N,
06:54,COALINDIA,20374,408.85,-0.91,1.82,,29.9,71.7,NORMAL,Y,0.0,9.088705768298594,27.266117304895783,0.0,0.0,15,0.0,2.6150961971331266,0.0,25,0.0,20,0.0,0.0,N,,N,
06:54,GARFIBRES,1100,779.3,-0.9,1.81,,53.4,64.8,NORMAL,N,0.0,9.02848423194306,27.08545269582918,0.0,0.0,15,0.0,1.3382395246278482,25,0.0,0.0,20,0.0,19.42857142857195,N,,N,
06:54,QUICKHEAL,13131,150.0,-0.9,1.8,,47.0,69.0,NORMAL,Y,0.0,8.985200845666052,26.955602536998153,0.0,0.0,15,0.0,0.0,0.0,25,0.0,20,20.0,0.0,N,,N,
06:54,XCHANGING,11705,67.15,-1.88,3.77,,33.7,83.5,NORMAL,N,0.0,18.84862653419042,30.0,0.0,0.0,15,0.0,3.67629991364674,0.0,25,0.0,20,0.0,0.9999999999990763,N,,N,
06:54,UCAL,3570,116.61,-0.88,1.77,,71.5,23.8,NORMAL,Y,0.0,8.839779005524914,26.519337016574745,0.0,0.0,15,0.0,0.0,25,0.0,20,0.0,0.0,0.0,N,,N,
06:54,TIMKEN,14198,3222.3,-1.88,3.75,,59.6,62.0,NORMAL,N,0.0,18.75818386674378,30.0,0.0,0.0,15,0.0,4.569782147931982,25,0.0,0.0,20,0.0,3.636363636362321,N,,N,
06:54,RECLTD,15355,341.7,-0.87,1.74,,72.1,31.4,NORMAL,Y,0.0,8.703220191470844,26.109660574412533,0.0,0.0,15,0.0,1.0203159967083764,25,0.0,20,0.0,0.0,6.666666666665825,N,,N,
06:54,ACC,22,1328.2,-0.87,1.73,,33.5,82.8,NORMAL,Y,0.0,8.65800865800859,25.97402597402577,0.0,0.0,15,0.0,7.520241852783058,0.0,25,0.0,20,0.0,6.666666666667388,N,,N,
06:54,HDFCBANK,1333,722.7,-0.86,1.73,,30.4,68.6,NORMAL,Y,0.0,8.641975308641914,25.925925925925743,0.0,0.0,15,0.0,0.0,0.0,25,0.0,20,4.444444444445006,0.0,N,,N,
06:54,SHRIRAMFIN,4306,1120.2,-0.86,1.72,,25.8,78.6,NORMAL,N,0.0,8.584830515974904,25.754491547924715,0.0,0.0,15,0.0,0.0,0.0,25,0.0,20,0.0,10.000000000005684,N,,N,
06:54,MOTILALOFS,14947,880.4,-0.86,1.71,,74.8,34.3,NORMAL,Y,0.0,8.558558558558584,25.675675675675752,0.0,0.0,15,0.0,4.107858231415225,25,0.0,20,0.0,0.0,6.6666666666672985,N,,N,
06:54,CROMPTON,17094,243.3,-0.86,1.71,,28.6,91.5,NORMAL,Y,0.0,8.557457212713913,25.67237163814174,0.0,0.0,15,0.0,2.9755368875303043,0.0,25,0.0,20,0.0,20.0,N,,N,
06:54,HDBFS,757772,687.2,-0.85,1.7,,28.4,70.3,NORMAL,Y,0.0,8.512480161592812,25.537440484778433,0.0,0.0,15,0.0,1.8294064114833055,0.0,25,0.0,20,0.9999999999990905,0.0,N,,N,
06:54,JIOFIN,18143,250.6,-0.85,1.7,,50.5,47.5,NORMAL,N,0.0,8.506429277942654,25.519287833827963,0.0,0.0,15,0.0,0.0,25,0.0,0.0,20,0.0,3.9999999999986358,N,,N,
06:54,KOTAKBANK,1922,389.6,-0.84,1.68,,80.2,23.4,NORMAL,Y,0.0,8.39908373631956,25.197251208958676,0.0,0.0,15,0.0,0.0,25,0.0,20,0.0,9.999999999998105,0.0,N,,N,
06:54,NAUKRI,13751,1348.6,-0.84,1.68,,70.1,25.6,NORMAL,N,0.0,8.382352941176537,25.147058823529612,0.0,0.0,15,0.0,0.0,25,0.0,20,0.0,0.0,2.222222222222503,N,,N,
06:54,TATAINVEST,1621,683.0,-0.83,1.67,,50.0,57.1,NORMAL,N,0.0,8.348457350272232,25.045372050816695,0.0,0.0,15,0.0,0.0,25,0.0,0.0,20,0.0,13.725490196078676,N,,N,
06:54,GENUSPOWER,11905,303.0,-0.83,1.67,,26.1,85.1,NORMAL,Y,0.0,8.34560628375065,25.036818851251947,0.0,0.0,15,0.0,1.092504586216851,0.0,25,0.0,20,0.0,15.652173913043391,N,,N,
06:54,KPRMILL,14912,1087.5,-0.82,1.64,,51.4,56.7,NORMAL,N,0.0,8.207934336525307,24.623803009575923,0.0,0.0,15,0.0,1.762733681257912,25,0.0,0.0,20,0.0,11.764705882352626,N,,N,
06:54,CYIENT,5748,846.4,-0.82,1.64,,32.1,95.1,NORMAL,Y,0.0,8.202484180923365,24.607452542770098,0.0,0.0,15,0.0,7.51648385403333,0.0,25,0.0,20,0.0,19.39393939393949,N,,N,
06:54,SHREEPUSHK,10588,410.25,-0.81,1.62,,49.3,63.1,NORMAL,N,0.0,8.099613152804697,24.29883945841409,0.0,0.0,15,0.0,0.0,25,0.0,0.0,20,0.0,20.0,N,,Y,NONRESULTS
06:54,WABAG,20188,1914.9,-1.81,3.61,,30.0,89.0,NORMAL,Y,0.0,18.050356391979808,30.0,0.0,0.0,15,0.0,0.0,0.0,25,0.0,20,0.0,10.937499999999844,N,,N,
06:54,GAIL,4717,173.93,-0.8,1.61,,27.4,72.9,NORMAL,Y,0.0,8.041519333865612,24.124558001596835,0.0,0.0,15,0.0,3.2987950770277386,0.0,25,0.0,20,0.0,1.538461538460193,N,,N,
06:54,RITES,3761,224.92,-0.77,1.54,,62.0,72.1,NORMAL,N,0.0,7.720474698901488,23.16142409670446,0.0,0.0,15,0.0,13.867128010876332,25,0.0,0.0,20,0.0,15.499999999999893,N,,N,
06:54,HCLTECH,7229,1355.0,-0.76,1.52,,35.2,68.0,NORMAL,N,0.0,7.61681558517657,22.850446755529713,0.0,0.0,15,0.0,0.3671059261872326,0.0,25,0.0,20,12.0,0.0,N,,N,
06:54,ENGINERSIN,4907,241.15,-0.76,1.51,,24.7,86.8,NORMAL,N,0.0,7.572328079344843,22.71698423803453,0.0,0.0,15,0.0,2.0253034622510175,0.0,25,0.0,20,0.0,17.2413793103453,N,,N,
06:54,NCC,2319,143.67,-0.75,1.51,,47.6,42.5,NORMAL,N,0.0,7.529704338215001,22.589113014645,0.0,0.0,15,0.0,0.0,25,0.0,0.0,20,0.0,0.0,N,,N,
06:54,POONAWALLA,11403,483.6,-0.74,1.48,,47.2,45.2,NORMAL,N,0.0,7.389162561576285,22.167487684728854,0.0,0.0,15,0.0,0.0,25,0.0,0.0,20,0.0,2.8571428571405373,N,,N,
06:54,HAVELLS,9819,1265.0,-0.74,1.48,,23.8,83.4,NORMAL,N,0.0,7.376020087884566,22.128060263653698,0.0,0.0,15,0.0,1.7062391515767814,0.0,25,0.0,20,0.0,14.285714285713357,N,,N,
06:54,ITC,1660,276.95,-0.73,1.47,,22.0,67.3,NORMAL,Y,0.0,7.347670250896098,22.043010752688293,0.0,0.0,15,0.0,0.0,0.0,25,0.0,20,0.0,0.0,N,,N,
06:54,JAMNAAUTO,20778,124.6,-0.73,1.45,,25.1,67.3,NORMAL,Y,0.0,7.250418293363165,21.751254880089494,0.0,0.0,15,0.0,0.0,0.0,25,0.0,20,3.3333333333329387,0.0,N,,N,
06:54,ABCAPITAL,21614,404.2,-0.72,1.45,,21.7,77.2,NORMAL,Y,0.0,7.2454869212820565,21.736460763846168,0.0,0.0,15,0.0,0.0,0.0,25,0.0,20,0.0,10.0,N,,N,
06:54,ATGL,6066,661.4,-0.71,1.43,,66.4,32.8,NORMAL,Y,0.0,7.130526157772273,21.39157847331682,0.0,0.0,15,0.0,0.0,25,0.0,20,0.0,0.0,10.66666666666909,N,,N,
06:54,ICICIPRULI,18652,497.95,-0.71,1.42,,70.6,41.4,NORMAL,Y,0.0,7.078763708873402,21.236291126620205,0.0,0.0,15,0.0,4.327877332461503,25,0.0,20,0.0,0.0,15.0,N,,N,
06:54,JUSTDIAL,29962,690.05,-0.71,1.41,,21.2,77.1,NORMAL,Y,0.0,7.05086696884681,21.15260090654043,0.0,0.0,15,0.0,0.0,0.0,25,0.0,20,0.0,10.0,N,,N,
06:54,HDFCLIFE,467,532.25,-0.7,1.4,,21.0,75.0,NORMAL,Y,0.0,6.996268656716418,20.988805970149254,0.0,0.0,15,0.0,0.0,0.0,25,0.0,20,0.0,7.999999999992724,N,,N,
06:54,NESCO,15409,1041.0,-0.7,1.39,,72.6,22.0,NORMAL,Y,0.0,6.963655442144381,20.890966326433144,0.0,0.0,15,0.0,0.0,25,0.0,20,0.0,6.666666666666666,0.0,N,,N,
06:54,NIITLTD,11522,93.83,-1.69,3.37,,51.1,112.3,NORMAL,Y,0.0,16.869237217099744,30.0,0.0,0.0,15,0.0,21.09920831893623,0.0,25,0.0,20,0.0,14.358974358974397,N,,N,
06:54,TITAGARH,15414,839.0,-0.69,1.37,,47.8,47.1,NORMAL,Y,0.0,6.8655303030302495,20.59659090909075,0.0,0.0,15,0.0,2.212356323600205,25,0.0,0.0,20,0.0,2.9999999999995453,N,,N,
06:54,MPHASIS,4503,2487.5,-1.68,3.36,,40.8,76.8,NORMAL,N,0.0,16.798418972332016,30.0,0.0,0.0,15,0.0,0.0,0.0,25,0.0,20,10.799999999999272,0.0,N,,N,
06:54,JSWSTEEL,11723,1274.7,-0.68,1.36,,21.2,79.7,NORMAL,Y,0.0,6.778868630201064,20.33660589060319,0.0,0.0,15,0.0,0.8844609360256732,0.0,25,0.0,20,0.0,11.999999999998181,N,,N,
06:54,UNITDSPR,10447,1522.8,-1.67,3.34,,34.2,86.5,NORMAL,N,0.0,16.723703751533602,30.0,0.0,0.0,15,0.0,4.187126230253084,0.0,25,0.0,20,0.0,5.600000000000364,N,,N,
06:54,CANFINHOME,583,820.35,-0.67,1.34,,74.7,21.7,NORMAL,Y,0.0,6.719941881583672,20.159825644751017,0.0,0.0,15,0.0,0.0,25,0.0,20,0.0,9.565217391303747,0.0,N,,Y,NONRESULTS
06:54,SAFARI,13035,1490.2,-0.67,1.33,,29.3,93.4,NORMAL,Y,0.0,6.665777896280495,19.997333688841486,0.0,0.0,15,0.0,9.26571340306747,0.0,25,0.0,20,0.0,17.499999999999467,N,,N,
06:54,RAYMOND,2859,620.2,-0.66,1.31,,72.7,49.1,NORMAL,N,0.0,6.567355438090516,19.702066314271548,0.0,0.0,15,0.0,7.986680662453837,25,0.0,20,0.0,0.0,19.58333333333371,N,,N,
06:54,KIRLOSENG,20936,2067.0,-1.64,3.28,,45.5,78.7,NORMAL,Y,0.0,16.41684511063526,30.0,0.0,0.0,15,0.0,2.2802665142278657,0.0,25,0.0,20,13.220338983050953,0.0,N,,N,
06:54,TORNTPOWER,13786,1322.1,-0.62,1.25,,68.7,32.1,NORMAL,Y,0.0,6.238725195430082,18.716175586290248,0.0,0.0,15,0.0,4.979736691631146,25,0.0,20,0.0,0.0,5.833333333333491,N,,N,
06:54,VINATIORGA,17364,1307.1,-0.62,1.25,,18.7,68.2,NORMAL,Y,0.0,6.234319166730058,18.702957500190173,0.0,0.0,15,0.0,0.0,0.0,25,0.0,20,0.0,1.999999999998181,N,,N,
06:54,AXISBANK,5900,1222.4,-0.6,1.2,,18.1,78.0,NORMAL,Y,0.0,6.017238575378,18.051715726134,0.0,0.0,15,0.0,0.0,0.0,25,0.0,20,0.0,12.000000000007276,N,,N,
06:54,LUMAXTECH,14014,2043.2,-1.59,3.19,,55.0,67.9,NORMAL,N,0.0,15.941819582911977,30.0,0.0,0.0,15,0.0,0.0,25,0.0,0.0,20,0.0,16.956521739130327,N,,N,
06:54,CAMPUS,9362,217.52,-0.59,1.19,,38.6,69.5,NORMAL,Y,0.0,5.9409560369252485,17.822868110775747,0.0,0.0,15,0.0,3.5874254544085717,0.0,25,0.0,20,17.142857142856677,0.0,N,,N,
06:54,FINPIPE,1041,161.7,-0.59,1.18,,42.7,60.9,NORMAL,Y,0.0,5.901881224640403,17.70564367392121,0.0,0.0,15,0.0,0.0,25,0.0,0.0,20,0.0,20.0,N,,N,
06:54,POWERMECH,10473,2403.7,-1.58,3.16,,34.3,75.8,NORMAL,Y,0.0,15.804774188265307,30.0,0.0,0.0,15,0.0,0.0,0.0,25,0.0,20,4.347826086956178,0.0,N,,N,
06:54,ADANIENT,25,2948.2,-1.58,3.16,,30.0,81.2,NORMAL,Y,0.0,15.790352194959166,30.0,0.0,0.0,15,0.0,0.0,0.0,25,0.0,20,0.0,5.454545454546582,N,,N,
06:54,WAAREEENER,25907,2661.6,-1.57,3.14,,30.0,95.7,NORMAL,Y,0.0,15.680473372781098,30.0,0.0,0.0,15,0.0,0.0,0.0,25,0.0,20,0.0,20.0,N,,N,
06:54,GICRE,277,353.7,-0.56,1.12,,16.9,73.6,NORMAL,Y,0.0,5.62271577171774,16.86814731515322,0.0,0.0,15,0.0,0.0,0.0,25,0.0,20,0.0,7.9999999999972715,N,,N,
06:54,VISAKAIND,4221,98.65,-1.56,3.11,,34.9,89.1,NORMAL,N,0.0,15.567308651831038,30.0,0.0,0.0,15,0.0,4.85731531954973,0.0,25,0.0,20,0.0,8.69565217391299,N,,N,
06:54,APLLTD,25328,834.2,-0.55,1.11,,38.6,73.0,NORMAL,N,0.0,5.5433033319425125,16.62990999582754,0.0,0.0,15,0.0,7.471728442892567,0.0,25,0.0,20,14.461538461538602,0.0,N,,N,
06:54,PIXTRANS,9087,1952.3,-1.55,3.1,,33.5,75.5,NORMAL,N,0.0,15.48159354513366,30.0,0.0,0.0,15,0.0,0.0,0.0,25,0.0,20,3.529411764705489,0.0,N,,N,
06:54,APTUS,5435,255.3,-0.55,1.09,,65.3,44.4,NORMAL,Y,0.0,5.453837164004587,16.36151149201376,0.0,0.0,15,0.0,3.9441041394282386,25,0.0,20,0.0,0.0,20.0,N,,N,
06:54,PARAS,5911,1277.3,-0.52,1.04,,15.7,78.6,NORMAL,N,0.0,5.21806853582558,15.654205607476742,0.0,0.0,15,0.0,0.0,0.0,25,0.0,20,0.0,13.33333333333249,N,,N,
06:54,ANTHEM,757885,887.0,-0.52,1.04,,42.5,49.3,NORMAL,N,0.0,5.215050748612098,15.645152245836293,0.0,0.0,15,0.0,1.809865603648193,25,0.0,0.0,20,0.0,7.272727272728025,N,,N,
06:54,TREJHARA,7518,164.69,-0.51,1.03,,40.4,40.1,NORMAL,N,0.0,5.13471064395309,15.40413193185927,0.0,0.0,15,0.0,0.0,25,0.0,0.0,20,0.0,0.0,N,,N,
06:54,LOTUSEYE,16807,119.18,-0.5,1.0,,15.0,65.0,NORMAL,N,0.0,5.009183503088949,15.027550509266849,0.0,0.0,15,0.0,0.0,0.0,25,0.0,20,0.0,0.0,N,,N,
06:54,OBEROIRLTY,20242,1766.7,-1.5,3.0,,66.9,51.9,NORMAL,Y,0.0,14.997769848349611,30.0,0.0,0.0,15,0.0,1.8884673826398652,25,0.0,0.0,20,10.0,0.0,N,,N,
06:54,KRBL,10577,368.75,-0.49,0.97,,39.6,39.9,NORMAL,N,0.0,4.85764404263935,14.572932127918053,0.0,0.0,15,0.0,0.0,25,0.0,0.0,20,0.0,0.0,N,,N,
06:54,DRREDDY,881,1199.2,-0.48,0.96,,65.3,43.1,NORMAL,N,0.0,4.813278008298718,14.439834024896152,0.0,0.0,15,0.0,5.863651250322237,25,0.0,20,0.0,0.0,17.44680851063774,N,,N,
06:54,NTPC,11630,336.9,-0.46,0.92,,35.2,46.0,NORMAL,Y,0.0,4.579701580735741,13.739104742207223,0.0,0.0,15,0.0,1.4341051945127146,0.0,25,20,0.0,0.0,0.0,N,,N,
06:54,VBL,18921,435.0,-0.46,0.92,,41.0,41.8,NORMAL,Y,0.0,4.576659038901602,13.729977116704806,0.0,0.0,15,0.0,2.233113990227441,25,0.0,0.0,20,0.0,0.0,N,,N,
06:54,SAKSOFT,11794,163.86,-0.45,0.9,,38.5,42.0,NORMAL,Y,0.0,4.495747266099517,13.487241798298554,0.0,0.0,15,0.0,0.0,25,0.0,0.0,20,0.0,2.5,N,,N,
06:54,MUTHOOTFIN,23650,2873.9,-1.44,2.88,,30.0,92.2,NORMAL,Y,0.0,14.40378613807058,30.0,0.0,0.0,15,0.0,0.0,0.0,25,0.0,20,0.0,17.77777777777628,N,,N,
06:54,LLOYDSENGG,17801,91.72,-1.42,2.84,,40.9,79.1,NORMAL,N,0.0,14.187446259673337,30.0,0.0,0.0,15,0.0,4.896022031821046,0.0,25,0.0,20,6.000000000000142,0.0,N,,N,
06:54,GOCOLORS,6964,321.65,-0.42,0.84,,57.5,39.2,NORMAL,Y,0.0,4.179566563467563,12.538699690402687,0.0,0.0,15,0.0,0.0,25,0.0,0.0,20,20.0,0.0,N,,N,
06:54,AVANTIFEED,7936,856.25,-0.41,0.83,,58.4,24.0,NORMAL,Y,0.0,4.128867178413532,12.386601535240596,0.0,0.0,15,0.0,1.0590431805395613,25,0.0,20,0.0,0.0,3.846153846153981,N,,N,
06:54,POWERGRID,14977,266.85,-0.41,0.82,,47.8,57.6,NORMAL,Y,0.0,4.105243515581138,12.315730546743415,0.0,0.0,15,0.0,10.523204449298804,25,0.0,0.0,20,0.0,8.000000000001819,N,,N,
06:54,CHAMBLFERT,637,442.6,-0.39,0.79,,40.9,40.5,NORMAL,Y,0.0,3.938336896590526,11.815010689771578,0.0,0.0,15,0.0,1.548000404299679,25,0.0,0.0,20,2.4999999999978684,0.0,N,,N,
06:54,POLICYBZR,6656,1709.0,-1.38,2.77,,75.0,38.8,NORMAL,N,0.0,13.848817080207732,30.0,0.0,0.0,15,0.0,0.0,25,0.0,20,0.0,0.0,10.0,N,,N,
06:54,UBL,16713,1394.8,-0.37,0.74,,58.1,52.6,NORMAL,N,0.0,3.7142857142857464,11.14285714285724,0.0,0.0,15,0.0,8.923343717475369,0.0,25,20,0.0,18.00000000000182,0.0,N,,N,
06:54,ANANTRAJ,13620,604.05,-0.36,0.73,,12.8,79.1,NORMAL,Y,0.0,3.6288659793815183,10.886597938144554,0.0,0.0,15,0.0,1.9133720660166293,0.0,25,0.0,20,0.0,13.548387096775471,N,,N,
06:54,PUNJABCHEM,4344,1100.0,-0.36,0.72,,55.9,18.6,NORMAL,Y,0.0,3.623188405797101,10.869565217391305,0.0,0.0,15,0.0,0.0,25,0.0,20,0.0,0.0,0.0,N,,N,
06:54,PHOENIXLTD,14552,1883.3,-1.33,2.66,,61.7,48.3,NORMAL,Y,0.0,13.307486771100795,30.0,0.0,0.0,15,0.0,0.0,25,0.0,0.0,20,6.666666666666666,0.0,N,,N,
06:54,TTKPRESTIG,3546,588.0,-0.33,0.66,,34.9,53.3,NORMAL,Y,0.0,3.3053648614290116,9.916094584287034,0.0,0.0,15,0.0,0.0,25,0.0,0.0,20,0.0,15.0,N,,N,
06:54,VSTIND,3724,218.29,-0.31,0.61,,34.2,58.1,NORMAL,Y,0.0,3.0599196200219945,9.179758860065984,0.0,0.0,15,0.0,0.0,25,0.0,0.0,20,0.0,20.0,N,,N,
06:54,SWIGGY,27066,279.65,-0.3,0.61,,56.8,35.0,NORMAL,N,0.0,3.0303030303031115,9.090909090909335,0.0,0.0,15,0.0,2.7046987774838844,25,0.0,20,0.0,0.0,14.285714285714517,N,,N,
06:54,GODFRYPHLP,1181,2198.5,-1.19,2.37,,30.0,76.0,NORMAL,N,0.0,11.865701829295737,30.0,0.0,0.0,15,0.0,0.0,0.0,25,0.0,20,0.0,4.166666666666509,N,,N,
06:54,PRESTIGE,20302,1567.1,-1.19,2.37,,77.9,43.3,NORMAL,Y,0.0,11.854467494798019,30.0,0.0,0.0,15,0.0,2.9428023185237615,25,0.0,20,0.0,0.0,13.529411764706158,N,,N,
06:54,LUPIN,10440,2252.3,-1.17,2.33,,30.7,86.7,NORMAL,Y,0.0,11.67229803852732,30.0,0.0,0.0,15,0.0,0.7054611264365225,0.0,25,0.0,20,0.0,14.285714285713357,N,,N,
06:54,KIRLOSBROS,18581,1933.1,-1.17,2.33,,40.0,71.7,NORMAL,N,0.0,11.657037680863123,30.0,0.0,0.0,15,0.0,0.0,0.0,25,0.0,20,9.999999999998737,0.0,N,,N,
06:54,NHPC,17400,76.06,-1.16,2.31,,30.0,79.1,NORMAL,Y,0.0,11.56595191682912,30.0,0.0,0.0,15,0.0,0.0,0.0,25,0.0,20,0.0,7.500000000000444,N,,N,
06:54,HDFCAMC,4244,2487.2,-1.11,2.21,,30.0,78.6,NORMAL,Y,0.0,11.05367793240564,30.0,0.0,0.0,15,0.0,0.0,0.0,25,0.0,20,0.0,7.4999999999992895,N,,N,
06:54,CHOLAFIN,685,1894.0,-1.07,2.13,,55.0,49.7,NORMAL,N,0.0,10.656080234015924,30.0,0.0,0.0,15,0.0,0.0,25,0.0,0.0,20,0.0,4.0000000000009095,N,,N,
06:54,BAJAJFINSV,16675,2011.3,-1.02,2.04,,30.0,85.7,NORMAL,N,0.0,10.18700787401577,30.0,0.0,0.0,15,0.0,0.0,0.0,25,0.0,20,0.0,15.555555555554994,N,,N,
06:54,MANKIND,15380,2401.2,-0.98,1.96,,54.4,53.4,NORMAL,Y,0.0,9.814432989690795,29.443298969072387,0.0,0.0,15,0.0,0.0,25,0.0,0.0,20,0.0,8.571428571435996,N,,N,
06:54,TECHM,13538,1628.5,-0.88,1.77,,26.5,68.8,NORMAL,N,0.0,8.825319537431529,26.475958612294587,0.0,0.0,15,0.0,0.0,0.0,25,0.0,20,0.0,0.0,N,,N,
06:54,DALBHARAT,8075,1820.0,-0.85,1.7,,29.1,68.5,NORMAL,Y,0.0,8.49858356940505,25.495750708215148,0.0,0.0,15,0.0,0.0,0.0,25,0.0,20,3.636363636364764,0.0,N,,N,
06:54,GLAND,1186,2901.4,-0.79,1.57,,73.1,24.8,NORMAL,N,0.0,7.86486116810286,23.594583504308577,0.0,0.0,15,0.0,1.9643507309529962,25,0.0,20,0.0,2.5,0.0,N,,N,
06:54,GRASIM,1232,3354.2,-0.78,1.56,,33.5,69.0,NORMAL,N,0.0,7.779914213873742,23.33974264162122,0.0,0.0,15,0.0,1.2418731225547803,0.0,25,0.0,20,8.936170212767852,0.0,N,,N,
06:54,NITTAGELA,762824,1599.9,-0.74,1.49,,31.1,96.2,NORMAL,Y,0.0,7.444630560208448,22.333891680625346,0.0,0.0,15,0.0,8.77652067781548,0.0,25,0.0,20,0.0,20.0,N,,N,
06:54,COFORGE,11543,1806.0,-0.71,1.43,,42.6,54.3,NORMAL,N,0.0,7.146783947223749,21.440351841671248,0.0,0.0,15,0.0,1.137270391807967,0.0,25,20,0.0,0.0,6.000000000000227,N,,N,
06:54,AFFLE,11343,1665.4,-0.71,1.42,,46.3,57.8,NORMAL,N,0.0,7.094735586955145,21.284206760865434,0.0,0.0,15,0.0,0.0,25,0.0,0.0,20,0.0,15.714285714286294,N,,N,
06:54,TRENT,1964,2979.1,-0.7,1.39,,45.8,77.3,NORMAL,Y,0.0,6.966666666666697,20.900000000000095,0.0,0.0,15,0.0,10.306610707819939,0.0,25,0.0,20,14.623655913978599,0.0,N,,N,
06:54,AETHER,9810,1622.9,-0.69,1.38,,35.2,75.8,NORMAL,N,0.0,6.914698323338609,20.744094970015826,0.0,0.0,15,0.0,8.895317630659537,0.0,25,0.0,20,5.555555555555696,0.0,N,,N,
06:54,SBILIFE,21808,1825.2,-0.67,1.35,,21.3,85.0,NORMAL,Y,0.0,6.747932085328616,20.243796255985846,0.0,0.0,15,0.0,1.0685012680226433,0.0,25,0.0,20,0.0,17.142857142855597,N,,N,
06:54,LAURUSLABS,19234,1845.6,-0.67,1.33,,31.6,77.8,NORMAL,N,0.0,6.673842841765389,20.021528525296166,0.0,0.0,15,0.0,11.112095010797733,0.0,25,0.0,20,0.45454545454606526,0.0,N,,N,
06:54,NTPCGREEN,27176,92.4,-0.66,1.31,,70.5,34.6,NORMAL,N,0.0,6.558434576927206,19.675303730781618,0.0,0.0,15,0.0,5.867131565240615,25,0.0,20,0.0,0.0,7.142857142858738,N,,N,
06:54,BHARTIARTL,10604,1903.5,-0.61,1.22,,47.1,44.2,NORMAL,Y,0.0,6.109022556391002,18.327067669173005,0.0,0.0,15,0.0,3.1130635589885416,25,0.0,0.0,20,0.6896551724131441,0.0,N,,N,
06:54,INOXWIND,7852,73.95,-0.6,1.21,,43.1,49.4,NORMAL,Y,0.0,6.048387096774231,18.145161290322694,0.0,0.0,15,0.0,0.0,25,0.0,0.0,20,0.0,8.333333333332543,N,,N,
06:54,BAJAJHFL,25270,84.69,-0.58,1.15,,22.8,79.3,NORMAL,Y,0.0,5.752524066682426,17.257572200047278,0.0,0.0,15,0.0,5.565632440826787,0.0,25,0.0,20,0.0,8.000000000001705,N,,N,
06:54,JAGRAN,13211,63.24,-0.57,1.13,,47.3,46.0,NORMAL,N,0.0,5.660377358490558,16.98113207547167,0.0,0.0,15,0.0,5.356200749065498,25,0.0,0.0,20,0.0,0.0,N,,N,
06:54,HINDUNILVR,1394,2053.8,-0.54,1.08,,45.1,53.2,NORMAL,Y,0.0,5.3755629812581285,16.126688943774386,0.0,0.0,15,0.0,3.9319541596073906,25,0.0,0.0,20,0.0,8.88888888888814,N,,N,
06:54,SRF,3273,2556.6,-0.52,1.04,,52.8,47.6,NORMAL,Y,0.0,5.214007782101203,15.64202334630361,0.0,0.0,15,0.0,7.357113165093877,25,0.0,0.0,20,4.827586206898282,0.0,N,,N,
06:54,SUNPHARMA,3351,1932.6,-0.48,0.97,,20.7,64.8,NORMAL,Y,0.0,4.840370751802313,14.521112255406937,0.0,0.0,15,0.0,0.0,0.0,25,0.0,20,6.15384615384427,0.0,N,,N,
06:54,ZEEL,3812,91.12,-0.48,0.96,,19.8,78.6,NORMAL,Y,0.0,4.80559196155524,14.416775884665718,0.0,0.0,15,0.0,5.4197105678462405,0.0,25,0.0,20,0.0,8.333333333333531,N,,N,
06:54,ICICIAMC,760407,3042.0,-0.4,0.8,,35.9,56.4,NORMAL,Y,0.0,3.9944993779057762,11.983498133717328,0.0,0.0,15,0.0,3.934328118983362,0.0,25,20,0.0,0.0,8.484848484848568,N,,N,
06:54,AJANTPHARM,8124,3492.3,-0.4,0.79,,24.5,66.3,NORMAL,N,0.0,3.964405909531584,11.89321772859475,0.0,0.0,15,0.0,2.3685903954561796,0.0,25,0.0,20,10.212765957446603,0.0,N,,N,
06:54,APLAPOLLO,25780,2005.7,-0.35,0.7,,35.4,48.5,NORMAL,N,0.0,3.4779152382371934,10.43374571471158,0.0,0.0,15,0.0,0.0,25,0.0,0.0,20,0.0,9.999999999998579,N,,N,
06:54,DOMS,20551,2224.1,-0.35,0.69,,12.3,65.4,NORMAL,Y,0.0,3.4501299399588996,10.3503898198767,0.0,0.0,15,0.0,1.940780330658928,0.0,25,0.0,20,0.0,0.0,N,,N,
06:55,COLPAL,15141,2001.4,-0.33,0.66,,69.4,18.3,NORMAL,Y,0.0,3.286852589641389,9.860557768924167,0.0,0.0,15,0.0,0.0,25,0.0,20,0.0,14.545454545454922,0.0,N,,N,
06:55,ASIANPAINT,236,2726.9,-0.31,0.63,,54.4,18.2,NORMAL,N,0.0,3.143849387680464,9.431548163041391,0.0,0.0,15,0.0,0.010823062070774199,25,0.0,20,0.0,0.0,0.0,N,,N,
06:55,PNBHOUSING,18908,1160.0,1.57,3.13,,107.5,15.2,NORMAL,Y,15.67288328517651,0.0,30.0,0.0,15,0.0,0.0,1.847525106983958,25,0.0,20,0.0,0.0,13.333333333334457,N,,N,
06:55,BHEL,438,407.55,1.13,2.26,,99.8,47.3,NORMAL,Y,11.290322580645192,0.0,30.0,0.0,15,0.0,0.0,18.52248388424752,25,0.0,0.0,20,0.0,8.749999999999734,N,,N,
06:55,MFSL,2142,1523.2,1.61,3.23,,106.1,0.0,NORMAL,Y,16.144096064042724,0.0,30.0,0.0,15,0.0,0.0,0.0,25,0.0,20,0.0,0.0,0.0,N,,N,
06:55,BIOCON,11373,428.15,0.5,1.01,,58.2,28.1,NORMAL,Y,5.046948356807458,0.0,15.140845070422374,0.0,15,0.0,0.0,3.054495035949028,0.0,25,20,0.0,0.0,0.0,N,,N,
06:55,TATACAP,759265,368.85,0.45,0.9,,78.0,0.0,NORMAL,Y,4.493464052287675,0.0,13.480392156863026,0.0,15,0.0,0.0,0.0,25,0.0,20,0.0,0.0,0.0,N,,N,
08:23,TDPOWERSYS,25178,1496.9,17.35,34.7,,144.6,5.3,NORMAL,Y,30.0,0.0,30.0,0.0,15,0.0,0.0,5.286779917535599,25,0.0,20,0.0,19.340659340659435,0.0,N,,N,
08:23,MARKSANS,10579,317.3,13.75,27.5,,121.0,13.2,NORMAL,Y,30.0,0.0,30.0,0.0,15,0.0,0.0,0.9689222840981131,25,0.0,20,0.0,0.0,12.258064516128794,N,,N,
08:23,NARMADA,6364,416.95,7.46,14.92,,135.9,9.9,NORMAL,Y,30.0,0.0,30.0,0.0,15,0.0,0.0,9.91933865880528,25,0.0,20,0.0,5.9999999999990905,0.0,N,,N,
08:23,ITDC,19299,722.6,6.79,13.58,,100.3,20.0,NORMAL,Y,30.0,0.0,30.0,0.0,15,0.0,0.0,0.0,25,0.0,0.0,20,0.33898305084714414,0.0,N,,N,
08:23,PRICOLLTD,19631,783.0,6.22,12.44,,120.7,12.3,NORMAL,Y,30.0,0.0,30.0,0.0,15,0.0,0.0,0.6700722624995477,25,0.0,20,0.0,0.0,11.612903225805645,N,,N,
08:23,YUKEN,5501,855.0,6.18,12.37,,151.8,18.2,NORMAL,Y,30.0,0.0,30.0,0.0,15,0.0,0.0,18.210412428463528,25,0.0,20,0.0,13.54330708661398,0.0,N,,N,
08:23,CHEMPLASTS,5449,181.29,5.6,11.2,,149.6,21.4,NORMAL,Y,30.0,0.0,30.0,0.0,15,0.0,0.0,21.383273325067773,25,0.0,20,0.0,8.222222222222271,0.0,N,,N,
08:23,HALDER,760715,279.76,5.55,11.11,,121.9,31.9,NORMAL,Y,30.0,0.0,30.0,0.0,15,0.0,0.0,6.941678381606048,0.0,25,20,0.0,20.0,0.0,N,,N,
08:23,BERGEPAINT,404,557.7,4.25,8.51,,155.2,21.9,NORMAL,Y,30.0,0.0,30.0,0.0,15,0.0,0.0,21.913274150243105,25,0.0,20,0.0,13.333333333333124,0.0,N,,N,
08:23,BHEL,438,416.75,3.41,6.82,,126.4,6.4,NORMAL,Y,30.0,0.0,30.0,0.0,15,0.0,0.0,6.393789460096215,25,0.0,20,0.0,0.0,0.0,N,,N,
08:23,PNB,10666,117.91,3.4,6.81,,118.5,23.1,NORMAL,Y,30.0,0.0,30.0,0.0,15,0.0,0.0,3.133424857711505,25,0.0,0.0,20,15.384615384615048,0.0,N,,N,
08:23,GOCLCORP,3963,443.35,3.21,6.43,,139.6,34.2,NORMAL,Y,30.0,0.0,30.0,0.0,15,0.0,0.0,19.572225302972733,25,0.0,20,0.0,0.0,14.626865671641871,N,,N,
08:23,YATRA,18760,117.98,3.21,6.42,,100.0,21.4,NORMAL,Y,30.0,0.0,30.0,0.0,15,0.0,0.0,0.0,25,0.0,0.0,20,0.0,1.4285714285721538,N,,N,
08:23,SHIVALIK,7026,264.8,3.1,6.19,,95.0,25.0,NORMAL,Y,30.0,0.0,30.0,0.0,15,0.0,0.0,0.0,0.0,25,20,0.0,0.0,0.0,N,,N,
08:23,KIRIINDUS,16639,439.9,3.09,6.19,,152.5,25.0,NORMAL,Y,30.0,0.0,30.0,0.0,15,0.0,0.0,25.0,25,0.0,20,0.0,7.532467532467836,0.0,N,,N,
08:23,VLSFINANCE,3715,269.2,3.06,6.13,,75.0,45.0,NORMAL,Y,30.0,0.0,30.0,0.0,15,0.0,0.0,0.0,0.0,25,0.0,20,0.0,0.0,N,,N,
08:23,RELAXO,24225,434.55,3.06,6.12,,145.0,44.5,NORMAL,Y,30.0,0.0,30.0,0.0,15,0.0,0.0,25.0,25,0.0,20,0.0,0.0,19.493670886075833,N,,N,
08:23,JSWINFRA,19020,351.75,2.9,5.79,,134.1,9.5,NORMAL,Y,28.960070206230732,0.0,30.0,0.0,15,0.0,0.0,9.461873541214844,25,0.0,20,0.0,5.714285714286643,0.0,N,,N,
08:23,WELSPUNLIV,11253,164.22,2.86,5.71,,130.6,0.0,NORMAL,Y,28.560691469372436,0.0,30.0,0.0,15,0.0,0.0,0.0,25,0.0,20,0.0,11.999999999997726,0.0,N,,N,
08:23,HINDALCO,1363,1078.8,2.83,5.66,,84.5,60.5,NORMAL,Y,28.30997998284248,0.0,30.0,0.0,15,0.0,0.0,11.172021001069812,0.0,25,0.0,20,0.0,4.347826086956178,N,,N,
08:23,VGUARD,15362,333.4,2.81,5.61,,119.0,0.9,NORMAL,Y,28.06043786617319,0.0,30.0,0.0,15,0.0,0.0,0.918011074373607,25,0.0,20,0.0,0.0,0.0,N,,N,
08:23,TVSSCS,18151,129.5,2.69,5.38,,96.9,37.5,NORMAL,N,26.88129410831814,0.0,30.0,0.0,15,0.0,0.0,0.0,25,0.0,0.0,20,0.0,17.500000000001776,N,,N,
08:23,JMFINANCIL,13637,129.56,2.69,5.37,,132.1,5.8,NORMAL,Y,26.868510739478484,0.0,30.0,0.0,15,0.0,0.0,5.828863470310475,25,0.0,20,0.0,9.411764705882943,0.0,N,,N,
08:23,MSTCLTD,9356,586.25,2.67,5.34,,96.7,21.1,NORMAL,N,26.70753064798599,0.0,30.0,0.0,15,0.0,0.0,0.0,25,0.0,0.0,20,0.0,1.1111111111101286,N,,N,
08:23,HGINFRA,1672,561.4,2.48,4.97,,109.8,24.4,NORMAL,Y,24.826579043446557,0.0,30.0,0.0,15,0.0,0.0,4.372958876382085,25,0.0,0.0,20,10.588235294118434,0.0,N,,N,
08:23,KAJARIACER,1808,1252.7,2.21,4.42,,121.5,23.8,NORMAL,Y,22.111618798955725,0.0,30.0,0.0,15,0.0,0.0,9.369145821013099,25,0.0,20,0.0,0.0,14.444444444444304,N,,N,
08:23,MAHABANK,11377,81.72,3.51,7.02,,101.8,27.8,NORMAL,Y,30.0,0.0,30.0,0.0,15,0.0,0.0,2.7945086060422253,0.0,25,20,0.0,4.000000000002274,0.0,N,,N,
08:23,INDUSTOWER,29135,376.65,1.98,3.95,,119.2,17.5,NORMAL,N,19.764451062677555,0.0,30.0,0.0,15,0.0,0.0,9.460288333649585,25,0.0,20,0.0,0.0,7.999999999999545,N,,N,
08:23,LTFOODS,13816,427.15,1.87,3.74,,108.7,10.0,NORMAL,Y,18.72167898879076,0.0,30.0,0.0,15,0.0,0.0,0.0,25,0.0,20,0.0,0.0,10.0,N,,N,
08:23,PVRINOX,13147,1181.9,1.87,3.74,,133.6,22.6,NORMAL,Y,18.703671780727497,0.0,30.0,0.0,15,0.0,0.0,22.574191135257767,25,0.0,20,0.0,2.2857142857148056,0.0,N,,N,
08:23,INDIANB,14309,891.55,1.82,3.64,,74.3,48.1,NORMAL,Y,18.216080402009972,0.0,30.0,0.0,15,0.0,0.0,3.108778002652599,0.0,25,0.0,20,7.999999999999545,0.0,N,,N,
08:23,LICI,9480,413.0,1.72,3.45,,129.6,11.4,NORMAL,N,17.241379310344826,0.0,30.0,0.0,15,0.0,0.0,11.411548432307796,25,0.0,20,0.0,10.909090909090065,0.0,N,,N,
08:23,ASTRAL,14418,1449.4,1.72,3.44,,116.7,2.0,NORMAL,Y,17.194189065899362,0.0,30.0,0.0,15,0.0,0.0,2.0153899624833973,25,0.0,20,0.0,7.4999999999992895,0.0,N,,Y,NONRESULTS
08:23,BORORENEW,3149,572.05,1.7,3.4,,71.5,51.2,NORMAL,N,16.977777777777696,0.0,30.0,0.0,15,0.0,0.0,6.1766265982904995,0.0,25,0.0,20,3.333333333333965,0.0,N,,N,
08:23,UNIONBANK,10753,185.56,1.68,3.35,,88.5,51.8,NORMAL,Y,16.767123287671247,0.0,30.0,0.0,15,0.0,0.0,6.764983597129555,0.0,25,0.0,20,20.0,0.0,N,,N,
08:23,CONCOR,4749,520.0,1.56,3.12,,85.6,25.0,NORMAL,Y,15.625000000000002,0.0,30.0,0.0,15,0.0,0.0,0.0,0.0,25,20,0.0,5.000000000001421,0.0,N,,N,
08:23,TRIVENI,13081,242.1,1.55,3.1,,128.0,2.5,NORMAL,N,15.520134228187871,0.0,30.0,0.0,15,0.0,0.0,2.4836136201942525,25,0.0,20,0.0,20.0,0.0,N,,N,
08:23,ZUARIIND,3827,262.25,1.53,3.06,,93.8,28.5,NORMAL,Y,15.292295780100613,0.0,30.0,0.0,15,0.0,0.0,8.531674010410146,25,0.0,0.0,20,0.0,0.0,N,,N,
08:23,BANKINDIA,4745,145.04,1.5,3.0,,117.5,0.6,NORMAL,Y,14.975507347795565,0.0,30.0,0.0,15,0.0,0.0,0.5697091837725464,25,0.0,20,0.0,12.000000000001137,0.0,N,,N,
08:23,BANKBARODA,4668,249.65,1.4,2.8,,76.4,47.1,NORMAL,Y,14.012997562957015,0.0,30.0,0.0,15,0.0,0.0,2.0690898884700717,0.0,25,0.0,20,15.294117647060201,0.0,N,,N,
08:23,MCX,31181,2964.1,2.39,4.77,,119.8,17.8,NORMAL,Y,23.868739205526737,0.0,30.0,0.0,15,0.0,0.0,5.898618982451044,25,0.0,20,0.0,0.0,11.923076923077696,N,,N,
08:23,JSL,11236,734.5,1.3,2.59,,111.8,6.6,NORMAL,Y,12.963729140808134,0.0,30.0,0.0,15,0.0,0.0,6.592925374635247,25,0.0,20,0.0,2.2222222222202572,0.0,N,,N,
08:23,MASFIN,199,303.95,1.28,2.57,,105.0,11.0,NORMAL,N,12.829056981006218,0.0,30.0,0.0,15,0.0,0.0,2.156128159821588,25,0.0,20,0.0,0.0,8.888888888891135,N,,N,
08:23,TIPSMUSIC,9117,677.6,1.27,2.54,,112.7,0.0,NORMAL,Y,12.70363174413391,0.0,30.0,0.0,15,0.0,0.0,0.0,25,0.0,20,0.0,10.0,0.0,N,,N,
08:23,MOIL,20830,283.0,1.27,2.54,,57.7,53.6,NORMAL,Y,12.703524780819508,0.0,30.0,0.0,15,0.0,0.0,0.0,0.0,25,0.0,20,0.0,8.571428571426715,N,,N,
08:23,BATAINDIA,371,708.65,1.26,2.51,,59.2,46.7,NORMAL,Y,12.574123026362725,0.0,30.0,0.0,15,0.0,0.0,1.6650764938050442,0.0,25,0.0,20,0.0,0.0,N,,N,
08:23,JAINREC,759244,301.35,1.21,2.42,,86.9,22.8,NORMAL,N,12.090680100755744,0.0,30.0,0.0,15,0.0,0.0,2.7753909839599182,25,0.0,0.0,20,2.0000000000004547,0.0,N,,N,
08:23,SCI,3048,297.3,1.14,2.28,,125.3,5.9,NORMAL,Y,11.39649600272163,0.0,30.0,0.0,15,0.0,0.0,5.932283258056389,25,0.0,20,0.0,17.999999999999545,0.0,N,,N,
08:23,ZYDUSWELL,17635,511.8,1.13,2.25,,101.5,3.6,NORMAL,N,11.262596324836966,0.0,30.0,0.0,15,0.0,0.0,0.21934977293836772,25,0.0,20,0.0,0.0,3.333333333333965,N,,N,
08:23,GROWW,759806,195.67,1.12,2.24,,102.8,7.3,NORMAL,N,11.214470284237661,0.0,30.0,0.0,15,0.0,0.0,1.5890912656877723,25,0.0,20,0.0,0.0,5.714285714285134,N,,N,
08:23,BAJAJELEC,15034,364.2,1.07,2.14,,58.7,63.0,NORMAL,Y,10.684057166643447,0.0,30.0,0.0,15,0.0,0.0,2.9909685071922714,0.0,25,0.0,20,0.0,15.0,N,,N,
08:23,VISHNU,6908,593.25,1.04,2.08,,113.0,0.0,NORMAL,N,10.38916801498769,0.0,30.0,0.0,15,0.0,0.0,0.0,25,0.0,20,0.0,12.631578947368297,0.0,N,,N,
08:23,CASTROLIND,1250,188.74,1.03,2.06,,116.5,0.0,NORMAL,Y,10.277272240659542,0.0,30.0,0.0,15,0.0,0.0,0.0,25,0.0,20,0.0,16.250000000003332,0.0,N,,N,
08:23,SBIN,3045,1076.9,1.02,2.05,,98.4,20.0,NORMAL,Y,10.225140712945677,0.0,30.0,0.0,15,0.0,0.0,0.0,25,0.0,0.0,20,18.181818181819686,0.0,N,,N,
08:23,BLS,17279,263.44,0.99,1.98,,117.7,28.4,NORMAL,Y,9.890362646630315,0.0,29.671087939890946,0.0,15,0.0,0.0,18.168918234265675,25,0.0,20,0.0,0.0,10.252100840336382,N,,N,
08:23,SANDHAR,2397,627.95,0.96,1.93,,69.2,65.4,NORMAL,N,9.647077739368116,0.0,28.941233218104347,0.0,15,0.0,0.0,15.562933117417666,0.0,25,0.0,20,0.0,4.827586206896714,N,,N,
08:23,PETRONET,11351,279.65,0.96,1.91,,78.3,40.0,NORMAL,Y,9.566787003610026,0.0,28.700361010830076,0.0,15,0.0,0.0,0.0,25,0.0,0.0,20,0.0,20.0,N,,N,
08:23,CANBK,10794,131.49,0.91,1.83,,64.6,48.0,NORMAL,Y,9.13277052954718,0.0,27.39831158864154,0.0,15,0.0,0.0,3.037299369492093,0.0,25,0.0,20,9.999999999997158,0.0,N,,N,
08:23,KARURVYSYA,1838,336.95,0.82,1.65,,87.9,33.6,NORMAL,Y,8.228605625374028,0.0,24.685816876122082,0.0,15,0.0,0.0,8.585359488478622,0.0,25,20,0.0,11.428571428571892,0.0,N,,N,
08:23,DLF,14732,654.95,0.75,1.49,,103.2,0.0,NORMAL,Y,7.460390709121707,0.0,22.381172127365126,0.0,15,0.0,0.0,0.0,25,0.0,20,0.0,13.333333333334597,0.0,N,,N,
08:23,SHARDAMOTR,10530,883.4,0.74,1.48,,65.9,50.9,NORMAL,N,7.412475766906147,0.0,22.23742730071844,0.0,15,0.0,0.0,5.9376684650871,0.0,25,0.0,20,15.29411764705788,0.0,N,,N,
08:23,PNBHOUSING,18908,1150.2,0.71,1.42,,64.3,51.6,NORMAL,Y,7.092198581560404,0.0,21.276595744681213,0.0,15,0.0,0.0,6.598328805329647,0.0,25,0.0,20,14.374999999999512,0.0,N,,N,
08:23,APCL,20453,105.0,0.7,1.4,,93.0,45.0,NORMAL,Y,7.00105495348618,0.0,21.00316486045854,0.0,15,0.0,0.0,25.0,25,0.0,0.0,20,0.0,0.0,N,,Y,NONRESULTS
08:23,ZYDUSLIFE,7929,1199.3,0.7,1.39,,95.4,20.3,NORMAL,Y,6.968933669185521,0.0,20.906801007556563,0.0,15,0.0,0.0,7.573893778563316,25,0.0,20,0.0,0.0,12.727272727273292,N,,N,
08:23,TNPL,3980,155.08,0.69,1.38,,43.8,45.0,NORMAL,Y,6.882223087910675,0.0,20.646669263732026,0.0,15,0.0,0.0,0.0,0.0,25,0.0,20,1.2499999999988898,0.0,N,,N,
08:23,ITCHOTELS,29251,168.02,0.68,1.35,,107.4,0.3,NORMAL,N,6.770926957876588,0.0,20.312780873629766,0.0,15,0.0,0.0,0.3351876935032615,25,0.0,20,0.0,20.0,0.0,N,,N,
08:23,AUBANK,21238,1078.1,0.67,1.34,,100.8,18.9,NORMAL,Y,6.723316836305741,0.0,20.16995050891722,0.0,15,0.0,0.0,13.922010404783263,25,0.0,20,0.0,0.0,4.999999999999052,N,,N,
08:23,MAHSEAMLES,2088,598.85,0.65,1.29,,107.8,10.4,NORMAL,Y,6.470588235294155,0.0,19.41176470588247,0.0,15,0.0,0.0,10.365808471112063,25,0.0,20,0.0,11.538461538460933,0.0,N,,N,
08:23,SIS,21501,440.35,0.64,1.28,,62.3,25.0,NORMAL,Y,6.399268655010882,0.0,19.197805965032646,0.0,15,0.0,0.0,0.0,0.0,25,20,0.0,1.6666666666650876,0.0,N,,N,
08:23,SONACOMS,4684,805.1,0.64,1.28,,102.8,6.0,NORMAL,Y,6.375000000000028,0.0,19.125000000000085,0.0,15,0.0,0.0,6.032607777830145,25,0.0,20,0.0,11.304347826086785,0.0,N,,N,
08:23,EXIDEIND,676,486.4,0.63,1.26,,49.3,45.0,NORMAL,Y,6.310127236991733,0.0,18.930381710975198,0.0,15,0.0,0.0,0.0,0.0,25,0.0,20,9.090909090908903,0.0,N,,N,
08:23,BIOCON,11373,428.65,0.62,1.24,,89.9,3.0,NORMAL,Y,6.220657276995252,0.0,18.661971830985756,0.0,15,0.0,0.0,3.0066220625382747,25,0.0,20,0.0,2.0000000000004547,0.0,N,,N,
08:23,HSCL,14334,760.15,0.62,1.23,,78.8,29.0,NORMAL,Y,6.1548643282594,0.0,18.464592984778204,0.0,15,0.0,0.0,9.002881359775245,25,0.0,0.0,20,5.2173913043486,0.0,N,,N,
08:23,ELGIEQUIP,937,577.2,0.58,1.17,,77.8,26.2,NORMAL,N,5.837762481484747,0.0,17.513287444454242,0.0,15,0.0,0.0,6.215270217396378,25,0.0,0.0,20,8.235294117647925,0.0,N,,N,
08:23,HOMEFIRST,2056,1182.8,0.58,1.16,,83.1,0.0,NORMAL,N,5.78231292517003,0.0,17.34693877551009,0.0,15,0.0,0.0,0.0,25,0.0,20,0.0,0.0,0.0,N,,N,
08:23,MEESHO,760229,191.46,0.55,1.1,,67.1,38.4,NORMAL,Y,5.514416259650289,0.0,16.543248778950865,0.0,15,0.0,0.0,5.053871100340601,25,0.0,0.0,20,0.0,13.333333333330176,N,,N,
08:23,MATRIMONY,21726,540.0,0.54,1.08,,101.2,16.1,NORMAL,Y,5.399366970768901,0.0,16.198100912306707,0.0,15,0.0,0.0,16.082350916589686,25,0.0,20,0.0,3.4920634920639504,0.0,N,,N,
08:23,ABMKNO,762528,199.0,0.53,1.06,,106.1,24.9,NORMAL,Y,5.304369790351156,0.0,15.91310937105347,0.0,15,0.0,0.0,24.89579580426405,25,0.0,20,0.0,0.0,0.0,N,,N,
08:23,CGPOWER,760,885.6,0.52,1.04,,87.7,3.3,NORMAL,Y,5.221339387060184,0.0,15.664018161180554,0.0,15,0.0,0.0,3.308130522718048,25,0.0,20,0.0,3.529411764705253,0.0,N,,N,
08:23,TIMETECHNO,14707,208.36,0.52,1.04,,42.1,54.9,NORMAL,Y,5.210343496719474,0.0,15.631030490158421,0.0,15,0.0,0.0,6.266004902779768,0.0,25,0.0,20,0.0,3.636363636362227,N,,N,
08:23,POWERGRID,14977,269.3,0.5,1.01,,94.2,29.1,NORMAL,N,5.0382534054861825,0.0,15.114760216458548,0.0,15,0.0,0.0,14.087959554102772,25,0.0,20,0.0,0.0,14.999999999998579,N,,N,
08:23,NAM-INDIA,357,1177.2,0.5,1.01,,104.2,44.0,NORMAL,N,5.037138222487911,0.0,15.111414667463734,0.0,15,0.0,0.0,24.03231412688157,25,0.0,20,0.0,0.0,20.0,N,,N,
08:23,CESC,628,161.81,0.5,0.99,,86.5,15.2,NORMAL,N,4.9686354884790465,0.0,14.905906465437141,0.0,15,0.0,0.0,6.62149185639472,25,0.0,20,0.0,0.0,8.571428571427992,N,,N,
08:23,CHALET,8546,825.05,0.47,0.94,,105.7,8.7,NORMAL,N,4.688261081344263,0.0,14.064783244032789,0.0,15,0.0,0.0,8.742808186854603,25,0.0,20,0.0,18.181818181819686,0.0,N,,N,
08:23,WALCHANNAG,3736,233.87,0.46,0.92,,65.7,41.0,NORMAL,N,4.596219931271449,0.0,13.788659793814345,0.0,15,0.0,0.0,7.341670482684963,25,0.0,0.0,20,0.0,13.698630136986495,N,,N,
08:23,TMCV,759782,452.1,0.46,0.91,,58.2,20.0,NORMAL,Y,4.5550494389512535,0.0,13.66514831685376,0.0,15,0.0,0.0,0.0,25,0.0,0.0,20,0.0,0.0,N,,N,
08:23,PDSL,5264,378.2,0.45,0.9,,78.8,0.7,NORMAL,Y,4.515272244355879,0.0,13.545816733067637,0.0,15,0.0,0.0,0.731177926141429,25,0.0,20,0.0,0.0,0.0,N,,N,
08:23,HYUNDAI,25844,2231.9,1.45,2.9,,111.0,3.5,NORMAL,Y,14.500000000000043,0.0,30.0,0.0,15,0.0,0.0,3.472984625671555,25,0.0,20,0.0,2.9999999999972715,0.0,N,,N,
08:23,JINDALSTEL,6733,1099.9,0.45,0.89,,59.4,39.5,NORMAL,Y,4.4748858447489415,0.0,13.424657534246824,0.0,15,0.0,0.0,6.454083581721166,0.0,25,20,0.0,0.0,8.000000000001819,N,,N,
08:23,WIPL,20481,169.2,0.42,0.83,,51.6,25.0,NORMAL,Y,4.154302670623078,0.0,12.462908011869235,0.0,15,0.0,0.0,0.0,0.0,25,20,0.0,0.0,0.0,N,,N,
08:23,NUCLEUS,10791,694.55,0.41,0.82,,51.5,25.0,NORMAL,N,4.1202833598379485,0.0,12.360850079513845,0.0,15,0.0,0.0,0.0,0.0,25,20,0.0,0.0,0.0,N,,N,
08:23,NTPC,11630,339.8,0.4,0.8,,98.1,35.5,NORMAL,N,3.988772344511812,0.0,11.966317033535438,0.0,15,0.0,0.0,22.120380791483964,25,0.0,20,0.0,0.0,13.33333333333365,N,,N,
08:23,ZEEL,3812,92.83,1.39,2.77,,132.8,25.0,NORMAL,N,13.870685889034467,0.0,30.0,0.0,15,0.0,0.0,25.0,25,0.0,20,0.0,3.939393939394252,0.0,N,,N,
08:23,GRINFRA,5054,883.35,0.36,0.73,,79.9,1.2,NORMAL,N,3.635743907288582,0.0,10.907231721865747,0.0,15,0.0,0.0,1.21999673012673,25,0.0,20,0.0,4.166666666666509,0.0,N,,N,
08:23,VOLTAS,3718,1284.5,0.35,0.7,,88.1,0.0,NORMAL,N,3.515625,0.0,10.546875,0.0,15,0.0,0.0,0.0,25,0.0,20,0.0,13.999999999996362,0.0,N,,N,
08:23,MONTECARLO,5938,505.9,0.35,0.69,,86.8,32.9,NORMAL,N,3.471189130219181,0.0,10.413567390657544,0.0,15,0.0,0.0,12.86703292452445,25,0.0,20,0.0,0.0,20.0,N,,N,
08:23,VARROC,3857,844.75,0.31,0.62,,71.3,24.9,NORMAL,Y,3.0873359852758093,0.0,9.262007955827428,0.0,15,0.0,0.0,4.934566969008471,25,0.0,0.0,20,13.999999999999773,0.0,N,,N,
08:23,GEOJITFSL,11896,77.75,1.26,2.53,,123.7,2.9,NORMAL,N,12.63349830685073,0.0,30.0,0.0,15,0.0,0.0,2.94965194427512,25,0.0,20,0.0,18.095238095237804,0.0,N,,N,
08:23,MFSL,2142,1515.9,1.13,2.25,,75.7,50.2,NORMAL,N,11.274182788525744,0.0,30.0,0.0,15,0.0,0.0,5.233163685075018,0.0,25,0.0,20,14.193548387096017,0.0,N,,N,
08:23,TIINDIA,312,2811.0,1.12,2.23,,119.3,2.5,NORMAL,Y,11.151079136690646,0.0,30.0,0.0,15,0.0,0.0,2.486465507175053,25,0.0,20,0.0,15.6363636363643,0.0,N,,N,
08:23,ENDURANCE,18822,2997.9,0.97,1.95,,57.9,46.2,NORMAL,Y,9.733917143819498,0.0,29.201751431458494,0.0,15,0.0,0.0,1.1536091722062254,0.0,25,0.0,20,2.8571428571439177,0.0,N,,N,
08:23,ZODIACLOTH,3821,78.0,0.97,1.94,,110.8,11.9,NORMAL,Y,9.70873786407767,0.0,29.126213592233007,0.0,15,0.0,0.0,11.942953432110444,25,0.0,20,0.0,0.0,0.0,N,,N,
08:23,ESCORTS,958,3112.0,0.97,1.94,,73.8,45.0,NORMAL,Y,9.701177768404689,0.0,29.103533305214064,0.0,15,0.0,0.0,0.0,0.0,25,20,0.0,0.0,20.0,N,,N,
08:23,WELCORP,11821,1854.4,0.95,1.91,,84.4,26.3,NORMAL,Y,9.526920354945833,0.0,28.580761064837496,0.0,15,0.0,0.0,6.270730065792581,25,0.0,0.0,20,0.0,0.0,N,,N,
08:23,PNBGILTS,8736,80.83,0.87,1.75,,80.7,45.8,NORMAL,N,8.735804317983312,0.0,26.20741295394994,0.0,15,0.0,0.0,5.770552508330497,25,0.0,0.0,20,0.0,20.0,N,,N,
08:23,ZFCVINDIA,16915,2637.6,0.86,1.73,,70.3,35.7,NORMAL,Y,8.642447418738016,0.0,25.92734225621405,0.0,15,0.0,0.0,0.6847358947033747,0.0,25,20,0.0,0.0,10.0,N,,N,
08:23,TPLPLASTEH,9219,76.5,0.8,1.61,,60.3,58.2,NORMAL,N,8.037949663987344,0.0,24.11384899196203,0.0,15,0.0,0.0,13.157198719629315,0.0,25,0.0,20,0.0,0.0,N,,N,
08:23,GLAXO,1153,2621.4,0.75,1.5,,97.2,8.1,NORMAL,Y,7.494523233022023,0.0,22.483569699066067,0.0,15,0.0,0.0,7.1719561639519105,25,0.0,20,0.0,0.0,0.9090909090901576,N,,N,
08:23,COCHINSHIP,21508,1506.9,0.73,1.46,,90.8,0.0,NORMAL,Y,7.286096256684552,0.0,21.858288770053658,0.0,15,0.0,0.0,0.0,25,0.0,20,0.0,1.6666666666650876,0.0,N,,N,
08:23,IDFCFIRSTB,11184,84.87,0.71,1.42,,108.8,7.0,NORMAL,Y,7.119971520114022,0.0,21.359914560342062,0.0,15,0.0,0.0,6.986670487253571,25,0.0,20,0.0,13.333333333334911,0.0,N,,N,
08:23,BHARATFORG,422,2065.0,0.68,1.37,,88.3,4.6,NORMAL,N,6.825938566552901,0.0,20.477815699658706,0.0,15,0.0,0.0,1.0283189136818687,25,0.0,20,0.0,0.0,3.5294117647084002,N,,N,
08:23,PIDILITIND,2664,1695.4,0.57,1.14,,102.0,4.7,NORMAL,Y,5.694625696998539,0.0,17.083877090995617,0.0,15,0.0,0.0,4.721505227568689,25,0.0,20,0.0,14.545454545451914,0.0,N,,N,
08:23,CREDITACC,4421,1549.0,0.56,1.13,,82.6,20.0,NORMAL,Y,5.648250340842722,0.0,16.944751022528166,0.0,15,0.0,0.0,0.0,25,0.0,0.0,20,20.0,0.0,N,,N,
08:23,SANSERA,5751,3833.5,0.55,1.11,,82.1,19.6,NORMAL,Y,5.5345713985940375,0.0,16.60371419578211,0.0,15,0.0,0.0,0.0,25,0.0,20,0.0,0.0,19.60784313725525,N,,N,
08:23,NESTLEIND,17963,1500.1,0.46,0.92,,41.5,61.0,NORMAL,Y,4.620948298955172,0.0,13.862844896865516,0.0,15,0.0,0.0,7.987744743575062,0.0,25,0.0,20,0.0,7.999999999999545,N,,N,
08:23,PAYTM,6705,1600.7,0.44,0.88,,63.8,20.0,NORMAL,Y,4.392294660224635,0.0,13.176883980673903,0.0,15,0.0,0.0,0.0,25,0.0,0.0,20,6.250000000000355,0.0,N,,N,
08:23,IPCALAB,1633,1756.0,0.43,0.87,,68.4,31.8,NORMAL,N,4.346831388698186,0.0,13.04049416609456,0.0,15,0.0,0.0,11.01504588817697,25,0.0,0.0,20,0.0,0.7692307692300293,N,,N,
08:23,RATNAMANI,13451,2262.3,0.32,0.65,,44.0,46.9,NORMAL,N,3.2372505543238055,0.0,9.711751662971416,0.0,15,0.0,0.0,1.9449435904749,0.0,25,0.0,20,14.074074074074511,0.0,N,,N,
08:23,GODREJCP,10099,914.0,-10.83,21.66,,30.1,95.1,NORMAL,Y,0.0,30.0,30.0,0.0,0.0,15,0.0,0.12131284550148669,0.0,25,0.0,20,0.0,5.000000000001421,N,,N,
08:23,TECHNOE,6445,980.3,-7.35,14.7,,52.2,101.0,NORMAL,Y,0.0,30.0,30.0,0.0,0.0,15,0.0,11.028569671838376,0.0,25,0.0,20,11.219512195121979,0.0,N,,N,
08:23,JUBLPHARMA,3637,902.65,-6.46,12.92,,31.7,99.1,NORMAL,Y,0.0,30.0,30.0,0.0,0.0,15,0.0,1.6536674604293353,0.0,25,0.0,20,0.0,7.441860465115542,N,,N,
08:23,RHIM,31163,391.5,-5.79,11.58,,43.3,119.0,NORMAL,Y,0.0,30.0,30.0,0.0,0.0,15,0.0,13.345357013176217,0.0,25,0.0,20,0.0,15.63636363636347,N,,N,
08:23,RGL,15129,108.8,-5.56,11.11,,53.8,99.8,NORMAL,Y,0.0,30.0,30.0,0.0,0.0,15,0.0,9.78951560995478,0.0,25,0.0,20,14.000000000000355,0.0,N,,N,
08:23,FORTIS,14592,883.6,-5.52,11.04,,36.3,91.3,NORMAL,Y,0.0,30.0,30.0,0.0,0.0,15,0.0,1.3426798114583187,0.0,25,0.0,20,5.0000000000006315,0.0,N,,N,
08:23,SURYAROSNI,3375,223.0,-5.44,10.88,,45.0,96.1,NORMAL,Y,0.0,30.0,30.0,0.0,0.0,15,0.0,6.11696604696238,0.0,25,0.0,20,8.888888888888362,0.0,N,,N,
08:23,RAMCOSYS,7851,619.9,-5.0,9.99,,30.0,90.0,NORMAL,Y,0.0,30.0,30.0,0.0,0.0,15,0.0,0.0,0.0,25,0.0,20,0.0,0.0,N,,N,
08:23,ZENITHEXPO,4176,238.53,-4.99,9.99,,30.0,90.0,NORMAL,N,0.0,30.0,30.0,0.0,0.0,15,0.0,0.0,0.0,25,0.0,20,0.0,0.0,N,,N,
08:23,WINDLAS,5366,900.05,-4.56,9.13,,34.9,93.6,NORMAL,N,0.0,30.0,30.0,0.0,0.0,15,0.0,3.5781282208741585,0.0,25,0.0,20,1.3333333333321207,0.0,N,,N,
08:23,JYOTHYLAB,15146,195.3,-4.28,8.57,,77.2,88.1,NORMAL,Y,0.0,30.0,30.0,0.0,0.0,15,0.0,18.083053221795264,0.0,25,20,0.0,9.117647058823632,0.0,N,,N,
08:23,NEWGEN,1164,531.75,-4.21,8.41,,60.7,110.9,NORMAL,Y,0.0,30.0,30.0,0.0,0.0,15,0.0,20.91463120482558,0.0,25,0.0,20,9.811320754716723,0.0,N,,N,
08:23,SUDARSCHEM,3327,1068.0,-3.78,7.57,,30.0,96.7,NORMAL,N,0.0,30.0,30.0,0.0,0.0,15,0.0,0.0,0.0,25,0.0,20,0.0,6.66666666666793,N,,N,
08:23,MUKANDLTD,11325,135.29,-3.78,7.57,,45.2,90.0,NORMAL,Y,0.0,30.0,30.0,0.0,0.0,15,0.0,0.0,0.0,25,0.0,20,15.217391304348256,0.0,N,,N,
08:23,BALRAMCHIN,341,605.05,-3.62,7.25,,75.0,45.0,NORMAL,Y,0.0,30.0,30.0,0.0,0.0,15,0.0,0.0,25,0.0,20,0.0,0.0,0.0,N,,N,
08:23,TMPV,3456,335.3,-3.54,7.08,,41.6,90.0,NORMAL,Y,0.0,30.0,30.0,0.0,0.0,15,0.0,0.0,0.0,25,0.0,20,11.578947368421431,0.0,N,,N,
08:23,INTELLECT,5926,698.05,-3.54,7.08,,54.0,106.9,NORMAL,Y,0.0,30.0,30.0,0.0,0.0,15,0.0,16.916822983481296,0.0,25,0.0,20,7.05882352941318,0.0,N,,N,
08:23,EPACKPEB,759251,238.5,-3.5,7.0,,45.5,97.2,NORMAL,Y,0.0,30.0,30.0,0.0,0.0,15,0.0,7.225826086823595,0.0,25,0.0,20,8.23529411764698,0.0,N,,N,
08:23,OMNI,760865,578.65,-3.28,6.55,,42.7,105.4,NORMAL,Y,0.0,30.0,30.0,0.0,0.0,15,0.0,12.695136222340016,0.0,25,0.0,20,0.0,2.6666666666642413,N,,N,
08:23,ADANIGREEN,3563,1321.4,-3.27,6.53,,33.1,102.0,NORMAL,Y,0.0,30.0,30.0,0.0,0.0,15,0.0,3.1097543616478034,0.0,25,0.0,20,0.0,8.888888888891135,N,,N,
08:23,GODREJIND,10925,1247.9,-3.25,6.5,,30.0,108.6,NORMAL,Y,0.0,30.0,30.0,0.0,0.0,15,0.0,0.0,0.0,25,0.0,20,0.0,18.571428571429966,N,,N,
08:23,TEJASNET,21131,516.4,-3.22,6.45,,50.4,93.5,NORMAL,Y,0.0,30.0,30.0,0.0,0.0,15,0.0,3.5094993549339546,0.0,25,0.0,20,16.923076923073157,0.0,N,,N,
08:23,MAXHEALTH,22377,1007.2,-3.15,6.31,,44.6,106.8,NORMAL,Y,0.0,30.0,30.0,0.0,0.0,15,0.0,14.625088445809645,0.0,25,0.0,20,0.0,2.142857142856853,N,,N,
08:23,VMM,27969,106.8,-3.13,6.26,,40.0,96.4,NORMAL,Y,0.0,30.0,30.0,0.0,0.0,15,0.0,6.37197983427729,0.0,25,0.0,20,3.6363636363629315,0.0,N,,N,
08:23,PTC,11355,166.57,-3.13,6.26,,39.4,94.1,NORMAL,N,0.0,30.0,30.0,0.0,0.0,15,0.0,4.129654674496544,0.0,25,0.0,20,5.26315789473511,0.0,N,,N,
08:23,REDINGTON,14255,343.7,-3.06,6.12,,36.6,91.6,NORMAL,N,0.0,30.0,30.0,0.0,0.0,15,0.0,1.6376244991899158,0.0,25,0.0,20,5.000000000001421,0.0,N,,N,
08:23,LUXIND,11301,1210.6,-3.06,6.12,,39.2,97.0,NORMAL,Y,0.0,30.0,30.0,0.0,0.0,15,0.0,7.026693414686913,0.0,25,0.0,20,2.1428571428566787,0.0,N,,N,
08:23,PARADEEP,9741,147.23,-3.01,6.02,,46.2,90.5,NORMAL,N,0.0,30.0,30.0,0.0,0.0,15,0.0,0.49275489819423735,0.0,25,0.0,20,15.714285714289193,0.0,N,,N,
08:23,AIIL,23553,557.45,-2.79,5.58,,90.0,42.9,NORMAL,Y,0.0,27.901299154241865,30.0,0.0,0.0,15,0.0,0.0,25,0.0,20,0.0,15.000000000001421,0.0,N,,N,
08:23,ASTERDM,1508,831.85,-2.7,5.39,,60.0,62.4,NORMAL,N,0.0,26.962217803251786,30.0,0.0,0.0,15,0.0,0.43799442020559765,25,0.0,0.0,20,4.51612903225849,0.0,N,,N,
08:23,UNICHEMLAB,3579,558.6,-2.65,5.3,,80.0,93.3,NORMAL,N,0.0,26.490066225165446,30.0,0.0,0.0,15,0.0,25.0,25,0.0,0.0,20,0.0,6.800000000000182,N,,N,
08:23,RUPA,25724,154.56,-2.65,5.29,,36.9,93.3,NORMAL,Y,0.0,26.455026455026385,30.0,0.0,0.0,15,0.0,6.877542287838684,0.0,25,0.0,20,0.0,0.0,N,,N,
08:23,KNRCON,15283,133.22,-2.65,5.29,,47.2,90.8,NORMAL,N,0.0,26.454253142356066,30.0,0.0,0.0,15,0.0,4.360157627921496,0.0,25,0.0,20,12.857142857141987,0.0,N,,N,
08:23,SOUTHWEST,9678,222.25,-2.62,5.24,,30.0,97.9,NORMAL,Y,0.0,26.201638697804803,30.0,0.0,0.0,15,0.0,0.0,0.0,25,0.0,20,0.0,11.666666666665089,N,,N,
08:23,KPITTECH,9683,610.6,-2.62,5.23,,35.8,86.5,NORMAL,N,0.0,26.15629984051033,30.0,0.0,0.0,15,0.0,0.31859026821207515,0.0,25,0.0,20,5.4545454545439505,0.0,N,,N,
08:23,MEDANTA,11956,1403.0,-2.6,5.19,,30.0,87.1,NORMAL,Y,0.0,25.965009719522413,30.0,0.0,0.0,15,0.0,0.0,0.0,25,0.0,20,0.0,1.1764705882368678,N,,N,
08:23,PREMIERENE,25049,1022.9,-2.58,5.16,,54.9,95.7,NORMAL,Y,0.0,25.809523809523828,30.0,0.0,0.0,15,0.0,9.900970124932892,0.0,25,0.0,20,14.999999999999147,0.0,N,,N,
08:23,WSTCSTPAPR,3799,581.8,-2.56,5.12,,40.5,87.6,NORMAL,N,0.0,25.62384860157439,30.0,0.0,0.0,15,0.0,2.0186284727700876,0.0,25,0.0,20,8.461538461539067,0.0,N,,N,
08:23,ABDL,24308,604.1,-2.53,5.07,,85.3,79.2,NORMAL,Y,0.0,25.33075185543713,30.0,0.0,0.0,15,0.0,18.85467745099748,25,0.0,0.0,20,11.428571428573285,0.0,N,,N,
08:23,ROLEXRINGS,5279,172.81,-2.53,5.05,,33.2,94.4,NORMAL,N,0.0,25.269332731682496,30.0,0.0,0.0,15,0.0,3.1970500091926812,0.0,25,0.0,20,0.0,5.909090909092026,N,,N,
08:23,HIKAL,9668,212.66,-2.44,4.88,,35.3,109.7,NORMAL,Y,0.0,24.405908798972355,30.0,0.0,0.0,15,0.0,5.316097201390317,0.0,25,0.0,20,0.0,20.0,N,,N,
08:23,SAREGAMA,4892,516.25,-2.43,4.86,,40.7,105.0,NORMAL,Y,0.0,24.28652428652433,30.0,0.0,0.0,15,0.0,10.738183808221352,0.0,25,0.0,20,0.0,10.000000000000988,N,,N,
08:23,MRPL,2283,176.75,-2.42,4.85,,62.3,64.3,NORMAL,N,0.0,24.235398034669238,30.0,0.0,0.0,15,0.0,5.098677362560874,25,0.0,0.0,20,2.222222222223275,0.0,N,,N,
08:23,NLCINDIA,8585,279.2,-2.39,4.79,,30.9,92.9,NORMAL,Y,0.0,23.94686243663703,30.0,0.0,0.0,15,0.0,0.9406195219953672,0.0,25,0.0,20,0.0,8.000000000001819,N,,N,
08:23,UNOMINDA,14154,1244.5,-2.39,4.78,,37.7,90.5,NORMAL,N,0.0,23.921568627450977,30.0,0.0,0.0,15,0.0,6.53804698885771,0.0,25,0.0,20,1.1764705882368678,0.0,N,,N,
08:23,KSB,1949,792.45,-2.39,4.78,,35.4,96.1,NORMAL,Y,0.0,23.896039908850128,30.0,0.0,0.0,15,0.0,5.352817010159022,0.0,25,0.0,20,0.0,6.8571428571418185,N,,N,
08:23,JUBLINGREA,2783,715.7,-2.37,4.75,,30.0,95.7,NORMAL,Y,0.0,23.734824716955366,30.0,0.0,0.0,15,0.0,0.0,0.0,25,0.0,20,0.0,12.000000000000455,N,,N,
08:23,VIPIND,3703,309.4,-2.37,4.73,,38.7,89.3,NORMAL,N,0.0,23.666771852319346,30.0,0.0,0.0,15,0.0,5.628013720469712,0.0,25,0.0,20,3.076923076922135,0.0,N,,N,
08:24,BRIGADE,15184,590.8,-2.36,4.73,,57.1,59.6,NORMAL,N,0.0,23.632457445050512,30.0,0.0,0.0,15,0.0,0.9621852353260845,25,0.0,0.0,20,1.1764705882368678,0.0,N,,N,
08:24,PATANJALI,17029,344.7,-2.35,4.7,,58.2,75.0,NORMAL,Y,0.0,23.512747875354137,30.0,0.0,0.0,15,0.0,3.171372892177413,25,0.0,0.0,20,0.0,13.33333333333207,N,,N,
08:24,DEVYANI,5373,139.54,-2.28,4.55,,50.0,62.8,NORMAL,N,0.0,22.760697527838087,30.0,0.0,0.0,15,0.0,0.0,0.0,25,20,0.0,0.0,0.0,N,,N,
08:24,ASAHIINDIA,5378,881.15,-2.27,4.55,,34.4,105.3,NORMAL,Y,0.0,22.73609493705984,30.0,0.0,0.0,15,0.0,4.356975783644226,0.0,25,0.0,20,0.0,18.181818181817807,N,,N,
08:24,VAIBHAVGBL,11364,232.35,-2.23,4.46,,48.1,88.4,NORMAL,Y,0.0,22.30170418682942,30.0,0.0,0.0,15,0.0,6.075644781946372,0.0,25,0.0,20,11.999999999998181,0.0,N,,N,
08:24,ZUARI,29050,220.51,-2.18,4.36,,55.0,56.8,NORMAL,Y,0.0,21.781563304054636,30.0,0.0,0.0,15,0.0,0.0,25,0.0,0.0,20,0.0,0.0,N,,N,
08:24,INFY,1594,1165.3,-2.13,4.27,,30.3,97.6,NORMAL,N,0.0,21.331989585957917,30.0,0.0,0.0,15,0.0,0.2775595408798753,0.0,25,0.0,20,0.0,15.99999999999909,N,,N,
08:24,GREAVESCOT,1235,193.6,-2.11,4.23,,74.5,56.8,NORMAL,Y,0.0,21.134593993325954,30.0,0.0,0.0,15,0.0,0.6788286476555883,25,0.0,0.0,20,18.787878787878213,0.0,N,,N,
08:24,FSL,14304,273.7,-2.11,4.22,,42.9,107.3,NORMAL,Y,0.0,21.10157367668109,30.0,0.0,0.0,15,0.0,12.888688296632486,0.0,25,0.0,20,0.0,13.333333333334176,N,,N,
08:24,SURYODAY,2970,160.21,-2.11,4.22,,42.6,81.1,NORMAL,Y,0.0,21.080288402786195,30.0,0.0,0.0,15,0.0,0.0,0.0,25,0.0,20,12.63157894736905,0.0,N,,N,
08:24,ERIS,21154,1361.0,-2.11,4.21,,87.0,44.4,NORMAL,Y,0.0,21.074588218370103,30.0,0.0,0.0,15,0.0,8.357558721280087,25,0.0,20,0.0,3.6363636363633542,0.0,N,,N,
08:24,SHREEPUSHK,10588,405.0,-2.08,4.16,,55.0,117.7,NORMAL,Y,0.0,20.793036750483616,30.0,0.0,0.0,15,0.0,25.0,0.0,25,0.0,20,0.0,11.935483870967653,N,,Y,NONRESULTS
08:24,PSPPROJECT,20877,915.1,-2.08,4.15,,73.1,85.5,NORMAL,Y,0.0,20.759764579989277,30.0,0.0,0.0,15,0.0,18.104850895199974,25,0.0,0.0,20,0.0,11.666666666666718,N,,N,
08:24,DIAMONDYD,21840,1183.0,-2.03,4.06,,55.0,55.3,NORMAL,N,0.0,20.289855072463766,30.0,0.0,0.0,15,0.0,0.0,25,0.0,0.0,20,0.0,0.0,N,,N,
08:24,RSYSTEMS,13414,240.0,-2.02,4.04,,36.5,90.7,NORMAL,Y,0.0,20.208205756276747,30.0,0.0,0.0,15,0.0,6.525832481725023,0.0,25,0.0,20,0.0,3.9999999999997726,N,,N,
08:24,BSOFT,6994,313.85,-2.01,4.03,,70.6,66.7,NORMAL,N,0.0,20.13737121448638,30.0,0.0,0.0,15,0.0,11.58135425060574,25,0.0,0.0,20,4.0000000000009095,0.0,N,,N,
08:24,RAMKY,20134,388.3,-2.01,4.01,,30.0,80.1,NORMAL,Y,0.0,20.063091482649813,30.0,0.0,0.0,15,0.0,0.0,0.0,25,0.0,20,0.0,0.0,N,,N,
08:24,PIIND,24184,2472.2,-9.44,18.89,,41.3,97.1,NORMAL,Y,0.0,30.0,30.0,0.0,0.0,15,0.0,7.094544288220223,0.0,25,0.0,20,4.186046511628448,0.0,N,,N,
08:24,TCS,11536,2322.5,-5.04,10.07,,30.0,105.5,NORMAL,Y,0.0,30.0,30.0,0.0,0.0,15,0.0,0.0,0.0,25,0.0,20,0.0,15.499999999999545,N,,N,
08:24,LLOYDSME,17313,1893.4,-4.67,9.34,,32.7,103.8,NORMAL,Y,0.0,30.0,30.0,0.0,0.0,15,0.0,2.6662891892475384,0.0,25,0.0,20,0.0,11.111111111110922,N,,N,
08:24,MOREPENLAB,2259,73.81,-4.01,8.01,,52.9,96.4,NORMAL,N,0.0,30.0,30.0,0.0,0.0,15,0.0,6.437406176514929,0.0,25,0.0,20,16.47058823529402,0.0,N,,N,
08:24,IFCI,1491,73.04,-3.51,7.03,,35.4,92.9,NORMAL,Y,0.0,30.0,30.0,0.0,0.0,15,0.0,2.9192562849599377,0.0,25,0.0,20,2.5000000000013323,0.0,N,,N,
08:24,M&M,2031,3410.4,-3.03,6.06,,65.4,69.5,NORMAL,N,0.0,30.0,30.0,0.0,0.0,15,0.0,4.461603563274155,25,0.0,0.0,20,5.9259259259276735,0.0,N,,N,
08:24,HEXT,29666,553.85,-2.0,4.0,,50.0,80.0,NORMAL,Y,0.0,19.994691674776526,30.0,0.0,0.0,15,0.0,0.0,0.0,25,0.0,20,20.0,0.0,N,,N,
08:24,AEGISLOG,40,1272.1,-1.97,3.93,,47.7,85.3,NORMAL,Y,0.0,19.651664611590633,30.0,0.0,0.0,15,0.0,5.692782346216782,0.0,25,0.0,20,11.999999999999318,0.0,N,,N,
08:24,SHALBY,714,158.51,-1.95,3.91,,52.7,82.3,NORMAL,Y,0.0,19.545988742500136,30.0,0.0,0.0,15,0.0,2.716514101854972,0.0,25,0.0,20,20.0,0.0,N,,N,
08:24,WESTLIFE,11580,572.25,-1.92,3.84,,40.8,81.2,NORMAL,N,0.0,19.196160767846507,30.0,0.0,0.0,15,0.0,2.0096798019410556,0.0,25,0.0,20,8.749999999999822,0.0,N,,N,
08:24,TATASTEEL,3499,184.66,-1.91,3.81,,30.0,81.2,NORMAL,Y,0.0,19.070385126162037,30.0,0.0,0.0,15,0.0,0.0,0.0,25,0.0,20,0.0,2.1052631578928476,N,,N,
08:24,EMSLIMITED,18593,386.5,-1.88,3.76,,75.1,53.9,NORMAL,Y,0.0,18.78649403401873,30.0,0.0,0.0,15,0.0,0.1129166938883581,25,0.0,0.0,20,20.0,0.0,N,,N,
08:24,TATACONSUM,3432,1057.8,-1.87,3.75,,34.6,81.3,NORMAL,Y,0.0,18.73840445269021,30.0,0.0,0.0,15,0.0,2.5709362061880228,0.0,25,0.0,20,1.999999999998181,0.0,N,,N,
08:24,HISARMETAL,19322,152.5,-1.85,3.71,,75.0,33.5,NORMAL,N,0.0,18.53520401596084,30.0,0.0,0.0,15,0.0,0.0,25,0.0,20,0.0,0.0,0.0,N,,N,
08:24,NELCO,2388,976.8,-1.84,3.68,,35.3,89.6,NORMAL,N,0.0,18.3901115465783,30.0,0.0,0.0,15,0.0,5.338599777794531,0.0,25,0.0,20,0.0,5.882352941176313,N,,N,
08:24,MANAPPURAM,19061,353.5,-1.81,3.61,,34.4,78.1,NORMAL,Y,0.0,18.055555555555554,30.0,0.0,0.0,15,0.0,0.0,0.0,25,0.0,20,4.444444444445567,0.0,N,,N,
08:24,DEEPAKNTR,19943,1735.1,-2.78,5.57,,39.5,87.8,NORMAL,N,0.0,27.846257283729294,30.0,0.0,0.0,15,0.0,0.0,0.0,25,0.0,20,9.473684210527953,0.0,N,,N,
08:24,HAPPSTMNDS,48,387.4,-1.76,3.52,,50.0,77.6,NORMAL,Y,0.0,17.62393812603029,30.0,0.0,0.0,15,0.0,0.0,0.0,25,0.0,20,20.0,0.0,N,,N,
08:24,METROPOLIS,9581,556.4,-1.74,3.48,,60.3,67.7,NORMAL,Y,0.0,17.39514348785876,30.0,0.0,0.0,15,0.0,5.343767264816394,25,0.0,0.0,20,0.0,10.0,N,,N,
08:24,PCBL,2649,316.6,-1.72,3.45,,36.7,81.1,NORMAL,Y,0.0,17.227999379171052,30.0,0.0,0.0,15,0.0,3.8810190140365597,0.0,25,0.0,20,2.8571428571433213,0.0,N,,N,
08:24,SANGAMIND,4184,572.0,-1.71,3.42,,100.0,77.1,NORMAL,Y,0.0,17.09768880488022,30.0,0.0,0.0,15,0.0,25.0,25,0.0,0.0,20,20.0,0.0,N,,N,
08:24,SONATSOFTW,6596,328.2,-1.71,3.41,,55.6,60.7,NORMAL,N,0.0,17.070979335130247,30.0,0.0,0.0,15,0.0,0.5976634340354964,25,0.0,0.0,20,0.0,8.000000000001819,N,,N,
08:24,ADANIPOWER,17388,205.48,-1.68,3.37,,34.5,88.4,NORMAL,Y,0.0,16.842105263157944,30.0,0.0,0.0,15,0.0,4.491653189498235,0.0,25,0.0,20,0.0,7.058823529412551,N,,N,
08:24,SUNTECK,17641,291.65,-1.65,3.3,,46.5,82.2,NORMAL,Y,0.0,16.523351879952905,30.0,0.0,0.0,15,0.0,5.722654956103575,0.0,25,0.0,20,10.769230769230095,0.0,N,,N,
08:24,360ONE,13061,1149.1,-1.62,3.24,,62.3,62.5,NORMAL,N,0.0,16.18150684931515,30.0,0.0,0.0,15,0.0,7.341354780574945,25,0.0,0.0,20,0.0,3.9999999999993934,N,,N,
08:24,WOCKPHARMA,7506,1859.6,-2.61,5.22,,33.8,89.1,NORMAL,Y,0.0,26.081491568031936,30.0,0.0,0.0,15,0.0,3.0370839012156416,0.0,25,0.0,20,0.7407407407400546,0.0,N,,N,
08:24,JUBLFOOD,18096,480.65,-1.55,3.09,,38.4,78.6,NORMAL,N,0.0,15.464973371569052,30.0,0.0,0.0,15,0.0,3.170249616582668,0.0,25,0.0,20,5.263157894736905,0.0,N,,N,
08:24,EXICOM,22947,141.73,-1.54,3.08,,81.5,61.3,NORMAL,Y,0.0,15.42202153525529,30.0,0.0,0.0,15,0.0,10.890106060109508,25,0.0,0.0,20,15.625000000000334,0.0,N,,N,
08:24,NAUKRI,13751,1339.1,-1.54,3.07,,46.7,79.5,NORMAL,N,0.0,15.367647058823598,30.0,0.0,0.0,15,0.0,4.1663780030581234,0.0,25,0.0,20,12.50000000000071,0.0,N,,N,
08:24,GMRAIRPORT,13528,103.5,-1.53,3.06,,90.6,37.6,NORMAL,Y,0.0,15.317286652078769,30.0,0.0,0.0,15,0.0,7.25101193103439,25,0.0,20,0.0,8.333333333334913,0.0,N,,N,
08:24,DABUR,772,406.35,-1.53,3.05,,66.2,94.8,NORMAL,Y,0.0,15.267175572518974,30.0,0.0,0.0,15,0.0,19.573372612450306,0.0,25,0.0,20,16.666666666667087,0.0,N,,N,
08:24,GODREJPROP,17875,1986.6,-2.52,5.03,,54.5,93.2,NORMAL,Y,0.0,25.172972177241366,30.0,0.0,0.0,15,0.0,8.055517148341734,0.0,25,0.0,20,16.491228070175467,0.0,N,,N,
08:24,MUNJALAU,13511,100.5,-1.49,2.98,,33.7,88.6,NORMAL,Y,0.0,14.899039404038385,30.0,0.0,0.0,15,0.0,3.691005207542433,0.0,25,0.0,20,0.0,9.999999999998224,N,,N,
08:24,SAPPHIRE,6718,232.53,-1.48,2.96,,66.4,49.8,NORMAL,N,0.0,14.78688246758753,30.0,0.0,0.0,15,0.0,0.0,25,0.0,0.0,20,11.428571428571264,0.0,N,,N,
08:24,ANGELONE,324,287.1,-1.48,2.95,,97.6,39.6,NORMAL,Y,0.0,14.75634866163334,30.0,0.0,0.0,15,0.0,9.853067198395024,25,0.0,20,0.0,12.727272727271224,0.0,N,,N,
08:24,TATAINVEST,1621,678.6,-1.47,2.95,,60.0,52.3,NORMAL,N,0.0,14.736842105263124,30.0,0.0,0.0,15,0.0,2.569099625473117,25,0.0,0.0,20,2.399999999999636,0.0,N,,N,
08:24,FDC,4898,355.6,-1.47,2.94,,40.3,77.7,NORMAL,Y,0.0,14.685508451094362,30.0,0.0,0.0,15,0.0,3.051745078512604,0.0,25,0.0,20,7.272727272727461,0.0,N,,N,
08:24,SWANCORP,27095,306.7,-1.46,2.92,,34.2,78.9,NORMAL,Y,0.0,14.618473895582365,30.0,0.0,0.0,15,0.0,4.240073955930366,0.0,25,0.0,20,0.0,0.0,N,,N,
08:24,SUPRAJIT,11689,523.5,-1.46,2.92,,63.2,87.8,NORMAL,N,0.0,14.588235294117647,30.0,0.0,0.0,15,0.0,13.178897479235665,0.0,25,0.0,20,20.0,0.0,N,,N,
08:24,MAXESTATES,19646,420.5,-1.44,2.88,,75.0,29.4,NORMAL,N,0.0,14.414625571311324,30.0,0.0,0.0,15,0.0,0.0,25,0.0,20,0.0,0.0,0.0,N,,N,
08:24,PRINCEPIPE,16045,267.15,-1.44,2.88,,37.4,89.3,NORMAL,Y,0.0,14.388489208633219,30.0,0.0,0.0,15,0.0,7.414018990437572,0.0,25,0.0,20,0.0,7.4999999999992895,N,,N,
08:24,EIDPARRY,916,777.5,-1.4,2.79,,56.5,52.4,NORMAL,Y,0.0,13.950538998097652,30.0,0.0,0.0,15,0.0,1.5480960069601932,25,0.0,0.0,20,0.0,1.9047619047624202,N,,N,
08:24,CENTURYPLY,13305,765.65,-1.38,2.77,,66.0,67.5,NORMAL,Y,0.0,13.845955692941784,30.0,0.0,0.0,15,0.0,10.980734508455255,25,0.0,0.0,20,0.0,7.692307692307513,N,,N,
08:24,JSWENERGY,17869,555.25,-1.38,2.75,,45.3,92.4,NORMAL,Y,0.0,13.765541740674955,30.0,0.0,0.0,15,0.0,15.329354632287503,0.0,25,0.0,20,0.0,3.3333333333329125,N,,N,
08:24,IEX,220,124.28,-1.37,2.73,,33.6,73.7,NORMAL,Y,0.0,13.650793650793641,30.0,0.0,0.0,15,0.0,0.0,0.0,25,0.0,20,3.6363636363629315,0.0,N,,N,
08:24,MAITHANALL,24538,991.95,-1.36,2.71,,55.2,48.8,NORMAL,N,0.0,13.573985680190907,30.0,0.0,0.0,15,0.0,0.24265467414122388,25,0.0,0.0,20,0.0,0.0,N,,N,
08:24,CYIENT,5748,841.85,-1.35,2.71,,34.0,81.7,NORMAL,Y,0.0,13.534098898523501,30.0,0.0,0.0,15,0.0,4.0255086670091496,0.0,25,0.0,20,0.0,4.166666666666903,N,,N,
08:24,ETERNAL,5097,313.7,-1.35,2.7,,30.0,77.5,NORMAL,N,0.0,13.522012578616387,30.0,0.0,0.0,15,0.0,0.0,0.0,25,0.0,20,0.0,4.0000000000009095,N,,N,
08:24,BPCL,526,313.55,-1.34,2.67,,75.0,55.4,NORMAL,Y,0.0,13.373190685966016,30.0,0.0,0.0,15,0.0,6.983659352524664,25,0.0,0.0,20,12.999999999999545,0.0,N,,N,
08:24,LOTUSEYE,16807,118.21,-1.31,2.62,,30.0,73.1,NORMAL,Y,0.0,13.107363499749603,30.0,0.0,0.0,15,0.0,0.0,0.0,25,0.0,20,0.0,0.0,N,,N,
08:24,ANTHEM,757885,880.0,-1.31,2.61,,32.6,73.1,NORMAL,N,0.0,13.065664778780885,30.0,0.0,0.0,15,0.0,0.0,0.0,25,0.0,20,2.5641025641025044,0.0,N,,N,
08:24,ROUTE,128,523.2,-1.3,2.6,,55.5,96.0,NORMAL,Y,0.0,13.016411997736233,30.0,0.0,0.0,15,0.0,22.952380848560107,0.0,25,0.0,20,2.499999999999526,0.0,N,,N,
08:24,SPARC,14788,202.6,-1.3,2.59,,62.1,55.0,NORMAL,Y,0.0,12.959173730877895,30.0,0.0,0.0,15,0.0,7.080299946606337,25,0.0,0.0,20,0.0,0.0,N,,N,
08:24,LODHA,3220,1196.3,-1.3,2.59,,50.1,77.2,NORMAL,Y,0.0,12.953795379537992,30.0,0.0,0.0,15,0.0,4.225877795261993,0.0,25,0.0,20,15.849056603773892,0.0,N,,N,
08:24,KEC,13260,445.0,-1.28,2.55,,35.3,78.1,NORMAL,Y,0.0,12.756516916250693,30.0,0.0,0.0,15,0.0,5.328178208142374,0.0,25,0.0,20,0.0,0.0,N,,N,
08:24,PRAJIND,2705,325.7,-1.27,2.55,,57.5,53.5,NORMAL,N,0.0,12.731130645650163,30.0,0.0,0.0,15,0.0,2.4788716546563503,25,0.0,0.0,20,0.0,3.333333333333965,N,,N,
08:24,SESHAPAPER,3066,230.04,-1.27,2.54,,30.0,92.7,NORMAL,Y,0.0,12.70386266094424,30.0,0.0,0.0,15,0.0,0.0,0.0,25,0.0,20,0.0,20.0,N,,N,
08:24,RALLIS,2816,208.82,-1.27,2.53,,60.0,50.4,NORMAL,Y,0.0,12.671394799054404,30.0,0.0,0.0,15,0.0,2.708699511093284,25,0.0,0.0,20,2.3076923076923497,0.0,N,,N,
08:24,TRITURBINE,25584,592.75,-1.27,2.53,,61.4,58.6,NORMAL,Y,0.0,12.659282085450192,30.0,0.0,0.0,15,0.0,6.353192121357583,25,0.0,0.0,20,0.0,4.615384615387575,N,,N,
08:24,ATGL,6066,657.95,-1.23,2.46,,33.0,91.9,NORMAL,Y,0.0,12.309539893417297,30.0,0.0,0.0,15,0.0,3.0335654526498783,0.0,25,0.0,20,0.0,16.5217391304359,N,,N,
08:24,QUICKHEAL,13131,149.5,-1.23,2.46,,44.5,106.8,NORMAL,Y,0.0,12.288583509513831,30.0,0.0,0.0,15,0.0,14.513673811005665,0.0,25,0.0,20,0.0,20.0,N,,N,
08:24,RAMCOCEM,2043,922.6,-1.23,2.45,,34.3,73.7,NORMAL,Y,0.0,12.258444408757487,30.0,0.0,0.0,15,0.0,1.4149751667713675,0.0,25,0.0,20,2.8571428571419286,0.0,N,,N,
08:24,ZENSARTECH,1076,494.5,-1.22,2.44,,55.0,47.2,NORMAL,Y,0.0,12.185377546943714,30.0,0.0,0.0,15,0.0,0.0,25,0.0,0.0,20,0.0,0.0,N,,N,
08:24,UCAL,3570,116.22,-1.22,2.43,,80.0,72.2,NORMAL,Y,0.0,12.154696132596742,30.0,0.0,0.0,15,0.0,25.0,25,0.0,0.0,20,0.0,0.0,N,,N,
08:24,BEL,383,401.0,-1.2,2.39,,36.7,72.0,NORMAL,N,0.0,11.950227916718054,30.0,0.0,0.0,15,0.0,0.0,0.0,25,0.0,20,6.66666666666793,0.0,N,,N,
08:24,PARAS,5911,1268.7,-1.19,2.38,,43.7,94.4,NORMAL,N,0.0,11.915887850467254,30.0,0.0,0.0,15,0.0,13.674843685154507,0.0,25,0.0,20,0.0,8.800000000001091,N,,N,
08:24,TATAPOWER,3426,375.55,-1.17,2.34,,31.3,77.0,NORMAL,Y,0.0,11.710526315789446,30.0,0.0,0.0,15,0.0,1.3386470675391275,0.0,25,0.0,20,0.0,4.0000000000009095,N,,N,
08:24,INDHOTEL,1512,715.6,-1.16,2.32,,37.8,84.6,NORMAL,Y,0.0,11.602209944751351,30.0,0.0,0.0,15,0.0,7.760293909423519,0.0,25,0.0,20,0.0,5.217391304347139,N,,Y,NONRESULTS
08:24,KALYANKJIL,2955,595.45,-1.12,2.24,,81.7,26.2,NORMAL,N,0.0,11.20890069744271,30.0,0.0,0.0,15,0.0,0.0,25,0.0,20,0.0,6.666666666664982,0.0,N,,N,
08:24,SUPREMEIND,3363,3421.0,-2.12,4.23,,76.7,57.9,NORMAL,Y,0.0,21.17310443490701,30.0,0.0,0.0,15,0.0,1.702568670237643,25,0.0,20,0.0,0.0,20.0,N,,N,
08:24,RCF,2866,124.15,-1.12,2.23,,31.3,88.5,NORMAL,Y,0.0,11.150935882118608,30.0,0.0,0.0,15,0.0,1.3045223771589693,0.0,25,0.0,20,0.0,16.00000000000341,N,,N,
08:24,KIMS,4847,804.0,-1.11,2.23,,35.7,80.5,NORMAL,Y,0.0,11.130926757271945,30.0,0.0,0.0,15,0.0,5.696105646558056,0.0,25,0.0,20,0.0,3.703703703703641,N,,N,
08:24,LXCHEM,2841,172.95,-1.11,2.22,,66.5,77.6,NORMAL,Y,0.0,11.092686831722785,30.0,0.0,0.0,15,0.0,11.487710069914362,25,0.0,0.0,20,0.0,20.0,N,,N,
08:24,HINDZINC,1424,580.15,-1.11,2.22,,48.8,102.2,NORMAL,N,0.0,11.079860223301798,30.0,0.0,0.0,15,0.0,18.789025674603405,0.0,25,0.0,20,0.0,12.380952380952483,N,,N,
08:24,XCHANGING,11705,67.0,-2.1,4.21,,50.0,81.0,NORMAL,N,0.0,21.040327293980095,30.0,0.0,0.0,15,0.0,0.0,0.0,25,0.0,20,20.0,0.0,N,,N,
08:24,HAVELLS,9819,1260.4,-1.1,2.2,,35.3,73.4,NORMAL,N,0.0,10.985561833019458,30.0,0.0,0.0,15,0.0,2.446152746487359,0.0,25,0.0,20,2.857142857143785,0.0,N,,N,
08:24,TREJHARA,7518,163.73,-1.09,2.19,,33.6,94.5,NORMAL,N,0.0,10.93391325359431,30.0,0.0,0.0,15,0.0,3.5909015383390677,0.0,25,0.0,20,0.0,20.0,N,,N,
08:24,RAINBOW,9408,1488.1,-1.06,2.13,,80.5,54.2,NORMAL,Y,0.0,10.637590585732333,30.0,0.0,0.0,15,0.0,8.539529184285275,25,0.0,0.0,20,17.000000000000455,0.0,N,,N,
08:24,IREDA,20261,117.44,-1.06,2.12,,36.4,81.7,NORMAL,Y,0.0,10.614995787700128,30.0,0.0,0.0,15,0.0,6.404986007765354,0.0,25,0.0,20,0.0,4.705882352941865,N,,N,
08:24,KIRLOSBROS,18581,1915.8,-2.05,4.1,,39.4,106.6,NORMAL,N,0.0,20.50207065800917,30.0,0.0,0.0,15,0.0,9.448854513467847,0.0,25,0.0,20,0.0,16.666666666666035,N,,N,
08:24,PFC,14299,377.0,-1.05,2.1,,39.5,96.0,NORMAL,Y,0.0,10.498687664041993,30.0,0.0,0.0,15,0.0,9.485597500941855,0.0,25,0.0,20,0.0,16.000000000000227,N,,N,
08:24,DELHIVERY,9599,468.5,-1.05,2.09,,56.5,53.9,NORMAL,Y,0.0,10.455169500475211,30.0,0.0,0.0,15,0.0,1.4870444340932227,25,0.0,0.0,20,0.0,6.923076923076687,N,,N,
08:24,GPIL,13409,229.8,-1.03,2.05,,54.4,77.0,NORMAL,Y,0.0,10.250667585493995,30.0,0.0,0.0,15,0.0,6.722396103239473,0.0,25,0.0,20,17.71428571428613,0.0,N,,N,
08:24,PURVA,14922,210.14,-1.02,2.04,,30.9,91.2,NORMAL,Y,0.0,10.220903395977654,30.0,0.0,0.0,15,0.0,0.9451369919371211,0.0,25,0.0,20,0.0,20.0,N,,N,
08:24,GULFOILLUB,4391,1177.7,-1.02,2.03,,57.3,67.5,NORMAL,N,0.0,10.169776433013876,30.0,0.0,0.0,15,0.0,2.326096060530156,25,0.0,0.0,20,0.0,20.0,N,,N,
08:24,NCC,2319,143.3,-1.01,2.02,,48.4,78.9,NORMAL,N,0.0,10.085659021829095,30.0,0.0,0.0,15,0.0,8.80023095466792,0.0,25,0.0,20,9.59999999999809,0.0,N,,N,
08:24,WIPRO,3787,182.74,-1.01,2.02,,30.0,81.8,NORMAL,N,0.0,10.075839653304362,30.0,0.0,0.0,15,0.0,0.0,0.0,25,0.0,20,0.0,11.764705882353137,N,,N,
08:24,PUNJABCHEM,4344,1093.0,-1.0,1.99,,63.8,53.9,NORMAL,Y,0.0,9.963768115942027,29.891304347826082,0.0,0.0,15,0.0,8.945648783735113,25,0.0,0.0,20,0.0,0.0,N,,N,
08:24,GARFIBRES,1100,778.6,-0.99,1.98,,82.1,74.9,NORMAL,N,0.0,9.91861648016271,29.755849440488127,0.0,0.0,15,0.0,25.0,0.0,25,20,0.0,7.34177215189888,0.0,N,,N,
08:24,JTEKTINDIA,3237,139.79,-0.97,1.94,,65.2,85.8,NORMAL,N,0.0,9.705298951544378,29.115896854633135,0.0,0.0,15,0.0,16.094571929028533,0.0,25,0.0,20,20.0,0.0,N,,N,
08:24,HUDCO,20825,193.88,-0.97,1.93,,57.1,89.4,NORMAL,Y,0.0,9.654186034632554,28.962558103897656,0.0,0.0,15,0.0,19.75405886330489,0.0,25,0.0,20,8.421052631580364,0.0,N,,N,
08:24,NIITLTD,11522,93.57,-1.96,3.92,,32.5,82.1,NORMAL,Y,0.0,19.593461860855037,30.0,0.0,0.0,15,0.0,2.5298152232670863,0.0,25,0.0,20,0.0,0.0,N,,N,
08:24,M&MFIN,13285,395.0,-0.95,1.91,,32.1,87.8,NORMAL,N,0.0,9.528585757271843,28.58575727181553,0.0,0.0,15,0.0,3.5639377261626235,0.0,25,0.0,20,0.0,14.666666666666213,N,,N,
08:24,SHILPAMED,17752,812.1,-0.93,1.85,,48.2,77.5,NORMAL,N,0.0,9.271684762718095,27.815054288154283,0.0,0.0,15,0.0,8.206030936810945,0.0,25,0.0,20,12.173913043478088,0.0,N,,N,
08:24,HCG,15555,732.1,-0.93,1.85,,81.6,29.2,NORMAL,N,0.0,9.269910007443023,27.80973002232907,0.0,0.0,15,0.0,4.94884204457247,25,0.0,20,0.0,3.846153846153981,0.0,N,,N,
08:24,SYMPHONY,24190,635.25,-0.92,1.84,,72.6,44.2,NORMAL,Y,0.0,9.202214770334521,27.60664431100356,0.0,0.0,15,0.0,0.0,25,0.0,0.0,20,20.0,0.0,N,,N,
08:24,ENGINERSIN,4907,240.81,-0.9,1.79,,55.3,45.5,NORMAL,N,0.0,8.971562615745531,26.914687847236596,0.0,0.0,15,0.0,1.5668044603479314,25,0.0,0.0,20,1.8518518518523002,0.0,N,,N,
08:24,DCMSHRIRAM,811,998.0,-0.89,1.79,,60.3,90.6,NORMAL,Y,0.0,8.93743793445879,26.81231380337637,0.0,0.0,15,0.0,21.63084142754353,0.0,25,0.0,20,11.85185185185232,0.0,N,,N,
08:24,ROSSARI,19410,500.4,-0.89,1.78,,52.9,46.6,NORMAL,Y,0.0,8.9126559714795,26.737967914438507,0.0,0.0,15,0.0,1.132159314865433,25,0.0,0.0,20,0.0,1.538461538460193,N,,N,
08:24,VERANDA,8890,245.95,-0.89,1.77,,54.3,76.5,NORMAL,N,0.0,8.865605480556184,26.59681644166855,0.0,0.0,15,0.0,7.657207516158275,0.0,25,0.0,20,20.0,0.0,N,,N,
08:24,TITAGARH,15414,837.35,-0.88,1.76,,71.7,52.9,NORMAL,Y,0.0,8.818655303030223,26.45596590909067,0.0,0.0,15,0.0,9.128430098838594,25,0.0,0.0,20,11.111111111110922,0.0,N,,N,
08:24,AXISBANK,5900,1219.0,-0.88,1.76,,26.6,80.2,NORMAL,Y,0.0,8.781915758659908,26.345747275979726,0.0,0.0,15,0.0,0.301695270630818,0.0,25,0.0,20,0.0,11.111111111109988,N,,N,
08:24,JKIL,15266,493.25,-0.87,1.75,,59.0,51.5,NORMAL,Y,0.0,8.741961414791042,26.225884244373127,0.0,0.0,15,0.0,7.767679615641248,25,0.0,0.0,20,0.0,0.0,N,,N,
08:24,ACC,22,1328.5,-0.84,1.69,,51.7,46.7,NORMAL,Y,0.0,8.434094640991159,25.302283922973476,0.0,0.0,15,0.0,1.4109210083877524,25,0.0,0.0,20,0.0,1.818181818180315,N,,N,
08:24,ANANTRAJ,13620,601.2,-0.83,1.67,,26.9,82.2,NORMAL,Y,0.0,8.32989690721642,24.98969072164926,0.0,0.0,15,0.0,1.9078425899910056,0.0,25,0.0,20,0.0,11.999999999998181,N,,N,
08:24,JUSTDIAL,29962,689.2,-0.83,1.65,,39.4,79.2,NORMAL,Y,0.0,8.273976545075186,24.82192963522556,0.0,0.0,15,0.0,10.892524622217508,0.0,25,0.0,20,3.7037037037037974,0.0,N,,N,
08:24,IONEXCHANG,1630,377.75,-0.83,1.65,,54.1,57.6,NORMAL,Y,0.0,8.269887109477493,24.80966132843248,0.0,0.0,15,0.0,4.2994553652476775,25,0.0,0.0,20,0.0,10.0,N,,N,
08:24,HINDPETRO,1406,387.65,-0.82,1.64,,62.2,45.8,NORMAL,Y,0.0,8.187284124344494,24.56185237303348,0.0,0.0,15,0.0,2.6577604075490115,25,0.0,0.0,20,10.000000000001894,0.0,N,,N,
08:24,COALINDIA,20374,409.25,-0.81,1.62,,24.4,78.1,NORMAL,Y,0.0,8.119243819680133,24.357731459040398,0.0,0.0,15,0.0,0.0,0.0,25,0.0,20,0.0,10.000000000005684,N,,N,
08:24,JSWSTEEL,11723,1273.0,-0.81,1.62,,36.4,84.7,NORMAL,Y,0.0,8.103475144148426,24.310425432445278,0.0,0.0,15,0.0,12.112331762614797,0.0,25,0.0,20,0.0,4.51612903225849,N,,N,
08:24,SAFARI,13035,1488.1,-0.81,1.61,,35.3,68.1,NORMAL,Y,0.0,8.065591254499491,24.196773763498474,0.0,0.0,15,0.0,0.0,0.0,25,0.0,20,11.111111111110922,0.0,N,,N,
08:24,BECTORFOOD,1628,238.7,-0.8,1.6,,97.3,37.8,NORMAL,N,0.0,7.9793865846563685,23.93815975396911,0.0,0.0,15,0.0,14.83053760598754,25,0.0,20,0.0,13.54430379746816,0.0,N,,N,
08:24,HDFCBANK,1333,723.2,-0.8,1.59,,53.2,52.2,NORMAL,Y,0.0,7.956104252400487,23.86831275720146,0.0,0.0,15,0.0,4.284037143927468,25,0.0,0.0,20,0.0,4.999999999995737,N,,N,
08:24,RAYMOND,2859,619.35,-0.79,1.59,,68.8,34.6,NORMAL,N,0.0,7.928880345987398,23.786641037962195,0.0,0.0,15,0.0,0.0,25,0.0,20,0.0,0.0,11.666666666666982,N,,N,
08:24,UBL,16713,1388.9,-0.79,1.59,,28.1,83.4,NORMAL,Y,0.0,7.928571428571362,23.78571428571409,0.0,0.0,15,0.0,4.318512507212166,0.0,25,0.0,20,0.0,11.111111111111391,N,,N,
08:24,SHRIRAMFIN,4306,1121.0,-0.79,1.58,,56.8,48.2,NORMAL,N,0.0,7.876803256925472,23.630409770776417,0.0,0.0,15,0.0,5.28568871869868,25,0.0,0.0,20,2.8571428571465693,0.0,N,,N,
08:24,WHIRLPOOL,18011,788.8,-0.79,1.57,,78.2,27.3,NORMAL,Y,0.0,7.8611408087541665,23.5834224262625,0.0,0.0,15,0.0,4.401185423499008,25,0.0,20,0.0,5.26315789473659,0.0,N,,N,
08:24,SWIGGY,27066,278.3,-0.78,1.57,,68.5,31.4,NORMAL,N,0.0,7.843137254901921,23.529411764705763,0.0,0.0,15,0.0,0.0,25,0.0,20,0.0,0.0,8.571428571431355,N,,N,
08:24,HDBFS,757772,687.75,-0.77,1.54,,26.8,69.4,NORMAL,Y,0.0,7.7189438753426955,23.156831626028087,0.0,0.0,15,0.0,1.6925723779433823,0.0,25,0.0,20,1.999999999998181,0.0,N,,N,
08:24,MPHASIS,4503,2485.5,-1.76,3.52,,47.8,81.1,NORMAL,N,0.0,17.58893280632411,30.0,0.0,0.0,15,0.0,3.4894223569711946,0.0,25,0.0,20,14.28571428571413,0.0,N,,N,
08:24,MARICO,4067,848.55,-0.75,1.51,,75.3,22.5,NORMAL,Y,0.0,7.54385964912286,22.63157894736858,0.0,0.0,15,0.0,0.0,25,0.0,20,0.0,7.692307692307962,0.0,N,,N,
08:24,BAJFINANCE,317,1085.1,-0.75,1.5,,56.5,60.8,NORMAL,Y,0.0,7.5002286655081365,22.50068599652441,0.0,0.0,15,0.0,9.036918457701598,25,0.0,0.0,20,0.0,9.230769230768153,N,,N,
08:24,UNITDSPR,10447,1521.7,-1.74,3.49,,36.1,82.3,NORMAL,N,0.0,17.433976883838056,30.0,0.0,0.0,15,0.0,4.912973760715327,0.0,25,0.0,20,1.1764705882341926,0.0,N,,N,
08:24,RELIANCE,2885,1314.1,-0.74,1.48,,53.0,63.6,NORMAL,N,0.0,7.402371780346084,22.207115341038254,0.0,0.0,15,0.0,5.800897012390826,25,0.0,0.0,20,0.0,15.384615384615923,N,,N,
08:24,HCLTECH,7229,1355.4,-0.73,1.46,,26.6,73.3,NORMAL,N,0.0,7.323861139592793,21.97158341877838,0.0,0.0,15,0.0,4.657717931054252,0.0,25,0.0,20,0.0,1.3333333333321207,N,,N,
08:24,DRREDDY,881,1196.3,-0.72,1.44,,21.7,72.2,NORMAL,N,0.0,7.21991701244817,21.65975103734451,0.0,0.0,15,0.0,0.0,0.0,25,0.0,20,0.0,5.000000000005684,N,,N,
08:24,MAHLOG,385,406.4,-0.72,1.44,,66.6,32.2,NORMAL,N,0.0,7.206546964700245,21.619640894100737,0.0,0.0,15,0.0,0.0,25,0.0,20,0.0,0.0,10.0,N,,N,
08:24,RBLBANK,18391,386.9,-0.72,1.44,,26.5,77.8,NORMAL,N,0.0,7.18501411342061,21.555042340261828,0.0,0.0,15,0.0,4.945355542326855,0.0,25,0.0,20,0.0,5.71428571428757,N,,N,
08:24,GAIL,4717,174.1,-0.71,1.41,,78.3,23.5,NORMAL,Y,0.0,7.0719744496407495,21.21592334892225,0.0,0.0,15,0.0,1.4565032101736266,25,0.0,20,0.0,10.588235294118826,0.0,N,,N,
08:24,NBCC,31415,92.2,-1.71,3.41,,79.1,60.8,NORMAL,Y,0.0,17.057569296375206,30.0,0.0,0.0,15,0.0,8.703167976461812,25,0.0,0.0,20,15.348837209302001,0.0,N,,N,
08:24,WAAREEENER,25907,2658.2,-1.69,3.39,,37.6,86.2,NORMAL,Y,0.0,16.937869822485276,30.0,0.0,0.0,15,0.0,7.591014621899626,0.0,25,0.0,20,0.0,1.7142857142867538,N,,N,
08:24,THYROCARE,17032,644.85,-0.69,1.39,,61.3,71.1,NORMAL,N,0.0,6.930006930006931,20.79002079002079,0.0,0.0,15,0.0,15.548007798075892,25,0.0,0.0,20,0.0,13.584905660377132,N,,N,
08:24,WABAG,20188,1917.1,-1.69,3.38,,55.2,82.2,NORMAL,Y,0.0,16.922209117481156,30.0,0.0,0.0,15,0.0,5.246231755651282,0.0,25,0.0,20,20.0,0.0,N,,N,
08:24,ORIENTCEM,30089,133.22,-0.68,1.36,,71.5,47.9,NORMAL,Y,0.0,6.784462834563458,20.353388503690375,0.0,0.0,15,0.0,6.134196014039191,25,0.0,20,0.0,0.0,20.0,Y,NONRESULTS,N,
08:24,NITTAGELA,762824,1585.0,-1.67,3.34,,30.0,76.7,NORMAL,Y,0.0,16.68838017246733,30.0,0.0,0.0,15,0.0,0.0,0.0,25,0.0,20,0.0,0.0,N,,N,
08:24,USHAMART,8840,506.5,-0.67,1.33,,34.2,76.4,NORMAL,Y,0.0,6.667974112571048,20.003922337713142,0.0,0.0,15,0.0,9.758721367841055,0.0,25,0.0,20,4.390243902438889,0.0,N,,N,
08:24,APTUS,5435,255.0,-0.66,1.32,,58.2,41.6,NORMAL,Y,0.0,6.622516556291347,19.86754966887404,0.0,0.0,15,0.0,0.0,25,0.0,0.0,20,13.33333333333207,0.0,N,,N,
08:24,GODFRYPHLP,1181,2188.0,-1.66,3.32,,43.4,101.5,NORMAL,N,0.0,16.585015056856527,30.0,0.0,0.0,15,0.0,13.443862801963217,0.0,25,0.0,20,0.0,11.499999999998636,N,,N,
08:24,FINPIPE,1041,161.63,-0.63,1.27,,44.0,41.3,NORMAL,Y,0.0,6.33222673060372,18.996680191811162,0.0,0.0,15,0.0,0.0,25,0.0,0.0,20,0.0,0.0,N,,N,
08:24,EBGNG,757862,568.95,-0.63,1.26,,63.9,41.3,NORMAL,N,0.0,6.2876604663346605,18.86298139900398,0.0,0.0,15,0.0,0.0,25,0.0,0.0,20,20.0,0.0,N,,N,
08:24,ICICIPRULI,18652,498.4,-0.62,1.24,,83.1,26.1,NORMAL,Y,0.0,6.181455633100743,18.54436689930223,0.0,0.0,15,0.0,4.913001765473725,25,0.0,20,0.0,14.66666666666697,0.0,N,,N,
08:24,SHARDACROP,4992,801.5,-0.61,1.22,,65.3,44.4,NORMAL,Y,0.0,6.076388888888862,18.229166666666586,0.0,0.0,15,0.0,3.3559902229773306,25,0.0,0.0,20,18.7499999999984,0.0,N,,N,
08:24,JINDALSAW,3024,271.9,-0.6,1.21,,53.0,50.9,NORMAL,N,0.0,6.031804057759218,18.095412173277655,0.0,0.0,15,0.0,9.882380804873216,25,0.0,0.0,20,0.0,0.0,N,,N,
08:24,TORNTPOWER,13786,1322.7,-0.58,1.16,,46.6,47.4,NORMAL,Y,0.0,5.787733012627815,17.363199037883444,0.0,0.0,15,0.0,1.584622924504564,0.0,25,20,0.0,7.692307692307962,0.0,N,,N,
08:24,ORIENTELEC,2972,189.58,-0.58,1.15,,82.0,24.0,NORMAL,N,0.0,5.768827354730408,17.306482064191226,0.0,0.0,15,0.0,3.218704410298982,25,0.0,20,0.0,16.50000000000039,0.0,N,,N,
08:24,BANCOINDIA,13880,630.3,-0.56,1.12,,41.8,60.6,NORMAL,Y,0.0,5.6006941705451885,16.802082511635565,0.0,0.0,15,0.0,0.0,25,0.0,0.0,20,0.0,20.0,N,,N,
08:24,APLLTD,25328,834.3,-0.54,1.08,,34.3,70.0,NORMAL,N,0.0,5.424092507599772,16.272277522799314,0.0,0.0,15,0.0,4.573555417396779,0.0,25,0.0,20,13.46938775510223,0.0,N,,N,
08:24,HDFCLIFE,467,533.15,-0.53,1.06,,59.4,51.6,NORMAL,Y,0.0,5.31716417910452,15.951492537313559,0.0,0.0,15,0.0,11.32494951124398,25,0.0,0.0,20,7.142857142856679,0.0,N,,N,
08:24,VEDL,3063,273.55,-0.53,1.05,,23.1,78.3,NORMAL,N,0.0,5.272727272727231,15.818181818181694,0.0,0.0,15,0.0,7.298325845983722,0.0,25,0.0,20,0.0,5.714285714283394,N,,N,
08:24,TIMKEN,14198,3233.8,-1.53,3.05,,83.4,52.9,NORMAL,N,0.0,15.256250190322454,30.0,0.0,0.0,15,0.0,8.443832154794162,25,0.0,20,0.0,0.0,14.21052631579023,N,,N,
08:24,JKPAPER,11860,388.6,-0.52,1.05,,50.2,90.2,NORMAL,N,0.0,5.247664149494316,15.74299244848295,0.0,0.0,15,0.0,25.0,0.0,25,0.0,20,9.481481481481447,0.0,N,,N,
08:24,LTF,24948,313.8,-0.51,1.01,,73.2,30.8,NORMAL,N,0.0,5.072923272035403,15.21876981610621,0.0,0.0,15,0.0,10.739185158401405,25,0.0,20,0.0,2.2222222222227836,0.0,N,,N,
08:24,NESCO,15409,1043.0,-0.51,1.01,,85.2,59.1,NORMAL,Y,0.0,5.055804636077416,15.167413908232247,0.0,0.0,15,0.0,25.0,25,0.0,20,0.0,0.0,14.074074074074261,N,,N,
08:24,KRBL,10577,368.7,-0.5,1.0,,46.7,66.7,NORMAL,N,0.0,4.992578599379362,14.977735798138086,0.0,0.0,15,0.0,6.735205096376433,25,0.0,0.0,20,0.0,20.0,N,,N,
08:24,RECLTD,15355,343.05,-0.48,0.96,,62.0,30.0,NORMAL,Y,0.0,4.786771105308898,14.360313315926696,0.0,0.0,15,0.0,2.6774440914292383,25,0.0,20,0.0,0.0,7.500000000000178,N,,N,
08:24,KIRLOSENG,20936,2070.6,-1.47,2.94,,55.0,49.7,NORMAL,Y,0.0,14.703783012134233,30.0,0.0,0.0,15,0.0,0.0,25,0.0,0.0,20,0.0,0.0,N,,N,
08:24,RITES,3761,225.62,-0.46,0.93,,73.9,19.6,NORMAL,N,0.0,4.632284819340817,13.89685445802245,0.0,0.0,15,0.0,0.0,25,0.0,20,0.0,15.000000000000508,0.0,N,,N,
08:24,ABCAPITAL,21614,405.3,-0.45,0.91,,60.3,38.3,NORMAL,Y,0.0,4.543779933685291,13.631339801055871,0.0,0.0,15,0.0,1.6329685234501765,25,0.0,20,0.0,0.0,17.142857142856677,N,,N,
08:24,CAMPUS,9362,217.83,-0.45,0.9,,72.5,47.2,NORMAL,Y,0.0,4.524266520427662,13.572799561282983,0.0,0.0,15,0.0,13.975072267942995,25,0.0,20,0.0,0.0,13.75,N,,N,
08:24,POONAWALLA,11403,485.0,-0.45,0.9,,57.2,43.5,NORMAL,N,0.0,4.515599343185528,13.546798029556582,0.0,0.0,15,0.0,3.9776808260365324,25,0.0,0.0,20,14.66666666666697,0.0,N,,N,
08:24,LENSKART,759605,586.55,-0.45,0.9,,25.9,89.4,NORMAL,N,0.0,4.497623896809387,13.492871690428162,0.0,0.0,15,0.0,12.42484737744575,0.0,25,0.0,20,0.0,12.50000000000071,N,,N,
08:24,KPRMILL,14912,1091.7,-0.44,0.88,,52.0,39.9,NORMAL,N,0.0,4.377564979480122,13.132694938440368,0.0,0.0,15,0.0,0.5552549937211937,25,0.0,0.0,20,13.333333333333332,0.0,N,,N,
08:24,KOTAKBANK,1922,391.2,-0.43,0.87,,62.5,30.5,NORMAL,N,0.0,4.326800712649501,12.980402137948502,0.0,0.0,15,0.0,4.503340570362113,25,0.0,20,0.0,0.0,6.66666666666793,N,,N,
08:24,ADANIENT,25,2952.7,-1.43,2.86,,63.7,54.5,NORMAL,Y,0.0,14.28809881488906,30.0,0.0,0.0,15,0.0,5.167625582341724,25,0.0,0.0,20,3.555555555556364,0.0,N,,N,
08:24,CROMPTON,17094,244.35,-0.43,0.86,,80.5,30.0,NORMAL,Y,0.0,4.2787286063570145,12.836185819071044,0.0,0.0,15,0.0,10.697051400411391,25,0.0,20,0.0,11.999999999999318,0.0,N,,N,
08:25,CHAMBLFERT,637,442.5,-0.42,0.83,,54.5,88.5,NORMAL,Y,0.0,4.1633847192528926,12.490154157758678,0.0,0.0,15,0.0,24.341250346415052,0.0,25,0.0,20,17.64705882353012,0.0,N,,N,
08:25,ICICIBANK,4963,1423.7,-0.41,0.83,,12.4,64.1,NORMAL,Y,0.0,4.1270285394515,12.381085618354499,0.0,0.0,15,0.0,0.0,0.0,25,0.0,20,0.0,0.0,N,,N,
08:25,TTKPRESTIG,3546,587.6,-0.4,0.8,,57.0,39.0,NORMAL,Y,0.0,3.9833884227477285,11.950165268243186,0.0,0.0,15,0.0,0.0,25,0.0,0.0,20,20.0,0.0,N,,N,
08:25,POWERMECH,10473,2408.3,-1.39,2.78,,30.0,88.7,NORMAL,Y,0.0,13.921303689145477,30.0,0.0,0.0,15,0.0,0.0,0.0,25,0.0,20,0.0,14.73684210526341,N,,N,
08:25,SAKSOFT,11794,163.97,-0.38,0.77,,65.2,52.5,NORMAL,Y,0.0,3.8274605103280406,11.482381530984123,0.0,0.0,15,0.0,13.7211910806046,25,0.0,0.0,20,15.000000000001776,0.0,N,,N,
08:25,VINATIORGA,17364,1310.6,-0.36,0.71,,67.7,67.7,NORMAL,Y,0.0,3.573329278491634,10.719987835474901,0.0,0.0,15,0.0,24.149655145747932,0.0,25,20,0.0,12.857142857143323,0.0,N,,N,
08:25,UPL,11287,566.0,-0.35,0.7,,13.2,66.1,NORMAL,Y,0.0,3.521126760563381,10.563380281690142,0.0,0.0,15,0.0,2.6162949400284035,0.0,25,0.0,20,0.0,0.0,N,,N,
08:25,BLUESTARCO,8311,1492.7,-0.35,0.69,,55.4,18.5,NORMAL,Y,0.0,3.471526804192566,10.414580412577699,0.0,0.0,15,0.0,0.0,25,0.0,20,0.0,0.0,0.0,N,,N,
08:25,ITC,1660,278.05,-0.34,0.68,,80.2,43.4,NORMAL,Y,0.0,3.405017921146913,10.21505376344074,0.0,0.0,15,0.0,25.0,25,0.0,20,0.0,0.0,0.0,N,,N,
08:25,VBL,18921,435.55,-0.33,0.66,,55.0,38.3,NORMAL,Y,0.0,3.3180778032036353,9.954233409610906,0.0,0.0,15,0.0,0.0,25,0.0,0.0,20,20.0,0.0,N,,N,
08:25,AVANTIFEED,7936,857.1,-0.31,0.63,,54.4,18.1,NORMAL,Y,0.0,3.140265177948281,9.420795533844842,0.0,0.0,15,0.0,0.0,25,0.0,20,0.0,0.0,0.0,N,,N,
08:25,RAJRATAN,18962,517.0,-0.31,0.62,,17.2,68.3,NORMAL,N,0.0,3.085229463941425,9.255688391824274,0.0,0.0,15,0.0,5.25350304019582,0.0,25,0.0,20,2.6666666666672727,0.0,N,,N,
08:25,CANFINHOME,583,823.4,-0.3,0.61,,54.1,38.0,NORMAL,Y,0.0,3.0270008475602372,9.08100254268071,0.0,0.0,15,0.0,0.0,25,0.0,20,0.0,0.0,20.0,N,,Y,NONRESULTS
08:25,POLICYBZR,6656,1710.7,-1.29,2.57,,98.8,31.7,NORMAL,N,0.0,12.867859203692994,30.0,0.0,0.0,15,0.0,3.8324672684135677,25,0.0,20,0.0,20.0,0.0,N,,N,
08:25,GLAND,1186,2887.1,-1.28,2.55,,52.9,75.7,NORMAL,N,0.0,12.754753111749478,30.0,0.0,0.0,15,0.0,2.947758452264241,0.0,25,0.0,20,20.0,0.0,N,,N,
08:25,OBEROIRLTY,20242,1770.9,-1.27,2.53,,75.0,47.7,NORMAL,Y,0.0,12.656110615521754,30.0,0.0,0.0,15,0.0,0.0,25,0.0,0.0,20,20.0,0.0,N,,N,
08:25,PIXTRANS,9087,1958.5,-1.24,2.47,,30.0,92.4,NORMAL,N,0.0,12.355017650025212,30.0,0.0,0.0,15,0.0,0.0,0.0,25,0.0,20,0.0,20.0,N,,N,
08:25,CHOLAFIN,685,1890.8,-1.23,2.47,,72.4,50.4,NORMAL,N,0.0,12.327622231508638,30.0,0.0,0.0,15,0.0,3.0941536162232475,25,0.0,0.0,20,14.285714285717999,0.0,N,,N,
08:25,MUTHOOTFIN,23650,2880.0,-1.23,2.46,,80.6,52.9,NORMAL,Y,0.0,12.311807675160361,30.0,0.0,0.0,15,0.0,5.587850387467825,25,0.0,0.0,20,20.0,0.0,N,,N,
08:25,BAJAJFINSV,16675,2007.0,-1.23,2.46,,61.7,84.0,NORMAL,N,0.0,12.303149606299213,30.0,0.0,0.0,15,0.0,11.733612921495821,0.0,25,0.0,20,20.0,0.0,N,,N,
08:25,TATACOMM,3721,1725.0,-1.21,2.42,,96.8,33.8,NORMAL,Y,0.0,12.084073077143296,30.0,0.0,0.0,15,0.0,6.674242414601632,25,0.0,20,0.0,15.15151515151536,0.0,N,,N,
08:25,PHOENIXLTD,14552,1886.5,-1.16,2.33,,96.7,28.4,NORMAL,Y,0.0,11.630953004662883,30.0,0.0,0.0,15,0.0,1.7192548120228812,25,0.0,20,0.0,20.0,0.0,N,,N,
08:25,TECHM,13538,1624.9,-1.1,2.2,,34.4,75.4,NORMAL,N,0.0,11.016433353621368,30.0,0.0,0.0,15,0.0,4.395229614439686,0.0,25,0.0,20,0.0,0.0,N,,N,
08:25,HDFCAMC,4244,2487.7,-1.09,2.17,,32.9,79.2,NORMAL,Y,0.0,10.854870775347985,30.0,0.0,0.0,15,0.0,2.915438238771277,0.0,25,0.0,20,0.0,5.45454545453869,N,,N,
08:25,DALBHARAT,8075,1816.0,-1.07,2.14,,55.8,82.4,NORMAL,Y,0.0,10.677707561560204,30.0,0.0,0.0,15,0.0,11.74281909788673,0.0,25,0.0,20,14.05405405405462,0.0,N,,N,
08:25,LLOYDSENGG,17801,92.07,-1.04,2.09,,55.8,46.2,NORMAL,N,0.0,10.425623387790338,30.0,0.0,0.0,15,0.0,0.7884792281435882,25,0.0,0.0,20,0.0,0.0,N,,N,
08:25,LUPIN,10440,2256.3,-0.99,1.98,,31.6,71.7,NORMAL,Y,0.0,9.917065250778846,29.751195752336535,0.0,0.0,15,0.0,1.8000609846002866,0.0,25,0.0,20,0.0,0.0,N,,N,
08:25,COFORGE,11543,1801.0,-0.99,1.98,,88.0,24.9,NORMAL,N,0.0,9.895547003848268,29.686641011544804,0.0,0.0,15,0.0,0.0,25,0.0,20,0.0,13.333333333333332,0.0,N,,N,
08:25,ICICIGI,21770,1627.7,-0.96,1.92,,42.8,82.4,NORMAL,Y,0.0,9.613629449345881,28.84088834803764,0.0,0.0,15,0.0,12.754619032229353,0.0,25,0.0,20,1.2499999999987566,0.0,N,,N,
08:25,NTPCGREEN,27176,92.13,-0.95,1.89,,56.5,47.6,NORMAL,Y,0.0,9.461348242124606,28.38404472637382,0.0,0.0,15,0.0,3.13470051384052,25,0.0,0.0,20,0.0,0.0,N,,N,
08:25,NHPC,17400,76.3,-0.84,1.69,,92.6,25.7,NORMAL,Y,0.0,8.447043534762907,25.341130604288722,0.0,0.0,15,0.0,2.268128022639089,25,0.0,20,0.0,20.0,0.0,N,,N,
08:25,INOXWIND,7852,73.84,-0.75,1.51,,70.7,45.6,NORMAL,Y,0.0,7.526881720430137,22.580645161290413,0.0,0.0,15,0.0,3.1038791271202113,25,0.0,0.0,20,20.0,0.0,N,,N,
08:25,LAURUSLABS,19234,1844.3,-0.74,1.47,,22.2,67.4,NORMAL,N,0.0,7.373519913885923,22.120559741657768,0.0,0.0,15,0.0,0.05714041442739237,0.0,25,0.0,20,0.0,0.0,N,,N,
08:25,LUMAXTECH,14014,2061.2,-0.73,1.45,,69.2,39.5,NORMAL,N,0.0,7.272552136011349,21.817656408034047,0.0,0.0,15,0.0,2.4050409030622335,25,0.0,20,0.0,0.0,14.814814814815813,N,,N,
08:25,SBILIFE,21808,1824.9,-0.69,1.38,,27.5,71.2,NORMAL,Y,0.0,6.911188506747833,20.7335655202435,0.0,0.0,15,0.0,4.27214935807378,0.0,25,0.0,20,2.4999999999978684,0.0,N,,N,
08:25,PRESTIGE,20302,1575.8,-0.64,1.27,,64.2,21.4,NORMAL,Y,0.0,6.368623494545768,19.105870483637307,0.0,0.0,15,0.0,0.06981525893809801,25,0.0,20,0.0,0.0,0.0,N,,N,
08:25,TRENT,1964,2981.1,-0.63,1.26,,22.9,66.3,NORMAL,Y,0.0,6.30000000000003,18.90000000000009,0.0,0.0,15,0.0,0.0,0.0,25,0.0,20,3.999999999996362,0.0,N,,N,
08:25,SUNPHARMA,3351,1929.9,-0.62,1.25,,21.2,85.9,NORMAL,Y,0.0,6.2306900102986145,18.69207003089584,0.0,0.0,15,0.0,2.4973636799664787,0.0,25,0.0,20,0.0,17.142857142858997,N,,N,
08:25,AETHER,9810,1624.8,-0.58,1.15,,23.5,92.0,NORMAL,N,0.0,5.752049932688833,17.2561497980665,0.0,0.0,15,0.0,6.284772801161287,0.0,25,0.0,20,0.0,20.0,N,,N,
08:25,APLAPOLLO,25780,2001.3,-0.57,1.13,,44.7,56.7,NORMAL,N,0.0,5.664033387986332,16.992100163958998,0.0,0.0,15,0.0,2.6710589817613353,25,0.0,0.0,20,0.0,13.333333333333332,N,,N,
08:25,LTTS,18564,3564.1,-0.54,1.08,,36.2,65.4,NORMAL,N,0.0,5.385946307975717,16.157838923927148,0.0,0.0,15,0.0,0.0,0.0,25,0.0,20,20.0,0.0,N,,N,
08:25,NFL,13925,71.57,-0.53,1.06,,65.1,44.6,NORMAL,Y,0.0,5.28144544822807,15.844336344684212,0.0,0.0,15,0.0,4.278676663889147,25,0.0,0.0,20,20.0,0.0,N,,N,
08:25,BHARTIARTL,10604,1905.3,-0.52,1.03,,40.5,40.2,NORMAL,Y,0.0,5.169172932330874,15.507518796992624,0.0,0.0,15,0.0,0.0,25,0.0,0.0,20,0.0,0.0,N,,N,
08:25,NMDC,15332,85.02,-0.5,1.01,,22.0,65.3,NORMAL,N,0.0,5.032182562902362,15.096547688707085,0.0,0.0,15,0.0,0.24433258383661188,0.0,25,0.0,20,6.666666666669824,0.0,N,,N,
08:25,HINDUNILVR,1394,2055.2,-0.47,0.94,,61.5,42.1,NORMAL,Y,0.0,4.697564046685201,14.092692140055604,0.0,0.0,15,0.0,2.4281538121084725,25,0.0,0.0,20,20.0,0.0,N,,N,
08:25,BAJAJHFL,25270,84.79,-0.46,0.92,,13.7,64.6,NORMAL,Y,0.0,4.578539563277772,13.735618689833315,0.0,0.0,15,0.0,0.0,0.0,25,0.0,20,0.0,0.0,N,,N,
08:25,GRASIM,1232,3365.2,-0.45,0.91,,58.8,32.6,NORMAL,N,0.0,4.525957698565354,13.577873095696063,0.0,0.0,15,0.0,0.21764992279665885,25,0.0,20,0.0,0.0,12.857142857143323,N,,N,
08:25,VISAKAIND,4221,99.76,-0.45,0.9,,46.4,65.2,NORMAL,N,0.0,4.49056980341272,13.47170941023816,0.0,0.0,15,0.0,7.952671296566889,25,0.0,0.0,20,0.0,17.777777777778713,N,,N,
08:25,JAGRAN,13211,63.33,-0.42,0.85,,56.1,67.3,NORMAL,N,0.0,4.245283018867974,12.735849056603922,0.0,0.0,15,0.0,18.318741223922082,25,0.0,0.0,20,0.0,9.696969696969541,N,,N,
08:25,MANKIND,15380,2415.2,-0.4,0.81,,63.9,25.8,NORMAL,Y,0.0,4.041237113402136,12.12371134020641,0.0,0.0,15,0.0,6.755369511886267,25,0.0,20,0.0,0.0,0.0,N,,N,
08:25,DOMS,20551,2223.5,-0.37,0.74,,11.2,63.7,NORMAL,Y,0.0,3.7189712339816205,11.156913701944863,0.0,0.0,15,0.0,0.0,0.0,25,0.0,20,0.0,0.0,N,,N,
08:25,COLPAL,15141,2000.6,-0.37,0.74,,53.3,40.0,NORMAL,Y,0.0,3.6852589641434714,11.055776892430414,0.0,0.0,15,0.0,1.276396361358607,25,0.0,0.0,20,15.99999999999909,0.0,N,,N,
08:25,SKFINDIA,3186,1517.4,-0.35,0.7,,10.4,83.5,NORMAL,N,0.0,3.4806593550928975,10.441978065278692,0.0,0.0,15,0.0,0.0,0.0,25,0.0,20,0.0,20.0,N,,N,
08:25,TDPOWERSYS,25178,1496.9,17.35,34.7,,122.0,2.0,NORMAL,Y,30.0,0.0,30.0,0.0,15,0.0,0.0,2.0227071403749504,25,0.0,20,0.0,0.0,0.0,N,,N,
08:25,MARKSANS,10579,317.3,13.75,27.5,,120.0,16.9,NORMAL,Y,30.0,0.0,30.0,0.0,15,0.0,0.0,0.0,25,0.0,20,0.0,0.0,16.923076923077865,N,,N,
08:25,YUKEN,5501,855.0,6.18,12.37,,152.9,18.8,NORMAL,Y,30.0,0.0,30.0,0.0,15,0.0,0.0,18.818535709721747,25,0.0,20,0.0,14.100719424460273,0.0,N,,N,
08:25,CHEMPLASTS,5449,181.29,5.6,11.2,,156.0,16.0,NORMAL,Y,30.0,0.0,30.0,0.0,15,0.0,0.0,16.012308693547006,25,0.0,20,0.0,20.0,0.0,N,,N,
08:25,JSWINFRA,19020,351.75,2.9,5.79,,101.1,40.1,NORMAL,Y,28.960070206230732,0.0,30.0,0.0,15,0.0,0.0,7.112939230803937,0.0,25,20,0.0,0.0,8.000000000001819,N,,N,
08:38,MARKSANS,10579,316.4,13.43,26.85,,120.0,10.9,NORMAL,Y,30.0,0.0,30.0,0.0,15,0.0,0.0,0.0,25,0.0,20,0.0,0.0,10.909090909090784,N,,N,
08:38,NARMADA,6364,417.45,7.59,15.18,,127.1,20.4,NORMAL,Y,30.0,0.0,30.0,0.0,15,0.0,0.0,7.065868302247612,25,0.0,20,0.0,0.0,13.333333333333332,N,,N,
08:38,ITDC,19299,724.75,7.11,14.22,,100.0,21.4,NORMAL,Y,30.0,0.0,30.0,0.0,15,0.0,0.0,0.0,25,0.0,0.0,20,0.0,1.411764705882139,N,,N,
08:38,PRICOLLTD,19631,784.5,6.42,12.85,,120.0,8.6,NORMAL,Y,30.0,0.0,30.0,0.0,15,0.0,0.0,0.0,25,0.0,20,0.0,0.0,8.571428571426715,N,,N,
08:38,CHEMPLASTS,5449,182.43,6.26,12.52,,153.0,15.8,NORMAL,N,30.0,0.0,30.0,0.0,15,0.0,0.0,15.76278067934956,25,0.0,20,0.0,17.26618705035954,0.0,N,,N,
08:38,YUKEN,5501,852.15,5.83,11.66,,151.3,16.0,NORMAL,Y,30.0,0.0,30.0,0.0,15,0.0,0.0,15.956475818999005,25,0.0,20,0.0,15.319148936170347,0.0,N,,N,
08:38,BERGEPAINT,404,563.0,5.24,10.49,,142.6,29.6,NORMAL,Y,30.0,0.0,30.0,0.0,15,0.0,0.0,22.558410193636472,25,0.0,20,0.0,0.0,7.058823529412316,N,,N,
08:38,HALDER,760715,277.0,4.51,9.03,,102.2,32.2,NORMAL,Y,30.0,0.0,30.0,0.0,15,0.0,0.0,7.164643455837314,0.0,25,20,0.0,0.0,0.0,N,,N,
08:38,SHIVALIK,7026,266.75,3.85,7.71,,120.0,0.0,NORMAL,Y,30.0,0.0,30.0,0.0,15,0.0,0.0,0.0,25,0.0,20,0.0,0.0,0.0,N,,N,
08:38,PNB,10666,117.92,3.41,6.82,,111.1,21.1,NORMAL,Y,30.0,0.0,30.0,0.0,15,0.0,0.0,1.1307093603809193,25,0.0,0.0,20,10.00000000000237,0.0,N,,N,
08:38,VLSFINANCE,3715,269.5,3.18,6.36,,100.0,20.0,NORMAL,Y,30.0,0.0,30.0,0.0,15,0.0,0.0,0.0,25,0.0,0.0,20,0.0,0.0,N,,N,
08:38,YATRA,18760,117.85,3.1,6.19,,115.1,22.0,NORMAL,Y,30.0,0.0,30.0,0.0,15,0.0,0.0,2.0345244570783056,25,0.0,0.0,20,13.076923076923666,0.0,N,,N,
08:38,BHEL,438,415.45,3.09,6.18,,120.9,2.4,NORMAL,Y,30.0,0.0,30.0,0.0,15,0.0,0.0,0.8683481784183942,25,0.0,20,0.0,0.0,1.538461538461942,N,,N,
08:38,WELSPUNLIV,11253,164.4,2.97,5.94,,120.5,17.7,NORMAL,Y,29.688087185268756,0.0,30.0,0.0,15,0.0,0.0,0.830586967122769,25,0.0,20,0.0,0.0,16.874999999999222,N,,N,
08:38,KIRIINDUS,16639,439.05,2.89,5.79,,136.4,14.9,NORMAL,Y,28.94305132411536,0.0,30.0,0.0,15,0.0,0.0,14.944798409407412,25,0.0,20,0.0,2.499999999999911,0.0,N,,N,
08:38,HINDALCO,1363,1079.0,2.85,5.7,,80.4,53.3,NORMAL,Y,28.500619578686585,0.0,30.0,0.0,15,0.0,0.0,6.93332802970426,0.0,25,0.0,20,0.0,1.3333333333321207,N,,N,
08:38,JSWINFRA,19020,351.55,2.84,5.68,,108.4,48.4,NORMAL,Y,28.37501828287257,0.0,30.0,0.0,15,0.0,0.0,15.049693248908355,0.0,25,20,0.0,0.0,8.333333333333412,N,,N,
08:38,VGUARD,15362,333.5,2.84,5.67,,118.4,0.0,NORMAL,Y,28.368794326241098,0.0,30.0,0.0,15,0.0,0.0,0.0,25,0.0,20,0.0,0.0,0.0,N,,N,
08:38,TVSSCS,18151,129.61,2.78,5.55,,104.5,27.4,NORMAL,N,27.753548489414115,0.0,30.0,0.0,15,0.0,0.0,6.72081853890399,25,0.0,0.0,20,0.0,0.6896551724131849,N,,N,
08:38,JMFINANCIL,13637,129.5,2.64,5.28,,133.3,4.5,NORMAL,Y,26.392961876832832,0.0,30.0,0.0,15,0.0,0.0,4.536078703665181,25,0.0,20,0.0,12.380952380951477,0.0,N,,N,
08:38,MSTCLTD,9356,585.85,2.6,5.2,,96.0,37.5,NORMAL,N,26.0070052539405,0.0,30.0,0.0,15,0.0,0.0,0.0,25,0.0,0.0,20,0.0,17.50000000000213,N,,N,
08:38,LTFOODS,13816,430.15,2.59,5.18,,124.7,4.4,NORMAL,Y,25.876460767946494,0.0,30.0,0.0,15,0.0,0.0,4.353487076877684,25,0.0,20,0.0,4.444444444445567,0.0,N,,N,
08:38,KAJARIACER,1808,1254.2,2.33,4.67,,123.3,13.6,NORMAL,Y,23.335509138381315,0.0,30.0,0.0,15,0.0,0.0,9.94015339327408,25,0.0,20,0.0,0.0,3.703703703703641,N,,N,
08:38,HGINFRA,1672,560.2,2.26,4.53,,101.0,33.1,NORMAL,Y,22.635998539613162,0.0,30.0,0.0,15,0.0,0.0,8.347520362587085,25,0.0,0.0,20,0.0,4.799999999999272,N,,N,
08:38,INDUSTOWER,29135,376.95,2.06,4.12,,129.2,8.1,NORMAL,Y,20.57668877758214,0.0,30.0,0.0,15,0.0,0.0,8.12228271744096,25,0.0,20,0.0,10.52631578947381,0.0,N,,N,
08:38,ASTRAL,14418,1453.4,2.0,4.0,,117.9,17.5,NORMAL,Y,20.00140360727069,0.0,30.0,0.0,15,0.0,0.0,7.9102407353760995,25,0.0,20,0.0,0.0,9.600000000000364,N,,Y,NONRESULTS
08:38,TDPOWERSYS,25178,1504.9,17.98,35.95,,131.8,11.5,NORMAL,Y,30.0,0.0,30.0,0.0,15,0.0,0.0,11.478654974018946,25,0.0,20,0.0,0.3225806451609946,0.0,N,,N,
08:38,MAHABANK,11377,81.82,3.64,7.27,,120.0,3.1,NORMAL,Y,30.0,0.0,30.0,0.0,15,0.0,0.0,0.0,25,0.0,20,0.0,0.0,3.076923076922236,N,,N,
08:38,PVRINOX,13147,1182.1,1.89,3.78,,123.5,32.9,NORMAL,Y,18.876055852439116,0.0,30.0,0.0,15,0.0,0.0,14.614196484690186,25,0.0,20,0.0,0.0,18.26086956521696,N,,N,
08:38,BATAINDIA,371,713.0,1.88,3.76,,108.2,46.4,NORMAL,Y,18.789740658712546,0.0,30.0,0.0,15,0.0,0.0,19.389673199372826,25,0.0,0.0,20,0.0,7.027027027026694,N,,N,
08:38,MAHSEAMLES,2088,605.9,1.83,3.66,,133.3,31.7,NORMAL,Y,18.3193277310924,0.0,30.0,0.0,15,0.0,0.0,25.0,25,0.0,20,0.0,0.0,6.666666666667088,N,,N,
08:38,CONCOR,4749,521.2,1.8,3.59,,87.8,26.5,NORMAL,Y,17.96875000000009,0.0,30.0,0.0,15,0.0,0.0,1.4968907169812768,0.0,25,20,0.0,3.333333333330807,0.0,N,,N,
08:38,UNIONBANK,10753,185.76,1.79,3.57,,66.0,66.4,NORMAL,Y,17.863013698630088,0.0,30.0,0.0,15,0.0,0.0,3.1559263952508236,0.0,25,0.0,20,0.0,18.23529411764701,N,,N,
08:38,INDIANB,14309,890.0,1.64,3.29,,64.5,60.4,NORMAL,Y,16.44586569209682,0.0,30.0,0.0,15,0.0,0.0,3.0667529338462565,0.0,25,0.0,20,0.0,12.30769230769204,N,,N,
08:38,APCL,20453,105.97,1.63,3.26,,131.3,25.0,NORMAL,Y,16.30382660400885,0.0,30.0,0.0,15,0.0,0.0,25.0,25,0.0,20,0.0,0.0,0.0,N,,Y,NONRESULTS
08:38,LICI,9480,412.6,1.63,3.25,,120.5,21.2,NORMAL,N,16.256157635468035,0.0,30.0,0.0,15,0.0,0.0,14.274184576837643,25,0.0,20,0.0,0.0,6.956521739130822,N,,N,
08:38,GOCLCORP,3963,436.5,1.62,3.24,,91.4,25.2,NORMAL,Y,16.179722965894513,0.0,30.0,0.0,15,0.0,0.0,5.188825714598286,25,0.0,0.0,20,0.0,0.0,N,,N,
08:38,BANKINDIA,4745,145.14,1.57,3.14,,112.4,8.6,NORMAL,Y,15.675297410776633,0.0,30.0,0.0,15,0.0,0.0,6.696730853682737,25,0.0,20,0.0,0.0,1.935483870967801,N,,N,
08:38,BORORENEW,3149,571.25,1.56,3.11,,60.8,47.0,NORMAL,N,15.555555555555555,0.0,30.0,0.0,15,0.0,0.0,0.22872410292579248,0.0,25,0.0,20,0.0,1.818181818180315,N,,N,
08:38,ZUARIIND,3827,262.25,1.53,3.06,,91.6,46.3,NORMAL,Y,15.292295780100613,0.0,30.0,0.0,15,0.0,0.0,6.305735597562241,25,0.0,0.0,20,0.0,20.0,N,,N,
08:38,BANKBARODA,4668,249.74,1.44,2.88,,61.8,49.0,NORMAL,Y,14.378554021121124,0.0,30.0,0.0,15,0.0,0.0,2.426722255236622,0.0,25,0.0,20,0.0,1.538461538460193,N,,N,
08:38,TIPSMUSIC,9117,677.95,1.32,2.65,,103.2,4.3,NORMAL,Y,13.226722463010047,0.0,30.0,0.0,15,0.0,0.0,0.0,25,0.0,20,0.0,0.0,4.347826086956178,N,,N,
08:38,JSL,11236,734.4,1.28,2.57,,106.5,6.8,NORMAL,Y,12.825817128671844,0.0,30.0,0.0,15,0.0,0.0,3.7106433055320696,25,0.0,20,0.0,0.0,3.0769230769233458,N,,N,
08:38,GROWW,759806,195.85,1.21,2.43,,108.9,23.6,NORMAL,N,12.144702842377232,0.0,30.0,0.0,15,0.0,0.0,6.754994755184544,25,0.0,20,0.0,0.0,16.86274509803867,N,,N,
08:38,MOIL,20830,282.8,1.2,2.4,,67.3,47.3,NORMAL,Y,11.987833243871972,0.0,30.0,0.0,15,0.0,0.0,2.2822198988085454,0.0,25,0.0,20,8.000000000001819,0.0,N,,N,
08:38,JAINREC,759244,301.3,1.19,2.38,,83.4,21.4,NORMAL,N,11.922753988245212,0.0,30.0,0.0,15,0.0,0.0,1.4497867017179462,25,0.0,0.0,20,0.0,0.0,N,,N,
08:38,SCI,3048,297.45,1.19,2.38,,110.5,19.9,NORMAL,Y,11.906786868515054,0.0,30.0,0.0,15,0.0,0.0,8.603997491888933,25,0.0,20,0.0,0.0,11.250000000000977,N,,N,
08:38,CASTROLIND,1250,188.89,1.11,2.22,,101.1,1.3,NORMAL,Y,11.080184134460943,0.0,30.0,0.0,15,0.0,0.0,0.0,25,0.0,20,0.0,0.0,1.3333333333323227,N,,N,
08:38,TRIVENI,13081,241.04,1.11,2.21,,77.7,58.7,NORMAL,N,11.073825503355646,0.0,30.0,0.0,15,0.0,0.0,13.748038492516864,0.0,25,0.0,20,7.906976744186661,0.0,N,,N,
08:38,SBIN,3045,1077.4,1.07,2.14,,97.4,20.0,NORMAL,Y,10.69418386491566,0.0,30.0,0.0,15,0.0,0.0,0.0,25,0.0,0.0,20,16.666666666669194,0.0,N,,N,
08:38,MCX,31181,2954.9,2.07,4.14,,119.5,22.6,NORMAL,Y,20.69084628670124,0.0,30.0,0.0,15,0.0,0.0,8.827131596918433,25,0.0,20,0.0,0.0,13.76344086021498,N,,N,
08:38,BAJAJELEC,15034,364.2,1.07,2.14,,61.1,54.2,NORMAL,Y,10.684057166643447,0.0,30.0,0.0,15,0.0,0.0,5.43245079858171,0.0,25,0.0,20,0.0,3.7499999999993783,N,,N,
08:38,PETRONET,11351,279.85,1.03,2.06,,82.8,42.5,NORMAL,Y,10.288808664260008,0.0,30.0,0.0,15,0.0,0.0,2.540268100812311,25,0.0,0.0,20,0.0,20.0,N,,N,
08:38,SCHNEIDER,31234,1417.7,1.03,2.05,,135.7,25.0,NORMAL,Y,10.26152640205237,0.0,30.0,0.0,15,0.0,0.0,25.0,25,0.0,20,0.0,10.465116279069877,0.0,N,,N,
08:38,CANBK,10794,131.63,1.02,2.04,,57.2,45.0,NORMAL,Y,10.207214121258513,0.0,30.0,0.0,15,0.0,0.0,0.0,0.0,25,0.0,20,2.000000000003979,0.0,N,,N,
08:38,ZYDUSWELL,17635,510.7,0.91,1.82,,121.4,38.5,NORMAL,N,9.08911282355259,0.0,27.267338470657773,0.0,15,0.0,0.0,25.0,25,0.0,20,0.0,0.0,13.548387096774182,N,,N,
08:38,ITCHOTELS,29251,168.4,0.9,1.81,,119.0,6.8,NORMAL,N,9.047875846365987,0.0,27.143627539097956,0.0,15,0.0,0.0,6.848475748998904,25,0.0,20,0.0,16.0,0.0,N,,N,
08:38,VISHNU,6908,592.2,0.86,1.72,,106.7,0.0,NORMAL,N,8.600868602571863,0.0,25.802605807715587,0.0,15,0.0,0.0,0.0,25,0.0,20,0.0,12.30769230769204,0.0,N,,N,
08:38,MASFIN,199,302.65,0.85,1.7,,84.5,36.0,NORMAL,N,8.497167610796248,0.0,25.491502832388747,0.0,15,0.0,0.0,10.527263234336917,25,0.0,0.0,20,0.0,5.454545454544515,N,,N,
08:38,MATRIMONY,21726,541.65,0.85,1.69,,122.9,12.2,NORMAL,Y,8.471420592068432,0.0,25.414261776205294,0.0,15,0.0,0.0,12.206123337713521,25,0.0,20,0.0,16.79999999999988,0.0,N,,N,
08:38,PNBHOUSING,18908,1151.2,0.8,1.59,,51.0,54.2,NORMAL,Y,7.9677786533579695,0.0,23.90333596007391,0.0,15,0.0,0.0,4.153806317162707,0.0,25,0.0,20,0.0,4.999999999999052,N,,N,
08:38,BLS,17279,262.81,0.75,1.5,,100.7,14.5,NORMAL,Y,7.47527409338338,0.0,22.42582228015014,0.0,15,0.0,0.0,10.83118112779042,25,0.0,20,0.0,0.0,3.636363636362321,N,,N,
08:38,AVANTIFEED,7936,866.05,0.73,1.45,,111.6,33.1,NORMAL,N,7.269132356361946,0.0,21.807397069085837,0.0,15,0.0,0.0,22.560458603490638,25,0.0,20,0.0,0.0,10.52631578947381,N,,N,
08:38,ZEEL,3812,93.13,1.71,3.43,,132.1,27.2,NORMAL,N,17.14722586282212,0.0,30.0,0.0,15,0.0,0.0,25.0,25,0.0,20,0.0,0.0,2.1739130434780995,N,,N,
08:38,ELGIEQUIP,937,577.65,0.66,1.32,,66.5,31.1,NORMAL,N,6.621939531236307,0.0,19.86581859370892,0.0,15,0.0,0.0,0.0,25,0.0,0.0,20,0.0,11.111111111109988,N,,N,
08:38,KARURVYSYA,1838,336.3,0.63,1.26,,45.2,58.6,NORMAL,Y,6.283662477558416,0.0,18.850987432675247,0.0,15,0.0,0.0,5.028473927102127,0.0,25,0.0,20,0.0,8.571428571429964,N,,N,
08:38,HSCL,14334,760.2,0.62,1.24,,66.3,41.4,NORMAL,Y,6.221045665122495,0.0,18.663136995367488,0.0,15,0.0,0.0,1.4047027934255831,25,0.0,0.0,20,0.0,20.0,N,,N,
08:38,ZYDUSLIFE,7929,1198.2,0.6,1.21,,86.7,8.6,NORMAL,Y,6.045340050377872,0.0,18.136020151133614,0.0,15,0.0,0.0,2.5566190991462214,25,0.0,20,0.0,0.0,5.9999999999990905,N,,N,
08:38,EXIDEIND,676,486.15,0.58,1.16,,40.7,60.0,NORMAL,Y,5.79290369297601,0.0,17.37871107892803,0.0,15,0.0,0.0,2.5152844097551053,0.0,25,0.0,20,0.0,12.500000000000117,N,,N,
08:38,HYUNDAI,25844,2234.7,1.58,3.15,,109.7,16.3,NORMAL,Y,15.772727272727186,0.0,30.0,0.0,15,0.0,0.0,3.877381689571477,25,0.0,20,0.0,0.0,12.380952380952483,N,,N,
08:38,DLF,14732,653.8,0.57,1.14,,82.8,10.7,NORMAL,N,5.691432087371069,0.0,17.074296262113208,0.0,15,0.0,0.0,0.0,25,0.0,20,0.0,0.0,10.66666666666606,N,,N,
08:38,MEESHO,760229,191.49,0.57,1.13,,64.0,21.3,NORMAL,Y,5.671971009926016,0.0,17.015913029778048,0.0,15,0.0,0.0,1.274005282687174,25,0.0,0.0,20,0.0,0.0,N,,N,
08:38,AUBANK,21238,1076.8,0.55,1.1,,78.8,36.2,NORMAL,Y,5.509384629750549,0.0,16.528153889251648,0.0,15,0.0,0.0,11.160640590046963,0.0,25,20,0.0,10.588235294117174,0.0,N,,N,
08:38,TIMETECHNO,14707,208.4,0.54,1.08,,41.6,60.4,NORMAL,Y,5.403319181783117,0.0,16.20995754534935,0.0,15,0.0,0.0,5.034539618893306,0.0,25,0.0,20,0.0,10.37037037037006,N,,N,
08:38,TMCV,759782,452.45,0.53,1.07,,61.3,20.0,NORMAL,Y,5.332740806576997,0.0,15.99822241973099,0.0,15,0.0,0.0,0.0,25,0.0,0.0,20,0.0,0.0,N,,N,
08:38,ABMKNO,762528,199.0,0.53,1.06,,88.6,7.4,NORMAL,Y,5.304369790351156,0.0,15.91310937105347,0.0,15,0.0,0.0,7.3798741685742675,25,0.0,20,0.0,0.0,0.0,N,,N,
08:38,BIOCON,11373,428.25,0.53,1.06,,84.9,9.7,NORMAL,Y,5.28169014084507,0.0,15.84507042253521,0.0,15,0.0,0.0,3.7266170048516942,25,0.0,20,0.0,0.0,5.9999999999990905,N,,N,
08:38,PENIND,20621,160.13,0.51,1.03,,86.2,34.9,NORMAL,N,5.147197288305776,0.0,15.441591864917328,0.0,15,0.0,0.0,14.932126772413481,25,0.0,0.0,20,10.68965517241364,0.0,N,,N,
08:38,CHALET,8546,825.35,0.51,1.01,,85.3,10.6,NORMAL,N,5.053580126643907,0.0,15.160740379931722,0.0,15,0.0,0.0,5.054709458117154,25,0.0,20,0.0,0.0,5.555555555555696,N,,N,
08:38,SANDHAR,2397,625.05,0.5,1.0,,53.2,53.9,NORMAL,N,4.984323498673381,0.0,14.952970496020141,0.0,15,0.0,0.0,8.889553163910277,0.0,25,0.0,20,9.411764705882824,0.0,N,,N,
08:38,CESC,628,161.8,0.49,0.98,,88.3,28.6,NORMAL,N,4.906527544873118,0.0,14.719582634619352,0.0,15,0.0,0.0,8.629278166943406,25,0.0,20,0.0,0.0,20.0,N,,N,
08:38,GRANULES,11872,865.2,0.49,0.98,,83.4,22.3,NORMAL,Y,4.878048780487858,0.0,14.634146341463573,0.0,15,0.0,0.0,3.8815152220312723,25,0.0,20,0.0,0.0,18.399999999999636,N,,N,
08:38,TNPL,3980,154.77,0.49,0.97,,55.5,46.0,NORMAL,Y,4.869497467861316,0.0,14.608492403583949,0.0,15,0.0,0.0,0.9935881512737887,0.0,25,0.0,20,20.0,0.0,N,,N,
08:38,VARROC,3857,846.15,0.47,0.95,,63.5,35.0,NORMAL,Y,4.74974766965505,0.0,14.249243008965149,0.0,15,0.0,0.0,4.481232396469958,25,0.0,0.0,20,0.0,10.47619047619223,N,,N,
08:38,WINDMACHIN,24969,304.0,0.46,0.93,,64.1,45.6,NORMAL,Y,4.626569729015126,0.0,13.879709187045378,0.0,15,0.0,0.0,5.627275060829865,25,0.0,0.0,20,0.0,20.0,N,,N,
08:38,CGPOWER,760,885.05,0.46,0.92,,81.4,16.1,NORMAL,Y,4.597048808172479,0.0,13.79114642451744,0.0,15,0.0,0.0,2.9885354116187735,25,0.0,20,0.0,0.0,13.076923076923883,N,,N,
08:38,HOMEFIRST,2056,1181.3,0.45,0.9,,82.0,7.5,NORMAL,N,4.5068027210883965,0.0,13.52040816326519,0.0,15,0.0,0.0,3.9992404278180382,25,0.0,20,0.0,0.0,3.529411764707928,N,,N,
08:38,SHARDAMOTR,10530,880.7,0.43,0.87,,63.9,64.9,NORMAL,N,4.333447371422133,0.0,13.000342114266397,0.0,15,0.0,0.0,19.860515602573418,0.0,25,0.0,20,11.724137931034429,0.0,N,,N,
08:38,WIPL,20481,169.2,0.42,0.83,,51.6,25.0,NORMAL,Y,4.154302670623078,0.0,12.462908011869235,0.0,15,0.0,0.0,0.0,0.0,25,20,0.0,0.0,0.0,N,,N,
08:38,JINDALSTEL,6733,1099.4,0.4,0.8,,61.2,25.1,NORMAL,Y,4.018264840182732,0.0,12.054794520548194,0.0,15,0.0,0.0,0.1022125175631653,0.0,25,20,0.0,9.999999999988631,0.0,N,,N,
08:38,NESTLEIND,17963,1499.0,0.39,0.78,,32.7,57.2,NORMAL,Y,3.8842753817304807,0.0,11.652826145191442,0.0,15,0.0,0.0,2.158469401203067,0.0,25,0.0,20,0.0,10.0,N,,N,
08:38,SONACOMS,4684,802.75,0.34,0.69,,57.4,29.7,NORMAL,Y,3.4375,0.0,10.3125,0.0,15,0.0,0.0,3.6797165540017924,25,0.0,0.0,20,0.0,6.000000000001364,N,,N,
08:38,IOC,1624,140.48,0.34,0.69,,55.2,23.7,NORMAL,N,3.428571428571355,0.0,10.285714285714066,0.0,15,0.0,0.0,1.5031979368081667,25,0.0,0.0,20,0.0,2.222222222220117,N,,N,
08:38,NAM-INDIA,357,1175.2,0.33,0.67,,104.0,14.9,NORMAL,N,3.3296337402886462,0.0,9.98890122086594,0.0,15,0.0,0.0,14.899612148010858,25,0.0,20,0.0,15.78947368420977,0.0,N,,N,
08:38,NIACL,399,179.93,0.31,0.62,,64.9,25.4,NORMAL,Y,3.1220382449685133,0.0,9.36611473490554,0.0,15,0.0,0.0,5.393534503484046,25,0.0,0.0,20,6.999999999999716,0.0,N,,N,
08:38,PINELABS,759820,168.1,0.31,0.62,,80.1,14.1,NORMAL,Y,3.1029955841984833,0.0,9.308986752595448,0.0,15,0.0,0.0,7.664811206545878,25,0.0,20,0.0,0.0,6.4285714285716455,N,,N,
08:38,TIINDIA,312,2812.0,1.15,2.3,,76.8,34.8,NORMAL,Y,11.510791366906474,0.0,30.0,0.0,15,0.0,0.0,0.2813388361264459,0.0,25,20,0.0,0.0,9.5652173913028,N,,N,
08:38,MFSL,2142,1515.3,1.09,2.17,,66.1,63.4,NORMAL,N,10.873915943962611,0.0,30.0,0.0,15,0.0,0.0,10.183581591213647,0.0,25,0.0,20,0.0,8.235294117644699,N,,N,
08:38,PNBGILTS,8736,81.0,1.09,2.17,,122.4,31.8,NORMAL,N,10.857356795207844,0.0,30.0,0.0,15,0.0,0.0,21.49707930084577,25,0.0,20,0.0,0.0,10.344827586207572,N,,N,
08:38,ESCORTS,958,3112.8,1.0,1.99,,74.8,25.0,NORMAL,Y,9.960741053178117,0.0,29.88222315953435,0.0,15,0.0,0.0,0.0,0.0,25,20,0.0,0.0,0.0,N,,N,
08:38,WELCORP,11821,1855.0,0.99,1.97,,87.8,25.3,NORMAL,Y,9.85355762425821,0.0,29.560672872774635,0.0,15,0.0,0.0,5.288902505646121,25,0.0,0.0,20,3.076923076923884,0.0,N,,N,
08:38,ZFCVINDIA,16915,2638.8,0.91,1.82,,72.1,26.8,NORMAL,Y,9.101338432122441,0.0,27.304015296367325,0.0,15,0.0,0.0,0.6768027478491241,0.0,25,20,0.0,0.0,1.111111111115041,N,,N,
08:38,ENDURANCE,18822,2994.9,0.87,1.74,,54.9,51.1,NORMAL,Y,8.72347591781748,0.0,26.170427753452433,0.0,15,0.0,0.0,5.009066983454293,0.0,25,0.0,20,0.0,1.0526315789463607,N,,N,
08:38,GEOJITFSL,11896,77.41,0.82,1.64,,101.6,3.0,NORMAL,N,8.20526178692362,0.0,24.615785360770857,0.0,15,0.0,0.0,3.025870799900283,25,0.0,20,0.0,5.714285714286584,0.0,N,,N,
08:38,GLAXO,1153,2621.4,0.75,1.5,,96.3,3.4,NORMAL,Y,7.494523233022023,0.0,22.483569699066067,0.0,15,0.0,0.0,3.4190619977408,25,0.0,20,0.0,2.8571428571465693,0.0,N,,N,
08:38,IDFCFIRSTB,11184,84.9,0.75,1.5,,95.4,7.0,NORMAL,Y,7.475970096119731,0.0,22.427910288359193,0.0,15,0.0,0.0,5.494802189134205,25,0.0,20,0.0,0.0,1.538461538460193,N,,N,
08:38,PAYTM,6705,1605.0,0.71,1.42,,98.1,19.8,NORMAL,Y,7.090418522934025,0.0,21.271255568802072,0.0,15,0.0,0.0,9.751902024754948,25,0.0,20,0.0,0.0,9.999999999998737,N,,N,
08:38,BHARATFORG,422,2065.2,0.69,1.38,,97.7,2.4,NORMAL,N,6.923451974646426,0.0,20.770355923939274,0.0,15,0.0,0.0,2.3846325280923493,25,0.0,20,0.0,7.6470588235312995,0.0,N,,N,
08:38,SANSERA,5751,3835.1,0.6,1.19,,90.5,0.0,NORMAL,Y,5.9542545378238945,0.0,17.86276361347168,0.0,15,0.0,0.0,0.0,25,0.0,20,0.0,6.666666666666666,0.0,N,,N,
08:38,CREDITACC,4421,1548.9,0.56,1.12,,84.1,24.5,NORMAL,Y,5.583327923131946,0.0,16.749983769395836,0.0,15,0.0,0.0,4.543210050607257,25,0.0,0.0,20,17.272727272727742,0.0,N,,N,
08:38,PIDILITIND,2664,1695.2,0.56,1.12,,86.0,3.7,NORMAL,Y,5.575987661644377,0.0,16.727962984933132,0.0,15,0.0,0.0,3.6510799550942155,25,0.0,20,0.0,0.0,0.0,N,,N,
08:38,TPLPLASTEH,9219,76.31,0.55,1.11,,46.8,74.7,NORMAL,N,5.534325998155247,0.0,16.602977994465743,0.0,15,0.0,0.0,9.70448400851786,0.0,25,0.0,20,0.0,20.0,N,,N,
08:38,IPCALAB,1633,1757.0,0.49,0.98,,89.1,38.5,NORMAL,N,4.918782887211111,0.0,14.756348661633336,0.0,15,0.0,0.0,18.5312697620442,25,0.0,0.0,20,10.869565217390981,0.0,N,,N,
08:38,COCHINSHIP,21508,1502.8,0.45,0.91,,62.6,46.2,NORMAL,Y,4.545454545454515,0.0,13.636363636363544,0.0,15,0.0,0.0,9.443781369691738,0.0,25,20,0.0,0.0,11.794871794871288,N,,N,
08:38,RATNAMANI,13451,2264.4,0.42,0.83,,34.8,54.4,NORMAL,N,4.168514412416892,0.0,12.505543237250677,0.0,15,0.0,0.0,3.166493942061279,0.0,25,0.0,20,0.0,6.274509803921324,N,,N,
08:38,ZODIACLOTH,3821,77.54,0.38,0.75,,75.0,50.0,NORMAL,Y,3.7540453074434463,0.0,11.262135922330339,0.0,15,0.0,0.0,25.0,0.0,25,20,0.0,0.0,0.0,N,,N,
08:38,ICICIAMC,760407,3065.0,0.35,0.71,,74.1,4.0,NORMAL,N,3.53611420339211,0.0,10.60834261017633,0.0,15,0.0,0.0,0.0,25,0.0,20,0.0,0.0,4.0000000000009095,N,,N,
08:38,BEML,395,1908.2,0.31,0.62,,34.5,68.4,NORMAL,Y,3.101508699994791,0.0,9.304526099984374,0.0,15,0.0,0.0,7.071009590958212,0.0,25,0.0,20,0.0,16.363636363636644,N,,N,
08:38,GODREJCP,10099,917.1,-10.53,21.05,,69.9,97.1,NORMAL,Y,0.0,30.0,30.0,0.0,0.0,15,0.0,14.906690154204618,25,0.0,0.0,20,0.0,17.24137931034496,N,,N,
08:38,TECHNOE,6445,979.95,-7.38,14.76,,36.3,107.5,NORMAL,Y,0.0,30.0,30.0,0.0,0.0,15,0.0,6.341191099017568,0.0,25,0.0,20,0.0,11.11111111111069,N,,N,
08:38,JUBLPHARMA,3637,902.05,-6.52,13.05,,45.9,91.1,NORMAL,Y,0.0,30.0,30.0,0.0,0.0,15,0.0,1.0969513583064092,0.0,25,0.0,20,14.814814814814564,0.0,N,,N,
08:38,RHIM,31163,389.4,-6.29,12.59,,41.8,108.5,NORMAL,Y,0.0,30.0,30.0,0.0,0.0,15,0.0,11.788858642213002,0.0,25,0.0,20,0.0,6.666666666666666,N,,N,
08:38,FORTIS,14592,882.9,-5.59,11.18,,40.9,94.6,NORMAL,Y,0.0,30.0,30.0,0.0,0.0,15,0.0,4.63974734254826,0.0,25,0.0,20,6.222222222221616,0.0,N,,N,
08:38,SURYAROSNI,3375,223.38,-5.28,10.56,,36.1,93.7,NORMAL,Y,0.0,30.0,30.0,0.0,0.0,15,0.0,3.672597487164154,0.0,25,0.0,20,2.388059701492107,0.0,N,,N,
08:38,RGL,15129,109.15,-5.25,10.5,,45.2,96.7,NORMAL,Y,0.0,30.0,30.0,0.0,0.0,15,0.0,6.734096441732229,0.0,25,0.0,20,8.499999999999964,0.0,N,,N,
08:38,ZENITHEXPO,4176,238.52,-5.0,10.0,,30.0,90.0,NORMAL,N,0.0,30.0,30.0,0.0,0.0,15,0.0,0.0,0.0,25,0.0,20,0.0,0.0,N,,N,
08:38,RAMCOSYS,7851,619.9,-5.0,9.99,,30.0,90.0,NORMAL,Y,0.0,30.0,30.0,0.0,0.0,15,0.0,0.0,0.0,25,0.0,20,0.0,0.0,N,,N,
08:38,WINDLAS,5366,901.0,-4.46,8.93,,53.0,107.3,NORMAL,N,0.0,30.0,30.0,0.0,0.0,15,0.0,17.28928889504716,0.0,25,0.0,20,5.7142857142857135,0.0,N,,N,
08:38,NEWGEN,1164,532.7,-4.04,8.07,,38.2,96.4,NORMAL,Y,0.0,30.0,30.0,0.0,0.0,15,0.0,6.4109180554550065,0.0,25,0.0,20,1.8181818181815677,0.0,N,,N,
08:38,MUKANDLTD,11325,135.05,-3.95,7.91,,50.0,90.0,NORMAL,Y,0.0,30.0,30.0,0.0,0.0,15,0.0,0.0,0.0,25,0.0,20,20.0,0.0,N,,N,
08:38,JYOTHYLAB,15146,196.17,-3.86,7.71,,66.0,77.1,NORMAL,Y,0.0,30.0,30.0,0.0,0.0,15,0.0,7.110251161927511,0.0,25,20,0.0,8.888888888888989,0.0,N,,N,
08:38,EPACKPEB,759251,237.9,-3.74,7.49,,43.8,108.3,NORMAL,Y,0.0,30.0,30.0,0.0,0.0,15,0.0,13.806849192744616,0.0,25,0.0,20,0.0,4.444444444444024,N,,N,
08:38,AIIL,23553,553.95,-3.4,6.8,,53.8,109.0,NORMAL,Y,0.0,30.0,30.0,0.0,0.0,15,0.0,18.983169565189694,0.0,25,0.0,20,4.7826086956516365,0.0,N,,N,
08:38,PTC,11355,166.15,-3.37,6.75,,42.5,102.5,NORMAL,N,0.0,30.0,30.0,0.0,0.0,15,0.0,12.505112008716631,0.0,25,0.0,20,0.0,0.0,N,,N,
08:38,BALRAMCHIN,341,606.9,-3.33,6.66,,96.6,49.5,NORMAL,Y,0.0,30.0,30.0,0.0,0.0,15,0.0,4.513878604996437,25,0.0,20,0.0,17.073170731707222,0.0,N,,N,
08:38,GODREJIND,10925,1247.8,-3.26,6.51,,30.0,96.2,NORMAL,Y,0.0,30.0,30.0,0.0,0.0,15,0.0,0.0,0.0,25,0.0,20,0.0,6.1538461538466915,N,,N,
08:38,MAXHEALTH,22377,1006.5,-3.22,6.44,,37.3,114.8,NORMAL,Y,0.0,30.0,30.0,0.0,0.0,15,0.0,7.269154265398877,0.0,25,0.0,20,0.0,17.500000000000888,N,,N,
08:38,VMM,27969,106.79,-3.14,6.28,,30.0,98.6,NORMAL,Y,0.0,30.0,30.0,0.0,0.0,15,0.0,0.0,0.0,25,0.0,20,0.0,8.571428571426832,N,,N,
08:38,TEJASNET,21131,517.0,-3.11,6.22,,33.9,101.0,NORMAL,Y,0.0,30.0,30.0,0.0,0.0,15,0.0,3.899342303332403,0.0,25,0.0,20,0.0,7.142857142857839,N,,N,
08:38,INTELLECT,5926,701.15,-3.11,6.22,,80.0,97.7,NORMAL,Y,0.0,30.0,30.0,0.0,0.0,15,0.0,25.0,25,0.0,0.0,20,0.0,7.741935483870921,N,,N,
08:38,ADANIGREEN,3563,1323.6,-3.1,6.21,,37.1,93.3,NORMAL,Y,0.0,30.0,30.0,0.0,0.0,15,0.0,3.2625303199385653,0.0,25,0.0,20,3.8709677419350106,0.0,N,,N,
08:38,LUXIND,11301,1210.1,-3.1,6.2,,41.1,121.1,NORMAL,Y,0.0,30.0,30.0,0.0,0.0,15,0.0,11.053615181889823,0.0,25,0.0,20,0.0,20.0,N,,N,
08:38,OMNI,760865,579.85,-3.08,6.15,,44.7,123.3,NORMAL,Y,0.0,30.0,30.0,0.0,0.0,15,0.0,14.676942830477238,0.0,25,0.0,20,0.0,18.59154929577463,N,,N,
08:38,REDINGTON,14255,343.75,-3.05,6.09,,30.9,106.9,NORMAL,N,0.0,30.0,30.0,0.0,0.0,15,0.0,0.8646879799402707,0.0,25,0.0,20,0.0,16.000000000001364,N,,N,
08:38,TMPV,3456,337.1,-3.02,6.04,,56.2,75.4,NORMAL,Y,0.0,30.0,30.0,0.0,0.0,15,0.0,1.1649782517549374,25,0.0,0.0,20,0.0,9.230769230767347,N,,N,
08:38,PARADEEP,9741,147.32,-2.95,5.9,,34.2,105.0,NORMAL,N,0.0,29.512516469038324,30.0,0.0,0.0,15,0.0,4.194026925095026,0.0,25,0.0,20,0.0,11.272727272727705,N,,N,
08:38,SUDARSCHEM,3327,1077.9,-2.89,5.78,,75.0,74.1,NORMAL,N,0.0,28.918918918918838,30.0,0.0,0.0,15,0.0,10.219014535460639,25,0.0,0.0,20,9.811320754716723,0.0,N,,N,
08:38,SOUTHWEST,9678,221.7,-2.86,5.72,,30.0,105.0,NORMAL,Y,0.0,28.61148841081366,30.0,0.0,0.0,15,0.0,0.0,0.0,25,0.0,20,0.0,16.363636363636363,N,,N,
08:39,ASTERDM,1508,830.8,-2.82,5.64,,73.0,66.5,NORMAL,N,0.0,28.19043162943037,30.0,0.0,0.0,15,0.0,3.2865308405110314,25,0.0,0.0,20,14.73684210526278,0.0,N,,N,
08:39,UNICHEMLAB,3579,557.65,-2.81,5.63,,82.5,80.6,NORMAL,N,0.0,28.145695364238374,30.0,0.0,0.0,15,0.0,17.421910735699196,25,0.0,0.0,20,10.123456790123345,0.0,N,,N,
08:39,WSTCSTPAPR,3799,581.0,-2.7,5.39,,39.3,109.5,NORMAL,N,0.0,26.963657678780812,30.0,0.0,0.0,15,0.0,9.334354732674681,0.0,25,0.0,20,0.0,13.18181818181797,N,,N,
08:39,KSB,1949,790.25,-2.66,5.32,,41.0,104.5,NORMAL,Y,0.0,26.60590010469917,30.0,0.0,0.0,15,0.0,11.022827099443665,0.0,25,0.0,20,0.0,6.896551724138256,N,,N,
08:39,RUPA,25724,154.57,-2.64,5.28,,34.3,90.7,NORMAL,Y,0.0,26.392038296800184,30.0,0.0,0.0,15,0.0,4.3067715936321544,0.0,25,0.0,20,0.0,0.0,N,,N,
08:39,ABDL,24308,603.6,-2.61,5.23,,64.3,71.5,NORMAL,Y,0.0,26.13746369796698,30.0,0.0,0.0,15,0.0,9.31961576918127,25,0.0,0.0,20,0.0,1.0000000000013642,N,,N,
08:39,KNRCON,15283,133.27,-2.61,5.22,,55.5,81.0,NORMAL,N,0.0,26.088862905583113,30.0,0.0,0.0,15,0.0,0.45598113369372495,25,0.0,0.0,20,0.0,19.473684210526788,N,,N,
08:39,PATANJALI,17029,343.85,-2.59,5.18,,55.0,72.0,NORMAL,Y,0.0,25.92067988668549,30.0,0.0,0.0,15,0.0,0.0,25,0.0,0.0,20,0.0,11.111111111111391,N,,N,
08:39,MEDANTA,11956,1403.1,-2.59,5.18,,36.7,85.9,NORMAL,Y,0.0,25.89558455984461,30.0,0.0,0.0,15,0.0,0.0,0.0,25,0.0,20,6.666666666665825,0.0,N,,N,
08:39,ROLEXRINGS,5279,172.78,-2.54,5.09,,31.8,97.8,NORMAL,N,0.0,25.438547013367877,30.0,0.0,0.0,15,0.0,1.814410625439538,0.0,25,0.0,20,0.0,10.566037735849076,N,,N,
08:39,KPITTECH,9683,611.3,-2.5,5.01,,39.0,85.5,NORMAL,N,0.0,25.039872408293533,30.0,0.0,0.0,15,0.0,0.4748200296946187,0.0,25,0.0,20,8.571428571433211,0.0,N,,N,
08:39,PREMIERENE,25049,1023.8,-2.5,4.99,,57.8,92.7,NORMAL,Y,0.0,24.952380952381,30.0,0.0,0.0,15,0.0,7.776162490014878,0.0,25,0.0,20,20.0,0.0,N,,N,
08:39,SAREGAMA,4892,516.05,-2.47,4.93,,50.0,91.4,NORMAL,Y,0.0,24.66452466452479,30.0,0.0,0.0,15,0.0,6.6985467281322295,0.0,25,0.0,20,13.333333333333332,0.0,N,,N,
08:39,UNOMINDA,14154,1243.8,-2.45,4.89,,34.0,95.8,NORMAL,N,0.0,24.470588235294155,30.0,0.0,0.0,15,0.0,4.0283010445588605,0.0,25,0.0,20,0.0,7.272727272728025,N,,N,
08:39,ZUARI,29050,220.0,-2.4,4.81,,55.0,79.0,NORMAL,Y,0.0,24.044006742968627,30.0,0.0,0.0,15,0.0,0.0,25,0.0,0.0,20,0.0,20.0,N,,N,
08:39,NLCINDIA,8585,279.25,-2.38,4.75,,30.0,91.8,NORMAL,Y,0.0,23.77206782031117,30.0,0.0,0.0,15,0.0,0.0,0.0,25,0.0,20,0.0,8.000000000001819,N,,N,
08:39,VAIBHAVGBL,11364,232.05,-2.36,4.71,,37.0,93.4,NORMAL,Y,0.0,23.564064801178176,30.0,0.0,0.0,15,0.0,6.960311708745941,0.0,25,0.0,20,0.0,2.857142857143553,N,,N,
08:39,BRIGADE,15184,591.0,-2.33,4.66,,63.9,59.2,NORMAL,N,0.0,23.301933564700086,30.0,0.0,0.0,15,0.0,0.8939376356601074,25,0.0,0.0,20,8.000000000001819,0.0,N,,N,
08:39,ASAHIINDIA,5378,880.8,-2.31,4.62,,30.0,86.0,NORMAL,Y,0.0,23.12427216769259,30.0,0.0,0.0,15,0.0,0.0,0.0,25,0.0,20,0.0,2.8571428571422386,N,,N,
08:39,FSL,14304,273.15,-2.31,4.61,,36.8,89.9,NORMAL,Y,0.0,23.068669527897157,30.0,0.0,0.0,15,0.0,6.816907930334122,0.0,25,0.0,20,0.0,0.0,N,,N,
08:39,HIKAL,9668,213.0,-2.28,4.57,,67.1,101.8,NORMAL,Y,0.0,22.846132672722224,30.0,0.0,0.0,15,0.0,18.929415223484245,0.0,25,0.0,20,18.181818181818027,0.0,N,,N,
08:39,JUBLINGREA,2783,716.5,-2.26,4.53,,30.0,94.4,NORMAL,Y,0.0,22.643568408129887,30.0,0.0,0.0,15,0.0,0.0,0.0,25,0.0,20,0.0,11.764705882352626,N,,N,
08:39,SURYODAY,2970,160.04,-2.21,4.42,,30.0,102.1,NORMAL,Y,0.0,22.119027251619237,30.0,0.0,0.0,15,0.0,0.0,0.0,25,0.0,20,0.0,20.0,N,,N,
08:39,SHALBY,714,158.11,-2.2,4.4,,31.9,82.7,NORMAL,Y,0.0,22.020164532689886,30.0,0.0,0.0,15,0.0,0.6583357609766488,0.0,25,0.0,20,1.2903225806440966,0.0,N,,N,
08:39,VIPIND,3703,310.0,-2.18,4.35,,43.6,115.4,NORMAL,N,0.0,21.773430104133727,30.0,0.0,0.0,15,0.0,13.633544484735518,0.0,25,0.0,20,0.0,20.0,N,,N,
08:39,AEGISLOG,40,1269.7,-2.15,4.3,,35.9,82.8,NORMAL,Y,0.0,21.501233045622584,30.0,0.0,0.0,15,0.0,1.3089223052880905,0.0,25,0.0,20,4.615384615384077,0.0,N,,N,
08:39,INFY,1594,1165.7,-2.1,4.2,,35.0,81.0,NORMAL,N,0.0,20.99605274208449,30.0,0.0,0.0,15,0.0,0.0,0.0,25,0.0,20,4.999999999994316,0.0,N,,N,
08:39,RAMKY,20134,388.1,-2.06,4.11,,31.8,82.4,NORMAL,Y,0.0,20.567823343848524,30.0,0.0,0.0,15,0.0,1.793050289300598,0.0,25,0.0,20,0.0,0.0,N,,N,
08:39,ERIS,21154,1362.0,-2.04,4.07,,76.2,36.5,NORMAL,Y,0.0,20.355318995900134,30.0,0.0,0.0,15,0.0,1.1861547884125008,25,0.0,20,0.0,0.0,0.0,N,,N,
08:39,PIIND,24184,2481.5,-9.1,18.21,,32.2,105.2,NORMAL,Y,0.0,30.0,30.0,0.0,0.0,15,0.0,2.227061439913822,0.0,25,0.0,20,0.0,12.941176470588156,N,,N,
08:39,LLOYDSME,17313,1888.0,-4.94,9.89,,31.4,101.0,NORMAL,Y,0.0,30.0,30.0,0.0,0.0,15,0.0,1.3575084702566624,0.0,25,0.0,20,0.0,9.615384615384531,N,,N,
08:39,TCS,11536,2329.3,-4.76,9.52,,35.0,90.0,NORMAL,Y,0.0,30.0,30.0,0.0,0.0,15,0.0,0.0,0.0,25,0.0,20,4.99999999999621,0.0,N,,N,
08:39,MOREPENLAB,2259,74.17,-3.54,7.08,,38.5,94.8,NORMAL,N,0.0,30.0,30.0,0.0,0.0,15,0.0,4.832648648099553,0.0,25,0.0,20,3.7037037037046003,0.0,N,,N,
08:39,IFCI,1491,73.15,-3.37,6.74,,60.7,109.0,NORMAL,Y,0.0,30.0,30.0,0.0,0.0,15,0.0,18.994845695641107,0.0,25,0.0,20,11.666666666665089,0.0,N,,N,
08:39,DIAMONDYD,21840,1183.4,-2.0,3.99,,55.0,75.0,NORMAL,N,0.0,19.958592132505103,30.0,0.0,0.0,15,0.0,0.0,25,0.0,0.0,20,0.0,20.0,N,,N,
08:39,SHREEPUSHK,10588,405.35,-1.99,3.99,,46.2,106.8,NORMAL,Y,0.0,19.9468085106383,30.0,0.0,0.0,15,0.0,16.23520959164565,0.0,25,0.0,20,0.0,10.625000000000133,N,,Y,NONRESULTS
08:39,PSPPROJECT,20877,915.95,-1.99,3.97,,66.2,97.7,NORMAL,Y,0.0,19.850187265917555,30.0,0.0,0.0,15,0.0,17.857134389095826,0.0,25,0.0,20,18.29787234042516,0.0,N,,N,
08:39,RSYSTEMS,13414,240.1,-1.98,3.96,,46.5,85.2,NORMAL,Y,0.0,19.799959175341886,30.0,0.0,0.0,15,0.0,5.368561795291386,0.0,25,0.0,20,11.111111111111391,0.0,N,,N,
08:39,EMSLIMITED,18593,386.15,-1.97,3.94,,74.7,58.6,NORMAL,Y,0.0,19.675044427519673,30.0,0.0,0.0,15,0.0,3.9655699436304257,25,0.0,0.0,20,15.71428571428467,0.0,N,,N,
08:39,GREAVESCOT,1235,193.94,-1.94,3.88,,57.7,68.8,NORMAL,Y,0.0,19.415512185256365,30.0,0.0,0.0,15,0.0,2.6892485610943586,25,0.0,0.0,20,0.0,11.666666666667457,N,,N,
08:39,WESTLIFE,11580,572.15,-1.94,3.87,,51.2,80.6,NORMAL,N,0.0,19.367555060416606,30.0,0.0,0.0,15,0.0,1.2485429587812522,0.0,25,0.0,20,20.0,0.0,N,,N,
08:39,TATACONSUM,3432,1057.3,-1.92,3.84,,30.8,98.4,NORMAL,Y,0.0,19.20222634508353,30.0,0.0,0.0,15,0.0,0.824289880165264,0.0,25,0.0,20,0.0,18.333333333331122,N,,N,
08:39,MRPL,2283,177.7,-1.9,3.8,,67.6,86.6,NORMAL,N,0.0,18.990835817599635,30.0,0.0,0.0,15,0.0,12.644004403363551,25,0.0,0.0,20,0.0,20.0,N,,N,
08:39,M&M,2031,3415.1,-2.9,5.79,,58.2,67.2,NORMAL,N,0.0,28.973557008814357,30.0,0.0,0.0,15,0.0,3.2140402891336315,25,0.0,0.0,20,0.0,0.0,N,,N,
08:39,NELCO,2388,976.3,-1.89,3.78,,33.2,99.6,NORMAL,N,0.0,18.89257361069246,30.0,0.0,0.0,15,0.0,3.177073993538841,0.0,25,0.0,20,0.0,17.499999999999467,N,,N,
08:39,GARFIBRES,1100,771.55,-1.89,3.78,,48.5,98.5,NORMAL,N,0.0,18.88351983723299,30.0,0.0,0.0,15,0.0,18.475284898921174,0.0,25,0.0,20,0.0,1.1111111111101286,N,,N,
08:39,DEVYANI,5373,140.13,-1.86,3.73,,82.9,47.9,NORMAL,N,0.0,18.62875551509207,30.0,0.0,0.0,15,0.0,7.8534375890726125,25,0.0,20,0.0,0.0,6.451612903225392,N,,N,
08:39,BSOFT,6994,314.35,-1.86,3.72,,80.5,62.4,NORMAL,N,0.0,18.57633468623162,30.0,0.0,0.0,15,0.0,8.832144807889852,25,0.0,0.0,20,16.666666666666035,0.0,N,,N,
08:39,HISARMETAL,19322,152.5,-1.85,3.71,,75.0,33.5,NORMAL,N,0.0,18.53520401596084,30.0,0.0,0.0,15,0.0,0.0,25,0.0,20,0.0,0.0,0.0,N,,N,
08:39,TATASTEEL,3499,184.78,-1.84,3.69,,30.0,93.7,NORMAL,Y,0.0,18.432934926958822,30.0,0.0,0.0,15,0.0,0.0,0.0,25,0.0,20,0.0,15.294117647058133,N,,N,
08:39,DEEPAKNTR,19943,1735.2,-2.78,5.56,,32.8,110.6,NORMAL,N,0.0,27.790228597041633,30.0,0.0,0.0,15,0.0,2.789192660251607,0.0,25,0.0,20,0.0,20.0,N,,N,
08:39,MANAPPURAM,19061,353.6,-1.78,3.56,,30.0,89.2,NORMAL,Y,0.0,17.777777777777715,30.0,0.0,0.0,15,0.0,0.0,0.0,25,0.0,20,0.0,11.428571428572589,N,,N,
08:39,HAPPSTMNDS,48,387.55,-1.72,3.45,,30.0,81.9,NORMAL,Y,0.0,17.243565360720197,30.0,0.0,0.0,15,0.0,0.0,0.0,25,0.0,20,0.0,4.615384615384077,N,,N,
08:39,ADANIPOWER,17388,205.4,-1.72,3.44,,37.2,97.2,NORMAL,Y,0.0,17.224880382775094,30.0,0.0,0.0,15,0.0,7.2451157947837155,0.0,25,0.0,20,0.0,12.777777777777734,N,,N,
08:39,EXICOM,22947,141.49,-1.71,3.42,,65.0,82.1,NORMAL,Y,0.0,17.089267106634104,30.0,0.0,0.0,15,0.0,10.003392645927772,25,0.0,0.0,20,0.0,20.0,N,,N,
08:39,METROPOLIS,9581,556.7,-1.69,3.37,,58.2,55.1,NORMAL,Y,0.0,16.865342163355326,30.0,0.0,0.0,15,0.0,3.2098888334252953,25,0.0,0.0,20,0.0,0.0,N,,N,
08:39,NAUKRI,13751,1337.6,-1.65,3.29,,35.7,92.7,NORMAL,N,0.0,16.470588235294187,30.0,0.0,0.0,15,0.0,5.654018409210883,0.0,25,0.0,20,0.0,10.52631578947318,N,,N,
08:39,GMRAIRPORT,13528,103.38,-1.65,3.29,,82.7,49.1,NORMAL,Y,0.0,16.458947769003938,30.0,0.0,0.0,15,0.0,7.677276888515914,25,0.0,20,0.0,0.0,9.99999999999929,N,,N,
08:39,CENTURYPLY,13305,763.65,-1.64,3.28,,62.7,62.5,NORMAL,Y,0.0,16.421947449768165,30.0,0.0,0.0,15,0.0,7.715870952124591,25,0.0,0.0,20,0.0,3.3333333333329125,N,,N,
08:39,HEXT,29666,555.9,-1.64,3.27,,66.6,57.5,NORMAL,Y,0.0,16.367336105458726,30.0,0.0,0.0,15,0.0,6.127086057552982,25,0.0,0.0,20,5.4545454545439505,0.0,N,,N,
08:39,SONATSOFTW,6596,328.45,-1.63,3.26,,81.2,66.4,NORMAL,N,0.0,16.322252171308744,30.0,0.0,0.0,15,0.0,15.035412422243475,25,0.0,0.0,20,11.200000000000728,0.0,N,,N,
08:39,JSWENERGY,17869,554.0,-1.6,3.2,,35.9,81.9,NORMAL,Y,0.0,15.985790408525755,30.0,0.0,0.0,15,0.0,5.869966649327945,0.0,25,0.0,20,0.0,0.0,N,,N,
08:39,WOCKPHARMA,7506,1859.9,-2.59,5.18,,36.9,88.7,NORMAL,Y,0.0,25.924374148947315,30.0,0.0,0.0,15,0.0,2.7894534923818153,0.0,25,0.0,20,4.137931034482001,0.0,N,,N,
08:39,JUBLFOOD,18096,480.45,-1.59,3.17,,51.4,79.1,NORMAL,N,0.0,15.874641540352316,30.0,0.0,0.0,15,0.0,3.253573460690504,0.0,25,0.0,20,18.181818181817807,0.0,N,,N,
08:39,ANGELONE,324,286.8,-1.58,3.16,,68.7,68.5,NORMAL,Y,0.0,15.785861358956645,30.0,0.0,0.0,15,0.0,13.73438015178276,25,0.0,0.0,20,0.0,4.0000000000009095,N,,N,
08:39,DABUR,772,406.15,-1.58,3.15,,39.1,88.8,NORMAL,Y,0.0,15.751847812916516,30.0,0.0,0.0,15,0.0,9.083326760654439,0.0,25,0.0,20,0.0,4.0000000000009095,N,,N,
08:39,MUNJALAU,13511,100.42,-1.57,3.14,,51.7,83.4,NORMAL,Y,0.0,15.683199372671973,30.0,0.0,0.0,15,0.0,7.720192132810793,0.0,25,0.0,20,13.999999999999858,0.0,N,,N,
08:39,SWANCORP,27095,306.45,-1.54,3.08,,37.7,80.6,NORMAL,Y,0.0,15.421686746987987,30.0,0.0,0.0,15,0.0,5.205631047235486,0.0,25,0.0,20,2.5000000000003553,0.0,N,,N,
08:39,360ONE,13061,1150.0,-1.54,3.08,,57.0,54.4,NORMAL,N,0.0,15.410958904109588,30.0,0.0,0.0,15,0.0,2.0363556032513155,25,0.0,0.0,20,0.0,1.999999999998181,N,,N,
08:39,SUNTECK,17641,292.0,-1.53,3.07,,32.6,93.9,NORMAL,Y,0.0,15.343112459956199,30.0,0.0,0.0,15,0.0,2.6049699383272698,0.0,25,0.0,20,0.0,15.99999999999909,N,,N,
08:39,ETERNAL,5097,313.25,-1.49,2.99,,32.1,77.0,NORMAL,N,0.0,14.937106918238994,30.0,0.0,0.0,15,0.0,2.0714646481122774,0.0,25,0.0,20,0.0,0.0,N,,N,
08:39,PARAS,5911,1265.1,-1.47,2.94,,44.2,87.9,NORMAL,N,0.0,14.71962616822437,30.0,0.0,0.0,15,0.0,13.187051254486937,0.0,25,0.0,20,0.9999999999990905,0.0,N,,N,
08:39,KEC,13260,444.15,-1.46,2.93,,36.1,80.7,NORMAL,Y,0.0,14.642262895174758,30.0,0.0,0.0,15,0.0,6.07647532393845,0.0,25,0.0,20,0.0,0.0,N,,N,
08:39,GODREJPROP,17875,1987.7,-2.46,4.93,,36.7,90.0,NORMAL,Y,0.0,24.633200844006105,30.0,0.0,0.0,15,0.0,5.322510596866614,0.0,25,0.0,20,1.3333333333351525,0.0,N,,N,
08:39,EIDPARRY,916,777.0,-1.46,2.92,,59.2,53.8,NORMAL,Y,0.0,14.584654407102093,30.0,0.0,0.0,15,0.0,4.247619053383719,25,0.0,0.0,20,0.0,0.0,N,,N,
08:39,FDC,4898,355.65,-1.45,2.91,,32.0,96.5,NORMAL,Y,0.0,14.54696591853699,30.0,0.0,0.0,15,0.0,1.9958146744780019,0.0,25,0.0,20,0.0,20.0,N,,N,
08:39,CYIENT,5748,841.0,-1.45,2.91,,46.6,81.8,NORMAL,Y,0.0,14.530114834778507,30.0,0.0,0.0,15,0.0,7.225285430309623,0.0,25,0.0,20,9.411764705881566,0.0,N,,N,
08:39,RELAXO,24225,415.65,-1.42,2.85,,55.0,110.4,NORMAL,N,0.0,14.229811454998222,30.0,0.0,0.0,15,0.0,25.0,0.0,25,0.0,20,0.0,11.142857142857403,N,,N,
08:39,SANGAMIND,4184,573.7,-1.42,2.84,,70.1,64.3,NORMAL,Y,0.0,14.176475642237305,30.0,0.0,0.0,15,0.0,15.106679362839786,25,0.0,0.0,20,0.0,0.0,N,,N,
08:39,MAITHANALL,24538,991.35,-1.42,2.83,,55.0,56.9,NORMAL,N,0.0,14.170644391408112,30.0,0.0,0.0,15,0.0,0.0,25,0.0,0.0,20,0.0,7.777777777778479,N,,N,
08:39,ATGL,6066,656.75,-1.41,2.82,,30.0,75.1,NORMAL,Y,0.0,14.110935975380887,30.0,0.0,0.0,15,0.0,0.0,0.0,25,0.0,20,0.0,0.9523809523822929,N,,N,
08:39,JTEKTINDIA,3237,139.18,-1.4,2.81,,43.5,107.5,NORMAL,N,0.0,14.026636440918034,30.0,0.0,0.0,15,0.0,13.522446943915847,0.0,25,0.0,20,0.0,20.0,N,,N,
08:39,ANTHEM,757885,879.2,-1.4,2.79,,41.1,81.0,NORMAL,N,0.0,13.962877810800125,30.0,0.0,0.0,15,0.0,7.044338512251455,0.0,25,0.0,20,4.0909090909083865,0.0,N,,N,
08:39,ROUTE,128,522.7,-1.4,2.79,,71.8,95.8,NORMAL,Y,0.0,13.95963025844176,30.0,0.0,0.0,15,0.0,21.814427136233583,0.0,25,0.0,20,20.0,0.0,N,,N,
08:39,IEX,220,124.29,-1.36,2.71,,49.4,77.6,NORMAL,Y,0.0,13.571428571428523,30.0,0.0,0.0,15,0.0,4.010425684427475,0.0,25,0.0,20,15.428571428571452,0.0,N,,N,
08:39,INDHOTEL,1512,714.2,-1.35,2.71,,35.0,76.9,NORMAL,Y,0.0,13.535911602209882,30.0,0.0,0.0,15,0.0,3.361642178434848,0.0,25,0.0,20,1.6666666666688772,0.0,N,,Y,NONRESULTS
08:39,TATAINVEST,1621,679.6,-1.33,2.66,,57.1,61.1,NORMAL,N,0.0,13.284936479128824,30.0,0.0,0.0,15,0.0,2.1325217858044043,25,0.0,0.0,20,0.0,10.71428571428589,N,,N,
08:39,MAXESTATES,19646,421.0,-1.32,2.65,,95.0,28.2,NORMAL,N,0.0,13.24270479315593,30.0,0.0,0.0,15,0.0,0.0,25,0.0,20,0.0,20.0,0.0,N,,N,
08:39,TRITURBINE,25584,592.45,-1.32,2.63,,59.5,63.2,NORMAL,Y,0.0,13.15899058882315,30.0,0.0,0.0,15,0.0,4.464880355998608,25,0.0,0.0,20,0.0,10.588235294118434,N,,N,
08:39,LOTUSEYE,16807,118.21,-1.31,2.62,,30.0,93.1,NORMAL,Y,0.0,13.107363499749603,30.0,0.0,0.0,15,0.0,0.0,0.0,25,0.0,20,0.0,20.0,N,,N,
08:39,SUPRAJIT,11689,524.35,-1.3,2.6,,41.8,90.2,NORMAL,N,0.0,12.988235294117604,30.0,0.0,0.0,15,0.0,11.798116972196206,0.0,25,0.0,20,0.0,5.4545454545439505,N,,N,
08:39,PCBL,2649,318.0,-1.29,2.58,,49.0,79.4,NORMAL,Y,0.0,12.882197733974788,30.0,0.0,0.0,15,0.0,6.528743888258344,0.0,25,0.0,20,12.50000000000071,0.0,N,,N,
08:39,TREJHARA,7518,163.5,-1.23,2.46,,55.0,117.3,NORMAL,N,0.0,12.323305545487448,30.0,0.0,0.0,15,0.0,25.0,0.0,25,0.0,20,0.0,20.0,N,,N,
08:39,IREDA,20261,117.24,-1.23,2.46,,40.7,90.2,NORMAL,Y,0.0,12.299915754001752,30.0,0.0,0.0,15,0.0,10.659169512075477,0.0,25,0.0,20,0.0,7.272727272725863,N,,N,
08:39,QUICKHEAL,13131,149.5,-1.23,2.46,,32.4,74.7,NORMAL,Y,0.0,12.288583509513831,30.0,0.0,0.0,15,0.0,2.436759539008634,0.0,25,0.0,20,0.0,0.0,N,,N,
08:39,BPCL,526,313.9,-1.23,2.45,,83.1,39.8,NORMAL,Y,0.0,12.27186910006304,30.0,0.0,0.0,15,0.0,8.055711244505574,25,0.0,20,0.0,0.0,4.444444444443041,N,,N,
08:39,RAMCOCEM,2043,922.6,-1.23,2.45,,30.8,87.5,NORMAL,Y,0.0,12.258444408757487,30.0,0.0,0.0,15,0.0,0.7646836599934371,0.0,25,0.0,20,0.0,14.482758620690142,N,,N,
08:39,RALLIS,2816,208.92,-1.22,2.44,,59.8,65.6,NORMAL,Y,0.0,12.198581560283746,30.0,0.0,0.0,15,0.0,4.763408836017621,25,0.0,0.0,20,0.0,13.617021276595487,N,,N,
08:39,TITAGARH,15414,834.5,-1.22,2.44,,54.5,88.4,NORMAL,Y,0.0,12.192234848484794,30.0,0.0,0.0,15,0.0,16.18532176714331,0.0,25,0.0,20,8.275862068965571,0.0,N,,N,
08:39,PRAJIND,2705,325.9,-1.21,2.42,,63.1,68.5,NORMAL,N,0.0,12.124886329190666,30.0,0.0,0.0,15,0.0,8.086781639864284,25,0.0,0.0,20,0.0,13.33333333333207,N,,N,
08:39,THYROCARE,17032,641.5,-1.21,2.42,,56.0,86.8,NORMAL,N,0.0,12.089012089012124,30.0,0.0,0.0,15,0.0,14.753840285893954,0.0,25,0.0,20,11.272727272726941,0.0,N,,N,
08:39,ZENSARTECH,1076,494.55,-1.21,2.42,,55.0,47.1,NORMAL,Y,0.0,12.085497403116284,30.0,0.0,0.0,15,0.0,0.0,25,0.0,0.0,20,0.0,0.0,N,,N,
08:39,KALYANKJIL,2955,595.0,-1.2,2.39,,55.0,48.4,NORMAL,N,0.0,11.956160743938963,30.0,0.0,0.0,15,0.0,0.0,25,0.0,0.0,20,0.0,1.4285714285700366,N,,N,
08:39,BEL,383,401.0,-1.2,2.39,,43.9,78.9,NORMAL,N,0.0,11.950227916718054,30.0,0.0,0.0,15,0.0,6.9264113871946265,0.0,25,0.0,20,6.999999999999318,0.0,N,,N,
08:39,RCF,2866,124.07,-1.18,2.36,,42.5,71.8,NORMAL,Y,0.0,11.788132218239777,30.0,0.0,0.0,15,0.0,0.0,0.0,25,0.0,20,12.500000000000888,0.0,N,,N,
08:39,PFC,14299,376.6,-1.15,2.31,,34.9,85.3,NORMAL,Y,0.0,11.548556430446135,30.0,0.0,0.0,15,0.0,4.874679512004709,0.0,25,0.0,20,0.0,8.888888888890012,N,,N,
08:39,SESHAPAPER,3066,230.38,-1.12,2.25,,57.3,68.5,NORMAL,N,0.0,11.244635193133066,30.0,0.0,0.0,15,0.0,2.2670307849177176,25,0.0,0.0,20,0.0,20.0,N,,N,
08:39,NIITLTD,11522,93.42,-2.12,4.23,,30.3,81.4,NORMAL,Y,0.0,21.165129924559892,30.0,0.0,0.0,15,0.0,0.25993184288894017,0.0,25,0.0,20,0.0,0.0,N,,N,
08:39,HAVELLS,9819,1260.2,-1.11,2.23,,35.8,94.9,NORMAL,N,0.0,11.142498430634058,30.0,0.0,0.0,15,0.0,5.826757719642084,0.0,25,0.0,20,0.0,17.931034482758836,N,,N,
08:39,WABAG,20188,1909.1,-2.1,4.2,,44.7,106.4,NORMAL,Y,0.0,21.024562842931132,30.0,0.0,0.0,15,0.0,14.694045828151689,0.0,25,0.0,20,0.0,10.71428571428589,N,,N,
08:39,SUPREMEIND,3363,3422.1,-2.09,4.17,,81.3,58.7,NORMAL,Y,0.0,20.858369098712473,30.0,0.0,0.0,15,0.0,6.30219962240581,25,0.0,20,0.0,0.0,16.578947368420533,N,,N,
08:39,PURVA,14922,210.01,-1.08,2.17,,38.9,70.8,NORMAL,Y,0.0,10.833215580990117,30.0,0.0,0.0,15,0.0,0.0,0.0,25,0.0,20,8.8888888888931,0.0,N,,N,
08:39,LXCHEM,2841,173.0,-1.08,2.16,,67.2,68.5,NORMAL,Y,0.0,10.806792841214401,30.0,0.0,0.0,15,0.0,12.224914524166717,25,0.0,0.0,20,0.0,10.476190476190027,N,,N,
08:39,XCHANGING,11705,67.03,-2.06,4.12,,50.0,80.6,NORMAL,N,0.0,20.601987142022164,30.0,0.0,0.0,15,0.0,0.0,0.0,25,0.0,20,20.0,0.0,N,,N,
08:39,KIMS,4847,804.45,-1.06,2.12,,37.0,77.1,NORMAL,Y,0.0,10.577455261053943,30.0,0.0,0.0,15,0.0,6.514604770250486,0.0,25,0.0,20,0.47619047619112065,0.0,N,,N,
08:39,LODHA,3220,1199.2,-1.06,2.11,,31.2,81.8,NORMAL,Y,0.0,10.561056105610522,30.0,0.0,0.0,15,0.0,1.2388341228394075,0.0,25,0.0,20,0.0,10.0,N,,N,
08:39,GULFOILLUB,4391,1177.3,-1.05,2.1,,60.0,67.8,NORMAL,N,0.0,10.505967389477222,30.0,0.0,0.0,15,0.0,5.0492117674034525,25,0.0,0.0,20,0.0,17.272727272727742,N,,N,
08:39,TATAPOWER,3426,376.1,-1.03,2.05,,82.0,37.2,NORMAL,Y,0.0,10.263157894736782,30.0,0.0,0.0,15,0.0,6.977109086698265,25,0.0,20,0.0,0.0,5.000000000001421,N,,N,
08:39,PUNJABCHEM,4344,1093.0,-1.0,1.99,,54.9,45.0,NORMAL,Y,0.0,9.963768115942027,29.891304347826082,0.0,0.0,15,0.0,0.0,25,0.0,0.0,20,0.0,0.0,N,,N,
08:39,DELHIVERY,9599,468.75,-0.99,1.99,,76.9,37.7,NORMAL,Y,0.0,9.927130636814844,29.781391910444533,0.0,0.0,15,0.0,2.0969162594107353,25,0.0,20,0.0,0.0,10.66666666666606,N,,N,
08:39,M&MFIN,13285,394.85,-0.99,1.98,,30.5,85.0,NORMAL,N,0.0,9.904714142427252,29.714142427281757,0.0,0.0,15,0.0,0.8342049625837322,0.0,25,0.0,20,0.0,14.285714285714517,N,,N,
08:39,SPARC,14788,203.23,-0.99,1.98,,100.3,32.7,NORMAL,Y,0.0,9.88989574198578,29.669687225957336,0.0,0.0,15,0.0,7.777456540846995,25,0.0,20,0.0,17.894736842105658,0.0,N,,N,
08:39,SHRIRAMFIN,4306,1118.8,-0.98,1.96,,44.0,82.9,NORMAL,N,0.0,9.823878219311563,29.47163465793469,0.0,0.0,15,0.0,13.113294619872864,0.0,25,0.0,20,1.4285714285702686,0.0,N,,N,
08:39,GPIL,13409,229.9,-0.98,1.96,,46.3,98.4,NORMAL,Y,0.0,9.819967266775784,29.459901800327348,0.0,0.0,15,0.0,16.842376799625384,0.0,25,0.0,20,0.0,11.75572519083983,N,,N,
08:39,NCC,2319,143.36,-0.97,1.93,,33.8,81.7,NORMAL,N,0.0,9.671179883945685,29.013539651837053,0.0,0.0,15,0.0,4.772474476539307,0.0,25,0.0,20,0.0,7.272727272730092,N,,N,
08:39,NITTAGELA,762824,1580.2,-1.97,3.93,,50.0,79.7,NORMAL,Y,0.0,19.66623239655068,30.0,0.0,0.0,15,0.0,0.0,0.0,25,0.0,20,20.0,0.0,N,,N,
08:39,DCMSHRIRAM,811,997.3,-0.96,1.93,,48.3,82.0,NORMAL,Y,0.0,9.632571996027849,28.89771598808355,0.0,0.0,15,0.0,12.336003843935876,0.0,25,0.0,20,7.058823529411843,0.0,N,,N,
08:39,WIPRO,3787,182.84,-0.95,1.91,,31.1,69.5,NORMAL,N,0.0,9.53412784398695,28.602383531960847,0.0,0.0,15,0.0,0.0,0.0,25,0.0,20,2.5000000000013323,0.0,N,,N,
08:39,JKIL,15266,492.9,-0.94,1.89,,78.2,49.3,NORMAL,Y,0.0,9.44533762057887,28.33601286173661,0.0,0.0,15,0.0,4.852723338564093,25,0.0,0.0,20,20.0,0.0,N,,N,
08:39,AXISBANK,5900,1218.4,-0.93,1.85,,29.0,77.7,NORMAL,Y,0.0,9.269799967474274,27.809399902422825,0.0,0.0,15,0.0,1.1520021630054993,0.0,25,0.0,20,0.0,7.272727272729528,N,,N,
08:39,RAINBOW,9408,1490.3,-0.92,1.83,,55.5,61.6,NORMAL,Y,0.0,9.174921880194105,27.524765640582316,0.0,0.0,15,0.0,2.9635238597057625,25,0.0,0.0,20,0.0,14.444444444445006,N,,N,
08:39,HUDCO,20825,193.98,-0.91,1.83,,33.7,95.4,NORMAL,Y,0.0,9.143382540736683,27.43014762221005,0.0,0.0,15,0.0,6.251889967651371,0.0,25,0.0,20,0.0,20.0,N,,N,
08:39,SWIGGY,27066,277.95,-0.91,1.82,,56.8,61.9,NORMAL,Y,0.0,9.09090909090913,27.272727272727394,0.0,0.0,15,0.0,4.499037057402047,25,0.0,0.0,20,0.0,13.33333333333249,N,,N,
08:39,ENGINERSIN,4907,240.8,-0.9,1.8,,67.7,66.4,NORMAL,N,0.0,9.012716572698455,27.038149718095365,0.0,0.0,15,0.0,15.69967430869659,25,0.0,0.0,20,0.0,6.666666666666751,N,,N,
08:39,KIRLOSBROS,18581,1918.8,-1.9,3.79,,32.5,90.6,NORMAL,N,0.0,18.96824991052719,30.0,0.0,0.0,15,0.0,2.464860435678455,0.0,25,0.0,20,0.0,9.166666666665561,N,,N,
08:39,ACC,22,1327.8,-0.9,1.79,,60.2,45.6,NORMAL,Y,0.0,8.956560680698614,26.86968204209584,0.0,0.0,15,0.0,1.6682563868206262,25,0.0,0.0,20,6.666666666666666,0.0,N,,N,
08:39,HINDZINC,1424,581.4,-0.89,1.79,,47.6,79.7,NORMAL,N,0.0,8.949117872666838,26.84735361800051,0.0,0.0,15,0.0,10.754828819312333,0.0,25,0.0,20,10.0,0.0,N,,N,
08:39,SAPPHIRE,6718,233.92,-0.89,1.78,,73.5,24.1,NORMAL,N,0.0,8.897551054995436,26.692653164986304,0.0,0.0,15,0.0,0.2329100329061291,25,0.0,20,0.0,1.621621621621663,0.0,N,,N,
08:39,RBLBANK,18391,386.25,-0.89,1.77,,37.6,82.2,NORMAL,N,0.0,8.852963818321758,26.558891454965273,0.0,0.0,15,0.0,11.031059633347766,0.0,25,0.0,20,0.0,2.3529411764710604,N,,N,
08:39,HINDPETRO,1406,387.5,-0.86,1.71,,54.4,47.2,NORMAL,Y,0.0,8.571063067673078,25.71318920301923,0.0,0.0,15,0.0,3.6634823630066684,25,0.0,0.0,20,0.0,0.0,N,,N,
08:39,SHILPAMED,17752,812.75,-0.85,1.7,,32.1,73.8,NORMAL,N,0.0,8.478711723801444,25.436135171404334,0.0,0.0,15,0.0,5.3035289437856035,0.0,25,0.0,20,1.3333333333336364,0.0,N,,N,
08:39,IONEXCHANG,1630,377.7,-0.84,1.68,,46.1,70.8,NORMAL,Y,0.0,8.40115515883431,25.20346547650293,0.0,0.0,15,0.0,2.4469619547590074,0.0,25,0.0,20,18.46153846153806,0.0,N,,N,
08:39,SYMPHONY,24190,635.85,-0.83,1.65,,50.6,46.0,NORMAL,Y,0.0,8.26639631911402,24.79918895734206,0.0,0.0,15,0.0,0.7756367897749282,25,0.0,0.0,20,0.0,2.0000000000004547,N,,N,
08:39,COALINDIA,20374,409.2,-0.82,1.65,,24.7,72.2,NORMAL,Y,0.0,8.240426563257474,24.72127968977242,0.0,0.0,15,0.0,0.0,0.0,25,0.0,20,0.0,4.0000000000009095,N,,N,
08:39,WHIRLPOOL,18011,788.5,-0.82,1.65,,72.8,32.7,NORMAL,Y,0.0,8.238475567574309,24.71542670272293,0.0,0.0,15,0.0,3.1284565785229854,25,0.0,20,0.0,0.0,6.315789473683706,N,,N,
08:39,HCLTECH,7229,1354.2,-0.82,1.64,,29.7,71.9,NORMAL,N,0.0,8.20272447634396,24.608173429031883,0.0,0.0,15,0.0,3.7229219154469506,0.0,25,0.0,20,1.3333333333321207,0.0,N,,N,
08:39,HDFCBANK,1333,723.05,-0.82,1.63,,51.4,45.1,NORMAL,Y,0.0,8.161865569273038,24.485596707819116,0.0,0.0,15,0.0,1.92372441497486,25,0.0,0.0,20,0.0,0.0,N,,N,
08:39,MARICO,4067,848.2,-0.8,1.59,,68.9,43.0,NORMAL,Y,0.0,7.953216374268954,23.85964912280686,0.0,0.0,15,0.0,0.0,25,0.0,20,0.0,0.0,20.0,N,,N,
08:39,NESCO,15409,1040.0,-0.79,1.58,,66.9,65.7,NORMAL,Y,0.0,7.917580845177865,23.752742535533592,0.0,0.0,15,0.0,18.177135958159184,25,0.0,0.0,20,0.0,4.615384615384077,N,,N,
08:39,JINDALSAW,3024,271.4,-0.79,1.57,,51.8,54.1,NORMAL,N,0.0,7.859623469201367,23.5788704076041,0.0,0.0,15,0.0,3.2335105744697965,25,0.0,0.0,20,0.0,7.999999999999545,N,,N,
08:39,UBL,16713,1389.0,-0.79,1.57,,35.5,73.7,NORMAL,Y,0.0,7.857142857142858,23.571428571428573,0.0,0.0,15,0.0,5.803870341291924,0.0,25,0.0,20,6.086956521739646,0.0,N,,N,
08:39,JSWSTEEL,11723,1273.4,-0.78,1.56,,31.3,88.4,NORMAL,Y,0.0,7.791803023219573,23.37540906965872,0.0,0.0,15,0.0,7.9166244835445845,0.0,25,0.0,20,0.0,12.727272727271977,N,,N,
08:39,JUSTDIAL,29962,689.55,-0.78,1.55,,31.6,91.4,NORMAL,Y,0.0,7.770343190157696,23.31102957047309,0.0,0.0,15,0.0,8.269526960885813,0.0,25,0.0,20,0.0,15.384615384615923,N,,N,
08:39,SAFARI,13035,1488.6,-0.77,1.55,,39.6,71.5,NORMAL,Y,0.0,7.732302359685467,23.196907079056402,0.0,0.0,15,0.0,3.749630746049163,0.0,25,0.0,20,12.631578947368297,0.0,N,,N,
08:39,GODFRYPHLP,1181,2185.5,-1.77,3.54,,59.9,89.7,NORMAL,N,0.0,17.708661063418624,30.0,0.0,0.0,15,0.0,12.017835860960089,0.0,25,0.0,20,17.931034482757433,0.0,N,,N,
08:39,VINATIORGA,17364,1305.2,-0.77,1.54,,51.4,85.0,NORMAL,Y,0.0,7.678856534630814,23.036569603892442,0.0,0.0,15,0.0,17.285879225389237,0.0,25,0.0,20,11.052631578947024,0.0,N,,N,
08:39,ANANTRAJ,13620,601.6,-0.77,1.53,,28.0,67.7,NORMAL,Y,0.0,7.670103092783468,23.010309278350405,0.0,0.0,15,0.0,0.0,0.0,25,0.0,20,5.000000000001421,0.0,N,,N,
08:39,BAJFINANCE,317,1085.0,-0.76,1.52,,60.3,50.1,NORMAL,Y,0.0,7.5916948687459564,22.77508460623787,0.0,0.0,15,0.0,7.554792443947776,25,0.0,0.0,20,4.999999999999052,0.0,N,,N,
08:39,MAHLOG,385,406.25,-0.76,1.51,,77.5,24.7,NORMAL,N,0.0,7.572981556125619,22.71894466837686,0.0,0.0,15,0.0,2.1002848965816026,25,0.0,20,0.0,7.692307692307625,0.0,N,,N,
08:39,HCG,15555,733.4,-0.75,1.5,,69.4,26.6,NORMAL,N,0.0,7.5106570133298165,22.53197103998945,0.0,0.0,15,0.0,1.8196721349953346,25,0.0,20,0.0,0.0,2.222222222222503,N,,N,
08:39,EBGNG,757862,568.25,-0.75,1.5,,47.5,52.2,NORMAL,N,0.0,7.510261112566509,22.530783337699525,0.0,0.0,15,0.0,0.0,25,0.0,0.0,20,0.0,9.655172413793428,N,,N,
08:39,HDBFS,757772,687.9,-0.75,1.5,,42.4,81.2,NORMAL,Y,0.0,7.502524888183589,22.507574664550766,0.0,0.0,15,0.0,13.720479891900665,0.0,25,0.0,20,6.122448979591724,0.0,N,,N,
08:39,VERANDA,8890,246.3,-0.75,1.49,,52.7,77.8,NORMAL,N,0.0,7.455168245013073,22.365504735039224,0.0,0.0,15,0.0,10.376584743374433,0.0,25,0.0,20,20.0,0.0,N,,N,
08:39,RELIANCE,2885,1314.1,-0.74,1.48,,62.7,49.6,NORMAL,N,0.0,7.402371780346084,22.207115341038254,0.0,0.0,15,0.0,7.176375337798048,25,0.0,0.0,20,8.333333333333018,0.0,N,,N,
08:39,ROSSARI,19410,501.2,-0.73,1.47,,91.2,45.7,NORMAL,Y,0.0,7.328183798772011,21.984551396316032,0.0,0.0,15,0.0,23.338610947362774,25,0.0,20,0.0,0.8333333333335308,0.0,N,,N,
08:39,UNITDSPR,10447,1522.0,-1.72,3.45,,34.1,96.7,NORMAL,N,0.0,17.24026602957322,30.0,0.0,0.0,15,0.0,4.136397029044967,0.0,25,0.0,20,0.0,15.29411764705788,N,,N,
08:39,DRREDDY,881,1196.3,-0.72,1.44,,21.7,72.2,NORMAL,N,0.0,7.21991701244817,21.65975103734451,0.0,0.0,15,0.0,0.0,0.0,25,0.0,20,0.0,5.000000000005684,N,,N,
08:39,RAYMOND,2859,620.0,-0.69,1.38,,77.3,21.9,NORMAL,N,0.0,6.88771423994867,20.66314271984601,0.0,0.0,15,0.0,0.05927944722000644,25,0.0,20,0.0,11.578947368419541,0.0,N,,N,
08:39,ORIENTCEM,30089,133.22,-0.68,1.36,,69.3,27.5,NORMAL,Y,0.0,6.784462834563458,20.353388503690375,0.0,0.0,15,0.0,3.9303449994498028,25,0.0,20,0.0,0.0,1.8181818181799392,Y,NONRESULTS,N,
08:39,WAAREEENER,25907,2659.3,-1.65,3.31,,39.2,84.9,NORMAL,Y,0.0,16.53106508875733,30.0,0.0,0.0,15,0.0,8.363981620811478,0.0,25,0.0,20,0.8333333333327018,0.0,N,,N,
08:39,FINPIPE,1041,161.6,-0.65,1.3,,45.9,44.0,NORMAL,Y,0.0,6.5166605188737385,19.54998155662122,0.0,0.0,15,0.0,1.3376330405211112,25,0.0,0.0,20,0.0,1.1764705882343107,N,,N,
08:39,APTUS,5435,255.05,-0.64,1.29,,64.3,24.8,NORMAL,Y,0.0,6.427736657576849,19.283209972730546,0.0,0.0,15,0.0,0.0,25,0.0,20,0.0,0.0,3.333333333333965,N,,N,
08:39,USHAMART,8840,506.7,-0.63,1.26,,33.1,73.2,NORMAL,Y,0.0,6.275740341243359,18.827221023730075,0.0,0.0,15,0.0,6.970612758074586,0.0,25,0.0,20,7.272727272727461,0.0,N,,N,
08:39,SHARDACROP,4992,801.35,-0.63,1.25,,44.9,49.0,NORMAL,Y,0.0,6.2624007936507375,18.787202380952213,0.0,0.0,15,0.0,1.0849871309955097,25,0.0,0.0,20,0.0,6.66666666666793,N,,N,
08:39,PRINCEPIPE,16045,269.4,-0.61,1.22,,76.7,54.5,NORMAL,N,0.0,6.087437742114126,18.262313226342382,0.0,0.0,15,0.0,13.418674492869384,25,0.0,20,0.0,0.0,20.0,N,,N,
08:39,RITES,3761,225.3,-0.6,1.21,,43.1,55.4,NORMAL,N,0.0,6.044028764282773,18.132086292848317,0.0,0.0,15,0.0,0.0,25,0.0,0.0,20,0.0,14.399999999998272,N,,N,
08:39,GAIL,4717,174.32,-0.58,1.16,,67.3,24.8,NORMAL,Y,0.0,5.817269305349665,17.451807916048995,0.0,0.0,15,0.0,4.012968674410768,25,0.0,20,0.0,0.8695652173929163,0.0,N,,N,
08:39,TIMKEN,14198,3232.1,-1.58,3.15,,87.0,30.8,NORMAL,N,0.0,15.77392734248917,30.0,0.0,0.0,15,0.0,0.0,25,0.0,20,0.0,11.999999999998181,0.0,N,,N,
08:39,HDFCLIFE,467,532.95,-0.57,1.14,,54.0,64.9,NORMAL,Y,0.0,5.690298507462601,17.070895522387804,0.0,0.0,15,0.0,11.93388141005512,25,0.0,0.0,20,0.0,12.30769230769204,N,,N,
08:39,ORIENTELEC,2972,189.6,-0.57,1.13,,67.7,46.3,NORMAL,N,0.0,5.663939584644496,16.99181875393349,0.0,0.0,15,0.0,5.6786728531359065,25,0.0,20,0.0,0.0,20.0,N,,N,
08:39,JAMNAAUTO,20778,124.8,-0.57,1.13,,27.0,92.6,NORMAL,Y,0.0,5.6569197673492795,16.970759302047835,0.0,0.0,15,0.0,10.053974253978035,0.0,25,0.0,20,0.0,16.923076923076504,N,,N,
08:40,BANCOINDIA,13880,630.3,-0.56,1.12,,61.8,40.6,NORMAL,Y,0.0,5.6006941705451885,16.802082511635565,0.0,0.0,15,0.0,0.0,25,0.0,0.0,20,20.0,0.0,N,,N,
08:40,POWERMECH,10473,2404.2,-1.56,3.12,,32.6,98.2,NORMAL,Y,0.0,15.600049134013169,30.0,0.0,0.0,15,0.0,2.557287613414426,0.0,25,0.0,20,0.0,20.0,N,,N,
08:40,BECTORFOOD,1628,239.28,-0.56,1.11,,74.1,51.7,NORMAL,N,0.0,5.568946887208059,16.706840661624177,0.0,0.0,15,0.0,12.43398195791983,25,0.0,20,0.0,0.0,18.648648648648358,N,,N,
08:40,UCAL,3570,117.0,-0.55,1.1,,64.6,23.5,NORMAL,Y,0.0,5.524861878453087,16.57458563535926,0.0,0.0,15,0.0,3.0094919211383555,25,0.0,20,0.0,0.0,0.0,N,,N,
08:40,KRBL,10577,368.6,-0.53,1.05,,40.8,60.3,NORMAL,N,0.0,5.262447712859233,15.787343138577699,0.0,0.0,15,0.0,0.0,25,0.0,0.0,20,0.0,20.0,N,,N,
08:40,MPHASIS,4503,2491.7,-1.51,3.03,,50.0,75.1,NORMAL,N,0.0,15.138339920948686,30.0,0.0,0.0,15,0.0,0.0,0.0,25,20,0.0,0.0,20.0,N,,N,
08:40,SAKSOFT,11794,163.76,-0.51,1.02,,47.9,47.7,NORMAL,Y,0.0,5.103280680437446,15.309842041312336,0.0,0.0,15,0.0,7.567621314690648,25,0.0,0.0,20,0.0,0.0,N,,N,
08:40,LTF,24948,313.8,-0.51,1.01,,83.6,23.5,NORMAL,N,0.0,5.072923272035403,15.21876981610621,0.0,0.0,15,0.0,3.3979290421553725,25,0.0,20,0.0,20.0,0.0,N,,N,
08:40,SARDAEN,17758,493.35,-0.5,1.01,,32.4,82.3,NORMAL,Y,0.0,5.041847332862759,15.12554199858828,0.0,0.0,15,0.0,17.288091893393485,0.0,25,0.0,20,0.0,0.0,N,,N,
08:40,KIRLOSENG,20936,2070.1,-1.49,2.99,,34.8,79.8,NORMAL,Y,0.0,14.941708303592716,30.0,0.0,0.0,15,0.0,4.824339974393795,0.0,25,0.0,20,0.0,0.0,N,,N,
08:40,ABCAPITAL,21614,405.15,-0.49,0.98,,61.6,21.8,NORMAL,Y,0.0,4.912194522903107,14.736583568709321,0.0,0.0,15,0.0,1.8831511266929533,25,0.0,20,0.0,0.0,0.0,N,,N,
08:40,CAMPUS,9362,217.75,-0.49,0.98,,48.0,48.2,NORMAL,Y,0.0,4.889863815007738,14.669591445023213,0.0,0.0,15,0.0,8.330168610450114,25,0.0,0.0,20,0.0,0.0,N,,N,
08:40,ITC,1660,277.65,-0.48,0.97,,94.5,44.8,NORMAL,Y,0.0,4.838709677419437,14.51612903225831,0.0,0.0,15,0.0,25.0,25,0.0,20,0.0,10.0,0.0,N,,N,
08:40,LENSKART,759605,586.35,-0.48,0.97,,14.5,64.8,NORMAL,N,0.0,4.837067209776006,14.511201629328017,0.0,0.0,15,0.0,0.0,0.0,25,0.0,20,0.0,0.0,N,,N,
08:40,ICICIBANK,4963,1422.7,-0.48,0.97,,34.5,64.8,NORMAL,Y,0.0,4.826524902070415,14.479574706211244,0.0,0.0,15,0.0,0.0,0.0,25,0.0,20,20.0,0.0,N,,N,
08:40,ADANIENT,25,2951.3,-1.48,2.95,,65.1,53.2,NORMAL,Y,0.0,14.755466533132973,30.0,0.0,0.0,15,0.0,3.4399856754952496,25,0.0,0.0,20,6.666666666666666,0.0,N,,N,
08:40,VEDL,3063,273.7,-0.47,0.95,,15.5,66.1,NORMAL,N,0.0,4.727272727272768,14.181818181818304,0.0,0.0,15,0.0,1.354751886539155,0.0,25,0.0,20,0.0,0.0,N,,N,
08:40,CHAMBLFERT,637,442.25,-0.47,0.95,,37.1,93.8,NORMAL,Y,0.0,4.726004275908681,14.178012827726043,0.0,0.0,15,0.0,22.889560162739958,0.0,25,0.0,20,0.0,6.153846153845482,N,,N,
08:40,GENUSPOWER,11905,304.15,-0.46,0.92,,52.7,44.2,NORMAL,Y,0.0,4.581901489118096,13.745704467354287,0.0,0.0,15,0.0,4.61414012502948,25,0.0,0.0,20,9.333333333332424,0.0,N,,N,
08:40,BLUESTARCO,8311,1491.2,-0.45,0.89,,61.7,22.7,NORMAL,Y,0.0,4.472928766940414,13.41878630082124,0.0,0.0,15,0.0,3.239017214347781,25,0.0,20,0.0,0.0,0.0,N,,N,
08:40,RECLTD,15355,343.2,-0.44,0.87,,58.1,19.4,NORMAL,Y,0.0,4.351610095735422,13.054830287206267,0.0,0.0,15,0.0,0.0,25,0.0,20,0.0,0.0,0.0,N,,N,
08:40,APLLTD,25328,835.2,-0.44,0.87,,18.6,85.2,NORMAL,N,0.0,4.35119508851401,13.05358526554203,0.0,0.0,15,0.0,5.525357155071881,0.0,25,0.0,20,0.0,15.29411764705788,N,,N,
08:40,CROMPTON,17094,244.35,-0.43,0.86,,57.9,19.4,NORMAL,Y,0.0,4.2787286063570145,12.836185819071044,0.0,0.0,15,0.0,0.09582902428444316,25,0.0,20,0.0,0.0,0.0,N,,N,
08:40,CANFINHOME,583,822.4,-0.42,0.85,,58.2,30.7,NORMAL,Y,0.0,4.237801186584332,12.713403559752997,0.0,0.0,15,0.0,0.5338562360802657,25,0.0,20,0.0,0.0,10.909090909094292,N,,Y,NONRESULTS
08:40,KOTAKBANK,1922,391.35,-0.39,0.79,,58.9,41.0,NORMAL,N,0.0,3.9450241791803373,11.835072537541013,0.0,0.0,15,0.0,2.0530009617823355,25,0.0,20,0.0,0.0,20.0,N,,N,
08:40,POONAWALLA,11403,485.3,-0.39,0.78,,68.9,22.5,NORMAL,N,0.0,3.8998357963874737,11.699507389162422,0.0,0.0,15,0.0,3.59357568321843,25,0.0,20,0.0,8.571428571428108,0.0,N,,N,
08:40,GSFC,1247,160.73,-0.38,0.76,,11.3,63.8,NORMAL,N,0.0,3.780835502665264,11.342506507995791,0.0,0.0,15,0.0,0.0,0.0,25,0.0,20,0.0,0.0,N,,N,
08:40,MHRIL,17333,224.74,-0.37,0.74,,62.3,45.0,NORMAL,Y,0.0,3.679567318349001,11.038701955047003,0.0,0.0,15,0.0,6.290426951880333,25,0.0,20,0.0,0.0,20.0,N,,N,
08:40,KPRMILL,14912,1092.5,-0.36,0.73,,53.9,42.3,NORMAL,N,0.0,3.64797081623347,10.94391244870041,0.0,0.0,15,0.0,3.6454776355814094,25,0.0,0.0,20,14.285714285713357,0.0,N,,N,
08:40,ICICIPRULI,18652,499.8,-0.34,0.68,,87.3,30.6,NORMAL,Y,0.0,3.3898305084745535,10.16949152542366,0.0,0.0,15,0.0,12.179128647613782,25,0.0,20,0.0,20.0,0.0,N,,N,
08:40,MUTHOOTFIN,23650,2878.3,-1.29,2.58,,56.4,69.3,NORMAL,Y,0.0,12.894818066463154,30.0,0.0,0.0,15,0.0,1.3722275249163403,25,0.0,0.0,20,0.0,20.0,N,,N,
08:40,OBEROIRLTY,20242,1771.0,-1.26,2.52,,55.0,67.6,NORMAL,Y,0.0,12.600356824263999,30.0,0.0,0.0,15,0.0,0.0,25,0.0,0.0,20,0.0,20.0,N,,N,
08:40,GLAND,1186,2888.0,-1.24,2.49,,43.6,74.8,NORMAL,N,0.0,12.446997674736732,30.0,0.0,0.0,15,0.0,2.353548892704992,0.0,25,0.0,20,11.249999999998579,0.0,N,,N,
08:40,CHOLAFIN,685,1890.8,-1.23,2.47,,76.5,48.8,NORMAL,N,0.0,12.327622231508638,30.0,0.0,0.0,15,0.0,1.4571909974346122,25,0.0,0.0,20,20.0,0.0,N,,N,
08:40,NBCC,31415,92.65,-1.23,2.45,,94.6,36.8,NORMAL,Y,0.0,12.260127931769633,30.0,0.0,0.0,15,0.0,9.587220628018565,25,0.0,20,0.0,10.000000000007105,0.0,N,,N,
08:40,PIXTRANS,9087,1958.8,-1.22,2.44,,36.8,99.0,NORMAL,N,0.0,12.203731719616764,30.0,0.0,0.0,15,0.0,6.7785492059309504,0.0,25,0.0,20,0.0,20.0,N,,N,
08:40,ICICIGI,21770,1624.4,-1.16,2.32,,50.0,71.6,NORMAL,Y,0.0,11.621539397626957,30.0,0.0,0.0,15,0.0,0.0,0.0,25,0.0,20,20.0,0.0,N,,N,
08:40,PHOENIXLTD,14552,1887.1,-1.13,2.26,,80.1,45.3,NORMAL,Y,0.0,11.316602923455825,30.0,0.0,0.0,15,0.0,5.1389887678014485,25,0.0,20,0.0,0.0,13.846153846152232,N,,N,
08:40,BAJAJFINSV,16675,2010.0,-1.08,2.17,,38.0,85.5,NORMAL,N,0.0,10.82677165354331,30.0,0.0,0.0,15,0.0,8.048064069204306,0.0,25,0.0,20,0.0,6.66666666666793,N,,N,
08:40,POLICYBZR,6656,1714.3,-1.08,2.16,,97.0,27.8,NORMAL,N,0.0,10.790536641661886,30.0,0.0,0.0,15,0.0,2.0278813406791327,25,0.0,20,0.0,20.0,0.0,N,,N,
08:40,TECHM,13538,1625.6,-1.06,2.12,,46.3,75.5,NORMAL,N,0.0,10.59038344491789,30.0,0.0,0.0,15,0.0,4.874212229425995,0.0,25,0.0,20,11.428571428566787,0.0,N,,N,
08:40,HDFCAMC,4244,2489.1,-1.03,2.06,,35.3,95.6,NORMAL,Y,0.0,10.298210735586517,30.0,0.0,0.0,15,0.0,5.333038320927627,0.0,25,0.0,20,0.0,20.0,N,,N,
08:40,TATACOMM,3721,1728.3,-1.02,2.04,,76.7,26.9,NORMAL,Y,0.0,10.194146956073508,30.0,0.0,0.0,15,0.0,1.7034056696858455,25,0.0,20,0.0,0.0,0.0,N,,N,
08:40,LUPIN,10440,2255.9,-1.01,2.02,,30.0,86.1,NORMAL,Y,0.0,10.092588529553732,30.0,0.0,0.0,15,0.0,0.0,0.0,25,0.0,20,0.0,16.000000000003638,N,,N,
08:40,LUMAXTECH,14014,2057.3,-0.92,1.83,,92.5,24.2,NORMAL,N,0.0,9.150893416172998,27.452680248519,0.0,0.0,15,0.0,0.0,25,0.0,20,0.0,20.0,0.0,N,,N,
08:40,COFORGE,11543,1802.4,-0.91,1.83,,85.7,24.1,NORMAL,N,0.0,9.125893347993353,27.377680043980057,0.0,0.0,15,0.0,0.0,25,0.0,20,0.0,13.333333333333332,0.0,N,,N,
08:40,DALBHARAT,8075,1818.9,-0.91,1.82,,42.4,96.3,NORMAL,Y,0.0,9.097842667247665,27.293528001743,0.0,0.0,15,0.0,15.074234025362788,0.0,25,0.0,20,0.0,12.083333333333254,N,,N,
08:40,NTPCGREEN,27176,92.21,-0.86,1.72,,75.4,28.2,NORMAL,Y,0.0,8.60122567465876,25.80367702397628,0.0,0.0,15,0.0,4.559826684552472,25,0.0,20,0.0,0.0,0.0,N,,N,
08:40,VISAKAIND,4221,99.35,-0.86,1.72,,73.2,46.0,NORMAL,N,0.0,8.581977846522296,25.74593353956689,0.0,0.0,15,0.0,2.4582183834020324,25,0.0,0.0,20,20.0,0.0,N,,N,
08:40,AETHER,9810,1620.4,-0.84,1.69,,57.1,80.2,NORMAL,N,0.0,8.444498837351581,25.333496512054744,0.0,0.0,15,0.0,11.801010103713873,0.0,25,0.0,20,20.0,0.0,N,,N,
08:40,NHPC,17400,76.31,-0.83,1.66,,70.0,43.3,NORMAL,Y,0.0,8.317089018843413,24.95126705653024,0.0,0.0,15,0.0,0.01963083050999475,25,0.0,20,0.0,0.0,20.0,N,,N,
08:40,INOXWIND,7852,73.82,-0.78,1.56,,44.1,73.5,NORMAL,Y,0.0,7.79569892473135,23.38709677419405,0.0,0.0,15,0.0,5.72131895419929,0.0,25,0.0,20,15.000000000003553,0.0,N,,N,
08:40,LLOYDSENGG,17801,92.32,-0.77,1.55,,49.0,43.5,NORMAL,N,0.0,7.738607050731009,23.215821152193026,0.0,0.0,15,0.0,0.8113258940199353,25,0.0,0.0,20,0.0,0.0,N,,N,
08:40,PRESTIGE,20302,1575.1,-0.68,1.36,,85.4,21.8,NORMAL,Y,0.0,6.810013241692529,20.430039725077584,0.0,0.0,15,0.0,0.0,25,0.0,20,0.0,20.0,0.0,N,,N,
08:40,TRENT,1964,2979.7,-0.68,1.35,,22.8,66.8,NORMAL,Y,0.0,6.766666666666728,20.300000000000182,0.0,0.0,15,0.0,0.0,0.0,25,0.0,20,2.4999999999978684,0.0,N,,N,
08:40,LAURUSLABS,19234,1845.9,-0.65,1.3,,25.5,75.3,NORMAL,N,0.0,6.512378902045161,19.53713670613548,0.0,0.0,15,0.0,5.9706679787553085,0.0,25,0.0,20,0.0,2.857142857140073,N,,N,
08:40,SUNPHARMA,3351,1929.5,-0.64,1.29,,29.3,66.4,NORMAL,Y,0.0,6.436663233779609,19.30998970133883,0.0,0.0,15,0.0,0.0,0.0,25,0.0,20,9.999999999988631,0.0,N,,N,
08:40,SBILIFE,21808,1826.3,-0.61,1.23,,19.8,87.5,NORMAL,Y,0.0,6.149325206791443,18.44797562037433,0.0,0.0,15,0.0,1.3305961968344153,0.0,25,0.0,20,0.0,20.0,N,,N,
08:40,GRASIM,1232,3360.3,-0.6,1.2,,42.9,41.0,NORMAL,N,0.0,5.975447419020801,17.9263422570624,0.0,0.0,15,0.0,0.0,25,0.0,0.0,20,0.0,0.0,N,,N,
08:40,HINDUNILVR,1394,2053.5,-0.55,1.1,,51.2,70.2,NORMAL,Y,0.0,5.520848467238166,16.562545401714498,0.0,0.0,15,0.0,9.651600423360932,25,0.0,0.0,20,0.0,20.0,N,,N,
08:40,APLAPOLLO,25780,2001.7,-0.55,1.09,,44.5,45.4,NORMAL,N,0.0,5.465295374372732,16.3958861231182,0.0,0.0,15,0.0,3.0816978566080366,25,0.0,0.0,20,0.0,1.818181818180315,N,,N,
08:40,SUPREMEINF,15002,85.03,-0.5,1.01,,48.4,84.3,NORMAL,Y,0.0,5.031593728059826,15.094781184179476,0.0,0.0,15,0.0,19.258809321001134,0.0,25,0.0,20,14.039735099337731,0.0,N,,N,
08:40,BHARTIARTL,10604,1905.8,-0.49,0.98,,39.7,49.9,NORMAL,Y,0.0,4.908103592314166,14.724310776942497,0.0,0.0,15,0.0,0.0,25,0.0,0.0,20,0.0,10.000000000011369,N,,N,
08:40,NFL,13925,71.6,-0.49,0.97,,39.6,49.9,NORMAL,Y,0.0,4.864489228631112,14.593467685893335,0.0,0.0,15,0.0,0.0,25,0.0,0.0,20,0.0,9.999999999992895,N,,N,
08:40,MANKIND,15380,2413.7,-0.47,0.93,,60.3,21.0,NORMAL,Y,0.0,4.6597938144330655,13.979381443299197,0.0,0.0,15,0.0,1.342431402997676,25,0.0,20,0.0,0.0,0.0,N,,N,
08:40,JAGRAN,13211,63.32,-0.44,0.88,,45.1,46.3,NORMAL,N,0.0,4.402515723270458,13.207547169811374,0.0,0.0,15,0.0,6.919318632812517,25,0.0,0.0,20,0.0,0.0,N,,N,
08:40,NMDC,15332,85.08,-0.43,0.87,,35.0,66.3,NORMAL,N,0.0,4.330017554125273,12.990052662375819,0.0,0.0,15,0.0,2.019598753631752,0.0,25,0.0,20,20.0,0.0,N,,N,
08:40,DOMS,20551,2223.0,-0.39,0.79,,21.0,73.1,NORMAL,Y,0.0,3.9430056456672564,11.82901693700177,0.0,0.0,15,0.0,9.161767390497772,0.0,25,0.0,20,0.0,0.0,N,,N,
08:40,BAJAJHFL,25270,84.85,-0.39,0.77,,20.7,80.9,NORMAL,Y,0.0,3.874148861235178,11.622446583705536,0.0,0.0,15,0.0,9.052641168109547,0.0,25,0.0,20,0.0,8.000000000001705,N,,N,
08:40,SKFINDIA,3186,1516.9,-0.38,0.76,,41.3,74.5,NORMAL,N,0.0,3.809023445196003,11.42707033558801,0.0,0.0,15,0.0,10.736976352455471,0.0,25,0.0,20,19.090909090909935,0.0,N,,N,
08:40,SRF,3273,2560.8,-0.36,0.72,,12.2,65.1,NORMAL,Y,0.0,3.57976653696491,10.73929961089473,0.0,0.0,15,0.0,1.4861128676010424,0.0,25,0.0,20,0.0,0.0,N,,N,
08:40,COLPAL,15141,2001.7,-0.31,0.63,,57.8,41.5,NORMAL,Y,0.0,3.137450199203165,9.412350597609494,0.0,0.0,15,0.0,3.3605571729625714,25,0.0,20,0.0,0.0,20.0,N,,N,
08:40,MARKSANS,10579,316.4,13.43,26.85,,120.0,3.7,NORMAL,Y,30.0,0.0,30.0,0.0,15,0.0,0.0,0.0,25,0.0,20,0.0,0.0,3.7499999999993783,N,,N,
08:40,ITDC,19299,724.75,7.11,14.22,,100.0,40.0,NORMAL,Y,30.0,0.0,30.0,0.0,15,0.0,0.0,0.0,25,0.0,0.0,20,0.0,20.0,N,,N,
08:40,KIRIINDUS,16639,439.05,2.89,5.79,,131.2,27.5,NORMAL,Y,28.94305132411536,0.0,30.0,0.0,15,0.0,0.0,12.240221786194057,25,0.0,20,0.0,0.0,15.263157894736448,N,,N,
08:40,JSWINFRA,19020,351.55,2.84,5.68,,112.5,36.1,NORMAL,Y,28.37501828287257,0.0,30.0,0.0,15,0.0,0.0,11.11891927083038,0.0,25,20,0.0,7.999999999999545,0.0,N,,N,
08:40,INDUSTOWER,29135,376.95,2.06,4.12,,115.0,20.5,NORMAL,Y,20.57668877758214,0.0,30.0,0.0,15,0.0,0.0,4.459649341739647,25,0.0,20,0.0,0.0,15.99999999999909,N,,N,
