scan_time,ticker,sid,ltp,gap_pct,rs,rvol,long_score,short_score,regime,in_shortlist,gap_L,gap_S,rs_L,rs_S,sector_L,sector_S,rvol_pts,atr_pts,st_L,st_S,vwap_L,vwap_S,body_L,body_S,has_nse_event,event_sentiment
04:04,TRIVENI,13081,263.16,8.64,8.64,,29.5,7.5,NORMAL,N,0,0,15.0,0.0,4.0,4.0,0,0,0,0,0,0,0,0,N,,N,
04:04,RGL,15129,118.57,7.65,7.65,,29.5,7.5,NORMAL,Y,0,0,15.0,0.0,4.0,4.0,0,0,0,0,0,0,0,0,N,,N,
04:04,JUBLFOOD,18096,517.15,6.69,6.69,,29.5,7.5,NORMAL,Y,0,0,15.0,0.0,4.0,4.0,0,0,0,0,0,0,0,0,N,,N,
04:04,BATAINDIA,371,755.75,5.68,5.68,,29.5,7.5,NORMAL,Y,0,0,15.0,0.0,4.0,4.0,0,0,0,0,0,0,0,0,N,,N,
04:04,WELSPUNLIV,11253,173.73,5.14,5.14,,29.5,7.5,NORMAL,Y,0,0,15.0,0.0,4.0,4.0,0,0,0,0,0,0,0,0,Y,NONRESULTS,N,
04:04,KRBL,10577,387.9,3.94,3.94,,22.5,14.5,NORMAL,Y,0,0,15.0,0.0,4.0,4.0,0,0,0,0,0,0,0,0,N,,N,
04:05,ELGIEQUIP,937,598.55,3.82,3.82,,29.5,7.5,NORMAL,Y,0,0,15.0,0.0,4.0,4.0,0,0,0,0,0,0,0,0,N,,Y,NONRESULTS
04:05,PARAS,5911,1391.0,3.64,3.64,,29.5,7.5,NORMAL,Y,0,0,15.0,0.0,4.0,4.0,0,0,0,0,0,0,0,0,N,,N,
04:05,PRAJIND,2705,332.5,3.41,3.41,,26.0,11.0,NORMAL,Y,0,0,15.0,0.0,4.0,4.0,0,0,0,0,0,0,0,0,N,,N,
04:05,HIKAL,9668,222.4,2.8,2.8,,28.48,7.5,NORMAL,Y,0,0,13.981973653801736,0.0,4.0,4.0,0,0,0,0,0,0,0,0,N,,N,
04:05,GUJGASLTD,10599,292.3,2.78,2.78,,28.39,7.5,NORMAL,Y,0,0,13.88888888888895,0.0,4.0,4.0,0,0,0,0,0,0,0,0,N,,N,
04:05,MUNJALAU,13511,122.68,2.77,2.77,,21.36,14.5,NORMAL,Y,0,0,13.864455055709147,0.0,4.0,4.0,0,0,0,0,0,0,0,0,N,,N,
04:05,DEVYANI,5373,144.06,2.75,2.75,,28.23,7.5,NORMAL,Y,0,0,13.729405891163234,0.0,4.0,4.0,0,0,0,0,0,0,0,0,N,,N,
04:05,MARKSANS,10579,311.6,2.7,2.7,,28.01,7.5,NORMAL,Y,0,0,13.513513513513589,0.0,4.0,4.0,0,0,0,0,0,0,0,0,N,,N,
04:05,AEGISLOG,40,1278.0,2.49,2.49,,26.93,7.5,NORMAL,N,0,0,12.429831595829993,0.0,4.0,4.0,0,0,0,0,0,0,0,0,N,,N,
04:05,BAJAJELEC,15034,365.2,2.41,2.41,,26.56,7.5,NORMAL,Y,0,0,12.058328659562488,0.0,4.0,4.0,0,0,0,0,0,0,0,0,N,,N,
04:05,ENGINERSIN,4907,246.08,2.29,2.29,,18.93,14.5,NORMAL,Y,0,0,11.430709119627565,0.0,4.0,4.0,0,0,0,0,0,0,0,0,N,,N,
04:05,SHREEPUSHK,10588,378.45,2.28,2.28,,25.92,7.5,NORMAL,N,0,0,11.418918918918903,0.0,4.0,4.0,0,0,0,0,0,0,0,0,N,,N,
04:05,HEG,1336,701.95,2.18,2.18,,21.88,11.0,NORMAL,Y,0,0,10.880640465793336,0.0,4.0,4.0,0,0,0,0,0,0,0,0,N,,N,
04:05,LENSKART,759605,609.7,2.14,2.14,,21.72,11.0,NORMAL,Y,0,0,10.722063997319541,0.0,4.0,4.0,0,0,0,0,0,0,0,0,N,,N,
04:05,LGEINDIA,760213,1660.8,5.19,5.19,,29.5,7.5,NORMAL,Y,0,0,15.0,0.0,4.0,4.0,0,0,0,0,0,0,0,0,N,,N,
04:05,WABAG,20188,1957.2,3.8,3.8,,22.5,14.5,NORMAL,Y,0,0,15.0,0.0,4.0,4.0,0,0,0,0,0,0,0,0,N,,N,
04:05,SUPREMEINF,15002,92.48,3.74,3.74,,29.5,7.5,NORMAL,Y,0,0,15.0,0.0,4.0,4.0,0,0,0,0,0,0,0,0,N,,N,
04:05,NELCO,2388,1068.4,2.0,2.0,,24.48,7.5,NORMAL,Y,0,0,9.976133651551356,0.0,4.0,4.0,0,0,0,0,0,0,0,0,N,,N,
04:05,HALDER,760715,291.1,1.89,1.89,,23.93,7.5,NORMAL,Y,0,0,9.432641489622421,0.0,4.0,4.0,0,0,0,0,0,0,0,0,N,,N,
04:05,FINCABLES,1038,1272.45,1.85,1.85,,23.77,7.5,NORMAL,Y,0,0,9.265188505563152,0.0,4.0,4.0,0,0,0,0,0,0,0,0,N,,N,
04:05,SHIVALIK,7026,265.0,1.83,1.83,,20.15,11.0,NORMAL,Y,0,0,9.145404242237918,0.0,4.0,4.0,0,0,0,0,0,0,0,0,N,,N,
04:05,CESC,628,167.83,1.82,1.82,,16.6,14.5,NORMAL,Y,0,0,9.100285142267792,0.0,4.0,4.0,0,0,0,0,0,0,0,0,N,,N,
04:05,SANDHAR,2397,626.0,1.76,1.76,,23.32,7.5,NORMAL,N,0,0,8.818987238884844,0.0,4.0,4.0,0,0,0,0,0,0,0,0,N,,N,
04:05,SAPPHIRE,6718,237.19,1.67,1.67,,19.36,11.0,NORMAL,Y,0,0,8.358695186248887,0.0,4.0,4.0,0,0,0,0,0,0,0,0,N,,N,
04:05,GENUSPOWER,11905,311.45,1.6,1.6,,22.49,7.5,NORMAL,Y,0,0,7.992170934594645,0.0,4.0,4.0,0,0,0,0,0,0,0,0,Y,NONRESULTS,N,
04:05,EMSLIMITED,18593,374.95,1.57,1.57,,22.36,7.5,NORMAL,N,0,0,7.855885141541395,0.0,4.0,4.0,0,0,0,0,0,0,0,0,N,,N,
04:05,VOLTAS,3718,1308.4,1.47,1.47,,21.83,7.5,NORMAL,N,0,0,7.328421868941486,0.0,4.0,4.0,0,0,0,0,0,0,0,0,N,,N,
04:05,BECTORFOOD,1628,243.75,1.46,1.46,,21.78,7.5,NORMAL,Y,0,0,7.2840790842872005,0.0,4.0,4.0,0,0,0,0,0,0,0,0,N,,N,
04:05,MSTCLTD,9356,589.0,1.43,1.43,,14.65,14.5,NORMAL,N,0,0,7.146547270535521,0.0,4.0,4.0,0,0,0,0,0,0,0,0,N,,N,
04:05,HISARMETAL,19322,152.0,1.37,1.37,,14.37,14.5,NORMAL,Y,0,0,6.869414432439649,0.0,4.0,4.0,0,0,0,0,0,0,0,0,N,,N,
04:05,SANSERA,5751,3966.9,2.28,2.28,,25.92,7.5,NORMAL,Y,0,0,11.422530490163204,0.0,4.0,4.0,0,0,0,0,0,0,0,0,N,,N,
04:05,WIPRO,3787,185.4,1.26,1.26,,20.78,7.5,NORMAL,Y,0,0,6.280720917531435,0.0,4.0,4.0,0,0,0,0,0,0,0,0,N,,N,
04:05,KIRLOSENG,20936,2106.3,2.25,2.25,,25.76,7.5,NORMAL,N,0,0,11.262682654497814,0.0,4.0,4.0,0,0,0,0,0,0,0,0,N,,N,
04:05,THYROCARE,17032,613.4,1.22,1.22,,13.61,14.5,NORMAL,Y,0,0,6.105610561056087,0.0,4.0,4.0,0,0,0,0,0,0,0,0,N,,N,
04:05,JUSTDIAL,29962,686.0,1.2,1.2,,17.01,11.0,NORMAL,N,0,0,6.011654495832395,0.0,4.0,4.0,0,0,0,0,0,0,0,0,N,,N,
04:05,GANESHHOU,14339,826.6,1.2,1.2,,17.0,11.0,NORMAL,Y,0,0,5.999020568070561,0.0,4.0,4.0,0,0,0,0,0,0,0,0,N,,N,
04:05,SHILPAMED,17752,816.6,1.18,1.18,,16.92,11.0,NORMAL,Y,0,0,5.916609875472441,0.0,4.0,4.0,0,0,0,0,0,0,0,0,N,,N,
04:05,ETERNAL,5097,321.65,1.15,1.15,,20.24,7.5,NORMAL,Y,0,0,5.738993710691787,0.0,4.0,4.0,0,0,0,0,0,0,0,0,N,,N,
04:05,TMCV,759782,480.1,1.12,1.12,,13.08,14.5,NORMAL,Y,0,0,5.581297388374065,0.0,4.0,4.0,0,0,0,0,0,0,0,0,N,,N,
04:05,RATNAMANI,13451,2346.6,2.11,2.11,,25.07,7.5,NORMAL,N,0,0,10.574412532637057,0.0,4.0,4.0,0,0,0,0,0,0,0,0,N,,N,
04:05,PRICOLLTD,19631,773.4,1.1,1.1,,19.99,7.5,NORMAL,Y,0,0,5.4901960784313575,0.0,4.0,4.0,0,0,0,0,0,0,0,0,N,,N,
04:05,LUMAXTECH,14014,2028.5,2.06,2.06,,24.81,7.5,NORMAL,Y,0,0,10.314465408805031,0.0,4.0,4.0,0,0,0,0,0,0,0,0,N,,N,
04:05,VISAKAIND,4221,97.48,2.06,2.06,,21.31,11.0,NORMAL,Y,0,0,10.313056224479107,0.0,4.0,4.0,0,0,0,0,0,0,0,0,N,,N,
04:05,TDPOWERSYS,25178,1497.3,1.06,1.06,,19.8,7.5,NORMAL,Y,0,0,5.298326133909302,0.0,4.0,4.0,0,0,0,0,0,0,0,0,N,,Y,NONRESULTS
04:05,GPIL,13409,235.73,-3.12,-3.12,,7.5,29.5,NORMAL,N,0,0,0.0,15.0,4.0,4.0,0,0,0,0,0,0,0,0,N,,N,
04:05,HINDZINC,1424,558.6,-3.41,-3.41,,7.5,29.5,NORMAL,N,0,0,0.0,15.0,4.0,4.0,0,0,0,0,0,0,0,0,N,,N,
04:05,TIMETECHNO,14707,195.87,-4.0,-4.0,,7.5,29.5,NORMAL,N,0,0,0.0,15.0,4.0,4.0,0,0,0,0,0,0,0,0,N,,N,
04:05,TMPV,3456,332.85,-4.79,-4.79,,7.5,29.5,NORMAL,N,0,0,0.0,15.0,4.0,4.0,0,0,0,0,0,0,0,0,N,,N,
04:05,HINDPETRO,1406,373.75,-4.87,-4.87,,11.0,26.0,NORMAL,N,0,0,0.0,15.0,4.0,4.0,0,0,0,0,0,0,0,0,N,,N,
04:05,GOCLCORP,3963,409.2,-5.04,-5.04,,7.5,29.5,NORMAL,N,0,0,0.0,15.0,4.0,4.0,0,0,0,0,0,0,0,0,N,,N,
04:05,NARMADA,6364,378.45,-5.51,-5.51,,7.5,29.5,NORMAL,Y,0,0,0.0,15.0,4.0,4.0,0,0,0,0,0,0,0,0,N,,N,
04:05,MIDHANI,2463,417.55,-6.14,-6.14,,7.5,29.5,NORMAL,Y,0,0,0.0,15.0,4.0,4.0,0,0,0,0,0,0,0,0,N,,N,
04:05,KNRCON,15283,130.62,-2.94,-2.94,,7.5,29.21,NORMAL,N,0,0,0.0,14.71243869817212,4.0,4.0,0,0,0,0,0,0,0,0,N,,N,
04:05,RELAXO,24225,408.5,-2.61,-2.61,,7.5,27.55,NORMAL,N,0,0,0.0,13.052807247586111,4.0,4.0,0,0,0,0,0,0,0,0,N,,N,
04:05,ABDL,24308,614.15,-2.16,-2.16,,7.5,25.29,NORMAL,N,0,0,0.0,10.79337263023743,4.0,4.0,0,0,0,0,0,0,0,0,N,,N,
04:05,PTC,11355,161.54,-1.98,-1.98,,7.5,24.39,NORMAL,N,0,0,0.0,9.890776699029184,4.0,4.0,0,0,0,0,0,0,0,0,N,,N,
04:05,XCHANGING,11705,63.87,-2.84,-2.84,,7.5,28.72,NORMAL,N,0,0,0.0,14.22269546699116,4.0,4.0,0,0,0,0,0,0,0,0,N,,N,
04:05,HINDALCO,1363,1027.05,-1.84,-1.84,,11.0,20.18,NORMAL,Y,0,0,0.0,9.175627240143392,4.0,4.0,0,0,0,0,0,0,0,0,N,,N,
04:05,NCC,2319,142.4,-1.6,-1.6,,7.5,22.52,NORMAL,N,0,0,0.0,8.01547816473187,4.0,4.0,0,0,0,0,0,0,0,0,N,,N,
04:05,RAMCOSYS,7851,586.45,-1.56,-1.56,,11.0,18.81,NORMAL,N,0,0,0.0,7.805287452790562,4.0,4.0,0,0,0,0,0,0,0,0,N,,N,
04:05,MOIL,20830,275.5,-1.47,-1.47,,7.5,21.83,NORMAL,N,0,0,0.0,7.331902718168854,4.0,4.0,0,0,0,0,0,0,0,0,N,,N,
04:05,JTEKTINDIA,3237,131.37,-1.46,-1.46,,14.5,14.81,NORMAL,N,0,0,0.0,7.31323132313227,4.0,4.0,0,0,0,0,0,0,0,0,N,,N,
04:05,MAXHEALTH,22377,999.0,-1.41,-1.41,,14.5,14.56,NORMAL,N,0,0,0.0,7.056153162932969,4.0,4.0,0,0,0,0,0,0,0,0,N,,N,
04:05,TATASTEEL,3499,182.25,-1.41,-1.41,,7.5,21.53,NORMAL,N,0,0,0.0,7.032729239924248,4.0,4.0,0,0,0,0,0,0,0,0,N,,N,
04:05,HUDCO,20825,191.26,-1.37,-1.37,,7.5,21.33,NORMAL,N,0,0,0.0,6.8330668867000295,4.0,4.0,0,0,0,0,0,0,0,0,N,,N,
04:05,RECLTD,15355,341.85,-1.34,-1.34,,7.5,21.21,NORMAL,N,0,0,0.0,6.709956709956677,4.0,4.0,0,0,0,0,0,0,0,0,N,,N,
04:05,AUBANK,21238,1083.3,-1.34,-1.34,,7.5,21.19,NORMAL,Y,0,0,0.0,6.693989071038272,4.0,4.0,0,0,0,0,0,0,0,0,N,,N,
04:05,SAREGAMA,4892,524.55,-1.34,-1.34,,7.5,21.18,NORMAL,Y,0,0,0.0,6.6773253080034065,4.0,4.0,0,0,0,0,0,0,0,0,N,,N,
04:05,VEDL,3063,267.5,-1.33,-1.33,,7.5,21.14,NORMAL,N,0,0,0.0,6.639616377720439,4.0,4.0,0,0,0,0,0,0,0,0,N,,N,
04:05,LTF,24948,311.25,-1.3,-1.3,,7.5,21.0,NORMAL,N,0,0,0.0,6.500713492944383,4.0,4.0,0,0,0,0,0,0,0,0,N,,N,
04:05,LTTS,18564,3523.0,-2.27,-2.27,,7.5,25.83,NORMAL,N,0,0,0.0,11.332427109052045,4.0,4.0,0,0,0,0,0,0,0,0,N,,N,
04:05,GAIL,4717,173.74,-1.23,-1.23,,7.5,20.64,NORMAL,N,0,0,0.0,6.139852188743594,4.0,4.0,0,0,0,0,0,0,0,0,N,,N,
04:05,NAM-INDIA,357,1162.8,-1.21,-1.21,,7.5,20.53,NORMAL,N,0,0,0.0,6.032285471537827,4.0,4.0,0,0,0,0,0,0,0,0,N,,N,
04:05,SARDAEN,17758,517.05,-1.19,-1.19,,11.0,16.97,NORMAL,Y,0,0,0.0,5.971717943818078,4.0,4.0,0,0,0,0,0,0,0,0,N,,N,
04:05,ERIS,21154,1363.9,-1.19,-1.19,,7.5,20.44,NORMAL,N,0,0,0.0,5.9407375208287565,4.0,4.0,0,0,0,0,0,0,0,0,N,,N,
04:05,GREAVESCOT,1235,196.09,-1.18,-1.18,,7.5,20.42,NORMAL,N,0,0,0.0,5.921185244910286,4.0,4.0,0,0,0,0,0,0,0,0,N,,N,
04:05,JKPAPER,11860,389.15,-1.12,-1.12,,7.5,20.09,NORMAL,Y,0,0,0.0,5.590141024012239,4.0,4.0,0,0,0,0,0,0,0,0,N,,N,
04:05,JIOFIN,18143,252.75,-1.12,-1.12,,11.0,16.58,NORMAL,Y,0,0,0.0,5.575117370892007,4.0,4.0,0,0,0,0,0,0,0,0,N,,N,
04:05,SBICARD,17971,633.9,-1.11,-1.11,,11.0,16.54,NORMAL,N,0,0,0.0,5.538221528861172,4.0,4.0,0,0,0,0,0,0,0,0,N,,N,
04:05,RAINBOW,9408,1437.0,-1.1,-1.1,,11.0,16.51,NORMAL,N,0,0,0.0,5.505849965588438,4.0,4.0,0,0,0,0,0,0,0,0,N,,N,
04:05,HEXT,29666,568.3,-1.09,-1.09,,11.0,16.44,NORMAL,Y,0,0,0.0,5.439039248107215,4.0,4.0,0,0,0,0,0,0,0,0,N,,N,
04:05,APTUS,5435,251.05,-1.08,-1.08,,7.5,19.92,NORMAL,N,0,0,0.0,5.417651694247438,4.0,4.0,0,0,0,0,0,0,0,0,N,,N,
04:05,SWANCORP,27095,305.15,-1.05,-1.05,,14.5,12.77,NORMAL,N,0,0,0.0,5.269130998702984,4.0,4.0,0,0,0,0,0,0,0,0,N,,N,
04:05,PREMIERENE,25049,1024.9,-1.05,-1.05,,11.0,16.26,NORMAL,N,0,0,0.0,5.261633519984488,4.0,4.0,0,0,0,0,0,0,0,0,N,,N,
04:05,IOC,1624,140.04,-1.03,-1.03,,11.0,16.16,NORMAL,N,0,0,0.0,5.159010600706742,4.0,4.0,0,0,0,0,0,0,0,0,N,,N,
04:05,CROMPTON,17094,245.6,-1.03,-1.03,,7.5,19.64,NORMAL,N,0,0,0.0,5.138021358049589,4.0,4.0,0,0,0,0,0,0,0,0,N,,N,
04:05,PATANJALI,17029,350.25,-1.02,-1.02,,7.5,19.59,NORMAL,N,0,0,0.0,5.0869012293344955,4.0,4.0,0,0,0,0,0,0,0,0,N,,N,
04:05,ZENSARTECH,1076,493.6,-1.01,-1.01,,7.5,19.56,NORMAL,N,0,0,0.0,5.063671914168209,4.0,4.0,0,0,0,0,0,0,0,0,N,,N,
04:05,GULFOILLUB,4391,1165.0,-0.99,-0.99,,7.5,19.47,NORMAL,Y,0,0,0.0,4.971530551542468,4.0,4.0,0,0,0,0,0,0,0,0,N,,N,
04:05,AXISBANK,5900,1209.7,-0.99,-0.99,,7.5,19.45,NORMAL,N,0,0,0.0,4.951710590931376,4.0,4.0,0,0,0,0,0,0,0,0,N,,N,
04:05,MEESHO,760229,191.77,-0.96,-0.96,,14.5,12.28,NORMAL,Y,0,0,0.0,4.777399029025912,4.0,4.0,0,0,0,0,0,0,0,0,N,,N,
04:05,GMRAIRPORT,13528,102.02,-0.95,-0.95,,7.5,19.26,NORMAL,N,0,0,0.0,4.7572815533980775,4.0,4.0,0,0,0,0,0,0,0,0,N,,N,
04:05,SANGAMIND,4184,592.75,-0.94,-0.94,,7.5,19.18,NORMAL,N,0,0,0.0,4.679535388986398,4.0,4.0,0,0,0,0,0,0,0,0,N,,N,
04:05,BLUESTARCO,8311,1499.9,-0.93,-0.93,,7.5,19.16,NORMAL,N,0,0,0.0,4.6565389696168795,4.0,4.0,0,0,0,0,0,0,0,0,N,,N,
04:05,RGL,15129,118.57,7.65,7.65,,29.5,7.5,NORMAL,Y,0,0,15.0,0.0,4.0,4.0,0,0,0,0,0,0,0,0,N,,N,
04:05,WELSPUNLIV,11253,173.73,5.14,5.14,,29.5,7.5,NORMAL,Y,0,0,15.0,0.0,4.0,4.0,0,0,0,0,0,0,0,0,Y,NONRESULTS,N,
04:05,HIKAL,9668,222.4,2.8,2.8,,28.48,7.5,NORMAL,Y,0,0,13.981973653801736,0.0,4.0,4.0,0,0,0,0,0,0,0,0,N,,N,
04:05,MARKSANS,10579,311.6,2.7,2.7,,28.01,7.5,NORMAL,Y,0,0,13.513513513513589,0.0,4.0,4.0,0,0,0,0,0,0,0,0,N,,N,
04:05,WABAG,20188,1957.2,3.8,3.8,,22.5,14.5,NORMAL,Y,0,0,15.0,0.0,4.0,4.0,0,0,0,0,0,0,0,0,N,,N,
04:09,TRIVENI,13081,264.59,9.23,9.23,,29.5,7.5,NORMAL,Y,0,0,15.0,0.0,4.0,4.0,0,0,0,0,0,0,0,0,N,,N,
04:09,RGL,15129,118.79,7.85,7.85,,29.5,7.5,NORMAL,Y,0,0,15.0,0.0,4.0,4.0,0,0,0,0,0,0,0,0,N,,N,
04:09,WELSPUNLIV,11253,176.83,7.02,7.02,,29.5,7.5,NORMAL,Y,0,0,15.0,0.0,4.0,4.0,0,0,0,0,0,0,0,0,Y,NONRESULTS,N,
04:09,BATAINDIA,371,758.5,6.06,6.06,,29.5,7.5,NORMAL,Y,0,0,15.0,0.0,4.0,4.0,0,0,0,0,0,0,0,0,N,,N,
04:09,JUBLFOOD,18096,513.3,5.9,5.9,,22.5,14.5,NORMAL,Y,0,0,15.0,0.0,4.0,4.0,0,0,0,0,0,0,0,0,N,,N,
04:09,PRAJIND,2705,339.0,4.52,4.52,,29.5,7.5,NORMAL,Y,0,0,15.0,0.0,4.0,4.0,0,0,0,0,0,0,0,0,N,,N,
04:09,PARAS,5911,1396.1,4.02,4.02,,29.5,7.5,NORMAL,Y,0,0,15.0,0.0,4.0,4.0,0,0,0,0,0,0,0,0,N,,N,
04:09,ELGIEQUIP,937,599.55,3.99,3.99,,29.5,7.5,NORMAL,Y,0,0,15.0,0.0,4.0,4.0,0,0,0,0,0,0,0,0,N,,Y,NONRESULTS
04:09,KRBL,10577,386.25,3.72,3.72,,22.5,14.5,NORMAL,Y,0,0,15.0,0.0,4.0,4.0,0,0,0,0,0,0,0,0,N,,N,
04:09,DEVYANI,5373,143.59,3.67,3.67,,29.5,7.5,NORMAL,Y,0,0,15.0,0.0,4.0,4.0,0,0,0,0,0,0,0,0,N,,N,
04:09,APCL,20453,104.51,3.47,3.47,,26.0,11.0,NORMAL,Y,0,0,15.0,0.0,4.0,4.0,0,0,0,0,0,0,0,0,N,,N,
04:09,MARKSANS,10579,312.95,3.15,3.15,,29.5,7.5,NORMAL,Y,0,0,15.0,0.0,4.0,4.0,0,0,0,0,0,0,0,0,N,,N,
04:09,HEG,1336,708.5,3.13,3.13,,29.5,7.5,NORMAL,Y,0,0,15.0,0.0,4.0,4.0,0,0,0,0,0,0,0,0,N,,N,
04:10,MUNJALAU,13511,123.08,3.11,3.11,,22.5,14.5,NORMAL,Y,0,0,15.0,0.0,4.0,4.0,0,0,0,0,0,0,0,0,N,,N,
04:10,SHREEPUSHK,10588,380.0,2.7,2.7,,28.01,7.5,NORMAL,N,0,0,13.513513513513514,0.0,4.0,4.0,0,0,0,0,0,0,0,0,N,,N,
04:10,LENSKART,759605,612.65,2.64,2.64,,27.69,7.5,NORMAL,Y,0,0,13.19316468420171,0.0,4.0,4.0,0,0,0,0,0,0,0,0,N,,N,
04:10,AEGISLOG,40,1279.0,2.57,2.57,,27.33,7.5,NORMAL,Y,0,0,12.830793905372895,0.0,4.0,4.0,0,0,0,0,0,0,0,0,N,,N,
04:10,BAJAJELEC,15034,364.9,2.33,2.33,,26.14,7.5,NORMAL,Y,0,0,11.637689287717267,0.0,4.0,4.0,0,0,0,0,0,0,0,0,N,,N,
04:10,HIKAL,9668,221.36,2.32,2.32,,22.58,11.0,NORMAL,N,0,0,11.578460827363115,0.0,4.0,4.0,0,0,0,0,0,0,0,0,N,,N,
04:10,GANESHHOU,14339,835.0,2.23,2.23,,25.64,7.5,NORMAL,Y,0,0,11.14103819784528,0.0,4.0,4.0,0,0,0,0,0,0,0,0,N,,N,
04:10,GUJGASLTD,10599,290.55,2.16,2.16,,18.31,19.41,NORMAL,Y,0,0,10.812236286919891,0.0,4.0,4.0,0,0,0,0,0,0,0,0,N,,N,
04:10,ENGINERSIN,4907,245.48,2.04,2.04,,17.68,14.5,NORMAL,Y,0,0,10.183722670213601,0.0,4.0,4.0,0,0,0,0,0,0,0,0,N,,N,
04:10,MSTCLTD,9356,592.35,2.01,2.01,,17.53,16.58,NORMAL,N,0,0,10.030997072498685,0.0,4.0,4.0,0,0,0,0,0,0,0,0,N,,N,
04:10,SUPREMEINF,15002,92.99,10.85,10.85,,29.5,7.5,NORMAL,Y,0,0,15.0,0.0,4.0,4.0,0,0,0,0,0,0,0,0,N,,N,
04:10,LGEINDIA,760213,1664.1,5.4,5.4,,49.89,7.5,NORMAL,Y,0,0,15.0,0.0,4.0,4.0,0,0,0,0,0,0,0,0,N,,N,
04:10,WABAG,20188,1954.4,3.65,3.65,,22.5,24.93,NORMAL,N,0,0,15.0,0.0,4.0,4.0,0,0,0,0,0,0,0,0,N,,N,
04:10,SANSERA,5751,3993.2,2.96,2.96,,50.31,7.5,NORMAL,Y,0,0,14.813191346724032,0.0,4.0,4.0,0,0,0,0,0,0,0,0,N,,N,
04:10,SANDHAR,2397,627.0,1.93,1.93,,24.13,7.5,NORMAL,N,0,0,9.631797122653031,0.0,4.0,4.0,0,0,0,0,0,0,0,0,N,,N,
04:10,HALDER,760715,291.16,1.91,1.91,,24.04,7.5,NORMAL,Y,0,0,9.537643064646048,0.0,4.0,4.0,0,0,0,0,0,0,0,0,N,,N,
04:10,PRICOLLTD,19631,778.95,1.82,1.82,,40.44,7.5,NORMAL,Y,0,0,9.11764705882356,0.0,4.0,4.0,0,0,0,0,0,0,0,0,N,,N,
04:10,CESC,628,167.81,1.81,1.81,,16.54,24.74,NORMAL,Y,0,0,9.039616574652639,0.0,4.0,4.0,0,0,0,0,0,0,0,0,N,,N,
04:10,WALCHANNAG,3736,229.63,1.8,1.8,,44.52,7.5,NORMAL,N,0,0,9.021989714488369,0.0,4.0,4.0,0,0,0,0,0,0,0,0,N,,N,
04:10,ETERNAL,5097,323.5,1.73,1.73,,42.81,7.5,NORMAL,Y,0,0,8.647798742138365,0.0,4.0,4.0,0,0,0,0,0,0,0,0,N,,N,
04:10,HISARMETAL,19322,152.45,1.67,1.67,,19.37,11.0,NORMAL,Y,0,0,8.37001467253565,0.0,4.0,4.0,0,0,0,0,0,0,0,0,N,,N,
04:10,NELCO,2388,1064.9,1.66,1.66,,22.77,11.09,NORMAL,Y,0,0,8.305489260143242,0.0,4.0,4.0,0,0,0,0,0,0,0,0,N,,N,
04:10,LUMAXTECH,14014,2039.0,2.59,2.59,,40.2,7.5,NORMAL,Y,0,0,12.955974842767295,0.0,4.0,4.0,0,0,0,0,0,0,0,0,N,,N,
04:10,VOLTAS,3718,1309.8,1.57,1.57,,29.75,7.5,NORMAL,Y,0,0,7.871267933307465,0.0,4.0,4.0,0,0,0,0,0,0,0,0,N,,N,
04:10,BECTORFOOD,1628,243.83,1.49,1.49,,36.07,7.5,NORMAL,Y,0,0,7.450572320499505,0.0,4.0,4.0,0,0,0,0,0,0,0,0,N,,N,
04:10,SHILPAMED,17752,818.8,1.46,1.46,,23.99,7.5,NORMAL,Y,0,0,7.27959853788489,0.0,4.0,4.0,0,0,0,0,0,0,0,0,N,,N,
04:10,WESTLIFE,11580,597.05,1.41,1.41,,36.23,7.5,NORMAL,Y,0,0,7.04883227176217,0.0,4.0,4.0,0,0,0,0,0,0,0,0,N,,N,
04:10,PRINCEPIPE,16045,285.5,1.38,1.38,,21.42,7.5,NORMAL,Y,0,0,6.924715909090868,0.0,4.0,4.0,0,0,0,0,0,0,0,0,N,,N,
04:10,WIPRO,3787,185.63,1.38,1.38,,30.43,7.5,NORMAL,Y,0,0,6.9087930092845475,0.0,4.0,4.0,0,0,0,0,0,0,0,0,N,,N,
04:10,SHARDAMOTR,10530,893.85,1.35,1.35,,21.25,7.5,NORMAL,Y,0,0,6.746414195816076,0.0,4.0,4.0,0,0,0,0,0,0,0,0,N,,N,
04:10,ASHOKLEY,212,178.53,1.31,1.31,,27.5,7.5,NORMAL,Y,0,0,6.5255631844748665,0.0,4.0,4.0,0,0,0,0,0,0,0,0,N,,N,
04:10,SAPPHIRE,6718,236.28,1.28,1.28,,13.91,19.85,NORMAL,Y,0,0,6.408332976124157,0.0,4.0,4.0,0,0,0,0,0,0,0,0,N,,N,
04:10,VARROC,3857,852.4,1.24,1.24,,41.69,7.5,NORMAL,Y,0,0,6.205831700219687,0.0,4.0,4.0,0,0,0,0,0,0,0,0,N,,N,
04:10,KIRLOSENG,20936,2104.9,2.18,2.18,,25.77,7.79,NORMAL,N,0,0,10.922860333025875,0.0,4.0,4.0,0,0,0,0,0,0,0,0,N,,N,
04:10,BERGEPAINT,404,552.7,1.16,1.16,,31.48,7.5,NORMAL,Y,0,0,5.811293127116339,0.0,4.0,4.0,0,0,0,0,0,0,0,0,N,,N,
04:10,THYROCARE,17032,612.9,1.14,1.14,,16.76,14.5,NORMAL,Y,0,0,5.693069306930674,0.0,4.0,4.0,0,0,0,0,0,0,0,0,N,,N,
04:10,MGL,17534,1138.4,1.12,1.12,,16.64,11.22,NORMAL,Y,0,0,5.596020607568013,0.0,4.0,4.0,0,0,0,0,0,0,0,0,N,,N,
04:10,RELAXO,24225,406.4,-3.11,-3.11,,7.5,40.98,NORMAL,N,0,0,0.0,15.0,4.0,4.0,0,0,0,0,0,0,0,0,N,,N,
04:10,TIMETECHNO,14707,195.56,-4.16,-4.16,,7.5,43.27,NORMAL,N,0,0,0.0,15.0,4.0,4.0,0,0,0,0,0,0,0,0,N,,N,
04:10,HINDPETRO,1406,374.1,-4.78,-4.78,,14.0,26.0,NORMAL,N,0,0,0.0,15.0,4.0,4.0,0,0,0,0,0,0,0,0,N,,N,
04:10,TMPV,3456,332.75,-4.82,-4.82,,7.5,33.31,NORMAL,N,0,0,0.0,15.0,4.0,4.0,0,0,0,0,0,0,0,0,N,,N,
04:10,NARMADA,6364,380.85,-4.91,-4.91,,20.33,22.5,NORMAL,Y,0,0,0.0,15.0,4.0,4.0,0,0,0,0,0,0,0,0,N,,N,
04:10,GOCLCORP,3963,408.8,-5.13,-5.13,,7.5,29.5,NORMAL,N,0,0,0.0,15.0,4.0,4.0,0,0,0,0,0,0,0,0,N,,N,
04:10,MIDHANI,2463,420.1,-5.56,-5.56,,7.5,48.02,NORMAL,Y,0,0,0.0,15.0,4.0,4.0,0,0,0,0,0,0,0,0,N,,N,
04:10,GPIL,13409,236.21,-2.92,-2.92,,7.5,31.34,NORMAL,N,0,0,0.0,14.590440179195253,4.0,4.0,0,0,0,0,0,0,0,0,N,,N,
04:10,HINDZINC,1424,562.0,-2.83,-2.83,,8.63,29.2,NORMAL,N,0,0,0.0,14.135039336042206,4.0,4.0,0,0,0,0,0,0,0,0,N,,N,
04:10,ABDL,24308,615.1,-2.01,-2.01,,7.5,38.75,NORMAL,N,0,0,0.0,10.036641707822225,4.0,4.0,0,0,0,0,0,0,0,0,N,,N,
04:10,PTC,11355,161.67,-1.9,-1.9,,7.5,26.41,NORMAL,N,0,0,0.0,9.496359223301042,4.0,4.0,0,0,0,0,0,0,0,0,N,,N,
04:10,XCHANGING,11705,63.87,-2.84,-2.84,,7.5,34.63,NORMAL,N,0,0,0.0,14.22269546699116,4.0,4.0,0,0,0,0,0,0,0,0,N,,N,
04:10,HINDALCO,1363,1027.05,-1.84,-1.84,,11.07,20.74,NORMAL,Y,0,0,0.0,9.175627240143392,4.0,4.0,0,0,0,0,0,0,0,0,N,,N,
04:10,RAMCOSYS,7851,585.7,-1.69,-1.69,,7.5,22.93,NORMAL,N,0,0,0.0,8.434746118338191,4.0,4.0,0,0,0,0,0,0,0,0,N,,N,
04:10,KNRCON,15283,132.43,-1.6,-1.6,,18.53,15.49,NORMAL,Y,0,0,0.0,7.98781393966416,4.0,4.0,0,0,0,0,0,0,0,0,N,,N,
04:10,SAREGAMA,4892,523.2,-1.59,-1.59,,7.5,29.69,NORMAL,Y,0,0,0.0,7.946957584877205,4.0,4.0,0,0,0,0,0,0,0,0,N,,N,
04:10,MAXHEALTH,22377,997.2,-1.59,-1.59,,15.1,18.94,NORMAL,N,0,0,0.0,7.944340274351085,4.0,4.0,0,0,0,0,0,0,0,0,N,,N,
04:10,NCC,2319,142.65,-1.43,-1.43,,11.0,21.61,NORMAL,N,0,0,0.0,7.151741293532314,4.0,4.0,0,0,0,0,0,0,0,0,N,,N,
04:10,GREAVESCOT,1235,195.62,-1.42,-1.42,,7.5,27.44,NORMAL,N,0,0,0.0,7.105422293892342,4.0,4.0,0,0,0,0,0,0,0,0,N,,N,
04:10,JKPAPER,11860,388.0,-1.41,-1.41,,7.5,29.71,NORMAL,Y,0,0,0.0,7.051200609833581,4.0,4.0,0,0,0,0,0,0,0,0,N,,N,
04:10,METROPOLIS,9581,550.75,-1.39,-1.39,,7.5,36.24,NORMAL,N,0,0,0.0,6.9382273948075195,4.0,4.0,0,0,0,0,0,0,0,0,N,,N,
04:10,JTEKTINDIA,3237,131.48,-1.38,-1.38,,14.5,14.4,NORMAL,N,0,0,0.0,6.900690069006914,4.0,4.0,0,0,0,0,0,0,0,0,N,,N,
04:10,TATASTEEL,3499,182.44,-1.3,-1.3,,7.5,25.97,NORMAL,N,0,0,0.0,6.51879902623748,4.0,4.0,0,0,0,0,0,0,0,0,N,,N,
04:10,LTF,24948,311.3,-1.28,-1.28,,7.5,24.97,NORMAL,N,0,0,0.0,6.421436499127971,4.0,4.0,0,0,0,0,0,0,0,0,N,,N,
04:10,RECLTD,15355,342.05,-1.28,-1.28,,7.5,25.15,NORMAL,N,0,0,0.0,6.421356421356405,4.0,4.0,0,0,0,0,0,0,0,0,N,,N,
04:10,ERIS,21154,1362.6,-1.28,-1.28,,7.5,23.43,NORMAL,N,0,0,0.0,6.411649641382326,4.0,4.0,0,0,0,0,0,0,0,0,N,,N,
04:10,LICI,9480,406.95,-1.26,-1.26,,7.5,33.99,NORMAL,N,0,0,0.0,6.308382870314193,4.0,4.0,0,0,0,0,0,0,0,0,N,,N,
04:10,AUBANK,21238,1084.2,-1.26,-1.26,,7.5,23.6,NORMAL,Y,0,0,0.0,6.28415300546446,4.0,4.0,0,0,0,0,0,0,0,0,N,,N,
04:10,ZENSARTECH,1076,492.4,-1.25,-1.25,,7.5,24.5,NORMAL,N,0,0,0.0,6.2669206858518,4.0,4.0,0,0,0,0,0,0,0,0,N,,N,
04:10,MOIL,20830,276.1,-1.25,-1.25,,11.0,17.94,NORMAL,N,0,0,0.0,6.258941344778254,4.0,4.0,0,0,0,0,0,0,0,0,N,,N,
04:10,RAINBOW,9408,1435.0,-1.24,-1.24,,12.7,17.19,NORMAL,N,0,0,0.0,6.194081211286992,4.0,4.0,0,0,0,0,0,0,0,0,N,,N,
04:10,SARDAEN,17758,517.0,-1.2,-1.2,,11.0,21.28,NORMAL,Y,0,0,0.0,6.01949168736858,4.0,4.0,0,0,0,0,0,0,0,0,N,,N,
04:10,LTTS,18564,3526.0,-2.18,-2.18,,7.5,26.78,NORMAL,Y,0,0,0.0,10.91630371459481,4.0,4.0,0,0,0,0,0,0,0,0,N,,N,
04:10,SBICARD,17971,633.5,-1.17,-1.17,,15.92,16.85,NORMAL,N,0,0,0.0,5.850234009360374,4.0,4.0,0,0,0,0,0,0,0,0,N,,N,
04:10,HEXT,29666,567.9,-1.16,-1.16,,11.0,16.79,NORMAL,Y,0,0,0.0,5.787137759986058,4.0,4.0,0,0,0,0,0,0,0,0,N,,N,
04:10,IRCTC,13611,498.65,-1.15,-1.15,,7.5,33.49,NORMAL,N,0,0,0.0,5.748835365249294,4.0,4.0,0,0,0,0,0,0,0,0,N,,N,
04:10,JIOFIN,18143,252.7,-1.13,-1.13,,11.0,18.23,NORMAL,Y,0,0,0.0,5.672926447574347,4.0,4.0,0,0,0,0,0,0,0,0,N,,N,
04:10,HUDCO,20825,191.71,-1.13,-1.13,,10.61,20.57,NORMAL,N,0,0,0.0,5.672734773864134,4.0,4.0,0,0,0,0,0,0,0,0,N,,N,
04:10,GROWW,759806,195.81,-1.1,-1.1,,7.5,28.16,NORMAL,N,0,0,0.0,5.505328551947085,4.0,4.0,0,0,0,0,0,0,0,0,N,,N,
04:10,PREMIERENE,25049,1024.4,-1.1,-1.1,,12.85,16.5,NORMAL,N,0,0,0.0,5.502992855763595,4.0,4.0,0,0,0,0,0,0,0,0,N,,N,
04:10,VEDL,3063,268.15,-1.09,-1.09,,13.22,16.44,NORMAL,N,0,0,0.0,5.440796753965411,4.0,4.0,0,0,0,0,0,0,0,0,N,,N,
04:10,CROMPTON,17094,245.45,-1.09,-1.09,,8.33,20.56,NORMAL,N,0,0,0.0,5.440257908523105,4.0,4.0,0,0,0,0,0,0,0,0,N,,N,
04:10,PATANJALI,17029,350.05,-1.07,-1.07,,7.5,23.8,NORMAL,N,0,0,0.0,5.369506853186394,4.0,4.0,0,0,0,0,0,0,0,0,N,,N,
04:10,GAIL,4717,174.02,-1.07,-1.07,,12.04,16.36,NORMAL,N,0,0,0.0,5.343945423536086,4.0,4.0,0,0,0,0,0,0,0,0,N,,N,
04:10,APTUS,5435,251.1,-1.06,-1.06,,7.5,22.27,NORMAL,N,0,0,0.0,5.319148936170246,4.0,4.0,0,0,0,0,0,0,0,0,N,,N,
04:10,IOC,1624,140.02,-1.05,-1.05,,11.19,16.61,NORMAL,N,0,0,0.0,5.229681978798551,4.0,4.0,0,0,0,0,0,0,0,0,N,,N,
04:10,RUPA,25724,152.31,-1.01,-1.01,,11.0,17.82,NORMAL,N,0,0,0.0,5.069214271787881,4.0,4.0,0,0,0,0,0,0,0,0,N,,N,
04:10,GULFOILLUB,4391,1165.1,-0.99,-0.99,,7.5,27.45,NORMAL,Y,0,0,0.0,4.929038837426758,4.0,4.0,0,0,0,0,0,0,0,0,N,,N,
04:10,GMRAIRPORT,13528,102.0,-0.97,-0.97,,7.5,24.17,NORMAL,N,0,0,0.0,4.854368932038835,4.0,4.0,0,0,0,0,0,0,0,0,N,,N,
04:10,YATRA,18760,114.99,-0.96,-0.96,,7.5,39.99,NORMAL,Y,0,0,0.0,4.823012660408253,4.0,4.0,0,0,0,0,0,0,0,0,N,,N,
04:10,TRIVENI,13081,264.59,9.23,9.23,,36.08,7.5,NORMAL,Y,0,0,15.0,0.0,4.0,4.0,0,0,0,0,0,0,0,0,N,,N,
04:10,RGL,15129,118.79,7.85,7.85,,30.03,9.28,NORMAL,Y,0,0,15.0,0.0,4.0,4.0,0,0,0,0,0,0,0,0,N,,N,
04:10,BATAINDIA,371,758.5,6.06,6.06,,42.58,7.5,NORMAL,Y,0,0,15.0,0.0,4.0,4.0,0,0,0,0,0,0,0,0,N,,N,
04:10,PARAS,5911,1396.1,4.02,4.02,,46.51,7.5,NORMAL,Y,0,0,15.0,0.0,4.0,4.0,0,0,0,0,0,0,0,0,N,,N,
04:10,AEGISLOG,40,1279.0,2.57,2.57,,42.07,7.5,NORMAL,Y,0,0,12.830793905372895,0.0,4.0,4.0,0,0,0,0,0,0,0,0,N,,N,
04:19,UCAL,3570,133.15,14.76,14.76,,22.5,24.76,NORMAL,Y,0,0,15.0,0.0,4.0,4.0,0,0,0,0,0,0,0,0,N,,N,
04:19,RGL,15129,118.7,7.77,7.77,,48.19,7.5,NORMAL,Y,0,0,15.0,0.0,4.0,4.0,0,0,0,0,0,0,0,0,N,,N,
04:19,TRIVENI,13081,260.97,7.73,7.73,,22.5,16.34,NORMAL,N,0,0,15.0,0.0,4.0,4.0,0,0,0,0,0,0,0,0,N,,N,
04:19,BATAINDIA,371,762.95,6.68,6.68,,30.04,8.27,NORMAL,Y,0,0,15.0,0.0,4.0,4.0,0,0,0,0,0,0,0,0,N,,N,
04:19,WELSPUNLIV,11253,175.88,6.45,6.45,,49.76,7.5,NORMAL,Y,0,0,15.0,0.0,4.0,4.0,0,0,0,0,0,0,0,0,Y,NONRESULTS,N,
04:19,ELGIEQUIP,937,605.5,5.2,5.2,,49.32,7.5,NORMAL,Y,0,0,15.0,0.0,4.0,4.0,0,0,0,0,0,0,0,0,N,,Y,NONRESULTS
04:19,PRAJIND,2705,340.5,4.98,4.98,,50.5,7.5,NORMAL,Y,0,0,15.0,0.0,4.0,4.0,0,0,0,0,0,0,0,0,N,,N,
04:19,KRBL,10577,391.05,4.78,4.78,,44.97,7.5,NORMAL,Y,0,0,15.0,0.0,4.0,4.0,0,0,0,0,0,0,0,0,N,,N,
04:19,DEVYANI,5373,143.6,3.67,3.67,,47.5,7.53,NORMAL,Y,0,0,15.0,0.0,4.0,4.0,0,0,0,0,0,0,0,0,N,,N,
04:19,APCL,20453,104.51,3.47,3.47,,26.0,11.0,NORMAL,Y,0,0,15.0,0.0,4.0,4.0,0,0,0,0,0,0,0,0,N,,N,
04:19,JUBLFOOD,18096,508.0,3.35,3.35,,22.5,35.5,NORMAL,Y,0,0,15.0,0.0,4.0,4.0,0,0,0,0,0,0,0,0,N,,N,
04:19,PARAS,5911,1384.0,3.11,3.11,,26.0,14.48,NORMAL,Y,0,0,15.0,0.0,4.0,4.0,0,0,0,0,0,0,0,0,N,,N,
04:19,SHREEPUSHK,10588,380.7,2.89,2.89,,48.3,7.5,NORMAL,N,0,0,14.459459459459444,0.0,4.0,4.0,0,0,0,0,0,0,0,0,N,,N,
04:19,MARKSANS,10579,311.9,2.8,2.8,,34.14,7.5,NORMAL,Y,0,0,14.007910349373764,0.0,4.0,4.0,0,0,0,0,0,0,0,0,N,,N,
04:19,HISARMETAL,19322,153.86,2.61,2.61,,42.82,7.5,NORMAL,Y,0,0,13.071895424836656,0.0,4.0,4.0,0,0,0,0,0,0,0,0,N,,N,
04:19,HEG,1336,704.0,2.47,2.47,,24.03,29.0,NORMAL,Y,0,0,12.372634643377001,0.0,4.0,4.0,0,0,0,0,0,0,0,0,N,,N,
04:19,LENSKART,759605,610.3,2.24,2.24,,22.22,13.13,NORMAL,Y,0,0,11.224660747193816,0.0,4.0,4.0,0,0,0,0,0,0,0,0,N,,N,
04:19,GUJGASLTD,10599,290.65,2.2,2.2,,18.49,23.75,NORMAL,Y,0,0,10.98804500703235,0.0,4.0,4.0,0,0,0,0,0,0,0,0,N,,N,
04:19,EIDPARRY,916,796.25,2.04,2.04,,43.76,7.5,NORMAL,Y,0,0,10.220428040497273,0.0,4.0,4.0,0,0,0,0,0,0,0,0,N,,N,
04:19,SANDHAR,2397,627.6,2.02,2.02,,27.46,7.5,NORMAL,Y,0,0,10.11948305291396,0.0,4.0,4.0,0,0,0,0,0,0,0,0,N,,N,
04:19,LGEINDIA,760213,1673.8,6.02,6.02,,44.76,7.5,NORMAL,Y,0,0,15.0,0.0,4.0,4.0,0,0,0,0,0,0,0,0,N,,N,
04:19,ETERNAL,5097,324.25,1.97,1.97,,44.19,7.5,NORMAL,Y,0,0,9.827044025157232,0.0,4.0,4.0,0,0,0,0,0,0,0,0,N,,N,
04:19,WABAG,20188,1940.6,2.92,2.92,,22.08,34.28,NORMAL,N,0,0,14.584217225286382,0.0,4.0,4.0,0,0,0,0,0,0,0,0,N,,N,
04:19,AEGISLOG,40,1270.5,1.88,1.88,,17.43,16.46,NORMAL,N,0,0,9.422614274258219,0.0,4.0,4.0,0,0,0,0,0,0,0,0,N,,N,
04:19,LLOYDSENGG,17801,93.77,2.87,2.87,,48.83,7.5,NORMAL,Y,0,0,14.371914426769008,0.0,4.0,4.0,0,0,0,0,0,0,0,0,N,,N,
04:19,GENUSPOWER,11905,312.25,1.86,1.86,,41.29,7.5,NORMAL,Y,0,0,9.297015168814205,0.0,4.0,4.0,0,0,0,0,0,0,0,0,Y,NONRESULTS,N,
04:19,SANSERA,5751,3985.0,2.75,2.75,,48.45,7.5,NORMAL,Y,0,0,13.75602712528683,0.0,4.0,4.0,0,0,0,0,0,0,0,0,N,,N,
04:19,BAJAJELEC,15034,362.7,1.71,1.71,,19.55,13.98,NORMAL,Y,0,0,8.553000560852446,0.0,4.0,4.0,0,0,0,0,0,0,0,0,N,,N,
04:19,HIKAL,9668,220.0,1.69,1.69,,15.94,20.81,NORMAL,N,0,0,8.435405592789476,0.0,4.0,4.0,0,0,0,0,0,0,0,0,N,,N,
04:19,ENGINERSIN,4907,244.47,1.62,1.62,,15.58,34.65,NORMAL,Y,0,0,8.084628813700196,0.0,4.0,4.0,0,0,0,0,0,0,0,0,N,,N,
04:19,NELCO,2388,1064.2,1.59,1.59,,18.97,15.6,NORMAL,Y,0,0,7.9713603818615955,0.0,4.0,4.0,0,0,0,0,0,0,0,0,N,,N,
04:19,CESC,628,167.35,1.53,1.53,,15.14,33.1,NORMAL,Y,0,0,7.644239519504889,0.0,4.0,4.0,0,0,0,0,0,0,0,0,N,,N,
04:19,VOLTAS,3718,1309.0,1.51,1.51,,25.73,7.5,NORMAL,Y,0,0,7.5610701822411785,0.0,4.0,4.0,0,0,0,0,0,0,0,0,N,,N,
04:19,SHARDAMOTR,10530,894.0,1.37,1.37,,38.26,7.5,NORMAL,Y,0,0,6.831453030217107,0.0,4.0,4.0,0,0,0,0,0,0,0,0,N,,N,
04:19,SHILPAMED,17752,817.85,1.34,1.34,,28.45,11.0,NORMAL,Y,0,0,6.691035251843174,0.0,4.0,4.0,0,0,0,0,0,0,0,0,N,,N,
04:19,WALCHANNAG,3736,228.5,1.3,1.3,,35.86,7.5,NORMAL,N,0,0,6.517112963291359,0.0,4.0,4.0,0,0,0,0,0,0,0,0,N,,N,
04:19,SUPREMEINF,15002,91.2,2.3,2.3,,19.0,34.99,NORMAL,Y,0,0,11.497476163768914,0.0,4.0,4.0,0,0,0,0,0,0,0,0,N,,N,
04:19,BERGEPAINT,404,553.35,1.28,1.28,,34.73,7.5,NORMAL,Y,0,0,6.406149903907751,0.0,4.0,4.0,0,0,0,0,0,0,0,0,N,,N,
04:19,THYROCARE,17032,613.75,1.28,1.28,,29.2,11.0,NORMAL,Y,0,0,6.394389438943895,0.0,4.0,4.0,0,0,0,0,0,0,0,0,N,,N,
04:19,BECTORFOOD,1628,243.22,1.24,1.24,,39.53,7.5,NORMAL,Y,0,0,6.181061394380851,0.0,4.0,4.0,0,0,0,0,0,0,0,0,N,,N,
04:19,ROLEXRINGS,5279,180.44,1.22,1.22,,24.16,7.5,NORMAL,Y,0,0,6.114663973970624,0.0,4.0,4.0,0,0,0,0,0,0,0,0,N,,N,
04:19,RATNAMANI,13451,2349.0,2.22,2.22,,32.85,7.5,NORMAL,N,0,0,11.096605744125325,0.0,4.0,4.0,0,0,0,0,0,0,0,0,N,,N,
04:19,AVANTIFEED,7936,867.2,1.2,1.2,,21.34,19.12,NORMAL,N,0,0,5.980512281930101,0.0,4.0,4.0,0,0,0,0,0,0,0,0,N,,N,
04:19,PRICOLLTD,19631,774.05,1.18,1.18,,21.62,9.66,NORMAL,Y,0,0,5.915032679738532,0.0,4.0,4.0,0,0,0,0,0,0,0,0,N,,N,
04:19,ASHOKLEY,212,178.22,1.13,1.13,,17.56,11.01,NORMAL,Y,0,0,5.646030755263035,0.0,4.0,4.0,0,0,0,0,0,0,0,0,N,,N,
04:19,KIRLOSENG,20936,2103.4,2.11,2.11,,27.88,7.75,NORMAL,N,0,0,10.558764988591678,0.0,4.0,4.0,0,0,0,0,0,0,0,0,N,,N,
04:19,MSTCLTD,9356,586.95,1.08,1.08,,12.88,33.21,NORMAL,N,0,0,5.381436197692439,0.0,4.0,4.0,0,0,0,0,0,0,0,0,N,,N,
04:19,SHIVALIK,7026,263.0,1.06,1.06,,19.95,13.47,NORMAL,Y,0,0,5.302797417768197,0.0,4.0,4.0,0,0,0,0,0,0,0,0,N,,N,
04:19,JINDALSAW,3024,267.15,1.04,1.04,,31.88,7.5,NORMAL,Y,0,0,5.200453857791226,0.0,4.0,4.0,0,0,0,0,0,0,0,0,N,,N,
04:19,WESTLIFE,11580,594.85,1.04,1.04,,29.34,7.5,NORMAL,Y,0,0,5.180467091295135,0.0,4.0,4.0,0,0,0,0,0,0,0,0,N,,N,
04:19,KNRCON,15283,130.51,-3.02,-3.02,,11.85,29.5,NORMAL,N,0,0,0.0,15.0,4.0,4.0,0,0,0,0,0,0,0,0,N,,N,
04:19,ABDL,24308,608.25,-3.1,-3.1,,7.5,49.02,NORMAL,N,0,0,0.0,15.0,4.0,4.0,0,0,0,0,0,0,0,0,N,,N,
04:19,GPIL,13409,235.25,-3.31,-3.31,,7.5,38.14,NORMAL,N,0,0,0.0,15.0,4.0,4.0,0,0,0,0,0,0,0,0,N,,N,
04:19,RELAXO,24225,405.05,-3.43,-3.43,,7.5,46.9,NORMAL,N,0,0,0.0,15.0,4.0,4.0,0,0,0,0,0,0,0,0,N,,N,
04:19,NARMADA,6364,383.05,-4.36,-4.36,,33.23,22.5,NORMAL,Y,0,0,0.0,15.0,4.0,4.0,0,0,0,0,0,0,0,0,N,,N,
04:19,TIMETECHNO,14707,195.1,-4.38,-4.38,,7.5,44.91,NORMAL,N,0,0,0.0,15.0,4.0,4.0,0,0,0,0,0,0,0,0,N,,N,
04:19,HINDPETRO,1406,374.05,-4.8,-4.8,,14.06,26.0,NORMAL,N,0,0,0.0,15.0,4.0,4.0,0,0,0,0,0,0,0,0,N,,N,
04:19,TMPV,3456,332.05,-5.02,-5.02,,7.5,40.3,NORMAL,N,0,0,0.0,15.0,4.0,4.0,0,0,0,0,0,0,0,0,N,,N,
04:19,GOCLCORP,3963,406.25,-5.72,-5.72,,7.5,48.27,NORMAL,N,0,0,0.0,15.0,4.0,4.0,0,0,0,0,0,0,0,0,N,,N,
04:19,MIDHANI,2463,418.85,-5.84,-5.84,,7.5,45.82,NORMAL,Y,0,0,0.0,15.0,4.0,4.0,0,0,0,0,0,0,0,0,N,,N,
04:19,HINDZINC,1424,564.6,-2.38,-2.38,,21.9,19.39,NORMAL,Y,0,0,0.0,11.887265496671565,4.0,4.0,0,0,0,0,0,0,0,0,N,,N,
04:19,YATRA,18760,113.7,-2.08,-2.08,,7.5,45.67,NORMAL,Y,0,0,0.0,10.378089742485558,4.0,4.0,0,0,0,0,0,0,0,0,N,,N,
04:19,XCHANGING,11705,63.71,-3.09,-3.09,,7.5,41.15,NORMAL,N,0,0,0.0,15.0,4.0,4.0,0,0,0,0,0,0,0,0,N,,N,
04:20,JKPAPER,11860,386.05,-1.91,-1.91,,7.5,43.33,NORMAL,N,0,0,0.0,9.528649472748064,4.0,4.0,0,0,0,0,0,0,0,0,N,,N,
04:20,PTC,11355,161.73,-1.86,-1.86,,7.5,28.2,NORMAL,N,0,0,0.0,9.314320388349579,4.0,4.0,0,0,0,0,0,0,0,0,N,,N,
04:20,RECLTD,15355,340.15,-1.83,-1.83,,7.5,37.68,NORMAL,N,0,0,0.0,9.163059163059197,4.0,4.0,0,0,0,0,0,0,0,0,N,,N,
04:20,LTTS,18564,3503.0,-2.82,-2.82,,7.5,34.7,NORMAL,N,0,0,0.0,14.106583072100287,4.0,4.0,0,0,0,0,0,0,0,0,N,,N,
04:20,HINDALCO,1363,1027.5,-1.79,-1.79,,11.0,20.27,NORMAL,Y,0,0,0.0,8.960573476702509,4.0,4.0,0,0,0,0,0,0,0,0,N,,N,
04:20,NCC,2319,142.15,-1.78,-1.78,,7.5,27.82,NORMAL,N,0,0,0.0,8.87921503593143,4.0,4.0,0,0,0,0,0,0,0,0,N,,N,
04:20,RAJRATAN,18962,520.55,-1.76,-1.76,,7.5,33.83,NORMAL,Y,0,0,0.0,8.776068698688372,4.0,4.0,0,0,0,0,0,0,0,0,N,,N,
04:20,APLLTD,25328,817.0,-1.71,-1.71,,7.5,37.27,NORMAL,N,0,0,0.0,8.541867179980779,4.0,4.0,0,0,0,0,0,0,0,0,N,,N,
04:20,MAXHEALTH,22377,996.0,-1.71,-1.71,,11.0,23.73,NORMAL,N,0,0,0.0,8.536465015296534,4.0,4.0,0,0,0,0,0,0,0,0,N,,N,
04:20,GULFOILLUB,4391,1157.0,-1.67,-1.67,,7.5,36.31,NORMAL,Y,0,0,0.0,8.370867680802261,4.0,4.0,0,0,0,0,0,0,0,0,N,,N,
04:20,LTF,24948,310.3,-1.6,-1.6,,7.5,29.23,NORMAL,N,0,0,0.0,8.00697637545586,4.0,4.0,0,0,0,0,0,0,0,0,N,,N,
04:20,SAREGAMA,4892,523.15,-1.6,-1.6,,8.67,22.92,NORMAL,Y,0,0,0.0,7.993981002539265,4.0,4.0,0,0,0,0,0,0,0,0,N,,N,
04:20,JTEKTINDIA,3237,131.23,-1.57,-1.57,,11.0,21.39,NORMAL,N,0,0,0.0,7.838283828382851,4.0,4.0,0,0,0,0,0,0,0,0,N,,N,
04:20,ZENSARTECH,1076,491.0,-1.53,-1.53,,7.5,25.63,NORMAL,N,0,0,0.0,7.67071091948258,4.0,4.0,0,0,0,0,0,0,0,0,N,,N,
04:20,RAMCOSYS,7851,586.65,-1.53,-1.53,,15.92,18.64,NORMAL,N,0,0,0.0,7.6374318086445845,4.0,4.0,0,0,0,0,0,0,0,0,N,,N,
04:20,RAINBOW,9408,1431.1,-1.51,-1.51,,7.5,26.27,NORMAL,N,0,0,0.0,7.536132140399205,4.0,4.0,0,0,0,0,0,0,0,0,N,,N,
04:20,IRCTC,13611,497.0,-1.48,-1.48,,7.5,31.74,NORMAL,N,0,0,0.0,7.384279908811565,4.0,4.0,0,0,0,0,0,0,0,0,N,,N,
04:20,TATASTEEL,3499,182.2,-1.43,-1.43,,7.5,29.63,NORMAL,N,0,0,0.0,7.167974032999746,4.0,4.0,0,0,0,0,0,0,0,0,N,,N,
04:20,PATANJALI,17029,348.85,-1.41,-1.41,,7.5,29.62,NORMAL,N,0,0,0.0,7.065140596297866,4.0,4.0,0,0,0,0,0,0,0,0,N,,N,
04:20,GREAVESCOT,1235,195.71,-1.38,-1.38,,7.5,25.91,NORMAL,N,0,0,0.0,6.878653497278749,4.0,4.0,0,0,0,0,0,0,0,0,N,,N,
04:20,HEXT,29666,566.8,-1.35,-1.35,,7.5,23.43,NORMAL,N,0,0,0.0,6.744408667652945,4.0,4.0,0,0,0,0,0,0,0,0,N,,N,
04:20,RUPA,25724,151.83,-1.33,-1.33,,7.5,28.84,NORMAL,N,0,0,0.0,6.628972509261038,4.0,4.0,0,0,0,0,0,0,0,0,N,,N,
04:20,SUNTECK,17641,295.4,-1.32,-1.32,,7.5,31.07,NORMAL,N,0,0,0.0,6.597628194421321,4.0,4.0,0,0,0,0,0,0,0,0,N,,N,
04:20,SONATSOFTW,6596,322.1,-1.32,-1.32,,7.5,31.38,NORMAL,Y,0,0,0.0,6.587009803921499,4.0,4.0,0,0,0,0,0,0,0,0,N,,N,
04:20,INOXGREEN,12188,184.52,-1.31,-1.31,,7.5,33.27,NORMAL,Y,0,0,0.0,6.5254599914420135,4.0,4.0,0,0,0,0,0,0,0,0,N,,N,
04:20,MOIL,20830,276.0,-1.29,-1.29,,12.03,17.44,NORMAL,N,0,0,0.0,6.437768240343388,4.0,4.0,0,0,0,0,0,0,0,0,N,,N,
04:20,GAIL,4717,173.65,-1.28,-1.28,,7.5,22.55,NORMAL,N,0,0,0.0,6.395679363274588,4.0,4.0,0,0,0,0,0,0,0,0,N,,N,
04:20,IPCALAB,1633,1755.6,-2.27,-2.27,,7.5,37.95,NORMAL,N,0,0,0.0,11.328842620943064,4.0,4.0,0,0,0,0,0,0,0,0,N,,N,
04:20,ERIS,21154,1362.9,-1.26,-1.26,,7.53,21.85,NORMAL,N,0,0,0.0,6.302977613562219,4.0,4.0,0,0,0,0,0,0,0,0,N,,N,
04:20,JIOFIN,18143,252.4,-1.25,-1.25,,7.51,21.65,NORMAL,Y,0,0,0.0,6.259780907668209,4.0,4.0,0,0,0,0,0,0,0,0,N,,N,
04:20,FSL,14304,268.8,-1.25,-1.25,,7.5,24.84,NORMAL,N,0,0,0.0,6.245407788390847,4.0,4.0,0,0,0,0,0,0,0,0,N,,N,
04:20,METROPOLIS,9581,551.6,-1.24,-1.24,,7.5,28.69,NORMAL,N,0,0,0.0,6.177260519247966,4.0,4.0,0,0,0,0,0,0,0,0,N,,N,
04:20,JMFINANCIL,13637,127.8,-1.21,-1.21,,7.5,26.94,NORMAL,Y,0,0,0.0,6.0678673571925765,4.0,4.0,0,0,0,0,0,0,0,0,N,,N,
04:20,AUBANK,21238,1084.9,-1.19,-1.19,,7.59,21.16,NORMAL,Y,0,0,0.0,5.965391621129284,4.0,4.0,0,0,0,0,0,0,0,0,N,,N,
04:20,PREMIERENE,25049,1023.9,-1.15,-1.15,,11.0,20.3,NORMAL,N,0,0,0.0,5.744352191542759,4.0,4.0,0,0,0,0,0,0,0,0,N,,N,
04:20,IOC,1624,139.89,-1.14,-1.14,,11.0,19.18,NORMAL,N,0,0,0.0,5.689045936395807,4.0,4.0,0,0,0,0,0,0,0,0,N,,N,
04:20,CROMPTON,17094,245.35,-1.13,-1.13,,7.61,22.23,NORMAL,N,0,0,0.0,5.641748942172096,4.0,4.0,0,0,0,0,0,0,0,0,N,,N,
04:20,PRAJIND,2705,340.5,4.98,4.98,,50.5,7.5,NORMAL,Y,0,0,15.0,0.0,4.0,4.0,0,0,0,0,0,0,0,0,N,,N,
04:20,PARAS,5911,1384.0,3.11,3.11,,26.0,22.06,NORMAL,Y,0,0,15.0,0.0,4.0,4.0,0,0,0,0,0,0,0,0,N,,N,
04:20,SANDHAR,2397,627.6,2.02,2.02,,40.46,11.0,NORMAL,Y,0,0,10.11948305291396,0.0,4.0,4.0,0,0,0,0,0,0,0,0,N,,N,
04:34,TRIVENI,13081,262.69,8.44,8.44,,44.56,11.0,NORMAL,N,0,0,15.0,0.0,4.0,4.0,0,0,0,0,0,0,0,0,N,,N,
04:34,RGL,15129,118.09,7.22,7.22,,30.18,8.53,NORMAL,Y,0,0,15.0,0.0,4.0,4.0,0,0,0,0,0,0,0,0,N,,N,
04:34,KRBL,10577,398.15,6.69,6.69,,50.5,7.5,NORMAL,Y,0,0,15.0,0.0,4.0,4.0,0,0,0,0,0,0,0,0,N,,N,
04:34,WELSPUNLIV,11253,175.4,6.16,6.16,,29.5,25.71,NORMAL,Y,0,0,15.0,0.0,4.0,4.0,0,0,0,0,0,0,0,0,Y,NONRESULTS,N,
04:34,BATAINDIA,371,758.5,6.06,6.06,,29.5,19.67,NORMAL,Y,0,0,15.0,0.0,4.0,4.0,0,0,0,0,0,0,0,0,N,,N,
04:34,ELGIEQUIP,937,609.0,5.81,5.81,,49.61,7.5,NORMAL,Y,0,0,15.0,0.0,4.0,4.0,0,0,0,0,0,0,0,0,N,,Y,NONRESULTS
04:34,PRAJIND,2705,341.05,5.15,5.15,,43.36,7.5,NORMAL,Y,0,0,15.0,0.0,4.0,4.0,0,0,0,0,0,0,0,0,N,,N,
04:34,SHREEPUSHK,10588,383.5,3.65,3.65,,39.85,7.5,NORMAL,N,0,0,15.0,0.0,4.0,4.0,0,0,0,0,0,0,0,0,N,,N,
04:34,DEVYANI,5373,143.52,3.62,3.62,,26.65,21.56,NORMAL,Y,0,0,15.0,0.0,4.0,4.0,0,0,0,0,0,0,0,0,N,,N,
04:34,JUBLFOOD,18096,508.8,3.51,3.51,,22.75,22.76,NORMAL,Y,0,0,15.0,0.0,4.0,4.0,0,0,0,0,0,0,0,0,N,,N,
04:34,MARKSANS,10579,313.85,3.44,3.44,,37.97,7.5,NORMAL,Y,0,0,15.0,0.0,4.0,4.0,0,0,0,0,0,0,0,0,N,,N,
04:34,SANDHAR,2397,634.3,3.11,3.11,,41.56,7.5,NORMAL,Y,0,0,15.0,0.0,4.0,4.0,0,0,0,0,0,0,0,0,N,,N,
04:34,APCL,20453,103.97,2.93,2.93,,22.15,31.1,NORMAL,Y,0,0,14.65201465201462,0.0,4.0,4.0,0,0,0,0,0,0,0,0,N,,N,
04:34,HISARMETAL,19322,153.86,2.61,2.61,,33.65,7.5,NORMAL,Y,0,0,13.071895424836656,0.0,4.0,4.0,0,0,0,0,0,0,0,0,N,,N,
04:34,AEGISLOG,40,1279.0,2.57,2.57,,27.94,11.13,NORMAL,N,0,0,12.830793905372895,0.0,4.0,4.0,0,0,0,0,0,0,0,0,N,,N,
04:34,ASAHIINDIA,5378,923.05,2.45,2.45,,47.02,7.5,NORMAL,Y,0,0,12.236403995560464,0.0,4.0,4.0,0,0,0,0,0,0,0,0,N,,N,
04:34,HEG,1336,703.65,2.42,2.42,,24.99,12.22,NORMAL,Y,0,0,12.117903930130986,0.0,4.0,4.0,0,0,0,0,0,0,0,0,N,,N,
04:34,VOLTAS,3718,1316.8,2.12,2.12,,43.3,7.5,NORMAL,Y,0,0,10.585498255137633,0.0,4.0,4.0,0,0,0,0,0,0,0,0,N,,N,
04:34,GNFC,1174,562.0,2.11,2.11,,44.95,7.5,NORMAL,Y,0,0,10.537790697674438,0.0,4.0,4.0,0,0,0,0,0,0,0,0,N,,N,
04:34,LENSKART,759605,609.0,2.03,2.03,,17.64,17.88,NORMAL,Y,0,0,10.135701122466095,0.0,4.0,4.0,0,0,0,0,0,0,0,0,N,,N,
04:34,LGEINDIA,760213,1700.9,7.73,7.73,,37.51,7.5,NORMAL,Y,0,0,15.0,0.0,4.0,4.0,0,0,0,0,0,0,0,0,N,,N,
04:34,SANSERA,5751,4013.1,3.48,3.48,,49.21,7.5,NORMAL,Y,0,0,15.0,0.0,4.0,4.0,0,0,0,0,0,0,0,0,N,,N,
04:34,AETHER,9810,1633.9,3.4,3.4,,49.47,7.5,NORMAL,Y,0,0,15.0,0.0,4.0,4.0,0,0,0,0,0,0,0,0,N,,N,
04:34,LLOYDSENGG,17801,93.89,3.01,3.01,,32.25,7.5,NORMAL,Y,0,0,15.0,0.0,4.0,4.0,0,0,0,0,0,0,0,0,N,,N,
04:34,BERGEPAINT,404,556.95,1.94,1.94,,34.83,7.5,NORMAL,Y,0,0,9.70074128306033,0.0,4.0,4.0,0,0,0,0,0,0,0,0,N,,N,
04:34,GUJGASLTD,10599,289.8,1.9,1.9,,16.99,20.06,NORMAL,Y,0,0,9.49367088607601,0.0,4.0,4.0,0,0,0,0,0,0,0,0,N,,N,
04:34,GENUSPOWER,11905,312.25,1.86,1.86,,31.98,7.51,NORMAL,Y,0,0,9.297015168814205,0.0,4.0,4.0,0,0,0,0,0,0,0,0,Y,NONRESULTS,N,
04:34,PARAS,5911,1366.7,1.83,1.83,,16.63,35.17,NORMAL,Y,0,0,9.126806735210849,0.0,4.0,4.0,0,0,0,0,0,0,0,0,N,,N,
04:34,MGL,17534,1146.3,1.82,1.82,,34.16,7.5,NORMAL,Y,0,0,9.10463670278913,0.0,4.0,4.0,0,0,0,0,0,0,0,0,N,,N,
04:34,MONTECARLO,5938,513.7,1.78,1.78,,43.05,7.5,NORMAL,N,0,0,8.9161878343571,0.0,4.0,4.0,0,0,0,0,0,0,0,0,N,,N,
04:34,SHARDAMOTR,10530,897.3,1.74,1.74,,24.56,7.5,NORMAL,Y,0,0,8.70230738704003,0.0,4.0,4.0,0,0,0,0,0,0,0,0,N,,N,
04:34,THYROCARE,17032,616.5,1.73,1.73,,27.38,7.5,NORMAL,Y,0,0,8.663366336633665,0.0,4.0,4.0,0,0,0,0,0,0,0,0,N,,N,
04:34,GANESHHOU,14339,830.0,1.62,1.62,,40.58,8.39,NORMAL,Y,0,0,8.080313418217463,0.0,4.0,4.0,0,0,0,0,0,0,0,0,N,,N,
04:34,WABAG,20188,1934.6,2.6,2.6,,20.49,24.59,NORMAL,N,0,0,12.993211709800594,0.0,4.0,4.0,0,0,0,0,0,0,0,0,N,,N,
04:34,BECTORFOOD,1628,244.04,1.58,1.58,,35.11,7.63,NORMAL,Y,0,0,7.887617065556694,0.0,4.0,4.0,0,0,0,0,0,0,0,0,N,,N,
04:34,LUMAXTECH,14014,2038.2,2.55,2.55,,34.5,7.5,NORMAL,Y,0,0,12.754716981132086,0.0,4.0,4.0,0,0,0,0,0,0,0,0,N,,N,
04:34,ETERNAL,5097,322.8,1.51,1.51,,22.05,19.46,NORMAL,Y,0,0,7.547169811320773,0.0,4.0,4.0,0,0,0,0,0,0,0,0,N,,N,
04:34,AVANTIFEED,7936,869.8,1.5,1.5,,22.6,13.86,NORMAL,N,0,0,7.497520275395244,0.0,4.0,4.0,0,0,0,0,0,0,0,0,N,,N,
04:34,BAJAJELEC,15034,361.8,1.46,1.46,,14.79,30.18,NORMAL,Y,0,0,7.2910824453168654,0.0,4.0,4.0,0,0,0,0,0,0,0,0,N,,N,
04:34,HIKAL,9668,219.47,1.44,1.44,,14.71,24.64,NORMAL,N,0,0,7.210538479315935,0.0,4.0,4.0,0,0,0,0,0,0,0,0,N,,N,
04:34,PURVA,14922,221.03,1.44,1.44,,39.35,7.5,NORMAL,Y,0,0,7.2054706503281825,0.0,4.0,4.0,0,0,0,0,0,0,0,0,N,,N,
04:34,SUPRAJIT,11689,531.7,1.44,1.44,,33.74,7.5,NORMAL,Y,0,0,7.20213679290286,0.0,4.0,4.0,0,0,0,0,0,0,0,0,N,,N,
04:34,EIDPARRY,916,791.3,1.41,1.41,,15.08,32.5,NORMAL,Y,0,0,7.048571062411894,0.0,4.0,4.0,0,0,0,0,0,0,0,0,N,,N,
04:34,PRICOLLTD,19631,775.6,1.39,1.39,,28.4,7.65,NORMAL,Y,0,0,6.928104575163412,0.0,4.0,4.0,0,0,0,0,0,0,0,0,N,,N,
04:34,PETRONET,11351,283.1,1.36,1.36,,34.65,7.5,NORMAL,Y,0,0,6.802721088435393,0.0,4.0,4.0,0,0,0,0,0,0,0,0,N,,N,
04:34,SUPREMEINF,15002,91.21,2.31,2.31,,19.05,33.21,NORMAL,Y,0,0,11.553561413348223,0.0,4.0,4.0,0,0,0,0,0,0,0,0,N,,N,
04:34,MSTCLTD,9356,588.1,1.27,1.27,,13.87,16.76,NORMAL,N,0,0,6.371620458067829,0.0,4.0,4.0,0,0,0,0,0,0,0,0,N,,N,
04:34,RATNAMANI,13451,2349.0,2.22,2.22,,25.6,9.97,NORMAL,N,0,0,11.096605744125325,0.0,4.0,4.0,0,0,0,0,0,0,0,0,N,,N,
04:34,HSCL,14334,787.4,1.19,1.19,,23.51,7.5,NORMAL,Y,0,0,5.94358414187496,0.0,4.0,4.0,0,0,0,0,0,0,0,0,N,,N,
04:34,SHIVALIK,7026,263.3,1.18,1.18,,29.11,7.5,NORMAL,Y,0,0,5.879188441438676,0.0,4.0,4.0,0,0,0,0,0,0,0,0,N,,N,
04:34,GPIL,13409,235.81,-3.08,-3.08,,9.82,29.5,NORMAL,N,0,0,0.0,15.0,4.0,4.0,0,0,0,0,0,0,0,0,N,,N,
04:34,RELAXO,24225,404.75,-3.5,-3.5,,13.29,29.89,NORMAL,N,0,0,0.0,15.0,4.0,4.0,0,0,0,0,0,0,0,0,N,,N,
04:34,TIMETECHNO,14707,195.55,-4.16,-4.16,,10.24,29.5,NORMAL,N,0,0,0.0,15.0,4.0,4.0,0,0,0,0,0,0,0,0,N,,N,
04:34,NARMADA,6364,382.4,-4.52,-4.52,,16.73,22.5,NORMAL,Y,0,0,0.0,15.0,4.0,4.0,0,0,0,0,0,0,0,0,N,,N,
04:34,HINDPETRO,1406,374.1,-4.78,-4.78,,11.24,26.1,NORMAL,N,0,0,0.0,15.0,4.0,4.0,0,0,0,0,0,0,0,0,N,,N,
04:34,TMPV,3456,332.55,-4.88,-4.88,,7.5,30.31,NORMAL,N,0,0,0.0,15.0,4.0,4.0,0,0,0,0,0,0,0,0,N,,N,
04:34,GOCLCORP,3963,406.05,-5.77,-5.77,,8.85,29.96,NORMAL,N,0,0,0.0,15.0,4.0,4.0,0,0,0,0,0,0,0,0,N,,N,
04:34,MIDHANI,2463,416.6,-6.35,-6.35,,7.5,41.06,NORMAL,Y,0,0,0.0,15.0,4.0,4.0,0,0,0,0,0,0,0,0,N,,N,
04:34,ABDL,24308,609.0,-2.98,-2.98,,10.85,29.83,NORMAL,N,0,0,0.0,14.895650788593313,4.0,4.0,0,0,0,0,0,0,0,0,N,,N,
04:34,HINDZINC,1424,563.25,-2.61,-2.61,,14.58,24.57,NORMAL,Y,0,0,0.0,13.054378836344794,4.0,4.0,0,0,0,0,0,0,0,0,N,,N,
04:34,RECLTD,15355,337.9,-2.48,-2.48,,7.5,33.54,NORMAL,N,0,0,0.0,12.409812409812442,4.0,4.0,0,0,0,0,0,0,0,0,N,,N,
04:34,INOXGREEN,12188,182.58,-2.34,-2.34,,7.5,45.57,NORMAL,N,0,0,0.0,11.713735558408203,4.0,4.0,0,0,0,0,0,0,0,0,N,,N,
04:34,JKPAPER,11860,385.05,-2.16,-2.16,,7.5,34.93,NORMAL,N,0,0,0.0,10.799136069114471,4.0,4.0,0,0,0,0,0,0,0,0,N,,N,
04:34,PTC,11355,161.44,-2.04,-2.04,,7.5,28.85,NORMAL,N,0,0,0.0,10.194174757281594,4.0,4.0,0,0,0,0,0,0,0,0,N,,N,
04:34,XCHANGING,11705,63.76,-3.01,-3.01,,18.01,29.68,NORMAL,N,0,0,0.0,15.0,4.0,4.0,0,0,0,0,0,0,0,0,N,,N,
04:34,SAREGAMA,4892,521.8,-1.85,-1.85,,7.5,24.13,NORMAL,Y,0,0,0.0,9.263613279413171,4.0,4.0,0,0,0,0,0,0,0,0,N,,N,
04:34,NCC,2319,142.06,-1.84,-1.84,,9.65,23.95,NORMAL,N,0,0,0.0,9.190160309563282,4.0,4.0,0,0,0,0,0,0,0,0,N,,N,
04:34,YATRA,18760,114.0,-1.82,-1.82,,7.5,43.59,NORMAL,Y,0,0,0.0,9.086211351304794,4.0,4.0,0,0,0,0,0,0,0,0,N,,N,
04:34,RAINBOW,9408,1427.7,-1.74,-1.74,,8.11,23.76,NORMAL,N,0,0,0.0,8.706125258086702,4.0,4.0,0,0,0,0,0,0,0,0,N,,N,
04:34,LTTS,18564,3506.5,-2.72,-2.72,,7.76,28.35,NORMAL,N,0,0,0.0,13.621105778566847,4.0,4.0,0,0,0,0,0,0,0,0,N,,N,
04:34,RAJRATAN,18962,521.1,-1.65,-1.65,,7.5,25.2,NORMAL,Y,0,0,0.0,8.257053883174484,4.0,4.0,0,0,0,0,0,0,0,0,N,,N,
04:34,TATASTEEL,3499,181.88,-1.61,-1.61,,7.72,22.91,NORMAL,N,0,0,0.0,8.033540708682715,4.0,4.0,0,0,0,0,0,0,0,0,N,,N,
04:34,PREMIERENE,25049,1019.3,-1.59,-1.59,,7.5,28.99,NORMAL,N,0,0,0.0,7.964858080710561,4.0,4.0,0,0,0,0,0,0,0,0,N,,N,
04:34,ZUARIIND,3827,255.1,-1.52,-1.52,,7.5,41.1,NORMAL,N,0,0,0.0,7.624010808724217,4.0,4.0,0,0,0,0,0,0,0,0,N,,N,
04:34,IPCALAB,1633,1751.2,-2.51,-2.51,,7.5,30.38,NORMAL,N,0,0,0.0,12.55358236374768,4.0,4.0,0,0,0,0,0,0,0,0,N,,N,
04:34,HINDALCO,1363,1030.55,-1.5,-1.5,,14.76,20.46,NORMAL,Y,0,0,0.0,7.502986857825589,4.0,4.0,0,0,0,0,0,0,0,0,N,,N,
04:34,GULFOILLUB,4391,1159.2,-1.49,-1.49,,20.7,19.01,NORMAL,Y,0,0,0.0,7.4360499702558,4.0,4.0,0,0,0,0,0,0,0,0,N,,N,
04:34,LTF,24948,310.75,-1.46,-1.46,,8.66,21.92,NORMAL,N,0,0,0.0,7.293483431108328,4.0,4.0,0,0,0,0,0,0,0,0,N,,N,
04:34,METROPOLIS,9581,550.45,-1.44,-1.44,,9.79,21.87,NORMAL,N,0,0,0.0,7.206803939122609,4.0,4.0,0,0,0,0,0,0,0,0,N,,N,
04:34,YUKEN,5501,833.5,-1.44,-1.44,,7.5,34.56,NORMAL,Y,0,0,0.0,7.183823094660898,4.0,4.0,0,0,0,0,0,0,0,0,N,,N,
04:34,IRCTC,13611,497.25,-1.43,-1.43,,7.5,26.13,NORMAL,N,0,0,0.0,7.136485280999096,4.0,4.0,0,0,0,0,0,0,0,0,N,,N,
04:34,ZENSARTECH,1076,491.6,-1.41,-1.41,,10.39,21.65,NORMAL,N,0,0,0.0,7.069086533640784,4.0,4.0,0,0,0,0,0,0,0,0,N,,N,
04:34,SONATSOFTW,6596,321.8,-1.41,-1.41,,7.5,24.62,NORMAL,Y,0,0,0.0,7.046568627450929,4.0,4.0,0,0,0,0,0,0,0,0,N,,N,
04:34,JIOFIN,18143,252.2,-1.33,-1.33,,7.5,23.13,NORMAL,Y,0,0,0.0,6.651017214397507,4.0,4.0,0,0,0,0,0,0,0,0,N,,N,
04:34,CROMPTON,17094,244.85,-1.33,-1.33,,7.5,22.98,NORMAL,N,0,0,0.0,6.649204110417109,4.0,4.0,0,0,0,0,0,0,0,0,N,,N,
04:34,JAINREC,759244,297.55,-1.29,-1.29,,7.5,35.12,NORMAL,N,0,0,0.0,6.468734450157534,4.0,4.0,0,0,0,0,0,0,0,0,N,,N,
04:34,ROUTE,128,508.2,-1.24,-1.24,,7.5,22.66,NORMAL,N,0,0,0.0,6.218422075398401,4.0,4.0,0,0,0,0,0,0,0,0,N,,N,
04:34,VIPIND,3703,303.9,-1.23,-1.23,,7.5,23.17,NORMAL,N,0,0,0.0,6.1748456288592966,4.0,4.0,0,0,0,0,0,0,0,0,N,,N,
04:34,FSL,14304,268.85,-1.23,-1.23,,7.5,25.39,NORMAL,N,0,0,0.0,6.153563556208608,4.0,4.0,0,0,0,0,0,0,0,0,N,,N,
04:34,JTEKTINDIA,3237,131.68,-1.23,-1.23,,15.87,13.65,NORMAL,N,0,0,0.0,6.150615061506099,4.0,4.0,0,0,0,0,0,0,0,0,N,,N,
04:34,GAIL,4717,173.75,-1.22,-1.22,,12.4,17.15,NORMAL,N,0,0,0.0,6.111426947129067,4.0,4.0,0,0,0,0,0,0,0,0,N,,N,
04:34,PATANJALI,17029,349.55,-1.22,-1.22,,15.02,17.08,NORMAL,N,0,0,0.0,6.0760209128161815,4.0,4.0,0,0,0,0,0,0,0,0,N,,N,
04:34,MAXHEALTH,22377,1001.0,-1.21,-1.21,,25.44,13.57,NORMAL,N,0,0,0.0,6.0692785946905925,4.0,4.0,0,0,0,0,0,0,0,0,N,,N,
04:34,JMFINANCIL,13637,127.8,-1.21,-1.21,,7.5,28.07,NORMAL,Y,0,0,0.0,6.0678673571925765,4.0,4.0,0,0,0,0,0,0,0,0,N,,N,
04:34,AUBANK,21238,1084.9,-1.19,-1.19,,10.78,20.47,NORMAL,Y,0,0,0.0,5.965391621129284,4.0,4.0,0,0,0,0,0,0,0,0,N,,N,
04:34,SANGAMIND,4184,591.25,-1.19,-1.19,,16.83,20.83,NORMAL,N,0,0,0.0,5.932982368179179,4.0,4.0,0,0,0,0,0,0,0,0,N,,N,
04:34,NIACL,399,178.51,-1.18,-1.18,,7.5,27.53,NORMAL,Y,0,0,0.0,5.923055632438457,4.0,4.0,0,0,0,0,0,0,0,0,N,,N,
04:34,MOIL,20830,276.3,-1.18,-1.18,,11.0,17.56,NORMAL,N,0,0,0.0,5.901287553648088,4.0,4.0,0,0,0,0,0,0,0,0,N,,N,
04:34,RAYMOND,2859,634.6,-1.15,-1.15,,7.5,23.51,NORMAL,Y,0,0,0.0,5.76323987538939,4.0,4.0,0,0,0,0,0,0,0,0,N,,N,
04:34,RUPA,25724,152.1,-1.15,-1.15,,11.0,18.96,NORMAL,N,0,0,0.0,5.751608500682427,4.0,4.0,0,0,0,0,0,0,0,0,N,,N,
04:34,BATAINDIA,371,758.5,6.06,6.06,,29.5,15.44,NORMAL,Y,0,0,15.0,0.0,4.0,4.0,0,0,0,0,0,0,0,0,N,,N,
04:34,DEVYANI,5373,143.52,3.62,3.62,,26.65,21.56,NORMAL,Y,0,0,15.0,0.0,4.0,4.0,0,0,0,0,0,0,0,0,N,,N,
04:34,MARKSANS,10579,313.85,3.44,3.44,,31.29,7.5,NORMAL,Y,0,0,15.0,0.0,4.0,4.0,0,0,0,0,0,0,0,0,N,,N,
04:34,PARAS,5911,1366.7,1.83,1.83,,16.63,35.16,NORMAL,Y,0,0,9.126806735210849,0.0,4.0,4.0,0,0,0,0,0,0,0,0,N,,N,
04:34,ETERNAL,5097,322.8,1.51,1.51,,22.05,16.97,NORMAL,Y,0,0,7.547169811320773,0.0,4.0,4.0,0,0,0,0,0,0,0,0,N,,N,
04:49,TRIVENI,13081,262.68,8.44,8.44,,23.8,32.5,NORMAL,N,0,0,15.0,0.0,4.0,4.0,0,0,0,0,0,0,0,0,N,,N,
04:49,RGL,15129,118.08,7.21,7.21,,29.5,23.78,NORMAL,Y,0,0,15.0,0.0,4.0,4.0,0,0,0,0,0,0,0,0,N,,N,
04:49,ELGIEQUIP,937,613.15,6.53,6.53,,30.88,17.74,NORMAL,Y,0,0,15.0,0.0,4.0,4.0,0,0,0,0,0,0,0,0,N,,Y,NONRESULTS
04:49,KRBL,10577,395.6,6.0,6.0,,29.5,22.27,NORMAL,Y,0,0,15.0,0.0,4.0,4.0,0,0,0,0,0,0,0,0,N,,N,
04:49,WELSPUNLIV,11253,174.75,5.76,5.76,,29.5,9.59,NORMAL,Y,0,0,15.0,0.0,4.0,4.0,0,0,0,0,0,0,0,0,Y,NONRESULTS,N,
04:49,PRAJIND,2705,342.0,5.44,5.44,,29.67,12.16,NORMAL,Y,0,0,15.0,0.0,4.0,4.0,0,0,0,0,0,0,0,0,N,,N,
04:49,SHREEPUSHK,10588,384.6,3.95,3.95,,35.01,7.5,NORMAL,N,0,0,15.0,0.0,4.0,4.0,0,0,0,0,0,0,0,0,N,,N,
04:49,BATAINDIA,371,755.5,3.83,3.83,,26.0,26.78,NORMAL,Y,0,0,15.0,0.0,4.0,4.0,0,0,0,0,0,0,0,0,N,,N,
04:49,MARKSANS,10579,314.2,3.56,3.56,,35.44,7.5,NORMAL,Y,0,0,15.0,0.0,4.0,4.0,0,0,0,0,0,0,0,0,N,,N,
04:49,JUBLFOOD,18096,508.95,3.54,3.54,,23.88,14.6,NORMAL,Y,0,0,15.0,0.0,4.0,4.0,0,0,0,0,0,0,0,0,N,,N,
04:49,DEVYANI,5373,143.37,3.51,3.51,,26.0,14.95,NORMAL,Y,0,0,15.0,0.0,4.0,4.0,0,0,0,0,0,0,0,0,N,,N,
04:49,SANDHAR,2397,634.0,3.06,3.06,,36.66,7.5,NORMAL,Y,0,0,15.0,0.0,4.0,4.0,0,0,0,0,0,0,0,0,N,,N,
04:49,APCL,20453,103.94,2.9,2.9,,22.0,17.92,NORMAL,Y,0,0,14.503514503514467,0.0,4.0,4.0,0,0,0,0,0,0,0,0,N,,N,
04:49,HEG,1336,706.45,2.83,2.83,,32.13,7.5,NORMAL,Y,0,0,14.155749636099014,0.0,4.0,4.0,0,0,0,0,0,0,0,0,N,,N,
04:49,GENUSPOWER,11905,314.7,2.66,2.66,,31.64,7.5,NORMAL,Y,0,0,13.293100636111527,0.0,4.0,4.0,0,0,0,0,0,0,0,0,Y,NONRESULTS,N,
04:49,PRINCEPIPE,16045,289.0,2.63,2.63,,48.42,7.5,NORMAL,Y,0,0,13.139204545454504,0.0,4.0,4.0,0,0,0,0,0,0,0,0,N,,N,
04:49,HISARMETAL,19322,153.71,2.51,2.51,,27.07,9.0,NORMAL,Y,0,0,12.571695344804624,0.0,4.0,4.0,0,0,0,0,0,0,0,0,N,,N,
04:49,MGL,17534,1151.0,2.24,2.24,,27.45,7.5,NORMAL,Y,0,0,11.192041215135923,0.0,4.0,4.0,0,0,0,0,0,0,0,0,N,,N,
04:49,AEGISLOG,40,1273.2,2.1,2.1,,21.51,19.37,NORMAL,N,0,0,10.505212510024075,0.0,4.0,4.0,0,0,0,0,0,0,0,0,N,,N,
04:49,PARAS,5911,1370.0,2.07,2.07,,18.05,31.61,NORMAL,Y,0,0,10.35613172403515,0.0,4.0,4.0,0,0,0,0,0,0,0,0,N,,N,
04:49,ASAHIINDIA,5378,919.4,2.04,2.04,,29.4,7.5,NORMAL,Y,0,0,10.2108768035516,0.0,4.0,4.0,0,0,0,0,0,0,0,0,N,,N,
04:49,GNFC,1174,561.55,2.03,2.03,,31.02,7.5,NORMAL,Y,0,0,10.128997093023235,0.0,4.0,4.0,0,0,0,0,0,0,0,0,N,,N,
04:49,ENGINERSIN,4907,245.43,2.02,2.02,,36.12,14.5,NORMAL,Y,0,0,10.079807132762477,0.0,4.0,4.0,0,0,0,0,0,0,0,0,N,,N,
04:49,LGEINDIA,760213,1700.1,7.68,7.68,,48.21,7.5,NORMAL,Y,0,0,15.0,0.0,4.0,4.0,0,0,0,0,0,0,0,0,N,,N,
04:49,LLOYDSENGG,17801,94.07,3.2,3.2,,29.5,7.96,NORMAL,Y,0,0,15.0,0.0,4.0,4.0,0,0,0,0,0,0,0,0,N,,N,
04:49,SANSERA,5751,4002.2,3.19,3.19,,29.5,21.87,NORMAL,Y,0,0,15.0,0.0,4.0,4.0,0,0,0,0,0,0,0,0,N,,N,
04:49,BAJAJELEC,15034,363.15,1.84,1.84,,39.0,11.0,NORMAL,Y,0,0,9.18395961862024,0.0,4.0,4.0,0,0,0,0,0,0,0,0,N,,N,
04:49,AVANTIFEED,7936,872.55,1.82,1.82,,32.16,7.74,NORMAL,N,0,0,9.102047960791124,0.0,4.0,4.0,0,0,0,0,0,0,0,0,N,,N,
04:49,BERGEPAINT,404,556.1,1.78,1.78,,21.23,11.21,NORMAL,Y,0,0,8.92285165187151,0.0,4.0,4.0,0,0,0,0,0,0,0,0,N,,N,
04:49,BECTORFOOD,1628,244.49,1.76,1.76,,23.81,11.27,NORMAL,Y,0,0,8.824141519250798,0.0,4.0,4.0,0,0,0,0,0,0,0,0,N,,N,
04:49,SUPRAJIT,11689,532.8,1.65,1.65,,29.69,7.5,NORMAL,Y,0,0,8.251454736239603,0.0,4.0,4.0,0,0,0,0,0,0,0,0,N,,N,
04:49,WABAG,20188,1935.2,2.63,2.63,,20.7,17.42,NORMAL,N,0,0,13.15231226134921,0.0,4.0,4.0,0,0,0,0,0,0,0,0,N,,N,
04:49,GUJGASLTD,10599,289.0,1.62,1.62,,15.59,32.73,NORMAL,Y,0,0,8.087201125175849,0.0,4.0,4.0,0,0,0,0,0,0,0,0,N,,N,
04:49,THYROCARE,17032,615.3,1.53,1.53,,18.67,11.89,NORMAL,Y,0,0,7.673267326732637,0.0,4.0,4.0,0,0,0,0,0,0,0,0,N,,N,
04:49,LENSKART,759605,605.55,1.45,1.45,,14.75,22.83,NORMAL,Y,0,0,7.2457698106885395,0.0,4.0,4.0,0,0,0,0,0,0,0,0,N,,N,
04:49,CHEMPLASTS,5449,183.0,1.45,1.45,,30.5,7.5,NORMAL,N,0,0,7.234325627806458,0.0,4.0,4.0,0,0,0,0,0,0,0,0,N,,Y,NONRESULTS
04:49,VOLTAS,3718,1307.9,1.43,1.43,,18.25,20.77,NORMAL,N,0,0,7.134548274525045,0.0,4.0,4.0,0,0,0,0,0,0,0,0,N,,N,
04:49,PRICOLLTD,19631,775.7,1.4,1.4,,21.89,7.5,NORMAL,Y,0,0,6.993464052287612,0.0,4.0,4.0,0,0,0,0,0,0,0,0,N,,N,
04:49,HIKAL,9668,219.3,1.36,1.36,,14.32,20.81,NORMAL,N,0,0,6.8176565749942615,0.0,4.0,4.0,0,0,0,0,0,0,0,0,N,,N,
04:49,VARROC,3857,853.4,1.36,1.36,,30.46,7.5,NORMAL,Y,0,0,6.799691193063681,0.0,4.0,4.0,0,0,0,0,0,0,0,0,N,,N,
04:49,GARFIBRES,1100,762.15,1.33,1.33,,32.45,7.5,NORMAL,N,0,0,6.647610184138803,0.0,4.0,4.0,0,0,0,0,0,0,0,0,N,,N,
04:49,WESTLIFE,11580,596.4,1.3,1.3,,21.41,13.0,NORMAL,Y,0,0,6.496815286624185,0.0,4.0,4.0,0,0,0,0,0,0,0,0,N,,N,
04:49,PURVA,14922,220.66,1.27,1.27,,17.36,11.21,NORMAL,Y,0,0,6.356418376244918,0.0,4.0,4.0,0,0,0,0,0,0,0,0,N,,N,
04:49,WOCKPHARMA,7506,1956.0,2.25,2.25,,39.07,7.5,NORMAL,Y,0,0,11.265617648596347,0.0,4.0,4.0,0,0,0,0,0,0,0,0,N,,N,
04:49,SHARDAMOTR,10530,892.8,1.23,1.23,,19.17,11.42,NORMAL,Y,0,0,6.151142355008735,0.0,4.0,4.0,0,0,0,0,0,0,0,0,N,,N,
04:49,LUMAXTECH,14014,2031.7,2.22,2.22,,26.09,11.8,NORMAL,Y,0,0,11.119496855345922,0.0,4.0,4.0,0,0,0,0,0,0,0,0,N,,N,
04:49,MUNJALAU,13511,120.83,1.22,1.22,,14.66,32.5,NORMAL,Y,0,0,6.115439390131498,0.0,4.0,4.0,0,0,0,0,0,0,0,0,N,,N,
04:49,ROLEXRINGS,5279,180.44,1.22,1.22,,21.06,13.38,NORMAL,Y,0,0,6.114663973970624,0.0,4.0,4.0,0,0,0,0,0,0,0,0,N,,N,
04:49,AETHER,9810,1648.1,2.2,2.2,,35.41,7.5,NORMAL,Y,0,0,10.975382898245135,0.0,4.0,4.0,0,0,0,0,0,0,0,0,N,,N,
04:49,HFCL,21951,230.0,1.16,1.16,,23.39,7.5,NORMAL,Y,0,0,5.8057705840956775,0.0,4.0,4.0,0,0,0,0,0,0,0,0,N,,N,
04:49,ABDL,24308,608.6,-3.04,-3.04,,7.76,29.91,NORMAL,N,0,0,0.0,15.0,4.0,4.0,0,0,0,0,0,0,0,0,N,,N,
04:49,YATRA,18760,112.45,-3.15,-3.15,,7.5,45.91,NORMAL,Y,0,0,0.0,15.0,4.0,4.0,0,0,0,0,0,0,0,0,N,,N,
04:49,GPIL,13409,235.36,-3.27,-3.27,,7.5,30.74,NORMAL,N,0,0,0.0,15.0,4.0,4.0,0,0,0,0,0,0,0,0,N,,N,
04:49,RELAXO,24225,404.55,-3.55,-3.55,,7.76,37.33,NORMAL,N,0,0,0.0,15.0,4.0,4.0,0,0,0,0,0,0,0,0,N,,N,
04:49,NARMADA,6364,383.0,-4.37,-4.37,,16.19,22.5,NORMAL,Y,0,0,0.0,15.0,4.0,4.0,0,0,0,0,0,0,0,0,N,,N,
04:49,TIMETECHNO,14707,194.7,-4.58,-4.58,,7.5,37.79,NORMAL,N,0,0,0.0,15.0,4.0,4.0,0,0,0,0,0,0,0,0,N,,N,
04:49,HINDPETRO,1406,373.8,-4.86,-4.86,,11.0,28.96,NORMAL,N,0,0,0.0,15.0,4.0,4.0,0,0,0,0,0,0,0,0,N,,N,
04:49,TMPV,3456,330.95,-5.33,-5.33,,13.47,30.24,NORMAL,N,0,0,0.0,15.0,4.0,4.0,0,0,0,0,0,0,0,0,N,,N,
04:49,GOCLCORP,3963,405.8,-5.83,-5.83,,7.89,29.66,NORMAL,N,0,0,0.0,15.0,4.0,4.0,0,0,0,0,0,0,0,0,N,,N,
04:49,MIDHANI,2463,417.45,-6.16,-6.16,,7.89,29.87,NORMAL,Y,0,0,0.0,15.0,4.0,4.0,0,0,0,0,0,0,0,0,N,,N,
04:49,HINDZINC,1424,563.35,-2.59,-2.59,,11.22,27.72,NORMAL,Y,0,0,0.0,12.967925996368981,4.0,4.0,0,0,0,0,0,0,0,0,N,,N,
04:49,RECLTD,15355,337.6,-2.57,-2.57,,7.5,41.05,NORMAL,N,0,0,0.0,12.84271284271281,4.0,4.0,0,0,0,0,0,0,0,0,N,,N,
04:49,JKPAPER,11860,384.1,-2.4,-2.4,,7.5,30.18,NORMAL,N,0,0,0.0,12.006098335662545,4.0,4.0,0,0,0,0,0,0,0,0,N,,N,
04:49,INOXGREEN,12188,182.52,-2.37,-2.37,,7.5,44.37,NORMAL,N,0,0,0.0,11.874197689345307,4.0,4.0,0,0,0,0,0,0,0,0,N,,N,
04:49,SAREGAMA,4892,519.65,-2.26,-2.26,,7.5,29.93,NORMAL,N,0,0,0.0,11.28562023887896,4.0,4.0,0,0,0,0,0,0,0,0,N,,N,
04:49,JTEKTINDIA,3237,130.4,-2.19,-2.19,,7.5,38.95,NORMAL,N,0,0,0.0,10.951095109510906,4.0,4.0,0,0,0,0,0,0,0,0,N,,N,
04:49,RHIM,31163,383.35,-2.12,-2.12,,7.5,39.84,NORMAL,N,0,0,0.0,10.5961955827907,4.0,4.0,0,0,0,0,0,0,0,0,N,,N,
04:49,PTC,11355,161.53,-1.98,-1.98,,9.26,24.42,NORMAL,N,0,0,0.0,9.921116504854398,4.0,4.0,0,0,0,0,0,0,0,0,N,,N,
04:49,RAINBOW,9408,1424.7,-1.95,-1.95,,7.5,27.98,NORMAL,N,0,0,0.0,9.738472126634534,4.0,4.0,0,0,0,0,0,0,0,0,N,,N,
04:49,XCHANGING,11705,63.86,-2.86,-2.86,,16.09,25.41,NORMAL,N,0,0,0.0,14.298752662001792,4.0,4.0,0,0,0,0,0,0,0,0,N,,N,
04:49,REDINGTON,14255,339.8,-1.79,-1.79,,7.5,42.33,NORMAL,Y,0,0,0.0,8.959537572254318,4.0,4.0,0,0,0,0,0,0,0,0,N,,N,
04:49,RAJRATAN,18962,520.5,-1.76,-1.76,,7.58,27.63,NORMAL,Y,0,0,0.0,8.82325186373504,4.0,4.0,0,0,0,0,0,0,0,0,N,,N,
04:49,EMSLIMITED,18593,362.65,-1.76,-1.76,,7.5,42.95,NORMAL,N,0,0,0.0,8.804009210348099,4.0,4.0,0,0,0,0,0,0,0,0,N,,N,
04:49,METROPOLIS,9581,548.7,-1.75,-1.75,,7.5,33.26,NORMAL,N,0,0,0.0,8.773500447627534,4.0,4.0,0,0,0,0,0,0,0,0,N,,N,
04:49,TATASTEEL,3499,181.65,-1.73,-1.73,,7.5,24.39,NORMAL,N,0,0,0.0,8.65566675682983,4.0,4.0,0,0,0,0,0,0,0,0,N,,N,
04:49,IPCALAB,1633,1747.5,-2.72,-2.72,,7.5,30.65,NORMAL,N,0,0,0.0,13.583477147469786,4.0,4.0,0,0,0,0,0,0,0,0,N,,N,
04:49,NCC,2319,142.28,-1.69,-1.69,,9.26,22.93,NORMAL,N,0,0,0.0,8.430071862907678,4.0,4.0,0,0,0,0,0,0,0,0,N,,N,
04:49,LTTS,18564,3508.6,-2.67,-2.67,,15.06,27.83,NORMAL,N,0,0,0.0,13.329819402446793,4.0,4.0,0,0,0,0,0,0,0,0,N,,N,
04:49,HINDALCO,1363,1029.2,-1.63,-1.63,,12.93,19.2,NORMAL,Y,0,0,0.0,8.148148148148126,4.0,4.0,0,0,0,0,0,0,0,0,N,,N,
04:49,LTF,24948,310.3,-1.6,-1.6,,7.53,25.62,NORMAL,N,0,0,0.0,8.00697637545586,4.0,4.0,0,0,0,0,0,0,0,0,N,,N,
04:49,PREMIERENE,25049,1020.2,-1.51,-1.51,,12.25,22.03,NORMAL,N,0,0,0.0,7.530411276308125,4.0,4.0,0,0,0,0,0,0,0,0,N,,N,
04:49,IRCTC,13611,496.95,-1.49,-1.49,,7.68,22.57,NORMAL,N,0,0,0.0,7.43383883437407,4.0,4.0,0,0,0,0,0,0,0,0,N,,N,
04:49,GULFOILLUB,4391,1159.5,-1.46,-1.46,,11.55,20.44,NORMAL,Y,0,0,0.0,7.308574827908577,4.0,4.0,0,0,0,0,0,0,0,0,N,,N,
04:49,GREAVESCOT,1235,195.59,-1.44,-1.44,,7.5,27.53,NORMAL,N,0,0,0.0,7.181011892763542,4.0,4.0,0,0,0,0,0,0,0,0,N,,N,
04:49,JAINREC,759244,297.2,-1.41,-1.41,,7.55,21.93,NORMAL,N,0,0,0.0,7.0492619008127395,4.0,4.0,0,0,0,0,0,0,0,0,N,,N,
04:49,RUPA,25724,151.71,-1.4,-1.4,,7.5,24.69,NORMAL,N,0,0,0.0,7.0189120686293505,4.0,4.0,0,0,0,0,0,0,0,0,N,,N,
04:49,SURYODAY,2970,154.2,-1.4,-1.4,,7.5,28.59,NORMAL,N,0,0,0.0,7.0017264530980174,4.0,4.0,0,0,0,0,0,0,0,0,N,,N,
04:49,IOC,1624,139.52,-1.4,-1.4,,7.5,29.46,NORMAL,N,0,0,0.0,6.99646643109537,4.0,4.0,0,0,0,0,0,0,0,0,N,,N,
04:49,NIACL,399,178.15,-1.38,-1.38,,7.5,27.38,NORMAL,Y,0,0,0.0,6.91945751453086,4.0,4.0,0,0,0,0,0,0,0,0,N,,N,
04:49,ZENSARTECH,1076,491.75,-1.38,-1.38,,11.78,21.42,NORMAL,N,0,0,0.0,6.918680437180365,4.0,4.0,0,0,0,0,0,0,0,0,N,,N,
04:49,MAXHEALTH,22377,999.3,-1.38,-1.38,,20.61,14.41,NORMAL,N,0,0,0.0,6.908121977696635,4.0,4.0,0,0,0,0,0,0,0,0,N,,N,
04:49,JIOFIN,18143,252.1,-1.37,-1.37,,8.06,21.35,NORMAL,Y,0,0,0.0,6.846635367762128,4.0,4.0,0,0,0,0,0,0,0,0,N,,N,
04:49,SUDARSCHEM,3327,1038.6,-1.35,-1.35,,25.89,21.24,NORMAL,N,0,0,0.0,6.743920972644398,4.0,4.0,0,0,0,0,0,0,0,0,N,,N,
04:49,RAMCOSYS,7851,587.8,-1.33,-1.33,,11.0,32.09,NORMAL,N,0,0,0.0,6.672261854804907,4.0,4.0,0,0,0,0,0,0,0,0,N,,N,
04:49,SONATSOFTW,6596,322.05,-1.33,-1.33,,21.16,21.16,NORMAL,Y,0,0,0.0,6.663602941176419,4.0,4.0,0,0,0,0,0,0,0,0,N,,N,
04:49,FSL,14304,268.6,-1.32,-1.32,,7.64,21.78,NORMAL,N,0,0,0.0,6.612784717119702,4.0,4.0,0,0,0,0,0,0,0,0,N,,N,
04:49,JMFINANCIL,13637,127.67,-1.31,-1.31,,7.54,27.23,NORMAL,Y,0,0,0.0,6.570302233902771,4.0,4.0,0,0,0,0,0,0,0,0,N,,N,
04:49,MOIL,20830,275.95,-1.31,-1.31,,11.0,21.96,NORMAL,N,0,0,0.0,6.527181688125955,4.0,4.0,0,0,0,0,0,0,0,0,N,,N,
04:49,VIPIND,3703,303.75,-1.28,-1.28,,7.64,21.81,NORMAL,N,0,0,0.0,6.418589535261601,4.0,4.0,0,0,0,0,0,0,0,0,N,,N,
04:49,SHALBY,714,154.18,-1.26,-1.26,,7.7,29.32,NORMAL,N,0,0,0.0,6.30803714377201,4.0,4.0,0,0,0,0,0,0,0,0,N,,N,
04:49,MARKSANS,10579,314.2,3.56,3.56,,39.54,7.5,NORMAL,Y,0,0,15.0,0.0,4.0,4.0,0,0,0,0,0,0,0,0,N,,N,
04:49,GENUSPOWER,11905,314.7,2.66,2.66,,33.17,7.5,NORMAL,Y,0,0,13.293100636111527,0.0,4.0,4.0,0,0,0,0,0,0,0,0,Y,NONRESULTS,N,
04:49,MGL,17534,1151.0,2.24,2.24,,27.45,7.5,NORMAL,Y,0,0,11.192041215135923,0.0,4.0,4.0,0,0,0,0,0,0,0,0,N,,N,
04:49,LLOYDSENGG,17801,94.07,3.2,3.2,,29.84,7.62,NORMAL,Y,0,0,15.0,0.0,4.0,4.0,0,0,0,0,0,0,0,0,N,,N,
04:49,GUJGASLTD,10599,289.0,1.62,1.62,,15.59,32.72,NORMAL,Y,0,0,8.087201125175849,0.0,4.0,4.0,0,0,0,0,0,0,0,0,N,,N,
05:04,TRIVENI,13081,262.4,8.32,8.32,,22.82,15.82,NORMAL,Y,0,0,15.0,0.0,4.0,4.0,0,0,0,0,0,0,0,0,N,,N,
05:04,RGL,15129,117.3,6.5,6.5,,22.5,32.81,NORMAL,Y,0,0,15.0,0.0,4.0,4.0,0,0,0,0,0,0,0,0,N,,N,
05:04,WELSPUNLIV,11253,174.53,5.63,5.63,,29.5,11.46,NORMAL,Y,0,0,15.0,0.0,4.0,4.0,0,0,0,0,0,0,0,0,Y,NONRESULTS,N,
05:04,PRAJIND,2705,342.25,5.52,5.52,,29.5,17.34,NORMAL,Y,0,0,15.0,0.0,4.0,4.0,0,0,0,0,0,0,0,0,N,,N,
05:04,KRBL,10577,391.3,4.85,4.85,,23.22,15.9,NORMAL,Y,0,0,15.0,0.0,4.0,4.0,0,0,0,0,0,0,0,0,N,,N,
05:04,ELGIEQUIP,937,600.9,4.4,4.4,,22.5,34.75,NORMAL,Y,0,0,15.0,0.0,4.0,4.0,0,0,0,0,0,0,0,0,N,,Y,NONRESULTS
05:04,MARKSANS,10579,315.3,3.92,3.92,,42.24,7.5,NORMAL,Y,0,0,15.0,0.0,4.0,4.0,0,0,0,0,0,0,0,0,N,,N,
05:04,BATAINDIA,371,754.0,3.62,3.62,,22.5,30.04,NORMAL,Y,0,0,15.0,0.0,4.0,4.0,0,0,0,0,0,0,0,0,N,,N,
05:04,JUBLFOOD,18096,509.25,3.6,3.6,,22.5,15.22,NORMAL,Y,0,0,15.0,0.0,4.0,4.0,0,0,0,0,0,0,0,0,N,,N,
05:04,DEVYANI,5373,142.99,3.23,3.23,,22.5,20.99,NORMAL,Y,0,0,15.0,0.0,4.0,4.0,0,0,0,0,0,0,0,0,N,,N,
05:04,SHREEPUSHK,10588,381.7,3.16,3.16,,29.5,24.21,NORMAL,N,0,0,15.0,0.0,4.0,4.0,0,0,0,0,0,0,0,0,N,,N,
05:04,SANDHAR,2397,634.0,3.06,3.06,,29.5,18.18,NORMAL,Y,0,0,15.0,0.0,4.0,4.0,0,0,0,0,0,0,0,0,N,,N,
05:04,ASAHIINDIA,5378,925.8,2.75,2.75,,36.04,7.5,NORMAL,Y,0,0,13.762486126526056,0.0,4.0,4.0,0,0,0,0,0,0,0,0,N,,N,
05:04,HISARMETAL,19322,153.71,2.51,2.51,,27.07,7.94,NORMAL,Y,0,0,12.571695344804624,0.0,4.0,4.0,0,0,0,0,0,0,0,0,N,,N,
05:04,GNFC,1174,563.0,2.29,2.29,,29.6,7.5,NORMAL,Y,0,0,11.44622093023258,0.0,4.0,4.0,0,0,0,0,0,0,0,0,N,,N,
05:04,SHARDAMOTR,10530,902.0,2.27,2.27,,44.41,7.5,NORMAL,Y,0,0,11.366857531606072,0.0,4.0,4.0,0,0,0,0,0,0,0,0,N,,N,
05:04,HEG,1336,701.1,2.05,2.05,,17.76,33.29,NORMAL,Y,0,0,10.262008733624473,0.0,4.0,4.0,0,0,0,0,0,0,0,0,N,,N,
05:04,LGEINDIA,760213,1704.4,7.96,7.96,,37.4,7.5,NORMAL,Y,0,0,15.0,0.0,4.0,4.0,0,0,0,0,0,0,0,0,N,,N,
05:04,SANSERA,5751,4003.2,3.22,3.22,,32.49,7.5,NORMAL,Y,0,0,15.0,0.0,4.0,4.0,0,0,0,0,0,0,0,0,N,,N,
05:04,APCL,20453,102.99,1.96,1.96,,17.3,28.69,NORMAL,N,0,0,9.801009801009748,0.0,4.0,4.0,0,0,0,0,0,0,0,0,N,,N,
05:04,GENUSPOWER,11905,312.45,1.92,1.92,,20.62,28.1,NORMAL,Y,0,0,9.62322622736907,0.0,4.0,4.0,0,0,0,0,0,0,0,0,Y,NONRESULTS,N,
05:04,AEGISLOG,40,1270.9,1.92,1.92,,17.08,18.35,NORMAL,N,0,0,9.582999198075417,0.0,4.0,4.0,0,0,0,0,0,0,0,0,N,,N,
05:04,MGL,17534,1147.0,1.88,1.88,,23.92,13.35,NORMAL,Y,0,0,9.415526736542924,0.0,4.0,4.0,0,0,0,0,0,0,0,0,N,,N,
05:04,ENGINERSIN,4907,245.05,1.86,1.86,,18.07,22.06,NORMAL,Y,0,0,9.290049048133675,0.0,4.0,4.0,0,0,0,0,0,0,0,0,N,,N,
05:04,BERGEPAINT,404,556.45,1.85,1.85,,20.24,13.28,NORMAL,Y,0,0,9.243159147066917,0.0,4.0,4.0,0,0,0,0,0,0,0,0,N,,N,
05:04,GARFIBRES,1100,765.45,1.77,1.77,,30.32,7.5,NORMAL,N,0,0,8.841321544904654,0.0,4.0,4.0,0,0,0,0,0,0,0,0,N,,N,
05:04,LENSKART,759605,607.45,1.77,1.77,,17.96,14.5,NORMAL,Y,0,0,8.837326185290728,0.0,4.0,4.0,0,0,0,0,0,0,0,0,N,,N,
05:04,BAJAJELEC,15034,362.6,1.68,1.68,,15.98,26.47,NORMAL,Y,0,0,8.412787436904095,0.0,4.0,4.0,0,0,0,0,0,0,0,0,N,,N,
05:04,BECTORFOOD,1628,244.27,1.67,1.67,,22.87,12.34,NORMAL,Y,0,0,8.366285119667033,0.0,4.0,4.0,0,0,0,0,0,0,0,0,N,,N,
05:04,THYROCARE,17032,616.0,1.65,1.65,,28.85,7.5,NORMAL,Y,0,0,8.25082508250825,0.0,4.0,4.0,0,0,0,0,0,0,0,0,N,,N,
05:04,LLOYDSENGG,17801,93.55,2.63,2.63,,27.67,18.96,NORMAL,Y,0,0,13.165112452002147,0.0,4.0,4.0,0,0,0,0,0,0,0,0,N,,N,
05:04,LUMAXTECH,14014,2038.5,2.57,2.57,,28.12,7.5,NORMAL,Y,0,0,12.830188679245282,0.0,4.0,4.0,0,0,0,0,0,0,0,0,N,,N,
05:04,VOLTAS,3718,1309.3,1.54,1.54,,22.18,10.21,NORMAL,Y,0,0,7.677394338891025,0.0,4.0,4.0,0,0,0,0,0,0,0,0,N,,N,
05:04,ABMKNO,762528,203.0,1.52,1.52,,30.71,7.5,NORMAL,Y,0,0,7.6015203040607915,0.0,4.0,4.0,0,0,0,0,0,0,0,0,N,,N,
05:04,WABAG,20188,1933.0,2.51,2.51,,20.07,17.68,NORMAL,N,0,0,12.568943572337744,0.0,4.0,4.0,0,0,0,0,0,0,0,0,N,,N,
05:04,TREJHARA,7518,165.5,1.43,1.43,,41.19,7.5,NORMAL,Y,0,0,7.139792854078607,0.0,4.0,4.0,0,0,0,0,0,0,0,0,N,,N,
05:04,GANESHHOU,14339,828.45,1.43,1.43,,21.98,11.0,NORMAL,Y,0,0,7.131488736532868,0.0,4.0,4.0,0,0,0,0,0,0,0,0,N,,N,
05:04,PARAS,5911,1361.3,1.42,1.42,,14.62,20.03,NORMAL,Y,0,0,7.115184026225565,0.0,4.0,4.0,0,0,0,0,0,0,0,0,N,,N,
05:04,AVANTIFEED,7936,868.75,1.38,1.38,,24.31,7.74,NORMAL,N,0,0,6.884882431880479,0.0,4.0,4.0,0,0,0,0,0,0,0,0,N,,N,
05:04,SUPRAJIT,11689,531.0,1.31,1.31,,21.03,15.56,NORMAL,Y,0,0,6.534389010779379,0.0,4.0,4.0,0,0,0,0,0,0,0,0,N,,N,
05:04,VERANDA,8890,245.95,1.3,1.3,,29.92,7.5,NORMAL,Y,0,0,6.486820428336032,0.0,4.0,4.0,0,0,0,0,0,0,0,0,N,,N,
05:04,HAPPSTMNDS,48,399.75,1.25,1.25,,23.38,7.5,NORMAL,Y,0,0,6.268996960486308,0.0,4.0,4.0,0,0,0,0,0,0,0,0,N,,N,
05:04,CHEMPLASTS,5449,182.63,1.24,1.24,,38.92,7.5,NORMAL,N,0,0,6.2087698874660715,0.0,4.0,4.0,0,0,0,0,0,0,0,0,N,,Y,NONRESULTS
05:04,CESC,628,166.84,1.22,1.22,,14.86,14.5,NORMAL,Y,0,0,6.097191045319391,0.0,4.0,4.0,0,0,0,0,0,0,0,0,N,,N,
05:04,PRICOLLTD,19631,774.25,1.21,1.21,,17.6,11.4,NORMAL,Y,0,0,6.045751633986929,0.0,4.0,4.0,0,0,0,0,0,0,0,0,N,,N,
05:04,VARROC,3857,851.55,1.14,1.14,,20.2,12.88,NORMAL,Y,0,0,5.70105113130228,0.0,4.0,4.0,0,0,0,0,0,0,0,0,N,,N,
05:04,GUJGASLTD,10599,287.6,1.13,1.13,,13.13,27.04,NORMAL,Y,0,0,5.625879043600643,0.0,4.0,4.0,0,0,0,0,0,0,0,0,N,,N,
05:04,PRINCEPIPE,16045,284.7,1.1,1.1,,16.5,22.57,NORMAL,Y,0,0,5.504261363636303,0.0,4.0,4.0,0,0,0,0,0,0,0,0,N,,N,
05:04,PURVA,14922,220.22,1.07,1.07,,16.35,18.87,NORMAL,Y,0,0,5.346734590848621,0.0,4.0,4.0,0,0,0,0,0,0,0,0,N,,N,
05:04,AETHER,9810,1646.0,2.06,2.06,,27.56,7.5,NORMAL,Y,0,0,10.324300861908586,0.0,4.0,4.0,0,0,0,0,0,0,0,0,N,,N,
05:04,HINDZINC,1424,560.55,-3.08,-3.08,,7.5,46.01,NORMAL,N,0,0,0.0,15.0,4.0,4.0,0,0,0,0,0,0,0,0,N,,N,
05:04,RECLTD,15355,335.55,-3.16,-3.16,,7.5,40.32,NORMAL,N,0,0,0.0,15.0,4.0,4.0,0,0,0,0,0,0,0,0,N,,N,
05:04,JKPAPER,11860,380.9,-3.21,-3.21,,7.5,48.54,NORMAL,N,0,0,0.0,15.0,4.0,4.0,0,0,0,0,0,0,0,0,N,,N,
05:04,GPIL,13409,235.03,-3.4,-3.4,,7.5,32.44,NORMAL,N,0,0,0.0,15.0,4.0,4.0,0,0,0,0,0,0,0,0,N,,N,
05:04,ABDL,24308,604.9,-3.63,-3.63,,7.5,36.96,NORMAL,N,0,0,0.0,15.0,4.0,4.0,0,0,0,0,0,0,0,0,N,,N,
05:04,YATRA,18760,111.78,-3.73,-3.73,,7.5,49.03,NORMAL,Y,0,0,0.0,15.0,4.0,4.0,0,0,0,0,0,0,0,0,N,,N,
05:04,RELAXO,24225,401.5,-4.28,-4.28,,7.5,45.28,NORMAL,N,0,0,0.0,15.0,4.0,4.0,0,0,0,0,0,0,0,0,N,,N,
05:04,TIMETECHNO,14707,195.09,-4.39,-4.39,,7.9,34.02,NORMAL,N,0,0,0.0,15.0,4.0,4.0,0,0,0,0,0,0,0,0,N,,N,
05:04,TMPV,3456,331.95,-5.05,-5.05,,8.11,32.14,NORMAL,N,0,0,0.0,15.0,4.0,4.0,0,0,0,0,0,0,0,0,N,,N,
05:04,NARMADA,6364,380.0,-5.12,-5.12,,11.0,41.54,NORMAL,Y,0,0,0.0,15.0,4.0,4.0,0,0,0,0,0,0,0,0,N,,N,
05:04,HINDPETRO,1406,372.75,-5.13,-5.13,,7.5,38.38,NORMAL,N,0,0,0.0,15.0,4.0,4.0,0,0,0,0,0,0,0,0,N,,N,
05:04,GOCLCORP,3963,405.35,-5.93,-5.93,,7.96,32.32,NORMAL,N,0,0,0.0,15.0,4.0,4.0,0,0,0,0,0,0,0,0,N,,N,
05:04,MIDHANI,2463,416.0,-6.49,-6.49,,7.5,42.79,NORMAL,N,0,0,0.0,15.0,4.0,4.0,0,0,0,0,0,0,0,0,N,,N,
05:04,SAREGAMA,4892,517.5,-2.66,-2.66,,7.5,46.08,NORMAL,N,0,0,0.0,13.307627198344754,4.0,4.0,0,0,0,0,0,0,0,0,N,,N,
05:04,SAIL,2963,164.37,-2.56,-2.56,,14.5,41.28,NORMAL,N,0,0,0.0,12.775669907517198,4.0,4.0,0,0,0,0,0,0,0,0,N,,N,
05:04,JTEKTINDIA,3237,130.04,-2.46,-2.46,,7.5,45.21,NORMAL,N,0,0,0.0,12.301230123012308,4.0,4.0,0,0,0,0,0,0,0,0,N,,N,
05:04,SUDARSCHEM,3327,1028.9,-2.27,-2.27,,7.5,45.08,NORMAL,N,0,0,0.0,11.350683890577445,4.0,4.0,0,0,0,0,0,0,0,0,N,,N,
05:04,INOXGREEN,12188,182.8,-2.23,-2.23,,7.5,42.07,NORMAL,N,0,0,0.0,11.125374411638845,4.0,4.0,0,0,0,0,0,0,0,0,N,,N,
05:04,RHIM,31163,382.95,-2.22,-2.22,,7.5,40.18,NORMAL,N,0,0,0.0,11.106855610877044,4.0,4.0,0,0,0,0,0,0,0,0,N,,N,
05:04,RAJRATAN,18962,518.4,-2.16,-2.16,,7.5,44.13,NORMAL,Y,0,0,0.0,10.804944795696938,4.0,4.0,0,0,0,0,0,0,0,0,N,,N,
05:04,PTC,11355,161.25,-2.15,-2.15,,7.5,30.83,NORMAL,N,0,0,0.0,10.7706310679612,4.0,4.0,0,0,0,0,0,0,0,0,N,,N,
05:04,SURYODAY,2970,153.12,-2.09,-2.09,,7.5,37.97,NORMAL,N,0,0,0.0,10.454632649146307,4.0,4.0,0,0,0,0,0,0,0,0,N,,N,
05:04,RAINBOW,9408,1423.5,-2.03,-2.03,,7.51,28.12,NORMAL,N,0,0,0.0,10.151410874053681,4.0,4.0,0,0,0,0,0,0,0,0,N,,N,
05:04,HINDALCO,1363,1025.2,-2.01,-2.01,,7.5,34.73,NORMAL,Y,0,0,0.0,10.059737156511328,4.0,4.0,0,0,0,0,0,0,0,0,N,,N,
05:04,TATASTEEL,3499,181.14,-2.01,-2.01,,7.5,43.08,NORMAL,N,0,0,0.0,10.035163646199644,4.0,4.0,0,0,0,0,0,0,0,0,N,,N,
05:04,XCHANGING,11705,63.63,-3.21,-3.21,,12.46,29.5,NORMAL,N,0,0,0.0,15.0,4.0,4.0,0,0,0,0,0,0,0,0,N,,N,
05:04,NIACL,399,177.1,-1.97,-1.97,,7.5,43.27,NORMAL,Y,0,0,0.0,9.825629670633852,4.0,4.0,0,0,0,0,0,0,0,0,N,,N,
05:04,EMSLIMITED,18593,361.9,-1.96,-1.96,,7.5,28.73,NORMAL,N,0,0,0.0,9.819856426926727,4.0,4.0,0,0,0,0,0,0,0,0,N,,N,
05:04,GULFOILLUB,4391,1154.0,-1.93,-1.93,,7.5,34.07,NORMAL,Y,0,0,0.0,9.645619104274685,4.0,4.0,0,0,0,0,0,0,0,0,N,,N,
05:04,IPCALAB,1633,1744.0,-2.91,-2.91,,7.5,38.03,NORMAL,N,0,0,0.0,14.55770194288258,4.0,4.0,0,0,0,0,0,0,0,0,N,,N,
05:04,JMFINANCIL,13637,126.9,-1.91,-1.91,,7.5,38.35,NORMAL,Y,0,0,0.0,9.546262657494006,4.0,4.0,0,0,0,0,0,0,0,0,N,,N,
05:04,LTF,24948,309.35,-1.9,-1.9,,7.5,34.67,NORMAL,N,0,0,0.0,9.513239257967337,4.0,4.0,0,0,0,0,0,0,0,0,N,,N,
05:04,MOIL,20830,274.3,-1.9,-1.9,,7.5,38.9,NORMAL,N,0,0,0.0,9.47782546494995,4.0,4.0,0,0,0,0,0,0,0,0,N,,N,
05:04,CROMPTON,17094,243.5,-1.87,-1.87,,7.5,40.72,NORMAL,N,0,0,0.0,9.369333064678633,4.0,4.0,0,0,0,0,0,0,0,0,N,,N,
05:04,REDINGTON,14255,339.55,-1.86,-1.86,,7.5,37.78,NORMAL,Y,0,0,0.0,9.320809248554896,4.0,4.0,0,0,0,0,0,0,0,0,N,,N,
05:04,VIPIND,3703,302.05,-1.84,-1.84,,7.5,36.81,NORMAL,N,0,0,0.0,9.1810204744881,4.0,4.0,0,0,0,0,0,0,0,0,N,,N,
05:04,GREAVESCOT,1235,194.89,-1.79,-1.79,,7.5,34.33,NORMAL,N,0,0,0.0,8.944769199758142,4.0,4.0,0,0,0,0,0,0,0,0,N,,N,
05:04,LTTS,18564,3504.6,-2.78,-2.78,,7.5,32.83,NORMAL,N,0,0,0.0,13.884650595056444,4.0,4.0,0,0,0,0,0,0,0,0,N,,N,
05:04,NCC,2319,142.15,-1.78,-1.78,,7.78,23.38,NORMAL,N,0,0,0.0,8.87921503593143,4.0,4.0,0,0,0,0,0,0,0,0,N,,N,
05:04,JAINREC,759244,296.15,-1.76,-1.76,,7.5,34.32,NORMAL,N,0,0,0.0,8.790844252778257,4.0,4.0,0,0,0,0,0,0,0,0,N,,N,
05:04,JIOFIN,18143,251.2,-1.72,-1.72,,7.5,35.65,NORMAL,Y,0,0,0.0,8.607198748043828,4.0,4.0,0,0,0,0,0,0,0,0,N,,N,
05:04,ZUARIIND,3827,254.65,-1.7,-1.7,,7.5,25.73,NORMAL,N,0,0,0.0,8.492569002123153,4.0,4.0,0,0,0,0,0,0,0,0,N,,N,
05:04,RAMCOSYS,7851,585.75,-1.68,-1.68,,7.5,27.94,NORMAL,N,0,0,0.0,8.392782207301721,4.0,4.0,0,0,0,0,0,0,0,0,N,,N,
05:04,IOC,1624,139.2,-1.63,-1.63,,7.5,32.76,NORMAL,N,0,0,0.0,8.127208480565411,4.0,4.0,0,0,0,0,0,0,0,0,N,,N,
05:04,FSL,14304,267.85,-1.6,-1.6,,7.5,31.75,NORMAL,N,0,0,0.0,7.990448199852987,4.0,4.0,0,0,0,0,0,0,0,0,N,,N,
05:04,PATANJALI,17029,348.2,-1.6,-1.6,,7.5,31.22,NORMAL,N,0,0,0.0,7.983608873816637,4.0,4.0,0,0,0,0,0,0,0,0,N,,N,
05:04,CYIENT,5748,865.85,-1.57,-1.57,,7.5,31.97,NORMAL,Y,0,0,0.0,7.844028875120761,4.0,4.0,0,0,0,0,0,0,0,0,N,,N,
05:04,MRPL,2283,171.66,-1.56,-1.56,,7.5,41.12,NORMAL,Y,0,0,0.0,7.799059525174902,4.0,4.0,0,0,0,0,0,0,0,0,N,,N,
05:04,RAYMOND,2859,632.0,-1.56,-1.56,,7.5,32.47,NORMAL,Y,0,0,0.0,7.78816199376947,4.0,4.0,0,0,0,0,0,0,0,0,N,,N,
05:04,IRCTC,13611,496.7,-1.54,-1.54,,7.5,24.46,NORMAL,N,0,0,0.0,7.68163346218654,4.0,4.0,0,0,0,0,0,0,0,0,N,,N,
05:04,TRIVENI,13081,262.4,8.32,8.32,,23.78,15.8,NORMAL,Y,0,0,15.0,0.0,4.0,4.0,0,0,0,0,0,0,0,0,N,,N,
05:04,RGL,15129,117.3,6.5,6.5,,22.5,31.17,NORMAL,Y,0,0,15.0,0.0,4.0,4.0,0,0,0,0,0,0,0,0,N,,N,
05:04,ELGIEQUIP,937,600.9,4.4,4.4,,22.5,34.75,NORMAL,Y,0,0,15.0,0.0,4.0,4.0,0,0,0,0,0,0,0,0,N,,Y,NONRESULTS
05:04,BATAINDIA,371,754.0,3.62,3.62,,22.5,26.43,NORMAL,Y,0,0,15.0,0.0,4.0,4.0,0,0,0,0,0,0,0,0,N,,N,
05:04,GNFC,1174,563.0,2.29,2.29,,30.17,7.5,NORMAL,Y,0,0,11.44622093023258,0.0,4.0,4.0,0,0,0,0,0,0,0,0,N,,N,
05:18,TRIVENI,13081,262.07,8.19,8.19,,22.5,15.94,NORMAL,N,0,0,15.0,0.0,4.0,4.0,0,0,0,0,0,0,0,0,N,,N,
05:18,RGL,15129,117.15,6.36,6.36,,22.5,18.23,NORMAL,N,0,0,15.0,0.0,4.0,4.0,0,0,0,0,0,0,0,0,N,,N,
05:19,PRAJIND,2705,342.95,5.73,5.73,,47.36,7.5,NORMAL,Y,0,0,15.0,0.0,4.0,4.0,0,0,0,0,0,0,0,0,N,,N,
05:19,WELSPUNLIV,11253,174.09,5.36,5.36,,26.0,15.76,NORMAL,Y,0,0,15.0,0.0,4.0,4.0,0,0,0,0,0,0,0,0,Y,NONRESULTS,N,
05:19,ELGIEQUIP,937,604.2,4.98,4.98,,26.0,14.95,NORMAL,Y,0,0,15.0,0.0,4.0,4.0,0,0,0,0,0,0,0,0,N,,Y,NONRESULTS
05:19,KRBL,10577,391.0,4.77,4.77,,22.5,19.36,NORMAL,Y,0,0,15.0,0.0,4.0,4.0,0,0,0,0,0,0,0,0,N,,N,
05:19,CHEMPLASTS,5449,187.5,3.94,3.94,,49.96,7.5,NORMAL,N,0,0,15.0,0.0,4.0,4.0,0,0,0,0,0,0,0,0,N,,Y,NONRESULTS
05:19,SHARDAMOTR,10530,913.0,3.52,3.52,,50.5,7.5,NORMAL,Y,0,0,15.0,0.0,4.0,4.0,0,0,0,0,0,0,0,0,N,,N,
05:19,SHREEPUSHK,10588,382.25,3.31,3.31,,29.5,9.31,NORMAL,N,0,0,15.0,0.0,4.0,4.0,0,0,0,0,0,0,0,0,N,,N,
05:19,SANDHAR,2397,635.2,3.26,3.26,,34.02,7.5,NORMAL,Y,0,0,15.0,0.0,4.0,4.0,0,0,0,0,0,0,0,0,N,,N,
05:19,DEVYANI,5373,143.0,3.24,3.24,,22.6,14.6,NORMAL,Y,0,0,15.0,0.0,4.0,4.0,0,0,0,0,0,0,0,0,N,,N,
05:19,ASAHIINDIA,5378,929.9,3.21,3.21,,32.07,7.5,NORMAL,Y,0,0,15.0,0.0,4.0,4.0,0,0,0,0,0,0,0,0,N,,N,
05:19,JUBLFOOD,18096,507.25,3.19,3.19,,22.5,17.58,NORMAL,Y,0,0,15.0,0.0,4.0,4.0,0,0,0,0,0,0,0,0,N,,N,
05:19,BATAINDIA,371,748.6,2.88,2.88,,21.9,25.75,NORMAL,Y,0,0,14.39565725280014,0.0,4.0,4.0,0,0,0,0,0,0,0,0,N,,N,
05:19,GNFC,1174,565.4,2.73,2.73,,28.85,11.07,NORMAL,Y,0,0,13.626453488372093,0.0,4.0,4.0,0,0,0,0,0,0,0,0,N,,N,
05:19,HEG,1336,703.05,2.34,2.34,,39.76,11.35,NORMAL,Y,0,0,11.681222707423549,0.0,4.0,4.0,0,0,0,0,0,0,0,0,N,,N,
05:19,THYROCARE,17032,620.0,2.31,2.31,,36.81,7.5,NORMAL,Y,0,0,11.55115511551155,0.0,4.0,4.0,0,0,0,0,0,0,0,0,N,,N,
05:19,PARAS,5911,1370.0,2.07,2.07,,29.93,14.5,NORMAL,Y,0,0,10.35613172403515,0.0,4.0,4.0,0,0,0,0,0,0,0,0,N,,N,
05:19,VOLTAS,3718,1315.7,2.03,2.03,,30.31,7.5,NORMAL,Y,0,0,10.158976347421499,0.0,4.0,4.0,0,0,0,0,0,0,0,0,N,,N,
05:19,LGEINDIA,760213,1700.5,7.71,7.71,,29.5,12.04,NORMAL,Y,0,0,15.0,0.0,4.0,4.0,0,0,0,0,0,0,0,0,N,,N,
05:19,AETHER,9810,1647.0,4.23,4.23,,29.5,12.94,NORMAL,Y,0,0,15.0,0.0,4.0,4.0,0,0,0,0,0,0,0,0,N,,N,
05:19,LUMAXTECH,14014,2054.0,3.35,3.35,,35.59,7.5,NORMAL,Y,0,0,15.0,0.0,4.0,4.0,0,0,0,0,0,0,0,0,N,,N,
05:19,LLOYDSENGG,17801,93.9,3.02,3.02,,29.6,10.27,NORMAL,Y,0,0,15.0,0.0,4.0,4.0,0,0,0,0,0,0,0,0,N,,N,
05:19,BERGEPAINT,404,557.05,1.96,1.96,,24.29,8.21,NORMAL,Y,0,0,9.792257710258928,0.0,4.0,4.0,0,0,0,0,0,0,0,0,N,,N,
05:19,GENUSPOWER,11905,312.55,1.96,1.96,,20.79,12.17,NORMAL,Y,0,0,9.78633175664655,0.0,4.0,4.0,0,0,0,0,0,0,0,0,Y,NONRESULTS,N,
05:19,MGL,17534,1147.8,1.95,1.95,,27.3,7.5,NORMAL,Y,0,0,9.770829632261504,0.0,4.0,4.0,0,0,0,0,0,0,0,0,N,,N,
05:19,AEGISLOG,40,1270.5,1.88,1.88,,16.92,15.59,NORMAL,N,0,0,9.422614274258219,0.0,4.0,4.0,0,0,0,0,0,0,0,0,N,,N,
05:19,SANSERA,5751,3989.9,2.88,2.88,,28.89,17.51,NORMAL,Y,0,0,14.387747208828598,0.0,4.0,4.0,0,0,0,0,0,0,0,0,N,,N,
05:19,LENSKART,759605,607.5,1.78,1.78,,20.9,14.5,NORMAL,Y,0,0,8.879209247780217,0.0,4.0,4.0,0,0,0,0,0,0,0,0,N,,N,
05:19,VARROC,3857,856.85,1.77,1.77,,29.03,7.5,NORMAL,Y,0,0,8.848506443375483,0.0,4.0,4.0,0,0,0,0,0,0,0,0,N,,N,
05:19,TREJHARA,7518,165.99,1.73,1.73,,29.65,7.5,NORMAL,Y,0,0,8.641294355580136,0.0,4.0,4.0,0,0,0,0,0,0,0,0,N,,N,
05:19,BECTORFOOD,1628,244.4,1.73,1.73,,27.06,7.66,NORMAL,Y,0,0,8.636836628511979,0.0,4.0,4.0,0,0,0,0,0,0,0,0,N,,N,
05:19,PRINCEPIPE,16045,286.35,1.69,1.69,,23.02,9.33,NORMAL,Y,0,0,8.433948863636362,0.0,4.0,4.0,0,0,0,0,0,0,0,0,N,,N,
05:19,WABAG,20188,1936.0,2.67,2.67,,20.88,14.52,NORMAL,N,0,0,13.364446330080636,0.0,4.0,4.0,0,0,0,0,0,0,0,0,N,,N,
05:19,BAJAJELEC,15034,362.45,1.64,1.64,,15.7,27.12,NORMAL,Y,0,0,8.202467750981445,0.0,4.0,4.0,0,0,0,0,0,0,0,0,N,,N,
05:19,ENGINERSIN,4907,244.5,1.63,1.63,,15.65,21.25,NORMAL,Y,0,0,8.146978136170894,0.0,4.0,4.0,0,0,0,0,0,0,0,0,N,,N,
05:19,PRICOLLTD,19631,777.1,1.58,1.58,,24.58,7.5,NORMAL,Y,0,0,7.908496732026158,0.0,4.0,4.0,0,0,0,0,0,0,0,0,N,,N,
05:19,SUPREMEINF,15002,91.45,2.58,2.58,,46.21,7.5,NORMAL,Y,0,0,12.899607403252928,0.0,4.0,4.0,0,0,0,0,0,0,0,0,N,,N,
05:19,ABMKNO,762528,203.0,1.52,1.52,,22.1,7.5,NORMAL,Y,0,0,7.6015203040607915,0.0,4.0,4.0,0,0,0,0,0,0,0,0,N,,N,
05:19,GARFIBRES,1100,763.1,1.46,1.46,,22.2,7.73,NORMAL,N,0,0,7.279133151632019,0.0,4.0,4.0,0,0,0,0,0,0,0,0,N,,N,
05:19,HISARMETAL,19322,152.03,1.39,1.39,,32.47,15.15,NORMAL,Y,0,0,6.969454448446056,0.0,4.0,4.0,0,0,0,0,0,0,0,0,N,,N,
05:19,ADANIGREEN,3563,1336.7,1.34,1.34,,24.3,7.5,NORMAL,N,0,0,6.709628506444293,0.0,4.0,4.0,0,0,0,0,0,0,0,0,N,,N,
05:19,ASHOKLEY,212,178.51,1.29,1.29,,26.43,7.5,NORMAL,Y,0,0,6.468819156783752,0.0,4.0,4.0,0,0,0,0,0,0,0,0,N,,N,
05:19,GUJGASLTD,10599,288.0,1.27,1.27,,13.83,17.2,NORMAL,Y,0,0,6.329113924050673,0.0,4.0,4.0,0,0,0,0,0,0,0,0,N,,N,
05:19,MARKSANS,10579,316.55,1.26,1.26,,35.2,7.5,NORMAL,Y,0,0,6.317978246960953,0.0,4.0,4.0,0,0,0,0,0,0,0,0,N,,N,
05:19,AVANTIFEED,7936,867.45,1.23,1.23,,20.63,13.4,NORMAL,N,0,0,6.126378435147908,0.0,4.0,4.0,0,0,0,0,0,0,0,0,N,,N,
05:19,PURVA,14922,220.54,1.22,1.22,,18.7,11.08,NORMAL,Y,0,0,6.081050071136826,0.0,4.0,4.0,0,0,0,0,0,0,0,0,N,,N,
05:19,GANESHHOU,14339,826.7,1.21,1.21,,17.55,11.26,NORMAL,Y,0,0,6.060235063663132,0.0,4.0,4.0,0,0,0,0,0,0,0,0,N,,N,
05:19,ROLEXRINGS,5279,180.25,1.12,1.12,,20.08,8.83,NORMAL,Y,0,0,5.5817345450465865,0.0,4.0,4.0,0,0,0,0,0,0,0,0,N,,N,
05:19,CESC,628,166.64,1.1,1.1,,13.04,14.9,NORMAL,Y,0,0,5.4905053691681545,0.0,4.0,4.0,0,0,0,0,0,0,0,0,N,,N,
05:19,RECLTD,15355,336.05,-3.02,-3.02,,7.5,33.47,NORMAL,N,0,0,0.0,15.0,4.0,4.0,0,0,0,0,0,0,0,0,N,,N,
05:19,YATRA,18760,112.45,-3.15,-3.15,,19.65,29.5,NORMAL,Y,0,0,0.0,15.0,4.0,4.0,0,0,0,0,0,0,0,0,N,,N,
05:19,HINDZINC,1424,560.05,-3.16,-3.16,,12.34,30.02,NORMAL,N,0,0,0.0,15.0,4.0,4.0,0,0,0,0,0,0,0,0,N,,N,
05:19,JKPAPER,11860,380.2,-3.39,-3.39,,7.5,43.97,NORMAL,N,0,0,0.0,15.0,4.0,4.0,0,0,0,0,0,0,0,0,N,,N,
05:19,ABDL,24308,605.7,-3.5,-3.5,,8.81,29.55,NORMAL,N,0,0,0.0,15.0,4.0,4.0,0,0,0,0,0,0,0,0,N,,N,
05:19,GPIL,13409,234.77,-3.51,-3.51,,7.5,31.98,NORMAL,N,0,0,0.0,15.0,4.0,4.0,0,0,0,0,0,0,0,0,N,,N,
05:19,RELAXO,24225,402.0,-4.16,-4.16,,8.33,29.5,NORMAL,N,0,0,0.0,15.0,4.0,4.0,0,0,0,0,0,0,0,0,N,,N,
05:19,TIMETECHNO,14707,195.19,-4.34,-4.34,,8.3,29.78,NORMAL,N,0,0,0.0,15.0,4.0,4.0,0,0,0,0,0,0,0,0,N,,N,
05:19,TMPV,3456,332.25,-4.96,-4.96,,14.01,26.0,NORMAL,N,0,0,0.0,15.0,4.0,4.0,0,0,0,0,0,0,0,0,N,,N,
05:19,HINDPETRO,1406,372.4,-5.22,-5.22,,7.5,31.79,NORMAL,N,0,0,0.0,15.0,4.0,4.0,0,0,0,0,0,0,0,0,N,,N,
05:19,NARMADA,6364,378.9,-5.39,-5.39,,7.5,32.28,NORMAL,Y,0,0,0.0,15.0,4.0,4.0,0,0,0,0,0,0,0,0,N,,N,
05:19,GOCLCORP,3963,407.0,-5.55,-5.55,,11.83,29.5,NORMAL,N,0,0,0.0,15.0,4.0,4.0,0,0,0,0,0,0,0,0,N,,N,
05:19,MIDHANI,2463,418.8,-5.86,-5.86,,21.72,29.5,NORMAL,Y,0,0,0.0,15.0,4.0,4.0,0,0,0,0,0,0,0,0,N,,N,
05:19,INOXGREEN,12188,181.99,-2.66,-2.66,,7.5,43.39,NORMAL,N,0,0,0.0,13.291613179289685,4.0,4.0,0,0,0,0,0,0,0,0,N,,N,
05:19,JTEKTINDIA,3237,129.85,-2.6,-2.6,,7.5,32.04,NORMAL,N,0,0,0.0,13.013801380138009,4.0,4.0,0,0,0,0,0,0,0,0,N,,N,
05:19,SAREGAMA,4892,518.0,-2.57,-2.57,,7.5,31.96,NORMAL,N,0,0,0.0,12.837393021724798,4.0,4.0,0,0,0,0,0,0,0,0,N,,N,
05:19,RAJRATAN,18962,517.25,-2.38,-2.38,,11.67,27.16,NORMAL,Y,0,0,0.0,11.890157591771276,4.0,4.0,0,0,0,0,0,0,0,0,N,,N,
05:19,RHIM,31163,382.5,-2.34,-2.34,,7.5,30.62,NORMAL,N,0,0,0.0,11.68134814247412,4.0,4.0,0,0,0,0,0,0,0,0,N,,N,
05:19,SAIL,2963,164.85,-2.27,-2.27,,28.43,20.97,NORMAL,N,0,0,0.0,11.352857481622042,4.0,4.0,0,0,0,0,0,0,0,0,N,,N,
05:19,PTC,11355,161.15,-2.21,-2.21,,7.5,26.56,NORMAL,N,0,0,0.0,11.074029126213606,4.0,4.0,0,0,0,0,0,0,0,0,N,,N,
05:19,RAINBOW,9408,1423.0,-2.06,-2.06,,7.5,28.52,NORMAL,N,0,0,0.0,10.323468685478321,4.0,4.0,0,0,0,0,0,0,0,0,N,,N,
05:19,NIACL,399,176.95,-2.05,-2.05,,10.9,25.05,NORMAL,Y,0,0,0.0,10.240797121505722,4.0,4.0,0,0,0,0,0,0,0,0,N,,N,
05:19,SHALBY,714,153.0,-2.02,-2.02,,7.5,32.72,NORMAL,N,0,0,0.0,10.086455331412122,4.0,4.0,0,0,0,0,0,0,0,0,N,,N,
05:19,HINDALCO,1363,1025.3,-2.0,-2.0,,7.64,24.87,NORMAL,Y,0,0,0.0,10.01194743130229,4.0,4.0,0,0,0,0,0,0,0,0,N,,N,
05:19,IPCALAB,1633,1742.1,-3.02,-3.02,,7.5,36.2,NORMAL,N,0,0,0.0,15.0,4.0,4.0,0,0,0,0,0,0,0,0,N,,N,
05:19,XCHANGING,11705,63.5,-3.41,-3.41,,11.63,29.5,NORMAL,N,0,0,0.0,15.0,4.0,4.0,0,0,0,0,0,0,0,0,N,,N,
05:19,LTF,24948,309.15,-1.97,-1.97,,7.5,27.43,NORMAL,N,0,0,0.0,9.830347233232986,4.0,4.0,0,0,0,0,0,0,0,0,N,,N,
05:19,EMSLIMITED,18593,361.9,-1.96,-1.96,,7.53,25.06,NORMAL,N,0,0,0.0,9.819856426926727,4.0,4.0,0,0,0,0,0,0,0,0,N,,N,
05:19,JMFINANCIL,13637,126.85,-1.95,-1.95,,9.21,24.24,NORMAL,Y,0,0,0.0,9.73950684084413,4.0,4.0,0,0,0,0,0,0,0,0,N,,N,
05:19,ENDURANCE,18822,2887.8,-2.94,-2.94,,7.5,42.65,NORMAL,Y,0,0,0.0,14.704399556347258,4.0,4.0,0,0,0,0,0,0,0,0,N,,N,
05:19,REDINGTON,14255,339.3,-1.94,-1.94,,8.45,24.18,NORMAL,Y,0,0,0.0,9.682080924855475,4.0,4.0,0,0,0,0,0,0,0,0,N,,N,
05:19,SUDARSCHEM,3327,1032.5,-1.93,-1.93,,7.5,36.93,NORMAL,N,0,0,0.0,9.64095744680849,4.0,4.0,0,0,0,0,0,0,0,0,N,,N,
05:19,GULFOILLUB,4391,1154.3,-1.9,-1.9,,9.65,24.18,NORMAL,Y,0,0,0.0,9.518143961927464,4.0,4.0,0,0,0,0,0,0,0,0,N,,N,
05:19,MOIL,20830,274.4,-1.86,-1.86,,8.74,24.16,NORMAL,N,0,0,0.0,9.298998569384915,4.0,4.0,0,0,0,0,0,0,0,0,N,,N,
05:19,SURYODAY,2970,153.5,-1.85,-1.85,,7.58,23.74,NORMAL,N,0,0,0.0,9.23972120979598,4.0,4.0,0,0,0,0,0,0,0,0,N,,N,
05:19,TATASTEEL,3499,181.54,-1.79,-1.79,,23.99,20.26,NORMAL,N,0,0,0.0,8.953205301595895,4.0,4.0,0,0,0,0,0,0,0,0,N,,N,
05:19,MRPL,2283,171.35,-1.74,-1.74,,7.5,27.01,NORMAL,Y,0,0,0.0,8.687922926941168,4.0,4.0,0,0,0,0,0,0,0,0,N,,N,
05:19,LUXIND,11301,1188.4,-1.73,-1.73,,7.5,35.73,NORMAL,N,0,0,0.0,8.641362771851428,4.0,4.0,0,0,0,0,0,0,0,0,N,,N,
05:19,GREAVESCOT,1235,195.09,-1.69,-1.69,,9.58,23.1,NORMAL,N,0,0,0.0,8.440838540616799,4.0,4.0,0,0,0,0,0,0,0,0,N,,N,
05:19,JIOFIN,18143,251.3,-1.68,-1.68,,7.5,23.65,NORMAL,Y,0,0,0.0,8.411580594679153,4.0,4.0,0,0,0,0,0,0,0,0,N,,N,
05:19,ROUTE,128,506.05,-1.66,-1.66,,7.5,25.97,NORMAL,N,0,0,0.0,8.307423241352518,4.0,4.0,0,0,0,0,0,0,0,0,N,,N,
05:19,NCC,2319,142.32,-1.66,-1.66,,13.06,19.44,NORMAL,N,0,0,0.0,8.291873963515775,4.0,4.0,0,0,0,0,0,0,0,0,N,,N,
05:19,IOC,1624,139.17,-1.65,-1.65,,7.93,23.09,NORMAL,N,0,0,0.0,8.233215547703225,4.0,4.0,0,0,0,0,0,0,0,0,N,,N,
05:19,OIL,17438,472.0,-1.63,-1.63,,7.52,27.63,NORMAL,Y,0,0,0.0,8.128386827844947,4.0,4.0,0,0,0,0,0,0,0,0,N,,N,
05:19,CYIENT,5748,865.35,-1.63,-1.63,,7.5,26.96,NORMAL,Y,0,0,0.0,8.128232819871513,4.0,4.0,0,0,0,0,0,0,0,0,N,,N,
05:19,VIPIND,3703,302.7,-1.62,-1.62,,7.5,28.18,NORMAL,N,0,0,0.0,8.124796880077998,4.0,4.0,0,0,0,0,0,0,0,0,N,,N,
05:19,PREMIERENE,25049,1019.0,-1.62,-1.62,,11.92,22.75,NORMAL,N,0,0,0.0,8.109673682178004,4.0,4.0,0,0,0,0,0,0,0,0,N,,N,
05:19,JAINREC,759244,296.7,-1.58,-1.58,,7.5,22.75,NORMAL,N,0,0,0.0,7.8785868303201205,4.0,4.0,0,0,0,0,0,0,0,0,N,,N,
05:19,LTTS,18564,3513.3,-2.54,-2.54,,10.68,27.18,NORMAL,N,0,0,0.0,12.677892751130418,4.0,4.0,0,0,0,0,0,0,0,0,N,,N,
05:19,RUPA,25724,151.52,-1.53,-1.53,,7.97,22.14,NORMAL,N,0,0,0.0,7.636316370962481,4.0,4.0,0,0,0,0,0,0,0,0,N,,N,
05:19,ELGIEQUIP,937,604.2,4.98,4.98,,29.69,11.2,NORMAL,Y,0,0,15.0,0.0,4.0,4.0,0,0,0,0,0,0,0,0,N,,Y,NONRESULTS
05:19,SANDHAR,2397,635.2,3.26,3.26,,34.02,7.5,NORMAL,Y,0,0,15.0,0.0,4.0,4.0,0,0,0,0,0,0,0,0,N,,N,
05:19,ASAHIINDIA,5378,929.9,3.21,3.21,,34.66,7.5,NORMAL,Y,0,0,15.0,0.0,4.0,4.0,0,0,0,0,0,0,0,0,N,,N,
05:19,LGEINDIA,760213,1700.5,7.71,7.71,,29.5,11.85,NORMAL,Y,0,0,15.0,0.0,4.0,4.0,0,0,0,0,0,0,0,0,N,,N,
05:19,AETHER,9810,1647.0,4.23,4.23,,29.5,12.94,NORMAL,Y,0,0,15.0,0.0,4.0,4.0,0,0,0,0,0,0,0,0,N,,N,
05:34,TRIVENI,13081,261.09,7.78,7.78,,22.5,16.99,NORMAL,N,0,0,15.0,0.0,4.0,4.0,0,0,0,0,0,0,0,0,N,,N,
05:34,RGL,15129,117.06,6.28,6.28,,22.69,21.18,NORMAL,Y,0,0,15.0,0.0,4.0,4.0,0,0,0,0,0,0,0,0,N,,N,
05:34,PRAJIND,2705,343.6,5.93,5.93,,29.9,14.96,NORMAL,Y,0,0,15.0,0.0,4.0,4.0,0,0,0,0,0,0,0,0,N,,N,
05:34,KRBL,10577,392.15,5.08,5.08,,31.79,14.5,NORMAL,Y,0,0,15.0,0.0,4.0,4.0,0,0,0,0,0,0,0,0,N,,N,
05:34,ELGIEQUIP,937,603.75,4.9,4.9,,22.93,20.07,NORMAL,Y,0,0,15.0,0.0,4.0,4.0,0,0,0,0,0,0,0,0,N,,Y,NONRESULTS
05:34,ASAHIINDIA,5378,939.25,4.25,4.25,,31.68,10.44,NORMAL,Y,0,0,15.0,0.0,4.0,4.0,0,0,0,0,0,0,0,0,N,,N,
05:34,WELSPUNLIV,11253,171.13,3.57,3.57,,22.5,34.56,NORMAL,Y,0,0,15.0,0.0,4.0,4.0,0,0,0,0,0,0,0,0,Y,NONRESULTS,N,
05:34,CHEMPLASTS,5449,186.77,3.54,3.54,,37.37,7.5,NORMAL,N,0,0,15.0,0.0,4.0,4.0,0,0,0,0,0,0,0,0,N,,Y,NONRESULTS
05:34,SHARDAMOTR,10530,912.8,3.5,3.5,,33.56,8.09,NORMAL,Y,0,0,15.0,0.0,4.0,4.0,0,0,0,0,0,0,0,0,N,,N,
05:34,BATAINDIA,371,752.2,3.37,3.37,,40.64,14.5,NORMAL,Y,0,0,15.0,0.0,4.0,4.0,0,0,0,0,0,0,0,0,N,,N,
05:34,DEVYANI,5373,143.01,3.25,3.25,,22.84,17.11,NORMAL,Y,0,0,15.0,0.0,4.0,4.0,0,0,0,0,0,0,0,0,N,,N,
05:34,PARAS,5911,1384.8,3.17,3.17,,49.39,7.5,NORMAL,Y,0,0,15.0,0.0,4.0,4.0,0,0,0,0,0,0,0,0,N,,N,
05:34,JUBLFOOD,18096,506.95,3.13,3.13,,22.5,17.46,NORMAL,Y,0,0,15.0,0.0,4.0,4.0,0,0,0,0,0,0,0,0,N,,N,
05:34,SANDHAR,2397,634.0,3.06,3.06,,30.68,7.89,NORMAL,Y,0,0,15.0,0.0,4.0,4.0,0,0,0,0,0,0,0,0,N,,N,
05:34,SHREEPUSHK,10588,381.15,3.01,3.01,,29.5,17.69,NORMAL,N,0,0,15.0,0.0,4.0,4.0,0,0,0,0,0,0,0,0,N,,N,
05:34,HEG,1336,704.8,2.59,2.59,,40.09,7.5,NORMAL,Y,0,0,12.954876273653532,0.0,4.0,4.0,0,0,0,0,0,0,0,0,N,,N,
05:34,GNFC,1174,564.4,2.54,2.54,,27.22,8.4,NORMAL,Y,0,0,12.718023255813954,0.0,4.0,4.0,0,0,0,0,0,0,0,0,N,,N,
05:34,THYROCARE,17032,620.55,2.4,2.4,,29.74,7.5,NORMAL,Y,0,0,12.004950495049465,0.0,4.0,4.0,0,0,0,0,0,0,0,0,N,,N,
05:34,VERANDA,8890,248.0,2.14,2.14,,45.06,7.5,NORMAL,Y,0,0,10.708401976935725,0.0,4.0,4.0,0,0,0,0,0,0,0,0,N,,N,
05:34,MGL,17534,1149.8,2.13,2.13,,25.51,9.53,NORMAL,Y,0,0,10.659086871558006,0.0,4.0,4.0,0,0,0,0,0,0,0,0,N,,N,
05:34,LENSKART,759605,609.6,2.13,2.13,,28.1,11.0,NORMAL,Y,0,0,10.638297872340463,0.0,4.0,4.0,0,0,0,0,0,0,0,0,N,,N,
05:34,HSCL,14334,794.15,2.06,2.06,,43.53,7.5,NORMAL,Y,0,0,10.280794191351282,0.0,4.0,4.0,0,0,0,0,0,0,0,0,N,,N,
05:34,LGEINDIA,760213,1701.0,7.74,7.74,,29.5,9.32,NORMAL,Y,0,0,15.0,0.0,4.0,4.0,0,0,0,0,0,0,0,0,N,,N,
05:34,AETHER,9810,1644.0,4.04,4.04,,29.5,10.4,NORMAL,Y,0,0,15.0,0.0,4.0,4.0,0,0,0,0,0,0,0,0,N,,N,
05:34,SANSERA,5751,3995.0,3.01,3.01,,29.5,8.79,NORMAL,Y,0,0,15.0,0.0,4.0,4.0,0,0,0,0,0,0,0,0,N,,N,
05:34,GENUSPOWER,11905,312.5,1.94,1.94,,20.7,13.94,NORMAL,Y,0,0,9.70477899200781,0.0,4.0,4.0,0,0,0,0,0,0,0,0,Y,NONRESULTS,N,
05:34,VOLTAS,3718,1314.1,1.91,1.91,,30.73,7.57,NORMAL,Y,0,0,9.538580845288838,0.0,4.0,4.0,0,0,0,0,0,0,0,0,N,,N,
05:34,BERGEPAINT,404,556.25,1.81,1.81,,20.06,15.2,NORMAL,Y,0,0,9.060126292669514,0.0,4.0,4.0,0,0,0,0,0,0,0,0,N,,N,
05:34,LLOYDSENGG,17801,93.64,2.73,2.73,,37.79,7.57,NORMAL,Y,0,0,13.658804168952248,0.0,4.0,4.0,0,0,0,0,0,0,0,0,N,,N,
05:34,AEGISLOG,40,1266.9,1.6,1.6,,15.48,20.9,NORMAL,N,0,0,7.979149959903805,0.0,4.0,4.0,0,0,0,0,0,0,0,0,N,,N,
05:34,MARKSANS,10579,317.5,1.57,1.57,,22.91,11.31,NORMAL,Y,0,0,7.837492002559143,0.0,4.0,4.0,0,0,0,0,0,0,0,0,N,,N,
05:34,WABAG,20188,1934.0,2.57,2.57,,22.32,14.78,NORMAL,N,0,0,12.83411115825204,0.0,4.0,4.0,0,0,0,0,0,0,0,0,N,,N,
05:34,GANESHHOU,14339,829.45,1.55,1.55,,23.13,14.07,NORMAL,Y,0,0,7.74363369245843,0.0,4.0,4.0,0,0,0,0,0,0,0,0,N,,N,
05:34,BECTORFOOD,1628,243.95,1.54,1.54,,22.2,11.86,NORMAL,Y,0,0,7.700312174817875,0.0,4.0,4.0,0,0,0,0,0,0,0,0,N,,N,
05:34,ABMKNO,762528,203.0,1.52,1.52,,22.1,7.5,NORMAL,Y,0,0,7.6015203040607915,0.0,4.0,4.0,0,0,0,0,0,0,0,0,N,,N,
05:34,GARFIBRES,1100,763.55,1.52,1.52,,22.35,7.68,NORMAL,N,0,0,7.5782756099182205,0.0,4.0,4.0,0,0,0,0,0,0,0,0,N,,N,
05:34,RAMCOCEM,2043,922.15,1.47,1.47,,30.72,7.5,NORMAL,N,0,0,7.344850352112688,0.0,4.0,4.0,0,0,0,0,0,0,0,0,N,,N,
05:34,ENGINERSIN,4907,244.0,1.42,1.42,,14.61,20.81,NORMAL,Y,0,0,7.107822761659297,0.0,4.0,4.0,0,0,0,0,0,0,0,0,N,,N,
05:34,HISARMETAL,19322,152.03,1.39,1.39,,19.25,15.51,NORMAL,Y,0,0,6.969454448446056,0.0,4.0,4.0,0,0,0,0,0,0,0,0,N,,N,
05:34,BHARTIARTL,10604,1984.3,2.33,2.33,,46.03,7.5,NORMAL,Y,0,0,11.654891444484567,0.0,4.0,4.0,0,0,0,0,0,0,0,0,N,,N,
05:34,BAJAJELEC,15034,361.1,1.26,1.26,,13.81,27.32,NORMAL,Y,0,0,6.30959057767807,0.0,4.0,4.0,0,0,0,0,0,0,0,0,N,,N,
05:34,PRINCEPIPE,16045,285.1,1.24,1.24,,17.21,18.88,NORMAL,Y,0,0,6.214488636363637,0.0,4.0,4.0,0,0,0,0,0,0,0,0,N,,N,
05:34,LUMAXTECH,14014,2032.0,2.24,2.24,,22.19,22.52,NORMAL,Y,0,0,11.19496855345912,0.0,4.0,4.0,0,0,0,0,0,0,0,0,N,,N,
05:34,AVANTIFEED,7936,867.45,1.23,1.23,,20.63,9.7,NORMAL,N,0,0,6.126378435147908,0.0,4.0,4.0,0,0,0,0,0,0,0,0,N,,N,
05:34,BHARTIHEXA,23489,1600.1,2.21,2.21,,34.62,7.5,NORMAL,Y,0,0,11.050782497604569,0.0,4.0,4.0,0,0,0,0,0,0,0,0,N,,N,
05:34,PRICOLLTD,19631,774.2,1.2,1.2,,24.3,11.33,NORMAL,Y,0,0,6.013071895424867,0.0,4.0,4.0,0,0,0,0,0,0,0,0,N,,N,
05:34,TREJHARA,7518,165.09,1.18,1.18,,20.38,23.23,NORMAL,Y,0,0,5.883434454863076,0.0,4.0,4.0,0,0,0,0,0,0,0,0,N,,N,
05:34,RATNAMANI,13451,2346.6,2.11,2.11,,21.9,11.27,NORMAL,N,0,0,10.574412532637057,0.0,4.0,4.0,0,0,0,0,0,0,0,0,N,,N,
05:34,SUPREMEINF,15002,90.99,2.06,2.06,,18.16,30.96,NORMAL,Y,0,0,10.319685922602293,0.0,4.0,4.0,0,0,0,0,0,0,0,0,N,,N,
05:34,PURVA,14922,220.18,1.05,1.05,,19.45,11.1,NORMAL,Y,0,0,5.254945155812614,0.0,4.0,4.0,0,0,0,0,0,0,0,0,N,,N,
05:34,RECLTD,15355,335.25,-3.25,-3.25,,17.58,29.72,NORMAL,N,0,0,0.0,15.0,4.0,4.0,0,0,0,0,0,0,0,0,N,,N,
05:34,JKPAPER,11860,379.4,-3.6,-3.6,,7.5,34.72,NORMAL,N,0,0,0.0,15.0,4.0,4.0,0,0,0,0,0,0,0,0,N,,N,
05:34,YATRA,18760,111.74,-3.76,-3.76,,7.5,36.29,NORMAL,Y,0,0,0.0,15.0,4.0,4.0,0,0,0,0,0,0,0,0,N,,N,
05:34,GPIL,13409,234.15,-3.76,-3.76,,7.5,34.22,NORMAL,N,0,0,0.0,15.0,4.0,4.0,0,0,0,0,0,0,0,0,N,,N,
05:34,ABDL,24308,604.0,-3.78,-3.78,,7.5,35.39,NORMAL,N,0,0,0.0,15.0,4.0,4.0,0,0,0,0,0,0,0,0,N,,N,
05:34,TIMETECHNO,14707,195.01,-4.43,-4.43,,12.11,29.71,NORMAL,N,0,0,0.0,15.0,4.0,4.0,0,0,0,0,0,0,0,0,N,,N,
05:34,RELAXO,24225,400.8,-4.45,-4.45,,7.5,39.32,NORMAL,N,0,0,0.0,15.0,4.0,4.0,0,0,0,0,0,0,0,0,N,,N,
05:34,TMPV,3456,332.35,-4.93,-4.93,,14.31,26.0,NORMAL,N,0,0,0.0,15.0,4.0,4.0,0,0,0,0,0,0,0,0,N,,N,
05:34,HINDPETRO,1406,373.2,-5.01,-5.01,,11.53,26.0,NORMAL,N,0,0,0.0,15.0,4.0,4.0,0,0,0,0,0,0,0,0,N,,N,
05:34,GOCLCORP,3963,408.0,-5.31,-5.31,,15.43,29.5,NORMAL,N,0,0,0.0,15.0,4.0,4.0,0,0,0,0,0,0,0,0,N,,N,
05:34,NARMADA,6364,378.9,-5.39,-5.39,,10.8,29.5,NORMAL,Y,0,0,0.0,15.0,4.0,4.0,0,0,0,0,0,0,0,0,N,,N,
05:34,MIDHANI,2463,420.45,-5.48,-5.48,,14.69,29.5,NORMAL,Y,0,0,0.0,15.0,4.0,4.0,0,0,0,0,0,0,0,0,N,,N,
05:34,HINDZINC,1424,561.0,-3.0,-3.0,,12.41,29.5,NORMAL,N,0,0,0.0,14.999567735800138,4.0,4.0,0,0,0,0,0,0,0,0,N,,N,
05:34,RAJRATAN,18962,514.8,-2.84,-2.84,,7.5,39.91,NORMAL,Y,0,0,0.0,14.202132679060174,4.0,4.0,0,0,0,0,0,0,0,0,N,,N,
05:34,INOXGREEN,12188,181.89,-2.71,-2.71,,7.5,41.83,NORMAL,N,0,0,0.0,13.559050064184909,4.0,4.0,0,0,0,0,0,0,0,0,N,,N,
05:34,JTEKTINDIA,3237,129.77,-2.66,-2.66,,7.5,29.74,NORMAL,N,0,0,0.0,13.31383138313825,4.0,4.0,0,0,0,0,0,0,0,0,N,,N,
05:34,RHIM,31163,381.55,-2.58,-2.58,,7.5,28.33,NORMAL,N,0,0,0.0,12.89416570917907,4.0,4.0,0,0,0,0,0,0,0,0,N,,N,
05:34,SAREGAMA,4892,518.1,-2.55,-2.55,,11.12,27.24,NORMAL,N,0,0,0.0,12.743346186400784,4.0,4.0,0,0,0,0,0,0,0,0,N,,N,
05:34,PTC,11355,160.62,-2.54,-2.54,,7.5,35.97,NORMAL,N,0,0,0.0,12.682038834951475,4.0,4.0,0,0,0,0,0,0,0,0,N,,N,
05:34,LUXIND,11301,1181.4,-2.31,-2.31,,7.63,27.56,NORMAL,N,0,0,0.0,11.535599106921303,4.0,4.0,0,0,0,0,0,0,0,0,N,,N,
05:34,ZUARIIND,3827,253.1,-2.3,-2.3,,7.5,36.97,NORMAL,N,0,0,0.0,11.484269446052918,4.0,4.0,0,0,0,0,0,0,0,0,N,,N,
05:34,EMSLIMITED,18593,360.85,-2.25,-2.25,,19.54,25.79,NORMAL,N,0,0,0.0,11.24204253013674,4.0,4.0,0,0,0,0,0,0,0,0,N,,N,
05:34,RAINBOW,9408,1421.0,-2.2,-2.2,,7.5,28.45,NORMAL,N,0,0,0.0,11.011699931176876,4.0,4.0,0,0,0,0,0,0,0,0,N,,N,
05:34,LTF,24948,308.65,-2.12,-2.12,,7.5,30.09,NORMAL,N,0,0,0.0,10.623117171396933,4.0,4.0,0,0,0,0,0,0,0,0,N,,N,
05:34,JMFINANCIL,13637,126.7,-2.06,-2.06,,7.5,27.17,NORMAL,Y,0,0,0.0,10.319239390894342,4.0,4.0,0,0,0,0,0,0,0,0,N,,N,
05:34,MOIL,20830,274.0,-2.0,-2.0,,7.5,26.4,NORMAL,N,0,0,0.0,10.014306151645247,4.0,4.0,0,0,0,0,0,0,0,0,N,,N,
05:34,IPCALAB,1633,1741.6,-3.05,-3.05,,10.9,29.5,NORMAL,N,0,0,0.0,15.0,4.0,4.0,0,0,0,0,0,0,0,0,N,,N,
05:34,ENDURANCE,18822,2882.5,-3.12,-3.12,,7.5,33.77,NORMAL,Y,0,0,0.0,15.0,4.0,4.0,0,0,0,0,0,0,0,0,N,,N,
05:34,XCHANGING,11705,63.4,-3.56,-3.56,,7.5,42.16,NORMAL,N,0,0,0.0,15.0,4.0,4.0,0,0,0,0,0,0,0,0,N,,N,
05:34,NIACL,399,177.05,-1.99,-1.99,,7.65,24.46,NORMAL,Y,0,0,0.0,9.964018820924425,4.0,4.0,0,0,0,0,0,0,0,0,N,,N,
05:34,GULFOILLUB,4391,1153.3,-1.99,-1.99,,7.5,24.74,NORMAL,Y,0,0,0.0,9.943061103084936,4.0,4.0,0,0,0,0,0,0,0,0,N,,N,
05:34,REDINGTON,14255,339.15,-1.98,-1.98,,7.5,27.21,NORMAL,Y,0,0,0.0,9.898843930635872,4.0,4.0,0,0,0,0,0,0,0,0,N,,N,
05:34,SONATSOFTW,6596,320.0,-1.96,-1.96,,7.5,28.81,NORMAL,N,0,0,0.0,9.803921568627416,4.0,4.0,0,0,0,0,0,0,0,0,N,,N,
05:34,HINDALCO,1363,1026.05,-1.93,-1.93,,12.64,20.65,NORMAL,Y,0,0,0.0,9.653524492234192,4.0,4.0,0,0,0,0,0,0,0,0,N,,N,
05:34,PREMIERENE,25049,1016.0,-1.91,-1.91,,7.5,28.49,NORMAL,N,0,0,0.0,9.557829696852652,4.0,4.0,0,0,0,0,0,0,0,0,N,,N,
05:34,MRPL,2283,171.07,-1.9,-1.9,,11.03,24.01,NORMAL,Y,0,0,0.0,9.49076728982682,4.0,4.0,0,0,0,0,0,0,0,0,N,,N,
05:34,JAINREC,759244,295.8,-1.87,-1.87,,7.88,24.23,NORMAL,N,0,0,0.0,9.371371703433368,4.0,4.0,0,0,0,0,0,0,0,0,N,,N,
05:34,SURYODAY,2970,153.53,-1.83,-1.83,,7.5,26.29,NORMAL,N,0,0,0.0,9.143807148794634,4.0,4.0,0,0,0,0,0,0,0,0,N,,N,
05:34,SOUTHWEST,9678,219.27,-1.81,-1.81,,7.5,42.6,NORMAL,N,0,0,0.0,9.045721194751673,4.0,4.0,0,0,0,0,0,0,0,0,N,,N,
05:34,SUDARSCHEM,3327,1033.9,-1.8,-1.8,,17.48,23.48,NORMAL,N,0,0,0.0,8.976063829787169,4.0,4.0,0,0,0,0,0,0,0,0,N,,N,
05:34,NCC,2319,142.13,-1.79,-1.79,,7.53,23.86,NORMAL,N,0,0,0.0,8.948313985627431,4.0,4.0,0,0,0,0,0,0,0,0,N,,N,
05:34,LTTS,18564,3504.8,-2.77,-2.77,,7.5,30.6,NORMAL,N,0,0,0.0,13.856909035425922,4.0,4.0,0,0,0,0,0,0,0,0,N,,N,
05:34,CYIENT,5748,864.1,-1.77,-1.77,,7.5,25.41,NORMAL,Y,0,0,0.0,8.838742681748398,4.0,4.0,0,0,0,0,0,0,0,0,N,,N,
05:34,ROUTE,128,505.6,-1.75,-1.75,,7.5,27.33,NORMAL,N,0,0,0.0,8.744656043528954,4.0,4.0,0,0,0,0,0,0,0,0,N,,N,
05:34,SHALBY,714,153.42,-1.75,-1.75,,9.14,23.24,NORMAL,N,0,0,0.0,8.741594620557214,4.0,4.0,0,0,0,0,0,0,0,0,N,,N,
05:34,JIOFIN,18143,251.15,-1.74,-1.74,,7.5,26.68,NORMAL,Y,0,0,0.0,8.705007824726113,4.0,4.0,0,0,0,0,0,0,0,0,N,,N,
05:34,FSL,14304,267.5,-1.73,-1.73,,8.09,23.2,NORMAL,N,0,0,0.0,8.633357825128563,4.0,4.0,0,0,0,0,0,0,0,0,N,,N,
05:34,TATASTEEL,3499,181.66,-1.73,-1.73,,17.16,19.63,NORMAL,N,0,0,0.0,8.628617798214764,4.0,4.0,0,0,0,0,0,0,0,0,N,,N,
05:34,JAMNAAUTO,20778,124.5,-1.72,-1.72,,7.5,30.51,NORMAL,N,0,0,0.0,8.604357436059388,4.0,4.0,0,0,0,0,0,0,0,0,N,,N,
05:34,SWIGGY,27066,275.0,-1.72,-1.72,,7.5,36.72,NORMAL,N,0,0,0.0,8.577555396711958,4.0,4.0,0,0,0,0,0,0,0,0,N,,N,
05:34,RGL,15129,117.06,6.28,6.28,,22.69,21.18,NORMAL,Y,0,0,15.0,0.0,4.0,4.0,0,0,0,0,0,0,0,0,N,,N,
05:34,PRAJIND,2705,343.6,5.93,5.93,,29.79,20.46,NORMAL,Y,0,0,15.0,0.0,4.0,4.0,0,0,0,0,0,0,0,0,N,,N,
05:34,ASAHIINDIA,5378,939.25,4.25,4.25,,36.27,7.5,NORMAL,Y,0,0,15.0,0.0,4.0,4.0,0,0,0,0,0,0,0,0,N,,N,
05:34,WELSPUNLIV,11253,171.13,3.57,3.57,,22.5,34.52,NORMAL,Y,0,0,15.0,0.0,4.0,4.0,0,0,0,0,0,0,0,0,Y,NONRESULTS,N,
05:34,BATAINDIA,371,752.2,3.37,3.37,,40.66,14.5,NORMAL,Y,0,0,15.0,0.0,4.0,4.0,0,0,0,0,0,0,0,0,N,,N,
05:49,TRIVENI,13081,260.77,7.65,7.65,,22.5,20.19,NORMAL,N,0,0,15.0,0.0,4.0,4.0,0,0,0,0,0,0,0,0,N,,N,
05:49,RGL,15129,116.74,5.99,5.99,,22.5,20.47,NORMAL,N,0,0,15.0,0.0,4.0,4.0,0,0,0,0,0,0,0,0,N,,N,
05:49,PRAJIND,2705,342.8,5.69,5.69,,29.59,9.79,NORMAL,Y,0,0,15.0,0.0,4.0,4.0,0,0,0,0,0,0,0,0,N,,N,
05:49,KRBL,10577,393.55,5.45,5.45,,26.97,11.45,NORMAL,Y,0,0,15.0,0.0,4.0,4.0,0,0,0,0,0,0,0,0,N,,N,
05:49,ELGIEQUIP,937,601.25,4.47,4.47,,22.5,34.07,NORMAL,Y,0,0,15.0,0.0,4.0,4.0,0,0,0,0,0,0,0,0,N,,Y,NONRESULTS
05:49,ASAHIINDIA,5378,935.85,3.87,3.87,,33.64,12.09,NORMAL,Y,0,0,15.0,0.0,4.0,4.0,0,0,0,0,0,0,0,0,N,,N,
05:49,PARAS,5911,1392.6,3.76,3.76,,44.75,7.5,NORMAL,Y,0,0,15.0,0.0,4.0,4.0,0,0,0,0,0,0,0,0,N,,N,
05:49,MARKSANS,10579,314.75,3.74,3.74,,29.5,26.86,NORMAL,Y,0,0,15.0,0.0,4.0,4.0,0,0,0,0,0,0,0,0,N,,N,
05:49,WELSPUNLIV,11253,170.99,3.49,3.49,,22.5,26.29,NORMAL,Y,0,0,15.0,0.0,4.0,4.0,0,0,0,0,0,0,0,0,Y,NONRESULTS,N,
05:49,BATAINDIA,371,752.35,3.39,3.39,,27.89,14.5,NORMAL,Y,0,0,15.0,0.0,4.0,4.0,0,0,0,0,0,0,0,0,N,,N,
05:49,SHARDAMOTR,10530,911.65,3.37,3.37,,31.98,7.5,NORMAL,Y,0,0,15.0,0.0,4.0,4.0,0,0,0,0,0,0,0,0,N,,N,
05:49,DEVYANI,5373,142.99,3.23,3.23,,25.46,14.81,NORMAL,Y,0,0,15.0,0.0,4.0,4.0,0,0,0,0,0,0,0,0,N,,N,
05:49,JUBLFOOD,18096,507.2,3.18,3.18,,28.35,14.5,NORMAL,Y,0,0,15.0,0.0,4.0,4.0,0,0,0,0,0,0,0,0,N,,N,
05:49,HEG,1336,707.4,2.97,2.97,,29.95,12.25,NORMAL,Y,0,0,14.847161572052386,0.0,4.0,4.0,0,0,0,0,0,0,0,0,N,,N,
05:49,SHREEPUSHK,10588,380.95,2.96,2.96,,25.8,16.11,NORMAL,N,0,0,14.79729729729728,0.0,4.0,4.0,0,0,0,0,0,0,0,0,N,,N,
05:49,SANDHAR,2397,633.3,2.95,2.95,,29.72,7.55,NORMAL,Y,0,0,14.752499390392572,0.0,4.0,4.0,0,0,0,0,0,0,0,0,N,,N,
05:49,GNFC,1174,565.65,2.77,2.77,,30.92,7.5,NORMAL,Y,0,0,13.85356104651163,0.0,4.0,4.0,0,0,0,0,0,0,0,0,N,,N,
05:49,HAPPSTMNDS,48,405.65,2.75,2.75,,47.64,7.5,NORMAL,Y,0,0,13.741134751773005,0.0,4.0,4.0,0,0,0,0,0,0,0,0,N,,N,
05:49,CHEMPLASTS,5449,184.94,2.52,2.52,,27.11,27.4,NORMAL,N,0,0,12.611563833915438,0.0,4.0,4.0,0,0,0,0,0,0,0,0,N,,Y,NONRESULTS
05:49,VOLTAS,3718,1318.5,2.25,2.25,,31.54,7.5,NORMAL,Y,0,0,11.244668476153548,0.0,4.0,4.0,0,0,0,0,0,0,0,0,N,,N,
05:49,LENSKART,759605,609.8,2.16,2.16,,23.62,11.04,NORMAL,Y,0,0,10.805830122298525,0.0,4.0,4.0,0,0,0,0,0,0,0,0,N,,N,
05:49,THYROCARE,17032,618.95,2.14,2.14,,25.19,12.61,NORMAL,Y,0,0,10.684818481848222,0.0,4.0,4.0,0,0,0,0,0,0,0,0,N,,N,
05:49,LGEINDIA,760213,1703.0,7.87,7.87,,30.07,7.8,NORMAL,Y,0,0,15.0,0.0,4.0,4.0,0,0,0,0,0,0,0,0,N,,N,
05:49,BHARTIHEXA,23489,1623.2,3.69,3.69,,49.07,7.5,NORMAL,Y,0,0,15.0,0.0,4.0,4.0,0,0,0,0,0,0,0,0,N,,N,
05:49,SANSERA,5751,3997.6,3.08,3.08,,30.26,7.86,NORMAL,Y,0,0,15.0,0.0,4.0,4.0,0,0,0,0,0,0,0,0,N,,N,
05:49,MGL,17534,1147.2,1.9,1.9,,35.53,11.08,NORMAL,Y,0,0,9.504352460472592,0.0,4.0,4.0,0,0,0,0,0,0,0,0,N,,N,
05:49,BERGEPAINT,404,556.7,1.89,1.89,,24.39,11.0,NORMAL,Y,0,0,9.471950215063623,0.0,4.0,4.0,0,0,0,0,0,0,0,0,N,,N,
05:49,BHARTIARTL,10604,1995.2,2.89,2.89,,46.22,7.5,NORMAL,Y,0,0,14.465473673353653,0.0,4.0,4.0,0,0,0,0,0,0,0,0,N,,N,
05:49,LLOYDSENGG,17801,93.63,2.72,2.72,,28.1,10.69,NORMAL,Y,0,0,13.603949533735545,0.0,4.0,4.0,0,0,0,0,0,0,0,0,N,,N,
05:49,GENUSPOWER,11905,311.55,1.63,1.63,,15.66,17.62,NORMAL,Y,0,0,8.155276463872125,0.0,4.0,4.0,0,0,0,0,0,0,0,0,Y,NONRESULTS,N,
05:49,BECTORFOOD,1628,244.1,1.6,1.6,,23.09,7.55,NORMAL,Y,0,0,8.012486992715909,0.0,4.0,4.0,0,0,0,0,0,0,0,0,N,,N,
05:49,AEGISLOG,40,1266.8,1.59,1.59,,17.46,14.77,NORMAL,N,0,0,7.939053728949461,0.0,4.0,4.0,0,0,0,0,0,0,0,0,N,,N,
05:49,ABMKNO,762528,203.0,1.52,1.52,,22.1,7.5,NORMAL,Y,0,0,7.6015203040607915,0.0,4.0,4.0,0,0,0,0,0,0,0,0,N,,N,
05:49,PRICOLLTD,19631,776.5,1.5,1.5,,22.17,7.82,NORMAL,Y,0,0,7.516339869281045,0.0,4.0,4.0,0,0,0,0,0,0,0,0,N,,N,
05:49,TATAPOWER,3426,388.3,1.44,1.44,,32.77,7.5,NORMAL,Y,0,0,7.183908045977011,0.0,4.0,4.0,0,0,0,0,0,0,0,0,N,,N,
05:49,LODHA,3220,1249.8,1.42,1.42,,40.96,7.5,NORMAL,Y,0,0,7.10054369877465,0.0,4.0,4.0,0,0,0,0,0,0,0,0,N,,N,
05:49,HISARMETAL,19322,152.0,1.37,1.37,,14.37,25.64,NORMAL,Y,0,0,6.869414432439649,0.0,4.0,4.0,0,0,0,0,0,0,0,0,N,,N,
05:49,PURVA,14922,220.88,1.37,1.37,,32.96,7.5,NORMAL,Y,0,0,6.861260268943066,0.0,4.0,4.0,0,0,0,0,0,0,0,0,N,,N,
05:49,VERANDA,8890,246.1,1.36,1.36,,21.3,26.51,NORMAL,Y,0,0,6.79571663920919,0.0,4.0,4.0,0,0,0,0,0,0,0,0,N,,N,
05:49,ENGINERSIN,4907,243.82,1.35,1.35,,14.23,16.12,NORMAL,Y,0,0,6.733726826835109,0.0,4.0,4.0,0,0,0,0,0,0,0,0,N,,N,
05:49,GANESHHOU,14339,827.25,1.28,1.28,,17.4,18.6,NORMAL,Y,0,0,6.396914789422164,0.0,4.0,4.0,0,0,0,0,0,0,0,0,N,,N,
05:49,RATNAMANI,13451,2350.0,2.26,2.26,,27.88,7.5,NORMAL,N,0,0,11.314186248912097,0.0,4.0,4.0,0,0,0,0,0,0,0,0,N,,N,
05:49,BAJAJELEC,15034,361.0,1.23,1.23,,19.66,14.78,NORMAL,Y,0,0,6.169377453729636,0.0,4.0,4.0,0,0,0,0,0,0,0,0,N,,N,
05:49,LUMAXTECH,14014,2030.9,2.18,2.18,,25.62,11.94,NORMAL,Y,0,0,10.918238993710712,0.0,4.0,4.0,0,0,0,0,0,0,0,0,N,,N,
05:49,WABAG,20188,1926.7,2.18,2.18,,18.4,17.69,NORMAL,N,0,0,10.898387781077675,0.0,4.0,4.0,0,0,0,0,0,0,0,0,N,,N,
05:49,ASHOKLEY,212,178.08,1.05,1.05,,16.25,13.64,NORMAL,Y,0,0,5.248822561425475,0.0,4.0,4.0,0,0,0,0,0,0,0,0,N,,N,
05:49,PETRONET,11351,282.1,1.0,1.0,,34.78,7.5,NORMAL,Y,0,0,5.012531328320822,0.0,4.0,4.0,0,0,0,0,0,0,0,0,N,,N,
05:49,RAMCOCEM,2043,917.9,1.0,1.0,,23.46,7.89,NORMAL,Y,0,0,5.0066021126760685,0.0,4.0,4.0,0,0,0,0,0,0,0,0,N,,N,
05:49,MHRIL,17333,225.99,0.94,0.94,,23.36,7.53,NORMAL,Y,0,0,4.7123458995890966,0.0,4.0,4.0,0,0,0,0,0,0,0,0,N,,N,
05:49,ADANIGREEN,3563,1331.4,0.94,0.94,,15.7,12.14,NORMAL,N,0,0,4.70053070507964,0.0,4.0,4.0,0,0,0,0,0,0,0,0,N,,N,
05:49,INOXGREEN,12188,181.16,-3.1,-3.1,,7.5,35.35,NORMAL,N,0,0,0.0,15.0,4.0,4.0,0,0,0,0,0,0,0,0,N,,N,
05:49,RECLTD,15355,335.75,-3.1,-3.1,,11.46,29.5,NORMAL,N,0,0,0.0,15.0,4.0,4.0,0,0,0,0,0,0,0,0,N,,N,
05:49,YATRA,18760,111.95,-3.58,-3.58,,7.5,34.68,NORMAL,Y,0,0,0.0,15.0,4.0,4.0,0,0,0,0,0,0,0,0,N,,N,
05:49,GPIL,13409,234.09,-3.79,-3.79,,15.74,29.57,NORMAL,N,0,0,0.0,15.0,4.0,4.0,0,0,0,0,0,0,0,0,N,,N,
05:49,ABDL,24308,603.4,-3.87,-3.87,,7.5,29.59,NORMAL,N,0,0,0.0,15.0,4.0,4.0,0,0,0,0,0,0,0,0,N,,N,
05:49,JKPAPER,11860,378.1,-3.93,-3.93,,7.5,36.05,NORMAL,N,0,0,0.0,15.0,4.0,4.0,0,0,0,0,0,0,0,0,N,,N,
05:49,RELAXO,24225,400.65,-4.48,-4.48,,7.5,31.5,NORMAL,N,0,0,0.0,15.0,4.0,4.0,0,0,0,0,0,0,0,0,N,,N,
05:49,TIMETECHNO,14707,194.36,-4.74,-4.74,,7.5,47.85,NORMAL,N,0,0,0.0,15.0,4.0,4.0,0,0,0,0,0,0,0,0,N,,N,
05:49,TMPV,3456,332.85,-4.79,-4.79,,15.68,26.0,NORMAL,N,0,0,0.0,15.0,4.0,4.0,0,0,0,0,0,0,0,0,N,,N,
05:49,HINDPETRO,1406,372.6,-5.17,-5.17,,8.29,29.58,NORMAL,N,0,0,0.0,15.0,4.0,4.0,0,0,0,0,0,0,0,0,N,,N,
05:49,MIDHANI,2463,421.75,-5.19,-5.19,,29.75,26.0,NORMAL,Y,0,0,0.0,15.0,4.0,4.0,0,0,0,0,0,0,0,0,N,,N,
05:49,NARMADA,6364,378.95,-5.38,-5.38,,9.3,29.5,NORMAL,Y,0,0,0.0,15.0,4.0,4.0,0,0,0,0,0,0,0,0,N,,N,
05:49,GOCLCORP,3963,407.0,-5.55,-5.55,,7.5,31.41,NORMAL,N,0,0,0.0,15.0,4.0,4.0,0,0,0,0,0,0,0,0,N,,N,
05:49,HINDZINC,1424,561.0,-3.0,-3.0,,8.83,29.5,NORMAL,N,0,0,0.0,14.999567735800138,4.0,4.0,0,0,0,0,0,0,0,0,N,,N,
05:50,JTEKTINDIA,3237,129.5,-2.87,-2.87,,11.07,28.83,NORMAL,N,0,0,0.0,14.326432643264301,4.0,4.0,0,0,0,0,0,0,0,0,N,,N,
05:50,RAJRATAN,18962,515.4,-2.73,-2.73,,11.13,28.23,NORMAL,Y,0,0,0.0,13.635934698499618,4.0,4.0,0,0,0,0,0,0,0,0,N,,N,
05:50,LUXIND,11301,1178.3,-2.56,-2.56,,7.5,27.8,NORMAL,N,0,0,0.0,12.817332341023734,4.0,4.0,0,0,0,0,0,0,0,0,N,,N,
05:50,RHIM,31163,381.8,-2.52,-2.52,,9.59,27.08,NORMAL,N,0,0,0.0,12.575003191625132,4.0,4.0,0,0,0,0,0,0,0,0,N,,N,
05:50,SAREGAMA,4892,518.7,-2.44,-2.44,,7.72,26.75,NORMAL,N,0,0,0.0,12.179065174456817,4.0,4.0,0,0,0,0,0,0,0,0,N,,N,
05:50,RAINBOW,9408,1418.1,-2.4,-2.4,,7.73,26.83,NORMAL,N,0,0,0.0,12.009635237439811,4.0,4.0,0,0,0,0,0,0,0,0,N,,N,
05:50,PTC,11355,160.85,-2.4,-2.4,,7.5,27.15,NORMAL,N,0,0,0.0,11.984223300970925,4.0,4.0,0,0,0,0,0,0,0,0,N,,N,
05:50,REDINGTON,14255,338.3,-2.23,-2.23,,8.71,25.71,NORMAL,Y,0,0,0.0,11.127167630057787,4.0,4.0,0,0,0,0,0,0,0,0,N,,N,
05:50,ZUARIIND,3827,253.5,-2.14,-2.14,,14.81,25.21,NORMAL,N,0,0,0.0,10.712217718587166,4.0,4.0,0,0,0,0,0,0,0,0,N,,N,
05:50,JMFINANCIL,13637,126.65,-2.1,-2.1,,8.35,25.03,NORMAL,Y,0,0,0.0,10.51248357424441,4.0,4.0,0,0,0,0,0,0,0,0,N,,N,
05:50,HINDALCO,1363,1024.8,-2.05,-2.05,,8.38,24.78,NORMAL,Y,0,0,0.0,10.250896057347692,4.0,4.0,0,0,0,0,0,0,0,0,N,,N,
05:50,SPARC,14788,200.2,-2.0,-2.0,,7.5,28.38,NORMAL,N,0,0,0.0,9.986293322890182,4.0,4.0,0,0,0,0,0,0,0,0,N,,N,
05:50,XCHANGING,11705,63.77,-3.0,-3.0,,19.43,25.98,NORMAL,N,0,0,0.0,14.983267417097595,4.0,4.0,0,0,0,0,0,0,0,0,N,,N,
05:50,SONATSOFTW,6596,319.9,-1.99,-1.99,,7.87,24.6,NORMAL,N,0,0,0.0,9.957107843137257,4.0,4.0,0,0,0,0,0,0,0,0,N,,N,
05:50,VAIBHAVGBL,11364,228.8,-1.97,-1.97,,8.46,25.63,NORMAL,N,0,0,0.0,9.854327335047117,4.0,4.0,0,0,0,0,0,0,0,0,N,,N,
05:50,NIACL,399,177.1,-1.97,-1.97,,11.5,24.59,NORMAL,Y,0,0,0.0,9.825629670633852,4.0,4.0,0,0,0,0,0,0,0,0,N,,N,
05:50,GULFOILLUB,4391,1153.6,-1.96,-1.96,,8.55,24.38,NORMAL,Y,0,0,0.0,9.815585960737714,4.0,4.0,0,0,0,0,0,0,0,0,N,,N,
05:50,NELCO,2388,1027.0,-1.96,-1.96,,7.5,29.06,NORMAL,Y,0,0,0.0,9.785202863961814,4.0,4.0,0,0,0,0,0,0,0,0,N,,N,
05:50,LTF,24948,309.35,-1.9,-1.9,,9.97,24.01,NORMAL,N,0,0,0.0,9.513239257967337,4.0,4.0,0,0,0,0,0,0,0,0,N,,N,
05:50,JAMNAAUTO,20778,124.3,-1.88,-1.88,,7.5,24.83,NORMAL,N,0,0,0.0,9.393748026523562,4.0,4.0,0,0,0,0,0,0,0,0,N,,N,
05:50,JAINREC,759244,295.8,-1.87,-1.87,,8.11,23.89,NORMAL,N,0,0,0.0,9.371371703433368,4.0,4.0,0,0,0,0,0,0,0,0,N,,N,
05:50,IPCALAB,1633,1745.2,-2.84,-2.84,,15.99,28.72,NORMAL,N,0,0,0.0,14.223682013026753,4.0,4.0,0,0,0,0,0,0,0,0,N,,N,
05:50,EMSLIMITED,18593,362.35,-1.84,-1.84,,13.81,23.71,NORMAL,N,0,0,0.0,9.210348096979487,4.0,4.0,0,0,0,0,0,0,0,0,N,,N,
05:50,MRPL,2283,171.17,-1.84,-1.84,,9.26,23.7,NORMAL,Y,0,0,0.0,9.20403716022482,4.0,4.0,0,0,0,0,0,0,0,0,N,,N,
05:50,LTTS,18564,3503.0,-2.82,-2.82,,7.75,28.7,NORMAL,N,0,0,0.0,14.106583072100287,4.0,4.0,0,0,0,0,0,0,0,0,N,,N,
05:50,SURYODAY,2970,153.55,-1.82,-1.82,,13.34,23.67,NORMAL,N,0,0,0.0,9.079864441460371,4.0,4.0,0,0,0,0,0,0,0,0,N,,N,
05:50,NCC,2319,142.11,-1.8,-1.8,,7.5,24.28,NORMAL,N,0,0,0.0,9.017412935323332,4.0,4.0,0,0,0,0,0,0,0,0,N,,N,
05:50,RUPA,25724,151.1,-1.8,-1.8,,7.5,27.61,NORMAL,N,0,0,0.0,9.001104828751577,4.0,4.0,0,0,0,0,0,0,0,0,N,,N,
05:50,MOIL,20830,274.7,-1.75,-1.75,,9.18,23.26,NORMAL,N,0,0,0.0,8.762517882689616,4.0,4.0,0,0,0,0,0,0,0,0,N,,N,
05:50,JIOFIN,18143,251.15,-1.74,-1.74,,10.13,23.21,NORMAL,Y,0,0,0.0,8.705007824726113,4.0,4.0,0,0,0,0,0,0,0,0,N,,N,
05:50,SOUTHWEST,9678,219.44,-1.73,-1.73,,10.27,23.17,NORMAL,N,0,0,0.0,8.665084411804228,4.0,4.0,0,0,0,0,0,0,0,0,N,,N,
05:50,KFINTECH,13359,913.05,-1.72,-1.72,,7.5,27.47,NORMAL,N,0,0,0.0,8.58449946178689,4.0,4.0,0,0,0,0,0,0,0,0,N,,N,
05:50,PREMIERENE,25049,1018.2,-1.7,-1.7,,7.5,23.89,NORMAL,N,0,0,0.0,8.495848619424555,4.0,4.0,0,0,0,0,0,0,0,0,N,,N,
05:50,RAYMOND,2859,631.1,-1.7,-1.7,,11.06,22.99,NORMAL,Y,0,0,0.0,8.489096573208704,4.0,4.0,0,0,0,0,0,0,0,0,N,,N,
05:50,OIL,17438,471.8,-1.67,-1.67,,7.5,23.65,NORMAL,Y,0,0,0.0,8.336807002917883,4.0,4.0,0,0,0,0,0,0,0,0,N,,N,
05:50,ENDURANCE,18822,2896.3,-2.66,-2.66,,20.6,27.78,NORMAL,Y,0,0,0.0,13.275972170873525,4.0,4.0,0,0,0,0,0,0,0,0,N,,N,
05:50,MARKSANS,10579,314.75,3.74,3.74,,29.5,14.75,NORMAL,Y,0,0,15.0,0.0,4.0,4.0,0,0,0,0,0,0,0,0,N,,N,
05:50,LGEINDIA,760213,1703.0,7.87,7.87,,30.01,7.76,NORMAL,Y,0,0,15.0,0.0,4.0,4.0,0,0,0,0,0,0,0,0,N,,N,
05:50,PRICOLLTD,19631,776.5,1.5,1.5,,22.32,7.5,NORMAL,Y,0,0,7.516339869281045,0.0,4.0,4.0,0,0,0,0,0,0,0,0,N,,N,
05:50,VERANDA,8890,246.1,1.36,1.36,,21.3,26.51,NORMAL,Y,0,0,6.79571663920919,0.0,4.0,4.0,0,0,0,0,0,0,0,0,N,,N,
05:50,RAMCOCEM,2043,917.9,1.0,1.0,,19.51,11.52,NORMAL,Y,0,0,5.0066021126760685,0.0,4.0,4.0,0,0,0,0,0,0,0,0,N,,N,
06:04,TRIVENI,13081,262.05,8.18,8.18,,41.6,14.5,NORMAL,N,0,0,15.0,0.0,4.0,4.0,0,0,0,0,0,0,0,0,N,,N,
06:04,HAPPSTMNDS,48,413.5,6.03,6.03,,50.5,7.5,NORMAL,Y,0,0,15.0,0.0,4.0,4.0,0,0,0,0,0,0,0,0,N,,N,
06:04,RGL,15129,116.71,5.97,5.97,,22.5,15.94,NORMAL,N,0,0,15.0,0.0,4.0,4.0,0,0,0,0,0,0,0,0,N,,N,
06:04,PRAJIND,2705,341.85,5.4,5.4,,29.5,16.78,NORMAL,Y,0,0,15.0,0.0,4.0,4.0,0,0,0,0,0,0,0,0,N,,N,
06:04,KRBL,10577,392.5,5.17,5.17,,31.32,14.75,NORMAL,Y,0,0,15.0,0.0,4.0,4.0,0,0,0,0,0,0,0,0,N,,N,
06:04,ZEEL,3812,102.47,5.08,5.08,,50.5,7.5,NORMAL,Y,0,0,15.0,0.0,4.0,4.0,0,0,0,0,0,0,0,0,N,,N,
06:04,MARKSANS,10579,316.85,4.43,4.43,,43.7,7.5,NORMAL,Y,0,0,15.0,0.0,4.0,4.0,0,0,0,0,0,0,0,0,N,,N,
06:04,ASAHIINDIA,5378,940.65,4.4,4.4,,31.92,7.5,NORMAL,Y,0,0,15.0,0.0,4.0,4.0,0,0,0,0,0,0,0,0,N,,N,
06:04,ELGIEQUIP,937,601.05,4.25,4.25,,22.76,18.74,NORMAL,Y,0,0,15.0,0.0,4.0,4.0,0,0,0,0,0,0,0,0,N,,Y,NONRESULTS
06:04,WELSPUNLIV,11253,171.72,3.93,3.93,,28.3,14.5,NORMAL,Y,0,0,15.0,0.0,4.0,4.0,0,0,0,0,0,0,0,0,Y,NONRESULTS,N,
06:04,PARAS,5911,1391.1,3.64,3.64,,31.89,7.5,NORMAL,Y,0,0,15.0,0.0,4.0,4.0,0,0,0,0,0,0,0,0,N,,N,
06:04,BATAINDIA,371,752.75,3.45,3.45,,26.15,14.53,NORMAL,Y,0,0,15.0,0.0,4.0,4.0,0,0,0,0,0,0,0,0,N,,N,
06:04,DEVYANI,5373,143.24,3.41,3.41,,30.63,11.0,NORMAL,Y,0,0,15.0,0.0,4.0,4.0,0,0,0,0,0,0,0,0,N,,N,
06:04,JUBLFOOD,18096,506.65,3.07,3.07,,22.54,17.56,NORMAL,Y,0,0,15.0,0.0,4.0,4.0,0,0,0,0,0,0,0,0,N,,N,
06:04,SHREEPUSHK,10588,380.5,2.84,2.84,,25.44,11.35,NORMAL,N,0,0,14.189189189189191,0.0,4.0,4.0,0,0,0,0,0,0,0,0,N,,N,
06:04,SANDHAR,2397,632.4,2.8,2.8,,25.02,12.68,NORMAL,Y,0,0,14.020970495001219,0.0,4.0,4.0,0,0,0,0,0,0,0,0,N,,N,
06:04,GNFC,1174,565.6,2.76,2.76,,32.04,7.5,NORMAL,Y,0,0,13.808139534883765,0.0,4.0,4.0,0,0,0,0,0,0,0,0,N,,N,
06:04,HEG,1336,705.65,2.71,2.71,,28.07,15.16,NORMAL,Y,0,0,13.573508005822399,0.0,4.0,4.0,0,0,0,0,0,0,0,0,N,,N,
06:04,MGL,17534,1155.5,2.64,2.64,,28.71,7.57,NORMAL,Y,0,0,13.19062000355305,0.0,4.0,4.0,0,0,0,0,0,0,0,0,N,,N,
06:04,SHARDAMOTR,10530,904.35,2.54,2.54,,20.2,25.2,NORMAL,Y,0,0,12.699132603889096,0.0,4.0,4.0,0,0,0,0,0,0,0,0,N,,N,
06:04,CHEMPLASTS,5449,184.89,2.49,2.49,,26.97,8.15,NORMAL,N,0,0,12.472975220355895,0.0,4.0,4.0,0,0,0,0,0,0,0,0,N,,Y,NONRESULTS
06:04,THYROCARE,17032,620.6,2.41,2.41,,29.57,7.5,NORMAL,Y,0,0,12.046204620462065,0.0,4.0,4.0,0,0,0,0,0,0,0,0,N,,N,
06:04,VOLTAS,3718,1316.0,2.06,2.06,,26.22,7.78,NORMAL,Y,0,0,10.275300504071346,0.0,4.0,4.0,0,0,0,0,0,0,0,0,N,,N,
06:04,LENSKART,759605,608.9,2.01,2.01,,21.09,11.18,NORMAL,Y,0,0,10.051934997487018,0.0,4.0,4.0,0,0,0,0,0,0,0,0,N,,N,
06:04,LGEINDIA,760213,1702.9,7.86,7.86,,29.5,9.67,NORMAL,Y,0,0,15.0,0.0,4.0,4.0,0,0,0,0,0,0,0,0,N,,N,
06:04,AETHER,9810,1643.9,4.04,4.04,,30.19,7.5,NORMAL,Y,0,0,15.0,0.0,4.0,4.0,0,0,0,0,0,0,0,0,N,,N,
06:04,BHARTIHEXA,23489,1625.0,3.8,3.8,,37.9,7.5,NORMAL,Y,0,0,15.0,0.0,4.0,4.0,0,0,0,0,0,0,0,0,N,,N,
06:04,BHARTIARTL,10604,1997.5,3.01,3.01,,34.0,7.5,NORMAL,Y,0,0,15.0,0.0,4.0,4.0,0,0,0,0,0,0,0,0,N,,N,
06:05,BERGEPAINT,404,556.95,1.94,1.94,,27.86,7.5,NORMAL,Y,0,0,9.70074128306033,0.0,4.0,4.0,0,0,0,0,0,0,0,0,N,,N,
06:05,SANSERA,5751,3990.0,2.88,2.88,,28.9,11.12,NORMAL,Y,0,0,14.40063945543148,0.0,4.0,4.0,0,0,0,0,0,0,0,0,N,,N,
06:05,RAMCOCEM,2043,925.75,1.87,1.87,,30.18,7.5,NORMAL,Y,0,0,9.325484154929601,0.0,4.0,4.0,0,0,0,0,0,0,0,0,N,,N,
06:05,BAJAJELEC,15034,362.8,1.74,1.74,,30.41,11.0,NORMAL,Y,0,0,8.693213684800881,0.0,4.0,4.0,0,0,0,0,0,0,0,0,N,,N,
06:05,LLOYDSENGG,17801,93.63,2.72,2.72,,28.24,8.65,NORMAL,Y,0,0,13.603949533735545,0.0,4.0,4.0,0,0,0,0,0,0,0,0,N,,N,
06:05,TATAPOWER,3426,388.95,1.61,1.61,,23.92,7.5,NORMAL,Y,0,0,8.032915360501537,0.0,4.0,4.0,0,0,0,0,0,0,0,0,N,,N,
06:05,ABMKNO,762528,203.0,1.52,1.52,,22.1,7.5,NORMAL,Y,0,0,7.6015203040607915,0.0,4.0,4.0,0,0,0,0,0,0,0,0,N,,N,
06:05,WABAG,20188,1932.9,2.51,2.51,,28.85,14.65,NORMAL,N,0,0,12.542426813746337,0.0,4.0,4.0,0,0,0,0,0,0,0,0,N,,N,
06:05,PRICOLLTD,19631,776.45,1.5,1.5,,23.04,7.5,NORMAL,Y,0,0,7.483660130718984,0.0,4.0,4.0,0,0,0,0,0,0,0,0,N,,N,
06:05,AEGISLOG,40,1264.9,1.44,1.44,,17.28,14.8,NORMAL,N,0,0,7.1772253408180005,0.0,4.0,4.0,0,0,0,0,0,0,0,0,N,,N,
06:05,HISARMETAL,19322,152.0,1.37,1.37,,14.37,17.85,NORMAL,Y,0,0,6.869414432439649,0.0,4.0,4.0,0,0,0,0,0,0,0,0,N,,N,
06:05,LUMAXTECH,14014,2033.7,2.32,2.32,,25.05,11.0,NORMAL,Y,0,0,11.622641509433972,0.0,4.0,4.0,0,0,0,0,0,0,0,0,N,,N,
06:05,FINCABLES,1038,1265.6,1.3,1.3,,27.67,7.5,NORMAL,Y,0,0,6.5236532458176395,0.0,4.0,4.0,0,0,0,0,0,0,0,0,N,,N,
06:05,LODHA,3220,1248.0,1.27,1.27,,21.17,7.94,NORMAL,Y,0,0,6.3702020611864185,0.0,4.0,4.0,0,0,0,0,0,0,0,0,N,,N,
06:05,GENUSPOWER,11905,310.4,1.26,1.26,,13.78,22.57,NORMAL,N,0,0,6.27956287718148,0.0,4.0,4.0,0,0,0,0,0,0,0,0,Y,NONRESULTS,N,
06:05,PURVA,14922,220.57,1.23,1.23,,17.15,21.78,NORMAL,Y,0,0,6.1498921474138495,0.0,4.0,4.0,0,0,0,0,0,0,0,0,N,,N,
06:05,BECTORFOOD,1628,243.18,1.22,1.22,,13.6,18.47,NORMAL,Y,0,0,6.097814776274728,0.0,4.0,4.0,0,0,0,0,0,0,0,0,N,,N,
06:05,RATNAMANI,13451,2348.9,2.21,2.21,,25.71,7.5,NORMAL,N,0,0,11.074847693646669,0.0,4.0,4.0,0,0,0,0,0,0,0,0,N,,N,
06:05,TMCV,759782,480.55,1.21,1.21,,25.24,7.5,NORMAL,Y,0,0,6.055181128896377,0.0,4.0,4.0,0,0,0,0,0,0,0,0,N,,N,
06:05,ENGINERSIN,4907,243.34,1.15,1.15,,13.24,14.95,NORMAL,Y,0,0,5.736137667303997,0.0,4.0,4.0,0,0,0,0,0,0,0,0,N,,N,
06:05,YUKEN,5501,855.0,1.11,1.11,,18.32,29.0,NORMAL,Y,0,0,5.528291846508616,0.0,4.0,4.0,0,0,0,0,0,0,0,0,N,,N,
06:05,CESC,628,166.65,1.1,1.1,,13.22,15.45,NORMAL,Y,0,0,5.520839652975773,0.0,4.0,4.0,0,0,0,0,0,0,0,0,N,,N,
06:05,HINDZINC,1424,560.0,-3.17,-3.17,,7.5,32.41,NORMAL,N,0,0,0.0,15.0,4.0,4.0,0,0,0,0,0,0,0,0,N,,N,
06:05,RECLTD,15355,334.9,-3.35,-3.35,,7.5,33.65,NORMAL,N,0,0,0.0,15.0,4.0,4.0,0,0,0,0,0,0,0,0,N,,N,
06:05,JKPAPER,11860,379.2,-3.65,-3.65,,9.6,29.5,NORMAL,N,0,0,0.0,15.0,4.0,4.0,0,0,0,0,0,0,0,0,N,,N,
06:05,ABDL,24308,604.15,-3.75,-3.75,,7.5,30.3,NORMAL,N,0,0,0.0,15.0,4.0,4.0,0,0,0,0,0,0,0,0,N,,N,
06:05,YATRA,18760,111.61,-3.88,-3.88,,9.36,29.65,NORMAL,Y,0,0,0.0,15.0,4.0,4.0,0,0,0,0,0,0,0,0,N,,N,
06:05,GPIL,13409,233.78,-3.92,-3.92,,7.5,31.77,NORMAL,N,0,0,0.0,15.0,4.0,4.0,0,0,0,0,0,0,0,0,N,,N,
06:05,RELAXO,24225,400.2,-4.59,-4.59,,7.54,29.84,NORMAL,N,0,0,0.0,15.0,4.0,4.0,0,0,0,0,0,0,0,0,N,,N,
06:05,TMPV,3456,332.85,-4.79,-4.79,,11.04,26.07,NORMAL,N,0,0,0.0,15.0,4.0,4.0,0,0,0,0,0,0,0,0,N,,N,
06:05,HINDPETRO,1406,372.95,-5.08,-5.08,,11.7,26.0,NORMAL,N,0,0,0.0,15.0,4.0,4.0,0,0,0,0,0,0,0,0,N,,N,
06:05,TIMETECHNO,14707,193.64,-5.1,-5.1,,7.5,33.29,NORMAL,N,0,0,0.0,15.0,4.0,4.0,0,0,0,0,0,0,0,0,N,,N,
06:05,MIDHANI,2463,421.25,-5.31,-5.31,,7.5,31.1,NORMAL,Y,0,0,0.0,15.0,4.0,4.0,0,0,0,0,0,0,0,0,N,,N,
06:05,NARMADA,6364,378.85,-5.41,-5.41,,7.5,30.18,NORMAL,Y,0,0,0.0,15.0,4.0,4.0,0,0,0,0,0,0,0,0,N,,N,
06:05,GOCLCORP,3963,407.05,-5.53,-5.53,,7.5,38.51,NORMAL,N,0,0,0.0,15.0,4.0,4.0,0,0,0,0,0,0,0,0,N,,N,
06:05,INOXGREEN,12188,181.61,-2.86,-2.86,,9.05,28.81,NORMAL,N,0,0,0.0,14.307873341891296,4.0,4.0,0,0,0,0,0,0,0,0,N,,N,
06:05,RAJRATAN,18962,515.0,-2.8,-2.8,,7.81,38.4,NORMAL,Y,0,0,0.0,14.013400018873288,4.0,4.0,0,0,0,0,0,0,0,0,N,,N,
06:05,JTEKTINDIA,3237,129.89,-2.57,-2.57,,8.91,27.36,NORMAL,N,0,0,0.0,12.86378637863789,4.0,4.0,0,0,0,0,0,0,0,0,N,,N,
06:05,REDINGTON,14255,337.45,-2.47,-2.47,,7.5,28.71,NORMAL,Y,0,0,0.0,12.355491329479785,4.0,4.0,0,0,0,0,0,0,0,0,N,,N,
06:05,RAINBOW,9408,1417.3,-2.46,-2.46,,7.6,26.81,NORMAL,N,0,0,0.0,12.284927735719219,4.0,4.0,0,0,0,0,0,0,0,0,N,,N,
06:05,RHIM,31163,382.1,-2.44,-2.44,,7.5,28.67,NORMAL,N,0,0,0.0,12.192008170560392,4.0,4.0,0,0,0,0,0,0,0,0,N,,N,
06:05,SAREGAMA,4892,519.0,-2.38,-2.38,,12.96,26.4,NORMAL,N,0,0,0.0,11.896924668484884,4.0,4.0,0,0,0,0,0,0,0,0,N,,N,
06:05,NELCO,2388,1024.3,-2.21,-2.21,,7.5,28.83,NORMAL,Y,0,0,0.0,11.073985680190953,4.0,4.0,0,0,0,0,0,0,0,0,N,,N,
06:05,PTC,11355,161.17,-2.2,-2.2,,10.67,25.51,NORMAL,N,0,0,0.0,11.01334951456318,4.0,4.0,0,0,0,0,0,0,0,0,N,,N,
06:05,JAINREC,759244,294.95,-2.16,-2.16,,7.5,39.22,NORMAL,N,0,0,0.0,10.781224083595951,4.0,4.0,0,0,0,0,0,0,0,0,N,,N,
06:05,LUXIND,11301,1183.8,-2.11,-2.11,,8.94,25.04,NORMAL,N,0,0,0.0,10.543289506325971,4.0,4.0,0,0,0,0,0,0,0,0,N,,N,
06:05,JMFINANCIL,13637,126.7,-2.06,-2.06,,9.02,24.82,NORMAL,Y,0,0,0.0,10.319239390894342,4.0,4.0,0,0,0,0,0,0,0,0,N,,N,
06:05,SPARC,14788,200.13,-2.03,-2.03,,7.5,26.4,NORMAL,N,0,0,0.0,10.15762678676328,4.0,4.0,0,0,0,0,0,0,0,0,N,,N,
06:05,LTF,24948,309.05,-2.0,-2.0,,9.82,24.49,NORMAL,N,0,0,0.0,9.988901220865722,4.0,4.0,0,0,0,0,0,0,0,0,N,,N,
06:05,HINDALCO,1363,1025.7,-1.96,-1.96,,11.05,21.46,NORMAL,Y,0,0,0.0,9.82078853046593,4.0,4.0,0,0,0,0,0,0,0,0,N,,N,
06:05,EMSLIMITED,18593,361.95,-1.95,-1.95,,7.5,24.72,NORMAL,N,0,0,0.0,9.7521332791548,4.0,4.0,0,0,0,0,0,0,0,0,N,,N,
06:05,VAIBHAVGBL,11364,228.85,-1.95,-1.95,,7.5,27.89,NORMAL,N,0,0,0.0,9.747215081405336,4.0,4.0,0,0,0,0,0,0,0,0,N,,N,
06:05,ZUARIIND,3827,254.0,-1.95,-1.95,,9.26,24.25,NORMAL,N,0,0,0.0,9.747153059254991,4.0,4.0,0,0,0,0,0,0,0,0,N,,N,
06:05,NIACL,399,177.14,-1.94,-1.94,,7.67,24.21,NORMAL,Y,0,0,0.0,9.714918350401382,4.0,4.0,0,0,0,0,0,0,0,0,N,,N,
06:05,XCHANGING,11705,63.81,-2.94,-2.94,,15.06,25.68,NORMAL,N,0,0,0.0,14.67903863705501,4.0,4.0,0,0,0,0,0,0,0,0,N,,N,
06:05,SURYODAY,2970,153.4,-1.91,-1.91,,7.51,25.17,NORMAL,N,0,0,0.0,9.559434746467105,4.0,4.0,0,0,0,0,0,0,0,0,N,,N,
06:05,JAMNAAUTO,20778,124.29,-1.89,-1.89,,7.5,25.5,NORMAL,N,0,0,0.0,9.433217556046733,4.0,4.0,0,0,0,0,0,0,0,0,N,,N,
06:05,IPCALAB,1633,1745.1,-2.85,-2.85,,11.43,28.75,NORMAL,N,0,0,0.0,14.251517007181441,4.0,4.0,0,0,0,0,0,0,0,0,N,,N,
06:05,PREMIERENE,25049,1016.8,-1.83,-1.83,,8.33,23.67,NORMAL,N,0,0,0.0,9.1716547596061,4.0,4.0,0,0,0,0,0,0,0,0,N,,N,
06:05,JIOFIN,18143,250.95,-1.82,-1.82,,7.5,24.64,NORMAL,Y,0,0,0.0,9.09624413145541,4.0,4.0,0,0,0,0,0,0,0,0,N,,N,
06:05,SYMPHONY,24190,619.8,-1.81,-1.81,,7.5,35.76,NORMAL,N,0,0,0.0,9.069306930693106,4.0,4.0,0,0,0,0,0,0,0,0,N,,N,
06:05,KFINTECH,13359,912.15,-1.81,-1.81,,7.5,25.17,NORMAL,N,0,0,0.0,9.068891280947268,4.0,4.0,0,0,0,0,0,0,0,0,N,,N,
06:05,RUPA,25724,151.1,-1.8,-1.8,,7.5,27.1,NORMAL,N,0,0,0.0,9.001104828751577,4.0,4.0,0,0,0,0,0,0,0,0,N,,N,
06:05,SONATSOFTW,6596,320.55,-1.79,-1.79,,10.61,23.46,NORMAL,Y,0,0,0.0,8.961397058823477,4.0,4.0,0,0,0,0,0,0,0,0,N,,N,
06:05,MOIL,20830,274.6,-1.79,-1.79,,7.5,26.69,NORMAL,N,0,0,0.0,8.94134477825465,4.0,4.0,0,0,0,0,0,0,0,0,N,,N,
06:05,SOUTHWEST,9678,219.44,-1.73,-1.73,,7.55,28.08,NORMAL,N,0,0,0.0,8.665084411804228,4.0,4.0,0,0,0,0,0,0,0,0,N,,N,
06:05,ENDURANCE,18822,2895.2,-2.69,-2.69,,7.59,28.21,NORMAL,Y,0,0,0.0,13.46082747958195,4.0,4.0,0,0,0,0,0,0,0,0,N,,N,
06:05,FSL,14304,267.6,-1.69,-1.69,,7.5,23.76,NORMAL,N,0,0,0.0,8.449669360764082,4.0,4.0,0,0,0,0,0,0,0,0,N,,N,
06:05,OIL,17438,471.7,-1.69,-1.69,,7.88,22.96,NORMAL,Y,0,0,0.0,8.44101709045438,4.0,4.0,0,0,0,0,0,0,0,0,N,,N,
06:05,ROUTE,128,505.95,-1.68,-1.68,,8.0,22.9,NORMAL,N,0,0,0.0,8.40458608628064,4.0,4.0,0,0,0,0,0,0,0,0,N,,N,
06:05,VIPIND,3703,302.55,-1.67,-1.67,,9.36,22.96,NORMAL,N,0,0,0.0,8.368540786480303,4.0,4.0,0,0,0,0,0,0,0,0,N,,N,
06:05,AIIL,23553,569.5,-1.66,-1.66,,8.33,22.95,NORMAL,Y,0,0,0.0,8.288723881885705,4.0,4.0,0,0,0,0,0,0,0,0,N,,N,
06:05,HAPPSTMNDS,48,413.5,6.03,6.03,,50.5,7.5,NORMAL,Y,0,0,15.0,0.0,4.0,4.0,0,0,0,0,0,0,0,0,N,,N,
06:05,HEG,1336,705.65,2.71,2.71,,28.97,7.94,NORMAL,Y,0,0,13.573508005822399,0.0,4.0,4.0,0,0,0,0,0,0,0,0,N,,N,
06:05,MGL,17534,1155.5,2.64,2.64,,28.95,7.5,NORMAL,Y,0,0,13.19062000355305,0.0,4.0,4.0,0,0,0,0,0,0,0,0,N,,N,
06:05,RAMCOCEM,2043,925.75,1.87,1.87,,26.2,7.5,NORMAL,Y,0,0,9.325484154929601,0.0,4.0,4.0,0,0,0,0,0,0,0,0,N,,N,
06:05,BECTORFOOD,1628,243.18,1.22,1.22,,13.6,18.74,NORMAL,Y,0,0,6.097814776274728,0.0,4.0,4.0,0,0,0,0,0,0,0,0,N,,N,
06:18,TRIVENI,13081,263.3,8.69,8.69,,30.27,11.0,NORMAL,Y,0,0,15.0,0.0,4.0,4.0,0,0,0,0,0,0,0,0,N,,N,
06:18,RGL,15129,117.29,6.49,6.49,,23.09,20.68,NORMAL,N,0,0,15.0,0.0,4.0,4.0,0,0,0,0,0,0,0,0,N,,N,
06:18,HAPPSTMNDS,48,415.05,6.42,6.42,,46.77,7.5,NORMAL,Y,0,0,15.0,0.0,4.0,4.0,0,0,0,0,0,0,0,0,N,,N,
06:18,KRBL,10577,393.8,5.52,5.52,,26.06,15.23,NORMAL,Y,0,0,15.0,0.0,4.0,4.0,0,0,0,0,0,0,0,0,N,,N,
06:18,ZEEL,3812,102.41,5.01,5.01,,50.5,7.5,NORMAL,Y,0,0,15.0,0.0,4.0,4.0,0,0,0,0,0,0,0,0,N,,N,
06:18,ASAHIINDIA,5378,942.65,4.62,4.62,,31.36,7.5,NORMAL,Y,0,0,15.0,0.0,4.0,4.0,0,0,0,0,0,0,0,0,N,,N,
06:18,ELGIEQUIP,937,601.3,4.29,4.29,,25.39,14.8,NORMAL,Y,0,0,15.0,0.0,4.0,4.0,0,0,0,0,0,0,0,0,N,,Y,NONRESULTS
06:18,PRAJIND,2705,337.55,4.07,4.07,,22.5,30.85,NORMAL,Y,0,0,15.0,0.0,4.0,4.0,0,0,0,0,0,0,0,0,N,,N,
06:18,MARKSANS,10579,315.7,4.05,4.05,,31.1,7.5,NORMAL,Y,0,0,15.0,0.0,4.0,4.0,0,0,0,0,0,0,0,0,N,,N,
06:18,BATAINDIA,371,756.15,3.92,3.92,,29.63,11.0,NORMAL,Y,0,0,15.0,0.0,4.0,4.0,0,0,0,0,0,0,0,0,N,,N,
06:19,DEVYANI,5373,143.71,3.75,3.75,,31.05,7.5,NORMAL,Y,0,0,15.0,0.0,4.0,4.0,0,0,0,0,0,0,0,0,N,,N,
06:19,PARAS,5911,1389.0,3.49,3.49,,32.9,8.01,NORMAL,Y,0,0,15.0,0.0,4.0,4.0,0,0,0,0,0,0,0,0,N,,N,
06:19,SHREEPUSHK,10588,381.1,3.0,3.0,,31.62,7.5,NORMAL,N,0,0,15.0,0.0,4.0,4.0,0,0,0,0,0,0,0,0,N,,N,
06:19,CHEMPLASTS,5449,185.77,2.98,2.98,,37.86,7.5,NORMAL,N,0,0,14.912134819003338,0.0,4.0,4.0,0,0,0,0,0,0,0,0,N,,Y,NONRESULTS
06:19,JUBLFOOD,18096,506.15,2.97,2.97,,23.73,14.91,NORMAL,Y,0,0,14.850981588851557,0.0,4.0,4.0,0,0,0,0,0,0,0,0,N,,N,
06:19,WELSPUNLIV,11253,170.12,2.96,2.96,,22.3,33.35,NORMAL,Y,0,0,14.7975549234401,0.0,4.0,4.0,0,0,0,0,0,0,0,0,Y,NONRESULTS,N,
06:19,SANDHAR,2397,632.9,2.89,2.89,,26.73,11.0,NORMAL,Y,0,0,14.427375436885315,0.0,4.0,4.0,0,0,0,0,0,0,0,0,N,,N,
06:19,GNFC,1174,565.65,2.77,2.77,,29.67,7.5,NORMAL,Y,0,0,13.85356104651163,0.0,4.0,4.0,0,0,0,0,0,0,0,0,N,,N,
06:19,SHARDAMOTR,10530,906.0,2.73,2.73,,24.63,13.72,NORMAL,Y,0,0,13.634559782300556,0.0,4.0,4.0,0,0,0,0,0,0,0,0,N,,N,
06:19,THYROCARE,17032,621.0,2.48,2.48,,29.89,7.5,NORMAL,Y,0,0,12.376237623762377,0.0,4.0,4.0,0,0,0,0,0,0,0,0,N,,N,
06:19,MGL,17534,1152.5,2.37,2.37,,26.36,18.18,NORMAL,Y,0,0,11.8582341446083,0.0,4.0,4.0,0,0,0,0,0,0,0,0,N,,N,
06:19,HEG,1336,703.0,2.33,2.33,,22.64,18.71,NORMAL,Y,0,0,11.644832605531297,0.0,4.0,4.0,0,0,0,0,0,0,0,0,N,,N,
06:19,VOLTAS,3718,1318.5,2.25,2.25,,25.74,13.12,NORMAL,Y,0,0,11.244668476153548,0.0,4.0,4.0,0,0,0,0,0,0,0,0,N,,N,
06:19,WIPL,20481,170.9,2.22,2.22,,22.1,11.0,NORMAL,Y,0,0,11.09516119385133,0.0,4.0,4.0,0,0,0,0,0,0,0,0,N,,N,
06:19,LENSKART,759605,609.7,2.14,2.14,,22.69,11.0,NORMAL,Y,0,0,10.722063997319541,0.0,4.0,4.0,0,0,0,0,0,0,0,0,N,,N,
06:19,BERGEPAINT,404,557.75,2.09,2.09,,27.34,7.5,NORMAL,Y,0,0,10.432872700649748,0.0,4.0,4.0,0,0,0,0,0,0,0,0,N,,N,
06:19,BAJAJELEC,15034,363.8,2.02,2.02,,30.13,7.5,NORMAL,Y,0,0,10.095344924284896,0.0,4.0,4.0,0,0,0,0,0,0,0,0,N,,N,
06:19,LGEINDIA,760213,1700.0,7.68,7.68,,29.5,9.89,NORMAL,Y,0,0,15.0,0.0,4.0,4.0,0,0,0,0,0,0,0,0,N,,N,
06:19,BHARTIHEXA,23489,1629.1,4.06,4.06,,31.22,7.77,NORMAL,Y,0,0,15.0,0.0,4.0,4.0,0,0,0,0,0,0,0,0,N,,N,
06:19,AETHER,9810,1641.0,3.85,3.85,,29.5,8.6,NORMAL,Y,0,0,15.0,0.0,4.0,4.0,0,0,0,0,0,0,0,0,N,,N,
06:19,BHARTIARTL,10604,2001.0,3.19,3.19,,30.39,7.5,NORMAL,Y,0,0,15.0,0.0,4.0,4.0,0,0,0,0,0,0,0,0,N,,N,
06:19,TATAPOWER,3426,390.0,1.88,1.88,,23.9,8.43,NORMAL,Y,0,0,9.404388714733527,0.0,4.0,4.0,0,0,0,0,0,0,0,0,N,,N,
06:19,SANSERA,5751,3988.9,2.85,2.85,,29.6,7.5,NORMAL,Y,0,0,14.258824742799668,0.0,4.0,4.0,0,0,0,0,0,0,0,0,N,,N,
06:19,MSTCLTD,9356,591.45,1.85,1.85,,39.81,11.0,NORMAL,N,0,0,9.256070260030997,0.0,4.0,4.0,0,0,0,0,0,0,0,0,N,,N,
06:19,LLOYDSENGG,17801,93.53,2.61,2.61,,27.56,19.46,NORMAL,Y,0,0,13.055403181568817,0.0,4.0,4.0,0,0,0,0,0,0,0,0,N,,N,
06:19,RATNAMANI,13451,2357.5,2.59,2.59,,41.87,7.5,NORMAL,N,0,0,12.94604003481288,0.0,4.0,4.0,0,0,0,0,0,0,0,0,N,,N,
06:19,AEGISLOG,40,1266.0,1.52,1.52,,16.86,14.5,NORMAL,N,0,0,7.618283881315157,0.0,4.0,4.0,0,0,0,0,0,0,0,0,N,,N,
06:19,ABMKNO,762528,203.0,1.52,1.52,,22.1,7.5,NORMAL,Y,0,0,7.6015203040607915,0.0,4.0,4.0,0,0,0,0,0,0,0,0,N,,N,
06:19,RAMCOCEM,2043,921.65,1.41,1.41,,21.57,10.36,NORMAL,N,0,0,7.069762323943674,0.0,4.0,4.0,0,0,0,0,0,0,0,0,N,,N,
06:19,ENGINERSIN,4907,243.98,1.41,1.41,,15.84,14.5,NORMAL,Y,0,0,7.066256546678812,0.0,4.0,4.0,0,0,0,0,0,0,0,0,N,,N,
06:19,ASHOKLEY,212,178.69,1.4,1.4,,27.16,7.5,NORMAL,Y,0,0,6.979515406003541,0.0,4.0,4.0,0,0,0,0,0,0,0,0,N,,N,
06:19,LODHA,3220,1249.4,1.39,1.39,,23.3,7.5,NORMAL,Y,0,0,6.938245557088427,0.0,4.0,4.0,0,0,0,0,0,0,0,0,N,,N,
06:19,HISARMETAL,19322,152.0,1.37,1.37,,14.37,14.5,NORMAL,Y,0,0,6.869414432439649,0.0,4.0,4.0,0,0,0,0,0,0,0,0,N,,N,
06:19,APCL,20453,102.39,1.37,1.37,,24.08,7.5,NORMAL,N,0,0,6.831006831006808,0.0,4.0,4.0,0,0,0,0,0,0,0,0,N,,N,
06:19,PRICOLLTD,19631,775.25,1.34,1.34,,17.7,15.8,NORMAL,Y,0,0,6.6993464052287575,0.0,4.0,4.0,0,0,0,0,0,0,0,0,N,,N,
06:19,GENUSPOWER,11905,310.65,1.34,1.34,,14.19,18.02,NORMAL,N,0,0,6.6873267003750865,0.0,4.0,4.0,0,0,0,0,0,0,0,0,Y,NONRESULTS,N,
06:19,ADANIGREEN,3563,1336.5,1.33,1.33,,28.07,7.5,NORMAL,N,0,0,6.633813495072024,0.0,4.0,4.0,0,0,0,0,0,0,0,0,N,,N,
06:19,WABAG,20188,1928.5,2.28,2.28,,19.24,15.29,NORMAL,N,0,0,11.375689435723402,0.0,4.0,4.0,0,0,0,0,0,0,0,0,N,,N,
06:19,BLS,17279,273.98,1.22,1.22,,27.88,7.5,NORMAL,Y,0,0,6.114456718513322,0.0,4.0,4.0,0,0,0,0,0,0,0,0,N,,N,
06:19,FINCABLES,1038,1264.45,1.21,1.21,,20.56,7.97,NORMAL,Y,0,0,6.0633955014808665,0.0,4.0,4.0,0,0,0,0,0,0,0,0,N,,N,
06:19,INOXGREEN,12188,181.28,-3.04,-3.04,,7.5,36.63,NORMAL,N,0,0,0.0,15.0,4.0,4.0,0,0,0,0,0,0,0,0,N,,N,
06:19,HINDZINC,1424,560.35,-3.11,-3.11,,8.83,29.58,NORMAL,N,0,0,0.0,15.0,4.0,4.0,0,0,0,0,0,0,0,0,N,,N,
06:19,YATRA,18760,112.0,-3.54,-3.54,,23.59,29.5,NORMAL,Y,0,0,0.0,15.0,4.0,4.0,0,0,0,0,0,0,0,0,N,,N,
06:19,JKPAPER,11860,378.9,-3.72,-3.72,,9.53,29.5,NORMAL,N,0,0,0.0,15.0,4.0,4.0,0,0,0,0,0,0,0,0,N,,N,
06:19,ABDL,24308,602.1,-4.08,-4.08,,7.5,35.56,NORMAL,N,0,0,0.0,15.0,4.0,4.0,0,0,0,0,0,0,0,0,N,,N,
06:19,RELAXO,24225,400.8,-4.45,-4.45,,9.28,29.5,NORMAL,N,0,0,0.0,15.0,4.0,4.0,0,0,0,0,0,0,0,0,N,,N,
06:19,TMPV,3456,333.1,-4.72,-4.72,,11.03,28.16,NORMAL,N,0,0,0.0,15.0,4.0,4.0,0,0,0,0,0,0,0,0,N,,N,
06:19,TIMETECHNO,14707,193.91,-4.96,-4.96,,11.32,29.5,NORMAL,N,0,0,0.0,15.0,4.0,4.0,0,0,0,0,0,0,0,0,N,,N,
06:19,HINDPETRO,1406,373.15,-5.03,-5.03,,11.09,26.78,NORMAL,N,0,0,0.0,15.0,4.0,4.0,0,0,0,0,0,0,0,0,N,,N,
06:19,NARMADA,6364,379.6,-5.22,-5.22,,12.87,26.0,NORMAL,Y,0,0,0.0,15.0,4.0,4.0,0,0,0,0,0,0,0,0,N,,N,
06:19,MIDHANI,2463,421.1,-5.34,-5.34,,7.5,34.94,NORMAL,Y,0,0,0.0,15.0,4.0,4.0,0,0,0,0,0,0,0,0,N,,N,
06:19,GOCLCORP,3963,405.95,-5.79,-5.79,,7.5,33.1,NORMAL,N,0,0,0.0,15.0,4.0,4.0,0,0,0,0,0,0,0,0,N,,N,
06:19,RECLTD,15355,336.45,-2.9,-2.9,,12.55,29.0,NORMAL,N,0,0,0.0,14.502164502164518,4.0,4.0,0,0,0,0,0,0,0,0,N,,N,
06:19,JTEKTINDIA,3237,129.6,-2.79,-2.79,,7.5,35.73,NORMAL,N,0,0,0.0,13.951395139513947,4.0,4.0,0,0,0,0,0,0,0,0,N,,N,
06:19,REDINGTON,14255,337.1,-2.57,-2.57,,7.5,31.9,NORMAL,Y,0,0,0.0,12.861271676300545,4.0,4.0,0,0,0,0,0,0,0,0,N,,N,
06:19,GPIL,13409,237.17,-2.52,-2.52,,34.27,20.12,NORMAL,N,0,0,0.0,12.617648267642132,4.0,4.0,0,0,0,0,0,0,0,0,N,,N,
06:19,LUXIND,11301,1178.8,-2.52,-2.52,,7.5,31.82,NORMAL,N,0,0,0.0,12.610601174233027,4.0,4.0,0,0,0,0,0,0,0,0,N,,N,
06:19,VIPIND,3703,300.0,-2.5,-2.5,,7.5,42.05,NORMAL,N,0,0,0.0,12.512187195320099,4.0,4.0,0,0,0,0,0,0,0,0,N,,N,
06:19,RHIM,31163,381.9,-2.49,-2.49,,8.68,27.03,NORMAL,N,0,0,0.0,12.4473381846036,4.0,4.0,0,0,0,0,0,0,0,0,N,,N,
06:19,NELCO,2388,1021.7,-2.46,-2.46,,7.5,28.47,NORMAL,Y,0,0,0.0,12.31503579952265,4.0,4.0,0,0,0,0,0,0,0,0,N,,N,
06:19,JAINREC,759244,294.1,-2.44,-2.44,,7.5,29.98,NORMAL,N,0,0,0.0,12.191076463758446,4.0,4.0,0,0,0,0,0,0,0,0,N,,N,
06:19,RAJRATAN,18962,517.0,-2.43,-2.43,,9.89,26.63,NORMAL,Y,0,0,0.0,12.126073417004832,4.0,4.0,0,0,0,0,0,0,0,0,N,,N,
06:19,SAREGAMA,4892,519.8,-2.23,-2.23,,9.73,25.64,NORMAL,N,0,0,0.0,11.144549985892995,4.0,4.0,0,0,0,0,0,0,0,0,N,,N,
06:19,PTC,11355,161.22,-2.17,-2.17,,9.3,25.36,NORMAL,N,0,0,0.0,10.86165048543693,4.0,4.0,0,0,0,0,0,0,0,0,N,,N,
06:19,LTF,24948,308.55,-2.16,-2.16,,7.5,28.93,NORMAL,N,0,0,0.0,10.781671159029665,4.0,4.0,0,0,0,0,0,0,0,0,N,,N,
06:19,RAINBOW,9408,1422.7,-2.09,-2.09,,19.55,24.93,NORMAL,N,0,0,0.0,10.426703372333089,4.0,4.0,0,0,0,0,0,0,0,0,N,,N,
06:19,MOIL,20830,273.9,-2.04,-2.04,,7.5,29.32,NORMAL,N,0,0,0.0,10.193133047210381,4.0,4.0,0,0,0,0,0,0,0,0,N,,N,
06:19,KNRCON,15283,131.94,-1.96,-1.96,,7.5,39.17,NORMAL,Y,0,0,0.0,9.808292465448114,4.0,4.0,0,0,0,0,0,0,0,0,N,,N,
06:19,SURYODAY,2970,153.4,-1.91,-1.91,,8.23,24.13,NORMAL,N,0,0,0.0,9.559434746467105,4.0,4.0,0,0,0,0,0,0,0,0,N,,N,
06:19,JMFINANCIL,13637,126.96,-1.86,-1.86,,7.93,23.81,NORMAL,Y,0,0,0.0,9.314369637473954,4.0,4.0,0,0,0,0,0,0,0,0,N,,N,
06:19,VAIBHAVGBL,11364,229.15,-1.82,-1.82,,7.5,26.4,NORMAL,N,0,0,0.0,9.104541559554413,4.0,4.0,0,0,0,0,0,0,0,0,N,,N,
06:19,JIOFIN,18143,251.0,-1.8,-1.8,,7.5,25.55,NORMAL,Y,0,0,0.0,8.998435054773072,4.0,4.0,0,0,0,0,0,0,0,0,N,,N,
06:19,PATANJALI,17029,347.5,-1.79,-1.79,,8.92,23.63,NORMAL,N,0,0,0.0,8.972728557298321,4.0,4.0,0,0,0,0,0,0,0,0,N,,N,
06:19,HINDALCO,1363,1027.6,-1.78,-1.78,,12.82,19.94,NORMAL,Y,0,0,0.0,8.912783751493471,4.0,4.0,0,0,0,0,0,0,0,0,N,,N,
06:19,IPCALAB,1633,1746.6,-2.77,-2.77,,10.3,28.33,NORMAL,N,0,0,0.0,13.833992094861673,4.0,4.0,0,0,0,0,0,0,0,0,N,,N,
06:19,SHALBY,714,153.4,-1.76,-1.76,,7.5,37.55,NORMAL,N,0,0,0.0,8.805635606788345,4.0,4.0,0,0,0,0,0,0,0,0,N,,N,
06:19,EMSLIMITED,18593,362.65,-1.76,-1.76,,7.59,26.34,NORMAL,N,0,0,0.0,8.804009210348099,4.0,4.0,0,0,0,0,0,0,0,0,N,,N,
06:19,JAMNAAUTO,20778,124.47,-1.74,-1.74,,9.79,23.22,NORMAL,N,0,0,0.0,8.722766024629017,4.0,4.0,0,0,0,0,0,0,0,0,N,,N,
06:19,NIACL,399,177.51,-1.74,-1.74,,11.93,23.19,NORMAL,Y,0,0,0.0,8.690838638250801,4.0,4.0,0,0,0,0,0,0,0,0,N,,N,
06:19,SPARC,14788,200.73,-1.74,-1.74,,8.88,23.19,NORMAL,N,0,0,0.0,8.689054239279448,4.0,4.0,0,0,0,0,0,0,0,0,N,,N,
06:19,OIL,17438,471.5,-1.73,-1.73,,7.5,25.07,NORMAL,Y,0,0,0.0,8.649437265527315,4.0,4.0,0,0,0,0,0,0,0,0,N,,N,
06:19,ENDURANCE,18822,2894.3,-2.72,-2.72,,11.22,28.28,NORMAL,Y,0,0,0.0,13.612072732161462,4.0,4.0,0,0,0,0,0,0,0,0,N,,N,
06:19,XCHANGING,11705,63.96,-2.71,-2.71,,22.32,21.04,NORMAL,N,0,0,0.0,13.538180711895302,4.0,4.0,0,0,0,0,0,0,0,0,N,,N,
06:19,SONATSOFTW,6596,320.9,-1.69,-1.69,,9.27,22.93,NORMAL,Y,0,0,0.0,8.425245098039218,4.0,4.0,0,0,0,0,0,0,0,0,N,,N,
06:19,ROUTE,128,506.0,-1.67,-1.67,,7.5,23.03,NORMAL,N,0,0,0.0,8.356004663816579,4.0,4.0,0,0,0,0,0,0,0,0,N,,N,
06:19,SOUTHWEST,9678,219.61,-1.66,-1.66,,10.62,22.94,NORMAL,N,0,0,0.0,8.28444762885672,4.0,4.0,0,0,0,0,0,0,0,0,N,,N,
06:19,ANGELONE,324,287.2,-1.64,-1.64,,7.5,26.16,NORMAL,N,0,0,0.0,8.2191780821918,4.0,4.0,0,0,0,0,0,0,0,0,N,,N,
06:19,SHIVALIK,7026,256.0,-1.63,-1.63,,7.5,28.22,NORMAL,Y,0,0,0.0,8.146326467875824,4.0,4.0,0,0,0,0,0,0,0,0,N,,N,
06:19,SYMPHONY,24190,621.0,-1.62,-1.62,,7.5,25.12,NORMAL,N,0,0,0.0,8.118811881188119,4.0,4.0,0,0,0,0,0,0,0,0,N,,N,
06:19,AIIL,23553,569.7,-1.62,-1.62,,10.12,22.62,NORMAL,Y,0,0,0.0,8.11604213434638,4.0,4.0,0,0,0,0,0,0,0,0,N,,N,
06:19,TRIVENI,13081,263.3,8.69,8.69,,30.4,11.0,NORMAL,Y,0,0,15.0,0.0,4.0,4.0,0,0,0,0,0,0,0,0,N,,N,
06:19,KRBL,10577,393.8,5.52,5.52,,26.06,14.83,NORMAL,Y,0,0,15.0,0.0,4.0,4.0,0,0,0,0,0,0,0,0,N,,N,
06:19,ASAHIINDIA,5378,942.65,4.62,4.62,,29.93,8.63,NORMAL,Y,0,0,15.0,0.0,4.0,4.0,0,0,0,0,0,0,0,0,N,,N,
06:19,PRAJIND,2705,337.55,4.07,4.07,,22.5,32.74,NORMAL,Y,0,0,15.0,0.0,4.0,4.0,0,0,0,0,0,0,0,0,N,,N,
06:19,WELSPUNLIV,11253,170.12,2.96,2.96,,22.3,33.29,NORMAL,Y,0,0,14.7975549234401,0.0,4.0,4.0,0,0,0,0,0,0,0,0,Y,NONRESULTS,N,
06:34,TRIVENI,13081,263.27,8.68,8.68,,30.0,14.87,NORMAL,N,0,0,15.0,0.0,8.0,1.5,0,0,0,0,0,0,0,0,N,,N,
06:34,HAPPSTMNDS,48,417.65,7.09,7.09,,46.36,5.01,NORMAL,Y,0,0,15.0,0.0,8.0,1.5,0,0,0,0,0,0,0,0,N,,N,
06:34,RGL,15129,117.23,6.44,6.44,,35.31,12.0,NORMAL,N,0,0,15.0,0.0,8.0,1.5,0,0,0,0,0,0,0,0,N,,N,
06:34,ZEEL,3812,103.08,5.7,5.7,,51.5,5.57,NORMAL,Y,0,0,15.0,0.0,8.0,1.5,0,0,0,0,0,0,0,0,N,,N,
06:34,KRBL,10577,392.7,5.23,5.23,,26.5,16.96,NORMAL,Y,0,0,15.0,0.0,8.0,1.5,0,0,0,0,0,0,0,0,N,,N,
06:34,PRAJIND,2705,337.1,4.84,4.84,,26.5,20.63,NORMAL,Y,0,0,15.0,0.0,8.0,1.5,0,0,0,0,0,0,0,0,N,,N,
06:34,ELGIEQUIP,937,604.2,4.8,4.8,,41.67,8.5,NORMAL,Y,0,0,15.0,0.0,8.0,1.5,0,0,0,0,0,0,0,0,N,,Y,NONRESULTS
06:34,ASAHIINDIA,5378,943.65,4.73,4.73,,33.5,7.0,NORMAL,Y,0,0,15.0,0.0,8.0,1.5,0,0,0,0,0,0,0,0,N,,N,
06:34,PARAS,5911,1394.7,3.91,3.91,,35.74,5.0,NORMAL,Y,0,0,15.0,0.0,8.0,1.5,0,0,0,0,0,0,0,0,N,,N,
06:34,DEVYANI,5373,143.87,3.87,3.87,,33.5,12.0,NORMAL,Y,0,0,15.0,0.0,8.0,1.5,0,0,0,0,0,0,0,0,N,,N,
06:34,MSTCLTD,9356,602.6,3.77,3.77,,54.5,5.0,NORMAL,Y,0,0,15.0,0.0,8.0,1.5,0,0,0,0,0,0,0,0,N,,N,
06:34,BATAINDIA,371,754.25,3.66,3.66,,26.5,16.6,NORMAL,Y,0,0,15.0,0.0,8.0,1.5,0,0,0,0,0,0,0,0,N,,N,
06:34,SHREEPUSHK,10588,381.95,3.23,3.23,,37.81,5.0,NORMAL,N,0,0,15.0,0.0,8.0,1.5,0,0,0,0,0,0,0,0,N,,N,
06:34,CHEMPLASTS,5449,185.73,2.96,2.96,,36.65,5.13,NORMAL,N,0,0,14.801263928155674,0.0,8.0,1.5,0,0,0,0,0,0,0,0,N,,Y,NONRESULTS
06:34,GNFC,1174,566.6,2.94,2.94,,33.22,6.17,NORMAL,Y,0,0,14.716569767441904,0.0,8.0,1.5,0,0,0,0,0,0,0,0,N,,N,
06:34,WELSPUNLIV,11253,169.9,2.83,2.83,,25.63,19.58,NORMAL,Y,0,0,14.131816256127872,0.0,8.0,1.5,0,0,0,0,0,0,0,0,Y,NONRESULTS,N,
06:34,SANDHAR,2397,632.25,2.78,2.78,,28.9,15.44,NORMAL,Y,0,0,13.899049012436011,0.0,8.0,1.5,0,0,0,0,0,0,0,0,N,,N,
06:34,SHARDAMOTR,10530,905.95,2.72,2.72,,29.33,8.64,NORMAL,Y,0,0,13.6062135041669,0.0,8.0,1.5,0,0,0,0,0,0,0,0,N,,N,
06:34,JUBLFOOD,18096,504.9,2.72,2.72,,25.08,21.19,NORMAL,Y,0,0,13.579493439121112,0.0,8.0,1.5,0,0,0,0,0,0,0,0,N,,N,
06:34,THYROCARE,17032,622.4,2.71,2.71,,36.69,5.0,NORMAL,Y,0,0,13.531353135313513,0.0,8.0,1.5,0,0,0,0,0,0,0,0,N,,N,
06:34,HEG,1336,704.65,2.57,2.57,,28.19,10.93,NORMAL,Y,0,0,12.845705967976695,0.0,8.0,1.5,0,0,0,0,0,0,0,0,N,,N,
06:34,BLS,17279,277.48,2.52,2.52,,42.91,5.0,NORMAL,Y,0,0,12.579894336276649,0.0,8.0,1.5,0,0,0,0,0,0,0,0,N,,N,
06:34,MGL,17534,1151.5,2.28,2.28,,29.91,7.28,NORMAL,Y,0,0,11.414105524960046,0.0,8.0,1.5,0,0,0,0,0,0,0,0,N,,N,
06:34,WIPL,20481,170.9,2.22,2.22,,26.1,8.5,NORMAL,Y,0,0,11.09516119385133,0.0,8.0,1.5,0,0,0,0,0,0,0,0,N,,N,
06:34,BERGEPAINT,404,558.15,2.16,2.16,,30.47,5.0,NORMAL,Y,0,0,10.798938409444453,0.0,8.0,1.5,0,0,0,0,0,0,0,0,N,,N,
06:34,LENSKART,759605,609.25,2.07,2.07,,26.79,8.71,NORMAL,Y,0,0,10.345116434913738,0.0,8.0,1.5,0,0,0,0,0,0,0,0,N,,N,
06:34,LGEINDIA,760213,1704.0,7.93,7.93,,38.69,5.0,NORMAL,Y,0,0,15.0,0.0,8.0,1.5,0,0,0,0,0,0,0,0,N,,N,
06:34,AETHER,9810,1642.5,3.95,3.95,,33.52,6.64,NORMAL,Y,0,0,15.0,0.0,8.0,1.5,0,0,0,0,0,0,0,0,N,,N,
06:34,BHARTIHEXA,23489,1621.5,3.58,3.58,,33.5,15.96,NORMAL,Y,0,0,15.0,0.0,8.0,1.5,0,0,0,0,0,0,0,0,N,,N,
06:34,SANSERA,5751,4002.5,3.2,3.2,,38.86,5.0,NORMAL,Y,0,0,15.0,0.0,8.0,1.5,0,0,0,0,0,0,0,0,N,,N,
06:34,BHARTIARTL,10604,2000.0,3.14,3.14,,34.61,5.0,NORMAL,Y,0,0,15.0,0.0,8.0,1.5,0,0,0,0,0,0,0,0,N,,N,
06:34,VOLTAS,3718,1313.7,1.88,1.88,,27.88,10.53,NORMAL,Y,0,0,9.383481969755737,0.0,8.0,1.5,0,0,0,0,0,0,0,0,N,,N,
06:34,MARKSANS,10579,318.4,1.86,1.86,,35.62,5.0,NORMAL,Y,0,0,9.277031349967938,0.0,8.0,1.5,0,0,0,0,0,0,0,0,N,,N,
06:34,BAJAJELEC,15034,363.0,1.79,1.79,,24.04,8.92,NORMAL,Y,0,0,8.973639932697669,0.0,8.0,1.5,0,0,0,0,0,0,0,0,N,,N,
06:34,TATAPOWER,3426,389.45,1.74,1.74,,27.23,8.64,NORMAL,Y,0,0,8.68599791013581,0.0,8.0,1.5,0,0,0,0,0,0,0,0,N,,N,
06:34,YUKEN,5501,859.65,1.66,1.66,,27.85,14.52,NORMAL,Y,0,0,8.277656240761544,0.0,8.0,1.5,0,0,0,0,0,0,0,0,N,,N,
06:34,ENGINERSIN,4907,244.4,1.59,1.59,,19.94,14.88,NORMAL,Y,0,0,7.939147061268586,0.0,8.0,1.5,0,0,0,0,0,0,0,0,N,,N,
06:34,ADANIGREEN,3563,1339.8,1.58,1.58,,27.98,5.0,NORMAL,N,0,0,7.88476118271416,0.0,8.0,1.5,0,0,0,0,0,0,0,0,N,,N,
06:34,RAMCOCEM,2043,923.0,1.56,1.56,,26.58,6.56,NORMAL,N,0,0,7.812500000000026,0.0,8.0,1.5,0,0,0,0,0,0,0,0,N,,N,
06:34,ASHOKLEY,212,178.96,1.55,1.55,,33.5,5.0,NORMAL,Y,0,0,7.745559779833225,0.0,8.0,1.5,0,0,0,0,0,0,0,0,N,,N,
06:34,RATNAMANI,13451,2356.5,2.55,2.55,,37.5,5.0,NORMAL,N,0,0,12.728459530026107,0.0,8.0,1.5,0,0,0,0,0,0,0,0,N,,N,
06:34,PRICOLLTD,19631,776.75,1.54,1.54,,26.28,8.5,NORMAL,Y,0,0,7.6797385620915035,0.0,8.0,1.5,0,0,0,0,0,0,0,0,N,,N,
06:34,ABMKNO,762528,203.0,1.52,1.52,,26.1,5.0,NORMAL,Y,0,0,7.6015203040607915,0.0,8.0,1.5,0,0,0,0,0,0,0,0,N,,N,
06:34,LLOYDSENGG,17801,93.44,2.51,2.51,,29.64,8.54,NORMAL,Y,0,0,12.561711464618716,0.0,8.0,1.5,0,0,0,0,0,0,0,0,N,,N,
06:34,SESHAPAPER,3066,232.73,1.48,1.48,,26.79,19.04,NORMAL,Y,0,0,7.390773524025435,0.0,8.0,1.5,0,0,0,0,0,0,0,0,N,,N,
06:34,AEGISLOG,40,1264.4,1.4,1.4,,18.48,13.9,NORMAL,N,0,0,6.976744186046548,0.0,8.0,1.5,0,0,0,0,0,0,0,0,N,,N,
06:34,HISARMETAL,19322,152.0,1.37,1.37,,18.37,12.0,NORMAL,Y,0,0,6.869414432439649,0.0,8.0,1.5,0,0,0,0,0,0,0,0,N,,N,
06:34,GENUSPOWER,11905,310.75,1.37,1.37,,18.43,16.05,NORMAL,N,0,0,6.850432229652567,0.0,8.0,1.5,0,0,0,0,0,0,0,0,Y,NONRESULTS,N,
06:34,GABRIEL,1085,1467.4,1.35,1.35,,25.99,6.82,NORMAL,Y,0,0,6.7338904620484845,0.0,8.0,1.5,0,0,0,0,0,0,0,0,N,,N,
06:34,LUMAXTECH,14014,2032.8,2.28,2.28,,27.64,8.5,NORMAL,Y,0,0,11.396226415094329,0.0,8.0,1.5,0,0,0,0,0,0,0,0,N,,N,
06:34,JTEKTINDIA,3237,129.31,-3.01,-3.01,,11.5,29.62,NORMAL,N,0,0,0.0,15.0,8.0,1.5,0,0,0,0,0,0,0,0,N,,N,
06:34,RECLTD,15355,336.05,-3.02,-3.02,,13.09,27.0,NORMAL,N,0,0,0.0,15.0,8.0,1.5,0,0,0,0,0,0,0,0,N,,N,
06:34,HINDZINC,1424,560.75,-3.04,-3.04,,12.34,27.0,NORMAL,N,0,0,0.0,15.0,8.0,1.5,0,0,0,0,0,0,0,0,N,,N,
06:34,INOXGREEN,12188,181.19,-3.09,-3.09,,11.5,38.26,NORMAL,N,0,0,0.0,15.0,8.0,1.5,0,0,0,0,0,0,0,0,N,,N,
06:34,YATRA,18760,112.23,-3.34,-3.34,,17.25,27.0,NORMAL,Y,0,0,0.0,15.0,8.0,1.5,0,0,0,0,0,0,0,0,N,,N,
06:34,JKPAPER,11860,378.8,-3.75,-3.75,,11.52,29.67,NORMAL,N,0,0,0.0,15.0,8.0,1.5,0,0,0,0,0,0,0,0,N,,N,
06:34,ABDL,24308,601.65,-4.15,-4.15,,11.5,31.44,NORMAL,N,0,0,0.0,15.0,8.0,1.5,0,0,0,0,0,0,0,0,N,,N,
06:34,RELAXO,24225,400.3,-4.57,-4.57,,11.5,33.31,NORMAL,N,0,0,0.0,15.0,8.0,1.5,0,0,0,0,0,0,0,0,N,,N,
06:34,HINDPETRO,1406,372.55,-5.18,-5.18,,11.5,31.08,NORMAL,N,0,0,0.0,15.0,8.0,1.5,0,0,0,0,0,0,0,0,N,,N,
06:34,NARMADA,6364,379.45,-5.26,-5.26,,15.0,23.52,NORMAL,Y,0,0,0.0,15.0,8.0,1.5,0,0,0,0,0,0,0,0,N,,N,
06:34,TIMETECHNO,14707,193.3,-5.26,-5.26,,11.5,33.43,NORMAL,N,0,0,0.0,15.0,8.0,1.5,0,0,0,0,0,0,0,0,N,,N,
06:34,TMPV,3456,331.15,-5.28,-5.28,,11.5,30.62,NORMAL,N,0,0,0.0,15.0,8.0,1.5,0,0,0,0,0,0,0,0,N,,N,
06:34,GOCLCORP,3963,407.05,-5.53,-5.53,,13.4,27.0,NORMAL,N,0,0,0.0,15.0,8.0,1.5,0,0,0,0,0,0,0,0,N,,N,
06:34,MIDHANI,2463,418.95,-5.82,-5.82,,11.5,37.17,NORMAL,Y,0,0,0.0,15.0,8.0,1.5,0,0,0,0,0,0,0,0,N,,N,
06:34,VIPIND,3703,299.45,-2.68,-2.68,,11.5,30.86,NORMAL,N,0,0,0.0,13.405914852128697,8.0,1.5,0,0,0,0,0,0,0,0,N,,N,
06:34,REDINGTON,14255,337.05,-2.59,-2.59,,11.66,28.13,NORMAL,Y,0,0,0.0,12.933526011560676,8.0,1.5,0,0,0,0,0,0,0,0,N,,N,
06:34,RHIM,31163,381.7,-2.54,-2.54,,11.5,31.69,NORMAL,N,0,0,0.0,12.702668198646736,8.0,1.5,0,0,0,0,0,0,0,0,N,,N,
06:34,JAINREC,759244,293.95,-2.49,-2.49,,11.8,25.74,NORMAL,N,0,0,0.0,12.439873942610715,8.0,1.5,0,0,0,0,0,0,0,0,N,,N,
06:34,SPARC,14788,199.23,-2.47,-2.47,,11.5,31.56,NORMAL,N,0,0,0.0,12.360485607989062,8.0,1.5,0,0,0,0,0,0,0,0,N,,N,
06:34,GPIL,13409,237.32,-2.46,-2.46,,24.68,17.31,NORMAL,N,0,0,0.0,12.309399531461938,8.0,1.5,0,0,0,0,0,0,0,0,N,,N,
06:34,LUXIND,11301,1179.9,-2.43,-2.43,,11.92,24.16,NORMAL,N,0,0,0.0,12.155792607293419,8.0,1.5,0,0,0,0,0,0,0,0,N,,N,
06:34,RAJRATAN,18962,517.55,-2.32,-2.32,,11.5,24.03,NORMAL,Y,0,0,0.0,11.607058601491053,8.0,1.5,0,0,0,0,0,0,0,0,N,,N,
06:34,SAREGAMA,4892,519.4,-2.3,-2.3,,11.5,26.16,NORMAL,N,0,0,0.0,11.520737327188941,8.0,1.5,0,0,0,0,0,0,0,0,N,,N,
06:34,SUDARSCHEM,3327,1028.8,-2.28,-2.28,,11.5,38.16,NORMAL,N,0,0,0.0,11.398176291793314,8.0,1.5,0,0,0,0,0,0,0,0,N,,N,
06:34,RAINBOW,9408,1419.9,-2.28,-2.28,,11.57,24.21,NORMAL,N,0,0,0.0,11.39022711631105,8.0,1.5,0,0,0,0,0,0,0,0,N,,N,
06:34,PTC,11355,161.13,-2.23,-2.23,,14.92,23.13,NORMAL,N,0,0,0.0,11.134708737864125,8.0,1.5,0,0,0,0,0,0,0,0,N,,N,
06:34,NELCO,2388,1024.4,-2.21,-2.21,,12.69,23.03,NORMAL,Y,0,0,0.0,11.026252983293512,8.0,1.5,0,0,0,0,0,0,0,0,N,,N,
06:34,VAIBHAVGBL,11364,228.45,-2.12,-2.12,,11.5,25.13,NORMAL,N,0,0,0.0,10.604113110539885,8.0,1.5,0,0,0,0,0,0,0,0,N,,N,
06:34,LTF,24948,308.7,-2.11,-2.11,,12.67,22.68,NORMAL,N,0,0,0.0,10.54384017758052,8.0,1.5,0,0,0,0,0,0,0,0,N,,N,
06:34,EMSLIMITED,18593,361.5,-2.07,-2.07,,11.63,22.81,NORMAL,N,0,0,0.0,10.36164160910196,8.0,1.5,0,0,0,0,0,0,0,0,N,,N,
06:34,KNRCON,15283,131.8,-2.07,-2.07,,11.5,28.68,NORMAL,Y,0,0,0.0,10.328429187100614,8.0,1.5,0,0,0,0,0,0,0,0,N,,N,
06:34,MOIL,20830,273.85,-2.06,-2.06,,11.5,25.01,NORMAL,N,0,0,0.0,10.282546494992847,8.0,1.5,0,0,0,0,0,0,0,0,N,,N,
06:34,SURYODAY,2970,153.28,-1.99,-1.99,,11.5,30.05,NORMAL,N,0,0,0.0,9.943090990472491,8.0,1.5,0,0,0,0,0,0,0,0,N,,N,
06:34,OIL,17438,470.55,-1.93,-1.93,,11.5,27.13,NORMAL,Y,0,0,0.0,9.639433097123803,8.0,1.5,0,0,0,0,0,0,0,0,N,,N,
06:34,JMFINANCIL,13637,126.9,-1.91,-1.91,,14.16,21.64,NORMAL,Y,0,0,0.0,9.546262657494006,8.0,1.5,0,0,0,0,0,0,0,0,N,,N,
06:34,NIACL,399,177.26,-1.88,-1.88,,11.5,21.78,NORMAL,Y,0,0,0.0,9.382784389703888,8.0,1.5,0,0,0,0,0,0,0,0,N,,N,
06:34,JAMNAAUTO,20778,124.32,-1.86,-1.86,,11.5,28.11,NORMAL,N,0,0,0.0,9.31480896747716,8.0,1.5,0,0,0,0,0,0,0,0,N,,N,
06:34,IPCALAB,1633,1745.0,-2.86,-2.86,,11.52,26.51,NORMAL,N,0,0,0.0,14.279352001336067,8.0,1.5,0,0,0,0,0,0,0,0,N,,N,
06:34,JIOFIN,18143,250.9,-1.84,-1.84,,11.5,23.54,NORMAL,Y,0,0,0.0,9.194053208137694,8.0,1.5,0,0,0,0,0,0,0,0,N,,N,
06:34,ANGELONE,324,286.75,-1.8,-1.8,,11.5,31.06,NORMAL,N,0,0,0.0,8.989726027397259,8.0,1.5,0,0,0,0,0,0,0,0,N,,N,
06:34,HINDALCO,1363,1027.55,-1.79,-1.79,,22.42,17.44,NORMAL,Y,0,0,0.0,8.936678614097993,8.0,1.5,0,0,0,0,0,0,0,0,N,,N,
06:34,XCHANGING,11705,63.94,-2.74,-2.74,,18.61,23.69,NORMAL,N,0,0,0.0,13.690295101916622,8.0,1.5,0,0,0,0,0,0,0,0,N,,N,
06:34,MRPL,2283,171.37,-1.73,-1.73,,11.5,30.03,NORMAL,Y,0,0,0.0,8.630576901020733,8.0,1.5,0,0,0,0,0,0,0,0,N,,N,
06:34,PATANJALI,17029,347.85,-1.7,-1.7,,11.5,22.4,NORMAL,N,0,0,0.0,8.47816871555744,8.0,1.5,0,0,0,0,0,0,0,0,N,,N,
06:34,SOUTHWEST,9678,219.54,-1.69,-1.69,,11.5,24.6,NORMAL,N,0,0,0.0,8.44118042183514,8.0,1.5,0,0,0,0,0,0,0,0,N,,N,
06:34,SONATSOFTW,6596,320.9,-1.69,-1.69,,12.34,20.5,NORMAL,Y,0,0,0.0,8.425245098039218,8.0,1.5,0,0,0,0,0,0,0,0,N,,N,
06:34,NTPC,11630,338.45,-1.68,-1.68,,11.5,27.95,NORMAL,N,0,0,0.0,8.424110384894714,8.0,1.5,0,0,0,0,0,0,0,0,N,,N,
06:34,ROUTE,128,505.95,-1.68,-1.68,,11.5,21.55,NORMAL,N,0,0,0.0,8.40458608628064,8.0,1.5,0,0,0,0,0,0,0,0,N,,N,
06:34,LTTS,18564,3508.4,-2.67,-2.67,,11.54,25.39,NORMAL,N,0,0,0.0,13.357560962077251,8.0,1.5,0,0,0,0,0,0,0,0,N,,N,
06:34,SYMPHONY,24190,620.7,-1.67,-1.67,,11.5,25.76,NORMAL,N,0,0,0.0,8.35643564356432,8.0,1.5,0,0,0,0,0,0,0,0,N,,N,
06:34,KRBL,10577,392.7,5.23,5.23,,26.5,16.96,NORMAL,Y,0,0,15.0,0.0,8.0,1.5,0,0,0,0,0,0,0,0,N,,N,
06:34,DEVYANI,5373,143.87,3.87,3.87,,33.5,9.09,NORMAL,Y,0,0,15.0,0.0,8.0,1.5,0,0,0,0,0,0,0,0,N,,N,
06:34,GNFC,1174,566.6,2.94,2.94,,33.22,7.3,NORMAL,Y,0,0,14.716569767441904,0.0,8.0,1.5,0,0,0,0,0,0,0,0,N,,N,
06:34,SANDHAR,2397,632.25,2.78,2.78,,28.9,17.98,NORMAL,Y,0,0,13.899049012436011,0.0,8.0,1.5,0,0,0,0,0,0,0,0,N,,N,
06:34,HEG,1336,704.65,2.57,2.57,,28.17,12.04,NORMAL,Y,0,0,12.845705967976695,0.0,8.0,1.5,0,0,0,0,0,0,0,0,N,,N,
06:49,HAPPSTMNDS,48,424.85,8.94,8.94,,54.5,5.0,NORMAL,Y,0,0,15.0,0.0,8.0,1.5,0,0,0,0,0,0,0,0,N,,N,
06:49,TRIVENI,13081,262.29,8.28,8.28,,26.5,24.46,NORMAL,Y,0,0,15.0,0.0,8.0,1.5,0,0,0,0,0,0,0,0,N,,N,
06:49,RGL,15129,117.6,6.77,6.77,,30.92,11.99,NORMAL,Y,0,0,15.0,0.0,8.0,1.5,0,0,0,0,0,0,0,0,N,,N,
06:49,ELGIEQUIP,937,607.2,5.5,5.5,,41.51,5.0,NORMAL,Y,0,0,15.0,0.0,8.0,1.5,0,0,0,0,0,0,0,0,N,,Y,NONRESULTS
06:49,ZEEL,3812,102.62,5.23,5.23,,35.17,15.43,NORMAL,Y,0,0,15.0,0.0,8.0,1.5,0,0,0,0,0,0,0,0,N,,N,
06:49,PRAJIND,2705,337.55,4.98,4.98,,30.68,12.0,NORMAL,Y,0,0,15.0,0.0,8.0,1.5,0,0,0,0,0,0,0,0,N,,N,
06:49,KRBL,10577,391.45,4.89,4.89,,26.5,30.89,NORMAL,Y,0,0,15.0,0.0,8.0,1.5,0,0,0,0,0,0,0,0,N,,N,
06:49,MARKSANS,10579,317.85,4.76,4.76,,33.5,7.2,NORMAL,Y,0,0,15.0,0.0,8.0,1.5,0,0,0,0,0,0,0,0,N,,N,
06:49,ASAHIINDIA,5378,939.0,4.22,4.22,,33.5,12.28,NORMAL,Y,0,0,15.0,0.0,8.0,1.5,0,0,0,0,0,0,0,0,N,,N,
06:49,PARAS,5911,1396.4,4.04,4.04,,40.06,5.0,NORMAL,Y,0,0,15.0,0.0,8.0,1.5,0,0,0,0,0,0,0,0,N,,N,
06:49,BATAINDIA,371,754.7,3.72,3.72,,32.6,8.61,NORMAL,Y,0,0,15.0,0.0,8.0,1.5,0,0,0,0,0,0,0,0,N,,N,
06:49,SANDHAR,2397,636.75,3.51,3.51,,46.7,5.0,NORMAL,Y,0,0,15.0,0.0,8.0,1.5,0,0,0,0,0,0,0,0,N,,N,
06:49,DEVYANI,5373,143.29,3.45,3.45,,26.5,18.38,NORMAL,Y,0,0,15.0,0.0,8.0,1.5,0,0,0,0,0,0,0,0,N,,N,
06:49,SHREEPUSHK,10588,382.3,3.32,3.32,,37.86,5.1,NORMAL,N,0,0,15.0,0.0,8.0,1.5,0,0,0,0,0,0,0,0,N,,N,
06:49,JUBLFOOD,18096,506.7,3.08,3.08,,30.63,12.0,NORMAL,Y,0,0,15.0,0.0,8.0,1.5,0,0,0,0,0,0,0,0,N,,N,
06:49,MSTCLTD,9356,598.45,3.06,3.06,,38.38,5.84,NORMAL,N,0,0,15.0,0.0,8.0,1.5,0,0,0,0,0,0,0,0,N,,N,
06:49,SHARDAMOTR,10530,907.95,2.95,2.95,,36.62,5.0,NORMAL,Y,0,0,14.740064629514144,0.0,8.0,1.5,0,0,0,0,0,0,0,0,N,,N,
06:49,GNFC,1174,566.5,2.93,2.93,,35.16,5.0,NORMAL,Y,0,0,14.625726744186066,0.0,8.0,1.5,0,0,0,0,0,0,0,0,N,,N,
06:49,WELSPUNLIV,11253,169.86,2.8,2.8,,27.03,12.15,NORMAL,Y,0,0,14.010772862071125,0.0,8.0,1.5,0,0,0,0,0,0,0,0,Y,NONRESULTS,N,
06:49,CHEMPLASTS,5449,185.37,2.76,2.76,,32.3,13.23,NORMAL,N,0,0,13.803425910527244,0.0,8.0,1.5,0,0,0,0,0,0,0,0,N,,Y,NONRESULTS
06:49,THYROCARE,17032,621.85,2.62,2.62,,31.69,5.07,NORMAL,Y,0,0,13.077557755775597,0.0,8.0,1.5,0,0,0,0,0,0,0,0,N,,N,
06:49,HEG,1336,703.35,2.38,2.38,,26.9,9.77,NORMAL,Y,0,0,11.899563318777307,0.0,8.0,1.5,0,0,0,0,0,0,0,0,N,,N,
06:49,BLS,17279,276.97,2.33,2.33,,35.91,5.0,NORMAL,Y,0,0,11.637787711974012,0.0,8.0,1.5,0,0,0,0,0,0,0,0,N,,N,
06:49,WIPL,20481,170.9,2.22,2.22,,26.1,8.5,NORMAL,Y,0,0,11.09516119385133,0.0,8.0,1.5,0,0,0,0,0,0,0,0,N,,N,
06:49,BERGEPAINT,404,558.45,2.21,2.21,,30.83,5.0,NORMAL,Y,0,0,11.073487691040564,0.0,8.0,1.5,0,0,0,0,0,0,0,0,N,,N,
06:49,LENSKART,759605,609.7,2.14,2.14,,27.51,8.5,NORMAL,Y,0,0,10.722063997319541,0.0,8.0,1.5,0,0,0,0,0,0,0,0,N,,N,
06:49,MGL,17534,1149.9,2.14,2.14,,29.2,5.75,NORMAL,Y,0,0,10.70349973352289,0.0,8.0,1.5,0,0,0,0,0,0,0,0,N,,N,
06:49,VOLTAS,3718,1316.8,2.12,2.12,,32.22,5.0,NORMAL,Y,0,0,10.585498255137633,0.0,8.0,1.5,0,0,0,0,0,0,0,0,N,,N,
06:49,LGEINDIA,760213,1708.1,8.19,8.19,,34.08,6.83,NORMAL,Y,0,0,15.0,0.0,8.0,1.5,0,0,0,0,0,0,0,0,N,,N,
06:49,AETHER,9810,1642.0,3.92,3.92,,33.57,10.42,NORMAL,Y,0,0,15.0,0.0,8.0,1.5,0,0,0,0,0,0,0,0,N,,N,
06:49,SUPREMEINF,15002,92.15,3.37,3.37,,52.34,5.0,NORMAL,Y,0,0,15.0,0.0,8.0,1.5,0,0,0,0,0,0,0,0,N,,N,
06:49,BHARTIHEXA,23489,1617.4,3.32,3.32,,33.5,9.99,NORMAL,Y,0,0,15.0,0.0,8.0,1.5,0,0,0,0,0,0,0,0,N,,N,
06:49,BHARTIARTL,10604,1997.5,3.01,3.01,,35.4,5.19,NORMAL,Y,0,0,15.0,0.0,8.0,1.5,0,0,0,0,0,0,0,0,N,,N,
06:49,BAJAJELEC,15034,363.55,1.95,1.95,,29.34,5.0,NORMAL,Y,0,0,9.744812114413891,0.0,8.0,1.5,0,0,0,0,0,0,0,0,N,,N,
06:49,SANSERA,5751,3990.1,2.88,2.88,,32.91,12.83,NORMAL,Y,0,0,14.41353170203436,0.0,8.0,1.5,0,0,0,0,0,0,0,0,N,,N,
06:49,PRICOLLTD,19631,778.8,1.8,1.8,,46.08,5.0,NORMAL,Y,0,0,9.019607843137225,0.0,8.0,1.5,0,0,0,0,0,0,0,0,N,,N,
06:49,LLOYDSENGG,17801,93.59,2.68,2.68,,32.13,5.81,NORMAL,Y,0,0,13.384530992868884,0.0,8.0,1.5,0,0,0,0,0,0,0,0,N,,N,
06:49,GENUSPOWER,11905,311.55,1.63,1.63,,25.09,12.0,NORMAL,Y,0,0,8.155276463872125,0.0,8.0,1.5,0,0,0,0,0,0,0,0,Y,NONRESULTS,N,
06:49,RATNAMANI,13451,2357.4,2.58,2.58,,31.64,7.48,NORMAL,N,0,0,12.924281984334224,0.0,8.0,1.5,0,0,0,0,0,0,0,0,N,,N,
06:49,TATAPOWER,3426,388.65,1.53,1.53,,26.14,5.82,NORMAL,Y,0,0,7.641065830720957,0.0,8.0,1.5,0,0,0,0,0,0,0,0,N,,N,
06:49,WABAG,20188,1932.7,2.5,2.5,,28.63,12.0,NORMAL,N,0,0,12.489393296563465,0.0,8.0,1.5,0,0,0,0,0,0,0,0,N,,N,
06:49,RAMCOCEM,2043,922.15,1.47,1.47,,27.92,5.02,NORMAL,N,0,0,7.344850352112688,0.0,8.0,1.5,0,0,0,0,0,0,0,0,N,,N,
06:49,ASHOKLEY,212,178.79,1.45,1.45,,27.74,5.0,NORMAL,Y,0,0,7.2632355444589525,0.0,8.0,1.5,0,0,0,0,0,0,0,0,N,,N,
06:49,AEGISLOG,40,1264.6,1.41,1.41,,20.11,12.0,NORMAL,N,0,0,7.056936647955055,0.0,8.0,1.5,0,0,0,0,0,0,0,0,N,,N,
06:49,KPRMILL,14912,1099.8,1.39,1.39,,38.44,5.0,NORMAL,Y,0,0,6.96044989397986,0.0,8.0,1.5,0,0,0,0,0,0,0,0,N,,N,
06:49,HISARMETAL,19322,152.0,1.37,1.37,,18.37,12.0,NORMAL,Y,0,0,6.869414432439649,0.0,8.0,1.5,0,0,0,0,0,0,0,0,N,,N,
06:49,LUMAXTECH,14014,2034.6,2.37,2.37,,26.85,18.35,NORMAL,Y,0,0,11.849056603773562,0.0,8.0,1.5,0,0,0,0,0,0,0,0,N,,N,
06:49,ADANIGREEN,3563,1337.0,1.36,1.36,,32.15,5.03,NORMAL,N,0,0,6.823351023502654,0.0,8.0,1.5,0,0,0,0,0,0,0,0,N,,N,
06:49,MFSL,2142,1547.9,2.35,2.35,,48.9,5.0,NORMAL,Y,0,0,11.736313144670723,0.0,8.0,1.5,0,0,0,0,0,0,0,0,N,,N,
06:49,JINDALSAW,3024,267.9,1.32,1.32,,29.15,5.0,NORMAL,Y,0,0,6.618759455370651,0.0,8.0,1.5,0,0,0,0,0,0,0,0,N,,N,
06:49,INOXGREEN,12188,181.28,-3.04,-3.04,,11.81,27.0,NORMAL,N,0,0,0.0,15.0,8.0,1.5,0,0,0,0,0,0,0,0,N,,N,
06:49,YATRA,18760,112.4,-3.2,-3.2,,13.97,27.0,NORMAL,Y,0,0,0.0,15.0,8.0,1.5,0,0,0,0,0,0,0,0,N,,N,
06:49,JKPAPER,11860,379.5,-3.57,-3.57,,14.91,27.0,NORMAL,N,0,0,0.0,15.0,8.0,1.5,0,0,0,0,0,0,0,0,N,,N,
06:49,ABDL,24308,601.6,-4.16,-4.16,,11.5,28.93,NORMAL,N,0,0,0.0,15.0,8.0,1.5,0,0,0,0,0,0,0,0,N,,N,
06:49,RELAXO,24225,399.75,-4.7,-4.7,,13.08,27.33,NORMAL,N,0,0,0.0,15.0,8.0,1.5,0,0,0,0,0,0,0,0,N,,N,
06:49,TMPV,3456,332.25,-4.96,-4.96,,15.13,25.46,NORMAL,N,0,0,0.0,15.0,8.0,1.5,0,0,0,0,0,0,0,0,N,,N,
06:49,HINDPETRO,1406,372.75,-5.13,-5.13,,15.16,23.5,NORMAL,N,0,0,0.0,15.0,8.0,1.5,0,0,0,0,0,0,0,0,N,,N,
06:49,NARMADA,6364,379.7,-5.19,-5.19,,15.17,24.09,NORMAL,Y,0,0,0.0,15.0,8.0,1.5,0,0,0,0,0,0,0,0,N,,N,
06:49,TIMETECHNO,14707,193.11,-5.36,-5.36,,11.5,30.82,NORMAL,N,0,0,0.0,15.0,8.0,1.5,0,0,0,0,0,0,0,0,N,,N,
06:49,GOCLCORP,3963,407.0,-5.55,-5.55,,11.5,33.51,NORMAL,N,0,0,0.0,15.0,8.0,1.5,0,0,0,0,0,0,0,0,N,,N,
06:49,MIDHANI,2463,419.25,-5.75,-5.75,,11.51,28.98,NORMAL,Y,0,0,0.0,15.0,8.0,1.5,0,0,0,0,0,0,0,0,N,,N,
06:49,HINDZINC,1424,561.5,-2.91,-2.91,,18.15,23.07,NORMAL,N,0,0,0.0,14.567303535921173,8.0,1.5,0,0,0,0,0,0,0,0,N,,N,
06:49,RECLTD,15355,336.5,-2.89,-2.89,,12.15,26.43,NORMAL,N,0,0,0.0,14.430014430014431,8.0,1.5,0,0,0,0,0,0,0,0,N,,N,
06:49,JTEKTINDIA,3237,129.58,-2.81,-2.81,,12.19,26.03,NORMAL,N,0,0,0.0,14.026402640263957,8.0,1.5,0,0,0,0,0,0,0,0,N,,N,
06:49,RAJRATAN,18962,515.6,-2.69,-2.69,,23.79,25.45,NORMAL,Y,0,0,0.0,13.44720203831273,8.0,1.5,0,0,0,0,0,0,0,0,N,,N,
06:49,VIPIND,3703,299.55,-2.65,-2.65,,14.36,25.24,NORMAL,N,0,0,0.0,13.2434189145271,8.0,1.5,0,0,0,0,0,0,0,0,N,,N,
06:49,REDINGTON,14255,336.9,-2.63,-2.63,,11.5,27.43,NORMAL,Y,0,0,0.0,13.150289017341075,8.0,1.5,0,0,0,0,0,0,0,0,N,,N,
06:49,RHIM,31163,381.6,-2.57,-2.57,,11.5,26.76,NORMAL,N,0,0,0.0,12.830333205668268,8.0,1.5,0,0,0,0,0,0,0,0,N,,N,
06:49,LUXIND,11301,1178.8,-2.52,-2.52,,14.26,24.97,NORMAL,N,0,0,0.0,12.610601174233027,8.0,1.5,0,0,0,0,0,0,0,0,N,,N,
06:49,SPARC,14788,199.15,-2.51,-2.51,,11.5,28.56,NORMAL,N,0,0,0.0,12.55629528098687,8.0,1.5,0,0,0,0,0,0,0,0,N,,N,
06:49,RAINBOW,9408,1418.0,-2.41,-2.41,,11.5,26.92,NORMAL,N,0,0,0.0,12.044046799724708,8.0,1.5,0,0,0,0,0,0,0,0,N,,N,
06:49,JAINREC,759244,294.5,-2.31,-2.31,,11.81,23.56,NORMAL,N,0,0,0.0,11.527616520152577,8.0,1.5,0,0,0,0,0,0,0,0,N,,N,
06:49,GPIL,13409,237.98,-2.19,-2.19,,23.14,15.95,NORMAL,N,0,0,0.0,10.953105092269146,8.0,1.5,0,0,0,0,0,0,0,0,N,,N,
06:49,OIL,17438,469.35,-2.18,-2.18,,11.5,29.68,NORMAL,Y,0,0,0.0,10.889954147561472,8.0,1.5,0,0,0,0,0,0,0,0,N,,N,
06:49,LTF,24948,308.55,-2.16,-2.16,,11.86,22.79,NORMAL,N,0,0,0.0,10.781671159029665,8.0,1.5,0,0,0,0,0,0,0,0,N,,N,
06:49,SURYODAY,2970,153.1,-2.1,-2.1,,11.51,25.45,NORMAL,N,0,0,0.0,10.518575356480572,8.0,1.5,0,0,0,0,0,0,0,0,N,,N,
06:49,VAIBHAVGBL,11364,228.6,-2.06,-2.06,,17.02,22.53,NORMAL,N,0,0,0.0,10.282776349614421,8.0,1.5,0,0,0,0,0,0,0,0,N,,N,
06:49,PTC,11355,161.45,-2.03,-2.03,,17.39,18.66,NORMAL,N,0,0,0.0,10.16383495145638,8.0,1.5,0,0,0,0,0,0,0,0,N,,N,
06:49,NELCO,2388,1026.3,-2.02,-2.02,,11.5,22.62,NORMAL,Y,0,0,0.0,10.119331742243459,8.0,1.5,0,0,0,0,0,0,0,0,N,,N,
06:49,SUDARSCHEM,3327,1031.5,-2.02,-2.02,,19.9,22.12,NORMAL,N,0,0,0.0,10.115881458966545,8.0,1.5,0,0,0,0,0,0,0,0,N,,N,
06:49,IPCALAB,1633,1737.8,-3.26,-3.26,,11.5,40.03,NORMAL,N,0,0,0.0,15.0,8.0,1.5,0,0,0,0,0,0,0,0,N,,N,
06:49,JMFINANCIL,13637,126.81,-1.98,-1.98,,11.5,22.4,NORMAL,Y,0,0,0.0,9.894102187524165,8.0,1.5,0,0,0,0,0,0,0,0,N,,N,
06:49,XCHANGING,11705,63.81,-2.94,-2.94,,15.0,27.65,NORMAL,N,0,0,0.0,14.67903863705501,8.0,1.5,0,0,0,0,0,0,0,0,N,,N,
06:49,SOUTHWEST,9678,219.0,-1.93,-1.93,,11.5,25.51,NORMAL,N,0,0,0.0,9.65026196766827,8.0,1.5,0,0,0,0,0,0,0,0,N,,N,
06:49,MOIL,20830,274.25,-1.91,-1.91,,12.9,21.57,NORMAL,N,0,0,0.0,9.567238912732515,8.0,1.5,0,0,0,0,0,0,0,0,N,,N,
06:49,SAREGAMA,4892,521.8,-1.85,-1.85,,26.01,17.76,NORMAL,Y,0,0,0.0,9.263613279413171,8.0,1.5,0,0,0,0,0,0,0,0,N,,N,
06:49,KNRCON,15283,132.09,-1.85,-1.85,,14.04,21.25,NORMAL,Y,0,0,0.0,9.251003120820364,8.0,1.5,0,0,0,0,0,0,0,0,N,,N,
06:49,ENDURANCE,18822,2891.0,-2.83,-2.83,,11.5,28.56,NORMAL,Y,0,0,0.0,14.166638658286589,8.0,1.5,0,0,0,0,0,0,0,0,N,,N,
06:49,JIOFIN,18143,250.95,-1.82,-1.82,,11.59,21.12,NORMAL,Y,0,0,0.0,9.09624413145541,8.0,1.5,0,0,0,0,0,0,0,0,N,,N,
06:49,SHALBY,714,153.4,-1.76,-1.76,,11.85,21.37,NORMAL,N,0,0,0.0,8.805635606788345,8.0,1.5,0,0,0,0,0,0,0,0,N,,N,
06:49,NIACL,399,177.48,-1.75,-1.75,,17.88,20.77,NORMAL,Y,0,0,0.0,8.773872128425175,8.0,1.5,0,0,0,0,0,0,0,0,N,,N,
06:49,SYMPHONY,24190,620.2,-1.75,-1.75,,11.53,21.29,NORMAL,N,0,0,0.0,8.752475247524718,8.0,1.5,0,0,0,0,0,0,0,0,N,,N,
06:49,MRPL,2283,171.36,-1.73,-1.73,,11.5,22.78,NORMAL,Y,0,0,0.0,8.659249913980908,8.0,1.5,0,0,0,0,0,0,0,0,N,,N,
06:49,ANGELONE,324,287.0,-1.71,-1.71,,16.2,20.56,NORMAL,N,0,0,0.0,8.561643835616438,8.0,1.5,0,0,0,0,0,0,0,0,N,,N,
06:49,ROUTE,128,505.85,-1.7,-1.7,,12.85,20.5,NORMAL,N,0,0,0.0,8.501748931208706,8.0,1.5,0,0,0,0,0,0,0,0,N,,N,
06:49,JAMNAAUTO,20778,124.53,-1.7,-1.7,,11.73,20.49,NORMAL,N,0,0,0.0,8.48594884748976,8.0,1.5,0,0,0,0,0,0,0,0,N,,N,
06:49,EMSLIMITED,18593,362.9,-1.69,-1.69,,15.29,20.47,NORMAL,N,0,0,0.0,8.465393471488555,8.0,1.5,0,0,0,0,0,0,0,0,N,,N,
06:49,NTPC,11630,338.6,-1.64,-1.64,,13.94,20.21,NORMAL,N,0,0,0.0,8.206245461147388,8.0,1.5,0,0,0,0,0,0,0,0,N,,N,
06:49,PREMIERENE,25049,1019.0,-1.62,-1.62,,16.94,20.11,NORMAL,N,0,0,0.0,8.109673682178004,8.0,1.5,0,0,0,0,0,0,0,0,N,,N,
06:49,FSL,14304,267.9,-1.58,-1.58,,12.98,19.9,NORMAL,N,0,0,0.0,7.8986039676708515,8.0,1.5,0,0,0,0,0,0,0,0,N,,N,
06:49,HAPPSTMNDS,48,424.85,8.94,8.94,,54.5,5.0,NORMAL,Y,0,0,15.0,0.0,8.0,1.5,0,0,0,0,0,0,0,0,N,,N,
06:49,TRIVENI,13081,262.29,8.28,8.28,,26.5,23.36,NORMAL,Y,0,0,15.0,0.0,8.0,1.5,0,0,0,0,0,0,0,0,N,,N,
06:49,ELGIEQUIP,937,607.2,5.5,5.5,,39.65,5.0,NORMAL,Y,0,0,15.0,0.0,8.0,1.5,0,0,0,0,0,0,0,0,N,,Y,NONRESULTS
06:49,ZEEL,3812,102.62,5.23,5.23,,35.15,16.65,NORMAL,Y,0,0,15.0,0.0,8.0,1.5,0,0,0,0,0,0,0,0,N,,N,
06:49,KRBL,10577,391.45,4.89,4.89,,26.5,30.98,NORMAL,Y,0,0,15.0,0.0,8.0,1.5,0,0,0,0,0,0,0,0,N,,N,
07:08,HAPPSTMNDS,48,422.4,8.31,8.31,,29.5,17.03,NORMAL,Y,0,0,15.0,0.0,4.0,4.0,0,0,0,0,0,0,0,0,N,,N,
07:08,RGL,15129,117.23,6.44,6.44,,22.5,17.82,NORMAL,N,0,0,15.0,0.0,4.0,4.0,0,0,0,0,0,0,0,0,N,,N,
07:08,ELGIEQUIP,937,610.0,5.99,5.99,,41.48,7.5,NORMAL,Y,0,0,15.0,0.0,4.0,4.0,0,0,0,0,0,0,0,0,N,,Y,NONRESULTS
07:08,ZEEL,3812,102.6,5.21,5.21,,29.5,11.51,NORMAL,Y,0,0,15.0,0.0,4.0,4.0,0,0,0,0,0,0,0,0,N,,N,
07:08,PRAJIND,2705,336.85,4.76,4.76,,28.99,14.77,NORMAL,Y,0,0,15.0,0.0,4.0,4.0,0,0,0,0,0,0,0,0,N,,N,
07:08,TRIVENI,13081,261.34,4.6,4.6,,22.5,15.69,NORMAL,N,0,0,15.0,0.0,4.0,4.0,0,0,0,0,0,0,0,0,N,,N,
07:08,KRBL,10577,389.45,4.58,4.58,,22.5,18.51,NORMAL,Y,0,0,15.0,0.0,4.0,4.0,0,0,0,0,0,0,0,0,N,,N,
07:08,VOLTAS,3718,1341.9,4.06,4.06,,49.52,7.5,NORMAL,Y,0,0,15.0,0.0,4.0,4.0,0,0,0,0,0,0,0,0,N,,N,
07:08,ASAHIINDIA,5378,937.2,4.02,4.02,,26.0,14.61,NORMAL,Y,0,0,15.0,0.0,4.0,4.0,0,0,0,0,0,0,0,0,N,,N,
07:08,BATAINDIA,371,755.25,3.79,3.79,,31.89,11.0,NORMAL,Y,0,0,15.0,0.0,4.0,4.0,0,0,0,0,0,0,0,0,N,,N,
07:08,MSTCLTD,9356,600.75,3.45,3.45,,48.04,7.5,NORMAL,N,0,0,15.0,0.0,4.0,4.0,0,0,0,0,0,0,0,0,N,,N,
07:08,SANDHAR,2397,647.6,3.37,3.37,,49.81,7.5,NORMAL,Y,0,0,15.0,0.0,4.0,4.0,0,0,0,0,0,0,0,0,N,,N,
07:08,JUBLFOOD,18096,508.0,3.35,3.35,,24.44,14.5,NORMAL,Y,0,0,15.0,0.0,4.0,4.0,0,0,0,0,0,0,0,0,N,,N,
07:08,DEVYANI,5373,143.13,3.34,3.34,,22.5,16.5,NORMAL,Y,0,0,15.0,0.0,4.0,4.0,0,0,0,0,0,0,0,0,N,,N,
07:08,SHREEPUSHK,10588,382.3,3.32,3.32,,30.1,7.5,NORMAL,N,0,0,15.0,0.0,4.0,4.0,0,0,0,0,0,0,0,0,N,,N,
07:08,PARAS,5911,1386.7,3.32,3.32,,29.5,22.59,NORMAL,Y,0,0,15.0,0.0,4.0,4.0,0,0,0,0,0,0,0,0,N,,N,
07:08,THYROCARE,17032,622.5,2.72,2.72,,29.18,7.5,NORMAL,Y,0,0,13.613861386138616,0.0,4.0,4.0,0,0,0,0,0,0,0,0,N,,N,
07:08,SHARDAMOTR,10530,905.65,2.69,2.69,,24.44,13.48,NORMAL,Y,0,0,13.436135835364777,0.0,4.0,4.0,0,0,0,0,0,0,0,0,N,,N,
07:08,GNFC,1174,564.2,2.51,2.51,,27.04,9.94,NORMAL,Y,0,0,12.536337209302388,0.0,4.0,4.0,0,0,0,0,0,0,0,0,N,,N,
07:08,MARKSANS,10579,320.4,2.5,2.5,,31.73,7.5,NORMAL,Y,0,0,12.476007677543112,0.0,4.0,4.0,0,0,0,0,0,0,0,0,N,,N,
07:08,PRICOLLTD,19631,782.85,2.33,2.33,,39.72,7.5,NORMAL,Y,0,0,11.66666666666668,0.0,4.0,4.0,0,0,0,0,0,0,0,0,N,,N,
07:08,BERGEPAINT,404,559.0,2.32,2.32,,26.43,7.9,NORMAL,Y,0,0,11.576828040633272,0.0,4.0,4.0,0,0,0,0,0,0,0,0,N,,N,
07:08,LENSKART,759605,610.25,2.24,2.24,,22.81,11.0,NORMAL,Y,0,0,11.182777684704327,0.0,4.0,4.0,0,0,0,0,0,0,0,0,N,,N,
07:08,WIPL,20481,170.9,2.22,2.22,,22.1,11.0,NORMAL,Y,0,0,11.09516119385133,0.0,4.0,4.0,0,0,0,0,0,0,0,0,N,,N,
07:08,RAMCOSYS,7851,608.85,2.2,2.2,,41.35,7.5,NORMAL,N,0,0,10.994544691565272,0.0,4.0,4.0,0,0,0,0,0,0,0,0,N,,N,
07:08,YUKEN,5501,863.65,2.13,2.13,,41.16,7.5,NORMAL,Y,0,0,10.642700880979127,0.0,4.0,4.0,0,0,0,0,0,0,0,0,N,,N,
07:08,MGL,17534,1149.0,2.06,2.06,,21.3,15.84,NORMAL,Y,0,0,10.303783975839425,0.0,4.0,4.0,0,0,0,0,0,0,0,0,N,,N,
07:08,KPRMILL,14912,1107.0,2.06,2.06,,37.05,7.5,NORMAL,Y,0,0,10.279339909652418,0.0,4.0,4.0,0,0,0,0,0,0,0,0,N,,N,
07:08,HEG,1336,700.8,2.01,2.01,,17.54,21.04,NORMAL,Y,0,0,10.04366812227071,0.0,4.0,4.0,0,0,0,0,0,0,0,0,N,,N,
07:08,LGEINDIA,760213,1730.5,9.61,9.61,,46.29,7.5,NORMAL,Y,0,0,15.0,0.0,4.0,4.0,0,0,0,0,0,0,0,0,N,,N,
07:08,AETHER,9810,1642.2,3.93,3.93,,33.18,7.5,NORMAL,Y,0,0,15.0,0.0,4.0,4.0,0,0,0,0,0,0,0,0,N,,N,
07:08,MFSL,2142,1562.1,3.29,3.29,,30.54,16.49,NORMAL,Y,0,0,15.0,0.0,4.0,4.0,0,0,0,0,0,0,0,0,N,,N,
07:08,WELSPUNLIV,11253,168.51,1.99,1.99,,17.43,25.79,NORMAL,Y,0,0,9.92555831265509,0.0,4.0,4.0,0,0,0,0,0,0,0,0,Y,NONRESULTS,N,
07:08,BLS,17279,275.94,1.95,1.95,,33.23,7.68,NORMAL,Y,0,0,9.735101784460749,0.0,4.0,4.0,0,0,0,0,0,0,0,0,N,,N,
07:08,AEGISLOG,40,1269.8,1.83,1.83,,22.27,14.5,NORMAL,N,0,0,9.141940657578171,0.0,4.0,4.0,0,0,0,0,0,0,0,0,N,,N,
07:08,BHARTIARTL,10604,1992.6,2.76,2.76,,28.3,12.33,NORMAL,Y,0,0,13.795059563715126,0.0,4.0,4.0,0,0,0,0,0,0,0,0,N,,N,
07:08,BAJAJELEC,15034,362.8,1.74,1.74,,23.95,11.0,NORMAL,Y,0,0,8.693213684800881,0.0,4.0,4.0,0,0,0,0,0,0,0,0,N,,N,
07:08,RAMCOCEM,2043,923.75,1.65,1.65,,25.62,7.5,NORMAL,N,0,0,8.225132042253547,0.0,4.0,4.0,0,0,0,0,0,0,0,0,N,,N,
07:08,SUPREMEINF,15002,91.5,2.64,2.64,,28.98,7.79,NORMAL,Y,0,0,13.180033651149714,0.0,4.0,4.0,0,0,0,0,0,0,0,0,N,,N,
07:08,TATAPOWER,3426,388.95,1.61,1.61,,22.53,9.89,NORMAL,Y,0,0,8.032915360501537,0.0,4.0,4.0,0,0,0,0,0,0,0,0,N,,N,
07:08,RATNAMANI,13451,2355.9,2.52,2.52,,27.13,9.06,NORMAL,N,0,0,12.597911227154066,0.0,4.0,4.0,0,0,0,0,0,0,0,0,N,,N,
07:08,SANSERA,5751,3972.3,2.42,2.42,,23.12,20.45,NORMAL,Y,0,0,12.118711806719437,0.0,4.0,4.0,0,0,0,0,0,0,0,0,N,,N,
07:08,GABRIEL,1085,1467.8,1.37,1.37,,26.81,7.5,NORMAL,Y,0,0,6.872021548449431,0.0,4.0,4.0,0,0,0,0,0,0,0,0,N,,N,
07:08,HISARMETAL,19322,152.0,1.37,1.37,,14.37,14.5,NORMAL,Y,0,0,6.869414432439649,0.0,4.0,4.0,0,0,0,0,0,0,0,0,N,,N,
07:08,LLOYDSENGG,17801,93.3,2.36,2.36,,22.79,19.37,NORMAL,Y,0,0,11.793746571585253,0.0,4.0,4.0,0,0,0,0,0,0,0,0,N,,N,
07:08,ADANIGREEN,3563,1336.9,1.36,1.36,,21.29,8.6,NORMAL,N,0,0,6.785443517816563,0.0,4.0,4.0,0,0,0,0,0,0,0,0,N,,N,
07:08,HAVELLS,9819,1286.9,1.33,1.33,,39.47,7.5,NORMAL,Y,0,0,6.65354330708665,0.0,4.0,4.0,0,0,0,0,0,0,0,0,N,,N,
07:08,SHYAMMETL,4693,991.7,1.33,1.33,,22.52,7.5,NORMAL,N,0,0,6.64146316542352,0.0,4.0,4.0,0,0,0,0,0,0,0,0,N,,N,
07:08,GENUSPOWER,11905,310.45,1.27,1.27,,13.86,22.39,NORMAL,N,0,0,6.361115641820221,0.0,4.0,4.0,0,0,0,0,0,0,0,0,Y,NONRESULTS,N,
07:08,PURVA,14922,220.57,1.23,1.23,,17.15,11.77,NORMAL,Y,0,0,6.1498921474138495,0.0,4.0,4.0,0,0,0,0,0,0,0,0,N,,N,
07:08,HINDZINC,1424,560.2,-3.14,-3.14,,7.5,32.69,NORMAL,N,0,0,0.0,15.0,4.0,4.0,0,0,0,0,0,0,0,0,N,,N,
07:08,INOXGREEN,12188,181.0,-3.19,-3.19,,7.63,29.67,NORMAL,N,0,0,0.0,15.0,4.0,4.0,0,0,0,0,0,0,0,0,N,,N,
07:08,RECLTD,15355,335.35,-3.22,-3.22,,7.5,36.4,NORMAL,N,0,0,0.0,15.0,4.0,4.0,0,0,0,0,0,0,0,0,N,,N,
07:08,JKPAPER,11860,380.85,-3.23,-3.23,,18.21,29.5,NORMAL,N,0,0,0.0,15.0,4.0,4.0,0,0,0,0,0,0,0,0,N,,N,
07:08,YATRA,18760,112.24,-3.33,-3.33,,7.5,35.07,NORMAL,Y,0,0,0.0,15.0,4.0,4.0,0,0,0,0,0,0,0,0,N,,N,
07:08,HINDCOPPER,17939,525.55,-3.47,-3.47,,13.8,29.54,NORMAL,Y,0,0,0.0,15.0,4.0,4.0,0,0,0,0,0,0,0,0,N,,N,
07:08,EPACKPEB,759251,228.9,-4.05,-4.05,,7.68,31.36,NORMAL,N,0,0,0.0,15.0,4.0,4.0,0,0,0,0,0,0,0,0,N,,N,
07:08,ABDL,24308,600.6,-4.32,-4.32,,7.5,34.9,NORMAL,N,0,0,0.0,15.0,4.0,4.0,0,0,0,0,0,0,0,0,N,,N,
07:08,RELAXO,24225,400.1,-4.61,-4.61,,10.85,29.5,NORMAL,N,0,0,0.0,15.0,4.0,4.0,0,0,0,0,0,0,0,0,N,,N,
07:08,TMPV,3456,332.55,-4.88,-4.88,,13.91,26.0,NORMAL,N,0,0,0.0,15.0,4.0,4.0,0,0,0,0,0,0,0,0,N,,N,
07:08,TIMETECHNO,14707,193.1,-5.36,-5.36,,7.5,30.7,NORMAL,N,0,0,0.0,15.0,4.0,4.0,0,0,0,0,0,0,0,0,N,,N,
07:08,NARMADA,6364,378.5,-5.49,-5.49,,7.5,32.35,NORMAL,Y,0,0,0.0,15.0,4.0,4.0,0,0,0,0,0,0,0,0,N,,N,
07:08,GOCLCORP,3963,406.7,-5.62,-5.62,,12.65,29.6,NORMAL,N,0,0,0.0,15.0,4.0,4.0,0,0,0,0,0,0,0,0,N,,N,
07:08,MIDHANI,2463,418.55,-5.91,-5.91,,7.5,30.27,NORMAL,Y,0,0,0.0,15.0,4.0,4.0,0,0,0,0,0,0,0,0,N,,N,
07:08,REDINGTON,14255,336.25,-2.82,-2.82,,7.5,34.96,NORMAL,Y,0,0,0.0,14.089595375722544,4.0,4.0,0,0,0,0,0,0,0,0,N,,N,
07:08,JTEKTINDIA,3237,129.68,-2.73,-2.73,,8.09,28.26,NORMAL,N,0,0,0.0,13.6513651365136,4.0,4.0,0,0,0,0,0,0,0,0,N,,N,
07:08,VIPIND,3703,299.35,-2.71,-2.71,,9.79,28.07,NORMAL,N,0,0,0.0,13.568410789730203,4.0,4.0,0,0,0,0,0,0,0,0,N,,N,
07:08,RAJRATAN,18962,515.8,-2.65,-2.65,,7.5,32.94,NORMAL,Y,0,0,0.0,13.25846937812595,4.0,4.0,0,0,0,0,0,0,0,0,N,,N,
07:08,RHIM,31163,381.5,-2.59,-2.59,,7.5,29.49,NORMAL,N,0,0,0.0,12.957998212689873,4.0,4.0,0,0,0,0,0,0,0,0,N,,N,
07:08,RAINBOW,9408,1418.0,-2.41,-2.41,,7.5,29.3,NORMAL,N,0,0,0.0,12.044046799724708,4.0,4.0,0,0,0,0,0,0,0,0,N,,N,
07:09,SPARC,14788,199.39,-2.39,-2.39,,8.23,26.47,NORMAL,N,0,0,0.0,11.968866261993378,4.0,4.0,0,0,0,0,0,0,0,0,N,,N,
07:09,LUXIND,11301,1181.3,-2.32,-2.32,,20.11,26.08,NORMAL,N,0,0,0.0,11.5769453402795,4.0,4.0,0,0,0,0,0,0,0,0,N,,N,
07:09,SHALBY,714,152.6,-2.27,-2.27,,7.5,33.36,NORMAL,N,0,0,0.0,11.3672750560359,4.0,4.0,0,0,0,0,0,0,0,0,N,,N,
07:09,JAMNAAUTO,20778,123.8,-2.27,-2.27,,7.5,32.15,NORMAL,N,0,0,0.0,11.367224502683966,4.0,4.0,0,0,0,0,0,0,0,0,N,,N,
07:09,NELCO,2388,1024.0,-2.24,-2.24,,7.5,29.38,NORMAL,Y,0,0,0.0,11.217183770883054,4.0,4.0,0,0,0,0,0,0,0,0,N,,N,
07:09,OIL,17438,469.25,-2.2,-2.2,,7.5,28.2,NORMAL,Y,0,0,0.0,10.99416423509797,4.0,4.0,0,0,0,0,0,0,0,0,N,,N,
07:09,LTF,24948,308.5,-2.17,-2.17,,7.72,25.45,NORMAL,N,0,0,0.0,10.86094815284608,4.0,4.0,0,0,0,0,0,0,0,0,N,,N,
07:09,VAIBHAVGBL,11364,228.4,-2.14,-2.14,,7.62,27.28,NORMAL,N,0,0,0.0,10.711225364181661,4.0,4.0,0,0,0,0,0,0,0,0,N,,N,
07:09,PTC,11355,161.3,-2.12,-2.12,,11.0,22.08,NORMAL,N,0,0,0.0,10.618932038834949,4.0,4.0,0,0,0,0,0,0,0,0,N,,N,
07:09,JMFINANCIL,13637,126.65,-2.1,-2.1,,7.5,25.79,NORMAL,Y,0,0,0.0,10.51248357424441,4.0,4.0,0,0,0,0,0,0,0,0,N,,N,
07:09,MOIL,20830,274.0,-2.0,-2.0,,7.5,26.52,NORMAL,N,0,0,0.0,10.014306151645247,4.0,4.0,0,0,0,0,0,0,0,0,N,,N,
07:09,XCHANGING,11705,63.76,-3.01,-3.01,,11.0,28.73,NORMAL,N,0,0,0.0,15.0,4.0,4.0,0,0,0,0,0,0,0,0,N,,N,
07:09,IPCALAB,1633,1736.7,-3.32,-3.32,,7.5,34.83,NORMAL,N,0,0,0.0,15.0,4.0,4.0,0,0,0,0,0,0,0,0,N,,N,
07:09,GPIL,13409,238.59,-1.94,-1.94,,20.21,17.2,NORMAL,N,0,0,0.0,9.699560231803048,4.0,4.0,0,0,0,0,0,0,0,0,N,,N,
07:09,SURYODAY,2970,153.39,-1.92,-1.92,,7.5,27.9,NORMAL,N,0,0,0.0,9.591406100134282,4.0,4.0,0,0,0,0,0,0,0,0,N,,N,
07:09,ZUARIIND,3827,254.1,-1.91,-1.91,,7.86,24.51,NORMAL,N,0,0,0.0,9.554140127388568,4.0,4.0,0,0,0,0,0,0,0,0,N,,N,
07:09,NTPC,11630,337.95,-1.83,-1.83,,7.5,30.51,NORMAL,N,0,0,0.0,9.150326797385638,4.0,4.0,0,0,0,0,0,0,0,0,N,,N,
07:09,JIOFIN,18143,250.95,-1.82,-1.82,,7.5,24.37,NORMAL,Y,0,0,0.0,9.09624413145541,4.0,4.0,0,0,0,0,0,0,0,0,N,,N,
07:09,MRPL,2283,171.26,-1.79,-1.79,,7.54,24.81,NORMAL,Y,0,0,0.0,8.945980043582994,4.0,4.0,0,0,0,0,0,0,0,0,N,,N,
07:09,HFCL,21951,223.3,-1.79,-1.79,,7.5,35.66,NORMAL,Y,0,0,0.0,8.928571428571434,4.0,4.0,0,0,0,0,0,0,0,0,N,,N,
07:09,TEXRAIL,21828,105.18,-1.78,-1.78,,7.5,35.39,NORMAL,N,0,0,0.0,8.917732748155741,4.0,4.0,0,0,0,0,0,0,0,0,N,,N,
07:09,TITAGARH,15414,835.75,-1.76,-1.76,,8.97,23.32,NORMAL,N,0,0,0.0,8.81575080811049,4.0,4.0,0,0,0,0,0,0,0,0,N,,N,
07:09,POONAWALLA,11403,494.05,-1.72,-1.72,,7.5,29.85,NORMAL,Y,0,0,0.0,8.603540879252018,4.0,4.0,0,0,0,0,0,0,0,0,N,,N,
07:09,ENDURANCE,18822,2894.7,-2.71,-2.71,,8.31,28.04,NORMAL,Y,0,0,0.0,13.544852619903935,4.0,4.0,0,0,0,0,0,0,0,0,N,,N,
07:09,SOUTHWEST,9678,219.5,-1.71,-1.71,,7.57,26.38,NORMAL,N,0,0,0.0,8.530742017822764,4.0,4.0,0,0,0,0,0,0,0,0,N,,N,
07:09,WINDMACHIN,24969,295.0,-1.7,-1.7,,7.5,28.81,NORMAL,N,0,0,0.0,8.497167610796437,4.0,4.0,0,0,0,0,0,0,0,0,N,,N,
07:09,SYMPHONY,24190,620.65,-1.68,-1.68,,7.5,27.45,NORMAL,N,0,0,0.0,8.396039603960414,4.0,4.0,0,0,0,0,0,0,0,0,N,,N,
07:09,SAREGAMA,4892,522.75,-1.67,-1.67,,16.01,15.88,NORMAL,Y,0,0,0.0,8.370168343835209,4.0,4.0,0,0,0,0,0,0,0,0,N,,N,
07:09,MUNJALAU,13511,117.38,-1.67,-1.67,,7.5,28.32,NORMAL,Y,0,0,0.0,8.335427661891634,4.0,4.0,0,0,0,0,0,0,0,0,N,,N,
07:09,ROUTE,128,506.05,-1.66,-1.66,,10.48,22.81,NORMAL,N,0,0,0.0,8.307423241352518,4.0,4.0,0,0,0,0,0,0,0,0,N,,N,
07:09,KRBL,10577,389.45,4.58,4.58,,22.5,23.04,NORMAL,Y,0,0,15.0,0.0,4.0,4.0,0,0,0,0,0,0,0,0,N,,N,
07:09,BATAINDIA,371,755.25,3.79,3.79,,31.89,11.0,NORMAL,Y,0,0,15.0,0.0,4.0,4.0,0,0,0,0,0,0,0,0,N,,N,
07:09,JUBLFOOD,18096,508.0,3.35,3.35,,27.6,14.5,NORMAL,Y,0,0,15.0,0.0,4.0,4.0,0,0,0,0,0,0,0,0,N,,N,
07:09,DEVYANI,5373,143.13,3.34,3.34,,22.5,20.09,NORMAL,Y,0,0,15.0,0.0,4.0,4.0,0,0,0,0,0,0,0,0,N,,N,
07:09,PRICOLLTD,19631,782.85,2.33,2.33,,37.87,7.5,NORMAL,Y,0,0,11.66666666666668,0.0,4.0,4.0,0,0,0,0,0,0,0,0,N,,N,
07:13,HAPPSTMNDS,48,418.85,7.4,7.4,,33.5,17.11,NORMAL,Y,0,0,15.0,0.0,8.0,1.5,0,0,0,0,0,0,0,0,N,,N,
07:13,ELGIEQUIP,937,613.4,6.58,6.58,,52.75,5.0,NORMAL,Y,0,0,15.0,0.0,8.0,1.5,0,0,0,0,0,0,0,0,N,,Y,NONRESULTS
07:13,RGL,15129,117.25,6.46,6.46,,30.45,12.0,NORMAL,N,0,0,15.0,0.0,8.0,1.5,0,0,0,0,0,0,0,0,N,,N,
07:13,ZEEL,3812,102.76,5.37,5.37,,33.67,6.06,NORMAL,Y,0,0,15.0,0.0,8.0,1.5,0,0,0,0,0,0,0,0,N,,N,
07:13,MSTCLTD,9356,608.0,4.7,4.7,,37.39,5.0,NORMAL,Y,0,0,15.0,0.0,8.0,1.5,0,0,0,0,0,0,0,0,N,,N,
07:13,TRIVENI,13081,261.28,4.58,4.58,,26.5,19.02,NORMAL,Y,0,0,15.0,0.0,8.0,1.5,0,0,0,0,0,0,0,0,N,,N,
07:13,ASAHIINDIA,5378,936.9,3.98,3.98,,37.33,8.5,NORMAL,Y,0,0,15.0,0.0,8.0,1.5,0,0,0,0,0,0,0,0,N,,N,
07:13,BATAINDIA,371,756.4,3.95,3.95,,32.16,8.5,NORMAL,Y,0,0,15.0,0.0,8.0,1.5,0,0,0,0,0,0,0,0,N,,N,
07:13,KRBL,10577,387.0,3.92,3.92,,26.5,20.08,NORMAL,Y,0,0,15.0,0.0,8.0,1.5,0,0,0,0,0,0,0,0,N,,N,
07:13,PRAJIND,2705,336.9,3.87,3.87,,26.5,13.24,NORMAL,Y,0,0,15.0,0.0,8.0,1.5,0,0,0,0,0,0,0,0,N,,N,
07:13,VOLTAS,3718,1336.7,3.66,3.66,,35.44,7.81,NORMAL,Y,0,0,15.0,0.0,8.0,1.5,0,0,0,0,0,0,0,0,N,,N,
07:13,JUBLFOOD,18096,508.2,3.39,3.39,,26.81,14.78,NORMAL,Y,0,0,15.0,0.0,8.0,1.5,0,0,0,0,0,0,0,0,N,,N,
07:13,SHREEPUSHK,10588,382.3,3.32,3.32,,38.65,5.0,NORMAL,N,0,0,15.0,0.0,8.0,1.5,0,0,0,0,0,0,0,0,N,,N,
07:13,DEVYANI,5373,143.07,3.29,3.29,,26.5,12.5,NORMAL,Y,0,0,15.0,0.0,8.0,1.5,0,0,0,0,0,0,0,0,N,,N,
07:13,SANDHAR,2397,645.85,3.09,3.09,,40.98,5.0,NORMAL,Y,0,0,15.0,0.0,8.0,1.5,0,0,0,0,0,0,0,0,N,,N,
07:13,PARAS,5911,1380.9,2.88,2.88,,29.42,22.55,NORMAL,Y,0,0,14.416629414394295,0.0,8.0,1.5,0,0,0,0,0,0,0,0,N,,N,
07:13,THYROCARE,17032,622.5,2.72,2.72,,32.7,5.0,NORMAL,Y,0,0,13.613861386138616,0.0,8.0,1.5,0,0,0,0,0,0,0,0,N,,N,
07:13,MARKSANS,10579,320.8,2.62,2.62,,33.3,5.0,NORMAL,Y,0,0,13.115802943058203,0.0,8.0,1.5,0,0,0,0,0,0,0,0,N,,N,
07:13,GNFC,1174,564.8,2.62,2.62,,31.58,8.54,NORMAL,Y,0,0,13.081395348837187,0.0,8.0,1.5,0,0,0,0,0,0,0,0,N,,N,
07:13,SHARDAMOTR,10530,903.95,2.49,2.49,,23.97,12.88,NORMAL,Y,0,0,12.472362378819662,0.0,8.0,1.5,0,0,0,0,0,0,0,0,N,,N,
07:13,PRICOLLTD,19631,783.5,2.42,2.42,,30.59,9.1,NORMAL,Y,0,0,12.091503267973858,0.0,8.0,1.5,0,0,0,0,0,0,0,0,N,,N,
07:13,BERGEPAINT,404,558.9,2.3,2.3,,38.06,5.0,NORMAL,Y,0,0,11.485311613434568,0.0,8.0,1.5,0,0,0,0,0,0,0,0,N,,N,
07:13,LENSKART,759605,610.3,2.24,2.24,,31.18,8.5,NORMAL,Y,0,0,11.224660747193816,0.0,8.0,1.5,0,0,0,0,0,0,0,0,N,,N,
07:13,WIPL,20481,170.9,2.22,2.22,,26.1,8.5,NORMAL,Y,0,0,11.09516119385133,0.0,8.0,1.5,0,0,0,0,0,0,0,0,N,,N,
07:13,KPRMILL,14912,1108.7,2.21,2.21,,34.67,5.0,NORMAL,Y,0,0,11.062966718908452,0.0,8.0,1.5,0,0,0,0,0,0,0,0,N,,N,
07:13,MGL,17534,1150.4,2.19,2.19,,32.73,5.0,NORMAL,Y,0,0,10.925564043347013,0.0,8.0,1.5,0,0,0,0,0,0,0,0,N,,N,
07:13,BLS,17279,276.5,2.15,2.15,,29.35,9.29,NORMAL,Y,0,0,10.769571803302885,0.0,8.0,1.5,0,0,0,0,0,0,0,0,N,,N,
07:13,YUKEN,5501,863.6,2.12,2.12,,44.28,5.0,NORMAL,Y,0,0,10.613137822976435,0.0,8.0,1.5,0,0,0,0,0,0,0,0,N,,N,
07:13,WELSPUNLIV,11253,168.6,2.04,2.04,,21.7,27.21,NORMAL,Y,0,0,10.197905949282834,0.0,8.0,1.5,0,0,0,0,0,0,0,0,Y,NONRESULTS,N,
07:13,LGEINDIA,760213,1722.6,9.11,9.11,,37.5,5.0,NORMAL,Y,0,0,15.0,0.0,8.0,1.5,0,0,0,0,0,0,0,0,N,,N,
07:13,SANSERA,5751,3951.7,4.38,4.38,,26.5,21.0,NORMAL,Y,0,0,15.0,0.0,8.0,1.5,0,0,0,0,0,0,0,0,N,,N,
07:13,AETHER,9810,1644.7,4.09,4.09,,38.53,5.0,NORMAL,Y,0,0,15.0,0.0,8.0,1.5,0,0,0,0,0,0,0,0,N,,N,
07:13,MFSL,2142,1556.8,2.94,2.94,,33.18,8.44,NORMAL,Y,0,0,14.678656440095166,0.0,8.0,1.5,0,0,0,0,0,0,0,0,N,,N,
07:13,HEG,1336,699.75,1.86,1.86,,20.78,26.38,NORMAL,Y,0,0,9.279475982532752,0.0,8.0,1.5,0,0,0,0,0,0,0,0,N,,N,
07:13,HAVELLS,9819,1292.8,1.8,1.8,,42.33,5.0,NORMAL,Y,0,0,8.976377952755888,0.0,8.0,1.5,0,0,0,0,0,0,0,0,N,,N,
07:13,BAJAJELEC,15034,363.0,1.79,1.79,,23.97,9.55,NORMAL,Y,0,0,8.973639932697669,0.0,8.0,1.5,0,0,0,0,0,0,0,0,N,,N,
07:13,RAMCOCEM,2043,924.25,1.7,1.7,,45.39,5.0,NORMAL,N,0,0,8.50022007042256,0.0,8.0,1.5,0,0,0,0,0,0,0,0,N,,N,
07:13,BHARTIARTL,10604,1990.8,2.67,2.67,,31.83,6.96,NORMAL,Y,0,0,13.330926718580798,0.0,8.0,1.5,0,0,0,0,0,0,0,0,N,,N,
07:13,AEGISLOG,40,1267.1,1.61,1.61,,19.92,16.99,NORMAL,N,0,0,8.059342421812314,0.0,8.0,1.5,0,0,0,0,0,0,0,0,N,,N,
07:13,TATAPOWER,3426,388.95,1.61,1.61,,26.53,5.4,NORMAL,Y,0,0,8.032915360501537,0.0,8.0,1.5,0,0,0,0,0,0,0,0,N,,N,
07:13,RATNAMANI,13451,2355.9,2.52,2.52,,31.16,10.32,NORMAL,N,0,0,12.597911227154066,0.0,8.0,1.5,0,0,0,0,0,0,0,0,N,,N,
07:13,ADANIGREEN,3563,1338.0,1.44,1.44,,27.42,5.22,NORMAL,N,0,0,7.202426080363911,0.0,8.0,1.5,0,0,0,0,0,0,0,0,N,,N,
07:13,DCMSHRIRAM,811,1024.4,1.43,1.43,,30.67,5.0,NORMAL,Y,0,0,7.128712871287174,0.0,8.0,1.5,0,0,0,0,0,0,0,0,N,,N,
07:13,HISARMETAL,19322,152.0,1.37,1.37,,18.37,12.0,NORMAL,Y,0,0,6.869414432439649,0.0,8.0,1.5,0,0,0,0,0,0,0,0,N,,N,
07:13,GABRIEL,1085,1467.6,1.36,1.36,,26.86,5.0,NORMAL,Y,0,0,6.802956005248918,0.0,8.0,1.5,0,0,0,0,0,0,0,0,N,,N,
07:13,SHYAMMETL,4693,992.0,1.36,1.36,,26.63,5.0,NORMAL,N,0,0,6.794727700010195,0.0,8.0,1.5,0,0,0,0,0,0,0,0,N,,N,
07:13,GENUSPOWER,11905,310.7,1.35,1.35,,18.27,16.44,NORMAL,N,0,0,6.768879465013826,0.0,8.0,1.5,0,0,0,0,0,0,0,0,Y,NONRESULTS,N,
07:13,PURVA,14922,220.74,1.31,1.31,,21.54,12.12,NORMAL,Y,0,0,6.539997246317001,0.0,8.0,1.5,0,0,0,0,0,0,0,0,N,,N,
07:13,JINDALSAW,3024,267.8,1.29,1.29,,24.93,7.59,NORMAL,Y,0,0,6.429652042360126,0.0,8.0,1.5,0,0,0,0,0,0,0,0,N,,N,
07:13,LLOYDSENGG,17801,93.2,2.25,2.25,,22.75,17.96,NORMAL,Y,0,0,11.245200219418525,0.0,8.0,1.5,0,0,0,0,0,0,0,0,N,,N,
07:13,JKPAPER,11860,380.8,-3.24,-3.24,,15.45,27.0,NORMAL,N,0,0,0.0,15.0,8.0,1.5,0,0,0,0,0,0,0,0,N,,N,
07:13,RECLTD,15355,335.2,-3.26,-3.26,,11.5,32.69,NORMAL,N,0,0,0.0,15.0,8.0,1.5,0,0,0,0,0,0,0,0,N,,N,
07:14,HINDZINC,1424,559.0,-3.35,-3.35,,11.5,36.16,NORMAL,N,0,0,0.0,15.0,8.0,1.5,0,0,0,0,0,0,0,0,N,,N,
07:14,HINDCOPPER,17939,526.0,-3.39,-3.39,,15.97,23.5,NORMAL,Y,0,0,0.0,15.0,8.0,1.5,0,0,0,0,0,0,0,0,N,,N,
07:14,YATRA,18760,112.01,-3.53,-3.53,,11.5,28.68,NORMAL,Y,0,0,0.0,15.0,8.0,1.5,0,0,0,0,0,0,0,0,N,,N,
07:14,EPACKPEB,759251,228.75,-4.11,-4.11,,15.93,27.01,NORMAL,N,0,0,0.0,15.0,8.0,1.5,0,0,0,0,0,0,0,0,N,,N,
07:14,RELAXO,24225,401.4,-4.3,-4.3,,17.13,27.0,NORMAL,N,0,0,0.0,15.0,8.0,1.5,0,0,0,0,0,0,0,0,N,,N,
07:14,ABDL,24308,600.5,-4.33,-4.33,,11.65,27.16,NORMAL,N,0,0,0.0,15.0,8.0,1.5,0,0,0,0,0,0,0,0,N,,N,
07:14,TMPV,3456,333.0,-4.75,-4.75,,17.67,23.5,NORMAL,N,0,0,0.0,15.0,8.0,1.5,0,0,0,0,0,0,0,0,N,,N,
07:14,GOCLCORP,3963,407.9,-5.34,-5.34,,11.68,31.03,NORMAL,N,0,0,0.0,15.0,8.0,1.5,0,0,0,0,0,0,0,0,N,,N,
07:14,TIMETECHNO,14707,193.0,-5.41,-5.41,,11.5,28.78,NORMAL,N,0,0,0.0,15.0,8.0,1.5,0,0,0,0,0,0,0,0,N,,N,
07:14,NARMADA,6364,378.35,-5.53,-5.53,,11.5,30.93,NORMAL,Y,0,0,0.0,15.0,8.0,1.5,0,0,0,0,0,0,0,0,N,,N,
07:14,MIDHANI,2463,419.05,-5.8,-5.8,,11.5,28.85,NORMAL,Y,0,0,0.0,15.0,8.0,1.5,0,0,0,0,0,0,0,0,N,,N,
07:14,INOXGREEN,12188,181.38,-2.98,-2.98,,11.5,30.6,NORMAL,N,0,0,0.0,14.922978177150226,8.0,1.5,0,0,0,0,0,0,0,0,N,,N,
07:14,REDINGTON,14255,335.7,-2.98,-2.98,,11.5,31.16,NORMAL,Y,0,0,0.0,14.884393063583833,8.0,1.5,0,0,0,0,0,0,0,0,N,,N,
07:14,RAJRATAN,18962,514.5,-2.9,-2.9,,12.86,26.71,NORMAL,Y,0,0,0.0,14.4852316693404,8.0,1.5,0,0,0,0,0,0,0,0,N,,N,
07:14,JTEKTINDIA,3237,129.73,-2.69,-2.69,,16.02,25.46,NORMAL,N,0,0,0.0,13.463846384638478,8.0,1.5,0,0,0,0,0,0,0,0,N,,N,
07:14,RHIM,31163,381.15,-2.68,-2.68,,11.5,28.36,NORMAL,N,0,0,0.0,13.404825737265416,8.0,1.5,0,0,0,0,0,0,0,0,N,,N,
07:14,VIPIND,3703,299.9,-2.53,-2.53,,13.5,24.67,NORMAL,N,0,0,0.0,12.674683132921695,8.0,1.5,0,0,0,0,0,0,0,0,N,,N,
07:14,NELCO,2388,1021.2,-2.51,-2.51,,11.5,29.74,NORMAL,Y,0,0,0.0,12.553699284009522,8.0,1.5,0,0,0,0,0,0,0,0,N,,N,
07:14,SPARC,14788,199.16,-2.51,-2.51,,11.5,29.59,NORMAL,N,0,0,0.0,12.531819071862161,8.0,1.5,0,0,0,0,0,0,0,0,N,,N,
07:14,GPIL,13409,237.31,-2.47,-2.47,,18.69,26.29,NORMAL,N,0,0,0.0,12.329949447207268,8.0,1.5,0,0,0,0,0,0,0,0,N,,N,
07:14,RAINBOW,9408,1418.2,-2.4,-2.4,,11.5,24.22,NORMAL,N,0,0,0.0,11.975223675154837,8.0,1.5,0,0,0,0,0,0,0,0,N,,N,
07:14,LUXIND,11301,1180.9,-2.35,-2.35,,16.03,23.74,NORMAL,N,0,0,0.0,11.74233027371201,8.0,1.5,0,0,0,0,0,0,0,0,N,,N,
07:14,LTF,24948,308.3,-2.24,-2.24,,11.5,27.76,NORMAL,N,0,0,0.0,11.17805612811164,8.0,1.5,0,0,0,0,0,0,0,0,N,,N,
07:14,OIL,17438,469.2,-2.21,-2.21,,11.5,23.97,NORMAL,Y,0,0,0.0,11.046269278866216,8.0,1.5,0,0,0,0,0,0,0,0,N,,N,
07:14,JAMNAAUTO,20778,123.89,-2.2,-2.2,,11.5,27.37,NORMAL,N,0,0,0.0,11.01199873697508,8.0,1.5,0,0,0,0,0,0,0,0,N,,N,
07:14,PTC,11355,161.21,-2.18,-2.18,,11.5,25.61,NORMAL,N,0,0,0.0,10.891990291262147,8.0,1.5,0,0,0,0,0,0,0,0,N,,N,
07:14,JMFINANCIL,13637,126.59,-2.15,-2.15,,11.5,29.23,NORMAL,Y,0,0,0.0,10.744376594264516,8.0,1.5,0,0,0,0,0,0,0,0,N,,N,
07:14,MRPL,2283,170.71,-2.1,-2.1,,11.5,27.56,NORMAL,Y,0,0,0.0,10.522995756394046,8.0,1.5,0,0,0,0,0,0,0,0,N,,N,
07:14,SURYODAY,2970,153.2,-2.04,-2.04,,11.5,25.69,NORMAL,N,0,0,0.0,10.198861819809444,8.0,1.5,0,0,0,0,0,0,0,0,N,,N,
07:14,XCHANGING,11705,63.76,-3.01,-3.01,,15.0,26.27,NORMAL,N,0,0,0.0,15.0,8.0,1.5,0,0,0,0,0,0,0,0,N,,N,
07:14,IPCALAB,1633,1737.1,-3.3,-3.3,,11.5,27.4,NORMAL,N,0,0,0.0,15.0,8.0,1.5,0,0,0,0,0,0,0,0,N,,N,
07:14,MOIL,20830,274.1,-1.97,-1.97,,11.5,24.43,NORMAL,N,0,0,0.0,9.835479256080113,8.0,1.5,0,0,0,0,0,0,0,0,N,,N,
07:14,JIOFIN,18143,250.7,-1.92,-1.92,,11.5,23.8,NORMAL,N,0,0,0.0,9.585289514866991,8.0,1.5,0,0,0,0,0,0,0,0,N,,N,
07:14,SHALBY,714,153.19,-1.9,-1.9,,15.97,22.14,NORMAL,N,0,0,0.0,9.478065962215844,8.0,1.5,0,0,0,0,0,0,0,0,N,,N,
07:14,VAIBHAVGBL,11364,229.0,-1.89,-1.89,,14.29,21.43,NORMAL,N,0,0,0.0,9.425878320479876,8.0,1.5,0,0,0,0,0,0,0,0,N,,N,
07:14,POONAWALLA,11403,493.25,-1.88,-1.88,,11.5,22.81,NORMAL,Y,0,0,0.0,9.39924408195742,8.0,1.5,0,0,0,0,0,0,0,0,N,,N,
07:14,TEXRAIL,21828,105.1,-1.86,-1.86,,11.5,39.37,NORMAL,N,0,0,0.0,9.291250350172795,8.0,1.5,0,0,0,0,0,0,0,0,N,,N,
07:14,SOUTHWEST,9678,219.32,-1.79,-1.79,,11.64,21.4,NORMAL,N,0,0,0.0,8.93376919976716,8.0,1.5,0,0,0,0,0,0,0,0,N,,N,
07:14,TITAGARH,15414,835.75,-1.76,-1.76,,11.85,20.87,NORMAL,N,0,0,0.0,8.81575080811049,8.0,1.5,0,0,0,0,0,0,0,0,N,,N,
07:14,SAREGAMA,4892,522.3,-1.76,-1.76,,18.32,17.29,NORMAL,Y,0,0,0.0,8.793379102793212,8.0,1.5,0,0,0,0,0,0,0,0,N,,N,
07:14,SYMPHONY,24190,620.15,-1.76,-1.76,,11.5,22.71,NORMAL,N,0,0,0.0,8.79207920792081,8.0,1.5,0,0,0,0,0,0,0,0,N,,N,
07:14,ZUARIIND,3827,254.5,-1.76,-1.76,,11.5,22.0,NORMAL,N,0,0,0.0,8.782088399922815,8.0,1.5,0,0,0,0,0,0,0,0,N,,N,
07:14,MUNJALAU,13511,117.3,-1.73,-1.73,,15.11,21.12,NORMAL,Y,0,0,0.0,8.670520231213903,8.0,1.5,0,0,0,0,0,0,0,0,N,,N,
07:14,ANGELONE,324,286.95,-1.73,-1.73,,11.5,23.15,NORMAL,N,0,0,0.0,8.647260273972623,8.0,1.5,0,0,0,0,0,0,0,0,N,,N,
07:14,NTPC,11630,338.3,-1.73,-1.73,,11.5,20.92,NORMAL,N,0,0,0.0,8.641975308641959,8.0,1.5,0,0,0,0,0,0,0,0,N,,N,
07:14,UNICHEMLAB,3579,533.05,-1.72,-1.72,,11.5,26.88,NORMAL,N,0,0,0.0,8.619100294985271,8.0,1.5,0,0,0,0,0,0,0,0,N,,N,
07:14,ENDURANCE,18822,2895.0,-2.7,-2.7,,11.5,30.09,NORMAL,Y,0,0,0.0,13.494437535710714,8.0,1.5,0,0,0,0,0,0,0,0,N,,N,
07:14,NIACL,399,177.59,-1.69,-1.69,,11.5,23.07,NORMAL,Y,0,0,0.0,8.46941599778578,8.0,1.5,0,0,0,0,0,0,0,0,N,,N,
07:14,ELGIEQUIP,937,613.4,6.58,6.58,,53.0,5.0,NORMAL,Y,0,0,15.0,0.0,8.0,1.5,0,0,0,0,0,0,0,0,N,,Y,NONRESULTS
07:14,TRIVENI,13081,261.28,4.58,4.58,,26.5,21.11,NORMAL,Y,0,0,15.0,0.0,8.0,1.5,0,0,0,0,0,0,0,0,N,,N,
07:14,VOLTAS,3718,1336.7,3.66,3.66,,35.4,9.46,NORMAL,Y,0,0,15.0,0.0,8.0,1.5,0,0,0,0,0,0,0,0,N,,N,
07:14,JUBLFOOD,18096,508.2,3.39,3.39,,26.81,14.78,NORMAL,Y,0,0,15.0,0.0,8.0,1.5,0,0,0,0,0,0,0,0,N,,N,
07:14,MARKSANS,10579,320.8,2.62,2.62,,33.3,5.0,NORMAL,Y,0,0,13.115802943058203,0.0,8.0,1.5,0,0,0,0,0,0,0,0,N,,N,
07:18,HAPPSTMNDS,48,417.8,7.13,7.13,,33.5,13.29,NORMAL,Y,0,0,15.0,0.0,8.0,1.5,0,0,0,0,0,0,0,0,N,,N,
07:18,ELGIEQUIP,937,615.0,6.85,6.85,,44.88,5.0,NORMAL,Y,0,0,15.0,0.0,8.0,1.5,0,0,0,0,0,0,0,0,N,,Y,NONRESULTS
07:18,RGL,15129,117.13,6.35,6.35,,26.5,13.41,NORMAL,N,0,0,15.0,0.0,8.0,1.5,0,0,0,0,0,0,0,0,N,,N,
07:18,ZEEL,3812,102.56,5.17,5.17,,33.8,9.12,NORMAL,Y,0,0,15.0,0.0,8.0,1.5,0,0,0,0,0,0,0,0,N,,N,
07:18,TRIVENI,13081,261.18,4.54,4.54,,26.5,15.34,NORMAL,N,0,0,15.0,0.0,8.0,1.5,0,0,0,0,0,0,0,0,N,,N,
07:18,MSTCLTD,9356,606.6,4.46,4.46,,35.18,9.31,NORMAL,Y,0,0,15.0,0.0,8.0,1.5,0,0,0,0,0,0,0,0,N,,N,
07:18,KRBL,10577,388.35,4.28,4.28,,26.5,16.97,NORMAL,Y,0,0,15.0,0.0,8.0,1.5,0,0,0,0,0,0,0,0,N,,N,
07:18,ASAHIINDIA,5378,937.9,4.1,4.1,,30.1,9.63,NORMAL,Y,0,0,15.0,0.0,8.0,1.5,0,0,0,0,0,0,0,0,N,,N,
07:18,BATAINDIA,371,756.2,3.92,3.92,,37.59,8.5,NORMAL,Y,0,0,15.0,0.0,8.0,1.5,0,0,0,0,0,0,0,0,N,,N,
07:18,PRAJIND,2705,336.45,3.73,3.73,,26.68,16.14,NORMAL,Y,0,0,15.0,0.0,8.0,1.5,0,0,0,0,0,0,0,0,N,,N,
07:18,SHREEPUSHK,10588,382.85,3.47,3.47,,35.62,5.0,NORMAL,N,0,0,15.0,0.0,8.0,1.5,0,0,0,0,0,0,0,0,N,,N,
07:18,JUBLFOOD,18096,508.4,3.43,3.43,,26.5,15.17,NORMAL,Y,0,0,15.0,0.0,8.0,1.5,0,0,0,0,0,0,0,0,N,,N,
07:18,DEVYANI,5373,143.11,3.32,3.32,,26.5,12.17,NORMAL,Y,0,0,15.0,0.0,8.0,1.5,0,0,0,0,0,0,0,0,N,,N,
07:18,PARAS,5911,1384.0,3.11,3.11,,30.0,15.45,NORMAL,Y,0,0,15.0,0.0,8.0,1.5,0,0,0,0,0,0,0,0,N,,N,
07:18,PRICOLLTD,19631,787.1,2.89,2.89,,50.36,5.0,NORMAL,Y,0,0,14.44444444444446,0.0,8.0,1.5,0,0,0,0,0,0,0,0,N,,N,
07:18,VOLTAS,3718,1325.0,2.75,2.75,,33.08,10.73,NORMAL,Y,0,0,13.765025203567275,0.0,8.0,1.5,0,0,0,0,0,0,0,0,N,,N,
07:18,THYROCARE,17032,622.5,2.72,2.72,,32.81,5.0,NORMAL,Y,0,0,13.613861386138616,0.0,8.0,1.5,0,0,0,0,0,0,0,0,N,,N,
07:18,SHARDAMOTR,10530,905.4,2.66,2.66,,28.29,10.29,NORMAL,Y,0,0,13.294404444696374,0.0,8.0,1.5,0,0,0,0,0,0,0,0,N,,N,
07:18,SANDHAR,2397,643.1,2.65,2.65,,31.98,6.71,NORMAL,Y,0,0,13.24820430965684,0.0,8.0,1.5,0,0,0,0,0,0,0,0,N,,N,
07:18,GNFC,1174,564.8,2.62,2.62,,31.58,5.76,NORMAL,Y,0,0,13.081395348837187,0.0,8.0,1.5,0,0,0,0,0,0,0,0,N,,N,
07:18,MARKSANS,10579,320.5,2.53,2.53,,33.49,5.4,NORMAL,Y,0,0,12.635956493921906,0.0,8.0,1.5,0,0,0,0,0,0,0,0,N,,N,
07:18,BERGEPAINT,404,560.0,2.5,2.5,,32.64,5.0,NORMAL,Y,0,0,12.491992312620091,0.0,8.0,1.5,0,0,0,0,0,0,0,0,N,,N,
07:18,RAMCOCEM,2043,930.2,2.35,2.35,,43.55,5.0,NORMAL,Y,0,0,11.773767605633854,0.0,8.0,1.5,0,0,0,0,0,0,0,0,N,,N,
07:18,LENSKART,759605,610.3,2.24,2.24,,26.35,8.9,NORMAL,Y,0,0,11.224660747193816,0.0,8.0,1.5,0,0,0,0,0,0,0,0,N,,N,
07:18,WIPL,20481,170.9,2.22,2.22,,26.1,8.5,NORMAL,Y,0,0,11.09516119385133,0.0,8.0,1.5,0,0,0,0,0,0,0,0,N,,N,
07:18,MGL,17534,1150.6,2.2,2.2,,29.51,9.1,NORMAL,Y,0,0,11.014389767276585,0.0,8.0,1.5,0,0,0,0,0,0,0,0,N,,N,
07:18,WELSPUNLIV,11253,168.8,2.16,2.16,,22.95,12.93,NORMAL,Y,0,0,10.803122919566729,0.0,8.0,1.5,0,0,0,0,0,0,0,0,Y,NONRESULTS,N,
07:18,LGEINDIA,760213,1719.1,8.89,8.89,,33.53,12.08,NORMAL,Y,0,0,15.0,0.0,8.0,1.5,0,0,0,0,0,0,0,0,N,,N,
07:18,SANSERA,5751,3954.8,4.46,4.46,,26.5,19.76,NORMAL,Y,0,0,15.0,0.0,8.0,1.5,0,0,0,0,0,0,0,0,N,,N,
07:18,AETHER,9810,1646.3,4.19,4.19,,36.88,5.0,NORMAL,Y,0,0,15.0,0.0,8.0,1.5,0,0,0,0,0,0,0,0,N,,N,
07:18,MFSL,2142,1561.6,3.25,3.25,,36.47,5.75,NORMAL,Y,0,0,15.0,0.0,8.0,1.5,0,0,0,0,0,0,0,0,N,,N,
07:18,BLS,17279,276.05,1.99,1.99,,36.62,5.0,NORMAL,Y,0,0,9.938301252447621,0.0,8.0,1.5,0,0,0,0,0,0,0,0,N,,N,
07:18,KPRMILL,14912,1106.0,1.96,1.96,,28.44,5.0,NORMAL,Y,0,0,9.818382963031231,0.0,8.0,1.5,0,0,0,0,0,0,0,0,N,,N,
07:18,BHARTIARTL,10604,1995.5,2.91,2.91,,33.04,5.98,NORMAL,Y,0,0,14.542829147542701,0.0,8.0,1.5,0,0,0,0,0,0,0,0,N,,N,
07:18,HAVELLS,9819,1294.0,1.89,1.89,,47.36,5.0,NORMAL,Y,0,0,9.448818897637794,0.0,8.0,1.5,0,0,0,0,0,0,0,0,N,,N,
07:18,BAJAJELEC,15034,363.0,1.79,1.79,,24.15,8.75,NORMAL,Y,0,0,8.973639932697669,0.0,8.0,1.5,0,0,0,0,0,0,0,0,N,,N,
07:18,HEG,1336,699.0,1.75,1.75,,21.03,12.69,NORMAL,Y,0,0,8.73362445414847,0.0,8.0,1.5,0,0,0,0,0,0,0,0,N,,N,
07:18,TATAPOWER,3426,388.9,1.59,1.59,,26.47,6.39,NORMAL,Y,0,0,7.967607105538096,0.0,8.0,1.5,0,0,0,0,0,0,0,0,N,,N,
07:18,DCMSHRIRAM,811,1025.8,1.56,1.56,,35.79,5.0,NORMAL,Y,0,0,7.8217821782177985,0.0,8.0,1.5,0,0,0,0,0,0,0,0,N,,N,
07:18,RATNAMANI,13451,2354.7,2.47,2.47,,30.84,7.51,NORMAL,N,0,0,12.336814621409882,0.0,8.0,1.5,0,0,0,0,0,0,0,0,N,,N,
07:18,AEGISLOG,40,1264.6,1.41,1.41,,18.59,19.41,NORMAL,Y,0,0,7.056936647955055,0.0,8.0,1.5,0,0,0,0,0,0,0,0,N,,N,
07:18,HISARMETAL,19322,152.0,1.37,1.37,,18.37,12.0,NORMAL,Y,0,0,6.869414432439649,0.0,8.0,1.5,0,0,0,0,0,0,0,0,N,,N,
07:18,ADANIGREEN,3563,1337.0,1.36,1.36,,25.32,6.3,NORMAL,N,0,0,6.823351023502654,0.0,8.0,1.5,0,0,0,0,0,0,0,0,N,,N,
07:18,SHYAMMETL,4693,991.8,1.34,1.34,,27.04,5.0,NORMAL,N,0,0,6.69255134361904,0.0,8.0,1.5,0,0,0,0,0,0,0,0,N,,N,
07:18,BHEL,438,425.55,1.32,1.32,,33.17,5.0,NORMAL,Y,0,0,6.60714285714287,0.0,8.0,1.5,0,0,0,0,0,0,0,0,N,,N,
07:18,GENUSPOWER,11905,310.5,1.29,1.29,,17.94,13.83,NORMAL,N,0,0,6.44266840645896,0.0,8.0,1.5,0,0,0,0,0,0,0,0,Y,NONRESULTS,N,
07:18,ASHOKLEY,212,178.48,1.28,1.28,,28.4,5.73,NORMAL,Y,0,0,6.383703115247121,0.0,8.0,1.5,0,0,0,0,0,0,0,0,N,,N,
07:18,LLOYDSENGG,17801,93.18,2.23,2.23,,22.64,13.97,NORMAL,Y,0,0,11.135490948985197,0.0,8.0,1.5,0,0,0,0,0,0,0,0,N,,N,
07:18,PURVA,14922,220.53,1.21,1.21,,21.19,8.5,NORMAL,Y,0,0,6.058102712377839,0.0,8.0,1.5,0,0,0,0,0,0,0,0,N,,N,
07:18,FINCABLES,1038,1264.3,1.2,1.2,,32.42,5.0,NORMAL,Y,0,0,6.003361882654287,0.0,8.0,1.5,0,0,0,0,0,0,0,0,N,,N,
07:18,JKPAPER,11860,381.0,-3.19,-3.19,,20.51,27.0,NORMAL,N,0,0,0.0,15.0,8.0,1.5,0,0,0,0,0,0,0,0,N,,N,
07:18,HINDZINC,1424,559.65,-3.23,-3.23,,11.5,28.71,NORMAL,N,0,0,0.0,15.0,8.0,1.5,0,0,0,0,0,0,0,0,N,,N,
07:18,INOXGREEN,12188,180.9,-3.24,-3.24,,11.5,32.52,NORMAL,N,0,0,0.0,15.0,8.0,1.5,0,0,0,0,0,0,0,0,N,,N,
07:18,HINDCOPPER,17939,526.4,-3.32,-3.32,,26.69,23.5,NORMAL,Y,0,0,0.0,15.0,8.0,1.5,0,0,0,0,0,0,0,0,N,,N,
07:18,RECLTD,15355,334.85,-3.36,-3.36,,11.5,29.82,NORMAL,N,0,0,0.0,15.0,8.0,1.5,0,0,0,0,0,0,0,0,N,,N,
07:18,EPACKPEB,759251,228.6,-4.17,-4.17,,11.89,27.0,NORMAL,N,0,0,0.0,15.0,8.0,1.5,0,0,0,0,0,0,0,0,N,,N,
07:18,ABDL,24308,601.0,-4.25,-4.25,,12.92,27.17,NORMAL,N,0,0,0.0,15.0,8.0,1.5,0,0,0,0,0,0,0,0,N,,N,
07:18,RELAXO,24225,400.85,-4.43,-4.43,,14.24,27.0,NORMAL,N,0,0,0.0,15.0,8.0,1.5,0,0,0,0,0,0,0,0,N,,N,
07:18,TMPV,3456,332.75,-4.82,-4.82,,17.75,23.5,NORMAL,N,0,0,0.0,15.0,8.0,1.5,0,0,0,0,0,0,0,0,N,,N,
07:18,TIMETECHNO,14707,193.1,-5.36,-5.36,,11.76,27.0,NORMAL,N,0,0,0.0,15.0,8.0,1.5,0,0,0,0,0,0,0,0,N,,N,
07:18,NARMADA,6364,378.4,-5.52,-5.52,,11.8,27.11,NORMAL,Y,0,0,0.0,15.0,8.0,1.5,0,0,0,0,0,0,0,0,N,,N,
07:18,GOCLCORP,3963,406.45,-5.67,-5.67,,11.65,33.97,NORMAL,N,0,0,0.0,15.0,8.0,1.5,0,0,0,0,0,0,0,0,N,,N,
07:18,MIDHANI,2463,419.25,-5.75,-5.75,,13.88,27.0,NORMAL,Y,0,0,0.0,15.0,8.0,1.5,0,0,0,0,0,0,0,0,N,,N,
07:18,YATRA,18760,112.68,-2.95,-2.95,,29.69,26.77,NORMAL,Y,0,0,0.0,14.770476272500183,8.0,1.5,0,0,0,0,0,0,0,0,N,,N,
07:18,RAJRATAN,18962,514.5,-2.9,-2.9,,12.91,26.7,NORMAL,Y,0,0,0.0,14.4852316693404,8.0,1.5,0,0,0,0,0,0,0,0,N,,N,
07:18,GPIL,13409,236.6,-2.76,-2.76,,18.5,37.36,NORMAL,N,0,0,0.0,13.78899346512681,8.0,1.5,0,0,0,0,0,0,0,0,N,,N,
07:18,REDINGTON,14255,336.5,-2.75,-2.75,,13.64,25.91,NORMAL,Y,0,0,0.0,13.728323699421965,8.0,1.5,0,0,0,0,0,0,0,0,N,,N,
07:18,RHIM,31163,381.15,-2.68,-2.68,,11.5,29.35,NORMAL,N,0,0,0.0,13.404825737265416,8.0,1.5,0,0,0,0,0,0,0,0,N,,N,
07:18,SPARC,14788,199.05,-2.56,-2.56,,11.5,26.13,NORMAL,N,0,0,0.0,12.801057372234164,8.0,1.5,0,0,0,0,0,0,0,0,N,,N,
07:18,VIPIND,3703,299.9,-2.53,-2.53,,12.31,24.67,NORMAL,N,0,0,0.0,12.674683132921695,8.0,1.5,0,0,0,0,0,0,0,0,N,,N,
07:18,JTEKTINDIA,3237,130.04,-2.46,-2.46,,13.71,24.3,NORMAL,N,0,0,0.0,12.301230123012308,8.0,1.5,0,0,0,0,0,0,0,0,N,,N,
07:18,NELCO,2388,1021.9,-2.44,-2.44,,11.5,31.84,NORMAL,Y,0,0,0.0,12.219570405727936,8.0,1.5,0,0,0,0,0,0,0,0,N,,N,
07:18,RAINBOW,9408,1419.0,-2.34,-2.34,,11.5,25.75,NORMAL,N,0,0,0.0,11.69993117687543,8.0,1.5,0,0,0,0,0,0,0,0,N,,N,
07:18,LTF,24948,308.15,-2.28,-2.28,,11.5,25.25,NORMAL,N,0,0,0.0,11.415887109560877,8.0,1.5,0,0,0,0,0,0,0,0,N,,N,
07:18,JMFINANCIL,13637,126.42,-2.28,-2.28,,11.5,25.63,NORMAL,Y,0,0,0.0,11.4014068176548,8.0,1.5,0,0,0,0,0,0,0,0,N,,N,
07:18,OIL,17438,469.0,-2.25,-2.25,,11.5,23.32,NORMAL,Y,0,0,0.0,11.254689453939154,8.0,1.5,0,0,0,0,0,0,0,0,N,,N,
07:18,JAMNAAUTO,20778,123.93,-2.17,-2.17,,11.5,26.28,NORMAL,N,0,0,0.0,10.85412061888222,8.0,1.5,0,0,0,0,0,0,0,0,N,,N,
07:18,PTC,11355,161.29,-2.13,-2.13,,15.0,20.7,NORMAL,N,0,0,0.0,10.64927184466025,8.0,1.5,0,0,0,0,0,0,0,0,N,,N,
07:18,SURYODAY,2970,153.06,-2.13,-2.13,,11.62,22.86,NORMAL,N,0,0,0.0,10.646460771149,8.0,1.5,0,0,0,0,0,0,0,0,N,,N,
07:18,LUXIND,11301,1183.8,-2.11,-2.11,,11.71,28.29,NORMAL,N,0,0,0.0,10.543289506325971,8.0,1.5,0,0,0,0,0,0,0,0,N,,N,
07:18,SHALBY,714,152.99,-2.02,-2.02,,11.5,28.94,NORMAL,N,0,0,0.0,10.118475824527685,8.0,1.5,0,0,0,0,0,0,0,0,N,,N,
07:18,MOIL,20830,274.0,-2.0,-2.0,,11.75,22.22,NORMAL,N,0,0,0.0,10.014306151645247,8.0,1.5,0,0,0,0,0,0,0,0,N,,N,
07:18,XCHANGING,11705,63.76,-3.01,-3.01,,15.07,23.81,NORMAL,N,0,0,0.0,15.0,8.0,1.5,0,0,0,0,0,0,0,0,N,,N,
07:18,IPCALAB,1633,1734.6,-3.43,-3.43,,11.5,30.64,NORMAL,N,0,0,0.0,15.0,8.0,1.5,0,0,0,0,0,0,0,0,N,,N,
07:18,VAIBHAVGBL,11364,228.75,-1.99,-1.99,,13.41,21.96,NORMAL,N,0,0,0.0,9.961439588688958,8.0,1.5,0,0,0,0,0,0,0,0,N,,N,
07:18,TEXRAIL,21828,105.0,-1.95,-1.95,,11.5,29.7,NORMAL,N,0,0,0.0,9.75814735269401,8.0,1.5,0,0,0,0,0,0,0,0,N,,N,
07:18,JIOFIN,18143,250.65,-1.94,-1.94,,11.5,22.32,NORMAL,N,0,0,0.0,9.683098591549275,8.0,1.5,0,0,0,0,0,0,0,0,N,,N,
07:18,ENDURANCE,18822,2890.0,-2.87,-2.87,,11.5,27.72,NORMAL,Y,0,0,0.0,14.334688938930558,8.0,1.5,0,0,0,0,0,0,0,0,N,,N,
07:18,MRPL,2283,171.13,-1.86,-1.86,,14.5,21.36,NORMAL,Y,0,0,0.0,9.318729212065604,8.0,1.5,0,0,0,0,0,0,0,0,N,,N,
07:18,SAREGAMA,4892,522.15,-1.79,-1.79,,23.41,17.43,NORMAL,Y,0,0,0.0,8.93444935577918,8.0,1.5,0,0,0,0,0,0,0,0,N,,N,
07:18,SOUTHWEST,9678,219.32,-1.79,-1.79,,12.16,20.93,NORMAL,N,0,0,0.0,8.93376919976716,8.0,1.5,0,0,0,0,0,0,0,0,N,,N,
07:18,NIACL,399,177.46,-1.77,-1.77,,11.5,21.55,NORMAL,Y,0,0,0.0,8.82922778854137,8.0,1.5,0,0,0,0,0,0,0,0,N,,N,
07:18,POONAWALLA,11403,493.85,-1.76,-1.76,,11.5,21.23,NORMAL,Y,0,0,0.0,8.802466679928353,8.0,1.5,0,0,0,0,0,0,0,0,N,,N,
07:18,ZUARIIND,3827,254.5,-1.76,-1.76,,12.03,20.79,NORMAL,N,0,0,0.0,8.782088399922815,8.0,1.5,0,0,0,0,0,0,0,0,N,,N,
07:18,TITAGARH,15414,835.85,-1.75,-1.75,,11.53,20.97,NORMAL,N,0,0,0.0,8.756979136056406,8.0,1.5,0,0,0,0,0,0,0,0,N,,N,
07:18,NTPC,11630,338.25,-1.74,-1.74,,11.9,20.98,NORMAL,N,0,0,0.0,8.714596949891067,8.0,1.5,0,0,0,0,0,0,0,0,N,,N,
07:18,ANGELONE,324,286.95,-1.73,-1.73,,15.9,20.65,NORMAL,N,0,0,0.0,8.647260273972623,8.0,1.5,0,0,0,0,0,0,0,0,N,,N,
07:18,ZYDUSLIFE,7929,1148.2,-1.64,-1.64,,11.5,22.69,NORMAL,Y,0,0,0.0,8.18127302321593,8.0,1.5,0,0,0,0,0,0,0,0,N,,N,
07:18,ONGC,2475,236.0,-1.63,-1.63,,11.5,20.76,NORMAL,N,0,0,0.0,8.128386827844947,8.0,1.5,0,0,0,0,0,0,0,0,N,,N,
07:18,SYMPHONY,24190,621.0,-1.62,-1.62,,11.5,23.99,NORMAL,N,0,0,0.0,8.118811881188119,8.0,1.5,0,0,0,0,0,0,0,0,N,,N,
07:18,ZEEL,3812,102.56,5.17,5.17,,33.79,9.74,NORMAL,Y,0,0,15.0,0.0,8.0,1.5,0,0,0,0,0,0,0,0,N,,N,
07:18,BATAINDIA,371,756.2,3.92,3.92,,39.08,8.5,NORMAL,Y,0,0,15.0,0.0,8.0,1.5,0,0,0,0,0,0,0,0,N,,N,
07:19,SANSERA,5751,3954.8,4.46,4.46,,26.5,19.35,NORMAL,Y,0,0,15.0,0.0,8.0,1.5,0,0,0,0,0,0,0,0,N,,N,
07:19,BHARTIARTL,10604,1995.5,2.91,2.91,,33.04,6.14,NORMAL,Y,0,0,14.542829147542701,0.0,8.0,1.5,0,0,0,0,0,0,0,0,N,,N,
07:19,AEGISLOG,40,1264.6,1.41,1.41,,18.62,17.67,NORMAL,Y,0,0,7.056936647955055,0.0,8.0,1.5,0,0,0,0,0,0,0,0,N,,N,
07:23,HAPPSTMNDS,48,418.4,7.28,7.28,,33.5,17.84,NORMAL,Y,0,0,15.0,0.0,8.0,1.5,0,0,0,0,0,0,0,0,N,,N,
07:23,ELGIEQUIP,937,613.0,6.51,6.51,,37.54,5.0,NORMAL,Y,0,0,15.0,0.0,8.0,1.5,0,0,0,0,0,0,0,0,N,,Y,NONRESULTS
07:23,RGL,15129,117.2,6.41,6.41,,26.5,12.52,NORMAL,N,0,0,15.0,0.0,8.0,1.5,0,0,0,0,0,0,0,0,N,,N,
07:23,ZEEL,3812,102.41,5.01,5.01,,33.59,5.96,NORMAL,Y,0,0,15.0,0.0,8.0,1.5,0,0,0,0,0,0,0,0,N,,N,
07:23,TRIVENI,13081,261.34,4.6,4.6,,26.95,12.29,NORMAL,N,0,0,15.0,0.0,8.0,1.5,0,0,0,0,0,0,0,0,N,,N,
07:23,ASAHIINDIA,5378,939.9,4.32,4.32,,39.46,5.0,NORMAL,Y,0,0,15.0,0.0,8.0,1.5,0,0,0,0,0,0,0,0,N,,N,
07:23,BATAINDIA,371,758.4,4.23,4.23,,34.15,5.0,NORMAL,Y,0,0,15.0,0.0,8.0,1.5,0,0,0,0,0,0,0,0,N,,N,
07:23,KRBL,10577,387.25,3.99,3.99,,26.5,14.9,NORMAL,Y,0,0,15.0,0.0,8.0,1.5,0,0,0,0,0,0,0,0,N,,N,
07:23,PRAJIND,2705,337.15,3.95,3.95,,34.6,12.0,NORMAL,Y,0,0,15.0,0.0,8.0,1.5,0,0,0,0,0,0,0,0,N,,N,
07:23,MSTCLTD,9356,602.6,3.77,3.77,,34.03,14.58,NORMAL,Y,0,0,15.0,0.0,8.0,1.5,0,0,0,0,0,0,0,0,N,,N,
07:23,DEVYANI,5373,143.19,3.38,3.38,,27.2,12.0,NORMAL,Y,0,0,15.0,0.0,8.0,1.5,0,0,0,0,0,0,0,0,N,,N,
07:23,MARKSANS,10579,322.8,3.26,3.26,,47.02,5.0,NORMAL,Y,0,0,15.0,0.0,8.0,1.5,0,0,0,0,0,0,0,0,N,,N,
07:23,JUBLFOOD,18096,507.35,3.21,3.21,,26.5,13.31,NORMAL,Y,0,0,15.0,0.0,8.0,1.5,0,0,0,0,0,0,0,0,N,,N,
07:23,VOLTAS,3718,1329.3,3.09,3.09,,33.5,12.3,NORMAL,Y,0,0,15.0,0.0,8.0,1.5,0,0,0,0,0,0,0,0,N,,N,
07:23,PARAS,5911,1383.5,3.08,3.08,,30.0,10.93,NORMAL,Y,0,0,15.0,0.0,8.0,1.5,0,0,0,0,0,0,0,0,N,,N,
07:23,SHREEPUSHK,10588,381.1,3.0,3.0,,33.5,14.09,NORMAL,N,0,0,15.0,0.0,8.0,1.5,0,0,0,0,0,0,0,0,N,,N,
07:23,PRICOLLTD,19631,787.8,2.98,2.98,,47.43,5.0,NORMAL,Y,0,0,14.901960784313697,0.0,8.0,1.5,0,0,0,0,0,0,0,0,N,,N,
07:23,HEG,1336,707.45,2.98,2.98,,49.29,5.0,NORMAL,Y,0,0,14.88355167394472,0.0,8.0,1.5,0,0,0,0,0,0,0,0,N,,N,
07:23,SANDHAR,2397,644.0,2.79,2.79,,35.22,5.57,NORMAL,Y,0,0,13.966480446927374,0.0,8.0,1.5,0,0,0,0,0,0,0,0,N,,N,
07:23,SHARDAMOTR,10530,905.0,2.61,2.61,,28.07,9.54,NORMAL,Y,0,0,13.067634219626935,0.0,8.0,1.5,0,0,0,0,0,0,0,0,N,,N,
07:23,RAMCOCEM,2043,932.0,2.55,2.55,,46.47,5.0,NORMAL,Y,0,0,12.764084507042279,0.0,8.0,1.5,0,0,0,0,0,0,0,0,N,,N,
07:23,GNFC,1174,564.45,2.55,2.55,,31.26,8.86,NORMAL,Y,0,0,12.763444767441923,0.0,8.0,1.5,0,0,0,0,0,0,0,0,N,,N,
07:23,THYROCARE,17032,621.0,2.48,2.48,,30.88,9.25,NORMAL,Y,0,0,12.376237623762377,0.0,8.0,1.5,0,0,0,0,0,0,0,0,N,,N,
07:23,BERGEPAINT,404,559.55,2.42,2.42,,32.3,5.0,NORMAL,Y,0,0,12.080168390225984,0.0,8.0,1.5,0,0,0,0,0,0,0,0,N,,N,
07:23,MGL,17534,1152.2,2.34,2.34,,36.79,5.0,NORMAL,Y,0,0,11.724995558713843,0.0,8.0,1.5,0,0,0,0,0,0,0,0,N,,N,
07:23,BLS,17279,277.01,2.34,2.34,,32.04,5.0,NORMAL,Y,0,0,11.711678427605525,0.0,8.0,1.5,0,0,0,0,0,0,0,0,N,,N,
07:23,LENSKART,759605,610.7,2.31,2.31,,32.65,5.0,NORMAL,Y,0,0,11.559725247110126,0.0,8.0,1.5,0,0,0,0,0,0,0,0,N,,N,
07:23,WIPL,20481,170.9,2.22,2.22,,26.1,8.5,NORMAL,Y,0,0,11.09516119385133,0.0,8.0,1.5,0,0,0,0,0,0,0,0,N,,N,
07:23,WELSPUNLIV,11253,168.71,2.11,2.11,,22.03,17.66,NORMAL,Y,0,0,10.530775282938988,0.0,8.0,1.5,0,0,0,0,0,0,0,0,Y,NONRESULTS,N,
07:23,HAVELLS,9819,1296.3,2.07,2.07,,42.87,5.0,NORMAL,Y,0,0,10.354330708661399,0.0,8.0,1.5,0,0,0,0,0,0,0,0,N,,N,
07:23,LGEINDIA,760213,1716.2,8.7,8.7,,33.5,10.99,NORMAL,Y,0,0,15.0,0.0,8.0,1.5,0,0,0,0,0,0,0,0,N,,N,
07:23,SANSERA,5751,3962.1,4.65,4.65,,26.5,14.94,NORMAL,Y,0,0,15.0,0.0,8.0,1.5,0,0,0,0,0,0,0,0,N,,N,
07:23,AETHER,9810,1646.7,4.21,4.21,,38.38,5.0,NORMAL,Y,0,0,15.0,0.0,8.0,1.5,0,0,0,0,0,0,0,0,N,,N,
07:23,MFSL,2142,1562.0,3.28,3.28,,33.5,7.72,NORMAL,Y,0,0,15.0,0.0,8.0,1.5,0,0,0,0,0,0,0,0,N,,N,
07:23,KPRMILL,14912,1105.9,1.95,1.95,,33.72,5.0,NORMAL,Y,0,0,9.772287268369153,0.0,8.0,1.5,0,0,0,0,0,0,0,0,N,,N,
07:23,BHARTIARTL,10604,1995.7,2.92,2.92,,35.96,5.0,NORMAL,Y,0,0,14.594399463668747,0.0,8.0,1.5,0,0,0,0,0,0,0,0,N,,N,
07:23,BAJAJELEC,15034,363.3,1.88,1.88,,26.76,8.5,NORMAL,Y,0,0,9.39427930454289,0.0,8.0,1.5,0,0,0,0,0,0,0,0,N,,N,
07:23,DCMSHRIRAM,811,1026.2,1.6,1.6,,27.91,5.0,NORMAL,Y,0,0,8.019801980198041,0.0,8.0,1.5,0,0,0,0,0,0,0,0,N,,N,
07:23,TATAPOWER,3426,388.8,1.57,1.57,,26.34,6.03,NORMAL,Y,0,0,7.836990595611283,0.0,8.0,1.5,0,0,0,0,0,0,0,0,N,,N,
07:23,AEGISLOG,40,1266.4,1.56,1.56,,19.28,14.78,NORMAL,N,0,0,7.778668805132353,0.0,8.0,1.5,0,0,0,0,0,0,0,0,N,,N,
07:23,BHEL,438,426.35,1.51,1.51,,32.91,5.0,NORMAL,Y,0,0,7.559523809523836,0.0,8.0,1.5,0,0,0,0,0,0,0,0,N,,N,
07:23,RAMCOSYS,7851,604.75,1.51,1.51,,38.57,6.0,NORMAL,N,0,0,7.553503986571549,0.0,8.0,1.5,0,0,0,0,0,0,0,0,N,,N,
07:23,YUKEN,5501,857.8,1.44,1.44,,25.68,9.78,NORMAL,Y,0,0,7.183823094660898,0.0,8.0,1.5,0,0,0,0,0,0,0,0,N,,N,
07:23,ADANIGREEN,3563,1337.9,1.43,1.43,,25.93,5.0,NORMAL,N,0,0,7.16451857467782,0.0,8.0,1.5,0,0,0,0,0,0,0,0,N,,N,
07:23,SHYAMMETL,4693,992.7,1.43,1.43,,25.7,5.63,NORMAL,N,0,0,7.152344947379176,0.0,8.0,1.5,0,0,0,0,0,0,0,0,N,,N,
07:23,RATNAMANI,13451,2353.8,2.43,2.43,,30.83,5.28,NORMAL,N,0,0,12.140992167101867,0.0,8.0,1.5,0,0,0,0,0,0,0,0,N,,N,
07:23,LXCHEM,2841,176.54,1.4,1.4,,33.08,8.5,NORMAL,N,0,0,6.978347021997525,0.0,8.0,1.5,0,0,0,0,0,0,0,0,N,,N,
07:23,HISARMETAL,19322,152.0,1.37,1.37,,18.37,12.0,NORMAL,Y,0,0,6.869414432439649,0.0,8.0,1.5,0,0,0,0,0,0,0,0,N,,N,
07:23,LLOYDSENGG,17801,93.3,2.36,2.36,,27.48,8.71,NORMAL,Y,0,0,11.793746571585253,0.0,8.0,1.5,0,0,0,0,0,0,0,0,N,,N,
07:23,WABAG,20188,1930.0,2.35,2.35,,24.0,12.0,NORMAL,N,0,0,11.77344081459485,0.0,8.0,1.5,0,0,0,0,0,0,0,0,N,,N,
07:23,INOXGREEN,12188,181.0,-3.19,-3.19,,12.12,27.22,NORMAL,N,0,0,0.0,15.0,8.0,1.5,0,0,0,0,0,0,0,0,N,,N,
07:23,HINDCOPPER,17939,527.05,-3.2,-3.2,,16.1,23.5,NORMAL,Y,0,0,0.0,15.0,8.0,1.5,0,0,0,0,0,0,0,0,N,,N,
07:23,HINDZINC,1424,559.6,-3.24,-3.24,,14.44,27.25,NORMAL,N,0,0,0.0,15.0,8.0,1.5,0,0,0,0,0,0,0,0,N,,N,
07:23,RECLTD,15355,335.1,-3.29,-3.29,,14.05,27.13,NORMAL,N,0,0,0.0,15.0,8.0,1.5,0,0,0,0,0,0,0,0,N,,N,
07:23,EPACKPEB,759251,228.75,-4.11,-4.11,,11.5,32.13,NORMAL,N,0,0,0.0,15.0,8.0,1.5,0,0,0,0,0,0,0,0,N,,N,
07:23,ABDL,24308,601.35,-4.2,-4.2,,13.73,27.0,NORMAL,N,0,0,0.0,15.0,8.0,1.5,0,0,0,0,0,0,0,0,N,,N,
07:23,RELAXO,24225,400.85,-4.43,-4.43,,11.63,28.18,NORMAL,N,0,0,0.0,15.0,8.0,1.5,0,0,0,0,0,0,0,0,N,,N,
07:23,TMPV,3456,332.9,-4.78,-4.78,,15.23,23.63,NORMAL,N,0,0,0.0,15.0,8.0,1.5,0,0,0,0,0,0,0,0,N,,N,
07:23,TIMETECHNO,14707,192.95,-5.44,-5.44,,11.5,28.57,NORMAL,N,0,0,0.0,15.0,8.0,1.5,0,0,0,0,0,0,0,0,N,,N,
07:23,NARMADA,6364,378.7,-5.44,-5.44,,11.64,27.0,NORMAL,Y,0,0,0.0,15.0,8.0,1.5,0,0,0,0,0,0,0,0,N,,N,
07:23,MIDHANI,2463,419.25,-5.75,-5.75,,11.62,27.32,NORMAL,Y,0,0,0.0,15.0,8.0,1.5,0,0,0,0,0,0,0,0,N,,N,
07:23,GOCLCORP,3963,405.05,-6.0,-6.0,,11.5,37.36,NORMAL,N,0,0,0.0,15.0,8.0,1.5,0,0,0,0,0,0,0,0,N,,N,
07:23,GPIL,13409,236.23,-2.91,-2.91,,15.0,34.18,NORMAL,N,0,0,0.0,14.5493403477046,8.0,1.5,0,0,0,0,0,0,0,0,N,,N,
07:23,JKPAPER,11860,382.15,-2.9,-2.9,,24.06,22.98,NORMAL,N,0,0,0.0,14.4835471985771,8.0,1.5,0,0,0,0,0,0,0,0,N,,N,
07:23,RAJRATAN,18962,515.55,-2.7,-2.7,,11.5,27.61,NORMAL,Y,0,0,0.0,13.494385203359505,8.0,1.5,0,0,0,0,0,0,0,0,N,,N,
07:23,VIPIND,3703,299.6,-2.63,-2.63,,11.52,26.81,NORMAL,N,0,0,0.0,13.162170945726302,8.0,1.5,0,0,0,0,0,0,0,0,N,,N,
07:23,RHIM,31163,381.45,-2.6,-2.6,,13.04,25.23,NORMAL,N,0,0,0.0,13.021830716200675,8.0,1.5,0,0,0,0,0,0,0,0,N,,N,
07:23,REDINGTON,14255,337.05,-2.59,-2.59,,11.72,27.2,NORMAL,Y,0,0,0.0,12.933526011560676,8.0,1.5,0,0,0,0,0,0,0,0,N,,N,
07:23,RAINBOW,9408,1417.4,-2.45,-2.45,,14.88,24.25,NORMAL,N,0,0,0.0,12.250516173434244,8.0,1.5,0,0,0,0,0,0,0,0,N,,N,
07:23,NELCO,2388,1022.5,-2.39,-2.39,,14.89,24.09,NORMAL,Y,0,0,0.0,11.933174224343675,8.0,1.5,0,0,0,0,0,0,0,0,N,,N,
07:23,SPARC,14788,199.6,-2.29,-2.29,,11.5,25.96,NORMAL,N,0,0,0.0,11.454865870374011,8.0,1.5,0,0,0,0,0,0,0,0,N,,N,
07:23,LTF,24948,308.2,-2.27,-2.27,,11.5,24.52,NORMAL,N,0,0,0.0,11.336610115744465,8.0,1.5,0,0,0,0,0,0,0,0,N,,N,
07:23,LUXIND,11301,1182.4,-2.22,-2.22,,13.65,23.12,NORMAL,N,0,0,0.0,11.122136773339893,8.0,1.5,0,0,0,0,0,0,0,0,N,,N,
07:23,OIL,17438,469.2,-2.21,-2.21,,11.53,24.72,NORMAL,Y,0,0,0.0,11.046269278866216,8.0,1.5,0,0,0,0,0,0,0,0,N,,N,
07:23,SHALBY,714,152.78,-2.16,-2.16,,11.5,23.41,NORMAL,N,0,0,0.0,10.790906179955186,8.0,1.5,0,0,0,0,0,0,0,0,N,,N,
07:23,JMFINANCIL,13637,126.59,-2.15,-2.15,,12.43,22.97,NORMAL,Y,0,0,0.0,10.744376594264516,8.0,1.5,0,0,0,0,0,0,0,0,N,,N,
07:23,YATRA,18760,113.62,-2.14,-2.14,,29.67,22.72,NORMAL,Y,0,0,0.0,10.722590646800427,8.0,1.5,0,0,0,0,0,0,0,0,N,,N,
07:23,PTC,11355,161.34,-2.1,-2.1,,15.0,19.22,NORMAL,N,0,0,0.0,10.497572815534003,8.0,1.5,0,0,0,0,0,0,0,0,N,,N,
07:23,IPCALAB,1633,1735.7,-3.37,-3.37,,11.5,28.07,NORMAL,N,0,0,0.0,15.0,8.0,1.5,0,0,0,0,0,0,0,0,N,,N,
07:23,JAMNAAUTO,20778,124.15,-2.0,-2.0,,11.64,22.7,NORMAL,N,0,0,0.0,9.985790969371648,8.0,1.5,0,0,0,0,0,0,0,0,N,,N,
07:23,SURYODAY,2970,153.3,-1.98,-1.98,,11.5,22.21,NORMAL,N,0,0,0.0,9.87914828313823,8.0,1.5,0,0,0,0,0,0,0,0,N,,N,
07:23,VAIBHAVGBL,11364,228.9,-1.93,-1.93,,13.58,21.64,NORMAL,N,0,0,0.0,9.640102827763496,8.0,1.5,0,0,0,0,0,0,0,0,N,,N,
07:23,JTEKTINDIA,3237,130.78,-1.91,-1.91,,25.57,18.03,NORMAL,N,0,0,0.0,9.525952595259497,8.0,1.5,0,0,0,0,0,0,0,0,N,,N,
07:23,MOIL,20830,274.3,-1.9,-1.9,,15.03,21.58,NORMAL,N,0,0,0.0,9.47782546494995,8.0,1.5,0,0,0,0,0,0,0,0,N,,N,
07:23,ENDURANCE,18822,2890.0,-2.87,-2.87,,11.5,28.79,NORMAL,Y,0,0,0.0,14.334688938930558,8.0,1.5,0,0,0,0,0,0,0,0,N,,N,
07:23,TEXRAIL,21828,105.1,-1.86,-1.86,,11.5,26.57,NORMAL,N,0,0,0.0,9.291250350172795,8.0,1.5,0,0,0,0,0,0,0,0,N,,N,
07:23,JIOFIN,18143,250.9,-1.84,-1.84,,12.76,21.24,NORMAL,Y,0,0,0.0,9.194053208137694,8.0,1.5,0,0,0,0,0,0,0,0,N,,N,
07:23,RUPA,25724,151.1,-1.8,-1.8,,11.5,23.63,NORMAL,N,0,0,0.0,9.001104828751577,8.0,1.5,0,0,0,0,0,0,0,0,N,,N,
07:23,XCHANGING,11705,63.9,-2.8,-2.8,,15.0,28.15,NORMAL,N,0,0,0.0,13.994523881959205,8.0,1.5,0,0,0,0,0,0,0,0,N,,N,
07:23,SOUTHWEST,9678,219.3,-1.8,-1.8,,13.02,21.09,NORMAL,N,0,0,0.0,8.97854999776094,8.0,1.5,0,0,0,0,0,0,0,0,N,,N,
07:23,TITAGARH,15414,835.8,-1.76,-1.76,,12.12,20.79,NORMAL,N,0,0,0.0,8.786364972083481,8.0,1.5,0,0,0,0,0,0,0,0,N,,N,
07:23,ZUARIIND,3827,254.5,-1.76,-1.76,,15.1,18.08,NORMAL,N,0,0,0.0,8.782088399922815,8.0,1.5,0,0,0,0,0,0,0,0,N,,N,
07:23,UNICHEMLAB,3579,533.0,-1.73,-1.73,,11.5,26.78,NORMAL,N,0,0,0.0,8.66519174041296,8.0,1.5,0,0,0,0,0,0,0,0,N,,N,
07:23,POONAWALLA,11403,494.0,-1.73,-1.73,,12.69,20.75,NORMAL,Y,0,0,0.0,8.653272329421116,8.0,1.5,0,0,0,0,0,0,0,0,N,,N,
07:23,MRPL,2283,171.43,-1.69,-1.69,,11.5,20.99,NORMAL,Y,0,0,0.0,8.458538823259516,8.0,1.5,0,0,0,0,0,0,0,0,N,,N,
07:23,SYMPHONY,24190,620.75,-1.66,-1.66,,11.5,25.02,NORMAL,N,0,0,0.0,8.316831683168317,8.0,1.5,0,0,0,0,0,0,0,0,N,,N,
07:23,ONGC,2475,235.96,-1.64,-1.64,,11.5,21.24,NORMAL,N,0,0,0.0,8.211754897874112,8.0,1.5,0,0,0,0,0,0,0,0,N,,N,
07:23,ROUTE,128,506.2,-1.63,-1.63,,11.54,20.38,NORMAL,N,0,0,0.0,8.16167897396039,8.0,1.5,0,0,0,0,0,0,0,0,N,,N,
07:23,SHIVALIK,7026,256.0,-1.63,-1.63,,11.74,20.15,NORMAL,Y,0,0,0.0,8.146326467875824,8.0,1.5,0,0,0,0,0,0,0,0,N,,N,
07:23,NIACL,399,177.72,-1.62,-1.62,,16.54,20.15,NORMAL,Y,0,0,0.0,8.109604207030188,8.0,1.5,0,0,0,0,0,0,0,0,N,,N,
07:23,KRBL,10577,387.25,3.99,3.99,,26.5,14.48,NORMAL,Y,0,0,15.0,0.0,8.0,1.5,0,0,0,0,0,0,0,0,N,,N,
07:23,DEVYANI,5373,143.19,3.38,3.38,,26.55,12.47,NORMAL,Y,0,0,15.0,0.0,8.0,1.5,0,0,0,0,0,0,0,0,N,,N,
07:23,JUBLFOOD,18096,507.35,3.21,3.21,,28.05,12.33,NORMAL,Y,0,0,15.0,0.0,8.0,1.5,0,0,0,0,0,0,0,0,N,,N,
07:23,THYROCARE,17032,621.0,2.48,2.48,,30.88,9.25,NORMAL,Y,0,0,12.376237623762377,0.0,8.0,1.5,0,0,0,0,0,0,0,0,N,,N,
07:23,WELSPUNLIV,11253,168.71,2.11,2.11,,22.03,21.66,NORMAL,Y,0,0,10.530775282938988,0.0,8.0,1.5,0,0,0,0,0,0,0,0,Y,NONRESULTS,N,
07:34,HALDER,760715,303.15,10.2,10.2,,54.5,5.0,NORMAL,Y,0,0,15.0,0.0,8.0,1.5,0,0,0,0,0,0,0,0,N,,N,
07:34,HAPPSTMNDS,48,417.15,6.96,6.96,,33.5,12.35,NORMAL,Y,0,0,15.0,0.0,8.0,1.5,0,0,0,0,0,0,0,0,N,,N,
07:34,ELGIEQUIP,937,612.35,6.39,6.39,,33.5,12.41,NORMAL,Y,0,0,15.0,0.0,8.0,1.5,0,0,0,0,0,0,0,0,N,,Y,NONRESULTS
07:34,RGL,15129,117.08,6.3,6.3,,32.23,12.0,NORMAL,N,0,0,15.0,0.0,8.0,1.5,0,0,0,0,0,0,0,0,N,,N,
07:34,ZEEL,3812,102.36,4.96,4.96,,33.5,6.66,NORMAL,Y,0,0,15.0,0.0,8.0,1.5,0,0,0,0,0,0,0,0,N,,N,
07:34,PRAJIND,2705,337.5,4.96,4.96,,35.68,12.0,NORMAL,Y,0,0,15.0,0.0,8.0,1.5,0,0,0,0,0,0,0,0,N,,N,
07:34,TRIVENI,13081,261.06,4.49,4.49,,26.5,14.51,NORMAL,Y,0,0,15.0,0.0,8.0,1.5,0,0,0,0,0,0,0,0,N,,N,
07:34,ASAHIINDIA,5378,939.15,4.23,4.23,,34.64,5.0,NORMAL,Y,0,0,15.0,0.0,8.0,1.5,0,0,0,0,0,0,0,0,N,,N,
07:34,KRBL,10577,387.7,4.11,4.11,,26.5,14.03,NORMAL,Y,0,0,15.0,0.0,8.0,1.5,0,0,0,0,0,0,0,0,N,,N,
07:34,BATAINDIA,371,756.5,3.96,3.96,,34.71,8.5,NORMAL,Y,0,0,15.0,0.0,8.0,1.5,0,0,0,0,0,0,0,0,N,,N,
07:34,MSTCLTD,9356,601.0,3.5,3.5,,33.5,8.56,NORMAL,N,0,0,15.0,0.0,8.0,1.5,0,0,0,0,0,0,0,0,N,,N,
07:34,DEVYANI,5373,143.05,3.28,3.28,,26.5,12.19,NORMAL,Y,0,0,15.0,0.0,8.0,1.5,0,0,0,0,0,0,0,0,N,,N,
07:34,JUBLFOOD,18096,507.3,3.2,3.2,,26.5,14.83,NORMAL,Y,0,0,15.0,0.0,8.0,1.5,0,0,0,0,0,0,0,0,N,,N,
07:34,SANDHAR,2397,646.45,3.18,3.18,,36.9,5.0,NORMAL,Y,0,0,15.0,0.0,8.0,1.5,0,0,0,0,0,0,0,0,N,,N,
07:34,SHREEPUSHK,10588,381.55,3.12,3.12,,33.5,11.91,NORMAL,N,0,0,15.0,0.0,8.0,1.5,0,0,0,0,0,0,0,0,N,,N,
07:34,MARKSANS,10579,322.35,3.12,3.12,,42.16,5.0,NORMAL,Y,0,0,15.0,0.0,8.0,1.5,0,0,0,0,0,0,0,0,N,,N,
07:34,PARAS,5911,1382.6,3.01,3.01,,30.08,13.95,NORMAL,Y,0,0,15.0,0.0,8.0,1.5,0,0,0,0,0,0,0,0,N,,N,
07:34,HEG,1336,707.0,2.91,2.91,,40.44,5.0,NORMAL,Y,0,0,14.556040756914118,0.0,8.0,1.5,0,0,0,0,0,0,0,0,N,,N,
07:34,SHARDAMOTR,10530,907.0,2.84,2.84,,34.49,8.5,NORMAL,Y,0,0,14.201485344974179,0.0,8.0,1.5,0,0,0,0,0,0,0,0,N,,N,
07:34,VOLTAS,3718,1326.0,2.83,2.83,,32.65,19.62,NORMAL,Y,0,0,14.152772392400154,0.0,8.0,1.5,0,0,0,0,0,0,0,0,N,,N,
07:34,PRICOLLTD,19631,785.55,2.69,2.69,,32.44,8.71,NORMAL,Y,0,0,13.431372549019578,0.0,8.0,1.5,0,0,0,0,0,0,0,0,N,,N,
07:34,LENSKART,759605,612.8,2.66,2.66,,39.23,5.0,NORMAL,Y,0,0,13.318813871670278,0.0,8.0,1.5,0,0,0,0,0,0,0,0,N,,N,
07:34,THYROCARE,17032,621.9,2.62,2.62,,31.62,5.37,NORMAL,Y,0,0,13.1188118811881,0.0,8.0,1.5,0,0,0,0,0,0,0,0,N,,N,
07:34,GNFC,1174,564.15,2.5,2.5,,30.99,6.4,NORMAL,Y,0,0,12.49091569767442,0.0,8.0,1.5,0,0,0,0,0,0,0,0,N,,N,
07:34,HAVELLS,9819,1300.7,2.42,2.42,,37.92,5.0,NORMAL,Y,0,0,12.086614173228364,0.0,8.0,1.5,0,0,0,0,0,0,0,0,N,,N,
07:34,BLS,17279,277.0,2.34,2.34,,32.44,5.0,NORMAL,Y,0,0,11.693205748697645,0.0,8.0,1.5,0,0,0,0,0,0,0,0,N,,N,
07:34,BERGEPAINT,404,558.95,2.31,2.31,,30.03,9.93,NORMAL,Y,0,0,11.531069827033972,0.0,8.0,1.5,0,0,0,0,0,0,0,0,N,,N,
07:34,WIPL,20481,170.9,2.22,2.22,,26.1,8.5,NORMAL,Y,0,0,11.09516119385133,0.0,8.0,1.5,0,0,0,0,0,0,0,0,N,,N,
07:34,WELSPUNLIV,11253,168.8,2.16,2.16,,25.4,12.11,NORMAL,Y,0,0,10.803122919566729,0.0,8.0,1.5,0,0,0,0,0,0,0,0,Y,NONRESULTS,N,
07:34,LGEINDIA,760213,1715.5,8.66,8.66,,33.5,12.02,NORMAL,Y,0,0,15.0,0.0,8.0,1.5,0,0,0,0,0,0,0,0,N,,N,
07:34,SANSERA,5751,3969.4,4.84,4.84,,30.35,10.6,NORMAL,Y,0,0,15.0,0.0,8.0,1.5,0,0,0,0,0,0,0,0,N,,N,
07:34,AETHER,9810,1646.0,4.17,4.17,,33.67,5.08,NORMAL,Y,0,0,15.0,0.0,8.0,1.5,0,0,0,0,0,0,0,0,N,,N,
07:34,MFSL,2142,1560.8,3.2,3.2,,33.5,7.01,NORMAL,Y,0,0,15.0,0.0,8.0,1.5,0,0,0,0,0,0,0,0,N,,N,
07:34,KPRMILL,14912,1106.2,1.98,1.98,,30.57,5.0,NORMAL,Y,0,0,9.91057435235549,0.0,8.0,1.5,0,0,0,0,0,0,0,0,N,,N,
07:34,BAJAJELEC,15034,363.5,1.93,1.93,,32.18,5.0,NORMAL,Y,0,0,9.674705552439676,0.0,8.0,1.5,0,0,0,0,0,0,0,0,N,,N,
07:34,BHARTIARTL,10604,1995.9,2.93,2.93,,33.49,5.47,NORMAL,Y,0,0,14.645969779794799,0.0,8.0,1.5,0,0,0,0,0,0,0,0,N,,N,
07:34,MGL,17534,1146.3,1.82,1.82,,20.68,20.49,NORMAL,Y,0,0,9.10463670278913,0.0,8.0,1.5,0,0,0,0,0,0,0,0,N,,N,
07:34,RAMCOCEM,2043,925.25,1.81,1.81,,24.19,26.5,NORMAL,N,0,0,9.050396126760587,0.0,8.0,1.5,0,0,0,0,0,0,0,0,N,,N,
07:34,YUKEN,5501,860.95,1.81,1.81,,33.49,5.08,NORMAL,Y,0,0,9.046295748832298,0.0,8.0,1.5,0,0,0,0,0,0,0,0,N,,N,
07:34,AEGISLOG,40,1269.4,1.8,1.8,,21.76,12.06,NORMAL,N,0,0,8.981555733761063,0.0,8.0,1.5,0,0,0,0,0,0,0,0,N,,N,
07:34,SHYAMMETL,4693,994.8,1.65,1.65,,28.14,5.0,NORMAL,N,0,0,8.225196689486005,0.0,8.0,1.5,0,0,0,0,0,0,0,0,N,,N,
07:34,FINCABLES,1038,1268.8,1.56,1.56,,32.65,5.0,NORMAL,Y,0,0,7.804370447450573,0.0,8.0,1.5,0,0,0,0,0,0,0,0,N,,N,
07:34,BHEL,438,426.1,1.45,1.45,,26.0,7.8,NORMAL,Y,0,0,7.261904761904789,0.0,8.0,1.5,0,0,0,0,0,0,0,0,N,,N,
07:34,LLOYDSENGG,17801,93.37,2.44,2.44,,31.3,8.5,NORMAL,Y,0,0,12.177729018102024,0.0,8.0,1.5,0,0,0,0,0,0,0,0,N,,N,
07:34,LXCHEM,2841,176.53,1.39,1.39,,28.32,8.5,NORMAL,N,0,0,6.949629544540771,0.0,8.0,1.5,0,0,0,0,0,0,0,0,N,,N,
07:34,HISARMETAL,19322,152.0,1.37,1.37,,18.37,12.0,NORMAL,Y,0,0,6.869414432439649,0.0,8.0,1.5,0,0,0,0,0,0,0,0,N,,N,
07:34,MAXESTATES,19646,445.5,1.35,1.35,,36.99,5.0,NORMAL,Y,0,0,6.768285746786473,0.0,8.0,1.5,0,0,0,0,0,0,0,0,N,,N,
07:34,ADANIGREEN,3563,1336.7,1.34,1.34,,25.61,5.0,NORMAL,N,0,0,6.709628506444293,0.0,8.0,1.5,0,0,0,0,0,0,0,0,N,,N,
07:34,RALLIS,2816,215.77,1.33,1.33,,31.62,5.0,NORMAL,N,0,0,6.645064337372058,0.0,8.0,1.5,0,0,0,0,0,0,0,0,N,,N,
07:34,RATNAMANI,13451,2351.5,2.33,2.33,,30.51,5.21,NORMAL,N,0,0,11.640557006092253,0.0,8.0,1.5,0,0,0,0,0,0,0,0,N,,N,
07:34,HINDZINC,1424,560.3,-3.12,-3.12,,12.05,27.0,NORMAL,N,0,0,0.0,15.0,8.0,1.5,0,0,0,0,0,0,0,0,N,,N,
07:34,RECLTD,15355,335.3,-3.23,-3.23,,11.64,28.14,NORMAL,N,0,0,0.0,15.0,8.0,1.5,0,0,0,0,0,0,0,0,N,,N,
07:34,INOXGREEN,12188,180.78,-3.31,-3.31,,17.98,27.11,NORMAL,N,0,0,0.0,15.0,8.0,1.5,0,0,0,0,0,0,0,0,N,,N,
07:34,HINDCOPPER,17939,526.4,-3.32,-3.32,,15.08,23.75,NORMAL,Y,0,0,0.0,15.0,8.0,1.5,0,0,0,0,0,0,0,0,N,,N,
07:34,ABDL,24308,603.3,-3.89,-3.89,,18.13,27.0,NORMAL,N,0,0,0.0,15.0,8.0,1.5,0,0,0,0,0,0,0,0,N,,N,
07:34,EPACKPEB,759251,228.3,-4.3,-4.3,,14.36,27.25,NORMAL,N,0,0,0.0,15.0,8.0,1.5,0,0,0,0,0,0,0,0,N,,N,
07:34,RELAXO,24225,400.95,-4.41,-4.41,,11.5,27.06,NORMAL,N,0,0,0.0,15.0,8.0,1.5,0,0,0,0,0,0,0,0,N,,N,
07:34,TMPV,3456,333.15,-4.71,-4.71,,18.84,20.0,NORMAL,N,0,0,0.0,15.0,8.0,1.5,0,0,0,0,0,0,0,0,N,,N,
07:34,TIMETECHNO,14707,193.17,-5.33,-5.33,,11.51,27.42,NORMAL,N,0,0,0.0,15.0,8.0,1.5,0,0,0,0,0,0,0,0,N,,N,
07:34,NARMADA,6364,378.5,-5.49,-5.49,,11.52,29.2,NORMAL,Y,0,0,0.0,15.0,8.0,1.5,0,0,0,0,0,0,0,0,N,,N,
07:34,MIDHANI,2463,419.75,-5.64,-5.64,,12.72,27.0,NORMAL,Y,0,0,0.0,15.0,8.0,1.5,0,0,0,0,0,0,0,0,N,,N,
07:34,GOCLCORP,3963,405.5,-5.89,-5.89,,11.5,28.2,NORMAL,N,0,0,0.0,15.0,8.0,1.5,0,0,0,0,0,0,0,0,N,,N,
07:34,JKPAPER,11860,382.3,-2.86,-2.86,,25.37,22.79,NORMAL,N,0,0,0.0,14.292974209122093,8.0,1.5,0,0,0,0,0,0,0,0,N,,N,
07:34,RAJRATAN,18962,515.1,-2.78,-2.78,,12.2,25.95,NORMAL,Y,0,0,0.0,13.919033688779843,8.0,1.5,0,0,0,0,0,0,0,0,N,,N,
07:34,VIPIND,3703,299.2,-2.76,-2.76,,11.5,29.25,NORMAL,N,0,0,0.0,13.812154696132596,8.0,1.5,0,0,0,0,0,0,0,0,N,,N,
07:34,RHIM,31163,381.3,-2.64,-2.64,,12.59,25.21,NORMAL,N,0,0,0.0,13.21332822673301,8.0,1.5,0,0,0,0,0,0,0,0,N,,N,
07:34,REDINGTON,14255,337.0,-2.6,-2.6,,11.63,29.81,NORMAL,Y,0,0,0.0,13.00578034682081,8.0,1.5,0,0,0,0,0,0,0,0,N,,N,
07:34,LTF,24948,307.4,-2.52,-2.52,,11.5,28.18,NORMAL,N,0,0,0.0,12.605042016806793,8.0,1.5,0,0,0,0,0,0,0,0,N,,N,
07:34,SPARC,14788,199.2,-2.49,-2.49,,11.5,29.42,NORMAL,N,0,0,0.0,12.433914235363257,8.0,1.5,0,0,0,0,0,0,0,0,N,,N,
07:34,OIL,17438,468.95,-2.26,-2.26,,11.5,25.36,NORMAL,Y,0,0,0.0,11.306794497707402,8.0,1.5,0,0,0,0,0,0,0,0,N,,N,
07:34,LUXIND,11301,1182.0,-2.26,-2.26,,14.78,23.37,NORMAL,N,0,0,0.0,11.287521706772493,8.0,1.5,0,0,0,0,0,0,0,0,N,,N,
07:34,SHALBY,714,152.67,-2.23,-2.23,,13.24,23.29,NORMAL,N,0,0,0.0,11.143131604226763,8.0,1.5,0,0,0,0,0,0,0,0,N,,N,
07:34,GPIL,13409,238.02,-2.17,-2.17,,24.87,15.87,NORMAL,N,0,0,0.0,10.870905429287722,8.0,1.5,0,0,0,0,0,0,0,0,N,,N,
07:34,NELCO,2388,1025.0,-2.15,-2.15,,16.0,22.74,NORMAL,Y,0,0,0.0,10.739856801909307,8.0,1.5,0,0,0,0,0,0,0,0,N,,N,
07:34,PTC,11355,161.29,-2.13,-2.13,,15.84,19.16,NORMAL,N,0,0,0.0,10.64927184466025,8.0,1.5,0,0,0,0,0,0,0,0,N,,N,
07:34,SURYODAY,2970,153.11,-2.1,-2.1,,12.18,22.53,NORMAL,N,0,0,0.0,10.48660400281339,8.0,1.5,0,0,0,0,0,0,0,0,N,,N,
07:34,JMFINANCIL,13637,126.67,-2.09,-2.09,,15.9,22.44,NORMAL,Y,0,0,0.0,10.435185900904393,8.0,1.5,0,0,0,0,0,0,0,0,N,,N,
07:34,RAINBOW,9408,1422.8,-2.08,-2.08,,29.93,18.89,NORMAL,N,0,0,0.0,10.392291810048192,8.0,1.5,0,0,0,0,0,0,0,0,N,,N,
07:34,TITAGARH,15414,833.7,-2.0,-2.0,,11.94,22.28,NORMAL,N,0,0,0.0,10.0205700852189,8.0,1.5,0,0,0,0,0,0,0,0,N,,N,
07:34,IPCALAB,1633,1733.0,-3.52,-3.52,,11.5,28.97,NORMAL,N,0,0,0.0,15.0,8.0,1.5,0,0,0,0,0,0,0,0,N,,N,
07:34,JAMNAAUTO,20778,124.16,-1.99,-1.99,,15.07,21.95,NORMAL,N,0,0,0.0,9.946321439848477,8.0,1.5,0,0,0,0,0,0,0,0,N,,N,
07:34,ZUARIIND,3827,254.1,-1.91,-1.91,,11.5,23.17,NORMAL,N,0,0,0.0,9.554140127388568,8.0,1.5,0,0,0,0,0,0,0,0,N,,N,
07:34,TEXRAIL,21828,105.06,-1.9,-1.9,,11.5,22.38,NORMAL,N,0,0,0.0,9.478009151181253,8.0,1.5,0,0,0,0,0,0,0,0,N,,N,
07:34,RUPA,25724,150.98,-1.88,-1.88,,11.5,25.11,NORMAL,N,0,0,0.0,9.391044388119889,8.0,1.5,0,0,0,0,0,0,0,0,N,,N,
07:34,ENDURANCE,18822,2890.0,-2.87,-2.87,,11.81,26.35,NORMAL,Y,0,0,0.0,14.334688938930558,8.0,1.5,0,0,0,0,0,0,0,0,N,,N,
07:34,VAIBHAVGBL,11364,229.05,-1.86,-1.86,,13.94,21.32,NORMAL,N,0,0,0.0,9.318766066838034,8.0,1.5,0,0,0,0,0,0,0,0,N,,N,
07:34,MOIL,20830,274.4,-1.86,-1.86,,14.17,21.3,NORMAL,N,0,0,0.0,9.298998569384915,8.0,1.5,0,0,0,0,0,0,0,0,N,,N,
07:34,JIOFIN,18143,250.85,-1.86,-1.86,,11.52,24.07,NORMAL,Y,0,0,0.0,9.29186228482003,8.0,1.5,0,0,0,0,0,0,0,0,N,,N,
07:34,TVSSCS,18151,125.2,-1.83,-1.83,,11.5,39.42,NORMAL,N,0,0,0.0,9.173592598400514,8.0,1.5,0,0,0,0,0,0,0,0,N,,N,
07:34,XCHANGING,11705,63.88,-2.83,-2.83,,15.03,22.72,NORMAL,N,0,0,0.0,14.146638271980471,8.0,1.5,0,0,0,0,0,0,0,0,N,,N,
07:34,UNICHEMLAB,3579,532.65,-1.8,-1.8,,11.5,25.06,NORMAL,N,0,0,0.0,8.987831858407079,8.0,1.5,0,0,0,0,0,0,0,0,N,,N,
07:34,YATRA,18760,114.04,-1.78,-1.78,,33.74,17.41,NORMAL,Y,0,0,0.0,8.913960899147332,8.0,1.5,0,0,0,0,0,0,0,0,N,,N,
07:34,MRPL,2283,171.3,-1.77,-1.77,,13.46,20.83,NORMAL,Y,0,0,0.0,8.831287991742126,8.0,1.5,0,0,0,0,0,0,0,0,N,,N,
07:34,SOUTHWEST,9678,219.41,-1.75,-1.75,,13.23,20.73,NORMAL,N,0,0,0.0,8.732255608794963,8.0,1.5,0,0,0,0,0,0,0,0,N,,N,
07:34,POONAWALLA,11403,493.95,-1.74,-1.74,,11.56,23.75,NORMAL,Y,0,0,0.0,8.703003779590214,8.0,1.5,0,0,0,0,0,0,0,0,N,,N,
07:34,NTPC,11630,338.35,-1.71,-1.71,,11.7,20.84,NORMAL,N,0,0,0.0,8.569353667392848,8.0,1.5,0,0,0,0,0,0,0,0,N,,N,
07:34,ZYDUSLIFE,7929,1147.5,-1.7,-1.7,,11.5,25.29,NORMAL,Y,0,0,0.0,8.481110254433288,8.0,1.5,0,0,0,0,0,0,0,0,N,,N,
07:34,MUNJALAU,13511,117.36,-1.68,-1.68,,14.42,20.45,NORMAL,Y,0,0,0.0,8.419200804222188,8.0,1.5,0,0,0,0,0,0,0,0,N,,N,
07:34,EXIDEIND,676,477.4,-1.67,-1.67,,11.5,26.1,NORMAL,Y,0,0,0.0,8.341915550978397,8.0,1.5,0,0,0,0,0,0,0,0,N,,N,
07:34,ANGELONE,324,287.2,-1.64,-1.64,,11.52,23.04,NORMAL,N,0,0,0.0,8.2191780821918,8.0,1.5,0,0,0,0,0,0,0,0,N,,N,
07:34,TRIVENI,13081,261.06,4.49,4.49,,26.5,14.63,NORMAL,Y,0,0,15.0,0.0,8.0,1.5,0,0,0,0,0,0,0,0,N,,N,
07:34,KRBL,10577,387.7,4.11,4.11,,26.5,12.37,NORMAL,Y,0,0,15.0,0.0,8.0,1.5,0,0,0,0,0,0,0,0,N,,N,
07:34,HEG,1336,707.0,2.91,2.91,,40.22,5.0,NORMAL,Y,0,0,14.556040756914118,0.0,8.0,1.5,0,0,0,0,0,0,0,0,N,,N,
07:34,LENSKART,759605,612.8,2.66,2.66,,39.23,5.0,NORMAL,Y,0,0,13.318813871670278,0.0,8.0,1.5,0,0,0,0,0,0,0,0,N,,N,
07:34,BERGEPAINT,404,558.95,2.31,2.31,,30.03,7.63,NORMAL,Y,0,0,11.531069827033972,0.0,8.0,1.5,0,0,0,0,0,0,0,0,N,,N,
07:49,HALDER,760715,300.0,9.06,9.06,,52.96,5.0,NORMAL,Y,0,0,15.0,0.0,8.0,1.5,0,0,0,0,0,0,0,0,N,,N,
07:49,HAPPSTMNDS,48,417.3,7.0,7.0,,33.5,8.15,NORMAL,Y,0,0,15.0,0.0,8.0,1.5,0,0,0,0,0,0,0,0,N,,N,
07:49,ELGIEQUIP,937,613.25,6.55,6.55,,34.07,9.05,NORMAL,Y,0,0,15.0,0.0,8.0,1.5,0,0,0,0,0,0,0,0,N,,Y,NONRESULTS
07:49,RGL,15129,117.3,6.5,6.5,,28.27,12.0,NORMAL,N,0,0,15.0,0.0,8.0,1.5,0,0,0,0,0,0,0,0,N,,N,
07:49,ZEEL,3812,102.39,4.99,4.99,,46.0,5.29,NORMAL,Y,0,0,15.0,0.0,8.0,1.5,0,0,0,0,0,0,0,0,N,,N,
07:49,PRAJIND,2705,337.25,4.88,4.88,,27.51,12.28,NORMAL,Y,0,0,15.0,0.0,8.0,1.5,0,0,0,0,0,0,0,0,N,,N,
07:49,TRIVENI,13081,261.47,4.65,4.65,,29.48,12.0,NORMAL,N,0,0,15.0,0.0,8.0,1.5,0,0,0,0,0,0,0,0,N,,N,
07:49,BATAINDIA,371,758.6,4.25,4.25,,36.44,5.0,NORMAL,Y,0,0,15.0,0.0,8.0,1.5,0,0,0,0,0,0,0,0,N,,N,
07:49,ASAHIINDIA,5378,938.35,4.15,4.15,,32.28,8.59,NORMAL,Y,0,0,15.0,0.0,8.0,1.5,0,0,0,0,0,0,0,0,N,,N,
07:49,KRBL,10577,387.8,4.14,4.14,,26.5,16.9,NORMAL,Y,0,0,15.0,0.0,8.0,1.5,0,0,0,0,0,0,0,0,N,,N,
07:49,PARAS,5911,1393.0,3.78,3.78,,46.56,5.0,NORMAL,Y,0,0,15.0,0.0,8.0,1.5,0,0,0,0,0,0,0,0,N,,N,
07:49,MARKSANS,10579,323.8,3.58,3.58,,51.95,5.0,NORMAL,Y,0,0,15.0,0.0,8.0,1.5,0,0,0,0,0,0,0,0,N,,N,
07:49,MSTCLTD,9356,600.5,3.41,3.41,,33.5,6.96,NORMAL,N,0,0,15.0,0.0,8.0,1.5,0,0,0,0,0,0,0,0,N,,N,
07:49,DEVYANI,5373,143.14,3.34,3.34,,26.57,14.33,NORMAL,Y,0,0,15.0,0.0,8.0,1.5,0,0,0,0,0,0,0,0,N,,N,
07:49,SANDHAR,2397,647.15,3.3,3.3,,35.4,5.0,NORMAL,Y,0,0,15.0,0.0,8.0,1.5,0,0,0,0,0,0,0,0,N,,N,
07:49,SHREEPUSHK,10588,381.85,3.2,3.2,,34.04,5.0,NORMAL,N,0,0,15.0,0.0,8.0,1.5,0,0,0,0,0,0,0,0,N,,N,
07:49,SHARDAMOTR,10530,908.7,3.03,3.03,,45.2,5.0,NORMAL,Y,0,0,15.0,0.0,8.0,1.5,0,0,0,0,0,0,0,0,N,,N,
07:49,JUBLFOOD,18096,506.45,3.03,3.03,,26.5,16.83,NORMAL,Y,0,0,15.0,0.0,8.0,1.5,0,0,0,0,0,0,0,0,N,,N,
07:49,PRICOLLTD,19631,788.05,3.01,3.01,,33.5,6.68,NORMAL,Y,0,0,15.0,0.0,8.0,1.5,0,0,0,0,0,0,0,0,N,,N,
07:49,HEG,1336,706.1,2.78,2.78,,33.05,5.22,NORMAL,Y,0,0,13.901018922852998,0.0,8.0,1.5,0,0,0,0,0,0,0,0,N,,N,
07:49,LENSKART,759605,613.2,2.73,2.73,,32.64,5.17,NORMAL,Y,0,0,13.653878371586588,0.0,8.0,1.5,0,0,0,0,0,0,0,0,N,,N,
07:49,THYROCARE,17032,622.3,2.69,2.69,,32.31,5.0,NORMAL,Y,0,0,13.44884488448841,0.0,8.0,1.5,0,0,0,0,0,0,0,0,N,,N,
07:49,VOLTAS,3718,1323.4,2.63,2.63,,31.64,10.05,NORMAL,Y,0,0,13.1446297014347,0.0,8.0,1.5,0,0,0,0,0,0,0,0,N,,N,
07:49,GNFC,1174,564.35,2.53,2.53,,33.53,5.08,NORMAL,Y,0,0,12.672601744186087,0.0,8.0,1.5,0,0,0,0,0,0,0,0,N,,N,
07:49,WIPL,20481,170.9,2.22,2.22,,26.1,8.5,NORMAL,Y,0,0,11.09516119385133,0.0,8.0,1.5,0,0,0,0,0,0,0,0,N,,N,
07:49,HAVELLS,9819,1297.3,2.15,2.15,,29.25,5.24,NORMAL,Y,0,0,10.748031496062973,0.0,8.0,1.5,0,0,0,0,0,0,0,0,N,,N,
07:49,KPRMILL,14912,1107.5,2.1,2.1,,33.97,5.12,NORMAL,Y,0,0,10.50981838296301,0.0,8.0,1.5,0,0,0,0,0,0,0,0,N,,N,
07:49,BLS,17279,276.31,2.08,2.08,,28.92,6.26,NORMAL,Y,0,0,10.41859090405288,0.0,8.0,1.5,0,0,0,0,0,0,0,0,N,,N,
07:49,LGEINDIA,760213,1717.1,8.76,8.76,,33.85,6.04,NORMAL,Y,0,0,15.0,0.0,8.0,1.5,0,0,0,0,0,0,0,0,N,,N,
07:49,AETHER,9810,1644.7,4.09,4.09,,36.9,5.21,NORMAL,Y,0,0,15.0,0.0,8.0,1.5,0,0,0,0,0,0,0,0,N,,N,
07:49,SANSERA,5751,3934.6,3.92,3.92,,26.5,26.01,NORMAL,Y,0,0,15.0,0.0,8.0,1.5,0,0,0,0,0,0,0,0,N,,N,
07:49,BHARTIARTL,10604,1997.4,3.01,3.01,,35.48,5.0,NORMAL,Y,0,0,15.0,0.0,8.0,1.5,0,0,0,0,0,0,0,0,N,,N,
07:49,MFSL,2142,1556.6,2.92,2.92,,34.51,5.42,NORMAL,Y,0,0,14.61253636604067,0.0,8.0,1.5,0,0,0,0,0,0,0,0,N,,N,
07:49,SHYAMMETL,4693,997.4,1.91,1.91,,30.98,5.0,NORMAL,N,0,0,9.553489322570721,0.0,8.0,1.5,0,0,0,0,0,0,0,0,N,,N,
07:49,BAJAJELEC,15034,363.35,1.89,1.89,,25.17,8.5,NORMAL,Y,0,0,9.464385866517105,0.0,8.0,1.5,0,0,0,0,0,0,0,0,N,,N,
07:49,LXCHEM,2841,177.24,1.8,1.8,,30.55,5.0,NORMAL,N,0,0,8.988570443972188,0.0,8.0,1.5,0,0,0,0,0,0,0,0,N,,N,
07:49,MAXESTATES,19646,446.95,1.68,1.68,,32.12,5.0,NORMAL,Y,0,0,8.417699920373082,0.0,8.0,1.5,0,0,0,0,0,0,0,0,N,,N,
07:49,AEGISLOG,40,1267.5,1.64,1.64,,22.72,12.0,NORMAL,N,0,0,8.219727345629511,0.0,8.0,1.5,0,0,0,0,0,0,0,0,N,,N,
07:49,MGL,17534,1143.4,1.56,1.56,,19.32,19.91,NORMAL,Y,0,0,7.816663705809264,0.0,8.0,1.5,0,0,0,0,0,0,0,0,N,,N,
07:49,LLOYDSENGG,17801,93.48,2.56,2.56,,30.03,8.5,NORMAL,Y,0,0,12.781130005485455,0.0,8.0,1.5,0,0,0,0,0,0,0,0,N,,N,
07:49,LUMAXTECH,14014,2037.9,2.54,2.54,,40.48,5.0,NORMAL,Y,0,0,12.67924528301889,0.0,8.0,1.5,0,0,0,0,0,0,0,0,N,,N,
07:49,RAMCOCEM,2043,922.75,1.53,1.53,,22.67,14.57,NORMAL,N,0,0,7.674955985915519,0.0,8.0,1.5,0,0,0,0,0,0,0,0,N,,N,
07:49,ADANIGREEN,3563,1339.2,1.53,1.53,,32.49,5.0,NORMAL,N,0,0,7.657316148597439,0.0,8.0,1.5,0,0,0,0,0,0,0,0,N,,N,
07:49,WELSPUNLIV,11253,167.69,1.49,1.49,,18.94,26.73,NORMAL,Y,0,0,7.444168734491339,0.0,8.0,1.5,0,0,0,0,0,0,0,0,Y,NONRESULTS,N,
07:49,BERGEPAINT,404,554.2,1.44,1.44,,18.68,30.04,NORMAL,Y,0,0,7.184039535096571,0.0,8.0,1.5,0,0,0,0,0,0,0,0,N,,N,
07:49,PSPPROJECT,20877,932.0,1.43,1.43,,44.7,5.0,NORMAL,N,0,0,7.15568373510365,0.0,8.0,1.5,0,0,0,0,0,0,0,0,N,,N,
07:49,RATNAMANI,13451,2353.0,2.39,2.39,,30.47,6.57,NORMAL,Y,0,0,11.966927763272409,0.0,8.0,1.5,0,0,0,0,0,0,0,0,N,,N,
07:49,BHEL,438,425.8,1.38,1.38,,27.89,5.0,NORMAL,Y,0,0,6.9047619047619175,0.0,8.0,1.5,0,0,0,0,0,0,0,0,N,,N,
07:49,HISARMETAL,19322,152.0,1.37,1.37,,18.37,12.0,NORMAL,Y,0,0,6.869414432439649,0.0,8.0,1.5,0,0,0,0,0,0,0,0,N,,N,
07:49,OMNI,760865,594.3,1.33,1.33,,45.04,5.0,NORMAL,Y,0,0,6.649616368286407,0.0,8.0,1.5,0,0,0,0,0,0,0,0,N,,N,
07:49,HINDZINC,1424,560.3,-3.12,-3.12,,13.23,27.04,NORMAL,N,0,0,0.0,15.0,8.0,1.5,0,0,0,0,0,0,0,0,N,,N,
07:49,RECLTD,15355,335.15,-3.28,-3.28,,11.5,27.82,NORMAL,N,0,0,0.0,15.0,8.0,1.5,0,0,0,0,0,0,0,0,N,,N,
07:49,HINDCOPPER,17939,526.45,-3.31,-3.31,,15.0,24.53,NORMAL,Y,0,0,0.0,15.0,8.0,1.5,0,0,0,0,0,0,0,0,N,,N,
07:49,ABDL,24308,603.05,-3.93,-3.93,,18.64,27.0,NORMAL,N,0,0,0.0,15.0,8.0,1.5,0,0,0,0,0,0,0,0,N,,N,
07:49,EPACKPEB,759251,228.55,-4.19,-4.19,,11.55,29.66,NORMAL,N,0,0,0.0,15.0,8.0,1.5,0,0,0,0,0,0,0,0,N,,N,
07:49,RELAXO,24225,400.55,-4.51,-4.51,,12.17,27.11,NORMAL,N,0,0,0.0,15.0,8.0,1.5,0,0,0,0,0,0,0,0,N,,N,
07:49,TMPV,3456,333.0,-4.75,-4.75,,15.33,23.5,NORMAL,N,0,0,0.0,15.0,8.0,1.5,0,0,0,0,0,0,0,0,N,,N,
07:49,TIMETECHNO,14707,193.07,-5.38,-5.38,,11.56,28.16,NORMAL,N,0,0,0.0,15.0,8.0,1.5,0,0,0,0,0,0,0,0,N,,N,
07:49,MIDHANI,2463,420.7,-5.43,-5.43,,18.96,27.0,NORMAL,Y,0,0,0.0,15.0,8.0,1.5,0,0,0,0,0,0,0,0,N,,N,
07:49,NARMADA,6364,378.65,-5.46,-5.46,,12.33,27.02,NORMAL,Y,0,0,0.0,15.0,8.0,1.5,0,0,0,0,0,0,0,0,N,,N,
07:49,GOCLCORP,3963,406.95,-5.56,-5.56,,17.78,27.0,NORMAL,N,0,0,0.0,15.0,8.0,1.5,0,0,0,0,0,0,0,0,N,,N,
07:49,JKPAPER,11860,381.85,-2.97,-2.97,,11.5,27.29,NORMAL,N,0,0,0.0,14.864693177486963,8.0,1.5,0,0,0,0,0,0,0,0,N,,N,
07:49,REDINGTON,14255,336.3,-2.8,-2.8,,11.5,30.55,NORMAL,Y,0,0,0.0,14.017341040462412,8.0,1.5,0,0,0,0,0,0,0,0,N,,N,
07:49,VIPIND,3703,299.25,-2.75,-2.75,,11.59,28.36,NORMAL,N,0,0,0.0,13.730906727331798,8.0,1.5,0,0,0,0,0,0,0,0,N,,N,
07:49,OIL,17438,466.65,-2.74,-2.74,,11.5,33.42,NORMAL,Y,0,0,0.0,13.703626511046306,8.0,1.5,0,0,0,0,0,0,0,0,N,,N,
07:49,RHIM,31163,380.95,-2.73,-2.73,,15.99,25.79,NORMAL,N,0,0,0.0,13.660155751308551,8.0,1.5,0,0,0,0,0,0,0,0,N,,N,
07:49,RAJRATAN,18962,515.55,-2.7,-2.7,,15.52,25.49,NORMAL,Y,0,0,0.0,13.494385203359505,8.0,1.5,0,0,0,0,0,0,0,0,N,,N,
07:49,INOXGREEN,12188,182.02,-2.64,-2.64,,30.85,25.21,NORMAL,N,0,0,0.0,13.211382113821134,8.0,1.5,0,0,0,0,0,0,0,0,N,,N,
07:49,SHALBY,714,152.1,-2.59,-2.59,,11.5,32.73,NORMAL,N,0,0,0.0,12.968299711815598,8.0,1.5,0,0,0,0,0,0,0,0,N,,N,
07:49,LTF,24948,307.8,-2.39,-2.39,,13.04,24.0,NORMAL,N,0,0,0.0,11.970826066275585,8.0,1.5,0,0,0,0,0,0,0,0,N,,N,
07:49,SPARC,14788,199.41,-2.38,-2.38,,13.95,23.92,NORMAL,N,0,0,0.0,11.919913843743892,8.0,1.5,0,0,0,0,0,0,0,0,N,,N,
07:49,VLSFINANCE,3715,258.85,-2.38,-2.38,,11.5,42.86,NORMAL,N,0,0,0.0,11.880067886102122,8.0,1.5,0,0,0,0,0,0,0,0,N,,N,
07:49,GPIL,13409,237.53,-2.38,-2.38,,29.79,16.98,NORMAL,N,0,0,0.0,11.87785130080967,8.0,1.5,0,0,0,0,0,0,0,0,N,,N,
07:49,NELCO,2388,1023.8,-2.26,-2.26,,13.88,23.49,NORMAL,Y,0,0,0.0,11.312649164677826,8.0,1.5,0,0,0,0,0,0,0,0,N,,N,
07:49,YATRA,18760,113.5,-2.25,-2.25,,11.5,26.77,NORMAL,Y,0,0,0.0,11.239342003272757,8.0,1.5,0,0,0,0,0,0,0,0,N,,N,
07:49,JUBLPHARMA,3637,871.3,-2.16,-2.16,,11.5,35.46,NORMAL,N,0,0,0.0,10.780460415496938,8.0,1.5,0,0,0,0,0,0,0,0,N,,N,
07:49,LUXIND,11301,1183.3,-2.15,-2.15,,11.5,28.04,NORMAL,N,0,0,0.0,10.75002067311668,8.0,1.5,0,0,0,0,0,0,0,0,N,,N,
07:49,RAINBOW,9408,1422.2,-2.12,-2.12,,18.74,19.1,NORMAL,N,0,0,0.0,10.598761183757729,8.0,1.5,0,0,0,0,0,0,0,0,N,,N,
07:49,PTC,11355,161.33,-2.11,-2.11,,16.14,19.03,NORMAL,N,0,0,0.0,10.527912621359219,8.0,1.5,0,0,0,0,0,0,0,0,N,,N,
07:49,JAMNAAUTO,20778,124.02,-2.1,-2.1,,11.5,23.43,NORMAL,N,0,0,0.0,10.498894853173391,8.0,1.5,0,0,0,0,0,0,0,0,N,,N,
07:49,JMFINANCIL,13637,126.75,-2.03,-2.03,,12.09,22.13,NORMAL,Y,0,0,0.0,10.12599520754427,8.0,1.5,0,0,0,0,0,0,0,0,N,,N,
07:49,VAIBHAVGBL,11364,228.7,-2.01,-2.01,,11.5,27.28,NORMAL,N,0,0,0.0,10.0685518423308,8.0,1.5,0,0,0,0,0,0,0,0,N,,N,
07:49,IPCALAB,1633,1729.7,-3.71,-3.71,,11.5,30.17,NORMAL,N,0,0,0.0,15.0,8.0,1.5,0,0,0,0,0,0,0,0,N,,N,
07:49,JIOFIN,18143,250.55,-1.98,-1.98,,11.51,23.13,NORMAL,N,0,0,0.0,9.878716744913897,8.0,1.5,0,0,0,0,0,0,0,0,N,,N,
07:49,ZUARIIND,3827,253.95,-1.97,-1.97,,11.5,23.52,NORMAL,N,0,0,0.0,9.843659525188231,8.0,1.5,0,0,0,0,0,0,0,0,N,,N,
07:49,RUPA,25724,150.9,-1.93,-1.93,,11.67,23.02,NORMAL,N,0,0,0.0,9.65100409436537,8.0,1.5,0,0,0,0,0,0,0,0,N,,N,
07:49,SURYODAY,2970,153.4,-1.91,-1.91,,11.55,26.75,NORMAL,N,0,0,0.0,9.559434746467105,8.0,1.5,0,0,0,0,0,0,0,0,N,,N,
07:49,ENDURANCE,18822,2890.0,-2.87,-2.87,,11.5,28.08,NORMAL,Y,0,0,0.0,14.334688938930558,8.0,1.5,0,0,0,0,0,0,0,0,N,,N,
07:49,UNICHEMLAB,3579,532.4,-1.84,-1.84,,11.5,21.92,NORMAL,N,0,0,0.0,9.218289085545722,8.0,1.5,0,0,0,0,0,0,0,0,N,,N,
07:49,MOIL,20830,274.5,-1.82,-1.82,,13.36,21.12,NORMAL,N,0,0,0.0,9.120171673819783,8.0,1.5,0,0,0,0,0,0,0,0,N,,N,
07:49,TITAGARH,15414,835.35,-1.81,-1.81,,11.74,21.05,NORMAL,N,0,0,0.0,9.050837496326757,8.0,1.5,0,0,0,0,0,0,0,0,N,,N,
07:49,LTTS,18564,3504.6,-2.78,-2.78,,11.5,30.64,NORMAL,N,0,0,0.0,13.884650595056444,8.0,1.5,0,0,0,0,0,0,0,0,N,,N,
07:49,ZYDUSLIFE,7929,1146.6,-1.77,-1.77,,11.5,22.83,NORMAL,Y,0,0,0.0,8.866615265998478,8.0,1.5,0,0,0,0,0,0,0,0,N,,N,
07:49,SYMPHONY,24190,620.1,-1.77,-1.77,,11.72,20.95,NORMAL,N,0,0,0.0,8.831683168316815,8.0,1.5,0,0,0,0,0,0,0,0,N,,N,
07:49,TEXRAIL,21828,105.2,-1.76,-1.76,,13.04,20.82,NORMAL,N,0,0,0.0,8.824353347651511,8.0,1.5,0,0,0,0,0,0,0,0,N,,N,
07:49,XCHANGING,11705,63.93,-2.75,-2.75,,22.99,18.77,NORMAL,N,0,0,0.0,13.766352296927254,8.0,1.5,0,0,0,0,0,0,0,0,N,,N,
07:49,ANGELONE,324,286.9,-1.75,-1.75,,11.5,22.46,NORMAL,N,0,0,0.0,8.732876712328805,8.0,1.5,0,0,0,0,0,0,0,0,N,,N,
07:49,EXIDEIND,676,477.2,-1.71,-1.71,,11.5,25.67,NORMAL,Y,0,0,0.0,8.547888774459333,8.0,1.5,0,0,0,0,0,0,0,0,N,,N,
07:49,MRPL,2283,171.41,-1.7,-1.7,,11.5,21.4,NORMAL,Y,0,0,0.0,8.515884849179947,8.0,1.5,0,0,0,0,0,0,0,0,N,,N,
07:49,AIIL,23553,569.6,-1.64,-1.64,,11.5,22.3,NORMAL,Y,0,0,0.0,8.20238300811604,8.0,1.5,0,0,0,0,0,0,0,0,N,,N,
07:49,KRBL,10577,387.8,4.14,4.14,,26.53,13.62,NORMAL,Y,0,0,15.0,0.0,8.0,1.5,0,0,0,0,0,0,0,0,N,,N,
07:49,LLOYDSENGG,17801,93.48,2.56,2.56,,30.38,8.5,NORMAL,Y,0,0,12.781130005485455,0.0,8.0,1.5,0,0,0,0,0,0,0,0,N,,N,
07:49,RATNAMANI,13451,2353.0,2.39,2.39,,30.47,6.7,NORMAL,Y,0,0,11.966927763272409,0.0,8.0,1.5,0,0,0,0,0,0,0,0,N,,N,
07:49,OMNI,760865,594.3,1.33,1.33,,45.15,5.0,NORMAL,Y,0,0,6.649616368286407,0.0,8.0,1.5,0,0,0,0,0,0,0,0,N,,N,
