scan_time,ticker,sid,ltp,gap_pct,rs,rvol,long_score,short_score,regime,in_shortlist,gap_L,gap_S,rs_L,rs_S,sector_L,sector_S,rvol_pts,atr_pts,st_L,st_S,vwap_L,vwap_S,body_L,body_S,has_nse_event,event_sentiment
04:05,UCAL,3570,146.67,14.68,14.68,,29.5,7.5,NORMAL,Y,0,0,15.0,0.0,4.0,4.0,0,0,0,0,0,0,0,0,N,,N,
04:05,PURVA,14922,244.34,12.14,12.14,,29.5,7.5,NORMAL,Y,0,0,15.0,0.0,4.0,4.0,0,0,0,0,0,0,0,0,N,,N,
04:05,TRIVENI,13081,279.8,11.99,11.99,,29.5,7.5,NORMAL,N,0,0,15.0,0.0,4.0,4.0,0,0,0,0,0,0,0,0,N,,N,
04:05,MSTCLTD,9356,649.05,11.77,11.77,,29.5,7.5,NORMAL,Y,0,0,15.0,0.0,4.0,4.0,0,0,0,0,0,0,0,0,N,,N,
04:05,MUNJALAU,13511,128.23,7.42,7.42,,29.5,7.5,NORMAL,Y,0,0,15.0,0.0,4.0,4.0,0,0,0,0,0,0,0,0,N,,N,
04:05,BALRAMCHIN,341,642.5,2.82,2.82,,21.62,14.5,NORMAL,Y,0,0,14.123389613507221,0.0,4.0,4.0,0,0,0,0,0,0,0,0,N,,N,
04:05,FINCABLES,1038,1282.0,2.82,2.82,,28.6,7.5,NORMAL,Y,0,0,14.09552071219477,0.0,4.0,4.0,0,0,0,0,0,0,0,0,N,,N,
04:05,REDINGTON,14255,343.0,2.68,2.68,,27.9,7.5,NORMAL,Y,0,0,13.396198173926042,0.0,4.0,4.0,0,0,0,0,0,0,0,0,N,,N,
04:05,EBGNG,757862,580.1,2.64,2.64,,27.68,7.5,NORMAL,Y,0,0,13.181174805378607,0.0,4.0,4.0,0,0,0,0,0,0,0,0,N,,N,
04:05,ROLEXRINGS,5279,180.76,2.53,2.53,,27.15,7.5,NORMAL,Y,0,0,12.648893930799714,0.0,4.0,4.0,0,0,0,0,0,0,0,0,N,,N,
04:05,HISARMETAL,19322,155.0,2.5,2.5,,23.5,11.0,NORMAL,Y,0,0,12.498346779526521,0.0,4.0,4.0,0,0,0,0,0,0,0,0,N,,N,
04:05,GNFC,1174,583.0,2.47,2.47,,23.35,11.0,NORMAL,Y,0,0,12.347306441690794,0.0,4.0,4.0,0,0,0,0,0,0,0,0,N,,N,
04:05,LOTUSEYE,16807,118.0,2.41,2.41,,23.06,11.0,NORMAL,N,0,0,12.063877798993236,0.0,4.0,4.0,0,0,0,0,0,0,0,0,N,,N,
04:05,MONTECARLO,5938,519.9,2.26,2.26,,22.31,11.0,NORMAL,Y,0,0,11.309992132179387,0.0,4.0,4.0,0,0,0,0,0,0,0,0,N,,N,
04:05,ASTERDM,1508,839.95,2.14,2.14,,25.2,7.5,NORMAL,Y,0,0,10.701039703289368,0.0,4.0,4.0,0,0,0,0,0,0,0,0,N,,N,
04:05,ASHOKLEY,212,175.1,2.02,2.02,,24.58,7.5,NORMAL,Y,0,0,10.079235609415079,0.0,4.0,4.0,0,0,0,0,0,0,0,0,N,,N,
04:05,WELSPUNLIV,11253,167.32,1.99,1.99,,20.94,11.0,NORMAL,Y,0,0,9.935389491649367,0.0,4.0,4.0,0,0,0,0,0,0,0,0,N,,N,
04:05,RUBICON,759316,1667.5,2.89,2.89,,21.94,14.5,NORMAL,Y,0,0,14.438205713580539,0.0,4.0,4.0,0,0,0,0,0,0,0,0,N,,N,
04:05,WALCHANNAG,3736,228.74,1.75,1.75,,16.26,14.5,NORMAL,N,0,0,8.763345195729531,0.0,4.0,4.0,0,0,0,0,0,0,0,0,N,,N,
04:05,AEGISLOG,40,1286.6,1.68,1.68,,22.88,7.5,NORMAL,N,0,0,8.376797850481989,0.0,4.0,4.0,0,0,0,0,0,0,0,0,N,,N,
04:05,VISHNU,6908,617.95,1.62,1.62,,22.6,7.5,NORMAL,Y,0,0,8.098996875513913,0.0,4.0,4.0,0,0,0,0,0,0,0,0,N,,N,
04:05,NELCO,2388,1041.1,1.61,1.61,,15.55,14.5,NORMAL,Y,0,0,8.051922701542066,0.0,4.0,4.0,0,0,0,0,0,0,0,0,N,,N,
04:05,SONACOMS,4684,804.65,1.6,1.6,,22.49,7.5,NORMAL,Y,0,0,7.9861111111110965,0.0,4.0,4.0,0,0,0,0,0,0,0,0,N,,N,
04:05,ZEEL,3812,103.87,1.55,1.55,,18.77,11.0,NORMAL,Y,0,0,7.772780602268299,0.0,4.0,4.0,0,0,0,0,0,0,0,0,N,,N,
04:05,VARROC,3857,860.0,1.43,1.43,,21.64,7.5,NORMAL,Y,0,0,7.1352753862483915,0.0,4.0,4.0,0,0,0,0,0,0,0,0,N,,N,
04:05,UNOMINDA,14154,1256.3,1.31,1.31,,21.07,7.5,NORMAL,Y,0,0,6.572580645161272,0.0,4.0,4.0,0,0,0,0,0,0,0,0,Y,NONRESULTS,N,
04:05,EPACKPEB,759251,232.7,1.31,1.31,,21.03,7.5,NORMAL,N,0,0,6.5302568567697,0.0,4.0,4.0,0,0,0,0,0,0,0,0,N,,N,
04:05,TDPOWERSYS,25178,1518.8,2.3,2.3,,26.02,7.5,NORMAL,Y,0,0,11.518254075171779,0.0,4.0,4.0,0,0,0,0,0,0,0,0,N,,Y,NONRESULTS
04:05,TREJHARA,7518,164.41,1.3,1.3,,17.5,11.0,NORMAL,Y,0,0,6.500308071472536,0.0,4.0,4.0,0,0,0,0,0,0,0,0,N,,N,
04:05,EIDPARRY,916,785.05,1.27,1.27,,17.35,11.0,NORMAL,Y,0,0,6.353199174406547,0.0,4.0,4.0,0,0,0,0,0,0,0,0,N,,N,
04:05,MRPL,2283,172.67,1.25,1.25,,20.74,7.5,NORMAL,Y,0,0,6.244869238888224,0.0,4.0,4.0,0,0,0,0,0,0,0,0,N,,N,
04:05,LXCHEM,2841,178.21,1.23,1.23,,20.63,7.5,NORMAL,Y,0,0,6.13462084635046,0.0,4.0,4.0,0,0,0,0,0,0,0,0,N,,N,
04:05,PRICOLLTD,19631,801.5,1.19,1.19,,20.47,7.5,NORMAL,Y,0,0,5.965532479010193,0.0,4.0,4.0,0,0,0,0,0,0,0,0,N,,N,
04:05,BECTORFOOD,1628,242.9,1.05,1.05,,19.76,7.5,NORMAL,Y,0,0,5.2627199733743835,0.0,4.0,4.0,0,0,0,0,0,0,0,0,N,,N,
04:05,NARMADA,6364,379.75,1.0,1.0,,15.99,11.0,NORMAL,Y,0,0,4.986702127659575,0.0,4.0,4.0,0,0,0,0,0,0,0,0,N,,N,
04:05,MIDHANI,2463,420.75,0.97,0.97,,19.36,7.5,NORMAL,Y,0,0,4.859611231101526,0.0,4.0,4.0,0,0,0,0,0,0,0,0,N,,N,
04:05,HDFCLIFE,467,540.85,0.93,0.93,,19.17,7.5,NORMAL,N,0,0,4.665484743864887,0.0,4.0,4.0,0,0,0,0,0,0,0,0,N,,N,
04:05,MEESHO,760229,192.9,0.91,0.91,,15.55,11.0,NORMAL,Y,0,0,4.551161330822373,0.0,4.0,4.0,0,0,0,0,0,0,0,0,N,,N,
04:05,SPARC,14788,199.77,0.9,0.9,,15.52,11.0,NORMAL,N,0,0,4.520658652389182,0.0,4.0,4.0,0,0,0,0,0,0,0,0,N,,N,
04:05,HINDCOPPER,17939,549.2,0.87,0.87,,18.86,7.5,NORMAL,Y,0,0,4.3622003857103495,0.0,4.0,4.0,0,0,0,0,0,0,0,0,N,,N,
04:05,HINDZINC,1424,566.75,0.86,0.86,,15.32,11.0,NORMAL,Y,0,0,4.315714539953749,0.0,4.0,4.0,0,0,0,0,0,0,0,0,N,,N,
04:05,PDSL,5264,373.0,0.85,0.85,,18.76,7.5,NORMAL,Y,0,0,4.258483168852206,0.0,4.0,4.0,0,0,0,0,0,0,0,0,N,,N,
04:05,JKPAPER,11860,383.1,0.84,0.84,,18.71,7.5,NORMAL,N,0,0,4.21163464069498,0.0,4.0,4.0,0,0,0,0,0,0,0,0,N,,N,
04:05,ANTHEM,757885,897.5,0.83,0.83,,15.16,11.0,NORMAL,Y,0,0,4.156836310526894,0.0,4.0,4.0,0,0,0,0,0,0,0,0,N,,N,
04:05,LAURUSLABS,19234,1819.5,1.8,1.8,,23.51,7.5,NORMAL,Y,0,0,9.00800089520507,0.0,4.0,4.0,0,0,0,0,0,0,0,0,N,,N,
04:05,KIMS,4847,815.55,0.8,0.8,,18.49,7.5,NORMAL,Y,0,0,3.9859102706710736,0.0,4.0,4.0,0,0,0,0,0,0,0,0,N,,N,
04:05,LUMAXTECH,14014,2061.8,1.78,1.78,,23.41,7.5,NORMAL,Y,0,0,8.91050007404851,0.0,4.0,4.0,0,0,0,0,0,0,0,0,N,,N,
04:05,HINDALCO,1363,1037.5,0.78,0.78,,14.89,11.0,NORMAL,Y,0,0,3.8853812530354537,0.0,4.0,4.0,0,0,0,0,0,0,0,0,N,,N,
04:05,TEXRAIL,21828,105.66,0.77,0.77,,18.36,7.5,NORMAL,N,0,0,3.86266094420602,0.0,4.0,4.0,0,0,0,0,0,0,0,0,N,,N,
04:05,VLSFINANCE,3715,261.15,0.77,0.77,,14.86,11.0,NORMAL,Y,0,0,3.858769052672198,0.0,4.0,4.0,0,0,0,0,0,0,0,0,N,,N,
04:05,KNRCON,15283,128.0,-3.35,-3.35,,7.5,29.5,NORMAL,N,0,0,0.0,15.0,4.0,4.0,0,0,0,0,0,0,0,0,N,,N,
04:05,GODREJIND,10925,1209.5,-3.43,-3.43,,7.5,29.5,NORMAL,N,0,0,0.0,15.0,4.0,4.0,0,0,0,0,0,0,0,0,N,,N,
04:05,VERANDA,8890,235.1,-4.39,-4.39,,14.5,22.5,NORMAL,N,0,0,0.0,15.0,4.0,4.0,0,0,0,0,0,0,0,0,N,,Y,NONRESULTS
04:05,SHIVALIK,7026,254.6,-5.0,-5.0,,7.5,29.5,NORMAL,Y,0,0,0.0,15.0,4.0,4.0,0,0,0,0,0,0,0,0,N,,N,
04:05,SCHNEIDER,31234,1217.2,-11.74,-11.74,,7.5,29.5,NORMAL,N,0,0,0.0,15.0,4.0,4.0,0,0,0,0,0,0,0,0,Y,NONRESULTS,N,
04:05,TEJASNET,21131,522.6,-2.95,-2.95,,7.5,29.26,NORMAL,N,0,0,0.0,14.763231197771567,4.0,4.0,0,0,0,0,0,0,0,0,N,,N,
04:05,EXICOM,22947,147.76,-2.65,-2.65,,7.5,27.77,NORMAL,N,0,0,0.0,13.274919296396343,4.0,4.0,0,0,0,0,0,0,0,0,N,,N,
04:05,VOLTAS,3718,1285.8,-2.63,-2.63,,7.5,27.64,NORMAL,N,0,0,0.0,13.138962514199184,4.0,4.0,0,0,0,0,0,0,0,0,N,,N,
04:05,J&KBANK,5633,151.4,-2.62,-2.62,,7.5,27.62,NORMAL,N,0,0,0.0,13.120658605608389,4.0,4.0,0,0,0,0,0,0,0,0,N,,N,
04:05,BRIGADE,15184,577.0,-2.46,-2.46,,7.5,26.8,NORMAL,Y,0,0,0.0,12.298199645000384,4.0,4.0,0,0,0,0,0,0,0,0,N,,N,
04:05,SUDARSCHEM,3327,1090.8,-2.44,-2.44,,7.5,26.71,NORMAL,Y,0,0,0.0,12.20821035685536,4.0,4.0,0,0,0,0,0,0,0,0,N,,N,
04:05,INDIANB,14309,874.5,-2.29,-2.29,,7.5,25.93,NORMAL,Y,0,0,0.0,11.425219285993656,4.0,4.0,0,0,0,0,0,0,0,0,N,,N,
04:05,360ONE,13061,1154.5,-2.16,-2.16,,7.5,25.31,NORMAL,Y,0,0,0.0,10.805084745762711,4.0,4.0,0,0,0,0,0,0,0,0,N,,N,
04:05,SAMHI,18614,159.9,-2.12,-2.12,,11.0,21.62,NORMAL,N,0,0,0.0,10.620064883393521,4.0,4.0,0,0,0,0,0,0,0,0,N,,N,
04:05,INOXGREEN,12188,183.25,-2.04,-2.04,,11.0,21.21,NORMAL,N,0,0,0.0,10.210081787566132,4.0,4.0,0,0,0,0,0,0,0,0,N,,N,
04:05,HAPPSTMNDS,48,411.75,-2.01,-2.01,,7.5,24.55,NORMAL,Y,0,0,0.0,10.054735840076141,4.0,4.0,0,0,0,0,0,0,0,0,N,,N,
04:05,NMDC,15332,81.56,-3.36,-3.36,,7.5,29.5,NORMAL,N,0,0,0.0,15.0,4.0,4.0,0,0,0,0,0,0,0,0,N,,N,
04:05,SANGAMIND,4184,589.0,-2.0,-2.0,,7.5,24.48,NORMAL,N,0,0,0.0,9.983361064891847,4.0,4.0,0,0,0,0,0,0,0,0,N,,N,
04:05,TECHNOE,6445,951.0,-1.8,-1.8,,7.5,23.48,NORMAL,N,0,0,0.0,8.983890954151166,4.0,4.0,0,0,0,0,0,0,0,0,N,,N,
04:05,GUJGASLTD,10599,278.15,-1.7,-1.7,,7.5,22.98,NORMAL,Y,0,0,0.0,8.482063968899118,4.0,4.0,0,0,0,0,0,0,0,0,N,,N,
04:05,SONATSOFTW,6596,320.4,-1.69,-1.69,,7.5,22.94,NORMAL,Y,0,0,0.0,8.438171218165083,4.0,4.0,0,0,0,0,0,0,0,0,N,,N,
04:05,LODHA,3220,1223.0,-1.68,-1.68,,7.5,22.9,NORMAL,Y,0,0,0.0,8.40099686469977,4.0,4.0,0,0,0,0,0,0,0,0,N,,N,
04:05,PARAS,5911,1354.8,-1.65,-1.65,,7.5,22.74,NORMAL,Y,0,0,0.0,8.239564428312177,4.0,4.0,0,0,0,0,0,0,0,0,N,,N,
04:05,KPITTECH,9683,604.0,-1.63,-1.63,,7.5,22.64,NORMAL,Y,0,0,0.0,8.143322475570033,4.0,4.0,0,0,0,0,0,0,0,0,N,,N,
04:05,TRITURBINE,25584,582.9,-1.6,-1.6,,7.5,22.52,NORMAL,N,0,0,0.0,8.018230925050641,4.0,4.0,0,0,0,0,0,0,0,0,N,,N,
04:05,JSWINFRA,19020,333.75,-1.59,-1.59,,7.5,22.46,NORMAL,N,0,0,0.0,7.9610791685094755,4.0,4.0,0,0,0,0,0,0,0,0,N,,N,
04:05,HUDCO,20825,187.0,-1.57,-1.57,,7.5,22.37,NORMAL,N,0,0,0.0,7.868835201852752,4.0,4.0,0,0,0,0,0,0,0,0,N,,N,
04:05,UNIONBANK,10753,184.45,-1.56,-1.56,,7.5,22.32,NORMAL,Y,0,0,0.0,7.818337069057549,4.0,4.0,0,0,0,0,0,0,0,0,N,,N,
04:05,TITAGARH,15414,818.45,-1.55,-1.55,,7.5,22.26,NORMAL,N,0,0,0.0,7.758465147049965,4.0,4.0,0,0,0,0,0,0,0,0,N,,N,
04:05,PNB,10666,116.18,-1.54,-1.54,,7.5,22.21,NORMAL,Y,0,0,0.0,7.711864406779633,4.0,4.0,0,0,0,0,0,0,0,0,N,,N,
04:05,INFY,1594,1151.5,-1.51,-1.51,,7.5,22.07,NORMAL,Y,0,0,0.0,7.569278138898411,4.0,4.0,0,0,0,0,0,0,0,0,N,,N,
04:05,CDSL,21174,1324.5,-1.48,-1.48,,7.5,21.9,NORMAL,N,0,0,0.0,7.401071109788788,4.0,4.0,0,0,0,0,0,0,0,0,N,,N,
04:05,CANBK,10794,129.31,-1.48,-1.48,,7.5,21.89,NORMAL,Y,0,0,0.0,7.390476190476182,4.0,4.0,0,0,0,0,0,0,0,0,N,,N,
04:05,HGINFRA,1672,516.05,-1.47,-1.47,,7.5,21.85,NORMAL,N,0,0,0.0,7.350835322195747,4.0,4.0,0,0,0,0,0,0,0,0,N,,N,
04:05,TIPSMUSIC,9117,661.1,-1.46,-1.46,,7.5,21.8,NORMAL,N,0,0,0.0,7.303622000298073,4.0,4.0,0,0,0,0,0,0,0,0,N,,N,
04:05,GENUSPOWER,11905,304.6,-1.46,-1.46,,7.5,21.78,NORMAL,N,0,0,0.0,7.279197670656745,4.0,4.0,0,0,0,0,0,0,0,0,N,,N,
04:05,MOIL,20830,270.2,-1.44,-1.44,,7.5,21.7,NORMAL,N,0,0,0.0,7.204085354732791,4.0,4.0,0,0,0,0,0,0,0,0,N,,N,
04:05,ANGELONE,324,283.2,-1.43,-1.43,,11.0,18.14,NORMAL,N,0,0,0.0,7.1353985381135105,4.0,4.0,0,0,0,0,0,0,0,0,N,,N,
04:05,HCLTECH,7229,1341.3,-1.38,-1.38,,7.5,21.38,NORMAL,Y,0,0,0.0,6.875000000000016,4.0,4.0,0,0,0,0,0,0,0,0,N,,N,
04:05,DIAMONDYD,21840,1175.1,-1.37,-1.37,,7.5,21.34,NORMAL,N,0,0,0.0,6.840691623300396,4.0,4.0,0,0,0,0,0,0,0,0,N,,N,
04:05,AVANTIFEED,7936,849.75,-1.35,-1.35,,7.5,21.26,NORMAL,N,0,0,0.0,6.76224750406314,4.0,4.0,0,0,0,0,0,0,0,0,N,,N,
04:05,THYROCARE,17032,615.65,-1.35,-1.35,,7.5,21.23,NORMAL,Y,0,0,0.0,6.730229949523258,4.0,4.0,0,0,0,0,0,0,0,0,N,,N,
04:05,SUNTECK,17641,295.05,-1.34,-1.34,,7.5,21.19,NORMAL,N,0,0,0.0,6.687844841999665,4.0,4.0,0,0,0,0,0,0,0,0,N,,N,
04:05,AIIL,23553,557.4,-1.33,-1.33,,7.5,21.14,NORMAL,N,0,0,0.0,6.638343069569835,4.0,4.0,0,0,0,0,0,0,0,0,N,,N,
04:05,BANKBARODA,4668,244.96,-1.31,-1.31,,7.5,21.07,NORMAL,N,0,0,0.0,6.566755297719746,4.0,4.0,0,0,0,0,0,0,0,0,N,,N,
04:05,SESHAPAPER,3066,229.0,-1.31,-1.31,,7.5,21.05,NORMAL,N,0,0,0.0,6.550594725047388,4.0,4.0,0,0,0,0,0,0,0,0,N,,N,
04:05,PUNJABCHEM,4344,1080.5,-1.31,-1.31,,14.5,14.03,NORMAL,N,0,0,0.0,6.530873218852739,4.0,4.0,0,0,0,0,0,0,0,0,N,,N,
04:05,JYOTHYLAB,15146,196.76,-1.3,-1.3,,7.5,21.02,NORMAL,N,0,0,0.0,6.520866773675818,4.0,4.0,0,0,0,0,0,0,0,0,N,,N,
04:05,GAIL,4717,172.62,-1.3,-1.3,,7.5,21.02,NORMAL,N,0,0,0.0,6.518010291595201,4.0,4.0,0,0,0,0,0,0,0,0,N,,N,
04:05,WIPRO,3787,181.61,-1.3,-1.3,,7.5,20.99,NORMAL,N,0,0,0.0,6.494565217391267,4.0,4.0,0,0,0,0,0,0,0,0,N,,N,
04:05,ROLEXRINGS,5279,180.76,2.53,2.53,,27.15,7.5,NORMAL,Y,0,0,12.648893930799714,0.0,4.0,4.0,0,0,0,0,0,0,0,0,N,,N,
04:05,ASHOKLEY,212,175.1,2.02,2.02,,24.58,7.5,NORMAL,Y,0,0,10.079235609415079,0.0,4.0,4.0,0,0,0,0,0,0,0,0,N,,N,
04:05,NELCO,2388,1041.1,1.61,1.61,,15.55,14.5,NORMAL,Y,0,0,8.051922701542066,0.0,4.0,4.0,0,0,0,0,0,0,0,0,N,,N,
04:05,VARROC,3857,860.0,1.43,1.43,,21.64,7.5,NORMAL,Y,0,0,7.1352753862483915,0.0,4.0,4.0,0,0,0,0,0,0,0,0,N,,N,
04:05,UNOMINDA,14154,1256.3,1.31,1.31,,21.07,7.5,NORMAL,Y,0,0,6.572580645161272,0.0,4.0,4.0,0,0,0,0,0,0,0,0,Y,NONRESULTS,N,
04:10,UCAL,3570,147.01,14.95,14.95,,51.52,5.0,NORMAL,Y,0,0,15.0,0.0,8.0,1.5,0,0,0,0,0,0,0,0,N,,N,
04:10,UFLEX,1053,566.6,14.74,14.74,,30.76,9.6,NORMAL,Y,0,0,15.0,0.0,8.0,1.5,0,0,0,0,0,0,0,0,N,,N,
04:10,TRIVENI,13081,282.37,13.02,13.02,,54.17,5.0,NORMAL,Y,0,0,15.0,0.0,8.0,1.5,0,0,0,0,0,0,0,0,N,,N,
04:10,MSTCLTD,9356,650.0,11.93,11.93,,53.8,5.0,NORMAL,Y,0,0,15.0,0.0,8.0,1.5,0,0,0,0,0,0,0,0,N,,N,
04:10,PURVA,14922,241.5,10.84,10.84,,26.6,19.64,NORMAL,Y,0,0,15.0,0.0,8.0,1.5,0,0,0,0,0,0,0,0,N,,N,
04:10,MUNJALAU,13511,124.21,4.05,4.05,,26.5,17.35,NORMAL,Y,0,0,15.0,0.0,8.0,1.5,0,0,0,0,0,0,0,0,N,,N,
04:10,FINCABLES,1038,1293.5,3.54,3.54,,54.06,5.0,NORMAL,Y,0,0,15.0,0.0,8.0,1.5,0,0,0,0,0,0,0,0,N,,N,
04:10,WELSPUNLIV,11253,168.09,2.46,2.46,,36.63,5.0,NORMAL,Y,0,0,12.28209191759113,0.0,8.0,1.5,0,0,0,0,0,0,0,0,N,,N,
04:10,GNFC,1174,582.55,2.39,2.39,,33.96,8.5,NORMAL,Y,0,0,11.951841110818092,0.0,8.0,1.5,0,0,0,0,0,0,0,0,N,,N,
04:10,BALRAMCHIN,341,639.5,2.34,2.34,,23.22,28.29,NORMAL,Y,0,0,11.722813475234037,0.0,8.0,1.5,0,0,0,0,0,0,0,0,N,,N,
04:10,ASTERDM,1508,841.2,2.29,2.29,,49.78,5.0,NORMAL,Y,0,0,11.461056727670712,0.0,8.0,1.5,0,0,0,0,0,0,0,0,N,,N,
04:10,MOTILALOFS,14947,923.8,2.22,2.22,,49.23,5.0,NORMAL,Y,0,0,11.120947216996742,0.0,8.0,1.5,0,0,0,0,0,0,0,0,N,,N,
04:10,ROLEXRINGS,5279,180.22,2.22,2.22,,29.79,8.75,NORMAL,Y,0,0,11.117413499716356,0.0,8.0,1.5,0,0,0,0,0,0,0,0,N,,N,
04:10,AEGISLOG,40,1293.3,2.2,2.2,,43.1,5.0,NORMAL,Y,0,0,11.024182076813599,0.0,8.0,1.5,0,0,0,0,0,0,0,0,N,,N,
04:10,ASHOKLEY,212,175.35,2.16,2.16,,31.73,5.0,NORMAL,Y,0,0,10.807504078303449,0.0,8.0,1.5,0,0,0,0,0,0,0,0,N,,N,
04:10,MONTECARLO,5938,519.05,2.09,2.09,,21.97,15.42,NORMAL,Y,0,0,10.4740361919748,0.0,8.0,1.5,0,0,0,0,0,0,0,0,N,,N,
04:10,LOTUSEYE,16807,117.62,2.08,2.08,,21.91,31.1,NORMAL,N,0,0,10.414858531504972,0.0,8.0,1.5,0,0,0,0,0,0,0,0,N,,N,
04:10,REDINGTON,14255,340.85,2.04,2.04,,25.18,20.3,NORMAL,Y,0,0,10.178117048346072,0.0,8.0,1.5,0,0,0,0,0,0,0,0,N,,N,
04:10,SONACOMS,4684,807.75,1.99,1.99,,37.6,5.0,NORMAL,Y,0,0,9.943181818181818,0.0,8.0,1.5,0,0,0,0,0,0,0,0,N,,N,
04:10,EIDPARRY,916,790.5,1.97,1.97,,45.18,5.0,NORMAL,Y,0,0,9.868421052631549,0.0,8.0,1.5,0,0,0,0,0,0,0,0,N,,N,
04:10,RUBICON,759316,1666.3,2.92,2.92,,28.0,24.97,NORMAL,Y,0,0,14.575999011796693,0.0,8.0,1.5,0,0,0,0,0,0,0,0,N,,N,
04:10,HISARMETAL,19322,153.99,1.83,1.83,,20.66,12.0,NORMAL,Y,0,0,9.158841423092218,0.0,8.0,1.5,0,0,0,0,0,0,0,0,N,,N,
04:10,MOREPENLAB,2259,86.47,2.71,2.71,,52.59,5.0,NORMAL,Y,0,0,13.540800570138977,0.0,8.0,1.5,0,0,0,0,0,0,0,0,N,,N,
04:10,VARROC,3857,861.65,1.62,1.62,,41.78,5.0,NORMAL,Y,0,0,8.108267484373158,0.0,8.0,1.5,0,0,0,0,0,0,0,0,N,,N,
04:10,EBGNG,757862,581.75,1.61,1.61,,44.78,5.0,NORMAL,Y,0,0,8.03423281809453,0.0,8.0,1.5,0,0,0,0,0,0,0,0,N,,N,
04:10,TDPOWERSYS,25178,1523.1,2.59,2.59,,46.6,5.0,NORMAL,Y,0,0,12.966455610938974,0.0,8.0,1.5,0,0,0,0,0,0,0,0,N,,Y,NONRESULTS
04:10,OIL,17438,475.9,1.58,1.58,,45.55,5.0,NORMAL,Y,0,0,7.897545357523988,0.0,8.0,1.5,0,0,0,0,0,0,0,0,N,,N,
04:10,WALCHANNAG,3736,228.25,1.53,1.53,,19.17,22.28,NORMAL,N,0,0,7.673487544483961,0.0,8.0,1.5,0,0,0,0,0,0,0,0,N,,N,
04:10,ZEEL,3812,103.73,1.42,1.42,,22.09,21.21,NORMAL,Y,0,0,7.088384825967944,0.0,8.0,1.5,0,0,0,0,0,0,0,0,N,,N,
04:10,NELCO,2388,1038.9,1.4,1.4,,22.99,12.5,NORMAL,Y,0,0,6.978333008003212,0.0,8.0,1.5,0,0,0,0,0,0,0,0,N,,N,
04:10,PATANJALI,17029,356.9,1.39,1.39,,45.72,5.0,NORMAL,N,0,0,6.9602272727272405,0.0,8.0,1.5,0,0,0,0,0,0,0,0,N,,N,
04:10,LXCHEM,2841,178.45,1.36,1.36,,35.72,5.0,NORMAL,Y,0,0,6.816245384833788,0.0,8.0,1.5,0,0,0,0,0,0,0,0,N,,N,
04:10,NARMADA,6364,381.05,1.34,1.34,,37.74,5.0,NORMAL,Y,0,0,6.715425531914908,0.0,8.0,1.5,0,0,0,0,0,0,0,0,N,,N,
04:10,ITDC,19299,705.85,1.31,1.31,,42.15,5.0,NORMAL,N,0,0,6.530319339791907,0.0,8.0,1.5,0,0,0,0,0,0,0,0,N,,N,
04:10,TREJHARA,7518,164.41,1.3,1.3,,21.5,8.5,NORMAL,Y,0,0,6.500308071472536,0.0,8.0,1.5,0,0,0,0,0,0,0,0,N,,N,
04:10,VISHNU,6908,616.0,1.3,1.3,,22.26,8.54,NORMAL,Y,0,0,6.495642164117726,0.0,8.0,1.5,0,0,0,0,0,0,0,0,N,,N,
04:10,PRICOLLTD,19631,801.85,1.24,1.24,,33.76,5.0,NORMAL,Y,0,0,6.186478126380955,0.0,8.0,1.5,0,0,0,0,0,0,0,0,N,,N,
04:10,EPACKPEB,759251,232.4,1.18,1.18,,24.59,9.65,NORMAL,N,0,0,5.877231171092767,0.0,8.0,1.5,0,0,0,0,0,0,0,0,N,,N,
04:10,RAMCOCEM,2043,917.85,1.17,1.17,,24.37,5.0,NORMAL,N,0,0,5.869708994708982,0.0,8.0,1.5,0,0,0,0,0,0,0,0,N,,N,
04:10,PETRONET,11351,285.85,1.15,1.15,,33.94,5.0,NORMAL,Y,0,0,5.750176928520877,0.0,8.0,1.5,0,0,0,0,0,0,0,0,N,,N,
04:10,HDFCLIFE,467,541.85,1.12,1.12,,35.72,5.0,NORMAL,N,0,0,5.598581692637865,0.0,8.0,1.5,0,0,0,0,0,0,0,0,N,,N,
04:10,GMRAIRPORT,13528,102.63,1.1,1.1,,40.16,5.0,NORMAL,N,0,0,5.51669786227953,0.0,8.0,1.5,0,0,0,0,0,0,0,0,Y,NONRESULTS,N,
04:10,MEESHO,760229,193.25,1.09,1.09,,20.47,8.91,NORMAL,Y,0,0,5.466624816907311,0.0,8.0,1.5,0,0,0,0,0,0,0,0,N,,N,
04:10,BHEL,438,426.15,1.06,1.06,,37.77,5.0,NORMAL,Y,0,0,5.276262746027969,0.0,8.0,1.5,0,0,0,0,0,0,0,0,N,,N,
04:10,BECTORFOOD,1628,242.9,1.05,1.05,,41.18,5.0,NORMAL,Y,0,0,5.2627199733743835,0.0,8.0,1.5,0,0,0,0,0,0,0,0,N,,N,
04:10,PDSL,5264,373.7,1.04,1.04,,41.94,5.0,NORMAL,Y,0,0,5.204812761930467,0.0,8.0,1.5,0,0,0,0,0,0,0,0,N,,N,
04:10,ANTHEM,757885,899.3,1.03,1.03,,25.9,8.5,NORMAL,Y,0,0,5.167958656330709,0.0,8.0,1.5,0,0,0,0,0,0,0,0,N,,N,
04:10,UNOMINDA,14154,1252.7,1.02,1.02,,20.22,14.54,NORMAL,Y,0,0,5.120967741935503,0.0,8.0,1.5,0,0,0,0,0,0,0,0,Y,NONRESULTS,N,
04:10,MRPL,2283,172.28,1.02,1.02,,37.59,5.0,NORMAL,Y,0,0,5.101442476838304,0.0,8.0,1.5,0,0,0,0,0,0,0,0,N,,N,
04:10,KIRIINDUS,16639,415.4,0.96,0.96,,40.72,5.0,NORMAL,N,0,0,4.8000972171588145,0.0,8.0,1.5,0,0,0,0,0,0,0,0,N,,N,
04:10,KNRCON,15283,128.11,-3.26,-3.26,,11.5,32.93,NORMAL,N,0,0,0.0,15.0,8.0,1.5,0,0,0,0,0,0,0,0,N,,N,
04:10,GODREJIND,10925,1205.6,-3.74,-3.74,,11.5,39.92,NORMAL,N,0,0,0.0,15.0,8.0,1.5,0,0,0,0,0,0,0,0,N,,N,
04:10,VERANDA,8890,234.35,-4.7,-4.7,,15.0,28.8,NORMAL,N,0,0,0.0,15.0,8.0,1.5,0,0,0,0,0,0,0,0,N,,Y,NONRESULTS
04:10,SHIVALIK,7026,254.6,-5.0,-5.0,,11.5,32.41,NORMAL,Y,0,0,0.0,15.0,8.0,1.5,0,0,0,0,0,0,0,0,N,,N,
04:10,SCHNEIDER,31234,1207.0,-11.85,-11.85,,11.5,47.99,NORMAL,N,0,0,0.0,15.0,8.0,1.5,0,0,0,0,0,0,0,0,Y,NONRESULTS,N,
04:10,VOLTAS,3718,1284.5,-2.73,-2.73,,11.5,45.26,NORMAL,N,0,0,0.0,13.631200302915563,8.0,1.5,0,0,0,0,0,0,0,0,N,,N,
04:10,TEJASNET,21131,524.35,-2.63,-2.63,,11.5,35.31,NORMAL,N,0,0,0.0,13.138347260909914,8.0,1.5,0,0,0,0,0,0,0,0,N,,N,
04:10,J&KBANK,5633,151.6,-2.5,-2.5,,11.5,33.78,NORMAL,N,0,0,0.0,12.477489066117815,8.0,1.5,0,0,0,0,0,0,0,0,N,,N,
04:10,EXICOM,22947,148.01,-2.49,-2.49,,15.0,21.7,NORMAL,N,0,0,0.0,12.451413136570267,8.0,1.5,0,0,0,0,0,0,0,0,N,,N,
04:10,SAMHI,18614,159.5,-2.37,-2.37,,11.5,31.36,NORMAL,N,0,0,0.0,11.844279855542647,8.0,1.5,0,0,0,0,0,0,0,0,N,,N,
04:10,BRIGADE,15184,578.2,-2.26,-2.26,,23.13,23.28,NORMAL,Y,0,0,0.0,11.283915138196187,8.0,1.5,0,0,0,0,0,0,0,0,N,,N,
04:10,INDIANB,14309,875.4,-2.18,-2.18,,11.5,33.01,NORMAL,Y,0,0,0.0,10.92239789932402,8.0,1.5,0,0,0,0,0,0,0,0,N,,N,
04:10,SESHAPAPER,3066,227.0,-2.17,-2.17,,11.5,22.86,NORMAL,N,0,0,0.0,10.860196517841734,8.0,1.5,0,0,0,0,0,0,0,0,N,,N,
04:10,GUJGASLTD,10599,277.0,-2.1,-2.1,,11.5,39.4,NORMAL,Y,0,0,0.0,10.514225128114486,8.0,1.5,0,0,0,0,0,0,0,0,N,,N,
04:10,TITAGARH,15414,814.0,-2.09,-2.09,,11.5,29.04,NORMAL,N,0,0,0.0,10.43483490707886,8.0,1.5,0,0,0,0,0,0,0,0,N,,N,
04:10,HAPPSTMNDS,48,411.55,-2.06,-2.06,,11.5,31.98,NORMAL,Y,0,0,0.0,10.292717753450711,8.0,1.5,0,0,0,0,0,0,0,0,N,,N,
04:10,NMDC,15332,81.51,-3.42,-3.42,,11.5,32.12,NORMAL,N,0,0,0.0,15.0,8.0,1.5,0,0,0,0,0,0,0,0,N,,N,
04:10,SANGAMIND,4184,589.1,-1.98,-1.98,,11.5,21.9,NORMAL,N,0,0,0.0,9.90016638935106,8.0,1.5,0,0,0,0,0,0,0,0,N,,N,
04:10,TECHNOE,6445,949.85,-1.92,-1.92,,11.5,37.31,NORMAL,N,0,0,0.0,9.577653862040457,8.0,1.5,0,0,0,0,0,0,0,0,N,,N,
04:10,PUNJABCHEM,4344,1074.1,-1.89,-1.89,,11.5,26.31,NORMAL,N,0,0,0.0,9.453781512605063,8.0,1.5,0,0,0,0,0,0,0,0,N,,N,
04:10,SUDARSCHEM,3327,1097.2,-1.87,-1.87,,21.28,18.14,NORMAL,Y,0,0,0.0,9.346212324478968,8.0,1.5,0,0,0,0,0,0,0,0,N,,N,
04:10,SONATSOFTW,6596,320.2,-1.75,-1.75,,13.05,21.14,NORMAL,Y,0,0,0.0,8.745013807916521,8.0,1.5,0,0,0,0,0,0,0,0,N,,N,
04:10,INOXGREEN,12188,184.0,-1.64,-1.64,,18.69,17.6,NORMAL,Y,0,0,0.0,8.205484577965448,8.0,1.5,0,0,0,0,0,0,0,0,N,,N,
04:10,360ONE,13061,1160.9,-1.62,-1.62,,33.55,13.09,NORMAL,Y,0,0,0.0,8.093220338983013,8.0,1.5,0,0,0,0,0,0,0,0,N,,N,
04:10,TIPSMUSIC,9117,660.25,-1.59,-1.59,,11.5,35.86,NORMAL,N,0,0,0.0,7.937099418691293,8.0,1.5,0,0,0,0,0,0,0,0,N,,N,
04:10,BATAINDIA,371,743.85,-1.57,-1.57,,11.5,38.25,NORMAL,Y,0,0,0.0,7.840412862246938,8.0,1.5,0,0,0,0,0,0,0,0,N,,Y,NONRESULTS
04:10,GENUSPOWER,11905,304.4,-1.52,-1.52,,11.5,33.76,NORMAL,N,0,0,0.0,7.602717567130452,8.0,1.5,0,0,0,0,0,0,0,0,N,,N,
04:10,PARAS,5911,1356.7,-1.51,-1.51,,16.79,20.12,NORMAL,Y,0,0,0.0,7.54990925589835,8.0,1.5,0,0,0,0,0,0,0,0,N,,N,
04:10,GANESHHOU,14339,823.6,-1.44,-1.44,,11.5,19.18,NORMAL,Y,0,0,0.0,7.180469123982767,8.0,1.5,0,0,0,0,0,0,0,0,N,,N,
04:10,JSWINFRA,19020,334.3,-1.43,-1.43,,18.33,15.65,NORMAL,N,0,0,0.0,7.150228512457565,8.0,1.5,0,0,0,0,0,0,0,0,N,,N,
04:10,RHIM,31163,374.5,-1.41,-1.41,,12.28,19.11,NORMAL,N,0,0,0.0,7.042253521126789,8.0,1.5,0,0,0,0,0,0,0,0,N,,N,
04:10,HUDCO,20825,187.33,-1.4,-1.4,,13.26,19.02,NORMAL,N,0,0,0.0,7.000368440444225,8.0,1.5,0,0,0,0,0,0,0,0,N,,N,
04:10,THYROCARE,17032,615.35,-1.39,-1.39,,13.39,20.38,NORMAL,Y,0,0,0.0,6.9705953048633384,8.0,1.5,0,0,0,0,0,0,0,0,N,,N,
04:10,PNB,10666,116.36,-1.39,-1.39,,15.5,15.51,NORMAL,Y,0,0,0.0,6.949152542372884,8.0,1.5,0,0,0,0,0,0,0,0,N,,N,
04:10,INFY,1594,1153.0,-1.39,-1.39,,11.5,22.23,NORMAL,Y,0,0,0.0,6.927813889839225,8.0,1.5,0,0,0,0,0,0,0,0,N,,N,
04:10,KPITTECH,9683,605.5,-1.38,-1.38,,16.04,19.0,NORMAL,Y,0,0,0.0,6.921824104234528,8.0,1.5,0,0,0,0,0,0,0,0,N,,N,
04:10,UNIONBANK,10753,184.8,-1.38,-1.38,,11.5,21.95,NORMAL,Y,0,0,0.0,6.884406019852664,8.0,1.5,0,0,0,0,0,0,0,0,N,,N,
04:10,LODHA,3220,1227.2,-1.34,-1.34,,15.0,17.08,NORMAL,Y,0,0,0.0,6.7127582603103315,8.0,1.5,0,0,0,0,0,0,0,0,N,,N,
04:10,MOIL,20830,270.5,-1.33,-1.33,,13.09,18.93,NORMAL,N,0,0,0.0,6.656939631588505,8.0,1.5,0,0,0,0,0,0,0,0,N,,N,
04:10,SAPPHIRE,6718,231.64,-1.31,-1.31,,11.5,25.8,NORMAL,Y,0,0,0.0,6.561008861622386,8.0,1.5,0,0,0,0,0,0,0,0,N,,N,
04:10,BIOCON,11373,411.55,-1.31,-1.31,,11.5,27.83,NORMAL,N,0,0,0.0,6.534772182254184,8.0,1.5,0,0,0,0,0,0,0,0,N,,N,
04:10,BORORENEW,3149,569.65,-1.28,-1.28,,15.0,19.39,NORMAL,N,0,0,0.0,6.4119227103370395,8.0,1.5,0,0,0,0,0,0,0,0,N,,N,
04:10,HCG,15555,705.15,-1.28,-1.28,,14.51,18.56,NORMAL,Y,0,0,0.0,6.404871902561934,8.0,1.5,0,0,0,0,0,0,0,0,N,,N,
04:10,ERIS,21154,1341.1,-1.28,-1.28,,11.5,23.91,NORMAL,N,0,0,0.0,6.404122193595912,8.0,1.5,0,0,0,0,0,0,0,0,N,,N,
04:10,JYOTHYLAB,15146,196.91,-1.23,-1.23,,17.68,14.64,NORMAL,N,0,0,0.0,6.144662921348358,8.0,1.5,0,0,0,0,0,0,0,0,N,,N,
04:10,AIIL,23553,558.1,-1.2,-1.2,,11.5,21.2,NORMAL,N,0,0,0.0,6.01876438307661,8.0,1.5,0,0,0,0,0,0,0,0,N,,N,
04:10,CYIENT,5748,856.65,-1.2,-1.2,,11.5,24.9,NORMAL,Y,0,0,0.0,5.997347327143751,8.0,1.5,0,0,0,0,0,0,0,0,N,,N,
04:10,RELAXO,24225,391.5,-1.2,-1.2,,11.6,20.11,NORMAL,N,0,0,0.0,5.993690851735016,8.0,1.5,0,0,0,0,0,0,0,0,N,,N,
04:10,HCLTECH,7229,1343.9,-1.18,-1.18,,11.5,18.66,NORMAL,Y,0,0,0.0,5.91911764705879,8.0,1.5,0,0,0,0,0,0,0,0,N,,N,
04:10,CANBK,10794,129.7,-1.18,-1.18,,15.0,15.93,NORMAL,Y,0,0,0.0,5.904761904761948,8.0,1.5,0,0,0,0,0,0,0,0,N,,N,
04:10,MOTILALOFS,14947,923.8,2.22,2.22,,48.14,5.0,NORMAL,Y,0,0,11.120947216996742,0.0,8.0,1.5,0,0,0,0,0,0,0,0,N,,N,
04:10,ROLEXRINGS,5279,180.22,2.22,2.22,,29.77,9.62,NORMAL,Y,0,0,11.117413499716356,0.0,8.0,1.5,0,0,0,0,0,0,0,0,N,,N,
04:10,AEGISLOG,40,1293.3,2.2,2.2,,44.1,5.0,NORMAL,Y,0,0,11.024182076813599,0.0,8.0,1.5,0,0,0,0,0,0,0,0,N,,N,
04:10,ASHOKLEY,212,175.35,2.16,2.16,,29.66,7.15,NORMAL,Y,0,0,10.807504078303449,0.0,8.0,1.5,0,0,0,0,0,0,0,0,N,,N,
04:10,REDINGTON,14255,340.85,2.04,2.04,,25.18,18.89,NORMAL,Y,0,0,10.178117048346072,0.0,8.0,1.5,0,0,0,0,0,0,0,0,N,,N,
04:19,UCAL,3570,147.0,14.94,14.94,,52.6,5.0,NORMAL,Y,0,0,15.0,0.0,8.0,1.5,0,0,0,0,0,0,0,0,N,,N,
04:19,UFLEX,1053,560.85,13.58,13.58,,26.5,31.85,NORMAL,Y,0,0,15.0,0.0,8.0,1.5,0,0,0,0,0,0,0,0,N,,N,
04:19,TRIVENI,13081,281.05,12.49,12.49,,40.0,5.0,NORMAL,Y,0,0,15.0,0.0,8.0,1.5,0,0,0,0,0,0,0,0,N,,N,
04:19,MSTCLTD,9356,651.05,12.11,12.11,,50.03,5.0,NORMAL,Y,0,0,15.0,0.0,8.0,1.5,0,0,0,0,0,0,0,0,N,,N,
04:19,PURVA,14922,242.42,11.26,11.26,,51.5,6.17,NORMAL,Y,0,0,15.0,0.0,8.0,1.5,0,0,0,0,0,0,0,0,N,,N,
04:19,GNFC,1174,596.0,8.28,8.28,,54.1,5.0,NORMAL,Y,0,0,15.0,0.0,8.0,1.5,0,0,0,0,0,0,0,0,N,,N,
04:19,FINCABLES,1038,1296.95,3.81,3.81,,54.5,5.0,NORMAL,Y,0,0,15.0,0.0,8.0,1.5,0,0,0,0,0,0,0,0,N,,N,
04:19,MUNJALAU,13511,124.65,3.42,3.42,,26.5,29.41,NORMAL,Y,0,0,15.0,0.0,8.0,1.5,0,0,0,0,0,0,0,0,N,,N,
04:19,LOTUSEYE,16807,118.99,3.27,3.27,,46.63,5.0,NORMAL,Y,0,0,15.0,0.0,8.0,1.5,0,0,0,0,0,0,0,0,N,,N,
04:19,MOTILALOFS,14947,932.3,3.16,3.16,,53.63,5.0,NORMAL,Y,0,0,15.0,0.0,8.0,1.5,0,0,0,0,0,0,0,0,N,,N,
04:19,WELSPUNLIV,11253,168.16,2.5,2.5,,32.32,7.27,NORMAL,Y,0,0,12.49542850176763,0.0,8.0,1.5,0,0,0,0,0,0,0,0,N,,N,
04:19,NARMADA,6364,384.9,2.37,2.37,,50.03,5.0,NORMAL,Y,0,0,11.835106382978694,0.0,8.0,1.5,0,0,0,0,0,0,0,0,N,,N,
04:19,BALRAMCHIN,341,638.6,2.2,2.2,,22.5,30.5,NORMAL,Y,0,0,11.002640633752101,0.0,8.0,1.5,0,0,0,0,0,0,0,0,N,,N,
04:19,EIDPARRY,916,792.25,2.2,2.2,,33.03,5.0,NORMAL,Y,0,0,10.997162022703789,0.0,8.0,1.5,0,0,0,0,0,0,0,0,N,,N,
04:19,OIL,17438,478.3,2.09,2.09,,44.45,5.0,NORMAL,Y,0,0,10.458911419423705,0.0,8.0,1.5,0,0,0,0,0,0,0,0,N,,N,
04:19,EBGNG,757862,577.0,2.09,2.09,,27.76,8.5,NORMAL,Y,0,0,10.438782731776323,0.0,8.0,1.5,0,0,0,0,0,0,0,0,N,,N,
04:19,MONTECARLO,5938,519.0,2.08,2.08,,22.37,12.66,NORMAL,Y,0,0,10.424862313139283,0.0,8.0,1.5,0,0,0,0,0,0,0,0,N,,N,
04:19,REDINGTON,14255,340.95,2.07,2.07,,43.33,9.1,NORMAL,Y,0,0,10.327795240233465,0.0,8.0,1.5,0,0,0,0,0,0,0,0,N,,N,
04:19,RUBICON,759316,1672.9,3.32,3.32,,48.29,8.5,NORMAL,Y,0,0,15.0,0.0,8.0,1.5,0,0,0,0,0,0,0,0,N,,N,
04:19,ENDURANCE,18822,2986.9,3.03,3.03,,33.74,5.43,NORMAL,Y,0,0,15.0,0.0,8.0,1.5,0,0,0,0,0,0,0,0,N,,N,
04:19,ROLEXRINGS,5279,179.66,1.91,1.91,,24.53,17.74,NORMAL,Y,0,0,9.529211571185435,0.0,8.0,1.5,0,0,0,0,0,0,0,0,N,,N,
04:19,TREJHARA,7518,165.28,1.84,1.84,,45.68,6.73,NORMAL,Y,0,0,9.180529882932808,0.0,8.0,1.5,0,0,0,0,0,0,0,0,N,,N,
04:19,HISARMETAL,19322,153.99,1.83,1.83,,24.16,18.52,NORMAL,Y,0,0,9.158841423092218,0.0,8.0,1.5,0,0,0,0,0,0,0,0,N,,N,
04:19,BHEL,438,429.1,1.75,1.75,,47.43,5.0,NORMAL,Y,0,0,8.774009959687021,0.0,8.0,1.5,0,0,0,0,0,0,0,0,N,,N,
04:19,AEGISLOG,40,1287.6,1.75,1.75,,28.9,10.26,NORMAL,N,0,0,8.77192982456133,0.0,8.0,1.5,0,0,0,0,0,0,0,0,N,,N,
04:19,VARROC,3857,862.6,1.73,1.73,,36.88,5.0,NORMAL,Y,0,0,8.668475056020783,0.0,8.0,1.5,0,0,0,0,0,0,0,0,N,,N,
04:19,ASHOKLEY,212,174.43,1.63,1.63,,23.13,14.84,NORMAL,Y,0,0,8.12747611279428,0.0,8.0,1.5,0,0,0,0,0,0,0,0,N,,N,
04:19,KIRIINDUS,16639,418.0,1.59,1.59,,44.71,5.0,NORMAL,Y,0,0,7.959654879086172,0.0,8.0,1.5,0,0,0,0,0,0,0,0,N,,N,
04:19,HINDCOPPER,17939,553.0,1.57,1.57,,41.54,5.0,NORMAL,Y,0,0,7.8519606942785884,0.0,8.0,1.5,0,0,0,0,0,0,0,0,N,,N,
04:19,GSFC,1247,162.73,1.55,1.55,,38.57,5.0,NORMAL,Y,0,0,7.737909516380624,0.0,8.0,1.5,0,0,0,0,0,0,0,0,N,,N,
04:19,TDPOWERSYS,25178,1521.6,2.49,2.49,,44.17,5.0,NORMAL,Y,0,0,12.4612690286946,0.0,8.0,1.5,0,0,0,0,0,0,0,0,N,,Y,NONRESULTS
04:19,NELCO,2388,1063.1,1.49,1.49,,45.62,5.0,NORMAL,Y,0,0,7.446300715990409,0.0,8.0,1.5,0,0,0,0,0,0,0,0,N,,N,
04:19,RGL,15129,124.8,1.44,1.44,,40.82,5.0,NORMAL,Y,0,0,7.193367471348435,0.0,8.0,1.5,0,0,0,0,0,0,0,0,N,,N,
04:19,VMM,27969,106.68,1.41,1.41,,45.38,5.0,NORMAL,N,0,0,7.034220532319411,0.0,8.0,1.5,0,0,0,0,0,0,0,0,Y,NONRESULTS,N,
04:19,LXCHEM,2841,178.52,1.4,1.4,,38.19,5.0,NORMAL,Y,0,0,7.015052541891505,0.0,8.0,1.5,0,0,0,0,0,0,0,0,N,,N,
04:19,ASTERDM,1508,833.55,1.36,1.36,,21.95,21.41,NORMAL,Y,0,0,6.809752538456819,0.0,8.0,1.5,0,0,0,0,0,0,0,0,N,,N,
04:19,PRICOLLTD,19631,802.35,1.3,1.3,,42.66,5.0,NORMAL,Y,0,0,6.502114765482021,0.0,8.0,1.5,0,0,0,0,0,0,0,0,N,,N,
04:19,SONACOMS,4684,802.25,1.29,1.29,,18.24,13.87,NORMAL,Y,0,0,6.470959595959596,0.0,8.0,1.5,0,0,0,0,0,0,0,0,N,,N,
04:19,HDFCLIFE,467,542.7,1.28,1.28,,37.07,5.0,NORMAL,N,0,0,6.3917140990949175,0.0,8.0,1.5,0,0,0,0,0,0,0,0,N,,N,
04:19,HINDZINC,1424,568.5,1.17,1.17,,34.57,5.0,NORMAL,Y,0,0,5.872931126534992,0.0,8.0,1.5,0,0,0,0,0,0,0,0,N,,N,
04:19,MEESHO,760229,193.37,1.16,1.16,,27.89,5.01,NORMAL,Y,0,0,5.7804980121364515,0.0,8.0,1.5,0,0,0,0,0,0,0,0,N,,N,
04:19,PDSL,5264,374.0,1.12,1.12,,35.86,5.0,NORMAL,Y,0,0,5.610382587535456,0.0,8.0,1.5,0,0,0,0,0,0,0,0,N,,N,
04:19,KIMS,4847,817.4,1.03,1.03,,27.1,5.0,NORMAL,Y,0,0,5.129155852181408,0.0,8.0,1.5,0,0,0,0,0,0,0,0,N,,N,
04:19,HINDALCO,1363,1040.0,1.02,1.02,,26.72,5.0,NORMAL,Y,0,0,5.099562894609033,0.0,8.0,1.5,0,0,0,0,0,0,0,0,N,,N,
04:19,RAMCOCEM,2043,916.25,1.0,1.0,,30.56,5.0,NORMAL,N,0,0,4.9878747795414204,0.0,8.0,1.5,0,0,0,0,0,0,0,0,N,,N,
04:19,CESC,628,169.49,0.99,0.99,,36.52,5.0,NORMAL,Y,0,0,4.945480545790373,0.0,8.0,1.5,0,0,0,0,0,0,0,0,N,,N,
04:19,BERGEPAINT,404,550.3,0.95,0.95,,29.5,5.0,NORMAL,Y,0,0,4.769767015226501,0.0,8.0,1.5,0,0,0,0,0,0,0,0,N,,N,
04:19,GMRAIRPORT,13528,102.47,0.95,0.95,,37.75,5.0,NORMAL,N,0,0,4.728598167668179,0.0,8.0,1.5,0,0,0,0,0,0,0,0,Y,NONRESULTS,N,
04:19,MRPL,2283,172.15,0.94,0.94,,23.61,17.03,NORMAL,Y,0,0,4.720300222821665,0.0,8.0,1.5,0,0,0,0,0,0,0,0,N,,N,
04:19,BECTORFOOD,1628,242.61,0.93,0.93,,24.3,5.0,NORMAL,Y,0,0,4.659483296584452,0.0,8.0,1.5,0,0,0,0,0,0,0,0,N,,N,
04:19,MIDHANI,2463,431.2,-3.07,-3.07,,39.5,20.0,NORMAL,Y,0,0,0.0,15.0,8.0,1.5,0,0,0,0,0,0,0,0,N,,N,
04:19,KNRCON,15283,127.35,-3.84,-3.84,,11.5,34.46,NORMAL,N,0,0,0.0,15.0,8.0,1.5,0,0,0,0,0,0,0,0,N,,N,
04:19,GODREJIND,10925,1202.3,-4.01,-4.01,,11.5,43.76,NORMAL,N,0,0,0.0,15.0,8.0,1.5,0,0,0,0,0,0,0,0,N,,N,
04:19,VERANDA,8890,234.0,-4.84,-4.84,,15.0,29.77,NORMAL,N,0,0,0.0,15.0,8.0,1.5,0,0,0,0,0,0,0,0,N,,Y,NONRESULTS
04:19,SHIVALIK,7026,254.6,-5.0,-5.0,,11.5,31.75,NORMAL,Y,0,0,0.0,15.0,8.0,1.5,0,0,0,0,0,0,0,0,N,,N,
04:19,SCHNEIDER,31234,1208.1,-11.77,-11.77,,11.5,48.0,NORMAL,N,0,0,0.0,15.0,8.0,1.5,0,0,0,0,0,0,0,0,Y,NONRESULTS,N,
04:19,EXICOM,22947,147.3,-2.96,-2.96,,11.5,31.15,NORMAL,N,0,0,0.0,14.790170630476252,8.0,1.5,0,0,0,0,0,0,0,0,N,,N,
04:19,TEJASNET,21131,522.7,-2.93,-2.93,,11.5,33.08,NORMAL,N,0,0,0.0,14.670380687093736,8.0,1.5,0,0,0,0,0,0,0,0,N,,N,
04:19,HAPPSTMNDS,48,409.05,-2.65,-2.65,,11.5,44.72,NORMAL,Y,0,0,0.0,13.267491670633005,8.0,1.5,0,0,0,0,0,0,0,0,N,,N,
04:19,J&KBANK,5633,151.42,-2.61,-2.61,,11.5,35.5,NORMAL,N,0,0,0.0,13.056341651659384,8.0,1.5,0,0,0,0,0,0,0,0,N,,N,
04:19,VOLTAS,3718,1286.9,-2.54,-2.54,,29.5,25.65,NORMAL,N,0,0,0.0,12.72245361605449,8.0,1.5,0,0,0,0,0,0,0,0,N,,N,
04:19,GUJGASLTD,10599,276.55,-2.26,-2.26,,11.5,40.84,NORMAL,Y,0,0,0.0,11.30941862519876,8.0,1.5,0,0,0,0,0,0,0,0,N,,N,
04:19,SAMHI,18614,159.75,-2.22,-2.22,,25.62,19.9,NORMAL,N,0,0,0.0,11.079145497949453,8.0,1.5,0,0,0,0,0,0,0,0,N,,N,
04:19,TITAGARH,15414,813.75,-2.12,-2.12,,11.5,27.46,NORMAL,N,0,0,0.0,10.585192758765878,8.0,1.5,0,0,0,0,0,0,0,0,N,,N,
04:19,INDIANB,14309,876.15,-2.1,-2.1,,11.5,27.65,NORMAL,Y,0,0,0.0,10.503380077099315,8.0,1.5,0,0,0,0,0,0,0,0,N,,N,
04:19,GENUSPOWER,11905,302.85,-2.02,-2.02,,11.5,37.57,NORMAL,N,0,0,0.0,10.109996764801036,8.0,1.5,0,0,0,0,0,0,0,0,N,,N,
04:19,SONATSOFTW,6596,319.35,-2.01,-2.01,,11.5,28.56,NORMAL,Y,0,0,0.0,10.049094814360163,8.0,1.5,0,0,0,0,0,0,0,0,N,,N,
04:19,NMDC,15332,81.42,-3.53,-3.53,,11.5,32.32,NORMAL,N,0,0,0.0,15.0,8.0,1.5,0,0,0,0,0,0,0,0,N,,N,
04:19,TECHNOE,6445,949.55,-1.95,-1.95,,11.5,27.76,NORMAL,N,0,0,0.0,9.732548533663786,8.0,1.5,0,0,0,0,0,0,0,0,N,,N,
04:19,INOXGREEN,12188,183.43,-1.95,-1.95,,19.02,18.23,NORMAL,N,0,0,0.0,9.728978457261952,8.0,1.5,0,0,0,0,0,0,0,0,N,,N,
04:19,SESHAPAPER,3066,227.65,-1.89,-1.89,,11.5,28.99,NORMAL,N,0,0,0.0,9.45957593518356,8.0,1.5,0,0,0,0,0,0,0,0,N,,N,
04:19,BRIGADE,15184,580.75,-1.83,-1.83,,25.98,14.13,NORMAL,Y,0,0,0.0,9.12856056123739,8.0,1.5,0,0,0,0,0,0,0,0,N,,N,
04:19,SANGAMIND,4184,590.5,-1.75,-1.75,,16.2,20.74,NORMAL,N,0,0,0.0,8.735440931780365,8.0,1.5,0,0,0,0,0,0,0,0,N,,N,
04:19,RELAXO,24225,389.5,-1.7,-1.7,,11.54,36.87,NORMAL,N,0,0,0.0,8.517350157728707,8.0,1.5,0,0,0,0,0,0,0,0,N,,N,
04:19,HGINFRA,1672,515.55,-1.57,-1.57,,11.5,25.27,NORMAL,N,0,0,0.0,7.8281622911694955,8.0,1.5,0,0,0,0,0,0,0,0,N,,N,
04:19,TIPSMUSIC,9117,660.4,-1.57,-1.57,,11.5,32.82,NORMAL,N,0,0,0.0,7.825309286033686,8.0,1.5,0,0,0,0,0,0,0,0,N,,N,
04:19,PNB,10666,116.24,-1.49,-1.49,,15.0,16.81,NORMAL,Y,0,0,0.0,7.45762711864409,8.0,1.5,0,0,0,0,0,0,0,0,N,,N,
04:19,HCLTECH,7229,1340.0,-1.47,-1.47,,11.5,20.59,NORMAL,Y,0,0,0.0,7.352941176470588,8.0,1.5,0,0,0,0,0,0,0,0,N,,N,
04:19,INFY,1594,1152.4,-1.44,-1.44,,11.5,23.78,NORMAL,Y,0,0,0.0,7.184399589462861,8.0,1.5,0,0,0,0,0,0,0,0,N,,N,
04:19,RHIM,31163,374.4,-1.43,-1.43,,11.5,20.59,NORMAL,N,0,0,0.0,7.173884428063769,8.0,1.5,0,0,0,0,0,0,0,0,N,,N,
04:19,KARURVYSYA,1838,327.0,-1.43,-1.43,,11.5,29.84,NORMAL,N,0,0,0.0,7.159005275056519,8.0,1.5,0,0,0,0,0,0,0,0,N,,N,
04:19,PARAS,5911,1358.1,-1.41,-1.41,,11.78,24.46,NORMAL,Y,0,0,0.0,7.041742286751395,8.0,1.5,0,0,0,0,0,0,0,0,N,,N,
04:19,HCG,15555,704.3,-1.4,-1.4,,11.5,25.68,NORMAL,Y,0,0,0.0,6.999860002799945,8.0,1.5,0,0,0,0,0,0,0,0,N,,N,
04:19,BORORENEW,3149,569.0,-1.4,-1.4,,11.5,22.15,NORMAL,N,0,0,0.0,6.975132137596356,8.0,1.5,0,0,0,0,0,0,0,0,N,,N,
04:19,UNIONBANK,10753,184.81,-1.37,-1.37,,12.29,19.14,NORMAL,Y,0,0,0.0,6.857722275589692,8.0,1.5,0,0,0,0,0,0,0,0,N,,N,
04:19,AIIL,23553,557.2,-1.36,-1.36,,11.5,21.45,NORMAL,N,0,0,0.0,6.815365551424971,8.0,1.5,0,0,0,0,0,0,0,0,N,,N,
04:19,THYROCARE,17032,615.65,-1.35,-1.35,,11.5,36.29,NORMAL,Y,0,0,0.0,6.730229949523258,8.0,1.5,0,0,0,0,0,0,0,0,N,,N,
04:19,SARDAEN,17758,524.05,-1.34,-1.34,,11.5,23.82,NORMAL,Y,0,0,0.0,6.683611032664993,8.0,1.5,0,0,0,0,0,0,0,0,N,,N,
04:19,RAMKY,20134,384.85,-1.33,-1.33,,11.5,29.08,NORMAL,N,0,0,0.0,6.665812075374937,8.0,1.5,0,0,0,0,0,0,0,0,N,,N,
04:19,360ONE,13061,1164.3,-1.33,-1.33,,33.2,11.65,NORMAL,Y,0,0,0.0,6.652542372881374,8.0,1.5,0,0,0,0,0,0,0,0,N,,N,
04:19,BATAINDIA,371,745.65,-1.33,-1.33,,11.5,36.43,NORMAL,Y,0,0,0.0,6.6494640730449035,8.0,1.5,0,0,0,0,0,0,0,0,N,,Y,NONRESULTS
04:19,JSWINFRA,19020,334.65,-1.33,-1.33,,15.27,15.27,NORMAL,N,0,0,0.0,6.634232640424591,8.0,1.5,0,0,0,0,0,0,0,0,N,,N,
04:19,BANKBARODA,4668,244.94,-1.32,-1.32,,12.02,18.81,NORMAL,N,0,0,0.0,6.607042140037067,8.0,1.5,0,0,0,0,0,0,0,0,N,,N,
04:19,APCL,20453,102.19,-1.31,-1.31,,11.5,18.57,NORMAL,N,0,0,0.0,6.566875905359726,8.0,1.5,0,0,0,0,0,0,0,0,N,,N,
04:19,BIOCON,11373,411.55,-1.31,-1.31,,11.5,32.19,NORMAL,N,0,0,0.0,6.534772182254184,8.0,1.5,0,0,0,0,0,0,0,0,N,,N,
04:19,NCC,2319,138.82,-1.3,-1.3,,11.5,23.31,NORMAL,N,0,0,0.0,6.505510131532216,8.0,1.5,0,0,0,0,0,0,0,0,N,,N,
04:19,WOCKPHARMA,7506,1888.4,-2.29,-2.29,,11.5,29.97,NORMAL,N,0,0,0.0,11.460650902881966,8.0,1.5,0,0,0,0,0,0,0,0,N,,N,
04:19,KRBL,10577,381.45,-1.28,-1.28,,11.5,25.86,NORMAL,Y,0,0,0.0,6.405279503105577,8.0,1.5,0,0,0,0,0,0,0,0,N,,N,
04:19,PUNJABCHEM,4344,1080.8,-1.28,-1.28,,19.84,11.46,NORMAL,N,0,0,0.0,6.39386189258312,8.0,1.5,0,0,0,0,0,0,0,0,N,,N,
04:19,CHEMPLASTS,5449,181.76,-1.27,-1.27,,11.5,26.25,NORMAL,N,0,0,0.0,6.355241716458456,8.0,1.5,0,0,0,0,0,0,0,0,N,,N,
04:19,GNFC,1174,596.0,8.28,8.28,,54.11,5.0,NORMAL,Y,0,0,15.0,0.0,8.0,1.5,0,0,0,0,0,0,0,0,N,,N,
04:19,FINCABLES,1038,1296.95,3.81,3.81,,54.5,5.0,NORMAL,Y,0,0,15.0,0.0,8.0,1.5,0,0,0,0,0,0,0,0,N,,N,
04:19,BALRAMCHIN,341,638.6,2.2,2.2,,22.5,29.75,NORMAL,Y,0,0,11.002640633752101,0.0,8.0,1.5,0,0,0,0,0,0,0,0,N,,N,
04:19,ROLEXRINGS,5279,179.66,1.91,1.91,,24.53,21.13,NORMAL,Y,0,0,9.529211571185435,0.0,8.0,1.5,0,0,0,0,0,0,0,0,N,,N,
04:19,KIRIINDUS,16639,418.0,1.59,1.59,,44.71,5.0,NORMAL,Y,0,0,7.959654879086172,0.0,8.0,1.5,0,0,0,0,0,0,0,0,N,,N,
04:34,UFLEX,1053,567.6,14.95,14.95,,38.09,5.0,NORMAL,Y,0,0,15.0,0.0,8.0,1.5,0,0,0,0,0,0,0,0,N,,N,
04:34,UCAL,3570,146.99,14.93,14.93,,51.72,5.0,NORMAL,Y,0,0,15.0,0.0,8.0,1.5,0,0,0,0,0,0,0,0,N,,N,
04:34,TRIVENI,13081,281.39,12.63,12.63,,33.5,12.97,NORMAL,Y,0,0,15.0,0.0,8.0,1.5,0,0,0,0,0,0,0,0,N,,N,
04:34,MSTCLTD,9356,648.35,11.65,11.65,,33.59,16.15,NORMAL,Y,0,0,15.0,0.0,8.0,1.5,0,0,0,0,0,0,0,0,N,,N,
04:34,PURVA,14922,242.68,11.38,11.38,,33.75,9.7,NORMAL,Y,0,0,15.0,0.0,8.0,1.5,0,0,0,0,0,0,0,0,N,,N,
04:34,GNFC,1174,591.5,7.47,7.47,,33.5,10.87,NORMAL,Y,0,0,15.0,0.0,8.0,1.5,0,0,0,0,0,0,0,0,N,,N,
04:34,FINCABLES,1038,1296.2,3.75,3.75,,33.69,8.3,NORMAL,Y,0,0,15.0,0.0,8.0,1.5,0,0,0,0,0,0,0,0,N,,N,
04:34,MIDHANI,2463,432.0,3.67,3.67,,53.77,5.0,NORMAL,Y,0,0,15.0,0.0,8.0,1.5,0,0,0,0,0,0,0,0,N,,N,
04:34,NELCO,2388,1060.6,3.51,3.51,,44.89,5.0,NORMAL,Y,0,0,15.0,0.0,8.0,1.5,0,0,0,0,0,0,0,0,N,,N,
04:34,MUNJALAU,13511,124.66,3.43,3.43,,26.5,16.79,NORMAL,Y,0,0,15.0,0.0,8.0,1.5,0,0,0,0,0,0,0,0,N,,N,
04:34,MOTILALOFS,14947,934.3,3.39,3.39,,35.07,5.57,NORMAL,Y,0,0,15.0,0.0,8.0,1.5,0,0,0,0,0,0,0,0,N,,N,
04:34,PVRINOX,13147,1204.0,2.56,2.56,,48.38,5.0,NORMAL,Y,0,0,12.776831345826233,0.0,8.0,1.5,0,0,0,0,0,0,0,0,N,,N,
04:34,LOTUSEYE,16807,118.0,2.41,2.41,,27.06,16.22,NORMAL,N,0,0,12.063877798993236,0.0,8.0,1.5,0,0,0,0,0,0,0,0,N,,N,
04:34,EIDPARRY,916,792.95,2.29,2.29,,29.95,7.27,NORMAL,Y,0,0,11.448658410732714,0.0,8.0,1.5,0,0,0,0,0,0,0,0,N,,N,
04:34,ROLEXRINGS,5279,180.2,2.21,2.21,,29.56,10.35,NORMAL,Y,0,0,11.060692002268794,0.0,8.0,1.5,0,0,0,0,0,0,0,0,N,,N,
04:34,VARROC,3857,865.9,2.12,2.12,,47.87,5.0,NORMAL,Y,0,0,10.614459252270317,0.0,8.0,1.5,0,0,0,0,0,0,0,0,N,,N,
04:34,BALRAMCHIN,341,638.1,2.12,2.12,,27.37,12.3,NORMAL,Y,0,0,10.602544610706568,0.0,8.0,1.5,0,0,0,0,0,0,0,0,N,,N,
04:34,MONTECARLO,5938,519.05,2.09,2.09,,22.32,12.0,NORMAL,Y,0,0,10.4740361919748,0.0,8.0,1.5,0,0,0,0,0,0,0,0,N,,N,
04:34,RUBICON,759316,1702.9,5.07,5.07,,36.5,13.21,NORMAL,Y,0,0,15.0,0.0,8.0,1.5,0,0,0,0,0,0,0,0,N,,N,
04:34,TDPOWERSYS,25178,1548.3,4.5,4.5,,53.86,5.0,NORMAL,Y,0,0,15.0,0.0,8.0,1.5,0,0,0,0,0,0,0,0,N,,Y,NONRESULTS
04:34,ENDURANCE,18822,2985.8,2.99,2.99,,34.5,5.0,NORMAL,Y,0,0,14.97067954467061,0.0,8.0,1.5,0,0,0,0,0,0,0,0,N,,N,
04:34,CHALET,8546,840.9,1.91,1.91,,47.92,5.0,NORMAL,Y,0,0,9.574597018543178,0.0,8.0,1.5,0,0,0,0,0,0,0,0,N,,N,
04:34,REDINGTON,14255,340.25,1.86,1.86,,20.78,27.05,NORMAL,Y,0,0,9.280047897021388,0.0,8.0,1.5,0,0,0,0,0,0,0,0,N,,N,
04:34,HISARMETAL,19322,154.0,1.84,1.84,,24.19,28.94,NORMAL,Y,0,0,9.191905832561835,0.0,8.0,1.5,0,0,0,0,0,0,0,0,N,,N,
04:34,BHEL,438,429.45,1.84,1.84,,33.57,5.0,NORMAL,Y,0,0,9.188996917239743,0.0,8.0,1.5,0,0,0,0,0,0,0,0,N,,N,
04:34,NARMADA,6364,382.9,1.84,1.84,,28.26,12.92,NORMAL,Y,0,0,9.175531914893586,0.0,8.0,1.5,0,0,0,0,0,0,0,0,N,,N,
04:34,ZODIACLOTH,3821,77.29,2.77,2.77,,34.5,23.0,NORMAL,Y,0,0,13.827948411115626,0.0,8.0,1.5,0,0,0,0,0,0,0,0,N,,N,
04:34,OIL,17438,476.6,1.73,1.73,,23.64,16.19,NORMAL,Y,0,0,8.644610458911442,0.0,8.0,1.5,0,0,0,0,0,0,0,0,N,,N,
04:34,WELSPUNLIV,11253,166.77,1.65,1.65,,19.76,20.86,NORMAL,Y,0,0,8.259173473119613,0.0,8.0,1.5,0,0,0,0,0,0,0,0,N,,N,
04:34,LXCHEM,2841,178.91,1.62,1.62,,29.28,5.0,NORMAL,Y,0,0,8.122692416926968,0.0,8.0,1.5,0,0,0,0,0,0,0,0,N,,N,
04:34,SONACOMS,4684,804.7,1.6,1.6,,26.41,8.66,NORMAL,Y,0,0,8.017676767676797,0.0,8.0,1.5,0,0,0,0,0,0,0,0,N,,N,
04:34,AEGISLOG,40,1285.6,1.6,1.6,,22.98,17.27,NORMAL,N,0,0,7.981665876402645,0.0,8.0,1.5,0,0,0,0,0,0,0,0,N,,N,
04:34,HINDZINC,1424,570.7,1.57,1.57,,27.19,8.15,NORMAL,Y,0,0,7.8305748353800215,0.0,8.0,1.5,0,0,0,0,0,0,0,0,N,,N,
04:34,GSFC,1247,162.56,1.44,1.44,,30.24,5.0,NORMAL,Y,0,0,7.207488299531988,0.0,8.0,1.5,0,0,0,0,0,0,0,0,N,,N,
04:34,YATRA,18760,115.65,1.44,1.44,,38.52,5.0,NORMAL,Y,0,0,7.192351548109817,0.0,8.0,1.5,0,0,0,0,0,0,0,0,N,,N,
04:34,ELGIEQUIP,937,618.15,1.42,1.42,,30.75,5.0,NORMAL,Y,0,0,7.095980311730909,0.0,8.0,1.5,0,0,0,0,0,0,0,0,N,,N,
04:34,ASHOKLEY,212,174.0,1.37,1.37,,18.37,14.37,NORMAL,Y,0,0,6.874854346306263,0.0,8.0,1.5,0,0,0,0,0,0,0,0,N,,N,
04:34,METROPOLIS,9581,553.0,1.37,1.37,,39.84,5.0,NORMAL,N,0,0,6.8744271310724105,0.0,8.0,1.5,0,0,0,0,0,0,0,0,N,,N,
04:34,BECTORFOOD,1628,243.64,1.36,1.36,,41.52,5.0,NORMAL,Y,0,0,6.802013562424557,0.0,8.0,1.5,0,0,0,0,0,0,0,0,N,,N,
04:34,RAYMOND,2859,643.9,1.33,1.33,,45.37,5.0,NORMAL,Y,0,0,6.648831536706217,0.0,8.0,1.5,0,0,0,0,0,0,0,0,N,,N,
04:34,HINDCOPPER,17939,551.5,1.29,1.29,,25.34,11.43,NORMAL,Y,0,0,6.474423730370056,0.0,8.0,1.5,0,0,0,0,0,0,0,0,N,,N,
04:34,RGL,15129,124.61,1.28,1.28,,26.39,11.96,NORMAL,Y,0,0,6.421198081768667,0.0,8.0,1.5,0,0,0,0,0,0,0,0,N,,N,
04:34,ANTHEM,757885,900.95,1.22,1.22,,24.59,6.36,NORMAL,Y,0,0,6.094820806650952,0.0,8.0,1.5,0,0,0,0,0,0,0,0,N,,N,
04:34,ASTERDM,1508,831.95,1.17,1.17,,17.34,21.72,NORMAL,Y,0,0,5.836930747248752,0.0,8.0,1.5,0,0,0,0,0,0,0,0,N,,N,
04:34,GOCLCORP,3963,401.2,1.03,1.03,,24.15,5.94,NORMAL,N,0,0,5.162427600100686,0.0,8.0,1.5,0,0,0,0,0,0,0,0,N,,N,
04:34,EBGNG,757862,571.0,1.03,1.03,,16.63,30.41,NORMAL,Y,0,0,5.130927105449358,0.0,8.0,1.5,0,0,0,0,0,0,0,0,N,,N,
04:34,HDFCLIFE,467,541.25,1.01,1.01,,23.89,5.48,NORMAL,N,0,0,5.038723523374057,0.0,8.0,1.5,0,0,0,0,0,0,0,0,N,,N,
04:34,CESC,628,169.51,1.0,1.0,,20.13,10.88,NORMAL,Y,0,0,5.005064648751648,0.0,8.0,1.5,0,0,0,0,0,0,0,0,N,,N,
04:34,SHALBY,714,154.43,0.99,0.99,,28.14,5.0,NORMAL,N,0,0,4.970243934340496,0.0,8.0,1.5,0,0,0,0,0,0,0,0,N,,N,
04:34,JAINREC,759244,296.3,0.99,0.99,,26.85,5.0,NORMAL,N,0,0,4.9420586230402765,0.0,8.0,1.5,0,0,0,0,0,0,0,0,N,,N,
04:34,J&KBANK,5633,150.64,-3.11,-3.11,,11.5,45.71,NORMAL,N,0,0,0.0,15.0,8.0,1.5,0,0,0,0,0,0,0,0,N,,N,
04:34,GODREJIND,10925,1209.3,-3.45,-3.45,,29.38,23.5,NORMAL,N,0,0,0.0,15.0,8.0,1.5,0,0,0,0,0,0,0,0,N,,N,
04:34,KNRCON,15283,127.0,-4.1,-4.1,,11.5,40.84,NORMAL,N,0,0,0.0,15.0,8.0,1.5,0,0,0,0,0,0,0,0,N,,N,
04:34,SHIVALIK,7026,254.6,-5.0,-5.0,,11.5,27.0,NORMAL,Y,0,0,0.0,15.0,8.0,1.5,0,0,0,0,0,0,0,0,N,,N,
04:34,VERANDA,8890,233.4,-5.08,-5.08,,11.5,42.86,NORMAL,N,0,0,0.0,15.0,8.0,1.5,0,0,0,0,0,0,0,0,N,,Y,NONRESULTS
04:34,SCHNEIDER,31234,1199.2,-12.42,-12.42,,30.16,27.0,NORMAL,N,0,0,0.0,15.0,8.0,1.5,0,0,0,0,0,0,0,0,Y,NONRESULTS,N,
04:34,HAPPSTMNDS,48,408.45,-2.8,-2.8,,11.5,30.87,NORMAL,Y,0,0,0.0,13.981437410756783,8.0,1.5,0,0,0,0,0,0,0,0,N,,N,
04:34,EXICOM,22947,147.6,-2.76,-2.76,,11.56,32.23,NORMAL,N,0,0,0.0,13.801963238685019,8.0,1.5,0,0,0,0,0,0,0,0,N,,N,
04:34,TEJASNET,21131,523.65,-2.76,-2.76,,14.12,25.84,NORMAL,N,0,0,0.0,13.788300835654615,8.0,1.5,0,0,0,0,0,0,0,0,N,,N,
04:34,GUJGASLTD,10599,275.4,-2.67,-2.67,,11.5,32.29,NORMAL,Y,0,0,0.0,13.341579784414229,8.0,1.5,0,0,0,0,0,0,0,0,N,,N,
04:34,VOLTAS,3718,1290.6,-2.26,-2.26,,11.75,25.29,NORMAL,N,0,0,0.0,11.321469140477127,8.0,1.5,0,0,0,0,0,0,0,0,N,,N,
04:34,SAMHI,18614,159.92,-2.11,-2.11,,21.21,19.06,NORMAL,N,0,0,0.0,10.558854134786122,8.0,1.5,0,0,0,0,0,0,0,0,N,,N,
04:34,INDIANB,14309,876.55,-2.06,-2.06,,15.59,18.88,NORMAL,Y,0,0,0.0,10.279903905246154,8.0,1.5,0,0,0,0,0,0,0,0,N,,N,
04:34,NMDC,15332,81.54,-3.39,-3.39,,14.98,27.0,NORMAL,N,0,0,0.0,15.0,8.0,1.5,0,0,0,0,0,0,0,0,N,,N,
04:34,GENUSPOWER,11905,303.0,-1.97,-1.97,,18.75,22.41,NORMAL,N,0,0,0.0,9.867356842445846,8.0,1.5,0,0,0,0,0,0,0,0,N,,N,
04:34,TECHNOE,6445,949.3,-1.97,-1.97,,11.5,23.22,NORMAL,N,0,0,0.0,9.8616274266832,8.0,1.5,0,0,0,0,0,0,0,0,N,,N,
04:34,TITAGARH,15414,815.0,-1.97,-1.97,,11.76,23.32,NORMAL,N,0,0,0.0,9.833403500330801,8.0,1.5,0,0,0,0,0,0,0,0,N,,N,
04:34,SONATSOFTW,6596,319.5,-1.96,-1.96,,14.74,22.0,NORMAL,Y,0,0,0.0,9.818962872046606,8.0,1.5,0,0,0,0,0,0,0,0,N,,N,
04:34,AVANTIFEED,7936,844.65,-1.94,-1.94,,11.5,30.49,NORMAL,N,0,0,0.0,9.722544694683075,8.0,1.5,0,0,0,0,0,0,0,0,N,,N,
04:34,TIPSMUSIC,9117,658.05,-1.92,-1.92,,11.95,22.22,NORMAL,N,0,0,0.0,9.576688031003147,8.0,1.5,0,0,0,0,0,0,0,0,N,,N,
04:34,ERIS,21154,1332.8,-1.89,-1.89,,11.5,27.18,NORMAL,N,0,0,0.0,9.458962090541055,8.0,1.5,0,0,0,0,0,0,0,0,N,,N,
04:34,INOXGREEN,12188,183.6,-1.85,-1.85,,22.39,14.27,NORMAL,N,0,0,0.0,9.274603089752498,8.0,1.5,0,0,0,0,0,0,0,0,N,,N,
04:34,SESHAPAPER,3066,227.75,-1.85,-1.85,,16.8,21.24,NORMAL,N,0,0,0.0,9.244095845543855,8.0,1.5,0,0,0,0,0,0,0,0,N,,N,
04:34,BRIGADE,15184,581.15,-1.76,-1.76,,23.93,13.79,NORMAL,Y,0,0,0.0,8.790465725636022,8.0,1.5,0,0,0,0,0,0,0,0,N,,N,
04:34,PNB,10666,115.98,-1.71,-1.71,,11.5,25.27,NORMAL,Y,0,0,0.0,8.559322033898288,8.0,1.5,0,0,0,0,0,0,0,0,N,,N,
04:34,BANCOINDIA,13880,607.7,-1.68,-1.68,,11.5,29.82,NORMAL,N,0,0,0.0,8.412878175052562,8.0,1.5,0,0,0,0,0,0,0,0,N,,N,
04:34,BIOCON,11373,410.0,-1.68,-1.68,,19.58,20.81,NORMAL,N,0,0,0.0,8.393285371702639,8.0,1.5,0,0,0,0,0,0,0,0,N,,N,
04:34,RELAXO,24225,389.65,-1.67,-1.67,,11.5,21.33,NORMAL,N,0,0,0.0,8.328075709779208,8.0,1.5,0,0,0,0,0,0,0,0,N,,N,
04:34,SANGAMIND,4184,591.35,-1.61,-1.61,,21.11,16.6,NORMAL,N,0,0,0.0,8.028286189683842,8.0,1.5,0,0,0,0,0,0,0,0,N,,N,
04:34,BORORENEW,3149,568.0,-1.57,-1.57,,11.5,26.06,NORMAL,N,0,0,0.0,7.841608179533798,8.0,1.5,0,0,0,0,0,0,0,0,N,,N,
04:34,INFY,1594,1151.5,-1.51,-1.51,,12.09,19.92,NORMAL,Y,0,0,0.0,7.569278138898411,8.0,1.5,0,0,0,0,0,0,0,0,N,,N,
04:34,RAMKY,20134,384.15,-1.51,-1.51,,11.5,19.91,NORMAL,N,0,0,0.0,7.563132931675469,8.0,1.5,0,0,0,0,0,0,0,0,N,,N,
04:34,360ONE,13061,1162.5,-1.48,-1.48,,18.5,14.56,NORMAL,Y,0,0,0.0,7.415254237288136,8.0,1.5,0,0,0,0,0,0,0,0,N,,N,
04:34,HGINFRA,1672,516.0,-1.48,-1.48,,11.85,19.53,NORMAL,N,0,0,0.0,7.398568019093079,8.0,1.5,0,0,0,0,0,0,0,0,N,,N,
04:34,HCLTECH,7229,1339.9,-1.48,-1.48,,12.21,19.63,NORMAL,Y,0,0,0.0,7.389705882352907,8.0,1.5,0,0,0,0,0,0,0,0,N,,N,
04:34,KRBL,10577,381.15,-1.36,-1.36,,27.96,18.92,NORMAL,Y,0,0,0.0,6.793478260869565,8.0,1.5,0,0,0,0,0,0,0,0,N,,N,
04:34,NCC,2319,138.75,-1.35,-1.35,,11.5,18.82,NORMAL,N,0,0,0.0,6.7543547813722205,8.0,1.5,0,0,0,0,0,0,0,0,N,,N,
04:34,GAIL,4717,172.58,-1.33,-1.33,,11.5,23.04,NORMAL,N,0,0,0.0,6.632361349342461,8.0,1.5,0,0,0,0,0,0,0,0,N,,N,
04:34,BLS,17279,274.45,-1.32,-1.32,,11.5,37.84,NORMAL,Y,0,0,0.0,6.597871422407623,8.0,1.5,0,0,0,0,0,0,0,0,N,,N,
04:34,BANKBARODA,4668,244.95,-1.32,-1.32,,11.5,19.77,NORMAL,N,0,0,0.0,6.586898718878435,8.0,1.5,0,0,0,0,0,0,0,0,N,,N,
04:34,HUDCO,20825,187.5,-1.31,-1.31,,15.0,18.23,NORMAL,N,0,0,0.0,6.552976472445942,8.0,1.5,0,0,0,0,0,0,0,0,N,,N,
04:34,BATAINDIA,371,745.85,-1.3,-1.3,,11.92,18.52,NORMAL,Y,0,0,0.0,6.5171364298002,8.0,1.5,0,0,0,0,0,0,0,0,N,,Y,NONRESULTS
04:34,WIPRO,3787,181.65,-1.28,-1.28,,12.07,18.66,NORMAL,N,0,0,0.0,6.385869565217376,8.0,1.5,0,0,0,0,0,0,0,0,N,,N,
04:34,CYIENT,5748,856.0,-1.27,-1.27,,11.5,33.98,NORMAL,Y,0,0,0.0,6.372181535090222,8.0,1.5,0,0,0,0,0,0,0,0,N,,N,
04:34,JIOFIN,18143,245.9,-1.26,-1.26,,11.5,21.98,NORMAL,N,0,0,0.0,6.324031319012257,8.0,1.5,0,0,0,0,0,0,0,0,N,,N,
04:34,SARDAEN,17758,524.55,-1.24,-1.24,,11.5,19.99,NORMAL,Y,0,0,0.0,6.212934199378729,8.0,1.5,0,0,0,0,0,0,0,0,N,,N,
04:34,CDSL,21174,1327.7,-1.24,-1.24,,15.0,15.68,NORMAL,N,0,0,0.0,6.21094912228505,8.0,1.5,0,0,0,0,0,0,0,0,N,,N,
04:34,TATAINVEST,1621,659.05,-1.24,-1.24,,15.07,14.93,NORMAL,N,0,0,0.0,6.181627453918778,8.0,1.5,0,0,0,0,0,0,0,0,N,,N,
04:34,AIIL,23553,558.0,-1.22,-1.22,,12.91,18.14,NORMAL,N,0,0,0.0,6.107275624004229,8.0,1.5,0,0,0,0,0,0,0,0,N,,N,
04:34,APLLTD,25328,821.3,-1.2,-1.2,,11.5,20.49,NORMAL,Y,0,0,0.0,5.9849624060150655,8.0,1.5,0,0,0,0,0,0,0,0,N,,N,
04:34,UFLEX,1053,567.6,14.95,14.95,,36.68,5.0,NORMAL,Y,0,0,15.0,0.0,8.0,1.5,0,0,0,0,0,0,0,0,N,,N,
04:34,TRIVENI,13081,281.39,12.63,12.63,,33.5,6.8,NORMAL,Y,0,0,15.0,0.0,8.0,1.5,0,0,0,0,0,0,0,0,N,,N,
04:34,MSTCLTD,9356,648.35,11.65,11.65,,33.58,16.64,NORMAL,Y,0,0,15.0,0.0,8.0,1.5,0,0,0,0,0,0,0,0,N,,N,
04:34,MOTILALOFS,14947,934.3,3.39,3.39,,39.84,5.0,NORMAL,Y,0,0,15.0,0.0,8.0,1.5,0,0,0,0,0,0,0,0,N,,N,
04:34,VARROC,3857,865.9,2.12,2.12,,47.77,5.0,NORMAL,Y,0,0,10.614459252270317,0.0,8.0,1.5,0,0,0,0,0,0,0,0,N,,N,
04:49,TRIVENI,13081,280.34,12.21,12.21,,33.5,6.58,NORMAL,Y,0,0,15.0,0.0,8.0,1.5,0,0,0,0,0,0,0,0,N,,N,
04:49,PURVA,14922,242.05,11.09,11.09,,30.18,10.76,NORMAL,Y,0,0,15.0,0.0,8.0,1.5,0,0,0,0,0,0,0,0,N,,N,
04:49,FINCABLES,1038,1299.85,4.05,4.05,,33.59,5.86,NORMAL,Y,0,0,15.0,0.0,8.0,1.5,0,0,0,0,0,0,0,0,N,,N,
04:49,APCL,20453,107.55,3.86,3.86,,54.5,5.0,NORMAL,Y,0,0,15.0,0.0,8.0,1.5,0,0,0,0,0,0,0,0,N,,N,
04:49,MSTCLTD,9356,646.55,3.71,3.71,,33.5,21.26,NORMAL,Y,0,0,15.0,0.0,8.0,1.5,0,0,0,0,0,0,0,0,N,,N,
04:49,MUNJALAU,13511,124.36,3.18,3.18,,26.5,30.33,NORMAL,Y,0,0,15.0,0.0,8.0,1.5,0,0,0,0,0,0,0,0,N,,N,
04:49,MOTILALOFS,14947,931.75,3.1,3.1,,33.5,13.42,NORMAL,Y,0,0,15.0,0.0,8.0,1.5,0,0,0,0,0,0,0,0,N,,N,
04:49,GNFC,1174,585.7,2.94,2.94,,26.22,31.48,NORMAL,Y,0,0,14.720098426926793,0.0,8.0,1.5,0,0,0,0,0,0,0,0,N,,N,
04:49,NELCO,2388,1077.6,2.87,2.87,,52.21,5.0,NORMAL,Y,0,0,14.367541766109744,0.0,8.0,1.5,0,0,0,0,0,0,0,0,N,,N,
04:49,MONTECARLO,5938,520.5,2.38,2.38,,27.45,13.2,NORMAL,Y,0,0,11.900078678206159,0.0,8.0,1.5,0,0,0,0,0,0,0,0,N,,N,
04:49,PVRINOX,13147,1200.0,2.21,2.21,,41.08,5.0,NORMAL,Y,0,0,11.073253833049405,0.0,8.0,1.5,0,0,0,0,0,0,0,0,N,,N,
04:49,SOUTHWEST,9678,225.09,2.2,2.2,,42.2,5.0,NORMAL,N,0,0,10.987514188422256,0.0,8.0,1.5,0,0,0,0,0,0,0,0,N,,N,
04:49,CHALET,8546,843.0,2.17,2.17,,30.2,5.27,NORMAL,Y,0,0,10.84717003999514,0.0,8.0,1.5,0,0,0,0,0,0,0,0,N,,N,
04:49,BALRAMCHIN,341,638.25,2.14,2.14,,22.44,13.48,NORMAL,Y,0,0,10.72257341762021,0.0,8.0,1.5,0,0,0,0,0,0,0,0,N,,N,
04:49,VARROC,3857,866.05,2.14,2.14,,29.88,16.89,NORMAL,Y,0,0,10.702913079372557,0.0,8.0,1.5,0,0,0,0,0,0,0,0,N,,N,
04:49,BECTORFOOD,1628,245.5,2.13,2.13,,30.37,11.29,NORMAL,Y,0,0,10.671048799767016,0.0,8.0,1.5,0,0,0,0,0,0,0,0,N,,N,
04:49,RUBICON,759316,1714.1,5.76,5.76,,51.5,6.36,NORMAL,Y,0,0,15.0,0.0,8.0,1.5,0,0,0,0,0,0,0,0,N,,N,
04:49,TDPOWERSYS,25178,1546.0,4.35,4.35,,34.66,23.0,NORMAL,Y,0,0,15.0,0.0,8.0,1.5,0,0,0,0,0,0,0,0,N,,Y,NONRESULTS
04:49,ENDURANCE,18822,2991.6,3.19,3.19,,36.45,5.0,NORMAL,Y,0,0,15.0,0.0,8.0,1.5,0,0,0,0,0,0,0,0,N,,N,
04:49,GOCLCORP,3963,404.9,1.96,1.96,,47.5,5.0,NORMAL,N,0,0,9.821203727020842,0.0,8.0,1.5,0,0,0,0,0,0,0,0,N,,N,
04:49,KALYANKJIL,2955,620.05,1.94,1.94,,47.93,5.0,NORMAL,Y,0,0,9.699958898479206,0.0,8.0,1.5,0,0,0,0,0,0,0,0,N,,N,
04:49,LUXIND,11301,1211.0,1.93,1.93,,47.39,5.0,NORMAL,N,0,0,9.637235922902152,0.0,8.0,1.5,0,0,0,0,0,0,0,0,N,,N,
04:49,ROLEXRINGS,5279,179.69,1.92,1.92,,24.89,8.65,NORMAL,Y,0,0,9.61429381735674,0.0,8.0,1.5,0,0,0,0,0,0,0,0,N,,N,
04:49,NARMADA,6364,383.2,1.91,1.91,,28.07,5.62,NORMAL,Y,0,0,9.574468085106368,0.0,8.0,1.5,0,0,0,0,0,0,0,0,N,,N,
04:49,BHEL,438,429.2,1.78,1.78,,27.39,11.06,NORMAL,Y,0,0,8.892577661844914,0.0,8.0,1.5,0,0,0,0,0,0,0,0,N,,N,
04:49,JAINREC,759244,298.6,1.77,1.77,,41.61,5.0,NORMAL,N,0,0,8.861622358554953,0.0,8.0,1.5,0,0,0,0,0,0,0,0,N,,N,
04:49,HINDZINC,1424,571.4,1.69,1.69,,30.78,5.0,NORMAL,Y,0,0,8.45346147001246,0.0,8.0,1.5,0,0,0,0,0,0,0,0,N,,N,
04:49,SONACOMS,4684,804.9,1.63,1.63,,30.7,8.5,NORMAL,Y,0,0,8.143939393939378,0.0,8.0,1.5,0,0,0,0,0,0,0,0,N,,N,
04:49,LXCHEM,2841,178.91,1.62,1.62,,26.62,14.92,NORMAL,Y,0,0,8.122692416926968,0.0,8.0,1.5,0,0,0,0,0,0,0,0,N,,N,
04:49,REDINGTON,14255,339.35,1.59,1.59,,20.7,12.91,NORMAL,Y,0,0,7.932944170034442,0.0,8.0,1.5,0,0,0,0,0,0,0,0,N,,N,
04:49,EIDPARRY,916,787.35,1.57,1.57,,19.34,20.19,NORMAL,Y,0,0,7.836687306501534,0.0,8.0,1.5,0,0,0,0,0,0,0,0,N,,N,
04:49,WELSPUNLIV,11253,166.62,1.56,1.56,,21.26,12.18,NORMAL,Y,0,0,7.802023649884196,0.0,8.0,1.5,0,0,0,0,0,0,0,0,N,,N,
04:49,AEGISLOG,40,1285.0,1.55,1.55,,22.74,18.05,NORMAL,N,0,0,7.744586691955076,0.0,8.0,1.5,0,0,0,0,0,0,0,0,N,,N,
04:49,QUICKHEAL,13131,151.35,1.52,1.52,,30.36,5.0,NORMAL,N,0,0,7.579314508015262,0.0,8.0,1.5,0,0,0,0,0,0,0,0,N,,N,
04:49,RAMCOCEM,2043,920.55,1.47,1.47,,27.12,8.46,NORMAL,N,0,0,7.357804232804182,0.0,8.0,1.5,0,0,0,0,0,0,0,0,N,,N,
04:49,HINDCOPPER,17939,552.3,1.44,1.44,,25.74,10.16,NORMAL,Y,0,0,7.20911011112123,0.0,8.0,1.5,0,0,0,0,0,0,0,0,N,,N,
04:49,RGL,15129,124.8,1.44,1.44,,36.3,5.61,NORMAL,Y,0,0,7.193367471348435,0.0,8.0,1.5,0,0,0,0,0,0,0,0,N,,N,
04:49,GANESHHOU,14339,846.75,1.33,1.33,,44.61,5.0,NORMAL,Y,0,0,6.6718525610339725,0.0,8.0,1.5,0,0,0,0,0,0,0,0,N,,N,
04:49,GSFC,1247,162.32,1.29,1.29,,21.46,14.14,NORMAL,Y,0,0,6.4586583463338325,0.0,8.0,1.5,0,0,0,0,0,0,0,0,N,,N,
04:49,RAYMOND,2859,643.65,1.29,1.29,,32.47,5.0,NORMAL,Y,0,0,6.452120544495972,0.0,8.0,1.5,0,0,0,0,0,0,0,0,N,,N,
04:49,PSPPROJECT,20877,933.95,1.25,1.25,,45.26,5.0,NORMAL,N,0,0,6.260841283608016,0.0,8.0,1.5,0,0,0,0,0,0,0,0,N,,N,
04:49,SUPREMEIND,3363,3638.7,2.24,2.24,,33.55,5.0,NORMAL,Y,0,0,11.211329343336388,0.0,8.0,1.5,0,0,0,0,0,0,0,0,N,,N,
04:49,OIL,17438,474.2,1.22,1.22,,17.58,18.54,NORMAL,Y,0,0,6.083244397011727,0.0,8.0,1.5,0,0,0,0,0,0,0,0,N,,N,
04:49,HISARMETAL,19322,152.98,1.16,1.16,,42.32,5.59,NORMAL,Y,0,0,5.81933606665782,0.0,8.0,1.5,0,0,0,0,0,0,0,0,N,,N,
04:49,ASHOKLEY,212,173.62,1.15,1.15,,17.27,26.61,NORMAL,Y,0,0,5.767886273595953,0.0,8.0,1.5,0,0,0,0,0,0,0,0,N,,N,
04:49,TEXRAIL,21828,106.02,1.12,1.12,,24.6,5.89,NORMAL,N,0,0,5.579399141630909,0.0,8.0,1.5,0,0,0,0,0,0,0,0,N,,N,
04:49,ELGIEQUIP,937,616.15,1.09,1.09,,23.96,9.21,NORMAL,Y,0,0,5.455291222313353,0.0,8.0,1.5,0,0,0,0,0,0,0,0,N,,N,
04:49,JKIL,15266,503.05,1.09,1.09,,35.85,5.0,NORMAL,Y,0,0,5.425499849291706,0.0,8.0,1.5,0,0,0,0,0,0,0,0,N,,N,
04:49,HDFCLIFE,467,541.25,1.01,1.01,,23.54,14.62,NORMAL,N,0,0,5.038723523374057,0.0,8.0,1.5,0,0,0,0,0,0,0,0,N,,N,
04:49,SHALBY,714,154.45,1.01,1.01,,23.54,8.23,NORMAL,N,0,0,5.035641880844915,0.0,8.0,1.5,0,0,0,0,0,0,0,0,N,,N,
04:49,ZENITHEXPO,4176,208.63,-3.08,-3.08,,17.59,30.0,NORMAL,N,0,0,0.0,15.0,8.0,1.5,0,0,0,0,0,0,0,0,N,,N,
04:49,J&KBANK,5633,150.5,-3.2,-3.2,,11.5,33.41,NORMAL,N,0,0,0.0,15.0,8.0,1.5,0,0,0,0,0,0,0,0,N,,N,
04:49,KNRCON,15283,126.93,-4.15,-4.15,,29.5,27.04,NORMAL,N,0,0,0.0,15.0,8.0,1.5,0,0,0,0,0,0,0,0,N,,N,
04:49,SHIVALIK,7026,254.6,-5.0,-5.0,,11.5,27.0,NORMAL,Y,0,0,0.0,15.0,8.0,1.5,0,0,0,0,0,0,0,0,N,,N,
04:49,VERANDA,8890,233.45,-5.06,-5.06,,11.5,27.89,NORMAL,N,0,0,0.0,15.0,8.0,1.5,0,0,0,0,0,0,0,0,N,,Y,NONRESULTS
04:49,SCHNEIDER,31234,1198.9,-12.44,-12.44,,11.53,45.0,NORMAL,N,0,0,0.0,15.0,8.0,1.5,0,0,0,0,0,0,0,0,Y,NONRESULTS,N,
04:49,HAPPSTMNDS,48,407.75,-2.96,-2.96,,11.5,33.47,NORMAL,Y,0,0,0.0,14.814374107567811,8.0,1.5,0,0,0,0,0,0,0,0,N,,N,
04:49,GUJGASLTD,10599,275.25,-2.72,-2.72,,11.5,34.25,NORMAL,Y,0,0,0.0,13.606644283442284,8.0,1.5,0,0,0,0,0,0,0,0,N,,N,
04:49,TEJASNET,21131,523.95,-2.7,-2.7,,13.26,25.51,NORMAL,N,0,0,0.0,13.509749303621128,8.0,1.5,0,0,0,0,0,0,0,0,N,,N,
04:49,EXICOM,22947,147.72,-2.68,-2.68,,11.5,30.74,NORMAL,N,0,0,0.0,13.406680281968487,8.0,1.5,0,0,0,0,0,0,0,0,N,,N,
04:49,VOLTAS,3718,1289.7,-2.33,-2.33,,11.69,25.82,NORMAL,N,0,0,0.0,11.662249148049964,8.0,1.5,0,0,0,0,0,0,0,0,N,,N,
04:49,MIDHANI,2463,434.9,-2.24,-2.24,,19.61,20.52,NORMAL,Y,0,0,0.0,11.183545015173705,8.0,1.5,0,0,0,0,0,0,0,0,N,,N,
04:49,INDIANB,14309,876.05,-2.11,-2.11,,15.03,24.91,NORMAL,Y,0,0,0.0,10.559249120062622,8.0,1.5,0,0,0,0,0,0,0,0,N,,N,
04:49,SESHAPAPER,3066,227.28,-2.05,-2.05,,11.5,23.45,NORMAL,N,0,0,0.0,10.256852266850522,8.0,1.5,0,0,0,0,0,0,0,0,N,,N,
04:49,CYIENT,5748,849.5,-2.02,-2.02,,11.5,30.07,NORMAL,N,0,0,0.0,10.120523614555074,8.0,1.5,0,0,0,0,0,0,0,0,N,,N,
04:49,TECHNOE,6445,949.0,-2.0,-2.0,,11.5,24.22,NORMAL,N,0,0,0.0,10.016522098306476,8.0,1.5,0,0,0,0,0,0,0,0,N,,N,
04:49,TIPSMUSIC,9117,657.6,-1.98,-1.98,,11.52,27.82,NORMAL,N,0,0,0.0,9.91205842897597,8.0,1.5,0,0,0,0,0,0,0,0,N,,N,
04:49,360ONE,13061,1156.8,-1.97,-1.97,,11.5,37.85,NORMAL,Y,0,0,0.0,9.83050847457629,8.0,1.5,0,0,0,0,0,0,0,0,N,,N,
04:49,SAMHI,18614,160.2,-1.94,-1.94,,20.2,14.7,NORMAL,N,0,0,0.0,9.70190365428174,8.0,1.5,0,0,0,0,0,0,0,0,N,,N,
04:49,TITAGARH,15414,815.3,-1.93,-1.93,,11.8,21.65,NORMAL,N,0,0,0.0,9.652974078306409,8.0,1.5,0,0,0,0,0,0,0,0,N,,N,
04:49,NMDC,15332,81.99,-2.86,-2.86,,19.19,22.78,NORMAL,N,0,0,0.0,14.277251184834185,8.0,1.5,0,0,0,0,0,0,0,0,N,,N,
04:49,SONATSOFTW,6596,320.0,-1.81,-1.81,,17.86,17.55,NORMAL,Y,0,0,0.0,9.051856397667962,8.0,1.5,0,0,0,0,0,0,0,0,N,,N,
04:49,AVANTIFEED,7936,845.85,-1.81,-1.81,,11.5,31.91,NORMAL,N,0,0,0.0,9.026004179243067,8.0,1.5,0,0,0,0,0,0,0,0,N,,N,
04:49,TVSSCS,18151,121.19,-1.78,-1.78,,11.5,40.4,NORMAL,N,0,0,0.0,8.914822919199297,8.0,1.5,0,0,0,0,0,0,0,0,N,,N,
04:49,BIOCON,11373,409.8,-1.73,-1.73,,11.5,24.35,NORMAL,N,0,0,0.0,8.633093525179842,8.0,1.5,0,0,0,0,0,0,0,0,N,,N,
04:49,PNB,10666,116.01,-1.69,-1.69,,11.66,28.14,NORMAL,Y,0,0,0.0,8.432203389830487,8.0,1.5,0,0,0,0,0,0,0,0,N,,N,
04:49,BANCOINDIA,13880,607.8,-1.67,-1.67,,11.5,28.57,NORMAL,N,0,0,0.0,8.33198511567713,8.0,1.5,0,0,0,0,0,0,0,0,N,,N,
04:49,GENUSPOWER,11905,303.95,-1.67,-1.67,,16.51,16.83,NORMAL,N,0,0,0.0,8.330637334196108,8.0,1.5,0,0,0,0,0,0,0,0,N,,N,
04:49,PARAS,5911,1355.2,-1.62,-1.62,,11.5,32.38,NORMAL,Y,0,0,0.0,8.094373865698712,8.0,1.5,0,0,0,0,0,0,0,0,N,,N,
04:49,HUDCO,20825,186.97,-1.59,-1.59,,11.5,33.58,NORMAL,N,0,0,0.0,7.947786725617164,8.0,1.5,0,0,0,0,0,0,0,0,N,,N,
04:49,RAMKY,20134,384.1,-1.53,-1.53,,11.5,23.14,NORMAL,N,0,0,0.0,7.627227278554018,8.0,1.5,0,0,0,0,0,0,0,0,N,,N,
04:49,INFY,1594,1151.6,-1.51,-1.51,,12.79,19.53,NORMAL,Y,0,0,0.0,7.5265138556278375,8.0,1.5,0,0,0,0,0,0,0,0,N,,N,
04:49,JSWENERGY,17869,551.7,-1.48,-1.48,,11.5,29.11,NORMAL,N,0,0,0.0,7.410714285714246,8.0,1.5,0,0,0,0,0,0,0,0,N,,N,
04:49,HGINFRA,1672,516.0,-1.48,-1.48,,11.54,20.23,NORMAL,N,0,0,0.0,7.398568019093079,8.0,1.5,0,0,0,0,0,0,0,0,N,,N,
04:49,RELAXO,24225,390.4,-1.48,-1.48,,11.92,19.66,NORMAL,N,0,0,0.0,7.381703470031574,8.0,1.5,0,0,0,0,0,0,0,0,N,,N,
04:49,BORORENEW,3149,568.75,-1.44,-1.44,,11.77,19.74,NORMAL,N,0,0,0.0,7.191751148080716,8.0,1.5,0,0,0,0,0,0,0,0,N,,N,
04:49,SARDAEN,17758,523.55,-1.43,-1.43,,11.5,24.58,NORMAL,Y,0,0,0.0,7.15428786595126,8.0,1.5,0,0,0,0,0,0,0,0,N,,N,
04:49,HCLTECH,7229,1340.6,-1.43,-1.43,,12.95,19.13,NORMAL,Y,0,0,0.0,7.132352941176505,8.0,1.5,0,0,0,0,0,0,0,0,N,,N,
04:49,VAIBHAVGBL,11364,225.05,-1.42,-1.42,,11.5,34.88,NORMAL,N,0,0,0.0,7.117827420061323,8.0,1.5,0,0,0,0,0,0,0,0,N,,N,
04:49,AIIL,23553,556.9,-1.42,-1.42,,11.5,23.37,NORMAL,N,0,0,0.0,7.080899274207825,8.0,1.5,0,0,0,0,0,0,0,0,N,,N,
04:49,NLCINDIA,8585,271.5,-1.42,-1.42,,11.5,27.34,NORMAL,N,0,0,0.0,7.080610021786451,8.0,1.5,0,0,0,0,0,0,0,0,N,,N,
04:49,GODREJIND,10925,1235.0,-1.4,-1.4,,39.5,11.99,NORMAL,N,0,0,0.0,6.986027944111777,8.0,1.5,0,0,0,0,0,0,0,0,N,,N,
04:49,ERIS,21154,1339.7,-1.38,-1.38,,30.56,11.92,NORMAL,N,0,0,0.0,6.919396393080587,8.0,1.5,0,0,0,0,0,0,0,0,N,,N,
04:49,SHREEPUSHK,10588,379.0,-1.38,-1.38,,11.5,35.31,NORMAL,N,0,0,0.0,6.895654436638058,8.0,1.5,0,0,0,0,0,0,0,0,N,,N,
04:49,GAIL,4717,172.55,-1.34,-1.34,,11.5,24.79,NORMAL,N,0,0,0.0,6.718124642652929,8.0,1.5,0,0,0,0,0,0,0,0,N,,N,
04:49,WIPRO,3787,181.53,-1.34,-1.34,,11.51,21.02,NORMAL,N,0,0,0.0,6.711956521739128,8.0,1.5,0,0,0,0,0,0,0,0,N,,N,
04:49,PRAJIND,2705,330.8,-1.33,-1.33,,11.5,37.27,NORMAL,Y,0,0,0.0,6.636838180462325,8.0,1.5,0,0,0,0,0,0,0,0,N,,N,
04:49,BRIGADE,15184,583.7,-1.33,-1.33,,19.27,14.63,NORMAL,Y,0,0,0.0,6.635111148677128,8.0,1.5,0,0,0,0,0,0,0,0,N,,N,
04:49,TATAINVEST,1621,658.5,-1.32,-1.32,,11.5,27.41,NORMAL,N,0,0,0.0,6.5937359508466615,8.0,1.5,0,0,0,0,0,0,0,0,N,,N,
04:49,JSWINFRA,19020,334.8,-1.28,-1.28,,15.06,17.53,NORMAL,N,0,0,0.0,6.413091552410388,8.0,1.5,0,0,0,0,0,0,0,0,N,,N,
04:49,PURVA,14922,242.05,11.09,11.09,,30.16,12.19,NORMAL,Y,0,0,15.0,0.0,8.0,1.5,0,0,0,0,0,0,0,0,N,,N,
04:49,APCL,20453,107.55,3.86,3.86,,54.5,5.0,NORMAL,Y,0,0,15.0,0.0,8.0,1.5,0,0,0,0,0,0,0,0,N,,N,
04:49,MOTILALOFS,14947,931.75,3.1,3.1,,33.5,9.81,NORMAL,Y,0,0,15.0,0.0,8.0,1.5,0,0,0,0,0,0,0,0,N,,N,
04:49,GNFC,1174,585.7,2.94,2.94,,26.22,31.13,NORMAL,Y,0,0,14.720098426926793,0.0,8.0,1.5,0,0,0,0,0,0,0,0,N,,N,
04:49,TDPOWERSYS,25178,1546.0,4.35,4.35,,34.58,23.0,NORMAL,Y,0,0,15.0,0.0,8.0,1.5,0,0,0,0,0,0,0,0,N,,Y,NONRESULTS
05:04,TRIVENI,13081,280.8,12.39,12.39,,35.23,5.0,NORMAL,Y,0,0,15.0,0.0,8.0,1.5,0,0,0,0,0,0,0,0,N,,N,
05:04,PURVA,14922,236.39,8.49,8.49,,26.5,33.0,NORMAL,Y,0,0,15.0,0.0,8.0,1.5,0,0,0,0,0,0,0,0,N,,N,
05:04,APCL,20453,108.33,7.25,7.25,,54.5,5.0,NORMAL,Y,0,0,15.0,0.0,8.0,1.5,0,0,0,0,0,0,0,0,N,,N,
05:04,NELCO,2388,1116.0,6.54,6.54,,54.5,5.0,NORMAL,Y,0,0,15.0,0.0,8.0,1.5,0,0,0,0,0,0,0,0,N,,N,
05:04,FINCABLES,1038,1298.5,3.94,3.94,,33.64,5.93,NORMAL,Y,0,0,15.0,0.0,8.0,1.5,0,0,0,0,0,0,0,0,N,,N,
05:04,MIDHANI,2463,432.5,3.79,3.79,,33.97,5.89,NORMAL,Y,0,0,15.0,0.0,8.0,1.5,0,0,0,0,0,0,0,0,N,,N,
05:04,WELSPUNLIV,11253,169.0,3.01,3.01,,51.47,5.0,NORMAL,Y,0,0,15.0,0.0,8.0,1.5,0,0,0,0,0,0,0,0,N,,N,
05:04,SOUTHWEST,9678,226.57,2.87,2.87,,52.4,5.0,NORMAL,N,0,0,14.347332576617465,0.0,8.0,1.5,0,0,0,0,0,0,0,0,N,,N,
05:04,GNFC,1174,584.9,2.8,2.8,,25.52,24.04,NORMAL,Y,0,0,14.017048949819785,0.0,8.0,1.5,0,0,0,0,0,0,0,0,N,,N,
05:04,MSTCLTD,9356,640.8,2.79,2.79,,25.46,31.75,NORMAL,Y,0,0,13.955726660250223,0.0,8.0,1.5,0,0,0,0,0,0,0,0,N,,N,
05:04,MOTILALOFS,14947,928.0,2.69,2.69,,28.44,19.36,NORMAL,Y,0,0,13.444727232488633,0.0,8.0,1.5,0,0,0,0,0,0,0,0,N,,N,
05:04,NARMADA,6364,384.2,2.18,2.18,,37.52,5.0,NORMAL,Y,0,0,10.904255319148922,0.0,8.0,1.5,0,0,0,0,0,0,0,0,N,,N,
05:04,MONTECARLO,5938,519.45,2.17,2.17,,26.73,8.94,NORMAL,Y,0,0,10.86742722265939,0.0,8.0,1.5,0,0,0,0,0,0,0,0,N,,N,
05:04,PVRINOX,13147,1198.5,2.09,2.09,,28.93,7.82,NORMAL,Y,0,0,10.43441226575809,0.0,8.0,1.5,0,0,0,0,0,0,0,0,N,,N,
05:04,SONACOMS,4684,808.5,2.08,2.08,,29.12,11.83,NORMAL,Y,0,0,10.416666666666664,0.0,8.0,1.5,0,0,0,0,0,0,0,0,N,,N,
05:04,GOCLCORP,3963,405.2,2.04,2.04,,29.79,5.64,NORMAL,N,0,0,10.198942331906277,0.0,8.0,1.5,0,0,0,0,0,0,0,0,N,,N,
05:04,BHEL,438,430.25,2.03,2.03,,39.19,5.0,NORMAL,Y,0,0,10.137538534503216,0.0,8.0,1.5,0,0,0,0,0,0,0,0,N,,N,
05:04,VARROC,3857,864.95,2.01,2.01,,28.55,16.79,NORMAL,Y,0,0,10.054251680622755,0.0,8.0,1.5,0,0,0,0,0,0,0,0,N,,N,
05:04,BALRAMCHIN,341,637.35,2.0,2.0,,23.94,12.17,NORMAL,Y,0,0,10.002400576138273,0.0,8.0,1.5,0,0,0,0,0,0,0,0,N,,N,
05:04,RUBICON,759316,1708.3,5.41,5.41,,52.29,5.0,NORMAL,Y,0,0,15.0,0.0,8.0,1.5,0,0,0,0,0,0,0,0,N,,N,
05:04,TDPOWERSYS,25178,1547.1,4.42,4.42,,34.38,5.52,NORMAL,Y,0,0,15.0,0.0,8.0,1.5,0,0,0,0,0,0,0,0,N,,Y,NONRESULTS
05:04,MUNJALAU,13511,122.94,2.0,2.0,,21.5,22.71,NORMAL,Y,0,0,9.997510993113732,0.0,8.0,1.5,0,0,0,0,0,0,0,0,N,,N,
05:04,ENDURANCE,18822,2984.7,2.96,2.96,,29.78,9.75,NORMAL,Y,0,0,14.780958951362509,0.0,8.0,1.5,0,0,0,0,0,0,0,0,N,,N,
05:04,CHALET,8546,840.2,1.83,1.83,,27.65,15.38,NORMAL,Y,0,0,9.150406011392572,0.0,8.0,1.5,0,0,0,0,0,0,0,0,N,,N,
05:04,HISARMETAL,19322,153.98,1.83,1.83,,48.63,5.0,NORMAL,Y,0,0,9.125777013622507,0.0,8.0,1.5,0,0,0,0,0,0,0,0,N,,N,
05:04,ROLEXRINGS,5279,179.5,1.82,1.82,,24.5,8.66,NORMAL,Y,0,0,9.075439591605186,0.0,8.0,1.5,0,0,0,0,0,0,0,0,N,,N,
05:04,BECTORFOOD,1628,244.69,1.8,1.8,,27.49,10.45,NORMAL,Y,0,0,8.986146357698535,0.0,8.0,1.5,0,0,0,0,0,0,0,0,N,,N,
05:04,MOREPENLAB,2259,86.52,2.77,2.77,,40.28,5.0,NORMAL,Y,0,0,13.837747951063061,0.0,8.0,1.5,0,0,0,0,0,0,0,0,N,,N,
05:04,HINDZINC,1424,571.5,1.71,1.71,,34.22,5.0,NORMAL,Y,0,0,8.542445274959977,0.0,8.0,1.5,0,0,0,0,0,0,0,0,N,,N,
05:04,ELGIEQUIP,937,619.8,1.69,1.69,,45.95,5.0,NORMAL,Y,0,0,8.449548810500373,0.0,8.0,1.5,0,0,0,0,0,0,0,0,N,,N,
05:04,JAINREC,759244,298.1,1.6,1.6,,33.01,5.0,NORMAL,N,0,0,8.009543285616985,0.0,8.0,1.5,0,0,0,0,0,0,0,0,N,,N,
05:04,AEGISLOG,40,1285.1,1.56,1.56,,27.19,8.5,NORMAL,N,0,0,7.784099889362975,0.0,8.0,1.5,0,0,0,0,0,0,0,0,N,,N,
05:04,HINDCOPPER,17939,552.85,1.54,1.54,,31.44,5.0,NORMAL,Y,0,0,7.714206997887755,0.0,8.0,1.5,0,0,0,0,0,0,0,0,N,,N,
05:04,REDINGTON,14255,338.7,1.39,1.39,,18.46,30.55,NORMAL,Y,0,0,6.960035922766019,0.0,8.0,1.5,0,0,0,0,0,0,0,0,N,,N,
05:04,EIDPARRY,916,785.75,1.36,1.36,,18.3,18.95,NORMAL,Y,0,0,6.804695562435471,0.0,8.0,1.5,0,0,0,0,0,0,0,0,N,,N,
05:04,JKIL,15266,504.3,1.34,1.34,,29.54,5.0,NORMAL,Y,0,0,6.681402592183295,0.0,8.0,1.5,0,0,0,0,0,0,0,0,N,,N,
05:04,TEXRAIL,21828,106.23,1.32,1.32,,26.91,5.06,NORMAL,N,0,0,6.580829756795468,0.0,8.0,1.5,0,0,0,0,0,0,0,0,N,,N,
05:04,LOTUSEYE,16807,116.72,1.3,1.3,,19.01,13.48,NORMAL,N,0,0,6.509286582190592,0.0,8.0,1.5,0,0,0,0,0,0,0,0,N,,N,
05:04,LXCHEM,2841,178.33,1.3,1.3,,21.48,14.2,NORMAL,Y,0,0,6.475433115592164,0.0,8.0,1.5,0,0,0,0,0,0,0,0,N,,N,
05:04,QUICKHEAL,13131,151.0,1.28,1.28,,24.91,10.74,NORMAL,N,0,0,6.405526862968666,0.0,8.0,1.5,0,0,0,0,0,0,0,0,N,,N,
05:04,PIXTRANS,9087,1939.2,2.24,2.24,,47.4,5.0,NORMAL,Y,0,0,11.17671868409956,0.0,8.0,1.5,0,0,0,0,0,0,0,0,N,,N,
05:04,PSPPROJECT,20877,933.35,1.19,1.19,,29.49,5.0,NORMAL,N,0,0,5.935602775368629,0.0,8.0,1.5,0,0,0,0,0,0,0,0,N,,N,
05:04,SUPREMEIND,3363,3636.0,2.17,2.17,,33.51,5.0,NORMAL,Y,0,0,10.831998651268638,0.0,8.0,1.5,0,0,0,0,0,0,0,0,N,,N,
05:04,ROUTE,128,511.05,1.15,1.15,,25.75,5.0,NORMAL,Y,0,0,5.739732805541823,0.0,8.0,1.5,0,0,0,0,0,0,0,0,N,,N,
05:04,NAM-INDIA,357,1181.1,1.13,1.13,,33.28,5.0,NORMAL,Y,0,0,5.651168764448933,0.0,8.0,1.5,0,0,0,0,0,0,0,0,N,,N,
05:04,OIL,17438,473.75,1.12,1.12,,17.1,13.73,NORMAL,Y,0,0,5.602988260405549,0.0,8.0,1.5,0,0,0,0,0,0,0,0,N,,N,
05:04,GROWW,759806,198.28,1.08,1.08,,31.89,5.0,NORMAL,Y,0,0,5.377988479380165,0.0,8.0,1.5,0,0,0,0,0,0,0,0,N,,N,
05:04,RAMCOCEM,2043,916.65,1.04,1.04,,20.21,12.62,NORMAL,N,0,0,5.208333333333296,0.0,8.0,1.5,0,0,0,0,0,0,0,0,N,,N,
05:04,RGL,15129,124.3,1.03,1.03,,23.79,8.43,NORMAL,Y,0,0,5.161342761927968,0.0,8.0,1.5,0,0,0,0,0,0,0,0,N,,N,
05:04,SPARC,14788,199.99,1.02,1.02,,41.72,5.0,NORMAL,N,0,0,5.076270330336446,0.0,8.0,1.5,0,0,0,0,0,0,0,0,N,,N,
05:05,GUJGASLTD,10599,274.45,-3.0,-3.0,,11.5,30.02,NORMAL,Y,0,0,0.0,15.0,8.0,1.5,0,0,0,0,0,0,0,0,N,,N,
05:05,ZENITHEXPO,4176,208.63,-3.08,-3.08,,11.5,37.25,NORMAL,N,0,0,0.0,15.0,8.0,1.5,0,0,0,0,0,0,0,0,N,,N,
05:05,J&KBANK,5633,150.37,-3.29,-3.29,,11.5,32.8,NORMAL,N,0,0,0.0,15.0,8.0,1.5,0,0,0,0,0,0,0,0,N,,N,
05:05,SHIVALIK,7026,254.6,-5.0,-5.0,,30.31,27.0,NORMAL,Y,0,0,0.0,15.0,8.0,1.5,0,0,0,0,0,0,0,0,N,,N,
05:05,VERANDA,8890,232.7,-5.37,-5.37,,11.5,32.69,NORMAL,N,0,0,0.0,15.0,8.0,1.5,0,0,0,0,0,0,0,0,N,,Y,NONRESULTS
05:05,SCHNEIDER,31234,1203.1,-12.13,-12.13,,20.85,27.57,NORMAL,N,0,0,0.0,15.0,8.0,1.5,0,0,0,0,0,0,0,0,Y,NONRESULTS,N,
05:05,TEJASNET,21131,522.6,-2.95,-2.95,,13.4,26.94,NORMAL,N,0,0,0.0,14.763231197771567,8.0,1.5,0,0,0,0,0,0,0,0,N,,N,
05:05,KNRCON,15283,128.8,-2.74,-2.74,,34.6,18.71,NORMAL,N,0,0,0.0,13.705353771803955,8.0,1.5,0,0,0,0,0,0,0,0,N,,N,
05:05,VOLTAS,3718,1284.4,-2.73,-2.73,,11.5,34.51,NORMAL,N,0,0,0.0,13.669064748201405,8.0,1.5,0,0,0,0,0,0,0,0,N,,N,
05:05,GODREJIND,10925,1221.8,-2.45,-2.45,,15.0,39.72,NORMAL,N,0,0,0.0,12.255489021956107,8.0,1.5,0,0,0,0,0,0,0,0,N,,N,
05:05,INDIANB,14309,873.2,-2.43,-2.43,,12.6,24.2,NORMAL,Y,0,0,0.0,12.151516844516452,8.0,1.5,0,0,0,0,0,0,0,0,N,,N,
05:05,EXICOM,22947,148.15,-2.4,-2.4,,21.56,20.49,NORMAL,N,0,0,0.0,11.990249687067614,8.0,1.5,0,0,0,0,0,0,0,0,N,,N,
05:05,HAPPSTMNDS,48,410.3,-2.36,-2.36,,18.68,23.78,NORMAL,Y,0,0,0.0,11.780104712041858,8.0,1.5,0,0,0,0,0,0,0,0,N,,N,
05:05,SESHAPAPER,3066,227.01,-2.17,-2.17,,11.65,32.71,NORMAL,N,0,0,0.0,10.838648508877784,8.0,1.5,0,0,0,0,0,0,0,0,N,,N,
05:05,TIPSMUSIC,9117,656.55,-2.14,-2.14,,11.71,22.78,NORMAL,N,0,0,0.0,10.694589357579389,8.0,1.5,0,0,0,0,0,0,0,0,N,,N,
05:05,CYIENT,5748,849.15,-2.06,-2.06,,11.6,22.43,NORMAL,N,0,0,0.0,10.322357418833965,8.0,1.5,0,0,0,0,0,0,0,0,N,,N,
05:05,PNB,10666,115.6,-2.03,-2.03,,11.5,22.92,NORMAL,Y,0,0,0.0,10.169491525423753,8.0,1.5,0,0,0,0,0,0,0,0,N,,N,
05:05,TECHNOE,6445,949.0,-2.0,-2.0,,11.5,22.23,NORMAL,N,0,0,0.0,10.016522098306476,8.0,1.5,0,0,0,0,0,0,0,0,N,,N,
05:05,NMDC,15332,81.54,-3.39,-3.39,,11.5,28.8,NORMAL,N,0,0,0.0,15.0,8.0,1.5,0,0,0,0,0,0,0,0,N,,N,
05:05,SAMHI,18614,160.21,-1.93,-1.93,,20.1,14.67,NORMAL,N,0,0,0.0,9.671298279977954,8.0,1.5,0,0,0,0,0,0,0,0,N,,N,
05:05,TITAGARH,15414,815.35,-1.92,-1.92,,11.5,23.66,NORMAL,N,0,0,0.0,9.622902507968966,8.0,1.5,0,0,0,0,0,0,0,0,N,,N,
05:05,AVANTIFEED,7936,845.0,-1.9,-1.9,,11.62,23.97,NORMAL,N,0,0,0.0,9.5193870443464,8.0,1.5,0,0,0,0,0,0,0,0,N,,N,
05:05,360ONE,13061,1157.8,-1.88,-1.88,,15.12,18.05,NORMAL,Y,0,0,0.0,9.40677966101697,8.0,1.5,0,0,0,0,0,0,0,0,N,,N,
05:05,BANCOINDIA,13880,606.8,-1.83,-1.83,,11.5,22.51,NORMAL,N,0,0,0.0,9.140915709432186,8.0,1.5,0,0,0,0,0,0,0,0,N,,N,
05:05,HUDCO,20825,186.53,-1.82,-1.82,,11.5,22.91,NORMAL,N,0,0,0.0,9.105742407495152,8.0,1.5,0,0,0,0,0,0,0,0,N,,N,
05:05,OMNI,760865,568.9,-1.74,-1.74,,11.5,29.18,NORMAL,N,0,0,0.0,8.721934369602783,8.0,1.5,0,0,0,0,0,0,0,0,N,,N,
05:05,SARDAEN,17758,522.0,-1.72,-1.72,,11.5,24.75,NORMAL,Y,0,0,0.0,8.61338604913864,8.0,1.5,0,0,0,0,0,0,0,0,N,,N,
05:05,PRAJIND,2705,329.5,-1.72,-1.72,,11.5,27.5,NORMAL,Y,0,0,0.0,8.575689783743476,8.0,1.5,0,0,0,0,0,0,0,0,N,,N,
05:05,SONATSOFTW,6596,320.35,-1.7,-1.7,,15.06,17.01,NORMAL,Y,0,0,0.0,8.514881865602876,8.0,1.5,0,0,0,0,0,0,0,0,N,,N,
05:05,LGEINDIA,760213,1683.2,-2.69,-2.69,,11.5,36.5,NORMAL,Y,0,0,0.0,13.441637278140718,8.0,1.5,0,0,0,0,0,0,0,0,N,,N,
05:05,BANKINDIA,4745,141.69,-1.67,-1.67,,11.5,21.41,NORMAL,N,0,0,0.0,8.362248438584304,8.0,1.5,0,0,0,0,0,0,0,0,N,,N,
05:05,BANKBARODA,4668,244.3,-1.58,-1.58,,11.5,20.78,NORMAL,N,0,0,0.0,7.8962210941906115,8.0,1.5,0,0,0,0,0,0,0,0,N,,N,
05:05,AIIL,23553,556.15,-1.55,-1.55,,13.01,19.74,NORMAL,N,0,0,0.0,7.744733581164808,8.0,1.5,0,0,0,0,0,0,0,0,N,,N,
05:05,SHYAMMETL,4693,984.4,-1.52,-1.52,,11.5,35.08,NORMAL,N,0,0,0.0,7.603041216486617,8.0,1.5,0,0,0,0,0,0,0,0,N,,N,
05:05,VAIBHAVGBL,11364,224.85,-1.51,-1.51,,13.13,19.83,NORMAL,N,0,0,0.0,7.555847568988211,8.0,1.5,0,0,0,0,0,0,0,0,N,,N,
05:05,RELAXO,24225,390.3,-1.5,-1.5,,11.5,20.69,NORMAL,N,0,0,0.0,7.507886435331216,8.0,1.5,0,0,0,0,0,0,0,0,N,,N,
05:05,RAMKY,20134,384.2,-1.5,-1.5,,13.38,19.68,NORMAL,N,0,0,0.0,7.499038584796851,8.0,1.5,0,0,0,0,0,0,0,0,N,,N,
05:05,TVSSCS,18151,121.54,-1.5,-1.5,,15.98,19.5,NORMAL,N,0,0,0.0,7.496555636599378,8.0,1.5,0,0,0,0,0,0,0,0,N,,N,
05:05,HGINFRA,1672,516.05,-1.47,-1.47,,12.53,19.35,NORMAL,N,0,0,0.0,7.350835322195747,8.0,1.5,0,0,0,0,0,0,0,0,N,,N,
05:05,INOXGREEN,12188,184.34,-1.46,-1.46,,21.29,12.59,NORMAL,Y,0,0,0.0,7.296733842946463,8.0,1.5,0,0,0,0,0,0,0,0,N,,N,
05:05,NCC,2319,138.61,-1.45,-1.45,,12.17,19.25,NORMAL,N,0,0,0.0,7.2520440810522295,8.0,1.5,0,0,0,0,0,0,0,0,N,,N,
05:05,JSWENERGY,17869,551.9,-1.45,-1.45,,11.5,20.46,NORMAL,N,0,0,0.0,7.232142857142877,8.0,1.5,0,0,0,0,0,0,0,0,N,,N,
05:05,CANBK,10794,129.36,-1.44,-1.44,,11.5,19.49,NORMAL,Y,0,0,0.0,7.199999999999947,8.0,1.5,0,0,0,0,0,0,0,0,N,,N,
05:05,BIOCON,11373,411.0,-1.44,-1.44,,15.62,19.19,NORMAL,N,0,0,0.0,7.194244604316548,8.0,1.5,0,0,0,0,0,0,0,0,N,,N,
05:05,INFY,1594,1152.4,-1.44,-1.44,,15.0,18.42,NORMAL,Y,0,0,0.0,7.184399589462861,8.0,1.5,0,0,0,0,0,0,0,0,N,,N,
05:05,ABCAPITAL,21614,395.3,-1.42,-1.42,,12.36,19.31,NORMAL,N,0,0,0.0,7.107231920199488,8.0,1.5,0,0,0,0,0,0,0,0,N,,N,
05:05,TATAINVEST,1621,657.85,-1.42,-1.42,,11.5,21.49,NORMAL,N,0,0,0.0,7.080773265397822,8.0,1.5,0,0,0,0,0,0,0,0,N,,N,
05:05,BSOFT,6994,307.65,-1.41,-1.41,,11.5,22.37,NORMAL,N,0,0,0.0,7.050152219195695,8.0,1.5,0,0,0,0,0,0,0,0,N,,N,
05:05,GENUSPOWER,11905,304.75,-1.41,-1.41,,19.49,15.54,NORMAL,N,0,0,0.0,7.036557748301556,8.0,1.5,0,0,0,0,0,0,0,0,N,,N,
05:05,GAIL,4717,172.44,-1.41,-1.41,,11.6,19.03,NORMAL,N,0,0,0.0,7.032590051457999,8.0,1.5,0,0,0,0,0,0,0,0,N,,N,
05:05,GNFC,1174,584.9,2.8,2.8,,25.52,16.59,NORMAL,Y,0,0,14.017048949819785,0.0,8.0,1.5,0,0,0,0,0,0,0,0,N,,N,
05:05,BECTORFOOD,1628,244.69,1.8,1.8,,27.49,9.49,NORMAL,Y,0,0,8.986146357698535,0.0,8.0,1.5,0,0,0,0,0,0,0,0,N,,N,
05:05,MOREPENLAB,2259,86.52,2.77,2.77,,43.87,5.0,NORMAL,Y,0,0,13.837747951063061,0.0,8.0,1.5,0,0,0,0,0,0,0,0,N,,N,
05:05,LXCHEM,2841,178.33,1.3,1.3,,23.52,8.83,NORMAL,Y,0,0,6.475433115592164,0.0,8.0,1.5,0,0,0,0,0,0,0,0,N,,N,
05:05,ROUTE,128,511.05,1.15,1.15,,32.68,5.0,NORMAL,Y,0,0,5.739732805541823,0.0,8.0,1.5,0,0,0,0,0,0,0,0,N,,N,
05:19,TRIVENI,13081,282.31,13.0,13.0,,43.43,5.0,NORMAL,Y,0,0,15.0,0.0,8.0,1.5,0,0,0,0,0,0,0,0,N,,N,
05:19,PURVA,14922,235.5,8.08,8.08,,26.5,22.95,NORMAL,Y,0,0,15.0,0.0,8.0,1.5,0,0,0,0,0,0,0,0,N,,N,
05:19,APCL,20453,108.0,6.92,6.92,,33.83,6.03,NORMAL,Y,0,0,15.0,0.0,8.0,1.5,0,0,0,0,0,0,0,0,N,,N,
05:19,NELCO,2388,1096.2,4.65,4.65,,34.26,15.6,NORMAL,Y,0,0,15.0,0.0,8.0,1.5,0,0,0,0,0,0,0,0,N,,N,
05:19,FINCABLES,1038,1301.3,4.16,4.16,,43.84,5.0,NORMAL,Y,0,0,15.0,0.0,8.0,1.5,0,0,0,0,0,0,0,0,N,,N,
05:19,GNFC,1174,584.3,2.7,2.7,,28.81,12.28,NORMAL,Y,0,0,13.489761841989548,0.0,8.0,1.5,0,0,0,0,0,0,0,0,N,,N,
05:19,WELSPUNLIV,11253,168.39,2.64,2.64,,32.49,5.43,NORMAL,Y,0,0,13.19639156406188,0.0,8.0,1.5,0,0,0,0,0,0,0,0,N,,N,
05:19,SOUTHWEST,9678,226.0,2.61,2.61,,33.62,5.0,NORMAL,N,0,0,13.053348467650396,0.0,8.0,1.5,0,0,0,0,0,0,0,0,N,,N,
05:19,MONTECARLO,5938,520.45,2.37,2.37,,27.38,9.75,NORMAL,Y,0,0,11.85090479937064,0.0,8.0,1.5,0,0,0,0,0,0,0,0,N,,N,
05:19,GOCLCORP,3963,406.45,2.35,2.35,,32.16,5.27,NORMAL,N,0,0,11.772853185595524,0.0,8.0,1.5,0,0,0,0,0,0,0,0,N,,N,
05:19,NARMADA,6364,384.7,2.31,2.31,,30.71,7.62,NORMAL,Y,0,0,11.5691489361702,0.0,8.0,1.5,0,0,0,0,0,0,0,0,N,,N,
05:19,LOTUSEYE,16807,117.88,2.31,2.31,,45.15,8.5,NORMAL,N,0,0,11.54313487241797,0.0,8.0,1.5,0,0,0,0,0,0,0,0,N,,N,
05:19,MSTCLTD,9356,636.95,2.17,2.17,,22.37,23.69,NORMAL,Y,0,0,10.867821623355846,0.0,8.0,1.5,0,0,0,0,0,0,0,0,N,,N,
05:19,BHEL,438,430.7,2.13,2.13,,32.26,5.0,NORMAL,Y,0,0,10.671093194213896,0.0,8.0,1.5,0,0,0,0,0,0,0,0,N,,N,
05:19,ELGIEQUIP,937,622.1,2.07,2.07,,35.59,5.0,NORMAL,Y,0,0,10.336341263330617,0.0,8.0,1.5,0,0,0,0,0,0,0,0,N,,N,
05:19,MOTILALOFS,14947,921.9,2.01,2.01,,21.57,29.98,NORMAL,Y,0,0,10.069713400464718,0.0,8.0,1.5,0,0,0,0,0,0,0,0,N,,N,
05:19,BALRAMCHIN,341,637.4,2.01,2.01,,21.61,12.28,NORMAL,Y,0,0,10.04241017844279,0.0,8.0,1.5,0,0,0,0,0,0,0,0,N,,N,
05:19,RUBICON,759316,1769.0,9.15,9.15,,54.5,5.0,NORMAL,Y,0,0,15.0,0.0,8.0,1.5,0,0,0,0,0,0,0,0,N,,N,
05:19,TDPOWERSYS,25178,1540.0,3.73,3.73,,33.5,10.18,NORMAL,Y,0,0,15.0,0.0,8.0,1.5,0,0,0,0,0,0,0,0,N,,Y,NONRESULTS
05:19,ENDURANCE,18822,2996.2,3.35,3.35,,48.35,5.0,NORMAL,Y,0,0,15.0,0.0,8.0,1.5,0,0,0,0,0,0,0,0,N,,N,
05:19,JKIL,15266,507.5,1.98,1.98,,28.86,8.27,NORMAL,Y,0,0,9.896513613985757,0.0,8.0,1.5,0,0,0,0,0,0,0,0,N,,N,
05:19,BECTORFOOD,1628,244.99,1.92,1.92,,31.16,5.0,NORMAL,Y,0,0,9.6101842992054,0.0,8.0,1.5,0,0,0,0,0,0,0,0,N,,N,
05:19,CHALET,8546,839.5,1.75,1.75,,33.26,5.13,NORMAL,Y,0,0,8.726215004241897,0.0,8.0,1.5,0,0,0,0,0,0,0,0,N,,N,
05:19,MOREPENLAB,2259,86.5,2.74,2.74,,50.85,5.0,NORMAL,Y,0,0,13.718968998693446,0.0,8.0,1.5,0,0,0,0,0,0,0,0,N,,N,
05:19,ASHOKLEY,212,174.55,1.7,1.7,,42.67,8.5,NORMAL,Y,0,0,8.477044977860713,0.0,8.0,1.5,0,0,0,0,0,0,0,0,N,,N,
05:19,PSPPROJECT,20877,938.0,1.69,1.69,,28.98,5.0,NORMAL,N,0,0,8.456201214223777,0.0,8.0,1.5,0,0,0,0,0,0,0,0,N,,N,
05:19,ROLEXRINGS,5279,179.25,1.67,1.67,,19.87,16.64,NORMAL,Y,0,0,8.366420873511029,0.0,8.0,1.5,0,0,0,0,0,0,0,0,N,,N,
05:19,PVRINOX,13147,1193.1,1.63,1.63,,23.13,14.69,NORMAL,Y,0,0,8.134582623509331,0.0,8.0,1.5,0,0,0,0,0,0,0,0,N,,N,
05:19,SONACOMS,4684,804.75,1.61,1.61,,23.05,8.92,NORMAL,Y,0,0,8.049242424242426,0.0,8.0,1.5,0,0,0,0,0,0,0,0,N,,N,
05:19,VARROC,3857,861.2,1.57,1.57,,19.34,17.28,NORMAL,Y,0,0,7.842906003066441,0.0,8.0,1.5,0,0,0,0,0,0,0,0,N,,N,
05:19,HINDZINC,1424,570.5,1.53,1.53,,26.23,7.75,NORMAL,Y,0,0,7.652607225484982,0.0,8.0,1.5,0,0,0,0,0,0,0,0,N,,N,
05:19,HINDCOPPER,17939,552.7,1.52,1.52,,26.08,8.2,NORMAL,Y,0,0,7.576453301496924,0.0,8.0,1.5,0,0,0,0,0,0,0,0,N,,N,
05:19,MUNJALAU,13511,122.35,1.51,1.51,,19.05,31.12,NORMAL,Y,0,0,7.54998755496554,0.0,8.0,1.5,0,0,0,0,0,0,0,0,N,,N,
05:19,BEML,395,1920.7,2.47,2.47,,35.17,5.0,NORMAL,Y,0,0,12.350618864703357,0.0,8.0,1.5,0,0,0,0,0,0,0,0,N,,N,
05:19,AEGISLOG,40,1283.9,1.46,1.46,,22.31,10.99,NORMAL,N,0,0,7.309941520467835,0.0,8.0,1.5,0,0,0,0,0,0,0,0,N,,N,
05:19,LUXIND,11301,1205.3,1.45,1.45,,25.81,11.4,NORMAL,N,0,0,7.238447942092437,0.0,8.0,1.5,0,0,0,0,0,0,0,0,N,,N,
05:19,EIDPARRY,916,786.05,1.4,1.4,,19.79,12.0,NORMAL,Y,0,0,6.998194014447825,0.0,8.0,1.5,0,0,0,0,0,0,0,0,N,,N,
05:19,JAINREC,759244,297.5,1.4,1.4,,25.49,9.02,NORMAL,N,0,0,6.987048398091382,0.0,8.0,1.5,0,0,0,0,0,0,0,0,N,,N,
05:19,OIL,17438,474.6,1.3,1.3,,21.71,12.0,NORMAL,Y,0,0,6.510138740661711,0.0,8.0,1.5,0,0,0,0,0,0,0,0,N,,N,
05:19,QUICKHEAL,13131,151.0,1.28,1.28,,41.34,5.0,NORMAL,N,0,0,6.405526862968666,0.0,8.0,1.5,0,0,0,0,0,0,0,0,N,,N,
05:19,PIXTRANS,9087,1939.1,2.23,2.23,,33.02,5.04,NORMAL,Y,0,0,11.150358498523818,0.0,8.0,1.5,0,0,0,0,0,0,0,0,N,,N,
05:19,UNOMINDA,14154,1254.6,1.18,1.18,,43.55,5.0,NORMAL,Y,0,0,5.8870967741935125,0.0,8.0,1.5,0,0,0,0,0,0,0,0,Y,NONRESULTS,N,
05:19,HISARMETAL,19322,152.99,1.17,1.17,,42.35,7.03,NORMAL,Y,0,0,5.852400476127531,0.0,8.0,1.5,0,0,0,0,0,0,0,0,N,,N,
05:19,LXCHEM,2841,178.01,1.11,1.11,,20.57,12.63,NORMAL,Y,0,0,5.5666003976142555,0.0,8.0,1.5,0,0,0,0,0,0,0,0,N,,N,
05:19,NAM-INDIA,357,1180.6,1.09,1.09,,26.65,5.13,NORMAL,Y,0,0,5.437109341553136,0.0,8.0,1.5,0,0,0,0,0,0,0,0,N,,N,
05:19,RAMCOCEM,2043,916.5,1.03,1.03,,20.13,14.74,NORMAL,N,0,0,5.12566137566135,0.0,8.0,1.5,0,0,0,0,0,0,0,0,N,,N,
05:19,NAUKRI,13751,1356.7,1.02,1.02,,31.37,5.0,NORMAL,Y,0,0,5.100521221146703,0.0,8.0,1.5,0,0,0,0,0,0,0,0,N,,N,
05:19,TEXRAIL,21828,105.91,1.01,1.01,,23.55,5.1,NORMAL,N,0,0,5.054840247973306,0.0,8.0,1.5,0,0,0,0,0,0,0,0,N,,N,
05:19,LUMAXTECH,14014,2065.6,1.97,1.97,,38.15,5.0,NORMAL,Y,0,0,9.848447450264073,0.0,8.0,1.5,0,0,0,0,0,0,0,0,N,,N,
05:19,MEESHO,760229,192.94,0.93,0.93,,22.28,8.5,NORMAL,Y,0,0,4.65578572923206,0.0,8.0,1.5,0,0,0,0,0,0,0,0,N,,N,
05:19,ZENITHEXPO,4176,208.63,-3.08,-3.08,,11.5,27.0,NORMAL,N,0,0,0.0,15.0,8.0,1.5,0,0,0,0,0,0,0,0,N,,N,
05:19,J&KBANK,5633,149.7,-3.72,-3.72,,11.5,30.48,NORMAL,N,0,0,0.0,15.0,8.0,1.5,0,0,0,0,0,0,0,0,N,,N,
05:19,SHIVALIK,7026,254.6,-5.0,-5.0,,12.72,45.0,NORMAL,Y,0,0,0.0,15.0,8.0,1.5,0,0,0,0,0,0,0,0,N,,N,
05:19,VERANDA,8890,232.9,-5.29,-5.29,,11.5,30.88,NORMAL,N,0,0,0.0,15.0,8.0,1.5,0,0,0,0,0,0,0,0,N,,Y,NONRESULTS
05:19,SCHNEIDER,31234,1213.0,-11.41,-11.41,,35.11,23.5,NORMAL,N,0,0,0.0,15.0,8.0,1.5,0,0,0,0,0,0,0,0,Y,NONRESULTS,N,
05:19,TEJASNET,21131,522.65,-2.94,-2.94,,11.5,28.78,NORMAL,N,0,0,0.0,14.716805942432703,8.0,1.5,0,0,0,0,0,0,0,0,N,,N,
05:19,GUJGASLTD,10599,274.65,-2.93,-2.93,,14.62,26.77,NORMAL,Y,0,0,0.0,14.666902279554712,8.0,1.5,0,0,0,0,0,0,0,0,N,,N,
05:19,EXICOM,22947,147.4,-2.89,-2.89,,11.5,30.99,NORMAL,N,0,0,0.0,14.46076816654584,8.0,1.5,0,0,0,0,0,0,0,0,N,,N,
05:19,KNRCON,15283,128.67,-2.84,-2.84,,18.76,22.83,NORMAL,N,0,0,0.0,14.196179113493994,8.0,1.5,0,0,0,0,0,0,0,0,N,,N,
05:19,VOLTAS,3718,1283.5,-2.8,-2.8,,15.23,26.49,NORMAL,N,0,0,0.0,14.009844755774328,8.0,1.5,0,0,0,0,0,0,0,0,N,,N,
05:19,MIDHANI,2463,432.4,-2.8,-2.8,,19.74,18.99,NORMAL,Y,0,0,0.0,13.993480948634422,8.0,1.5,0,0,0,0,0,0,0,0,N,,N,
05:19,360ONE,13061,1151.1,-2.45,-2.45,,11.5,29.72,NORMAL,N,0,0,0.0,12.245762711864444,8.0,1.5,0,0,0,0,0,0,0,0,N,,N,
05:19,HAPPSTMNDS,48,409.95,-2.44,-2.44,,13.21,24.2,NORMAL,Y,0,0,0.0,12.196573060447406,8.0,1.5,0,0,0,0,0,0,0,0,N,,N,
05:19,INDIANB,14309,873.35,-2.41,-2.41,,15.25,24.07,NORMAL,Y,0,0,0.0,12.067713280071523,8.0,1.5,0,0,0,0,0,0,0,0,N,,N,
05:19,GODREJIND,10925,1224.4,-2.24,-2.24,,18.5,30.79,NORMAL,N,0,0,0.0,11.217564870259444,8.0,1.5,0,0,0,0,0,0,0,0,N,,N,
05:19,INFY,1594,1143.0,-2.24,-2.24,,11.5,36.48,NORMAL,N,0,0,0.0,11.204242216900463,8.0,1.5,0,0,0,0,0,0,0,0,N,,N,
05:19,TECHNOE,6445,946.9,-2.22,-2.22,,11.56,28.6,NORMAL,N,0,0,0.0,11.10078479966956,8.0,1.5,0,0,0,0,0,0,0,0,N,,N,
05:19,PRAJIND,2705,327.85,-2.21,-2.21,,11.5,34.15,NORMAL,Y,0,0,0.0,11.036539895600264,8.0,1.5,0,0,0,0,0,0,0,0,N,,N,
05:19,CYIENT,5748,848.1,-2.19,-2.19,,11.5,28.82,NORMAL,N,0,0,0.0,10.927858831670568,8.0,1.5,0,0,0,0,0,0,0,0,N,,N,
05:19,OMNI,760865,566.7,-2.12,-2.12,,11.5,36.4,NORMAL,N,0,0,0.0,10.621761658031048,8.0,1.5,0,0,0,0,0,0,0,0,N,,N,
05:19,SONATSOFTW,6596,319.05,-2.1,-2.1,,11.5,26.01,NORMAL,Y,0,0,0.0,10.509358698987368,8.0,1.5,0,0,0,0,0,0,0,0,N,,N,
05:19,TIPSMUSIC,9117,656.9,-2.09,-2.09,,11.9,22.43,NORMAL,N,0,0,0.0,10.433745714711582,8.0,1.5,0,0,0,0,0,0,0,0,N,,N,
05:19,SAMHI,18614,160.0,-2.06,-2.06,,15.0,24.06,NORMAL,N,0,0,0.0,10.31401114035626,8.0,1.5,0,0,0,0,0,0,0,0,N,,N,
05:19,NMDC,15332,81.39,-3.57,-3.57,,11.5,33.38,NORMAL,N,0,0,0.0,15.0,8.0,1.5,0,0,0,0,0,0,0,0,N,,N,
05:19,HUDCO,20825,186.21,-1.99,-1.99,,11.5,23.36,NORMAL,N,0,0,0.0,9.947891994315492,8.0,1.5,0,0,0,0,0,0,0,0,N,,N,
05:19,WALCHANNAG,3736,220.35,-1.98,-1.98,,11.5,41.39,NORMAL,N,0,0,0.0,9.897686832740252,8.0,1.5,0,0,0,0,0,0,0,0,N,,N,
05:19,TITAGARH,15414,815.0,-1.97,-1.97,,11.5,24.18,NORMAL,N,0,0,0.0,9.833403500330801,8.0,1.5,0,0,0,0,0,0,0,0,N,,N,
05:19,SARDAEN,17758,520.8,-1.95,-1.95,,11.5,31.08,NORMAL,Y,0,0,0.0,9.743010449025721,8.0,1.5,0,0,0,0,0,0,0,0,N,,N,
05:19,HCLTECH,7229,1333.8,-1.93,-1.93,,11.5,32.98,NORMAL,Y,0,0,0.0,9.632352941176489,8.0,1.5,0,0,0,0,0,0,0,0,N,,N,
05:19,AIIL,23553,554.1,-1.91,-1.91,,11.5,24.06,NORMAL,N,0,0,0.0,9.559214020180525,8.0,1.5,0,0,0,0,0,0,0,0,N,,N,
05:19,PNB,10666,115.76,-1.9,-1.9,,19.35,21.49,NORMAL,Y,0,0,0.0,9.491525423728792,8.0,1.5,0,0,0,0,0,0,0,0,N,,N,
05:19,LGEINDIA,760213,1680.2,-2.86,-2.86,,11.5,29.37,NORMAL,Y,0,0,0.0,14.308839683182056,8.0,1.5,0,0,0,0,0,0,0,0,N,,N,
05:19,AVANTIFEED,7936,845.4,-1.86,-1.86,,11.5,35.84,NORMAL,N,0,0,0.0,9.287206872533087,8.0,1.5,0,0,0,0,0,0,0,0,N,,N,
05:19,TVSSCS,18151,121.1,-1.86,-1.86,,11.5,27.94,NORMAL,N,0,0,0.0,9.279520220439283,8.0,1.5,0,0,0,0,0,0,0,0,N,,N,
05:19,FORTIS,14592,912.5,-1.78,-1.78,,11.5,27.54,NORMAL,N,0,0,0.0,8.880516684607105,8.0,1.5,0,0,0,0,0,0,0,0,N,,N,
05:19,HALDER,760715,296.57,-1.77,-1.77,,11.5,35.03,NORMAL,Y,0,0,0.0,8.827426300099347,8.0,1.5,0,0,0,0,0,0,0,0,N,,N,
05:19,BANCOINDIA,13880,607.2,-1.76,-1.76,,14.83,20.82,NORMAL,N,0,0,0.0,8.817343471930089,8.0,1.5,0,0,0,0,0,0,0,0,N,,N,
05:19,SESHAPAPER,3066,228.0,-1.74,-1.74,,20.64,17.21,NORMAL,N,0,0,0.0,8.705395621444561,8.0,1.5,0,0,0,0,0,0,0,0,N,,N,
05:19,BSOFT,6994,306.7,-1.71,-1.71,,11.5,31.82,NORMAL,N,0,0,0.0,8.572344175612919,8.0,1.5,0,0,0,0,0,0,0,0,N,,N,
05:19,JUBLPHARMA,3637,851.25,-1.68,-1.68,,11.5,28.46,NORMAL,N,0,0,0.0,8.402633402633377,8.0,1.5,0,0,0,0,0,0,0,0,N,,N,
05:19,BANKINDIA,4745,141.7,-1.67,-1.67,,12.85,20.33,NORMAL,N,0,0,0.0,8.327550312283156,8.0,1.5,0,0,0,0,0,0,0,0,N,,N,
05:19,TATAINVEST,1621,656.4,-1.63,-1.63,,11.5,26.81,NORMAL,N,0,0,0.0,8.167241120935097,8.0,1.5,0,0,0,0,0,0,0,0,N,,N,
05:19,RELAXO,24225,389.8,-1.63,-1.63,,12.6,20.24,NORMAL,N,0,0,0.0,8.13880126182964,8.0,1.5,0,0,0,0,0,0,0,0,N,,N,
05:19,BLS,17279,273.6,-1.63,-1.63,,11.58,31.74,NORMAL,Y,0,0,0.0,8.125988781820764,8.0,1.5,0,0,0,0,0,0,0,0,N,,N,
05:19,VAIBHAVGBL,11364,224.65,-1.6,-1.6,,15.51,20.19,NORMAL,N,0,0,0.0,7.993867717915037,8.0,1.5,0,0,0,0,0,0,0,0,N,,N,
05:19,VIPIND,3703,295.05,-1.58,-1.58,,11.5,27.0,NORMAL,N,0,0,0.0,7.921947965310208,8.0,1.5,0,0,0,0,0,0,0,0,N,,N,
05:19,BANKBARODA,4668,244.3,-1.58,-1.58,,13.52,19.9,NORMAL,N,0,0,0.0,7.8962210941906115,8.0,1.5,0,0,0,0,0,0,0,0,N,,N,
05:19,GENUSPOWER,11905,304.25,-1.57,-1.57,,15.19,21.43,NORMAL,N,0,0,0.0,7.845357489485641,8.0,1.5,0,0,0,0,0,0,0,0,N,,N,
05:19,SHREEPUSHK,10588,378.3,-1.56,-1.56,,15.4,19.81,NORMAL,N,0,0,0.0,7.8064012490242,8.0,1.5,0,0,0,0,0,0,0,0,N,,N,
05:19,NLCINDIA,8585,271.2,-1.53,-1.53,,11.5,20.4,NORMAL,N,0,0,0.0,7.625272331154665,8.0,1.5,0,0,0,0,0,0,0,0,N,,N,
05:19,NELCO,2388,1096.2,4.65,4.65,,34.31,13.04,NORMAL,Y,0,0,15.0,0.0,8.0,1.5,0,0,0,0,0,0,0,0,N,,N,
05:19,GNFC,1174,584.3,2.7,2.7,,29.89,12.26,NORMAL,Y,0,0,13.489761841989548,0.0,8.0,1.5,0,0,0,0,0,0,0,0,N,,N,
05:19,NARMADA,6364,384.7,2.31,2.31,,30.71,7.62,NORMAL,Y,0,0,11.5691489361702,0.0,8.0,1.5,0,0,0,0,0,0,0,0,N,,N,
05:19,MOTILALOFS,14947,921.9,2.01,2.01,,21.57,28.25,NORMAL,Y,0,0,10.069713400464718,0.0,8.0,1.5,0,0,0,0,0,0,0,0,N,,N,
05:19,RUBICON,759316,1769.0,9.15,9.15,,54.5,5.0,NORMAL,Y,0,0,15.0,0.0,8.0,1.5,0,0,0,0,0,0,0,0,N,,N,
05:34,TRIVENI,13081,281.1,12.51,12.51,,30.44,8.01,NORMAL,Y,0,0,15.0,0.0,4.0,4.0,0,0,0,0,0,0,0,0,N,,N,
05:34,PURVA,14922,236.36,8.48,8.48,,36.7,14.5,NORMAL,Y,0,0,15.0,0.0,4.0,4.0,0,0,0,0,0,0,0,0,N,,N,
05:34,APCL,20453,108.0,6.92,6.92,,32.1,7.5,NORMAL,Y,0,0,15.0,0.0,4.0,4.0,0,0,0,0,0,0,0,0,N,,N,
05:34,FINCABLES,1038,1308.05,4.7,4.7,,40.25,7.5,NORMAL,Y,0,0,15.0,0.0,4.0,4.0,0,0,0,0,0,0,0,0,N,,N,
05:34,NELCO,2388,1095.0,4.53,4.53,,29.5,22.43,NORMAL,Y,0,0,15.0,0.0,4.0,4.0,0,0,0,0,0,0,0,0,N,,N,
05:34,GNFC,1174,584.95,2.81,2.81,,21.85,17.96,NORMAL,Y,0,0,14.060989542139028,0.0,4.0,4.0,0,0,0,0,0,0,0,0,N,,N,
05:34,MOTILALOFS,14947,928.9,2.79,2.79,,38.46,7.5,NORMAL,Y,0,0,13.94268009295116,0.0,4.0,4.0,0,0,0,0,0,0,0,0,N,,N,
05:34,BALRAMCHIN,341,641.95,2.74,2.74,,43.22,11.0,NORMAL,Y,0,0,13.683283988157175,0.0,4.0,4.0,0,0,0,0,0,0,0,0,N,,N,
05:34,WELSPUNLIV,11253,168.35,2.61,2.61,,27.57,10.39,NORMAL,Y,0,0,13.074484944532463,0.0,4.0,4.0,0,0,0,0,0,0,0,0,N,,N,
05:34,SOUTHWEST,9678,226.0,2.61,2.61,,27.55,21.61,NORMAL,N,0,0,13.053348467650396,0.0,4.0,4.0,0,0,0,0,0,0,0,0,N,,N,
05:34,HINDCOPPER,17939,558.15,2.52,2.52,,46.12,7.5,NORMAL,Y,0,0,12.581504270364526,0.0,4.0,4.0,0,0,0,0,0,0,0,0,N,,N,
05:34,MONTECARLO,5938,521.15,2.51,2.51,,27.2,12.85,NORMAL,Y,0,0,12.539339103068452,0.0,4.0,4.0,0,0,0,0,0,0,0,0,N,,N,
05:34,GOCLCORP,3963,406.0,2.24,2.24,,26.11,9.15,NORMAL,N,0,0,11.206245278267408,0.0,4.0,4.0,0,0,0,0,0,0,0,0,N,,N,
05:34,NARMADA,6364,384.4,2.23,2.23,,29.36,7.95,NORMAL,Y,0,0,11.170212765957416,0.0,4.0,4.0,0,0,0,0,0,0,0,0,N,,N,
05:34,MSTCLTD,9356,637.05,2.19,2.19,,18.45,15.17,NORMAL,Y,0,0,10.948026948989394,0.0,4.0,4.0,0,0,0,0,0,0,0,0,N,,N,
05:34,BHEL,438,430.9,2.18,2.18,,26.38,7.5,NORMAL,Y,0,0,10.908228598529748,0.0,4.0,4.0,0,0,0,0,0,0,0,0,N,,N,
05:34,RUBICON,759316,1729.7,6.73,6.73,,29.5,26.91,NORMAL,Y,0,0,15.0,0.0,4.0,4.0,0,0,0,0,0,0,0,0,N,,N,
05:34,TDPOWERSYS,25178,1540.8,3.79,3.79,,38.92,7.53,NORMAL,Y,0,0,15.0,0.0,4.0,4.0,0,0,0,0,0,0,0,0,N,,Y,NONRESULTS
05:34,ENDURANCE,18822,3001.0,3.52,3.52,,30.31,7.69,NORMAL,Y,0,0,15.0,0.0,4.0,4.0,0,0,0,0,0,0,0,0,N,,N,
05:34,MOREPENLAB,2259,86.69,2.97,2.97,,40.71,7.5,NORMAL,Y,0,0,14.847369046205012,0.0,4.0,4.0,0,0,0,0,0,0,0,0,N,,N,
05:34,ELGIEQUIP,937,621.45,1.96,1.96,,24.3,15.54,NORMAL,Y,0,0,9.80311730926993,0.0,4.0,4.0,0,0,0,0,0,0,0,0,N,,N,
05:34,UNOMINDA,14154,1263.0,1.85,1.85,,36.87,7.5,NORMAL,Y,0,0,9.274193548387096,0.0,4.0,4.0,0,0,0,0,0,0,0,0,Y,NONRESULTS,N,
05:34,ASHOKLEY,212,174.8,1.84,1.84,,29.08,7.5,NORMAL,Y,0,0,9.205313446749082,0.0,4.0,4.0,0,0,0,0,0,0,0,0,N,,N,
05:34,LOTUSEYE,16807,117.34,1.84,1.84,,17.43,18.69,NORMAL,N,0,0,9.199791702829389,0.0,4.0,4.0,0,0,0,0,0,0,0,0,N,,N,
05:34,PSPPROJECT,20877,939.3,1.83,1.83,,26.72,7.5,NORMAL,N,0,0,9.1608846487424,0.0,4.0,4.0,0,0,0,0,0,0,0,0,N,,N,
05:34,SONACOMS,4684,806.25,1.8,1.8,,31.0,7.5,NORMAL,Y,0,0,8.996212121212123,0.0,4.0,4.0,0,0,0,0,0,0,0,0,N,,N,
05:34,HINDZINC,1424,571.95,1.79,1.79,,29.79,7.54,NORMAL,Y,0,0,8.942872397223768,0.0,4.0,4.0,0,0,0,0,0,0,0,0,N,,N,
05:34,ROLEXRINGS,5279,179.31,1.71,1.71,,16.17,17.54,NORMAL,Y,0,0,8.536585365853632,0.0,4.0,4.0,0,0,0,0,0,0,0,0,N,,N,
05:34,PVRINOX,13147,1193.5,1.66,1.66,,21.7,11.0,NORMAL,Y,0,0,8.304940374787053,0.0,4.0,4.0,0,0,0,0,0,0,0,0,N,,N,
05:34,CHALET,8546,838.8,1.66,1.66,,22.8,12.35,NORMAL,Y,0,0,8.30202399709122,0.0,4.0,4.0,0,0,0,0,0,0,0,0,N,,N,
05:34,NAM-INDIA,357,1187.2,1.65,1.65,,34.95,7.5,NORMAL,Y,0,0,8.2626937237777,0.0,4.0,4.0,0,0,0,0,0,0,0,0,N,,N,
05:34,JAINREC,759244,298.15,1.62,1.62,,31.06,7.5,NORMAL,N,0,0,8.094751192910701,0.0,4.0,4.0,0,0,0,0,0,0,0,0,N,,N,
05:34,VARROC,3857,861.55,1.61,1.61,,15.55,15.6,NORMAL,Y,0,0,8.049298266304975,0.0,4.0,4.0,0,0,0,0,0,0,0,0,N,,N,
05:34,EIDPARRY,916,787.2,1.55,1.55,,22.54,14.5,NORMAL,Y,0,0,7.739938080495355,0.0,4.0,4.0,0,0,0,0,0,0,0,0,N,,N,
05:34,BEML,395,1921.2,2.5,2.5,,33.27,7.6,NORMAL,Y,0,0,12.483994878361063,0.0,4.0,4.0,0,0,0,0,0,0,0,0,N,,N,
05:34,JKIL,15266,505.0,1.48,1.48,,26.16,7.64,NORMAL,Y,0,0,7.3847081282025755,0.0,4.0,4.0,0,0,0,0,0,0,0,0,N,,N,
05:34,PIXTRANS,9087,1943.7,2.47,2.47,,31.23,7.5,NORMAL,Y,0,0,12.36292703500635,0.0,4.0,4.0,0,0,0,0,0,0,0,0,N,,N,
05:34,BECTORFOOD,1628,243.84,1.44,1.44,,21.72,8.95,NORMAL,Y,0,0,7.2180388567624885,0.0,4.0,4.0,0,0,0,0,0,0,0,0,N,,N,
05:34,OIL,17438,475.2,1.43,1.43,,24.12,11.0,NORMAL,Y,0,0,7.1504802561365945,0.0,4.0,4.0,0,0,0,0,0,0,0,0,N,,N,
05:34,NAUKRI,13751,1361.2,1.36,1.36,,28.12,7.5,NORMAL,Y,0,0,6.7758749069248125,0.0,4.0,4.0,0,0,0,0,0,0,0,0,N,,N,
05:34,HDFCLIFE,467,543.1,1.35,1.35,,29.71,7.5,NORMAL,N,0,0,6.7649528786040865,0.0,4.0,4.0,0,0,0,0,0,0,0,0,N,,N,
05:34,AEGISLOG,40,1282.5,1.35,1.35,,18.71,11.27,NORMAL,N,0,0,6.756756756756721,0.0,4.0,4.0,0,0,0,0,0,0,0,0,N,,N,
05:34,LUXIND,11301,1203.6,1.3,1.3,,21.02,18.32,NORMAL,N,0,0,6.523019947815841,0.0,4.0,4.0,0,0,0,0,0,0,0,0,N,,N,
05:34,EBGNG,757862,572.55,1.3,1.3,,19.48,14.5,NORMAL,Y,0,0,6.50212314225045,0.0,4.0,4.0,0,0,0,0,0,0,0,0,N,,N,
05:34,MUNJALAU,13511,122.02,1.24,1.24,,13.68,17.73,NORMAL,Y,0,0,6.181033767526736,0.0,4.0,4.0,0,0,0,0,0,0,0,0,N,,N,
05:34,KALYANKJIL,2955,615.6,1.21,1.21,,30.1,7.5,NORMAL,Y,0,0,6.041923551171412,0.0,4.0,4.0,0,0,0,0,0,0,0,0,N,,N,
05:34,PRICOLLTD,19631,801.4,1.18,1.18,,27.62,7.5,NORMAL,Y,0,0,5.9024051511899644,0.0,4.0,4.0,0,0,0,0,0,0,0,0,N,,N,
05:34,LXCHEM,2841,178.05,1.14,1.14,,16.68,16.09,NORMAL,Y,0,0,5.680204487361545,0.0,4.0,4.0,0,0,0,0,0,0,0,0,N,,N,
05:34,MEESHO,760229,193.32,1.13,1.13,,23.22,7.5,NORMAL,Y,0,0,5.649717514124285,0.0,4.0,4.0,0,0,0,0,0,0,0,0,N,,N,
05:34,SUPREMEIND,3363,3632.1,2.06,2.06,,26.98,7.54,NORMAL,Y,0,0,10.284076540504064,0.0,4.0,4.0,0,0,0,0,0,0,0,0,N,,N,
05:34,EXICOM,22947,147.17,-3.04,-3.04,,7.5,30.27,NORMAL,N,0,0,0.0,15.0,4.0,4.0,0,0,0,0,0,0,0,0,N,,N,
05:34,KNRCON,15283,128.3,-3.12,-3.12,,11.0,40.32,NORMAL,N,0,0,0.0,15.0,4.0,4.0,0,0,0,0,0,0,0,0,N,,N,
05:34,VOLTAS,3718,1274.9,-3.45,-3.45,,7.5,47.93,NORMAL,N,0,0,0.0,15.0,4.0,4.0,0,0,0,0,0,0,0,0,N,,N,
05:34,J&KBANK,5633,149.94,-3.56,-3.56,,9.77,29.5,NORMAL,N,0,0,0.0,15.0,4.0,4.0,0,0,0,0,0,0,0,0,N,,N,
05:34,SHIVALIK,7026,254.7,-4.96,-4.96,,7.91,47.5,NORMAL,Y,0,0,0.0,15.0,4.0,4.0,0,0,0,0,0,0,0,0,N,,N,
05:34,VERANDA,8890,231.2,-5.98,-5.98,,7.5,42.44,NORMAL,N,0,0,0.0,15.0,4.0,4.0,0,0,0,0,0,0,0,0,N,,Y,NONRESULTS
05:34,SCHNEIDER,31234,1218.9,-10.98,-10.98,,33.72,22.5,NORMAL,N,0,0,0.0,15.0,4.0,4.0,0,0,0,0,0,0,0,0,Y,NONRESULTS,N,
05:34,GUJGASLTD,10599,274.5,-2.99,-2.99,,7.56,31.97,NORMAL,Y,0,0,0.0,14.931966778582769,4.0,4.0,0,0,0,0,0,0,0,0,N,,N,
05:34,ABMKNO,762528,194.0,-2.89,-2.89,,7.5,49.94,NORMAL,N,0,0,0.0,14.441607849026406,4.0,4.0,0,0,0,0,0,0,0,0,N,,N,
05:34,TEJASNET,21131,523.05,-2.87,-2.87,,7.58,28.93,NORMAL,N,0,0,0.0,14.345403899721493,4.0,4.0,0,0,0,0,0,0,0,0,N,,N,
05:34,GODREJIND,10925,1217.9,-2.76,-2.76,,7.95,28.95,NORMAL,N,0,0,0.0,13.812375249500962,4.0,4.0,0,0,0,0,0,0,0,0,N,,N,
05:34,MIDHANI,2463,433.2,-2.62,-2.62,,15.99,20.59,NORMAL,Y,0,0,0.0,13.094301449926979,4.0,4.0,0,0,0,0,0,0,0,0,N,,N,
05:34,TECHNOE,6445,944.85,-2.43,-2.43,,7.5,29.85,NORMAL,N,0,0,0.0,12.159231722428725,4.0,4.0,0,0,0,0,0,0,0,0,N,,N,
05:34,HAPPSTMNDS,48,410.0,-2.43,-2.43,,7.5,29.57,NORMAL,Y,0,0,0.0,12.137077582103744,4.0,4.0,0,0,0,0,0,0,0,0,N,,N,
05:34,INDIANB,14309,873.3,-2.42,-2.42,,7.5,28.1,NORMAL,Y,0,0,0.0,12.095647801553211,4.0,4.0,0,0,0,0,0,0,0,0,N,,N,
05:34,SAMHI,18614,159.55,-2.34,-2.34,,7.5,35.02,NORMAL,N,0,0,0.0,11.691252984023972,4.0,4.0,0,0,0,0,0,0,0,0,N,,N,
05:34,HALDER,760715,295.0,-2.29,-2.29,,7.5,43.91,NORMAL,Y,0,0,0.0,11.4276250414044,4.0,4.0,0,0,0,0,0,0,0,0,N,,N,
05:34,INFY,1594,1143.5,-2.2,-2.2,,7.5,27.98,NORMAL,N,0,0,0.0,10.990420800547403,4.0,4.0,0,0,0,0,0,0,0,0,N,,N,
05:34,TIPSMUSIC,9117,656.25,-2.18,-2.18,,7.5,26.96,NORMAL,N,0,0,0.0,10.918169622894602,4.0,4.0,0,0,0,0,0,0,0,0,N,,N,
05:34,360ONE,13061,1154.4,-2.17,-2.17,,7.65,27.45,NORMAL,Y,0,0,0.0,10.847457627118605,4.0,4.0,0,0,0,0,0,0,0,0,N,,N,
05:34,PRAJIND,2705,328.0,-2.16,-2.16,,12.8,25.63,NORMAL,Y,0,0,0.0,10.812826249067859,4.0,4.0,0,0,0,0,0,0,0,0,N,,N,
05:34,ZENITHEXPO,4176,210.72,-2.11,-2.11,,29.27,18.07,NORMAL,N,0,0,0.0,10.568123751567823,4.0,4.0,0,0,0,0,0,0,0,0,N,,N,
05:34,SARDAEN,17758,520.25,-2.05,-2.05,,7.5,30.66,NORMAL,Y,0,0,0.0,10.26075496564057,4.0,4.0,0,0,0,0,0,0,0,0,N,,N,
05:34,CYIENT,5748,849.3,-2.05,-2.05,,8.17,24.74,NORMAL,N,0,0,0.0,10.235857217000175,4.0,4.0,0,0,0,0,0,0,0,0,N,,N,
05:34,TITAGARH,15414,814.35,-2.04,-2.04,,7.5,25.36,NORMAL,N,0,0,0.0,10.224333914717025,4.0,4.0,0,0,0,0,0,0,0,0,N,,N,
05:34,NMDC,15332,81.2,-3.79,-3.79,,7.5,37.1,NORMAL,N,0,0,0.0,15.0,4.0,4.0,0,0,0,0,0,0,0,0,N,,N,
05:34,HCLTECH,7229,1333.4,-1.96,-1.96,,7.5,28.58,NORMAL,Y,0,0,0.0,9.779411764705848,4.0,4.0,0,0,0,0,0,0,0,0,N,,N,
05:34,LGEINDIA,760213,1679.3,-2.91,-2.91,,7.5,30.61,NORMAL,Y,0,0,0.0,14.56900040469448,4.0,4.0,0,0,0,0,0,0,0,0,N,,N,
05:34,SESHAPAPER,3066,227.72,-1.86,-1.86,,9.8,24.09,NORMAL,N,0,0,0.0,9.308739872435773,4.0,4.0,0,0,0,0,0,0,0,0,N,,N,
05:34,TVSSCS,18151,121.1,-1.86,-1.86,,7.5,30.05,NORMAL,N,0,0,0.0,9.279520220439283,4.0,4.0,0,0,0,0,0,0,0,0,N,,N,
05:34,SONATSOFTW,6596,320.1,-1.78,-1.78,,13.44,19.9,NORMAL,Y,0,0,0.0,8.898435102792199,4.0,4.0,0,0,0,0,0,0,0,0,N,,N,
05:34,OMNI,760865,568.75,-1.77,-1.77,,12.86,23.35,NORMAL,N,0,0,0.0,8.851468048359239,4.0,4.0,0,0,0,0,0,0,0,0,N,,N,
05:34,SHILPAMED,17752,807.5,-1.76,-1.76,,7.5,28.24,NORMAL,Y,0,0,0.0,8.819951338199514,4.0,4.0,0,0,0,0,0,0,0,0,N,,N,
05:34,BIOCON,11373,409.65,-1.76,-1.76,,7.5,33.6,NORMAL,N,0,0,0.0,8.812949640287796,4.0,4.0,0,0,0,0,0,0,0,0,N,,N,
05:34,BSOFT,6994,306.7,-1.71,-1.71,,7.5,25.55,NORMAL,N,0,0,0.0,8.572344175612919,4.0,4.0,0,0,0,0,0,0,0,0,N,,N,
05:34,HUDCO,20825,186.8,-1.68,-1.68,,10.33,22.9,NORMAL,N,0,0,0.0,8.395178693615447,4.0,4.0,0,0,0,0,0,0,0,0,N,,N,
05:34,CIPLA,694,1425.8,-1.67,-1.67,,7.5,27.88,NORMAL,N,0,0,0.0,8.344827586206913,4.0,4.0,0,0,0,0,0,0,0,0,N,,N,
05:34,AIIL,23553,555.6,-1.65,-1.65,,11.04,22.73,NORMAL,N,0,0,0.0,8.231545406266557,4.0,4.0,0,0,0,0,0,0,0,0,N,,N,
05:34,BANCOINDIA,13880,608.0,-1.63,-1.63,,8.67,22.67,NORMAL,N,0,0,0.0,8.170198996926082,4.0,4.0,0,0,0,0,0,0,0,0,N,,N,
05:34,PNB,10666,116.1,-1.61,-1.61,,13.8,19.05,NORMAL,Y,0,0,0.0,8.050847457627142,4.0,4.0,0,0,0,0,0,0,0,0,N,,N,
05:34,VAIBHAVGBL,11364,224.65,-1.6,-1.6,,7.65,23.09,NORMAL,N,0,0,0.0,7.993867717915037,4.0,4.0,0,0,0,0,0,0,0,0,N,,N,
05:34,BANKINDIA,4745,141.8,-1.6,-1.6,,7.55,23.43,NORMAL,N,0,0,0.0,7.980569049271281,4.0,4.0,0,0,0,0,0,0,0,0,N,,N,
05:34,GARFIBRES,1100,743.45,-1.59,-1.59,,7.5,35.11,NORMAL,N,0,0,0.0,7.974851091992028,4.0,4.0,0,0,0,0,0,0,0,0,N,,N,
05:34,TATAINVEST,1621,656.7,-1.59,-1.59,,7.5,27.84,NORMAL,N,0,0,0.0,7.94245466806527,4.0,4.0,0,0,0,0,0,0,0,0,N,,N,
05:34,INOXGREEN,12188,184.12,-1.58,-1.58,,11.0,25.04,NORMAL,Y,0,0,0.0,7.884749024429328,4.0,4.0,0,0,0,0,0,0,0,0,N,,N,
05:34,ADANIGREEN,3563,1326.8,-1.57,-1.57,,7.5,25.56,NORMAL,N,0,0,0.0,7.863501483679542,4.0,4.0,0,0,0,0,0,0,0,0,N,,N,
05:34,VIPIND,3703,295.15,-1.55,-1.55,,8.04,22.26,NORMAL,N,0,0,0.0,7.7551701134089965,4.0,4.0,0,0,0,0,0,0,0,0,N,,N,
05:34,NLCINDIA,8585,271.15,-1.54,-1.54,,7.5,25.49,NORMAL,N,0,0,0.0,7.716049382716051,4.0,4.0,0,0,0,0,0,0,0,0,N,,N,
05:35,JUBLPHARMA,3637,852.6,-1.52,-1.52,,7.5,24.24,NORMAL,N,0,0,0.0,7.623007623007584,4.0,4.0,0,0,0,0,0,0,0,0,N,,N,
05:35,SCI,3048,287.9,-1.49,-1.49,,7.5,23.39,NORMAL,N,0,0,0.0,7.442258340461972,4.0,4.0,0,0,0,0,0,0,0,0,N,,N,
05:35,TRIVENI,13081,281.1,12.51,12.51,,29.54,8.03,NORMAL,Y,0,0,15.0,0.0,4.0,4.0,0,0,0,0,0,0,0,0,N,,N,
05:35,GNFC,1174,584.95,2.81,2.81,,21.81,20.11,NORMAL,Y,0,0,14.060989542139028,0.0,4.0,4.0,0,0,0,0,0,0,0,0,N,,N,
05:35,WELSPUNLIV,11253,168.35,2.61,2.61,,27.57,10.39,NORMAL,Y,0,0,13.074484944532463,0.0,4.0,4.0,0,0,0,0,0,0,0,0,N,,N,
05:35,NARMADA,6364,384.4,2.23,2.23,,28.13,7.97,NORMAL,Y,0,0,11.170212765957416,0.0,4.0,4.0,0,0,0,0,0,0,0,0,N,,N,
05:35,BHEL,438,430.9,2.18,2.18,,26.38,7.5,NORMAL,Y,0,0,10.908228598529748,0.0,4.0,4.0,0,0,0,0,0,0,0,0,N,,N,
05:49,TRIVENI,13081,281.2,12.55,12.55,,29.5,11.13,NORMAL,Y,0,0,15.0,0.0,4.0,4.0,0,0,0,0,0,0,0,0,N,,N,
05:49,PURVA,14922,235.74,8.19,8.19,,22.5,19.99,NORMAL,Y,0,0,15.0,0.0,4.0,4.0,0,0,0,0,0,0,0,0,N,,N,
05:49,FINCABLES,1038,1312.75,5.08,5.08,,47.68,7.5,NORMAL,Y,0,0,15.0,0.0,4.0,4.0,0,0,0,0,0,0,0,0,N,,N,
05:49,NELCO,2388,1097.2,4.74,4.74,,29.5,25.3,NORMAL,Y,0,0,15.0,0.0,4.0,4.0,0,0,0,0,0,0,0,0,N,,N,
05:49,MIDHANI,2463,433.2,3.96,3.96,,29.5,9.37,NORMAL,Y,0,0,15.0,0.0,4.0,4.0,0,0,0,0,0,0,0,0,N,,N,
05:49,WELSPUNLIV,11253,168.86,2.93,2.93,,30.64,7.5,NORMAL,Y,0,0,14.62879434353289,0.0,4.0,4.0,0,0,0,0,0,0,0,0,N,,N,
05:49,BALRAMCHIN,341,642.4,2.81,2.81,,26.96,11.0,NORMAL,Y,0,0,14.043370408898099,0.0,4.0,4.0,0,0,0,0,0,0,0,0,N,,N,
05:49,GNFC,1174,583.8,2.61,2.61,,21.82,14.88,NORMAL,Y,0,0,13.050355918797704,0.0,4.0,4.0,0,0,0,0,0,0,0,0,N,,N,
05:49,MOTILALOFS,14947,926.95,2.57,2.57,,25.93,11.18,NORMAL,Y,0,0,12.86378222861569,0.0,4.0,4.0,0,0,0,0,0,0,0,0,N,,N,
05:49,NARMADA,6364,385.3,2.47,2.47,,30.37,7.5,NORMAL,Y,0,0,12.36702127659576,0.0,4.0,4.0,0,0,0,0,0,0,0,0,N,,N,
05:49,HINDCOPPER,17939,557.0,2.31,2.31,,26.4,11.59,NORMAL,Y,0,0,11.52539259803467,0.0,4.0,4.0,0,0,0,0,0,0,0,0,N,,N,
05:49,SOUTHWEST,9678,225.2,2.25,2.25,,25.74,10.69,NORMAL,N,0,0,11.237230419977273,0.0,4.0,4.0,0,0,0,0,0,0,0,0,N,,N,
05:49,MONTECARLO,5938,519.7,2.22,2.22,,22.11,13.8,NORMAL,Y,0,0,11.113296616837205,0.0,4.0,4.0,0,0,0,0,0,0,0,0,N,,N,
05:49,GOCLCORP,3963,405.9,2.22,2.22,,25.58,9.31,NORMAL,N,0,0,11.080332409972241,0.0,4.0,4.0,0,0,0,0,0,0,0,0,N,,N,
05:49,SONACOMS,4684,809.0,2.15,2.15,,43.95,7.5,NORMAL,Y,0,0,10.732323232323232,0.0,4.0,4.0,0,0,0,0,0,0,0,0,N,,N,
05:49,MSTCLTD,9356,636.6,2.12,2.12,,18.2,15.04,NORMAL,Y,0,0,10.58710298363815,0.0,4.0,4.0,0,0,0,0,0,0,0,0,N,,N,
05:49,NAM-INDIA,357,1191.3,2.0,2.0,,31.15,7.5,NORMAL,Y,0,0,10.017980991523189,0.0,4.0,4.0,0,0,0,0,0,0,0,0,N,,N,
05:49,MOREPENLAB,2259,87.71,8.43,8.43,,46.4,7.5,NORMAL,Y,0,0,15.0,0.0,4.0,4.0,0,0,0,0,0,0,0,0,N,,N,
05:49,RUBICON,759316,1740.6,7.4,7.4,,31.99,7.5,NORMAL,Y,0,0,15.0,0.0,4.0,4.0,0,0,0,0,0,0,0,0,N,,N,
05:49,TDPOWERSYS,25178,1545.1,4.29,4.29,,34.93,7.5,NORMAL,Y,0,0,15.0,0.0,4.0,4.0,0,0,0,0,0,0,0,0,N,,Y,NONRESULTS
05:49,ENDURANCE,18822,2990.6,3.16,3.16,,29.5,11.19,NORMAL,Y,0,0,15.0,0.0,4.0,4.0,0,0,0,0,0,0,0,0,N,,N,
05:49,EBGNG,757862,576.45,1.99,1.99,,43.31,7.5,NORMAL,Y,0,0,9.952229299363056,0.0,4.0,4.0,0,0,0,0,0,0,0,0,N,,N,
05:49,JAINREC,759244,299.2,1.98,1.98,,34.43,7.5,NORMAL,N,0,0,9.884117246080457,0.0,4.0,4.0,0,0,0,0,0,0,0,0,N,,N,
05:49,HINDZINC,1424,572.6,1.9,1.9,,24.9,7.5,NORMAL,Y,0,0,9.521267129382492,0.0,4.0,4.0,0,0,0,0,0,0,0,0,N,,N,
05:49,UNOMINDA,14154,1263.0,1.85,1.85,,28.35,7.53,NORMAL,Y,0,0,9.274193548387096,0.0,4.0,4.0,0,0,0,0,0,0,0,0,Y,NONRESULTS,N,
05:49,LOTUSEYE,16807,117.34,1.84,1.84,,16.7,33.58,NORMAL,N,0,0,9.199791702829389,0.0,4.0,4.0,0,0,0,0,0,0,0,0,N,,N,
05:49,PVRINOX,13147,1195.1,1.8,1.8,,20.01,11.38,NORMAL,Y,0,0,8.986371379897747,0.0,4.0,4.0,0,0,0,0,0,0,0,0,N,,N,
05:49,ELGIEQUIP,937,620.1,1.74,1.74,,23.2,21.08,NORMAL,Y,0,0,8.695652173913063,0.0,4.0,4.0,0,0,0,0,0,0,0,0,N,,N,
05:49,ASHOKLEY,212,174.58,1.71,1.71,,19.56,15.78,NORMAL,Y,0,0,8.564437194127319,0.0,4.0,4.0,0,0,0,0,0,0,0,0,N,,N,
05:49,BHEL,438,428.85,1.7,1.7,,19.48,18.07,NORMAL,Y,0,0,8.477590704292192,0.0,4.0,4.0,0,0,0,0,0,0,0,0,N,,N,
05:49,CHALET,8546,838.35,1.61,1.61,,22.53,9.4,NORMAL,Y,0,0,8.029329778208702,0.0,4.0,4.0,0,0,0,0,0,0,0,0,N,,N,
05:49,PSPPROJECT,20877,937.15,1.6,1.6,,22.5,11.1,NORMAL,N,0,0,7.9954466608846495,0.0,4.0,4.0,0,0,0,0,0,0,0,0,N,,N,
05:49,AEGISLOG,40,1285.1,1.56,1.56,,19.63,11.0,NORMAL,N,0,0,7.784099889362975,0.0,4.0,4.0,0,0,0,0,0,0,0,0,N,,N,
05:49,BECTORFOOD,1628,244.11,1.56,1.56,,25.76,7.5,NORMAL,Y,0,0,7.779673004118669,0.0,4.0,4.0,0,0,0,0,0,0,0,0,N,,N,
05:49,NAUKRI,13751,1363.7,1.54,1.54,,22.46,11.62,NORMAL,Y,0,0,7.706626954579317,0.0,4.0,4.0,0,0,0,0,0,0,0,0,N,,N,
05:49,ROLEXRINGS,5279,178.9,1.47,1.47,,14.87,16.62,NORMAL,Y,0,0,7.373794668179223,0.0,4.0,4.0,0,0,0,0,0,0,0,0,N,,N,
05:49,MEESHO,760229,193.97,1.47,1.47,,34.5,7.5,NORMAL,Y,0,0,7.349863988282074,0.0,4.0,4.0,0,0,0,0,0,0,0,0,N,,N,
05:49,EIDPARRY,916,786.45,1.45,1.45,,14.76,18.31,NORMAL,Y,0,0,7.256191950464396,0.0,4.0,4.0,0,0,0,0,0,0,0,0,N,,N,
05:49,LXCHEM,2841,178.55,1.42,1.42,,23.22,7.5,NORMAL,Y,0,0,7.100255609201931,0.0,4.0,4.0,0,0,0,0,0,0,0,0,N,,N,
05:49,OIL,17438,475.15,1.42,1.42,,18.15,13.17,NORMAL,Y,0,0,7.097118463180339,0.0,4.0,4.0,0,0,0,0,0,0,0,0,N,,N,
05:49,KALYANKJIL,2955,616.8,1.41,1.41,,28.81,7.5,NORMAL,Y,0,0,7.028360049321787,0.0,4.0,4.0,0,0,0,0,0,0,0,0,N,,N,
05:49,APCL,20453,105.0,1.4,1.4,,14.5,35.5,NORMAL,Y,0,0,7.001448575567373,0.0,4.0,4.0,0,0,0,0,0,0,0,0,N,,N,
05:49,LTF,24948,310.45,1.35,1.35,,28.23,7.5,NORMAL,N,0,0,6.774404178909528,0.0,4.0,4.0,0,0,0,0,0,0,0,0,N,,N,
05:49,BEML,395,1918.0,2.33,2.33,,32.55,7.68,NORMAL,Y,0,0,11.630388390951746,0.0,4.0,4.0,0,0,0,0,0,0,0,0,N,,N,
05:49,LUXIND,11301,1203.8,1.32,1.32,,21.52,7.53,NORMAL,N,0,0,6.607187947142515,0.0,4.0,4.0,0,0,0,0,0,0,0,0,N,,N,
05:49,JKIL,15266,504.05,1.29,1.29,,18.51,11.25,NORMAL,Y,0,0,6.430222043604977,0.0,4.0,4.0,0,0,0,0,0,0,0,0,N,,N,
05:49,QUICKHEAL,13131,151.0,1.28,1.28,,27.36,7.5,NORMAL,N,0,0,6.405526862968666,0.0,4.0,4.0,0,0,0,0,0,0,0,0,N,,N,
05:49,HDFCLIFE,467,542.7,1.28,1.28,,21.23,7.66,NORMAL,N,0,0,6.3917140990949175,0.0,4.0,4.0,0,0,0,0,0,0,0,0,N,,N,
05:49,NUCLEUS,10791,711.9,1.14,1.14,,23.18,7.5,NORMAL,N,0,0,5.682625372922291,0.0,4.0,4.0,0,0,0,0,0,0,0,0,N,,N,
05:49,MUNJALAU,13511,121.87,1.11,1.11,,13.06,24.44,NORMAL,Y,0,0,5.5587820459636745,0.0,4.0,4.0,0,0,0,0,0,0,0,0,N,,N,
05:49,GUJGASLTD,10599,273.7,-3.27,-3.27,,7.5,35.65,NORMAL,N,0,0,0.0,15.0,4.0,4.0,0,0,0,0,0,0,0,0,N,,N,
05:49,KNRCON,15283,127.66,-3.6,-3.6,,7.5,39.46,NORMAL,N,0,0,0.0,15.0,4.0,4.0,0,0,0,0,0,0,0,0,N,,N,
05:49,VOLTAS,3718,1271.0,-3.75,-3.75,,7.5,44.4,NORMAL,N,0,0,0.0,15.0,4.0,4.0,0,0,0,0,0,0,0,0,N,,N,
05:49,J&KBANK,5633,149.63,-3.76,-3.76,,7.5,36.21,NORMAL,N,0,0,0.0,15.0,4.0,4.0,0,0,0,0,0,0,0,0,N,,N,
05:49,SHIVALIK,7026,254.6,-5.0,-5.0,,7.5,32.29,NORMAL,Y,0,0,0.0,15.0,4.0,4.0,0,0,0,0,0,0,0,0,N,,N,
05:49,ZENITHEXPO,4176,204.51,-5.0,-5.0,,7.5,48.9,NORMAL,N,0,0,0.0,15.0,4.0,4.0,0,0,0,0,0,0,0,0,N,,N,
05:49,VERANDA,8890,230.65,-6.2,-6.2,,7.5,39.75,NORMAL,N,0,0,0.0,15.0,4.0,4.0,0,0,0,0,0,0,0,0,N,,Y,NONRESULTS
05:49,SCHNEIDER,31234,1217.0,-11.12,-11.12,,14.5,36.98,NORMAL,N,0,0,0.0,15.0,4.0,4.0,0,0,0,0,0,0,0,0,Y,NONRESULTS,N,
05:49,ABMKNO,762528,194.0,-2.89,-2.89,,7.5,40.25,NORMAL,N,0,0,0.0,14.441607849026406,4.0,4.0,0,0,0,0,0,0,0,0,N,,N,
05:49,EXICOM,22947,147.47,-2.85,-2.85,,8.49,28.73,NORMAL,N,0,0,0.0,14.230186441794563,4.0,4.0,0,0,0,0,0,0,0,0,N,,N,
05:49,TEJASNET,21131,523.3,-2.82,-2.82,,7.53,28.83,NORMAL,N,0,0,0.0,14.11327762302697,4.0,4.0,0,0,0,0,0,0,0,0,N,,N,
05:49,GODREJIND,10925,1217.8,-2.77,-2.77,,7.5,35.25,NORMAL,N,0,0,0.0,13.852295409181655,4.0,4.0,0,0,0,0,0,0,0,0,N,,N,
05:49,HAPPSTMNDS,48,408.95,-2.68,-2.68,,7.67,28.32,NORMAL,Y,0,0,0.0,13.386482627320325,4.0,4.0,0,0,0,0,0,0,0,0,N,,N,
05:49,TECHNOE,6445,943.0,-2.62,-2.62,,7.5,28.68,NORMAL,N,0,0,0.0,13.114415530772398,4.0,4.0,0,0,0,0,0,0,0,0,N,,N,
05:49,HALDER,760715,294.0,-2.62,-2.62,,7.5,35.38,NORMAL,Y,0,0,0.0,13.08380258363693,4.0,4.0,0,0,0,0,0,0,0,0,N,,N,
05:49,INDIANB,14309,872.45,-2.51,-2.51,,7.5,29.28,NORMAL,Y,0,0,0.0,12.570534666741157,4.0,4.0,0,0,0,0,0,0,0,0,N,,N,
05:49,SAMHI,18614,159.45,-2.4,-2.4,,7.5,29.16,NORMAL,N,0,0,0.0,11.997306727061321,4.0,4.0,0,0,0,0,0,0,0,0,N,,N,
05:49,INFY,1594,1141.8,-2.34,-2.34,,7.5,29.79,NORMAL,N,0,0,0.0,11.717413616147832,4.0,4.0,0,0,0,0,0,0,0,0,N,,N,
05:49,TIPSMUSIC,9117,655.75,-2.26,-2.26,,7.5,26.09,NORMAL,N,0,0,0.0,11.290803398420014,4.0,4.0,0,0,0,0,0,0,0,0,N,,N,
05:49,360ONE,13061,1153.6,-2.24,-2.24,,7.53,25.76,NORMAL,Y,0,0,0.0,11.18644067796614,4.0,4.0,0,0,0,0,0,0,0,0,N,,N,
05:49,CYIENT,5748,848.2,-2.17,-2.17,,7.5,28.98,NORMAL,N,0,0,0.0,10.87019203044802,4.0,4.0,0,0,0,0,0,0,0,0,N,,N,
05:49,TITAGARH,15414,814.4,-2.04,-2.04,,10.62,24.71,NORMAL,N,0,0,0.0,10.19426234437965,4.0,4.0,0,0,0,0,0,0,0,0,N,,N,
05:49,SARDAEN,17758,520.5,-2.01,-2.01,,7.5,26.45,NORMAL,Y,0,0,0.0,10.025416548997438,4.0,4.0,0,0,0,0,0,0,0,0,N,,N,
05:49,NMDC,15332,81.21,-3.78,-3.78,,7.5,33.1,NORMAL,N,0,0,0.0,15.0,4.0,4.0,0,0,0,0,0,0,0,0,N,,N,
05:49,XCHANGING,11705,61.16,-4.26,-4.26,,7.5,49.06,NORMAL,N,0,0,0.0,15.0,4.0,4.0,0,0,0,0,0,0,0,0,N,,N,
05:49,SONATSOFTW,6596,319.4,-1.99,-1.99,,7.5,29.31,NORMAL,Y,0,0,0.0,9.97238416692237,4.0,4.0,0,0,0,0,0,0,0,0,N,,N,
05:49,LGEINDIA,760213,1678.5,-2.96,-2.96,,13.86,29.3,NORMAL,Y,0,0,0.0,14.800254379372157,4.0,4.0,0,0,0,0,0,0,0,0,N,,N,
05:49,TVSSCS,18151,121.0,-1.94,-1.94,,7.91,24.29,NORMAL,N,0,0,0.0,9.684739444039227,4.0,4.0,0,0,0,0,0,0,0,0,N,,N,
05:49,HCLTECH,7229,1334.0,-1.91,-1.91,,7.5,25.54,NORMAL,Y,0,0,0.0,9.558823529411766,4.0,4.0,0,0,0,0,0,0,0,0,N,,N,
05:49,JUBLPHARMA,3637,849.25,-1.91,-1.91,,7.5,36.52,NORMAL,N,0,0,0.0,9.55763455763453,4.0,4.0,0,0,0,0,0,0,0,0,N,,N,
05:49,SESHAPAPER,3066,227.64,-1.9,-1.9,,7.56,26.15,NORMAL,N,0,0,0.0,9.481123944147573,4.0,4.0,0,0,0,0,0,0,0,0,N,,N,
05:49,OMNI,760865,568.15,-1.87,-1.87,,7.57,24.81,NORMAL,N,0,0,0.0,9.369602763385167,4.0,4.0,0,0,0,0,0,0,0,0,N,,N,
05:49,FORTIS,14592,911.65,-1.87,-1.87,,7.5,35.47,NORMAL,N,0,0,0.0,9.337997847147482,4.0,4.0,0,0,0,0,0,0,0,0,N,,N,
05:49,HGINFRA,1672,514.2,-1.82,-1.82,,7.5,31.9,NORMAL,N,0,0,0.0,9.116945107398525,4.0,4.0,0,0,0,0,0,0,0,0,N,,N,
05:49,JSWINFRA,19020,333.05,-1.8,-1.8,,7.5,30.28,NORMAL,N,0,0,0.0,8.993070912575508,4.0,4.0,0,0,0,0,0,0,0,0,N,,N,
05:49,PNB,10666,115.9,-1.78,-1.78,,16.01,20.16,NORMAL,Y,0,0,0.0,8.89830508474574,4.0,4.0,0,0,0,0,0,0,0,0,N,,N,
05:49,BSOFT,6994,306.5,-1.78,-1.78,,7.5,26.36,NORMAL,N,0,0,0.0,8.892805640121793,4.0,4.0,0,0,0,0,0,0,0,0,N,,N,
05:49,HUDCO,20825,186.67,-1.75,-1.75,,7.5,25.22,NORMAL,N,0,0,0.0,8.737301963261281,4.0,4.0,0,0,0,0,0,0,0,0,N,,N,
05:49,RAMKY,20134,383.3,-1.73,-1.73,,7.5,33.83,NORMAL,N,0,0,0.0,8.652736828611717,4.0,4.0,0,0,0,0,0,0,0,0,N,,N,
05:49,BANKINDIA,4745,141.61,-1.73,-1.73,,7.5,30.72,NORMAL,N,0,0,0.0,8.639833448993686,4.0,4.0,0,0,0,0,0,0,0,0,N,,N,
05:49,TATAINVEST,1621,656.0,-1.69,-1.69,,7.95,23.0,NORMAL,N,0,0,0.0,8.46695639142811,4.0,4.0,0,0,0,0,0,0,0,0,N,,N,
05:49,BLS,17279,273.48,-1.67,-1.67,,7.5,24.66,NORMAL,Y,0,0,0.0,8.341722997267343,4.0,4.0,0,0,0,0,0,0,0,0,N,,N,
05:49,AIIL,23553,555.6,-1.65,-1.65,,8.2,22.73,NORMAL,N,0,0,0.0,8.231545406266557,4.0,4.0,0,0,0,0,0,0,0,0,N,,N,
05:49,INDUSINDBK,5258,1004.0,-1.65,-1.65,,7.5,27.49,NORMAL,N,0,0,0.0,8.228840125391828,4.0,4.0,0,0,0,0,0,0,0,0,N,,N,
05:49,BANCOINDIA,13880,607.95,-1.64,-1.64,,8.87,22.83,NORMAL,N,0,0,0.0,8.2106455266138,4.0,4.0,0,0,0,0,0,0,0,0,N,,N,
05:50,NLCINDIA,8585,270.9,-1.63,-1.63,,12.23,22.76,NORMAL,N,0,0,0.0,8.169934640522877,4.0,4.0,0,0,0,0,0,0,0,0,N,,N,
05:50,BANKBARODA,4668,244.2,-1.62,-1.62,,7.5,23.38,NORMAL,N,0,0,0.0,8.097655305777154,4.0,4.0,0,0,0,0,0,0,0,0,N,,N,
05:50,BPCL,526,314.35,-1.6,-1.6,,7.5,25.25,NORMAL,N,0,0,0.0,7.9824698700891625,4.0,4.0,0,0,0,0,0,0,0,0,N,,N,
05:50,AMBUJACEM,1270,410.85,-1.59,-1.59,,7.5,27.82,NORMAL,N,0,0,0.0,7.964071856287397,4.0,4.0,0,0,0,0,0,0,0,0,N,,N,
05:50,VIPIND,3703,295.05,-1.58,-1.58,,9.56,22.42,NORMAL,N,0,0,0.0,7.921947965310208,4.0,4.0,0,0,0,0,0,0,0,0,N,,N,
05:50,ELGIEQUIP,937,620.1,1.74,1.74,,23.2,20.83,NORMAL,Y,0,0,8.695652173913063,0.0,4.0,4.0,0,0,0,0,0,0,0,0,N,,N,
05:50,NAUKRI,13751,1363.7,1.54,1.54,,22.45,11.86,NORMAL,Y,0,0,7.706626954579317,0.0,4.0,4.0,0,0,0,0,0,0,0,0,N,,N,
05:50,EIDPARRY,916,786.45,1.45,1.45,,14.76,15.18,NORMAL,Y,0,0,7.256191950464396,0.0,4.0,4.0,0,0,0,0,0,0,0,0,N,,N,
06:04,TRIVENI,13081,285.96,14.46,14.46,,48.71,7.5,NORMAL,Y,0,0,15.0,0.0,4.0,4.0,0,0,0,0,0,0,0,0,N,,N,
06:04,PURVA,14922,236.39,8.49,8.49,,30.91,14.56,NORMAL,Y,0,0,15.0,0.0,4.0,4.0,0,0,0,0,0,0,0,0,N,,N,
06:04,FINCABLES,1038,1315.6,5.31,5.31,,30.01,8.17,NORMAL,Y,0,0,15.0,0.0,4.0,4.0,0,0,0,0,0,0,0,0,N,,N,
06:04,NELCO,2388,1097.0,4.73,4.73,,33.86,7.5,NORMAL,Y,0,0,15.0,0.0,4.0,4.0,0,0,0,0,0,0,0,0,N,,N,
06:04,APCL,20453,107.4,3.72,3.72,,32.95,7.5,NORMAL,Y,0,0,15.0,0.0,4.0,4.0,0,0,0,0,0,0,0,0,N,,N,
06:04,BALRAMCHIN,341,647.0,3.54,3.54,,31.83,7.5,NORMAL,Y,0,0,15.0,0.0,4.0,4.0,0,0,0,0,0,0,0,0,N,,N,
06:04,NARMADA,6364,389.25,3.52,3.52,,48.22,7.5,NORMAL,Y,0,0,15.0,0.0,4.0,4.0,0,0,0,0,0,0,0,0,N,,N,
06:04,MIDHANI,2463,430.6,3.34,3.34,,29.5,15.66,NORMAL,Y,0,0,15.0,0.0,4.0,4.0,0,0,0,0,0,0,0,0,N,,N,
06:04,WELSPUNLIV,11253,168.85,2.92,2.92,,29.25,8.16,NORMAL,Y,0,0,14.598317688650472,0.0,4.0,4.0,0,0,0,0,0,0,0,0,N,,N,
06:04,EBGNG,757862,581.05,2.8,2.8,,39.56,7.5,NORMAL,Y,0,0,14.021585279546981,0.0,4.0,4.0,0,0,0,0,0,0,0,0,N,,N,
06:04,MOTILALOFS,14947,929.0,2.8,2.8,,46.58,7.5,NORMAL,Y,0,0,13.998008188558124,0.0,4.0,4.0,0,0,0,0,0,0,0,0,N,,N,
06:04,HINDCOPPER,17939,558.7,2.62,2.62,,32.11,7.62,NORMAL,Y,0,0,13.086601157131051,0.0,4.0,4.0,0,0,0,0,0,0,0,0,N,,N,
06:04,GNFC,1174,583.45,2.55,2.55,,20.63,14.59,NORMAL,Y,0,0,12.742771772563493,0.0,4.0,4.0,0,0,0,0,0,0,0,0,N,,N,
06:04,HINDZINC,1424,575.6,2.44,2.44,,38.04,7.5,NORMAL,Y,0,0,12.190781277807478,0.0,4.0,4.0,0,0,0,0,0,0,0,0,N,,N,
06:04,BECTORFOOD,1628,246.2,2.43,2.43,,38.39,7.5,NORMAL,Y,0,0,12.12713732994963,0.0,4.0,4.0,0,0,0,0,0,0,0,0,N,,N,
06:04,SOUTHWEST,9678,225.36,2.32,2.32,,26.1,11.91,NORMAL,N,0,0,11.60045402951195,0.0,4.0,4.0,0,0,0,0,0,0,0,0,N,,N,
06:04,SONACOMS,4684,810.3,2.31,2.31,,26.39,8.93,NORMAL,Y,0,0,11.553030303030276,0.0,4.0,4.0,0,0,0,0,0,0,0,0,N,,N,
06:04,MONTECARLO,5938,519.3,2.14,2.14,,25.4,11.22,NORMAL,Y,0,0,10.719905586152613,0.0,4.0,4.0,0,0,0,0,0,0,0,0,N,,N,
06:04,MOREPENLAB,2259,88.51,9.42,9.42,,42.92,7.5,NORMAL,Y,0,0,15.0,0.0,4.0,4.0,0,0,0,0,0,0,0,0,N,,N,
06:04,RUBICON,759316,1748.0,7.85,7.85,,43.07,7.5,NORMAL,Y,0,0,15.0,0.0,4.0,4.0,0,0,0,0,0,0,0,0,N,,N,
06:04,TDPOWERSYS,25178,1548.0,4.48,4.48,,29.5,8.79,NORMAL,Y,0,0,15.0,0.0,4.0,4.0,0,0,0,0,0,0,0,0,N,,Y,NONRESULTS
06:04,ENDURANCE,18822,2996.7,3.37,3.37,,29.5,7.9,NORMAL,Y,0,0,15.0,0.0,4.0,4.0,0,0,0,0,0,0,0,0,N,,N,
06:04,AEGISLOG,40,1289.6,1.91,1.91,,26.84,7.5,NORMAL,Y,0,0,9.562193772720017,0.0,4.0,4.0,0,0,0,0,0,0,0,0,N,,N,
06:04,MSTCLTD,9356,635.3,1.91,1.91,,17.04,23.2,NORMAL,Y,0,0,9.544433750401009,0.0,4.0,4.0,0,0,0,0,0,0,0,0,N,,N,
06:04,PSPPROJECT,20877,939.95,1.9,1.9,,30.32,7.5,NORMAL,N,0,0,9.513226366001772,0.0,4.0,4.0,0,0,0,0,0,0,0,0,N,,N,
06:04,UNOMINDA,14154,1263.5,1.9,1.9,,24.0,11.7,NORMAL,Y,0,0,9.475806451612904,0.0,4.0,4.0,0,0,0,0,0,0,0,0,Y,NONRESULTS,N,
06:04,NAM-INDIA,357,1189.9,1.88,1.88,,25.74,7.5,NORMAL,Y,0,0,9.418614607415018,0.0,4.0,4.0,0,0,0,0,0,0,0,0,N,,N,
06:04,PVRINOX,13147,1196.0,1.87,1.87,,24.35,10.15,NORMAL,Y,0,0,9.369676320272573,0.0,4.0,4.0,0,0,0,0,0,0,0,0,N,,N,
06:04,JAINREC,759244,298.85,1.86,1.86,,23.79,22.68,NORMAL,N,0,0,9.287661895023936,0.0,4.0,4.0,0,0,0,0,0,0,0,0,N,,N,
06:04,ASHOKLEY,212,174.7,1.78,1.78,,25.05,7.5,NORMAL,Y,0,0,8.914006059193667,0.0,4.0,4.0,0,0,0,0,0,0,0,0,N,,N,
06:04,VARROC,3857,863.0,1.78,1.78,,26.22,11.0,NORMAL,Y,0,0,8.904351928293444,0.0,4.0,4.0,0,0,0,0,0,0,0,0,N,,N,
06:04,GOCLCORP,3963,404.0,1.74,1.74,,23.19,15.06,NORMAL,N,0,0,8.687987912364616,0.0,4.0,4.0,0,0,0,0,0,0,0,0,N,,N,
06:04,ELGIEQUIP,937,619.45,1.63,1.63,,22.66,8.73,NORMAL,Y,0,0,8.162428219852377,0.0,4.0,4.0,0,0,0,0,0,0,0,0,N,,N,
06:04,JKIL,15266,505.5,1.58,1.58,,26.7,7.5,NORMAL,Y,0,0,7.8870692253592125,0.0,4.0,4.0,0,0,0,0,0,0,0,0,N,,N,
06:04,BHEL,438,428.3,1.57,1.57,,18.83,21.79,NORMAL,Y,0,0,7.8254683424235525,0.0,4.0,4.0,0,0,0,0,0,0,0,0,N,,N,
06:04,KALYANKJIL,2955,617.75,1.56,1.56,,22.74,7.6,NORMAL,Y,0,0,7.809288943690916,0.0,4.0,4.0,0,0,0,0,0,0,0,0,N,,N,
06:04,NAUKRI,13751,1363.5,1.53,1.53,,22.73,7.56,NORMAL,Y,0,0,7.63216679076694,0.0,4.0,4.0,0,0,0,0,0,0,0,0,N,,N,
06:04,CHALET,8546,837.4,1.49,1.49,,25.65,11.06,NORMAL,Y,0,0,7.453641982789937,0.0,4.0,4.0,0,0,0,0,0,0,0,0,N,,N,
06:04,ROLEXRINGS,5279,178.9,1.47,1.47,,14.94,15.43,NORMAL,Y,0,0,7.373794668179223,0.0,4.0,4.0,0,0,0,0,0,0,0,0,N,,N,
06:04,MUNJALAU,13511,122.29,1.46,1.46,,14.8,15.41,NORMAL,Y,0,0,7.30108686634035,0.0,4.0,4.0,0,0,0,0,0,0,0,0,N,,N,
06:04,OIL,17438,475.3,1.45,1.45,,18.26,19.4,NORMAL,Y,0,0,7.257203842049105,0.0,4.0,4.0,0,0,0,0,0,0,0,0,N,,N,
06:04,HDFCLIFE,467,543.35,1.4,1.4,,22.99,7.59,NORMAL,N,0,0,6.998227115797331,0.0,4.0,4.0,0,0,0,0,0,0,0,0,N,,N,
06:04,LTF,24948,310.55,1.39,1.39,,22.28,7.5,NORMAL,N,0,0,6.937642833823048,0.0,4.0,4.0,0,0,0,0,0,0,0,0,N,,N,
06:04,YATRA,18760,115.5,1.31,1.31,,24.02,7.5,NORMAL,Y,0,0,6.534514516270479,0.0,4.0,4.0,0,0,0,0,0,0,0,0,N,,N,
06:04,LXCHEM,2841,178.31,1.28,1.28,,17.42,12.13,NORMAL,Y,0,0,6.41863107071852,0.0,4.0,4.0,0,0,0,0,0,0,0,0,N,,N,
06:04,BEML,395,1917.1,2.28,2.28,,25.89,19.91,NORMAL,Y,0,0,11.390311566367854,0.0,4.0,4.0,0,0,0,0,0,0,0,0,N,,N,
06:04,MEESHO,760229,193.48,1.21,1.21,,17.22,12.11,NORMAL,Y,0,0,6.068215107763113,0.0,4.0,4.0,0,0,0,0,0,0,0,0,N,,N,
06:04,EIDPARRY,916,784.55,1.21,1.21,,13.53,21.03,NORMAL,Y,0,0,6.030701754385905,0.0,4.0,4.0,0,0,0,0,0,0,0,0,N,,N,
06:04,MATRIMONY,21726,544.75,1.18,1.18,,22.87,7.5,NORMAL,Y,0,0,5.8971025260029935,0.0,4.0,4.0,0,0,0,0,0,0,0,0,N,,N,
06:04,QUICKHEAL,13131,150.8,1.15,1.15,,21.11,7.75,NORMAL,N,0,0,5.734791065799208,0.0,4.0,4.0,0,0,0,0,0,0,0,0,N,,N,
06:04,KNRCON,15283,128.15,-3.23,-3.23,,11.4,26.87,NORMAL,N,0,0,0.0,15.0,4.0,4.0,0,0,0,0,0,0,0,0,N,,N,
06:04,GUJGASLTD,10599,273.3,-3.41,-3.41,,7.5,32.46,NORMAL,N,0,0,0.0,15.0,4.0,4.0,0,0,0,0,0,0,0,0,N,,N,
06:04,VOLTAS,3718,1270.8,-3.76,-3.76,,7.5,35.83,NORMAL,N,0,0,0.0,15.0,4.0,4.0,0,0,0,0,0,0,0,0,N,,N,
06:04,J&KBANK,5633,149.52,-3.83,-3.83,,8.38,29.88,NORMAL,N,0,0,0.0,15.0,4.0,4.0,0,0,0,0,0,0,0,0,N,,N,
06:04,SHIVALIK,7026,254.6,-5.0,-5.0,,7.5,29.68,NORMAL,Y,0,0,0.0,15.0,4.0,4.0,0,0,0,0,0,0,0,0,N,,N,
06:04,ZENITHEXPO,4176,204.51,-5.0,-5.0,,7.5,45.76,NORMAL,N,0,0,0.0,15.0,4.0,4.0,0,0,0,0,0,0,0,0,N,,N,
06:04,VERANDA,8890,230.05,-6.45,-6.45,,17.85,30.68,NORMAL,N,0,0,0.0,15.0,4.0,4.0,0,0,0,0,0,0,0,0,N,,Y,NONRESULTS
06:04,SCHNEIDER,31234,1205.2,-11.98,-11.98,,7.5,49.04,NORMAL,N,0,0,0.0,15.0,4.0,4.0,0,0,0,0,0,0,0,0,Y,NONRESULTS,N,
06:04,TEJASNET,21131,522.5,-2.97,-2.97,,7.5,32.01,NORMAL,N,0,0,0.0,14.856081708449395,4.0,4.0,0,0,0,0,0,0,0,0,N,,N,
06:04,EXICOM,22947,147.44,-2.87,-2.87,,10.6,28.83,NORMAL,N,0,0,0.0,14.329007180973697,4.0,4.0,0,0,0,0,0,0,0,0,N,,N,
06:04,GODREJIND,10925,1216.9,-2.84,-2.84,,7.5,30.84,NORMAL,N,0,0,0.0,14.211576846307349,4.0,4.0,0,0,0,0,0,0,0,0,N,,N,
06:04,HAPPSTMNDS,48,408.5,-2.78,-2.78,,7.5,30.0,NORMAL,Y,0,0,0.0,13.921941932413121,4.0,4.0,0,0,0,0,0,0,0,0,N,,N,
06:04,EPACKPEB,759251,223.5,-2.7,-2.7,,7.5,48.06,NORMAL,N,0,0,0.0,13.495864170657354,4.0,4.0,0,0,0,0,0,0,0,0,N,,N,
06:04,TECHNOE,6445,943.0,-2.62,-2.62,,7.51,30.43,NORMAL,N,0,0,0.0,13.114415530772398,4.0,4.0,0,0,0,0,0,0,0,0,N,,N,
06:04,INDIANB,14309,872.05,-2.56,-2.56,,7.5,29.81,NORMAL,Y,0,0,0.0,12.794010838594385,4.0,4.0,0,0,0,0,0,0,0,0,N,,N,
06:04,INFY,1594,1139.6,-2.53,-2.53,,7.5,29.02,NORMAL,N,0,0,0.0,12.658227848101323,4.0,4.0,0,0,0,0,0,0,0,0,N,,N,
06:04,HALDER,760715,294.49,-2.45,-2.45,,11.38,27.36,NORMAL,Y,0,0,0.0,12.272275587942975,4.0,4.0,0,0,0,0,0,0,0,0,N,,N,
06:04,SAMHI,18614,159.55,-2.34,-2.34,,7.62,26.92,NORMAL,N,0,0,0.0,11.691252984023972,4.0,4.0,0,0,0,0,0,0,0,0,N,,N,
06:04,TIPSMUSIC,9117,655.7,-2.27,-2.27,,7.55,27.41,NORMAL,N,0,0,0.0,11.328066775972523,4.0,4.0,0,0,0,0,0,0,0,0,N,,N,
06:04,INOXGREEN,12188,182.86,-2.25,-2.25,,7.5,31.19,NORMAL,N,0,0,0.0,11.252472336558451,4.0,4.0,0,0,0,0,0,0,0,0,N,,N,
06:04,SARDAEN,17758,519.85,-2.13,-2.13,,7.81,25.53,NORMAL,Y,0,0,0.0,10.63729643226956,4.0,4.0,0,0,0,0,0,0,0,0,N,,N,
06:04,YUKEN,5501,835.15,-2.12,-2.12,,7.5,36.52,NORMAL,Y,0,0,0.0,10.577824660103179,4.0,4.0,0,0,0,0,0,0,0,0,N,,N,
06:04,360ONE,13061,1155.3,-2.09,-2.09,,11.94,21.47,NORMAL,Y,0,0,0.0,10.466101694915274,4.0,4.0,0,0,0,0,0,0,0,0,N,,N,
06:04,NMDC,15332,81.56,-3.36,-3.36,,16.39,29.5,NORMAL,N,0,0,0.0,15.0,4.0,4.0,0,0,0,0,0,0,0,0,N,,N,
06:04,FORTIS,14592,910.55,-1.99,-1.99,,7.5,26.92,NORMAL,N,0,0,0.0,9.930032292787969,4.0,4.0,0,0,0,0,0,0,0,0,N,,N,
06:04,HCLTECH,7229,1333.0,-1.99,-1.99,,7.5,25.11,NORMAL,Y,0,0,0.0,9.926470588235293,4.0,4.0,0,0,0,0,0,0,0,0,N,,N,
06:04,OMNI,760865,567.6,-1.97,-1.97,,7.5,26.85,NORMAL,N,0,0,0.0,9.844559585492206,4.0,4.0,0,0,0,0,0,0,0,0,N,,N,
06:04,TITAGARH,15414,815.05,-1.96,-1.96,,7.67,24.36,NORMAL,N,0,0,0.0,9.803331929993425,4.0,4.0,0,0,0,0,0,0,0,0,N,,N,
06:04,XCHANGING,11705,61.99,-2.96,-2.96,,11.22,29.66,NORMAL,N,0,0,0.0,14.793362554790233,4.0,4.0,0,0,0,0,0,0,0,0,N,,N,
06:04,JSWINFRA,19020,332.6,-1.93,-1.93,,7.5,30.04,NORMAL,N,0,0,0.0,9.656494176617949,4.0,4.0,0,0,0,0,0,0,0,0,N,,N,
06:04,BANKINDIA,4745,141.38,-1.89,-1.89,,7.5,26.27,NORMAL,N,0,0,0.0,9.437890353920885,4.0,4.0,0,0,0,0,0,0,0,0,N,,N,
06:04,ABMKNO,762528,196.0,-1.89,-1.89,,22.7,23.94,NORMAL,N,0,0,0.0,9.435851228913275,4.0,4.0,0,0,0,0,0,0,0,0,N,,N,
06:04,AMBUJACEM,1270,409.65,-1.88,-1.88,,7.5,33.01,NORMAL,N,0,0,0.0,9.401197604790447,4.0,4.0,0,0,0,0,0,0,0,0,N,,N,
06:04,BSOFT,6994,306.35,-1.83,-1.83,,7.5,24.12,NORMAL,N,0,0,0.0,9.133151738503425,4.0,4.0,0,0,0,0,0,0,0,0,N,,N,
06:04,LGEINDIA,760213,1681.4,-2.79,-2.79,,7.66,30.55,NORMAL,Y,0,0,0.0,13.961958721165505,4.0,4.0,0,0,0,0,0,0,0,0,N,,N,
06:04,TVSSCS,18151,121.18,-1.79,-1.79,,7.51,31.89,NORMAL,N,0,0,0.0,8.95534484155926,4.0,4.0,0,0,0,0,0,0,0,0,N,,N,
06:04,JUBLPHARMA,3637,850.45,-1.77,-1.77,,7.53,28.51,NORMAL,N,0,0,0.0,8.864633864633813,4.0,4.0,0,0,0,0,0,0,0,0,N,,N,
06:04,THYROCARE,17032,613.05,-1.76,-1.76,,7.5,34.06,NORMAL,Y,0,0,0.0,8.813396362470959,4.0,4.0,0,0,0,0,0,0,0,0,N,,N,
06:04,HGINFRA,1672,514.55,-1.76,-1.76,,7.5,25.02,NORMAL,N,0,0,0.0,8.782816229116987,4.0,4.0,0,0,0,0,0,0,0,0,N,,N,
06:04,AIIL,23553,555.0,-1.75,-1.75,,7.5,23.65,NORMAL,N,0,0,0.0,8.762612851832163,4.0,4.0,0,0,0,0,0,0,0,0,N,,N,
06:04,CYIENT,5748,852.0,-1.74,-1.74,,11.63,19.68,NORMAL,N,0,0,0.0,8.67885358399167,4.0,4.0,0,0,0,0,0,0,0,0,N,,N,
06:04,BLS,17279,273.4,-1.7,-1.7,,7.5,23.41,NORMAL,Y,0,0,0.0,8.485545807565128,4.0,4.0,0,0,0,0,0,0,0,0,N,,N,
06:04,TATAINVEST,1621,656.0,-1.69,-1.69,,7.5,27.19,NORMAL,N,0,0,0.0,8.46695639142811,4.0,4.0,0,0,0,0,0,0,0,0,N,,N,
06:04,BIOCON,11373,410.0,-1.68,-1.68,,7.69,31.1,NORMAL,N,0,0,0.0,8.393285371702639,4.0,4.0,0,0,0,0,0,0,0,0,N,,N,
06:04,SESHAPAPER,3066,228.23,-1.64,-1.64,,18.52,19.21,NORMAL,N,0,0,0.0,8.209791415273232,4.0,4.0,0,0,0,0,0,0,0,0,N,,N,
06:04,RAMKY,20134,383.65,-1.64,-1.64,,7.5,25.63,NORMAL,N,0,0,0.0,8.204076400461522,4.0,4.0,0,0,0,0,0,0,0,0,N,,N,
06:04,HUDCO,20825,186.88,-1.64,-1.64,,7.7,24.03,NORMAL,N,0,0,0.0,8.184641296910398,4.0,4.0,0,0,0,0,0,0,0,0,N,,N,
06:04,SONATSOFTW,6596,320.6,-1.63,-1.63,,23.61,19.13,NORMAL,Y,0,0,0.0,8.131328628413554,4.0,4.0,0,0,0,0,0,0,0,0,N,,N,
06:05,GAIL,4717,172.06,-1.62,-1.62,,7.53,22.62,NORMAL,N,0,0,0.0,8.118925100057185,4.0,4.0,0,0,0,0,0,0,0,0,N,,N,
06:05,ORIENTCEM,30089,130.42,-1.61,-1.61,,7.5,31.85,NORMAL,N,0,0,0.0,8.034703885326381,4.0,4.0,0,0,0,0,0,0,0,0,N,,N,
06:05,BECTORFOOD,1628,246.2,2.43,2.43,,37.21,7.5,NORMAL,Y,0,0,12.12713732994963,0.0,4.0,4.0,0,0,0,0,0,0,0,0,N,,N,
06:05,MOREPENLAB,2259,88.51,9.42,9.42,,41.1,7.5,NORMAL,Y,0,0,15.0,0.0,4.0,4.0,0,0,0,0,0,0,0,0,N,,N,
06:05,AEGISLOG,40,1289.6,1.91,1.91,,29.08,7.5,NORMAL,Y,0,0,9.562193772720017,0.0,4.0,4.0,0,0,0,0,0,0,0,0,N,,N,
06:05,UNOMINDA,14154,1263.5,1.9,1.9,,23.98,9.34,NORMAL,Y,0,0,9.475806451612904,0.0,4.0,4.0,0,0,0,0,0,0,0,0,Y,NONRESULTS,N,
06:05,VARROC,3857,863.0,1.78,1.78,,34.57,11.0,NORMAL,Y,0,0,8.904351928293444,0.0,4.0,4.0,0,0,0,0,0,0,0,0,N,,N,
06:19,TRIVENI,13081,286.0,14.47,14.47,,36.91,7.5,NORMAL,Y,0,0,15.0,0.0,4.0,4.0,0,0,0,0,0,0,0,0,N,,N,
06:19,PURVA,14922,237.19,8.86,8.86,,29.44,14.5,NORMAL,Y,0,0,15.0,0.0,4.0,4.0,0,0,0,0,0,0,0,0,N,,N,
06:19,FINCABLES,1038,1316.6,5.39,5.39,,29.61,10.11,NORMAL,Y,0,0,15.0,0.0,4.0,4.0,0,0,0,0,0,0,0,0,N,,N,
06:19,NELCO,2388,1096.5,4.68,4.68,,32.34,7.85,NORMAL,Y,0,0,15.0,0.0,4.0,4.0,0,0,0,0,0,0,0,0,N,,N,
06:19,EBGNG,757862,587.35,3.92,3.92,,48.31,7.5,NORMAL,Y,0,0,15.0,0.0,4.0,4.0,0,0,0,0,0,0,0,0,N,,N,
06:19,BALRAMCHIN,341,648.7,3.82,3.82,,47.86,7.5,NORMAL,Y,0,0,15.0,0.0,4.0,4.0,0,0,0,0,0,0,0,0,N,,N,
06:19,APCL,20453,107.5,3.81,3.81,,29.98,8.33,NORMAL,Y,0,0,15.0,0.0,4.0,4.0,0,0,0,0,0,0,0,0,N,,N,
06:19,MOTILALOFS,14947,937.0,3.68,3.68,,42.16,7.5,NORMAL,Y,0,0,15.0,0.0,4.0,4.0,0,0,0,0,0,0,0,0,N,,N,
06:19,NARMADA,6364,389.2,3.51,3.51,,35.32,7.5,NORMAL,Y,0,0,15.0,0.0,4.0,4.0,0,0,0,0,0,0,0,0,N,,N,
06:19,MIDHANI,2463,430.85,3.4,3.4,,31.18,7.71,NORMAL,Y,0,0,15.0,0.0,4.0,4.0,0,0,0,0,0,0,0,0,N,,N,
06:19,HINDCOPPER,17939,561.05,3.05,3.05,,43.52,7.5,NORMAL,Y,0,0,15.0,0.0,4.0,4.0,0,0,0,0,0,0,0,0,N,,N,
06:19,WELSPUNLIV,11253,168.68,2.82,2.82,,29.06,7.76,NORMAL,Y,0,0,14.080214555650386,0.0,4.0,4.0,0,0,0,0,0,0,0,0,N,,N,
06:19,SOUTHWEST,9678,226.07,2.64,2.64,,42.99,7.5,NORMAL,N,0,0,13.212258796821779,0.0,4.0,4.0,0,0,0,0,0,0,0,0,N,,N,
06:19,GNFC,1174,583.55,2.57,2.57,,20.34,20.01,NORMAL,Y,0,0,12.830652957201782,0.0,4.0,4.0,0,0,0,0,0,0,0,0,N,,N,
06:19,MONTECARLO,5938,520.0,2.28,2.28,,22.47,11.95,NORMAL,Y,0,0,11.408339889850534,0.0,4.0,4.0,0,0,0,0,0,0,0,0,N,,N,
06:19,AEGISLOG,40,1293.0,2.18,2.18,,37.97,7.5,NORMAL,N,0,0,10.905642484589816,0.0,4.0,4.0,0,0,0,0,0,0,0,0,N,,N,
06:19,SONACOMS,4684,809.25,2.18,2.18,,25.39,12.75,NORMAL,Y,0,0,10.890151515151517,0.0,4.0,4.0,0,0,0,0,0,0,0,0,N,,N,
06:19,PVRINOX,13147,1198.4,2.08,2.08,,28.9,7.5,NORMAL,Y,0,0,10.391822827938707,0.0,4.0,4.0,0,0,0,0,0,0,0,0,N,,N,
06:19,NAM-INDIA,357,1191.9,2.05,2.05,,29.37,7.5,NORMAL,Y,0,0,10.2748522989982,0.0,4.0,4.0,0,0,0,0,0,0,0,0,N,,N,
06:19,BECTORFOOD,1628,245.26,2.03,2.03,,29.43,7.5,NORMAL,Y,0,0,10.171818446561522,0.0,4.0,4.0,0,0,0,0,0,0,0,0,N,,N,
06:19,MSTCLTD,9356,636.0,2.02,2.02,,18.47,14.63,NORMAL,Y,0,0,10.105871029836399,0.0,4.0,4.0,0,0,0,0,0,0,0,0,N,,N,
06:19,RUBICON,759316,1766.0,8.97,8.97,,49.0,7.5,NORMAL,Y,0,0,15.0,0.0,4.0,4.0,0,0,0,0,0,0,0,0,N,,N,
06:19,MOREPENLAB,2259,87.87,8.63,8.63,,30.14,12.1,NORMAL,Y,0,0,15.0,0.0,4.0,4.0,0,0,0,0,0,0,0,0,N,,N,
06:19,TDPOWERSYS,25178,1545.3,4.3,4.3,,42.96,7.5,NORMAL,Y,0,0,15.0,0.0,4.0,4.0,0,0,0,0,0,0,0,0,N,,Y,NONRESULTS
06:19,ENDURANCE,18822,3008.8,3.79,3.79,,39.07,7.5,NORMAL,Y,0,0,15.0,0.0,4.0,4.0,0,0,0,0,0,0,0,0,N,,N,
06:19,HINDZINC,1424,572.75,1.93,1.93,,24.18,21.7,NORMAL,Y,0,0,9.654742836803724,0.0,4.0,4.0,0,0,0,0,0,0,0,0,N,,N,
06:19,MUNJALAU,13511,122.79,1.88,1.88,,31.52,14.5,NORMAL,Y,0,0,9.375259271550673,0.0,4.0,4.0,0,0,0,0,0,0,0,0,N,,N,
06:19,ELGIEQUIP,937,620.5,1.8,1.8,,23.86,8.11,NORMAL,Y,0,0,9.023789991796557,0.0,4.0,4.0,0,0,0,0,0,0,0,0,N,,N,
06:19,PSPPROJECT,20877,939.0,1.8,1.8,,23.5,9.33,NORMAL,N,0,0,8.998265394622734,0.0,4.0,4.0,0,0,0,0,0,0,0,0,N,,N,
06:19,VARROC,3857,863.05,1.79,1.79,,24.86,11.0,NORMAL,Y,0,0,8.933836537327503,0.0,4.0,4.0,0,0,0,0,0,0,0,0,N,,N,
06:19,GOCLCORP,3963,404.0,1.74,1.74,,26.11,7.5,NORMAL,N,0,0,8.687987912364616,0.0,4.0,4.0,0,0,0,0,0,0,0,0,N,,N,
06:19,JAINREC,759244,298.45,1.72,1.72,,23.11,8.57,NORMAL,N,0,0,8.605998636673505,0.0,4.0,4.0,0,0,0,0,0,0,0,0,N,,N,
06:19,CHALET,8546,839.05,1.69,1.69,,23.43,7.5,NORMAL,Y,0,0,8.453520785359311,0.0,4.0,4.0,0,0,0,0,0,0,0,0,N,,N,
06:19,UNOMINDA,14154,1260.6,1.66,1.66,,22.81,9.78,NORMAL,Y,0,0,8.30645161290319,0.0,4.0,4.0,0,0,0,0,0,0,0,0,Y,NONRESULTS,N,
06:19,KALYANKJIL,2955,618.1,1.62,1.62,,23.69,7.5,NORMAL,Y,0,0,8.096999588984811,0.0,4.0,4.0,0,0,0,0,0,0,0,0,N,,N,
06:19,ROLEXRINGS,5279,179.15,1.62,1.62,,21.13,14.5,NORMAL,Y,0,0,8.082813386273381,0.0,4.0,4.0,0,0,0,0,0,0,0,0,N,,N,
06:19,NAUKRI,13751,1363.8,1.55,1.55,,23.37,7.5,NORMAL,Y,0,0,7.743857036485463,0.0,4.0,4.0,0,0,0,0,0,0,0,0,N,,N,
06:19,JKIL,15266,505.35,1.55,1.55,,22.33,7.72,NORMAL,Y,0,0,7.736360896212243,0.0,4.0,4.0,0,0,0,0,0,0,0,0,N,,N,
06:19,OIL,17438,475.6,1.52,1.52,,29.41,11.0,NORMAL,Y,0,0,7.577374599786577,0.0,4.0,4.0,0,0,0,0,0,0,0,0,N,,N,
06:19,HISARMETAL,19322,153.49,1.5,1.5,,40.62,7.5,NORMAL,Y,0,0,7.505620949609874,0.0,4.0,4.0,0,0,0,0,0,0,0,0,N,,N,
06:19,YATRA,18760,115.68,1.46,1.46,,21.82,8.05,NORMAL,Y,0,0,7.323918954477685,0.0,4.0,4.0,0,0,0,0,0,0,0,0,N,,N,
06:19,QUICKHEAL,13131,151.25,1.45,1.45,,24.57,7.5,NORMAL,N,0,0,7.243946609430534,0.0,4.0,4.0,0,0,0,0,0,0,0,0,N,,N,
06:19,HDFCLIFE,467,543.35,1.4,1.4,,21.51,7.58,NORMAL,N,0,0,6.998227115797331,0.0,4.0,4.0,0,0,0,0,0,0,0,0,N,,N,
06:19,ASHOKLEY,212,174.03,1.39,1.39,,14.46,19.04,NORMAL,Y,0,0,6.9622465625728704,0.0,4.0,4.0,0,0,0,0,0,0,0,0,N,,N,
06:19,KFINTECH,13359,953.05,1.39,1.39,,40.17,7.5,NORMAL,Y,0,0,6.941489361702103,0.0,4.0,4.0,0,0,0,0,0,0,0,0,N,,N,
06:19,EIDPARRY,916,785.3,1.3,1.3,,15.47,14.5,NORMAL,Y,0,0,6.514447884416866,0.0,4.0,4.0,0,0,0,0,0,0,0,0,N,,N,
06:19,LXCHEM,2841,178.3,1.28,1.28,,17.39,13.44,NORMAL,Y,0,0,6.390230048281738,0.0,4.0,4.0,0,0,0,0,0,0,0,0,N,,N,
06:19,LTF,24948,310.2,1.27,1.27,,20.87,8.57,NORMAL,N,0,0,6.36630754162582,0.0,4.0,4.0,0,0,0,0,0,0,0,0,N,,N,
06:19,LUXIND,11301,1202.7,1.23,1.23,,23.78,7.5,NORMAL,N,0,0,6.1442639508459465,0.0,4.0,4.0,0,0,0,0,0,0,0,0,N,,N,
06:19,MEESHO,760229,193.5,1.22,1.22,,17.12,13.63,NORMAL,Y,0,0,6.120527306967995,0.0,4.0,4.0,0,0,0,0,0,0,0,0,N,,N,
06:19,KNRCON,15283,128.39,-3.05,-3.05,,14.66,22.73,NORMAL,N,0,0,0.0,15.0,4.0,4.0,0,0,0,0,0,0,0,0,N,,N,
06:19,GUJGASLTD,10599,273.7,-3.27,-3.27,,7.5,31.17,NORMAL,N,0,0,0.0,15.0,4.0,4.0,0,0,0,0,0,0,0,0,N,,N,
06:19,VOLTAS,3718,1273.0,-3.6,-3.6,,11.45,29.5,NORMAL,N,0,0,0.0,15.0,4.0,4.0,0,0,0,0,0,0,0,0,N,,N,
06:19,J&KBANK,5633,149.74,-3.69,-3.69,,9.11,29.5,NORMAL,N,0,0,0.0,15.0,4.0,4.0,0,0,0,0,0,0,0,0,N,,N,
06:19,SHIVALIK,7026,254.6,-5.0,-5.0,,7.5,29.5,NORMAL,Y,0,0,0.0,15.0,4.0,4.0,0,0,0,0,0,0,0,0,N,,N,
06:19,VERANDA,8890,231.1,-6.02,-6.02,,19.55,29.5,NORMAL,N,0,0,0.0,15.0,4.0,4.0,0,0,0,0,0,0,0,0,N,,Y,NONRESULTS
06:19,SCHNEIDER,31234,1207.9,-11.78,-11.78,,9.84,29.78,NORMAL,N,0,0,0.0,15.0,4.0,4.0,0,0,0,0,0,0,0,0,Y,NONRESULTS,N,
06:19,TEJASNET,21131,523.0,-2.88,-2.88,,7.5,31.86,NORMAL,N,0,0,0.0,14.391829155060353,4.0,4.0,0,0,0,0,0,0,0,0,N,,N,
06:19,EXICOM,22947,147.53,-2.81,-2.81,,9.59,28.53,NORMAL,N,0,0,0.0,14.032544963436298,4.0,4.0,0,0,0,0,0,0,0,0,N,,N,
06:19,HAPPSTMNDS,48,408.85,-2.7,-2.7,,11.9,28.01,NORMAL,Y,0,0,0.0,13.505473584007575,4.0,4.0,0,0,0,0,0,0,0,0,N,,N,
06:19,GODREJIND,10925,1219.4,-2.64,-2.64,,19.38,24.21,NORMAL,N,0,0,0.0,13.21357285429138,4.0,4.0,0,0,0,0,0,0,0,0,N,,N,
06:19,TECHNOE,6445,943.0,-2.62,-2.62,,9.89,27.61,NORMAL,N,0,0,0.0,13.114415530772398,4.0,4.0,0,0,0,0,0,0,0,0,N,,N,
06:19,HALDER,760715,294.0,-2.62,-2.62,,26.38,27.58,NORMAL,Y,0,0,0.0,13.08380258363693,4.0,4.0,0,0,0,0,0,0,0,0,N,,N,
06:19,YUKEN,5501,831.2,-2.58,-2.58,,7.5,37.32,NORMAL,Y,0,0,0.0,12.892639474917956,4.0,4.0,0,0,0,0,0,0,0,0,N,,N,
06:20,INDIANB,14309,871.9,-2.58,-2.58,,7.5,28.67,NORMAL,Y,0,0,0.0,12.877814403039313,4.0,4.0,0,0,0,0,0,0,0,0,N,,N,
06:20,ZENITHEXPO,4176,209.9,-2.49,-2.49,,35.5,19.97,NORMAL,N,0,0,0.0,12.472708691410796,4.0,4.0,0,0,0,0,0,0,0,0,N,,N,
06:20,INFY,1594,1140.1,-2.49,-2.49,,11.67,26.94,NORMAL,N,0,0,0.0,12.444406431748263,4.0,4.0,0,0,0,0,0,0,0,0,N,,N,
06:20,360ONE,13061,1151.5,-2.42,-2.42,,7.54,26.94,NORMAL,N,0,0,0.0,12.076271186440678,4.0,4.0,0,0,0,0,0,0,0,0,N,,N,
06:20,SAMHI,18614,159.55,-2.34,-2.34,,7.5,29.9,NORMAL,N,0,0,0.0,11.691252984023972,4.0,4.0,0,0,0,0,0,0,0,0,N,,N,
06:20,SARDAEN,17758,519.6,-2.17,-2.17,,7.69,26.37,NORMAL,Y,0,0,0.0,10.872634848912694,4.0,4.0,0,0,0,0,0,0,0,0,N,,N,
06:20,BANKINDIA,4745,141.01,-2.14,-2.14,,7.5,27.4,NORMAL,N,0,0,0.0,10.72172102706455,4.0,4.0,0,0,0,0,0,0,0,0,N,,N,
06:20,TVSSCS,18151,120.76,-2.13,-2.13,,7.5,26.7,NORMAL,N,0,0,0.0,10.657265580679129,4.0,4.0,0,0,0,0,0,0,0,0,N,,N,
06:20,HCLTECH,7229,1331.5,-2.1,-2.1,,10.66,24.98,NORMAL,Y,0,0,0.0,10.477941176470585,4.0,4.0,0,0,0,0,0,0,0,0,N,,N,
06:20,NMDC,15332,81.63,-3.28,-3.28,,14.91,29.5,NORMAL,N,0,0,0.0,15.0,4.0,4.0,0,0,0,0,0,0,0,0,N,,N,
06:20,INOXGREEN,12188,183.34,-1.99,-1.99,,7.78,29.02,NORMAL,N,0,0,0.0,9.969530122414042,4.0,4.0,0,0,0,0,0,0,0,0,N,,N,
06:20,GARFIBRES,1100,741.0,-1.92,-1.92,,7.5,33.41,NORMAL,N,0,0,0.0,9.596293845135671,4.0,4.0,0,0,0,0,0,0,0,0,N,,N,
06:20,TIPSMUSIC,9117,658.2,-1.89,-1.89,,13.6,20.46,NORMAL,N,0,0,0.0,9.464897898345455,4.0,4.0,0,0,0,0,0,0,0,0,N,,N,
06:20,LGEINDIA,760213,1679.8,-2.88,-2.88,,7.5,30.01,NORMAL,Y,0,0,0.0,14.424466670520925,4.0,4.0,0,0,0,0,0,0,0,0,N,,N,
06:20,OMNI,760865,568.1,-1.88,-1.88,,14.22,23.91,NORMAL,N,0,0,0.0,9.412780656303953,4.0,4.0,0,0,0,0,0,0,0,0,N,,N,
06:20,FORTIS,14592,911.7,-1.86,-1.86,,10.99,23.81,NORMAL,N,0,0,0.0,9.311087190527426,4.0,4.0,0,0,0,0,0,0,0,0,N,,N,
06:20,JSWINFRA,19020,332.9,-1.84,-1.84,,9.57,23.71,NORMAL,N,0,0,0.0,9.21421200058971,4.0,4.0,0,0,0,0,0,0,0,0,N,,N,
06:20,TITAGARH,15414,816.1,-1.83,-1.83,,12.38,20.17,NORMAL,N,0,0,0.0,9.171828952907921,4.0,4.0,0,0,0,0,0,0,0,0,N,,N,
06:20,ABMKNO,762528,196.15,-1.81,-1.81,,27.19,23.56,NORMAL,N,0,0,0.0,9.060419482404775,4.0,4.0,0,0,0,0,0,0,0,0,N,,N,
06:20,BSOFT,6994,306.4,-1.81,-1.81,,8.65,23.55,NORMAL,N,0,0,0.0,9.053036372376276,4.0,4.0,0,0,0,0,0,0,0,0,N,,N,
06:20,BANKBARODA,4668,243.77,-1.79,-1.79,,7.5,24.42,NORMAL,N,0,0,0.0,8.963822415599042,4.0,4.0,0,0,0,0,0,0,0,0,N,,N,
06:20,TATAINVEST,1621,655.5,-1.77,-1.77,,7.98,23.48,NORMAL,N,0,0,0.0,8.841600479544399,4.0,4.0,0,0,0,0,0,0,0,0,N,,N,
06:20,EPACKPEB,759251,225.65,-1.76,-1.76,,14.33,23.32,NORMAL,N,0,0,0.0,8.815846756639058,4.0,4.0,0,0,0,0,0,0,0,0,N,,N,
06:20,XCHANGING,11705,62.13,-2.74,-2.74,,20.19,24.7,NORMAL,N,0,0,0.0,13.697557921102067,4.0,4.0,0,0,0,0,0,0,0,0,N,,N,
06:20,APLLTD,25328,817.05,-1.71,-1.71,,7.5,27.38,NORMAL,N,0,0,0.0,8.541353383458674,4.0,4.0,0,0,0,0,0,0,0,0,N,,N,
06:20,HUDCO,20825,186.76,-1.7,-1.7,,7.5,25.12,NORMAL,N,0,0,0.0,8.500447391968045,4.0,4.0,0,0,0,0,0,0,0,0,N,,N,
06:20,AMBUJACEM,1270,410.45,-1.69,-1.69,,9.47,22.94,NORMAL,N,0,0,0.0,8.443113772455105,4.0,4.0,0,0,0,0,0,0,0,0,N,,N,
06:20,HGINFRA,1672,515.0,-1.67,-1.67,,7.59,24.21,NORMAL,N,0,0,0.0,8.353221957040573,4.0,4.0,0,0,0,0,0,0,0,0,N,,N,
06:20,RAMKY,20134,383.55,-1.67,-1.67,,7.5,27.1,NORMAL,N,0,0,0.0,8.33226509421869,4.0,4.0,0,0,0,0,0,0,0,0,N,,N,
06:20,RELAXO,24225,389.65,-1.67,-1.67,,8.42,22.88,NORMAL,N,0,0,0.0,8.328075709779208,4.0,4.0,0,0,0,0,0,0,0,0,N,,N,
06:20,KSB,1949,788.0,-1.65,-1.65,,7.5,25.94,NORMAL,N,0,0,0.0,8.268330733229329,4.0,4.0,0,0,0,0,0,0,0,0,N,,N,
06:20,ITC,1660,273.6,-1.65,-1.65,,7.5,26.22,NORMAL,N,0,0,0.0,8.2674335010783,4.0,4.0,0,0,0,0,0,0,0,0,N,,N,
06:20,SESHAPAPER,3066,228.28,-1.62,-1.62,,11.16,24.29,NORMAL,N,0,0,0.0,8.102051370453351,4.0,4.0,0,0,0,0,0,0,0,0,N,,N,
06:20,CANFINHOME,583,807.5,-1.62,-1.62,,7.5,23.91,NORMAL,N,0,0,0.0,8.101851851851826,4.0,4.0,0,0,0,0,0,0,0,0,N,,N,
06:20,INTELLECT,5926,689.3,-1.61,-1.61,,17.83,22.56,NORMAL,N,0,0,0.0,8.064516129032306,4.0,4.0,0,0,0,0,0,0,0,0,N,,N,
06:20,PNB,10666,116.1,-1.61,-1.61,,11.0,19.53,NORMAL,Y,0,0,0.0,8.050847457627142,4.0,4.0,0,0,0,0,0,0,0,0,N,,N,
06:20,MOTILALOFS,14947,937.0,3.68,3.68,,37.89,7.5,NORMAL,Y,0,0,15.0,0.0,4.0,4.0,0,0,0,0,0,0,0,0,N,,N,
06:20,SONACOMS,4684,809.25,2.18,2.18,,25.39,10.15,NORMAL,Y,0,0,10.890151515151517,0.0,4.0,4.0,0,0,0,0,0,0,0,0,N,,N,
06:20,MEESHO,760229,193.5,1.22,1.22,,17.12,13.26,NORMAL,Y,0,0,6.120527306967995,0.0,4.0,4.0,0,0,0,0,0,0,0,0,N,,N,
06:34,TRIVENI,13081,280.78,12.38,12.38,,26.0,31.65,NORMAL,Y,0,0,15.0,0.0,4.0,4.0,0,0,0,0,0,0,0,0,N,,N,
06:34,PURVA,14922,236.52,8.55,8.55,,22.5,23.4,NORMAL,Y,0,0,15.0,0.0,4.0,4.0,0,0,0,0,0,0,0,0,N,,N,
06:34,FINCABLES,1038,1314.95,5.25,5.25,,34.33,7.54,NORMAL,Y,0,0,15.0,0.0,4.0,4.0,0,0,0,0,0,0,0,0,N,,N,
06:34,NELCO,2388,1095.6,4.59,4.59,,32.65,7.5,NORMAL,Y,0,0,15.0,0.0,4.0,4.0,0,0,0,0,0,0,0,0,N,,N,
06:34,MIDHANI,2463,433.9,4.13,4.13,,38.05,7.5,NORMAL,Y,0,0,15.0,0.0,4.0,4.0,0,0,0,0,0,0,0,0,N,,N,
06:34,HINDCOPPER,17939,565.9,3.94,3.94,,48.2,7.5,NORMAL,Y,0,0,15.0,0.0,4.0,4.0,0,0,0,0,0,0,0,0,N,,N,
06:34,BALRAMCHIN,341,648.9,3.85,3.85,,30.0,9.29,NORMAL,Y,0,0,15.0,0.0,4.0,4.0,0,0,0,0,0,0,0,0,N,,N,
06:34,APCL,20453,107.51,3.82,3.82,,47.83,7.5,NORMAL,Y,0,0,15.0,0.0,4.0,4.0,0,0,0,0,0,0,0,0,N,,N,
06:34,MOTILALOFS,14947,936.0,3.57,3.57,,36.08,7.5,NORMAL,Y,0,0,15.0,0.0,4.0,4.0,0,0,0,0,0,0,0,0,N,,N,
06:34,NARMADA,6364,388.95,3.44,3.44,,36.69,7.89,NORMAL,Y,0,0,15.0,0.0,4.0,4.0,0,0,0,0,0,0,0,0,N,,N,
06:34,EBGNG,757862,591.7,3.34,3.34,,46.61,7.5,NORMAL,Y,0,0,15.0,0.0,4.0,4.0,0,0,0,0,0,0,0,0,N,,N,
06:34,SOUTHWEST,9678,227.02,3.07,3.07,,45.69,7.5,NORMAL,N,0,0,15.0,0.0,4.0,4.0,0,0,0,0,0,0,0,0,N,,N,
06:34,WELSPUNLIV,11253,168.74,2.85,2.85,,31.7,7.56,NORMAL,Y,0,0,14.263074484944553,0.0,4.0,4.0,0,0,0,0,0,0,0,0,N,,N,
06:34,BECTORFOOD,1628,247.07,2.79,2.79,,38.36,7.5,NORMAL,Y,0,0,13.936847360319483,0.0,4.0,4.0,0,0,0,0,0,0,0,0,N,,N,
06:34,GNFC,1174,584.75,2.78,2.78,,21.44,16.12,NORMAL,Y,0,0,13.88522717286225,0.0,4.0,4.0,0,0,0,0,0,0,0,0,N,,N,
06:34,MONTECARLO,5938,522.0,2.68,2.68,,33.79,7.5,NORMAL,Y,0,0,13.375295043273038,0.0,4.0,4.0,0,0,0,0,0,0,0,0,N,,N,
06:34,SONACOMS,4684,811.05,2.41,2.41,,28.71,7.5,NORMAL,Y,0,0,12.026515151515122,0.0,4.0,4.0,0,0,0,0,0,0,0,0,N,,N,
06:34,MSTCLTD,9356,637.5,2.26,2.26,,23.24,14.5,NORMAL,Y,0,0,11.30895091434073,0.0,4.0,4.0,0,0,0,0,0,0,0,0,N,,N,
06:34,PVRINOX,13147,1200.0,2.21,2.21,,25.73,7.99,NORMAL,Y,0,0,11.073253833049405,0.0,4.0,4.0,0,0,0,0,0,0,0,0,N,,N,
06:34,AEGISLOG,40,1292.9,2.17,2.17,,25.91,7.5,NORMAL,N,0,0,10.866129287181918,0.0,4.0,4.0,0,0,0,0,0,0,0,0,N,,N,
06:34,HINDZINC,1424,574.0,2.15,2.15,,25.27,12.6,NORMAL,Y,0,0,10.767040398647465,0.0,4.0,4.0,0,0,0,0,0,0,0,0,N,,N,
06:34,ROLEXRINGS,5279,179.85,2.01,2.01,,24.39,11.0,NORMAL,Y,0,0,10.068065796936988,0.0,4.0,4.0,0,0,0,0,0,0,0,0,N,,N,
06:34,RUBICON,759316,1753.6,8.2,8.2,,29.5,12.18,NORMAL,Y,0,0,15.0,0.0,4.0,4.0,0,0,0,0,0,0,0,0,N,,N,
06:34,TDPOWERSYS,25178,1561.0,5.36,5.36,,37.85,7.5,NORMAL,Y,0,0,15.0,0.0,4.0,4.0,0,0,0,0,0,0,0,0,N,,Y,NONRESULTS
06:34,MOREPENLAB,2259,88.1,4.64,4.64,,29.5,11.85,NORMAL,Y,0,0,15.0,0.0,4.0,4.0,0,0,0,0,0,0,0,0,N,,N,
06:34,ENDURANCE,18822,3028.8,4.48,4.48,,48.19,7.5,NORMAL,Y,0,0,15.0,0.0,4.0,4.0,0,0,0,0,0,0,0,0,N,,N,
06:34,OBEROIRLTY,20242,1911.0,3.52,3.52,,50.5,7.5,NORMAL,Y,0,0,15.0,0.0,4.0,4.0,0,0,0,0,0,0,0,0,N,,N,
06:34,NAM-INDIA,357,1191.0,1.98,1.98,,25.33,7.5,NORMAL,Y,0,0,9.88954533778573,0.0,4.0,4.0,0,0,0,0,0,0,0,0,N,,N,
06:34,ELGIEQUIP,937,621.45,1.96,1.96,,28.32,7.5,NORMAL,Y,0,0,9.80311730926993,0.0,4.0,4.0,0,0,0,0,0,0,0,0,N,,N,
06:34,JAINREC,759244,298.95,1.89,1.89,,29.88,7.5,NORMAL,N,0,0,9.458077709611471,0.0,4.0,4.0,0,0,0,0,0,0,0,0,N,,N,
06:34,UNOMINDA,14154,1261.0,1.69,1.69,,22.97,8.18,NORMAL,Y,0,0,8.467741935483872,0.0,4.0,4.0,0,0,0,0,0,0,0,0,Y,NONRESULTS,N,
06:34,VARROC,3857,862.2,1.69,1.69,,22.19,11.75,NORMAL,Y,0,0,8.432598183748125,0.0,4.0,4.0,0,0,0,0,0,0,0,0,N,,N,
06:34,CHALET,8546,838.75,1.65,1.65,,22.77,10.43,NORMAL,Y,0,0,8.27172463943763,0.0,4.0,4.0,0,0,0,0,0,0,0,0,N,,N,
06:34,PSPPROJECT,20877,937.55,1.64,1.64,,22.71,13.98,NORMAL,N,0,0,8.21227233304422,0.0,4.0,4.0,0,0,0,0,0,0,0,0,N,,N,
06:34,NAUKRI,13751,1364.9,1.63,1.63,,23.22,7.5,NORMAL,Y,0,0,8.153387937453497,0.0,4.0,4.0,0,0,0,0,0,0,0,0,N,,N,
06:34,LTF,24948,311.2,1.6,1.6,,28.21,7.5,NORMAL,N,0,0,7.998694090760655,0.0,4.0,4.0,0,0,0,0,0,0,0,0,N,,N,
06:35,ASHOKLEY,212,174.38,1.6,1.6,,18.98,14.77,NORMAL,Y,0,0,7.981822419016574,0.0,4.0,4.0,0,0,0,0,0,0,0,0,N,,N,
06:35,JKIL,15266,505.55,1.59,1.59,,22.54,8.17,NORMAL,Y,0,0,7.937305335074887,0.0,4.0,4.0,0,0,0,0,0,0,0,0,N,,N,
06:35,OIL,17438,475.7,1.54,1.54,,18.84,12.69,NORMAL,Y,0,0,7.684098185699027,0.0,4.0,4.0,0,0,0,0,0,0,0,0,N,,N,
06:35,KFINTECH,13359,954.25,1.52,1.52,,23.19,10.6,NORMAL,Y,0,0,7.579787234042554,0.0,4.0,4.0,0,0,0,0,0,0,0,0,N,,N,
06:35,YATRA,18760,115.73,1.51,1.51,,22.04,8.97,NORMAL,Y,0,0,7.543197965090777,0.0,4.0,4.0,0,0,0,0,0,0,0,0,N,,N,
06:35,NIACL,399,181.77,1.5,1.5,,43.01,7.5,NORMAL,Y,0,0,7.51060978333705,0.0,4.0,4.0,0,0,0,0,0,0,0,0,N,,N,
06:35,HISARMETAL,19322,153.49,1.5,1.5,,27.63,7.5,NORMAL,Y,0,0,7.505620949609874,0.0,4.0,4.0,0,0,0,0,0,0,0,0,N,,N,
06:35,LUXIND,11301,1205.0,1.42,1.42,,22.29,8.9,NORMAL,N,0,0,7.112195943102471,0.0,4.0,4.0,0,0,0,0,0,0,0,0,N,,N,
06:35,BHEL,438,427.65,1.41,1.41,,17.59,14.5,NORMAL,Y,0,0,7.0547782783969515,0.0,4.0,4.0,0,0,0,0,0,0,0,0,N,,N,
06:35,LXCHEM,2841,178.49,1.39,1.39,,22.14,7.5,NORMAL,Y,0,0,6.9298494745810775,0.0,4.0,4.0,0,0,0,0,0,0,0,0,N,,N,
06:35,ZYDUSLIFE,7929,1150.7,1.37,1.37,,27.78,7.5,NORMAL,Y,0,0,6.826990838618745,0.0,4.0,4.0,0,0,0,0,0,0,0,0,N,,N,
06:35,MEESHO,760229,193.76,1.36,1.36,,23.75,7.5,NORMAL,Y,0,0,6.8005858966310795,0.0,4.0,4.0,0,0,0,0,0,0,0,0,N,,N,
06:35,HDFCLIFE,467,543.0,1.33,1.33,,21.17,7.65,NORMAL,N,0,0,6.671643183726768,0.0,4.0,4.0,0,0,0,0,0,0,0,0,N,,N,
06:35,MUNJALAU,13511,122.13,1.33,1.33,,14.14,29.75,NORMAL,Y,0,0,6.6373516966730035,0.0,4.0,4.0,0,0,0,0,0,0,0,0,N,,N,
06:35,VOLTAS,3718,1272.0,-3.67,-3.67,,7.5,32.5,NORMAL,N,0,0,0.0,15.0,4.0,4.0,0,0,0,0,0,0,0,0,N,,N,
06:35,J&KBANK,5633,148.5,-4.49,-4.49,,7.5,32.55,NORMAL,N,0,0,0.0,15.0,4.0,4.0,0,0,0,0,0,0,0,0,N,,N,
06:35,SHIVALIK,7026,254.6,-5.0,-5.0,,7.5,29.5,NORMAL,Y,0,0,0.0,15.0,4.0,4.0,0,0,0,0,0,0,0,0,N,,N,
06:35,VERANDA,8890,231.15,-6.0,-6.0,,11.12,29.5,NORMAL,N,0,0,0.0,15.0,4.0,4.0,0,0,0,0,0,0,0,0,N,,Y,NONRESULTS
06:35,SCHNEIDER,31234,1212.1,-11.47,-11.47,,15.04,26.0,NORMAL,N,0,0,0.0,15.0,4.0,4.0,0,0,0,0,0,0,0,0,Y,NONRESULTS,N,
06:35,GUJGASLTD,10599,274.65,-2.93,-2.93,,9.95,29.17,NORMAL,Y,0,0,0.0,14.666902279554712,4.0,4.0,0,0,0,0,0,0,0,0,N,,N,
06:35,EXICOM,22947,147.36,-2.92,-2.92,,7.55,32.87,NORMAL,N,0,0,0.0,14.592529152117988,4.0,4.0,0,0,0,0,0,0,0,0,N,,N,
06:35,KNRCON,15283,128.7,-2.82,-2.82,,22.74,21.58,NORMAL,N,0,0,0.0,14.082911726950153,4.0,4.0,0,0,0,0,0,0,0,0,N,,N,
06:35,GODREJIND,10925,1217.6,-2.79,-2.79,,7.5,32.26,NORMAL,N,0,0,0.0,13.93213572854295,4.0,4.0,0,0,0,0,0,0,0,0,N,,N,
06:35,TEJASNET,21131,523.7,-2.75,-2.75,,11.72,24.74,NORMAL,N,0,0,0.0,13.74187558031565,4.0,4.0,0,0,0,0,0,0,0,0,N,,N,
06:35,HALDER,760715,293.64,-2.74,-2.74,,7.5,35.7,NORMAL,Y,0,0,0.0,13.680026498840661,4.0,4.0,0,0,0,0,0,0,0,0,N,,N,
06:35,TECHNOE,6445,942.5,-2.67,-2.67,,7.5,28.64,NORMAL,N,0,0,0.0,13.372573316811224,4.0,4.0,0,0,0,0,0,0,0,0,N,,N,
06:35,INDIANB,14309,872.0,-2.56,-2.56,,7.91,27.32,NORMAL,Y,0,0,0.0,12.821945360076006,4.0,4.0,0,0,0,0,0,0,0,0,N,,N,
06:35,SAMHI,18614,159.25,-2.52,-2.52,,7.5,28.92,NORMAL,N,0,0,0.0,12.609414213135839,4.0,4.0,0,0,0,0,0,0,0,0,N,,N,
06:35,ZENITHEXPO,4176,209.9,-2.49,-2.49,,27.97,19.97,NORMAL,N,0,0,0.0,12.472708691410796,4.0,4.0,0,0,0,0,0,0,0,0,N,,N,
06:35,360ONE,13061,1152.5,-2.33,-2.33,,7.58,26.27,NORMAL,Y,0,0,0.0,11.652542372881356,4.0,4.0,0,0,0,0,0,0,0,0,N,,N,
06:35,INFY,1594,1142.3,-2.3,-2.3,,9.03,26.0,NORMAL,N,0,0,0.0,11.503592199794769,4.0,4.0,0,0,0,0,0,0,0,0,N,,N,
06:35,SARDAEN,17758,519.85,-2.13,-2.13,,8.3,25.14,NORMAL,Y,0,0,0.0,10.63729643226956,4.0,4.0,0,0,0,0,0,0,0,0,N,,N,
06:35,TVSSCS,18151,120.82,-2.08,-2.08,,7.5,29.49,NORMAL,N,0,0,0.0,10.414134046519196,4.0,4.0,0,0,0,0,0,0,0,0,N,,N,
06:35,NMDC,15332,81.78,-3.1,-3.1,,14.03,26.0,NORMAL,N,0,0,0.0,15.0,4.0,4.0,0,0,0,0,0,0,0,0,N,,N,
06:35,TATAINVEST,1621,654.0,-1.99,-1.99,,7.5,25.19,NORMAL,N,0,0,0.0,9.965532743893267,4.0,4.0,0,0,0,0,0,0,0,0,N,,N,
06:35,APLLTD,25328,815.0,-1.95,-1.95,,7.5,24.88,NORMAL,N,0,0,0.0,9.774436090225565,4.0,4.0,0,0,0,0,0,0,0,0,N,,N,
06:35,YUKEN,5501,836.6,-1.95,-1.95,,15.78,24.23,NORMAL,Y,0,0,0.0,9.728082512892653,4.0,4.0,0,0,0,0,0,0,0,0,N,,N,
06:35,HCLTECH,7229,1333.6,-1.94,-1.94,,8.19,24.21,NORMAL,Y,0,0,0.0,9.70588235294121,4.0,4.0,0,0,0,0,0,0,0,0,N,,N,
06:35,GARFIBRES,1100,740.9,-1.93,-1.93,,7.5,29.08,NORMAL,N,0,0,0.0,9.66247518199869,4.0,4.0,0,0,0,0,0,0,0,0,N,,N,
06:35,TIPSMUSIC,9117,658.0,-1.92,-1.92,,7.91,24.26,NORMAL,N,0,0,0.0,9.613951408555655,4.0,4.0,0,0,0,0,0,0,0,0,N,,N,
06:35,BANKBARODA,4668,243.5,-1.9,-1.9,,7.5,24.83,NORMAL,N,0,0,0.0,9.5076947868826,4.0,4.0,0,0,0,0,0,0,0,0,N,,N,
06:35,FORTIS,14592,911.5,-1.88,-1.88,,10.0,23.92,NORMAL,N,0,0,0.0,9.418729817007534,4.0,4.0,0,0,0,0,0,0,0,0,N,,N,
06:35,BANKINDIA,4745,141.39,-1.88,-1.88,,9.23,23.9,NORMAL,N,0,0,0.0,9.403192227619737,4.0,4.0,0,0,0,0,0,0,0,0,N,,N,
06:35,TITAGARH,15414,815.8,-1.87,-1.87,,8.57,23.85,NORMAL,N,0,0,0.0,9.35225837493238,4.0,4.0,0,0,0,0,0,0,0,0,N,,N,
06:35,INOXGREEN,12188,183.6,-1.85,-1.85,,13.92,23.77,NORMAL,N,0,0,0.0,9.274603089752498,4.0,4.0,0,0,0,0,0,0,0,0,N,,N,
06:35,LGEINDIA,760213,1680.9,-2.82,-2.82,,7.62,29.03,NORMAL,Y,0,0,0.0,14.106492455339064,4.0,4.0,0,0,0,0,0,0,0,0,N,,N,
06:35,BIOCON,11373,409.5,-1.8,-1.8,,7.5,28.21,NORMAL,N,0,0,0.0,8.992805755395683,4.0,4.0,0,0,0,0,0,0,0,0,N,,N,
06:35,ADANIGREEN,3563,1323.8,-1.8,-1.8,,7.5,26.45,NORMAL,N,0,0,0.0,8.976261127596455,4.0,4.0,0,0,0,0,0,0,0,0,N,,N,
06:35,JSWENERGY,17869,549.95,-1.79,-1.79,,7.5,27.0,NORMAL,N,0,0,0.0,8.973214285714246,4.0,4.0,0,0,0,0,0,0,0,0,N,,N,
06:35,BSOFT,6994,306.75,-1.7,-1.7,,9.17,22.99,NORMAL,N,0,0,0.0,8.492228809485677,4.0,4.0,0,0,0,0,0,0,0,0,N,,N,
06:35,SAREGAMA,4892,518.45,-1.68,-1.68,,7.5,41.04,NORMAL,N,0,0,0.0,8.391807320310933,4.0,4.0,0,0,0,0,0,0,0,0,N,,N,
06:35,XCHANGING,11705,62.17,-2.68,-2.68,,13.48,24.38,NORMAL,N,0,0,0.0,13.384470882905454,4.0,4.0,0,0,0,0,0,0,0,0,N,,N,
06:35,AMBUJACEM,1270,410.55,-1.66,-1.66,,10.68,22.82,NORMAL,N,0,0,0.0,8.32335329341316,4.0,4.0,0,0,0,0,0,0,0,0,N,,N,
06:35,KSB,1949,788.0,-1.65,-1.65,,7.53,25.5,NORMAL,N,0,0,0.0,8.268330733229329,4.0,4.0,0,0,0,0,0,0,0,0,N,,N,
06:35,ITC,1660,273.65,-1.64,-1.64,,7.5,26.15,NORMAL,N,0,0,0.0,8.177570093457964,4.0,4.0,0,0,0,0,0,0,0,0,N,,N,
06:35,EPACKPEB,759251,225.95,-1.63,-1.63,,12.48,22.66,NORMAL,N,0,0,0.0,8.162821070962126,4.0,4.0,0,0,0,0,0,0,0,0,N,,N,
06:35,SESHAPAPER,3066,228.26,-1.63,-1.63,,13.16,19.15,NORMAL,N,0,0,0.0,8.145147388381316,4.0,4.0,0,0,0,0,0,0,0,0,N,,N,
06:35,OMNI,760865,569.6,-1.62,-1.62,,13.55,22.62,NORMAL,N,0,0,0.0,8.117443868739187,4.0,4.0,0,0,0,0,0,0,0,0,N,,N,
06:35,HUDCO,20825,186.91,-1.62,-1.62,,11.0,19.84,NORMAL,N,0,0,0.0,8.105689773145988,4.0,4.0,0,0,0,0,0,0,0,0,N,,N,
06:35,RAMKY,20134,383.85,-1.59,-1.59,,9.68,22.45,NORMAL,N,0,0,0.0,7.947699012947044,4.0,4.0,0,0,0,0,0,0,0,0,N,,N,
06:35,PNB,10666,116.17,-1.55,-1.55,,12.67,18.75,NORMAL,Y,0,0,0.0,7.754237288135586,4.0,4.0,0,0,0,0,0,0,0,0,N,,N,
06:35,GAIL,4717,172.19,-1.55,-1.55,,7.78,22.25,NORMAL,N,0,0,0.0,7.747284162378525,4.0,4.0,0,0,0,0,0,0,0,0,N,,N,
06:35,JSWINFRA,19020,333.9,-1.55,-1.55,,9.72,22.24,NORMAL,N,0,0,0.0,7.739938080495357,4.0,4.0,0,0,0,0,0,0,0,0,N,,N,
06:35,INDUSINDBK,5258,1005.1,-1.54,-1.54,,7.56,22.37,NORMAL,N,0,0,0.0,7.690047021943541,4.0,4.0,0,0,0,0,0,0,0,0,N,,N,
06:35,PURVA,14922,236.52,8.55,8.55,,22.5,28.66,NORMAL,Y,0,0,15.0,0.0,4.0,4.0,0,0,0,0,0,0,0,0,N,,N,
06:35,GNFC,1174,584.75,2.78,2.78,,24.14,14.5,NORMAL,Y,0,0,13.88522717286225,0.0,4.0,4.0,0,0,0,0,0,0,0,0,N,,N,
06:35,RUBICON,759316,1753.6,8.2,8.2,,42.02,7.74,NORMAL,Y,0,0,15.0,0.0,4.0,4.0,0,0,0,0,0,0,0,0,N,,N,
06:35,NAM-INDIA,357,1191.0,1.98,1.98,,24.51,8.25,NORMAL,Y,0,0,9.88954533778573,0.0,4.0,4.0,0,0,0,0,0,0,0,0,N,,N,
06:35,MEESHO,760229,193.76,1.36,1.36,,23.58,7.5,NORMAL,Y,0,0,6.8005858966310795,0.0,4.0,4.0,0,0,0,0,0,0,0,0,N,,N,
06:49,TRIVENI,13081,280.2,12.15,12.15,,22.5,29.19,NORMAL,Y,0,0,15.0,0.0,4.0,4.0,0,0,0,0,0,0,0,0,N,,N,
06:49,PURVA,14922,235.96,8.29,8.29,,22.5,19.74,NORMAL,Y,0,0,15.0,0.0,4.0,4.0,0,0,0,0,0,0,0,0,N,,N,
06:49,FINCABLES,1038,1317.15,5.43,5.43,,29.7,10.95,NORMAL,Y,0,0,15.0,0.0,4.0,4.0,0,0,0,0,0,0,0,0,N,,N,
06:49,NELCO,2388,1098.0,4.82,4.82,,34.33,7.5,NORMAL,Y,0,0,15.0,0.0,4.0,4.0,0,0,0,0,0,0,0,0,N,,N,
06:49,BALRAMCHIN,341,651.4,4.25,4.25,,36.86,7.5,NORMAL,Y,0,0,15.0,0.0,4.0,4.0,0,0,0,0,0,0,0,0,N,,N,
06:49,APCL,20453,107.83,4.13,4.13,,31.82,7.5,NORMAL,Y,0,0,15.0,0.0,4.0,4.0,0,0,0,0,0,0,0,0,N,,N,
06:49,MOTILALOFS,14947,940.0,4.02,4.02,,44.68,7.5,NORMAL,Y,0,0,15.0,0.0,4.0,4.0,0,0,0,0,0,0,0,0,N,,N,
06:49,HINDCOPPER,17939,566.3,4.01,4.01,,30.2,9.51,NORMAL,Y,0,0,15.0,0.0,4.0,4.0,0,0,0,0,0,0,0,0,N,,N,
06:49,MIDHANI,2463,433.05,3.92,3.92,,29.89,7.64,NORMAL,Y,0,0,15.0,0.0,4.0,4.0,0,0,0,0,0,0,0,0,N,,N,
06:49,NARMADA,6364,389.0,3.46,3.46,,30.03,7.59,NORMAL,Y,0,0,15.0,0.0,4.0,4.0,0,0,0,0,0,0,0,0,N,,N,
06:49,EBGNG,757862,582.95,3.14,3.14,,29.5,25.82,NORMAL,Y,0,0,15.0,0.0,4.0,4.0,0,0,0,0,0,0,0,0,N,,N,
06:49,SOUTHWEST,9678,226.6,2.88,2.88,,29.71,8.0,NORMAL,N,0,0,14.415437003405208,0.0,4.0,4.0,0,0,0,0,0,0,0,0,N,,N,
06:49,WELSPUNLIV,11253,168.56,2.74,2.74,,28.97,7.57,NORMAL,Y,0,0,13.714494697062051,0.0,4.0,4.0,0,0,0,0,0,0,0,0,N,,N,
06:49,BECTORFOOD,1628,246.53,2.56,2.56,,29.85,7.5,NORMAL,Y,0,0,12.81357906560718,0.0,4.0,4.0,0,0,0,0,0,0,0,0,N,,N,
06:49,MONTECARLO,5938,520.8,2.44,2.44,,23.2,11.13,NORMAL,Y,0,0,12.195121951219491,0.0,4.0,4.0,0,0,0,0,0,0,0,0,N,,N,
06:49,GNFC,1174,582.2,2.33,2.33,,19.14,16.97,NORMAL,Y,0,0,11.644256964583882,0.0,4.0,4.0,0,0,0,0,0,0,0,0,N,,N,
06:49,SONACOMS,4684,810.35,2.32,2.32,,29.36,7.55,NORMAL,Y,0,0,11.584595959595974,0.0,4.0,4.0,0,0,0,0,0,0,0,0,N,,N,
06:49,AEGISLOG,40,1294.1,2.27,2.27,,25.84,16.19,NORMAL,Y,0,0,11.340287656077056,0.0,4.0,4.0,0,0,0,0,0,0,0,0,N,,N,
06:49,NAM-INDIA,357,1192.9,2.14,2.14,,25.2,7.51,NORMAL,Y,0,0,10.702971144789792,0.0,4.0,4.0,0,0,0,0,0,0,0,0,N,,N,
06:49,HAPPSTMNDS,48,429.0,2.09,2.09,,45.97,7.5,NORMAL,Y,0,0,10.47120418848169,0.0,4.0,4.0,0,0,0,0,0,0,0,0,N,,N,
06:49,ELGIEQUIP,937,622.0,2.05,2.05,,25.91,7.51,NORMAL,Y,0,0,10.25430680885972,0.0,4.0,4.0,0,0,0,0,0,0,0,0,N,,N,
06:49,PVRINOX,13147,1197.9,2.04,2.04,,24.68,9.11,NORMAL,Y,0,0,10.178875638841607,0.0,4.0,4.0,0,0,0,0,0,0,0,0,N,,N,
06:49,RUBICON,759316,1776.7,9.63,9.63,,49.04,7.5,NORMAL,Y,0,0,15.0,0.0,4.0,4.0,0,0,0,0,0,0,0,0,N,,N,
06:49,MOREPENLAB,2259,88.37,9.25,9.25,,31.19,7.5,NORMAL,Y,0,0,15.0,0.0,4.0,4.0,0,0,0,0,0,0,0,0,N,,N,
06:49,TDPOWERSYS,25178,1565.3,5.65,5.65,,31.41,7.5,NORMAL,Y,0,0,15.0,0.0,4.0,4.0,0,0,0,0,0,0,0,0,N,,Y,NONRESULTS
06:49,OBEROIRLTY,20242,1933.5,4.74,4.74,,49.86,7.5,NORMAL,Y,0,0,15.0,0.0,4.0,4.0,0,0,0,0,0,0,0,0,N,,N,
06:49,ENDURANCE,18822,3032.5,4.61,4.61,,37.17,7.5,NORMAL,Y,0,0,15.0,0.0,4.0,4.0,0,0,0,0,0,0,0,0,N,,N,
06:49,KFINTECH,13359,958.45,1.96,1.96,,33.76,7.5,NORMAL,Y,0,0,9.813829787234068,0.0,4.0,4.0,0,0,0,0,0,0,0,0,N,,N,
06:49,MSTCLTD,9356,635.5,1.94,1.94,,17.53,14.9,NORMAL,Y,0,0,9.70484440166829,0.0,4.0,4.0,0,0,0,0,0,0,0,0,N,,N,
06:49,UNOMINDA,14154,1264.0,1.94,1.94,,28.55,7.5,NORMAL,Y,0,0,9.67741935483871,0.0,4.0,4.0,0,0,0,0,0,0,0,0,Y,NONRESULTS,N,
06:49,LTF,24948,312.2,1.93,1.93,,34.86,7.5,NORMAL,Y,0,0,9.63108063989549,0.0,4.0,4.0,0,0,0,0,0,0,0,0,N,,N,
06:49,PSPPROJECT,20877,939.25,1.83,1.83,,25.2,7.5,NORMAL,N,0,0,9.133781439722476,0.0,4.0,4.0,0,0,0,0,0,0,0,0,N,,N,
06:49,ROLEXRINGS,5279,179.44,1.78,1.78,,19.91,11.16,NORMAL,Y,0,0,8.905275099262582,0.0,4.0,4.0,0,0,0,0,0,0,0,0,N,,N,
06:49,HINDZINC,1424,571.9,1.78,1.78,,19.9,14.03,NORMAL,Y,0,0,8.898380494749954,0.0,4.0,4.0,0,0,0,0,0,0,0,0,N,,N,
06:49,NAUKRI,13751,1366.5,1.75,1.75,,23.35,16.02,NORMAL,Y,0,0,8.749069247952347,0.0,4.0,4.0,0,0,0,0,0,0,0,0,N,,N,
06:49,JAINREC,759244,298.45,1.72,1.72,,23.11,9.04,NORMAL,N,0,0,8.605998636673505,0.0,4.0,4.0,0,0,0,0,0,0,0,0,N,,N,
06:49,NIACL,399,182.1,1.69,1.69,,27.02,7.5,NORMAL,Y,0,0,8.431985704712927,0.0,4.0,4.0,0,0,0,0,0,0,0,0,N,,N,
06:49,ASHOKLEY,212,174.46,1.64,1.64,,21.94,11.0,NORMAL,Y,0,0,8.214868329060888,0.0,4.0,4.0,0,0,0,0,0,0,0,0,N,,N,
06:49,CHALET,8546,838.35,1.61,1.61,,27.09,7.5,NORMAL,Y,0,0,8.029329778208702,0.0,4.0,4.0,0,0,0,0,0,0,0,0,N,,N,
06:49,VARROC,3857,861.35,1.59,1.59,,19.41,14.57,NORMAL,Y,0,0,7.931359830168679,0.0,4.0,4.0,0,0,0,0,0,0,0,0,N,,N,
06:49,JKIL,15266,505.4,1.56,1.56,,22.29,10.21,NORMAL,Y,0,0,7.786597005927862,0.0,4.0,4.0,0,0,0,0,0,0,0,0,N,,N,
06:49,OIL,17438,475.7,1.54,1.54,,18.68,11.19,NORMAL,Y,0,0,7.684098185699027,0.0,4.0,4.0,0,0,0,0,0,0,0,0,N,,N,
06:49,HISARMETAL,19322,153.49,1.5,1.5,,22.01,7.5,NORMAL,Y,0,0,7.505620949609874,0.0,4.0,4.0,0,0,0,0,0,0,0,0,N,,N,
06:49,JKLAKSHMI,13491,557.2,1.48,1.48,,31.61,7.5,NORMAL,N,0,0,7.42191057280766,0.0,4.0,4.0,0,0,0,0,0,0,0,0,N,,N,
06:49,ANGELONE,324,291.5,1.46,1.46,,38.29,7.5,NORMAL,N,0,0,7.309432648799144,0.0,4.0,4.0,0,0,0,0,0,0,0,0,N,,N,
06:49,LUXIND,11301,1205.4,1.46,1.46,,21.81,9.47,NORMAL,N,0,0,7.280531941755822,0.0,4.0,4.0,0,0,0,0,0,0,0,0,N,,N,
06:49,JYOTHYLAB,15146,202.22,1.43,1.43,,34.98,7.5,NORMAL,Y,0,0,7.172953451043301,0.0,4.0,4.0,0,0,0,0,0,0,0,0,N,,N,
06:49,KPRMILL,14912,1125.7,1.41,1.41,,37.26,7.5,NORMAL,Y,0,0,7.0720720720720935,0.0,4.0,4.0,0,0,0,0,0,0,0,0,N,,N,
06:49,MEESHO,760229,193.84,1.4,1.4,,26.25,7.5,NORMAL,Y,0,0,7.009834693450531,0.0,4.0,4.0,0,0,0,0,0,0,0,0,N,,N,
06:49,LXCHEM,2841,178.47,1.37,1.37,,21.37,9.03,NORMAL,Y,0,0,6.873047429707434,0.0,4.0,4.0,0,0,0,0,0,0,0,0,N,,N,
06:49,KNRCON,15283,128.45,-3.01,-3.01,,14.5,28.07,NORMAL,N,0,0,0.0,15.0,4.0,4.0,0,0,0,0,0,0,0,0,N,,N,
06:49,VOLTAS,3718,1273.0,-3.6,-3.6,,7.5,34.89,NORMAL,N,0,0,0.0,15.0,4.0,4.0,0,0,0,0,0,0,0,0,N,,N,
06:49,J&KBANK,5633,148.25,-4.65,-4.65,,7.5,37.79,NORMAL,N,0,0,0.0,15.0,4.0,4.0,0,0,0,0,0,0,0,0,N,,N,
06:49,SHIVALIK,7026,254.6,-5.0,-5.0,,7.5,29.5,NORMAL,Y,0,0,0.0,15.0,4.0,4.0,0,0,0,0,0,0,0,0,N,,N,
06:49,VERANDA,8890,231.7,-5.77,-5.77,,14.2,29.5,NORMAL,N,0,0,0.0,15.0,4.0,4.0,0,0,0,0,0,0,0,0,N,,Y,NONRESULTS
06:49,SCHNEIDER,31234,1216.9,-11.12,-11.12,,26.09,22.5,NORMAL,N,0,0,0.0,15.0,4.0,4.0,0,0,0,0,0,0,0,0,Y,NONRESULTS,N,
06:49,EXICOM,22947,147.42,-2.88,-2.88,,9.09,29.02,NORMAL,N,0,0,0.0,14.394887673759817,4.0,4.0,0,0,0,0,0,0,0,0,N,,N,
06:49,HALDER,760715,293.64,-2.74,-2.74,,24.16,28.18,NORMAL,Y,0,0,0.0,13.680026498840661,4.0,4.0,0,0,0,0,0,0,0,0,N,,N,
06:49,GODREJIND,10925,1218.3,-2.73,-2.73,,11.0,25.33,NORMAL,N,0,0,0.0,13.65269461077846,4.0,4.0,0,0,0,0,0,0,0,0,N,,N,
06:49,EPACKPEB,759251,223.5,-2.7,-2.7,,7.5,34.98,NORMAL,N,0,0,0.0,13.495864170657354,4.0,4.0,0,0,0,0,0,0,0,0,N,,N,
06:49,TECHNOE,6445,942.7,-2.65,-2.65,,7.5,28.1,NORMAL,N,0,0,0.0,13.269310202395669,4.0,4.0,0,0,0,0,0,0,0,0,N,,N,
06:49,TEJASNET,21131,524.5,-2.6,-2.6,,22.31,24.0,NORMAL,N,0,0,0.0,12.99907149489322,4.0,4.0,0,0,0,0,0,0,0,0,N,,N,
06:49,SAMHI,18614,159.22,-2.54,-2.54,,7.5,29.06,NORMAL,N,0,0,0.0,12.701230336047027,4.0,4.0,0,0,0,0,0,0,0,0,N,,N,
06:49,INDIANB,14309,872.5,-2.51,-2.51,,9.33,27.06,NORMAL,Y,0,0,0.0,12.542600145259538,4.0,4.0,0,0,0,0,0,0,0,0,N,,N,
06:49,ZENITHEXPO,4176,209.9,-2.49,-2.49,,14.5,19.97,NORMAL,N,0,0,0.0,12.472708691410796,4.0,4.0,0,0,0,0,0,0,0,0,N,,N,
06:49,GUJGASLTD,10599,275.95,-2.47,-2.47,,25.84,26.87,NORMAL,Y,0,0,0.0,12.369676621311184,4.0,4.0,0,0,0,0,0,0,0,0,N,,N,
06:49,TIPSMUSIC,9117,655.15,-2.35,-2.35,,7.5,32.92,NORMAL,N,0,0,0.0,11.737963929050531,4.0,4.0,0,0,0,0,0,0,0,0,N,,N,
06:49,SARDAEN,17758,519.1,-2.27,-2.27,,7.5,27.94,NORMAL,Y,0,0,0.0,11.34331168219896,4.0,4.0,0,0,0,0,0,0,0,0,N,,N,
06:49,TATAINVEST,1621,652.85,-2.17,-2.17,,8.7,25.33,NORMAL,N,0,0,0.0,10.827214146560717,4.0,4.0,0,0,0,0,0,0,0,0,N,,N,
06:49,360ONE,13061,1154.8,-2.14,-2.14,,12.57,21.68,NORMAL,Y,0,0,0.0,10.677966101694933,4.0,4.0,0,0,0,0,0,0,0,0,N,,N,
06:49,TVSSCS,18151,120.77,-2.12,-2.12,,10.93,25.13,NORMAL,N,0,0,0.0,10.61674365831917,4.0,4.0,0,0,0,0,0,0,0,0,N,,N,
06:49,INFY,1594,1144.4,-2.12,-2.12,,14.44,21.61,NORMAL,N,0,0,0.0,10.60554225111185,4.0,4.0,0,0,0,0,0,0,0,0,N,,N,
06:49,SAREGAMA,4892,516.4,-2.07,-2.07,,7.5,30.66,NORMAL,N,0,0,0.0,10.335672292812422,4.0,4.0,0,0,0,0,0,0,0,0,N,,N,
06:49,LGEINDIA,760213,1675.8,-3.12,-3.12,,7.5,31.72,NORMAL,Y,0,0,0.0,15.0,4.0,4.0,0,0,0,0,0,0,0,0,N,,N,
06:49,NMDC,15332,81.38,-3.58,-3.58,,7.5,38.12,NORMAL,N,0,0,0.0,15.0,4.0,4.0,0,0,0,0,0,0,0,0,N,,N,
06:49,OMNI,760865,567.75,-1.94,-1.94,,7.5,35.99,NORMAL,N,0,0,0.0,9.71502590673575,4.0,4.0,0,0,0,0,0,0,0,0,N,,N,
06:49,BIOCON,11373,408.95,-1.93,-1.93,,7.5,26.61,NORMAL,N,0,0,0.0,9.652278177458046,4.0,4.0,0,0,0,0,0,0,0,0,N,,N,
06:49,GARFIBRES,1100,741.1,-1.91,-1.91,,11.91,24.19,NORMAL,N,0,0,0.0,9.530112508272651,4.0,4.0,0,0,0,0,0,0,0,0,N,,N,
06:49,YUKEN,5501,836.95,-1.9,-1.9,,10.56,24.03,NORMAL,Y,0,0,0.0,9.522972339428035,4.0,4.0,0,0,0,0,0,0,0,0,N,,N,
06:49,HCLTECH,7229,1334.5,-1.88,-1.88,,9.2,23.88,NORMAL,Y,0,0,0.0,9.375,4.0,4.0,0,0,0,0,0,0,0,0,N,,N,
06:49,BANKBARODA,4668,243.8,-1.78,-1.78,,10.89,23.4,NORMAL,N,0,0,0.0,8.903392152123091,4.0,4.0,0,0,0,0,0,0,0,0,N,,N,
06:49,TITAGARH,15414,816.65,-1.77,-1.77,,12.53,19.84,NORMAL,N,0,0,0.0,8.841041679196515,4.0,4.0,0,0,0,0,0,0,0,0,N,,N,
06:49,XCHANGING,11705,62.13,-2.74,-2.74,,13.03,24.92,NORMAL,N,0,0,0.0,13.697557921102067,4.0,4.0,0,0,0,0,0,0,0,0,N,,N,
06:49,ADANIGREEN,3563,1324.7,-1.73,-1.73,,7.5,24.99,NORMAL,N,0,0,0.0,8.642433234421349,4.0,4.0,0,0,0,0,0,0,0,0,N,,N,
06:49,INOXGREEN,12188,183.9,-1.69,-1.69,,11.0,27.09,NORMAL,N,0,0,0.0,8.472764205912192,4.0,4.0,0,0,0,0,0,0,0,0,N,,N,
06:49,JSWENERGY,17869,550.6,-1.68,-1.68,,14.28,22.89,NORMAL,N,0,0,0.0,8.392857142857121,4.0,4.0,0,0,0,0,0,0,0,0,N,,N,
06:49,SESHAPAPER,3066,228.16,-1.67,-1.67,,11.38,19.43,NORMAL,N,0,0,0.0,8.360627478021021,4.0,4.0,0,0,0,0,0,0,0,0,N,,N,
06:49,ITC,1660,273.6,-1.65,-1.65,,9.64,22.82,NORMAL,N,0,0,0.0,8.2674335010783,4.0,4.0,0,0,0,0,0,0,0,0,N,,N,
06:49,BSOFT,6994,306.95,-1.63,-1.63,,8.16,22.72,NORMAL,N,0,0,0.0,8.171767344976802,4.0,4.0,0,0,0,0,0,0,0,0,N,,N,
06:49,THYROCARE,17032,613.9,-1.63,-1.63,,7.5,28.61,NORMAL,Y,0,0,0.0,8.132361189007273,4.0,4.0,0,0,0,0,0,0,0,0,N,,N,
06:49,HUDCO,20825,186.9,-1.63,-1.63,,12.9,19.18,NORMAL,N,0,0,0.0,8.1320069477341,4.0,4.0,0,0,0,0,0,0,0,0,N,,N,
06:49,GAIL,4717,172.06,-1.62,-1.62,,7.5,23.61,NORMAL,N,0,0,0.0,8.118925100057185,4.0,4.0,0,0,0,0,0,0,0,0,N,,N,
06:49,BLS,17279,273.63,-1.61,-1.61,,8.81,22.85,NORMAL,Y,0,0,0.0,8.07205522795917,4.0,4.0,0,0,0,0,0,0,0,0,N,,N,
06:49,APLLTD,25328,818.0,-1.59,-1.59,,25.8,22.47,NORMAL,N,0,0,0.0,7.969924812030075,4.0,4.0,0,0,0,0,0,0,0,0,N,,N,
06:49,RAMKY,20134,383.85,-1.59,-1.59,,8.4,22.45,NORMAL,N,0,0,0.0,7.947699012947044,4.0,4.0,0,0,0,0,0,0,0,0,N,,N,
06:49,AIIL,23553,555.95,-1.58,-1.58,,8.56,22.6,NORMAL,N,0,0,0.0,7.921756063019943,4.0,4.0,0,0,0,0,0,0,0,0,N,,N,
06:49,KSB,1949,789.0,-1.53,-1.53,,7.81,24.9,NORMAL,N,0,0,0.0,7.644305772230889,4.0,4.0,0,0,0,0,0,0,0,0,N,,N,
06:49,HGINFRA,1672,515.8,-1.52,-1.52,,7.92,22.09,NORMAL,N,0,0,0.0,7.58949880668262,4.0,4.0,0,0,0,0,0,0,0,0,N,,N,
06:49,SCI,3048,287.85,-1.51,-1.51,,7.5,23.57,NORMAL,N,0,0,0.0,7.527801539777549,4.0,4.0,0,0,0,0,0,0,0,0,N,,N,
06:49,BANKINDIA,4745,141.94,-1.5,-1.5,,21.18,18.49,NORMAL,N,0,0,0.0,7.494795281054811,4.0,4.0,0,0,0,0,0,0,0,0,N,,N,
06:49,TRIVENI,13081,280.2,12.15,12.15,,22.5,29.53,NORMAL,Y,0,0,15.0,0.0,4.0,4.0,0,0,0,0,0,0,0,0,N,,N,
06:49,AEGISLOG,40,1294.1,2.27,2.27,,25.84,13.7,NORMAL,Y,0,0,11.340287656077056,0.0,4.0,4.0,0,0,0,0,0,0,0,0,N,,N,
06:49,NAM-INDIA,357,1192.9,2.14,2.14,,25.2,8.04,NORMAL,Y,0,0,10.702971144789792,0.0,4.0,4.0,0,0,0,0,0,0,0,0,N,,N,
06:49,KFINTECH,13359,958.45,1.96,1.96,,34.09,7.5,NORMAL,Y,0,0,9.813829787234068,0.0,4.0,4.0,0,0,0,0,0,0,0,0,N,,N,
06:49,LTF,24948,312.2,1.93,1.93,,35.38,7.5,NORMAL,Y,0,0,9.63108063989549,0.0,4.0,4.0,0,0,0,0,0,0,0,0,N,,N,
07:04,TRIVENI,13081,279.93,12.04,12.04,,26.5,12.69,NORMAL,N,0,0,15.0,0.0,8.0,1.5,0,0,0,0,0,0,0,0,N,,N,
07:04,PURVA,14922,236.13,8.37,8.37,,29.39,12.0,NORMAL,Y,0,0,15.0,0.0,8.0,1.5,0,0,0,0,0,0,0,0,N,,N,
07:04,MOTILALOFS,14947,953.45,6.23,6.23,,53.99,5.0,NORMAL,Y,0,0,15.0,0.0,8.0,1.5,0,0,0,0,0,0,0,0,N,,N,
07:04,FINCABLES,1038,1313.9,5.17,5.17,,39.31,5.35,NORMAL,Y,0,0,15.0,0.0,8.0,1.5,0,0,0,0,0,0,0,0,N,,N,
07:04,NELCO,2388,1091.9,4.24,4.24,,30.0,14.78,NORMAL,Y,0,0,15.0,0.0,8.0,1.5,0,0,0,0,0,0,0,0,N,,N,
07:04,BALRAMCHIN,341,648.95,3.86,3.86,,33.51,16.11,NORMAL,Y,0,0,15.0,0.0,8.0,1.5,0,0,0,0,0,0,0,0,N,,N,
07:04,HINDCOPPER,17939,565.4,3.85,3.85,,33.5,12.13,NORMAL,Y,0,0,15.0,0.0,8.0,1.5,0,0,0,0,0,0,0,0,N,,N,
07:04,EBGNG,757862,586.05,3.69,3.69,,33.5,14.07,NORMAL,Y,0,0,15.0,0.0,8.0,1.5,0,0,0,0,0,0,0,0,N,,N,
07:04,MIDHANI,2463,431.95,3.66,3.66,,33.5,11.76,NORMAL,Y,0,0,15.0,0.0,8.0,1.5,0,0,0,0,0,0,0,0,N,,N,
07:04,NARMADA,6364,389.05,3.47,3.47,,33.8,6.33,NORMAL,Y,0,0,15.0,0.0,8.0,1.5,0,0,0,0,0,0,0,0,N,,N,
07:04,SOUTHWEST,9678,227.01,3.07,3.07,,34.8,5.0,NORMAL,N,0,0,15.0,0.0,8.0,1.5,0,0,0,0,0,0,0,0,N,,N,
07:04,BECTORFOOD,1628,247.3,2.88,2.88,,35.0,5.0,NORMAL,Y,0,0,14.415276448808102,0.0,8.0,1.5,0,0,0,0,0,0,0,0,N,,N,
07:04,NAM-INDIA,357,1201.2,2.85,2.85,,51.28,5.0,NORMAL,Y,0,0,14.256357564859984,0.0,8.0,1.5,0,0,0,0,0,0,0,0,N,,N,
07:04,KFINTECH,13359,964.5,2.61,2.61,,49.67,5.0,NORMAL,Y,0,0,13.03191489361702,0.0,8.0,1.5,0,0,0,0,0,0,0,0,N,,N,
07:04,SONACOMS,4684,811.15,2.42,2.42,,30.82,5.8,NORMAL,Y,0,0,12.08964646464645,0.0,8.0,1.5,0,0,0,0,0,0,0,0,N,,N,
07:04,UNOMINDA,14154,1269.0,2.34,2.34,,44.05,5.0,NORMAL,Y,0,0,11.693548387096776,0.0,8.0,1.5,0,0,0,0,0,0,0,0,Y,NONRESULTS,N,
07:04,JYOTHYLAB,15146,203.99,2.32,2.32,,49.66,5.0,NORMAL,Y,0,0,11.612158908507212,0.0,8.0,1.5,0,0,0,0,0,0,0,0,N,,N,
07:04,MONTECARLO,5938,520.0,2.28,2.28,,26.56,10.74,NORMAL,Y,0,0,11.408339889850534,0.0,8.0,1.5,0,0,0,0,0,0,0,0,N,,N,
07:04,GNFC,1174,581.7,2.24,2.24,,22.7,13.18,NORMAL,Y,0,0,11.204851041392036,0.0,8.0,1.5,0,0,0,0,0,0,0,0,N,,N,
07:04,LTF,24948,313.0,2.19,2.19,,36.18,5.0,NORMAL,Y,0,0,10.936989879203376,0.0,8.0,1.5,0,0,0,0,0,0,0,0,N,,N,
07:04,ROLEXRINGS,5279,180.12,2.17,2.17,,29.89,5.04,NORMAL,Y,0,0,10.833806012478707,0.0,8.0,1.5,0,0,0,0,0,0,0,0,N,,N,
07:04,AEGISLOG,40,1292.0,2.1,2.1,,29.01,8.0,NORMAL,N,0,0,10.510510510510473,0.0,8.0,1.5,0,0,0,0,0,0,0,0,N,,N,
07:04,WELSPUNLIV,11253,167.5,2.1,2.1,,21.98,30.37,NORMAL,Y,0,0,10.48396927953187,0.0,8.0,1.5,0,0,0,0,0,0,0,0,N,,N,
07:04,KPRMILL,14912,1133.1,2.08,2.08,,45.99,5.0,NORMAL,Y,0,0,10.405405405405366,0.0,8.0,1.5,0,0,0,0,0,0,0,0,N,,N,
07:04,ELGIEQUIP,937,621.8,2.02,2.02,,36.35,5.0,NORMAL,Y,0,0,10.090237899917929,0.0,8.0,1.5,0,0,0,0,0,0,0,0,N,,N,
07:04,RUBICON,759316,1778.0,9.71,9.71,,52.15,5.0,NORMAL,Y,0,0,15.0,0.0,8.0,1.5,0,0,0,0,0,0,0,0,N,,N,
07:04,OBEROIRLTY,20242,1930.6,4.58,4.58,,47.32,5.0,NORMAL,Y,0,0,15.0,0.0,8.0,1.5,0,0,0,0,0,0,0,0,N,,N,
07:04,TDPOWERSYS,25178,1551.5,4.51,4.51,,33.5,12.09,NORMAL,Y,0,0,15.0,0.0,8.0,1.5,0,0,0,0,0,0,0,0,N,,Y,NONRESULTS
07:04,MOREPENLAB,2259,87.91,4.42,4.42,,38.81,5.11,NORMAL,Y,0,0,15.0,0.0,8.0,1.5,0,0,0,0,0,0,0,0,N,,N,
07:04,ENDURANCE,18822,3023.5,4.29,4.29,,33.63,5.0,NORMAL,Y,0,0,15.0,0.0,8.0,1.5,0,0,0,0,0,0,0,0,N,,N,
07:04,HINDZINC,1424,572.85,1.95,1.95,,33.56,5.0,NORMAL,Y,0,0,9.743726641751241,0.0,8.0,1.5,0,0,0,0,0,0,0,0,N,,N,
07:04,PVRINOX,13147,1196.7,1.93,1.93,,28.17,6.06,NORMAL,Y,0,0,9.667802385008537,0.0,8.0,1.5,0,0,0,0,0,0,0,0,N,,N,
07:04,MSTCLTD,9356,634.95,1.85,1.85,,22.08,12.1,NORMAL,Y,0,0,9.263715110683403,0.0,8.0,1.5,0,0,0,0,0,0,0,0,N,,N,
07:04,APCL,20453,105.42,1.81,1.81,,20.53,33.0,NORMAL,Y,0,0,9.029454369869649,0.0,8.0,1.5,0,0,0,0,0,0,0,0,N,,N,
07:04,JAINREC,759244,298.6,1.77,1.77,,27.51,5.83,NORMAL,N,0,0,8.861622358554953,0.0,8.0,1.5,0,0,0,0,0,0,0,0,N,,N,
07:04,MRPL,2283,173.5,1.74,1.74,,46.5,5.0,NORMAL,Y,0,0,8.67831593760997,0.0,8.0,1.5,0,0,0,0,0,0,0,0,N,,N,
07:04,PSPPROJECT,20877,938.4,1.73,1.73,,30.45,5.0,NORMAL,N,0,0,8.673026886383347,0.0,8.0,1.5,0,0,0,0,0,0,0,0,N,,N,
07:04,CHALET,8546,838.8,1.66,1.66,,30.77,5.01,NORMAL,Y,0,0,8.30202399709122,0.0,8.0,1.5,0,0,0,0,0,0,0,0,N,,N,
07:04,ANGELONE,324,292.05,1.65,1.65,,39.74,5.0,NORMAL,N,0,0,8.266620257570482,0.0,8.0,1.5,0,0,0,0,0,0,0,0,N,,N,
07:04,JKIL,15266,505.4,1.56,1.56,,33.65,5.0,NORMAL,Y,0,0,7.786597005927862,0.0,8.0,1.5,0,0,0,0,0,0,0,0,N,,N,
07:04,OIL,17438,475.7,1.54,1.54,,22.68,11.7,NORMAL,Y,0,0,7.684098185699027,0.0,8.0,1.5,0,0,0,0,0,0,0,0,N,,N,
07:04,NAUKRI,13751,1363.3,1.51,1.51,,29.19,5.2,NORMAL,Y,0,0,7.557706626954562,0.0,8.0,1.5,0,0,0,0,0,0,0,0,N,,N,
07:04,HISARMETAL,19322,153.49,1.5,1.5,,26.01,5.0,NORMAL,Y,0,0,7.505620949609874,0.0,8.0,1.5,0,0,0,0,0,0,0,0,N,,N,
07:04,NIACL,399,181.75,1.49,1.49,,25.95,11.85,NORMAL,Y,0,0,7.454768818405147,0.0,8.0,1.5,0,0,0,0,0,0,0,0,N,,N,
07:04,JKLAKSHMI,13491,557.1,1.47,1.47,,28.83,5.06,NORMAL,N,0,0,7.330844185411227,0.0,8.0,1.5,0,0,0,0,0,0,0,0,N,,N,
07:04,LUXIND,11301,1205.1,1.43,1.43,,25.65,7.4,NORMAL,N,0,0,7.15427994276576,0.0,8.0,1.5,0,0,0,0,0,0,0,0,N,,N,
07:04,EMSLIMITED,18593,367.85,1.42,1.42,,46.6,5.0,NORMAL,N,0,0,7.099531293079727,0.0,8.0,1.5,0,0,0,0,0,0,0,0,N,,N,
07:04,HAPPSTMNDS,48,425.95,1.37,1.37,,38.01,5.0,NORMAL,Y,0,0,6.841980009519277,0.0,8.0,1.5,0,0,0,0,0,0,0,0,N,,N,
07:04,ASHOKLEY,212,173.92,1.33,1.33,,18.14,13.91,NORMAL,Y,0,0,6.6418084362619485,0.0,8.0,1.5,0,0,0,0,0,0,0,0,N,,N,
07:04,HDFCLIFE,467,542.95,1.32,1.32,,25.44,5.0,NORMAL,N,0,0,6.624988336288161,0.0,8.0,1.5,0,0,0,0,0,0,0,0,N,,N,
07:04,GODREJIND,10925,1214.9,-3.0,-3.0,,11.5,33.24,NORMAL,N,0,0,0.0,15.0,8.0,1.5,0,0,0,0,0,0,0,0,N,,N,
07:04,VOLTAS,3718,1271.1,-3.74,-3.74,,12.08,27.0,NORMAL,N,0,0,0.0,15.0,8.0,1.5,0,0,0,0,0,0,0,0,N,,N,
07:04,ZENITHEXPO,4176,206.56,-4.05,-4.05,,11.5,46.0,NORMAL,N,0,0,0.0,15.0,8.0,1.5,0,0,0,0,0,0,0,0,N,,N,
07:04,J&KBANK,5633,148.25,-4.65,-4.65,,14.34,27.0,NORMAL,N,0,0,0.0,15.0,8.0,1.5,0,0,0,0,0,0,0,0,N,,N,
07:04,SHIVALIK,7026,254.6,-5.0,-5.0,,11.5,27.0,NORMAL,Y,0,0,0.0,15.0,8.0,1.5,0,0,0,0,0,0,0,0,N,,N,
07:04,VERANDA,8890,231.85,-5.71,-5.71,,14.06,27.0,NORMAL,N,0,0,0.0,15.0,8.0,1.5,0,0,0,0,0,0,0,0,N,,Y,NONRESULTS
07:04,SCHNEIDER,31234,1219.9,-10.9,-10.9,,35.06,20.0,NORMAL,N,0,0,0.0,15.0,8.0,1.5,0,0,0,0,0,0,0,0,Y,NONRESULTS,N,
07:04,EXICOM,22947,147.26,-2.98,-2.98,,11.5,28.0,NORMAL,N,0,0,0.0,14.921931616048493,8.0,1.5,0,0,0,0,0,0,0,0,N,,N,
07:04,SAMHI,18614,158.86,-2.76,-2.76,,11.5,38.5,NORMAL,N,0,0,0.0,13.80302381098118,8.0,1.5,0,0,0,0,0,0,0,0,N,,N,
07:04,EPACKPEB,759251,223.4,-2.74,-2.74,,11.5,27.77,NORMAL,N,0,0,0.0,13.713539399216334,8.0,1.5,0,0,0,0,0,0,0,0,N,,N,
07:04,INOXGREEN,12188,182.08,-2.67,-2.67,,11.5,27.04,NORMAL,N,0,0,0.0,13.337253434543168,8.0,1.5,0,0,0,0,0,0,0,0,N,,N,
07:04,HALDER,760715,294.42,-2.48,-2.48,,12.47,42.39,NORMAL,Y,0,0,0.0,12.388208015899242,8.0,1.5,0,0,0,0,0,0,0,0,N,,N,
07:04,TEJASNET,21131,525.3,-2.45,-2.45,,19.63,17.26,NORMAL,N,0,0,0.0,12.256267409470794,8.0,1.5,0,0,0,0,0,0,0,0,N,,N,
07:04,TECHNOE,6445,945.2,-2.4,-2.4,,18.94,23.98,NORMAL,N,0,0,0.0,11.978521272201535,8.0,1.5,0,0,0,0,0,0,0,0,N,,N,
07:04,GUJGASLTD,10599,276.4,-2.31,-2.31,,16.92,20.07,NORMAL,Y,0,0,0.0,11.574483124226916,8.0,1.5,0,0,0,0,0,0,0,0,N,,N,
07:04,TIPSMUSIC,9117,655.95,-2.23,-2.23,,12.51,23.14,NORMAL,N,0,0,0.0,11.141749888209818,8.0,1.5,0,0,0,0,0,0,0,0,N,,N,
07:04,INFY,1594,1143.4,-2.21,-2.21,,11.64,23.43,NORMAL,N,0,0,0.0,11.033185083817976,8.0,1.5,0,0,0,0,0,0,0,0,N,,N,
07:05,OMNI,760865,566.5,-2.16,-2.16,,12.49,22.79,NORMAL,N,0,0,0.0,10.79447322970639,8.0,1.5,0,0,0,0,0,0,0,0,N,,N,
07:05,SARDAEN,17758,519.7,-2.16,-2.16,,12.76,22.8,NORMAL,Y,0,0,0.0,10.77849948225542,8.0,1.5,0,0,0,0,0,0,0,0,N,,N,
07:05,YUKEN,5501,835.0,-2.13,-2.13,,11.5,26.14,NORMAL,Y,0,0,0.0,10.665729020159427,8.0,1.5,0,0,0,0,0,0,0,0,N,,N,
07:05,TVSSCS,18151,120.85,-2.06,-2.06,,11.96,22.29,NORMAL,N,0,0,0.0,10.2925682794392,8.0,1.5,0,0,0,0,0,0,0,0,N,,N,
07:05,NMDC,15332,81.79,-3.09,-3.09,,20.35,23.5,NORMAL,N,0,0,0.0,15.0,8.0,1.5,0,0,0,0,0,0,0,0,N,,N,
07:05,LGEINDIA,760213,1674.9,-3.17,-3.17,,11.64,27.16,NORMAL,Y,0,0,0.0,15.0,8.0,1.5,0,0,0,0,0,0,0,0,N,,N,
07:05,SESHAPAPER,3066,227.52,-1.95,-1.95,,11.5,26.28,NORMAL,N,0,0,0.0,9.739700051715182,8.0,1.5,0,0,0,0,0,0,0,0,N,,N,
07:05,TATAINVEST,1621,654.7,-1.89,-1.89,,12.79,21.44,NORMAL,N,0,0,0.0,9.44103102053043,8.0,1.5,0,0,0,0,0,0,0,0,N,,N,
07:05,HCLTECH,7229,1334.5,-1.88,-1.88,,12.98,21.38,NORMAL,Y,0,0,0.0,9.375,8.0,1.5,0,0,0,0,0,0,0,0,N,,N,
07:05,INDIANB,14309,878.2,-1.87,-1.87,,24.19,14.36,NORMAL,Y,0,0,0.0,9.35806469635175,8.0,1.5,0,0,0,0,0,0,0,0,N,,N,
07:05,HUDCO,20825,186.61,-1.78,-1.78,,11.5,22.74,NORMAL,N,0,0,0.0,8.89520501079003,8.0,1.5,0,0,0,0,0,0,0,0,N,,N,
07:05,WIPL,20481,165.01,-1.77,-1.77,,11.5,29.95,NORMAL,N,0,0,0.0,8.840338135492319,8.0,1.5,0,0,0,0,0,0,0,0,N,,N,
07:05,TITAGARH,15414,816.85,-1.74,-1.74,,15.0,17.33,NORMAL,N,0,0,0.0,8.720755397846874,8.0,1.5,0,0,0,0,0,0,0,0,N,,N,
07:05,XCHANGING,11705,62.13,-2.74,-2.74,,15.16,23.65,NORMAL,N,0,0,0.0,13.697557921102067,8.0,1.5,0,0,0,0,0,0,0,0,N,,N,
07:05,SAREGAMA,4892,518.15,-1.74,-1.74,,14.83,20.68,NORMAL,N,0,0,0.0,8.676275365067303,8.0,1.5,0,0,0,0,0,0,0,0,N,,N,
07:05,ITC,1660,273.4,-1.73,-1.73,,11.5,22.58,NORMAL,N,0,0,0.0,8.62688713156005,8.0,1.5,0,0,0,0,0,0,0,0,N,,N,
07:05,ADANIGREEN,3563,1325.0,-1.71,-1.71,,12.18,20.53,NORMAL,N,0,0,0.0,8.531157270029674,8.0,1.5,0,0,0,0,0,0,0,0,N,,N,
07:05,AIIL,23553,555.6,-1.65,-1.65,,11.56,21.85,NORMAL,N,0,0,0.0,8.231545406266557,8.0,1.5,0,0,0,0,0,0,0,0,N,,N,
07:05,THYROCARE,17032,613.8,-1.64,-1.64,,11.5,22.27,NORMAL,Y,0,0,0.0,8.212482974120663,8.0,1.5,0,0,0,0,0,0,0,0,N,,N,
07:05,GAIL,4717,172.1,-1.6,-1.6,,13.0,20.0,NORMAL,N,0,0,0.0,8.004574042309923,8.0,1.5,0,0,0,0,0,0,0,0,N,,N,
07:05,RAMKY,20134,383.85,-1.59,-1.59,,11.5,19.95,NORMAL,N,0,0,0.0,7.947699012947044,8.0,1.5,0,0,0,0,0,0,0,0,N,,N,
07:05,BSOFT,6994,307.1,-1.59,-1.59,,12.09,19.94,NORMAL,N,0,0,0.0,7.931421246595079,8.0,1.5,0,0,0,0,0,0,0,0,N,,N,
07:05,BANKBARODA,4668,244.3,-1.58,-1.58,,19.03,16.4,NORMAL,N,0,0,0.0,7.8962210941906115,8.0,1.5,0,0,0,0,0,0,0,0,N,,N,
07:05,JSWENERGY,17869,551.4,-1.54,-1.54,,14.18,19.68,NORMAL,N,0,0,0.0,7.678571428571449,8.0,1.5,0,0,0,0,0,0,0,0,N,,N,
07:05,BLS,17279,273.9,-1.52,-1.52,,12.53,19.59,NORMAL,Y,0,0,0.0,7.586653243204421,8.0,1.5,0,0,0,0,0,0,0,0,N,,N,
07:05,FORTIS,14592,914.95,-1.51,-1.51,,18.23,16.1,NORMAL,N,0,0,0.0,7.5618945102260255,8.0,1.5,0,0,0,0,0,0,0,0,N,,N,
07:05,BIOCON,11373,410.7,-1.51,-1.51,,14.33,19.55,NORMAL,N,0,0,0.0,7.5539568345323875,8.0,1.5,0,0,0,0,0,0,0,0,N,,N,
07:05,APLLTD,25328,818.7,-1.51,-1.51,,15.43,16.18,NORMAL,N,0,0,0.0,7.548872180451101,8.0,1.5,0,0,0,0,0,0,0,0,N,,N,
07:05,RUPA,25724,148.77,-1.51,-1.51,,14.96,19.55,NORMAL,N,0,0,0.0,7.547169811320758,8.0,1.5,0,0,0,0,0,0,0,0,N,,N,
07:05,KSB,1949,789.2,-1.5,-1.5,,12.72,19.52,NORMAL,N,0,0,0.0,7.519500780031173,8.0,1.5,0,0,0,0,0,0,0,0,N,,N,
07:05,SHYAMMETL,4693,984.7,-1.49,-1.49,,11.5,19.52,NORMAL,N,0,0,0.0,7.4529811924769795,8.0,1.5,0,0,0,0,0,0,0,0,N,,N,
07:05,SIS,21501,423.35,-1.47,-1.47,,11.5,24.64,NORMAL,N,0,0,0.0,7.331548935179744,8.0,1.5,0,0,0,0,0,0,0,0,N,,N,
07:05,CIPLA,694,1428.9,-1.46,-1.46,,15.26,15.78,NORMAL,N,0,0,0.0,7.275862068965487,8.0,1.5,0,0,0,0,0,0,0,0,N,,N,
07:05,RUBICON,759316,1778.0,9.71,9.71,,34.78,5.0,NORMAL,Y,0,0,15.0,0.0,8.0,1.5,0,0,0,0,0,0,0,0,N,,N,
07:19,TRIVENI,13081,280.0,12.07,12.07,,26.5,12.64,NORMAL,N,0,0,15.0,0.0,8.0,1.5,0,0,0,0,0,0,0,0,N,,N,
07:19,PURVA,14922,232.89,6.88,6.88,,26.5,31.78,NORMAL,Y,0,0,15.0,0.0,8.0,1.5,0,0,0,0,0,0,0,0,N,,N,
07:19,MOTILALOFS,14947,951.05,5.97,5.97,,34.27,5.0,NORMAL,Y,0,0,15.0,0.0,8.0,1.5,0,0,0,0,0,0,0,0,N,,N,
07:19,FINCABLES,1038,1320.65,5.71,5.71,,34.13,9.82,NORMAL,Y,0,0,15.0,0.0,8.0,1.5,0,0,0,0,0,0,0,0,N,,N,
07:19,BALRAMCHIN,341,651.5,4.27,4.27,,37.45,5.0,NORMAL,Y,0,0,15.0,0.0,8.0,1.5,0,0,0,0,0,0,0,0,N,,N,
07:19,HINDCOPPER,17939,567.1,4.16,4.16,,37.01,5.0,NORMAL,Y,0,0,15.0,0.0,8.0,1.5,0,0,0,0,0,0,0,0,N,,N,
07:19,EBGNG,757862,587.6,3.96,3.96,,33.98,6.04,NORMAL,Y,0,0,15.0,0.0,8.0,1.5,0,0,0,0,0,0,0,0,N,,N,
07:19,MIDHANI,2463,432.5,3.79,3.79,,35.07,5.33,NORMAL,Y,0,0,15.0,0.0,8.0,1.5,0,0,0,0,0,0,0,0,N,,N,
07:19,NELCO,2388,1086.0,3.68,3.68,,26.63,30.0,NORMAL,Y,0,0,15.0,0.0,8.0,1.5,0,0,0,0,0,0,0,0,N,,N,
07:19,JYOTHYLAB,15146,206.51,3.59,3.59,,53.44,5.0,NORMAL,Y,0,0,15.0,0.0,8.0,1.5,0,0,0,0,0,0,0,0,N,,N,
07:19,NARMADA,6364,389.25,3.52,3.52,,34.4,5.0,NORMAL,Y,0,0,15.0,0.0,8.0,1.5,0,0,0,0,0,0,0,0,N,,N,
07:19,SOUTHWEST,9678,226.99,3.06,3.06,,36.94,5.0,NORMAL,N,0,0,15.0,0.0,8.0,1.5,0,0,0,0,0,0,0,0,N,,N,
07:19,BECTORFOOD,1628,247.54,2.98,2.98,,37.0,5.02,NORMAL,Y,0,0,14.914506802013538,0.0,8.0,1.5,0,0,0,0,0,0,0,0,N,,N,
07:19,EMSLIMITED,18593,372.3,2.65,2.65,,52.73,5.0,NORMAL,Y,0,0,13.234077750206815,0.0,8.0,1.5,0,0,0,0,0,0,0,0,N,,N,
07:19,KFINTECH,13359,962.7,2.41,2.41,,30.8,5.06,NORMAL,Y,0,0,12.074468085106407,0.0,8.0,1.5,0,0,0,0,0,0,0,0,N,,N,
07:19,GNFC,1174,582.65,2.41,2.41,,28.42,12.0,NORMAL,Y,0,0,12.03972229545648,0.0,8.0,1.5,0,0,0,0,0,0,0,0,N,,N,
07:19,UNOMINDA,14154,1268.7,2.31,2.31,,30.54,7.01,NORMAL,Y,0,0,11.572580645161308,0.0,8.0,1.5,0,0,0,0,0,0,0,0,Y,NONRESULTS,N,
07:19,SONACOMS,4684,810.3,2.31,2.31,,30.05,7.11,NORMAL,Y,0,0,11.553030303030276,0.0,8.0,1.5,0,0,0,0,0,0,0,0,N,,N,
07:19,NAM-INDIA,357,1194.4,2.27,2.27,,29.88,10.21,NORMAL,Y,0,0,11.34514941347718,0.0,8.0,1.5,0,0,0,0,0,0,0,0,N,,N,
07:19,ELGIEQUIP,937,622.75,2.17,2.17,,34.41,5.0,NORMAL,Y,0,0,10.869565217391305,0.0,8.0,1.5,0,0,0,0,0,0,0,0,N,,N,
07:19,MRPL,2283,174.24,2.17,2.17,,34.13,5.0,NORMAL,Y,0,0,10.84789492201248,0.0,8.0,1.5,0,0,0,0,0,0,0,0,N,,N,
07:19,ROLEXRINGS,5279,180.1,2.16,2.16,,29.28,8.72,NORMAL,Y,0,0,10.777084515031147,0.0,8.0,1.5,0,0,0,0,0,0,0,0,N,,N,
07:19,APCL,20453,105.76,2.13,2.13,,22.17,15.95,NORMAL,Y,0,0,10.6711733462096,0.0,8.0,1.5,0,0,0,0,0,0,0,0,N,,N,
07:19,LTF,24948,312.75,2.11,2.11,,30.6,5.0,NORMAL,Y,0,0,10.528893241919668,0.0,8.0,1.5,0,0,0,0,0,0,0,0,N,,N,
07:19,MONTECARLO,5938,519.0,2.08,2.08,,21.92,16.84,NORMAL,Y,0,0,10.424862313139283,0.0,8.0,1.5,0,0,0,0,0,0,0,0,N,,N,
07:19,JKIL,15266,507.9,2.06,2.06,,30.78,5.0,NORMAL,Y,0,0,10.29840249171104,0.0,8.0,1.5,0,0,0,0,0,0,0,0,N,,N,
07:19,HAPPSTMNDS,48,428.75,2.03,2.03,,28.96,15.72,NORMAL,Y,0,0,10.173726796763459,0.0,8.0,1.5,0,0,0,0,0,0,0,0,N,,N,
07:19,AEGISLOG,40,1290.9,2.02,2.02,,28.58,6.48,NORMAL,N,0,0,10.075865339023233,0.0,8.0,1.5,0,0,0,0,0,0,0,0,N,,N,
07:19,KPRMILL,14912,1132.2,2.0,2.0,,33.08,5.03,NORMAL,Y,0,0,10.00000000000002,0.0,8.0,1.5,0,0,0,0,0,0,0,0,N,,N,
07:19,MOREPENLAB,2259,89.31,10.41,10.41,,53.71,5.0,NORMAL,Y,0,0,15.0,0.0,8.0,1.5,0,0,0,0,0,0,0,0,N,,N,
07:19,RUBICON,759316,1781.0,9.89,9.89,,33.5,10.86,NORMAL,Y,0,0,15.0,0.0,8.0,1.5,0,0,0,0,0,0,0,0,N,,N,
07:19,ENDURANCE,18822,3026.5,4.4,4.4,,33.5,14.16,NORMAL,Y,0,0,15.0,0.0,8.0,1.5,0,0,0,0,0,0,0,0,N,,N,
07:19,OBEROIRLTY,20242,1926.6,4.37,4.37,,33.5,13.82,NORMAL,Y,0,0,15.0,0.0,8.0,1.5,0,0,0,0,0,0,0,0,N,,N,
07:19,TDPOWERSYS,25178,1547.5,4.24,4.24,,33.5,13.44,NORMAL,Y,0,0,15.0,0.0,8.0,1.5,0,0,0,0,0,0,0,0,N,,Y,NONRESULTS
07:19,HINDZINC,1424,572.6,1.9,1.9,,28.02,7.37,NORMAL,Y,0,0,9.521267129382492,0.0,8.0,1.5,0,0,0,0,0,0,0,0,N,,N,
07:19,JAINREC,759244,298.85,1.86,1.86,,29.93,5.0,NORMAL,N,0,0,9.287661895023936,0.0,8.0,1.5,0,0,0,0,0,0,0,0,N,,N,
07:19,PVRINOX,13147,1195.4,1.82,1.82,,25.29,8.61,NORMAL,Y,0,0,9.114139693356087,0.0,8.0,1.5,0,0,0,0,0,0,0,0,N,,N,
07:19,OIL,17438,477.0,1.81,1.81,,34.77,5.0,NORMAL,Y,0,0,9.071504802561366,0.0,8.0,1.5,0,0,0,0,0,0,0,0,N,,N,
07:19,HINDALCO,1363,1047.45,1.74,1.74,,44.52,5.0,NORMAL,Y,0,0,8.717824186498323,0.0,8.0,1.5,0,0,0,0,0,0,0,0,N,,N,
07:19,CHALET,8546,838.65,1.64,1.64,,26.71,7.36,NORMAL,Y,0,0,8.211125924130382,0.0,8.0,1.5,0,0,0,0,0,0,0,0,N,,N,
07:19,NAUKRI,13751,1365.0,1.64,1.64,,28.38,5.0,NORMAL,Y,0,0,8.190618019359642,0.0,8.0,1.5,0,0,0,0,0,0,0,0,N,,N,
07:19,PSPPROJECT,20877,937.5,1.64,1.64,,26.69,7.04,NORMAL,N,0,0,8.185169124024297,0.0,8.0,1.5,0,0,0,0,0,0,0,0,N,,N,
07:19,LUXIND,11301,1207.5,1.63,1.63,,26.66,8.34,NORMAL,N,0,0,8.164295934685672,0.0,8.0,1.5,0,0,0,0,0,0,0,0,N,,N,
07:19,NUCLEUS,10791,715.25,1.61,1.61,,32.63,5.0,NORMAL,Y,0,0,8.062224747833515,0.0,8.0,1.5,0,0,0,0,0,0,0,0,N,,N,
07:19,MSTCLTD,9356,633.3,1.59,1.59,,20.76,12.13,NORMAL,Y,0,0,7.940327237728566,0.0,8.0,1.5,0,0,0,0,0,0,0,0,N,,N,
07:19,JKLAKSHMI,13491,557.5,1.54,1.54,,28.03,5.0,NORMAL,N,0,0,7.695109734996855,0.0,8.0,1.5,0,0,0,0,0,0,0,0,N,,N,
07:19,GOCOLORS,6964,332.5,1.53,1.53,,36.73,5.0,NORMAL,Y,0,0,7.633587786259542,0.0,8.0,1.5,0,0,0,0,0,0,0,0,Y,NONRESULTS,N,
07:19,ANGELONE,324,291.65,1.51,1.51,,28.25,5.0,NORMAL,N,0,0,7.5704838148276465,0.0,8.0,1.5,0,0,0,0,0,0,0,0,N,,N,
07:19,LXCHEM,2841,178.68,1.49,1.49,,31.87,5.0,NORMAL,Y,0,0,7.469468900880418,0.0,8.0,1.5,0,0,0,0,0,0,0,0,N,,N,
07:19,NIACL,399,181.68,1.45,1.45,,25.77,7.74,NORMAL,Y,0,0,7.2593254411436074,0.0,8.0,1.5,0,0,0,0,0,0,0,0,N,,N,
07:19,VOLTAS,3718,1267.8,-3.99,-3.99,,11.5,34.09,NORMAL,N,0,0,0.0,15.0,8.0,1.5,0,0,0,0,0,0,0,0,N,,N,
07:19,J&KBANK,5633,147.99,-4.82,-4.82,,17.73,27.23,NORMAL,N,0,0,0.0,15.0,8.0,1.5,0,0,0,0,0,0,0,0,N,,N,
07:19,ZENITHEXPO,4176,204.53,-4.99,-4.99,,11.5,47.63,NORMAL,N,0,0,0.0,15.0,8.0,1.5,0,0,0,0,0,0,0,0,N,,N,
07:19,SHIVALIK,7026,254.6,-5.0,-5.0,,11.5,27.0,NORMAL,Y,0,0,0.0,15.0,8.0,1.5,0,0,0,0,0,0,0,0,N,,N,
07:19,VERANDA,8890,232.8,-5.33,-5.33,,22.83,23.5,NORMAL,N,0,0,0.0,15.0,8.0,1.5,0,0,0,0,0,0,0,0,N,,Y,NONRESULTS
07:19,SCHNEIDER,31234,1223.5,-10.64,-10.64,,25.68,20.0,NORMAL,N,0,0,0.0,15.0,8.0,1.5,0,0,0,0,0,0,0,0,Y,NONRESULTS,N,
07:19,SAMHI,18614,158.51,-2.97,-2.97,,13.93,27.28,NORMAL,N,0,0,0.0,14.87421191161172,8.0,1.5,0,0,0,0,0,0,0,0,N,,N,
07:19,EXICOM,22947,147.42,-2.88,-2.88,,15.41,26.45,NORMAL,N,0,0,0.0,14.394887673759817,8.0,1.5,0,0,0,0,0,0,0,0,N,,N,
07:19,INOXGREEN,12188,181.78,-2.83,-2.83,,11.5,33.43,NORMAL,N,0,0,0.0,14.13909231838347,8.0,1.5,0,0,0,0,0,0,0,0,N,,N,
07:19,GODREJIND,10925,1217.1,-2.83,-2.83,,22.07,26.13,NORMAL,N,0,0,0.0,14.131736526946144,8.0,1.5,0,0,0,0,0,0,0,0,N,,N,
07:19,HALDER,760715,293.5,-2.78,-2.78,,11.5,33.14,NORMAL,Y,0,0,0.0,13.911891354753193,8.0,1.5,0,0,0,0,0,0,0,0,N,,N,
07:19,TEJASNET,21131,525.4,-2.43,-2.43,,20.1,17.16,NORMAL,N,0,0,0.0,12.163416898792965,8.0,1.5,0,0,0,0,0,0,0,0,N,,N,
07:19,TECHNOE,6445,945.55,-2.36,-2.36,,12.0,23.82,NORMAL,N,0,0,0.0,11.797810821974402,8.0,1.5,0,0,0,0,0,0,0,0,N,,N,
07:19,EPACKPEB,759251,224.4,-2.31,-2.31,,12.24,23.54,NORMAL,N,0,0,0.0,11.536787113626431,8.0,1.5,0,0,0,0,0,0,0,0,N,,N,
07:19,TIPSMUSIC,9117,655.7,-2.27,-2.27,,11.78,23.39,NORMAL,N,0,0,0.0,11.328066775972523,8.0,1.5,0,0,0,0,0,0,0,0,N,,N,
07:19,OMNI,760865,566.45,-2.17,-2.17,,12.2,22.84,NORMAL,N,0,0,0.0,10.837651122625175,8.0,1.5,0,0,0,0,0,0,0,0,N,,N,
07:19,SARDAEN,17758,519.75,-2.15,-2.15,,11.52,23.68,NORMAL,Y,0,0,0.0,10.731431798926836,8.0,1.5,0,0,0,0,0,0,0,0,N,,N,
07:19,SAREGAMA,4892,516.0,-2.14,-2.14,,11.5,32.98,NORMAL,N,0,0,0.0,10.71496301915414,8.0,1.5,0,0,0,0,0,0,0,0,N,,N,
07:19,INFY,1594,1144.6,-2.1,-2.1,,15.0,19.32,NORMAL,N,0,0,0.0,10.520013684570703,8.0,1.5,0,0,0,0,0,0,0,0,N,,N,
07:19,GUJGASLTD,10599,277.1,-2.07,-2.07,,32.28,15.34,NORMAL,Y,0,0,0.0,10.337515462095716,8.0,1.5,0,0,0,0,0,0,0,0,N,,N,
07:19,LGEINDIA,760213,1677.3,-3.03,-3.03,,16.79,27.0,NORMAL,Y,0,0,0.0,15.0,8.0,1.5,0,0,0,0,0,0,0,0,N,,N,
07:19,INDIANB,14309,877.3,-1.97,-1.97,,23.94,14.86,NORMAL,Y,0,0,0.0,9.860886083021448,8.0,1.5,0,0,0,0,0,0,0,0,N,,N,
07:19,TVSSCS,18151,121.0,-1.94,-1.94,,13.42,21.68,NORMAL,N,0,0,0.0,9.684739444039227,8.0,1.5,0,0,0,0,0,0,0,0,N,,N,
07:19,THYROCARE,17032,612.15,-1.91,-1.91,,11.5,26.59,NORMAL,Y,0,0,0.0,9.53449242849129,8.0,1.5,0,0,0,0,0,0,0,0,N,,N,
07:19,YUKEN,5501,837.0,-1.9,-1.9,,13.99,21.49,NORMAL,Y,0,0,0.0,9.493670886075975,8.0,1.5,0,0,0,0,0,0,0,0,N,,N,
07:19,SESHAPAPER,3066,227.66,-1.89,-1.89,,11.5,30.48,NORMAL,N,0,0,0.0,9.438027926219608,8.0,1.5,0,0,0,0,0,0,0,0,N,,N,
07:19,HCLTECH,7229,1334.9,-1.85,-1.85,,11.5,21.85,NORMAL,Y,0,0,0.0,9.227941176470555,8.0,1.5,0,0,0,0,0,0,0,0,N,,N,
07:19,TATAINVEST,1621,655.2,-1.81,-1.81,,11.54,23.95,NORMAL,N,0,0,0.0,9.066386932414138,8.0,1.5,0,0,0,0,0,0,0,0,N,,N,
07:19,XCHANGING,11705,62.1,-2.79,-2.79,,11.5,26.73,NORMAL,N,0,0,0.0,13.93237319974954,8.0,1.5,0,0,0,0,0,0,0,0,N,,N,
07:19,ITC,1660,273.35,-1.74,-1.74,,11.5,21.15,NORMAL,N,0,0,0.0,8.716750539180385,8.0,1.5,0,0,0,0,0,0,0,0,N,,N,
07:19,HUDCO,20825,186.83,-1.66,-1.66,,15.4,16.82,NORMAL,N,0,0,0.0,8.316227169851036,8.0,1.5,0,0,0,0,0,0,0,0,N,,N,
07:19,SANGAMIND,4184,591.05,-1.66,-1.66,,11.5,26.37,NORMAL,N,0,0,0.0,8.277870216306194,8.0,1.5,0,0,0,0,0,0,0,0,N,,N,
07:19,UNICHEMLAB,3579,531.3,-1.65,-1.65,,11.5,21.42,NORMAL,N,0,0,0.0,8.237689744539143,8.0,1.5,0,0,0,0,0,0,0,0,N,,N,
07:19,BSOFT,6994,307.0,-1.62,-1.62,,11.5,20.11,NORMAL,N,0,0,0.0,8.09165197884956,8.0,1.5,0,0,0,0,0,0,0,0,N,,N,
07:19,JSWENERGY,17869,551.0,-1.61,-1.61,,11.5,21.37,NORMAL,N,0,0,0.0,8.035714285714285,8.0,1.5,0,0,0,0,0,0,0,0,N,,N,
07:19,AIIL,23553,555.85,-1.6,-1.6,,11.86,20.06,NORMAL,N,0,0,0.0,8.010267303947561,8.0,1.5,0,0,0,0,0,0,0,0,N,,N,
07:19,FORTIS,14592,914.35,-1.58,-1.58,,15.3,17.02,NORMAL,N,0,0,0.0,7.8848223896662955,8.0,1.5,0,0,0,0,0,0,0,0,N,,N,
07:19,TITAGARH,15414,818.3,-1.57,-1.57,,22.11,16.35,NORMAL,N,0,0,0.0,7.84867985806223,8.0,1.5,0,0,0,0,0,0,0,0,N,,N,
07:19,SIS,21501,422.95,-1.56,-1.56,,12.84,20.17,NORMAL,N,0,0,0.0,7.797044105667391,8.0,1.5,0,0,0,0,0,0,0,0,N,,N,
07:19,KSB,1949,789.0,-1.53,-1.53,,11.53,27.59,NORMAL,N,0,0,0.0,7.644305772230889,8.0,1.5,0,0,0,0,0,0,0,0,N,,N,
07:19,ENGINERSIN,4907,240.0,-1.51,-1.51,,11.5,24.42,NORMAL,Y,0,0,0.0,7.5508864084044784,8.0,1.5,0,0,0,0,0,0,0,0,N,,N,
07:19,RUPA,25724,148.82,-1.48,-1.48,,11.5,19.71,NORMAL,N,0,0,0.0,7.381661701423428,8.0,1.5,0,0,0,0,0,0,0,0,N,,N,
07:19,CIPLA,694,1428.7,-1.47,-1.47,,15.0,17.24,NORMAL,N,0,0,0.0,7.344827586206881,8.0,1.5,0,0,0,0,0,0,0,0,N,,N,
07:19,APLLTD,25328,819.1,-1.46,-1.46,,15.61,15.83,NORMAL,N,0,0,0.0,7.308270676691715,8.0,1.5,0,0,0,0,0,0,0,0,N,,N,
07:19,BLS,17279,274.06,-1.46,-1.46,,11.5,25.28,NORMAL,Y,0,0,0.0,7.29900762260895,8.0,1.5,0,0,0,0,0,0,0,0,N,,N,
07:19,ZUARIIND,3827,254.05,-1.45,-1.45,,11.5,37.52,NORMAL,N,0,0,0.0,7.273079906904577,8.0,1.5,0,0,0,0,0,0,0,0,N,,N,
07:19,SHILPAMED,17752,810.2,-1.44,-1.44,,11.5,38.06,NORMAL,Y,0,0,0.0,7.177615571776128,8.0,1.5,0,0,0,0,0,0,0,0,N,,N,
07:19,HGINFRA,1672,516.3,-1.42,-1.42,,16.24,15.61,NORMAL,N,0,0,0.0,7.112171837708874,8.0,1.5,0,0,0,0,0,0,0,0,N,,N,
07:19,SCI,3048,288.1,-1.42,-1.42,,15.09,19.11,NORMAL,N,0,0,0.0,7.1000855431992775,8.0,1.5,0,0,0,0,0,0,0,0,N,,N,
07:19,ABMKNO,762528,197.0,-1.39,-1.39,,11.5,18.93,NORMAL,Y,0,0,0.0,6.93297291885671,8.0,1.5,0,0,0,0,0,0,0,0,N,,N,
07:19,MOTILALOFS,14947,951.05,5.97,5.97,,35.28,5.0,NORMAL,Y,0,0,15.0,0.0,8.0,1.5,0,0,0,0,0,0,0,0,N,,N,
07:19,NELCO,2388,1086.0,3.68,3.68,,26.64,30.0,NORMAL,Y,0,0,15.0,0.0,8.0,1.5,0,0,0,0,0,0,0,0,N,,N,
07:19,EMSLIMITED,18593,372.3,2.65,2.65,,52.73,5.0,NORMAL,Y,0,0,13.234077750206815,0.0,8.0,1.5,0,0,0,0,0,0,0,0,N,,N,
07:19,KFINTECH,13359,962.7,2.41,2.41,,30.77,6.7,NORMAL,Y,0,0,12.074468085106407,0.0,8.0,1.5,0,0,0,0,0,0,0,0,N,,N,
07:19,SONACOMS,4684,810.3,2.31,2.31,,30.05,7.9,NORMAL,Y,0,0,11.553030303030276,0.0,8.0,1.5,0,0,0,0,0,0,0,0,N,,N,
07:34,TRIVENI,13081,282.37,13.02,13.02,,51.87,5.0,NORMAL,Y,0,0,15.0,0.0,8.0,1.5,0,0,0,0,0,0,0,0,N,,N,
07:34,MOTILALOFS,14947,952.9,6.17,6.17,,36.03,5.0,NORMAL,Y,0,0,15.0,0.0,8.0,1.5,0,0,0,0,0,0,0,0,N,,N,
07:34,PURVA,14922,230.51,5.79,5.79,,26.5,32.51,NORMAL,Y,0,0,15.0,0.0,8.0,1.5,0,0,0,0,0,0,0,0,N,,N,
07:34,FINCABLES,1038,1312.65,5.07,5.07,,33.5,16.58,NORMAL,Y,0,0,15.0,0.0,8.0,1.5,0,0,0,0,0,0,0,0,N,,N,
07:34,JYOTHYLAB,15146,208.65,4.66,4.66,,52.37,5.0,NORMAL,Y,0,0,15.0,0.0,8.0,1.5,0,0,0,0,0,0,0,0,N,,N,
07:34,BALRAMCHIN,341,653.7,4.62,4.62,,39.03,5.0,NORMAL,Y,0,0,15.0,0.0,8.0,1.5,0,0,0,0,0,0,0,0,N,,N,
07:34,EBGNG,757862,588.7,4.16,4.16,,37.92,5.0,NORMAL,Y,0,0,15.0,0.0,8.0,1.5,0,0,0,0,0,0,0,0,N,,N,
07:34,HINDCOPPER,17939,566.0,3.96,3.96,,35.29,5.09,NORMAL,Y,0,0,15.0,0.0,8.0,1.5,0,0,0,0,0,0,0,0,N,,N,
07:34,MIDHANI,2463,432.1,3.7,3.7,,33.5,6.82,NORMAL,Y,0,0,15.0,0.0,8.0,1.5,0,0,0,0,0,0,0,0,N,,N,
07:34,NELCO,2388,1082.1,3.3,3.3,,26.5,18.02,NORMAL,Y,0,0,15.0,0.0,8.0,1.5,0,0,0,0,0,0,0,0,N,,N,
07:34,SOUTHWEST,9678,227.44,3.26,3.26,,33.8,6.7,NORMAL,N,0,0,15.0,0.0,8.0,1.5,0,0,0,0,0,0,0,0,N,,N,
07:34,BECTORFOOD,1628,248.13,3.23,3.23,,38.78,5.0,NORMAL,Y,0,0,15.0,0.0,8.0,1.5,0,0,0,0,0,0,0,0,N,,N,
07:34,NARMADA,6364,388.05,3.2,3.2,,33.5,7.47,NORMAL,Y,0,0,15.0,0.0,8.0,1.5,0,0,0,0,0,0,0,0,N,,N,
07:34,PSPPROJECT,20877,950.6,3.06,3.06,,52.76,5.0,NORMAL,N,0,0,15.0,0.0,8.0,1.5,0,0,0,0,0,0,0,0,N,,N,
07:34,MSTCLTD,9356,642.2,3.02,3.02,,45.88,12.0,NORMAL,Y,0,0,15.0,0.0,8.0,1.5,0,0,0,0,0,0,0,0,N,,N,
07:34,KRBL,10577,397.05,2.76,2.76,,53.28,5.0,NORMAL,Y,0,0,13.781055900621165,0.0,8.0,1.5,0,0,0,0,0,0,0,0,N,,N,
07:34,EMSLIMITED,18593,371.9,2.54,2.54,,31.18,16.4,NORMAL,N,0,0,12.682657843948151,0.0,8.0,1.5,0,0,0,0,0,0,0,0,N,,N,
07:34,GNFC,1174,583.25,2.51,2.51,,26.49,12.0,NORMAL,Y,0,0,12.567009403286717,0.0,8.0,1.5,0,0,0,0,0,0,0,0,N,,N,
07:34,KFINTECH,13359,963.0,2.45,2.45,,34.03,5.1,NORMAL,Y,0,0,12.23404255319149,0.0,8.0,1.5,0,0,0,0,0,0,0,0,N,,N,
07:34,EIDPARRY,916,793.7,2.39,2.39,,44.79,5.0,NORMAL,Y,0,0,11.932404540763674,0.0,8.0,1.5,0,0,0,0,0,0,0,0,N,,N,
07:34,SONACOMS,4684,810.9,2.39,2.39,,30.44,7.0,NORMAL,Y,0,0,11.931818181818166,0.0,8.0,1.5,0,0,0,0,0,0,0,0,N,,N,
07:34,ELGIEQUIP,937,623.8,2.35,2.35,,32.86,5.0,NORMAL,Y,0,0,11.730926989335485,0.0,8.0,1.5,0,0,0,0,0,0,0,0,N,,N,
07:34,UNOMINDA,14154,1268.8,2.32,2.32,,30.11,6.51,NORMAL,Y,0,0,11.612903225806432,0.0,8.0,1.5,0,0,0,0,0,0,0,0,Y,NONRESULTS,N,
07:34,LTF,24948,313.4,2.32,2.32,,32.01,5.0,NORMAL,Y,0,0,11.589944498857273,0.0,8.0,1.5,0,0,0,0,0,0,0,0,N,,N,
07:34,MRPL,2283,174.48,2.31,2.31,,35.28,5.0,NORMAL,Y,0,0,11.551542160197016,0.0,8.0,1.5,0,0,0,0,0,0,0,0,N,,N,
07:34,AEGISLOG,40,1294.1,2.27,2.27,,36.57,5.0,NORMAL,N,0,0,11.340287656077056,0.0,8.0,1.5,0,0,0,0,0,0,0,0,N,,N,
07:34,APCL,20453,105.78,2.15,2.15,,22.51,12.68,NORMAL,Y,0,0,10.767745050700167,0.0,8.0,1.5,0,0,0,0,0,0,0,0,N,,N,
07:34,ANGELONE,324,293.3,2.09,2.09,,36.81,5.0,NORMAL,N,0,0,10.442046641141665,0.0,8.0,1.5,0,0,0,0,0,0,0,0,N,,N,
07:34,BHEL,438,430.45,2.07,2.07,,40.28,5.0,NORMAL,Y,0,0,10.374673938819068,0.0,8.0,1.5,0,0,0,0,0,0,0,0,N,,N,
07:34,NAM-INDIA,357,1191.9,2.05,2.05,,29.24,5.22,NORMAL,Y,0,0,10.2748522989982,0.0,8.0,1.5,0,0,0,0,0,0,0,0,N,,N,
07:34,ROLEXRINGS,5279,179.88,2.03,2.03,,25.15,11.56,NORMAL,Y,0,0,10.153148043108292,0.0,8.0,1.5,0,0,0,0,0,0,0,0,N,,N,
07:34,JAINREC,759244,299.35,2.03,2.03,,32.01,5.0,NORMAL,N,0,0,10.139740967961904,0.0,8.0,1.5,0,0,0,0,0,0,0,0,N,,N,
07:34,RUBICON,759316,1776.8,9.63,9.63,,33.5,11.74,NORMAL,Y,0,0,15.0,0.0,8.0,1.5,0,0,0,0,0,0,0,0,N,,N,
07:34,MOREPENLAB,2259,88.68,9.63,9.63,,33.5,20.41,NORMAL,Y,0,0,15.0,0.0,8.0,1.5,0,0,0,0,0,0,0,0,N,,N,
07:34,OBEROIRLTY,20242,1931.6,4.64,4.64,,33.66,10.74,NORMAL,Y,0,0,15.0,0.0,8.0,1.5,0,0,0,0,0,0,0,0,N,,N,
07:34,TDPOWERSYS,25178,1547.4,4.23,4.23,,33.5,10.23,NORMAL,Y,0,0,15.0,0.0,8.0,1.5,0,0,0,0,0,0,0,0,N,,Y,NONRESULTS
07:34,ENDURANCE,18822,3021.5,4.23,4.23,,33.5,9.86,NORMAL,Y,0,0,15.0,0.0,8.0,1.5,0,0,0,0,0,0,0,0,N,,N,
07:34,INOXWIND,7852,75.95,3.09,3.09,,53.13,5.0,NORMAL,N,0,0,15.0,0.0,8.0,1.5,0,0,0,0,0,0,0,0,N,,N,
07:34,KPRMILL,14912,1132.1,1.99,1.99,,28.46,5.33,NORMAL,Y,0,0,9.954954954954914,0.0,8.0,1.5,0,0,0,0,0,0,0,0,N,,N,
07:34,JKIL,15266,507.3,1.94,1.94,,31.15,5.0,NORMAL,Y,0,0,9.695569175123113,0.0,8.0,1.5,0,0,0,0,0,0,0,0,N,,N,
07:34,IFCI,1491,79.15,2.87,2.87,,43.78,5.0,NORMAL,Y,0,0,14.361840395113129,0.0,8.0,1.5,0,0,0,0,0,0,0,0,N,,N,
07:34,CHALET,8546,840.4,1.85,1.85,,30.75,5.0,NORMAL,Y,0,0,9.271603442007002,0.0,8.0,1.5,0,0,0,0,0,0,0,0,N,,N,
07:34,MONTECARLO,5938,517.8,1.85,1.85,,20.74,15.67,NORMAL,Y,0,0,9.244689221085736,0.0,8.0,1.5,0,0,0,0,0,0,0,0,N,,N,
07:34,OIL,17438,477.0,1.81,1.81,,27.74,6.93,NORMAL,Y,0,0,9.071504802561366,0.0,8.0,1.5,0,0,0,0,0,0,0,0,N,,N,
07:34,HISARMETAL,19322,153.94,1.8,1.8,,38.33,5.0,NORMAL,Y,0,0,8.993519375743945,0.0,8.0,1.5,0,0,0,0,0,0,0,0,N,,N,
07:34,NAUKRI,13751,1366.9,1.78,1.78,,39.2,5.0,NORMAL,Y,0,0,8.8979895755771,0.0,8.0,1.5,0,0,0,0,0,0,0,0,N,,N,
07:34,GOCLCORP,3963,404.0,1.74,1.74,,45.68,5.0,NORMAL,N,0,0,8.687987912364616,0.0,8.0,1.5,0,0,0,0,0,0,0,0,N,,N,
07:34,PIXTRANS,9087,1947.9,2.69,2.69,,39.31,5.0,NORMAL,Y,0,0,13.470054829186035,0.0,8.0,1.5,0,0,0,0,0,0,0,0,N,,N,
07:34,LUXIND,11301,1208.2,1.69,1.69,,40.82,5.0,NORMAL,N,0,0,8.458883932328987,0.0,8.0,1.5,0,0,0,0,0,0,0,0,N,,N,
07:34,GOCOLORS,6964,333.0,1.68,1.68,,31.94,5.0,NORMAL,Y,0,0,8.396946564885496,0.0,8.0,1.5,0,0,0,0,0,0,0,0,Y,NONRESULTS,N,
07:34,ZENITHEXPO,4176,208.63,-3.08,-3.08,,35.48,23.5,NORMAL,N,0,0,0.0,15.0,8.0,1.5,0,0,0,0,0,0,0,0,N,,N,
07:34,VOLTAS,3718,1267.3,-4.03,-4.03,,11.5,33.35,NORMAL,N,0,0,0.0,15.0,8.0,1.5,0,0,0,0,0,0,0,0,N,,N,
07:34,J&KBANK,5633,148.66,-4.39,-4.39,,11.52,34.21,NORMAL,N,0,0,0.0,15.0,8.0,1.5,0,0,0,0,0,0,0,0,N,,N,
07:34,VERANDA,8890,233.85,-4.9,-4.9,,27.13,20.0,NORMAL,N,0,0,0.0,15.0,8.0,1.5,0,0,0,0,0,0,0,0,N,,Y,NONRESULTS
07:34,SHIVALIK,7026,254.6,-5.0,-5.0,,11.5,27.0,NORMAL,Y,0,0,0.0,15.0,8.0,1.5,0,0,0,0,0,0,0,0,N,,N,
07:34,SCHNEIDER,31234,1219.7,-10.92,-10.92,,18.5,24.44,NORMAL,N,0,0,0.0,15.0,8.0,1.5,0,0,0,0,0,0,0,0,Y,NONRESULTS,N,
07:34,GODREJIND,10925,1215.8,-2.93,-2.93,,11.5,29.51,NORMAL,N,0,0,0.0,14.65069860279443,8.0,1.5,0,0,0,0,0,0,0,0,N,,N,
07:34,SAMHI,18614,158.7,-2.86,-2.86,,15.17,26.29,NORMAL,N,0,0,0.0,14.292709799840901,8.0,1.5,0,0,0,0,0,0,0,0,N,,N,
07:34,EXICOM,22947,147.54,-2.8,-2.8,,14.62,26.0,NORMAL,N,0,0,0.0,13.999604717043285,8.0,1.5,0,0,0,0,0,0,0,0,N,,N,
07:34,INOXGREEN,12188,182.04,-2.69,-2.69,,11.5,29.52,NORMAL,N,0,0,0.0,13.444165285721926,8.0,1.5,0,0,0,0,0,0,0,0,N,,N,
07:34,HALDER,760715,294.89,-2.32,-2.32,,11.99,41.61,NORMAL,Y,0,0,0.0,11.609804571050002,8.0,1.5,0,0,0,0,0,0,0,0,N,,N,
07:34,TEJASNET,21131,526.15,-2.29,-2.29,,22.51,16.47,NORMAL,N,0,0,0.0,11.467038068709401,8.0,1.5,0,0,0,0,0,0,0,0,N,,N,
07:34,BLS,17279,271.85,-2.25,-2.25,,11.5,41.86,NORMAL,Y,0,0,0.0,11.272112757083242,8.0,1.5,0,0,0,0,0,0,0,0,N,,N,
07:34,SAREGAMA,4892,515.5,-2.24,-2.24,,11.5,24.66,NORMAL,N,0,0,0.0,11.189076427081316,8.0,1.5,0,0,0,0,0,0,0,0,N,,N,
07:34,SESHAPAPER,3066,227.0,-2.17,-2.17,,11.5,22.95,NORMAL,N,0,0,0.0,10.860196517841734,8.0,1.5,0,0,0,0,0,0,0,0,N,,N,
07:34,INFY,1594,1144.0,-2.16,-2.16,,16.71,19.28,NORMAL,N,0,0,0.0,10.776599384194338,8.0,1.5,0,0,0,0,0,0,0,0,N,,N,
07:34,YUKEN,5501,835.0,-2.13,-2.13,,11.5,25.12,NORMAL,Y,0,0,0.0,10.665729020159427,8.0,1.5,0,0,0,0,0,0,0,0,N,,N,
07:34,SARDAEN,17758,520.0,-2.1,-2.1,,12.88,22.5,NORMAL,Y,0,0,0.0,10.496093382283702,8.0,1.5,0,0,0,0,0,0,0,0,N,,N,
07:34,HCLTECH,7229,1331.7,-2.08,-2.08,,11.5,24.28,NORMAL,Y,0,0,0.0,10.404411764705866,8.0,1.5,0,0,0,0,0,0,0,0,N,,N,
07:34,TIPSMUSIC,9117,657.0,-2.07,-2.07,,17.69,18.86,NORMAL,N,0,0,0.0,10.359218959606483,8.0,1.5,0,0,0,0,0,0,0,0,N,,N,
07:34,EPACKPEB,759251,225.1,-2.0,-2.0,,22.2,22.01,NORMAL,N,0,0,0.0,10.013060513713528,8.0,1.5,0,0,0,0,0,0,0,0,N,,N,
07:34,GUJGASLTD,10599,277.3,-2.0,-2.0,,18.59,16.19,NORMAL,Y,0,0,0.0,9.984096130058274,8.0,1.5,0,0,0,0,0,0,0,0,N,,N,
07:34,OMNI,760865,567.5,-1.99,-1.99,,15.58,21.93,NORMAL,N,0,0,0.0,9.93091537132988,8.0,1.5,0,0,0,0,0,0,0,0,N,,N,
07:34,LGEINDIA,760213,1678.3,-2.97,-2.97,,12.99,26.86,NORMAL,Y,0,0,0.0,14.858067873041595,8.0,1.5,0,0,0,0,0,0,0,0,N,,N,
07:34,THYROCARE,17032,611.95,-1.94,-1.94,,11.57,21.86,NORMAL,Y,0,0,0.0,9.694735998717979,8.0,1.5,0,0,0,0,0,0,0,0,N,,N,
07:34,SHILPAMED,17752,807.25,-1.79,-1.79,,11.5,26.35,NORMAL,Y,0,0,0.0,8.972019464720194,8.0,1.5,0,0,0,0,0,0,0,0,N,,N,
07:34,TATAINVEST,1621,655.7,-1.74,-1.74,,17.54,17.19,NORMAL,N,0,0,0.0,8.691742844297849,8.0,1.5,0,0,0,0,0,0,0,0,N,,N,
07:34,ITC,1660,273.5,-1.69,-1.69,,12.18,20.45,NORMAL,N,0,0,0.0,8.447160316319174,8.0,1.5,0,0,0,0,0,0,0,0,N,,N,
07:34,APLLTD,25328,817.45,-1.66,-1.66,,11.5,21.56,NORMAL,N,0,0,0.0,8.30075187969922,8.0,1.5,0,0,0,0,0,0,0,0,N,,N,
07:34,CIPLA,694,1427.2,-1.57,-1.57,,11.5,20.59,NORMAL,N,0,0,0.0,7.862068965517225,8.0,1.5,0,0,0,0,0,0,0,0,N,,N,
07:34,RHIM,31163,373.95,-1.55,-1.55,,11.5,22.16,NORMAL,N,0,0,0.0,7.766223509280023,8.0,1.5,0,0,0,0,0,0,0,0,N,,N,
07:34,UNICHEMLAB,3579,531.9,-1.54,-1.54,,15.26,19.68,NORMAL,N,0,0,0.0,7.682339874120759,8.0,1.5,0,0,0,0,0,0,0,0,N,,N,
07:34,AIIL,23553,556.3,-1.52,-1.52,,22.43,16.11,NORMAL,N,0,0,0.0,7.611966719773432,8.0,1.5,0,0,0,0,0,0,0,0,N,,N,
07:34,HUDCO,20825,187.13,-1.51,-1.51,,15.19,21.2,NORMAL,N,0,0,0.0,7.526711932206994,8.0,1.5,0,0,0,0,0,0,0,0,N,,N,
07:34,INDIANB,14309,881.55,-1.5,-1.5,,23.59,12.49,NORMAL,Y,0,0,0.0,7.4864517570814515,8.0,1.5,0,0,0,0,0,0,0,0,N,,N,
07:34,SANGAMIND,4184,592.1,-1.48,-1.48,,15.61,15.9,NORMAL,N,0,0,0.0,7.404326123128101,8.0,1.5,0,0,0,0,0,0,0,0,N,,N,
07:34,XCHANGING,11705,62.3,-2.47,-2.47,,28.76,17.37,NORMAL,N,0,0,0.0,12.366938008766477,8.0,1.5,0,0,0,0,0,0,0,0,N,,N,
07:34,BSOFT,6994,307.55,-1.44,-1.44,,25.48,15.71,NORMAL,N,0,0,0.0,7.210382951450087,8.0,1.5,0,0,0,0,0,0,0,0,N,,N,
07:35,SHYAMMETL,4693,985.2,-1.44,-1.44,,11.59,19.57,NORMAL,N,0,0,0.0,7.202881152460972,8.0,1.5,0,0,0,0,0,0,0,0,N,,N,
07:35,ENGINERSIN,4907,240.19,-1.43,-1.43,,11.5,22.21,NORMAL,Y,0,0,0.0,7.1610308601444705,8.0,1.5,0,0,0,0,0,0,0,0,N,,N,
07:35,NESTLEIND,17963,1478.0,-1.41,-1.41,,11.5,22.79,NORMAL,N,0,0,0.0,7.037555866853415,8.0,1.5,0,0,0,0,0,0,0,0,N,,N,
07:35,360ONE,13061,1163.6,-1.39,-1.39,,18.64,18.35,NORMAL,Y,0,0,0.0,6.949152542372921,8.0,1.5,0,0,0,0,0,0,0,0,N,,N,
07:35,ABMKNO,762528,197.0,-1.39,-1.39,,11.5,18.93,NORMAL,Y,0,0,0.0,6.93297291885671,8.0,1.5,0,0,0,0,0,0,0,0,N,,N,
07:35,KEC,13260,433.85,-1.38,-1.38,,11.5,19.62,NORMAL,N,0,0,0.0,6.876562855194312,8.0,1.5,0,0,0,0,0,0,0,0,N,,N,
07:35,HEXT,29666,562.05,-1.37,-1.37,,11.86,18.88,NORMAL,N,0,0,0.0,6.843906291129303,8.0,1.5,0,0,0,0,0,0,0,0,N,,N,
07:35,KSB,1949,790.4,-1.35,-1.35,,15.0,17.02,NORMAL,N,0,0,0.0,6.770670826833087,8.0,1.5,0,0,0,0,0,0,0,0,N,,N,
07:35,SCI,3048,288.3,-1.35,-1.35,,13.6,18.76,NORMAL,N,0,0,0.0,6.757912745936678,8.0,1.5,0,0,0,0,0,0,0,0,N,,N,
07:35,SIS,21501,423.85,-1.35,-1.35,,11.83,20.23,NORMAL,N,0,0,0.0,6.749679972070237,8.0,1.5,0,0,0,0,0,0,0,0,N,,N,
07:35,HGINFRA,1672,516.7,-1.35,-1.35,,18.01,15.42,NORMAL,N,0,0,0.0,6.730310262529789,8.0,1.5,0,0,0,0,0,0,0,0,N,,N,
07:35,TMCV,759782,468.0,-1.33,-1.33,,11.72,18.64,NORMAL,Y,0,0,0.0,6.641366223908931,8.0,1.5,0,0,0,0,0,0,0,0,N,,N,
07:35,FINCABLES,1038,1312.65,5.07,5.07,,33.5,7.48,NORMAL,Y,0,0,15.0,0.0,8.0,1.5,0,0,0,0,0,0,0,0,N,,N,
07:35,BALRAMCHIN,341,653.7,4.62,4.62,,35.4,5.0,NORMAL,Y,0,0,15.0,0.0,8.0,1.5,0,0,0,0,0,0,0,0,N,,N,
07:35,GNFC,1174,583.25,2.51,2.51,,28.97,12.0,NORMAL,Y,0,0,12.567009403286717,0.0,8.0,1.5,0,0,0,0,0,0,0,0,N,,N,
07:35,KFINTECH,13359,963.0,2.45,2.45,,32.9,5.0,NORMAL,Y,0,0,12.23404255319149,0.0,8.0,1.5,0,0,0,0,0,0,0,0,N,,N,
07:35,EIDPARRY,916,793.7,2.39,2.39,,38.73,5.0,NORMAL,Y,0,0,11.932404540763674,0.0,8.0,1.5,0,0,0,0,0,0,0,0,N,,N,
07:49,TRIVENI,13081,281.29,12.59,12.59,,30.45,19.79,NORMAL,Y,0,0,15.0,0.0,8.0,1.5,0,0,0,0,0,0,0,0,N,,N,
07:49,MOTILALOFS,14947,952.95,6.18,6.18,,37.71,5.0,NORMAL,Y,0,0,15.0,0.0,8.0,1.5,0,0,0,0,0,0,0,0,N,,N,
07:49,PURVA,14922,230.82,5.93,5.93,,26.5,22.29,NORMAL,Y,0,0,15.0,0.0,8.0,1.5,0,0,0,0,0,0,0,0,N,,N,
07:49,FINCABLES,1038,1312.3,5.04,5.04,,33.5,14.65,NORMAL,Y,0,0,15.0,0.0,8.0,1.5,0,0,0,0,0,0,0,0,N,,N,
07:49,JYOTHYLAB,15146,209.14,4.58,4.58,,52.95,5.0,NORMAL,Y,0,0,15.0,0.0,8.0,1.5,0,0,0,0,0,0,0,0,N,,N,
07:49,EBGNG,757862,588.9,4.19,4.19,,33.55,10.96,NORMAL,Y,0,0,15.0,0.0,8.0,1.5,0,0,0,0,0,0,0,0,N,,N,
07:49,HINDCOPPER,17939,566.9,4.12,4.12,,40.1,5.0,NORMAL,Y,0,0,15.0,0.0,8.0,1.5,0,0,0,0,0,0,0,0,N,,N,
07:49,BALRAMCHIN,341,650.05,4.03,4.03,,33.5,11.98,NORMAL,Y,0,0,15.0,0.0,8.0,1.5,0,0,0,0,0,0,0,0,N,,N,
07:49,SOUTHWEST,9678,228.55,3.77,3.77,,50.2,5.0,NORMAL,N,0,0,15.0,0.0,8.0,1.5,0,0,0,0,0,0,0,0,N,,N,
07:49,NARMADA,6364,389.05,3.47,3.47,,35.65,5.0,NORMAL,Y,0,0,15.0,0.0,8.0,1.5,0,0,0,0,0,0,0,0,N,,N,
07:49,NELCO,2388,1083.5,3.44,3.44,,26.5,15.21,NORMAL,Y,0,0,15.0,0.0,8.0,1.5,0,0,0,0,0,0,0,0,N,,N,
07:49,BECTORFOOD,1628,248.15,3.24,3.24,,34.61,5.08,NORMAL,Y,0,0,15.0,0.0,8.0,1.5,0,0,0,0,0,0,0,0,N,,N,
07:49,MIDHANI,2463,430.0,3.19,3.19,,30.0,17.26,NORMAL,Y,0,0,15.0,0.0,8.0,1.5,0,0,0,0,0,0,0,0,N,,N,
07:49,PSPPROJECT,20877,948.0,2.78,2.78,,37.43,5.0,NORMAL,N,0,0,13.87684301821337,0.0,8.0,1.5,0,0,0,0,0,0,0,0,N,,N,
07:49,ANGELONE,324,295.15,2.73,2.73,,48.39,5.0,NORMAL,Y,0,0,13.661677688826952,0.0,8.0,1.5,0,0,0,0,0,0,0,0,N,,N,
07:49,BHEL,438,433.0,2.68,2.68,,46.0,5.0,NORMAL,Y,0,0,13.39815034384635,0.0,8.0,1.5,0,0,0,0,0,0,0,0,N,,N,
07:49,MSTCLTD,9356,640.0,2.66,2.66,,25.08,13.4,NORMAL,Y,0,0,13.314084055181283,0.0,8.0,1.5,0,0,0,0,0,0,0,0,N,,N,
07:49,NAM-INDIA,357,1198.8,2.65,2.65,,38.22,5.0,NORMAL,Y,0,0,13.228872334960124,0.0,8.0,1.5,0,0,0,0,0,0,0,0,N,,N,
07:49,GNFC,1174,583.5,2.56,2.56,,25.27,12.0,NORMAL,Y,0,0,12.786712364882638,0.0,8.0,1.5,0,0,0,0,0,0,0,0,N,,N,
07:49,KRBL,10577,396.25,2.55,2.55,,36.54,5.0,NORMAL,Y,0,0,12.745859213250549,0.0,8.0,1.5,0,0,0,0,0,0,0,0,N,,N,
07:49,KFINTECH,13359,963.55,2.51,2.51,,35.1,5.0,NORMAL,Y,0,0,12.526595744680826,0.0,8.0,1.5,0,0,0,0,0,0,0,0,N,,N,
07:49,JAINREC,759244,300.7,2.49,2.49,,41.64,5.0,NORMAL,N,0,0,12.440354464894364,0.0,8.0,1.5,0,0,0,0,0,0,0,0,N,,N,
07:49,EMSLIMITED,18593,371.6,2.45,2.45,,30.77,23.85,NORMAL,N,0,0,12.269092914254253,0.0,8.0,1.5,0,0,0,0,0,0,0,0,N,,N,
07:49,LTF,24948,313.7,2.42,2.42,,39.14,5.0,NORMAL,Y,0,0,12.079660463597742,0.0,8.0,1.5,0,0,0,0,0,0,0,0,N,,N,
07:49,KNRCON,15283,135.6,2.39,2.39,,49.72,5.0,NORMAL,Y,0,0,11.968587178131797,0.0,8.0,1.5,0,0,0,0,0,0,0,0,N,,N,
07:49,ELGIEQUIP,937,624.0,2.38,2.38,,30.56,5.21,NORMAL,Y,0,0,11.894995898277276,0.0,8.0,1.5,0,0,0,0,0,0,0,0,N,,N,
07:49,APCL,20453,106.0,2.37,2.37,,30.45,12.0,NORMAL,Y,0,0,11.830033800096587,0.0,8.0,1.5,0,0,0,0,0,0,0,0,N,,N,
07:49,GPIL,13409,240.86,2.31,2.31,,47.64,5.0,NORMAL,Y,0,0,11.532090217899178,0.0,8.0,1.5,0,0,0,0,0,0,0,0,N,,N,
07:49,SONACOMS,4684,810.25,2.3,2.3,,30.02,6.48,NORMAL,Y,0,0,11.521464646464645,0.0,8.0,1.5,0,0,0,0,0,0,0,0,N,,N,
07:49,MRPL,2283,174.39,2.26,2.26,,30.12,5.64,NORMAL,Y,0,0,11.287674445877784,0.0,8.0,1.5,0,0,0,0,0,0,0,0,N,,N,
07:49,EIDPARRY,916,792.5,2.23,2.23,,33.48,5.0,NORMAL,Y,0,0,11.158410732714108,0.0,8.0,1.5,0,0,0,0,0,0,0,0,N,,N,
07:49,LUXIND,11301,1214.1,2.19,2.19,,44.18,5.0,NORMAL,N,0,0,10.941839912465284,0.0,8.0,1.5,0,0,0,0,0,0,0,0,N,,N,
07:49,MONTECARLO,5938,519.5,2.18,2.18,,26.02,9.32,NORMAL,Y,0,0,10.916601101494908,0.0,8.0,1.5,0,0,0,0,0,0,0,0,N,,N,
07:49,AEGISLOG,40,1292.5,2.14,2.14,,29.31,9.45,NORMAL,N,0,0,10.708076497550145,0.0,8.0,1.5,0,0,0,0,0,0,0,0,N,,N,
07:49,RUBICON,759316,1779.1,9.77,9.77,,34.19,5.0,NORMAL,Y,0,0,15.0,0.0,8.0,1.5,0,0,0,0,0,0,0,0,N,,N,
07:49,MOREPENLAB,2259,88.19,4.75,4.75,,33.5,15.09,NORMAL,Y,0,0,15.0,0.0,8.0,1.5,0,0,0,0,0,0,0,0,N,,N,
07:49,INOXWIND,7852,76.95,4.45,4.45,,41.37,5.0,NORMAL,Y,0,0,15.0,0.0,8.0,1.5,0,0,0,0,0,0,0,0,N,,N,
07:49,OBEROIRLTY,20242,1925.8,4.32,4.32,,33.5,12.15,NORMAL,Y,0,0,15.0,0.0,8.0,1.5,0,0,0,0,0,0,0,0,N,,N,
07:49,TDPOWERSYS,25178,1548.7,4.32,4.32,,34.3,5.0,NORMAL,Y,0,0,15.0,0.0,8.0,1.5,0,0,0,0,0,0,0,0,N,,Y,NONRESULTS
07:49,ENDURANCE,18822,3022.0,4.24,4.24,,33.5,6.17,NORMAL,Y,0,0,15.0,0.0,8.0,1.5,0,0,0,0,0,0,0,0,N,,N,
07:49,PIXTRANS,9087,1960.8,3.37,3.37,,43.67,5.0,NORMAL,Y,0,0,15.0,0.0,8.0,1.5,0,0,0,0,0,0,0,0,N,,N,
07:49,IFCI,1491,79.41,3.21,3.21,,35.43,5.0,NORMAL,Y,0,0,15.0,0.0,8.0,1.5,0,0,0,0,0,0,0,0,N,,N,
07:49,LXCHEM,2841,179.49,1.95,1.95,,46.87,5.0,NORMAL,Y,0,0,9.76995171826185,0.0,8.0,1.5,0,0,0,0,0,0,0,0,N,,N,
07:49,NUCLEUS,10791,717.6,1.95,1.95,,28.63,10.25,NORMAL,Y,0,0,9.731495951129453,0.0,8.0,1.5,0,0,0,0,0,0,0,0,N,,N,
07:49,UNOMINDA,14154,1263.9,1.93,1.93,,28.14,18.1,NORMAL,Y,0,0,9.637096774193585,0.0,8.0,1.5,0,0,0,0,0,0,0,0,Y,NONRESULTS,N,
07:49,ROLEXRINGS,5279,179.68,1.92,1.92,,24.59,9.55,NORMAL,Y,0,0,9.585933068632999,0.0,8.0,1.5,0,0,0,0,0,0,0,0,N,,N,
07:49,KPRMILL,14912,1131.0,1.89,1.89,,29.87,5.08,NORMAL,Y,0,0,9.459459459459461,0.0,8.0,1.5,0,0,0,0,0,0,0,0,N,,N,
07:49,HINDALCO,1363,1048.4,1.84,1.84,,30.87,5.0,NORMAL,Y,0,0,9.179213210296306,0.0,8.0,1.5,0,0,0,0,0,0,0,0,N,,N,
07:49,DEEPAKNTR,19943,1772.0,2.83,2.83,,51.32,5.0,NORMAL,Y,0,0,14.159702878365817,0.0,8.0,1.5,0,0,0,0,0,0,0,0,N,,N,
07:49,HISARMETAL,19322,153.94,1.8,1.8,,31.77,5.0,NORMAL,Y,0,0,8.993519375743945,0.0,8.0,1.5,0,0,0,0,0,0,0,0,N,,N,
07:49,ZENITHEXPO,4176,208.63,-3.08,-3.08,,24.02,23.5,NORMAL,N,0,0,0.0,15.0,8.0,1.5,0,0,0,0,0,0,0,0,N,,N,
07:49,GODREJIND,10925,1212.3,-3.21,-3.21,,11.5,30.12,NORMAL,N,0,0,0.0,15.0,8.0,1.5,0,0,0,0,0,0,0,0,N,,N,
07:49,HALDER,760715,291.8,-3.35,-3.35,,11.5,31.18,NORMAL,Y,0,0,0.0,15.0,8.0,1.5,0,0,0,0,0,0,0,0,N,,N,
07:49,VOLTAS,3718,1271.8,-3.69,-3.69,,11.78,27.63,NORMAL,N,0,0,0.0,15.0,8.0,1.5,0,0,0,0,0,0,0,0,N,,N,
07:49,J&KBANK,5633,148.69,-4.37,-4.37,,11.77,27.03,NORMAL,N,0,0,0.0,15.0,8.0,1.5,0,0,0,0,0,0,0,0,N,,N,
07:49,SHIVALIK,7026,254.6,-5.0,-5.0,,11.5,27.0,NORMAL,Y,0,0,0.0,15.0,8.0,1.5,0,0,0,0,0,0,0,0,N,,N,
07:49,VERANDA,8890,233.1,-5.21,-5.21,,18.66,29.13,NORMAL,N,0,0,0.0,15.0,8.0,1.5,0,0,0,0,0,0,0,0,N,,Y,NONRESULTS
07:49,SCHNEIDER,31234,1219.1,-10.96,-10.96,,18.5,30.05,NORMAL,N,0,0,0.0,15.0,8.0,1.5,0,0,0,0,0,0,0,0,Y,NONRESULTS,N,
07:49,EXICOM,22947,147.41,-2.89,-2.89,,11.5,36.36,NORMAL,N,0,0,0.0,14.427827920152826,8.0,1.5,0,0,0,0,0,0,0,0,N,,N,
07:49,SAMHI,18614,158.7,-2.86,-2.86,,11.58,28.93,NORMAL,N,0,0,0.0,14.292709799840901,8.0,1.5,0,0,0,0,0,0,0,0,N,,N,
07:49,INOXGREEN,12188,181.98,-2.72,-2.72,,11.5,35.39,NORMAL,N,0,0,0.0,13.604533062489988,8.0,1.5,0,0,0,0,0,0,0,0,N,,N,
07:49,SESHAPAPER,3066,226.48,-2.4,-2.4,,11.5,26.42,NORMAL,N,0,0,0.0,11.980692983968288,8.0,1.5,0,0,0,0,0,0,0,0,N,,N,
07:49,TEJASNET,21131,525.75,-2.37,-2.37,,18.58,19.27,NORMAL,N,0,0,0.0,11.838440111420612,8.0,1.5,0,0,0,0,0,0,0,0,N,,N,
07:49,SHILPAMED,17752,804.1,-2.18,-2.18,,17.04,23.22,NORMAL,Y,0,0,0.0,10.888077858880765,8.0,1.5,0,0,0,0,0,0,0,0,N,,N,
07:49,EPACKPEB,759251,224.75,-2.15,-2.15,,11.5,23.11,NORMAL,N,0,0,0.0,10.77492381366998,8.0,1.5,0,0,0,0,0,0,0,0,N,,N,
07:49,TIPSMUSIC,9117,656.65,-2.12,-2.12,,15.0,23.49,NORMAL,N,0,0,0.0,10.620062602474288,8.0,1.5,0,0,0,0,0,0,0,0,N,,N,
07:49,INFY,1594,1144.6,-2.1,-2.1,,18.09,19.02,NORMAL,N,0,0,0.0,10.520013684570703,8.0,1.5,0,0,0,0,0,0,0,0,N,,N,
07:49,HCLTECH,7229,1332.1,-2.05,-2.05,,11.5,25.91,NORMAL,Y,0,0,0.0,10.257352941176503,8.0,1.5,0,0,0,0,0,0,0,0,N,,N,
07:49,LGEINDIA,760213,1676.2,-3.09,-3.09,,12.55,27.16,NORMAL,Y,0,0,0.0,15.0,8.0,1.5,0,0,0,0,0,0,0,0,N,,N,
07:49,OMNI,760865,567.7,-1.95,-1.95,,13.29,21.83,NORMAL,N,0,0,0.0,9.758203799654536,8.0,1.5,0,0,0,0,0,0,0,0,N,,N,
07:49,YUKEN,5501,837.0,-1.9,-1.9,,13.81,21.49,NORMAL,Y,0,0,0.0,9.493670886075975,8.0,1.5,0,0,0,0,0,0,0,0,N,,N,
07:49,SIS,21501,421.5,-1.9,-1.9,,11.5,24.52,NORMAL,N,0,0,0.0,9.48446409868495,8.0,1.5,0,0,0,0,0,0,0,0,N,,N,
07:49,GUJGASLTD,10599,277.65,-1.87,-1.87,,18.69,15.5,NORMAL,Y,0,0,0.0,9.365612298992776,8.0,1.5,0,0,0,0,0,0,0,0,N,,N,
07:49,THYROCARE,17032,612.7,-1.82,-1.82,,12.77,21.09,NORMAL,Y,0,0,0.0,9.093822610367686,8.0,1.5,0,0,0,0,0,0,0,0,N,,N,
07:49,SARDAEN,17758,521.85,-1.75,-1.75,,21.4,20.75,NORMAL,Y,0,0,0.0,8.754589099124498,8.0,1.5,0,0,0,0,0,0,0,0,N,,N,
07:49,BLS,17279,273.26,-1.75,-1.75,,17.17,20.74,NORMAL,Y,0,0,0.0,8.737235725586103,8.0,1.5,0,0,0,0,0,0,0,0,N,,N,
07:49,TATAINVEST,1621,655.8,-1.72,-1.72,,17.37,17.12,NORMAL,N,0,0,0.0,8.616814026674659,8.0,1.5,0,0,0,0,0,0,0,0,N,,N,
07:49,ITC,1660,273.5,-1.69,-1.69,,11.86,20.45,NORMAL,N,0,0,0.0,8.447160316319174,8.0,1.5,0,0,0,0,0,0,0,0,N,,N,
07:49,UNICHEMLAB,3579,531.25,-1.66,-1.66,,11.5,23.54,NORMAL,N,0,0,0.0,8.283968900407297,8.0,1.5,0,0,0,0,0,0,0,0,N,,N,
07:49,RHIM,31163,373.6,-1.65,-1.65,,11.79,21.67,NORMAL,N,0,0,0.0,8.2269316835593,8.0,1.5,0,0,0,0,0,0,0,0,N,,N,
07:49,HUDCO,20825,186.95,-1.6,-1.6,,16.29,16.5,NORMAL,N,0,0,0.0,8.000421074793463,8.0,1.5,0,0,0,0,0,0,0,0,N,,N,
07:49,CIPLA,694,1427.1,-1.58,-1.58,,11.5,21.02,NORMAL,N,0,0,0.0,7.896551724137964,8.0,1.5,0,0,0,0,0,0,0,0,N,,N,
07:49,WSTCSTPAPR,3799,602.0,-1.53,-1.53,,11.5,25.53,NORMAL,Y,0,0,0.0,7.647010713993637,8.0,1.5,0,0,0,0,0,0,0,0,N,,N,
07:49,SAREGAMA,4892,519.25,-1.53,-1.53,,17.7,19.63,NORMAL,N,0,0,0.0,7.633225867627493,8.0,1.5,0,0,0,0,0,0,0,0,N,,N,
07:49,SANGAMIND,4184,592.0,-1.5,-1.5,,15.27,16.0,NORMAL,N,0,0,0.0,7.487520798668886,8.0,1.5,0,0,0,0,0,0,0,0,N,,N,
07:49,NESTLEIND,17963,1476.7,-1.49,-1.49,,11.5,20.55,NORMAL,N,0,0,0.0,7.47114935628039,8.0,1.5,0,0,0,0,0,0,0,0,N,,N,
07:49,GLAND,1186,2896.5,-2.48,-2.48,,11.5,32.64,NORMAL,Y,0,0,0.0,12.40657194801694,8.0,1.5,0,0,0,0,0,0,0,0,N,,N,
07:49,ENGINERSIN,4907,240.19,-1.43,-1.43,,12.29,19.16,NORMAL,Y,0,0,0.0,7.1610308601444705,8.0,1.5,0,0,0,0,0,0,0,0,N,,N,
07:49,APLLTD,25328,819.5,-1.41,-1.41,,15.92,15.57,NORMAL,N,0,0,0.0,7.067669172932331,8.0,1.5,0,0,0,0,0,0,0,0,N,,N,
07:49,BIOCON,11373,411.15,-1.4,-1.4,,15.0,20.61,NORMAL,N,0,0,0.0,7.0143884892086605,8.0,1.5,0,0,0,0,0,0,0,0,N,,N,
07:49,XCHANGING,11705,62.35,-2.4,-2.4,,20.5,16.98,NORMAL,N,0,0,0.0,11.975579211020671,8.0,1.5,0,0,0,0,0,0,0,0,N,,N,
07:49,KSB,1949,790.3,-1.37,-1.37,,18.43,15.33,NORMAL,N,0,0,0.0,6.833073322932945,8.0,1.5,0,0,0,0,0,0,0,0,N,,N,
07:49,SCI,3048,288.3,-1.35,-1.35,,11.5,19.46,NORMAL,N,0,0,0.0,6.757912745936678,8.0,1.5,0,0,0,0,0,0,0,0,N,,N,
07:49,AIIL,23553,557.35,-1.34,-1.34,,17.49,15.18,NORMAL,N,0,0,0.0,6.682598690033594,8.0,1.5,0,0,0,0,0,0,0,0,N,,N,
07:49,SHYAMMETL,4693,986.5,-1.31,-1.31,,16.68,18.55,NORMAL,N,0,0,0.0,6.552621048419378,8.0,1.5,0,0,0,0,0,0,0,0,N,,N,
07:49,RUPA,25724,149.11,-1.28,-1.28,,11.68,20.67,NORMAL,N,0,0,0.0,6.421714664018529,8.0,1.5,0,0,0,0,0,0,0,0,N,,N,
07:49,HEXT,29666,562.6,-1.27,-1.27,,11.89,18.36,NORMAL,N,0,0,0.0,6.361323155216285,8.0,1.5,0,0,0,0,0,0,0,0,N,,N,
07:49,TMCV,759782,468.3,-1.27,-1.27,,11.55,20.1,NORMAL,Y,0,0,0.0,6.325110689437065,8.0,1.5,0,0,0,0,0,0,0,0,N,,N,
07:49,MAXHEALTH,22377,996.2,-1.23,-1.23,,14.48,18.27,NORMAL,N,0,0,0.0,6.147134642078116,8.0,1.5,0,0,0,0,0,0,0,0,N,,N,
07:49,INDIANB,14309,884.0,-1.22,-1.22,,24.47,11.12,NORMAL,Y,0,0,0.0,6.117660204480723,8.0,1.5,0,0,0,0,0,0,0,0,N,,N,
07:49,FINCABLES,1038,1312.3,5.04,5.04,,33.5,18.8,NORMAL,Y,0,0,15.0,0.0,8.0,1.5,0,0,0,0,0,0,0,0,N,,N,
07:49,NELCO,2388,1083.5,3.44,3.44,,26.5,15.21,NORMAL,Y,0,0,15.0,0.0,8.0,1.5,0,0,0,0,0,0,0,0,N,,N,
07:49,ANGELONE,324,295.15,2.73,2.73,,46.75,5.0,NORMAL,Y,0,0,13.661677688826952,0.0,8.0,1.5,0,0,0,0,0,0,0,0,N,,N,
07:49,KRBL,10577,396.25,2.55,2.55,,40.6,5.0,NORMAL,Y,0,0,12.745859213250549,0.0,8.0,1.5,0,0,0,0,0,0,0,0,N,,N,
07:49,LTF,24948,313.7,2.42,2.42,,40.16,5.0,NORMAL,Y,0,0,12.079660463597742,0.0,8.0,1.5,0,0,0,0,0,0,0,0,N,,N,
08:04,TRIVENI,13081,280.51,12.28,12.28,,30.0,15.06,NORMAL,Y,0,0,15.0,0.0,8.0,1.5,0,0,0,0,0,0,0,0,N,,N,
08:04,MOTILALOFS,14947,955.2,6.43,6.43,,34.75,5.0,NORMAL,Y,0,0,15.0,0.0,8.0,1.5,0,0,0,0,0,0,0,0,N,,N,
08:04,PURVA,14922,230.52,5.8,5.8,,26.5,12.26,NORMAL,Y,0,0,15.0,0.0,8.0,1.5,0,0,0,0,0,0,0,0,N,,N,
08:04,JYOTHYLAB,15146,210.6,5.31,5.31,,33.5,7.06,NORMAL,Y,0,0,15.0,0.0,8.0,1.5,0,0,0,0,0,0,0,0,N,,N,
08:04,FINCABLES,1038,1308.15,4.92,4.92,,33.5,7.29,NORMAL,Y,0,0,15.0,0.0,8.0,1.5,0,0,0,0,0,0,0,0,N,,N,
08:04,HINDCOPPER,17939,568.45,4.41,4.41,,33.97,5.35,NORMAL,Y,0,0,15.0,0.0,8.0,1.5,0,0,0,0,0,0,0,0,N,,N,
08:04,EBGNG,757862,587.0,3.86,3.86,,33.5,6.86,NORMAL,Y,0,0,15.0,0.0,8.0,1.5,0,0,0,0,0,0,0,0,N,,N,
08:04,NELCO,2388,1085.0,3.58,3.58,,30.05,12.0,NORMAL,Y,0,0,15.0,0.0,8.0,1.5,0,0,0,0,0,0,0,0,N,,N,
08:04,NARMADA,6364,389.4,3.56,3.56,,33.9,5.0,NORMAL,Y,0,0,15.0,0.0,8.0,1.5,0,0,0,0,0,0,0,0,N,,N,
08:04,BALRAMCHIN,341,647.0,3.54,3.54,,33.5,15.96,NORMAL,Y,0,0,15.0,0.0,8.0,1.5,0,0,0,0,0,0,0,0,N,,N,
08:04,MIDHANI,2463,430.25,3.25,3.25,,30.0,10.81,NORMAL,Y,0,0,15.0,0.0,8.0,1.5,0,0,0,0,0,0,0,0,N,,N,
08:04,BECTORFOOD,1628,247.76,3.07,3.07,,33.5,7.49,NORMAL,Y,0,0,15.0,0.0,8.0,1.5,0,0,0,0,0,0,0,0,N,,N,
08:04,SOUTHWEST,9678,226.88,3.01,3.01,,33.5,18.7,NORMAL,N,0,0,15.0,0.0,8.0,1.5,0,0,0,0,0,0,0,0,N,,N,
08:04,APCL,20453,106.53,2.88,2.88,,26.5,19.68,NORMAL,Y,0,0,14.389183969097076,0.0,8.0,1.5,0,0,0,0,0,0,0,0,N,,N,
08:04,KRBL,10577,397.1,2.77,2.77,,32.55,14.12,NORMAL,Y,0,0,13.84575569358184,0.0,8.0,1.5,0,0,0,0,0,0,0,0,N,,N,
08:04,JAINREC,759244,301.5,2.76,2.76,,40.4,5.0,NORMAL,Y,0,0,13.803680981595132,0.0,8.0,1.5,0,0,0,0,0,0,0,0,N,,N,
08:04,BHEL,438,433.25,2.74,2.74,,34.8,5.0,NORMAL,Y,0,0,13.694569599241182,0.0,8.0,1.5,0,0,0,0,0,0,0,0,N,,N,
08:04,GPIL,13409,241.64,2.64,2.64,,35.03,5.0,NORMAL,Y,0,0,13.188633564116678,0.0,8.0,1.5,0,0,0,0,0,0,0,0,N,,N,
08:04,NAM-INDIA,357,1198.5,2.62,2.62,,31.6,6.51,NORMAL,Y,0,0,13.100436681222666,0.0,8.0,1.5,0,0,0,0,0,0,0,0,N,,N,
08:04,GNFC,1174,583.75,2.6,2.6,,24.57,13.46,NORMAL,Y,0,0,13.00641532647856,0.0,8.0,1.5,0,0,0,0,0,0,0,0,N,,N,
08:04,PSPPROJECT,20877,946.0,2.56,2.56,,31.29,12.52,NORMAL,Y,0,0,12.792714657415448,0.0,8.0,1.5,0,0,0,0,0,0,0,0,N,,N,
08:04,JKIL,15266,510.2,2.52,2.52,,37.64,5.0,NORMAL,Y,0,0,12.60926353863158,0.0,8.0,1.5,0,0,0,0,0,0,0,0,N,,N,
08:04,ANGELONE,324,294.4,2.47,2.47,,30.95,5.3,NORMAL,N,0,0,12.356421858684243,0.0,8.0,1.5,0,0,0,0,0,0,0,0,N,,N,
08:04,KFINTECH,13359,962.75,2.42,2.42,,31.4,5.22,NORMAL,Y,0,0,12.101063829787236,0.0,8.0,1.5,0,0,0,0,0,0,0,0,N,,N,
08:04,LUXIND,11301,1216.7,2.41,2.41,,32.51,5.0,NORMAL,Y,0,0,12.036023903711868,0.0,8.0,1.5,0,0,0,0,0,0,0,0,N,,N,
08:04,EIDPARRY,916,793.4,2.35,2.35,,30.33,6.62,NORMAL,Y,0,0,11.738906088751243,0.0,8.0,1.5,0,0,0,0,0,0,0,0,N,,N,
08:04,LTF,24948,313.4,2.32,2.32,,30.09,9.23,NORMAL,Y,0,0,11.589944498857273,0.0,8.0,1.5,0,0,0,0,0,0,0,0,N,,N,
08:04,EMSLIMITED,18593,371.0,2.29,2.29,,36.96,5.0,NORMAL,N,0,0,11.441963054866298,0.0,8.0,1.5,0,0,0,0,0,0,0,0,N,,N,
08:04,SONACOMS,4684,809.85,2.25,2.25,,29.77,5.72,NORMAL,Y,0,0,11.268939393939409,0.0,8.0,1.5,0,0,0,0,0,0,0,0,N,,N,
08:04,ROLEXRINGS,5279,180.24,2.23,2.23,,33.18,5.0,NORMAL,Y,0,0,11.174134997163918,0.0,8.0,1.5,0,0,0,0,0,0,0,0,N,,N,
08:04,HINDALCO,1363,1052.4,2.22,2.22,,35.3,5.0,NORMAL,Y,0,0,11.121903836814031,0.0,8.0,1.5,0,0,0,0,0,0,0,0,N,,N,
08:04,MSTCLTD,9356,637.2,2.21,2.21,,22.57,19.78,NORMAL,Y,0,0,11.068334937439902,0.0,8.0,1.5,0,0,0,0,0,0,0,0,N,,N,
08:04,MONTECARLO,5938,519.45,2.17,2.17,,29.12,8.51,NORMAL,Y,0,0,10.86742722265939,0.0,8.0,1.5,0,0,0,0,0,0,0,0,N,,N,
08:04,MRPL,2283,174.2,2.15,2.15,,29.23,7.06,NORMAL,Y,0,0,10.73062038231499,0.0,8.0,1.5,0,0,0,0,0,0,0,0,N,,N,
08:04,AEGISLOG,40,1292.5,2.14,2.14,,29.21,7.16,NORMAL,N,0,0,10.708076497550145,0.0,8.0,1.5,0,0,0,0,0,0,0,0,N,,N,
08:05,CHALET,8546,842.25,2.08,2.08,,34.39,5.0,NORMAL,Y,0,0,10.392679675190871,0.0,8.0,1.5,0,0,0,0,0,0,0,0,N,,N,
08:05,RUBICON,759316,1778.2,9.72,9.72,,33.5,14.55,NORMAL,Y,0,0,15.0,0.0,8.0,1.5,0,0,0,0,0,0,0,0,N,,N,
08:05,MOREPENLAB,2259,88.58,9.51,9.51,,44.91,5.0,NORMAL,Y,0,0,15.0,0.0,8.0,1.5,0,0,0,0,0,0,0,0,N,,N,
08:05,INOXWIND,7852,77.37,4.41,4.41,,44.9,5.0,NORMAL,Y,0,0,15.0,0.0,8.0,1.5,0,0,0,0,0,0,0,0,N,,N,
08:05,TDPOWERSYS,25178,1544.8,4.05,4.05,,33.5,5.76,NORMAL,Y,0,0,15.0,0.0,8.0,1.5,0,0,0,0,0,0,0,0,N,,Y,NONRESULTS
08:05,OBEROIRLTY,20242,1918.0,3.9,3.9,,33.5,9.63,NORMAL,Y,0,0,15.0,0.0,8.0,1.5,0,0,0,0,0,0,0,0,N,,N,
08:05,ENDURANCE,18822,3010.0,3.83,3.83,,33.5,10.56,NORMAL,Y,0,0,15.0,0.0,8.0,1.5,0,0,0,0,0,0,0,0,N,,N,
08:05,PIXTRANS,9087,1961.0,3.38,3.38,,35.72,5.0,NORMAL,Y,0,0,15.0,0.0,8.0,1.5,0,0,0,0,0,0,0,0,N,,N,
08:05,DEEPAKNTR,19943,1777.0,3.12,3.12,,38.38,5.0,NORMAL,Y,0,0,15.0,0.0,8.0,1.5,0,0,0,0,0,0,0,0,N,,N,
08:05,IFCI,1491,79.31,3.08,3.08,,33.5,7.7,NORMAL,Y,0,0,15.0,0.0,8.0,1.5,0,0,0,0,0,0,0,0,N,,N,
08:05,PVRINOX,13147,1197.4,1.99,1.99,,29.57,5.0,NORMAL,Y,0,0,9.965928449744503,0.0,8.0,1.5,0,0,0,0,0,0,0,0,N,,N,
08:05,ELGIEQUIP,937,621.5,1.97,1.97,,28.34,8.0,NORMAL,Y,0,0,9.844134536505333,0.0,8.0,1.5,0,0,0,0,0,0,0,0,N,,N,
08:05,LXCHEM,2841,179.5,1.96,1.96,,30.42,5.0,NORMAL,Y,0,0,9.798352740698633,0.0,8.0,1.5,0,0,0,0,0,0,0,0,N,,N,
08:05,KNRCON,15283,135.01,1.95,1.95,,29.24,16.08,NORMAL,Y,0,0,9.740995242769705,0.0,8.0,1.5,0,0,0,0,0,0,0,0,N,,N,
08:05,KPRMILL,14912,1130.3,1.83,1.83,,27.64,6.98,NORMAL,Y,0,0,9.144144144144125,0.0,8.0,1.5,0,0,0,0,0,0,0,0,N,,N,
08:05,INOXGREEN,12188,181.43,-3.01,-3.01,,11.5,27.65,NORMAL,N,0,0,0.0,15.0,8.0,1.5,0,0,0,0,0,0,0,0,N,,N,
08:05,EXICOM,22947,147.14,-3.06,-3.06,,11.5,32.55,NORMAL,N,0,0,0.0,15.0,8.0,1.5,0,0,0,0,0,0,0,0,N,,N,
08:05,GODREJIND,10925,1213.3,-3.13,-3.13,,11.5,30.05,NORMAL,N,0,0,0.0,15.0,8.0,1.5,0,0,0,0,0,0,0,0,N,,N,
08:05,HALDER,760715,291.8,-3.35,-3.35,,11.5,45.42,NORMAL,Y,0,0,0.0,15.0,8.0,1.5,0,0,0,0,0,0,0,0,N,,N,
08:05,J&KBANK,5633,150.0,-3.52,-3.52,,28.59,20.0,NORMAL,N,0,0,0.0,15.0,8.0,1.5,0,0,0,0,0,0,0,0,N,,N,
08:05,VOLTAS,3718,1270.1,-3.82,-3.82,,11.5,28.11,NORMAL,N,0,0,0.0,15.0,8.0,1.5,0,0,0,0,0,0,0,0,N,,N,
08:05,ZENITHEXPO,4176,205.55,-4.52,-4.52,,11.5,43.89,NORMAL,N,0,0,0.0,15.0,8.0,1.5,0,0,0,0,0,0,0,0,N,,N,
08:05,SHIVALIK,7026,254.6,-5.0,-5.0,,11.5,27.0,NORMAL,Y,0,0,0.0,15.0,8.0,1.5,0,0,0,0,0,0,0,0,N,,N,
08:05,VERANDA,8890,233.35,-5.1,-5.1,,26.12,20.19,NORMAL,N,0,0,0.0,15.0,8.0,1.5,0,0,0,0,0,0,0,0,N,,Y,NONRESULTS
08:05,SCHNEIDER,31234,1216.3,-11.17,-11.17,,18.5,25.73,NORMAL,N,0,0,0.0,15.0,8.0,1.5,0,0,0,0,0,0,0,0,Y,NONRESULTS,N,
08:05,SAMHI,18614,158.74,-2.83,-2.83,,11.83,26.17,NORMAL,N,0,0,0.0,14.170288302625925,8.0,1.5,0,0,0,0,0,0,0,0,N,,N,
08:05,YUKEN,5501,830.0,-2.72,-2.72,,11.5,43.97,NORMAL,Y,0,0,0.0,13.595874355368052,8.0,1.5,0,0,0,0,0,0,0,0,N,,N,
08:05,SIS,21501,418.4,-2.62,-2.62,,11.5,34.44,NORMAL,N,0,0,0.0,13.092051669963924,8.0,1.5,0,0,0,0,0,0,0,0,N,,N,
08:05,TEJASNET,21131,525.85,-2.35,-2.35,,18.5,17.32,NORMAL,N,0,0,0.0,11.745589600742782,8.0,1.5,0,0,0,0,0,0,0,0,N,,N,
08:05,EPACKPEB,759251,224.55,-2.24,-2.24,,14.66,23.21,NORMAL,N,0,0,0.0,11.210274270787934,8.0,1.5,0,0,0,0,0,0,0,0,N,,N,
08:05,TIPSMUSIC,9117,656.35,-2.17,-2.17,,11.93,22.84,NORMAL,N,0,0,0.0,10.843642867789502,8.0,1.5,0,0,0,0,0,0,0,0,N,,N,
08:05,GUJGASLTD,10599,277.0,-2.1,-2.1,,18.5,16.42,NORMAL,Y,0,0,0.0,10.514225128114486,8.0,1.5,0,0,0,0,0,0,0,0,N,,N,
08:05,INFY,1594,1145.0,-2.07,-2.07,,15.02,19.32,NORMAL,N,0,0,0.0,10.348956551488216,8.0,1.5,0,0,0,0,0,0,0,0,N,,N,
08:05,HCLTECH,7229,1331.9,-2.07,-2.07,,11.58,22.33,NORMAL,Y,0,0,0.0,10.330882352941142,8.0,1.5,0,0,0,0,0,0,0,0,N,,N,
08:05,OMNI,760865,567.35,-2.01,-2.01,,11.5,25.27,NORMAL,N,0,0,0.0,10.060449050086339,8.0,1.5,0,0,0,0,0,0,0,0,N,,N,
08:05,GLAND,1186,2874.2,-3.23,-3.23,,11.5,46.77,NORMAL,Y,0,0,0.0,15.0,8.0,1.5,0,0,0,0,0,0,0,0,N,,N,
08:05,LGEINDIA,760213,1677.9,-2.99,-2.99,,11.55,28.13,NORMAL,Y,0,0,0.0,14.9736948603804,8.0,1.5,0,0,0,0,0,0,0,0,N,,N,
08:05,BLS,17279,272.69,-1.95,-1.95,,12.04,21.82,NORMAL,Y,0,0,0.0,9.761973248957297,8.0,1.5,0,0,0,0,0,0,0,0,N,,N,
08:05,SESHAPAPER,3066,227.68,-1.88,-1.88,,21.82,17.89,NORMAL,N,0,0,0.0,9.39493190829164,8.0,1.5,0,0,0,0,0,0,0,0,N,,N,
08:05,SANGAMIND,4184,590.0,-1.83,-1.83,,15.42,21.27,NORMAL,N,0,0,0.0,9.151414309484194,8.0,1.5,0,0,0,0,0,0,0,0,N,,N,
08:05,XCHANGING,11705,62.1,-2.79,-2.79,,11.5,42.9,NORMAL,N,0,0,0.0,13.93237319974954,8.0,1.5,0,0,0,0,0,0,0,0,N,,N,
08:05,TATAINVEST,1621,655.7,-1.74,-1.74,,15.0,17.76,NORMAL,N,0,0,0.0,8.691742844297849,8.0,1.5,0,0,0,0,0,0,0,0,N,,N,
08:05,WSTCSTPAPR,3799,601.1,-1.68,-1.68,,11.5,25.09,NORMAL,Y,0,0,0.0,8.383086611597285,8.0,1.5,0,0,0,0,0,0,0,0,N,,N,
08:05,ITC,1660,273.55,-1.67,-1.67,,12.01,20.36,NORMAL,N,0,0,0.0,8.357296908698737,8.0,1.5,0,0,0,0,0,0,0,0,N,,N,
08:05,SARDAEN,17758,522.35,-1.66,-1.66,,16.42,16.78,NORMAL,Y,0,0,0.0,8.283912265838232,8.0,1.5,0,0,0,0,0,0,0,0,N,,N,
08:05,HFCL,21951,219.47,-1.63,-1.63,,14.22,20.49,NORMAL,Y,0,0,0.0,8.157411142485802,8.0,1.5,0,0,0,0,0,0,0,0,N,,N,
08:05,THYROCARE,17032,614.05,-1.6,-1.6,,15.01,20.01,NORMAL,Y,0,0,0.0,8.012178511337234,8.0,1.5,0,0,0,0,0,0,0,0,N,,N,
08:05,HUDCO,20825,186.97,-1.59,-1.59,,15.0,17.98,NORMAL,N,0,0,0.0,7.947786725617164,8.0,1.5,0,0,0,0,0,0,0,0,N,,N,
08:05,UNICHEMLAB,3579,531.65,-1.58,-1.58,,11.5,23.71,NORMAL,N,0,0,0.0,7.913735653461743,8.0,1.5,0,0,0,0,0,0,0,0,N,,N,
08:05,RHIM,31163,373.85,-1.58,-1.58,,12.08,19.9,NORMAL,N,0,0,0.0,7.8978544162169255,8.0,1.5,0,0,0,0,0,0,0,0,N,,N,
08:05,NESTLEIND,17963,1476.0,-1.54,-1.54,,11.5,20.71,NORMAL,N,0,0,0.0,7.70462277366417,8.0,1.5,0,0,0,0,0,0,0,0,N,,N,
08:05,CIPLA,694,1428.0,-1.52,-1.52,,15.06,16.21,NORMAL,N,0,0,0.0,7.586206896551723,8.0,1.5,0,0,0,0,0,0,0,0,N,,N,
08:05,SAREGAMA,4892,519.4,-1.5,-1.5,,17.41,19.56,NORMAL,N,0,0,0.0,7.490991845249363,8.0,1.5,0,0,0,0,0,0,0,0,N,,N,
08:05,ENGINERSIN,4907,240.15,-1.45,-1.45,,11.5,19.52,NORMAL,Y,0,0,0.0,7.2431057124097205,8.0,1.5,0,0,0,0,0,0,0,0,N,,N,
08:05,KSB,1949,790.05,-1.4,-1.4,,12.52,18.99,NORMAL,N,0,0,0.0,6.989079563182555,8.0,1.5,0,0,0,0,0,0,0,0,N,,N,
08:05,TMCV,759782,467.7,-1.39,-1.39,,11.55,19.06,NORMAL,Y,0,0,0.0,6.957621758380795,8.0,1.5,0,0,0,0,0,0,0,0,N,,N,
08:05,SHILPAMED,17752,810.7,-1.37,-1.37,,21.1,18.87,NORMAL,Y,0,0,0.0,6.873479318734765,8.0,1.5,0,0,0,0,0,0,0,0,N,,N,
08:05,TATACAP,759265,359.2,-1.37,-1.37,,11.5,28.64,NORMAL,N,0,0,0.0,6.864360241625481,8.0,1.5,0,0,0,0,0,0,0,0,N,,N,
08:05,SCI,3048,288.25,-1.37,-1.37,,11.74,19.02,NORMAL,N,0,0,0.0,6.8434559452523525,8.0,1.5,0,0,0,0,0,0,0,0,N,,N,
08:05,AIIL,23553,557.35,-1.34,-1.34,,15.0,15.23,NORMAL,N,0,0,0.0,6.682598690033594,8.0,1.5,0,0,0,0,0,0,0,0,N,,N,
08:05,INDIANB,14309,883.0,-1.34,-1.34,,18.55,11.82,NORMAL,Y,0,0,0.0,6.676350634113662,8.0,1.5,0,0,0,0,0,0,0,0,N,,N,
08:05,HEXT,29666,562.55,-1.28,-1.28,,11.66,18.42,NORMAL,N,0,0,0.0,6.405194349390249,8.0,1.5,0,0,0,0,0,0,0,0,N,,N,
08:05,ADANIGREEN,3563,1331.3,-1.24,-1.24,,15.0,18.18,NORMAL,N,0,0,0.0,6.194362017804171,8.0,1.5,0,0,0,0,0,0,0,0,N,,N,
08:05,BIOCON,11373,411.95,-1.21,-1.21,,15.12,15.32,NORMAL,N,0,0,0.0,6.055155875299773,8.0,1.5,0,0,0,0,0,0,0,0,N,,N,
08:05,APLLTD,25328,821.3,-1.2,-1.2,,21.87,10.98,NORMAL,Y,0,0,0.0,5.9849624060150655,8.0,1.5,0,0,0,0,0,0,0,0,N,,N,
08:05,TRIVENI,13081,280.51,12.28,12.28,,30.0,11.1,NORMAL,Y,0,0,15.0,0.0,8.0,1.5,0,0,0,0,0,0,0,0,N,,N,
08:05,NARMADA,6364,389.4,3.56,3.56,,33.5,8.22,NORMAL,Y,0,0,15.0,0.0,8.0,1.5,0,0,0,0,0,0,0,0,N,,N,
08:05,JAINREC,759244,301.5,2.76,2.76,,40.4,5.0,NORMAL,Y,0,0,13.803680981595132,0.0,8.0,1.5,0,0,0,0,0,0,0,0,N,,N,
08:05,PSPPROJECT,20877,946.0,2.56,2.56,,31.29,12.52,NORMAL,Y,0,0,12.792714657415448,0.0,8.0,1.5,0,0,0,0,0,0,0,0,N,,N,
08:05,LUXIND,11301,1216.7,2.41,2.41,,30.94,5.0,NORMAL,Y,0,0,12.036023903711868,0.0,8.0,1.5,0,0,0,0,0,0,0,0,N,,N,
