ts_ist,regime,nifty_ltp,prev_close,gap_pct,vwap,ema20,ema50,above_vwap,above_ema50,leading_sectors,lagging_sectors,sector_rows
2026-08-19 09:30:05,NORMAL,24095.1,,0,24119.596959671246,,,False,True,"[[""NIFTY_IT"", 1.096531511628097, 1.096531511628097]]","[[""NIFTY_REALTY"", -0.7758428220584876, -0.7758428220584876], [""NIFTY_ENERGY"", -0.7504111708876755, -0.7504111708876755], [""NIFTY_METAL"", -0.6656276630864465, -0.6656276630864465]]","[{""sector"": ""NIFTY_IT"", ""ltp"": 30544.75, ""return_pct"": 1.096531511628097, ""rs_vs_nifty"": 1.096531511628097}, {""sector"": ""NIFTY_FMCG"", ""ltp"": 47787.7, ""return_pct"": 0.11082061724359205, ""rs_vs_nifty"": 0.11082061724359205}, {""sector"": ""NIFTY_PHARMA"", ""ltp"": 26381.35, ""return_pct"": 0.07378072141991696, ""rs_vs_nifty"": 0.07378072141991696}, {""sector"": ""NIFTY_MEDIA"", ""ltp"": 1602.25, ""return_pct"": 0.0031207090250876626, ""rs_vs_nifty"": 0.0031207090250876626}, {""sector"": ""NIFTY_HEALTHCARE"", ""ltp"": 16452.45, ""return_pct"": -0.06833214890941891, ""rs_vs_nifty"": -0.06833214890941891}, {""sector"": ""NIFTY_PSU_BANK"", ""ltp"": 8604.8, ""return_pct"": -0.15896037593549606, ""rs_vs_nifty"": -0.15896037593549606}, {""sector"": ""NIFTY_BANK"", ""ltp"": 57104.0, ""return_pct"": -0.2766213082231996, ""rs_vs_nifty"": -0.2766213082231996}, {""sector"": ""NIFTY_FIN_SERVICE"", ""ltp"": 25993.45, ""return_pct"": -0.4387544047801412, ""rs_vs_nifty"": -0.4387544047801412}, {""sector"": ""NIFTY_INFRA"", ""ltp"": 9326.3, ""return_pct"": -0.5359113959825309, ""rs_vs_nifty"": -0.5359113959825309}, {""sector"": ""NIFTY_AUTO"", ""ltp"": 29078.75, ""return_pct"": -0.6348978542297737, ""rs_vs_nifty"": -0.6348978542297737}, {""sector"": ""NIFTY_METAL"", ""ltp"": 12938.6, ""return_pct"": -0.6656276630864465, ""rs_vs_nifty"": -0.6656276630864465}, {""sector"": ""NIFTY_ENERGY"", ""ltp"": 38289.35, ""return_pct"": -0.7504111708876755, ""rs_vs_nifty"": -0.7504111708876755}, {""sector"": ""NIFTY_REALTY"", ""ltp"": 888.85, ""return_pct"": -0.7758428220584876, ""rs_vs_nifty"": -0.7758428220584876}]"
2026-08-19 09:31:49,NORMAL,24082.0,,0,24117.327627950483,,,False,True,"[[""NIFTY_IT"", 0.9969070066477039, 0.9969070066477039]]","[[""NIFTY_REALTY"", -0.9656173252958224, -0.9656173252958224], [""NIFTY_ENERGY"", -0.8499475749017958, -0.8499475749017958], [""NIFTY_METAL"", -0.74470453655578, -0.74470453655578]]","[{""sector"": ""NIFTY_IT"", ""ltp"": 30514.65, ""return_pct"": 0.9969070066477039, ""rs_vs_nifty"": 0.9969070066477039}, {""sector"": ""NIFTY_PHARMA"", ""ltp"": 26374.8, ""return_pct"": 0.04893425739418561, ""rs_vs_nifty"": 0.04893425739418561}, {""sector"": ""NIFTY_FMCG"", ""ltp"": 47748.8, ""return_pct"": 0.029328707777135338, ""rs_vs_nifty"": 0.029328707777135338}, {""sector"": ""NIFTY_HEALTHCARE"", ""ltp"": 16447.75, ""return_pct"": -0.09687980223158055, ""rs_vs_nifty"": -0.09687980223158055}, {""sector"": ""NIFTY_MEDIA"", ""ltp"": 1600.45, ""return_pct"": -0.10922481587816751, ""rs_vs_nifty"": -0.10922481587816751}, {""sector"": ""NIFTY_PSU_BANK"", ""ltp"": 8599.75, ""return_pct"": -0.2175552590357951, ""rs_vs_nifty"": -0.2175552590357951}, {""sector"": ""NIFTY_BANK"", ""ltp"": 57082.1, ""return_pct"": -0.3148662997010305, ""rs_vs_nifty"": -0.3148662997010305}, {""sector"": ""NIFTY_FIN_SERVICE"", ""ltp"": 25981.9, ""return_pct"": -0.4829937184004847, ""rs_vs_nifty"": -0.4829937184004847}, {""sector"": ""NIFTY_AUTO"", ""ltp"": 29090.1, ""return_pct"": -0.596113728042976, ""rs_vs_nifty"": -0.596113728042976}, {""sector"": ""NIFTY_INFRA"", ""ltp"": 9319.2, ""return_pct"": -0.6116322101412411, ""rs_vs_nifty"": -0.6116322101412411}, {""sector"": ""NIFTY_METAL"", ""ltp"": 12928.3, ""return_pct"": -0.74470453655578, ""rs_vs_nifty"": -0.74470453655578}, {""sector"": ""NIFTY_ENERGY"", ""ltp"": 38250.95, ""return_pct"": -0.8499475749017958, ""rs_vs_nifty"": -0.8499475749017958}, {""sector"": ""NIFTY_REALTY"", ""ltp"": 887.15, ""return_pct"": -0.9656173252958224, ""rs_vs_nifty"": -0.9656173252958224}]"
2026-08-19 10:01:55,NORMAL,24095.7,,0,24104.048286671117,,,False,True,"[[""NIFTY_IT"", 0.5696138640241301, 0.5696138640241301]]","[[""NIFTY_ENERGY"", -0.8358206633945727, -0.8358206633945727]]","[{""sector"": ""NIFTY_IT"", ""ltp"": 30385.55, ""return_pct"": 0.5696138640241301, ""rs_vs_nifty"": 0.5696138640241301}, {""sector"": ""NIFTY_FMCG"", ""ltp"": 47814.2, ""return_pct"": 0.1663356712503125, ""rs_vs_nifty"": 0.1663356712503125}, {""sector"": ""NIFTY_PSU_BANK"", ""ltp"": 8631.75, ""return_pct"": 0.15373904971862853, ""rs_vs_nifty"": 0.15373904971862853}, {""sector"": ""NIFTY_PHARMA"", ""ltp"": 26364.85, ""return_pct"": 0.011190392194785237, ""rs_vs_nifty"": 0.011190392194785237}, {""sector"": ""NIFTY_REALTY"", ""ltp"": 895.55, ""return_pct"": -0.02790801518196026, ""rs_vs_nifty"": -0.02790801518196026}, {""sector"": ""NIFTY_HEALTHCARE"", ""ltp"": 16454.25, ""return_pct"": -0.0573990050839163, ""rs_vs_nifty"": -0.0573990050839163}, {""sector"": ""NIFTY_AUTO"", ""ltp"": 29244.7, ""return_pct"": -0.06782950703154002, ""rs_vs_nifty"": -0.06782950703154002}, {""sector"": ""NIFTY_MEDIA"", ""ltp"": 1601.05, ""return_pct"": -0.07177630757708718, ""rs_vs_nifty"": -0.07177630757708718}, {""sector"": ""NIFTY_METAL"", ""ltp"": 13005.85, ""return_pct"": -0.14932477562895988, ""rs_vs_nifty"": -0.14932477562895988}, {""sector"": ""NIFTY_BANK"", ""ltp"": 57168.1, ""return_pct"": -0.16468048841823416, ""rs_vs_nifty"": -0.16468048841823416}, {""sector"": ""NIFTY_FIN_SERVICE"", ""ltp"": 26005.5, ""return_pct"": -0.3925999693580512, ""rs_vs_nifty"": -0.3925999693580512}, {""sector"": ""NIFTY_INFRA"", ""ltp"": 9333.35, ""return_pct"": -0.4607238269939254, ""rs_vs_nifty"": -0.4607238269939254}, {""sector"": ""NIFTY_ENERGY"", ""ltp"": 38256.4, ""return_pct"": -0.8358206633945727, ""rs_vs_nifty"": -0.8358206633945727}]"
2026-08-19 10:32:00,NORMAL,24063.15,,0,24098.18205660318,,,False,True,[],"[[""NIFTY_ENERGY"", -1.127560826722414, -1.127560826722414], [""NIFTY_INFRA"", -0.5919021388463774, -0.5919021388463774]]","[{""sector"": ""NIFTY_PHARMA"", ""ltp"": 26407.55, ""return_pct"": 0.17316657752285616, ""rs_vs_nifty"": 0.17316657752285616}, {""sector"": ""NIFTY_HEALTHCARE"", ""ltp"": 16491.05, ""return_pct"": 0.16612304645977843, ""rs_vs_nifty"": 0.16612304645977843}, {""sector"": ""NIFTY_IT"", ""ltp"": 30260.25, ""return_pct"": 0.15489790143131377, ""rs_vs_nifty"": 0.15489790143131377}, {""sector"": ""NIFTY_AUTO"", ""ltp"": 29284.15, ""return_pct"": 0.06697523112435415, ""rs_vs_nifty"": 0.06697523112435415}, {""sector"": ""NIFTY_MEDIA"", ""ltp"": 1602.65, ""return_pct"": 0.028086381225817345, ""rs_vs_nifty"": 0.028086381225817345}, {""sector"": ""NIFTY_PSU_BANK"", ""ltp"": 8605.75, ""return_pct"": -0.14793757614434067, ""rs_vs_nifty"": -0.14793757614434067}, {""sector"": ""NIFTY_FMCG"", ""ltp"": 47641.65, ""return_pct"": -0.19514065210287138, ""rs_vs_nifty"": -0.19514065210287138}, {""sector"": ""NIFTY_REALTY"", ""ltp"": 893.85, ""return_pct"": -0.2176825184192824, ""rs_vs_nifty"": -0.2176825184192824}, {""sector"": ""NIFTY_BANK"", ""ltp"": 57097.0, ""return_pct"": -0.2888457347229621, ""rs_vs_nifty"": -0.2888457347229621}, {""sector"": ""NIFTY_METAL"", ""ltp"": 12983.75, ""return_pct"": -0.31899457210198057, ""rs_vs_nifty"": -0.31899457210198057}, {""sector"": ""NIFTY_FIN_SERVICE"", ""ltp"": 25995.15, ""return_pct"": -0.4322429906542, ""rs_vs_nifty"": -0.4322429906542}, {""sector"": ""NIFTY_INFRA"", ""ltp"": 9321.05, ""return_pct"": -0.5919021388463774, ""rs_vs_nifty"": -0.5919021388463774}, {""sector"": ""NIFTY_ENERGY"", ""ltp"": 38143.85, ""return_pct"": -1.127560826722414, ""rs_vs_nifty"": -1.127560826722414}]"
2026-08-19 11:02:06,NORMAL,24055.6,,0,24088.97652644012,,,False,True,[],"[[""NIFTY_ENERGY"", -1.0063804390229363, -1.0063804390229363], [""NIFTY_INFRA"", -0.5545749769371464, -0.5545749769371464]]","[{""sector"": ""NIFTY_IT"", ""ltp"": 30210.85, ""return_pct"": -0.008605438968413679, ""rs_vs_nifty"": -0.008605438968413679}, {""sector"": ""NIFTY_AUTO"", ""ltp"": 29249.05, ""return_pct"": -0.05296510624629457, ""rs_vs_nifty"": -0.05296510624629457}, {""sector"": ""NIFTY_MEDIA"", ""ltp"": 1601.15, ""return_pct"": -0.06553488952689768, ""rs_vs_nifty"": -0.06553488952689768}, {""sector"": ""NIFTY_REALTY"", ""ltp"": 894.55, ""return_pct"": -0.1395400759098013, ""rs_vs_nifty"": -0.1395400759098013}, {""sector"": ""NIFTY_PSU_BANK"", ""ltp"": 8603.0, ""return_pct"": -0.17984568080292393, ""rs_vs_nifty"": -0.17984568080292393}, {""sector"": ""NIFTY_METAL"", ""ltp"": 12995.95, ""return_pct"": -0.2253307025557841, ""rs_vs_nifty"": -0.2253307025557841}, {""sector"": ""NIFTY_HEALTHCARE"", ""ltp"": 16422.0, ""return_pct"": -0.25328449862425045, ""rs_vs_nifty"": -0.25328449862425045}, {""sector"": ""NIFTY_PHARMA"", ""ltp"": 26281.7, ""return_pct"": -0.30422693356700664, ""rs_vs_nifty"": -0.30422693356700664}, {""sector"": ""NIFTY_BANK"", ""ltp"": 57066.85, ""return_pct"": -0.34149808600408454, ""rs_vs_nifty"": -0.34149808600408454}, {""sector"": ""NIFTY_FIN_SERVICE"", ""ltp"": 25979.1, ""return_pct"": -0.4937184004902767, ""rs_vs_nifty"": -0.4937184004902767}, {""sector"": ""NIFTY_FMCG"", ""ltp"": 47496.95, ""return_pct"": -0.49827379605655797, ""rs_vs_nifty"": -0.49827379605655797}, {""sector"": ""NIFTY_INFRA"", ""ltp"": 9324.55, ""return_pct"": -0.5545749769371464, ""rs_vs_nifty"": -0.5545749769371464}, {""sector"": ""NIFTY_ENERGY"", ""ltp"": 38190.6, ""return_pct"": -1.0063804390229363, ""rs_vs_nifty"": -1.0063804390229363}]"
2026-08-19 11:14:07,NORMAL,24047.85,,0,24085.017737008482,,,False,True,[],"[[""NIFTY_ENERGY"", -0.9715167766794387, -0.9715167766794387], [""NIFTY_INFRA"", -0.5855031968047911, -0.5855031968047911], [""NIFTY_FIN_SERVICE"", -0.54370307951586, -0.54370307951586]]","[{""sector"": ""NIFTY_MEDIA"", ""ltp"": 1602.45, ""return_pct"": 0.015603545125452502, ""rs_vs_nifty"": 0.015603545125452502}, {""sector"": ""NIFTY_IT"", ""ltp"": 30201.9, ""return_pct"": -0.03822800772503396, ""rs_vs_nifty"": -0.03822800772503396}, {""sector"": ""NIFTY_PSU_BANK"", ""ltp"": 8609.25, ""return_pct"": -0.10732726112432558, ""rs_vs_nifty"": -0.10732726112432558}, {""sector"": ""NIFTY_AUTO"", ""ltp"": 29226.7, ""return_pct"": -0.1293373723498176, ""rs_vs_nifty"": -0.1293373723498176}, {""sector"": ""NIFTY_REALTY"", ""ltp"": 894.1, ""return_pct"": -0.18977450323732217, ""rs_vs_nifty"": -0.18977450323732217}, {""sector"": ""NIFTY_HEALTHCARE"", ""ltp"": 16426.3, ""return_pct"": -0.227166432818877, ""rs_vs_nifty"": -0.227166432818877}, {""sector"": ""NIFTY_METAL"", ""ltp"": 12990.2, ""return_pct"": -0.26947555910419374, ""rs_vs_nifty"": -0.26947555910419374}, {""sector"": ""NIFTY_PHARMA"", ""ltp"": 26285.9, ""return_pct"": -0.2882948497642431, ""rs_vs_nifty"": -0.2882948497642431}, {""sector"": ""NIFTY_BANK"", ""ltp"": 57058.75, ""return_pct"": -0.35564349381095006, ""rs_vs_nifty"": -0.35564349381095006}, {""sector"": ""NIFTY_FMCG"", ""ltp"": 47543.45, ""return_pct"": -0.4008605880825013, ""rs_vs_nifty"": -0.4008605880825013}, {""sector"": ""NIFTY_FIN_SERVICE"", ""ltp"": 25966.05, ""return_pct"": -0.54370307951586, ""rs_vs_nifty"": -0.54370307951586}, {""sector"": ""NIFTY_INFRA"", ""ltp"": 9321.65, ""return_pct"": -0.5855031968047911, ""rs_vs_nifty"": -0.5855031968047911}, {""sector"": ""NIFTY_ENERGY"", ""ltp"": 38204.05, ""return_pct"": -0.9715167766794387, ""rs_vs_nifty"": -0.9715167766794387}]"
2026-08-19 11:15:57,NORMAL,24050.8,,0,24084.53820178514,,,False,True,[],"[[""NIFTY_ENERGY"", -0.9768305690812416, -0.9768305690812416], [""NIFTY_INFRA"", -0.5764380289125454, -0.5764380289125454], [""NIFTY_FIN_SERVICE"", -0.5458097134977784, -0.5458097134977784]]","[{""sector"": ""NIFTY_MEDIA"", ""ltp"": 1602.55, ""return_pct"": 0.021844963175627827, ""rs_vs_nifty"": 0.021844963175627827}, {""sector"": ""NIFTY_IT"", ""ltp"": 30220.0, ""return_pct"": 0.021679086631944622, ""rs_vs_nifty"": 0.021679086631944622}, {""sector"": ""NIFTY_PSU_BANK"", ""ltp"": 8609.2, ""return_pct"": -0.10790740848174592, ""rs_vs_nifty"": -0.10790740848174592}, {""sector"": ""NIFTY_AUTO"", ""ltp"": 29220.15, ""return_pct"": -0.15171940111841056, ""rs_vs_nifty"": -0.15171940111841056}, {""sector"": ""NIFTY_HEALTHCARE"", ""ltp"": 16435.85, ""return_pct"": -0.16916003085577472, ""rs_vs_nifty"": -0.16916003085577472}, {""sector"": ""NIFTY_PHARMA"", ""ltp"": 26303.0, ""return_pct"": -0.2234285085672939, ""rs_vs_nifty"": -0.2234285085672939}, {""sector"": ""NIFTY_REALTY"", ""ltp"": 893.6, ""return_pct"": -0.24559053360124267, ""rs_vs_nifty"": -0.24559053360124267}, {""sector"": ""NIFTY_METAL"", ""ltp"": 12984.0, ""return_pct"": -0.3170752305129193, ""rs_vs_nifty"": -0.3170752305129193}, {""sector"": ""NIFTY_BANK"", ""ltp"": 57065.75, ""return_pct"": -0.34341906731118754, ""rs_vs_nifty"": -0.34341906731118754}, {""sector"": ""NIFTY_FMCG"", ""ltp"": 47545.9, ""return_pct"": -0.3957280642214934, ""rs_vs_nifty"": -0.3957280642214934}, {""sector"": ""NIFTY_FIN_SERVICE"", ""ltp"": 25965.5, ""return_pct"": -0.5458097134977784, ""rs_vs_nifty"": -0.5458097134977784}, {""sector"": ""NIFTY_INFRA"", ""ltp"": 9322.5, ""return_pct"": -0.5764380289125454, ""rs_vs_nifty"": -0.5764380289125454}, {""sector"": ""NIFTY_ENERGY"", ""ltp"": 38202.0, ""return_pct"": -0.9768305690812416, ""rs_vs_nifty"": -0.9768305690812416}]"
2026-08-19 11:16:14,NORMAL,24050.4,,0,24084.479349609355,,,False,True,[],"[[""NIFTY_ENERGY"", -0.978256220701243, -0.978256220701243], [""NIFTY_INFRA"", -0.5897691581658422, -0.5897691581658422], [""NIFTY_FIN_SERVICE"", -0.535659567948516, -0.535659567948516]]","[{""sector"": ""NIFTY_MEDIA"", ""ltp"": 1602.5, ""return_pct"": 0.018724254150540163, ""rs_vs_nifty"": 0.018724254150540163}, {""sector"": ""NIFTY_IT"", ""ltp"": 30209.8, ""return_pct"": -0.012080712397960032, ""rs_vs_nifty"": -0.012080712397960032}, {""sector"": ""NIFTY_PSU_BANK"", ""ltp"": 8607.25, ""return_pct"": -0.13053315542147706, ""rs_vs_nifty"": -0.13053315542147706}, {""sector"": ""NIFTY_AUTO"", ""ltp"": 29225.2, ""return_pct"": -0.1344630277930074, ""rs_vs_nifty"": -0.1344630277930074}, {""sector"": ""NIFTY_HEALTHCARE"", ""ltp"": 16435.65, ""return_pct"": -0.17037482461414669, ""rs_vs_nifty"": -0.17037482461414669}, {""sector"": ""NIFTY_PHARMA"", ""ltp"": 26305.35, ""return_pct"": -0.21451412834432612, ""rs_vs_nifty"": -0.21451412834432612}, {""sector"": ""NIFTY_REALTY"", ""ltp"": 893.65, ""return_pct"": -0.2400089305648557, ""rs_vs_nifty"": -0.2400089305648557}, {""sector"": ""NIFTY_METAL"", ""ltp"": 12986.1, ""return_pct"": -0.3009527611648017, ""rs_vs_nifty"": -0.3009527611648017}, {""sector"": ""NIFTY_BANK"", ""ltp"": 57063.55, ""return_pct"": -0.34726102992539354, ""rs_vs_nifty"": -0.34726102992539354}, {""sector"": ""NIFTY_FMCG"", ""ltp"": 47548.4, ""return_pct"": -0.3904907949755764, ""rs_vs_nifty"": -0.3904907949755764}, {""sector"": ""NIFTY_FIN_SERVICE"", ""ltp"": 25968.15, ""return_pct"": -0.535659567948516, ""rs_vs_nifty"": -0.535659567948516}, {""sector"": ""NIFTY_INFRA"", ""ltp"": 9321.25, ""return_pct"": -0.5897691581658422, ""rs_vs_nifty"": -0.5897691581658422}, {""sector"": ""NIFTY_ENERGY"", ""ltp"": 38201.45, ""return_pct"": -0.978256220701243, ""rs_vs_nifty"": -0.978256220701243}]"
2026-08-19 11:17:51,NORMAL,24049.1,,0,24084.146964612948,,,False,True,[],"[[""NIFTY_ENERGY"", -0.9816259427121263, -0.9816259427121263], [""NIFTY_INFRA"", -0.6217638683737545, -0.6217638683737545], [""NIFTY_FIN_SERVICE"", -0.5329783974260819, -0.5329783974260819]]","[{""sector"": ""NIFTY_MEDIA"", ""ltp"": 1602.45, ""return_pct"": 0.015603545125452502, ""rs_vs_nifty"": 0.015603545125452502}, {""sector"": ""NIFTY_IT"", ""ltp"": 30201.6, ""return_pct"": -0.03922094299062895, ""rs_vs_nifty"": -0.03922094299062895}, {""sector"": ""NIFTY_AUTO"", ""ltp"": 29231.3, ""return_pct"": -0.11361869565737386, ""rs_vs_nifty"": -0.11361869565737386}, {""sector"": ""NIFTY_PSU_BANK"", ""ltp"": 8607.65, ""return_pct"": -0.12589197656205098, ""rs_vs_nifty"": -0.12589197656205098}, {""sector"": ""NIFTY_HEALTHCARE"", ""ltp"": 16433.65, ""return_pct"": -0.1825227621980434, ""rs_vs_nifty"": -0.1825227621980434}, {""sector"": ""NIFTY_PHARMA"", ""ltp"": 26297.85, ""return_pct"": -0.24296427799211326, ""rs_vs_nifty"": -0.24296427799211326}, {""sector"": ""NIFTY_REALTY"", ""ltp"": 893.45, ""return_pct"": -0.2623353427104163, ""rs_vs_nifty"": -0.2623353427104163}, {""sector"": ""NIFTY_METAL"", ""ltp"": 12983.95, ""return_pct"": -0.3174590988307259, ""rs_vs_nifty"": -0.3174590988307259}, {""sector"": ""NIFTY_BANK"", ""ltp"": 57064.9, ""return_pct"": -0.34490346195758476, ""rs_vs_nifty"": -0.34490346195758476}, {""sector"": ""NIFTY_FMCG"", ""ltp"": 47553.1, ""return_pct"": -0.3806447287932585, ""rs_vs_nifty"": -0.3806447287932585}, {""sector"": ""NIFTY_FIN_SERVICE"", ""ltp"": 25968.85, ""return_pct"": -0.5329783974260819, ""rs_vs_nifty"": -0.5329783974260819}, {""sector"": ""NIFTY_INFRA"", ""ltp"": 9318.25, ""return_pct"": -0.6217638683737545, ""rs_vs_nifty"": -0.6217638683737545}, {""sector"": ""NIFTY_ENERGY"", ""ltp"": 38200.15, ""return_pct"": -0.9816259427121263, ""rs_vs_nifty"": -0.9816259427121263}]"
2026-08-19 11:18:09,NORMAL,24049.0,,0,24084.094386482022,,,False,True,[],"[[""NIFTY_ENERGY"", -0.9825331755612096, -0.9825331755612096], [""NIFTY_INFRA"", -0.6174979070127035, -0.6174979070127035], [""NIFTY_FIN_SERVICE"", -0.5306802512639777, -0.5306802512639777]]","[{""sector"": ""NIFTY_MEDIA"", ""ltp"": 1602.1, ""return_pct"": -0.006241418050189516, ""rs_vs_nifty"": -0.006241418050189516}, {""sector"": ""NIFTY_IT"", ""ltp"": 30200.1, ""return_pct"": -0.044185619318555754, ""rs_vs_nifty"": -0.044185619318555754}, {""sector"": ""NIFTY_AUTO"", ""ltp"": 29234.1, ""return_pct"": -0.10405080549675538, ""rs_vs_nifty"": -0.10405080549675538}, {""sector"": ""NIFTY_PSU_BANK"", ""ltp"": 8606.05, ""return_pct"": -0.14445669199977637, ""rs_vs_nifty"": -0.14445669199977637}, {""sector"": ""NIFTY_HEALTHCARE"", ""ltp"": 16434.9, ""return_pct"": -0.17493030120810796, ""rs_vs_nifty"": -0.17493030120810796}, {""sector"": ""NIFTY_PHARMA"", ""ltp"": 26300.35, ""return_pct"": -0.23348089477618425, ""rs_vs_nifty"": -0.23348089477618425}, {""sector"": ""NIFTY_REALTY"", ""ltp"": 893.65, ""return_pct"": -0.2400089305648557, ""rs_vs_nifty"": -0.2400089305648557}, {""sector"": ""NIFTY_METAL"", ""ltp"": 12983.5, ""return_pct"": -0.32091391369104183, ""rs_vs_nifty"": -0.32091391369104183}, {""sector"": ""NIFTY_BANK"", ""ltp"": 57061.65, ""return_pct"": -0.3505790885467602, ""rs_vs_nifty"": -0.3505790885467602}, {""sector"": ""NIFTY_FMCG"", ""ltp"": 47553.05, ""return_pct"": -0.3807494741781677, ""rs_vs_nifty"": -0.3807494741781677}, {""sector"": ""NIFTY_FIN_SERVICE"", ""ltp"": 25969.45, ""return_pct"": -0.5306802512639777, ""rs_vs_nifty"": -0.5306802512639777}, {""sector"": ""NIFTY_INFRA"", ""ltp"": 9318.65, ""return_pct"": -0.6174979070127035, ""rs_vs_nifty"": -0.6174979070127035}, {""sector"": ""NIFTY_ENERGY"", ""ltp"": 38199.8, ""return_pct"": -0.9825331755612096, ""rs_vs_nifty"": -0.9825331755612096}]"
2026-08-19 11:19:52,NORMAL,24053.95,,0,24083.885566175508,,,False,True,[],"[[""NIFTY_ENERGY"", -0.9921239228229977, -0.9921239228229977], [""NIFTY_INFRA"", -0.6206973780334869, -0.6206973780334869]]","[{""sector"": ""NIFTY_IT"", ""ltp"": 30235.1, ""return_pct"": 0.0716568283330696, ""rs_vs_nifty"": 0.0716568283330696}, {""sector"": ""NIFTY_MEDIA"", ""ltp"": 1603.1, ""return_pct"": 0.05617276245162049, ""rs_vs_nifty"": 0.05617276245162049}, {""sector"": ""NIFTY_AUTO"", ""ltp"": 29231.2, ""return_pct"": -0.1139604060202482, ""rs_vs_nifty"": -0.1139604060202482}, {""sector"": ""NIFTY_PSU_BANK"", ""ltp"": 8605.7, ""return_pct"": -0.148517723501761, ""rs_vs_nifty"": -0.148517723501761}, {""sector"": ""NIFTY_HEALTHCARE"", ""ltp"": 16434.1, ""return_pct"": -0.17978947624168432, ""rs_vs_nifty"": -0.17978947624168432}, {""sector"": ""NIFTY_PHARMA"", ""ltp"": 26297.95, ""return_pct"": -0.24258494266346783, ""rs_vs_nifty"": -0.24258494266346783}, {""sector"": ""NIFTY_REALTY"", ""ltp"": 893.6, ""return_pct"": -0.24559053360124267, ""rs_vs_nifty"": -0.24559053360124267}, {""sector"": ""NIFTY_METAL"", ""ltp"": 12986.0, ""return_pct"": -0.301720497800429, ""rs_vs_nifty"": -0.301720497800429}, {""sector"": ""NIFTY_BANK"", ""ltp"": 57067.05, ""return_pct"": -0.3411488166755123, ""rs_vs_nifty"": -0.3411488166755123}, {""sector"": ""NIFTY_FMCG"", ""ltp"": 47557.9, ""return_pct"": -0.3705891718410917, ""rs_vs_nifty"": -0.3705891718410917}, {""sector"": ""NIFTY_FIN_SERVICE"", ""ltp"": 25978.15, ""return_pct"": -0.49735713191358416, ""rs_vs_nifty"": -0.49735713191358416}, {""sector"": ""NIFTY_INFRA"", ""ltp"": 9318.35, ""return_pct"": -0.6206973780334869, ""rs_vs_nifty"": -0.6206973780334869}, {""sector"": ""NIFTY_ENERGY"", ""ltp"": 38196.1, ""return_pct"": -0.9921239228229977, ""rs_vs_nifty"": -0.9921239228229977}]"
2026-08-19 11:20:09,NORMAL,24057.4,,0,24083.82325711442,,,False,True,[],"[[""NIFTY_ENERGY"", -0.9853844788012123, -0.9853844788012123], [""NIFTY_INFRA"", -0.6073662487801901, -0.6073662487801901]]","[{""sector"": ""NIFTY_IT"", ""ltp"": 30238.35, ""return_pct"": 0.08241362704357767, ""rs_vs_nifty"": 0.08241362704357767}, {""sector"": ""NIFTY_MEDIA"", ""ltp"": 1603.3, ""return_pct"": 0.06865559855198533, ""rs_vs_nifty"": 0.06865559855198533}, {""sector"": ""NIFTY_AUTO"", ""ltp"": 29236.5, ""return_pct"": -0.09584975678764675, ""rs_vs_nifty"": -0.09584975678764675}, {""sector"": ""NIFTY_PSU_BANK"", ""ltp"": 8606.05, ""return_pct"": -0.14445669199977637, ""rs_vs_nifty"": -0.14445669199977637}, {""sector"": ""NIFTY_HEALTHCARE"", ""ltp"": 16435.45, ""return_pct"": -0.17158961837254078, ""rs_vs_nifty"": -0.17158961837254078}, {""sector"": ""NIFTY_REALTY"", ""ltp"": 893.9, ""return_pct"": -0.21210091538289544, ""rs_vs_nifty"": -0.21210091538289544}, {""sector"": ""NIFTY_PHARMA"", ""ltp"": 26299.65, ""return_pct"": -0.23613624207663328, ""rs_vs_nifty"": -0.23613624207663328}, {""sector"": ""NIFTY_METAL"", ""ltp"": 12985.8, ""return_pct"": -0.30325597107168356, ""rs_vs_nifty"": -0.30325597107168356}, {""sector"": ""NIFTY_BANK"", ""ltp"": 57082.5, ""return_pct"": -0.3141677610438987, ""rs_vs_nifty"": -0.3141677610438987}, {""sector"": ""NIFTY_FMCG"", ""ltp"": 47563.9, ""return_pct"": -0.35801972565089085, ""rs_vs_nifty"": -0.35801972565089085}, {""sector"": ""NIFTY_FIN_SERVICE"", ""ltp"": 25983.8, ""return_pct"": -0.475716255553856, ""rs_vs_nifty"": -0.475716255553856}, {""sector"": ""NIFTY_INFRA"", ""ltp"": 9319.6, ""return_pct"": -0.6073662487801901, ""rs_vs_nifty"": -0.6073662487801901}, {""sector"": ""NIFTY_ENERGY"", ""ltp"": 38198.7, ""return_pct"": -0.9853844788012123, ""rs_vs_nifty"": -0.9853844788012123}]"
2026-08-19 11:21:54,NORMAL,24056.65,,0,24083.388014101733,,,False,True,[],"[[""NIFTY_ENERGY"", -0.9542793525468009, -0.9542793525468009], [""NIFTY_INFRA"", -0.5924353840165016, -0.5924353840165016]]","[{""sector"": ""NIFTY_IT"", ""ltp"": 30241.45, ""return_pct"": 0.09267395812130029, ""rs_vs_nifty"": 0.09267395812130029}, {""sector"": ""NIFTY_MEDIA"", ""ltp"": 1601.5, ""return_pct"": -0.043689926351269844, ""rs_vs_nifty"": -0.043689926351269844}, {""sector"": ""NIFTY_AUTO"", ""ltp"": 29235.1, ""return_pct"": -0.10063370186796218, ""rs_vs_nifty"": -0.10063370186796218}, {""sector"": ""NIFTY_PSU_BANK"", ""ltp"": 8607.75, ""return_pct"": -0.12473168184718919, ""rs_vs_nifty"": -0.12473168184718919}, {""sector"": ""NIFTY_REALTY"", ""ltp"": 894.05, ""return_pct"": -0.19535610627372182, ""rs_vs_nifty"": -0.19535610627372182}, {""sector"": ""NIFTY_HEALTHCARE"", ""ltp"": 16424.75, ""return_pct"": -0.23658108444639253, ""rs_vs_nifty"": -0.23658108444639253}, {""sector"": ""NIFTY_METAL"", ""ltp"": 12987.15, ""return_pct"": -0.29289152649074984, ""rs_vs_nifty"": -0.29289152649074984}, {""sector"": ""NIFTY_PHARMA"", ""ltp"": 26278.85, ""return_pct"": -0.31503799043317404, ""rs_vs_nifty"": -0.31503799043317404}, {""sector"": ""NIFTY_BANK"", ""ltp"": 57076.65, ""return_pct"": -0.324383888904412, ""rs_vs_nifty"": -0.324383888904412}, {""sector"": ""NIFTY_FMCG"", ""ltp"": 47563.3, ""return_pct"": -0.3592766702699079, ""rs_vs_nifty"": -0.3592766702699079}, {""sector"": ""NIFTY_FIN_SERVICE"", ""ltp"": 25986.55, ""return_pct"": -0.46518308564424976, ""rs_vs_nifty"": -0.46518308564424976}, {""sector"": ""NIFTY_INFRA"", ""ltp"": 9321.0, ""return_pct"": -0.5924353840165016, ""rs_vs_nifty"": -0.5924353840165016}, {""sector"": ""NIFTY_ENERGY"", ""ltp"": 38210.7, ""return_pct"": -0.9542793525468009, ""rs_vs_nifty"": -0.9542793525468009}]"
2026-08-19 11:22:13,NORMAL,24059.4,,0,24083.359190276668,,,False,True,[],"[[""NIFTY_ENERGY"", -0.9617964247249351, -0.9617964247249351], [""NIFTY_INFRA"", -0.5913688936762339, -0.5913688936762339]]","[{""sector"": ""NIFTY_IT"", ""ltp"": 30251.9, ""return_pct"": 0.1272612032058594, ""rs_vs_nifty"": 0.1272612032058594}, {""sector"": ""NIFTY_MEDIA"", ""ltp"": 1601.85, ""return_pct"": -0.02184496317564202, ""rs_vs_nifty"": -0.02184496317564202}, {""sector"": ""NIFTY_AUTO"", ""ltp"": 29231.8, ""return_pct"": -0.11191014384297725, ""rs_vs_nifty"": -0.11191014384297725}, {""sector"": ""NIFTY_PSU_BANK"", ""ltp"": 8607.65, ""return_pct"": -0.12589197656205098, ""rs_vs_nifty"": -0.12589197656205098}, {""sector"": ""NIFTY_REALTY"", ""ltp"": 894.25, ""return_pct"": -0.17302969412814853, ""rs_vs_nifty"": -0.17302969412814853}, {""sector"": ""NIFTY_HEALTHCARE"", ""ltp"": 16423.05, ""return_pct"": -0.24690683139270914, ""rs_vs_nifty"": -0.24690683139270914}, {""sector"": ""NIFTY_METAL"", ""ltp"": 12989.05, ""return_pct"": -0.2783045304138868, ""rs_vs_nifty"": -0.2783045304138868}, {""sector"": ""NIFTY_PHARMA"", ""ltp"": 26279.65, ""return_pct"": -0.3120033078040657, ""rs_vs_nifty"": -0.3120033078040657}, {""sector"": ""NIFTY_BANK"", ""ltp"": 57077.35, ""return_pct"": -0.3231614462544408, ""rs_vs_nifty"": -0.3231614462544408}, {""sector"": ""NIFTY_FMCG"", ""ltp"": 47573.1, ""return_pct"": -0.3387465748259223, ""rs_vs_nifty"": -0.3387465748259223}, {""sector"": ""NIFTY_FIN_SERVICE"", ""ltp"": 25985.3, ""return_pct"": -0.4699708901486162, ""rs_vs_nifty"": -0.4699708901486162}, {""sector"": ""NIFTY_INFRA"", ""ltp"": 9321.1, ""return_pct"": -0.5913688936762339, ""rs_vs_nifty"": -0.5913688936762339}, {""sector"": ""NIFTY_ENERGY"", ""ltp"": 38207.8, ""return_pct"": -0.9617964247249351, ""rs_vs_nifty"": -0.9617964247249351}]"
2026-08-19 11:23:52,NORMAL,24056.95,,0,24082.95154193367,,,False,True,[],"[[""NIFTY_ENERGY"", -0.9941975979066138, -0.9941975979066138], [""NIFTY_INFRA"", -0.6142984359919005, -0.6142984359919005]]","[{""sector"": ""NIFTY_IT"", ""ltp"": 30259.9, ""return_pct"": 0.15373947695480233, ""rs_vs_nifty"": 0.15373947695480233}, {""sector"": ""NIFTY_MEDIA"", ""ltp"": 1601.4, ""return_pct"": -0.049931344401445164, ""rs_vs_nifty"": -0.049931344401445164}, {""sector"": ""NIFTY_AUTO"", ""ltp"": 29233.65, ""return_pct"": -0.10558850212970237, ""rs_vs_nifty"": -0.10558850212970237}, {""sector"": ""NIFTY_PSU_BANK"", ""ltp"": 8606.45, ""return_pct"": -0.1398155131403292, ""rs_vs_nifty"": -0.1398155131403292}, {""sector"": ""NIFTY_REALTY"", ""ltp"": 894.2, ""return_pct"": -0.17861129716453553, ""rs_vs_nifty"": -0.17861129716453553}, {""sector"": ""NIFTY_HEALTHCARE"", ""ltp"": 16424.9, ""return_pct"": -0.23566998912759146, ""rs_vs_nifty"": -0.23566998912759146}, {""sector"": ""NIFTY_PHARMA"", ""ltp"": 26284.25, ""return_pct"": -0.29455388268676175, ""rs_vs_nifty"": -0.29455388268676175}, {""sector"": ""NIFTY_FMCG"", ""ltp"": 47584.35, ""return_pct"": -0.31517886321929567, ""rs_vs_nifty"": -0.31517886321929567}, {""sector"": ""NIFTY_METAL"", ""ltp"": 12983.8, ""return_pct"": -0.3186107037841739, ""rs_vs_nifty"": -0.3186107037841739}, {""sector"": ""NIFTY_BANK"", ""ltp"": 57068.3, ""return_pct"": -0.33896588337198325, ""rs_vs_nifty"": -0.33896588337198325}, {""sector"": ""NIFTY_FIN_SERVICE"", ""ltp"": 25982.6, ""return_pct"": -0.48031254787805056, ""rs_vs_nifty"": -0.48031254787805056}, {""sector"": ""NIFTY_INFRA"", ""ltp"": 9318.95, ""return_pct"": -0.6142984359919005, ""rs_vs_nifty"": -0.6142984359919005}, {""sector"": ""NIFTY_ENERGY"", ""ltp"": 38195.3, ""return_pct"": -0.9941975979066138, ""rs_vs_nifty"": -0.9941975979066138}]"
2026-08-19 11:24:08,NORMAL,24055.0,,0,24082.898115071657,,,False,True,[],"[[""NIFTY_ENERGY"", -0.9851252694157437, -0.9851252694157437], [""NIFTY_INFRA"", -0.6169646618425599, -0.6169646618425599]]","[{""sector"": ""NIFTY_IT"", ""ltp"": 30258.1, ""return_pct"": 0.14778186536128055, ""rs_vs_nifty"": 0.14778186536128055}, {""sector"": ""NIFTY_MEDIA"", ""ltp"": 1601.3, ""return_pct"": -0.05617276245163469, ""rs_vs_nifty"": -0.05617276245163469}, {""sector"": ""NIFTY_AUTO"", ""ltp"": 29231.45, ""return_pct"": -0.1131061301130499, ""rs_vs_nifty"": -0.1131061301130499}, {""sector"": ""NIFTY_PSU_BANK"", ""ltp"": 8605.9, ""return_pct"": -0.14619713407205853, ""rs_vs_nifty"": -0.14619713407205853}, {""sector"": ""NIFTY_REALTY"", ""ltp"": 894.2, ""return_pct"": -0.17861129716453553, ""rs_vs_nifty"": -0.17861129716453553}, {""sector"": ""NIFTY_HEALTHCARE"", ""ltp"": 16425.45, ""return_pct"": -0.23232930629202425, ""rs_vs_nifty"": -0.23232930629202425}, {""sector"": ""NIFTY_PHARMA"", ""ltp"": 26286.0, ""return_pct"": -0.2879155144356114, ""rs_vs_nifty"": -0.2879155144356114}, {""sector"": ""NIFTY_FMCG"", ""ltp"": 47596.3, ""return_pct"": -0.29014471622380317, ""rs_vs_nifty"": -0.29014471622380317}, {""sector"": ""NIFTY_METAL"", ""ltp"": 12983.2, ""return_pct"": -0.32321712359790983, ""rs_vs_nifty"": -0.32321712359790983}, {""sector"": ""NIFTY_BANK"", ""ltp"": 57067.45, ""return_pct"": -0.34045027801839317, ""rs_vs_nifty"": -0.34045027801839317}, {""sector"": ""NIFTY_FIN_SERVICE"", ""ltp"": 25978.65, ""return_pct"": -0.4954420101118375, ""rs_vs_nifty"": -0.4954420101118375}, {""sector"": ""NIFTY_INFRA"", ""ltp"": 9318.7, ""return_pct"": -0.6169646618425599, ""rs_vs_nifty"": -0.6169646618425599}, {""sector"": ""NIFTY_ENERGY"", ""ltp"": 38198.8, ""return_pct"": -0.9851252694157437, ""rs_vs_nifty"": -0.9851252694157437}]"
2026-08-19 11:25:52,NORMAL,24050.3,,0,24082.56925698797,,,False,True,[],"[[""NIFTY_ENERGY"", -0.9995113903084166, -0.9995113903084166], [""NIFTY_INFRA"", -0.6505591075608833, -0.6505591075608833], [""NIFTY_FIN_SERVICE"", -0.5400643480925387, -0.5400643480925387]]","[{""sector"": ""NIFTY_IT"", ""ltp"": 30255.3, ""return_pct"": 0.13851446954915292, ""rs_vs_nifty"": 0.13851446954915292}, {""sector"": ""NIFTY_MEDIA"", ""ltp"": 1601.55, ""return_pct"": -0.04056921732618218, ""rs_vs_nifty"": -0.04056921732618218}, {""sector"": ""NIFTY_AUTO"", ""ltp"": 29228.7, ""return_pct"": -0.1225031650922312, ""rs_vs_nifty"": -0.1225031650922312}, {""sector"": ""NIFTY_PSU_BANK"", ""ltp"": 8602.2, ""return_pct"": -0.1891280385217761, ""rs_vs_nifty"": -0.1891280385217761}, {""sector"": ""NIFTY_REALTY"", ""ltp"": 894.1, ""return_pct"": -0.18977450323732217, ""rs_vs_nifty"": -0.18977450323732217}, {""sector"": ""NIFTY_HEALTHCARE"", ""ltp"": 16426.5, ""return_pct"": -0.22595163906048293, ""rs_vs_nifty"": -0.22595163906048293}, {""sector"": ""NIFTY_PHARMA"", ""ltp"": 26285.35, ""return_pct"": -0.2903811940717585, ""rs_vs_nifty"": -0.2903811940717585}, {""sector"": ""NIFTY_FMCG"", ""ltp"": 47590.7, ""return_pct"": -0.30187619933466947, ""rs_vs_nifty"": -0.30187619933466947}, {""sector"": ""NIFTY_BANK"", ""ltp"": 57058.75, ""return_pct"": -0.35564349381095006, ""rs_vs_nifty"": -0.35564349381095006}, {""sector"": ""NIFTY_METAL"", ""ltp"": 12975.25, ""return_pct"": -0.3842521861300644, ""rs_vs_nifty"": -0.3842521861300644}, {""sector"": ""NIFTY_FIN_SERVICE"", ""ltp"": 25967.0, ""return_pct"": -0.5400643480925387, ""rs_vs_nifty"": -0.5400643480925387}, {""sector"": ""NIFTY_INFRA"", ""ltp"": 9315.55, ""return_pct"": -0.6505591075608833, ""rs_vs_nifty"": -0.6505591075608833}, {""sector"": ""NIFTY_ENERGY"", ""ltp"": 38193.25, ""return_pct"": -0.9995113903084166, ""rs_vs_nifty"": -0.9995113903084166}]"
2026-08-19 11:26:10,NORMAL,24049.95,,0,24082.49913329982,,,False,True,[],"[[""NIFTY_ENERGY"", -0.993160760364815, -0.993160760364815], [""NIFTY_INFRA"", -0.652158843071275, -0.652158843071275], [""NIFTY_FIN_SERVICE"", -0.547916347479697, -0.547916347479697]]","[{""sector"": ""NIFTY_IT"", ""ltp"": 30259.3, ""return_pct"": 0.15175360642362437, ""rs_vs_nifty"": 0.15175360642362437}, {""sector"": ""NIFTY_MEDIA"", ""ltp"": 1601.95, ""return_pct"": -0.015603545125452502, ""rs_vs_nifty"": -0.015603545125452502}, {""sector"": ""NIFTY_AUTO"", ""ltp"": 29229.6, ""return_pct"": -0.11942777182632477, ""rs_vs_nifty"": -0.11942777182632477}, {""sector"": ""NIFTY_PSU_BANK"", ""ltp"": 8602.3, ""return_pct"": -0.1879677438069354, ""rs_vs_nifty"": -0.1879677438069354}, {""sector"": ""NIFTY_REALTY"", ""ltp"": 894.05, ""return_pct"": -0.19535610627372182, ""rs_vs_nifty"": -0.19535610627372182}, {""sector"": ""NIFTY_HEALTHCARE"", ""ltp"": 16426.95, ""return_pct"": -0.22321835310410176, ""rs_vs_nifty"": -0.22321835310410176}, {""sector"": ""NIFTY_PHARMA"", ""ltp"": 26288.9, ""return_pct"": -0.27691478990512824, ""rs_vs_nifty"": -0.27691478990512824}, {""sector"": ""NIFTY_FMCG"", ""ltp"": 47588.65, ""return_pct"": -0.3061707601163123, ""rs_vs_nifty"": -0.3061707601163123}, {""sector"": ""NIFTY_BANK"", ""ltp"": 57052.7, ""return_pct"": -0.36620889100003556, ""rs_vs_nifty"": -0.36620889100003556}, {""sector"": ""NIFTY_METAL"", ""ltp"": 12975.75, ""return_pct"": -0.38041350295194176, ""rs_vs_nifty"": -0.38041350295194176}, {""sector"": ""NIFTY_FIN_SERVICE"", ""ltp"": 25964.95, ""return_pct"": -0.547916347479697, ""rs_vs_nifty"": -0.547916347479697}, {""sector"": ""NIFTY_INFRA"", ""ltp"": 9315.4, ""return_pct"": -0.652158843071275, ""rs_vs_nifty"": -0.652158843071275}, {""sector"": ""NIFTY_ENERGY"", ""ltp"": 38195.7, ""return_pct"": -0.993160760364815, ""rs_vs_nifty"": -0.993160760364815}]"
2026-08-19 11:27:56,NORMAL,24055.7,,0,24082.19785603854,,,False,True,[],"[[""NIFTY_ENERGY"", -0.9410596738886609, -0.9410596738886609], [""NIFTY_INFRA"", -0.6409606944984941, -0.6409606944984941], [""NIFTY_FIN_SERVICE"", -0.5406388846330682, -0.5406388846330682]]","[{""sector"": ""NIFTY_IT"", ""ltp"": 30310.0, ""return_pct"": 0.31955966630755267, ""rs_vs_nifty"": 0.31955966630755267}, {""sector"": ""NIFTY_MEDIA"", ""ltp"": 1601.65, ""return_pct"": -0.034327799275992665, ""rs_vs_nifty"": -0.034327799275992665}, {""sector"": ""NIFTY_AUTO"", ""ltp"": 29232.0, ""return_pct"": -0.11122672311721614, ""rs_vs_nifty"": -0.11122672311721614}, {""sector"": ""NIFTY_PSU_BANK"", ""ltp"": 8601.5, ""return_pct"": -0.19725010152578754, ""rs_vs_nifty"": -0.19725010152578754}, {""sector"": ""NIFTY_HEALTHCARE"", ""ltp"": 16421.85, ""return_pct"": -0.2541955939430516, ""rs_vs_nifty"": -0.2541955939430516}, {""sector"": ""NIFTY_REALTY"", ""ltp"": 893.5, ""return_pct"": -0.2567537396740293, ""rs_vs_nifty"": -0.2567537396740293}, {""sector"": ""NIFTY_PHARMA"", ""ltp"": 26286.0, ""return_pct"": -0.2879155144356114, ""rs_vs_nifty"": -0.2879155144356114}, {""sector"": ""NIFTY_FMCG"", ""ltp"": 47588.3, ""return_pct"": -0.30690397781073764, ""rs_vs_nifty"": -0.30690397781073764}, {""sector"": ""NIFTY_METAL"", ""ltp"": 12984.4, ""return_pct"": -0.314004283970424, ""rs_vs_nifty"": -0.314004283970424}, {""sector"": ""NIFTY_BANK"", ""ltp"": 57045.65, ""return_pct"": -0.3785206348319316, ""rs_vs_nifty"": -0.3785206348319316}, {""sector"": ""NIFTY_FIN_SERVICE"", ""ltp"": 25966.85, ""return_pct"": -0.5406388846330682, ""rs_vs_nifty"": -0.5406388846330682}, {""sector"": ""NIFTY_INFRA"", ""ltp"": 9316.45, ""return_pct"": -0.6409606944984941, ""rs_vs_nifty"": -0.6409606944984941}, {""sector"": ""NIFTY_ENERGY"", ""ltp"": 38215.8, ""return_pct"": -0.9410596738886609, ""rs_vs_nifty"": -0.9410596738886609}]"
2026-08-19 11:28:13,NORMAL,24055.4,,0,24082.165313946196,,,False,True,[],"[[""NIFTY_ENERGY"", -0.9467622803686477, -0.9467622803686477], [""NIFTY_INFRA"", -0.6457599010296887, -0.6457599010296887], [""NIFTY_FIN_SERVICE"", -0.5398728359123669, -0.5398728359123669]]","[{""sector"": ""NIFTY_IT"", ""ltp"": 30324.7, ""return_pct"": 0.36821349432123773, ""rs_vs_nifty"": 0.36821349432123773}, {""sector"": ""NIFTY_MEDIA"", ""ltp"": 1601.85, ""return_pct"": -0.02184496317564202, ""rs_vs_nifty"": -0.02184496317564202}, {""sector"": ""NIFTY_AUTO"", ""ltp"": 29235.9, ""return_pct"": -0.09790001896491768, ""rs_vs_nifty"": -0.09790001896491768}, {""sector"": ""NIFTY_PSU_BANK"", ""ltp"": 8601.65, ""return_pct"": -0.1955096594535054, ""rs_vs_nifty"": -0.1955096594535054}, {""sector"": ""NIFTY_HEALTHCARE"", ""ltp"": 16421.1, ""return_pct"": -0.2587510705370128, ""rs_vs_nifty"": -0.2587510705370128}, {""sector"": ""NIFTY_REALTY"", ""ltp"": 893.45, ""return_pct"": -0.2623353427104163, ""rs_vs_nifty"": -0.2623353427104163}, {""sector"": ""NIFTY_FMCG"", ""ltp"": 47592.85, ""return_pct"": -0.2973721477831778, ""rs_vs_nifty"": -0.2973721477831778}, {""sector"": ""NIFTY_PHARMA"", ""ltp"": 26282.9, ""return_pct"": -0.2996749096233579, ""rs_vs_nifty"": -0.2996749096233579}, {""sector"": ""NIFTY_METAL"", ""ltp"": 12982.6, ""return_pct"": -0.3278235434116597, ""rs_vs_nifty"": -0.3278235434116597}, {""sector"": ""NIFTY_BANK"", ""ltp"": 57049.95, ""return_pct"": -0.37101134426779936, ""rs_vs_nifty"": -0.37101134426779936}, {""sector"": ""NIFTY_FIN_SERVICE"", ""ltp"": 25967.05, ""return_pct"": -0.5398728359123669, ""rs_vs_nifty"": -0.5398728359123669}, {""sector"": ""NIFTY_INFRA"", ""ltp"": 9316.0, ""return_pct"": -0.6457599010296887, ""rs_vs_nifty"": -0.6457599010296887}, {""sector"": ""NIFTY_ENERGY"", ""ltp"": 38213.6, ""return_pct"": -0.9467622803686477, ""rs_vs_nifty"": -0.9467622803686477}]"
2026-08-19 11:30:00,NORMAL,24055.95,,0,24081.895382788476,,,False,True,[],"[[""NIFTY_ENERGY"", -0.9716463813721731, -0.9716463813721731], [""NIFTY_INFRA"", -0.6532253334115428, -0.6532253334115428], [""NIFTY_FIN_SERVICE"", -0.5371916653899188, -0.5371916653899188]]","[{""sector"": ""NIFTY_IT"", ""ltp"": 30324.7, ""return_pct"": 0.36821349432123773, ""rs_vs_nifty"": 0.36821349432123773}, {""sector"": ""NIFTY_MEDIA"", ""ltp"": 1601.45, ""return_pct"": -0.046810635376357504, ""rs_vs_nifty"": -0.046810635376357504}, {""sector"": ""NIFTY_AUTO"", ""ltp"": 29235.55, ""return_pct"": -0.09909600523500277, ""rs_vs_nifty"": -0.09909600523500277}, {""sector"": ""NIFTY_PSU_BANK"", ""ltp"": 8599.2, ""return_pct"": -0.2239368799675033, ""rs_vs_nifty"": -0.2239368799675033}, {""sector"": ""NIFTY_HEALTHCARE"", ""ltp"": 16422.0, ""return_pct"": -0.25328449862425045, ""rs_vs_nifty"": -0.25328449862425045}, {""sector"": ""NIFTY_PHARMA"", ""ltp"": 26286.2, ""return_pct"": -0.28715684377833434, ""rs_vs_nifty"": -0.28715684377833434}, {""sector"": ""NIFTY_REALTY"", ""ltp"": 893.1, ""return_pct"": -0.3014065639651632, ""rs_vs_nifty"": -0.3014065639651632}, {""sector"": ""NIFTY_FMCG"", ""ltp"": 47589.65, ""return_pct"": -0.3040758524179455, ""rs_vs_nifty"": -0.3040758524179455}, {""sector"": ""NIFTY_METAL"", ""ltp"": 12982.3, ""return_pct"": -0.3301267533185416, ""rs_vs_nifty"": -0.3301267533185416}, {""sector"": ""NIFTY_BANK"", ""ltp"": 57052.5, ""return_pct"": -0.3665581603285951, ""rs_vs_nifty"": -0.3665581603285951}, {""sector"": ""NIFTY_FIN_SERVICE"", ""ltp"": 25967.75, ""return_pct"": -0.5371916653899188, ""rs_vs_nifty"": -0.5371916653899188}, {""sector"": ""NIFTY_INFRA"", ""ltp"": 9315.3, ""return_pct"": -0.6532253334115428, ""rs_vs_nifty"": -0.6532253334115428}, {""sector"": ""NIFTY_ENERGY"", ""ltp"": 38204.0, ""return_pct"": -0.9716463813721731, ""rs_vs_nifty"": -0.9716463813721731}]"
2026-08-19 11:30:17,NORMAL,24053.4,,0,24081.84244059701,,,False,True,[],"[[""NIFTY_ENERGY"", -0.9795522676285102, -0.9795522676285102], [""NIFTY_INFRA"", -0.6654899723245719, -0.6654899723245719], [""NIFTY_FIN_SERVICE"", -0.5258924467596111, -0.5258924467596111]]","[{""sector"": ""NIFTY_IT"", ""ltp"": 30332.85, ""return_pct"": 0.39518823570296613, ""rs_vs_nifty"": 0.39518823570296613}, {""sector"": ""NIFTY_MEDIA"", ""ltp"": 1601.2, ""return_pct"": -0.06241418050181001, ""rs_vs_nifty"": -0.06241418050181001}, {""sector"": ""NIFTY_AUTO"", ""ltp"": 29233.75, ""return_pct"": -0.10524679176682804, ""rs_vs_nifty"": -0.10524679176682804}, {""sector"": ""NIFTY_PSU_BANK"", ""ltp"": 8600.25, ""return_pct"": -0.21175378546150725, ""rs_vs_nifty"": -0.21175378546150725}, {""sector"": ""NIFTY_HEALTHCARE"", ""ltp"": 16421.95, ""return_pct"": -0.2535881970638435, ""rs_vs_nifty"": -0.2535881970638435}, {""sector"": ""NIFTY_PHARMA"", ""ltp"": 26285.05, ""return_pct"": -0.29151920005766724, ""rs_vs_nifty"": -0.29151920005766724}, {""sector"": ""NIFTY_REALTY"", ""ltp"": 893.15, ""return_pct"": -0.2958249609287762, ""rs_vs_nifty"": -0.2958249609287762}, {""sector"": ""NIFTY_FMCG"", ""ltp"": 47581.6, ""return_pct"": -0.3209398593898044, ""rs_vs_nifty"": -0.3209398593898044}, {""sector"": ""NIFTY_METAL"", ""ltp"": 12981.35, ""return_pct"": -0.3374202513569661, ""rs_vs_nifty"": -0.3374202513569661}, {""sector"": ""NIFTY_BANK"", ""ltp"": 57055.85, ""return_pct"": -0.3607078990751399, ""rs_vs_nifty"": -0.3607078990751399}, {""sector"": ""NIFTY_FIN_SERVICE"", ""ltp"": 25970.7, ""return_pct"": -0.5258924467596111, ""rs_vs_nifty"": -0.5258924467596111}, {""sector"": ""NIFTY_INFRA"", ""ltp"": 9314.15, ""return_pct"": -0.6654899723245719, ""rs_vs_nifty"": -0.6654899723245719}, {""sector"": ""NIFTY_ENERGY"", ""ltp"": 38200.95, ""return_pct"": -0.9795522676285102, ""rs_vs_nifty"": -0.9795522676285102}]"
2026-08-19 11:32:03,NORMAL,24055.9,,0,24081.6234923766,,,False,True,[],"[[""NIFTY_ENERGY"", -0.9987337621520487, -0.9987337621520487], [""NIFTY_INFRA"", -0.6830870629389197, -0.6830870629389197], [""NIFTY_FIN_SERVICE"", -0.5140186915887879, -0.5140186915887879]]","[{""sector"": ""NIFTY_IT"", ""ltp"": 30346.25, ""return_pct"": 0.43953934423245034, ""rs_vs_nifty"": 0.43953934423245034}, {""sector"": ""NIFTY_AUTO"", ""ltp"": 29233.15, ""return_pct"": -0.10729705394409898, ""rs_vs_nifty"": -0.10729705394409898}, {""sector"": ""NIFTY_MEDIA"", ""ltp"": 1600.35, ""return_pct"": -0.11546623392835703, ""rs_vs_nifty"": -0.11546623392835703}, {""sector"": ""NIFTY_PSU_BANK"", ""ltp"": 8603.3, ""return_pct"": -0.17636479665835966, ""rs_vs_nifty"": -0.17636479665835966}, {""sector"": ""NIFTY_HEALTHCARE"", ""ltp"": 16423.05, ""return_pct"": -0.24690683139270914, ""rs_vs_nifty"": -0.24690683139270914}, {""sector"": ""NIFTY_PHARMA"", ""ltp"": 26289.3, ""return_pct"": -0.27539744859058785, ""rs_vs_nifty"": -0.27539744859058785}, {""sector"": ""NIFTY_FMCG"", ""ltp"": 47600.85, ""return_pct"": -0.2806128861962433, ""rs_vs_nifty"": -0.2806128861962433}, {""sector"": ""NIFTY_REALTY"", ""ltp"": 892.75, ""return_pct"": -0.3404777852199101, ""rs_vs_nifty"": -0.3404777852199101}, {""sector"": ""NIFTY_BANK"", ""ltp"": 57065.45, ""return_pct"": -0.34394297130403956, ""rs_vs_nifty"": -0.34394297130403956}, {""sector"": ""NIFTY_METAL"", ""ltp"": 12976.35, ""return_pct"": -0.3758070831381919, ""rs_vs_nifty"": -0.3758070831381919}, {""sector"": ""NIFTY_FIN_SERVICE"", ""ltp"": 25973.8, ""return_pct"": -0.5140186915887879, ""rs_vs_nifty"": -0.5140186915887879}, {""sector"": ""NIFTY_INFRA"", ""ltp"": 9312.5, ""return_pct"": -0.6830870629389197, ""rs_vs_nifty"": -0.6830870629389197}, {""sector"": ""NIFTY_ENERGY"", ""ltp"": 38193.55, ""return_pct"": -0.9987337621520487, ""rs_vs_nifty"": -0.9987337621520487}]"
2026-08-19 11:32:21,NORMAL,24056.1,,0,24081.58197416571,,,False,True,[],"[[""NIFTY_ENERGY"", -1.005473206173853, -1.005473206173853], [""NIFTY_INFRA"", -0.6841535532791874, -0.6841535532791874], [""NIFTY_FIN_SERVICE"", -0.5170828864715796, -0.5170828864715796]]","[{""sector"": ""NIFTY_IT"", ""ltp"": 30344.9, ""return_pct"": 0.435071135537321, ""rs_vs_nifty"": 0.435071135537321}, {""sector"": ""NIFTY_AUTO"", ""ltp"": 29231.8, ""return_pct"": -0.11191014384297725, ""rs_vs_nifty"": -0.11191014384297725}, {""sector"": ""NIFTY_MEDIA"", ""ltp"": 1600.35, ""return_pct"": -0.11546623392835703, ""rs_vs_nifty"": -0.11546623392835703}, {""sector"": ""NIFTY_PSU_BANK"", ""ltp"": 8602.9, ""return_pct"": -0.18100597551778574, ""rs_vs_nifty"": -0.18100597551778574}, {""sector"": ""NIFTY_HEALTHCARE"", ""ltp"": 16419.9, ""return_pct"": -0.2660398330873332, ""rs_vs_nifty"": -0.2660398330873332}, {""sector"": ""NIFTY_PHARMA"", ""ltp"": 26288.95, ""return_pct"": -0.2767251222408124, ""rs_vs_nifty"": -0.2767251222408124}, {""sector"": ""NIFTY_FMCG"", ""ltp"": 47602.2, ""return_pct"": -0.27778476080345116, ""rs_vs_nifty"": -0.27778476080345116}, {""sector"": ""NIFTY_BANK"", ""ltp"": 57066.6, ""return_pct"": -0.34193467266479033, ""rs_vs_nifty"": -0.34193467266479033}, {""sector"": ""NIFTY_REALTY"", ""ltp"": 892.7, ""return_pct"": -0.34605938825629706, ""rs_vs_nifty"": -0.34605938825629706}, {""sector"": ""NIFTY_METAL"", ""ltp"": 12970.55, ""return_pct"": -0.4203358080044222, ""rs_vs_nifty"": -0.4203358080044222}, {""sector"": ""NIFTY_FIN_SERVICE"", ""ltp"": 25973.0, ""return_pct"": -0.5170828864715796, ""rs_vs_nifty"": -0.5170828864715796}, {""sector"": ""NIFTY_INFRA"", ""ltp"": 9312.4, ""return_pct"": -0.6841535532791874, ""rs_vs_nifty"": -0.6841535532791874}, {""sector"": ""NIFTY_ENERGY"", ""ltp"": 38190.95, ""return_pct"": -1.005473206173853, ""rs_vs_nifty"": -1.005473206173853}]"
2026-08-19 11:34:06,NORMAL,24054.8,,0,24081.255713274633,,,False,True,[],"[[""NIFTY_ENERGY"", -0.9598523543340345, -0.9598523543340345], [""NIFTY_INFRA"", -0.6670897078349636, -0.6670897078349636], [""NIFTY_FIN_SERVICE"", -0.5073157652826747, -0.5073157652826747]]","[{""sector"": ""NIFTY_IT"", ""ltp"": 30328.25, ""return_pct"": 0.37996322829732876, ""rs_vs_nifty"": 0.37996322829732876}, {""sector"": ""NIFTY_MEDIA"", ""ltp"": 1600.8, ""return_pct"": -0.08737985270253969, ""rs_vs_nifty"": -0.08737985270253969}, {""sector"": ""NIFTY_AUTO"", ""ltp"": 29238.85, ""return_pct"": -0.08781956325998769, ""rs_vs_nifty"": -0.08781956325998769}, {""sector"": ""NIFTY_PSU_BANK"", ""ltp"": 8603.95, ""return_pct"": -0.16882288101176857, ""rs_vs_nifty"": -0.16882288101176857}, {""sector"": ""NIFTY_PHARMA"", ""ltp"": 26288.0, ""return_pct"": -0.2803288078628682, ""rs_vs_nifty"": -0.2803288078628682}, {""sector"": ""NIFTY_HEALTHCARE"", ""ltp"": 16417.1, ""return_pct"": -0.2830469457048062, ""rs_vs_nifty"": -0.2830469457048062}, {""sector"": ""NIFTY_FMCG"", ""ltp"": 47590.75, ""return_pct"": -0.301771453949745, ""rs_vs_nifty"": -0.301771453949745}, {""sector"": ""NIFTY_REALTY"", ""ltp"": 893.0, ""return_pct"": -0.31256977003794983, ""rs_vs_nifty"": -0.31256977003794983}, {""sector"": ""NIFTY_BANK"", ""ltp"": 57072.0, ""return_pct"": -0.33250440079354243, ""rs_vs_nifty"": -0.33250440079354243}, {""sector"": ""NIFTY_METAL"", ""ltp"": 12976.9, ""return_pct"": -0.3715845316422627, ""rs_vs_nifty"": -0.3715845316422627}, {""sector"": ""NIFTY_FIN_SERVICE"", ""ltp"": 25975.55, ""return_pct"": -0.5073157652826747, ""rs_vs_nifty"": -0.5073157652826747}, {""sector"": ""NIFTY_INFRA"", ""ltp"": 9314.0, ""return_pct"": -0.6670897078349636, ""rs_vs_nifty"": -0.6670897078349636}, {""sector"": ""NIFTY_ENERGY"", ""ltp"": 38208.55, ""return_pct"": -0.9598523543340345, ""rs_vs_nifty"": -0.9598523543340345}]"
2026-08-19 11:34:24,NORMAL,24056.8,,0,24081.165701990816,,,False,True,[],"[[""NIFTY_ENERGY"", -0.9573898651722343, -0.9573898651722343], [""NIFTY_INFRA"", -0.6681561981752312, -0.6681561981752312], [""NIFTY_FIN_SERVICE"", -0.5036770338593535, -0.5036770338593535]]","[{""sector"": ""NIFTY_IT"", ""ltp"": 30331.6, ""return_pct"": 0.39105100542969373, ""rs_vs_nifty"": 0.39105100542969373}, {""sector"": ""NIFTY_AUTO"", ""ltp"": 29237.95, ""return_pct"": -0.09089495652589412, ""rs_vs_nifty"": -0.09089495652589412}, {""sector"": ""NIFTY_MEDIA"", ""ltp"": 1600.35, ""return_pct"": -0.11546623392835703, ""rs_vs_nifty"": -0.11546623392835703}, {""sector"": ""NIFTY_PSU_BANK"", ""ltp"": 8604.25, ""return_pct"": -0.16534199686720427, ""rs_vs_nifty"": -0.16534199686720427}, {""sector"": ""NIFTY_HEALTHCARE"", ""ltp"": 16418.15, ""return_pct"": -0.2766692784732428, ""rs_vs_nifty"": -0.2766692784732428}, {""sector"": ""NIFTY_PHARMA"", ""ltp"": 26287.55, ""return_pct"": -0.2820358168417382, ""rs_vs_nifty"": -0.2820358168417382}, {""sector"": ""NIFTY_FMCG"", ""ltp"": 47597.1, ""return_pct"": -0.28846879006511883, ""rs_vs_nifty"": -0.28846879006511883}, {""sector"": ""NIFTY_REALTY"", ""ltp"": 892.85, ""return_pct"": -0.3293145791471234, ""rs_vs_nifty"": -0.3293145791471234}, {""sector"": ""NIFTY_BANK"", ""ltp"": 57071.7, ""return_pct"": -0.3330283047863945, ""rs_vs_nifty"": -0.3330283047863945}, {""sector"": ""NIFTY_METAL"", ""ltp"": 12977.8, ""return_pct"": -0.3646749019216448, ""rs_vs_nifty"": -0.3646749019216448}, {""sector"": ""NIFTY_FIN_SERVICE"", ""ltp"": 25976.5, ""return_pct"": -0.5036770338593535, ""rs_vs_nifty"": -0.5036770338593535}, {""sector"": ""NIFTY_INFRA"", ""ltp"": 9313.9, ""return_pct"": -0.6681561981752312, ""rs_vs_nifty"": -0.6681561981752312}, {""sector"": ""NIFTY_ENERGY"", ""ltp"": 38209.5, ""return_pct"": -0.9573898651722343, ""rs_vs_nifty"": -0.9573898651722343}]"
2026-08-19 11:36:04,NORMAL,24053.5,,0,24080.694124790913,,,False,True,[],"[[""NIFTY_ENERGY"", -0.9538905384686168, -0.9538905384686168], [""NIFTY_INFRA"", -0.6590910302829855, -0.6590910302829855], [""NIFTY_FIN_SERVICE"", -0.5153592768500048, -0.5153592768500048]]","[{""sector"": ""NIFTY_IT"", ""ltp"": 30332.15, ""return_pct"": 0.3928713867499432, ""rs_vs_nifty"": 0.3928713867499432}, {""sector"": ""NIFTY_PSU_BANK"", ""ltp"": 8608.05, ""return_pct"": -0.1212507977026249, ""rs_vs_nifty"": -0.1212507977026249}, {""sector"": ""NIFTY_AUTO"", ""ltp"": 29219.15, ""return_pct"": -0.15513650474720378, ""rs_vs_nifty"": -0.15513650474720378}, {""sector"": ""NIFTY_MEDIA"", ""ltp"": 1598.75, ""return_pct"": -0.21532892273124737, ""rs_vs_nifty"": -0.21532892273124737}, {""sector"": ""NIFTY_HEALTHCARE"", ""ltp"": 16417.55, ""return_pct"": -0.28031365974842504, ""rs_vs_nifty"": -0.28031365974842504}, {""sector"": ""NIFTY_PHARMA"", ""ltp"": 26285.65, ""return_pct"": -0.289243188085836, ""rs_vs_nifty"": -0.289243188085836}, {""sector"": ""NIFTY_REALTY"", ""ltp"": 893.1, ""return_pct"": -0.3014065639651632, ""rs_vs_nifty"": -0.3014065639651632}, {""sector"": ""NIFTY_FMCG"", ""ltp"": 47589.65, ""return_pct"": -0.3040758524179455, ""rs_vs_nifty"": -0.3040758524179455}, {""sector"": ""NIFTY_BANK"", ""ltp"": 57075.15, ""return_pct"": -0.32700340886864676, ""rs_vs_nifty"": -0.32700340886864676}, {""sector"": ""NIFTY_METAL"", ""ltp"": 12981.05, ""return_pct"": -0.33972346126384806, ""rs_vs_nifty"": -0.33972346126384806}, {""sector"": ""NIFTY_FIN_SERVICE"", ""ltp"": 25973.45, ""return_pct"": -0.5153592768500048, ""rs_vs_nifty"": -0.5153592768500048}, {""sector"": ""NIFTY_INFRA"", ""ltp"": 9314.75, ""return_pct"": -0.6590910302829855, ""rs_vs_nifty"": -0.6590910302829855}, {""sector"": ""NIFTY_ENERGY"", ""ltp"": 38210.85, ""return_pct"": -0.9538905384686168, ""rs_vs_nifty"": -0.9538905384686168}]"
2026-08-19 11:36:22,NORMAL,24052.85,,0,24080.641377044627,,,False,True,[],"[[""NIFTY_ENERGY"", -0.9599819590267687, -0.9599819590267687], [""NIFTY_INFRA"", -0.6724221595362823, -0.6724221595362823], [""NIFTY_FIN_SERVICE"", -0.519189520453498, -0.519189520453498]]","[{""sector"": ""NIFTY_IT"", ""ltp"": 30326.7, ""return_pct"": 0.37483306275847345, ""rs_vs_nifty"": 0.37483306275847345}, {""sector"": ""NIFTY_PSU_BANK"", ""ltp"": 8608.85, ""return_pct"": -0.11196843998375165, ""rs_vs_nifty"": -0.11196843998375165}, {""sector"": ""NIFTY_AUTO"", ""ltp"": 29218.2, ""return_pct"": -0.1583827531945598, ""rs_vs_nifty"": -0.1583827531945598}, {""sector"": ""NIFTY_MEDIA"", ""ltp"": 1598.5, ""return_pct"": -0.23093246785669988, ""rs_vs_nifty"": -0.23093246785669988}, {""sector"": ""NIFTY_HEALTHCARE"", ""ltp"": 16418.95, ""return_pct"": -0.27181010343968853, ""rs_vs_nifty"": -0.27181010343968853}, {""sector"": ""NIFTY_PHARMA"", ""ltp"": 26287.0, ""return_pct"": -0.2841221611492398, ""rs_vs_nifty"": -0.2841221611492398}, {""sector"": ""NIFTY_FMCG"", ""ltp"": 47587.05, ""return_pct"": -0.30952261243369616, ""rs_vs_nifty"": -0.30952261243369616}, {""sector"": ""NIFTY_REALTY"", ""ltp"": 892.85, ""return_pct"": -0.3293145791471234, ""rs_vs_nifty"": -0.3293145791471234}, {""sector"": ""NIFTY_BANK"", ""ltp"": 57073.75, ""return_pct"": -0.32944829416860183, ""rs_vs_nifty"": -0.32944829416860183}, {""sector"": ""NIFTY_METAL"", ""ltp"": 12978.45, ""return_pct"": -0.35968461379007427, ""rs_vs_nifty"": -0.35968461379007427}, {""sector"": ""NIFTY_FIN_SERVICE"", ""ltp"": 25972.45, ""return_pct"": -0.519189520453498, ""rs_vs_nifty"": -0.519189520453498}, {""sector"": ""NIFTY_INFRA"", ""ltp"": 9313.5, ""return_pct"": -0.6724221595362823, ""rs_vs_nifty"": -0.6724221595362823}, {""sector"": ""NIFTY_ENERGY"", ""ltp"": 38208.5, ""return_pct"": -0.9599819590267687, ""rs_vs_nifty"": -0.9599819590267687}]"
2026-08-19 11:38:02,NORMAL,24045.15,,0,24080.32888304184,,,False,True,[],"[[""NIFTY_ENERGY"", -0.9739792658412577, -0.9739792658412577], [""NIFTY_INFRA"", -0.6964181921922166, -0.6964181921922166], [""NIFTY_FIN_SERVICE"", -0.5550022981461676, -0.5550022981461676]]","[{""sector"": ""NIFTY_IT"", ""ltp"": 30317.2, ""return_pct"": 0.34339011268160374, ""rs_vs_nifty"": 0.34339011268160374}, {""sector"": ""NIFTY_PSU_BANK"", ""ltp"": 8607.55, ""return_pct"": -0.1270522712769128, ""rs_vs_nifty"": -0.1270522712769128}, {""sector"": ""NIFTY_AUTO"", ""ltp"": 29209.85, ""return_pct"": -0.18691556849499044, ""rs_vs_nifty"": -0.18691556849499044}, {""sector"": ""NIFTY_HEALTHCARE"", ""ltp"": 16423.25, ""return_pct"": -0.24569203763431502, ""rs_vs_nifty"": -0.24569203763431502}, {""sector"": ""NIFTY_PHARMA"", ""ltp"": 26296.6, ""return_pct"": -0.2477059696000778, ""rs_vs_nifty"": -0.2477059696000778}, {""sector"": ""NIFTY_FMCG"", ""ltp"": 47573.05, ""return_pct"": -0.3388513202108315, ""rs_vs_nifty"": -0.3388513202108315}, {""sector"": ""NIFTY_MEDIA"", ""ltp"": 1596.4, ""return_pct"": -0.3620022469104952, ""rs_vs_nifty"": -0.3620022469104952}, {""sector"": ""NIFTY_BANK"", ""ltp"": 57053.15, ""return_pct"": -0.3654230350107575, ""rs_vs_nifty"": -0.3654230350107575}, {""sector"": ""NIFTY_REALTY"", ""ltp"": 892.3, ""return_pct"": -0.39071221254744365, ""rs_vs_nifty"": -0.39071221254744365}, {""sector"": ""NIFTY_METAL"", ""ltp"": 12970.55, ""return_pct"": -0.4203358080044222, ""rs_vs_nifty"": -0.4203358080044222}, {""sector"": ""NIFTY_FIN_SERVICE"", ""ltp"": 25963.1, ""return_pct"": -0.5550022981461676, ""rs_vs_nifty"": -0.5550022981461676}, {""sector"": ""NIFTY_INFRA"", ""ltp"": 9311.25, ""return_pct"": -0.6964181921922166, ""rs_vs_nifty"": -0.6964181921922166}, {""sector"": ""NIFTY_ENERGY"", ""ltp"": 38203.1, ""return_pct"": -0.9739792658412577, ""rs_vs_nifty"": -0.9739792658412577}]"
2026-08-19 11:38:18,NORMAL,24046.2,,0,24080.310640491803,,,False,True,[],"[[""NIFTY_ENERGY"", -0.9611484012613016, -0.9611484012613016], [""NIFTY_INFRA"", -0.6910857404908978, -0.6910857404908978], [""NIFTY_FIN_SERVICE"", -0.5465757622184799, -0.5465757622184799]]","[{""sector"": ""NIFTY_IT"", ""ltp"": 30319.75, ""return_pct"": 0.35183006243907683, ""rs_vs_nifty"": 0.35183006243907683}, {""sector"": ""NIFTY_PSU_BANK"", ""ltp"": 8611.3, ""return_pct"": -0.08354121946975376, ""rs_vs_nifty"": -0.08354121946975376}, {""sector"": ""NIFTY_AUTO"", ""ltp"": 29210.85, ""return_pct"": -0.18349846486619725, ""rs_vs_nifty"": -0.18349846486619725}, {""sector"": ""NIFTY_HEALTHCARE"", ""ltp"": 16423.8, ""return_pct"": -0.24235135479874786, ""rs_vs_nifty"": -0.24235135479874786}, {""sector"": ""NIFTY_PHARMA"", ""ltp"": 26295.3, ""return_pct"": -0.2526373288723581, ""rs_vs_nifty"": -0.2526373288723581}, {""sector"": ""NIFTY_FMCG"", ""ltp"": 47580.55, ""return_pct"": -0.3231395124730804, ""rs_vs_nifty"": -0.3231395124730804}, {""sector"": ""NIFTY_BANK"", ""ltp"": 57064.55, ""return_pct"": -0.3455146832825703, ""rs_vs_nifty"": -0.3455146832825703}, {""sector"": ""NIFTY_MEDIA"", ""ltp"": 1596.4, ""return_pct"": -0.3620022469104952, ""rs_vs_nifty"": -0.3620022469104952}, {""sector"": ""NIFTY_REALTY"", ""ltp"": 892.45, ""return_pct"": -0.37396740343825735, ""rs_vs_nifty"": -0.37396740343825735}, {""sector"": ""NIFTY_METAL"", ""ltp"": 12971.4, ""return_pct"": -0.41381004660161097, ""rs_vs_nifty"": -0.41381004660161097}, {""sector"": ""NIFTY_FIN_SERVICE"", ""ltp"": 25965.3, ""return_pct"": -0.5465757622184799, ""rs_vs_nifty"": -0.5465757622184799}, {""sector"": ""NIFTY_INFRA"", ""ltp"": 9311.75, ""return_pct"": -0.6910857404908978, ""rs_vs_nifty"": -0.6910857404908978}, {""sector"": ""NIFTY_ENERGY"", ""ltp"": 38208.05, ""return_pct"": -0.9611484012613016, ""rs_vs_nifty"": -0.9611484012613016}]"
2026-08-19 11:40:00,NORMAL,24049.45,,0,24080.013071573434,,,False,True,[],"[[""NIFTY_ENERGY"", -0.9715167766794387, -0.9715167766794387], [""NIFTY_INFRA"", -0.6782878564077252, -0.6782878564077252], [""NIFTY_FIN_SERVICE"", -0.5490654205607421, -0.5490654205607421]]","[{""sector"": ""NIFTY_IT"", ""ltp"": 30356.1, ""return_pct"": 0.4721407187858315, ""rs_vs_nifty"": 0.4721407187858315}, {""sector"": ""NIFTY_PSU_BANK"", ""ltp"": 8609.05, ""return_pct"": -0.10964785055404917, ""rs_vs_nifty"": -0.10964785055404917}, {""sector"": ""NIFTY_AUTO"", ""ltp"": 29213.0, ""return_pct"": -0.1761516920642869, ""rs_vs_nifty"": -0.1761516920642869}, {""sector"": ""NIFTY_HEALTHCARE"", ""ltp"": 16422.35, ""return_pct"": -0.25115860954707736, ""rs_vs_nifty"": -0.25115860954707736}, {""sector"": ""NIFTY_PHARMA"", ""ltp"": 26294.1, ""return_pct"": -0.2571893528160068, ""rs_vs_nifty"": -0.2571893528160068}, {""sector"": ""NIFTY_MEDIA"", ""ltp"": 1596.9, ""return_pct"": -0.3307951566595902, ""rs_vs_nifty"": -0.3307951566595902}, {""sector"": ""NIFTY_FMCG"", ""ltp"": 47575.2, ""return_pct"": -0.33434726865935505, ""rs_vs_nifty"": -0.33434726865935505}, {""sector"": ""NIFTY_REALTY"", ""ltp"": 892.8, ""return_pct"": -0.33489618218352313, ""rs_vs_nifty"": -0.33489618218352313}, {""sector"": ""NIFTY_BANK"", ""ltp"": 57064.4, ""return_pct"": -0.3457766352789963, ""rs_vs_nifty"": -0.3457766352789963}, {""sector"": ""NIFTY_METAL"", ""ltp"": 12972.9, ""return_pct"": -0.4022939970672433, ""rs_vs_nifty"": -0.4022939970672433}, {""sector"": ""NIFTY_FIN_SERVICE"", ""ltp"": 25964.65, ""return_pct"": -0.5490654205607421, ""rs_vs_nifty"": -0.5490654205607421}, {""sector"": ""NIFTY_INFRA"", ""ltp"": 9312.95, ""return_pct"": -0.6782878564077252, ""rs_vs_nifty"": -0.6782878564077252}, {""sector"": ""NIFTY_ENERGY"", ""ltp"": 38204.05, ""return_pct"": -0.9715167766794387, ""rs_vs_nifty"": -0.9715167766794387}]"
2026-08-19 11:40:17,NORMAL,24047.85,,0,24079.96492863834,,,False,True,[],"[[""NIFTY_ENERGY"", -0.9681470546685556, -0.9681470546685556], [""NIFTY_INFRA"", -0.6830870629389197, -0.6830870629389197], [""NIFTY_FIN_SERVICE"", -0.5530871763444212, -0.5530871763444212]]","[{""sector"": ""NIFTY_IT"", ""ltp"": 30363.0, ""return_pct"": 0.4949782298942996, ""rs_vs_nifty"": 0.4949782298942996}, {""sector"": ""NIFTY_PSU_BANK"", ""ltp"": 8608.45, ""return_pct"": -0.11660961884317772, ""rs_vs_nifty"": -0.11660961884317772}, {""sector"": ""NIFTY_AUTO"", ""ltp"": 29210.5, ""return_pct"": -0.1846944511362699, ""rs_vs_nifty"": -0.1846944511362699}, {""sector"": ""NIFTY_MEDIA"", ""ltp"": 1598.1, ""return_pct"": -0.25589814005742956, ""rs_vs_nifty"": -0.25589814005742956}, {""sector"": ""NIFTY_HEALTHCARE"", ""ltp"": 16420.25, ""return_pct"": -0.2639139440101601, ""rs_vs_nifty"": -0.2639139440101601}, {""sector"": ""NIFTY_PHARMA"", ""ltp"": 26291.0, ""return_pct"": -0.26894874800375335, ""rs_vs_nifty"": -0.26894874800375335}, {""sector"": ""NIFTY_REALTY"", ""ltp"": 892.9, ""return_pct"": -0.3237329761107365, ""rs_vs_nifty"": -0.3237329761107365}, {""sector"": ""NIFTY_FMCG"", ""ltp"": 47568.85, ""return_pct"": -0.34764993254398124, ""rs_vs_nifty"": -0.34764993254398124}, {""sector"": ""NIFTY_BANK"", ""ltp"": 57050.95, ""return_pct"": -0.36926499762497617, ""rs_vs_nifty"": -0.36926499762497617}, {""sector"": ""NIFTY_METAL"", ""ltp"": 12969.1, ""return_pct"": -0.43146798922096924, ""rs_vs_nifty"": -0.43146798922096924}, {""sector"": ""NIFTY_FIN_SERVICE"", ""ltp"": 25963.6, ""return_pct"": -0.5530871763444212, ""rs_vs_nifty"": -0.5530871763444212}, {""sector"": ""NIFTY_INFRA"", ""ltp"": 9312.5, ""return_pct"": -0.6830870629389197, ""rs_vs_nifty"": -0.6830870629389197}, {""sector"": ""NIFTY_ENERGY"", ""ltp"": 38205.35, ""return_pct"": -0.9681470546685556, ""rs_vs_nifty"": -0.9681470546685556}]"
2026-08-19 11:41:55,NORMAL,24050.75,,0,24079.722059174917,,,False,True,"[[""NIFTY_IT"", 0.5426391226424018, 0.5426391226424018]]","[[""NIFTY_ENERGY"", -0.9649069373503877, -0.9649069373503877], [""NIFTY_INFRA"", -0.6580245399427179, -0.6580245399427179], [""NIFTY_FIN_SERVICE"", -0.5544277616056381, -0.5544277616056381]]","[{""sector"": ""NIFTY_IT"", ""ltp"": 30377.4, ""return_pct"": 0.5426391226424018, ""rs_vs_nifty"": 0.5426391226424018}, {""sector"": ""NIFTY_PSU_BANK"", ""ltp"": 8608.55, ""return_pct"": -0.11544932412833704, ""rs_vs_nifty"": -0.11544932412833704}, {""sector"": ""NIFTY_AUTO"", ""ltp"": 29205.15, ""return_pct"": -0.20297595555030853, ""rs_vs_nifty"": -0.20297595555030853}, {""sector"": ""NIFTY_HEALTHCARE"", ""ltp"": 16424.05, ""return_pct"": -0.24083286260076076, ""rs_vs_nifty"": -0.24083286260076076}, {""sector"": ""NIFTY_PHARMA"", ""ltp"": 26295.65, ""return_pct"": -0.2513096552221198, ""rs_vs_nifty"": -0.2513096552221198}, {""sector"": ""NIFTY_REALTY"", ""ltp"": 893.3, ""return_pct"": -0.2790801518196026, ""rs_vs_nifty"": -0.2790801518196026}, {""sector"": ""NIFTY_FMCG"", ""ltp"": 47592.4, ""return_pct"": -0.29831485624743675, ""rs_vs_nifty"": -0.29831485624743675}, {""sector"": ""NIFTY_MEDIA"", ""ltp"": 1597.05, ""return_pct"": -0.32143302958432723, ""rs_vs_nifty"": -0.32143302958432723}, {""sector"": ""NIFTY_BANK"", ""ltp"": 57065.7, ""return_pct"": -0.3435063846433338, ""rs_vs_nifty"": -0.3435063846433338}, {""sector"": ""NIFTY_METAL"", ""ltp"": 12972.6, ""return_pct"": -0.4045972069741112, ""rs_vs_nifty"": -0.4045972069741112}, {""sector"": ""NIFTY_FIN_SERVICE"", ""ltp"": 25963.25, ""return_pct"": -0.5544277616056381, ""rs_vs_nifty"": -0.5544277616056381}, {""sector"": ""NIFTY_INFRA"", ""ltp"": 9314.85, ""return_pct"": -0.6580245399427179, ""rs_vs_nifty"": -0.6580245399427179}, {""sector"": ""NIFTY_ENERGY"", ""ltp"": 38206.6, ""return_pct"": -0.9649069373503877, ""rs_vs_nifty"": -0.9649069373503877}]"
2026-08-19 11:42:12,NORMAL,24049.05,,0,24079.637587204204,,,False,True,"[[""NIFTY_IT"", 0.5581951084698961, 0.5581951084698961]]","[[""NIFTY_ENERGY"", -0.9809779192484926, -0.9809779192484926], [""NIFTY_INFRA"", -0.6750883853869416, -0.6750883853869416], [""NIFTY_FIN_SERVICE"", -0.5567259077677285, -0.5567259077677285]]","[{""sector"": ""NIFTY_IT"", ""ltp"": 30382.1, ""return_pct"": 0.5581951084698961, ""rs_vs_nifty"": 0.5581951084698961}, {""sector"": ""NIFTY_PSU_BANK"", ""ltp"": 8606.8, ""return_pct"": -0.13575448163834458, ""rs_vs_nifty"": -0.13575448163834458}, {""sector"": ""NIFTY_AUTO"", ""ltp"": 29203.75, ""return_pct"": -0.20775990063062402, ""rs_vs_nifty"": -0.20775990063062402}, {""sector"": ""NIFTY_HEALTHCARE"", ""ltp"": 16422.45, ""return_pct"": -0.2505512126678693, ""rs_vs_nifty"": -0.2505512126678693}, {""sector"": ""NIFTY_PHARMA"", ""ltp"": 26295.65, ""return_pct"": -0.2513096552221198, ""rs_vs_nifty"": -0.2513096552221198}, {""sector"": ""NIFTY_REALTY"", ""ltp"": 893.35, ""return_pct"": -0.2734985487832029, ""rs_vs_nifty"": -0.2734985487832029}, {""sector"": ""NIFTY_FMCG"", ""ltp"": 47599.7, ""return_pct"": -0.2830220300493682, ""rs_vs_nifty"": -0.2830220300493682}, {""sector"": ""NIFTY_MEDIA"", ""ltp"": 1596.7, ""return_pct"": -0.3432779927599551, ""rs_vs_nifty"": -0.3432779927599551}, {""sector"": ""NIFTY_BANK"", ""ltp"": 57062.35, ""return_pct"": -0.349356645896789, ""rs_vs_nifty"": -0.349356645896789}, {""sector"": ""NIFTY_METAL"", ""ltp"": 12971.95, ""return_pct"": -0.40958749510566783, ""rs_vs_nifty"": -0.40958749510566783}, {""sector"": ""NIFTY_FIN_SERVICE"", ""ltp"": 25962.65, ""return_pct"": -0.5567259077677285, ""rs_vs_nifty"": -0.5567259077677285}, {""sector"": ""NIFTY_INFRA"", ""ltp"": 9313.25, ""return_pct"": -0.6750883853869416, ""rs_vs_nifty"": -0.6750883853869416}, {""sector"": ""NIFTY_ENERGY"", ""ltp"": 38200.4, ""return_pct"": -0.9809779192484926, ""rs_vs_nifty"": -0.9809779192484926}]"
2026-08-19 11:43:55,NORMAL,24049.4,,0,24079.385813127603,,,False,True,[],"[[""NIFTY_ENERGY"", -0.9840884318739451, -0.9840884318739451], [""NIFTY_INFRA"", -0.6665564626648395, -0.6665564626648395], [""NIFTY_FIN_SERVICE"", -0.5576834686686017, -0.5576834686686017]]","[{""sector"": ""NIFTY_IT"", ""ltp"": 30356.45, ""return_pct"": 0.47329914326235495, ""rs_vs_nifty"": 0.47329914326235495}, {""sector"": ""NIFTY_PSU_BANK"", ""ltp"": 8608.75, ""return_pct"": -0.11312873469861344, ""rs_vs_nifty"": -0.11312873469861344}, {""sector"": ""NIFTY_AUTO"", ""ltp"": 29210.95, ""return_pct"": -0.18315675450331048, ""rs_vs_nifty"": -0.18315675450331048}, {""sector"": ""NIFTY_MEDIA"", ""ltp"": 1598.55, ""return_pct"": -0.2278117588316122, ""rs_vs_nifty"": -0.2278117588316122}, {""sector"": ""NIFTY_PHARMA"", ""ltp"": 26298.75, ""return_pct"": -0.2395502600343733, ""rs_vs_nifty"": -0.2395502600343733}, {""sector"": ""NIFTY_HEALTHCARE"", ""ltp"": 16422.7, ""return_pct"": -0.24903272046988223, ""rs_vs_nifty"": -0.24903272046988223}, {""sector"": ""NIFTY_REALTY"", ""ltp"": 893.4, ""return_pct"": -0.26791694574681596, ""rs_vs_nifty"": -0.26791694574681596}, {""sector"": ""NIFTY_FMCG"", ""ltp"": 47602.45, ""return_pct"": -0.2772610338788595, ""rs_vs_nifty"": -0.2772610338788595}, {""sector"": ""NIFTY_BANK"", ""ltp"": 57059.7, ""return_pct"": -0.3539844645002731, ""rs_vs_nifty"": -0.3539844645002731}, {""sector"": ""NIFTY_METAL"", ""ltp"": 12970.45, ""return_pct"": -0.4211035446400355, ""rs_vs_nifty"": -0.4211035446400355}, {""sector"": ""NIFTY_FIN_SERVICE"", ""ltp"": 25962.4, ""return_pct"": -0.5576834686686017, ""rs_vs_nifty"": -0.5576834686686017}, {""sector"": ""NIFTY_INFRA"", ""ltp"": 9314.05, ""return_pct"": -0.6665564626648395, ""rs_vs_nifty"": -0.6665564626648395}, {""sector"": ""NIFTY_ENERGY"", ""ltp"": 38199.2, ""return_pct"": -0.9840884318739451, ""rs_vs_nifty"": -0.9840884318739451}]"
2026-08-19 11:44:13,NORMAL,24050.7,,0,24079.36349657356,,,False,True,"[[""NIFTY_IT"", 0.5327097699865481, 0.5327097699865481]]","[[""NIFTY_ENERGY"", -0.9835700131030269, -0.9835700131030269], [""NIFTY_INFRA"", -0.6670897078349636, -0.6670897078349636], [""NIFTY_FIN_SERVICE"", -0.5561513712272128, -0.5561513712272128]]","[{""sector"": ""NIFTY_IT"", ""ltp"": 30374.4, ""return_pct"": 0.5327097699865481, ""rs_vs_nifty"": 0.5327097699865481}, {""sector"": ""NIFTY_PSU_BANK"", ""ltp"": 8608.7, ""return_pct"": -0.11370888205603379, ""rs_vs_nifty"": -0.11370888205603379}, {""sector"": ""NIFTY_AUTO"", ""ltp"": 29208.8, ""return_pct"": -0.19050352730522083, ""rs_vs_nifty"": -0.19050352730522083}, {""sector"": ""NIFTY_MEDIA"", ""ltp"": 1599.05, ""return_pct"": -0.19660466858070721, ""rs_vs_nifty"": -0.19660466858070721}, {""sector"": ""NIFTY_PHARMA"", ""ltp"": 26295.1, ""return_pct"": -0.2533959995296352, ""rs_vs_nifty"": -0.2533959995296352}, {""sector"": ""NIFTY_HEALTHCARE"", ""ltp"": 16420.7, ""return_pct"": -0.26118065805377894, ""rs_vs_nifty"": -0.26118065805377894}, {""sector"": ""NIFTY_REALTY"", ""ltp"": 893.4, ""return_pct"": -0.26791694574681596, ""rs_vs_nifty"": -0.26791694574681596}, {""sector"": ""NIFTY_FMCG"", ""ltp"": 47599.85, ""return_pct"": -0.28270779389461015, ""rs_vs_nifty"": -0.28270779389461015}, {""sector"": ""NIFTY_BANK"", ""ltp"": 57059.3, ""return_pct"": -0.3546830031573922, ""rs_vs_nifty"": -0.3546830031573922}, {""sector"": ""NIFTY_METAL"", ""ltp"": 12969.55, ""return_pct"": -0.4280131743606673, ""rs_vs_nifty"": -0.4280131743606673}, {""sector"": ""NIFTY_FIN_SERVICE"", ""ltp"": 25962.8, ""return_pct"": -0.5561513712272128, ""rs_vs_nifty"": -0.5561513712272128}, {""sector"": ""NIFTY_INFRA"", ""ltp"": 9314.0, ""return_pct"": -0.6670897078349636, ""rs_vs_nifty"": -0.6670897078349636}, {""sector"": ""NIFTY_ENERGY"", ""ltp"": 38199.4, ""return_pct"": -0.9835700131030269, ""rs_vs_nifty"": -0.9835700131030269}]"
2026-08-19 11:45:58,NORMAL,24052.3,,0,24079.17875314265,,,False,True,"[[""NIFTY_IT"", 0.5717652237662365, 0.5717652237662365]]","[[""NIFTY_ENERGY"", -0.9992521809229669, -0.9992521809229669], [""NIFTY_INFRA"", -0.6724221595362823, -0.6724221595362823], [""NIFTY_FIN_SERVICE"", -0.5322123487053804, -0.5322123487053804]]","[{""sector"": ""NIFTY_IT"", ""ltp"": 30386.2, ""return_pct"": 0.5717652237662365, ""rs_vs_nifty"": 0.5717652237662365}, {""sector"": ""NIFTY_PSU_BANK"", ""ltp"": 8611.9, ""return_pct"": -0.0765794511806041, ""rs_vs_nifty"": -0.0765794511806041}, {""sector"": ""NIFTY_MEDIA"", ""ltp"": 1599.55, ""return_pct"": -0.1653975783298022, ""rs_vs_nifty"": -0.1653975783298022}, {""sector"": ""NIFTY_AUTO"", ""ltp"": 29209.85, ""return_pct"": -0.18691556849499044, ""rs_vs_nifty"": -0.18691556849499044}, {""sector"": ""NIFTY_FMCG"", ""ltp"": 47599.95, ""return_pct"": -0.2824983031247765, ""rs_vs_nifty"": -0.2824983031247765}, {""sector"": ""NIFTY_PHARMA"", ""ltp"": 26283.95, ""return_pct"": -0.2956918886726705, ""rs_vs_nifty"": -0.2956918886726705}, {""sector"": ""NIFTY_REALTY"", ""ltp"": 893.05, ""return_pct"": -0.30698816700156284, ""rs_vs_nifty"": -0.30698816700156284}, {""sector"": ""NIFTY_HEALTHCARE"", ""ltp"": 16411.8, ""return_pct"": -0.31523898030212805, ""rs_vs_nifty"": -0.31523898030212805}, {""sector"": ""NIFTY_BANK"", ""ltp"": 57068.2, ""return_pct"": -0.33914051803627576, ""rs_vs_nifty"": -0.33914051803627576}, {""sector"": ""NIFTY_METAL"", ""ltp"": 12971.1, ""return_pct"": -0.41611325650847897, ""rs_vs_nifty"": -0.41611325650847897}, {""sector"": ""NIFTY_FIN_SERVICE"", ""ltp"": 25969.05, ""return_pct"": -0.5322123487053804, ""rs_vs_nifty"": -0.5322123487053804}, {""sector"": ""NIFTY_INFRA"", ""ltp"": 9313.5, ""return_pct"": -0.6724221595362823, ""rs_vs_nifty"": -0.6724221595362823}, {""sector"": ""NIFTY_ENERGY"", ""ltp"": 38193.35, ""return_pct"": -0.9992521809229669, ""rs_vs_nifty"": -0.9992521809229669}]"
2026-08-19 11:46:14,NORMAL,24055.0,,0,24079.156317389698,,,False,True,"[[""NIFTY_IT"", 0.5891415909139804, 0.5891415909139804]]","[[""NIFTY_ENERGY"", -0.9865509210357452, -0.9865509210357452], [""NIFTY_INFRA"", -0.6718889143661583, -0.6718889143661583], [""NIFTY_FIN_SERVICE"", -0.5302972269036339, -0.5302972269036339]]","[{""sector"": ""NIFTY_IT"", ""ltp"": 30391.45, ""return_pct"": 0.5891415909139804, ""rs_vs_nifty"": 0.5891415909139804}, {""sector"": ""NIFTY_PSU_BANK"", ""ltp"": 8613.6, ""return_pct"": -0.05685444102801689, ""rs_vs_nifty"": -0.05685444102801689}, {""sector"": ""NIFTY_MEDIA"", ""ltp"": 1599.5, ""return_pct"": -0.16851828735488988, ""rs_vs_nifty"": -0.16851828735488988}, {""sector"": ""NIFTY_AUTO"", ""ltp"": 29209.85, ""return_pct"": -0.18691556849499044, ""rs_vs_nifty"": -0.18691556849499044}, {""sector"": ""NIFTY_FMCG"", ""ltp"": 47611.6, ""return_pct"": -0.25809262843880015, ""rs_vs_nifty"": -0.25809262843880015}, {""sector"": ""NIFTY_REALTY"", ""ltp"": 893.1, ""return_pct"": -0.3014065639651632, ""rs_vs_nifty"": -0.3014065639651632}, {""sector"": ""NIFTY_PHARMA"", ""ltp"": 26281.9, ""return_pct"": -0.30346826290972956, ""rs_vs_nifty"": -0.30346826290972956}, {""sector"": ""NIFTY_BANK"", ""ltp"": 57083.9, ""return_pct"": -0.3117228757439437, ""rs_vs_nifty"": -0.3117228757439437}, {""sector"": ""NIFTY_HEALTHCARE"", ""ltp"": 16410.1, ""return_pct"": -0.32556472724844465, ""rs_vs_nifty"": -0.32556472724844465}, {""sector"": ""NIFTY_METAL"", ""ltp"": 12972.4, ""return_pct"": -0.40613268024536586, ""rs_vs_nifty"": -0.40613268024536586}, {""sector"": ""NIFTY_FIN_SERVICE"", ""ltp"": 25969.55, ""return_pct"": -0.5302972269036339, ""rs_vs_nifty"": -0.5302972269036339}, {""sector"": ""NIFTY_INFRA"", ""ltp"": 9313.55, ""return_pct"": -0.6718889143661583, ""rs_vs_nifty"": -0.6718889143661583}, {""sector"": ""NIFTY_ENERGY"", ""ltp"": 38198.25, ""return_pct"": -0.9865509210357452, ""rs_vs_nifty"": -0.9865509210357452}]"
2026-08-19 11:47:57,NORMAL,24061.75,,0,24078.967230198967,,,False,True,"[[""NIFTY_IT"", 0.5702758208678561, 0.5702758208678561]]","[[""NIFTY_ENERGY"", -0.9617964247249351, -0.9617964247249351], [""NIFTY_INFRA"", -0.6649567271544283, -0.6649567271544283]]","[{""sector"": ""NIFTY_IT"", ""ltp"": 30385.75, ""return_pct"": 0.5702758208678561, ""rs_vs_nifty"": 0.5702758208678561}, {""sector"": ""NIFTY_PSU_BANK"", ""ltp"": 8613.9, ""return_pct"": -0.05337355688345262, ""rs_vs_nifty"": -0.05337355688345262}, {""sector"": ""NIFTY_MEDIA"", ""ltp"": 1600.55, ""return_pct"": -0.10298339782799219, ""rs_vs_nifty"": -0.10298339782799219}, {""sector"": ""NIFTY_AUTO"", ""ltp"": 29215.85, ""return_pct"": -0.16641294672223125, ""rs_vs_nifty"": -0.16641294672223125}, {""sector"": ""NIFTY_BANK"", ""ltp"": 57115.15, ""return_pct"": -0.25714954315571825, ""rs_vs_nifty"": -0.25714954315571825}, {""sector"": ""NIFTY_FMCG"", ""ltp"": 47608.25, ""return_pct"": -0.2651105692283259, ""rs_vs_nifty"": -0.2651105692283259}, {""sector"": ""NIFTY_REALTY"", ""ltp"": 893.25, ""return_pct"": -0.2846617548559896, ""rs_vs_nifty"": -0.2846617548559896}, {""sector"": ""NIFTY_PHARMA"", ""ltp"": 26282.8, ""return_pct"": -0.3000542449520034, ""rs_vs_nifty"": -0.3000542449520034}, {""sector"": ""NIFTY_HEALTHCARE"", ""ltp"": 16409.55, ""return_pct"": -0.3289054100840118, ""rs_vs_nifty"": -0.3289054100840118}, {""sector"": ""NIFTY_METAL"", ""ltp"": 12975.1, ""return_pct"": -0.38540379108349837, ""rs_vs_nifty"": -0.38540379108349837}, {""sector"": ""NIFTY_FIN_SERVICE"", ""ltp"": 25985.8, ""return_pct"": -0.4680557683468697, ""rs_vs_nifty"": -0.4680557683468697}, {""sector"": ""NIFTY_INFRA"", ""ltp"": 9314.2, ""return_pct"": -0.6649567271544283, ""rs_vs_nifty"": -0.6649567271544283}, {""sector"": ""NIFTY_ENERGY"", ""ltp"": 38207.8, ""return_pct"": -0.9617964247249351, ""rs_vs_nifty"": -0.9617964247249351}]"
2026-08-19 11:48:15,NORMAL,24062.75,,0,24078.950871093177,,,False,True,"[[""NIFTY_IT"", 0.5855008282734935, 0.5855008282734935]]","[[""NIFTY_ENERGY"", -0.9636108904231204, -0.9636108904231204], [""NIFTY_INFRA"", -0.6649567271544283, -0.6649567271544283]]","[{""sector"": ""NIFTY_IT"", ""ltp"": 30390.35, ""return_pct"": 0.5855008282734935, ""rs_vs_nifty"": 0.5855008282734935}, {""sector"": ""NIFTY_PSU_BANK"", ""ltp"": 8614.15, ""return_pct"": -0.050472820096308685, ""rs_vs_nifty"": -0.050472820096308685}, {""sector"": ""NIFTY_MEDIA"", ""ltp"": 1600.65, ""return_pct"": -0.09674197977780268, ""rs_vs_nifty"": -0.09674197977780268}, {""sector"": ""NIFTY_AUTO"", ""ltp"": 29216.6, ""return_pct"": -0.16385011900063637, ""rs_vs_nifty"": -0.16385011900063637}, {""sector"": ""NIFTY_BANK"", ""ltp"": 57114.6, ""return_pct"": -0.25811003380927605, ""rs_vs_nifty"": -0.25811003380927605}, {""sector"": ""NIFTY_FMCG"", ""ltp"": 47608.5, ""return_pct"": -0.2645868423037342, ""rs_vs_nifty"": -0.2645868423037342}, {""sector"": ""NIFTY_REALTY"", ""ltp"": 893.15, ""return_pct"": -0.2958249609287762, ""rs_vs_nifty"": -0.2958249609287762}, {""sector"": ""NIFTY_PHARMA"", ""ltp"": 26280.8, ""return_pct"": -0.30764095152474663, ""rs_vs_nifty"": -0.30764095152474663}, {""sector"": ""NIFTY_HEALTHCARE"", ""ltp"": 16408.15, ""return_pct"": -0.3374089663927262, ""rs_vs_nifty"": -0.3374089663927262}, {""sector"": ""NIFTY_METAL"", ""ltp"": 12975.5, ""return_pct"": -0.3823328445410031, ""rs_vs_nifty"": -0.3823328445410031}, {""sector"": ""NIFTY_FIN_SERVICE"", ""ltp"": 25986.05, ""return_pct"": -0.4670982074459963, ""rs_vs_nifty"": -0.4670982074459963}, {""sector"": ""NIFTY_INFRA"", ""ltp"": 9314.2, ""return_pct"": -0.6649567271544283, ""rs_vs_nifty"": -0.6649567271544283}, {""sector"": ""NIFTY_ENERGY"", ""ltp"": 38207.1, ""return_pct"": -0.9636108904231204, ""rs_vs_nifty"": -0.9636108904231204}]"
2026-08-19 11:49:57,NORMAL,24067.65,,0,24078.720959056045,,,False,True,"[[""NIFTY_IT"", 0.5628288063759659, 0.5628288063759659]]","[[""NIFTY_ENERGY"", -0.9400228363468623, -0.9400228363468623], [""NIFTY_INFRA"", -0.6356282427971754, -0.6356282427971754]]","[{""sector"": ""NIFTY_IT"", ""ltp"": 30383.5, ""return_pct"": 0.5628288063759659, ""rs_vs_nifty"": 0.5628288063759659}, {""sector"": ""NIFTY_PSU_BANK"", ""ltp"": 8616.45, ""return_pct"": -0.02378604165457182, ""rs_vs_nifty"": -0.02378604165457182}, {""sector"": ""NIFTY_MEDIA"", ""ltp"": 1601.7, ""return_pct"": -0.031207090250905005, ""rs_vs_nifty"": -0.031207090250905005}, {""sector"": ""NIFTY_AUTO"", ""ltp"": 29212.25, ""return_pct"": -0.1787145197858818, ""rs_vs_nifty"": -0.1787145197858818}, {""sector"": ""NIFTY_BANK"", ""ltp"": 57130.25, ""return_pct"": -0.23077970884909024, ""rs_vs_nifty"": -0.23077970884909024}, {""sector"": ""NIFTY_FMCG"", ""ltp"": 47598.15, ""return_pct"": -0.2862691369818276, ""rs_vs_nifty"": -0.2862691369818276}, {""sector"": ""NIFTY_REALTY"", ""ltp"": 893.0, ""return_pct"": -0.31256977003794983, ""rs_vs_nifty"": -0.31256977003794983}, {""sector"": ""NIFTY_PHARMA"", ""ltp"": 26255.25, ""return_pct"": -0.4045611279915387, ""rs_vs_nifty"": -0.4045611279915387}, {""sector"": ""NIFTY_METAL"", ""ltp"": 12972.4, ""return_pct"": -0.40613268024536586, ""rs_vs_nifty"": -0.40613268024536586}, {""sector"": ""NIFTY_HEALTHCARE"", ""ltp"": 16393.4, ""return_pct"": -0.4270000060739644, ""rs_vs_nifty"": -0.4270000060739644}, {""sector"": ""NIFTY_FIN_SERVICE"", ""ltp"": 25984.9, ""return_pct"": -0.47150298759000514, ""rs_vs_nifty"": -0.47150298759000514}, {""sector"": ""NIFTY_INFRA"", ""ltp"": 9316.95, ""return_pct"": -0.6356282427971754, ""rs_vs_nifty"": -0.6356282427971754}, {""sector"": ""NIFTY_ENERGY"", ""ltp"": 38216.2, ""return_pct"": -0.9400228363468623, ""rs_vs_nifty"": -0.9400228363468623}]"
2026-08-19 11:50:14,NORMAL,24072.4,,0,24078.700524435055,,,False,True,"[[""NIFTY_IT"", 0.598408986726108, 0.598408986726108]]","[[""NIFTY_ENERGY"", -0.9431333489722958, -0.9431333489722958], [""NIFTY_INFRA"", -0.6286960555854649, -0.6286960555854649]]","[{""sector"": ""NIFTY_IT"", ""ltp"": 30394.25, ""return_pct"": 0.598408986726108, ""rs_vs_nifty"": 0.598408986726108}, {""sector"": ""NIFTY_PSU_BANK"", ""ltp"": 8617.7, ""return_pct"": -0.009282357718852148, ""rs_vs_nifty"": -0.009282357718852148}, {""sector"": ""NIFTY_MEDIA"", ""ltp"": 1601.55, ""return_pct"": -0.04056921732618218, ""rs_vs_nifty"": -0.04056921732618218}, {""sector"": ""NIFTY_AUTO"", ""ltp"": 29212.1, ""return_pct"": -0.17922708533020576, ""rs_vs_nifty"": -0.17922708533020576}, {""sector"": ""NIFTY_BANK"", ""ltp"": 57142.45, ""return_pct"": -0.2094742798066521, ""rs_vs_nifty"": -0.2094742798066521}, {""sector"": ""NIFTY_FMCG"", ""ltp"": 47605.65, ""return_pct"": -0.27055732924407655, ""rs_vs_nifty"": -0.27055732924407655}, {""sector"": ""NIFTY_REALTY"", ""ltp"": 892.95, ""return_pct"": -0.31815137307433683, ""rs_vs_nifty"": -0.31815137307433683}, {""sector"": ""NIFTY_METAL"", ""ltp"": 12972.4, ""return_pct"": -0.40613268024536586, ""rs_vs_nifty"": -0.40613268024536586}, {""sector"": ""NIFTY_PHARMA"", ""ltp"": 26252.3, ""return_pct"": -0.4157515201863378, ""rs_vs_nifty"": -0.4157515201863378}, {""sector"": ""NIFTY_HEALTHCARE"", ""ltp"": 16393.8, ""return_pct"": -0.42457041855719824, ""rs_vs_nifty"": -0.42457041855719824}, {""sector"": ""NIFTY_FIN_SERVICE"", ""ltp"": 25991.85, ""return_pct"": -0.44488279454573865, ""rs_vs_nifty"": -0.44488279454573865}, {""sector"": ""NIFTY_INFRA"", ""ltp"": 9317.6, ""return_pct"": -0.6286960555854649, ""rs_vs_nifty"": -0.6286960555854649}, {""sector"": ""NIFTY_ENERGY"", ""ltp"": 38215.0, ""return_pct"": -0.9431333489722958, ""rs_vs_nifty"": -0.9431333489722958}]"
2026-08-19 11:51:56,NORMAL,24074.25,,0,24078.63297772119,,,False,True,"[[""NIFTY_IT"", 0.571930712977165, 0.571930712977165]]","[[""NIFTY_ENERGY"", -0.9453366287486463, -0.9453366287486463], [""NIFTY_INFRA"", -0.6228303587140221, -0.6228303587140221]]","[{""sector"": ""NIFTY_IT"", ""ltp"": 30386.25, ""return_pct"": 0.571930712977165, ""rs_vs_nifty"": 0.571930712977165}, {""sector"": ""NIFTY_PSU_BANK"", ""ltp"": 8618.5, ""return_pct"": 0.0, ""rs_vs_nifty"": 0.0}, {""sector"": ""NIFTY_MEDIA"", ""ltp"": 1601.5, ""return_pct"": -0.043689926351269844, ""rs_vs_nifty"": -0.043689926351269844}, {""sector"": ""NIFTY_AUTO"", ""ltp"": 29211.4, ""return_pct"": -0.18161905787035104, ""rs_vs_nifty"": -0.18161905787035104}, {""sector"": ""NIFTY_BANK"", ""ltp"": 57147.5, ""return_pct"": -0.2006552292603898, ""rs_vs_nifty"": -0.2006552292603898}, {""sector"": ""NIFTY_FMCG"", ""ltp"": 47621.4, ""return_pct"": -0.23756253299479926, ""rs_vs_nifty"": -0.23756253299479926}, {""sector"": ""NIFTY_REALTY"", ""ltp"": 893.25, ""return_pct"": -0.2846617548559896, ""rs_vs_nifty"": -0.2846617548559896}, {""sector"": ""NIFTY_METAL"", ""ltp"": 12976.1, ""return_pct"": -0.3777264247272532, ""rs_vs_nifty"": -0.3777264247272532}, {""sector"": ""NIFTY_HEALTHCARE"", ""ltp"": 16400.9, ""return_pct"": -0.38144524013435177, ""rs_vs_nifty"": -0.38144524013435177}, {""sector"": ""NIFTY_PHARMA"", ""ltp"": 26260.75, ""return_pct"": -0.3836976849164948, ""rs_vs_nifty"": -0.3836976849164948}, {""sector"": ""NIFTY_FIN_SERVICE"", ""ltp"": 25996.55, ""return_pct"": -0.42688064960931793, ""rs_vs_nifty"": -0.42688064960931793}, {""sector"": ""NIFTY_INFRA"", ""ltp"": 9318.15, ""return_pct"": -0.6228303587140221, ""rs_vs_nifty"": -0.6228303587140221}, {""sector"": ""NIFTY_ENERGY"", ""ltp"": 38214.15, ""return_pct"": -0.9453366287486463, ""rs_vs_nifty"": -0.9453366287486463}]"
2026-08-19 11:52:15,NORMAL,24071.65,,0,24078.605672052978,,,False,True,"[[""NIFTY_IT"", 0.5472728205484595, 0.5472728205484595]]","[[""NIFTY_ENERGY"", -0.9446886052850126, -0.9446886052850126], [""NIFTY_INFRA"", -0.6500258623907398, -0.6500258623907398]]","[{""sector"": ""NIFTY_IT"", ""ltp"": 30378.8, ""return_pct"": 0.5472728205484595, ""rs_vs_nifty"": 0.5472728205484595}, {""sector"": ""NIFTY_PSU_BANK"", ""ltp"": 8618.95, ""return_pct"": 0.005221326216867525, ""rs_vs_nifty"": 0.005221326216867525}, {""sector"": ""NIFTY_MEDIA"", ""ltp"": 1601.15, ""return_pct"": -0.06553488952689768, ""rs_vs_nifty"": -0.06553488952689768}, {""sector"": ""NIFTY_AUTO"", ""ltp"": 29213.3, ""return_pct"": -0.17512656097565144, ""rs_vs_nifty"": -0.17512656097565144}, {""sector"": ""NIFTY_BANK"", ""ltp"": 57156.2, ""return_pct"": -0.18546201346783292, ""rs_vs_nifty"": -0.18546201346783292}, {""sector"": ""NIFTY_FMCG"", ""ltp"": 47627.45, ""return_pct"": -0.22488834141968922, ""rs_vs_nifty"": -0.22488834141968922}, {""sector"": ""NIFTY_REALTY"", ""ltp"": 893.75, ""return_pct"": -0.22884572449206908, ""rs_vs_nifty"": -0.22884572449206908}, {""sector"": ""NIFTY_PHARMA"", ""ltp"": 26265.6, ""return_pct"": -0.365299921477598, ""rs_vs_nifty"": -0.365299921477598}, {""sector"": ""NIFTY_HEALTHCARE"", ""ltp"": 16402.0, ""return_pct"": -0.3747638744632174, ""rs_vs_nifty"": -0.3747638744632174}, {""sector"": ""NIFTY_METAL"", ""ltp"": 12976.05, ""return_pct"": -0.3781102930450738, ""rs_vs_nifty"": -0.3781102930450738}, {""sector"": ""NIFTY_FIN_SERVICE"", ""ltp"": 25992.0, ""return_pct"": -0.4443082580052092, ""rs_vs_nifty"": -0.4443082580052092}, {""sector"": ""NIFTY_INFRA"", ""ltp"": 9315.6, ""return_pct"": -0.6500258623907398, ""rs_vs_nifty"": -0.6500258623907398}, {""sector"": ""NIFTY_ENERGY"", ""ltp"": 38214.4, ""return_pct"": -0.9446886052850126, ""rs_vs_nifty"": -0.9446886052850126}]"
2026-08-19 11:54:00,NORMAL,24078.75,,0,24078.651159067376,,,True,True,"[[""NIFTY_IT"", 0.5017632875424638, 0.5017632875424638]]","[[""NIFTY_ENERGY"", -0.8938835657361444, -0.8938835657361444], [""NIFTY_INFRA"", -0.6126987004815088, -0.6126987004815088]]","[{""sector"": ""NIFTY_IT"", ""ltp"": 30365.05, ""return_pct"": 0.5017632875424638, ""rs_vs_nifty"": 0.5017632875424638}, {""sector"": ""NIFTY_PSU_BANK"", ""ltp"": 8629.05, ""return_pct"": 0.12241109241746559, ""rs_vs_nifty"": 0.12241109241746559}, {""sector"": ""NIFTY_MEDIA"", ""ltp"": 1601.7, ""return_pct"": -0.031207090250905005, ""rs_vs_nifty"": -0.031207090250905005}, {""sector"": ""NIFTY_BANK"", ""ltp"": 57205.6, ""return_pct"": -0.09919248931236362, ""rs_vs_nifty"": -0.09919248931236362}, {""sector"": ""NIFTY_REALTY"", ""ltp"": 894.55, ""return_pct"": -0.1395400759098013, ""rs_vs_nifty"": -0.1395400759098013}, {""sector"": ""NIFTY_AUTO"", ""ltp"": 29220.55, ""return_pct"": -0.15035255966690075, ""rs_vs_nifty"": -0.15035255966690075}, {""sector"": ""NIFTY_FMCG"", ""ltp"": 47633.1, ""return_pct"": -0.2130521129239137, ""rs_vs_nifty"": -0.2130521129239137}, {""sector"": ""NIFTY_METAL"", ""ltp"": 12986.5, ""return_pct"": -0.2978818146223064, ""rs_vs_nifty"": -0.2978818146223064}, {""sector"": ""NIFTY_PHARMA"", ""ltp"": 26276.8, ""return_pct"": -0.32281436467023306, ""rs_vs_nifty"": -0.32281436467023306}, {""sector"": ""NIFTY_HEALTHCARE"", ""ltp"": 16406.5, ""return_pct"": -0.34743101489944983, ""rs_vs_nifty"": -0.34743101489944983}, {""sector"": ""NIFTY_FIN_SERVICE"", ""ltp"": 26012.2, ""return_pct"": -0.36693733721464405, ""rs_vs_nifty"": -0.36693733721464405}, {""sector"": ""NIFTY_INFRA"", ""ltp"": 9319.1, ""return_pct"": -0.6126987004815088, ""rs_vs_nifty"": -0.6126987004815088}, {""sector"": ""NIFTY_ENERGY"", ""ltp"": 38234.0, ""return_pct"": -0.8938835657361444, ""rs_vs_nifty"": -0.8938835657361444}]"
2026-08-19 11:54:17,NORMAL,24078.0,,0,24078.64923917794,,,False,True,[],"[[""NIFTY_ENERGY"", -0.8951796126634116, -0.8951796126634116], [""NIFTY_INFRA"", -0.614831681162044, -0.614831681162044]]","[{""sector"": ""NIFTY_IT"", ""ltp"": 30364.5, ""return_pct"": 0.4999429062222264, ""rs_vs_nifty"": 0.4999429062222264}, {""sector"": ""NIFTY_PSU_BANK"", ""ltp"": 8628.85, ""return_pct"": 0.12009050298776311, ""rs_vs_nifty"": 0.12009050298776311}, {""sector"": ""NIFTY_MEDIA"", ""ltp"": 1601.65, ""return_pct"": -0.034327799275992665, ""rs_vs_nifty"": -0.034327799275992665}, {""sector"": ""NIFTY_BANK"", ""ltp"": 57204.5, ""return_pct"": -0.10111347061946663, ""rs_vs_nifty"": -0.10111347061946663}, {""sector"": ""NIFTY_REALTY"", ""ltp"": 894.5, ""return_pct"": -0.14512167894618827, ""rs_vs_nifty"": -0.14512167894618827}, {""sector"": ""NIFTY_AUTO"", ""ltp"": 29221.1, ""return_pct"": -0.14847315267106698, ""rs_vs_nifty"": -0.14847315267106698}, {""sector"": ""NIFTY_FMCG"", ""ltp"": 47633.55, ""return_pct"": -0.21210940445963947, ""rs_vs_nifty"": -0.21210940445963947}, {""sector"": ""NIFTY_METAL"", ""ltp"": 12987.45, ""return_pct"": -0.2905883165838679, ""rs_vs_nifty"": -0.2905883165838679}, {""sector"": ""NIFTY_PHARMA"", ""ltp"": 26272.8, ""return_pct"": -0.3379877778157196, ""rs_vs_nifty"": -0.3379877778157196}, {""sector"": ""NIFTY_HEALTHCARE"", ""ltp"": 16405.4, ""return_pct"": -0.3541123805705842, ""rs_vs_nifty"": -0.3541123805705842}, {""sector"": ""NIFTY_FIN_SERVICE"", ""ltp"": 26009.25, ""return_pct"": -0.37823655584495175, ""rs_vs_nifty"": -0.37823655584495175}, {""sector"": ""NIFTY_INFRA"", ""ltp"": 9318.9, ""return_pct"": -0.614831681162044, ""rs_vs_nifty"": -0.614831681162044}, {""sector"": ""NIFTY_ENERGY"", ""ltp"": 38233.5, ""return_pct"": -0.8951796126634116, ""rs_vs_nifty"": -0.8951796126634116}]"
2026-08-19 11:55:57,NORMAL,24077.9,,0,24078.65281785187,,,False,True,[],"[[""NIFTY_ENERGY"", -0.8947907985852276, -0.8947907985852276], [""NIFTY_INFRA"", -0.6089659842905818, -0.6089659842905818]]","[{""sector"": ""NIFTY_IT"", ""ltp"": 30352.05, ""return_pct"": 0.4587360927004316, ""rs_vs_nifty"": 0.4587360927004316}, {""sector"": ""NIFTY_PSU_BANK"", ""ltp"": 8630.0, ""return_pct"": 0.13343389220862098, ""rs_vs_nifty"": 0.13343389220862098}, {""sector"": ""NIFTY_MEDIA"", ""ltp"": 1601.85, ""return_pct"": -0.02184496317564202, ""rs_vs_nifty"": -0.02184496317564202}, {""sector"": ""NIFTY_REALTY"", ""ltp"": 895.25, ""return_pct"": -0.0613976334003075, ""rs_vs_nifty"": -0.0613976334003075}, {""sector"": ""NIFTY_AUTO"", ""ltp"": 29235.4, ""return_pct"": -0.09960857077931427, ""rs_vs_nifty"": -0.09960857077931427}, {""sector"": ""NIFTY_BANK"", ""ltp"": 57200.9, ""return_pct"": -0.10740031853362765, ""rs_vs_nifty"": -0.10740031853362765}, {""sector"": ""NIFTY_FMCG"", ""ltp"": 47652.0, ""return_pct"": -0.17345835742477797, ""rs_vs_nifty"": -0.17345835742477797}, {""sector"": ""NIFTY_METAL"", ""ltp"": 12990.9, ""return_pct"": -0.2641014026548305, ""rs_vs_nifty"": -0.2641014026548305}, {""sector"": ""NIFTY_PHARMA"", ""ltp"": 26266.5, ""return_pct"": -0.361885903519858, ""rs_vs_nifty"": -0.361885903519858}, {""sector"": ""NIFTY_FIN_SERVICE"", ""ltp"": 26010.6, ""return_pct"": -0.37306572698024154, ""rs_vs_nifty"": -0.37306572698024154}, {""sector"": ""NIFTY_HEALTHCARE"", ""ltp"": 16402.25, ""return_pct"": -0.3732453822652303, ""rs_vs_nifty"": -0.3732453822652303}, {""sector"": ""NIFTY_INFRA"", ""ltp"": 9319.45, ""return_pct"": -0.6089659842905818, ""rs_vs_nifty"": -0.6089659842905818}, {""sector"": ""NIFTY_ENERGY"", ""ltp"": 38233.65, ""return_pct"": -0.8947907985852276, ""rs_vs_nifty"": -0.8947907985852276}]"
2026-08-19 11:56:15,NORMAL,24076.95,,0,24078.65075932041,,,False,True,[],"[[""NIFTY_ENERGY"", -0.9164347822705852, -0.9164347822705852], [""NIFTY_INFRA"", -0.6206973780334869, -0.6206973780334869]]","[{""sector"": ""NIFTY_IT"", ""ltp"": 30350.35, ""return_pct"": 0.4531094595287788, ""rs_vs_nifty"": 0.4531094595287788}, {""sector"": ""NIFTY_PSU_BANK"", ""ltp"": 8630.35, ""return_pct"": 0.13749492371062672, ""rs_vs_nifty"": 0.13749492371062672}, {""sector"": ""NIFTY_REALTY"", ""ltp"": 895.85, ""return_pct"": 0.005581603036399666, ""rs_vs_nifty"": 0.005581603036399666}, {""sector"": ""NIFTY_MEDIA"", ""ltp"": 1601.75, ""return_pct"": -0.028086381225817345, ""rs_vs_nifty"": -0.028086381225817345}, {""sector"": ""NIFTY_AUTO"", ""ltp"": 29235.8, ""return_pct"": -0.09824172932780446, ""rs_vs_nifty"": -0.09824172932780446}, {""sector"": ""NIFTY_BANK"", ""ltp"": 57201.5, ""return_pct"": -0.10635251054793628, ""rs_vs_nifty"": -0.10635251054793628}, {""sector"": ""NIFTY_FMCG"", ""ltp"": 47647.75, ""return_pct"": -0.1823617151428369, ""rs_vs_nifty"": -0.1823617151428369}, {""sector"": ""NIFTY_METAL"", ""ltp"": 12989.75, ""return_pct"": -0.27293037396450964, ""rs_vs_nifty"": -0.27293037396450964}, {""sector"": ""NIFTY_PHARMA"", ""ltp"": 26270.9, ""return_pct"": -0.34519514905981735, ""rs_vs_nifty"": -0.34519514905981735}, {""sector"": ""NIFTY_HEALTHCARE"", ""ltp"": 16404.7, ""return_pct"": -0.3583641587249524, ""rs_vs_nifty"": -0.3583641587249524}, {""sector"": ""NIFTY_FIN_SERVICE"", ""ltp"": 26012.45, ""return_pct"": -0.36597977631377077, ""rs_vs_nifty"": -0.36597977631377077}, {""sector"": ""NIFTY_INFRA"", ""ltp"": 9318.35, ""return_pct"": -0.6206973780334869, ""rs_vs_nifty"": -0.6206973780334869}, {""sector"": ""NIFTY_ENERGY"", ""ltp"": 38225.3, ""return_pct"": -0.9164347822705852, ""rs_vs_nifty"": -0.9164347822705852}]"
2026-08-19 11:58:00,NORMAL,24080.2,,0,24078.662175841262,,,True,True,[],"[[""NIFTY_ENERGY"", -0.9046407552324655, -0.9046407552324655], [""NIFTY_INFRA"", -0.610565719800993, -0.610565719800993]]","[{""sector"": ""NIFTY_IT"", ""ltp"": 30344.6, ""return_pct"": 0.434078200271726, ""rs_vs_nifty"": 0.434078200271726}, {""sector"": ""NIFTY_REALTY"", ""ltp"": 896.75, ""return_pct"": 0.10605045769145408, ""rs_vs_nifty"": 0.10605045769145408}, {""sector"": ""NIFTY_PSU_BANK"", ""ltp"": 8624.05, ""return_pct"": 0.06439635667458692, ""rs_vs_nifty"": 0.06439635667458692}, {""sector"": ""NIFTY_MEDIA"", ""ltp"": 1602.45, ""return_pct"": 0.015603545125452502, ""rs_vs_nifty"": 0.015603545125452502}, {""sector"": ""NIFTY_AUTO"", ""ltp"": 29234.05, ""return_pct"": -0.10422166067819257, ""rs_vs_nifty"": -0.10422166067819257}, {""sector"": ""NIFTY_BANK"", ""ltp"": 57190.75, ""return_pct"": -0.1251257369582858, ""rs_vs_nifty"": -0.1251257369582858}, {""sector"": ""NIFTY_FMCG"", ""ltp"": 47645.7, ""return_pct"": -0.18665627592449494, ""rs_vs_nifty"": -0.18665627592449494}, {""sector"": ""NIFTY_METAL"", ""ltp"": 12990.45, ""return_pct"": -0.2675562175151325, ""rs_vs_nifty"": -0.2675562175151325}, {""sector"": ""NIFTY_PHARMA"", ""ltp"": 26266.45, ""return_pct"": -0.36207557118417383, ""rs_vs_nifty"": -0.36207557118417383}, {""sector"": ""NIFTY_FIN_SERVICE"", ""ltp"": 26013.35, ""return_pct"": -0.3625325570706353, ""rs_vs_nifty"": -0.3625325570706353}, {""sector"": ""NIFTY_HEALTHCARE"", ""ltp"": 16403.5, ""return_pct"": -0.36565292127529486, ""rs_vs_nifty"": -0.36565292127529486}, {""sector"": ""NIFTY_INFRA"", ""ltp"": 9319.3, ""return_pct"": -0.610565719800993, ""rs_vs_nifty"": -0.610565719800993}, {""sector"": ""NIFTY_ENERGY"", ""ltp"": 38229.85, ""return_pct"": -0.9046407552324655, ""rs_vs_nifty"": -0.9046407552324655}]"
2026-08-19 11:58:17,NORMAL,24080.3,,0,24078.67122107658,,,True,True,[],"[[""NIFTY_ENERGY"", -0.921359760594204, -0.921359760594204], [""NIFTY_INFRA"", -0.6078994939503336, -0.6078994939503336]]","[{""sector"": ""NIFTY_IT"", ""ltp"": 30349.95, ""return_pct"": 0.45178554584133884, ""rs_vs_nifty"": 0.45178554584133884}, {""sector"": ""NIFTY_PSU_BANK"", ""ltp"": 8625.15, ""return_pct"": 0.07715959853802443, ""rs_vs_nifty"": 0.07715959853802443}, {""sector"": ""NIFTY_REALTY"", ""ltp"": 896.45, ""return_pct"": 0.07256083947310683, ""rs_vs_nifty"": 0.07256083947310683}, {""sector"": ""NIFTY_MEDIA"", ""ltp"": 1602.4, ""return_pct"": 0.012482836100364839, ""rs_vs_nifty"": 0.012482836100364839}, {""sector"": ""NIFTY_AUTO"", ""ltp"": 29234.7, ""return_pct"": -0.10200054331947202, ""rs_vs_nifty"": -0.10200054331947202}, {""sector"": ""NIFTY_BANK"", ""ltp"": 57193.6, ""return_pct"": -0.12014864902624219, ""rs_vs_nifty"": -0.12014864902624219}, {""sector"": ""NIFTY_FMCG"", ""ltp"": 47647.95, ""return_pct"": -0.18194273360316965, ""rs_vs_nifty"": -0.18194273360316965}, {""sector"": ""NIFTY_METAL"", ""ltp"": 12988.35, ""return_pct"": -0.28367868686325004, ""rs_vs_nifty"": -0.28367868686325004}, {""sector"": ""NIFTY_FIN_SERVICE"", ""ltp"": 26015.6, ""return_pct"": -0.3539145089627756, ""rs_vs_nifty"": -0.3539145089627756}, {""sector"": ""NIFTY_PHARMA"", ""ltp"": 26265.8, ""return_pct"": -0.3645412508203209, ""rs_vs_nifty"": -0.3645412508203209}, {""sector"": ""NIFTY_HEALTHCARE"", ""ltp"": 16402.2, ""return_pct"": -0.3735490807048233, ""rs_vs_nifty"": -0.3735490807048233}, {""sector"": ""NIFTY_INFRA"", ""ltp"": 9319.55, ""return_pct"": -0.6078994939503336, ""rs_vs_nifty"": -0.6078994939503336}, {""sector"": ""NIFTY_ENERGY"", ""ltp"": 38223.4, ""return_pct"": -0.921359760594204, ""rs_vs_nifty"": -0.921359760594204}]"
2026-08-19 11:59:58,NORMAL,24078.1,,0,24078.658636404783,,,False,True,[],"[[""NIFTY_ENERGY"", -0.9559642135522329, -0.9559642135522329], [""NIFTY_INFRA"", -0.6180311521828274, -0.6180311521828274]]","[{""sector"": ""NIFTY_IT"", ""ltp"": 30343.25, ""return_pct"": 0.42960999157659674, ""rs_vs_nifty"": 0.42960999157659674}, {""sector"": ""NIFTY_REALTY"", ""ltp"": 896.4, ""return_pct"": 0.06697923643670717, ""rs_vs_nifty"": 0.06697923643670717}, {""sector"": ""NIFTY_PSU_BANK"", ""ltp"": 8623.15, ""return_pct"": 0.05395370424087296, ""rs_vs_nifty"": 0.05395370424087296}, {""sector"": ""NIFTY_MEDIA"", ""ltp"": 1602.55, ""return_pct"": 0.021844963175627827, ""rs_vs_nifty"": 0.021844963175627827}, {""sector"": ""NIFTY_AUTO"", ""ltp"": 29227.65, ""return_pct"": -0.12609112390246158, ""rs_vs_nifty"": -0.12609112390246158}, {""sector"": ""NIFTY_BANK"", ""ltp"": 57188.2, ""return_pct"": -0.1295789208974901, ""rs_vs_nifty"": -0.1295789208974901}, {""sector"": ""NIFTY_FMCG"", ""ltp"": 47633.5, ""return_pct"": -0.21221414984456394, ""rs_vs_nifty"": -0.21221414984456394}, {""sector"": ""NIFTY_METAL"", ""ltp"": 12987.35, ""return_pct"": -0.2913560532194952, ""rs_vs_nifty"": -0.2913560532194952}, {""sector"": ""NIFTY_FIN_SERVICE"", ""ltp"": 26020.3, ""return_pct"": -0.3359123640263549, ""rs_vs_nifty"": -0.3359123640263549}, {""sector"": ""NIFTY_HEALTHCARE"", ""ltp"": 16402.2, ""return_pct"": -0.3735490807048233, ""rs_vs_nifty"": -0.3735490807048233}, {""sector"": ""NIFTY_PHARMA"", ""ltp"": 26261.05, ""return_pct"": -0.38255967893058607, ""rs_vs_nifty"": -0.38255967893058607}, {""sector"": ""NIFTY_INFRA"", ""ltp"": 9318.6, ""return_pct"": -0.6180311521828274, ""rs_vs_nifty"": -0.6180311521828274}, {""sector"": ""NIFTY_ENERGY"", ""ltp"": 38210.05, ""return_pct"": -0.9559642135522329, ""rs_vs_nifty"": -0.9559642135522329}]"
2026-08-19 12:00:16,NORMAL,24078.65,,0,24078.659189544473,,,False,True,[],"[[""NIFTY_ENERGY"", -0.9577786792504184, -0.9577786792504184], [""NIFTY_INFRA"", -0.6137651908217764, -0.6137651908217764]]","[{""sector"": ""NIFTY_IT"", ""ltp"": 30340.6, ""return_pct"": 0.4208390633972546, ""rs_vs_nifty"": 0.4208390633972546}, {""sector"": ""NIFTY_REALTY"", ""ltp"": 896.45, ""return_pct"": 0.07256083947310683, ""rs_vs_nifty"": 0.07256083947310683}, {""sector"": ""NIFTY_PSU_BANK"", ""ltp"": 8622.6, ""return_pct"": 0.04757208330916475, ""rs_vs_nifty"": 0.04757208330916475}, {""sector"": ""NIFTY_MEDIA"", ""ltp"": 1602.6, ""return_pct"": 0.024965672200715487, ""rs_vs_nifty"": 0.024965672200715487}, {""sector"": ""NIFTY_AUTO"", ""ltp"": 29234.6, ""return_pct"": -0.10234225368235879, ""rs_vs_nifty"": -0.10234225368235879}, {""sector"": ""NIFTY_BANK"", ""ltp"": 57180.2, ""return_pct"": -0.1435496940400758, ""rs_vs_nifty"": -0.1435496940400758}, {""sector"": ""NIFTY_FMCG"", ""ltp"": 47634.75, ""return_pct"": -0.2095955152216054, ""rs_vs_nifty"": -0.2095955152216054}, {""sector"": ""NIFTY_METAL"", ""ltp"": 12989.15, ""return_pct"": -0.27753679377825957, ""rs_vs_nifty"": -0.27753679377825957}, {""sector"": ""NIFTY_FIN_SERVICE"", ""ltp"": 26019.8, ""return_pct"": -0.33782748582810146, ""rs_vs_nifty"": -0.33782748582810146}, {""sector"": ""NIFTY_PHARMA"", ""ltp"": 26262.4, ""return_pct"": -0.37743865199397614, ""rs_vs_nifty"": -0.37743865199397614}, {""sector"": ""NIFTY_HEALTHCARE"", ""ltp"": 16400.95, ""return_pct"": -0.3811415416947587, ""rs_vs_nifty"": -0.3811415416947587}, {""sector"": ""NIFTY_INFRA"", ""ltp"": 9319.0, ""return_pct"": -0.6137651908217764, ""rs_vs_nifty"": -0.6137651908217764}, {""sector"": ""NIFTY_ENERGY"", ""ltp"": 38209.35, ""return_pct"": -0.9577786792504184, ""rs_vs_nifty"": -0.9577786792504184}]"
2026-08-19 12:02:01,NORMAL,24072.55,,0,24078.605011351076,,,False,True,[],"[[""NIFTY_ENERGY"", -0.9776081972376094, -0.9776081972376094], [""NIFTY_INFRA"", -0.6121654553113847, -0.6121654553113847]]","[{""sector"": ""NIFTY_IT"", ""ltp"": 30332.45, ""return_pct"": 0.3938643220155262, ""rs_vs_nifty"": 0.3938643220155262}, {""sector"": ""NIFTY_REALTY"", ""ltp"": 896.3, ""return_pct"": 0.05581603036392052, ""rs_vs_nifty"": 0.05581603036392052}, {""sector"": ""NIFTY_PSU_BANK"", ""ltp"": 8621.05, ""return_pct"": 0.02958751522885969, ""rs_vs_nifty"": 0.02958751522885969}, {""sector"": ""NIFTY_MEDIA"", ""ltp"": 1602.2, ""return_pct"": 0.0, ""rs_vs_nifty"": 0.0}, {""sector"": ""NIFTY_AUTO"", ""ltp"": 29236.2, ""return_pct"": -0.0968748878762822, ""rs_vs_nifty"": -0.0968748878762822}, {""sector"": ""NIFTY_FMCG"", ""ltp"": 47637.7, ""return_pct"": -0.20341553751142943, ""rs_vs_nifty"": -0.20341553751142943}, {""sector"": ""NIFTY_BANK"", ""ltp"": 57144.0, ""return_pct"": -0.20676744251027107, ""rs_vs_nifty"": -0.20676744251027107}, {""sector"": ""NIFTY_METAL"", ""ltp"": 12987.7, ""return_pct"": -0.28866897499480665, ""rs_vs_nifty"": -0.28866897499480665}, {""sector"": ""NIFTY_HEALTHCARE"", ""ltp"": 16403.55, ""return_pct"": -0.3653492228357019, ""rs_vs_nifty"": -0.3653492228357019}, {""sector"": ""NIFTY_PHARMA"", ""ltp"": 26265.5, ""return_pct"": -0.36567925680622965, ""rs_vs_nifty"": -0.36567925680622965}, {""sector"": ""NIFTY_FIN_SERVICE"", ""ltp"": 26001.45, ""return_pct"": -0.40811245595219575, ""rs_vs_nifty"": -0.40811245595219575}, {""sector"": ""NIFTY_INFRA"", ""ltp"": 9319.15, ""return_pct"": -0.6121654553113847, ""rs_vs_nifty"": -0.6121654553113847}, {""sector"": ""NIFTY_ENERGY"", ""ltp"": 38201.7, ""return_pct"": -0.9776081972376094, ""rs_vs_nifty"": -0.9776081972376094}]"
2026-08-19 12:02:17,NORMAL,24072.5,,0,24078.60865076841,,,False,True,[],"[[""NIFTY_ENERGY"", -0.9570010510940505, -0.9570010510940505], [""NIFTY_INFRA"", -0.6004340615684796, -0.6004340615684796]]","[{""sector"": ""NIFTY_IT"", ""ltp"": 30333.85, ""return_pct"": 0.398498019921584, ""rs_vs_nifty"": 0.398498019921584}, {""sector"": ""NIFTY_REALTY"", ""ltp"": 896.35, ""return_pct"": 0.06139763340032019, ""rs_vs_nifty"": 0.06139763340032019}, {""sector"": ""NIFTY_MEDIA"", ""ltp"": 1602.95, ""return_pct"": 0.046810635376357504, ""rs_vs_nifty"": 0.046810635376357504}, {""sector"": ""NIFTY_PSU_BANK"", ""ltp"": 8621.5, ""return_pct"": 0.03480884144572721, ""rs_vs_nifty"": 0.03480884144572721}, {""sector"": ""NIFTY_AUTO"", ""ltp"": 29246.9, ""return_pct"": -0.0603118790481925, ""rs_vs_nifty"": -0.0603118790481925}, {""sector"": ""NIFTY_BANK"", ""ltp"": 57146.55, ""return_pct"": -0.20231425857106677, ""rs_vs_nifty"": -0.20231425857106677}, {""sector"": ""NIFTY_FMCG"", ""ltp"": 47635.35, ""return_pct"": -0.20833857060258837, ""rs_vs_nifty"": -0.20833857060258837}, {""sector"": ""NIFTY_METAL"", ""ltp"": 12986.15, ""return_pct"": -0.300568892846995, ""rs_vs_nifty"": -0.300568892846995}, {""sector"": ""NIFTY_PHARMA"", ""ltp"": 26270.7, ""return_pct"": -0.34595381971709444, ""rs_vs_nifty"": -0.34595381971709444}, {""sector"": ""NIFTY_HEALTHCARE"", ""ltp"": 16405.5, ""return_pct"": -0.3535049836913982, ""rs_vs_nifty"": -0.3535049836913982}, {""sector"": ""NIFTY_FIN_SERVICE"", ""ltp"": 26002.1, ""return_pct"": -0.4056227976099336, ""rs_vs_nifty"": -0.4056227976099336}, {""sector"": ""NIFTY_INFRA"", ""ltp"": 9320.25, ""return_pct"": -0.6004340615684796, ""rs_vs_nifty"": -0.6004340615684796}, {""sector"": ""NIFTY_ENERGY"", ""ltp"": 38209.65, ""return_pct"": -0.9570010510940505, ""rs_vs_nifty"": -0.9570010510940505}]"
2026-08-19 12:03:59,NORMAL,24063.5,,0,24078.412966850006,,,False,True,[],"[[""NIFTY_ENERGY"", -0.9798114770139598, -0.9798114770139598], [""NIFTY_INFRA"", -0.6254965845646815, -0.6254965845646815]]","[{""sector"": ""NIFTY_IT"", ""ltp"": 30328.15, ""return_pct"": 0.3796322498754718, ""rs_vs_nifty"": 0.3796322498754718}, {""sector"": ""NIFTY_MEDIA"", ""ltp"": 1603.1, ""return_pct"": 0.05617276245162049, ""rs_vs_nifty"": 0.05617276245162049}, {""sector"": ""NIFTY_PSU_BANK"", ""ltp"": 8616.35, ""return_pct"": -0.024946336369433615, ""rs_vs_nifty"": -0.024946336369433615}, {""sector"": ""NIFTY_AUTO"", ""ltp"": 29241.15, ""return_pct"": -0.07996022491375339, ""rs_vs_nifty"": -0.07996022491375339}, {""sector"": ""NIFTY_REALTY"", ""ltp"": 895.05, ""return_pct"": -0.08372404554588078, ""rs_vs_nifty"": -0.08372404554588078}, {""sector"": ""NIFTY_FMCG"", ""ltp"": 47623.8, ""return_pct"": -0.2325347545187159, ""rs_vs_nifty"": -0.2325347545187159}, {""sector"": ""NIFTY_BANK"", ""ltp"": 57111.3, ""return_pct"": -0.26387297773058505, ""rs_vs_nifty"": -0.26387297773058505}, {""sector"": ""NIFTY_PHARMA"", ""ltp"": 26280.95, ""return_pct"": -0.3070719485317854, ""rs_vs_nifty"": -0.3070719485317854}, {""sector"": ""NIFTY_HEALTHCARE"", ""ltp"": 16412.5, ""return_pct"": -0.31098720214775977, ""rs_vs_nifty"": -0.31098720214775977}, {""sector"": ""NIFTY_METAL"", ""ltp"": 12979.25, ""return_pct"": -0.35354272070508375, ""rs_vs_nifty"": -0.35354272070508375}, {""sector"": ""NIFTY_FIN_SERVICE"", ""ltp"": 25987.2, ""return_pct"": -0.4626934273019736, ""rs_vs_nifty"": -0.4626934273019736}, {""sector"": ""NIFTY_INFRA"", ""ltp"": 9317.9, ""return_pct"": -0.6254965845646815, ""rs_vs_nifty"": -0.6254965845646815}, {""sector"": ""NIFTY_ENERGY"", ""ltp"": 38200.85, ""return_pct"": -0.9798114770139598, ""rs_vs_nifty"": -0.9798114770139598}]"
2026-08-19 12:04:17,NORMAL,24062.6,,0,24078.37037251768,,,False,True,[],"[[""NIFTY_ENERGY"", -0.9685358687467394, -0.9685358687467394], [""NIFTY_INFRA"", -0.6324287717763919, -0.6324287717763919]]","[{""sector"": ""NIFTY_IT"", ""ltp"": 30322.7, ""return_pct"": 0.361593925884002, ""rs_vs_nifty"": 0.361593925884002}, {""sector"": ""NIFTY_MEDIA"", ""ltp"": 1602.85, ""return_pct"": 0.04056921732616799, ""rs_vs_nifty"": 0.04056921732616799}, {""sector"": ""NIFTY_PSU_BANK"", ""ltp"": 8614.0, ""return_pct"": -0.05221326216859082, ""rs_vs_nifty"": -0.05221326216859082}, {""sector"": ""NIFTY_REALTY"", ""ltp"": 895.2, ""return_pct"": -0.06697923643669447, ""rs_vs_nifty"": -0.06697923643669447}, {""sector"": ""NIFTY_AUTO"", ""ltp"": 29240.85, ""return_pct"": -0.0809853560024013, ""rs_vs_nifty"": -0.0809853560024013}, {""sector"": ""NIFTY_FMCG"", ""ltp"": 47620.8, ""return_pct"": -0.2388194776138163, ""rs_vs_nifty"": -0.2388194776138163}, {""sector"": ""NIFTY_BANK"", ""ltp"": 57106.5, ""return_pct"": -0.27225544161614157, ""rs_vs_nifty"": -0.27225544161614157}, {""sector"": ""NIFTY_HEALTHCARE"", ""ltp"": 16411.4, ""return_pct"": -0.3176685678188941, ""rs_vs_nifty"": -0.3176685678188941}, {""sector"": ""NIFTY_PHARMA"", ""ltp"": 26277.4, ""return_pct"": -0.32053835269840186, ""rs_vs_nifty"": -0.32053835269840186}, {""sector"": ""NIFTY_METAL"", ""ltp"": 12976.1, ""return_pct"": -0.3777264247272532, ""rs_vs_nifty"": -0.3777264247272532}, {""sector"": ""NIFTY_FIN_SERVICE"", ""ltp"": 25985.0, ""return_pct"": -0.47111996322966143, ""rs_vs_nifty"": -0.47111996322966143}, {""sector"": ""NIFTY_INFRA"", ""ltp"": 9317.25, ""return_pct"": -0.6324287717763919, ""rs_vs_nifty"": -0.6324287717763919}, {""sector"": ""NIFTY_ENERGY"", ""ltp"": 38205.2, ""return_pct"": -0.9685358687467394, ""rs_vs_nifty"": -0.9685358687467394}]"
2026-08-19 12:05:58,NORMAL,24060.1,,0,24078.19311528351,,,False,True,[],"[[""NIFTY_ENERGY"", -1.0000298090793158, -1.0000298090793158], [""NIFTY_INFRA"", -0.6436269203491535, -0.6436269203491535]]","[{""sector"": ""NIFTY_IT"", ""ltp"": 30336.15, ""return_pct"": 0.40611052362441474, ""rs_vs_nifty"": 0.40611052362441474}, {""sector"": ""NIFTY_MEDIA"", ""ltp"": 1603.65, ""return_pct"": 0.09050056172762735, ""rs_vs_nifty"": 0.09050056172762735}, {""sector"": ""NIFTY_AUTO"", ""ltp"": 29237.3, ""return_pct"": -0.09311607388461467, ""rs_vs_nifty"": -0.09311607388461467}, {""sector"": ""NIFTY_REALTY"", ""ltp"": 894.9, ""return_pct"": -0.10046885465505441, ""rs_vs_nifty"": -0.10046885465505441}, {""sector"": ""NIFTY_PSU_BANK"", ""ltp"": 8609.3, ""return_pct"": -0.10674711376690524, ""rs_vs_nifty"": -0.10674711376690524}, {""sector"": ""NIFTY_FMCG"", ""ltp"": 47624.95, ""return_pct"": -0.23012561066560627, ""rs_vs_nifty"": -0.23012561066560627}, {""sector"": ""NIFTY_BANK"", ""ltp"": 57100.8, ""return_pct"": -0.2822096174802288, ""rs_vs_nifty"": -0.2822096174802288}, {""sector"": ""NIFTY_PHARMA"", ""ltp"": 26281.2, ""return_pct"": -0.3061236102101924, ""rs_vs_nifty"": -0.3061236102101924}, {""sector"": ""NIFTY_HEALTHCARE"", ""ltp"": 16411.25, ""return_pct"": -0.3185796631376952, ""rs_vs_nifty"": -0.3185796631376952}, {""sector"": ""NIFTY_METAL"", ""ltp"": 12976.6, ""return_pct"": -0.3738877415491306, ""rs_vs_nifty"": -0.3738877415491306}, {""sector"": ""NIFTY_FIN_SERVICE"", ""ltp"": 25984.35, ""return_pct"": -0.47360962157193753, ""rs_vs_nifty"": -0.47360962157193753}, {""sector"": ""NIFTY_INFRA"", ""ltp"": 9316.2, ""return_pct"": -0.6436269203491535, ""rs_vs_nifty"": -0.6436269203491535}, {""sector"": ""NIFTY_ENERGY"", ""ltp"": 38193.05, ""return_pct"": -1.0000298090793158, ""rs_vs_nifty"": -1.0000298090793158}]"
2026-08-19 12:06:16,NORMAL,24063.1,,0,24078.182467751893,,,False,True,[],"[[""NIFTY_ENERGY"", -1.0000298090793158, -1.0000298090793158], [""NIFTY_INFRA"", -0.6436269203491535, -0.6436269203491535]]","[{""sector"": ""NIFTY_IT"", ""ltp"": 30337.1, ""return_pct"": 0.409254818632092, ""rs_vs_nifty"": 0.409254818632092}, {""sector"": ""NIFTY_MEDIA"", ""ltp"": 1604.0, ""return_pct"": 0.11234552490325517, ""rs_vs_nifty"": 0.11234552490325517}, {""sector"": ""NIFTY_REALTY"", ""ltp"": 895.05, ""return_pct"": -0.08372404554588078, ""rs_vs_nifty"": -0.08372404554588078}, {""sector"": ""NIFTY_AUTO"", ""ltp"": 29239.15, ""return_pct"": -0.08679443217133978, ""rs_vs_nifty"": -0.08679443217133978}, {""sector"": ""NIFTY_PSU_BANK"", ""ltp"": 8610.75, ""return_pct"": -0.08992284040146196, ""rs_vs_nifty"": -0.08992284040146196}, {""sector"": ""NIFTY_FMCG"", ""ltp"": 47633.4, ""return_pct"": -0.21242364061439756, ""rs_vs_nifty"": -0.21242364061439756}, {""sector"": ""NIFTY_BANK"", ""ltp"": 57101.15, ""return_pct"": -0.2815983961552432, ""rs_vs_nifty"": -0.2815983961552432}, {""sector"": ""NIFTY_PHARMA"", ""ltp"": 26279.3, ""return_pct"": -0.31333098145430405, ""rs_vs_nifty"": -0.31333098145430405}, {""sector"": ""NIFTY_HEALTHCARE"", ""ltp"": 16408.95, ""return_pct"": -0.33254979135917195, ""rs_vs_nifty"": -0.33254979135917195}, {""sector"": ""NIFTY_METAL"", ""ltp"": 12976.1, ""return_pct"": -0.3777264247272532, ""rs_vs_nifty"": -0.3777264247272532}, {""sector"": ""NIFTY_FIN_SERVICE"", ""ltp"": 25983.3, ""return_pct"": -0.4776313773556026, ""rs_vs_nifty"": -0.4776313773556026}, {""sector"": ""NIFTY_INFRA"", ""ltp"": 9316.2, ""return_pct"": -0.6436269203491535, ""rs_vs_nifty"": -0.6436269203491535}, {""sector"": ""NIFTY_ENERGY"", ""ltp"": 38193.05, ""return_pct"": -1.0000298090793158, ""rs_vs_nifty"": -1.0000298090793158}]"
2026-08-19 12:07:59,NORMAL,24062.55,,0,24078.03319187262,,,False,True,[],"[[""NIFTY_ENERGY"", -1.0061212296374866, -1.0061212296374866], [""NIFTY_INFRA"", -0.6473596365400804, -0.6473596365400804]]","[{""sector"": ""NIFTY_IT"", ""ltp"": 30358.5, ""return_pct"": 0.4800842009105192, ""rs_vs_nifty"": 0.4800842009105192}, {""sector"": ""NIFTY_MEDIA"", ""ltp"": 1604.45, ""return_pct"": 0.1404319061290725, ""rs_vs_nifty"": 0.1404319061290725}, {""sector"": ""NIFTY_PSU_BANK"", ""ltp"": 8611.8, ""return_pct"": -0.07773974589546588, ""rs_vs_nifty"": -0.07773974589546588}, {""sector"": ""NIFTY_AUTO"", ""ltp"": 29241.4, ""return_pct"": -0.0791059490065551, ""rs_vs_nifty"": -0.0791059490065551}, {""sector"": ""NIFTY_REALTY"", ""ltp"": 894.7, ""return_pct"": -0.122795266800615, ""rs_vs_nifty"": -0.122795266800615}, {""sector"": ""NIFTY_FMCG"", ""ltp"": 47633.3, ""return_pct"": -0.21263313138423118, ""rs_vs_nifty"": -0.21263313138423118}, {""sector"": ""NIFTY_BANK"", ""ltp"": 57109.3, ""return_pct"": -0.2673656710162315, ""rs_vs_nifty"": -0.2673656710162315}, {""sector"": ""NIFTY_PHARMA"", ""ltp"": 26274.05, ""return_pct"": -0.3332460862077551, ""rs_vs_nifty"": -0.3332460862077551}, {""sector"": ""NIFTY_HEALTHCARE"", ""ltp"": 16407.2, ""return_pct"": -0.34317923674508155, ""rs_vs_nifty"": -0.34317923674508155}, {""sector"": ""NIFTY_METAL"", ""ltp"": 12968.55, ""return_pct"": -0.4356905407169125, ""rs_vs_nifty"": -0.4356905407169125}, {""sector"": ""NIFTY_FIN_SERVICE"", ""ltp"": 25985.6, ""return_pct"": -0.4688218170675711, ""rs_vs_nifty"": -0.4688218170675711}, {""sector"": ""NIFTY_INFRA"", ""ltp"": 9315.85, ""return_pct"": -0.6473596365400804, ""rs_vs_nifty"": -0.6473596365400804}, {""sector"": ""NIFTY_ENERGY"", ""ltp"": 38190.7, ""return_pct"": -1.0061212296374866, ""rs_vs_nifty"": -1.0061212296374866}]"
2026-08-19 12:08:16,NORMAL,24062.45,,0,24077.999052537696,,,False,True,[],"[[""NIFTY_ENERGY"", -1.004306763939301, -1.004306763939301], [""NIFTY_INFRA"", -0.6606907657933772, -0.6606907657933772]]","[{""sector"": ""NIFTY_IT"", ""ltp"": 30356.6, ""return_pct"": 0.4737956108951405, ""rs_vs_nifty"": 0.4737956108951405}, {""sector"": ""NIFTY_MEDIA"", ""ltp"": 1604.4, ""return_pct"": 0.13731119710398484, ""rs_vs_nifty"": 0.13731119710398484}, {""sector"": ""NIFTY_PSU_BANK"", ""ltp"": 8610.95, ""return_pct"": -0.08760225097173838, ""rs_vs_nifty"": -0.08760225097173838}, {""sector"": ""NIFTY_AUTO"", ""ltp"": 29237.85, ""return_pct"": -0.09123666688878089, ""rs_vs_nifty"": -0.09123666688878089}, {""sector"": ""NIFTY_REALTY"", ""ltp"": 894.75, ""return_pct"": -0.11721366376422802, ""rs_vs_nifty"": -0.11721366376422802}, {""sector"": ""NIFTY_FMCG"", ""ltp"": 47631.6, ""return_pct"": -0.21619447447146392, ""rs_vs_nifty"": -0.21619447447146392}, {""sector"": ""NIFTY_BANK"", ""ltp"": 57108.0, ""return_pct"": -0.26963592165190675, ""rs_vs_nifty"": -0.26963592165190675}, {""sector"": ""NIFTY_PHARMA"", ""ltp"": 26276.2, ""return_pct"": -0.32509037664205054, ""rs_vs_nifty"": -0.32509037664205054}, {""sector"": ""NIFTY_HEALTHCARE"", ""ltp"": 16407.85, ""return_pct"": -0.3392311570303284, ""rs_vs_nifty"": -0.3392311570303284}, {""sector"": ""NIFTY_METAL"", ""ltp"": 12966.0, ""return_pct"": -0.455267824925332, ""rs_vs_nifty"": -0.455267824925332}, {""sector"": ""NIFTY_FIN_SERVICE"", ""ltp"": 25985.8, ""return_pct"": -0.4680557683468697, ""rs_vs_nifty"": -0.4680557683468697}, {""sector"": ""NIFTY_INFRA"", ""ltp"": 9314.6, ""return_pct"": -0.6606907657933772, ""rs_vs_nifty"": -0.6606907657933772}, {""sector"": ""NIFTY_ENERGY"", ""ltp"": 38191.4, ""return_pct"": -1.004306763939301, ""rs_vs_nifty"": -1.004306763939301}]"
2026-08-19 12:10:04,NORMAL,24056.45,,0,24077.67357247872,,,False,True,"[[""NIFTY_IT"", 0.5075554099250451, 0.5075554099250451]]","[[""NIFTY_ENERGY"", -1.0271171898592104, -1.0271171898592104], [""NIFTY_INFRA"", -0.7140152828065645, -0.7140152828065645], [""NIFTY_FIN_SERVICE"", -0.5234027884173489, -0.5234027884173489]]","[{""sector"": ""NIFTY_IT"", ""ltp"": 30366.8, ""return_pct"": 0.5075554099250451, ""rs_vs_nifty"": 0.5075554099250451}, {""sector"": ""NIFTY_MEDIA"", ""ltp"": 1602.9, ""return_pct"": 0.043689926351269844, ""rs_vs_nifty"": 0.043689926351269844}, {""sector"": ""NIFTY_AUTO"", ""ltp"": 29238.35, ""return_pct"": -0.0895281150743843, ""rs_vs_nifty"": -0.0895281150743843}, {""sector"": ""NIFTY_REALTY"", ""ltp"": 894.9, ""return_pct"": -0.10046885465505441, ""rs_vs_nifty"": -0.10046885465505441}, {""sector"": ""NIFTY_PSU_BANK"", ""ltp"": 8603.95, ""return_pct"": -0.16882288101176857, ""rs_vs_nifty"": -0.16882288101176857}, {""sector"": ""NIFTY_FMCG"", ""ltp"": 47638.3, ""return_pct"": -0.20215859289239713, ""rs_vs_nifty"": -0.20215859289239713}, {""sector"": ""NIFTY_BANK"", ""ltp"": 57086.0, ""return_pct"": -0.30805554779401745, ""rs_vs_nifty"": -0.30805554779401745}, {""sector"": ""NIFTY_PHARMA"", ""ltp"": 26260.25, ""return_pct"": -0.38559436155968063, ""rs_vs_nifty"": -0.38559436155968063}, {""sector"": ""NIFTY_HEALTHCARE"", ""ltp"": 16397.25, ""return_pct"": -0.40361522622497203, ""rs_vs_nifty"": -0.40361522622497203}, {""sector"": ""NIFTY_METAL"", ""ltp"": 12963.75, ""return_pct"": -0.47254189922688367, ""rs_vs_nifty"": -0.47254189922688367}, {""sector"": ""NIFTY_FIN_SERVICE"", ""ltp"": 25971.35, ""return_pct"": -0.5234027884173489, ""rs_vs_nifty"": -0.5234027884173489}, {""sector"": ""NIFTY_INFRA"", ""ltp"": 9309.6, ""return_pct"": -0.7140152828065645, ""rs_vs_nifty"": -0.7140152828065645}, {""sector"": ""NIFTY_ENERGY"", ""ltp"": 38182.6, ""return_pct"": -1.0271171898592104, ""rs_vs_nifty"": -1.0271171898592104}]"
2026-08-19 12:10:23,NORMAL,24053.7,,0,24077.64819686906,,,False,True,[],"[[""NIFTY_ENERGY"", -1.0342454479591798, -1.0342454479591798], [""NIFTY_INFRA"", -0.7134820376364404, -0.7134820376364404], [""NIFTY_FIN_SERVICE"", -0.5157423012103626, -0.5157423012103626]]","[{""sector"": ""NIFTY_IT"", ""ltp"": 30360.0, ""return_pct"": 0.48504887723844603, ""rs_vs_nifty"": 0.48504887723844603}, {""sector"": ""NIFTY_MEDIA"", ""ltp"": 1603.2, ""return_pct"": 0.06241418050181001, ""rs_vs_nifty"": 0.06241418050181001}, {""sector"": ""NIFTY_AUTO"", ""ltp"": 29235.15, ""return_pct"": -0.10046284668651258, ""rs_vs_nifty"": -0.10046284668651258}, {""sector"": ""NIFTY_REALTY"", ""ltp"": 894.9, ""return_pct"": -0.10046885465505441, ""rs_vs_nifty"": -0.10046885465505441}, {""sector"": ""NIFTY_PSU_BANK"", ""ltp"": 8604.2, ""return_pct"": -0.16592214422462462, ""rs_vs_nifty"": -0.16592214422462462}, {""sector"": ""NIFTY_FMCG"", ""ltp"": 47630.75, ""return_pct"": -0.21797514601507267, ""rs_vs_nifty"": -0.21797514601507267}, {""sector"": ""NIFTY_BANK"", ""ltp"": 57090.05, ""return_pct"": -0.3009828438905784, ""rs_vs_nifty"": -0.3009828438905784}, {""sector"": ""NIFTY_PHARMA"", ""ltp"": 26260.8, ""return_pct"": -0.38350801725217903, ""rs_vs_nifty"": -0.38350801725217903}, {""sector"": ""NIFTY_HEALTHCARE"", ""ltp"": 16396.75, ""return_pct"": -0.40665221062094625, ""rs_vs_nifty"": -0.40665221062094625}, {""sector"": ""NIFTY_METAL"", ""ltp"": 12963.6, ""return_pct"": -0.47369350418031764, ""rs_vs_nifty"": -0.47369350418031764}, {""sector"": ""NIFTY_FIN_SERVICE"", ""ltp"": 25973.35, ""return_pct"": -0.5157423012103626, ""rs_vs_nifty"": -0.5157423012103626}, {""sector"": ""NIFTY_INFRA"", ""ltp"": 9309.65, ""return_pct"": -0.7134820376364404, ""rs_vs_nifty"": -0.7134820376364404}, {""sector"": ""NIFTY_ENERGY"", ""ltp"": 38179.85, ""return_pct"": -1.0342454479591798, ""rs_vs_nifty"": -1.0342454479591798}]"
2026-08-19 12:12:03,NORMAL,24054.05,,0,24077.513012726362,,,False,True,[],"[[""NIFTY_ENERGY"", -1.0630176897445065, -1.0630176897445065], [""NIFTY_INFRA"", -0.73267886376118, -0.73267886376118], [""NIFTY_FIN_SERVICE"", -0.5130611306879146, -0.5130611306879146]]","[{""sector"": ""NIFTY_IT"", ""ltp"": 30361.5, ""return_pct"": 0.4900135535663729, ""rs_vs_nifty"": 0.4900135535663729}, {""sector"": ""NIFTY_MEDIA"", ""ltp"": 1602.95, ""return_pct"": 0.046810635376357504, ""rs_vs_nifty"": 0.046810635376357504}, {""sector"": ""NIFTY_REALTY"", ""ltp"": 895.65, ""return_pct"": -0.016744809109173617, ""rs_vs_nifty"": -0.016744809109173617}, {""sector"": ""NIFTY_AUTO"", ""ltp"": 29237.1, ""return_pct"": -0.09379949461037579, ""rs_vs_nifty"": -0.09379949461037579}, {""sector"": ""NIFTY_PSU_BANK"", ""ltp"": 8602.65, ""return_pct"": -0.18390671230492966, ""rs_vs_nifty"": -0.18390671230492966}, {""sector"": ""NIFTY_FMCG"", ""ltp"": 47639.3, ""return_pct"": -0.20006368519403037, ""rs_vs_nifty"": -0.20006368519403037}, {""sector"": ""NIFTY_BANK"", ""ltp"": 57090.8, ""return_pct"": -0.2996730839084609, ""rs_vs_nifty"": -0.2996730839084609}, {""sector"": ""NIFTY_PHARMA"", ""ltp"": 26259.25, ""return_pct"": -0.3893877148460523, ""rs_vs_nifty"": -0.3893877148460523}, {""sector"": ""NIFTY_HEALTHCARE"", ""ltp"": 16394.95, ""return_pct"": -0.41758535444644884, ""rs_vs_nifty"": -0.41758535444644884}, {""sector"": ""NIFTY_METAL"", ""ltp"": 12959.2, ""return_pct"": -0.5074739161477935, ""rs_vs_nifty"": -0.5074739161477935}, {""sector"": ""NIFTY_FIN_SERVICE"", ""ltp"": 25974.05, ""return_pct"": -0.5130611306879146, ""rs_vs_nifty"": -0.5130611306879146}, {""sector"": ""NIFTY_INFRA"", ""ltp"": 9307.85, ""return_pct"": -0.73267886376118, ""rs_vs_nifty"": -0.73267886376118}, {""sector"": ""NIFTY_ENERGY"", ""ltp"": 38168.75, ""return_pct"": -1.0630176897445065, ""rs_vs_nifty"": -1.0630176897445065}]"
2026-08-19 12:12:22,NORMAL,24054.5,,0,24077.492379588755,,,False,True,"[[""NIFTY_IT"", 0.5039146472845704, 0.5039146472845704]]","[[""NIFTY_ENERGY"", -1.073904483933543, -1.073904483933543], [""NIFTY_INFRA"", -0.730545883080664, -0.730545883080664], [""NIFTY_FIN_SERVICE"", -0.5188064960931543, -0.5188064960931543]]","[{""sector"": ""NIFTY_IT"", ""ltp"": 30365.7, ""return_pct"": 0.5039146472845704, ""rs_vs_nifty"": 0.5039146472845704}, {""sector"": ""NIFTY_MEDIA"", ""ltp"": 1602.9, ""return_pct"": 0.043689926351269844, ""rs_vs_nifty"": 0.043689926351269844}, {""sector"": ""NIFTY_REALTY"", ""ltp"": 895.45, ""return_pct"": -0.03907122125473421, ""rs_vs_nifty"": -0.03907122125473421}, {""sector"": ""NIFTY_AUTO"", ""ltp"": 29235.6, ""return_pct"": -0.09892515005356559, ""rs_vs_nifty"": -0.09892515005356559}, {""sector"": ""NIFTY_PSU_BANK"", ""ltp"": 8601.65, ""return_pct"": -0.1955096594535054, ""rs_vs_nifty"": -0.1955096594535054}, {""sector"": ""NIFTY_FMCG"", ""ltp"": 47641.2, ""return_pct"": -0.1960833605671456, ""rs_vs_nifty"": -0.1960833605671456}, {""sector"": ""NIFTY_BANK"", ""ltp"": 57085.7, ""return_pct"": -0.3085794517868695, ""rs_vs_nifty"": -0.3085794517868695}, {""sector"": ""NIFTY_PHARMA"", ""ltp"": 26260.95, ""return_pct"": -0.3829390142592177, ""rs_vs_nifty"": -0.3829390142592177}, {""sector"": ""NIFTY_HEALTHCARE"", ""ltp"": 16397.75, ""return_pct"": -0.4005782418289978, ""rs_vs_nifty"": -0.4005782418289978}, {""sector"": ""NIFTY_METAL"", ""ltp"": 12960.3, ""return_pct"": -0.499028813155935, ""rs_vs_nifty"": -0.499028813155935}, {""sector"": ""NIFTY_FIN_SERVICE"", ""ltp"": 25972.55, ""return_pct"": -0.5188064960931543, ""rs_vs_nifty"": -0.5188064960931543}, {""sector"": ""NIFTY_INFRA"", ""ltp"": 9308.05, ""return_pct"": -0.730545883080664, ""rs_vs_nifty"": -0.730545883080664}, {""sector"": ""NIFTY_ENERGY"", ""ltp"": 38164.55, ""return_pct"": -1.073904483933543, ""rs_vs_nifty"": -1.073904483933543}]"
2026-08-19 12:14:06,NORMAL,24051.0,,0,24077.280727385874,,,False,True,"[[""NIFTY_IT"", 0.5447904823844961, 0.5447904823844961]]","[[""NIFTY_ENERGY"", -1.090753093988016, -1.090753093988016], [""NIFTY_INFRA"", -0.7668065546496274, -0.7668065546496274], [""NIFTY_FIN_SERVICE"", -0.5283821051018872, -0.5283821051018872]]","[{""sector"": ""NIFTY_IT"", ""ltp"": 30378.05, ""return_pct"": 0.5447904823844961, ""rs_vs_nifty"": 0.5447904823844961}, {""sector"": ""NIFTY_MEDIA"", ""ltp"": 1602.8, ""return_pct"": 0.037448508301080326, ""rs_vs_nifty"": 0.037448508301080326}, {""sector"": ""NIFTY_REALTY"", ""ltp"": 895.2, ""return_pct"": -0.06697923643669447, ""rs_vs_nifty"": -0.06697923643669447}, {""sector"": ""NIFTY_AUTO"", ""ltp"": 29234.9, ""return_pct"": -0.10131712259371088, ""rs_vs_nifty"": -0.10131712259371088}, {""sector"": ""NIFTY_FMCG"", ""ltp"": 47649.9, ""return_pct"": -0.17785766359134522, ""rs_vs_nifty"": -0.17785766359134522}, {""sector"": ""NIFTY_PSU_BANK"", ""ltp"": 8600.25, ""return_pct"": -0.21175378546150725, ""rs_vs_nifty"": -0.21175378546150725}, {""sector"": ""NIFTY_PHARMA"", ""ltp"": 26275.55, ""return_pct"": -0.3275560562781976, ""rs_vs_nifty"": -0.3275560562781976}, {""sector"": ""NIFTY_BANK"", ""ltp"": 57070.95, ""return_pct"": -0.3343380647685119, ""rs_vs_nifty"": -0.3343380647685119}, {""sector"": ""NIFTY_HEALTHCARE"", ""ltp"": 16404.65, ""return_pct"": -0.3586678571645454, ""rs_vs_nifty"": -0.3586678571645454}, {""sector"": ""NIFTY_METAL"", ""ltp"": 12960.0, ""return_pct"": -0.501332023062803, ""rs_vs_nifty"": -0.501332023062803}, {""sector"": ""NIFTY_FIN_SERVICE"", ""ltp"": 25970.05, ""return_pct"": -0.5283821051018872, ""rs_vs_nifty"": -0.5283821051018872}, {""sector"": ""NIFTY_INFRA"", ""ltp"": 9304.65, ""return_pct"": -0.7668065546496274, ""rs_vs_nifty"": -0.7668065546496274}, {""sector"": ""NIFTY_ENERGY"", ""ltp"": 38158.05, ""return_pct"": -1.090753093988016, ""rs_vs_nifty"": -1.090753093988016}]"
2026-08-19 12:14:23,NORMAL,24053.3,,0,24077.272370217463,,,False,True,"[[""NIFTY_IT"", 0.535688575783297, 0.535688575783297]]","[[""NIFTY_ENERGY"", -1.091660326837118, -1.091660326837118], [""NIFTY_INFRA"", -0.7534754253963306, -0.7534754253963306], [""NIFTY_FIN_SERVICE"", -0.5209131300750728, -0.5209131300750728]]","[{""sector"": ""NIFTY_IT"", ""ltp"": 30375.3, ""return_pct"": 0.535688575783297, ""rs_vs_nifty"": 0.535688575783297}, {""sector"": ""NIFTY_MEDIA"", ""ltp"": 1602.75, ""return_pct"": 0.034327799275992665, ""rs_vs_nifty"": 0.034327799275992665}, {""sector"": ""NIFTY_REALTY"", ""ltp"": 895.25, ""return_pct"": -0.0613976334003075, ""rs_vs_nifty"": -0.0613976334003075}, {""sector"": ""NIFTY_AUTO"", ""ltp"": 29234.55, ""return_pct"": -0.10251310886379597, ""rs_vs_nifty"": -0.10251310886379597}, {""sector"": ""NIFTY_FMCG"", ""ltp"": 47652.3, ""return_pct"": -0.17282988511526182, ""rs_vs_nifty"": -0.17282988511526182}, {""sector"": ""NIFTY_PSU_BANK"", ""ltp"": 8601.25, ""return_pct"": -0.20015083831293146, ""rs_vs_nifty"": -0.20015083831293146}, {""sector"": ""NIFTY_PHARMA"", ""ltp"": 26278.95, ""return_pct"": -0.3146586551045286, ""rs_vs_nifty"": -0.3146586551045286}, {""sector"": ""NIFTY_BANK"", ""ltp"": 57074.05, ""return_pct"": -0.3289243901757498, ""rs_vs_nifty"": -0.3289243901757498}, {""sector"": ""NIFTY_HEALTHCARE"", ""ltp"": 16406.55, ""return_pct"": -0.3471273164598569, ""rs_vs_nifty"": -0.3471273164598569}, {""sector"": ""NIFTY_METAL"", ""ltp"": 12959.85, ""return_pct"": -0.5024836280162369, ""rs_vs_nifty"": -0.5024836280162369}, {""sector"": ""NIFTY_FIN_SERVICE"", ""ltp"": 25972.0, ""return_pct"": -0.5209131300750728, ""rs_vs_nifty"": -0.5209131300750728}, {""sector"": ""NIFTY_INFRA"", ""ltp"": 9305.9, ""return_pct"": -0.7534754253963306, ""rs_vs_nifty"": -0.7534754253963306}, {""sector"": ""NIFTY_ENERGY"", ""ltp"": 38157.7, ""return_pct"": -1.091660326837118, ""rs_vs_nifty"": -1.091660326837118}]"
2026-08-19 12:16:02,NORMAL,24053.05,,0,24077.068640751128,,,False,True,"[[""NIFTY_IT"", 0.5327097699865481, 0.5327097699865481]]","[[""NIFTY_ENERGY"", -1.0783110434862626, -1.0783110434862626], [""NIFTY_INFRA"", -0.7620073481184328, -0.7620073481184328], [""NIFTY_FIN_SERVICE"", -0.5092308870844214, -0.5092308870844214]]","[{""sector"": ""NIFTY_IT"", ""ltp"": 30374.4, ""return_pct"": 0.5327097699865481, ""rs_vs_nifty"": 0.5327097699865481}, {""sector"": ""NIFTY_MEDIA"", ""ltp"": 1602.1, ""return_pct"": -0.006241418050189516, ""rs_vs_nifty"": -0.006241418050189516}, {""sector"": ""NIFTY_REALTY"", ""ltp"": 895.25, ""return_pct"": -0.0613976334003075, ""rs_vs_nifty"": -0.0613976334003075}, {""sector"": ""NIFTY_AUTO"", ""ltp"": 29225.65, ""return_pct"": -0.13292533116004795, ""rs_vs_nifty"": -0.13292533116004795}, {""sector"": ""NIFTY_PSU_BANK"", ""ltp"": 8603.45, ""return_pct"": -0.1746243545860564, ""rs_vs_nifty"": -0.1746243545860564}, {""sector"": ""NIFTY_FMCG"", ""ltp"": 47643.75, ""return_pct"": -0.19074134593630412, ""rs_vs_nifty"": -0.19074134593630412}, {""sector"": ""NIFTY_PHARMA"", ""ltp"": 26280.35, ""return_pct"": -0.3093479605036166, ""rs_vs_nifty"": -0.3093479605036166}, {""sector"": ""NIFTY_BANK"", ""ltp"": 57070.65, ""return_pct"": -0.3348619687613512, ""rs_vs_nifty"": -0.3348619687613512}, {""sector"": ""NIFTY_HEALTHCARE"", ""ltp"": 16406.85, ""return_pct"": -0.3453051258222768, ""rs_vs_nifty"": -0.3453051258222768}, {""sector"": ""NIFTY_METAL"", ""ltp"": 12961.7, ""return_pct"": -0.4882805002571806, ""rs_vs_nifty"": -0.4882805002571806}, {""sector"": ""NIFTY_FIN_SERVICE"", ""ltp"": 25975.05, ""return_pct"": -0.5092308870844214, ""rs_vs_nifty"": -0.5092308870844214}, {""sector"": ""NIFTY_INFRA"", ""ltp"": 9305.1, ""return_pct"": -0.7620073481184328, ""rs_vs_nifty"": -0.7620073481184328}, {""sector"": ""NIFTY_ENERGY"", ""ltp"": 38162.85, ""return_pct"": -1.0783110434862626, ""rs_vs_nifty"": -1.0783110434862626}]"
2026-08-19 12:16:20,NORMAL,24057.0,,0,24077.048778577053,,,False,True,"[[""NIFTY_IT"", 0.5524029860873148, 0.5524029860873148]]","[[""NIFTY_ENERGY"", -1.0827176030389634, -1.0827176030389634], [""NIFTY_INFRA"", -0.7566748964171142, -0.7566748964171142], [""NIFTY_FIN_SERVICE"", -0.5025279607783083, -0.5025279607783083]]","[{""sector"": ""NIFTY_IT"", ""ltp"": 30380.35, ""return_pct"": 0.5524029860873148, ""rs_vs_nifty"": 0.5524029860873148}, {""sector"": ""NIFTY_MEDIA"", ""ltp"": 1602.15, ""return_pct"": -0.0031207090250876626, ""rs_vs_nifty"": -0.0031207090250876626}, {""sector"": ""NIFTY_REALTY"", ""ltp"": 895.2, ""return_pct"": -0.06697923643669447, ""rs_vs_nifty"": -0.06697923643669447}, {""sector"": ""NIFTY_AUTO"", ""ltp"": 29227.4, ""return_pct"": -0.12694539980965985, ""rs_vs_nifty"": -0.12694539980965985}, {""sector"": ""NIFTY_PSU_BANK"", ""ltp"": 8604.1, ""return_pct"": -0.1670824389394864, ""rs_vs_nifty"": -0.1670824389394864}, {""sector"": ""NIFTY_FMCG"", ""ltp"": 47648.5, ""return_pct"": -0.18079053436906178, ""rs_vs_nifty"": -0.18079053436906178}, {""sector"": ""NIFTY_BANK"", ""ltp"": 57077.5, ""return_pct"": -0.3228994942580148, ""rs_vs_nifty"": -0.3228994942580148}, {""sector"": ""NIFTY_PHARMA"", ""ltp"": 26276.55, ""return_pct"": -0.323762702991826, ""rs_vs_nifty"": -0.323762702991826}, {""sector"": ""NIFTY_HEALTHCARE"", ""ltp"": 16406.05, ""return_pct"": -0.35016430085583106, ""rs_vs_nifty"": -0.35016430085583106}, {""sector"": ""NIFTY_METAL"", ""ltp"": 12959.95, ""return_pct"": -0.5017158913806097, ""rs_vs_nifty"": -0.5017158913806097}, {""sector"": ""NIFTY_FIN_SERVICE"", ""ltp"": 25976.8, ""return_pct"": -0.5025279607783083, ""rs_vs_nifty"": -0.5025279607783083}, {""sector"": ""NIFTY_INFRA"", ""ltp"": 9305.6, ""return_pct"": -0.7566748964171142, ""rs_vs_nifty"": -0.7566748964171142}, {""sector"": ""NIFTY_ENERGY"", ""ltp"": 38161.15, ""return_pct"": -1.0827176030389634, ""rs_vs_nifty"": -1.0827176030389634}]"
2026-08-19 12:18:01,NORMAL,24054.25,,0,24076.849560336348,,,False,True,"[[""NIFTY_IT"", 0.647724771583519, 0.647724771583519]]","[[""NIFTY_ENERGY"", -1.0827176030389634, -1.0827176030389634], [""NIFTY_INFRA"", -0.7641403287989681, -0.7641403287989681], [""NIFTY_METAL"", -0.5278189369918543, -0.5278189369918543]]","[{""sector"": ""NIFTY_IT"", ""ltp"": 30409.15, ""return_pct"": 0.647724771583519, ""rs_vs_nifty"": 0.647724771583519}, {""sector"": ""NIFTY_MEDIA"", ""ltp"": 1601.95, ""return_pct"": -0.015603545125452502, ""rs_vs_nifty"": -0.015603545125452502}, {""sector"": ""NIFTY_REALTY"", ""ltp"": 894.9, ""return_pct"": -0.10046885465505441, ""rs_vs_nifty"": -0.10046885465505441}, {""sector"": ""NIFTY_AUTO"", ""ltp"": 29225.15, ""return_pct"": -0.13463388297444456, ""rs_vs_nifty"": -0.13463388297444456}, {""sector"": ""NIFTY_PSU_BANK"", ""ltp"": 8604.3, ""return_pct"": -0.16476184950978393, ""rs_vs_nifty"": -0.16476184950978393}, {""sector"": ""NIFTY_FMCG"", ""ltp"": 47620.35, ""return_pct"": -0.23976218607809052, ""rs_vs_nifty"": -0.23976218607809052}, {""sector"": ""NIFTY_BANK"", ""ltp"": 57075.05, ""return_pct"": -0.32717804353292657, ""rs_vs_nifty"": -0.32717804353292657}, {""sector"": ""NIFTY_PHARMA"", ""ltp"": 26268.05, ""return_pct"": -0.35600620592598475, ""rs_vs_nifty"": -0.35600620592598475}, {""sector"": ""NIFTY_HEALTHCARE"", ""ltp"": 16400.6, ""return_pct"": -0.38326743077195397, ""rs_vs_nifty"": -0.38326743077195397}, {""sector"": ""NIFTY_FIN_SERVICE"", ""ltp"": 25973.85, ""return_pct"": -0.513827179408616, ""rs_vs_nifty"": -0.513827179408616}, {""sector"": ""NIFTY_METAL"", ""ltp"": 12956.55, ""return_pct"": -0.5278189369918543, ""rs_vs_nifty"": -0.5278189369918543}, {""sector"": ""NIFTY_INFRA"", ""ltp"": 9304.9, ""return_pct"": -0.7641403287989681, ""rs_vs_nifty"": -0.7641403287989681}, {""sector"": ""NIFTY_ENERGY"", ""ltp"": 38161.15, ""return_pct"": -1.0827176030389634, ""rs_vs_nifty"": -1.0827176030389634}]"
2026-08-19 12:18:18,NORMAL,24052.25,,0,24076.793887922464,,,False,True,"[[""NIFTY_IT"", 0.6558337429191231, 0.6558337429191231]]","[[""NIFTY_ENERGY"", -1.0752005308608101, -1.0752005308608101], [""NIFTY_INFRA"", -0.7636070836288246, -0.7636070836288246], [""NIFTY_METAL"", -0.5316576201699769, -0.5316576201699769]]","[{""sector"": ""NIFTY_IT"", ""ltp"": 30411.6, ""return_pct"": 0.6558337429191231, ""rs_vs_nifty"": 0.6558337429191231}, {""sector"": ""NIFTY_MEDIA"", ""ltp"": 1601.95, ""return_pct"": -0.015603545125452502, ""rs_vs_nifty"": -0.015603545125452502}, {""sector"": ""NIFTY_REALTY"", ""ltp"": 894.8, ""return_pct"": -0.11163206072784104, ""rs_vs_nifty"": -0.11163206072784104}, {""sector"": ""NIFTY_AUTO"", ""ltp"": 29223.8, ""return_pct"": -0.13924697287332283, ""rs_vs_nifty"": -0.13924697287332283}, {""sector"": ""NIFTY_PSU_BANK"", ""ltp"": 8603.35, ""return_pct"": -0.1757846493009182, ""rs_vs_nifty"": -0.1757846493009182}, {""sector"": ""NIFTY_FMCG"", ""ltp"": 47625.0, ""return_pct"": -0.23002086528068183, ""rs_vs_nifty"": -0.23002086528068183}, {""sector"": ""NIFTY_BANK"", ""ltp"": 57072.65, ""return_pct"": -0.3313692754757048, ""rs_vs_nifty"": -0.3313692754757048}, {""sector"": ""NIFTY_PHARMA"", ""ltp"": 26263.6, ""return_pct"": -0.37288662805034123, ""rs_vs_nifty"": -0.37288662805034123}, {""sector"": ""NIFTY_HEALTHCARE"", ""ltp"": 16398.85, ""return_pct"": -0.39389687615786356, ""rs_vs_nifty"": -0.39389687615786356}, {""sector"": ""NIFTY_FIN_SERVICE"", ""ltp"": 25971.85, ""return_pct"": -0.5214876666156023, ""rs_vs_nifty"": -0.5214876666156023}, {""sector"": ""NIFTY_METAL"", ""ltp"": 12956.05, ""return_pct"": -0.5316576201699769, ""rs_vs_nifty"": -0.5316576201699769}, {""sector"": ""NIFTY_INFRA"", ""ltp"": 9304.95, ""return_pct"": -0.7636070836288246, ""rs_vs_nifty"": -0.7636070836288246}, {""sector"": ""NIFTY_ENERGY"", ""ltp"": 38164.05, ""return_pct"": -1.0752005308608101, ""rs_vs_nifty"": -1.0752005308608101}]"
2026-08-19 12:20:04,NORMAL,24058.3,,0,24076.608524981453,,,False,True,"[[""NIFTY_IT"", 0.6490486852709589, 0.6490486852709589]]","[[""NIFTY_ENERGY"", -1.052908523711819, -1.052908523711819], [""NIFTY_INFRA"", -0.7262799217195935, -0.7262799217195935], [""NIFTY_METAL"", -0.5024836280162369, -0.5024836280162369]]","[{""sector"": ""NIFTY_IT"", ""ltp"": 30409.55, ""return_pct"": 0.6490486852709589, ""rs_vs_nifty"": 0.6490486852709589}, {""sector"": ""NIFTY_MEDIA"", ""ltp"": 1602.0, ""return_pct"": -0.012482836100364839, ""rs_vs_nifty"": -0.012482836100364839}, {""sector"": ""NIFTY_REALTY"", ""ltp"": 894.8, ""return_pct"": -0.11163206072784104, ""rs_vs_nifty"": -0.11163206072784104}, {""sector"": ""NIFTY_AUTO"", ""ltp"": 29225.7, ""return_pct"": -0.1327544759786108, ""rs_vs_nifty"": -0.1327544759786108}, {""sector"": ""NIFTY_PSU_BANK"", ""ltp"": 8607.0, ""return_pct"": -0.13343389220862098, ""rs_vs_nifty"": -0.13343389220862098}, {""sector"": ""NIFTY_FMCG"", ""ltp"": 47646.8, ""return_pct"": -0.18435187745627926, ""rs_vs_nifty"": -0.18435187745627926}, {""sector"": ""NIFTY_BANK"", ""ltp"": 57092.4, ""return_pct"": -0.29687892927994636, ""rs_vs_nifty"": -0.29687892927994636}, {""sector"": ""NIFTY_PHARMA"", ""ltp"": 26262.35, ""return_pct"": -0.3776283196583058, ""rs_vs_nifty"": -0.3776283196583058}, {""sector"": ""NIFTY_HEALTHCARE"", ""ltp"": 16399.85, ""return_pct"": -0.3878229073659152, ""rs_vs_nifty"": -0.3878229073659152}, {""sector"": ""NIFTY_FIN_SERVICE"", ""ltp"": 25979.3, ""return_pct"": -0.49295235176957536, ""rs_vs_nifty"": -0.49295235176957536}, {""sector"": ""NIFTY_METAL"", ""ltp"": 12959.85, ""return_pct"": -0.5024836280162369, ""rs_vs_nifty"": -0.5024836280162369}, {""sector"": ""NIFTY_INFRA"", ""ltp"": 9308.45, ""return_pct"": -0.7262799217195935, ""rs_vs_nifty"": -0.7262799217195935}, {""sector"": ""NIFTY_ENERGY"", ""ltp"": 38172.65, ""return_pct"": -1.052908523711819, ""rs_vs_nifty"": -1.052908523711819}]"
2026-08-19 12:20:21,NORMAL,24063.2,,0,24076.590681374,,,False,True,"[[""NIFTY_IT"", 0.6482212392163045, 0.6482212392163045]]","[[""NIFTY_ENERGY"", -1.0613328287390553, -1.0613328287390553], [""NIFTY_INFRA"", -0.7268131668897371, -0.7268131668897371]]","[{""sector"": ""NIFTY_IT"", ""ltp"": 30409.3, ""return_pct"": 0.6482212392163045, ""rs_vs_nifty"": 0.6482212392163045}, {""sector"": ""NIFTY_MEDIA"", ""ltp"": 1601.9, ""return_pct"": -0.018724254150540163, ""rs_vs_nifty"": -0.018724254150540163}, {""sector"": ""NIFTY_REALTY"", ""ltp"": 895.05, ""return_pct"": -0.08372404554588078, ""rs_vs_nifty"": -0.08372404554588078}, {""sector"": ""NIFTY_PSU_BANK"", ""ltp"": 8608.75, ""return_pct"": -0.11312873469861344, ""rs_vs_nifty"": -0.11312873469861344}, {""sector"": ""NIFTY_AUTO"", ""ltp"": 29230.6, ""return_pct"": -0.11601066819753159, ""rs_vs_nifty"": -0.11601066819753159}, {""sector"": ""NIFTY_FMCG"", ""ltp"": 47645.2, ""return_pct"": -0.18770372977367836, ""rs_vs_nifty"": -0.18770372977367836}, {""sector"": ""NIFTY_BANK"", ""ltp"": 57099.85, ""return_pct"": -0.2838686467909185, ""rs_vs_nifty"": -0.2838686467909185}, {""sector"": ""NIFTY_PHARMA"", ""ltp"": 26266.25, ""return_pct"": -0.3628342418414509, ""rs_vs_nifty"": -0.3628342418414509}, {""sector"": ""NIFTY_HEALTHCARE"", ""ltp"": 16401.55, ""return_pct"": -0.3774971604195986, ""rs_vs_nifty"": -0.3774971604195986}, {""sector"": ""NIFTY_FIN_SERVICE"", ""ltp"": 25983.1, ""return_pct"": -0.47839742607630403, ""rs_vs_nifty"": -0.47839742607630403}, {""sector"": ""NIFTY_METAL"", ""ltp"": 12962.0, ""return_pct"": -0.4859772903503127, ""rs_vs_nifty"": -0.4859772903503127}, {""sector"": ""NIFTY_INFRA"", ""ltp"": 9308.4, ""return_pct"": -0.7268131668897371, ""rs_vs_nifty"": -0.7268131668897371}, {""sector"": ""NIFTY_ENERGY"", ""ltp"": 38169.4, ""return_pct"": -1.0613328287390553, ""rs_vs_nifty"": -1.0613328287390553}]"
2026-08-19 12:21:57,NORMAL,24062.35,,0,24076.50879462617,,,False,True,"[[""NIFTY_IT"", 0.6061869796398551, 0.6061869796398551]]","[[""NIFTY_ENERGY"", -1.0456506609191345, -1.0456506609191345], [""NIFTY_INFRA"", -0.7038836245740704, -0.7038836245740704], [""NIFTY_METAL"", -0.5086255211012415, -0.5086255211012415]]","[{""sector"": ""NIFTY_IT"", ""ltp"": 30396.6, ""return_pct"": 0.6061869796398551, ""rs_vs_nifty"": 0.6061869796398551}, {""sector"": ""NIFTY_REALTY"", ""ltp"": 895.2, ""return_pct"": -0.06697923643669447, ""rs_vs_nifty"": -0.06697923643669447}, {""sector"": ""NIFTY_MEDIA"", ""ltp"": 1601.0, ""return_pct"": -0.07489701660217485, ""rs_vs_nifty"": -0.07489701660217485}, {""sector"": ""NIFTY_PSU_BANK"", ""ltp"": 8608.5, ""return_pct"": -0.11602947148575739, ""rs_vs_nifty"": -0.11602947148575739}, {""sector"": ""NIFTY_AUTO"", ""ltp"": 29228.05, ""return_pct"": -0.12472428245095175, ""rs_vs_nifty"": -0.12472428245095175}, {""sector"": ""NIFTY_FMCG"", ""ltp"": 47632.85, ""return_pct"": -0.21357583984850542, ""rs_vs_nifty"": -0.21357583984850542}, {""sector"": ""NIFTY_BANK"", ""ltp"": 57107.85, ""return_pct"": -0.2698978736483328, ""rs_vs_nifty"": -0.2698978736483328}, {""sector"": ""NIFTY_PHARMA"", ""ltp"": 26263.6, ""return_pct"": -0.37288662805034123, ""rs_vs_nifty"": -0.37288662805034123}, {""sector"": ""NIFTY_HEALTHCARE"", ""ltp"": 16397.9, ""return_pct"": -0.39966714651019675, ""rs_vs_nifty"": -0.39966714651019675}, {""sector"": ""NIFTY_FIN_SERVICE"", ""ltp"": 25984.75, ""return_pct"": -0.4720775241305347, ""rs_vs_nifty"": -0.4720775241305347}, {""sector"": ""NIFTY_METAL"", ""ltp"": 12959.05, ""return_pct"": -0.5086255211012415, ""rs_vs_nifty"": -0.5086255211012415}, {""sector"": ""NIFTY_INFRA"", ""ltp"": 9310.55, ""return_pct"": -0.7038836245740704, ""rs_vs_nifty"": -0.7038836245740704}, {""sector"": ""NIFTY_ENERGY"", ""ltp"": 38175.45, ""return_pct"": -1.0456506609191345, ""rs_vs_nifty"": -1.0456506609191345}]"
2026-08-19 12:22:15,NORMAL,24059.1,,0,24076.459847768376,,,False,True,"[[""NIFTY_IT"", 0.5980780083042511, 0.5980780083042511]]","[[""NIFTY_ENERGY"", -1.06120322404634, -1.06120322404634], [""NIFTY_INFRA"", -0.7161482634870996, -0.7161482634870996]]","[{""sector"": ""NIFTY_IT"", ""ltp"": 30394.15, ""return_pct"": 0.5980780083042511, ""rs_vs_nifty"": 0.5980780083042511}, {""sector"": ""NIFTY_REALTY"", ""ltp"": 895.2, ""return_pct"": -0.06697923643669447, ""rs_vs_nifty"": -0.06697923643669447}, {""sector"": ""NIFTY_MEDIA"", ""ltp"": 1601.05, ""return_pct"": -0.07177630757708718, ""rs_vs_nifty"": -0.07177630757708718}, {""sector"": ""NIFTY_AUTO"", ""ltp"": 29226.1, ""return_pct"": -0.13138763452710098, ""rs_vs_nifty"": -0.13138763452710098}, {""sector"": ""NIFTY_PSU_BANK"", ""ltp"": 8607.05, ""return_pct"": -0.13285374485120066, ""rs_vs_nifty"": -0.13285374485120066}, {""sector"": ""NIFTY_FMCG"", ""ltp"": 47634.2, ""return_pct"": -0.21074771445571328, ""rs_vs_nifty"": -0.21074771445571328}, {""sector"": ""NIFTY_BANK"", ""ltp"": 57095.25, ""return_pct"": -0.2919018413479027, ""rs_vs_nifty"": -0.2919018413479027}, {""sector"": ""NIFTY_PHARMA"", ""ltp"": 26260.75, ""return_pct"": -0.3836976849164948, ""rs_vs_nifty"": -0.3836976849164948}, {""sector"": ""NIFTY_HEALTHCARE"", ""ltp"": 16397.25, ""return_pct"": -0.40361522622497203, ""rs_vs_nifty"": -0.40361522622497203}, {""sector"": ""NIFTY_METAL"", ""ltp"": 12960.85, ""return_pct"": -0.4948062616599918, ""rs_vs_nifty"": -0.4948062616599918}, {""sector"": ""NIFTY_FIN_SERVICE"", ""ltp"": 25978.6, ""return_pct"": -0.49563352229202334, ""rs_vs_nifty"": -0.49563352229202334}, {""sector"": ""NIFTY_INFRA"", ""ltp"": 9309.4, ""return_pct"": -0.7161482634870996, ""rs_vs_nifty"": -0.7161482634870996}, {""sector"": ""NIFTY_ENERGY"", ""ltp"": 38169.45, ""return_pct"": -1.06120322404634, ""rs_vs_nifty"": -1.06120322404634}]"
2026-08-19 12:23:53,NORMAL,24060.65,,0,24076.367379639207,,,False,True,"[[""NIFTY_IT"", 0.583680446953256, 0.583680446953256]]","[[""NIFTY_ENERGY"", -1.0565374551081708, -1.0565374551081708], [""NIFTY_INFRA"", -0.7220139603585425, -0.7220139603585425]]","[{""sector"": ""NIFTY_IT"", ""ltp"": 30389.8, ""return_pct"": 0.583680446953256, ""rs_vs_nifty"": 0.583680446953256}, {""sector"": ""NIFTY_REALTY"", ""ltp"": 895.6, ""return_pct"": -0.022326412145560595, ""rs_vs_nifty"": -0.022326412145560595}, {""sector"": ""NIFTY_MEDIA"", ""ltp"": 1601.6, ""return_pct"": -0.03744850830109452, ""rs_vs_nifty"": -0.03744850830109452}, {""sector"": ""NIFTY_PSU_BANK"", ""ltp"": 8608.4, ""return_pct"": -0.11718976620061917, ""rs_vs_nifty"": -0.11718976620061917}, {""sector"": ""NIFTY_AUTO"", ""ltp"": 29220.85, ""return_pct"": -0.14932742857826528, ""rs_vs_nifty"": -0.14932742857826528}, {""sector"": ""NIFTY_FMCG"", ""ltp"": 47631.8, ""return_pct"": -0.21577549293178142, ""rs_vs_nifty"": -0.21577549293178142}, {""sector"": ""NIFTY_BANK"", ""ltp"": 57103.4, ""return_pct"": -0.277669116208891, ""rs_vs_nifty"": -0.277669116208891}, {""sector"": ""NIFTY_PHARMA"", ""ltp"": 26249.0, ""return_pct"": -0.42826958603136134, ""rs_vs_nifty"": -0.42826958603136134}, {""sector"": ""NIFTY_HEALTHCARE"", ""ltp"": 16391.55, ""return_pct"": -0.43823684833908205, ""rs_vs_nifty"": -0.43823684833908205}, {""sector"": ""NIFTY_FIN_SERVICE"", ""ltp"": 25991.95, ""return_pct"": -0.444499770185381, ""rs_vs_nifty"": -0.444499770185381}, {""sector"": ""NIFTY_METAL"", ""ltp"": 12961.45, ""return_pct"": -0.49019984184624193, ""rs_vs_nifty"": -0.49019984184624193}, {""sector"": ""NIFTY_INFRA"", ""ltp"": 9308.85, ""return_pct"": -0.7220139603585425, ""rs_vs_nifty"": -0.7220139603585425}, {""sector"": ""NIFTY_ENERGY"", ""ltp"": 38171.25, ""return_pct"": -1.0565374551081708, ""rs_vs_nifty"": -1.0565374551081708}]"
2026-08-19 12:24:10,NORMAL,24061.75,,0,24076.345515612757,,,False,True,"[[""NIFTY_IT"", 0.5649801661180723, 0.5649801661180723]]","[[""NIFTY_ENERGY"", -1.0575742926499883, -1.0575742926499883], [""NIFTY_INFRA"", -0.7118823021260485, -0.7118823021260485]]","[{""sector"": ""NIFTY_IT"", ""ltp"": 30384.15, ""return_pct"": 0.5649801661180723, ""rs_vs_nifty"": 0.5649801661180723}, {""sector"": ""NIFTY_REALTY"", ""ltp"": 895.9, ""return_pct"": 0.011163206072786643, ""rs_vs_nifty"": 0.011163206072786643}, {""sector"": ""NIFTY_MEDIA"", ""ltp"": 1601.2, ""return_pct"": -0.06241418050181001, ""rs_vs_nifty"": -0.06241418050181001}, {""sector"": ""NIFTY_PSU_BANK"", ""ltp"": 8608.05, ""return_pct"": -0.1212507977026249, ""rs_vs_nifty"": -0.1212507977026249}, {""sector"": ""NIFTY_AUTO"", ""ltp"": 29222.45, ""return_pct"": -0.1438600627721887, ""rs_vs_nifty"": -0.1438600627721887}, {""sector"": ""NIFTY_FMCG"", ""ltp"": 47628.1, ""return_pct"": -0.22352665141574776, ""rs_vs_nifty"": -0.22352665141574776}, {""sector"": ""NIFTY_BANK"", ""ltp"": 57109.3, ""return_pct"": -0.2673656710162315, ""rs_vs_nifty"": -0.2673656710162315}, {""sector"": ""NIFTY_PHARMA"", ""ltp"": 26251.45, ""return_pct"": -0.41897587047974816, ""rs_vs_nifty"": -0.41897587047974816}, {""sector"": ""NIFTY_FIN_SERVICE"", ""ltp"": 25994.2, ""return_pct"": -0.43588172207752135, ""rs_vs_nifty"": -0.43588172207752135}, {""sector"": ""NIFTY_HEALTHCARE"", ""ltp"": 16391.55, ""return_pct"": -0.43823684833908205, ""rs_vs_nifty"": -0.43823684833908205}, {""sector"": ""NIFTY_METAL"", ""ltp"": 12961.75, ""return_pct"": -0.487896631939374, ""rs_vs_nifty"": -0.487896631939374}, {""sector"": ""NIFTY_INFRA"", ""ltp"": 9309.8, ""return_pct"": -0.7118823021260485, ""rs_vs_nifty"": -0.7118823021260485}, {""sector"": ""NIFTY_ENERGY"", ""ltp"": 38170.85, ""return_pct"": -1.0575742926499883, ""rs_vs_nifty"": -1.0575742926499883}]"
2026-08-19 12:25:55,NORMAL,24059.6,,0,24076.286361044513,,,False,True,"[[""NIFTY_IT"", 0.5226149281197541, 0.5226149281197541]]","[[""NIFTY_ENERGY"", -1.0518716861700017, -1.0518716861700017], [""NIFTY_INFRA"", -0.7065498504247298, -0.7065498504247298]]","[{""sector"": ""NIFTY_IT"", ""ltp"": 30371.35, ""return_pct"": 0.5226149281197541, ""rs_vs_nifty"": 0.5226149281197541}, {""sector"": ""NIFTY_REALTY"", ""ltp"": 896.15, ""return_pct"": 0.0390712212547469, ""rs_vs_nifty"": 0.0390712212547469}, {""sector"": ""NIFTY_MEDIA"", ""ltp"": 1601.5, ""return_pct"": -0.043689926351269844, ""rs_vs_nifty"": -0.043689926351269844}, {""sector"": ""NIFTY_PSU_BANK"", ""ltp"": 8607.95, ""return_pct"": -0.12241109241746559, ""rs_vs_nifty"": -0.12241109241746559}, {""sector"": ""NIFTY_AUTO"", ""ltp"": 29216.4, ""return_pct"": -0.16453353972638507, ""rs_vs_nifty"": -0.16453353972638507}, {""sector"": ""NIFTY_FMCG"", ""ltp"": 47618.25, ""return_pct"": -0.24416149224465777, ""rs_vs_nifty"": -0.24416149224465777}, {""sector"": ""NIFTY_BANK"", ""ltp"": 57094.3, ""return_pct"": -0.2935608706585797, ""rs_vs_nifty"": -0.2935608706585797}, {""sector"": ""NIFTY_PHARMA"", ""ltp"": 26258.2, ""return_pct"": -0.3933707357967397, ""rs_vs_nifty"": -0.3933707357967397}, {""sector"": ""NIFTY_HEALTHCARE"", ""ltp"": 16397.15, ""return_pct"": -0.404222623104158, ""rs_vs_nifty"": -0.404222623104158}, {""sector"": ""NIFTY_METAL"", ""ltp"": 12965.9, ""return_pct"": -0.4560355615609594, ""rs_vs_nifty"": -0.4560355615609594}, {""sector"": ""NIFTY_FIN_SERVICE"", ""ltp"": 25987.1, ""return_pct"": -0.46307645166233125, ""rs_vs_nifty"": -0.46307645166233125}, {""sector"": ""NIFTY_INFRA"", ""ltp"": 9310.3, ""return_pct"": -0.7065498504247298, ""rs_vs_nifty"": -0.7065498504247298}, {""sector"": ""NIFTY_ENERGY"", ""ltp"": 38173.05, ""return_pct"": -1.0518716861700017, ""rs_vs_nifty"": -1.0518716861700017}]"
2026-08-19 12:26:12,NORMAL,24059.05,,0,24076.278065054554,,,False,True,"[[""NIFTY_IT"", 0.5126855754639004, 0.5126855754639004]]","[[""NIFTY_ENERGY"", -1.0450026374555008, -1.0450026374555008], [""NIFTY_INFRA"", -0.707616340764978, -0.707616340764978]]","[{""sector"": ""NIFTY_IT"", ""ltp"": 30368.35, ""return_pct"": 0.5126855754639004, ""rs_vs_nifty"": 0.5126855754639004}, {""sector"": ""NIFTY_MEDIA"", ""ltp"": 1603.05, ""return_pct"": 0.05305205342653283, ""rs_vs_nifty"": 0.05305205342653283}, {""sector"": ""NIFTY_REALTY"", ""ltp"": 896.2, ""return_pct"": 0.04465282429114657, ""rs_vs_nifty"": 0.04465282429114657}, {""sector"": ""NIFTY_PSU_BANK"", ""ltp"": 8607.5, ""return_pct"": -0.12763241863433314, ""rs_vs_nifty"": -0.12763241863433314}, {""sector"": ""NIFTY_AUTO"", ""ltp"": 29215.3, ""return_pct"": -0.16829235371806506, ""rs_vs_nifty"": -0.16829235371806506}, {""sector"": ""NIFTY_FMCG"", ""ltp"": 47621.75, ""return_pct"": -0.23682931530037396, ""rs_vs_nifty"": -0.23682931530037396}, {""sector"": ""NIFTY_BANK"", ""ltp"": 57094.55, ""return_pct"": -0.2931242839978739, ""rs_vs_nifty"": -0.2931242839978739}, {""sector"": ""NIFTY_PHARMA"", ""ltp"": 26263.8, ""return_pct"": -0.37212795739306415, ""rs_vs_nifty"": -0.37212795739306415}, {""sector"": ""NIFTY_HEALTHCARE"", ""ltp"": 16399.15, ""return_pct"": -0.39207468552026137, ""rs_vs_nifty"": -0.39207468552026137}, {""sector"": ""NIFTY_METAL"", ""ltp"": 12965.3, ""return_pct"": -0.4606419813747093, ""rs_vs_nifty"": -0.4606419813747093}, {""sector"": ""NIFTY_FIN_SERVICE"", ""ltp"": 25987.65, ""return_pct"": -0.46096981768039885, ""rs_vs_nifty"": -0.46096981768039885}, {""sector"": ""NIFTY_INFRA"", ""ltp"": 9310.2, ""return_pct"": -0.707616340764978, ""rs_vs_nifty"": -0.707616340764978}, {""sector"": ""NIFTY_ENERGY"", ""ltp"": 38175.7, ""return_pct"": -1.0450026374555008, ""rs_vs_nifty"": -1.0450026374555008}]"
2026-08-19 12:27:51,NORMAL,24055.8,,0,24076.169021612965,,,False,True,"[[""NIFTY_IT"", 0.5143404675732094, 0.5143404675732094]]","[[""NIFTY_ENERGY"", -1.0567966644936204, -1.0567966644936204], [""NIFTY_INFRA"", -0.7081495859351216, -0.7081495859351216]]","[{""sector"": ""NIFTY_IT"", ""ltp"": 30368.85, ""return_pct"": 0.5143404675732094, ""rs_vs_nifty"": 0.5143404675732094}, {""sector"": ""NIFTY_REALTY"", ""ltp"": 896.7, ""return_pct"": 0.1004688546550671, ""rs_vs_nifty"": 0.1004688546550671}, {""sector"": ""NIFTY_MEDIA"", ""ltp"": 1602.6, ""return_pct"": 0.024965672200715487, ""rs_vs_nifty"": 0.024965672200715487}, {""sector"": ""NIFTY_PSU_BANK"", ""ltp"": 8605.8, ""return_pct"": -0.14735742878692032, ""rs_vs_nifty"": -0.14735742878692032}, {""sector"": ""NIFTY_AUTO"", ""ltp"": 29219.15, ""return_pct"": -0.15513650474720378, ""rs_vs_nifty"": -0.15513650474720378}, {""sector"": ""NIFTY_FMCG"", ""ltp"": 47621.25, ""return_pct"": -0.23787676914955735, ""rs_vs_nifty"": -0.23787676914955735}, {""sector"": ""NIFTY_BANK"", ""ltp"": 57081.95, ""return_pct"": -0.31512825169745656, ""rs_vs_nifty"": -0.31512825169745656}, {""sector"": ""NIFTY_PHARMA"", ""ltp"": 26264.15, ""return_pct"": -0.3708002837428258, ""rs_vs_nifty"": -0.3708002837428258}, {""sector"": ""NIFTY_HEALTHCARE"", ""ltp"": 16398.5, ""return_pct"": -0.39602276523503666, ""rs_vs_nifty"": -0.39602276523503666}, {""sector"": ""NIFTY_METAL"", ""ltp"": 12962.75, ""return_pct"": -0.4802192655831288, ""rs_vs_nifty"": -0.4802192655831288}, {""sector"": ""NIFTY_FIN_SERVICE"", ""ltp"": 25979.8, ""return_pct"": -0.4910372299678287, ""rs_vs_nifty"": -0.4910372299678287}, {""sector"": ""NIFTY_INFRA"", ""ltp"": 9310.15, ""return_pct"": -0.7081495859351216, ""rs_vs_nifty"": -0.7081495859351216}, {""sector"": ""NIFTY_ENERGY"", ""ltp"": 38171.15, ""return_pct"": -1.0567966644936204, ""rs_vs_nifty"": -1.0567966644936204}]"
2026-08-19 12:28:09,NORMAL,24057.25,,0,24076.164733191876,,,False,True,"[[""NIFTY_IT"", 0.5292344965569897, 0.5292344965569897]]","[[""NIFTY_ENERGY"", -1.0496684063936512, -1.0496684063936512], [""NIFTY_INFRA"", -0.7049501149143187, -0.7049501149143187]]","[{""sector"": ""NIFTY_IT"", ""ltp"": 30373.35, ""return_pct"": 0.5292344965569897, ""rs_vs_nifty"": 0.5292344965569897}, {""sector"": ""NIFTY_REALTY"", ""ltp"": 896.15, ""return_pct"": 0.0390712212547469, ""rs_vs_nifty"": 0.0390712212547469}, {""sector"": ""NIFTY_MEDIA"", ""ltp"": 1602.35, ""return_pct"": 0.009362127075262986, ""rs_vs_nifty"": 0.009362127075262986}, {""sector"": ""NIFTY_AUTO"", ""ltp"": 29221.35, ""return_pct"": -0.14761887676386867, ""rs_vs_nifty"": -0.14761887676386867}, {""sector"": ""NIFTY_PSU_BANK"", ""ltp"": 8605.5, ""return_pct"": -0.1508383129314846, ""rs_vs_nifty"": -0.1508383129314846}, {""sector"": ""NIFTY_FMCG"", ""ltp"": 47621.95, ""return_pct"": -0.23641033376070666, ""rs_vs_nifty"": -0.23641033376070666}, {""sector"": ""NIFTY_BANK"", ""ltp"": 57080.9, ""return_pct"": -0.31696191567241333, ""rs_vs_nifty"": -0.31696191567241333}, {""sector"": ""NIFTY_PHARMA"", ""ltp"": 26266.4, ""return_pct"": -0.36226523884848966, ""rs_vs_nifty"": -0.36226523884848966}, {""sector"": ""NIFTY_HEALTHCARE"", ""ltp"": 16399.65, ""return_pct"": -0.3890377011242872, ""rs_vs_nifty"": -0.3890377011242872}, {""sector"": ""NIFTY_METAL"", ""ltp"": 12963.45, ""return_pct"": -0.47484510913375166, ""rs_vs_nifty"": -0.47484510913375166}, {""sector"": ""NIFTY_FIN_SERVICE"", ""ltp"": 25978.55, ""return_pct"": -0.4958250344721952, ""rs_vs_nifty"": -0.4958250344721952}, {""sector"": ""NIFTY_INFRA"", ""ltp"": 9310.45, ""return_pct"": -0.7049501149143187, ""rs_vs_nifty"": -0.7049501149143187}, {""sector"": ""NIFTY_ENERGY"", ""ltp"": 38173.9, ""return_pct"": -1.0496684063936512, ""rs_vs_nifty"": -1.0496684063936512}]"
2026-08-19 12:29:53,NORMAL,24059.6,,0,24076.10187276896,,,False,True,"[[""NIFTY_IT"", 0.522945906541623, 0.522945906541623]]","[[""NIFTY_ENERGY"", -1.0374855652773476, -1.0374855652773476], [""NIFTY_INFRA"", -0.6820205725986521, -0.6820205725986521]]","[{""sector"": ""NIFTY_IT"", ""ltp"": 30371.45, ""return_pct"": 0.522945906541623, ""rs_vs_nifty"": 0.522945906541623}, {""sector"": ""NIFTY_REALTY"", ""ltp"": 896.55, ""return_pct"": 0.08372404554588078, ""rs_vs_nifty"": 0.08372404554588078}, {""sector"": ""NIFTY_MEDIA"", ""ltp"": 1602.65, ""return_pct"": 0.028086381225817345, ""rs_vs_nifty"": 0.028086381225817345}, {""sector"": ""NIFTY_PSU_BANK"", ""ltp"": 8607.7, ""return_pct"": -0.12531182920460954, ""rs_vs_nifty"": -0.12531182920460954}, {""sector"": ""NIFTY_AUTO"", ""ltp"": 29218.25, ""return_pct"": -0.1582118980131226, ""rs_vs_nifty"": -0.1582118980131226}, {""sector"": ""NIFTY_FMCG"", ""ltp"": 47602.55, ""return_pct"": -0.27705154310901065, ""rs_vs_nifty"": -0.27705154310901065}, {""sector"": ""NIFTY_BANK"", ""ltp"": 57093.65, ""return_pct"": -0.2946959959764173, ""rs_vs_nifty"": -0.2946959959764173}, {""sector"": ""NIFTY_PHARMA"", ""ltp"": 26270.05, ""return_pct"": -0.3484194993532415, ""rs_vs_nifty"": -0.3484194993532415}, {""sector"": ""NIFTY_HEALTHCARE"", ""ltp"": 16403.55, ""return_pct"": -0.3653492228357019, ""rs_vs_nifty"": -0.3653492228357019}, {""sector"": ""NIFTY_METAL"", ""ltp"": 12972.4, ""return_pct"": -0.40613268024536586, ""rs_vs_nifty"": -0.40613268024536586}, {""sector"": ""NIFTY_FIN_SERVICE"", ""ltp"": 25984.0, ""return_pct"": -0.47495020683315464, ""rs_vs_nifty"": -0.47495020683315464}, {""sector"": ""NIFTY_INFRA"", ""ltp"": 9312.6, ""return_pct"": -0.6820205725986521, ""rs_vs_nifty"": -0.6820205725986521}, {""sector"": ""NIFTY_ENERGY"", ""ltp"": 38178.6, ""return_pct"": -1.0374855652773476, ""rs_vs_nifty"": -1.0374855652773476}]"
2026-08-19 12:30:12,NORMAL,24060.0,,0,24076.082726445715,,,False,True,"[[""NIFTY_IT"", 0.5166573165262442, 0.5166573165262442]]","[[""NIFTY_ENERGY"", -1.0071580671792852, -1.0071580671792852], [""NIFTY_INFRA"", -0.6756216305570658, -0.6756216305570658]]","[{""sector"": ""NIFTY_IT"", ""ltp"": 30369.55, ""return_pct"": 0.5166573165262442, ""rs_vs_nifty"": 0.5166573165262442}, {""sector"": ""NIFTY_REALTY"", ""ltp"": 896.4, ""return_pct"": 0.06697923643670717, ""rs_vs_nifty"": 0.06697923643670717}, {""sector"": ""NIFTY_MEDIA"", ""ltp"": 1602.65, ""return_pct"": 0.028086381225817345, ""rs_vs_nifty"": 0.028086381225817345}, {""sector"": ""NIFTY_PSU_BANK"", ""ltp"": 8607.45, ""return_pct"": -0.12821256599175349, ""rs_vs_nifty"": -0.12821256599175349}, {""sector"": ""NIFTY_AUTO"", ""ltp"": 29215.95, ""return_pct"": -0.16607123635934448, ""rs_vs_nifty"": -0.16607123635934448}, {""sector"": ""NIFTY_FMCG"", ""ltp"": 47599.2, ""return_pct"": -0.2840694838985516, ""rs_vs_nifty"": -0.2840694838985516}, {""sector"": ""NIFTY_BANK"", ""ltp"": 57089.8, ""return_pct"": -0.3014194305512842, ""rs_vs_nifty"": -0.3014194305512842}, {""sector"": ""NIFTY_PHARMA"", ""ltp"": 26271.75, ""return_pct"": -0.341970798766407, ""rs_vs_nifty"": -0.341970798766407}, {""sector"": ""NIFTY_HEALTHCARE"", ""ltp"": 16402.4, ""return_pct"": -0.3723342869464292, ""rs_vs_nifty"": -0.3723342869464292}, {""sector"": ""NIFTY_METAL"", ""ltp"": 12974.75, ""return_pct"": -0.3880908693081869, ""rs_vs_nifty"": -0.3880908693081869}, {""sector"": ""NIFTY_FIN_SERVICE"", ""ltp"": 25983.75, ""return_pct"": -0.4759077677340279, ""rs_vs_nifty"": -0.4759077677340279}, {""sector"": ""NIFTY_INFRA"", ""ltp"": 9313.2, ""return_pct"": -0.6756216305570658, ""rs_vs_nifty"": -0.6756216305570658}, {""sector"": ""NIFTY_ENERGY"", ""ltp"": 38190.3, ""return_pct"": -1.0071580671792852, ""rs_vs_nifty"": -1.0071580671792852}]"
2026-08-19 12:31:50,NORMAL,24052.85,,0,24075.989203423207,,,False,True,[],"[[""NIFTY_ENERGY"", -1.0161007909774398, -1.0161007909774398], [""NIFTY_INFRA"", -0.6948184566818248, -0.6948184566818248], [""NIFTY_FIN_SERVICE"", -0.509805423624937, -0.509805423624937]]","[{""sector"": ""NIFTY_IT"", ""ltp"": 30349.3, ""return_pct"": 0.44963418609923245, ""rs_vs_nifty"": 0.44963418609923245}, {""sector"": ""NIFTY_REALTY"", ""ltp"": 896.6, ""return_pct"": 0.08930564858228045, ""rs_vs_nifty"": 0.08930564858228045}, {""sector"": ""NIFTY_MEDIA"", ""ltp"": 1601.45, ""return_pct"": -0.046810635376357504, ""rs_vs_nifty"": -0.046810635376357504}, {""sector"": ""NIFTY_PSU_BANK"", ""ltp"": 8602.6, ""return_pct"": -0.18448685966235, ""rs_vs_nifty"": -0.18448685966235}, {""sector"": ""NIFTY_AUTO"", ""ltp"": 29206.15, ""return_pct"": -0.19955885192151535, ""rs_vs_nifty"": -0.19955885192151535}, {""sector"": ""NIFTY_FMCG"", ""ltp"": 47591.05, ""return_pct"": -0.3011429816402289, ""rs_vs_nifty"": -0.3011429816402289}, {""sector"": ""NIFTY_BANK"", ""ltp"": 57074.4, ""return_pct"": -0.32831316885076417, ""rs_vs_nifty"": -0.32831316885076417}, {""sector"": ""NIFTY_PHARMA"", ""ltp"": 26261.1, ""return_pct"": -0.3823700112662703, ""rs_vs_nifty"": -0.3823700112662703}, {""sector"": ""NIFTY_HEALTHCARE"", ""ltp"": 16397.25, ""return_pct"": -0.40361522622497203, ""rs_vs_nifty"": -0.40361522622497203}, {""sector"": ""NIFTY_METAL"", ""ltp"": 12966.4, ""return_pct"": -0.4521968783828368, ""rs_vs_nifty"": -0.4521968783828368}, {""sector"": ""NIFTY_FIN_SERVICE"", ""ltp"": 25974.9, ""return_pct"": -0.509805423624937, ""rs_vs_nifty"": -0.509805423624937}, {""sector"": ""NIFTY_INFRA"", ""ltp"": 9311.4, ""return_pct"": -0.6948184566818248, ""rs_vs_nifty"": -0.6948184566818248}, {""sector"": ""NIFTY_ENERGY"", ""ltp"": 38186.85, ""return_pct"": -1.0161007909774398, ""rs_vs_nifty"": -1.0161007909774398}]"
2026-08-19 12:32:07,NORMAL,24054.0,,0,24075.96630296645,,,False,True,[],"[[""NIFTY_ENERGY"", -1.005084392095669, -1.005084392095669], [""NIFTY_INFRA"", -0.6873530242999708, -0.6873530242999708], [""NIFTY_FIN_SERVICE"", -0.503102497318824, -0.503102497318824]]","[{""sector"": ""NIFTY_IT"", ""ltp"": 30348.55, ""return_pct"": 0.447151847935269, ""rs_vs_nifty"": 0.447151847935269}, {""sector"": ""NIFTY_REALTY"", ""ltp"": 896.5, ""return_pct"": 0.0781424425094938, ""rs_vs_nifty"": 0.0781424425094938}, {""sector"": ""NIFTY_MEDIA"", ""ltp"": 1601.55, ""return_pct"": -0.04056921732618218, ""rs_vs_nifty"": -0.04056921732618218}, {""sector"": ""NIFTY_PSU_BANK"", ""ltp"": 8604.1, ""return_pct"": -0.1670824389394864, ""rs_vs_nifty"": -0.1670824389394864}, {""sector"": ""NIFTY_AUTO"", ""ltp"": 29198.75, ""return_pct"": -0.22484541877459, ""rs_vs_nifty"": -0.22484541877459}, {""sector"": ""NIFTY_FMCG"", ""ltp"": 47582.85, ""return_pct"": -0.3183212247668459, ""rs_vs_nifty"": -0.3183212247668459}, {""sector"": ""NIFTY_BANK"", ""ltp"": 57070.65, ""return_pct"": -0.3348619687613512, ""rs_vs_nifty"": -0.3348619687613512}, {""sector"": ""NIFTY_PHARMA"", ""ltp"": 26262.3, ""return_pct"": -0.37781798732262156, ""rs_vs_nifty"": -0.37781798732262156}, {""sector"": ""NIFTY_HEALTHCARE"", ""ltp"": 16396.15, ""return_pct"": -0.41029659189610634, ""rs_vs_nifty"": -0.41029659189610634}, {""sector"": ""NIFTY_METAL"", ""ltp"": 12967.3, ""return_pct"": -0.44528724866221897, ""rs_vs_nifty"": -0.44528724866221897}, {""sector"": ""NIFTY_FIN_SERVICE"", ""ltp"": 25976.65, ""return_pct"": -0.503102497318824, ""rs_vs_nifty"": -0.503102497318824}, {""sector"": ""NIFTY_INFRA"", ""ltp"": 9312.1, ""return_pct"": -0.6873530242999708, ""rs_vs_nifty"": -0.6873530242999708}, {""sector"": ""NIFTY_ENERGY"", ""ltp"": 38191.1, ""return_pct"": -1.005084392095669, ""rs_vs_nifty"": -1.005084392095669}]"
2026-08-19 12:33:44,NORMAL,24053.4,,0,24075.83069500111,,,False,True,[],"[[""NIFTY_ENERGY"", -1.0056028108665684, -1.0056028108665684], [""NIFTY_INFRA"", -0.693218721171433, -0.693218721171433], [""NIFTY_FIN_SERVICE"", -0.510954496705996, -0.510954496705996]]","[{""sector"": ""NIFTY_IT"", ""ltp"": 30340.0, ""return_pct"": 0.4188531928660887, ""rs_vs_nifty"": 0.4188531928660887}, {""sector"": ""NIFTY_REALTY"", ""ltp"": 895.85, ""return_pct"": 0.005581603036399666, ""rs_vs_nifty"": 0.005581603036399666}, {""sector"": ""NIFTY_MEDIA"", ""ltp"": 1601.75, ""return_pct"": -0.028086381225817345, ""rs_vs_nifty"": -0.028086381225817345}, {""sector"": ""NIFTY_PSU_BANK"", ""ltp"": 8602.2, ""return_pct"": -0.1891280385217761, ""rs_vs_nifty"": -0.1891280385217761}, {""sector"": ""NIFTY_AUTO"", ""ltp"": 29189.95, ""return_pct"": -0.25491593070796764, ""rs_vs_nifty"": -0.25491593070796764}, {""sector"": ""NIFTY_BANK"", ""ltp"": 57073.1, ""return_pct"": -0.3305834194864395, ""rs_vs_nifty"": -0.3305834194864395}, {""sector"": ""NIFTY_FMCG"", ""ltp"": 47569.2, ""return_pct"": -0.34691671484955594, ""rs_vs_nifty"": -0.34691671484955594}, {""sector"": ""NIFTY_PHARMA"", ""ltp"": 26259.55, ""return_pct"": -0.38824970886014354, ""rs_vs_nifty"": -0.38824970886014354}, {""sector"": ""NIFTY_HEALTHCARE"", ""ltp"": 16396.65, ""return_pct"": -0.40725960750013224, ""rs_vs_nifty"": -0.40725960750013224}, {""sector"": ""NIFTY_METAL"", ""ltp"": 12960.85, ""return_pct"": -0.4948062616599918, ""rs_vs_nifty"": -0.4948062616599918}, {""sector"": ""NIFTY_FIN_SERVICE"", ""ltp"": 25974.6, ""return_pct"": -0.510954496705996, ""rs_vs_nifty"": -0.510954496705996}, {""sector"": ""NIFTY_INFRA"", ""ltp"": 9311.55, ""return_pct"": -0.693218721171433, ""rs_vs_nifty"": -0.693218721171433}, {""sector"": ""NIFTY_ENERGY"", ""ltp"": 38190.9, ""return_pct"": -1.0056028108665684, ""rs_vs_nifty"": -1.0056028108665684}]"
2026-08-19 12:34:03,NORMAL,24052.75,,0,24075.80513927901,,,False,True,[],"[[""NIFTY_ENERGY"", -1.0072876718720194, -1.0072876718720194], [""NIFTY_INFRA"", -0.6958849470220925, -0.6958849470220925], [""NIFTY_FIN_SERVICE"", -0.5023364485981364, -0.5023364485981364]]","[{""sector"": ""NIFTY_IT"", ""ltp"": 30340.6, ""return_pct"": 0.4208390633972546, ""rs_vs_nifty"": 0.4208390633972546}, {""sector"": ""NIFTY_REALTY"", ""ltp"": 895.7, ""return_pct"": -0.011163206072773952, ""rs_vs_nifty"": -0.011163206072773952}, {""sector"": ""NIFTY_MEDIA"", ""ltp"": 1601.6, ""return_pct"": -0.03744850830109452, ""rs_vs_nifty"": -0.03744850830109452}, {""sector"": ""NIFTY_PSU_BANK"", ""ltp"": 8602.0, ""return_pct"": -0.1914486279514997, ""rs_vs_nifty"": -0.1914486279514997}, {""sector"": ""NIFTY_AUTO"", ""ltp"": 29186.85, ""return_pct"": -0.265508951957234, ""rs_vs_nifty"": -0.265508951957234}, {""sector"": ""NIFTY_BANK"", ""ltp"": 57071.5, ""return_pct"": -0.33337757411495406, ""rs_vs_nifty"": -0.33337757411495406}, {""sector"": ""NIFTY_FMCG"", ""ltp"": 47565.55, ""return_pct"": -0.3545631279485826, ""rs_vs_nifty"": -0.3545631279485826}, {""sector"": ""NIFTY_PHARMA"", ""ltp"": 26255.25, ""return_pct"": -0.4045611279915387, ""rs_vs_nifty"": -0.4045611279915387}, {""sector"": ""NIFTY_HEALTHCARE"", ""ltp"": 16394.5, ""return_pct"": -0.42031864040282996, ""rs_vs_nifty"": -0.42031864040282996}, {""sector"": ""NIFTY_METAL"", ""ltp"": 12959.9, ""return_pct"": -0.5020997596984303, ""rs_vs_nifty"": -0.5020997596984303}, {""sector"": ""NIFTY_FIN_SERVICE"", ""ltp"": 25976.85, ""return_pct"": -0.5023364485981364, ""rs_vs_nifty"": -0.5023364485981364}, {""sector"": ""NIFTY_INFRA"", ""ltp"": 9311.3, ""return_pct"": -0.6958849470220925, ""rs_vs_nifty"": -0.6958849470220925}, {""sector"": ""NIFTY_ENERGY"", ""ltp"": 38190.25, ""return_pct"": -1.0072876718720194, ""rs_vs_nifty"": -1.0072876718720194}]"
2026-08-19 12:35:47,NORMAL,24058.75,,0,24075.69788729822,,,False,True,[],"[[""NIFTY_ENERGY"", -1.003788345168402, -1.003788345168402], [""NIFTY_INFRA"", -0.6676229530050877, -0.6676229530050877]]","[{""sector"": ""NIFTY_IT"", ""ltp"": 30346.65, ""return_pct"": 0.4408632579199023, ""rs_vs_nifty"": 0.4408632579199023}, {""sector"": ""NIFTY_REALTY"", ""ltp"": 896.2, ""return_pct"": 0.04465282429114657, ""rs_vs_nifty"": 0.04465282429114657}, {""sector"": ""NIFTY_MEDIA"", ""ltp"": 1601.45, ""return_pct"": -0.046810635376357504, ""rs_vs_nifty"": -0.046810635376357504}, {""sector"": ""NIFTY_PSU_BANK"", ""ltp"": 8603.5, ""return_pct"": -0.17404420722863606, ""rs_vs_nifty"": -0.17404420722863606}, {""sector"": ""NIFTY_AUTO"", ""ltp"": 29184.4, ""return_pct"": -0.2738808558477674, ""rs_vs_nifty"": -0.2738808558477674}, {""sector"": ""NIFTY_BANK"", ""ltp"": 57085.2, ""return_pct"": -0.3094526251082811, ""rs_vs_nifty"": -0.3094526251082811}, {""sector"": ""NIFTY_FMCG"", ""ltp"": 47556.25, ""return_pct"": -0.37404576954339996, ""rs_vs_nifty"": -0.37404576954339996}, {""sector"": ""NIFTY_PHARMA"", ""ltp"": 26260.0, ""return_pct"": -0.38654269988127354, ""rs_vs_nifty"": -0.38654269988127354}, {""sector"": ""NIFTY_HEALTHCARE"", ""ltp"": 16397.6, ""return_pct"": -0.401489337147799, ""rs_vs_nifty"": -0.401489337147799}, {""sector"": ""NIFTY_FIN_SERVICE"", ""ltp"": 25989.05, ""return_pct"": -0.4556074766355168, ""rs_vs_nifty"": -0.4556074766355168}, {""sector"": ""NIFTY_METAL"", ""ltp"": 12961.25, ""return_pct"": -0.4917353151174965, ""rs_vs_nifty"": -0.4917353151174965}, {""sector"": ""NIFTY_INFRA"", ""ltp"": 9313.95, ""return_pct"": -0.6676229530050877, ""rs_vs_nifty"": -0.6676229530050877}, {""sector"": ""NIFTY_ENERGY"", ""ltp"": 38191.6, ""return_pct"": -1.003788345168402, ""rs_vs_nifty"": -1.003788345168402}]"
2026-08-19 12:36:05,NORMAL,24057.85,,0,24075.681665139655,,,False,True,[],"[[""NIFTY_ENERGY"", -1.00015941377205, -1.00015941377205], [""NIFTY_INFRA"", -0.666023217494696, -0.666023217494696], [""NIFTY_METAL"", -0.5024836280162369, -0.5024836280162369]]","[{""sector"": ""NIFTY_IT"", ""ltp"": 30354.0, ""return_pct"": 0.4651901719267388, ""rs_vs_nifty"": 0.4651901719267388}, {""sector"": ""NIFTY_REALTY"", ""ltp"": 896.35, ""return_pct"": 0.06139763340032019, ""rs_vs_nifty"": 0.06139763340032019}, {""sector"": ""NIFTY_MEDIA"", ""ltp"": 1601.85, ""return_pct"": -0.02184496317564202, ""rs_vs_nifty"": -0.02184496317564202}, {""sector"": ""NIFTY_PSU_BANK"", ""ltp"": 8603.1, ""return_pct"": -0.17868538608806214, ""rs_vs_nifty"": -0.17868538608806214}, {""sector"": ""NIFTY_AUTO"", ""ltp"": 29179.85, ""return_pct"": -0.2894286773587864, ""rs_vs_nifty"": -0.2894286773587864}, {""sector"": ""NIFTY_BANK"", ""ltp"": 57085.15, ""return_pct"": -0.30953994244041466, ""rs_vs_nifty"": -0.30953994244041466}, {""sector"": ""NIFTY_FMCG"", ""ltp"": 47561.2, ""return_pct"": -0.36367597643649036, ""rs_vs_nifty"": -0.36367597643649036}, {""sector"": ""NIFTY_PHARMA"", ""ltp"": 26259.25, ""return_pct"": -0.3893877148460523, ""rs_vs_nifty"": -0.3893877148460523}, {""sector"": ""NIFTY_HEALTHCARE"", ""ltp"": 16394.3, ""return_pct"": -0.42153343416122413, ""rs_vs_nifty"": -0.42153343416122413}, {""sector"": ""NIFTY_FIN_SERVICE"", ""ltp"": 25989.1, ""return_pct"": -0.45541596445534493, ""rs_vs_nifty"": -0.45541596445534493}, {""sector"": ""NIFTY_METAL"", ""ltp"": 12959.85, ""return_pct"": -0.5024836280162369, ""rs_vs_nifty"": -0.5024836280162369}, {""sector"": ""NIFTY_INFRA"", ""ltp"": 9314.1, ""return_pct"": -0.666023217494696, ""rs_vs_nifty"": -0.666023217494696}, {""sector"": ""NIFTY_ENERGY"", ""ltp"": 38193.0, ""return_pct"": -1.00015941377205, ""rs_vs_nifty"": -1.00015941377205}]"
2026-08-19 12:37:52,NORMAL,24058.0,,0,24075.56871651052,,,False,True,[],"[[""NIFTY_ENERGY"", -0.9932903650575305, -0.9932903650575305], [""NIFTY_INFRA"", -0.6574912947725937, -0.6574912947725937]]","[{""sector"": ""NIFTY_IT"", ""ltp"": 30359.25, ""return_pct"": 0.4825665390744826, ""rs_vs_nifty"": 0.4825665390744826}, {""sector"": ""NIFTY_REALTY"", ""ltp"": 896.75, ""return_pct"": 0.10605045769145408, ""rs_vs_nifty"": 0.10605045769145408}, {""sector"": ""NIFTY_MEDIA"", ""ltp"": 1601.4, ""return_pct"": -0.049931344401445164, ""rs_vs_nifty"": -0.049931344401445164}, {""sector"": ""NIFTY_PSU_BANK"", ""ltp"": 8602.05, ""return_pct"": -0.19086848059407935, ""rs_vs_nifty"": -0.19086848059407935}, {""sector"": ""NIFTY_AUTO"", ""ltp"": 29184.35, ""return_pct"": -0.27405171102921705, ""rs_vs_nifty"": -0.27405171102921705}, {""sector"": ""NIFTY_BANK"", ""ltp"": 57074.5, ""return_pct"": -0.3281385341864844, ""rs_vs_nifty"": -0.3281385341864844}, {""sector"": ""NIFTY_FMCG"", ""ltp"": 47566.35, ""return_pct"": -0.3528872017898983, ""rs_vs_nifty"": -0.3528872017898983}, {""sector"": ""NIFTY_PHARMA"", ""ltp"": 26253.9, ""return_pct"": -0.4096821549281349, ""rs_vs_nifty"": -0.4096821549281349}, {""sector"": ""NIFTY_HEALTHCARE"", ""ltp"": 16393.0, ""return_pct"": -0.4294295935907525, ""rs_vs_nifty"": -0.4294295935907525}, {""sector"": ""NIFTY_METAL"", ""ltp"": 12967.95, ""return_pct"": -0.44029696053064843, ""rs_vs_nifty"": -0.44029696053064843}, {""sector"": ""NIFTY_FIN_SERVICE"", ""ltp"": 25988.9, ""return_pct"": -0.4561820131760324, ""rs_vs_nifty"": -0.4561820131760324}, {""sector"": ""NIFTY_INFRA"", ""ltp"": 9314.9, ""return_pct"": -0.6574912947725937, ""rs_vs_nifty"": -0.6574912947725937}, {""sector"": ""NIFTY_ENERGY"", ""ltp"": 38195.65, ""return_pct"": -0.9932903650575305, ""rs_vs_nifty"": -0.9932903650575305}]"
2026-08-19 12:38:09,NORMAL,24053.0,,0,24075.53457763773,,,False,True,[],"[[""NIFTY_ENERGY"", -1.0072876718720194, -1.0072876718720194], [""NIFTY_INFRA"", -0.6724221595362823, -0.6724221595362823]]","[{""sector"": ""NIFTY_IT"", ""ltp"": 30356.1, ""return_pct"": 0.4721407187858315, ""rs_vs_nifty"": 0.4721407187858315}, {""sector"": ""NIFTY_REALTY"", ""ltp"": 896.7, ""return_pct"": 0.1004688546550671, ""rs_vs_nifty"": 0.1004688546550671}, {""sector"": ""NIFTY_MEDIA"", ""ltp"": 1601.7, ""return_pct"": -0.031207090250905005, ""rs_vs_nifty"": -0.031207090250905005}, {""sector"": ""NIFTY_PSU_BANK"", ""ltp"": 8601.9, ""return_pct"": -0.19260892266636148, ""rs_vs_nifty"": -0.19260892266636148}, {""sector"": ""NIFTY_AUTO"", ""ltp"": 29175.95, ""return_pct"": -0.3027553815110724, ""rs_vs_nifty"": -0.3027553815110724}, {""sector"": ""NIFTY_BANK"", ""ltp"": 57064.15, ""return_pct"": -0.34621322193970216, ""rs_vs_nifty"": -0.34621322193970216}, {""sector"": ""NIFTY_FMCG"", ""ltp"": 47568.95, ""return_pct"": -0.34744044177414757, ""rs_vs_nifty"": -0.34744044177414757}, {""sector"": ""NIFTY_PHARMA"", ""ltp"": 26251.55, ""return_pct"": -0.41859653515111644, ""rs_vs_nifty"": -0.41859653515111644}, {""sector"": ""NIFTY_HEALTHCARE"", ""ltp"": 16392.15, ""return_pct"": -0.43459246706389976, ""rs_vs_nifty"": -0.43459246706389976}, {""sector"": ""NIFTY_METAL"", ""ltp"": 12963.85, ""return_pct"": -0.4717741625912563, ""rs_vs_nifty"": -0.4717741625912563}, {""sector"": ""NIFTY_FIN_SERVICE"", ""ltp"": 25983.75, ""return_pct"": -0.4759077677340279, ""rs_vs_nifty"": -0.4759077677340279}, {""sector"": ""NIFTY_INFRA"", ""ltp"": 9313.5, ""return_pct"": -0.6724221595362823, ""rs_vs_nifty"": -0.6724221595362823}, {""sector"": ""NIFTY_ENERGY"", ""ltp"": 38190.25, ""return_pct"": -1.0072876718720194, ""rs_vs_nifty"": -1.0072876718720194}]"
2026-08-19 12:39:50,NORMAL,24054.5,,0,24075.35714317031,,,False,True,[],"[[""NIFTY_ENERGY"", -0.9979561339956998, -0.9979561339956998], [""NIFTY_INFRA"", -0.6692226885154988, -0.6692226885154988]]","[{""sector"": ""NIFTY_IT"", ""ltp"": 30356.55, ""return_pct"": 0.473630121684212, ""rs_vs_nifty"": 0.473630121684212}, {""sector"": ""NIFTY_REALTY"", ""ltp"": 896.65, ""return_pct"": 0.09488725161866743, ""rs_vs_nifty"": 0.09488725161866743}, {""sector"": ""NIFTY_MEDIA"", ""ltp"": 1600.9, ""return_pct"": -0.08113843465235017, ""rs_vs_nifty"": -0.08113843465235017}, {""sector"": ""NIFTY_PSU_BANK"", ""ltp"": 8603.0, ""return_pct"": -0.17984568080292393, ""rs_vs_nifty"": -0.17984568080292393}, {""sector"": ""NIFTY_AUTO"", ""ltp"": 29176.7, ""return_pct"": -0.30019255378947757, ""rs_vs_nifty"": -0.30019255378947757}, {""sector"": ""NIFTY_BANK"", ""ltp"": 57071.1, ""return_pct"": -0.3340761127720859, ""rs_vs_nifty"": -0.3340761127720859}, {""sector"": ""NIFTY_FMCG"", ""ltp"": 47570.95, ""return_pct"": -0.343250626377414, ""rs_vs_nifty"": -0.343250626377414}, {""sector"": ""NIFTY_PHARMA"", ""ltp"": 26254.05, ""return_pct"": -0.40911315193518744, ""rs_vs_nifty"": -0.40911315193518744}, {""sector"": ""NIFTY_METAL"", ""ltp"": 12970.1, ""return_pct"": -0.42379062286472413, ""rs_vs_nifty"": -0.42379062286472413}, {""sector"": ""NIFTY_HEALTHCARE"", ""ltp"": 16392.05, ""return_pct"": -0.43519986394310783, ""rs_vs_nifty"": -0.43519986394310783}, {""sector"": ""NIFTY_FIN_SERVICE"", ""ltp"": 25987.4, ""return_pct"": -0.46192737858127225, ""rs_vs_nifty"": -0.46192737858127225}, {""sector"": ""NIFTY_INFRA"", ""ltp"": 9313.8, ""return_pct"": -0.6692226885154988, ""rs_vs_nifty"": -0.6692226885154988}, {""sector"": ""NIFTY_ENERGY"", ""ltp"": 38193.85, ""return_pct"": -0.9979561339956998, ""rs_vs_nifty"": -0.9979561339956998}]"
2026-08-19 12:40:09,NORMAL,24055.55,,0,24075.34345978091,,,False,True,[],"[[""NIFTY_ENERGY"", -1.0036587404756676, -1.0036587404756676], [""NIFTY_INFRA"", -0.6676229530050877, -0.6676229530050877]]","[{""sector"": ""NIFTY_IT"", ""ltp"": 30358.75, ""return_pct"": 0.48091164696517374, ""rs_vs_nifty"": 0.48091164696517374}, {""sector"": ""NIFTY_REALTY"", ""ltp"": 896.8, ""return_pct"": 0.11163206072784104, ""rs_vs_nifty"": 0.11163206072784104}, {""sector"": ""NIFTY_MEDIA"", ""ltp"": 1601.1, ""return_pct"": -0.06865559855199953, ""rs_vs_nifty"": -0.06865559855199953}, {""sector"": ""NIFTY_PSU_BANK"", ""ltp"": 8603.85, ""return_pct"": -0.16998317572663035, ""rs_vs_nifty"": -0.16998317572663035}, {""sector"": ""NIFTY_AUTO"", ""ltp"": 29180.95, ""return_pct"": -0.2856698633671064, ""rs_vs_nifty"": -0.2856698633671064}, {""sector"": ""NIFTY_BANK"", ""ltp"": 57077.75, ""return_pct"": -0.32246290759730895, ""rs_vs_nifty"": -0.32246290759730895}, {""sector"": ""NIFTY_FMCG"", ""ltp"": 47566.4, ""return_pct"": -0.3527824564049738, ""rs_vs_nifty"": -0.3527824564049738}, {""sector"": ""NIFTY_METAL"", ""ltp"": 12972.05, ""return_pct"": -0.4088197584700545, ""rs_vs_nifty"": -0.4088197584700545}, {""sector"": ""NIFTY_PHARMA"", ""ltp"": 26253.1, ""return_pct"": -0.4127168375572432, ""rs_vs_nifty"": -0.4127168375572432}, {""sector"": ""NIFTY_HEALTHCARE"", ""ltp"": 16392.05, ""return_pct"": -0.43519986394310783, ""rs_vs_nifty"": -0.43519986394310783}, {""sector"": ""NIFTY_FIN_SERVICE"", ""ltp"": 25991.8, ""return_pct"": -0.44507430672591053, ""rs_vs_nifty"": -0.44507430672591053}, {""sector"": ""NIFTY_INFRA"", ""ltp"": 9313.95, ""return_pct"": -0.6676229530050877, ""rs_vs_nifty"": -0.6676229530050877}, {""sector"": ""NIFTY_ENERGY"", ""ltp"": 38191.65, ""return_pct"": -1.0036587404756676, ""rs_vs_nifty"": -1.0036587404756676}]"
2026-08-19 12:41:54,NORMAL,24060.4,,0,24075.24065951979,,,False,True,[],"[[""NIFTY_ENERGY"", -0.9995113903084166, -0.9995113903084166], [""NIFTY_INFRA"", -0.6606907657933772, -0.6606907657933772]]","[{""sector"": ""NIFTY_IT"", ""ltp"": 30362.75, ""return_pct"": 0.49415078383964517, ""rs_vs_nifty"": 0.49415078383964517}, {""sector"": ""NIFTY_REALTY"", ""ltp"": 897.0, ""return_pct"": 0.13395847287341434, ""rs_vs_nifty"": 0.13395847287341434}, {""sector"": ""NIFTY_MEDIA"", ""ltp"": 1601.15, ""return_pct"": -0.06553488952689768, ""rs_vs_nifty"": -0.06553488952689768}, {""sector"": ""NIFTY_PSU_BANK"", ""ltp"": 8603.65, ""return_pct"": -0.17230376515635393, ""rs_vs_nifty"": -0.17230376515635393}, {""sector"": ""NIFTY_AUTO"", ""ltp"": 29187.7, ""return_pct"": -0.26260441387275235, ""rs_vs_nifty"": -0.26260441387275235}, {""sector"": ""NIFTY_BANK"", ""ltp"": 57066.4, ""return_pct"": -0.3422839419933499, ""rs_vs_nifty"": -0.3422839419933499}, {""sector"": ""NIFTY_FMCG"", ""ltp"": 47565.8, ""return_pct"": -0.35403940102399084, ""rs_vs_nifty"": -0.35403940102399084}, {""sector"": ""NIFTY_METAL"", ""ltp"": 12974.8, ""return_pct"": -0.3877070009903803, ""rs_vs_nifty"": -0.3877070009903803}, {""sector"": ""NIFTY_PHARMA"", ""ltp"": 26251.75, ""return_pct"": -0.4178378644938394, ""rs_vs_nifty"": -0.4178378644938394}, {""sector"": ""NIFTY_HEALTHCARE"", ""ltp"": 16389.75, ""return_pct"": -0.44916999216458464, ""rs_vs_nifty"": -0.44916999216458464}, {""sector"": ""NIFTY_FIN_SERVICE"", ""ltp"": 25990.7, ""return_pct"": -0.44928757468974745, ""rs_vs_nifty"": -0.44928757468974745}, {""sector"": ""NIFTY_INFRA"", ""ltp"": 9314.6, ""return_pct"": -0.6606907657933772, ""rs_vs_nifty"": -0.6606907657933772}, {""sector"": ""NIFTY_ENERGY"", ""ltp"": 38193.25, ""return_pct"": -0.9995113903084166, ""rs_vs_nifty"": -0.9995113903084166}]"
2026-08-19 12:42:13,NORMAL,24055.65,,0,24075.208639536264,,,False,True,[],"[[""NIFTY_ENERGY"", -0.9938087838284487, -0.9938087838284487], [""NIFTY_INFRA"", -0.6644234819843042, -0.6644234819843042]]","[{""sector"": ""NIFTY_IT"", ""ltp"": 30361.4, ""return_pct"": 0.48968257514451585, ""rs_vs_nifty"": 0.48968257514451585}, {""sector"": ""NIFTY_REALTY"", ""ltp"": 897.2, ""return_pct"": 0.1562848850189876, ""rs_vs_nifty"": 0.1562848850189876}, {""sector"": ""NIFTY_MEDIA"", ""ltp"": 1601.5, ""return_pct"": -0.043689926351269844, ""rs_vs_nifty"": -0.043689926351269844}, {""sector"": ""NIFTY_PSU_BANK"", ""ltp"": 8603.0, ""return_pct"": -0.17984568080292393, ""rs_vs_nifty"": -0.17984568080292393}, {""sector"": ""NIFTY_AUTO"", ""ltp"": 29184.7, ""return_pct"": -0.27285572475913195, ""rs_vs_nifty"": -0.27285572475913195}, {""sector"": ""NIFTY_BANK"", ""ltp"": 57068.45, ""return_pct"": -0.3387039313755699, ""rs_vs_nifty"": -0.3387039313755699}, {""sector"": ""NIFTY_FMCG"", ""ltp"": 47569.65, ""return_pct"": -0.3459740063852817, ""rs_vs_nifty"": -0.3459740063852817}, {""sector"": ""NIFTY_METAL"", ""ltp"": 12974.0, ""return_pct"": -0.3938488940753708, ""rs_vs_nifty"": -0.3938488940753708}, {""sector"": ""NIFTY_PHARMA"", ""ltp"": 26247.6, ""return_pct"": -0.4335802806322871, ""rs_vs_nifty"": -0.4335802806322871}, {""sector"": ""NIFTY_HEALTHCARE"", ""ltp"": 16388.35, ""return_pct"": -0.4576735484733212, ""rs_vs_nifty"": -0.4576735484733212}, {""sector"": ""NIFTY_FIN_SERVICE"", ""ltp"": 25988.45, ""return_pct"": -0.45790562279760716, ""rs_vs_nifty"": -0.45790562279760716}, {""sector"": ""NIFTY_INFRA"", ""ltp"": 9314.25, ""return_pct"": -0.6644234819843042, ""rs_vs_nifty"": -0.6644234819843042}, {""sector"": ""NIFTY_ENERGY"", ""ltp"": 38195.45, ""return_pct"": -0.9938087838284487, ""rs_vs_nifty"": -0.9938087838284487}]"
2026-08-19 12:43:55,NORMAL,24060.75,,0,24075.11971197135,,,False,True,"[[""NIFTY_IT"", 0.5260902015493124, 0.5260902015493124]]","[[""NIFTY_ENERGY"", -0.979941081706675, -0.979941081706675], [""NIFTY_INFRA"", -0.64042744932837, -0.64042744932837]]","[{""sector"": ""NIFTY_IT"", ""ltp"": 30372.4, ""return_pct"": 0.5260902015493124, ""rs_vs_nifty"": 0.5260902015493124}, {""sector"": ""NIFTY_REALTY"", ""ltp"": 897.7, ""return_pct"": 0.21210091538290815, ""rs_vs_nifty"": 0.21210091538290815}, {""sector"": ""NIFTY_MEDIA"", ""ltp"": 1601.8, ""return_pct"": -0.024965672200729677, ""rs_vs_nifty"": -0.024965672200729677}, {""sector"": ""NIFTY_PSU_BANK"", ""ltp"": 8605.45, ""return_pct"": -0.15141846028890493, ""rs_vs_nifty"": -0.15141846028890493}, {""sector"": ""NIFTY_AUTO"", ""ltp"": 29190.65, ""return_pct"": -0.2525239581678099, ""rs_vs_nifty"": -0.2525239581678099}, {""sector"": ""NIFTY_BANK"", ""ltp"": 57079.75, ""return_pct"": -0.3189702143116625, ""rs_vs_nifty"": -0.3189702143116625}, {""sector"": ""NIFTY_METAL"", ""ltp"": 12980.45, ""return_pct"": -0.344329881077584, ""rs_vs_nifty"": -0.344329881077584}, {""sector"": ""NIFTY_FMCG"", ""ltp"": 47569.95, ""return_pct"": -0.3453455340757808, ""rs_vs_nifty"": -0.3453455340757808}, {""sector"": ""NIFTY_PHARMA"", ""ltp"": 26246.95, ""return_pct"": -0.4360459602684204, ""rs_vs_nifty"": -0.4360459602684204}, {""sector"": ""NIFTY_FIN_SERVICE"", ""ltp"": 25990.7, ""return_pct"": -0.44928757468974745, ""rs_vs_nifty"": -0.44928757468974745}, {""sector"": ""NIFTY_HEALTHCARE"", ""ltp"": 16388.05, ""return_pct"": -0.45949573911090125, ""rs_vs_nifty"": -0.45949573911090125}, {""sector"": ""NIFTY_INFRA"", ""ltp"": 9316.5, ""return_pct"": -0.64042744932837, ""rs_vs_nifty"": -0.64042744932837}, {""sector"": ""NIFTY_ENERGY"", ""ltp"": 38200.8, ""return_pct"": -0.979941081706675, ""rs_vs_nifty"": -0.979941081706675}]"
2026-08-19 12:44:13,NORMAL,24059.5,,0,24075.108907680762,,,False,True,"[[""NIFTY_IT"", 0.5140094891513524, 0.5140094891513524]]","[[""NIFTY_ENERGY"", -0.9755345221539744, -0.9755345221539744], [""NIFTY_INFRA"", -0.6356282427971754, -0.6356282427971754]]","[{""sector"": ""NIFTY_IT"", ""ltp"": 30368.75, ""return_pct"": 0.5140094891513524, ""rs_vs_nifty"": 0.5140094891513524}, {""sector"": ""NIFTY_REALTY"", ""ltp"": 897.65, ""return_pct"": 0.20651931234650847, ""rs_vs_nifty"": 0.20651931234650847}, {""sector"": ""NIFTY_MEDIA"", ""ltp"": 1601.9, ""return_pct"": -0.018724254150540163, ""rs_vs_nifty"": -0.018724254150540163}, {""sector"": ""NIFTY_PSU_BANK"", ""ltp"": 8603.9, ""return_pct"": -0.16940302836921, ""rs_vs_nifty"": -0.16940302836921}, {""sector"": ""NIFTY_AUTO"", ""ltp"": 29189.65, ""return_pct"": -0.2559410617966031, ""rs_vs_nifty"": -0.2559410617966031}, {""sector"": ""NIFTY_BANK"", ""ltp"": 57080.5, ""return_pct"": -0.3176604543295451, ""rs_vs_nifty"": -0.3176604543295451}, {""sector"": ""NIFTY_FMCG"", ""ltp"": 47570.2, ""return_pct"": -0.3448218071511891, ""rs_vs_nifty"": -0.3448218071511891}, {""sector"": ""NIFTY_METAL"", ""ltp"": 12979.8, ""return_pct"": -0.34932016920915454, ""rs_vs_nifty"": -0.34932016920915454}, {""sector"": ""NIFTY_PHARMA"", ""ltp"": 26245.1, ""return_pct"": -0.4430636638482162, ""rs_vs_nifty"": -0.4430636638482162}, {""sector"": ""NIFTY_FIN_SERVICE"", ""ltp"": 25987.1, ""return_pct"": -0.46307645166233125, ""rs_vs_nifty"": -0.46307645166233125}, {""sector"": ""NIFTY_HEALTHCARE"", ""ltp"": 16385.9, ""return_pct"": -0.472554772013577, ""rs_vs_nifty"": -0.472554772013577}, {""sector"": ""NIFTY_INFRA"", ""ltp"": 9316.95, ""return_pct"": -0.6356282427971754, ""rs_vs_nifty"": -0.6356282427971754}, {""sector"": ""NIFTY_ENERGY"", ""ltp"": 38202.5, ""return_pct"": -0.9755345221539744, ""rs_vs_nifty"": -0.9755345221539744}]"
2026-08-19 12:45:58,NORMAL,24052.75,,0,24074.9836905926,,,False,True,[],"[[""NIFTY_ENERGY"", -0.9967896917611481, -0.9967896917611481], [""NIFTY_INFRA"", -0.6676229530050877, -0.6676229530050877], [""NIFTY_HEALTHCARE"", -0.5257019989431361, -0.5257019989431361]]","[{""sector"": ""NIFTY_IT"", ""ltp"": 30346.85, ""return_pct"": 0.4415252147636163, ""rs_vs_nifty"": 0.4415252147636163}, {""sector"": ""NIFTY_REALTY"", ""ltp"": 897.2, ""return_pct"": 0.1562848850189876, ""rs_vs_nifty"": 0.1562848850189876}, {""sector"": ""NIFTY_MEDIA"", ""ltp"": 1600.7, ""return_pct"": -0.09362127075271501, ""rs_vs_nifty"": -0.09362127075271501}, {""sector"": ""NIFTY_PSU_BANK"", ""ltp"": 8601.25, ""return_pct"": -0.20015083831293146, ""rs_vs_nifty"": -0.20015083831293146}, {""sector"": ""NIFTY_AUTO"", ""ltp"": 29179.4, ""return_pct"": -0.2909663739917334, ""rs_vs_nifty"": -0.2909663739917334}, {""sector"": ""NIFTY_METAL"", ""ltp"": 12980.4, ""return_pct"": -0.3447137493954046, ""rs_vs_nifty"": -0.3447137493954046}, {""sector"": ""NIFTY_BANK"", ""ltp"": 57063.25, ""return_pct"": -0.3477849339182456, ""rs_vs_nifty"": -0.3477849339182456}, {""sector"": ""NIFTY_FMCG"", ""ltp"": 47556.75, ""return_pct"": -0.3729983156942166, ""rs_vs_nifty"": -0.3729983156942166}, {""sector"": ""NIFTY_PHARMA"", ""ltp"": 26228.75, ""return_pct"": -0.5050849900803867, ""rs_vs_nifty"": -0.5050849900803867}, {""sector"": ""NIFTY_FIN_SERVICE"", ""ltp"": 25975.15, ""return_pct"": -0.5088478627240637, ""rs_vs_nifty"": -0.5088478627240637}, {""sector"": ""NIFTY_HEALTHCARE"", ""ltp"": 16377.15, ""return_pct"": -0.5257019989431361, ""rs_vs_nifty"": -0.5257019989431361}, {""sector"": ""NIFTY_INFRA"", ""ltp"": 9313.95, ""return_pct"": -0.6676229530050877, ""rs_vs_nifty"": -0.6676229530050877}, {""sector"": ""NIFTY_ENERGY"", ""ltp"": 38194.3, ""return_pct"": -0.9967896917611481, ""rs_vs_nifty"": -0.9967896917611481}]"
2026-08-19 12:46:16,NORMAL,24049.3,,0,24074.961478771427,,,False,True,[],"[[""NIFTY_ENERGY"", -0.9883653867339116, -0.9883653867339116], [""NIFTY_INFRA"", -0.6777546112376011, -0.6777546112376011], [""NIFTY_HEALTHCARE"", -0.5478719850337453, -0.5478719850337453]]","[{""sector"": ""NIFTY_IT"", ""ltp"": 30341.25, ""return_pct"": 0.422990423139361, ""rs_vs_nifty"": 0.422990423139361}, {""sector"": ""NIFTY_REALTY"", ""ltp"": 896.95, ""return_pct"": 0.12837686983702734, ""rs_vs_nifty"": 0.12837686983702734}, {""sector"": ""NIFTY_MEDIA"", ""ltp"": 1600.35, ""return_pct"": -0.11546623392835703, ""rs_vs_nifty"": -0.11546623392835703}, {""sector"": ""NIFTY_PSU_BANK"", ""ltp"": 8599.7, ""return_pct"": -0.2181354063932154, ""rs_vs_nifty"": -0.2181354063932154}, {""sector"": ""NIFTY_AUTO"", ""ltp"": 29174.85, ""return_pct"": -0.3065141955027524, ""rs_vs_nifty"": -0.3065141955027524}, {""sector"": ""NIFTY_METAL"", ""ltp"": 12979.7, ""return_pct"": -0.35008790584476784, ""rs_vs_nifty"": -0.35008790584476784}, {""sector"": ""NIFTY_BANK"", ""ltp"": 57055.4, ""return_pct"": -0.36149375506440523, ""rs_vs_nifty"": -0.36149375506440523}, {""sector"": ""NIFTY_FMCG"", ""ltp"": 47552.0, ""return_pct"": -0.3829491272614589, ""rs_vs_nifty"": -0.3829491272614589}, {""sector"": ""NIFTY_PHARMA"", ""ltp"": 26224.55, ""return_pct"": -0.5210170738831502, ""rs_vs_nifty"": -0.5210170738831502}, {""sector"": ""NIFTY_FIN_SERVICE"", ""ltp"": 25971.45, ""return_pct"": -0.5230197640569912, ""rs_vs_nifty"": -0.5230197640569912}, {""sector"": ""NIFTY_HEALTHCARE"", ""ltp"": 16373.5, ""return_pct"": -0.5478719850337453, ""rs_vs_nifty"": -0.5478719850337453}, {""sector"": ""NIFTY_INFRA"", ""ltp"": 9313.0, ""return_pct"": -0.6777546112376011, ""rs_vs_nifty"": -0.6777546112376011}, {""sector"": ""NIFTY_ENERGY"", ""ltp"": 38197.55, ""return_pct"": -0.9883653867339116, ""rs_vs_nifty"": -0.9883653867339116}]"
2026-08-19 12:47:57,NORMAL,24048.9,,0,24074.844187940736,,,False,True,[],"[[""NIFTY_ENERGY"", -1.0074172765647535, -1.0074172765647535], [""NIFTY_INFRA"", -0.6916189856610219, -0.6916189856610219], [""NIFTY_HEALTHCARE"", -0.5691308758055645, -0.5691308758055645]]","[{""sector"": ""NIFTY_IT"", ""ltp"": 30336.0, ""return_pct"": 0.4056140559916172, ""rs_vs_nifty"": 0.4056140559916172}, {""sector"": ""NIFTY_REALTY"", ""ltp"": 896.55, ""return_pct"": 0.08372404554588078, ""rs_vs_nifty"": 0.08372404554588078}, {""sector"": ""NIFTY_MEDIA"", ""ltp"": 1600.05, ""return_pct"": -0.1341904880788972, ""rs_vs_nifty"": -0.1341904880788972}, {""sector"": ""NIFTY_PSU_BANK"", ""ltp"": 8599.8, ""return_pct"": -0.21697511167837474, ""rs_vs_nifty"": -0.21697511167837474}, {""sector"": ""NIFTY_AUTO"", ""ltp"": 29180.4, ""return_pct"": -0.2875492703629402, ""rs_vs_nifty"": -0.2875492703629402}, {""sector"": ""NIFTY_BANK"", ""ltp"": 57057.95, ""return_pct"": -0.35704057112521365, ""rs_vs_nifty"": -0.35704057112521365}, {""sector"": ""NIFTY_FMCG"", ""ltp"": 47559.35, ""return_pct"": -0.3675515556784659, ""rs_vs_nifty"": -0.3675515556784659}, {""sector"": ""NIFTY_METAL"", ""ltp"": 12975.0, ""return_pct"": -0.38617152771912566, ""rs_vs_nifty"": -0.38617152771912566}, {""sector"": ""NIFTY_FIN_SERVICE"", ""ltp"": 25976.45, ""return_pct"": -0.5038685460395254, ""rs_vs_nifty"": -0.5038685460395254}, {""sector"": ""NIFTY_PHARMA"", ""ltp"": 26221.35, ""return_pct"": -0.5331558043995421, ""rs_vs_nifty"": -0.5331558043995421}, {""sector"": ""NIFTY_HEALTHCARE"", ""ltp"": 16370.0, ""return_pct"": -0.5691308758055645, ""rs_vs_nifty"": -0.5691308758055645}, {""sector"": ""NIFTY_INFRA"", ""ltp"": 9311.7, ""return_pct"": -0.6916189856610219, ""rs_vs_nifty"": -0.6916189856610219}, {""sector"": ""NIFTY_ENERGY"", ""ltp"": 38190.2, ""return_pct"": -1.0074172765647535, ""rs_vs_nifty"": -1.0074172765647535}]"
2026-08-19 12:48:14,NORMAL,24048.55,,0,24074.818757960267,,,False,True,[],"[[""NIFTY_ENERGY"", -1.0094909516483697, -1.0094909516483697], [""NIFTY_INFRA"", -0.7001509083831435, -0.7001509083831435], [""NIFTY_HEALTHCARE"", -0.5682197804867745, -0.5682197804867745]]","[{""sector"": ""NIFTY_IT"", ""ltp"": 30340.05, ""return_pct"": 0.41901868207701715, ""rs_vs_nifty"": 0.41901868207701715}, {""sector"": ""NIFTY_REALTY"", ""ltp"": 896.4, ""return_pct"": 0.06697923643670717, ""rs_vs_nifty"": 0.06697923643670717}, {""sector"": ""NIFTY_MEDIA"", ""ltp"": 1599.75, ""return_pct"": -0.15291474222943735, ""rs_vs_nifty"": -0.15291474222943735}, {""sector"": ""NIFTY_PSU_BANK"", ""ltp"": 8599.65, ""return_pct"": -0.21871555375065688, ""rs_vs_nifty"": -0.21871555375065688}, {""sector"": ""NIFTY_AUTO"", ""ltp"": 29181.65, ""return_pct"": -0.2832778908269487, ""rs_vs_nifty"": -0.2832778908269487}, {""sector"": ""NIFTY_BANK"", ""ltp"": 57060.35, ""return_pct"": -0.35284933918243544, ""rs_vs_nifty"": -0.35284933918243544}, {""sector"": ""NIFTY_FMCG"", ""ltp"": 47553.9, ""return_pct"": -0.37896880263455895, ""rs_vs_nifty"": -0.37896880263455895}, {""sector"": ""NIFTY_METAL"", ""ltp"": 12975.3, ""return_pct"": -0.38386831781225766, ""rs_vs_nifty"": -0.38386831781225766}, {""sector"": ""NIFTY_FIN_SERVICE"", ""ltp"": 25972.7, ""return_pct"": -0.5182319595526248, ""rs_vs_nifty"": -0.5182319595526248}, {""sector"": ""NIFTY_PHARMA"", ""ltp"": 26221.7, ""return_pct"": -0.5318281307493038, ""rs_vs_nifty"": -0.5318281307493038}, {""sector"": ""NIFTY_HEALTHCARE"", ""ltp"": 16370.15, ""return_pct"": -0.5682197804867745, ""rs_vs_nifty"": -0.5682197804867745}, {""sector"": ""NIFTY_INFRA"", ""ltp"": 9310.9, ""return_pct"": -0.7001509083831435, ""rs_vs_nifty"": -0.7001509083831435}, {""sector"": ""NIFTY_ENERGY"", ""ltp"": 38189.4, ""return_pct"": -1.0094909516483697, ""rs_vs_nifty"": -1.0094909516483697}]"
2026-08-19 12:49:56,NORMAL,24051.8,,0,24074.735062699645,,,False,True,[],"[[""NIFTY_ENERGY"", -0.9917351087448136, -0.9917351087448136], [""NIFTY_INFRA"", -0.6825538177687956, -0.6825538177687956], [""NIFTY_HEALTHCARE"", -0.5578940335404579, -0.5578940335404579]]","[{""sector"": ""NIFTY_IT"", ""ltp"": 30355.35, ""return_pct"": 0.4696583806218681, ""rs_vs_nifty"": 0.4696583806218681}, {""sector"": ""NIFTY_REALTY"", ""ltp"": 896.6, ""return_pct"": 0.08930564858228045, ""rs_vs_nifty"": 0.08930564858228045}, {""sector"": ""NIFTY_MEDIA"", ""ltp"": 1599.45, ""return_pct"": -0.17163899637997754, ""rs_vs_nifty"": -0.17163899637997754}, {""sector"": ""NIFTY_PSU_BANK"", ""ltp"": 8603.5, ""return_pct"": -0.17404420722863606, ""rs_vs_nifty"": -0.17404420722863606}, {""sector"": ""NIFTY_AUTO"", ""ltp"": 29185.45, ""return_pct"": -0.27029289703753706, ""rs_vs_nifty"": -0.27029289703753706}, {""sector"": ""NIFTY_BANK"", ""ltp"": 57063.15, ""return_pct"": -0.34795956858252536, ""rs_vs_nifty"": -0.34795956858252536}, {""sector"": ""NIFTY_METAL"", ""ltp"": 12977.55, ""return_pct"": -0.36659424351070613, ""rs_vs_nifty"": -0.36659424351070613}, {""sector"": ""NIFTY_FMCG"", ""ltp"": 47546.3, ""return_pct"": -0.3948901011421436, ""rs_vs_nifty"": -0.3948901011421436}, {""sector"": ""NIFTY_FIN_SERVICE"", ""ltp"": 25977.0, ""return_pct"": -0.5017619120576068, ""rs_vs_nifty"": -0.5017619120576068}, {""sector"": ""NIFTY_PHARMA"", ""ltp"": 26226.0, ""return_pct"": -0.5155167116179086, ""rs_vs_nifty"": -0.5155167116179086}, {""sector"": ""NIFTY_HEALTHCARE"", ""ltp"": 16371.85, ""return_pct"": -0.5578940335404579, ""rs_vs_nifty"": -0.5578940335404579}, {""sector"": ""NIFTY_INFRA"", ""ltp"": 9312.55, ""return_pct"": -0.6825538177687956, ""rs_vs_nifty"": -0.6825538177687956}, {""sector"": ""NIFTY_ENERGY"", ""ltp"": 38196.25, ""return_pct"": -0.9917351087448136, ""rs_vs_nifty"": -0.9917351087448136}]"
2026-08-19 12:50:14,NORMAL,24052.1,,0,24074.719162038637,,,False,True,"[[""NIFTY_IT"", 0.5118581294092459, 0.5118581294092459]]","[[""NIFTY_ENERGY"", -0.9895318289684634, -0.9895318289684634], [""NIFTY_INFRA"", -0.6873530242999708, -0.6873530242999708], [""NIFTY_HEALTHCARE"", -0.5621458116948261, -0.5621458116948261]]","[{""sector"": ""NIFTY_IT"", ""ltp"": 30368.1, ""return_pct"": 0.5118581294092459, ""rs_vs_nifty"": 0.5118581294092459}, {""sector"": ""NIFTY_REALTY"", ""ltp"": 896.55, ""return_pct"": 0.08372404554588078, ""rs_vs_nifty"": 0.08372404554588078}, {""sector"": ""NIFTY_MEDIA"", ""ltp"": 1599.6, ""return_pct"": -0.16227686930471455, ""rs_vs_nifty"": -0.16227686930471455}, {""sector"": ""NIFTY_PSU_BANK"", ""ltp"": 8602.2, ""return_pct"": -0.1891280385217761, ""rs_vs_nifty"": -0.1891280385217761}, {""sector"": ""NIFTY_AUTO"", ""ltp"": 29179.6, ""return_pct"": -0.29028295326598474, ""rs_vs_nifty"": -0.29028295326598474}, {""sector"": ""NIFTY_BANK"", ""ltp"": 57070.25, ""return_pct"": -0.3355605074184831, ""rs_vs_nifty"": -0.3355605074184831}, {""sector"": ""NIFTY_METAL"", ""ltp"": 12972.5, ""return_pct"": -0.4053649436097385, ""rs_vs_nifty"": -0.4053649436097385}, {""sector"": ""NIFTY_FMCG"", ""ltp"": 47539.75, ""return_pct"": -0.4086117465664524, ""rs_vs_nifty"": -0.4086117465664524}, {""sector"": ""NIFTY_PHARMA"", ""ltp"": 26225.35, ""return_pct"": -0.5179823912540558, ""rs_vs_nifty"": -0.5179823912540558}, {""sector"": ""NIFTY_FIN_SERVICE"", ""ltp"": 25971.95, ""return_pct"": -0.5211046422552447, ""rs_vs_nifty"": -0.5211046422552447}, {""sector"": ""NIFTY_HEALTHCARE"", ""ltp"": 16371.15, ""return_pct"": -0.5621458116948261, ""rs_vs_nifty"": -0.5621458116948261}, {""sector"": ""NIFTY_INFRA"", ""ltp"": 9312.1, ""return_pct"": -0.6873530242999708, ""rs_vs_nifty"": -0.6873530242999708}, {""sector"": ""NIFTY_ENERGY"", ""ltp"": 38197.1, ""return_pct"": -0.9895318289684634, ""rs_vs_nifty"": -0.9895318289684634}]"
2026-08-19 12:51:53,NORMAL,24052.4,,0,24074.613239978953,,,False,True,[],"[[""NIFTY_ENERGY"", -0.9798114770139598, -0.9798114770139598], [""NIFTY_INFRA"", -0.6836203081090438, -0.6836203081090438], [""NIFTY_HEALTHCARE"", -0.5405832224834028, -0.5405832224834028]]","[{""sector"": ""NIFTY_IT"", ""ltp"": 30353.2, ""return_pct"": 0.46254234455184695, ""rs_vs_nifty"": 0.46254234455184695}, {""sector"": ""NIFTY_REALTY"", ""ltp"": 896.75, ""return_pct"": 0.10605045769145408, ""rs_vs_nifty"": 0.10605045769145408}, {""sector"": ""NIFTY_MEDIA"", ""ltp"": 1600.0, ""return_pct"": -0.13731119710398484, ""rs_vs_nifty"": -0.13731119710398484}, {""sector"": ""NIFTY_PSU_BANK"", ""ltp"": 8604.75, ""return_pct"": -0.1595405232929164, ""rs_vs_nifty"": -0.1595405232929164}, {""sector"": ""NIFTY_AUTO"", ""ltp"": 29185.95, ""return_pct"": -0.26858434522314045, ""rs_vs_nifty"": -0.26858434522314045}, {""sector"": ""NIFTY_BANK"", ""ltp"": 57080.45, ""return_pct"": -0.3177477716616914, ""rs_vs_nifty"": -0.3177477716616914}, {""sector"": ""NIFTY_METAL"", ""ltp"": 12975.35, ""return_pct"": -0.38348444949443705, ""rs_vs_nifty"": -0.38348444949443705}, {""sector"": ""NIFTY_FMCG"", ""ltp"": 47535.5, ""return_pct"": -0.41751510428451133, ""rs_vs_nifty"": -0.41751510428451133}, {""sector"": ""NIFTY_FIN_SERVICE"", ""ltp"": 25980.35, ""return_pct"": -0.48893059598591027, ""rs_vs_nifty"": -0.48893059598591027}, {""sector"": ""NIFTY_PHARMA"", ""ltp"": 26230.25, ""return_pct"": -0.4993949601508292, ""rs_vs_nifty"": -0.4993949601508292}, {""sector"": ""NIFTY_HEALTHCARE"", ""ltp"": 16374.7, ""return_pct"": -0.5405832224834028, ""rs_vs_nifty"": -0.5405832224834028}, {""sector"": ""NIFTY_INFRA"", ""ltp"": 9312.45, ""return_pct"": -0.6836203081090438, ""rs_vs_nifty"": -0.6836203081090438}, {""sector"": ""NIFTY_ENERGY"", ""ltp"": 38200.85, ""return_pct"": -0.9798114770139598, ""rs_vs_nifty"": -0.9798114770139598}]"
2026-08-19 12:52:11,NORMAL,24053.4,,0,24074.603860111554,,,False,True,[],"[[""NIFTY_ENERGY"", -0.9586859120995016, -0.9586859120995016], [""NIFTY_INFRA"", -0.6750883853869416, -0.6750883853869416], [""NIFTY_HEALTHCARE"", -0.5354203490102556, -0.5354203490102556]]","[{""sector"": ""NIFTY_IT"", ""ltp"": 30355.6, ""return_pct"": 0.47048582667652256, ""rs_vs_nifty"": 0.47048582667652256}, {""sector"": ""NIFTY_REALTY"", ""ltp"": 896.95, ""return_pct"": 0.12837686983702734, ""rs_vs_nifty"": 0.12837686983702734}, {""sector"": ""NIFTY_PSU_BANK"", ""ltp"": 8605.95, ""return_pct"": -0.14561698671461706, ""rs_vs_nifty"": -0.14561698671461706}, {""sector"": ""NIFTY_MEDIA"", ""ltp"": 1599.8, ""return_pct"": -0.1497940332043497, ""rs_vs_nifty"": -0.1497940332043497}, {""sector"": ""NIFTY_AUTO"", ""ltp"": 29188.15, ""return_pct"": -0.2610667172397929, ""rs_vs_nifty"": -0.2610667172397929}, {""sector"": ""NIFTY_BANK"", ""ltp"": 57084.15, ""return_pct"": -0.31128628908323785, ""rs_vs_nifty"": -0.31128628908323785}, {""sector"": ""NIFTY_METAL"", ""ltp"": 12974.75, ""return_pct"": -0.3880908693081869, ""rs_vs_nifty"": -0.3880908693081869}, {""sector"": ""NIFTY_FMCG"", ""ltp"": 47535.95, ""return_pct"": -0.4165723958202523, ""rs_vs_nifty"": -0.4165723958202523}, {""sector"": ""NIFTY_FIN_SERVICE"", ""ltp"": 25982.25, ""return_pct"": -0.4816531331392677, ""rs_vs_nifty"": -0.4816531331392677}, {""sector"": ""NIFTY_PHARMA"", ""ltp"": 26230.05, ""return_pct"": -0.5001536308081064, ""rs_vs_nifty"": -0.5001536308081064}, {""sector"": ""NIFTY_HEALTHCARE"", ""ltp"": 16375.55, ""return_pct"": -0.5354203490102556, ""rs_vs_nifty"": -0.5354203490102556}, {""sector"": ""NIFTY_INFRA"", ""ltp"": 9313.25, ""return_pct"": -0.6750883853869416, ""rs_vs_nifty"": -0.6750883853869416}, {""sector"": ""NIFTY_ENERGY"", ""ltp"": 38209.0, ""return_pct"": -0.9586859120995016, ""rs_vs_nifty"": -0.9586859120995016}]"
2026-08-19 12:53:54,NORMAL,24054.2,,0,24074.50945911873,,,False,True,[],"[[""NIFTY_ENERGY"", -0.9616668200322198, -0.9616668200322198], [""NIFTY_INFRA"", -0.6798875919181362, -0.6798875919181362], [""NIFTY_HEALTHCARE"", -0.5311685708558873, -0.5311685708558873]]","[{""sector"": ""NIFTY_IT"", ""ltp"": 30351.55, ""return_pct"": 0.4570812005911226, ""rs_vs_nifty"": 0.4570812005911226}, {""sector"": ""NIFTY_REALTY"", ""ltp"": 897.15, ""return_pct"": 0.15070328198258795, ""rs_vs_nifty"": 0.15070328198258795}, {""sector"": ""NIFTY_MEDIA"", ""ltp"": 1599.6, ""return_pct"": -0.16227686930471455, ""rs_vs_nifty"": -0.16227686930471455}, {""sector"": ""NIFTY_PSU_BANK"", ""ltp"": 8603.65, ""return_pct"": -0.17230376515635393, ""rs_vs_nifty"": -0.17230376515635393}, {""sector"": ""NIFTY_AUTO"", ""ltp"": 29181.2, ""return_pct"": -0.28481558745990815, ""rs_vs_nifty"": -0.28481558745990815}, {""sector"": ""NIFTY_BANK"", ""ltp"": 57081.2, ""return_pct"": -0.31643801167957397, ""rs_vs_nifty"": -0.31643801167957397}, {""sector"": ""NIFTY_METAL"", ""ltp"": 12978.3, ""return_pct"": -0.36083621874352223, ""rs_vs_nifty"": -0.36083621874352223}, {""sector"": ""NIFTY_FMCG"", ""ltp"": 47538.65, ""return_pct"": -0.41091614503465285, ""rs_vs_nifty"": -0.41091614503465285}, {""sector"": ""NIFTY_FIN_SERVICE"", ""ltp"": 25986.55, ""return_pct"": -0.46518308564424976, ""rs_vs_nifty"": -0.46518308564424976}, {""sector"": ""NIFTY_PHARMA"", ""ltp"": 26233.55, ""return_pct"": -0.4868768943058056, ""rs_vs_nifty"": -0.4868768943058056}, {""sector"": ""NIFTY_HEALTHCARE"", ""ltp"": 16376.25, ""return_pct"": -0.5311685708558873, ""rs_vs_nifty"": -0.5311685708558873}, {""sector"": ""NIFTY_INFRA"", ""ltp"": 9312.8, ""return_pct"": -0.6798875919181362, ""rs_vs_nifty"": -0.6798875919181362}, {""sector"": ""NIFTY_ENERGY"", ""ltp"": 38207.85, ""return_pct"": -0.9616668200322198, ""rs_vs_nifty"": -0.9616668200322198}]"
2026-08-19 12:54:11,NORMAL,24055.9,,0,24074.48821175773,,,False,True,[],"[[""NIFTY_ENERGY"", -0.9656845655067365, -0.9656845655067365], [""NIFTY_INFRA"", -0.681487327428528, -0.681487327428528], [""NIFTY_HEALTHCARE"", -0.5226650145471619, -0.5226650145471619]]","[{""sector"": ""NIFTY_IT"", ""ltp"": 30356.45, ""return_pct"": 0.47329914326235495, ""rs_vs_nifty"": 0.47329914326235495}, {""sector"": ""NIFTY_REALTY"", ""ltp"": 897.05, ""return_pct"": 0.1395400759098013, ""rs_vs_nifty"": 0.1395400759098013}, {""sector"": ""NIFTY_MEDIA"", ""ltp"": 1599.95, ""return_pct"": -0.1404319061290725, ""rs_vs_nifty"": -0.1404319061290725}, {""sector"": ""NIFTY_PSU_BANK"", ""ltp"": 8601.55, ""return_pct"": -0.1966699541683672, ""rs_vs_nifty"": -0.1966699541683672}, {""sector"": ""NIFTY_AUTO"", ""ltp"": 29183.0, ""return_pct"": -0.2786648009280829, ""rs_vs_nifty"": -0.2786648009280829}, {""sector"": ""NIFTY_BANK"", ""ltp"": 57088.35, ""return_pct"": -0.3039516331833855, ""rs_vs_nifty"": -0.3039516331833855}, {""sector"": ""NIFTY_METAL"", ""ltp"": 12980.45, ""return_pct"": -0.344329881077584, ""rs_vs_nifty"": -0.344329881077584}, {""sector"": ""NIFTY_FMCG"", ""ltp"": 47540.8, ""return_pct"": -0.40641209348316115, ""rs_vs_nifty"": -0.40641209348316115}, {""sector"": ""NIFTY_FIN_SERVICE"", ""ltp"": 25985.85, ""return_pct"": -0.4678642561666978, ""rs_vs_nifty"": -0.4678642561666978}, {""sector"": ""NIFTY_PHARMA"", ""ltp"": 26231.7, ""return_pct"": -0.4938945978855876, ""rs_vs_nifty"": -0.4938945978855876}, {""sector"": ""NIFTY_HEALTHCARE"", ""ltp"": 16377.65, ""return_pct"": -0.5226650145471619, ""rs_vs_nifty"": -0.5226650145471619}, {""sector"": ""NIFTY_INFRA"", ""ltp"": 9312.65, ""return_pct"": -0.681487327428528, ""rs_vs_nifty"": -0.681487327428528}, {""sector"": ""NIFTY_ENERGY"", ""ltp"": 38206.3, ""return_pct"": -0.9656845655067365, ""rs_vs_nifty"": -0.9656845655067365}]"
2026-08-19 12:55:54,NORMAL,24053.4,,0,24074.32739130116,,,False,True,[],"[[""NIFTY_ENERGY"", -0.9779970113157744, -0.9779970113157744], [""NIFTY_INFRA"", -0.6830870629389197, -0.6830870629389197], [""NIFTY_HEALTHCARE"", -0.5123392676008452, -0.5123392676008452]]","[{""sector"": ""NIFTY_IT"", ""ltp"": 30361.65, ""return_pct"": 0.49051002119917025, ""rs_vs_nifty"": 0.49051002119917025}, {""sector"": ""NIFTY_REALTY"", ""ltp"": 896.95, ""return_pct"": 0.12837686983702734, ""rs_vs_nifty"": 0.12837686983702734}, {""sector"": ""NIFTY_MEDIA"", ""ltp"": 1600.5, ""return_pct"": -0.10610410685307986, ""rs_vs_nifty"": -0.10610410685307986}, {""sector"": ""NIFTY_PSU_BANK"", ""ltp"": 8603.45, ""return_pct"": -0.1746243545860564, ""rs_vs_nifty"": -0.1746243545860564}, {""sector"": ""NIFTY_AUTO"", ""ltp"": 29195.3, ""return_pct"": -0.236634426293929, ""rs_vs_nifty"": -0.236634426293929}, {""sector"": ""NIFTY_METAL"", ""ltp"": 12984.85, ""return_pct"": -0.3105494691101081, ""rs_vs_nifty"": -0.3105494691101081}, {""sector"": ""NIFTY_BANK"", ""ltp"": 57074.65, ""return_pct"": -0.3278765821900584, ""rs_vs_nifty"": -0.3278765821900584}, {""sector"": ""NIFTY_FMCG"", ""ltp"": 47529.4, ""return_pct"": -0.4302940412445458, ""rs_vs_nifty"": -0.4302940412445458}, {""sector"": ""NIFTY_FIN_SERVICE"", ""ltp"": 25982.7, ""return_pct"": -0.47992952351769297, ""rs_vs_nifty"": -0.47992952351769297}, {""sector"": ""NIFTY_PHARMA"", ""ltp"": 26232.3, ""return_pct"": -0.49161858591377017, ""rs_vs_nifty"": -0.49161858591377017}, {""sector"": ""NIFTY_HEALTHCARE"", ""ltp"": 16379.35, ""return_pct"": -0.5123392676008452, ""rs_vs_nifty"": -0.5123392676008452}, {""sector"": ""NIFTY_INFRA"", ""ltp"": 9312.5, ""return_pct"": -0.6830870629389197, ""rs_vs_nifty"": -0.6830870629389197}, {""sector"": ""NIFTY_ENERGY"", ""ltp"": 38201.55, ""return_pct"": -0.9779970113157744, ""rs_vs_nifty"": -0.9779970113157744}]"
2026-08-19 12:56:11,NORMAL,24051.45,,0,24074.297621405472,,,False,True,"[[""NIFTY_IT"", 0.5007703522768808, 0.5007703522768808]]","[[""NIFTY_ENERGY"", -0.9851252694157437, -0.9851252694157437], [""NIFTY_INFRA"", -0.6974846825324841, -0.6974846825324841]]","[{""sector"": ""NIFTY_IT"", ""ltp"": 30364.75, ""return_pct"": 0.5007703522768808, ""rs_vs_nifty"": 0.5007703522768808}, {""sector"": ""NIFTY_REALTY"", ""ltp"": 897.05, ""return_pct"": 0.1395400759098013, ""rs_vs_nifty"": 0.1395400759098013}, {""sector"": ""NIFTY_MEDIA"", ""ltp"": 1600.2, ""return_pct"": -0.12482836100362002, ""rs_vs_nifty"": -0.12482836100362002}, {""sector"": ""NIFTY_PSU_BANK"", ""ltp"": 8603.3, ""return_pct"": -0.17636479665835966, ""rs_vs_nifty"": -0.17636479665835966}, {""sector"": ""NIFTY_AUTO"", ""ltp"": 29203.8, ""return_pct"": -0.20758904544918683, ""rs_vs_nifty"": -0.20758904544918683}, {""sector"": ""NIFTY_METAL"", ""ltp"": 12986.5, ""return_pct"": -0.2978818146223064, ""rs_vs_nifty"": -0.2978818146223064}, {""sector"": ""NIFTY_BANK"", ""ltp"": 57073.8, ""return_pct"": -0.3293609768364556, ""rs_vs_nifty"": -0.3293609768364556}, {""sector"": ""NIFTY_FMCG"", ""ltp"": 47529.35, ""return_pct"": -0.43039878662947023, ""rs_vs_nifty"": -0.43039878662947023}, {""sector"": ""NIFTY_PHARMA"", ""ltp"": 26239.45, ""return_pct"": -0.46449610991620754, ""rs_vs_nifty"": -0.46449610991620754}, {""sector"": ""NIFTY_FIN_SERVICE"", ""ltp"": 25982.75, ""return_pct"": -0.4797380113375211, ""rs_vs_nifty"": -0.4797380113375211}, {""sector"": ""NIFTY_HEALTHCARE"", ""ltp"": 16381.95, ""return_pct"": -0.4965469487417774, ""rs_vs_nifty"": -0.4965469487417774}, {""sector"": ""NIFTY_INFRA"", ""ltp"": 9311.15, ""return_pct"": -0.6974846825324841, ""rs_vs_nifty"": -0.6974846825324841}, {""sector"": ""NIFTY_ENERGY"", ""ltp"": 38198.8, ""return_pct"": -0.9851252694157437, ""rs_vs_nifty"": -0.9851252694157437}]"
2026-08-19 12:57:54,NORMAL,24052.0,,0,24074.172723459287,,,False,True,[],"[[""NIFTY_ENERGY"", -0.9667214030485541, -0.9667214030485541], [""NIFTY_INFRA"", -0.6793543467479927, -0.6793543467479927], [""NIFTY_HEALTHCARE"", -0.5405832224834028, -0.5405832224834028]]","[{""sector"": ""NIFTY_IT"", ""ltp"": 30352.75, ""return_pct"": 0.4610529416534665, ""rs_vs_nifty"": 0.4610529416534665}, {""sector"": ""NIFTY_REALTY"", ""ltp"": 896.45, ""return_pct"": 0.07256083947310683, ""rs_vs_nifty"": 0.07256083947310683}, {""sector"": ""NIFTY_PSU_BANK"", ""ltp"": 8604.15, ""return_pct"": -0.16650229158206606, ""rs_vs_nifty"": -0.16650229158206606}, {""sector"": ""NIFTY_MEDIA"", ""ltp"": 1599.1, ""return_pct"": -0.19348395955561953, ""rs_vs_nifty"": -0.19348395955561953}, {""sector"": ""NIFTY_AUTO"", ""ltp"": 29199.65, ""return_pct"": -0.22177002550867111, ""rs_vs_nifty"": -0.22177002550867111}, {""sector"": ""NIFTY_METAL"", ""ltp"": 12986.45, ""return_pct"": -0.298265682940113, ""rs_vs_nifty"": -0.298265682940113}, {""sector"": ""NIFTY_BANK"", ""ltp"": 57076.55, ""return_pct"": -0.32455852356869175, ""rs_vs_nifty"": -0.32455852356869175}, {""sector"": ""NIFTY_FMCG"", ""ltp"": 47523.1, ""return_pct"": -0.4434919597442628, ""rs_vs_nifty"": -0.4434919597442628}, {""sector"": ""NIFTY_FIN_SERVICE"", ""ltp"": 25979.2, ""return_pct"": -0.49333537612991907, ""rs_vs_nifty"": -0.49333537612991907}, {""sector"": ""NIFTY_PHARMA"", ""ltp"": 26222.8, ""return_pct"": -0.5276554421343006, ""rs_vs_nifty"": -0.5276554421343006}, {""sector"": ""NIFTY_HEALTHCARE"", ""ltp"": 16374.7, ""return_pct"": -0.5405832224834028, ""rs_vs_nifty"": -0.5405832224834028}, {""sector"": ""NIFTY_INFRA"", ""ltp"": 9312.85, ""return_pct"": -0.6793543467479927, ""rs_vs_nifty"": -0.6793543467479927}, {""sector"": ""NIFTY_ENERGY"", ""ltp"": 38205.9, ""return_pct"": -0.9667214030485541, ""rs_vs_nifty"": -0.9667214030485541}]"
2026-08-19 12:58:13,NORMAL,24053.2,,0,24074.16083448912,,,False,True,[],"[[""NIFTY_ENERGY"", -0.9715167766794387, -0.9715167766794387], [""NIFTY_INFRA"", -0.6788211015778687, -0.6788211015778687], [""NIFTY_HEALTHCARE"", -0.5442276037585742, -0.5442276037585742]]","[{""sector"": ""NIFTY_IT"", ""ltp"": 30353.55, ""return_pct"": 0.4637007690283584, ""rs_vs_nifty"": 0.4637007690283584}, {""sector"": ""NIFTY_REALTY"", ""ltp"": 896.55, ""return_pct"": 0.08372404554588078, ""rs_vs_nifty"": 0.08372404554588078}, {""sector"": ""NIFTY_PSU_BANK"", ""ltp"": 8604.4, ""return_pct"": -0.16360155479492214, ""rs_vs_nifty"": -0.16360155479492214}, {""sector"": ""NIFTY_AUTO"", ""ltp"": 29200.05, ""return_pct"": -0.2204031840571613, ""rs_vs_nifty"": -0.2204031840571613}, {""sector"": ""NIFTY_MEDIA"", ""ltp"": 1598.55, ""return_pct"": -0.2278117588316122, ""rs_vs_nifty"": -0.2278117588316122}, {""sector"": ""NIFTY_METAL"", ""ltp"": 12984.6, ""return_pct"": -0.3124688106991694, ""rs_vs_nifty"": -0.3124688106991694}, {""sector"": ""NIFTY_BANK"", ""ltp"": 57073.15, ""return_pct"": -0.3304961021542932, ""rs_vs_nifty"": -0.3304961021542932}, {""sector"": ""NIFTY_FMCG"", ""ltp"": 47518.85, ""return_pct"": -0.45239531746232176, ""rs_vs_nifty"": -0.45239531746232176}, {""sector"": ""NIFTY_FIN_SERVICE"", ""ltp"": 25980.5, ""return_pct"": -0.48835605944538074, ""rs_vs_nifty"": -0.48835605944538074}, {""sector"": ""NIFTY_PHARMA"", ""ltp"": 26222.45, ""return_pct"": -0.5289831157845251, ""rs_vs_nifty"": -0.5289831157845251}, {""sector"": ""NIFTY_HEALTHCARE"", ""ltp"": 16374.1, ""return_pct"": -0.5442276037585742, ""rs_vs_nifty"": -0.5442276037585742}, {""sector"": ""NIFTY_INFRA"", ""ltp"": 9312.9, ""return_pct"": -0.6788211015778687, ""rs_vs_nifty"": -0.6788211015778687}, {""sector"": ""NIFTY_ENERGY"", ""ltp"": 38204.05, ""return_pct"": -0.9715167766794387, ""rs_vs_nifty"": -0.9715167766794387}]"
2026-08-19 12:59:52,NORMAL,24054.95,,0,24074.084935028888,,,False,True,"[[""NIFTY_IT"", 0.5151679136278637, 0.5151679136278637]]","[[""NIFTY_ENERGY"", -0.9886245961193801, -0.9886245961193801], [""NIFTY_INFRA"", -0.681487327428528, -0.681487327428528], [""NIFTY_HEALTHCARE"", -0.5749011461579199, -0.5749011461579199]]","[{""sector"": ""NIFTY_IT"", ""ltp"": 30369.1, ""return_pct"": 0.5151679136278637, ""rs_vs_nifty"": 0.5151679136278637}, {""sector"": ""NIFTY_REALTY"", ""ltp"": 895.75, ""return_pct"": -0.005581603036386976, ""rs_vs_nifty"": -0.005581603036386976}, {""sector"": ""NIFTY_PSU_BANK"", ""ltp"": 8605.95, ""return_pct"": -0.14561698671461706, ""rs_vs_nifty"": -0.14561698671461706}, {""sector"": ""NIFTY_AUTO"", ""ltp"": 29200.55, ""return_pct"": -0.2186946322427647, ""rs_vs_nifty"": -0.2186946322427647}, {""sector"": ""NIFTY_MEDIA"", ""ltp"": 1598.6, ""return_pct"": -0.22469104980652457, ""rs_vs_nifty"": -0.22469104980652457}, {""sector"": ""NIFTY_BANK"", ""ltp"": 57081.4, ""return_pct"": -0.3160887423510017, ""rs_vs_nifty"": -0.3160887423510017}, {""sector"": ""NIFTY_METAL"", ""ltp"": 12980.0, ""return_pct"": -0.3477846959378999, ""rs_vs_nifty"": -0.3477846959378999}, {""sector"": ""NIFTY_FMCG"", ""ltp"": 47525.4, ""return_pct"": -0.438673672038013, ""rs_vs_nifty"": -0.438673672038013}, {""sector"": ""NIFTY_FIN_SERVICE"", ""ltp"": 25985.4, ""return_pct"": -0.46958786578825856, ""rs_vs_nifty"": -0.46958786578825856}, {""sector"": ""NIFTY_PHARMA"", ""ltp"": 26216.65, ""return_pct"": -0.5509845648454778, ""rs_vs_nifty"": -0.5509845648454778}, {""sector"": ""NIFTY_HEALTHCARE"", ""ltp"": 16369.05, ""return_pct"": -0.5749011461579199, ""rs_vs_nifty"": -0.5749011461579199}, {""sector"": ""NIFTY_INFRA"", ""ltp"": 9312.65, ""return_pct"": -0.681487327428528, ""rs_vs_nifty"": -0.681487327428528}, {""sector"": ""NIFTY_ENERGY"", ""ltp"": 38197.45, ""return_pct"": -0.9886245961193801, ""rs_vs_nifty"": -0.9886245961193801}]"
2026-08-19 13:00:09,NORMAL,24055.35,,0,24074.049602653497,,,False,True,"[[""NIFTY_IT"", 0.5179812302136962, 0.5179812302136962]]","[[""NIFTY_ENERGY"", -0.9892726195830136, -0.9892726195830136], [""NIFTY_INFRA"", -0.6878862694701143, -0.6878862694701143], [""NIFTY_HEALTHCARE"", -0.5739900508391188, -0.5739900508391188]]","[{""sector"": ""NIFTY_IT"", ""ltp"": 30369.95, ""return_pct"": 0.5179812302136962, ""rs_vs_nifty"": 0.5179812302136962}, {""sector"": ""NIFTY_REALTY"", ""ltp"": 895.85, ""return_pct"": 0.005581603036399666, ""rs_vs_nifty"": 0.005581603036399666}, {""sector"": ""NIFTY_PSU_BANK"", ""ltp"": 8607.8, ""return_pct"": -0.12415153448976884, ""rs_vs_nifty"": -0.12415153448976884}, {""sector"": ""NIFTY_AUTO"", ""ltp"": 29199.45, ""return_pct"": -0.22245344623443228, ""rs_vs_nifty"": -0.22245344623443228}, {""sector"": ""NIFTY_MEDIA"", ""ltp"": 1598.35, ""return_pct"": -0.24029459493197705, ""rs_vs_nifty"": -0.24029459493197705}, {""sector"": ""NIFTY_BANK"", ""ltp"": 57085.1, ""return_pct"": -0.3096272597725609, ""rs_vs_nifty"": -0.3096272597725609}, {""sector"": ""NIFTY_METAL"", ""ltp"": 12979.25, ""return_pct"": -0.35354272070508375, ""rs_vs_nifty"": -0.35354272070508375}, {""sector"": ""NIFTY_FMCG"", ""ltp"": 47518.1, ""return_pct"": -0.4539664982360968, ""rs_vs_nifty"": -0.4539664982360968}, {""sector"": ""NIFTY_FIN_SERVICE"", ""ltp"": 25987.1, ""return_pct"": -0.46307645166233125, ""rs_vs_nifty"": -0.46307645166233125}, {""sector"": ""NIFTY_PHARMA"", ""ltp"": 26215.6, ""return_pct"": -0.554967585796179, ""rs_vs_nifty"": -0.554967585796179}, {""sector"": ""NIFTY_HEALTHCARE"", ""ltp"": 16369.2, ""return_pct"": -0.5739900508391188, ""rs_vs_nifty"": -0.5739900508391188}, {""sector"": ""NIFTY_INFRA"", ""ltp"": 9312.05, ""return_pct"": -0.6878862694701143, ""rs_vs_nifty"": -0.6878862694701143}, {""sector"": ""NIFTY_ENERGY"", ""ltp"": 38197.2, ""return_pct"": -0.9892726195830136, ""rs_vs_nifty"": -0.9892726195830136}]"
2026-08-19 13:01:55,NORMAL,24057.9,,0,24073.97340602734,,,False,True,"[[""NIFTY_IT"", 0.5174847625808987, 0.5174847625808987]]","[[""NIFTY_ENERGY"", -0.9908278758957304, -0.9908278758957304], [""NIFTY_INFRA"", -0.6713556691960147, -0.6713556691960147], [""NIFTY_HEALTHCARE"", -0.5639680023324062, -0.5639680023324062]]","[{""sector"": ""NIFTY_IT"", ""ltp"": 30369.8, ""return_pct"": 0.5174847625808987, ""rs_vs_nifty"": 0.5174847625808987}, {""sector"": ""NIFTY_REALTY"", ""ltp"": 895.7, ""return_pct"": -0.011163206072773952, ""rs_vs_nifty"": -0.011163206072773952}, {""sector"": ""NIFTY_PSU_BANK"", ""ltp"": 8608.2, ""return_pct"": -0.11951035563032167, ""rs_vs_nifty"": -0.11951035563032167}, {""sector"": ""NIFTY_AUTO"", ""ltp"": 29218.7, ""return_pct"": -0.1566742013801632, ""rs_vs_nifty"": -0.1566742013801632}, {""sector"": ""NIFTY_MEDIA"", ""ltp"": 1598.75, ""return_pct"": -0.21532892273124737, ""rs_vs_nifty"": -0.21532892273124737}, {""sector"": ""NIFTY_METAL"", ""ltp"": 12983.65, ""return_pct"": -0.31976230873760786, ""rs_vs_nifty"": -0.31976230873760786}, {""sector"": ""NIFTY_BANK"", ""ltp"": 57078.55, ""return_pct"": -0.32106583028304536, ""rs_vs_nifty"": -0.32106583028304536}, {""sector"": ""NIFTY_FMCG"", ""ltp"": 47515.2, ""return_pct"": -0.46004173056136366, ""rs_vs_nifty"": -0.46004173056136366}, {""sector"": ""NIFTY_FIN_SERVICE"", ""ltp"": 25984.0, ""return_pct"": -0.47495020683315464, ""rs_vs_nifty"": -0.47495020683315464}, {""sector"": ""NIFTY_PHARMA"", ""ltp"": 26219.15, ""return_pct"": -0.5415011816295487, ""rs_vs_nifty"": -0.5415011816295487}, {""sector"": ""NIFTY_HEALTHCARE"", ""ltp"": 16370.85, ""return_pct"": -0.5639680023324062, ""rs_vs_nifty"": -0.5639680023324062}, {""sector"": ""NIFTY_INFRA"", ""ltp"": 9313.6, ""return_pct"": -0.6713556691960147, ""rs_vs_nifty"": -0.6713556691960147}, {""sector"": ""NIFTY_ENERGY"", ""ltp"": 38196.6, ""return_pct"": -0.9908278758957304, ""rs_vs_nifty"": -0.9908278758957304}]"
2026-08-19 13:02:13,NORMAL,24054.9,,0,24073.9525956902,,,False,True,"[[""NIFTY_IT"", 0.5148369352060068, 0.5148369352060068]]","[[""NIFTY_ENERGY"", -0.9910870852811801, -0.9910870852811801], [""NIFTY_INFRA"", -0.6697559336856229, -0.6697559336856229], [""NIFTY_HEALTHCARE"", -0.5618421132552222, -0.5618421132552222]]","[{""sector"": ""NIFTY_IT"", ""ltp"": 30369.0, ""return_pct"": 0.5148369352060068, ""rs_vs_nifty"": 0.5148369352060068}, {""sector"": ""NIFTY_REALTY"", ""ltp"": 896.2, ""return_pct"": 0.04465282429114657, ""rs_vs_nifty"": 0.04465282429114657}, {""sector"": ""NIFTY_PSU_BANK"", ""ltp"": 8608.5, ""return_pct"": -0.11602947148575739, ""rs_vs_nifty"": -0.11602947148575739}, {""sector"": ""NIFTY_AUTO"", ""ltp"": 29217.05, ""return_pct"": -0.16231242236767696, ""rs_vs_nifty"": -0.16231242236767696}, {""sector"": ""NIFTY_MEDIA"", ""ltp"": 1598.55, ""return_pct"": -0.2278117588316122, ""rs_vs_nifty"": -0.2278117588316122}, {""sector"": ""NIFTY_METAL"", ""ltp"": 12983.95, ""return_pct"": -0.3174590988307259, ""rs_vs_nifty"": -0.3174590988307259}, {""sector"": ""NIFTY_BANK"", ""ltp"": 57079.15, ""return_pct"": -0.32001802229735393, ""rs_vs_nifty"": -0.32001802229735393}, {""sector"": ""NIFTY_FIN_SERVICE"", ""ltp"": 25982.7, ""return_pct"": -0.47992952351769297, ""rs_vs_nifty"": -0.47992952351769297}, {""sector"": ""NIFTY_FMCG"", ""ltp"": 47497.05, ""return_pct"": -0.4980643052867091, ""rs_vs_nifty"": -0.4980643052867091}, {""sector"": ""NIFTY_PHARMA"", ""ltp"": 26217.85, ""return_pct"": -0.5464325409018428, ""rs_vs_nifty"": -0.5464325409018428}, {""sector"": ""NIFTY_HEALTHCARE"", ""ltp"": 16371.2, ""return_pct"": -0.5618421132552222, ""rs_vs_nifty"": -0.5618421132552222}, {""sector"": ""NIFTY_INFRA"", ""ltp"": 9313.75, ""return_pct"": -0.6697559336856229, ""rs_vs_nifty"": -0.6697559336856229}, {""sector"": ""NIFTY_ENERGY"", ""ltp"": 38196.5, ""return_pct"": -0.9910870852811801, ""rs_vs_nifty"": -0.9910870852811801}]"
2026-08-19 13:03:50,NORMAL,24059.8,,0,24073.883399884027,,,False,True,"[[""NIFTY_IT"", 0.5161608488934588, 0.5161608488934588]]","[[""NIFTY_ENERGY"", -0.956353027630417, -0.956353027630417], [""NIFTY_INFRA"", -0.6457599010296887, -0.6457599010296887], [""NIFTY_HEALTHCARE"", -0.5381536349666257, -0.5381536349666257]]","[{""sector"": ""NIFTY_IT"", ""ltp"": 30369.4, ""return_pct"": 0.5161608488934588, ""rs_vs_nifty"": 0.5161608488934588}, {""sector"": ""NIFTY_REALTY"", ""ltp"": 896.15, ""return_pct"": 0.0390712212547469, ""rs_vs_nifty"": 0.0390712212547469}, {""sector"": ""NIFTY_PSU_BANK"", ""ltp"": 8609.95, ""return_pct"": -0.09920519812031411, ""rs_vs_nifty"": -0.09920519812031411}, {""sector"": ""NIFTY_AUTO"", ""ltp"": 29226.3, ""return_pct"": -0.13070421380133984, ""rs_vs_nifty"": -0.13070421380133984}, {""sector"": ""NIFTY_MEDIA"", ""ltp"": 1598.8, ""return_pct"": -0.21220821370615972, ""rs_vs_nifty"": -0.21220821370615972}, {""sector"": ""NIFTY_BANK"", ""ltp"": 57094.35, ""return_pct"": -0.29347355332644615, ""rs_vs_nifty"": -0.29347355332644615}, {""sector"": ""NIFTY_METAL"", ""ltp"": 12986.5, ""return_pct"": -0.2978818146223064, ""rs_vs_nifty"": -0.2978818146223064}, {""sector"": ""NIFTY_FIN_SERVICE"", ""ltp"": 25987.75, ""return_pct"": -0.46058679332005514, ""rs_vs_nifty"": -0.46058679332005514}, {""sector"": ""NIFTY_FMCG"", ""ltp"": 47492.25, ""return_pct"": -0.5081198622388758, ""rs_vs_nifty"": -0.5081198622388758}, {""sector"": ""NIFTY_PHARMA"", ""ltp"": 26224.95, ""return_pct"": -0.519499732568596, ""rs_vs_nifty"": -0.519499732568596}, {""sector"": ""NIFTY_HEALTHCARE"", ""ltp"": 16375.1, ""return_pct"": -0.5381536349666257, ""rs_vs_nifty"": -0.5381536349666257}, {""sector"": ""NIFTY_INFRA"", ""ltp"": 9316.0, ""return_pct"": -0.6457599010296887, ""rs_vs_nifty"": -0.6457599010296887}, {""sector"": ""NIFTY_ENERGY"", ""ltp"": 38209.9, ""return_pct"": -0.956353027630417, ""rs_vs_nifty"": -0.956353027630417}]"
2026-08-19 13:04:08,NORMAL,24062.8,,0,24073.904750900674,,,False,True,"[[""NIFTY_IT"", 0.5335372160412026, 0.5335372160412026]]","[[""NIFTY_ENERGY"", -0.9471510944468315, -0.9471510944468315], [""NIFTY_INFRA"", -0.6121654553113847, -0.6121654553113847], [""NIFTY_HEALTHCARE"", -0.5275241895807161, -0.5275241895807161]]","[{""sector"": ""NIFTY_IT"", ""ltp"": 30374.65, ""return_pct"": 0.5335372160412026, ""rs_vs_nifty"": 0.5335372160412026}, {""sector"": ""NIFTY_REALTY"", ""ltp"": 896.2, ""return_pct"": 0.04465282429114657, ""rs_vs_nifty"": 0.04465282429114657}, {""sector"": ""NIFTY_PSU_BANK"", ""ltp"": 8612.45, ""return_pct"": -0.07019783024887477, ""rs_vs_nifty"": -0.07019783024887477}, {""sector"": ""NIFTY_AUTO"", ""ltp"": 29229.4, ""return_pct"": -0.12011119255207349, ""rs_vs_nifty"": -0.12011119255207349}, {""sector"": ""NIFTY_MEDIA"", ""ltp"": 1599.2, ""return_pct"": -0.18724254150543002, ""rs_vs_nifty"": -0.18724254150543002}, {""sector"": ""NIFTY_METAL"", ""ltp"": 12991.65, ""return_pct"": -0.2583433778876466, ""rs_vs_nifty"": -0.2583433778876466}, {""sector"": ""NIFTY_BANK"", ""ltp"": 57102.1, ""return_pct"": -0.2799393668445662, ""rs_vs_nifty"": -0.2799393668445662}, {""sector"": ""NIFTY_FIN_SERVICE"", ""ltp"": 25990.45, ""return_pct"": -0.45024513559062074, ""rs_vs_nifty"": -0.45024513559062074}, {""sector"": ""NIFTY_PHARMA"", ""ltp"": 26226.95, ""return_pct"": -0.5119130259958529, ""rs_vs_nifty"": -0.5119130259958529}, {""sector"": ""NIFTY_FMCG"", ""ltp"": 47488.85, ""return_pct"": -0.515242548413326, ""rs_vs_nifty"": -0.515242548413326}, {""sector"": ""NIFTY_HEALTHCARE"", ""ltp"": 16376.85, ""return_pct"": -0.5275241895807161, ""rs_vs_nifty"": -0.5275241895807161}, {""sector"": ""NIFTY_INFRA"", ""ltp"": 9319.15, ""return_pct"": -0.6121654553113847, ""rs_vs_nifty"": -0.6121654553113847}, {""sector"": ""NIFTY_ENERGY"", ""ltp"": 38213.45, ""return_pct"": -0.9471510944468315, ""rs_vs_nifty"": -0.9471510944468315}]"
2026-08-19 13:05:48,NORMAL,24058.9,,0,24073.77294074611,,,False,True,"[[""NIFTY_IT"", 0.522945906541623, 0.522945906541623]]","[[""NIFTY_ENERGY"", -0.9343202298668755, -0.9343202298668755], [""NIFTY_INFRA"", -0.6484261268803481, -0.6484261268803481], [""NIFTY_HEALTHCARE"", -0.559412525738445, -0.559412525738445]]","[{""sector"": ""NIFTY_IT"", ""ltp"": 30371.45, ""return_pct"": 0.522945906541623, ""rs_vs_nifty"": 0.522945906541623}, {""sector"": ""NIFTY_REALTY"", ""ltp"": 896.3, ""return_pct"": 0.05581603036392052, ""rs_vs_nifty"": 0.05581603036392052}, {""sector"": ""NIFTY_PSU_BANK"", ""ltp"": 8608.9, ""return_pct"": -0.1113882926263313, ""rs_vs_nifty"": -0.1113882926263313}, {""sector"": ""NIFTY_AUTO"", ""ltp"": 29229.0, ""return_pct"": -0.12147803400359572, ""rs_vs_nifty"": -0.12147803400359572}, {""sector"": ""NIFTY_MEDIA"", ""ltp"": 1598.6, ""return_pct"": -0.22469104980652457, ""rs_vs_nifty"": -0.22469104980652457}, {""sector"": ""NIFTY_METAL"", ""ltp"": 12993.05, ""return_pct"": -0.2475950649889062, ""rs_vs_nifty"": -0.2475950649889062}, {""sector"": ""NIFTY_BANK"", ""ltp"": 57093.5, ""return_pct"": -0.29495794797284336, ""rs_vs_nifty"": -0.29495794797284336}, {""sector"": ""NIFTY_FIN_SERVICE"", ""ltp"": 25986.1, ""return_pct"": -0.4669066952658245, ""rs_vs_nifty"": -0.4669066952658245}, {""sector"": ""NIFTY_FMCG"", ""ltp"": 47485.7, ""return_pct"": -0.5218415076631846, ""rs_vs_nifty"": -0.5218415076631846}, {""sector"": ""NIFTY_PHARMA"", ""ltp"": 26221.45, ""return_pct"": -0.5327764690708967, ""rs_vs_nifty"": -0.5327764690708967}, {""sector"": ""NIFTY_HEALTHCARE"", ""ltp"": 16371.6, ""return_pct"": -0.559412525738445, ""rs_vs_nifty"": -0.559412525738445}, {""sector"": ""NIFTY_INFRA"", ""ltp"": 9315.75, ""return_pct"": -0.6484261268803481, ""rs_vs_nifty"": -0.6484261268803481}, {""sector"": ""NIFTY_ENERGY"", ""ltp"": 38218.4, ""return_pct"": -0.9343202298668755, ""rs_vs_nifty"": -0.9343202298668755}]"
2026-08-19 13:06:04,NORMAL,24058.0,,0,24073.75856843634,,,False,True,"[[""NIFTY_IT"", 0.5179812302136962, 0.5179812302136962]]","[[""NIFTY_ENERGY"", -0.9430037442795617, -0.9430037442795617], [""NIFTY_INFRA"", -0.6510923527310074, -0.6510923527310074], [""NIFTY_HEALTHCARE"", -0.5290426817787032, -0.5290426817787032]]","[{""sector"": ""NIFTY_IT"", ""ltp"": 30369.95, ""return_pct"": 0.5179812302136962, ""rs_vs_nifty"": 0.5179812302136962}, {""sector"": ""NIFTY_REALTY"", ""ltp"": 896.05, ""return_pct"": 0.02790801518196026, ""rs_vs_nifty"": 0.02790801518196026}, {""sector"": ""NIFTY_PSU_BANK"", ""ltp"": 8608.85, ""return_pct"": -0.11196843998375165, ""rs_vs_nifty"": -0.11196843998375165}, {""sector"": ""NIFTY_AUTO"", ""ltp"": 29227.25, ""return_pct"": -0.12745796535398382, ""rs_vs_nifty"": -0.12745796535398382}, {""sector"": ""NIFTY_MEDIA"", ""ltp"": 1599.05, ""return_pct"": -0.19660466858070721, ""rs_vs_nifty"": -0.19660466858070721}, {""sector"": ""NIFTY_METAL"", ""ltp"": 12997.6, ""return_pct"": -0.21266304806798242, ""rs_vs_nifty"": -0.21266304806798242}, {""sector"": ""NIFTY_BANK"", ""ltp"": 57097.8, ""return_pct"": -0.28744865740869846, ""rs_vs_nifty"": -0.28744865740869846}, {""sector"": ""NIFTY_FIN_SERVICE"", ""ltp"": 25985.6, ""return_pct"": -0.4688218170675711, ""rs_vs_nifty"": -0.4688218170675711}, {""sector"": ""NIFTY_PHARMA"", ""ltp"": 26232.15, ""return_pct"": -0.4921875889067176, ""rs_vs_nifty"": -0.4921875889067176}, {""sector"": ""NIFTY_FMCG"", ""ltp"": 47488.55, ""return_pct"": -0.5158710207228269, ""rs_vs_nifty"": -0.5158710207228269}, {""sector"": ""NIFTY_HEALTHCARE"", ""ltp"": 16376.6, ""return_pct"": -0.5290426817787032, ""rs_vs_nifty"": -0.5290426817787032}, {""sector"": ""NIFTY_INFRA"", ""ltp"": 9315.5, ""return_pct"": -0.6510923527310074, ""rs_vs_nifty"": -0.6510923527310074}, {""sector"": ""NIFTY_ENERGY"", ""ltp"": 38215.05, ""return_pct"": -0.9430037442795617, ""rs_vs_nifty"": -0.9430037442795617}]"
2026-08-19 13:07:46,NORMAL,24059.0,,0,24073.595877007418,,,False,True,"[[""NIFTY_IT"", 0.5677934827038927, 0.5677934827038927]]","[[""NIFTY_ENERGY"", -0.9769601737739757, -0.9769601737739757], [""NIFTY_INFRA"", -0.6798875919181362, -0.6798875919181362], [""NIFTY_FMCG"", -0.547504126968178, -0.547504126968178]]","[{""sector"": ""NIFTY_IT"", ""ltp"": 30385.0, ""return_pct"": 0.5677934827038927, ""rs_vs_nifty"": 0.5677934827038927}, {""sector"": ""NIFTY_REALTY"", ""ltp"": 895.8, ""return_pct"": 0.0, ""rs_vs_nifty"": 0.0}, {""sector"": ""NIFTY_MEDIA"", ""ltp"": 1600.35, ""return_pct"": -0.11546623392835703, ""rs_vs_nifty"": -0.11546623392835703}, {""sector"": ""NIFTY_AUTO"", ""ltp"": 29222.6, ""return_pct"": -0.14334749722787718, ""rs_vs_nifty"": -0.14334749722787718}, {""sector"": ""NIFTY_PSU_BANK"", ""ltp"": 8606.05, ""return_pct"": -0.14445669199977637, ""rs_vs_nifty"": -0.14445669199977637}, {""sector"": ""NIFTY_METAL"", ""ltp"": 13005.35, ""return_pct"": -0.15316345880708246, ""rs_vs_nifty"": -0.15316345880708246}, {""sector"": ""NIFTY_BANK"", ""ltp"": 57108.0, ""return_pct"": -0.26963592165190675, ""rs_vs_nifty"": -0.26963592165190675}, {""sector"": ""NIFTY_FIN_SERVICE"", ""ltp"": 25987.2, ""return_pct"": -0.4626934273019736, ""rs_vs_nifty"": -0.4626934273019736}, {""sector"": ""NIFTY_PHARMA"", ""ltp"": 26235.65, ""return_pct"": -0.47891085240441694, ""rs_vs_nifty"": -0.47891085240441694}, {""sector"": ""NIFTY_HEALTHCARE"", ""ltp"": 16381.15, ""return_pct"": -0.5014061237753427, ""rs_vs_nifty"": -0.5014061237753427}, {""sector"": ""NIFTY_FMCG"", ""ltp"": 47473.45, ""return_pct"": -0.547504126968178, ""rs_vs_nifty"": -0.547504126968178}, {""sector"": ""NIFTY_INFRA"", ""ltp"": 9312.8, ""return_pct"": -0.6798875919181362, ""rs_vs_nifty"": -0.6798875919181362}, {""sector"": ""NIFTY_ENERGY"", ""ltp"": 38201.95, ""return_pct"": -0.9769601737739757, ""rs_vs_nifty"": -0.9769601737739757}]"
2026-08-19 13:08:03,NORMAL,24059.8,,0,24073.581835444387,,,False,True,"[[""NIFTY_IT"", 0.5949337132965615, 0.5949337132965615]]","[[""NIFTY_ENERGY"", -0.9803298957848591, -0.9803298957848591], [""NIFTY_INFRA"", -0.681487327428528, -0.681487327428528], [""NIFTY_FMCG"", -0.5451997284999623, -0.5451997284999623]]","[{""sector"": ""NIFTY_IT"", ""ltp"": 30393.2, ""return_pct"": 0.5949337132965615, ""rs_vs_nifty"": 0.5949337132965615}, {""sector"": ""NIFTY_REALTY"", ""ltp"": 895.5, ""return_pct"": -0.033489618218347235, ""rs_vs_nifty"": -0.033489618218347235}, {""sector"": ""NIFTY_METAL"", ""ltp"": 13008.9, ""return_pct"": -0.12590880824241774, ""rs_vs_nifty"": -0.12590880824241774}, {""sector"": ""NIFTY_AUTO"", ""ltp"": 29225.15, ""return_pct"": -0.13463388297444456, ""rs_vs_nifty"": -0.13463388297444456}, {""sector"": ""NIFTY_MEDIA"", ""ltp"": 1599.95, ""return_pct"": -0.1404319061290725, ""rs_vs_nifty"": -0.1404319061290725}, {""sector"": ""NIFTY_PSU_BANK"", ""ltp"": 8604.85, ""return_pct"": -0.1583802285780546, ""rs_vs_nifty"": -0.1583802285780546}, {""sector"": ""NIFTY_BANK"", ""ltp"": 57106.8, ""return_pct"": -0.2717315376232895, ""rs_vs_nifty"": -0.2717315376232895}, {""sector"": ""NIFTY_FIN_SERVICE"", ""ltp"": 25987.4, ""return_pct"": -0.46192737858127225, ""rs_vs_nifty"": -0.46192737858127225}, {""sector"": ""NIFTY_PHARMA"", ""ltp"": 26234.9, ""return_pct"": -0.4817558673691957, ""rs_vs_nifty"": -0.4817558673691957}, {""sector"": ""NIFTY_HEALTHCARE"", ""ltp"": 16382.25, ""return_pct"": -0.49472475810419725, ""rs_vs_nifty"": -0.49472475810419725}, {""sector"": ""NIFTY_FMCG"", ""ltp"": 47474.55, ""return_pct"": -0.5451997284999623, ""rs_vs_nifty"": -0.5451997284999623}, {""sector"": ""NIFTY_INFRA"", ""ltp"": 9312.65, ""return_pct"": -0.681487327428528, ""rs_vs_nifty"": -0.681487327428528}, {""sector"": ""NIFTY_ENERGY"", ""ltp"": 38200.65, ""return_pct"": -0.9803298957848591, ""rs_vs_nifty"": -0.9803298957848591}]"
2026-08-19 13:09:45,NORMAL,24061.85,,0,24073.52596304893,,,False,True,"[[""NIFTY_IT"", 0.5757369648285804, 0.5757369648285804]]","[[""NIFTY_ENERGY"", -0.9855140834939276, -0.9855140834939276], [""NIFTY_INFRA"", -0.6542918237517908, -0.6542918237517908], [""NIFTY_FMCG"", -0.5197465999648176, -0.5197465999648176]]","[{""sector"": ""NIFTY_IT"", ""ltp"": 30387.4, ""return_pct"": 0.5757369648285804, ""rs_vs_nifty"": 0.5757369648285804}, {""sector"": ""NIFTY_REALTY"", ""ltp"": 895.55, ""return_pct"": -0.02790801518196026, ""rs_vs_nifty"": -0.02790801518196026}, {""sector"": ""NIFTY_AUTO"", ""ltp"": 29234.65, ""return_pct"": -0.10217139850090919, ""rs_vs_nifty"": -0.10217139850090919}, {""sector"": ""NIFTY_PSU_BANK"", ""ltp"": 8606.55, ""return_pct"": -0.1386552184254885, ""rs_vs_nifty"": -0.1386552184254885}, {""sector"": ""NIFTY_MEDIA"", ""ltp"": 1599.65, ""return_pct"": -0.15915616027961269, ""rs_vs_nifty"": -0.15915616027961269}, {""sector"": ""NIFTY_METAL"", ""ltp"": 13001.85, ""return_pct"": -0.1800342410539405, ""rs_vs_nifty"": -0.1800342410539405}, {""sector"": ""NIFTY_BANK"", ""ltp"": 57118.65, ""return_pct"": -0.251037329905837, ""rs_vs_nifty"": -0.251037329905837}, {""sector"": ""NIFTY_PHARMA"", ""ltp"": 26239.6, ""return_pct"": -0.4639271069232601, ""rs_vs_nifty"": -0.4639271069232601}, {""sector"": ""NIFTY_FIN_SERVICE"", ""ltp"": 25985.65, ""return_pct"": -0.46863030488738533, ""rs_vs_nifty"": -0.46863030488738533}, {""sector"": ""NIFTY_HEALTHCARE"", ""ltp"": 16385.15, ""return_pct"": -0.47711024860753826, ""rs_vs_nifty"": -0.47711024860753826}, {""sector"": ""NIFTY_FMCG"", ""ltp"": 47486.7, ""return_pct"": -0.5197465999648176, ""rs_vs_nifty"": -0.5197465999648176}, {""sector"": ""NIFTY_INFRA"", ""ltp"": 9315.2, ""return_pct"": -0.6542918237517908, ""rs_vs_nifty"": -0.6542918237517908}, {""sector"": ""NIFTY_ENERGY"", ""ltp"": 38198.65, ""return_pct"": -0.9855140834939276, ""rs_vs_nifty"": -0.9855140834939276}]"
2026-08-19 13:10:05,NORMAL,24065.25,,0,24073.525680009032,,,False,True,"[[""NIFTY_IT"", 0.5831839793204706, 0.5831839793204706]]","[[""NIFTY_ENERGY"", -0.9843476412593947, -0.9843476412593947], [""NIFTY_INFRA"", -0.6532253334115428, -0.6532253334115428], [""NIFTY_FMCG"", -0.5024636114532915, -0.5024636114532915]]","[{""sector"": ""NIFTY_IT"", ""ltp"": 30389.65, ""return_pct"": 0.5831839793204706, ""rs_vs_nifty"": 0.5831839793204706}, {""sector"": ""NIFTY_REALTY"", ""ltp"": 895.95, ""return_pct"": 0.01674480910918631, ""rs_vs_nifty"": 0.01674480910918631}, {""sector"": ""NIFTY_AUTO"", ""ltp"": 29236.8, ""return_pct"": -0.09482462569901126, ""rs_vs_nifty"": -0.09482462569901126}, {""sector"": ""NIFTY_PSU_BANK"", ""ltp"": 8607.2, ""return_pct"": -0.1311133027788974, ""rs_vs_nifty"": -0.1311133027788974}, {""sector"": ""NIFTY_MEDIA"", ""ltp"": 1600.05, ""return_pct"": -0.1341904880788972, ""rs_vs_nifty"": -0.1341904880788972}, {""sector"": ""NIFTY_METAL"", ""ltp"": 13003.6, ""return_pct"": -0.16659884993051147, ""rs_vs_nifty"": -0.16659884993051147}, {""sector"": ""NIFTY_BANK"", ""ltp"": 57117.35, ""return_pct"": -0.2533075805415122, ""rs_vs_nifty"": -0.2533075805415122}, {""sector"": ""NIFTY_PHARMA"", ""ltp"": 26243.15, ""return_pct"": -0.4504607027566298, ""rs_vs_nifty"": -0.4504607027566298}, {""sector"": ""NIFTY_FIN_SERVICE"", ""ltp"": 25987.4, ""return_pct"": -0.46192737858127225, ""rs_vs_nifty"": -0.46192737858127225}, {""sector"": ""NIFTY_HEALTHCARE"", ""ltp"": 16385.3, ""return_pct"": -0.47619915328875917, ""rs_vs_nifty"": -0.47619915328875917}, {""sector"": ""NIFTY_FMCG"", ""ltp"": 47494.95, ""return_pct"": -0.5024636114532915, ""rs_vs_nifty"": -0.5024636114532915}, {""sector"": ""NIFTY_INFRA"", ""ltp"": 9315.3, ""return_pct"": -0.6532253334115428, ""rs_vs_nifty"": -0.6532253334115428}, {""sector"": ""NIFTY_ENERGY"", ""ltp"": 38199.1, ""return_pct"": -0.9843476412593947, ""rs_vs_nifty"": -0.9843476412593947}]"
2026-08-19 13:11:53,NORMAL,24059.15,,0,24073.424878257123,,,False,True,"[[""NIFTY_IT"", 0.5669660366492383, 0.5669660366492383]]","[[""NIFTY_ENERGY"", -0.9842180365666605, -0.9842180365666605], [""NIFTY_INFRA"", -0.6793543467479927, -0.6793543467479927]]","[{""sector"": ""NIFTY_IT"", ""ltp"": 30384.75, ""return_pct"": 0.5669660366492383, ""rs_vs_nifty"": 0.5669660366492383}, {""sector"": ""NIFTY_REALTY"", ""ltp"": 895.7, ""return_pct"": -0.011163206072773952, ""rs_vs_nifty"": -0.011163206072773952}, {""sector"": ""NIFTY_AUTO"", ""ltp"": 29232.85, ""return_pct"": -0.10832218503274689, ""rs_vs_nifty"": -0.10832218503274689}, {""sector"": ""NIFTY_MEDIA"", ""ltp"": 1600.35, ""return_pct"": -0.11546623392835703, ""rs_vs_nifty"": -0.11546623392835703}, {""sector"": ""NIFTY_PSU_BANK"", ""ltp"": 8605.95, ""return_pct"": -0.14561698671461706, ""rs_vs_nifty"": -0.14561698671461706}, {""sector"": ""NIFTY_METAL"", ""ltp"": 12999.4, ""return_pct"": -0.1988437886267467, ""rs_vs_nifty"": -0.1988437886267467}, {""sector"": ""NIFTY_BANK"", ""ltp"": 57108.05, ""return_pct"": -0.2695486043197605, ""rs_vs_nifty"": -0.2695486043197605}, {""sector"": ""NIFTY_PHARMA"", ""ltp"": 26242.8, ""return_pct"": -0.4517883764068682, ""rs_vs_nifty"": -0.4517883764068682}, {""sector"": ""NIFTY_HEALTHCARE"", ""ltp"": 16386.65, ""return_pct"": -0.4679992954196157, ""rs_vs_nifty"": -0.4679992954196157}, {""sector"": ""NIFTY_FIN_SERVICE"", ""ltp"": 25980.0, ""return_pct"": -0.4902711812471273, ""rs_vs_nifty"": -0.4902711812471273}, {""sector"": ""NIFTY_FMCG"", ""ltp"": 47497.3, ""return_pct"": -0.49754057836211735, ""rs_vs_nifty"": -0.49754057836211735}, {""sector"": ""NIFTY_INFRA"", ""ltp"": 9312.85, ""return_pct"": -0.6793543467479927, ""rs_vs_nifty"": -0.6793543467479927}, {""sector"": ""NIFTY_ENERGY"", ""ltp"": 38199.15, ""return_pct"": -0.9842180365666605, ""rs_vs_nifty"": -0.9842180365666605}]"
2026-08-19 13:12:09,NORMAL,24056.6,,0,24073.406853128687,,,False,True,"[[""NIFTY_IT"", 0.5492586910796374, 0.5492586910796374]]","[[""NIFTY_ENERGY"", -1.0030107170120341, -1.0030107170120341], [""NIFTY_INFRA"", -0.6777546112376011, -0.6777546112376011], [""NIFTY_FMCG"", -0.5225747253576098, -0.5225747253576098]]","[{""sector"": ""NIFTY_IT"", ""ltp"": 30379.4, ""return_pct"": 0.5492586910796374, ""rs_vs_nifty"": 0.5492586910796374}, {""sector"": ""NIFTY_REALTY"", ""ltp"": 895.8, ""return_pct"": 0.0, ""rs_vs_nifty"": 0.0}, {""sector"": ""NIFTY_AUTO"", ""ltp"": 29227.65, ""return_pct"": -0.12609112390246158, ""rs_vs_nifty"": -0.12609112390246158}, {""sector"": ""NIFTY_MEDIA"", ""ltp"": 1600.05, ""return_pct"": -0.1341904880788972, ""rs_vs_nifty"": -0.1341904880788972}, {""sector"": ""NIFTY_PSU_BANK"", ""ltp"": 8604.95, ""return_pct"": -0.1572199338631928, ""rs_vs_nifty"": -0.1572199338631928}, {""sector"": ""NIFTY_METAL"", ""ltp"": 12996.1, ""return_pct"": -0.2241790976023501, ""rs_vs_nifty"": -0.2241790976023501}, {""sector"": ""NIFTY_BANK"", ""ltp"": 57101.95, ""return_pct"": -0.2802013188409923, ""rs_vs_nifty"": -0.2802013188409923}, {""sector"": ""NIFTY_FIN_SERVICE"", ""ltp"": 25980.25, ""return_pct"": -0.48931362034625403, ""rs_vs_nifty"": -0.48931362034625403}, {""sector"": ""NIFTY_PHARMA"", ""ltp"": 26232.7, ""return_pct"": -0.49010124459921595, ""rs_vs_nifty"": -0.49010124459921595}, {""sector"": ""NIFTY_HEALTHCARE"", ""ltp"": 16380.95, ""return_pct"": -0.5026209175337257, ""rs_vs_nifty"": -0.5026209175337257}, {""sector"": ""NIFTY_FMCG"", ""ltp"": 47485.35, ""return_pct"": -0.5225747253576098, ""rs_vs_nifty"": -0.5225747253576098}, {""sector"": ""NIFTY_INFRA"", ""ltp"": 9313.0, ""return_pct"": -0.6777546112376011, ""rs_vs_nifty"": -0.6777546112376011}, {""sector"": ""NIFTY_ENERGY"", ""ltp"": 38191.9, ""return_pct"": -1.0030107170120341, ""rs_vs_nifty"": -1.0030107170120341}]"
2026-08-19 13:13:49,NORMAL,24050.3,,0,24073.284517049313,,,False,True,"[[""NIFTY_IT"", 0.5459489068610196, 0.5459489068610196]]","[[""NIFTY_ENERGY"", -1.0284132367864776, -1.0284132367864776], [""NIFTY_INFRA"", -0.7044168697441946, -0.7044168697441946], [""NIFTY_HEALTHCARE"", -0.5369388412082426, -0.5369388412082426]]","[{""sector"": ""NIFTY_IT"", ""ltp"": 30378.4, ""return_pct"": 0.5459489068610196, ""rs_vs_nifty"": 0.5459489068610196}, {""sector"": ""NIFTY_REALTY"", ""ltp"": 895.0, ""return_pct"": -0.08930564858226776, ""rs_vs_nifty"": -0.08930564858226776}, {""sector"": ""NIFTY_MEDIA"", ""ltp"": 1600.2, ""return_pct"": -0.12482836100362002, ""rs_vs_nifty"": -0.12482836100362002}, {""sector"": ""NIFTY_AUTO"", ""ltp"": 29220.35, ""return_pct"": -0.15103598039266186, ""rs_vs_nifty"": -0.15103598039266186}, {""sector"": ""NIFTY_PSU_BANK"", ""ltp"": 8603.05, ""return_pct"": -0.17926553344550358, ""rs_vs_nifty"": -0.17926553344550358}, {""sector"": ""NIFTY_METAL"", ""ltp"": 12986.9, ""return_pct"": -0.2948108680798111, ""rs_vs_nifty"": -0.2948108680798111}, {""sector"": ""NIFTY_BANK"", ""ltp"": 57084.1, ""return_pct"": -0.3113736064153841, ""rs_vs_nifty"": -0.3113736064153841}, {""sector"": ""NIFTY_FMCG"", ""ltp"": 47487.2, ""return_pct"": -0.5186991461156343, ""rs_vs_nifty"": -0.5186991461156343}, {""sector"": ""NIFTY_FIN_SERVICE"", ""ltp"": 25972.3, ""return_pct"": -0.5197640569940276, ""rs_vs_nifty"": -0.5197640569940276}, {""sector"": ""NIFTY_PHARMA"", ""ltp"": 26223.05, ""return_pct"": -0.5267071038127076, ""rs_vs_nifty"": -0.5267071038127076}, {""sector"": ""NIFTY_HEALTHCARE"", ""ltp"": 16375.3, ""return_pct"": -0.5369388412082426, ""rs_vs_nifty"": -0.5369388412082426}, {""sector"": ""NIFTY_INFRA"", ""ltp"": 9310.5, ""return_pct"": -0.7044168697441946, ""rs_vs_nifty"": -0.7044168697441946}, {""sector"": ""NIFTY_ENERGY"", ""ltp"": 38182.1, ""return_pct"": -1.0284132367864776, ""rs_vs_nifty"": -1.0284132367864776}]"
2026-08-19 13:14:06,NORMAL,24050.0,,0,24073.26362808722,,,False,True,"[[""NIFTY_IT"", 0.5524029860873148, 0.5524029860873148]]","[[""NIFTY_ENERGY"", -1.0494091970082016, -1.0494091970082016], [""NIFTY_INFRA"", -0.7118823021260485, -0.7118823021260485], [""NIFTY_HEALTHCARE"", -0.5445313021981781, -0.5445313021981781]]","[{""sector"": ""NIFTY_IT"", ""ltp"": 30380.35, ""return_pct"": 0.5524029860873148, ""rs_vs_nifty"": 0.5524029860873148}, {""sector"": ""NIFTY_REALTY"", ""ltp"": 894.9, ""return_pct"": -0.10046885465505441, ""rs_vs_nifty"": -0.10046885465505441}, {""sector"": ""NIFTY_MEDIA"", ""ltp"": 1600.25, ""return_pct"": -0.12170765197853237, ""rs_vs_nifty"": -0.12170765197853237}, {""sector"": ""NIFTY_AUTO"", ""ltp"": 29216.35, ""return_pct"": -0.16470439490783467, ""rs_vs_nifty"": -0.16470439490783467}, {""sector"": ""NIFTY_PSU_BANK"", ""ltp"": 8602.6, ""return_pct"": -0.18448685966235, ""rs_vs_nifty"": -0.18448685966235}, {""sector"": ""NIFTY_METAL"", ""ltp"": 12987.5, ""return_pct"": -0.29020444826606123, ""rs_vs_nifty"": -0.29020444826606123}, {""sector"": ""NIFTY_BANK"", ""ltp"": 57079.0, ""return_pct"": -0.32027997429377997, ""rs_vs_nifty"": -0.32027997429377997}, {""sector"": ""NIFTY_FMCG"", ""ltp"": 47487.4, ""return_pct"": -0.5182801645759518, ""rs_vs_nifty"": -0.5182801645759518}, {""sector"": ""NIFTY_PHARMA"", ""ltp"": 26221.5, ""return_pct"": -0.5325868014065809, ""rs_vs_nifty"": -0.5325868014065809}, {""sector"": ""NIFTY_FIN_SERVICE"", ""ltp"": 25966.85, ""return_pct"": -0.5406388846330682, ""rs_vs_nifty"": -0.5406388846330682}, {""sector"": ""NIFTY_HEALTHCARE"", ""ltp"": 16374.05, ""return_pct"": -0.5445313021981781, ""rs_vs_nifty"": -0.5445313021981781}, {""sector"": ""NIFTY_INFRA"", ""ltp"": 9309.8, ""return_pct"": -0.7118823021260485, ""rs_vs_nifty"": -0.7118823021260485}, {""sector"": ""NIFTY_ENERGY"", ""ltp"": 38174.0, ""return_pct"": -1.0494091970082016, ""rs_vs_nifty"": -1.0494091970082016}]"
2026-08-19 13:15:46,NORMAL,24046.35,,0,24073.0755424844,,,False,True,"[[""NIFTY_IT"", 0.5341991728849165, 0.5341991728849165]]","[[""NIFTY_ENERGY"", -1.050057220471835, -1.050057220471835], [""NIFTY_INFRA"", -0.7241469410390777, -0.7241469410390777], [""NIFTY_FIN_SERVICE"", -0.5504060058219731, -0.5504060058219731]]","[{""sector"": ""NIFTY_IT"", ""ltp"": 30374.85, ""return_pct"": 0.5341991728849165, ""rs_vs_nifty"": 0.5341991728849165}, {""sector"": ""NIFTY_MEDIA"", ""ltp"": 1601.1, ""return_pct"": -0.06865559855199953, ""rs_vs_nifty"": -0.06865559855199953}, {""sector"": ""NIFTY_REALTY"", ""ltp"": 894.25, ""return_pct"": -0.17302969412814853, ""rs_vs_nifty"": -0.17302969412814853}, {""sector"": ""NIFTY_AUTO"", ""ltp"": 29207.95, ""return_pct"": -0.19340806538969008, ""rs_vs_nifty"": -0.19340806538969008}, {""sector"": ""NIFTY_PSU_BANK"", ""ltp"": 8601.65, ""return_pct"": -0.1955096594535054, ""rs_vs_nifty"": -0.1955096594535054}, {""sector"": ""NIFTY_METAL"", ""ltp"": 12985.75, ""return_pct"": -0.30363983938949024, ""rs_vs_nifty"": -0.30363983938949024}, {""sector"": ""NIFTY_BANK"", ""ltp"": 57062.0, ""return_pct"": -0.3499678672217746, ""rs_vs_nifty"": -0.3499678672217746}, {""sector"": ""NIFTY_FMCG"", ""ltp"": 47487.75, ""return_pct"": -0.5175469468815265, ""rs_vs_nifty"": -0.5175469468815265}, {""sector"": ""NIFTY_PHARMA"", ""ltp"": 26221.15, ""return_pct"": -0.5339144750568054, ""rs_vs_nifty"": -0.5339144750568054}, {""sector"": ""NIFTY_HEALTHCARE"", ""ltp"": 16375.05, ""return_pct"": -0.5384573334062298, ""rs_vs_nifty"": -0.5384573334062298}, {""sector"": ""NIFTY_FIN_SERVICE"", ""ltp"": 25964.3, ""return_pct"": -0.5504060058219731, ""rs_vs_nifty"": -0.5504060058219731}, {""sector"": ""NIFTY_INFRA"", ""ltp"": 9308.65, ""return_pct"": -0.7241469410390777, ""rs_vs_nifty"": -0.7241469410390777}, {""sector"": ""NIFTY_ENERGY"", ""ltp"": 38173.75, ""return_pct"": -1.050057220471835, ""rs_vs_nifty"": -1.050057220471835}]"
2026-08-19 13:16:05,NORMAL,24046.55,,0,24073.041774879996,,,False,True,"[[""NIFTY_IT"", 0.5303929210335132, 0.5303929210335132]]","[[""NIFTY_ENERGY"", -1.058611130191806, -1.058611130191806], [""NIFTY_INFRA"", -0.7364115799521069, -0.7364115799521069], [""NIFTY_HEALTHCARE"", -0.5548570491444837, -0.5548570491444837]]","[{""sector"": ""NIFTY_IT"", ""ltp"": 30373.7, ""return_pct"": 0.5303929210335132, ""rs_vs_nifty"": 0.5303929210335132}, {""sector"": ""NIFTY_MEDIA"", ""ltp"": 1601.25, ""return_pct"": -0.05929347147672234, ""rs_vs_nifty"": -0.05929347147672234}, {""sector"": ""NIFTY_PSU_BANK"", ""ltp"": 8602.15, ""return_pct"": -0.18970818587921756, ""rs_vs_nifty"": -0.18970818587921756}, {""sector"": ""NIFTY_REALTY"", ""ltp"": 894.0, ""return_pct"": -0.20093770931010882, ""rs_vs_nifty"": -0.20093770931010882}, {""sector"": ""NIFTY_AUTO"", ""ltp"": 29205.55, ""return_pct"": -0.20160911409879873, ""rs_vs_nifty"": -0.20160911409879873}, {""sector"": ""NIFTY_METAL"", ""ltp"": 12985.85, ""return_pct"": -0.30287210275386295, ""rs_vs_nifty"": -0.30287210275386295}, {""sector"": ""NIFTY_BANK"", ""ltp"": 57067.05, ""return_pct"": -0.3411488166755123, ""rs_vs_nifty"": -0.3411488166755123}, {""sector"": ""NIFTY_FMCG"", ""ltp"": 47487.5, ""return_pct"": -0.5180706738061182, ""rs_vs_nifty"": -0.5180706738061182}, {""sector"": ""NIFTY_FIN_SERVICE"", ""ltp"": 25965.45, ""return_pct"": -0.5460012256779503, ""rs_vs_nifty"": -0.5460012256779503}, {""sector"": ""NIFTY_PHARMA"", ""ltp"": 26217.35, ""return_pct"": -0.5483292175450286, ""rs_vs_nifty"": -0.5483292175450286}, {""sector"": ""NIFTY_HEALTHCARE"", ""ltp"": 16372.35, ""return_pct"": -0.5548570491444837, ""rs_vs_nifty"": -0.5548570491444837}, {""sector"": ""NIFTY_INFRA"", ""ltp"": 9307.5, ""return_pct"": -0.7364115799521069, ""rs_vs_nifty"": -0.7364115799521069}, {""sector"": ""NIFTY_ENERGY"", ""ltp"": 38170.45, ""return_pct"": -1.058611130191806, ""rs_vs_nifty"": -1.058611130191806}]"
2026-08-19 13:17:44,NORMAL,24038.95,,0,24072.886009585385,,,False,True,"[[""NIFTY_IT"", 0.5899690369686348, 0.5899690369686348]]","[[""NIFTY_ENERGY"", -1.0841432546589647, -1.0841432546589647], [""NIFTY_INFRA"", -0.7604076126080411, -0.7604076126080411], [""NIFTY_FIN_SERVICE"", -0.5737704918032759, -0.5737704918032759]]","[{""sector"": ""NIFTY_IT"", ""ltp"": 30391.7, ""return_pct"": 0.5899690369686348, ""rs_vs_nifty"": 0.5899690369686348}, {""sector"": ""NIFTY_MEDIA"", ""ltp"": 1600.95, ""return_pct"": -0.07801772562726252, ""rs_vs_nifty"": -0.07801772562726252}, {""sector"": ""NIFTY_REALTY"", ""ltp"": 893.95, ""return_pct"": -0.2065193123464958, ""rs_vs_nifty"": -0.2065193123464958}, {""sector"": ""NIFTY_AUTO"", ""ltp"": 29197.75, ""return_pct"": -0.22826252240338318, ""rs_vs_nifty"": -0.22826252240338318}, {""sector"": ""NIFTY_PSU_BANK"", ""ltp"": 8597.45, ""return_pct"": -0.24424203747751083, ""rs_vs_nifty"": -0.24424203747751083}, {""sector"": ""NIFTY_METAL"", ""ltp"": 12981.5, ""return_pct"": -0.33626864640353216, ""rs_vs_nifty"": -0.33626864640353216}, {""sector"": ""NIFTY_BANK"", ""ltp"": 57048.55, ""return_pct"": -0.3734562295677417, ""rs_vs_nifty"": -0.3734562295677417}, {""sector"": ""NIFTY_FMCG"", ""ltp"": 47485.25, ""return_pct"": -0.5227842161274434, ""rs_vs_nifty"": -0.5227842161274434}, {""sector"": ""NIFTY_PHARMA"", ""ltp"": 26212.55, ""return_pct"": -0.5665373133196097, ""rs_vs_nifty"": -0.5665373133196097}, {""sector"": ""NIFTY_HEALTHCARE"", ""ltp"": 16369.85, ""return_pct"": -0.5700419711243546, ""rs_vs_nifty"": -0.5700419711243546}, {""sector"": ""NIFTY_FIN_SERVICE"", ""ltp"": 25958.2, ""return_pct"": -0.5737704918032759, ""rs_vs_nifty"": -0.5737704918032759}, {""sector"": ""NIFTY_INFRA"", ""ltp"": 9305.25, ""return_pct"": -0.7604076126080411, ""rs_vs_nifty"": -0.7604076126080411}, {""sector"": ""NIFTY_ENERGY"", ""ltp"": 38160.6, ""return_pct"": -1.0841432546589647, ""rs_vs_nifty"": -1.0841432546589647}]"
2026-08-19 13:18:04,NORMAL,24042.5,,0,24072.867774605806,,,False,True,"[[""NIFTY_IT"", 0.5773918569378893, 0.5773918569378893]]","[[""NIFTY_ENERGY"", -1.0755893449389942, -1.0755893449389942], [""NIFTY_INFRA"", -0.7449435026742091, -0.7449435026742091], [""NIFTY_PHARMA"", -0.5602782803970909, -0.5602782803970909]]","[{""sector"": ""NIFTY_IT"", ""ltp"": 30387.9, ""return_pct"": 0.5773918569378893, ""rs_vs_nifty"": 0.5773918569378893}, {""sector"": ""NIFTY_MEDIA"", ""ltp"": 1601.55, ""return_pct"": -0.04056921732618218, ""rs_vs_nifty"": -0.04056921732618218}, {""sector"": ""NIFTY_REALTY"", ""ltp"": 894.05, ""return_pct"": -0.19535610627372182, ""rs_vs_nifty"": -0.19535610627372182}, {""sector"": ""NIFTY_AUTO"", ""ltp"": 29200.65, ""return_pct"": -0.21835292187987795, ""rs_vs_nifty"": -0.21835292187987795}, {""sector"": ""NIFTY_PSU_BANK"", ""ltp"": 8599.4, ""return_pct"": -0.2216162905378008, ""rs_vs_nifty"": -0.2216162905378008}, {""sector"": ""NIFTY_METAL"", ""ltp"": 12981.75, ""return_pct"": -0.33434930481447084, ""rs_vs_nifty"": -0.33434930481447084}, {""sector"": ""NIFTY_BANK"", ""ltp"": 57066.6, ""return_pct"": -0.34193467266479033, ""rs_vs_nifty"": -0.34193467266479033}, {""sector"": ""NIFTY_FIN_SERVICE"", ""ltp"": 25970.35, ""return_pct"": -0.527233032020842, ""rs_vs_nifty"": -0.527233032020842}, {""sector"": ""NIFTY_FMCG"", ""ltp"": 47480.2, ""return_pct"": -0.533363500004202, ""rs_vs_nifty"": -0.533363500004202}, {""sector"": ""NIFTY_HEALTHCARE"", ""ltp"": 16372.25, ""return_pct"": -0.5554644460236807, ""rs_vs_nifty"": -0.5554644460236807}, {""sector"": ""NIFTY_PHARMA"", ""ltp"": 26214.2, ""return_pct"": -0.5602782803970909, ""rs_vs_nifty"": -0.5602782803970909}, {""sector"": ""NIFTY_INFRA"", ""ltp"": 9306.7, ""return_pct"": -0.7449435026742091, ""rs_vs_nifty"": -0.7449435026742091}, {""sector"": ""NIFTY_ENERGY"", ""ltp"": 38163.9, ""return_pct"": -1.0755893449389942, ""rs_vs_nifty"": -1.0755893449389942}]"
2026-08-19 13:19:47,NORMAL,24048.6,,0,24072.781171820505,,,False,True,"[[""NIFTY_IT"", 0.6056905120070697, 0.6056905120070697]]","[[""NIFTY_ENERGY"", -1.0460394749972994, -1.0460394749972994], [""NIFTY_INFRA"", -0.7321456185910559, -0.7321456185910559], [""NIFTY_HEALTHCARE"", -0.5339018568122685, -0.5339018568122685]]","[{""sector"": ""NIFTY_IT"", ""ltp"": 30396.45, ""return_pct"": 0.6056905120070697, ""rs_vs_nifty"": 0.6056905120070697}, {""sector"": ""NIFTY_MEDIA"", ""ltp"": 1601.4, ""return_pct"": -0.049931344401445164, ""rs_vs_nifty"": -0.049931344401445164}, {""sector"": ""NIFTY_REALTY"", ""ltp"": 894.5, ""return_pct"": -0.14512167894618827, ""rs_vs_nifty"": -0.14512167894618827}, {""sector"": ""NIFTY_AUTO"", ""ltp"": 29210.45, ""return_pct"": -0.1848653063177071, ""rs_vs_nifty"": -0.1848653063177071}, {""sector"": ""NIFTY_PSU_BANK"", ""ltp"": 8600.35, ""return_pct"": -0.21059349074664543, ""rs_vs_nifty"": -0.21059349074664543}, {""sector"": ""NIFTY_METAL"", ""ltp"": 12980.8, ""return_pct"": -0.3416428028529094, ""rs_vs_nifty"": -0.3416428028529094}, {""sector"": ""NIFTY_BANK"", ""ltp"": 57063.9, ""return_pct"": -0.34664980860040795, ""rs_vs_nifty"": -0.34664980860040795}, {""sector"": ""NIFTY_FIN_SERVICE"", ""ltp"": 25971.25, ""return_pct"": -0.5237858127776926, ""rs_vs_nifty"": -0.5237858127776926}, {""sector"": ""NIFTY_FMCG"", ""ltp"": 47484.0, ""return_pct"": -0.5254028507504019, ""rs_vs_nifty"": -0.5254028507504019}, {""sector"": ""NIFTY_PHARMA"", ""ltp"": 26223.0, ""return_pct"": -0.5268967714770234, ""rs_vs_nifty"": -0.5268967714770234}, {""sector"": ""NIFTY_HEALTHCARE"", ""ltp"": 16375.8, ""return_pct"": -0.5339018568122685, ""rs_vs_nifty"": -0.5339018568122685}, {""sector"": ""NIFTY_INFRA"", ""ltp"": 9307.9, ""return_pct"": -0.7321456185910559, ""rs_vs_nifty"": -0.7321456185910559}, {""sector"": ""NIFTY_ENERGY"", ""ltp"": 38175.3, ""return_pct"": -1.0460394749972994, ""rs_vs_nifty"": -1.0460394749972994}]"
2026-08-19 13:20:06,NORMAL,24043.3,,0,24072.73019363768,,,False,True,"[[""NIFTY_IT"", 0.5697793532350586, 0.5697793532350586]]","[[""NIFTY_ENERGY"", -1.0654801789063064, -1.0654801789063064], [""NIFTY_INFRA"", -0.7529421802261871, -0.7529421802261871], [""NIFTY_FIN_SERVICE"", -0.5590240539298327, -0.5590240539298327]]","[{""sector"": ""NIFTY_IT"", ""ltp"": 30385.6, ""return_pct"": 0.5697793532350586, ""rs_vs_nifty"": 0.5697793532350586}, {""sector"": ""NIFTY_MEDIA"", ""ltp"": 1600.45, ""return_pct"": -0.10922481587816751, ""rs_vs_nifty"": -0.10922481587816751}, {""sector"": ""NIFTY_REALTY"", ""ltp"": 894.2, ""return_pct"": -0.17861129716453553, ""rs_vs_nifty"": -0.17861129716453553}, {""sector"": ""NIFTY_AUTO"", ""ltp"": 29204.7, ""return_pct"": -0.20451365218326797, ""rs_vs_nifty"": -0.20451365218326797}, {""sector"": ""NIFTY_PSU_BANK"", ""ltp"": 8597.2, ""return_pct"": -0.2471427742646548, ""rs_vs_nifty"": -0.2471427742646548}, {""sector"": ""NIFTY_METAL"", ""ltp"": 12979.25, ""return_pct"": -0.35354272070508375, ""rs_vs_nifty"": -0.35354272070508375}, {""sector"": ""NIFTY_BANK"", ""ltp"": 57053.0, ""return_pct"": -0.3656849870071835, ""rs_vs_nifty"": -0.3656849870071835}, {""sector"": ""NIFTY_PHARMA"", ""ltp"": 26219.95, ""return_pct"": -0.5384664990004541, ""rs_vs_nifty"": -0.5384664990004541}, {""sector"": ""NIFTY_FMCG"", ""ltp"": 47477.75, ""return_pct"": -0.5384960238651946, ""rs_vs_nifty"": -0.5384960238651946}, {""sector"": ""NIFTY_HEALTHCARE"", ""ltp"": 16373.1, ""return_pct"": -0.5503015725505225, ""rs_vs_nifty"": -0.5503015725505225}, {""sector"": ""NIFTY_FIN_SERVICE"", ""ltp"": 25962.05, ""return_pct"": -0.5590240539298327, ""rs_vs_nifty"": -0.5590240539298327}, {""sector"": ""NIFTY_INFRA"", ""ltp"": 9305.95, ""return_pct"": -0.7529421802261871, ""rs_vs_nifty"": -0.7529421802261871}, {""sector"": ""NIFTY_ENERGY"", ""ltp"": 38167.8, ""return_pct"": -1.0654801789063064, ""rs_vs_nifty"": -1.0654801789063064}]"
2026-08-19 13:21:44,NORMAL,24042.1,,0,24072.56812957086,,,False,True,"[[""NIFTY_IT"", 0.5967540946167991, 0.5967540946167991]]","[[""NIFTY_ENERGY"", -1.0675538539899416, -1.0675538539899416], [""NIFTY_INFRA"", -0.7454767478443526, -0.7454767478443526], [""NIFTY_FMCG"", -0.57494741781678, -0.57494741781678]]","[{""sector"": ""NIFTY_IT"", ""ltp"": 30393.75, ""return_pct"": 0.5967540946167991, ""rs_vs_nifty"": 0.5967540946167991}, {""sector"": ""NIFTY_MEDIA"", ""ltp"": 1600.5, ""return_pct"": -0.10610410685307986, ""rs_vs_nifty"": -0.10610410685307986}, {""sector"": ""NIFTY_REALTY"", ""ltp"": 893.95, ""return_pct"": -0.2065193123464958, ""rs_vs_nifty"": -0.2065193123464958}, {""sector"": ""NIFTY_AUTO"", ""ltp"": 29202.2, ""return_pct"": -0.21305641125525096, ""rs_vs_nifty"": -0.21305641125525096}, {""sector"": ""NIFTY_PSU_BANK"", ""ltp"": 8598.35, ""return_pct"": -0.2337993850437969, ""rs_vs_nifty"": -0.2337993850437969}, {""sector"": ""NIFTY_METAL"", ""ltp"": 12980.8, ""return_pct"": -0.3416428028529094, ""rs_vs_nifty"": -0.3416428028529094}, {""sector"": ""NIFTY_BANK"", ""ltp"": 57053.0, ""return_pct"": -0.3656849870071835, ""rs_vs_nifty"": -0.3656849870071835}, {""sector"": ""NIFTY_PHARMA"", ""ltp"": 26218.7, ""return_pct"": -0.5432081906084187, ""rs_vs_nifty"": -0.5432081906084187}, {""sector"": ""NIFTY_HEALTHCARE"", ""ltp"": 16372.05, ""return_pct"": -0.5566792397820748, ""rs_vs_nifty"": -0.5566792397820748}, {""sector"": ""NIFTY_FIN_SERVICE"", ""ltp"": 25958.3, ""return_pct"": -0.5733874674429321, ""rs_vs_nifty"": -0.5733874674429321}, {""sector"": ""NIFTY_FMCG"", ""ltp"": 47460.35, ""return_pct"": -0.57494741781678, ""rs_vs_nifty"": -0.57494741781678}, {""sector"": ""NIFTY_INFRA"", ""ltp"": 9306.65, ""return_pct"": -0.7454767478443526, ""rs_vs_nifty"": -0.7454767478443526}, {""sector"": ""NIFTY_ENERGY"", ""ltp"": 38167.0, ""return_pct"": -1.0675538539899416, ""rs_vs_nifty"": -1.0675538539899416}]"
2026-08-19 13:22:03,NORMAL,24041.1,,0,24072.550731926163,,,False,True,"[[""NIFTY_IT"", 0.6157853538738518, 0.6157853538738518]]","[[""NIFTY_ENERGY"", -1.0744229027044612, -1.0744229027044612], [""NIFTY_INFRA"", -0.7476097285248684, -0.7476097285248684], [""NIFTY_FIN_SERVICE"", -0.5741535161636336, -0.5741535161636336]]","[{""sector"": ""NIFTY_IT"", ""ltp"": 30399.5, ""return_pct"": 0.6157853538738518, ""rs_vs_nifty"": 0.6157853538738518}, {""sector"": ""NIFTY_MEDIA"", ""ltp"": 1600.6, ""return_pct"": -0.09986268880290454, ""rs_vs_nifty"": -0.09986268880290454}, {""sector"": ""NIFTY_REALTY"", ""ltp"": 894.05, ""return_pct"": -0.19535610627372182, ""rs_vs_nifty"": -0.19535610627372182}, {""sector"": ""NIFTY_AUTO"", ""ltp"": 29203.4, ""return_pct"": -0.20895588690069664, ""rs_vs_nifty"": -0.20895588690069664}, {""sector"": ""NIFTY_PSU_BANK"", ""ltp"": 8598.1, ""return_pct"": -0.23670012183094083, ""rs_vs_nifty"": -0.23670012183094083}, {""sector"": ""NIFTY_METAL"", ""ltp"": 12978.2, ""return_pct"": -0.3616039553791356, ""rs_vs_nifty"": -0.3616039553791356}, {""sector"": ""NIFTY_BANK"", ""ltp"": 57054.95, ""return_pct"": -0.36227961105368334, ""rs_vs_nifty"": -0.36227961105368334}, {""sector"": ""NIFTY_PHARMA"", ""ltp"": 26219.3, ""return_pct"": -0.5409321786366013, ""rs_vs_nifty"": -0.5409321786366013}, {""sector"": ""NIFTY_HEALTHCARE"", ""ltp"": 16371.55, ""return_pct"": -0.559716224178049, ""rs_vs_nifty"": -0.559716224178049}, {""sector"": ""NIFTY_FMCG"", ""ltp"": 47466.15, ""return_pct"": -0.5627969531662464, ""rs_vs_nifty"": -0.5627969531662464}, {""sector"": ""NIFTY_FIN_SERVICE"", ""ltp"": 25958.1, ""return_pct"": -0.5741535161636336, ""rs_vs_nifty"": -0.5741535161636336}, {""sector"": ""NIFTY_INFRA"", ""ltp"": 9306.45, ""return_pct"": -0.7476097285248684, ""rs_vs_nifty"": -0.7476097285248684}, {""sector"": ""NIFTY_ENERGY"", ""ltp"": 38164.35, ""return_pct"": -1.0744229027044612, ""rs_vs_nifty"": -1.0744229027044612}]"
2026-08-19 13:23:42,NORMAL,24041.35,,0,24072.406335261967,,,False,True,"[[""NIFTY_IT"", 0.6028771954212373, 0.6028771954212373]]","[[""NIFTY_ENERGY"", -1.0926971643789165, -1.0926971643789165], [""NIFTY_INFRA"", -0.7689395353301434, -0.7689395353301434], [""NIFTY_HEALTHCARE"", -0.57581224147671, -0.57581224147671]]","[{""sector"": ""NIFTY_IT"", ""ltp"": 30395.6, ""return_pct"": 0.6028771954212373, ""rs_vs_nifty"": 0.6028771954212373}, {""sector"": ""NIFTY_MEDIA"", ""ltp"": 1599.9, ""return_pct"": -0.14355261515416018, ""rs_vs_nifty"": -0.14355261515416018}, {""sector"": ""NIFTY_REALTY"", ""ltp"": 894.05, ""return_pct"": -0.19535610627372182, ""rs_vs_nifty"": -0.19535610627372182}, {""sector"": ""NIFTY_AUTO"", ""ltp"": 29201.85, ""return_pct"": -0.21425239752533606, ""rs_vs_nifty"": -0.21425239752533606}, {""sector"": ""NIFTY_PSU_BANK"", ""ltp"": 8599.95, ""return_pct"": -0.2152346696060715, ""rs_vs_nifty"": -0.2152346696060715}, {""sector"": ""NIFTY_BANK"", ""ltp"": 57060.95, ""return_pct"": -0.351801531196744, ""rs_vs_nifty"": -0.351801531196744}, {""sector"": ""NIFTY_METAL"", ""ltp"": 12977.8, ""return_pct"": -0.3646749019216448, ""rs_vs_nifty"": -0.3646749019216448}, {""sector"": ""NIFTY_FMCG"", ""ltp"": 47481.65, ""return_pct"": -0.530325883841561, ""rs_vs_nifty"": -0.530325883841561}, {""sector"": ""NIFTY_FIN_SERVICE"", ""ltp"": 25964.6, ""return_pct"": -0.5492569327409279, ""rs_vs_nifty"": -0.5492569327409279}, {""sector"": ""NIFTY_PHARMA"", ""ltp"": 26214.65, ""return_pct"": -0.5585712714182209, ""rs_vs_nifty"": -0.5585712714182209}, {""sector"": ""NIFTY_HEALTHCARE"", ""ltp"": 16368.9, ""return_pct"": -0.57581224147671, ""rs_vs_nifty"": -0.57581224147671}, {""sector"": ""NIFTY_INFRA"", ""ltp"": 9304.45, ""return_pct"": -0.7689395353301434, ""rs_vs_nifty"": -0.7689395353301434}, {""sector"": ""NIFTY_ENERGY"", ""ltp"": 38157.3, ""return_pct"": -1.0926971643789165, ""rs_vs_nifty"": -1.0926971643789165}]"
2026-08-19 13:23:58,NORMAL,24040.65,,0,24072.39111470172,,,False,True,"[[""NIFTY_IT"", 0.6272041094280858, 0.6272041094280858]]","[[""NIFTY_ENERGY"", -1.082587998346248, -1.082587998346248], [""NIFTY_INFRA"", -0.7684062901600192, -0.7684062901600192], [""NIFTY_HEALTHCARE"", -0.579152924312277, -0.579152924312277]]","[{""sector"": ""NIFTY_IT"", ""ltp"": 30402.95, ""return_pct"": 0.6272041094280858, ""rs_vs_nifty"": 0.6272041094280858}, {""sector"": ""NIFTY_MEDIA"", ""ltp"": 1600.45, ""return_pct"": -0.10922481587816751, ""rs_vs_nifty"": -0.10922481587816751}, {""sector"": ""NIFTY_REALTY"", ""ltp"": 894.25, ""return_pct"": -0.17302969412814853, ""rs_vs_nifty"": -0.17302969412814853}, {""sector"": ""NIFTY_AUTO"", ""ltp"": 29205.4, ""return_pct"": -0.20212167964311023, ""rs_vs_nifty"": -0.20212167964311023}, {""sector"": ""NIFTY_PSU_BANK"", ""ltp"": 8599.05, ""return_pct"": -0.22567732203980653, ""rs_vs_nifty"": -0.22567732203980653}, {""sector"": ""NIFTY_METAL"", ""ltp"": 12980.95, ""return_pct"": -0.3404911978994614, ""rs_vs_nifty"": -0.3404911978994614}, {""sector"": ""NIFTY_BANK"", ""ltp"": 57062.2, ""return_pct"": -0.34961859789321503, ""rs_vs_nifty"": -0.34961859789321503}, {""sector"": ""NIFTY_FMCG"", ""ltp"": 47482.1, ""return_pct"": -0.5293831753773021, ""rs_vs_nifty"": -0.5293831753773021}, {""sector"": ""NIFTY_FIN_SERVICE"", ""ltp"": 25963.25, ""return_pct"": -0.5544277616056381, ""rs_vs_nifty"": -0.5544277616056381}, {""sector"": ""NIFTY_PHARMA"", ""ltp"": 26214.5, ""return_pct"": -0.5591402744111822, ""rs_vs_nifty"": -0.5591402744111822}, {""sector"": ""NIFTY_HEALTHCARE"", ""ltp"": 16368.35, ""return_pct"": -0.579152924312277, ""rs_vs_nifty"": -0.579152924312277}, {""sector"": ""NIFTY_INFRA"", ""ltp"": 9304.5, ""return_pct"": -0.7684062901600192, ""rs_vs_nifty"": -0.7684062901600192}, {""sector"": ""NIFTY_ENERGY"", ""ltp"": 38161.2, ""return_pct"": -1.082587998346248, ""rs_vs_nifty"": -1.082587998346248}]"
2026-08-19 13:25:38,NORMAL,24041.55,,0,24072.20619667315,,,False,True,"[[""NIFTY_IT"", 0.6305138936467036, 0.6305138936467036]]","[[""NIFTY_ENERGY"", -1.0645729460572233, -1.0645729460572233], [""NIFTY_INFRA"", -0.7641403287989681, -0.7641403287989681], [""NIFTY_HEALTHCARE"", -0.5943378462921479, -0.5943378462921479]]","[{""sector"": ""NIFTY_IT"", ""ltp"": 30403.95, ""return_pct"": 0.6305138936467036, ""rs_vs_nifty"": 0.6305138936467036}, {""sector"": ""NIFTY_REALTY"", ""ltp"": 894.8, ""return_pct"": -0.11163206072784104, ""rs_vs_nifty"": -0.11163206072784104}, {""sector"": ""NIFTY_AUTO"", ""ltp"": 29203.45, ""return_pct"": -0.20878503171925947, ""rs_vs_nifty"": -0.20878503171925947}, {""sector"": ""NIFTY_PSU_BANK"", ""ltp"": 8599.35, ""return_pct"": -0.22219643789522114, ""rs_vs_nifty"": -0.22219643789522114}, {""sector"": ""NIFTY_MEDIA"", ""ltp"": 1597.8, ""return_pct"": -0.2746223942079697, ""rs_vs_nifty"": -0.2746223942079697}, {""sector"": ""NIFTY_METAL"", ""ltp"": 12981.25, ""return_pct"": -0.3381879879925935, ""rs_vs_nifty"": -0.3381879879925935}, {""sector"": ""NIFTY_BANK"", ""ltp"": 57061.55, ""return_pct"": -0.3507537232110399, ""rs_vs_nifty"": -0.3507537232110399}, {""sector"": ""NIFTY_FMCG"", ""ltp"": 47483.2, ""return_pct"": -0.5270787769091015, ""rs_vs_nifty"": -0.5270787769091015}, {""sector"": ""NIFTY_FIN_SERVICE"", ""ltp"": 25961.95, ""return_pct"": -0.5594070782901764, ""rs_vs_nifty"": -0.5594070782901764}, {""sector"": ""NIFTY_PHARMA"", ""ltp"": 26209.15, ""return_pct"": -0.5794347144932649, ""rs_vs_nifty"": -0.5794347144932649}, {""sector"": ""NIFTY_HEALTHCARE"", ""ltp"": 16365.85, ""return_pct"": -0.5943378462921479, ""rs_vs_nifty"": -0.5943378462921479}, {""sector"": ""NIFTY_INFRA"", ""ltp"": 9304.9, ""return_pct"": -0.7641403287989681, ""rs_vs_nifty"": -0.7641403287989681}, {""sector"": ""NIFTY_ENERGY"", ""ltp"": 38168.15, ""return_pct"": -1.0645729460572233, ""rs_vs_nifty"": -1.0645729460572233}]"
2026-08-19 13:25:54,NORMAL,24042.4,,0,24072.190105783404,,,False,True,"[[""NIFTY_IT"", 0.6192606273033981, 0.6192606273033981]]","[[""NIFTY_ENERGY"", -1.0505756392427343, -1.0505756392427343], [""NIFTY_INFRA"", -0.7518756898859389, -0.7518756898859389], [""NIFTY_HEALTHCARE"", -0.5900860681377907, -0.5900860681377907]]","[{""sector"": ""NIFTY_IT"", ""ltp"": 30400.55, ""return_pct"": 0.6192606273033981, ""rs_vs_nifty"": 0.6192606273033981}, {""sector"": ""NIFTY_REALTY"", ""ltp"": 894.8, ""return_pct"": -0.11163206072784104, ""rs_vs_nifty"": -0.11163206072784104}, {""sector"": ""NIFTY_MEDIA"", ""ltp"": 1599.25, ""return_pct"": -0.18412183248034236, ""rs_vs_nifty"": -0.18412183248034236}, {""sector"": ""NIFTY_PSU_BANK"", ""ltp"": 8601.75, ""return_pct"": -0.19434936473864362, ""rs_vs_nifty"": -0.19434936473864362}, {""sector"": ""NIFTY_AUTO"", ""ltp"": 29204.2, ""return_pct"": -0.20622220399766455, ""rs_vs_nifty"": -0.20622220399766455}, {""sector"": ""NIFTY_METAL"", ""ltp"": 12982.55, ""return_pct"": -0.32820741172948037, ""rs_vs_nifty"": -0.32820741172948037}, {""sector"": ""NIFTY_BANK"", ""ltp"": 57069.2, ""return_pct"": -0.3373941713934525, ""rs_vs_nifty"": -0.3373941713934525}, {""sector"": ""NIFTY_FMCG"", ""ltp"": 47481.2, ""return_pct"": -0.5312685923058351, ""rs_vs_nifty"": -0.5312685923058351}, {""sector"": ""NIFTY_FIN_SERVICE"", ""ltp"": 25963.3, ""return_pct"": -0.5542362494254662, ""rs_vs_nifty"": -0.5542362494254662}, {""sector"": ""NIFTY_PHARMA"", ""ltp"": 26211.7, ""return_pct"": -0.5697616636130199, ""rs_vs_nifty"": -0.5697616636130199}, {""sector"": ""NIFTY_HEALTHCARE"", ""ltp"": 16366.55, ""return_pct"": -0.5900860681377907, ""rs_vs_nifty"": -0.5900860681377907}, {""sector"": ""NIFTY_INFRA"", ""ltp"": 9306.05, ""return_pct"": -0.7518756898859389, ""rs_vs_nifty"": -0.7518756898859389}, {""sector"": ""NIFTY_ENERGY"", ""ltp"": 38173.55, ""return_pct"": -1.0505756392427343, ""rs_vs_nifty"": -1.0505756392427343}]"
2026-08-19 13:27:41,NORMAL,24040.65,,0,24072.08474762621,,,False,True,"[[""NIFTY_IT"", 0.5772263677269488, 0.5772263677269488]]","[[""NIFTY_ENERGY"", -1.064054527286324, -1.064054527286324], [""NIFTY_INFRA"", -0.7609408577781652, -0.7609408577781652], [""NIFTY_HEALTHCARE"", -0.5855305915438295, -0.5855305915438295]]","[{""sector"": ""NIFTY_IT"", ""ltp"": 30387.85, ""return_pct"": 0.5772263677269488, ""rs_vs_nifty"": 0.5772263677269488}, {""sector"": ""NIFTY_REALTY"", ""ltp"": 894.75, ""return_pct"": -0.11721366376422802, ""rs_vs_nifty"": -0.11721366376422802}, {""sector"": ""NIFTY_MEDIA"", ""ltp"": 1599.85, ""return_pct"": -0.14667332417926204, ""rs_vs_nifty"": -0.14667332417926204}, {""sector"": ""NIFTY_PSU_BANK"", ""ltp"": 8601.75, ""return_pct"": -0.19434936473864362, ""rs_vs_nifty"": -0.19434936473864362}, {""sector"": ""NIFTY_AUTO"", ""ltp"": 29201.0, ""return_pct"": -0.21715693560980528, ""rs_vs_nifty"": -0.21715693560980528}, {""sector"": ""NIFTY_BANK"", ""ltp"": 57069.75, ""return_pct"": -0.33643368073989466, ""rs_vs_nifty"": -0.33643368073989466}, {""sector"": ""NIFTY_METAL"", ""ltp"": 12979.25, ""return_pct"": -0.35354272070508375, ""rs_vs_nifty"": -0.35354272070508375}, {""sector"": ""NIFTY_FMCG"", ""ltp"": 47477.75, ""return_pct"": -0.5384960238651946, ""rs_vs_nifty"": -0.5384960238651946}, {""sector"": ""NIFTY_FIN_SERVICE"", ""ltp"": 25966.7, ""return_pct"": -0.5412134211735838, ""rs_vs_nifty"": -0.5412134211735838}, {""sector"": ""NIFTY_PHARMA"", ""ltp"": 26214.2, ""return_pct"": -0.5602782803970909, ""rs_vs_nifty"": -0.5602782803970909}, {""sector"": ""NIFTY_HEALTHCARE"", ""ltp"": 16367.3, ""return_pct"": -0.5855305915438295, ""rs_vs_nifty"": -0.5855305915438295}, {""sector"": ""NIFTY_INFRA"", ""ltp"": 9305.2, ""return_pct"": -0.7609408577781652, ""rs_vs_nifty"": -0.7609408577781652}, {""sector"": ""NIFTY_ENERGY"", ""ltp"": 38168.35, ""return_pct"": -1.064054527286324, ""rs_vs_nifty"": -1.064054527286324}]"
2026-08-19 13:27:59,NORMAL,24044.05,,0,24072.079318381897,,,False,True,"[[""NIFTY_IT"", 0.5969195838277275, 0.5969195838277275]]","[[""NIFTY_ENERGY"", -1.0650913648281415, -1.0650913648281415], [""NIFTY_INFRA"", -0.7556084060768465, -0.7556084060768465], [""NIFTY_HEALTHCARE"", -0.5782418289934871, -0.5782418289934871]]","[{""sector"": ""NIFTY_IT"", ""ltp"": 30393.8, ""return_pct"": 0.5969195838277275, ""rs_vs_nifty"": 0.5969195838277275}, {""sector"": ""NIFTY_REALTY"", ""ltp"": 894.9, ""return_pct"": -0.10046885465505441, ""rs_vs_nifty"": -0.10046885465505441}, {""sector"": ""NIFTY_MEDIA"", ""ltp"": 1599.35, ""return_pct"": -0.17788041443016703, ""rs_vs_nifty"": -0.17788041443016703}, {""sector"": ""NIFTY_PSU_BANK"", ""ltp"": 8602.85, ""return_pct"": -0.1815861228752061, ""rs_vs_nifty"": -0.1815861228752061}, {""sector"": ""NIFTY_AUTO"", ""ltp"": 29204.65, ""return_pct"": -0.20468450736470514, ""rs_vs_nifty"": -0.20468450736470514}, {""sector"": ""NIFTY_BANK"", ""ltp"": 57072.1, ""return_pct"": -0.3323297661292627, ""rs_vs_nifty"": -0.3323297661292627}, {""sector"": ""NIFTY_METAL"", ""ltp"": 12979.5, ""return_pct"": -0.3516233791160225, ""rs_vs_nifty"": -0.3516233791160225}, {""sector"": ""NIFTY_FMCG"", ""ltp"": 47482.3, ""return_pct"": -0.5289641938376195, ""rs_vs_nifty"": -0.5289641938376195}, {""sector"": ""NIFTY_FIN_SERVICE"", ""ltp"": 25965.85, ""return_pct"": -0.5444691282365615, ""rs_vs_nifty"": -0.5444691282365615}, {""sector"": ""NIFTY_PHARMA"", ""ltp"": 26215.6, ""return_pct"": -0.554967585796179, ""rs_vs_nifty"": -0.554967585796179}, {""sector"": ""NIFTY_HEALTHCARE"", ""ltp"": 16368.5, ""return_pct"": -0.5782418289934871, ""rs_vs_nifty"": -0.5782418289934871}, {""sector"": ""NIFTY_INFRA"", ""ltp"": 9305.7, ""return_pct"": -0.7556084060768465, ""rs_vs_nifty"": -0.7556084060768465}, {""sector"": ""NIFTY_ENERGY"", ""ltp"": 38167.95, ""return_pct"": -1.0650913648281415, ""rs_vs_nifty"": -1.0650913648281415}]"
2026-08-19 13:29:48,NORMAL,24040.6,,0,24071.960116265825,,,False,True,"[[""NIFTY_IT"", 0.5606774466338594, 0.5606774466338594]]","[[""NIFTY_ENERGY"", -1.0775334153298948, -1.0775334153298948], [""NIFTY_INFRA"", -0.7657400643093598, -0.7657400643093598], [""NIFTY_HEALTHCARE"", -0.5903897665773837, -0.5903897665773837]]","[{""sector"": ""NIFTY_IT"", ""ltp"": 30382.85, ""return_pct"": 0.5606774466338594, ""rs_vs_nifty"": 0.5606774466338594}, {""sector"": ""NIFTY_REALTY"", ""ltp"": 895.15, ""return_pct"": -0.07256083947309414, ""rs_vs_nifty"": -0.07256083947309414}, {""sector"": ""NIFTY_PSU_BANK"", ""ltp"": 8602.8, ""return_pct"": -0.18216627023264753, ""rs_vs_nifty"": -0.18216627023264753}, {""sector"": ""NIFTY_AUTO"", ""ltp"": 29204.2, ""return_pct"": -0.20622220399766455, ""rs_vs_nifty"": -0.20622220399766455}, {""sector"": ""NIFTY_MEDIA"", ""ltp"": 1598.85, ""return_pct"": -0.20908750468107204, ""rs_vs_nifty"": -0.20908750468107204}, {""sector"": ""NIFTY_BANK"", ""ltp"": 57071.0, ""return_pct"": -0.3342507474363657, ""rs_vs_nifty"": -0.3342507474363657}, {""sector"": ""NIFTY_METAL"", ""ltp"": 12979.3, ""return_pct"": -0.35315885238727707, ""rs_vs_nifty"": -0.35315885238727707}, {""sector"": ""NIFTY_FIN_SERVICE"", ""ltp"": 25966.05, ""return_pct"": -0.54370307951586, ""rs_vs_nifty"": -0.54370307951586}, {""sector"": ""NIFTY_PHARMA"", ""ltp"": 26214.2, ""return_pct"": -0.5602782803970909, ""rs_vs_nifty"": -0.5602782803970909}, {""sector"": ""NIFTY_FMCG"", ""ltp"": 47462.85, ""return_pct"": -0.5697101485708631, ""rs_vs_nifty"": -0.5697101485708631}, {""sector"": ""NIFTY_HEALTHCARE"", ""ltp"": 16366.5, ""return_pct"": -0.5903897665773837, ""rs_vs_nifty"": -0.5903897665773837}, {""sector"": ""NIFTY_INFRA"", ""ltp"": 9304.75, ""return_pct"": -0.7657400643093598, ""rs_vs_nifty"": -0.7657400643093598}, {""sector"": ""NIFTY_ENERGY"", ""ltp"": 38163.15, ""return_pct"": -1.0775334153298948, ""rs_vs_nifty"": -1.0775334153298948}]"
2026-08-19 13:30:06,NORMAL,24042.0,,0,24071.94973222493,,,False,True,"[[""NIFTY_IT"", 0.5768953893050919, 0.5768953893050919]]","[[""NIFTY_ENERGY"", -1.071441994771743, -1.071441994771743], [""NIFTY_INFRA"", -0.7588078770976493, -0.7588078770976493], [""NIFTY_HEALTHCARE"", -0.5891749728189897, -0.5891749728189897]]","[{""sector"": ""NIFTY_IT"", ""ltp"": 30387.75, ""return_pct"": 0.5768953893050919, ""rs_vs_nifty"": 0.5768953893050919}, {""sector"": ""NIFTY_REALTY"", ""ltp"": 895.3, ""return_pct"": -0.05581603036392052, ""rs_vs_nifty"": -0.05581603036392052}, {""sector"": ""NIFTY_PSU_BANK"", ""ltp"": 8602.2, ""return_pct"": -0.1891280385217761, ""rs_vs_nifty"": -0.1891280385217761}, {""sector"": ""NIFTY_MEDIA"", ""ltp"": 1598.95, ""return_pct"": -0.20284608663088252, ""rs_vs_nifty"": -0.20284608663088252}, {""sector"": ""NIFTY_AUTO"", ""ltp"": 29203.1, ""return_pct"": -0.20998101798934454, ""rs_vs_nifty"": -0.20998101798934454}, {""sector"": ""NIFTY_BANK"", ""ltp"": 57074.6, ""return_pct"": -0.3279638995222046, ""rs_vs_nifty"": -0.3279638995222046}, {""sector"": ""NIFTY_METAL"", ""ltp"": 12981.0, ""return_pct"": -0.34010732958165474, ""rs_vs_nifty"": -0.34010732958165474}, {""sector"": ""NIFTY_FIN_SERVICE"", ""ltp"": 25964.2, ""return_pct"": -0.5507890301823167, ""rs_vs_nifty"": -0.5507890301823167}, {""sector"": ""NIFTY_FMCG"", ""ltp"": 47468.5, ""return_pct"": -0.5578739200750875, ""rs_vs_nifty"": -0.5578739200750875}, {""sector"": ""NIFTY_PHARMA"", ""ltp"": 26213.0, ""return_pct"": -0.5648303043407397, ""rs_vs_nifty"": -0.5648303043407397}, {""sector"": ""NIFTY_HEALTHCARE"", ""ltp"": 16366.7, ""return_pct"": -0.5891749728189897, ""rs_vs_nifty"": -0.5891749728189897}, {""sector"": ""NIFTY_INFRA"", ""ltp"": 9305.4, ""return_pct"": -0.7588078770976493, ""rs_vs_nifty"": -0.7588078770976493}, {""sector"": ""NIFTY_ENERGY"", ""ltp"": 38165.5, ""return_pct"": -1.071441994771743, ""rs_vs_nifty"": -1.071441994771743}]"
2026-08-19 13:31:49,NORMAL,24041.0,,0,24071.868648832733,,,False,True,"[[""NIFTY_IT"", 0.5717652237662365, 0.5717652237662365]]","[[""NIFTY_ENERGY"", -1.0564078504154366, -1.0564078504154366], [""NIFTY_INFRA"", -0.7438770123339609, -0.7438770123339609], [""NIFTY_HEALTHCARE"", -0.5858342899834225, -0.5858342899834225]]","[{""sector"": ""NIFTY_IT"", ""ltp"": 30386.2, ""return_pct"": 0.5717652237662365, ""rs_vs_nifty"": 0.5717652237662365}, {""sector"": ""NIFTY_REALTY"", ""ltp"": 895.05, ""return_pct"": -0.08372404554588078, ""rs_vs_nifty"": -0.08372404554588078}, {""sector"": ""NIFTY_PSU_BANK"", ""ltp"": 8602.35, ""return_pct"": -0.18738759644949396, ""rs_vs_nifty"": -0.18738759644949396}, {""sector"": ""NIFTY_AUTO"", ""ltp"": 29205.7, ""return_pct"": -0.20109654855447476, ""rs_vs_nifty"": -0.20109654855447476}, {""sector"": ""NIFTY_MEDIA"", ""ltp"": 1598.55, ""return_pct"": -0.2278117588316122, ""rs_vs_nifty"": -0.2278117588316122}, {""sector"": ""NIFTY_METAL"", ""ltp"": 12982.15, ""return_pct"": -0.3312783582719756, ""rs_vs_nifty"": -0.3312783582719756}, {""sector"": ""NIFTY_BANK"", ""ltp"": 57068.0, ""return_pct"": -0.3394897873648353, ""rs_vs_nifty"": -0.3394897873648353}, {""sector"": ""NIFTY_FMCG"", ""ltp"": 47468.0, ""return_pct"": -0.558921373924271, ""rs_vs_nifty"": -0.558921373924271}, {""sector"": ""NIFTY_FIN_SERVICE"", ""ltp"": 25961.4, ""return_pct"": -0.5615137122720949, ""rs_vs_nifty"": -0.5615137122720949}, {""sector"": ""NIFTY_PHARMA"", ""ltp"": 26212.6, ""return_pct"": -0.5663476456552938, ""rs_vs_nifty"": -0.5663476456552938}, {""sector"": ""NIFTY_HEALTHCARE"", ""ltp"": 16367.25, ""return_pct"": -0.5858342899834225, ""rs_vs_nifty"": -0.5858342899834225}, {""sector"": ""NIFTY_INFRA"", ""ltp"": 9306.8, ""return_pct"": -0.7438770123339609, ""rs_vs_nifty"": -0.7438770123339609}, {""sector"": ""NIFTY_ENERGY"", ""ltp"": 38171.3, ""return_pct"": -1.0564078504154366, ""rs_vs_nifty"": -1.0564078504154366}]"
2026-08-19 13:32:06,NORMAL,24042.95,,0,24071.854046286837,,,False,True,"[[""NIFTY_IT"", 0.5615048926885139, 0.5615048926885139]]","[[""NIFTY_ENERGY"", -1.058222316113622, -1.058222316113622], [""NIFTY_INFRA"", -0.730545883080664, -0.730545883080664], [""NIFTY_HEALTHCARE"", -0.5739900508391188, -0.5739900508391188]]","[{""sector"": ""NIFTY_IT"", ""ltp"": 30383.1, ""return_pct"": 0.5615048926885139, ""rs_vs_nifty"": 0.5615048926885139}, {""sector"": ""NIFTY_REALTY"", ""ltp"": 895.05, ""return_pct"": -0.08372404554588078, ""rs_vs_nifty"": -0.08372404554588078}, {""sector"": ""NIFTY_AUTO"", ""ltp"": 29206.3, ""return_pct"": -0.19904628637720384, ""rs_vs_nifty"": -0.19904628637720384}, {""sector"": ""NIFTY_PSU_BANK"", ""ltp"": 8600.25, ""return_pct"": -0.21175378546150725, ""rs_vs_nifty"": -0.21175378546150725}, {""sector"": ""NIFTY_MEDIA"", ""ltp"": 1598.6, ""return_pct"": -0.22469104980652457, ""rs_vs_nifty"": -0.22469104980652457}, {""sector"": ""NIFTY_METAL"", ""ltp"": 12982.0, ""return_pct"": -0.33242996322540963, ""rs_vs_nifty"": -0.33242996322540963}, {""sector"": ""NIFTY_BANK"", ""ltp"": 57061.85, ""return_pct"": -0.3502298192182006, ""rs_vs_nifty"": -0.3502298192182006}, {""sector"": ""NIFTY_PHARMA"", ""ltp"": 26217.35, ""return_pct"": -0.5483292175450286, ""rs_vs_nifty"": -0.5483292175450286}, {""sector"": ""NIFTY_FIN_SERVICE"", ""ltp"": 25963.45, ""return_pct"": -0.5536617128849367, ""rs_vs_nifty"": -0.5536617128849367}, {""sector"": ""NIFTY_FMCG"", ""ltp"": 47463.8, ""return_pct"": -0.5677199862574055, ""rs_vs_nifty"": -0.5677199862574055}, {""sector"": ""NIFTY_HEALTHCARE"", ""ltp"": 16369.2, ""return_pct"": -0.5739900508391188, ""rs_vs_nifty"": -0.5739900508391188}, {""sector"": ""NIFTY_INFRA"", ""ltp"": 9308.05, ""return_pct"": -0.730545883080664, ""rs_vs_nifty"": -0.730545883080664}, {""sector"": ""NIFTY_ENERGY"", ""ltp"": 38170.6, ""return_pct"": -1.058222316113622, ""rs_vs_nifty"": -1.058222316113622}]"
2026-08-19 13:33:48,NORMAL,24040.05,,0,24071.757231148953,,,False,True,"[[""NIFTY_IT"", 0.5376744463144749, 0.5376744463144749]]","[[""NIFTY_ENERGY"", -1.0658689929844904, -1.0658689929844904], [""NIFTY_INFRA"", -0.7412107864833014, -0.7412107864833014], [""NIFTY_FMCG"", -0.5888785540109225, -0.5888785540109225]]","[{""sector"": ""NIFTY_IT"", ""ltp"": 30375.9, ""return_pct"": 0.5376744463144749, ""rs_vs_nifty"": 0.5376744463144749}, {""sector"": ""NIFTY_REALTY"", ""ltp"": 895.1, ""return_pct"": -0.0781424425094811, ""rs_vs_nifty"": -0.0781424425094811}, {""sector"": ""NIFTY_PSU_BANK"", ""ltp"": 8600.7, ""return_pct"": -0.2065324592446397, ""rs_vs_nifty"": -0.2065324592446397}, {""sector"": ""NIFTY_AUTO"", ""ltp"": 29186.7, ""return_pct"": -0.2660215175015455, ""rs_vs_nifty"": -0.2660215175015455}, {""sector"": ""NIFTY_MEDIA"", ""ltp"": 1597.65, ""return_pct"": -0.2839845212832327, ""rs_vs_nifty"": -0.2839845212832327}, {""sector"": ""NIFTY_METAL"", ""ltp"": 12983.75, ""return_pct"": -0.31899457210198057, ""rs_vs_nifty"": -0.31899457210198057}, {""sector"": ""NIFTY_BANK"", ""ltp"": 57063.9, ""return_pct"": -0.34664980860040795, ""rs_vs_nifty"": -0.34664980860040795}, {""sector"": ""NIFTY_PHARMA"", ""ltp"": 26221.35, ""return_pct"": -0.5331558043995421, ""rs_vs_nifty"": -0.5331558043995421}, {""sector"": ""NIFTY_HEALTHCARE"", ""ltp"": 16371.6, ""return_pct"": -0.559412525738445, ""rs_vs_nifty"": -0.559412525738445}, {""sector"": ""NIFTY_FIN_SERVICE"", ""ltp"": 25958.05, ""return_pct"": -0.5743450283438055, ""rs_vs_nifty"": -0.5743450283438055}, {""sector"": ""NIFTY_FMCG"", ""ltp"": 47453.7, ""return_pct"": -0.5888785540109225, ""rs_vs_nifty"": -0.5888785540109225}, {""sector"": ""NIFTY_INFRA"", ""ltp"": 9307.05, ""return_pct"": -0.7412107864833014, ""rs_vs_nifty"": -0.7412107864833014}, {""sector"": ""NIFTY_ENERGY"", ""ltp"": 38167.65, ""return_pct"": -1.0658689929844904, ""rs_vs_nifty"": -1.0658689929844904}]"
2026-08-19 13:34:04,NORMAL,24039.45,,0,24071.71844313964,,,False,True,"[[""NIFTY_IT"", 0.5414806981658782, 0.5414806981658782]]","[[""NIFTY_ENERGY"", -1.0676834586826758, -1.0676834586826758], [""NIFTY_INFRA"", -0.744410257504085, -0.744410257504085], [""NIFTY_FIN_SERVICE"", -0.5848781982534117, -0.5848781982534117]]","[{""sector"": ""NIFTY_IT"", ""ltp"": 30377.05, ""return_pct"": 0.5414806981658782, ""rs_vs_nifty"": 0.5414806981658782}, {""sector"": ""NIFTY_REALTY"", ""ltp"": 895.0, ""return_pct"": -0.08930564858226776, ""rs_vs_nifty"": -0.08930564858226776}, {""sector"": ""NIFTY_PSU_BANK"", ""ltp"": 8600.95, ""return_pct"": -0.20363172245749578, ""rs_vs_nifty"": -0.20363172245749578}, {""sector"": ""NIFTY_MEDIA"", ""ltp"": 1598.1, ""return_pct"": -0.25589814005742956, ""rs_vs_nifty"": -0.25589814005742956}, {""sector"": ""NIFTY_AUTO"", ""ltp"": 29182.65, ""return_pct"": -0.2798607871981555, ""rs_vs_nifty"": -0.2798607871981555}, {""sector"": ""NIFTY_METAL"", ""ltp"": 12983.45, ""return_pct"": -0.3212977820088485, ""rs_vs_nifty"": -0.3212977820088485}, {""sector"": ""NIFTY_BANK"", ""ltp"": 57065.65, ""return_pct"": -0.3435937019754673, ""rs_vs_nifty"": -0.3435937019754673}, {""sector"": ""NIFTY_PHARMA"", ""ltp"": 26219.8, ""return_pct"": -0.5390355019934153, ""rs_vs_nifty"": -0.5390355019934153}, {""sector"": ""NIFTY_HEALTHCARE"", ""ltp"": 16371.9, ""return_pct"": -0.5575903351008649, ""rs_vs_nifty"": -0.5575903351008649}, {""sector"": ""NIFTY_FMCG"", ""ltp"": 47456.95, ""return_pct"": -0.5820701039912303, ""rs_vs_nifty"": -0.5820701039912303}, {""sector"": ""NIFTY_FIN_SERVICE"", ""ltp"": 25955.3, ""return_pct"": -0.5848781982534117, ""rs_vs_nifty"": -0.5848781982534117}, {""sector"": ""NIFTY_INFRA"", ""ltp"": 9306.75, ""return_pct"": -0.744410257504085, ""rs_vs_nifty"": -0.744410257504085}, {""sector"": ""NIFTY_ENERGY"", ""ltp"": 38166.95, ""return_pct"": -1.0676834586826758, ""rs_vs_nifty"": -1.0676834586826758}]"
2026-08-19 13:35:46,NORMAL,24041.6,,0,24071.5295655761,,,False,True,"[[""NIFTY_IT"", 0.5285725397132758, 0.5285725397132758]]","[[""NIFTY_ENERGY"", -1.085050487508048, -1.085050487508048], [""NIFTY_INFRA"", -0.730545883080664, -0.730545883080664], [""NIFTY_FMCG"", -0.6225018225697005, -0.6225018225697005]]","[{""sector"": ""NIFTY_IT"", ""ltp"": 30373.15, ""return_pct"": 0.5285725397132758, ""rs_vs_nifty"": 0.5285725397132758}, {""sector"": ""NIFTY_REALTY"", ""ltp"": 895.05, ""return_pct"": -0.08372404554588078, ""rs_vs_nifty"": -0.08372404554588078}, {""sector"": ""NIFTY_PSU_BANK"", ""ltp"": 8602.15, ""return_pct"": -0.18970818587921756, ""rs_vs_nifty"": -0.18970818587921756}, {""sector"": ""NIFTY_AUTO"", ""ltp"": 29197.2, ""return_pct"": -0.23014192939921693, ""rs_vs_nifty"": -0.23014192939921693}, {""sector"": ""NIFTY_MEDIA"", ""ltp"": 1597.3, ""return_pct"": -0.3058294844588747, ""rs_vs_nifty"": -0.3058294844588747}, {""sector"": ""NIFTY_METAL"", ""ltp"": 12985.4, ""return_pct"": -0.30632691761417885, ""rs_vs_nifty"": -0.30632691761417885}, {""sector"": ""NIFTY_BANK"", ""ltp"": 57074.9, ""return_pct"": -0.3274399955293526, ""rs_vs_nifty"": -0.3274399955293526}, {""sector"": ""NIFTY_PHARMA"", ""ltp"": 26221.3, ""return_pct"": -0.533345472063858, ""rs_vs_nifty"": -0.533345472063858}, {""sector"": ""NIFTY_FIN_SERVICE"", ""ltp"": 25967.75, ""return_pct"": -0.5371916653899188, ""rs_vs_nifty"": -0.5371916653899188}, {""sector"": ""NIFTY_HEALTHCARE"", ""ltp"": 16371.9, ""return_pct"": -0.5575903351008649, ""rs_vs_nifty"": -0.5575903351008649}, {""sector"": ""NIFTY_FMCG"", ""ltp"": 47437.65, ""return_pct"": -0.6225018225697005, ""rs_vs_nifty"": -0.6225018225697005}, {""sector"": ""NIFTY_INFRA"", ""ltp"": 9308.05, ""return_pct"": -0.730545883080664, ""rs_vs_nifty"": -0.730545883080664}, {""sector"": ""NIFTY_ENERGY"", ""ltp"": 38160.25, ""return_pct"": -1.085050487508048, ""rs_vs_nifty"": -1.085050487508048}]"
2026-08-19 13:36:04,NORMAL,24043.05,,0,24071.51338881841,,,False,True,"[[""NIFTY_IT"", 0.5300619426116442, 0.5300619426116442]]","[[""NIFTY_ENERGY"", -1.088031395440766, -1.088031395440766], [""NIFTY_INFRA"", -0.7294793927403964, -0.7294793927403964], [""NIFTY_FMCG"", -0.6197784425618329, -0.6197784425618329]]","[{""sector"": ""NIFTY_IT"", ""ltp"": 30373.6, ""return_pct"": 0.5300619426116442, ""rs_vs_nifty"": 0.5300619426116442}, {""sector"": ""NIFTY_REALTY"", ""ltp"": 895.1, ""return_pct"": -0.0781424425094811, ""rs_vs_nifty"": -0.0781424425094811}, {""sector"": ""NIFTY_PSU_BANK"", ""ltp"": 8603.05, ""return_pct"": -0.17926553344550358, ""rs_vs_nifty"": -0.17926553344550358}, {""sector"": ""NIFTY_AUTO"", ""ltp"": 29197.15, ""return_pct"": -0.23031278458065413, ""rs_vs_nifty"": -0.23031278458065413}, {""sector"": ""NIFTY_METAL"", ""ltp"": 12988.25, ""return_pct"": -0.2844464234988774, ""rs_vs_nifty"": -0.2844464234988774}, {""sector"": ""NIFTY_MEDIA"", ""ltp"": 1597.55, ""return_pct"": -0.2902259393334222, ""rs_vs_nifty"": -0.2902259393334222}, {""sector"": ""NIFTY_BANK"", ""ltp"": 57080.1, ""return_pct"": -0.31835899298667697, ""rs_vs_nifty"": -0.31835899298667697}, {""sector"": ""NIFTY_PHARMA"", ""ltp"": 26223.35, ""return_pct"": -0.525569097826799, ""rs_vs_nifty"": -0.525569097826799}, {""sector"": ""NIFTY_FIN_SERVICE"", ""ltp"": 25969.2, ""return_pct"": -0.531637812164851, ""rs_vs_nifty"": -0.531637812164851}, {""sector"": ""NIFTY_HEALTHCARE"", ""ltp"": 16371.85, ""return_pct"": -0.5578940335404579, ""rs_vs_nifty"": -0.5578940335404579}, {""sector"": ""NIFTY_FMCG"", ""ltp"": 47438.95, ""return_pct"": -0.6197784425618329, ""rs_vs_nifty"": -0.6197784425618329}, {""sector"": ""NIFTY_INFRA"", ""ltp"": 9308.15, ""return_pct"": -0.7294793927403964, ""rs_vs_nifty"": -0.7294793927403964}, {""sector"": ""NIFTY_ENERGY"", ""ltp"": 38159.1, ""return_pct"": -1.088031395440766, ""rs_vs_nifty"": -1.088031395440766}]"
2026-08-19 13:37:46,NORMAL,24045.95,,0,24071.421195273702,,,False,True,"[[""NIFTY_IT"", 0.570606799289713, 0.570606799289713]]","[[""NIFTY_ENERGY"", -1.0671650399117576, -1.0671650399117576], [""NIFTY_INFRA"", -0.7428105219936932, -0.7428105219936932], [""NIFTY_FMCG"", -0.5917066794037146, -0.5917066794037146]]","[{""sector"": ""NIFTY_IT"", ""ltp"": 30385.85, ""return_pct"": 0.570606799289713, ""rs_vs_nifty"": 0.570606799289713}, {""sector"": ""NIFTY_REALTY"", ""ltp"": 895.25, ""return_pct"": -0.0613976334003075, ""rs_vs_nifty"": -0.0613976334003075}, {""sector"": ""NIFTY_PSU_BANK"", ""ltp"": 8600.05, ""return_pct"": -0.21407437489123082, ""rs_vs_nifty"": -0.21407437489123082}, {""sector"": ""NIFTY_AUTO"", ""ltp"": 29198.1, ""return_pct"": -0.22706653613331051, ""rs_vs_nifty"": -0.22706653613331051}, {""sector"": ""NIFTY_METAL"", ""ltp"": 12991.8, ""return_pct"": -0.25719177293421264, ""rs_vs_nifty"": -0.25719177293421264}, {""sector"": ""NIFTY_BANK"", ""ltp"": 57094.65, ""return_pct"": -0.29294964933359413, ""rs_vs_nifty"": -0.29294964933359413}, {""sector"": ""NIFTY_MEDIA"", ""ltp"": 1597.4, ""return_pct"": -0.29958806640868524, ""rs_vs_nifty"": -0.29958806640868524}, {""sector"": ""NIFTY_PHARMA"", ""ltp"": 26227.8, ""return_pct"": -0.5086886757024425, ""rs_vs_nifty"": -0.5086886757024425}, {""sector"": ""NIFTY_FIN_SERVICE"", ""ltp"": 25974.55, ""return_pct"": -0.5111460088861679, ""rs_vs_nifty"": -0.5111460088861679}, {""sector"": ""NIFTY_HEALTHCARE"", ""ltp"": 16376.6, ""return_pct"": -0.5290426817787032, ""rs_vs_nifty"": -0.5290426817787032}, {""sector"": ""NIFTY_FMCG"", ""ltp"": 47452.35, ""return_pct"": -0.5917066794037146, ""rs_vs_nifty"": -0.5917066794037146}, {""sector"": ""NIFTY_INFRA"", ""ltp"": 9306.9, ""return_pct"": -0.7428105219936932, ""rs_vs_nifty"": -0.7428105219936932}, {""sector"": ""NIFTY_ENERGY"", ""ltp"": 38167.15, ""return_pct"": -1.0671650399117576, ""rs_vs_nifty"": -1.0671650399117576}]"
2026-08-19 13:38:04,NORMAL,24043.3,,0,24071.376618320126,,,False,True,"[[""NIFTY_IT"", 0.5656421229617863, 0.5656421229617863]]","[[""NIFTY_ENERGY"", -1.0741636933190115, -1.0741636933190115], [""NIFTY_INFRA"", -0.7412107864833014, -0.7412107864833014], [""NIFTY_FMCG"", -0.6089896679152408, -0.6089896679152408]]","[{""sector"": ""NIFTY_IT"", ""ltp"": 30384.35, ""return_pct"": 0.5656421229617863, ""rs_vs_nifty"": 0.5656421229617863}, {""sector"": ""NIFTY_REALTY"", ""ltp"": 895.05, ""return_pct"": -0.08372404554588078, ""rs_vs_nifty"": -0.08372404554588078}, {""sector"": ""NIFTY_PSU_BANK"", ""ltp"": 8600.2, ""return_pct"": -0.21233393281892757, ""rs_vs_nifty"": -0.21233393281892757}, {""sector"": ""NIFTY_AUTO"", ""ltp"": 29193.45, ""return_pct"": -0.24295606800719144, ""rs_vs_nifty"": -0.24295606800719144}, {""sector"": ""NIFTY_METAL"", ""ltp"": 12990.5, ""return_pct"": -0.26717234919732574, ""rs_vs_nifty"": -0.26717234919732574}, {""sector"": ""NIFTY_MEDIA"", ""ltp"": 1597.8, ""return_pct"": -0.2746223942079697, ""rs_vs_nifty"": -0.2746223942079697}, {""sector"": ""NIFTY_BANK"", ""ltp"": 57081.6, ""return_pct"": -0.31573947302244215, ""rs_vs_nifty"": -0.31573947302244215}, {""sector"": ""NIFTY_PHARMA"", ""ltp"": 26226.6, ""return_pct"": -0.5132406996460911, ""rs_vs_nifty"": -0.5132406996460911}, {""sector"": ""NIFTY_FIN_SERVICE"", ""ltp"": 25970.0, ""return_pct"": -0.5285736172820591, ""rs_vs_nifty"": -0.5285736172820591}, {""sector"": ""NIFTY_HEALTHCARE"", ""ltp"": 16375.05, ""return_pct"": -0.5384573334062298, ""rs_vs_nifty"": -0.5384573334062298}, {""sector"": ""NIFTY_FMCG"", ""ltp"": 47444.1, ""return_pct"": -0.6089896679152408, ""rs_vs_nifty"": -0.6089896679152408}, {""sector"": ""NIFTY_INFRA"", ""ltp"": 9307.05, ""return_pct"": -0.7412107864833014, ""rs_vs_nifty"": -0.7412107864833014}, {""sector"": ""NIFTY_ENERGY"", ""ltp"": 38164.45, ""return_pct"": -1.0741636933190115, ""rs_vs_nifty"": -1.0741636933190115}]"
2026-08-19 13:39:43,NORMAL,24043.6,,0,24071.228080943714,,,False,True,"[[""NIFTY_IT"", 0.5715997345553081, 0.5715997345553081]]","[[""NIFTY_ENERGY"", -1.085050487508048, -1.085050487508048], [""NIFTY_INFRA"", -0.748676218865136, -0.748676218865136], [""NIFTY_FMCG"", -0.6170550625539499, -0.6170550625539499]]","[{""sector"": ""NIFTY_IT"", ""ltp"": 30386.15, ""return_pct"": 0.5715997345553081, ""rs_vs_nifty"": 0.5715997345553081}, {""sector"": ""NIFTY_REALTY"", ""ltp"": 895.0, ""return_pct"": -0.08930564858226776, ""rs_vs_nifty"": -0.08930564858226776}, {""sector"": ""NIFTY_PSU_BANK"", ""ltp"": 8601.0, ""return_pct"": -0.20305157510007543, ""rs_vs_nifty"": -0.20305157510007543}, {""sector"": ""NIFTY_AUTO"", ""ltp"": 29193.75, ""return_pct"": -0.241930936918556, ""rs_vs_nifty"": -0.241930936918556}, {""sector"": ""NIFTY_METAL"", ""ltp"": 12988.35, ""return_pct"": -0.28367868686325004, ""rs_vs_nifty"": -0.28367868686325004}, {""sector"": ""NIFTY_BANK"", ""ltp"": 57093.05, ""return_pct"": -0.2957438039621087, ""rs_vs_nifty"": -0.2957438039621087}, {""sector"": ""NIFTY_MEDIA"", ""ltp"": 1597.35, ""return_pct"": -0.30270877543378705, ""rs_vs_nifty"": -0.30270877543378705}, {""sector"": ""NIFTY_FIN_SERVICE"", ""ltp"": 25976.7, ""return_pct"": -0.5029109851386521, ""rs_vs_nifty"": -0.5029109851386521}, {""sector"": ""NIFTY_PHARMA"", ""ltp"": 26227.75, ""return_pct"": -0.5088783433667582, ""rs_vs_nifty"": -0.5088783433667582}, {""sector"": ""NIFTY_HEALTHCARE"", ""ltp"": 16375.65, ""return_pct"": -0.5348129521310586, ""rs_vs_nifty"": -0.5348129521310586}, {""sector"": ""NIFTY_FMCG"", ""ltp"": 47440.25, ""return_pct"": -0.6170550625539499, ""rs_vs_nifty"": -0.6170550625539499}, {""sector"": ""NIFTY_INFRA"", ""ltp"": 9306.35, ""return_pct"": -0.748676218865136, ""rs_vs_nifty"": -0.748676218865136}, {""sector"": ""NIFTY_ENERGY"", ""ltp"": 38160.25, ""return_pct"": -1.085050487508048, ""rs_vs_nifty"": -1.085050487508048}]"
2026-08-19 13:40:00,NORMAL,24047.55,,0,24071.21994728853,,,False,True,"[[""NIFTY_IT"", 0.5661385905945838, 0.5661385905945838]]","[[""NIFTY_ENERGY"", -1.0694979243808422, -1.0694979243808422], [""NIFTY_INFRA"", -0.740677541313158, -0.740677541313158], [""NIFTY_FMCG"", -0.6056378155978569, -0.6056378155978569]]","[{""sector"": ""NIFTY_IT"", ""ltp"": 30384.5, ""return_pct"": 0.5661385905945838, ""rs_vs_nifty"": 0.5661385905945838}, {""sector"": ""NIFTY_REALTY"", ""ltp"": 895.0, ""return_pct"": -0.08930564858226776, ""rs_vs_nifty"": -0.08930564858226776}, {""sector"": ""NIFTY_PSU_BANK"", ""ltp"": 8601.2, ""return_pct"": -0.2007309856703518, ""rs_vs_nifty"": -0.2007309856703518}, {""sector"": ""NIFTY_AUTO"", ""ltp"": 29199.85, ""return_pct"": -0.2210866047829224, ""rs_vs_nifty"": -0.2210866047829224}, {""sector"": ""NIFTY_METAL"", ""ltp"": 12992.2, ""return_pct"": -0.2541208263917034, ""rs_vs_nifty"": -0.2541208263917034}, {""sector"": ""NIFTY_BANK"", ""ltp"": 57099.6, ""return_pct"": -0.2843052334516243, ""rs_vs_nifty"": -0.2843052334516243}, {""sector"": ""NIFTY_MEDIA"", ""ltp"": 1597.3, ""return_pct"": -0.3058294844588747, ""rs_vs_nifty"": -0.3058294844588747}, {""sector"": ""NIFTY_PHARMA"", ""ltp"": 26232.35, ""return_pct"": -0.49142891824945434, ""rs_vs_nifty"": -0.49142891824945434}, {""sector"": ""NIFTY_FIN_SERVICE"", ""ltp"": 25976.15, ""return_pct"": -0.5050176191205705, ""rs_vs_nifty"": -0.5050176191205705}, {""sector"": ""NIFTY_HEALTHCARE"", ""ltp"": 16378.6, ""return_pct"": -0.5168947441948065, ""rs_vs_nifty"": -0.5168947441948065}, {""sector"": ""NIFTY_FMCG"", ""ltp"": 47445.7, ""return_pct"": -0.6056378155978569, ""rs_vs_nifty"": -0.6056378155978569}, {""sector"": ""NIFTY_INFRA"", ""ltp"": 9307.1, ""return_pct"": -0.740677541313158, ""rs_vs_nifty"": -0.740677541313158}, {""sector"": ""NIFTY_ENERGY"", ""ltp"": 38166.25, ""return_pct"": -1.0694979243808422, ""rs_vs_nifty"": -1.0694979243808422}]"
2026-08-19 13:41:40,NORMAL,24048.6,,0,24071.07584093797,,,False,True,"[[""NIFTY_IT"", 0.549755158712423, 0.549755158712423]]","[[""NIFTY_ENERGY"", -1.0395592403609637, -1.0395592403609637], [""NIFTY_INFRA"", -0.7262799217195935, -0.7262799217195935], [""NIFTY_FMCG"", -0.5910782070941984, -0.5910782070941984]]","[{""sector"": ""NIFTY_IT"", ""ltp"": 30379.55, ""return_pct"": 0.549755158712423, ""rs_vs_nifty"": 0.549755158712423}, {""sector"": ""NIFTY_REALTY"", ""ltp"": 895.35, ""return_pct"": -0.05023442732752085, ""rs_vs_nifty"": -0.05023442732752085}, {""sector"": ""NIFTY_PSU_BANK"", ""ltp"": 8603.9, ""return_pct"": -0.16940302836921, ""rs_vs_nifty"": -0.16940302836921}, {""sector"": ""NIFTY_AUTO"", ""ltp"": 29212.35, ""return_pct"": -0.17837280942300746, ""rs_vs_nifty"": -0.17837280942300746}, {""sector"": ""NIFTY_METAL"", ""ltp"": 12994.6, ""return_pct"": -0.23569514713671788, ""rs_vs_nifty"": -0.23569514713671788}, {""sector"": ""NIFTY_MEDIA"", ""ltp"": 1598.3, ""return_pct"": -0.24341530395706473, ""rs_vs_nifty"": -0.24341530395706473}, {""sector"": ""NIFTY_BANK"", ""ltp"": 57114.1, ""return_pct"": -0.2589832071306877, ""rs_vs_nifty"": -0.2589832071306877}, {""sector"": ""NIFTY_PHARMA"", ""ltp"": 26238.55, ""return_pct"": -0.4679101278739476, ""rs_vs_nifty"": -0.4679101278739476}, {""sector"": ""NIFTY_FIN_SERVICE"", ""ltp"": 25983.95, ""return_pct"": -0.4751417190133265, ""rs_vs_nifty"": -0.4751417190133265}, {""sector"": ""NIFTY_HEALTHCARE"", ""ltp"": 16380.15, ""return_pct"": -0.507480092567291, ""rs_vs_nifty"": -0.507480092567291}, {""sector"": ""NIFTY_FMCG"", ""ltp"": 47452.65, ""return_pct"": -0.5910782070941984, ""rs_vs_nifty"": -0.5910782070941984}, {""sector"": ""NIFTY_INFRA"", ""ltp"": 9308.45, ""return_pct"": -0.7262799217195935, ""rs_vs_nifty"": -0.7262799217195935}, {""sector"": ""NIFTY_ENERGY"", ""ltp"": 38177.8, ""return_pct"": -1.0395592403609637, ""rs_vs_nifty"": -1.0395592403609637}]"
2026-08-19 13:41:58,NORMAL,24045.9,,0,24071.05501973261,,,False,True,"[[""NIFTY_IT"", 0.5533959213529098, 0.5533959213529098]]","[[""NIFTY_ENERGY"", -1.0478539406954848, -1.0478539406954848], [""NIFTY_INFRA"", -0.7268131668897371, -0.7268131668897371], [""NIFTY_FMCG"", -0.5935920963322477, -0.5935920963322477]]","[{""sector"": ""NIFTY_IT"", ""ltp"": 30380.65, ""return_pct"": 0.5533959213529098, ""rs_vs_nifty"": 0.5533959213529098}, {""sector"": ""NIFTY_REALTY"", ""ltp"": 895.3, ""return_pct"": -0.05581603036392052, ""rs_vs_nifty"": -0.05581603036392052}, {""sector"": ""NIFTY_PSU_BANK"", ""ltp"": 8604.1, ""return_pct"": -0.1670824389394864, ""rs_vs_nifty"": -0.1670824389394864}, {""sector"": ""NIFTY_AUTO"", ""ltp"": 29213.7, ""return_pct"": -0.1737597195241292, ""rs_vs_nifty"": -0.1737597195241292}, {""sector"": ""NIFTY_METAL"", ""ltp"": 12993.85, ""return_pct"": -0.24145317190390173, ""rs_vs_nifty"": -0.24145317190390173}, {""sector"": ""NIFTY_BANK"", ""ltp"": 57108.4, ""return_pct"": -0.26893738299477493, ""rs_vs_nifty"": -0.26893738299477493}, {""sector"": ""NIFTY_MEDIA"", ""ltp"": 1597.35, ""return_pct"": -0.30270877543378705, ""rs_vs_nifty"": -0.30270877543378705}, {""sector"": ""NIFTY_PHARMA"", ""ltp"": 26238.25, ""return_pct"": -0.46904813385985633, ""rs_vs_nifty"": -0.46904813385985633}, {""sector"": ""NIFTY_FIN_SERVICE"", ""ltp"": 25983.3, ""return_pct"": -0.4776313773556026, ""rs_vs_nifty"": -0.4776313773556026}, {""sector"": ""NIFTY_HEALTHCARE"", ""ltp"": 16381.75, ""return_pct"": -0.49776174250017147, ""rs_vs_nifty"": -0.49776174250017147}, {""sector"": ""NIFTY_FMCG"", ""ltp"": 47451.45, ""return_pct"": -0.5935920963322477, ""rs_vs_nifty"": -0.5935920963322477}, {""sector"": ""NIFTY_INFRA"", ""ltp"": 9308.4, ""return_pct"": -0.7268131668897371, ""rs_vs_nifty"": -0.7268131668897371}, {""sector"": ""NIFTY_ENERGY"", ""ltp"": 38174.6, ""return_pct"": -1.0478539406954848, ""rs_vs_nifty"": -1.0478539406954848}]"
2026-08-19 13:43:34,NORMAL,24049.0,,0,24070.928716807397,,,False,True,"[[""NIFTY_IT"", 0.5204635683776596, 0.5204635683776596]]","[[""NIFTY_ENERGY"", -1.0552414081809036, -1.0552414081809036], [""NIFTY_INFRA"", -0.7246801862092018, -0.7246801862092018], [""NIFTY_FMCG"", -0.6012385094312744, -0.6012385094312744]]","[{""sector"": ""NIFTY_IT"", ""ltp"": 30370.7, ""return_pct"": 0.5204635683776596, ""rs_vs_nifty"": 0.5204635683776596}, {""sector"": ""NIFTY_REALTY"", ""ltp"": 895.15, ""return_pct"": -0.07256083947309414, ""rs_vs_nifty"": -0.07256083947309414}, {""sector"": ""NIFTY_PSU_BANK"", ""ltp"": 8607.1, ""return_pct"": -0.1322735974937592, ""rs_vs_nifty"": -0.1322735974937592}, {""sector"": ""NIFTY_AUTO"", ""ltp"": 29214.95, ""return_pct"": -0.16948833998813767, ""rs_vs_nifty"": -0.16948833998813767}, {""sector"": ""NIFTY_METAL"", ""ltp"": 12996.45, ""return_pct"": -0.22149201937766155, ""rs_vs_nifty"": -0.22149201937766155}, {""sector"": ""NIFTY_BANK"", ""ltp"": 57111.6, ""return_pct"": -0.26334907373774574, ""rs_vs_nifty"": -0.26334907373774574}, {""sector"": ""NIFTY_MEDIA"", ""ltp"": 1597.65, ""return_pct"": -0.2839845212832327, ""rs_vs_nifty"": -0.2839845212832327}, {""sector"": ""NIFTY_PHARMA"", ""ltp"": 26237.4, ""return_pct"": -0.47227248415326656, ""rs_vs_nifty"": -0.47227248415326656}, {""sector"": ""NIFTY_FIN_SERVICE"", ""ltp"": 25981.7, ""return_pct"": -0.4837597671211861, ""rs_vs_nifty"": -0.4837597671211861}, {""sector"": ""NIFTY_HEALTHCARE"", ""ltp"": 16381.3, ""return_pct"": -0.5004950284565526, ""rs_vs_nifty"": -0.5004950284565526}, {""sector"": ""NIFTY_FMCG"", ""ltp"": 47447.8, ""return_pct"": -0.6012385094312744, ""rs_vs_nifty"": -0.6012385094312744}, {""sector"": ""NIFTY_INFRA"", ""ltp"": 9308.6, ""return_pct"": -0.7246801862092018, ""rs_vs_nifty"": -0.7246801862092018}, {""sector"": ""NIFTY_ENERGY"", ""ltp"": 38171.75, ""return_pct"": -1.0552414081809036, ""rs_vs_nifty"": -1.0552414081809036}]"
2026-08-19 13:43:53,NORMAL,24046.95,,0,24070.899153436127,,,False,True,"[[""NIFTY_IT"", 0.5044111149173558, 0.5044111149173558]]","[[""NIFTY_ENERGY"", -1.060684805275422, -1.060684805275422], [""NIFTY_INFRA"", -0.7230804506988101, -0.7230804506988101], [""NIFTY_FMCG"", -0.5813368862967897, -0.5813368862967897]]","[{""sector"": ""NIFTY_IT"", ""ltp"": 30365.85, ""return_pct"": 0.5044111149173558, ""rs_vs_nifty"": 0.5044111149173558}, {""sector"": ""NIFTY_REALTY"", ""ltp"": 895.15, ""return_pct"": -0.07256083947309414, ""rs_vs_nifty"": -0.07256083947309414}, {""sector"": ""NIFTY_PSU_BANK"", ""ltp"": 8606.65, ""return_pct"": -0.13749492371062672, ""rs_vs_nifty"": -0.13749492371062672}, {""sector"": ""NIFTY_AUTO"", ""ltp"": 29216.65, ""return_pct"": -0.16367926381918677, ""rs_vs_nifty"": -0.16367926381918677}, {""sector"": ""NIFTY_METAL"", ""ltp"": 12997.1, ""return_pct"": -0.21650173124610497, ""rs_vs_nifty"": -0.21650173124610497}, {""sector"": ""NIFTY_BANK"", ""ltp"": 57111.9, ""return_pct"": -0.26282516974489367, ""rs_vs_nifty"": -0.26282516974489367}, {""sector"": ""NIFTY_MEDIA"", ""ltp"": 1597.65, ""return_pct"": -0.2839845212832327, ""rs_vs_nifty"": -0.2839845212832327}, {""sector"": ""NIFTY_PHARMA"", ""ltp"": 26238.4, ""return_pct"": -0.468479130866895, ""rs_vs_nifty"": -0.468479130866895}, {""sector"": ""NIFTY_FIN_SERVICE"", ""ltp"": 25980.3, ""return_pct"": -0.48912210816608215, ""rs_vs_nifty"": -0.48912210816608215}, {""sector"": ""NIFTY_HEALTHCARE"", ""ltp"": 16382.3, ""return_pct"": -0.49442105966460426, ""rs_vs_nifty"": -0.49442105966460426}, {""sector"": ""NIFTY_FMCG"", ""ltp"": 47457.3, ""return_pct"": -0.5813368862967897, ""rs_vs_nifty"": -0.5813368862967897}, {""sector"": ""NIFTY_INFRA"", ""ltp"": 9308.75, ""return_pct"": -0.7230804506988101, ""rs_vs_nifty"": -0.7230804506988101}, {""sector"": ""NIFTY_ENERGY"", ""ltp"": 38169.65, ""return_pct"": -1.060684805275422, ""rs_vs_nifty"": -1.060684805275422}]"
2026-08-19 13:45:35,NORMAL,24050.8,,0,24070.769427360305,,,False,True,[],"[[""NIFTY_ENERGY"", -1.0752005308608101, -1.0752005308608101], [""NIFTY_INFRA"", -0.7257466765494694, -0.7257466765494694], [""NIFTY_FMCG"", -0.5866789009276312, -0.5866789009276312]]","[{""sector"": ""NIFTY_IT"", ""ltp"": 30355.75, ""return_pct"": 0.47098229430932004, ""rs_vs_nifty"": 0.47098229430932004}, {""sector"": ""NIFTY_REALTY"", ""ltp"": 895.2, ""return_pct"": -0.06697923643669447, ""rs_vs_nifty"": -0.06697923643669447}, {""sector"": ""NIFTY_PSU_BANK"", ""ltp"": 8604.45, ""return_pct"": -0.16302140743748067, ""rs_vs_nifty"": -0.16302140743748067}, {""sector"": ""NIFTY_AUTO"", ""ltp"": 29208.9, ""return_pct"": -0.19016181694233406, ""rs_vs_nifty"": -0.19016181694233406}, {""sector"": ""NIFTY_METAL"", ""ltp"": 12997.7, ""return_pct"": -0.2118953114323551, ""rs_vs_nifty"": -0.2118953114323551}, {""sector"": ""NIFTY_BANK"", ""ltp"": 57121.4, ""return_pct"": -0.24623487663807314, ""rs_vs_nifty"": -0.24623487663807314}, {""sector"": ""NIFTY_MEDIA"", ""ltp"": 1596.3, ""return_pct"": -0.3682436649606847, ""rs_vs_nifty"": -0.3682436649606847}, {""sector"": ""NIFTY_PHARMA"", ""ltp"": 26252.55, ""return_pct"": -0.41480318186474485, ""rs_vs_nifty"": -0.41480318186474485}, {""sector"": ""NIFTY_HEALTHCARE"", ""ltp"": 16388.15, ""return_pct"": -0.45888834223169317, ""rs_vs_nifty"": -0.45888834223169317}, {""sector"": ""NIFTY_FIN_SERVICE"", ""ltp"": 25986.3, ""return_pct"": -0.46614064654512305, ""rs_vs_nifty"": -0.46614064654512305}, {""sector"": ""NIFTY_FMCG"", ""ltp"": 47454.75, ""return_pct"": -0.5866789009276312, ""rs_vs_nifty"": -0.5866789009276312}, {""sector"": ""NIFTY_INFRA"", ""ltp"": 9308.5, ""return_pct"": -0.7257466765494694, ""rs_vs_nifty"": -0.7257466765494694}, {""sector"": ""NIFTY_ENERGY"", ""ltp"": 38164.05, ""return_pct"": -1.0752005308608101, ""rs_vs_nifty"": -1.0752005308608101}]"
2026-08-19 13:45:52,NORMAL,24045.75,,0,24070.74663522995,,,False,True,[],"[[""NIFTY_ENERGY"", -1.0911419080662, -1.0911419080662], [""NIFTY_INFRA"", -0.7284129024001288, -0.7284129024001288], [""NIFTY_FMCG"", -0.5833270486102473, -0.5833270486102473]]","[{""sector"": ""NIFTY_IT"", ""ltp"": 30352.9, ""return_pct"": 0.461549409286264, ""rs_vs_nifty"": 0.461549409286264}, {""sector"": ""NIFTY_REALTY"", ""ltp"": 895.15, ""return_pct"": -0.07256083947309414, ""rs_vs_nifty"": -0.07256083947309414}, {""sector"": ""NIFTY_PSU_BANK"", ""ltp"": 8602.45, ""return_pct"": -0.18622730173463217, ""rs_vs_nifty"": -0.18622730173463217}, {""sector"": ""NIFTY_AUTO"", ""ltp"": 29207.9, ""return_pct"": -0.19357892057112724, ""rs_vs_nifty"": -0.19357892057112724}, {""sector"": ""NIFTY_METAL"", ""ltp"": 12995.65, ""return_pct"": -0.227633912462666, ""rs_vs_nifty"": -0.227633912462666}, {""sector"": ""NIFTY_BANK"", ""ltp"": 57099.5, ""return_pct"": -0.28447986811590403, ""rs_vs_nifty"": -0.28447986811590403}, {""sector"": ""NIFTY_MEDIA"", ""ltp"": 1596.15, ""return_pct"": -0.37760579203594774, ""rs_vs_nifty"": -0.37760579203594774}, {""sector"": ""NIFTY_PHARMA"", ""ltp"": 26250.5, ""return_pct"": -0.4225795561018039, ""rs_vs_nifty"": -0.4225795561018039}, {""sector"": ""NIFTY_HEALTHCARE"", ""ltp"": 16385.45, ""return_pct"": -0.4752880579699581, ""rs_vs_nifty"": -0.4752880579699581}, {""sector"": ""NIFTY_FIN_SERVICE"", ""ltp"": 25975.5, ""return_pct"": -0.5075072774628466, ""rs_vs_nifty"": -0.5075072774628466}, {""sector"": ""NIFTY_FMCG"", ""ltp"": 47456.35, ""return_pct"": -0.5833270486102473, ""rs_vs_nifty"": -0.5833270486102473}, {""sector"": ""NIFTY_INFRA"", ""ltp"": 9308.25, ""return_pct"": -0.7284129024001288, ""rs_vs_nifty"": -0.7284129024001288}, {""sector"": ""NIFTY_ENERGY"", ""ltp"": 38157.9, ""return_pct"": -1.0911419080662, ""rs_vs_nifty"": -1.0911419080662}]"
2026-08-19 13:47:37,NORMAL,24039.8,,0,24070.607557440428,,,False,True,[],"[[""NIFTY_ENERGY"", -1.095807677004369, -1.095807677004369], [""NIFTY_INFRA"", -0.7385445606326422, -0.7385445606326422], [""NIFTY_FMCG"", -0.5741094547374304, -0.5741094547374304]]","[{""sector"": ""NIFTY_IT"", ""ltp"": 30347.55, ""return_pct"": 0.44384206371665114, ""rs_vs_nifty"": 0.44384206371665114}, {""sector"": ""NIFTY_REALTY"", ""ltp"": 895.1, ""return_pct"": -0.0781424425094811, ""rs_vs_nifty"": -0.0781424425094811}, {""sector"": ""NIFTY_AUTO"", ""ltp"": 29202.45, ""return_pct"": -0.21220213534805266, ""rs_vs_nifty"": -0.21220213534805266}, {""sector"": ""NIFTY_PSU_BANK"", ""ltp"": 8599.3, ""return_pct"": -0.2227765852526626, ""rs_vs_nifty"": -0.2227765852526626}, {""sector"": ""NIFTY_METAL"", ""ltp"": 12994.5, ""return_pct"": -0.23646288377234514, ""rs_vs_nifty"": -0.23646288377234514}, {""sector"": ""NIFTY_BANK"", ""ltp"": 57094.15, ""return_pct"": -0.2938228226550057, ""rs_vs_nifty"": -0.2938228226550057}, {""sector"": ""NIFTY_MEDIA"", ""ltp"": 1596.1, ""return_pct"": -0.38072650106104955, ""rs_vs_nifty"": -0.38072650106104955}, {""sector"": ""NIFTY_PHARMA"", ""ltp"": 26242.5, ""return_pct"": -0.4529263823927768, ""rs_vs_nifty"": -0.4529263823927768}, {""sector"": ""NIFTY_HEALTHCARE"", ""ltp"": 16384.5, ""return_pct"": -0.48105832832231343, ""rs_vs_nifty"": -0.48105832832231343}, {""sector"": ""NIFTY_FIN_SERVICE"", ""ltp"": 25969.75, ""return_pct"": -0.5295311781829324, ""rs_vs_nifty"": -0.5295311781829324}, {""sector"": ""NIFTY_FMCG"", ""ltp"": 47460.75, ""return_pct"": -0.5741094547374304, ""rs_vs_nifty"": -0.5741094547374304}, {""sector"": ""NIFTY_INFRA"", ""ltp"": 9307.3, ""return_pct"": -0.7385445606326422, ""rs_vs_nifty"": -0.7385445606326422}, {""sector"": ""NIFTY_ENERGY"", ""ltp"": 38156.1, ""return_pct"": -1.095807677004369, ""rs_vs_nifty"": -1.095807677004369}]"
2026-08-19 13:47:56,NORMAL,24041.45,,0,24070.59677703328,,,False,True,[],"[[""NIFTY_ENERGY"", -1.0933451878425502, -1.0933451878425502], [""NIFTY_INFRA"", -0.7454767478443526, -0.7454767478443526], [""NIFTY_FMCG"", -0.5607020454678797, -0.5607020454678797]]","[{""sector"": ""NIFTY_IT"", ""ltp"": 30346.5, ""return_pct"": 0.4403667902871048, ""rs_vs_nifty"": 0.4403667902871048}, {""sector"": ""NIFTY_REALTY"", ""ltp"": 895.2, ""return_pct"": -0.06697923643669447, ""rs_vs_nifty"": -0.06697923643669447}, {""sector"": ""NIFTY_AUTO"", ""ltp"": 29205.55, ""return_pct"": -0.20160911409879873, ""rs_vs_nifty"": -0.20160911409879873}, {""sector"": ""NIFTY_PSU_BANK"", ""ltp"": 8599.1, ""return_pct"": -0.22509717468236512, ""rs_vs_nifty"": -0.22509717468236512}, {""sector"": ""NIFTY_METAL"", ""ltp"": 12992.6, ""return_pct"": -0.2510498798492082, ""rs_vs_nifty"": -0.2510498798492082}, {""sector"": ""NIFTY_BANK"", ""ltp"": 57100.8, ""return_pct"": -0.2822096174802288, ""rs_vs_nifty"": -0.2822096174802288}, {""sector"": ""NIFTY_MEDIA"", ""ltp"": 1596.05, ""return_pct"": -0.38384721008613726, ""rs_vs_nifty"": -0.38384721008613726}, {""sector"": ""NIFTY_PHARMA"", ""ltp"": 26242.4, ""return_pct"": -0.45330571772140854, ""rs_vs_nifty"": -0.45330571772140854}, {""sector"": ""NIFTY_HEALTHCARE"", ""ltp"": 16385.05, ""return_pct"": -0.47771764548674633, ""rs_vs_nifty"": -0.47771764548674633}, {""sector"": ""NIFTY_FIN_SERVICE"", ""ltp"": 25970.3, ""return_pct"": -0.5274245442010139, ""rs_vs_nifty"": -0.5274245442010139}, {""sector"": ""NIFTY_FMCG"", ""ltp"": 47467.15, ""return_pct"": -0.5607020454678797, ""rs_vs_nifty"": -0.5607020454678797}, {""sector"": ""NIFTY_INFRA"", ""ltp"": 9306.65, ""return_pct"": -0.7454767478443526, ""rs_vs_nifty"": -0.7454767478443526}, {""sector"": ""NIFTY_ENERGY"", ""ltp"": 38157.05, ""return_pct"": -1.0933451878425502, ""rs_vs_nifty"": -1.0933451878425502}]"
2026-08-19 13:49:32,NORMAL,24042.85,,0,24070.488492862973,,,False,True,[],"[[""NIFTY_ENERGY"", -1.1214694061642623, -1.1214694061642623], [""NIFTY_INFRA"", -0.7268131668897371, -0.7268131668897371], [""NIFTY_FMCG"", -0.5769375801302224, -0.5769375801302224]]","[{""sector"": ""NIFTY_IT"", ""ltp"": 30351.45, ""return_pct"": 0.45675022216926564, ""rs_vs_nifty"": 0.45675022216926564}, {""sector"": ""NIFTY_REALTY"", ""ltp"": 895.25, ""return_pct"": -0.0613976334003075, ""rs_vs_nifty"": -0.0613976334003075}, {""sector"": ""NIFTY_AUTO"", ""ltp"": 29203.65, ""return_pct"": -0.20810161099349833, ""rs_vs_nifty"": -0.20810161099349833}, {""sector"": ""NIFTY_PSU_BANK"", ""ltp"": 8597.95, ""return_pct"": -0.238440563903223, ""rs_vs_nifty"": -0.238440563903223}, {""sector"": ""NIFTY_METAL"", ""ltp"": 12990.45, ""return_pct"": -0.2675562175151325, ""rs_vs_nifty"": -0.2675562175151325}, {""sector"": ""NIFTY_BANK"", ""ltp"": 57096.6, ""return_pct"": -0.2895442733800939, ""rs_vs_nifty"": -0.2895442733800939}, {""sector"": ""NIFTY_MEDIA"", ""ltp"": 1595.8, ""return_pct"": -0.3994507552115898, ""rs_vs_nifty"": -0.3994507552115898}, {""sector"": ""NIFTY_PHARMA"", ""ltp"": 26247.95, ""return_pct"": -0.4322526069820488, ""rs_vs_nifty"": -0.4322526069820488}, {""sector"": ""NIFTY_HEALTHCARE"", ""ltp"": 16387.1, ""return_pct"": -0.4652660094632566, ""rs_vs_nifty"": -0.4652660094632566}, {""sector"": ""NIFTY_FIN_SERVICE"", ""ltp"": 25968.55, ""return_pct"": -0.5341274705071271, ""rs_vs_nifty"": -0.5341274705071271}, {""sector"": ""NIFTY_FMCG"", ""ltp"": 47459.4, ""return_pct"": -0.5769375801302224, ""rs_vs_nifty"": -0.5769375801302224}, {""sector"": ""NIFTY_INFRA"", ""ltp"": 9308.4, ""return_pct"": -0.7268131668897371, ""rs_vs_nifty"": -0.7268131668897371}, {""sector"": ""NIFTY_ENERGY"", ""ltp"": 38146.2, ""return_pct"": -1.1214694061642623, ""rs_vs_nifty"": -1.1214694061642623}]"
2026-08-19 13:49:50,NORMAL,24042.1,,0,24070.4731909936,,,False,True,[],"[[""NIFTY_ENERGY"", -1.1221174296278957, -1.1221174296278957], [""NIFTY_INFRA"", -0.73267886376118, -0.73267886376118], [""NIFTY_FMCG"", -0.5908687163243648, -0.5908687163243648]]","[{""sector"": ""NIFTY_IT"", ""ltp"": 30344.6, ""return_pct"": 0.434078200271726, ""rs_vs_nifty"": 0.434078200271726}, {""sector"": ""NIFTY_REALTY"", ""ltp"": 895.3, ""return_pct"": -0.05581603036392052, ""rs_vs_nifty"": -0.05581603036392052}, {""sector"": ""NIFTY_AUTO"", ""ltp"": 29203.25, ""return_pct"": -0.20946845244502058, ""rs_vs_nifty"": -0.20946845244502058}, {""sector"": ""NIFTY_PSU_BANK"", ""ltp"": 8596.95, ""return_pct"": -0.25004351105179873, ""rs_vs_nifty"": -0.25004351105179873}, {""sector"": ""NIFTY_METAL"", ""ltp"": 12991.7, ""return_pct"": -0.257959509569826, ""rs_vs_nifty"": -0.257959509569826}, {""sector"": ""NIFTY_BANK"", ""ltp"": 57095.0, ""return_pct"": -0.29233842800860854, ""rs_vs_nifty"": -0.29233842800860854}, {""sector"": ""NIFTY_MEDIA"", ""ltp"": 1595.35, ""return_pct"": -0.4275371364374071, ""rs_vs_nifty"": -0.4275371364374071}, {""sector"": ""NIFTY_PHARMA"", ""ltp"": 26247.8, ""return_pct"": -0.43282160997501007, ""rs_vs_nifty"": -0.43282160997501007}, {""sector"": ""NIFTY_HEALTHCARE"", ""ltp"": 16387.2, ""return_pct"": -0.4646586125840485, ""rs_vs_nifty"": -0.4646586125840485}, {""sector"": ""NIFTY_FIN_SERVICE"", ""ltp"": 25969.5, ""return_pct"": -0.5304887390838058, ""rs_vs_nifty"": -0.5304887390838058}, {""sector"": ""NIFTY_FMCG"", ""ltp"": 47452.75, ""return_pct"": -0.5908687163243648, ""rs_vs_nifty"": -0.5908687163243648}, {""sector"": ""NIFTY_INFRA"", ""ltp"": 9307.85, ""return_pct"": -0.73267886376118, ""rs_vs_nifty"": -0.73267886376118}, {""sector"": ""NIFTY_ENERGY"", ""ltp"": 38145.95, ""return_pct"": -1.1221174296278957, ""rs_vs_nifty"": -1.1221174296278957}]"
2026-08-19 13:51:32,NORMAL,24038.45,,0,24070.359800645558,,,False,True,[],"[[""NIFTY_ENERGY"", -1.1291160830351308, -1.1291160830351308], [""NIFTY_INFRA"", -0.7550751609067224, -0.7550751609067224], [""NIFTY_FMCG"", -0.6253299479624927, -0.6253299479624927]]","[{""sector"": ""NIFTY_IT"", ""ltp"": 30348.6, ""return_pct"": 0.44731733714619754, ""rs_vs_nifty"": 0.44731733714619754}, {""sector"": ""NIFTY_REALTY"", ""ltp"": 895.05, ""return_pct"": -0.08372404554588078, ""rs_vs_nifty"": -0.08372404554588078}, {""sector"": ""NIFTY_AUTO"", ""ltp"": 29199.1, ""return_pct"": -0.22364943250451735, ""rs_vs_nifty"": -0.22364943250451735}, {""sector"": ""NIFTY_METAL"", ""ltp"": 12993.9, ""return_pct"": -0.24106930358609502, ""rs_vs_nifty"": -0.24106930358609502}, {""sector"": ""NIFTY_PSU_BANK"", ""ltp"": 8595.85, ""return_pct"": -0.26280675291523625, ""rs_vs_nifty"": -0.26280675291523625}, {""sector"": ""NIFTY_BANK"", ""ltp"": 57084.45, ""return_pct"": -0.3107623850903985, ""rs_vs_nifty"": -0.3107623850903985}, {""sector"": ""NIFTY_MEDIA"", ""ltp"": 1596.0, ""return_pct"": -0.3869679191112249, ""rs_vs_nifty"": -0.3869679191112249}, {""sector"": ""NIFTY_PHARMA"", ""ltp"": 26242.75, ""return_pct"": -0.45197804407118397, ""rs_vs_nifty"": -0.45197804407118397}, {""sector"": ""NIFTY_HEALTHCARE"", ""ltp"": 16382.65, ""return_pct"": -0.4922951705874201, ""rs_vs_nifty"": -0.4922951705874201}, {""sector"": ""NIFTY_FIN_SERVICE"", ""ltp"": 25966.9, ""return_pct"": -0.5404473724528824, ""rs_vs_nifty"": -0.5404473724528824}, {""sector"": ""NIFTY_FMCG"", ""ltp"": 47436.3, ""return_pct"": -0.6253299479624927, ""rs_vs_nifty"": -0.6253299479624927}, {""sector"": ""NIFTY_INFRA"", ""ltp"": 9305.75, ""return_pct"": -0.7550751609067224, ""rs_vs_nifty"": -0.7550751609067224}, {""sector"": ""NIFTY_ENERGY"", ""ltp"": 38143.25, ""return_pct"": -1.1291160830351308, ""rs_vs_nifty"": -1.1291160830351308}]"
2026-08-19 13:51:50,NORMAL,24037.05,,0,24070.310915298684,,,False,True,[],"[[""NIFTY_ENERGY"", -1.1323562003532988, -1.1323562003532988], [""NIFTY_INFRA"", -0.7545419157365982, -0.7545419157365982], [""NIFTY_FMCG"", -0.6123415202326246, -0.6123415202326246]]","[{""sector"": ""NIFTY_IT"", ""ltp"": 30348.65, ""return_pct"": 0.447482826357138, ""rs_vs_nifty"": 0.447482826357138}, {""sector"": ""NIFTY_REALTY"", ""ltp"": 894.95, ""return_pct"": -0.09488725161865473, ""rs_vs_nifty"": -0.09488725161865473}, {""sector"": ""NIFTY_AUTO"", ""ltp"": 29196.85, ""return_pct"": -0.23133791566930206, ""rs_vs_nifty"": -0.23133791566930206}, {""sector"": ""NIFTY_METAL"", ""ltp"": 12994.05, ""return_pct"": -0.23991769863266105, ""rs_vs_nifty"": -0.23991769863266105}, {""sector"": ""NIFTY_BANK"", ""ltp"": 57069.6, ""return_pct"": -0.33669563273632075, ""rs_vs_nifty"": -0.33669563273632075}, {""sector"": ""NIFTY_PSU_BANK"", ""ltp"": 8588.35, ""return_pct"": -0.3498288565295543, ""rs_vs_nifty"": -0.3498288565295543}, {""sector"": ""NIFTY_MEDIA"", ""ltp"": 1596.15, ""return_pct"": -0.37760579203594774, ""rs_vs_nifty"": -0.37760579203594774}, {""sector"": ""NIFTY_PHARMA"", ""ltp"": 26240.6, ""return_pct"": -0.46013375363688847, ""rs_vs_nifty"": -0.46013375363688847}, {""sector"": ""NIFTY_HEALTHCARE"", ""ltp"": 16382.6, ""return_pct"": -0.4925988690270131, ""rs_vs_nifty"": -0.4925988690270131}, {""sector"": ""NIFTY_FIN_SERVICE"", ""ltp"": 25959.85, ""return_pct"": -0.5674505898575205, ""rs_vs_nifty"": -0.5674505898575205}, {""sector"": ""NIFTY_FMCG"", ""ltp"": 47442.5, ""return_pct"": -0.6123415202326246, ""rs_vs_nifty"": -0.6123415202326246}, {""sector"": ""NIFTY_INFRA"", ""ltp"": 9305.8, ""return_pct"": -0.7545419157365982, ""rs_vs_nifty"": -0.7545419157365982}, {""sector"": ""NIFTY_ENERGY"", ""ltp"": 38142.0, ""return_pct"": -1.1323562003532988, ""rs_vs_nifty"": -1.1323562003532988}]"
2026-08-19 13:53:32,NORMAL,24041.7,,0,24070.136129672934,,,False,True,[],"[[""NIFTY_ENERGY"", -1.1282088501860477, -1.1282088501860477], [""NIFTY_INFRA"", -0.7508091995456714, -0.7508091995456714], [""NIFTY_FMCG"", -0.6102466125342578, -0.6102466125342578]]","[{""sector"": ""NIFTY_IT"", ""ltp"": 30353.0, ""return_pct"": 0.4618803877081209, ""rs_vs_nifty"": 0.4618803877081209}, {""sector"": ""NIFTY_REALTY"", ""ltp"": 895.35, ""return_pct"": -0.05023442732752085, ""rs_vs_nifty"": -0.05023442732752085}, {""sector"": ""NIFTY_AUTO"", ""ltp"": 29206.65, ""return_pct"": -0.19785030010711874, ""rs_vs_nifty"": -0.19785030010711874}, {""sector"": ""NIFTY_METAL"", ""ltp"": 12996.3, ""return_pct"": -0.22264362433110949, ""rs_vs_nifty"": -0.22264362433110949}, {""sector"": ""NIFTY_BANK"", ""ltp"": 57089.5, ""return_pct"": -0.3019433345441362, ""rs_vs_nifty"": -0.3019433345441362}, {""sector"": ""NIFTY_PSU_BANK"", ""ltp"": 8590.75, ""return_pct"": -0.3219817833729767, ""rs_vs_nifty"": -0.3219817833729767}, {""sector"": ""NIFTY_PHARMA"", ""ltp"": 26246.2, ""return_pct"": -0.4388909752331992, ""rs_vs_nifty"": -0.4388909752331992}, {""sector"": ""NIFTY_MEDIA"", ""ltp"": 1594.65, ""return_pct"": -0.4712270627886627, ""rs_vs_nifty"": -0.4712270627886627}, {""sector"": ""NIFTY_HEALTHCARE"", ""ltp"": 16385.2, ""return_pct"": -0.47680655016794526, ""rs_vs_nifty"": -0.47680655016794526}, {""sector"": ""NIFTY_FIN_SERVICE"", ""ltp"": 25969.75, ""return_pct"": -0.5295311781829324, ""rs_vs_nifty"": -0.5295311781829324}, {""sector"": ""NIFTY_FMCG"", ""ltp"": 47443.5, ""return_pct"": -0.6102466125342578, ""rs_vs_nifty"": -0.6102466125342578}, {""sector"": ""NIFTY_INFRA"", ""ltp"": 9306.15, ""return_pct"": -0.7508091995456714, ""rs_vs_nifty"": -0.7508091995456714}, {""sector"": ""NIFTY_ENERGY"", ""ltp"": 38143.6, ""return_pct"": -1.1282088501860477, ""rs_vs_nifty"": -1.1282088501860477}]"
2026-08-19 13:53:49,NORMAL,24042.1,,0,24070.121244254333,,,False,True,[],"[[""NIFTY_ENERGY"", -1.127560826722414, -1.127560826722414], [""NIFTY_INFRA"", -0.7497427092054036, -0.7497427092054036], [""NIFTY_FMCG"", -0.5984103840384822, -0.5984103840384822]]","[{""sector"": ""NIFTY_IT"", ""ltp"": 30352.2, ""return_pct"": 0.45923256033322907, ""rs_vs_nifty"": 0.45923256033322907}, {""sector"": ""NIFTY_REALTY"", ""ltp"": 895.35, ""return_pct"": -0.05023442732752085, ""rs_vs_nifty"": -0.05023442732752085}, {""sector"": ""NIFTY_AUTO"", ""ltp"": 29205.8, ""return_pct"": -0.20075483819160042, ""rs_vs_nifty"": -0.20075483819160042}, {""sector"": ""NIFTY_METAL"", ""ltp"": 12998.15, ""return_pct"": -0.20844049657205316, ""rs_vs_nifty"": -0.20844049657205316}, {""sector"": ""NIFTY_BANK"", ""ltp"": 57094.7, ""return_pct"": -0.2928623320014606, ""rs_vs_nifty"": -0.2928623320014606}, {""sector"": ""NIFTY_PSU_BANK"", ""ltp"": 8590.8, ""return_pct"": -0.3214016360155564, ""rs_vs_nifty"": -0.3214016360155564}, {""sector"": ""NIFTY_PHARMA"", ""ltp"": 26244.25, ""return_pct"": -0.44628801414162655, ""rs_vs_nifty"": -0.44628801414162655}, {""sector"": ""NIFTY_MEDIA"", ""ltp"": 1594.8, ""return_pct"": -0.46186493571339976, ""rs_vs_nifty"": -0.46186493571339976}, {""sector"": ""NIFTY_HEALTHCARE"", ""ltp"": 16384.3, ""return_pct"": -0.4822731220807076, ""rs_vs_nifty"": -0.4822731220807076}, {""sector"": ""NIFTY_FIN_SERVICE"", ""ltp"": 25972.1, ""return_pct"": -0.520530105714729, ""rs_vs_nifty"": -0.520530105714729}, {""sector"": ""NIFTY_FMCG"", ""ltp"": 47449.15, ""return_pct"": -0.5984103840384822, ""rs_vs_nifty"": -0.5984103840384822}, {""sector"": ""NIFTY_INFRA"", ""ltp"": 9306.25, ""return_pct"": -0.7497427092054036, ""rs_vs_nifty"": -0.7497427092054036}, {""sector"": ""NIFTY_ENERGY"", ""ltp"": 38143.85, ""return_pct"": -1.127560826722414, ""rs_vs_nifty"": -1.127560826722414}]"
2026-08-19 13:55:28,NORMAL,24041.65,,0,24070.003411268837,,,False,True,[],"[[""NIFTY_ENERGY"", -1.1537409746532066, -1.1537409746532066], [""NIFTY_INFRA"", -0.7604076126080411, -0.7604076126080411], [""NIFTY_FMCG"", -0.5924398970981399, -0.5924398970981399]]","[{""sector"": ""NIFTY_IT"", ""ltp"": 30347.8, ""return_pct"": 0.4446695097713056, ""rs_vs_nifty"": 0.4446695097713056}, {""sector"": ""NIFTY_REALTY"", ""ltp"": 895.0, ""return_pct"": -0.08930564858226776, ""rs_vs_nifty"": -0.08930564858226776}, {""sector"": ""NIFTY_METAL"", ""ltp"": 12994.85, ""return_pct"": -0.23377580554765656, ""rs_vs_nifty"": -0.23377580554765656}, {""sector"": ""NIFTY_AUTO"", ""ltp"": 29195.85, ""return_pct"": -0.23475501929809522, ""rs_vs_nifty"": -0.23475501929809522}, {""sector"": ""NIFTY_BANK"", ""ltp"": 57090.85, ""return_pct"": -0.2995857665763274, ""rs_vs_nifty"": -0.2995857665763274}, {""sector"": ""NIFTY_PSU_BANK"", ""ltp"": 8589.75, ""return_pct"": -0.33358473052155246, ""rs_vs_nifty"": -0.33358473052155246}, {""sector"": ""NIFTY_MEDIA"", ""ltp"": 1595.35, ""return_pct"": -0.4275371364374071, ""rs_vs_nifty"": -0.4275371364374071}, {""sector"": ""NIFTY_PHARMA"", ""ltp"": 26241.1, ""return_pct"": -0.4582370769937027, ""rs_vs_nifty"": -0.4582370769937027}, {""sector"": ""NIFTY_HEALTHCARE"", ""ltp"": 16383.4, ""return_pct"": -0.48773969399345884, ""rs_vs_nifty"": -0.48773969399345884}, {""sector"": ""NIFTY_FIN_SERVICE"", ""ltp"": 25973.8, ""return_pct"": -0.5140186915887879, ""rs_vs_nifty"": -0.5140186915887879}, {""sector"": ""NIFTY_FMCG"", ""ltp"": 47452.0, ""return_pct"": -0.5924398970981399, ""rs_vs_nifty"": -0.5924398970981399}, {""sector"": ""NIFTY_INFRA"", ""ltp"": 9305.25, ""return_pct"": -0.7604076126080411, ""rs_vs_nifty"": -0.7604076126080411}, {""sector"": ""NIFTY_ENERGY"", ""ltp"": 38133.75, ""return_pct"": -1.1537409746532066, ""rs_vs_nifty"": -1.1537409746532066}]"
2026-08-19 13:55:45,NORMAL,24044.85,,0,24069.980797823286,,,False,True,[],"[[""NIFTY_ENERGY"", -1.1449278555477862, -1.1449278555477862], [""NIFTY_INFRA"", -0.7508091995456714, -0.7508091995456714], [""NIFTY_FMCG"", -0.5867836463125556, -0.5867836463125556]]","[{""sector"": ""NIFTY_IT"", ""ltp"": 30347.1, ""return_pct"": 0.4423526608182707, ""rs_vs_nifty"": 0.4423526608182707}, {""sector"": ""NIFTY_REALTY"", ""ltp"": 895.0, ""return_pct"": -0.08930564858226776, ""rs_vs_nifty"": -0.08930564858226776}, {""sector"": ""NIFTY_METAL"", ""ltp"": 12995.4, ""return_pct"": -0.22955325405172733, ""rs_vs_nifty"": -0.22955325405172733}, {""sector"": ""NIFTY_AUTO"", ""ltp"": 29194.8, ""return_pct"": -0.2383429781083256, ""rs_vs_nifty"": -0.2383429781083256}, {""sector"": ""NIFTY_BANK"", ""ltp"": 57093.6, ""return_pct"": -0.29478331330856355, ""rs_vs_nifty"": -0.29478331330856355}, {""sector"": ""NIFTY_PSU_BANK"", ""ltp"": 8589.85, ""return_pct"": -0.3324244358066907, ""rs_vs_nifty"": -0.3324244358066907}, {""sector"": ""NIFTY_MEDIA"", ""ltp"": 1595.1, ""return_pct"": -0.4431406815628596, ""rs_vs_nifty"": -0.4431406815628596}, {""sector"": ""NIFTY_PHARMA"", ""ltp"": 26242.45, ""return_pct"": -0.4531160500570927, ""rs_vs_nifty"": -0.4531160500570927}, {""sector"": ""NIFTY_HEALTHCARE"", ""ltp"": 16383.65, ""return_pct"": -0.4862212017954718, ""rs_vs_nifty"": -0.4862212017954718}, {""sector"": ""NIFTY_FIN_SERVICE"", ""ltp"": 25977.75, ""return_pct"": -0.49888922935498703, ""rs_vs_nifty"": -0.49888922935498703}, {""sector"": ""NIFTY_FMCG"", ""ltp"": 47454.7, ""return_pct"": -0.5867836463125556, ""rs_vs_nifty"": -0.5867836463125556}, {""sector"": ""NIFTY_INFRA"", ""ltp"": 9306.15, ""return_pct"": -0.7508091995456714, ""rs_vs_nifty"": -0.7508091995456714}, {""sector"": ""NIFTY_ENERGY"", ""ltp"": 38137.15, ""return_pct"": -1.1449278555477862, ""rs_vs_nifty"": -1.1449278555477862}]"
2026-08-19 13:57:28,NORMAL,24045.1,,0,24069.869621051974,,,False,True,[],"[[""NIFTY_ENERGY"", -1.123802290633328, -1.123802290633328], [""NIFTY_INFRA"", -0.7492094640352795, -0.7492094640352795], [""NIFTY_FMCG"", -0.607837468681133, -0.607837468681133]]","[{""sector"": ""NIFTY_IT"", ""ltp"": 30350.05, ""return_pct"": 0.4521165242631959, ""rs_vs_nifty"": 0.4521165242631959}, {""sector"": ""NIFTY_REALTY"", ""ltp"": 895.8, ""return_pct"": 0.0, ""rs_vs_nifty"": 0.0}, {""sector"": ""NIFTY_METAL"", ""ltp"": 12994.8, ""return_pct"": -0.2341596738654772, ""rs_vs_nifty"": -0.2341596738654772}, {""sector"": ""NIFTY_AUTO"", ""ltp"": 29191.55, ""return_pct"": -0.2494485649019035, ""rs_vs_nifty"": -0.2494485649019035}, {""sector"": ""NIFTY_BANK"", ""ltp"": 57108.75, ""return_pct"": -0.26832616166978934, ""rs_vs_nifty"": -0.26832616166978934}, {""sector"": ""NIFTY_PSU_BANK"", ""ltp"": 8590.65, ""return_pct"": -0.32314207808783857, ""rs_vs_nifty"": -0.32314207808783857}, {""sector"": ""NIFTY_PHARMA"", ""ltp"": 26244.9, ""return_pct"": -0.4438223345054794, ""rs_vs_nifty"": -0.4438223345054794}, {""sector"": ""NIFTY_MEDIA"", ""ltp"": 1594.85, ""return_pct"": -0.4587442266883121, ""rs_vs_nifty"": -0.4587442266883121}, {""sector"": ""NIFTY_HEALTHCARE"", ""ltp"": 16384.95, ""return_pct"": -0.4783250423659323, ""rs_vs_nifty"": -0.4783250423659323}, {""sector"": ""NIFTY_FIN_SERVICE"", ""ltp"": 25982.2, ""return_pct"": -0.4818446453194395, ""rs_vs_nifty"": -0.4818446453194395}, {""sector"": ""NIFTY_FMCG"", ""ltp"": 47444.65, ""return_pct"": -0.607837468681133, ""rs_vs_nifty"": -0.607837468681133}, {""sector"": ""NIFTY_INFRA"", ""ltp"": 9306.3, ""return_pct"": -0.7492094640352795, ""rs_vs_nifty"": -0.7492094640352795}, {""sector"": ""NIFTY_ENERGY"", ""ltp"": 38145.3, ""return_pct"": -1.123802290633328, ""rs_vs_nifty"": -1.123802290633328}]"
2026-08-19 13:57:47,NORMAL,24046.5,,0,24069.863994777497,,,False,True,[],"[[""NIFTY_ENERGY"", -1.1149891715279265, -1.1149891715279265], [""NIFTY_INFRA"", -0.7380113154624987, -0.7380113154624987], [""NIFTY_FMCG"", -0.6142269371611578, -0.6142269371611578]]","[{""sector"": ""NIFTY_IT"", ""ltp"": 30349.35, ""return_pct"": 0.44979967531016096, ""rs_vs_nifty"": 0.44979967531016096}, {""sector"": ""NIFTY_REALTY"", ""ltp"": 895.8, ""return_pct"": 0.0, ""rs_vs_nifty"": 0.0}, {""sector"": ""NIFTY_METAL"", ""ltp"": 12994.55, ""return_pct"": -0.2360790154545385, ""rs_vs_nifty"": -0.2360790154545385}, {""sector"": ""NIFTY_AUTO"", ""ltp"": 29192.85, ""return_pct"": -0.24500633018447482, ""rs_vs_nifty"": -0.24500633018447482}, {""sector"": ""NIFTY_BANK"", ""ltp"": 57111.2, ""return_pct"": -0.26404761239487756, ""rs_vs_nifty"": -0.26404761239487756}, {""sector"": ""NIFTY_PSU_BANK"", ""ltp"": 8591.15, ""return_pct"": -0.3173406045135507, ""rs_vs_nifty"": -0.3173406045135507}, {""sector"": ""NIFTY_PHARMA"", ""ltp"": 26249.35, ""return_pct"": -0.4269419123811368, ""rs_vs_nifty"": -0.4269419123811368}, {""sector"": ""NIFTY_HEALTHCARE"", ""ltp"": 16384.8, ""return_pct"": -0.4792361376847334, ""rs_vs_nifty"": -0.4792361376847334}, {""sector"": ""NIFTY_MEDIA"", ""ltp"": 1594.5, ""return_pct"": -0.48058918986393995, ""rs_vs_nifty"": -0.48058918986393995}, {""sector"": ""NIFTY_FIN_SERVICE"", ""ltp"": 25980.45, ""return_pct"": -0.48854757162555257, ""rs_vs_nifty"": -0.48854757162555257}, {""sector"": ""NIFTY_FMCG"", ""ltp"": 47441.6, ""return_pct"": -0.6142269371611578, ""rs_vs_nifty"": -0.6142269371611578}, {""sector"": ""NIFTY_INFRA"", ""ltp"": 9307.35, ""return_pct"": -0.7380113154624987, ""rs_vs_nifty"": -0.7380113154624987}, {""sector"": ""NIFTY_ENERGY"", ""ltp"": 38148.7, ""return_pct"": -1.1149891715279265, ""rs_vs_nifty"": -1.1149891715279265}]"
2026-08-19 13:59:29,NORMAL,24046.2,,0,24069.778459835623,,,False,True,[],"[[""NIFTY_ENERGY"", -1.1131747058297412, -1.1131747058297412], [""NIFTY_INFRA"", -0.7300126379105205, -0.7300126379105205], [""NIFTY_FMCG"", -0.6109798302286832, -0.6109798302286832]]","[{""sector"": ""NIFTY_IT"", ""ltp"": 30335.6, ""return_pct"": 0.40429014230416527, ""rs_vs_nifty"": 0.40429014230416527}, {""sector"": ""NIFTY_REALTY"", ""ltp"": 896.05, ""return_pct"": 0.02790801518196026, ""rs_vs_nifty"": 0.02790801518196026}, {""sector"": ""NIFTY_AUTO"", ""ltp"": 29193.65, ""return_pct"": -0.24227264728143033, ""rs_vs_nifty"": -0.24227264728143033}, {""sector"": ""NIFTY_BANK"", ""ltp"": 57115.05, ""return_pct"": -0.257324177819998, ""rs_vs_nifty"": -0.257324177819998}, {""sector"": ""NIFTY_METAL"", ""ltp"": 12988.8, ""return_pct"": -0.2802238720029481, ""rs_vs_nifty"": -0.2802238720029481}, {""sector"": ""NIFTY_PSU_BANK"", ""ltp"": 8591.1, ""return_pct"": -0.317920751870971, ""rs_vs_nifty"": -0.317920751870971}, {""sector"": ""NIFTY_PHARMA"", ""ltp"": 26255.7, ""return_pct"": -0.4028541190126687, ""rs_vs_nifty"": -0.4028541190126687}, {""sector"": ""NIFTY_HEALTHCARE"", ""ltp"": 16390.7, ""return_pct"": -0.4433997218122293, ""rs_vs_nifty"": -0.4433997218122293}, {""sector"": ""NIFTY_FIN_SERVICE"", ""ltp"": 25983.3, ""return_pct"": -0.4776313773556026, ""rs_vs_nifty"": -0.4776313773556026}, {""sector"": ""NIFTY_MEDIA"", ""ltp"": 1593.6, ""return_pct"": -0.5367619523155746, ""rs_vs_nifty"": -0.5367619523155746}, {""sector"": ""NIFTY_FMCG"", ""ltp"": 47443.15, ""return_pct"": -0.6109798302286832, ""rs_vs_nifty"": -0.6109798302286832}, {""sector"": ""NIFTY_INFRA"", ""ltp"": 9308.1, ""return_pct"": -0.7300126379105205, ""rs_vs_nifty"": -0.7300126379105205}, {""sector"": ""NIFTY_ENERGY"", ""ltp"": 38149.4, ""return_pct"": -1.1131747058297412, ""rs_vs_nifty"": -1.1131747058297412}]"
2026-08-19 13:59:45,NORMAL,24043.8,,0,24069.748092896454,,,False,True,[],"[[""NIFTY_ENERGY"", -1.111878658902474, -1.111878658902474], [""NIFTY_INFRA"", -0.7465432381846202, -0.7465432381846202], [""NIFTY_FMCG"", -0.6219780956451089, -0.6219780956451089]]","[{""sector"": ""NIFTY_IT"", ""ltp"": 30336.9, ""return_pct"": 0.40859286178837817, ""rs_vs_nifty"": 0.40859286178837817}, {""sector"": ""NIFTY_REALTY"", ""ltp"": 895.95, ""return_pct"": 0.01674480910918631, ""rs_vs_nifty"": 0.01674480910918631}, {""sector"": ""NIFTY_AUTO"", ""ltp"": 29187.1, ""return_pct"": -0.26465467605003573, ""rs_vs_nifty"": -0.26465467605003573}, {""sector"": ""NIFTY_BANK"", ""ltp"": 57109.65, ""return_pct"": -0.2667544496912459, ""rs_vs_nifty"": -0.2667544496912459}, {""sector"": ""NIFTY_METAL"", ""ltp"": 12985.7, ""return_pct"": -0.3040237077072969, ""rs_vs_nifty"": -0.3040237077072969}, {""sector"": ""NIFTY_PSU_BANK"", ""ltp"": 8588.2, ""return_pct"": -0.3515692986018364, ""rs_vs_nifty"": -0.3515692986018364}, {""sector"": ""NIFTY_PHARMA"", ""ltp"": 26253.8, ""return_pct"": -0.41006149025678035, ""rs_vs_nifty"": -0.41006149025678035}, {""sector"": ""NIFTY_HEALTHCARE"", ""ltp"": 16388.85, ""return_pct"": -0.454636564077347, ""rs_vs_nifty"": -0.454636564077347}, {""sector"": ""NIFTY_FIN_SERVICE"", ""ltp"": 25978.2, ""return_pct"": -0.4971656197334123, ""rs_vs_nifty"": -0.4971656197334123}, {""sector"": ""NIFTY_MEDIA"", ""ltp"": 1593.3, ""return_pct"": -0.5554862064661148, ""rs_vs_nifty"": -0.5554862064661148}, {""sector"": ""NIFTY_FMCG"", ""ltp"": 47437.9, ""return_pct"": -0.6219780956451089, ""rs_vs_nifty"": -0.6219780956451089}, {""sector"": ""NIFTY_INFRA"", ""ltp"": 9306.55, ""return_pct"": -0.7465432381846202, ""rs_vs_nifty"": -0.7465432381846202}, {""sector"": ""NIFTY_ENERGY"", ""ltp"": 38149.9, ""return_pct"": -1.111878658902474, ""rs_vs_nifty"": -1.111878658902474}]"
2026-08-19 14:01:26,NORMAL,24048.85,,0,24069.668180436358,,,False,True,[],"[[""NIFTY_ENERGY"", -1.1187477076169936, -1.1187477076169936], [""NIFTY_INFRA"", -0.7364115799521069, -0.7364115799521069], [""NIFTY_FMCG"", -0.5850029747689316, -0.5850029747689316]]","[{""sector"": ""NIFTY_IT"", ""ltp"": 30337.85, ""return_pct"": 0.41173715679605544, ""rs_vs_nifty"": 0.41173715679605544}, {""sector"": ""NIFTY_REALTY"", ""ltp"": 896.4, ""return_pct"": 0.06697923643670717, ""rs_vs_nifty"": 0.06697923643670717}, {""sector"": ""NIFTY_AUTO"", ""ltp"": 29200.4, ""return_pct"": -0.21920719778707626, ""rs_vs_nifty"": -0.21920719778707626}, {""sector"": ""NIFTY_BANK"", ""ltp"": 57135.3, ""return_pct"": -0.2219606583028279, ""rs_vs_nifty"": -0.2219606583028279}, {""sector"": ""NIFTY_METAL"", ""ltp"": 12992.65, ""return_pct"": -0.2506660115314015, ""rs_vs_nifty"": -0.2506660115314015}, {""sector"": ""NIFTY_PSU_BANK"", ""ltp"": 8592.95, ""return_pct"": -0.2964552996461017, ""rs_vs_nifty"": -0.2964552996461017}, {""sector"": ""NIFTY_PHARMA"", ""ltp"": 26258.45, ""return_pct"": -0.3924223974751468, ""rs_vs_nifty"": -0.3924223974751468}, {""sector"": ""NIFTY_HEALTHCARE"", ""ltp"": 16388.4, ""return_pct"": -0.4573698500337061, ""rs_vs_nifty"": -0.4573698500337061}, {""sector"": ""NIFTY_FIN_SERVICE"", ""ltp"": 25988.5, ""return_pct"": -0.4577141106174353, ""rs_vs_nifty"": -0.4577141106174353}, {""sector"": ""NIFTY_MEDIA"", ""ltp"": 1594.5, ""return_pct"": -0.48058918986393995, ""rs_vs_nifty"": -0.48058918986393995}, {""sector"": ""NIFTY_FMCG"", ""ltp"": 47455.55, ""return_pct"": -0.5850029747689316, ""rs_vs_nifty"": -0.5850029747689316}, {""sector"": ""NIFTY_INFRA"", ""ltp"": 9307.5, ""return_pct"": -0.7364115799521069, ""rs_vs_nifty"": -0.7364115799521069}, {""sector"": ""NIFTY_ENERGY"", ""ltp"": 38147.25, ""return_pct"": -1.1187477076169936, ""rs_vs_nifty"": -1.1187477076169936}]"
2026-08-19 14:01:45,NORMAL,24049.65,,0,24069.663128917306,,,False,True,[],"[[""NIFTY_ENERGY"", -1.1240615000187966, -1.1240615000187966], [""NIFTY_INFRA"", -0.7252134313793454, -0.7252134313793454], [""NIFTY_FMCG"", -0.5732714916580806, -0.5732714916580806]]","[{""sector"": ""NIFTY_IT"", ""ltp"": 30337.65, ""return_pct"": 0.4110751999523415, ""rs_vs_nifty"": 0.4110751999523415}, {""sector"": ""NIFTY_REALTY"", ""ltp"": 896.6, ""return_pct"": 0.08930564858228045, ""rs_vs_nifty"": 0.08930564858228045}, {""sector"": ""NIFTY_AUTO"", ""ltp"": 29207.75, ""return_pct"": -0.1940914861154512, ""rs_vs_nifty"": -0.1940914861154512}, {""sector"": ""NIFTY_BANK"", ""ltp"": 57146.2, ""return_pct"": -0.20292547989606505, ""rs_vs_nifty"": -0.20292547989606505}, {""sector"": ""NIFTY_METAL"", ""ltp"": 12993.75, ""return_pct"": -0.24222090853952902, ""rs_vs_nifty"": -0.24222090853952902}, {""sector"": ""NIFTY_PSU_BANK"", ""ltp"": 8594.45, ""return_pct"": -0.27905087892323804, ""rs_vs_nifty"": -0.27905087892323804}, {""sector"": ""NIFTY_PHARMA"", ""ltp"": 26254.4, ""return_pct"": -0.40778547828494904, ""rs_vs_nifty"": -0.40778547828494904}, {""sector"": ""NIFTY_FIN_SERVICE"", ""ltp"": 25992.45, ""return_pct"": -0.4425846483836344, ""rs_vs_nifty"": -0.4425846483836344}, {""sector"": ""NIFTY_HEALTHCARE"", ""ltp"": 16387.1, ""return_pct"": -0.4652660094632566, ""rs_vs_nifty"": -0.4652660094632566}, {""sector"": ""NIFTY_MEDIA"", ""ltp"": 1594.55, ""return_pct"": -0.47746848083885224, ""rs_vs_nifty"": -0.47746848083885224}, {""sector"": ""NIFTY_FMCG"", ""ltp"": 47461.15, ""return_pct"": -0.5732714916580806, ""rs_vs_nifty"": -0.5732714916580806}, {""sector"": ""NIFTY_INFRA"", ""ltp"": 9308.55, ""return_pct"": -0.7252134313793454, ""rs_vs_nifty"": -0.7252134313793454}, {""sector"": ""NIFTY_ENERGY"", ""ltp"": 38145.2, ""return_pct"": -1.1240615000187966, ""rs_vs_nifty"": -1.1240615000187966}]"
2026-08-19 14:03:24,NORMAL,24055.45,,0,24069.608679112876,,,False,True,[],"[[""NIFTY_ENERGY"", -1.1287272689569467, -1.1287272689569467], [""NIFTY_INFRA"", -0.7401442961430338, -0.7401442961430338], [""NIFTY_FMCG"", -0.5638444070154299, -0.5638444070154299]]","[{""sector"": ""NIFTY_IT"", ""ltp"": 30343.2, ""return_pct"": 0.4294445023656683, ""rs_vs_nifty"": 0.4294445023656683}, {""sector"": ""NIFTY_REALTY"", ""ltp"": 896.7, ""return_pct"": 0.1004688546550671, ""rs_vs_nifty"": 0.1004688546550671}, {""sector"": ""NIFTY_BANK"", ""ltp"": 57168.75, ""return_pct"": -0.1635453631003965, ""rs_vs_nifty"": -0.1635453631003965}, {""sector"": ""NIFTY_METAL"", ""ltp"": 12995.3, ""return_pct"": -0.23032099068735465, ""rs_vs_nifty"": -0.23032099068735465}, {""sector"": ""NIFTY_AUTO"", ""ltp"": 29196.65, ""return_pct"": -0.2320213363950507, ""rs_vs_nifty"": -0.2320213363950507}, {""sector"": ""NIFTY_PSU_BANK"", ""ltp"": 8595.6, ""return_pct"": -0.2657074897023802, ""rs_vs_nifty"": -0.2657074897023802}, {""sector"": ""NIFTY_FIN_SERVICE"", ""ltp"": 26004.9, ""return_pct"": -0.3948981155201415, ""rs_vs_nifty"": -0.3948981155201415}, {""sector"": ""NIFTY_PHARMA"", ""ltp"": 26255.3, ""return_pct"": -0.40437146032722293, ""rs_vs_nifty"": -0.40437146032722293}, {""sector"": ""NIFTY_MEDIA"", ""ltp"": 1595.2, ""return_pct"": -0.43689926351267006, ""rs_vs_nifty"": -0.43689926351267006}, {""sector"": ""NIFTY_HEALTHCARE"", ""ltp"": 16387.9, ""return_pct"": -0.4604068344296802, ""rs_vs_nifty"": -0.4604068344296802}, {""sector"": ""NIFTY_FMCG"", ""ltp"": 47465.65, ""return_pct"": -0.5638444070154299, ""rs_vs_nifty"": -0.5638444070154299}, {""sector"": ""NIFTY_INFRA"", ""ltp"": 9307.15, ""return_pct"": -0.7401442961430338, ""rs_vs_nifty"": -0.7401442961430338}, {""sector"": ""NIFTY_ENERGY"", ""ltp"": 38143.4, ""return_pct"": -1.1287272689569467, ""rs_vs_nifty"": -1.1287272689569467}]"
2026-08-19 14:03:43,NORMAL,24054.3,,0,24069.59238489359,,,False,True,[],"[[""NIFTY_ENERGY"", -1.129245687727865, -1.129245687727865], [""NIFTY_INFRA"", -0.7460099930144767, -0.7460099930144767], [""NIFTY_FMCG"", -0.5682437131819972, -0.5682437131819972]]","[{""sector"": ""NIFTY_IT"", ""ltp"": 30344.9, ""return_pct"": 0.435071135537321, ""rs_vs_nifty"": 0.435071135537321}, {""sector"": ""NIFTY_REALTY"", ""ltp"": 896.3, ""return_pct"": 0.05581603036392052, ""rs_vs_nifty"": 0.05581603036392052}, {""sector"": ""NIFTY_BANK"", ""ltp"": 57169.2, ""return_pct"": -0.16275950711113113, ""rs_vs_nifty"": -0.16275950711113113}, {""sector"": ""NIFTY_METAL"", ""ltp"": 12994.15, ""return_pct"": -0.23914996199703378, ""rs_vs_nifty"": -0.23914996199703378}, {""sector"": ""NIFTY_AUTO"", ""ltp"": 29189.45, ""return_pct"": -0.25662448252236425, ""rs_vs_nifty"": -0.25662448252236425}, {""sector"": ""NIFTY_PSU_BANK"", ""ltp"": 8595.55, ""return_pct"": -0.2662876370598216, ""rs_vs_nifty"": -0.2662876370598216}, {""sector"": ""NIFTY_FIN_SERVICE"", ""ltp"": 26004.55, ""return_pct"": -0.39623870078137247, ""rs_vs_nifty"": -0.39623870078137247}, {""sector"": ""NIFTY_PHARMA"", ""ltp"": 26254.6, ""return_pct"": -0.40702680762768584, ""rs_vs_nifty"": -0.40702680762768584}, {""sector"": ""NIFTY_MEDIA"", ""ltp"": 1595.0, ""return_pct"": -0.44938209961303494, ""rs_vs_nifty"": -0.44938209961303494}, {""sector"": ""NIFTY_HEALTHCARE"", ""ltp"": 16385.5, ""return_pct"": -0.4749843595303651, ""rs_vs_nifty"": -0.4749843595303651}, {""sector"": ""NIFTY_FMCG"", ""ltp"": 47463.55, ""return_pct"": -0.5682437131819972, ""rs_vs_nifty"": -0.5682437131819972}, {""sector"": ""NIFTY_INFRA"", ""ltp"": 9306.6, ""return_pct"": -0.7460099930144767, ""rs_vs_nifty"": -0.7460099930144767}, {""sector"": ""NIFTY_ENERGY"", ""ltp"": 38143.2, ""return_pct"": -1.129245687727865, ""rs_vs_nifty"": -1.129245687727865}]"
2026-08-19 14:05:23,NORMAL,24052.25,,0,24069.50903171473,,,False,True,[],"[[""NIFTY_ENERGY"", -1.1482975775586883, -1.1482975775586883], [""NIFTY_INFRA"", -0.7636070836288246, -0.7636070836288246], [""NIFTY_FMCG"", -0.6201974241015001, -0.6201974241015001]]","[{""sector"": ""NIFTY_IT"", ""ltp"": 30355.4, ""return_pct"": 0.46982386983280866, ""rs_vs_nifty"": 0.46982386983280866}, {""sector"": ""NIFTY_REALTY"", ""ltp"": 895.65, ""return_pct"": -0.016744809109173617, ""rs_vs_nifty"": -0.016744809109173617}, {""sector"": ""NIFTY_BANK"", ""ltp"": 57160.9, ""return_pct"": -0.1772541842465562, ""rs_vs_nifty"": -0.1772541842465562}, {""sector"": ""NIFTY_AUTO"", ""ltp"": 29185.5, ""return_pct"": -0.27012204185609984, ""rs_vs_nifty"": -0.27012204185609984}, {""sector"": ""NIFTY_METAL"", ""ltp"": 12987.6, ""return_pct"": -0.2894367116304339, ""rs_vs_nifty"": -0.2894367116304339}, {""sector"": ""NIFTY_PSU_BANK"", ""ltp"": 8593.05, ""return_pct"": -0.295295004931261, ""rs_vs_nifty"": -0.295295004931261}, {""sector"": ""NIFTY_FIN_SERVICE"", ""ltp"": 26000.65, ""return_pct"": -0.41117665083498756, ""rs_vs_nifty"": -0.41117665083498756}, {""sector"": ""NIFTY_PHARMA"", ""ltp"": 26252.9, ""return_pct"": -0.4134755082145065, ""rs_vs_nifty"": -0.4134755082145065}, {""sector"": ""NIFTY_MEDIA"", ""ltp"": 1595.25, ""return_pct"": -0.43377855448758246, ""rs_vs_nifty"": -0.43377855448758246}, {""sector"": ""NIFTY_HEALTHCARE"", ""ltp"": 16384.4, ""return_pct"": -0.48166572520149953, ""rs_vs_nifty"": -0.48166572520149953}, {""sector"": ""NIFTY_FMCG"", ""ltp"": 47438.75, ""return_pct"": -0.6201974241015001, ""rs_vs_nifty"": -0.6201974241015001}, {""sector"": ""NIFTY_INFRA"", ""ltp"": 9304.95, ""return_pct"": -0.7636070836288246, ""rs_vs_nifty"": -0.7636070836288246}, {""sector"": ""NIFTY_ENERGY"", ""ltp"": 38135.85, ""return_pct"": -1.1482975775586883, ""rs_vs_nifty"": -1.1482975775586883}]"
2026-08-19 14:05:41,NORMAL,24056.2,,0,24069.498949171262,,,False,True,[],"[[""NIFTY_ENERGY"", -1.153222555882307, -1.153222555882307], [""NIFTY_INFRA"", -0.7593411222677735, -0.7593411222677735], [""NIFTY_FMCG"", -0.6168455717841163, -0.6168455717841163]]","[{""sector"": ""NIFTY_IT"", ""ltp"": 30360.15, ""return_pct"": 0.4855453448712435, ""rs_vs_nifty"": 0.4855453448712435}, {""sector"": ""NIFTY_REALTY"", ""ltp"": 895.7, ""return_pct"": -0.011163206072773952, ""rs_vs_nifty"": -0.011163206072773952}, {""sector"": ""NIFTY_BANK"", ""ltp"": 57166.05, ""return_pct"": -0.1682604990360141, ""rs_vs_nifty"": -0.1682604990360141}, {""sector"": ""NIFTY_AUTO"", ""ltp"": 29188.3, ""return_pct"": -0.2605541516954814, ""rs_vs_nifty"": -0.2605541516954814}, {""sector"": ""NIFTY_METAL"", ""ltp"": 12990.6, ""return_pct"": -0.26640461256169845, ""rs_vs_nifty"": -0.26640461256169845}, {""sector"": ""NIFTY_PSU_BANK"", ""ltp"": 8593.7, ""return_pct"": -0.28775308928466986, ""rs_vs_nifty"": -0.28775308928466986}, {""sector"": ""NIFTY_FIN_SERVICE"", ""ltp"": 26004.95, ""return_pct"": -0.3947066033399696, ""rs_vs_nifty"": -0.3947066033399696}, {""sector"": ""NIFTY_MEDIA"", ""ltp"": 1595.55, ""return_pct"": -0.41505430033704227, ""rs_vs_nifty"": -0.41505430033704227}, {""sector"": ""NIFTY_PHARMA"", ""ltp"": 26252.2, ""return_pct"": -0.4161308555149694, ""rs_vs_nifty"": -0.4161308555149694}, {""sector"": ""NIFTY_HEALTHCARE"", ""ltp"": 16385.5, ""return_pct"": -0.4749843595303651, ""rs_vs_nifty"": -0.4749843595303651}, {""sector"": ""NIFTY_FMCG"", ""ltp"": 47440.35, ""return_pct"": -0.6168455717841163, ""rs_vs_nifty"": -0.6168455717841163}, {""sector"": ""NIFTY_INFRA"", ""ltp"": 9305.35, ""return_pct"": -0.7593411222677735, ""rs_vs_nifty"": -0.7593411222677735}, {""sector"": ""NIFTY_ENERGY"", ""ltp"": 38133.95, ""return_pct"": -1.153222555882307, ""rs_vs_nifty"": -1.153222555882307}]"
2026-08-19 14:07:17,NORMAL,24053.95,,0,24069.419998255726,,,False,True,"[[""NIFTY_IT"", 0.5476037989703285, 0.5476037989703285]]","[[""NIFTY_ENERGY"", -1.1381884115260008, -1.1381884115260008], [""NIFTY_INFRA"", -0.7652068191392357, -0.7652068191392357], [""NIFTY_FMCG"", -0.6112940663834412, -0.6112940663834412]]","[{""sector"": ""NIFTY_IT"", ""ltp"": 30378.9, ""return_pct"": 0.5476037989703285, ""rs_vs_nifty"": 0.5476037989703285}, {""sector"": ""NIFTY_REALTY"", ""ltp"": 896.05, ""return_pct"": 0.02790801518196026, ""rs_vs_nifty"": 0.02790801518196026}, {""sector"": ""NIFTY_BANK"", ""ltp"": 57169.0, ""return_pct"": -0.1631087764396907, ""rs_vs_nifty"": -0.1631087764396907}, {""sector"": ""NIFTY_AUTO"", ""ltp"": 29192.85, ""return_pct"": -0.24500633018447482, ""rs_vs_nifty"": -0.24500633018447482}, {""sector"": ""NIFTY_METAL"", ""ltp"": 12992.3, ""return_pct"": -0.2533530897560901, ""rs_vs_nifty"": -0.2533530897560901}, {""sector"": ""NIFTY_PSU_BANK"", ""ltp"": 8595.45, ""return_pct"": -0.2674479317746623, ""rs_vs_nifty"": -0.2674479317746623}, {""sector"": ""NIFTY_FIN_SERVICE"", ""ltp"": 26002.35, ""return_pct"": -0.4046652367090603, ""rs_vs_nifty"": -0.4046652367090603}, {""sector"": ""NIFTY_PHARMA"", ""ltp"": 26253.4, ""return_pct"": -0.4115788315713207, ""rs_vs_nifty"": -0.4115788315713207}, {""sector"": ""NIFTY_MEDIA"", ""ltp"": 1595.05, ""return_pct"": -0.4462613905879473, ""rs_vs_nifty"": -0.4462613905879473}, {""sector"": ""NIFTY_HEALTHCARE"", ""ltp"": 16386.5, ""return_pct"": -0.4689103907384168, ""rs_vs_nifty"": -0.4689103907384168}, {""sector"": ""NIFTY_FMCG"", ""ltp"": 47443.0, ""return_pct"": -0.6112940663834412, ""rs_vs_nifty"": -0.6112940663834412}, {""sector"": ""NIFTY_INFRA"", ""ltp"": 9304.8, ""return_pct"": -0.7652068191392357, ""rs_vs_nifty"": -0.7652068191392357}, {""sector"": ""NIFTY_ENERGY"", ""ltp"": 38139.75, ""return_pct"": -1.1381884115260008, ""rs_vs_nifty"": -1.1381884115260008}]"
2026-08-19 14:07:34,NORMAL,24054.05,,0,24069.412390454265,,,False,True,"[[""NIFTY_IT"", 0.5255937339165149, 0.5255937339165149]]","[[""NIFTY_ENERGY"", -1.1493344151005058, -1.1493344151005058], [""NIFTY_INFRA"", -0.7636070836288246, -0.7636070836288246], [""NIFTY_FMCG"", -0.6031239263598076, -0.6031239263598076]]","[{""sector"": ""NIFTY_IT"", ""ltp"": 30372.25, ""return_pct"": 0.5255937339165149, ""rs_vs_nifty"": 0.5255937339165149}, {""sector"": ""NIFTY_REALTY"", ""ltp"": 895.95, ""return_pct"": 0.01674480910918631, ""rs_vs_nifty"": 0.01674480910918631}, {""sector"": ""NIFTY_BANK"", ""ltp"": 57166.25, ""return_pct"": -0.16791122970745453, ""rs_vs_nifty"": -0.16791122970745453}, {""sector"": ""NIFTY_AUTO"", ""ltp"": 29193.3, ""return_pct"": -0.2434686335515154, ""rs_vs_nifty"": -0.2434686335515154}, {""sector"": ""NIFTY_METAL"", ""ltp"": 12991.25, ""return_pct"": -0.2614143244301419, ""rs_vs_nifty"": -0.2614143244301419}, {""sector"": ""NIFTY_PSU_BANK"", ""ltp"": 8594.8, ""return_pct"": -0.27498984742125343, ""rs_vs_nifty"": -0.27498984742125343}, {""sector"": ""NIFTY_FIN_SERVICE"", ""ltp"": 26001.65, ""return_pct"": -0.40734640723149435, ""rs_vs_nifty"": -0.40734640723149435}, {""sector"": ""NIFTY_PHARMA"", ""ltp"": 26251.15, ""return_pct"": -0.42011387646565684, ""rs_vs_nifty"": -0.42011387646565684}, {""sector"": ""NIFTY_MEDIA"", ""ltp"": 1594.8, ""return_pct"": -0.46186493571339976, ""rs_vs_nifty"": -0.46186493571339976}, {""sector"": ""NIFTY_HEALTHCARE"", ""ltp"": 16384.5, ""return_pct"": -0.48105832832231343, ""rs_vs_nifty"": -0.48105832832231343}, {""sector"": ""NIFTY_FMCG"", ""ltp"": 47446.9, ""return_pct"": -0.6031239263598076, ""rs_vs_nifty"": -0.6031239263598076}, {""sector"": ""NIFTY_INFRA"", ""ltp"": 9304.95, ""return_pct"": -0.7636070836288246, ""rs_vs_nifty"": -0.7636070836288246}, {""sector"": ""NIFTY_ENERGY"", ""ltp"": 38135.45, ""return_pct"": -1.1493344151005058, ""rs_vs_nifty"": -1.1493344151005058}]"
2026-08-19 14:09:18,NORMAL,24056.65,,0,24069.379357109836,,,False,True,"[[""NIFTY_IT"", 0.5191396546902076, 0.5191396546902076]]","[[""NIFTY_ENERGY"", -1.1193957310806273, -1.1193957310806273], [""NIFTY_INFRA"", -0.740677541313158, -0.740677541313158], [""NIFTY_FMCG"", -0.6237587671887176, -0.6237587671887176]]","[{""sector"": ""NIFTY_IT"", ""ltp"": 30370.3, ""return_pct"": 0.5191396546902076, ""rs_vs_nifty"": 0.5191396546902076}, {""sector"": ""NIFTY_REALTY"", ""ltp"": 896.0, ""return_pct"": 0.022326412145573286, ""rs_vs_nifty"": 0.022326412145573286}, {""sector"": ""NIFTY_BANK"", ""ltp"": 57183.85, ""return_pct"": -0.13717552879376854, ""rs_vs_nifty"": -0.13717552879376854}, {""sector"": ""NIFTY_AUTO"", ""ltp"": 29199.75, ""return_pct"": -0.22142831514579678, ""rs_vs_nifty"": -0.22142831514579678}, {""sector"": ""NIFTY_PSU_BANK"", ""ltp"": 8596.6, ""return_pct"": -0.25410454255380444, ""rs_vs_nifty"": -0.25410454255380444}, {""sector"": ""NIFTY_METAL"", ""ltp"": 12990.3, ""return_pct"": -0.26870782246858044, ""rs_vs_nifty"": -0.26870782246858044}, {""sector"": ""NIFTY_FIN_SERVICE"", ""ltp"": 26003.05, ""return_pct"": -0.4019840661866123, ""rs_vs_nifty"": -0.4019840661866123}, {""sector"": ""NIFTY_PHARMA"", ""ltp"": 26248.5, ""return_pct"": -0.43016626267454716, ""rs_vs_nifty"": -0.43016626267454716}, {""sector"": ""NIFTY_HEALTHCARE"", ""ltp"": 16385.65, ""return_pct"": -0.47407326421156404, ""rs_vs_nifty"": -0.47407326421156404}, {""sector"": ""NIFTY_MEDIA"", ""ltp"": 1594.0, ""return_pct"": -0.5117962801148449, ""rs_vs_nifty"": -0.5117962801148449}, {""sector"": ""NIFTY_FMCG"", ""ltp"": 47437.05, ""return_pct"": -0.6237587671887176, ""rs_vs_nifty"": -0.6237587671887176}, {""sector"": ""NIFTY_INFRA"", ""ltp"": 9307.1, ""return_pct"": -0.740677541313158, ""rs_vs_nifty"": -0.740677541313158}, {""sector"": ""NIFTY_ENERGY"", ""ltp"": 38147.0, ""return_pct"": -1.1193957310806273, ""rs_vs_nifty"": -1.1193957310806273}]"
2026-08-19 14:09:36,NORMAL,24054.0,,0,24069.367236077658,,,False,True,"[[""NIFTY_IT"", 0.5067279638703907, 0.5067279638703907]]","[[""NIFTY_ENERGY"", -1.122247034320611, -1.122247034320611], [""NIFTY_INFRA"", -0.7417440316534256, -0.7417440316534256], [""NIFTY_FMCG"", -0.6217686048752753, -0.6217686048752753]]","[{""sector"": ""NIFTY_IT"", ""ltp"": 30366.55, ""return_pct"": 0.5067279638703907, ""rs_vs_nifty"": 0.5067279638703907}, {""sector"": ""NIFTY_REALTY"", ""ltp"": 895.95, ""return_pct"": 0.01674480910918631, ""rs_vs_nifty"": 0.01674480910918631}, {""sector"": ""NIFTY_BANK"", ""ltp"": 57166.75, ""return_pct"": -0.16703805638604294, ""rs_vs_nifty"": -0.16703805638604294}, {""sector"": ""NIFTY_AUTO"", ""ltp"": 29199.5, ""return_pct"": -0.22228259105299508, ""rs_vs_nifty"": -0.22228259105299508}, {""sector"": ""NIFTY_METAL"", ""ltp"": 12992.8, ""return_pct"": -0.2495144065779675, ""rs_vs_nifty"": -0.2495144065779675}, {""sector"": ""NIFTY_PSU_BANK"", ""ltp"": 8594.75, ""return_pct"": -0.2755699947786738, ""rs_vs_nifty"": -0.2755699947786738}, {""sector"": ""NIFTY_FIN_SERVICE"", ""ltp"": 25998.2, ""return_pct"": -0.4205607476635486, ""rs_vs_nifty"": -0.4205607476635486}, {""sector"": ""NIFTY_PHARMA"", ""ltp"": 26248.9, ""return_pct"": -0.42864892135999305, ""rs_vs_nifty"": -0.42864892135999305}, {""sector"": ""NIFTY_HEALTHCARE"", ""ltp"": 16385.25, ""return_pct"": -0.4765028517283523, ""rs_vs_nifty"": -0.4765028517283523}, {""sector"": ""NIFTY_MEDIA"", ""ltp"": 1594.15, ""return_pct"": -0.5024341530395677, ""rs_vs_nifty"": -0.5024341530395677}, {""sector"": ""NIFTY_FMCG"", ""ltp"": 47438.0, ""return_pct"": -0.6217686048752753, ""rs_vs_nifty"": -0.6217686048752753}, {""sector"": ""NIFTY_INFRA"", ""ltp"": 9307.0, ""return_pct"": -0.7417440316534256, ""rs_vs_nifty"": -0.7417440316534256}, {""sector"": ""NIFTY_ENERGY"", ""ltp"": 38145.9, ""return_pct"": -1.122247034320611, ""rs_vs_nifty"": -1.122247034320611}]"
2026-08-19 14:11:21,NORMAL,24060.95,,0,24069.3264919287,,,False,True,"[[""NIFTY_IT"", 0.6760234266526993, 0.6760234266526993]]","[[""NIFTY_ENERGY"", -1.0945116300771018, -1.0945116300771018], [""NIFTY_INFRA"", -0.7198809796780267, -0.7198809796780267], [""NIFTY_FMCG"", -0.626272656426767, -0.626272656426767]]","[{""sector"": ""NIFTY_IT"", ""ltp"": 30417.7, ""return_pct"": 0.6760234266526993, ""rs_vs_nifty"": 0.6760234266526993}, {""sector"": ""NIFTY_REALTY"", ""ltp"": 896.75, ""return_pct"": 0.10605045769145408, ""rs_vs_nifty"": 0.10605045769145408}, {""sector"": ""NIFTY_BANK"", ""ltp"": 57172.6, ""return_pct"": -0.15682192852552967, ""rs_vs_nifty"": -0.15682192852552967}, {""sector"": ""NIFTY_METAL"", ""ltp"": 12999.85, ""return_pct"": -0.1953889737664308, ""rs_vs_nifty"": -0.1953889737664308}, {""sector"": ""NIFTY_AUTO"", ""ltp"": 29199.95, ""return_pct"": -0.22074489442003567, ""rs_vs_nifty"": -0.22074489442003567}, {""sector"": ""NIFTY_PSU_BANK"", ""ltp"": 8597.5, ""return_pct"": -0.24366189012009049, ""rs_vs_nifty"": -0.24366189012009049}, {""sector"": ""NIFTY_FIN_SERVICE"", ""ltp"": 26003.2, ""return_pct"": -0.4014095296460827, ""rs_vs_nifty"": -0.4014095296460827}, {""sector"": ""NIFTY_PHARMA"", ""ltp"": 26250.85, ""return_pct"": -0.42125188245157935, ""rs_vs_nifty"": -0.42125188245157935}, {""sector"": ""NIFTY_HEALTHCARE"", ""ltp"": 16385.7, ""return_pct"": -0.47376956577197105, ""rs_vs_nifty"": -0.47376956577197105}, {""sector"": ""NIFTY_MEDIA"", ""ltp"": 1594.45, ""return_pct"": -0.4837098988890276, ""rs_vs_nifty"": -0.4837098988890276}, {""sector"": ""NIFTY_FMCG"", ""ltp"": 47435.85, ""return_pct"": -0.626272656426767, ""rs_vs_nifty"": -0.626272656426767}, {""sector"": ""NIFTY_INFRA"", ""ltp"": 9309.05, ""return_pct"": -0.7198809796780267, ""rs_vs_nifty"": -0.7198809796780267}, {""sector"": ""NIFTY_ENERGY"", ""ltp"": 38156.6, ""return_pct"": -1.0945116300771018, ""rs_vs_nifty"": -1.0945116300771018}]"
2026-08-19 14:11:40,NORMAL,24062.05,,0,24069.319340049886,,,False,True,"[[""NIFTY_IT"", 0.6920758801129913, 0.6920758801129913]]","[[""NIFTY_ENERGY"", -1.0910123033734844, -1.0910123033734844], [""NIFTY_INFRA"", -0.7257466765494694, -0.7257466765494694], [""NIFTY_FMCG"", -0.6205116602562583, -0.6205116602562583]]","[{""sector"": ""NIFTY_IT"", ""ltp"": 30422.55, ""return_pct"": 0.6920758801129913, ""rs_vs_nifty"": 0.6920758801129913}, {""sector"": ""NIFTY_REALTY"", ""ltp"": 896.6, ""return_pct"": 0.08930564858228045, ""rs_vs_nifty"": 0.08930564858228045}, {""sector"": ""NIFTY_BANK"", ""ltp"": 57167.4, ""return_pct"": -0.1659029310682053, ""rs_vs_nifty"": -0.1659029310682053}, {""sector"": ""NIFTY_METAL"", ""ltp"": 12999.35, ""return_pct"": -0.19922765694455336, ""rs_vs_nifty"": -0.19922765694455336}, {""sector"": ""NIFTY_AUTO"", ""ltp"": 29198.0, ""return_pct"": -0.22740824649618488, ""rs_vs_nifty"": -0.22740824649618488}, {""sector"": ""NIFTY_PSU_BANK"", ""ltp"": 8596.35, ""return_pct"": -0.25700527934094836, ""rs_vs_nifty"": -0.25700527934094836}, {""sector"": ""NIFTY_FIN_SERVICE"", ""ltp"": 25999.55, ""return_pct"": -0.41538991879883835, ""rs_vs_nifty"": -0.41538991879883835}, {""sector"": ""NIFTY_PHARMA"", ""ltp"": 26251.4, ""return_pct"": -0.41916553814406393, ""rs_vs_nifty"": -0.41916553814406393}, {""sector"": ""NIFTY_HEALTHCARE"", ""ltp"": 16386.0, ""return_pct"": -0.471947375134391, ""rs_vs_nifty"": -0.471947375134391}, {""sector"": ""NIFTY_MEDIA"", ""ltp"": 1594.45, ""return_pct"": -0.4837098988890276, ""rs_vs_nifty"": -0.4837098988890276}, {""sector"": ""NIFTY_FMCG"", ""ltp"": 47438.6, ""return_pct"": -0.6205116602562583, ""rs_vs_nifty"": -0.6205116602562583}, {""sector"": ""NIFTY_INFRA"", ""ltp"": 9308.5, ""return_pct"": -0.7257466765494694, ""rs_vs_nifty"": -0.7257466765494694}, {""sector"": ""NIFTY_ENERGY"", ""ltp"": 38157.95, ""return_pct"": -1.0910123033734844, ""rs_vs_nifty"": -1.0910123033734844}]"
2026-08-19 14:13:18,NORMAL,24062.4,,0,24069.28408495867,,,False,True,"[[""NIFTY_IT"", 0.7354340533768925, 0.7354340533768925]]","[[""NIFTY_ENERGY"", -1.0903642799098507, -1.0903642799098507], [""NIFTY_INFRA"", -0.7236136958689342, -0.7236136958689342], [""NIFTY_FMCG"", -0.6217686048752753, -0.6217686048752753]]","[{""sector"": ""NIFTY_IT"", ""ltp"": 30435.65, ""return_pct"": 0.7354340533768925, ""rs_vs_nifty"": 0.7354340533768925}, {""sector"": ""NIFTY_REALTY"", ""ltp"": 896.55, ""return_pct"": 0.08372404554588078, ""rs_vs_nifty"": 0.08372404554588078}, {""sector"": ""NIFTY_BANK"", ""ltp"": 57167.4, ""return_pct"": -0.1659029310682053, ""rs_vs_nifty"": -0.1659029310682053}, {""sector"": ""NIFTY_METAL"", ""ltp"": 12999.8, ""return_pct"": -0.1957728420842514, ""rs_vs_nifty"": -0.1957728420842514}, {""sector"": ""NIFTY_AUTO"", ""ltp"": 29197.6, ""return_pct"": -0.22877508794770712, ""rs_vs_nifty"": -0.22877508794770712}, {""sector"": ""NIFTY_PSU_BANK"", ""ltp"": 8597.0, ""return_pct"": -0.24946336369437838, ""rs_vs_nifty"": -0.24946336369437838}, {""sector"": ""NIFTY_PHARMA"", ""ltp"": 26257.4, ""return_pct"": -0.3964054184258342, ""rs_vs_nifty"": -0.3964054184258342}, {""sector"": ""NIFTY_FIN_SERVICE"", ""ltp"": 26003.15, ""return_pct"": -0.40160104182625456, ""rs_vs_nifty"": -0.40160104182625456}, {""sector"": ""NIFTY_HEALTHCARE"", ""ltp"": 16388.35, ""return_pct"": -0.4576735484733212, ""rs_vs_nifty"": -0.4576735484733212}, {""sector"": ""NIFTY_MEDIA"", ""ltp"": 1593.6, ""return_pct"": -0.5367619523155746, ""rs_vs_nifty"": -0.5367619523155746}, {""sector"": ""NIFTY_FMCG"", ""ltp"": 47438.0, ""return_pct"": -0.6217686048752753, ""rs_vs_nifty"": -0.6217686048752753}, {""sector"": ""NIFTY_INFRA"", ""ltp"": 9308.7, ""return_pct"": -0.7236136958689342, ""rs_vs_nifty"": -0.7236136958689342}, {""sector"": ""NIFTY_ENERGY"", ""ltp"": 38158.2, ""return_pct"": -1.0903642799098507, ""rs_vs_nifty"": -1.0903642799098507}]"
2026-08-19 14:13:36,NORMAL,24060.0,,0,24069.266970101646,,,False,True,"[[""NIFTY_IT"", 0.7051495277765342, 0.7051495277765342]]","[[""NIFTY_ENERGY"", -1.0983997708589033, -1.0983997708589033], [""NIFTY_INFRA"", -0.7438770123339609, -0.7438770123339609], [""NIFTY_FMCG"", -0.6115035571532749, -0.6115035571532749]]","[{""sector"": ""NIFTY_IT"", ""ltp"": 30426.5, ""return_pct"": 0.7051495277765342, ""rs_vs_nifty"": 0.7051495277765342}, {""sector"": ""NIFTY_REALTY"", ""ltp"": 896.4, ""return_pct"": 0.06697923643670717, ""rs_vs_nifty"": 0.06697923643670717}, {""sector"": ""NIFTY_BANK"", ""ltp"": 57160.5, ""return_pct"": -0.17795272290368802, ""rs_vs_nifty"": -0.17795272290368802}, {""sector"": ""NIFTY_METAL"", ""ltp"": 12999.3, ""return_pct"": -0.19961152526237402, ""rs_vs_nifty"": -0.19961152526237402}, {""sector"": ""NIFTY_AUTO"", ""ltp"": 29198.05, ""return_pct"": -0.2272373913147477, ""rs_vs_nifty"": -0.2272373913147477}, {""sector"": ""NIFTY_PSU_BANK"", ""ltp"": 8596.25, ""return_pct"": -0.2581655740558102, ""rs_vs_nifty"": -0.2581655740558102}, {""sector"": ""NIFTY_PHARMA"", ""ltp"": 26258.05, ""return_pct"": -0.39393973878970096, ""rs_vs_nifty"": -0.39393973878970096}, {""sector"": ""NIFTY_FIN_SERVICE"", ""ltp"": 25999.25, ""return_pct"": -0.4165389918798836, ""rs_vs_nifty"": -0.4165389918798836}, {""sector"": ""NIFTY_HEALTHCARE"", ""ltp"": 16387.95, ""return_pct"": -0.46010313599008723, ""rs_vs_nifty"": -0.46010313599008723}, {""sector"": ""NIFTY_MEDIA"", ""ltp"": 1593.7, ""return_pct"": -0.5305205342653851, ""rs_vs_nifty"": -0.5305205342653851}, {""sector"": ""NIFTY_FMCG"", ""ltp"": 47442.9, ""return_pct"": -0.6115035571532749, ""rs_vs_nifty"": -0.6115035571532749}, {""sector"": ""NIFTY_INFRA"", ""ltp"": 9306.8, ""return_pct"": -0.7438770123339609, ""rs_vs_nifty"": -0.7438770123339609}, {""sector"": ""NIFTY_ENERGY"", ""ltp"": 38155.1, ""return_pct"": -1.0983997708589033, ""rs_vs_nifty"": -1.0983997708589033}]"
2026-08-19 14:15:17,NORMAL,24052.05,,0,24069.17365871396,,,False,True,"[[""NIFTY_IT"", 0.6073454041163786, 0.6073454041163786]]","[[""NIFTY_ENERGY"", -1.139614063146002, -1.139614063146002], [""NIFTY_INFRA"", -0.7678730449898951, -0.7678730449898951], [""NIFTY_FMCG"", -0.6391563387717258, -0.6391563387717258]]","[{""sector"": ""NIFTY_IT"", ""ltp"": 30396.95, ""return_pct"": 0.6073454041163786, ""rs_vs_nifty"": 0.6073454041163786}, {""sector"": ""NIFTY_REALTY"", ""ltp"": 896.0, ""return_pct"": 0.022326412145573286, ""rs_vs_nifty"": 0.022326412145573286}, {""sector"": ""NIFTY_BANK"", ""ltp"": 57149.55, ""return_pct"": -0.19707521864259717, ""rs_vs_nifty"": -0.19707521864259717}, {""sector"": ""NIFTY_METAL"", ""ltp"": 12995.7, ""return_pct"": -0.2272500441448454, ""rs_vs_nifty"": -0.2272500441448454}, {""sector"": ""NIFTY_AUTO"", ""ltp"": 29191.1, ""return_pct"": -0.2509862615348629, ""rs_vs_nifty"": -0.2509862615348629}, {""sector"": ""NIFTY_PSU_BANK"", ""ltp"": 8595.5, ""return_pct"": -0.26686778441724196, ""rs_vs_nifty"": -0.26686778441724196}, {""sector"": ""NIFTY_PHARMA"", ""ltp"": 26256.95, ""return_pct"": -0.3981124274047042, ""rs_vs_nifty"": -0.3981124274047042}, {""sector"": ""NIFTY_FIN_SERVICE"", ""ltp"": 25994.45, ""return_pct"": -0.43492416117664806, ""rs_vs_nifty"": -0.43492416117664806}, {""sector"": ""NIFTY_HEALTHCARE"", ""ltp"": 16386.8, ""return_pct"": -0.46708820010083674, ""rs_vs_nifty"": -0.46708820010083674}, {""sector"": ""NIFTY_MEDIA"", ""ltp"": 1594.05, ""return_pct"": -0.5086755710897573, ""rs_vs_nifty"": -0.5086755710897573}, {""sector"": ""NIFTY_FMCG"", ""ltp"": 47429.7, ""return_pct"": -0.6391563387717258, ""rs_vs_nifty"": -0.6391563387717258}, {""sector"": ""NIFTY_INFRA"", ""ltp"": 9304.55, ""return_pct"": -0.7678730449898951, ""rs_vs_nifty"": -0.7678730449898951}, {""sector"": ""NIFTY_ENERGY"", ""ltp"": 38139.2, ""return_pct"": -1.139614063146002, ""rs_vs_nifty"": -1.139614063146002}]"
2026-08-19 14:15:36,NORMAL,24047.55,,0,24069.148347266582,,,False,True,"[[""NIFTY_IT"", 0.5527339645091839, 0.5527339645091839]]","[[""NIFTY_ENERGY"", -1.1486863916368721, -1.1486863916368721], [""NIFTY_INFRA"", -0.778004703222389, -0.778004703222389], [""NIFTY_FMCG"", -0.6478502057199359, -0.6478502057199359]]","[{""sector"": ""NIFTY_IT"", ""ltp"": 30380.45, ""return_pct"": 0.5527339645091839, ""rs_vs_nifty"": 0.5527339645091839}, {""sector"": ""NIFTY_REALTY"", ""ltp"": 895.9, ""return_pct"": 0.011163206072786643, ""rs_vs_nifty"": 0.011163206072786643}, {""sector"": ""NIFTY_BANK"", ""ltp"": 57135.35, ""return_pct"": -0.2218733409706944, ""rs_vs_nifty"": -0.2218733409706944}, {""sector"": ""NIFTY_METAL"", ""ltp"": 12995.15, ""return_pct"": -0.23147259564078862, ""rs_vs_nifty"": -0.23147259564078862}, {""sector"": ""NIFTY_AUTO"", ""ltp"": 29191.5, ""return_pct"": -0.2496194200833407, ""rs_vs_nifty"": -0.2496194200833407}, {""sector"": ""NIFTY_PSU_BANK"", ""ltp"": 8593.3, ""return_pct"": -0.29239426814411706, ""rs_vs_nifty"": -0.29239426814411706}, {""sector"": ""NIFTY_PHARMA"", ""ltp"": 26257.3, ""return_pct"": -0.3967847537544797, ""rs_vs_nifty"": -0.3967847537544797}, {""sector"": ""NIFTY_FIN_SERVICE"", ""ltp"": 25988.05, ""return_pct"": -0.45943772023901, ""rs_vs_nifty"": -0.45943772023901}, {""sector"": ""NIFTY_HEALTHCARE"", ""ltp"": 16387.45, ""return_pct"": -0.46314012038606145, ""rs_vs_nifty"": -0.46314012038606145}, {""sector"": ""NIFTY_MEDIA"", ""ltp"": 1593.35, ""return_pct"": -0.552365497441027, ""rs_vs_nifty"": -0.552365497441027}, {""sector"": ""NIFTY_FMCG"", ""ltp"": 47425.55, ""return_pct"": -0.6478502057199359, ""rs_vs_nifty"": -0.6478502057199359}, {""sector"": ""NIFTY_INFRA"", ""ltp"": 9303.6, ""return_pct"": -0.778004703222389, ""rs_vs_nifty"": -0.778004703222389}, {""sector"": ""NIFTY_ENERGY"", ""ltp"": 38135.7, ""return_pct"": -1.1486863916368721, ""rs_vs_nifty"": -1.1486863916368721}]"
2026-08-19 14:17:16,NORMAL,24048.15,,0,24069.03219564585,,,False,True,"[[""NIFTY_IT"", 0.5264211799711694, 0.5264211799711694]]","[[""NIFTY_ENERGY"", -1.1755145630312982, -1.1755145630312982], [""NIFTY_INFRA"", -0.7726722515210702, -0.7726722515210702], [""NIFTY_FMCG"", -0.6556013642039022, -0.6556013642039022]]","[{""sector"": ""NIFTY_IT"", ""ltp"": 30372.5, ""return_pct"": 0.5264211799711694, ""rs_vs_nifty"": 0.5264211799711694}, {""sector"": ""NIFTY_REALTY"", ""ltp"": 895.75, ""return_pct"": -0.005581603036386976, ""rs_vs_nifty"": -0.005581603036386976}, {""sector"": ""NIFTY_BANK"", ""ltp"": 57139.0, ""return_pct"": -0.21549917572438712, ""rs_vs_nifty"": -0.21549917572438712}, {""sector"": ""NIFTY_METAL"", ""ltp"": 12993.0, ""return_pct"": -0.2479789333067129, ""rs_vs_nifty"": -0.2479789333067129}, {""sector"": ""NIFTY_AUTO"", ""ltp"": 29184.8, ""return_pct"": -0.2725140143962576, ""rs_vs_nifty"": -0.2725140143962576}, {""sector"": ""NIFTY_PSU_BANK"", ""ltp"": 8594.5, ""return_pct"": -0.2784707315658177, ""rs_vs_nifty"": -0.2784707315658177}, {""sector"": ""NIFTY_PHARMA"", ""ltp"": 26258.6, ""return_pct"": -0.39185339448219936, ""rs_vs_nifty"": -0.39185339448219936}, {""sector"": ""NIFTY_FIN_SERVICE"", ""ltp"": 25990.2, ""return_pct"": -0.4512026964914941, ""rs_vs_nifty"": -0.4512026964914941}, {""sector"": ""NIFTY_HEALTHCARE"", ""ltp"": 16389.15, ""return_pct"": -0.45281437343974484, ""rs_vs_nifty"": -0.45281437343974484}, {""sector"": ""NIFTY_MEDIA"", ""ltp"": 1593.3, ""return_pct"": -0.5554862064661148, ""rs_vs_nifty"": -0.5554862064661148}, {""sector"": ""NIFTY_FMCG"", ""ltp"": 47421.85, ""return_pct"": -0.6556013642039022, ""rs_vs_nifty"": -0.6556013642039022}, {""sector"": ""NIFTY_INFRA"", ""ltp"": 9304.1, ""return_pct"": -0.7726722515210702, ""rs_vs_nifty"": -0.7726722515210702}, {""sector"": ""NIFTY_ENERGY"", ""ltp"": 38125.35, ""return_pct"": -1.1755145630312982, ""rs_vs_nifty"": -1.1755145630312982}]"
2026-08-19 14:17:33,NORMAL,24048.1,,0,24069.003047892314,,,False,True,"[[""NIFTY_IT"", 0.5437975471189131, 0.5437975471189131]]","[[""NIFTY_ENERGY"", -1.1778474475003828, -1.1778474475003828], [""NIFTY_INFRA"", -0.7844036452639752, -0.7844036452639752], [""NIFTY_FMCG"", -0.6579057626721028, -0.6579057626721028]]","[{""sector"": ""NIFTY_IT"", ""ltp"": 30377.75, ""return_pct"": 0.5437975471189131, ""rs_vs_nifty"": 0.5437975471189131}, {""sector"": ""NIFTY_REALTY"", ""ltp"": 895.5, ""return_pct"": -0.033489618218347235, ""rs_vs_nifty"": -0.033489618218347235}, {""sector"": ""NIFTY_BANK"", ""ltp"": 57144.75, ""return_pct"": -0.20545768252815366, ""rs_vs_nifty"": -0.20545768252815366}, {""sector"": ""NIFTY_METAL"", ""ltp"": 12993.3, ""return_pct"": -0.24567572339984495, ""rs_vs_nifty"": -0.24567572339984495}, {""sector"": ""NIFTY_AUTO"", ""ltp"": 29185.15, ""return_pct"": -0.2713180281261725, ""rs_vs_nifty"": -0.2713180281261725}, {""sector"": ""NIFTY_PSU_BANK"", ""ltp"": 8593.9, ""return_pct"": -0.2854324998549674, ""rs_vs_nifty"": -0.2854324998549674}, {""sector"": ""NIFTY_PHARMA"", ""ltp"": 26260.45, ""return_pct"": -0.38483569090240355, ""rs_vs_nifty"": -0.38483569090240355}, {""sector"": ""NIFTY_FIN_SERVICE"", ""ltp"": 25992.25, ""return_pct"": -0.4433506971043358, ""rs_vs_nifty"": -0.4433506971043358}, {""sector"": ""NIFTY_HEALTHCARE"", ""ltp"": 16388.85, ""return_pct"": -0.454636564077347, ""rs_vs_nifty"": -0.454636564077347}, {""sector"": ""NIFTY_MEDIA"", ""ltp"": 1593.2, ""return_pct"": -0.56172762451629, ""rs_vs_nifty"": -0.56172762451629}, {""sector"": ""NIFTY_FMCG"", ""ltp"": 47420.75, ""return_pct"": -0.6579057626721028, ""rs_vs_nifty"": -0.6579057626721028}, {""sector"": ""NIFTY_INFRA"", ""ltp"": 9303.0, ""return_pct"": -0.7844036452639752, ""rs_vs_nifty"": -0.7844036452639752}, {""sector"": ""NIFTY_ENERGY"", ""ltp"": 38124.45, ""return_pct"": -1.1778474475003828, ""rs_vs_nifty"": -1.1778474475003828}]"
2026-08-19 14:19:20,NORMAL,24039.9,,0,24068.84711299831,,,False,True,"[[""NIFTY_IT"", 0.5376744463144749, 0.5376744463144749]]","[[""NIFTY_ENERGY"", -1.184846100907618, -1.184846100907618], [""NIFTY_INFRA"", -0.8004010003679315, -0.8004010003679315], [""NIFTY_FMCG"", -0.7235811190158992, -0.7235811190158992]]","[{""sector"": ""NIFTY_IT"", ""ltp"": 30375.9, ""return_pct"": 0.5376744463144749, ""rs_vs_nifty"": 0.5376744463144749}, {""sector"": ""NIFTY_REALTY"", ""ltp"": 895.55, ""return_pct"": -0.02790801518196026, ""rs_vs_nifty"": -0.02790801518196026}, {""sector"": ""NIFTY_BANK"", ""ltp"": 57124.05, ""return_pct"": -0.2416070580345891, ""rs_vs_nifty"": -0.2416070580345891}, {""sector"": ""NIFTY_METAL"", ""ltp"": 12989.4, ""return_pct"": -0.27561745218919825, ""rs_vs_nifty"": -0.27561745218919825}, {""sector"": ""NIFTY_AUTO"", ""ltp"": 29182.65, ""return_pct"": -0.2798607871981555, ""rs_vs_nifty"": -0.2798607871981555}, {""sector"": ""NIFTY_PSU_BANK"", ""ltp"": 8592.5, ""return_pct"": -0.3016766258629692, ""rs_vs_nifty"": -0.3016766258629692}, {""sector"": ""NIFTY_PHARMA"", ""ltp"": 26257.0, ""return_pct"": -0.39792275974038843, ""rs_vs_nifty"": -0.39792275974038843}, {""sector"": ""NIFTY_HEALTHCARE"", ""ltp"": 16388.4, ""return_pct"": -0.4573698500337061, ""rs_vs_nifty"": -0.4573698500337061}, {""sector"": ""NIFTY_FIN_SERVICE"", ""ltp"": 25986.15, ""return_pct"": -0.4667151830856387, ""rs_vs_nifty"": -0.4667151830856387}, {""sector"": ""NIFTY_MEDIA"", ""ltp"": 1592.55, ""return_pct"": -0.6022968418424723, ""rs_vs_nifty"": -0.6022968418424723}, {""sector"": ""NIFTY_FMCG"", ""ltp"": 47389.4, ""return_pct"": -0.7235811190158992, ""rs_vs_nifty"": -0.7235811190158992}, {""sector"": ""NIFTY_INFRA"", ""ltp"": 9301.5, ""return_pct"": -0.8004010003679315, ""rs_vs_nifty"": -0.8004010003679315}, {""sector"": ""NIFTY_ENERGY"", ""ltp"": 38121.75, ""return_pct"": -1.184846100907618, ""rs_vs_nifty"": -1.184846100907618}]"
2026-08-19 14:19:38,NORMAL,24042.55,,0,24068.841530875066,,,False,True,"[[""NIFTY_IT"", 0.5270831368148954, 0.5270831368148954]]","[[""NIFTY_ENERGY"", -1.1880862182257856, -1.1880862182257856], [""NIFTY_INFRA"", -0.7865366259445107, -0.7865366259445107], [""NIFTY_FMCG"", -0.7326939675037917, -0.7326939675037917]]","[{""sector"": ""NIFTY_IT"", ""ltp"": 30372.7, ""return_pct"": 0.5270831368148954, ""rs_vs_nifty"": 0.5270831368148954}, {""sector"": ""NIFTY_REALTY"", ""ltp"": 895.85, ""return_pct"": 0.005581603036399666, ""rs_vs_nifty"": 0.005581603036399666}, {""sector"": ""NIFTY_BANK"", ""ltp"": 57132.9, ""return_pct"": -0.22615189024560617, ""rs_vs_nifty"": -0.22615189024560617}, {""sector"": ""NIFTY_METAL"", ""ltp"": 12991.3, ""return_pct"": -0.2610304561123353, ""rs_vs_nifty"": -0.2610304561123353}, {""sector"": ""NIFTY_AUTO"", ""ltp"": 29182.15, ""return_pct"": -0.2815693390125521, ""rs_vs_nifty"": -0.2815693390125521}, {""sector"": ""NIFTY_PSU_BANK"", ""ltp"": 8593.9, ""return_pct"": -0.2854324998549674, ""rs_vs_nifty"": -0.2854324998549674}, {""sector"": ""NIFTY_PHARMA"", ""ltp"": 26257.75, ""return_pct"": -0.3950777447756097, ""rs_vs_nifty"": -0.3950777447756097}, {""sector"": ""NIFTY_HEALTHCARE"", ""ltp"": 16388.6, ""return_pct"": -0.45615505627533404, ""rs_vs_nifty"": -0.45615505627533404}, {""sector"": ""NIFTY_FIN_SERVICE"", ""ltp"": 25986.05, ""return_pct"": -0.4670982074459963, ""rs_vs_nifty"": -0.4670982074459963}, {""sector"": ""NIFTY_MEDIA"", ""ltp"": 1592.55, ""return_pct"": -0.6022968418424723, ""rs_vs_nifty"": -0.6022968418424723}, {""sector"": ""NIFTY_FMCG"", ""ltp"": 47385.05, ""return_pct"": -0.7326939675037917, ""rs_vs_nifty"": -0.7326939675037917}, {""sector"": ""NIFTY_INFRA"", ""ltp"": 9302.8, ""return_pct"": -0.7865366259445107, ""rs_vs_nifty"": -0.7865366259445107}, {""sector"": ""NIFTY_ENERGY"", ""ltp"": 38120.5, ""return_pct"": -1.1880862182257856, ""rs_vs_nifty"": -1.1880862182257856}]"
2026-08-19 14:21:21,NORMAL,24037.25,,0,24068.715774045457,,,False,True,[],"[[""NIFTY_ENERGY"", -1.2079157362129769, -1.2079157362129769], [""NIFTY_INFRA"", -0.8169316006420118, -0.8169316006420118], [""NIFTY_FMCG"", -0.7626511475904432, -0.7626511475904432]]","[{""sector"": ""NIFTY_IT"", ""ltp"": 30351.1, ""return_pct"": 0.4555917976927422, ""rs_vs_nifty"": 0.4555917976927422}, {""sector"": ""NIFTY_REALTY"", ""ltp"": 895.15, ""return_pct"": -0.07256083947309414, ""rs_vs_nifty"": -0.07256083947309414}, {""sector"": ""NIFTY_BANK"", ""ltp"": 57123.55, ""return_pct"": -0.24248023135600066, ""rs_vs_nifty"": -0.24248023135600066}, {""sector"": ""NIFTY_METAL"", ""ltp"": 12991.7, ""return_pct"": -0.257959509569826, ""rs_vs_nifty"": -0.257959509569826}, {""sector"": ""NIFTY_PSU_BANK"", ""ltp"": 8593.45, ""return_pct"": -0.2906538260718138, ""rs_vs_nifty"": -0.2906538260718138}, {""sector"": ""NIFTY_AUTO"", ""ltp"": 29176.6, ""return_pct"": -0.3005342641523643, ""rs_vs_nifty"": -0.3005342641523643}, {""sector"": ""NIFTY_PHARMA"", ""ltp"": 26257.55, ""return_pct"": -0.39583641543288683, ""rs_vs_nifty"": -0.39583641543288683}, {""sector"": ""NIFTY_HEALTHCARE"", ""ltp"": 16388.65, ""return_pct"": -0.45585135783571906, ""rs_vs_nifty"": -0.45585135783571906}, {""sector"": ""NIFTY_FIN_SERVICE"", ""ltp"": 25979.15, ""return_pct"": -0.49352688831009095, ""rs_vs_nifty"": -0.49352688831009095}, {""sector"": ""NIFTY_MEDIA"", ""ltp"": 1591.95, ""return_pct"": -0.6397453501435526, ""rs_vs_nifty"": -0.6397453501435526}, {""sector"": ""NIFTY_FMCG"", ""ltp"": 47370.75, ""return_pct"": -0.7626511475904432, ""rs_vs_nifty"": -0.7626511475904432}, {""sector"": ""NIFTY_INFRA"", ""ltp"": 9299.95, ""return_pct"": -0.8169316006420118, ""rs_vs_nifty"": -0.8169316006420118}, {""sector"": ""NIFTY_ENERGY"", ""ltp"": 38112.85, ""return_pct"": -1.2079157362129769, ""rs_vs_nifty"": -1.2079157362129769}]"
2026-08-19 14:21:40,NORMAL,24037.8,,0,24068.68829449373,,,False,True,[],"[[""NIFTY_ENERGY"", -1.203120362582092, -1.203120362582092], [""NIFTY_INFRA"", -0.8217308071732062, -0.8217308071732062], [""NIFTY_FMCG"", -0.7602420037373183, -0.7602420037373183]]","[{""sector"": ""NIFTY_IT"", ""ltp"": 30349.8, ""return_pct"": 0.4512890782085414, ""rs_vs_nifty"": 0.4512890782085414}, {""sector"": ""NIFTY_REALTY"", ""ltp"": 895.2, ""return_pct"": -0.06697923643669447, ""rs_vs_nifty"": -0.06697923643669447}, {""sector"": ""NIFTY_BANK"", ""ltp"": 57128.05, ""return_pct"": -0.2346216714632962, ""rs_vs_nifty"": -0.2346216714632962}, {""sector"": ""NIFTY_METAL"", ""ltp"": 12992.65, ""return_pct"": -0.2506660115314015, ""rs_vs_nifty"": -0.2506660115314015}, {""sector"": ""NIFTY_PSU_BANK"", ""ltp"": 8594.0, ""return_pct"": -0.2842722051401056, ""rs_vs_nifty"": -0.2842722051401056}, {""sector"": ""NIFTY_AUTO"", ""ltp"": 29174.9, ""return_pct"": -0.3063433403213028, ""rs_vs_nifty"": -0.3063433403213028}, {""sector"": ""NIFTY_PHARMA"", ""ltp"": 26256.5, ""return_pct"": -0.3998194363835742, ""rs_vs_nifty"": -0.3998194363835742}, {""sector"": ""NIFTY_HEALTHCARE"", ""ltp"": 16387.25, ""return_pct"": -0.4643549141444555, ""rs_vs_nifty"": -0.4643549141444555}, {""sector"": ""NIFTY_FIN_SERVICE"", ""ltp"": 25980.5, ""return_pct"": -0.48835605944538074, ""rs_vs_nifty"": -0.48835605944538074}, {""sector"": ""NIFTY_MEDIA"", ""ltp"": 1592.0, ""return_pct"": -0.636624641118465, ""rs_vs_nifty"": -0.636624641118465}, {""sector"": ""NIFTY_FMCG"", ""ltp"": 47371.9, ""return_pct"": -0.7602420037373183, ""rs_vs_nifty"": -0.7602420037373183}, {""sector"": ""NIFTY_INFRA"", ""ltp"": 9299.5, ""return_pct"": -0.8217308071732062, ""rs_vs_nifty"": -0.8217308071732062}, {""sector"": ""NIFTY_ENERGY"", ""ltp"": 38114.7, ""return_pct"": -1.203120362582092, ""rs_vs_nifty"": -1.203120362582092}]"
2026-08-19 14:23:16,NORMAL,24032.0,,0,24068.497922022674,,,False,True,[],"[[""NIFTY_ENERGY"", -1.2414833516291883, -1.2414833516291883], [""NIFTY_INFRA"", -0.8483930656797999, -0.8483930656797999], [""NIFTY_FMCG"", -0.788104276125603, -0.788104276125603]]","[{""sector"": ""NIFTY_IT"", ""ltp"": 30318.6, ""return_pct"": 0.34802381058766146, ""rs_vs_nifty"": 0.34802381058766146}, {""sector"": ""NIFTY_REALTY"", ""ltp"": 894.9, ""return_pct"": -0.10046885465505441, ""rs_vs_nifty"": -0.10046885465505441}, {""sector"": ""NIFTY_BANK"", ""ltp"": 57120.4, ""return_pct"": -0.24798122328089636, ""rs_vs_nifty"": -0.24798122328089636}, {""sector"": ""NIFTY_METAL"", ""ltp"": 12991.5, ""return_pct"": -0.25949498284108063, ""rs_vs_nifty"": -0.25949498284108063}, {""sector"": ""NIFTY_AUTO"", ""ltp"": 29173.75, ""return_pct"": -0.31027300949441994, ""rs_vs_nifty"": -0.31027300949441994}, {""sector"": ""NIFTY_PSU_BANK"", ""ltp"": 8590.5, ""return_pct"": -0.32488252016012065, ""rs_vs_nifty"": -0.32488252016012065}, {""sector"": ""NIFTY_PHARMA"", ""ltp"": 26250.1, ""return_pct"": -0.4240968974163581, ""rs_vs_nifty"": -0.4240968974163581}, {""sector"": ""NIFTY_HEALTHCARE"", ""ltp"": 16383.95, ""return_pct"": -0.48439901115788064, ""rs_vs_nifty"": -0.48439901115788064}, {""sector"": ""NIFTY_FIN_SERVICE"", ""ltp"": 25974.0, ""return_pct"": -0.5132526428680865, ""rs_vs_nifty"": -0.5132526428680865}, {""sector"": ""NIFTY_MEDIA"", ""ltp"": 1591.4, ""return_pct"": -0.6740731494195452, ""rs_vs_nifty"": -0.6740731494195452}, {""sector"": ""NIFTY_FMCG"", ""ltp"": 47358.6, ""return_pct"": -0.788104276125603, ""rs_vs_nifty"": -0.788104276125603}, {""sector"": ""NIFTY_INFRA"", ""ltp"": 9297.0, ""return_pct"": -0.8483930656797999, ""rs_vs_nifty"": -0.8483930656797999}, {""sector"": ""NIFTY_ENERGY"", ""ltp"": 38099.9, ""return_pct"": -1.2414833516291883, ""rs_vs_nifty"": -1.2414833516291883}]"
2026-08-19 14:23:35,NORMAL,24028.6,,0,24068.428550776687,,,False,True,[],"[[""NIFTY_ENERGY"", -1.2527589598964086, -1.2527589598964086], [""NIFTY_INFRA"", -0.8553252528915103, -0.8553252528915103], [""NIFTY_FMCG"", -0.8037113384784297, -0.8037113384784297]]","[{""sector"": ""NIFTY_IT"", ""ltp"": 30310.35, ""return_pct"": 0.3207180907840641, ""rs_vs_nifty"": 0.3207180907840641}, {""sector"": ""NIFTY_REALTY"", ""ltp"": 894.8, ""return_pct"": -0.11163206072784104, ""rs_vs_nifty"": -0.11163206072784104}, {""sector"": ""NIFTY_BANK"", ""ltp"": 57105.95, ""return_pct"": -0.2732159322696994, ""rs_vs_nifty"": -0.2732159322696994}, {""sector"": ""NIFTY_METAL"", ""ltp"": 12988.85, ""return_pct"": -0.2798400036851275, ""rs_vs_nifty"": -0.2798400036851275}, {""sector"": ""NIFTY_AUTO"", ""ltp"": 29169.55, ""return_pct"": -0.3246248447353539, ""rs_vs_nifty"": -0.3246248447353539}, {""sector"": ""NIFTY_PSU_BANK"", ""ltp"": 8587.7, ""return_pct"": -0.3573707721761243, ""rs_vs_nifty"": -0.3573707721761243}, {""sector"": ""NIFTY_PHARMA"", ""ltp"": 26245.1, ""return_pct"": -0.4430636638482162, ""rs_vs_nifty"": -0.4430636638482162}, {""sector"": ""NIFTY_HEALTHCARE"", ""ltp"": 16380.7, ""return_pct"": -0.5041394097317128, ""rs_vs_nifty"": -0.5041394097317128}, {""sector"": ""NIFTY_FIN_SERVICE"", ""ltp"": 25970.65, ""return_pct"": -0.526083958939783, ""rs_vs_nifty"": -0.526083958939783}, {""sector"": ""NIFTY_MEDIA"", ""ltp"": 1591.3, ""return_pct"": -0.6803145674697347, ""rs_vs_nifty"": -0.6803145674697347}, {""sector"": ""NIFTY_FMCG"", ""ltp"": 47351.15, ""return_pct"": -0.8037113384784297, ""rs_vs_nifty"": -0.8037113384784297}, {""sector"": ""NIFTY_INFRA"", ""ltp"": 9296.35, ""return_pct"": -0.8553252528915103, ""rs_vs_nifty"": -0.8553252528915103}, {""sector"": ""NIFTY_ENERGY"", ""ltp"": 38095.55, ""return_pct"": -1.2527589598964086, ""rs_vs_nifty"": -1.2527589598964086}]"
2026-08-19 14:25:16,NORMAL,24035.35,,0,24068.20816833581,,,False,True,[],"[[""NIFTY_ENERGY"", -1.2344846982219533, -1.2344846982219533], [""NIFTY_INFRA"", -0.8206643168329386, -0.8206643168329386], [""NIFTY_FMCG"", -0.7830764976495196, -0.7830764976495196]]","[{""sector"": ""NIFTY_IT"", ""ltp"": 30318.45, ""return_pct"": 0.34752734295487603, ""rs_vs_nifty"": 0.34752734295487603}, {""sector"": ""NIFTY_REALTY"", ""ltp"": 895.05, ""return_pct"": -0.08372404554588078, ""rs_vs_nifty"": -0.08372404554588078}, {""sector"": ""NIFTY_BANK"", ""ltp"": 57128.45, ""return_pct"": -0.2339231328061771, ""rs_vs_nifty"": -0.2339231328061771}, {""sector"": ""NIFTY_METAL"", ""ltp"": 12992.85, ""return_pct"": -0.2491305382601469, ""rs_vs_nifty"": -0.2491305382601469}, {""sector"": ""NIFTY_PSU_BANK"", ""ltp"": 8589.8, ""return_pct"": -0.3330045831641321, ""rs_vs_nifty"": -0.3330045831641321}, {""sector"": ""NIFTY_AUTO"", ""ltp"": 29161.25, ""return_pct"": -0.3529868048543349, ""rs_vs_nifty"": -0.3529868048543349}, {""sector"": ""NIFTY_PHARMA"", ""ltp"": 26256.0, ""return_pct"": -0.40171611302676, ""rs_vs_nifty"": -0.40171611302676}, {""sector"": ""NIFTY_HEALTHCARE"", ""ltp"": 16389.6, ""return_pct"": -0.4500810874833857, ""rs_vs_nifty"": -0.4500810874833857}, {""sector"": ""NIFTY_FIN_SERVICE"", ""ltp"": 25983.6, ""return_pct"": -0.4764823042745574, ""rs_vs_nifty"": -0.4764823042745574}, {""sector"": ""NIFTY_MEDIA"", ""ltp"": 1591.2, ""return_pct"": -0.6865559855199102, ""rs_vs_nifty"": -0.6865559855199102}, {""sector"": ""NIFTY_FMCG"", ""ltp"": 47361.0, ""return_pct"": -0.7830764976495196, ""rs_vs_nifty"": -0.7830764976495196}, {""sector"": ""NIFTY_INFRA"", ""ltp"": 9299.6, ""return_pct"": -0.8206643168329386, ""rs_vs_nifty"": -0.8206643168329386}, {""sector"": ""NIFTY_ENERGY"", ""ltp"": 38102.6, ""return_pct"": -1.2344846982219533, ""rs_vs_nifty"": -1.2344846982219533}]"
2026-08-19 14:25:35,NORMAL,24035.65,,0,24068.165108108133,,,False,True,[],"[[""NIFTY_ENERGY"", -1.224116322803816, -1.224116322803816], [""NIFTY_INFRA"", -0.8163983554718877, -0.8163983554718877], [""NIFTY_FMCG"", -0.770926032998986, -0.770926032998986]]","[{""sector"": ""NIFTY_IT"", ""ltp"": 30322.7, ""return_pct"": 0.361593925884002, ""rs_vs_nifty"": 0.361593925884002}, {""sector"": ""NIFTY_REALTY"", ""ltp"": 895.2, ""return_pct"": -0.06697923643669447, ""rs_vs_nifty"": -0.06697923643669447}, {""sector"": ""NIFTY_BANK"", ""ltp"": 57135.3, ""return_pct"": -0.2219606583028279, ""rs_vs_nifty"": -0.2219606583028279}, {""sector"": ""NIFTY_METAL"", ""ltp"": 12994.05, ""return_pct"": -0.23991769863266105, ""rs_vs_nifty"": -0.23991769863266105}, {""sector"": ""NIFTY_PSU_BANK"", ""ltp"": 8588.85, ""return_pct"": -0.3440273829552664, ""rs_vs_nifty"": -0.3440273829552664}, {""sector"": ""NIFTY_AUTO"", ""ltp"": 29158.6, ""return_pct"": -0.3620421294706419, ""rs_vs_nifty"": -0.3620421294706419}, {""sector"": ""NIFTY_PHARMA"", ""ltp"": 26257.3, ""return_pct"": -0.3967847537544797, ""rs_vs_nifty"": -0.3967847537544797}, {""sector"": ""NIFTY_HEALTHCARE"", ""ltp"": 16386.7, ""return_pct"": -0.4676955969800227, ""rs_vs_nifty"": -0.4676955969800227}, {""sector"": ""NIFTY_FIN_SERVICE"", ""ltp"": 25984.25, ""return_pct"": -0.47399264593228124, ""rs_vs_nifty"": -0.47399264593228124}, {""sector"": ""NIFTY_MEDIA"", ""ltp"": 1591.1, ""return_pct"": -0.6927974035700996, ""rs_vs_nifty"": -0.6927974035700996}, {""sector"": ""NIFTY_FMCG"", ""ltp"": 47366.8, ""return_pct"": -0.770926032998986, ""rs_vs_nifty"": -0.770926032998986}, {""sector"": ""NIFTY_INFRA"", ""ltp"": 9300.0, ""return_pct"": -0.8163983554718877, ""rs_vs_nifty"": -0.8163983554718877}, {""sector"": ""NIFTY_ENERGY"", ""ltp"": 38106.6, ""return_pct"": -1.224116322803816, ""rs_vs_nifty"": -1.224116322803816}]"
2026-08-19 14:27:14,NORMAL,24034.35,,0,24067.994717740872,,,False,True,[],"[[""NIFTY_ENERGY"", -1.2383728390037547, -1.2383728390037547], [""NIFTY_INFRA"", -0.8233305426835982, -0.8233305426835982], [""NIFTY_FMCG"", -0.7900944384390454, -0.7900944384390454]]","[{""sector"": ""NIFTY_IT"", ""ltp"": 30338.65, ""return_pct"": 0.4143849841709593, ""rs_vs_nifty"": 0.4143849841709593}, {""sector"": ""NIFTY_REALTY"", ""ltp"": 895.05, ""return_pct"": -0.08372404554588078, ""rs_vs_nifty"": -0.08372404554588078}, {""sector"": ""NIFTY_METAL"", ""ltp"": 12995.5, ""return_pct"": -0.22878551741609998, ""rs_vs_nifty"": -0.22878551741609998}, {""sector"": ""NIFTY_BANK"", ""ltp"": 57118.85, ""return_pct"": -0.25068806057727744, ""rs_vs_nifty"": -0.25068806057727744}, {""sector"": ""NIFTY_AUTO"", ""ltp"": 29159.45, ""return_pct"": -0.35913759138616025, ""rs_vs_nifty"": -0.35913759138616025}, {""sector"": ""NIFTY_PHARMA"", ""ltp"": 26260.5, ""return_pct"": -0.3846460232380877, ""rs_vs_nifty"": -0.3846460232380877}, {""sector"": ""NIFTY_PSU_BANK"", ""ltp"": 8582.75, ""return_pct"": -0.4148053605615826, ""rs_vs_nifty"": -0.4148053605615826}, {""sector"": ""NIFTY_HEALTHCARE"", ""ltp"": 16388.85, ""return_pct"": -0.454636564077347, ""rs_vs_nifty"": -0.454636564077347}, {""sector"": ""NIFTY_FIN_SERVICE"", ""ltp"": 25979.25, ""return_pct"": -0.4931438639497472, ""rs_vs_nifty"": -0.4931438639497472}, {""sector"": ""NIFTY_MEDIA"", ""ltp"": 1590.2, ""return_pct"": -0.7489701660217201, ""rs_vs_nifty"": -0.7489701660217201}, {""sector"": ""NIFTY_FMCG"", ""ltp"": 47357.65, ""return_pct"": -0.7900944384390454, ""rs_vs_nifty"": -0.7900944384390454}, {""sector"": ""NIFTY_INFRA"", ""ltp"": 9299.35, ""return_pct"": -0.8233305426835982, ""rs_vs_nifty"": -0.8233305426835982}, {""sector"": ""NIFTY_ENERGY"", ""ltp"": 38101.1, ""return_pct"": -1.2383728390037547, ""rs_vs_nifty"": -1.2383728390037547}]"
2026-08-19 14:27:32,NORMAL,24033.95,,0,24067.96211853094,,,False,True,[],"[[""NIFTY_ENERGY"", -1.2316333949819693, -1.2316333949819693], [""NIFTY_INFRA"", -0.8281297492147927, -0.8281297492147927], [""NIFTY_FMCG"", -0.7944937446056127, -0.7944937446056127]]","[{""sector"": ""NIFTY_IT"", ""ltp"": 30333.7, ""return_pct"": 0.3980015522887985, ""rs_vs_nifty"": 0.3980015522887985}, {""sector"": ""NIFTY_REALTY"", ""ltp"": 895.05, ""return_pct"": -0.08372404554588078, ""rs_vs_nifty"": -0.08372404554588078}, {""sector"": ""NIFTY_METAL"", ""ltp"": 12994.35, ""return_pct"": -0.23761448872577912, ""rs_vs_nifty"": -0.23761448872577912}, {""sector"": ""NIFTY_BANK"", ""ltp"": 57120.55, ""return_pct"": -0.24771927128447035, ""rs_vs_nifty"": -0.24771927128447035}, {""sector"": ""NIFTY_AUTO"", ""ltp"": 29159.85, ""return_pct"": -0.3577707499346504, ""rs_vs_nifty"": -0.3577707499346504}, {""sector"": ""NIFTY_PHARMA"", ""ltp"": 26256.25, ""return_pct"": -0.40076777470516706, ""rs_vs_nifty"": -0.40076777470516706}, {""sector"": ""NIFTY_PSU_BANK"", ""ltp"": 8582.7, ""return_pct"": -0.415385507919003, ""rs_vs_nifty"": -0.415385507919003}, {""sector"": ""NIFTY_HEALTHCARE"", ""ltp"": 16387.45, ""return_pct"": -0.46314012038606145, ""rs_vs_nifty"": -0.46314012038606145}, {""sector"": ""NIFTY_FIN_SERVICE"", ""ltp"": 25978.25, ""return_pct"": -0.4969741075532404, ""rs_vs_nifty"": -0.4969741075532404}, {""sector"": ""NIFTY_MEDIA"", ""ltp"": 1590.5, ""return_pct"": -0.7302459118711799, ""rs_vs_nifty"": -0.7302459118711799}, {""sector"": ""NIFTY_FMCG"", ""ltp"": 47355.55, ""return_pct"": -0.7944937446056127, ""rs_vs_nifty"": -0.7944937446056127}, {""sector"": ""NIFTY_INFRA"", ""ltp"": 9298.9, ""return_pct"": -0.8281297492147927, ""rs_vs_nifty"": -0.8281297492147927}, {""sector"": ""NIFTY_ENERGY"", ""ltp"": 38103.7, ""return_pct"": -1.2316333949819693, ""rs_vs_nifty"": -1.2316333949819693}]"
2026-08-19 14:29:15,NORMAL,24032.7,,0,24067.80551721102,,,False,True,[],"[[""NIFTY_ENERGY"", -1.2115446676093287, -1.2115446676093287], [""NIFTY_INFRA"", -0.8414608784680896, -0.8414608784680896], [""NIFTY_FMCG"", -0.7763727930147519, -0.7763727930147519]]","[{""sector"": ""NIFTY_IT"", ""ltp"": 30350.05, ""return_pct"": 0.4521165242631959, ""rs_vs_nifty"": 0.4521165242631959}, {""sector"": ""NIFTY_REALTY"", ""ltp"": 895.55, ""return_pct"": -0.02790801518196026, ""rs_vs_nifty"": -0.02790801518196026}, {""sector"": ""NIFTY_METAL"", ""ltp"": 12994.85, ""return_pct"": -0.23377580554765656, ""rs_vs_nifty"": -0.23377580554765656}, {""sector"": ""NIFTY_BANK"", ""ltp"": 57118.5, ""return_pct"": -0.251299281902263, ""rs_vs_nifty"": -0.251299281902263}, {""sector"": ""NIFTY_AUTO"", ""ltp"": 29156.2, ""return_pct"": -0.3702431781797381, ""rs_vs_nifty"": -0.3702431781797381}, {""sector"": ""NIFTY_PHARMA"", ""ltp"": 26258.6, ""return_pct"": -0.39185339448219936, ""rs_vs_nifty"": -0.39185339448219936}, {""sector"": ""NIFTY_PSU_BANK"", ""ltp"": 8582.85, ""return_pct"": -0.41364506584672084, ""rs_vs_nifty"": -0.41364506584672084}, {""sector"": ""NIFTY_HEALTHCARE"", ""ltp"": 16388.4, ""return_pct"": -0.4573698500337061, ""rs_vs_nifty"": -0.4573698500337061}, {""sector"": ""NIFTY_FIN_SERVICE"", ""ltp"": 25981.55, ""return_pct"": -0.48433430366171565, ""rs_vs_nifty"": -0.48433430366171565}, {""sector"": ""NIFTY_MEDIA"", ""ltp"": 1590.25, ""return_pct"": -0.7458494569966324, ""rs_vs_nifty"": -0.7458494569966324}, {""sector"": ""NIFTY_FMCG"", ""ltp"": 47364.2, ""return_pct"": -0.7763727930147519, ""rs_vs_nifty"": -0.7763727930147519}, {""sector"": ""NIFTY_INFRA"", ""ltp"": 9297.65, ""return_pct"": -0.8414608784680896, ""rs_vs_nifty"": -0.8414608784680896}, {""sector"": ""NIFTY_ENERGY"", ""ltp"": 38111.45, ""return_pct"": -1.2115446676093287, ""rs_vs_nifty"": -1.2115446676093287}]"
2026-08-19 14:29:31,NORMAL,24039.75,,0,24067.817740055543,,,False,True,[],"[[""NIFTY_ENERGY"", -1.2081749455984265, -1.2081749455984265], [""NIFTY_INFRA"", -0.8217308071732062, -0.8217308071732062], [""NIFTY_FMCG"", -0.7839144607288694, -0.7839144607288694]]","[{""sector"": ""NIFTY_IT"", ""ltp"": 30351.5, ""return_pct"": 0.45691571138019416, ""rs_vs_nifty"": 0.45691571138019416}, {""sector"": ""NIFTY_REALTY"", ""ltp"": 895.65, ""return_pct"": -0.016744809109173617, ""rs_vs_nifty"": -0.016744809109173617}, {""sector"": ""NIFTY_METAL"", ""ltp"": 12996.85, ""return_pct"": -0.21842107283516626, ""rs_vs_nifty"": -0.21842107283516626}, {""sector"": ""NIFTY_BANK"", ""ltp"": 57134.5, ""return_pct"": -0.22335773561709157, ""rs_vs_nifty"": -0.22335773561709157}, {""sector"": ""NIFTY_AUTO"", ""ltp"": 29159.35, ""return_pct"": -0.35947930174904696, ""rs_vs_nifty"": -0.35947930174904696}, {""sector"": ""NIFTY_PSU_BANK"", ""ltp"": 8585.0, ""return_pct"": -0.38869872947728723, ""rs_vs_nifty"": -0.38869872947728723}, {""sector"": ""NIFTY_PHARMA"", ""ltp"": 26258.9, ""return_pct"": -0.3907153884962768, ""rs_vs_nifty"": -0.3907153884962768}, {""sector"": ""NIFTY_FIN_SERVICE"", ""ltp"": 25989.9, ""return_pct"": -0.45235176957253925, ""rs_vs_nifty"": -0.45235176957253925}, {""sector"": ""NIFTY_HEALTHCARE"", ""ltp"": 16387.15, ""return_pct"": -0.4649623110236415, ""rs_vs_nifty"": -0.4649623110236415}, {""sector"": ""NIFTY_MEDIA"", ""ltp"": 1590.45, ""return_pct"": -0.7333666208962676, ""rs_vs_nifty"": -0.7333666208962676}, {""sector"": ""NIFTY_FMCG"", ""ltp"": 47360.6, ""return_pct"": -0.7839144607288694, ""rs_vs_nifty"": -0.7839144607288694}, {""sector"": ""NIFTY_INFRA"", ""ltp"": 9299.5, ""return_pct"": -0.8217308071732062, ""rs_vs_nifty"": -0.8217308071732062}, {""sector"": ""NIFTY_ENERGY"", ""ltp"": 38112.75, ""return_pct"": -1.2081749455984265, ""rs_vs_nifty"": -1.2081749455984265}]"
2026-08-19 14:31:13,NORMAL,24043.3,,0,24067.67558076604,,,False,True,[],"[[""NIFTY_ENERGY"", -1.184457286829434, -1.184457286829434], [""NIFTY_INFRA"", -0.8131988844511041, -0.8131988844511041], [""NIFTY_FMCG"", -0.7886280030501948, -0.7886280030501948]]","[{""sector"": ""NIFTY_IT"", ""ltp"": 30354.15, ""return_pct"": 0.46568663955953626, ""rs_vs_nifty"": 0.46568663955953626}, {""sector"": ""NIFTY_REALTY"", ""ltp"": 896.15, ""return_pct"": 0.0390712212547469, ""rs_vs_nifty"": 0.0390712212547469}, {""sector"": ""NIFTY_BANK"", ""ltp"": 57167.45, ""return_pct"": -0.16581561373607176, ""rs_vs_nifty"": -0.16581561373607176}, {""sector"": ""NIFTY_METAL"", ""ltp"": 12999.4, ""return_pct"": -0.1988437886267467, ""rs_vs_nifty"": -0.1988437886267467}, {""sector"": ""NIFTY_PSU_BANK"", ""ltp"": 8592.65, ""return_pct"": -0.29993618379068704, ""rs_vs_nifty"": -0.29993618379068704}, {""sector"": ""NIFTY_AUTO"", ""ltp"": 29165.25, ""return_pct"": -0.33931839033916217, ""rs_vs_nifty"": -0.33931839033916217}, {""sector"": ""NIFTY_PHARMA"", ""ltp"": 26265.75, ""return_pct"": -0.36473091848463673, ""rs_vs_nifty"": -0.36473091848463673}, {""sector"": ""NIFTY_FIN_SERVICE"", ""ltp"": 26001.5, ""return_pct"": -0.40792094377202387, ""rs_vs_nifty"": -0.40792094377202387}, {""sector"": ""NIFTY_HEALTHCARE"", ""ltp"": 16391.15, ""return_pct"": -0.4406664358558482, ""rs_vs_nifty"": -0.4406664358558482}, {""sector"": ""NIFTY_MEDIA"", ""ltp"": 1590.95, ""return_pct"": -0.7021595306453626, ""rs_vs_nifty"": -0.7021595306453626}, {""sector"": ""NIFTY_FMCG"", ""ltp"": 47358.35, ""return_pct"": -0.7886280030501948, ""rs_vs_nifty"": -0.7886280030501948}, {""sector"": ""NIFTY_INFRA"", ""ltp"": 9300.3, ""return_pct"": -0.8131988844511041, ""rs_vs_nifty"": -0.8131988844511041}, {""sector"": ""NIFTY_ENERGY"", ""ltp"": 38121.9, ""return_pct"": -1.184457286829434, ""rs_vs_nifty"": -1.184457286829434}]"
2026-08-19 14:31:30,NORMAL,24043.4,,0,24067.66179827382,,,False,True,[],"[[""NIFTY_ENERGY"", -1.1748665395676647, -1.1748665395676647], [""NIFTY_INFRA"", -0.8126656392809607, -0.8126656392809607], [""NIFTY_FMCG"", -0.7929225638318376, -0.7929225638318376]]","[{""sector"": ""NIFTY_IT"", ""ltp"": 30354.05, ""return_pct"": 0.4653556611376673, ""rs_vs_nifty"": 0.4653556611376673}, {""sector"": ""NIFTY_REALTY"", ""ltp"": 896.3, ""return_pct"": 0.05581603036392052, ""rs_vs_nifty"": 0.05581603036392052}, {""sector"": ""NIFTY_BANK"", ""ltp"": 57166.8, ""return_pct"": -0.1669507390538967, ""rs_vs_nifty"": -0.1669507390538967}, {""sector"": ""NIFTY_METAL"", ""ltp"": 13002.2, ""return_pct"": -0.1773471628292519, ""rs_vs_nifty"": -0.1773471628292519}, {""sector"": ""NIFTY_PSU_BANK"", ""ltp"": 8591.6, ""return_pct"": -0.3121192782966831, ""rs_vs_nifty"": -0.3121192782966831}, {""sector"": ""NIFTY_AUTO"", ""ltp"": 29166.0, ""return_pct"": -0.33675556261756723, ""rs_vs_nifty"": -0.33675556261756723}, {""sector"": ""NIFTY_PHARMA"", ""ltp"": 26270.55, ""return_pct"": -0.3465228227100557, ""rs_vs_nifty"": -0.3465228227100557}, {""sector"": ""NIFTY_FIN_SERVICE"", ""ltp"": 26001.5, ""return_pct"": -0.40792094377202387, ""rs_vs_nifty"": -0.40792094377202387}, {""sector"": ""NIFTY_HEALTHCARE"", ""ltp"": 16394.35, ""return_pct"": -0.4212297357216311, ""rs_vs_nifty"": -0.4212297357216311}, {""sector"": ""NIFTY_MEDIA"", ""ltp"": 1591.05, ""return_pct"": -0.6959181125951873, ""rs_vs_nifty"": -0.6959181125951873}, {""sector"": ""NIFTY_FMCG"", ""ltp"": 47356.3, ""return_pct"": -0.7929225638318376, ""rs_vs_nifty"": -0.7929225638318376}, {""sector"": ""NIFTY_INFRA"", ""ltp"": 9300.35, ""return_pct"": -0.8126656392809607, ""rs_vs_nifty"": -0.8126656392809607}, {""sector"": ""NIFTY_ENERGY"", ""ltp"": 38125.6, ""return_pct"": -1.1748665395676647, ""rs_vs_nifty"": -1.1748665395676647}]"
2026-08-19 14:33:09,NORMAL,24048.55,,0,24067.545549329698,,,False,True,[],"[[""NIFTY_ENERGY"", -1.1673494673895115, -1.1673494673895115], [""NIFTY_INFRA"", -0.7902693421354181, -0.7902693421354181], [""NIFTY_FMCG"", -0.7301800782657577, -0.7301800782657577]]","[{""sector"": ""NIFTY_IT"", ""ltp"": 30360.3, ""return_pct"": 0.486041812504029, ""rs_vs_nifty"": 0.486041812504029}, {""sector"": ""NIFTY_REALTY"", ""ltp"": 896.15, ""return_pct"": 0.0390712212547469, ""rs_vs_nifty"": 0.0390712212547469}, {""sector"": ""NIFTY_METAL"", ""ltp"": 13006.65, ""return_pct"": -0.14318288254396933, ""rs_vs_nifty"": -0.14318288254396933}, {""sector"": ""NIFTY_BANK"", ""ltp"": 57166.75, ""return_pct"": -0.16703805638604294, ""rs_vs_nifty"": -0.16703805638604294}, {""sector"": ""NIFTY_AUTO"", ""ltp"": 29169.9, ""return_pct"": -0.3234288584652688, ""rs_vs_nifty"": -0.3234288584652688}, {""sector"": ""NIFTY_PSU_BANK"", ""ltp"": 8590.45, ""return_pct"": -0.325462667517541, ""rs_vs_nifty"": -0.325462667517541}, {""sector"": ""NIFTY_PHARMA"", ""ltp"": 26274.45, ""return_pct"": -0.33172874489320087, ""rs_vs_nifty"": -0.33172874489320087}, {""sector"": ""NIFTY_HEALTHCARE"", ""ltp"": 16398.3, ""return_pct"": -0.3972375589934307, ""rs_vs_nifty"": -0.3972375589934307}, {""sector"": ""NIFTY_FIN_SERVICE"", ""ltp"": 26002.75, ""return_pct"": -0.4031331392676574, ""rs_vs_nifty"": -0.4031331392676574}, {""sector"": ""NIFTY_MEDIA"", ""ltp"": 1591.35, ""return_pct"": -0.6771938584446471, ""rs_vs_nifty"": -0.6771938584446471}, {""sector"": ""NIFTY_FMCG"", ""ltp"": 47386.25, ""return_pct"": -0.7301800782657577, ""rs_vs_nifty"": -0.7301800782657577}, {""sector"": ""NIFTY_INFRA"", ""ltp"": 9302.45, ""return_pct"": -0.7902693421354181, ""rs_vs_nifty"": -0.7902693421354181}, {""sector"": ""NIFTY_ENERGY"", ""ltp"": 38128.5, ""return_pct"": -1.1673494673895115, ""rs_vs_nifty"": -1.1673494673895115}]"
2026-08-19 14:33:27,NORMAL,24049.0,,0,24067.514973037167,,,False,True,[],"[[""NIFTY_ENERGY"", -1.1562034638150065, -1.1562034638150065], [""NIFTY_INFRA"", -0.7961350390068804, -0.7961350390068804], [""NIFTY_FMCG"", -0.7221146836270484, -0.7221146836270484]]","[{""sector"": ""NIFTY_IT"", ""ltp"": 30360.35, ""return_pct"": 0.4862073017149575, ""rs_vs_nifty"": 0.4862073017149575}, {""sector"": ""NIFTY_REALTY"", ""ltp"": 896.1, ""return_pct"": 0.033489618218359926, ""rs_vs_nifty"": 0.033489618218359926}, {""sector"": ""NIFTY_METAL"", ""ltp"": 13007.05, ""return_pct"": -0.14011193600147406, ""rs_vs_nifty"": -0.14011193600147406}, {""sector"": ""NIFTY_BANK"", ""ltp"": 57164.0, ""return_pct"": -0.1718405096538068, ""rs_vs_nifty"": -0.1718405096538068}, {""sector"": ""NIFTY_AUTO"", ""ltp"": 29172.8, ""return_pct"": -0.313519257941776, ""rs_vs_nifty"": -0.313519257941776}, {""sector"": ""NIFTY_PHARMA"", ""ltp"": 26273.85, ""return_pct"": -0.3340047568650321, ""rs_vs_nifty"": -0.3340047568650321}, {""sector"": ""NIFTY_PSU_BANK"", ""ltp"": 8589.6, ""return_pct"": -0.3353251725938346, ""rs_vs_nifty"": -0.3353251725938346}, {""sector"": ""NIFTY_HEALTHCARE"", ""ltp"": 16397.7, ""return_pct"": -0.4008819402685909, ""rs_vs_nifty"": -0.4008819402685909}, {""sector"": ""NIFTY_FIN_SERVICE"", ""ltp"": 25999.8, ""return_pct"": -0.41443235789796506, ""rs_vs_nifty"": -0.41443235789796506}, {""sector"": ""NIFTY_MEDIA"", ""ltp"": 1591.5, ""return_pct"": -0.6678317313693699, ""rs_vs_nifty"": -0.6678317313693699}, {""sector"": ""NIFTY_FMCG"", ""ltp"": 47390.1, ""return_pct"": -0.7221146836270484, ""rs_vs_nifty"": -0.7221146836270484}, {""sector"": ""NIFTY_INFRA"", ""ltp"": 9301.9, ""return_pct"": -0.7961350390068804, ""rs_vs_nifty"": -0.7961350390068804}, {""sector"": ""NIFTY_ENERGY"", ""ltp"": 38132.8, ""return_pct"": -1.1562034638150065, ""rs_vs_nifty"": -1.1562034638150065}]"
2026-08-19 14:35:08,NORMAL,24049.55,,0,24067.4148306052,,,False,True,[],"[[""NIFTY_ENERGY"", -1.154777812195024, -1.154777812195024], [""NIFTY_INFRA"", -0.7769382128821213, -0.7769382128821213], [""NIFTY_FMCG"", -0.7325892221188826, -0.7325892221188826]]","[{""sector"": ""NIFTY_IT"", ""ltp"": 30360.55, ""return_pct"": 0.4868692585586834, ""rs_vs_nifty"": 0.4868692585586834}, {""sector"": ""NIFTY_REALTY"", ""ltp"": 896.1, ""return_pct"": 0.033489618218359926, ""rs_vs_nifty"": 0.033489618218359926}, {""sector"": ""NIFTY_METAL"", ""ltp"": 13006.9, ""return_pct"": -0.14126354095490803, ""rs_vs_nifty"": -0.14126354095490803}, {""sector"": ""NIFTY_BANK"", ""ltp"": 57167.35, ""return_pct"": -0.16599024840035154, ""rs_vs_nifty"": -0.16599024840035154}, {""sector"": ""NIFTY_PSU_BANK"", ""ltp"": 8591.75, ""return_pct"": -0.310378836224401, ""rs_vs_nifty"": -0.310378836224401}, {""sector"": ""NIFTY_AUTO"", ""ltp"": 29170.4, ""return_pct"": -0.3217203066508722, ""rs_vs_nifty"": -0.3217203066508722}, {""sector"": ""NIFTY_PHARMA"", ""ltp"": 26270.65, ""return_pct"": -0.34614348738141026, ""rs_vs_nifty"": -0.34614348738141026}, {""sector"": ""NIFTY_HEALTHCARE"", ""ltp"": 16395.3, ""return_pct"": -0.4154594653692757, ""rs_vs_nifty"": -0.4154594653692757}, {""sector"": ""NIFTY_FIN_SERVICE"", ""ltp"": 25996.1, ""return_pct"": -0.4286042592308926, ""rs_vs_nifty"": -0.4286042592308926}, {""sector"": ""NIFTY_MEDIA"", ""ltp"": 1591.4, ""return_pct"": -0.6740731494195452, ""rs_vs_nifty"": -0.6740731494195452}, {""sector"": ""NIFTY_FMCG"", ""ltp"": 47385.1, ""return_pct"": -0.7325892221188826, ""rs_vs_nifty"": -0.7325892221188826}, {""sector"": ""NIFTY_INFRA"", ""ltp"": 9303.7, ""return_pct"": -0.7769382128821213, ""rs_vs_nifty"": -0.7769382128821213}, {""sector"": ""NIFTY_ENERGY"", ""ltp"": 38133.35, ""return_pct"": -1.154777812195024, ""rs_vs_nifty"": -1.154777812195024}]"
2026-08-19 14:35:24,NORMAL,24046.85,,0,24067.3994334259,,,False,True,[],"[[""NIFTY_ENERGY"", -1.1676086767749612, -1.1676086767749612], [""NIFTY_INFRA"", -0.778004703222389, -0.778004703222389], [""NIFTY_FMCG"", -0.7400261444480756, -0.7400261444480756]]","[{""sector"": ""NIFTY_IT"", ""ltp"": 30358.75, ""return_pct"": 0.48091164696517374, ""rs_vs_nifty"": 0.48091164696517374}, {""sector"": ""NIFTY_REALTY"", ""ltp"": 895.7, ""return_pct"": -0.011163206072773952, ""rs_vs_nifty"": -0.011163206072773952}, {""sector"": ""NIFTY_METAL"", ""ltp"": 13002.7, ""return_pct"": -0.1735084796511293, ""rs_vs_nifty"": -0.1735084796511293}, {""sector"": ""NIFTY_BANK"", ""ltp"": 57161.9, ""return_pct"": -0.175507837603733, ""rs_vs_nifty"": -0.175507837603733}, {""sector"": ""NIFTY_PSU_BANK"", ""ltp"": 8591.55, ""return_pct"": -0.31269942565412456, ""rs_vs_nifty"": -0.31269942565412456}, {""sector"": ""NIFTY_AUTO"", ""ltp"": 29163.85, ""return_pct"": -0.3441023354194776, ""rs_vs_nifty"": -0.3441023354194776}, {""sector"": ""NIFTY_PHARMA"", ""ltp"": 26268.5, ""return_pct"": -0.35429919694711476, ""rs_vs_nifty"": -0.35429919694711476}, {""sector"": ""NIFTY_HEALTHCARE"", ""ltp"": 16394.9, ""return_pct"": -0.41788905288604183, ""rs_vs_nifty"": -0.41788905288604183}, {""sector"": ""NIFTY_FIN_SERVICE"", ""ltp"": 25997.1, ""return_pct"": -0.42477401562739947, ""rs_vs_nifty"": -0.42477401562739947}, {""sector"": ""NIFTY_MEDIA"", ""ltp"": 1591.25, ""return_pct"": -0.6834352764948225, ""rs_vs_nifty"": -0.6834352764948225}, {""sector"": ""NIFTY_FMCG"", ""ltp"": 47381.55, ""return_pct"": -0.7400261444480756, ""rs_vs_nifty"": -0.7400261444480756}, {""sector"": ""NIFTY_INFRA"", ""ltp"": 9303.6, ""return_pct"": -0.778004703222389, ""rs_vs_nifty"": -0.778004703222389}, {""sector"": ""NIFTY_ENERGY"", ""ltp"": 38128.4, ""return_pct"": -1.1676086767749612, ""rs_vs_nifty"": -1.1676086767749612}]"
2026-08-19 14:37:04,NORMAL,24070.5,,0,24067.432431314228,,,True,True,"[[""NIFTY_IT"", 0.5083828559796996, 0.5083828559796996]]","[[""NIFTY_ENERGY"", -1.0968445145461865, -1.0968445145461865], [""NIFTY_INFRA"", -0.6985511728727517, -0.6985511728727517], [""NIFTY_FMCG"", -0.6892246327626804, -0.6892246327626804]]","[{""sector"": ""NIFTY_IT"", ""ltp"": 30367.05, ""return_pct"": 0.5083828559796996, ""rs_vs_nifty"": 0.5083828559796996}, {""sector"": ""NIFTY_REALTY"", ""ltp"": 896.45, ""return_pct"": 0.07256083947310683, ""rs_vs_nifty"": 0.07256083947310683}, {""sector"": ""NIFTY_BANK"", ""ltp"": 57270.5, ""return_pct"": 0.01414540780686549, ""rs_vs_nifty"": 0.01414540780686549}, {""sector"": ""NIFTY_METAL"", ""ltp"": 13012.35, ""return_pct"": -0.09942189431336637, ""rs_vs_nifty"": -0.09942189431336637}, {""sector"": ""NIFTY_PSU_BANK"", ""ltp"": 8604.5, ""return_pct"": -0.16244126008006032, ""rs_vs_nifty"": -0.16244126008006032}, {""sector"": ""NIFTY_FIN_SERVICE"", ""ltp"": 26037.25, ""return_pct"": -0.2709897349471426, ""rs_vs_nifty"": -0.2709897349471426}, {""sector"": ""NIFTY_AUTO"", ""ltp"": 29180.55, ""return_pct"": -0.2870367048186287, ""rs_vs_nifty"": -0.2870367048186287}, {""sector"": ""NIFTY_PHARMA"", ""ltp"": 26284.65, ""return_pct"": -0.2930365413722076, ""rs_vs_nifty"": -0.2930365413722076}, {""sector"": ""NIFTY_HEALTHCARE"", ""ltp"": 16403.85, ""return_pct"": -0.3635270321981218, ""rs_vs_nifty"": -0.3635270321981218}, {""sector"": ""NIFTY_MEDIA"", ""ltp"": 1592.9, ""return_pct"": -0.5804518786668302, ""rs_vs_nifty"": -0.5804518786668302}, {""sector"": ""NIFTY_FMCG"", ""ltp"": 47405.8, ""return_pct"": -0.6892246327626804, ""rs_vs_nifty"": -0.6892246327626804}, {""sector"": ""NIFTY_INFRA"", ""ltp"": 9311.05, ""return_pct"": -0.6985511728727517, ""rs_vs_nifty"": -0.6985511728727517}, {""sector"": ""NIFTY_ENERGY"", ""ltp"": 38155.7, ""return_pct"": -1.0968445145461865, ""rs_vs_nifty"": -1.0968445145461865}]"
2026-08-19 14:37:20,NORMAL,24072.3,,0,24067.438633126076,,,True,True,"[[""NIFTY_IT"", 0.5179812302136962, 0.5179812302136962]]","[[""NIFTY_ENERGY"", -1.1065648665006902, -1.1065648665006902], [""NIFTY_INFRA"", -0.6985511728727517, -0.6985511728727517], [""NIFTY_FMCG"", -0.6897483596872722, -0.6897483596872722]]","[{""sector"": ""NIFTY_IT"", ""ltp"": 30369.95, ""return_pct"": 0.5179812302136962, ""rs_vs_nifty"": 0.5179812302136962}, {""sector"": ""NIFTY_REALTY"", ""ltp"": 896.45, ""return_pct"": 0.07256083947310683, ""rs_vs_nifty"": 0.07256083947310683}, {""sector"": ""NIFTY_BANK"", ""ltp"": 57265.55, ""return_pct"": 0.005500991924895665, ""rs_vs_nifty"": 0.005500991924895665}, {""sector"": ""NIFTY_METAL"", ""ltp"": 13012.1, ""return_pct"": -0.10134123590242765, ""rs_vs_nifty"": -0.10134123590242765}, {""sector"": ""NIFTY_PSU_BANK"", ""ltp"": 8605.25, ""return_pct"": -0.15373904971862853, ""rs_vs_nifty"": -0.15373904971862853}, {""sector"": ""NIFTY_AUTO"", ""ltp"": 29185.6, ""return_pct"": -0.2697803314932255, ""rs_vs_nifty"": -0.2697803314932255}, {""sector"": ""NIFTY_FIN_SERVICE"", ""ltp"": 26035.55, ""return_pct"": -0.2775011490730838, ""rs_vs_nifty"": -0.2775011490730838}, {""sector"": ""NIFTY_PHARMA"", ""ltp"": 26283.35, ""return_pct"": -0.29796790064450174, ""rs_vs_nifty"": -0.29796790064450174}, {""sector"": ""NIFTY_HEALTHCARE"", ""ltp"": 16404.85, ""return_pct"": -0.3574530634061735, ""rs_vs_nifty"": -0.3574530634061735}, {""sector"": ""NIFTY_MEDIA"", ""ltp"": 1592.6, ""return_pct"": -0.5991761328173846, ""rs_vs_nifty"": -0.5991761328173846}, {""sector"": ""NIFTY_FMCG"", ""ltp"": 47405.55, ""return_pct"": -0.6897483596872722, ""rs_vs_nifty"": -0.6897483596872722}, {""sector"": ""NIFTY_INFRA"", ""ltp"": 9311.05, ""return_pct"": -0.6985511728727517, ""rs_vs_nifty"": -0.6985511728727517}, {""sector"": ""NIFTY_ENERGY"", ""ltp"": 38151.95, ""return_pct"": -1.1065648665006902, ""rs_vs_nifty"": -1.1065648665006902}]"
2026-08-19 14:38:58,NORMAL,24048.8,,0,24067.293212908535,,,False,True,[],"[[""NIFTY_ENERGY"", -1.2182841116311138, -1.2182841116311138], [""NIFTY_INFRA"", -0.8009342455380555, -0.8009342455380555], [""NIFTY_FMCG"", -0.7268282259483738, -0.7268282259483738]]","[{""sector"": ""NIFTY_IT"", ""ltp"": 30349.05, ""return_pct"": 0.448806740044578, ""rs_vs_nifty"": 0.448806740044578}, {""sector"": ""NIFTY_REALTY"", ""ltp"": 895.2, ""return_pct"": -0.06697923643669447, ""rs_vs_nifty"": -0.06697923643669447}, {""sector"": ""NIFTY_BANK"", ""ltp"": 57207.3, ""return_pct"": -0.09622370001955653, ""rs_vs_nifty"": -0.09622370001955653}, {""sector"": ""NIFTY_METAL"", ""ltp"": 12992.2, ""return_pct"": -0.2541208263917034, ""rs_vs_nifty"": -0.2541208263917034}, {""sector"": ""NIFTY_PSU_BANK"", ""ltp"": 8594.5, ""return_pct"": -0.2784707315658177, ""rs_vs_nifty"": -0.2784707315658177}, {""sector"": ""NIFTY_PHARMA"", ""ltp"": 26270.65, ""return_pct"": -0.34614348738141026, ""rs_vs_nifty"": -0.34614348738141026}, {""sector"": ""NIFTY_AUTO"", ""ltp"": 29151.1, ""return_pct"": -0.38767040668659086, ""rs_vs_nifty"": -0.38767040668659086}, {""sector"": ""NIFTY_HEALTHCARE"", ""ltp"": 16396.45, ""return_pct"": -0.4084744012585263, ""rs_vs_nifty"": -0.4084744012585263}, {""sector"": ""NIFTY_FIN_SERVICE"", ""ltp"": 26001.05, ""return_pct"": -0.4096445533935986, ""rs_vs_nifty"": -0.4096445533935986}, {""sector"": ""NIFTY_MEDIA"", ""ltp"": 1591.2, ""return_pct"": -0.6865559855199102, ""rs_vs_nifty"": -0.6865559855199102}, {""sector"": ""NIFTY_FMCG"", ""ltp"": 47387.85, ""return_pct"": -0.7268282259483738, ""rs_vs_nifty"": -0.7268282259483738}, {""sector"": ""NIFTY_INFRA"", ""ltp"": 9301.45, ""return_pct"": -0.8009342455380555, ""rs_vs_nifty"": -0.8009342455380555}, {""sector"": ""NIFTY_ENERGY"", ""ltp"": 38108.85, ""return_pct"": -1.2182841116311138, ""rs_vs_nifty"": -1.2182841116311138}]"
2026-08-19 14:39:17,NORMAL,24051.6,,0,24067.285797237768,,,False,True,[],"[[""NIFTY_ENERGY"", -1.2026019438111741, -1.2026019438111741], [""NIFTY_INFRA"", -0.7940020583263451, -0.7940020583263451], [""NIFTY_FMCG"", -0.7228479013214739, -0.7228479013214739]]","[{""sector"": ""NIFTY_IT"", ""ltp"": 30350.25, ""return_pct"": 0.45277848110692176, ""rs_vs_nifty"": 0.45277848110692176}, {""sector"": ""NIFTY_REALTY"", ""ltp"": 895.2, ""return_pct"": -0.06697923643669447, ""rs_vs_nifty"": -0.06697923643669447}, {""sector"": ""NIFTY_BANK"", ""ltp"": 57204.2, ""return_pct"": -0.10163737461231866, ""rs_vs_nifty"": -0.10163737461231866}, {""sector"": ""NIFTY_METAL"", ""ltp"": 12994.9, ""return_pct"": -0.23339193722984988, ""rs_vs_nifty"": -0.23339193722984988}, {""sector"": ""NIFTY_PSU_BANK"", ""ltp"": 8594.0, ""return_pct"": -0.2842722051401056, ""rs_vs_nifty"": -0.2842722051401056}, {""sector"": ""NIFTY_PHARMA"", ""ltp"": 26269.95, ""return_pct"": -0.34879883468187317, ""rs_vs_nifty"": -0.34879883468187317}, {""sector"": ""NIFTY_AUTO"", ""ltp"": 29157.6, ""return_pct"": -0.36545923309943507, ""rs_vs_nifty"": -0.36545923309943507}, {""sector"": ""NIFTY_HEALTHCARE"", ""ltp"": 16397.45, ""return_pct"": -0.402400432466578, ""rs_vs_nifty"": -0.402400432466578}, {""sector"": ""NIFTY_FIN_SERVICE"", ""ltp"": 26002.5, ""return_pct"": -0.4040907001685307, ""rs_vs_nifty"": -0.4040907001685307}, {""sector"": ""NIFTY_MEDIA"", ""ltp"": 1590.75, ""return_pct"": -0.7146423667457275, ""rs_vs_nifty"": -0.7146423667457275}, {""sector"": ""NIFTY_FMCG"", ""ltp"": 47389.75, ""return_pct"": -0.7228479013214739, ""rs_vs_nifty"": -0.7228479013214739}, {""sector"": ""NIFTY_INFRA"", ""ltp"": 9302.1, ""return_pct"": -0.7940020583263451, ""rs_vs_nifty"": -0.7940020583263451}, {""sector"": ""NIFTY_ENERGY"", ""ltp"": 38114.9, ""return_pct"": -1.2026019438111741, ""rs_vs_nifty"": -1.2026019438111741}]"
2026-08-19 14:40:53,NORMAL,24049.0,,0,24067.191328855282,,,False,True,[],"[[""NIFTY_ENERGY"", -1.1932704059348545, -1.1932704059348545], [""NIFTY_INFRA"", -0.7950685486666128, -0.7950685486666128], [""NIFTY_FMCG"", -0.7399213990631663, -0.7399213990631663]]","[{""sector"": ""NIFTY_IT"", ""ltp"": 30348.25, ""return_pct"": 0.44615891266968605, ""rs_vs_nifty"": 0.44615891266968605}, {""sector"": ""NIFTY_REALTY"", ""ltp"": 895.05, ""return_pct"": -0.08372404554588078, ""rs_vs_nifty"": -0.08372404554588078}, {""sector"": ""NIFTY_BANK"", ""ltp"": 57206.8, ""return_pct"": -0.09709687334096814, ""rs_vs_nifty"": -0.09709687334096814}, {""sector"": ""NIFTY_METAL"", ""ltp"": 12996.85, ""return_pct"": -0.21842107283516626, ""rs_vs_nifty"": -0.21842107283516626}, {""sector"": ""NIFTY_PSU_BANK"", ""ltp"": 8593.95, ""return_pct"": -0.28485235249752594, ""rs_vs_nifty"": -0.28485235249752594}, {""sector"": ""NIFTY_PHARMA"", ""ltp"": 26267.7, ""return_pct"": -0.3573338795762093, ""rs_vs_nifty"": -0.3573338795762093}, {""sector"": ""NIFTY_AUTO"", ""ltp"": 29158.1, ""return_pct"": -0.36375068128503846, ""rs_vs_nifty"": -0.36375068128503846}, {""sector"": ""NIFTY_FIN_SERVICE"", ""ltp"": 26004.55, ""return_pct"": -0.39623870078137247, ""rs_vs_nifty"": -0.39623870078137247}, {""sector"": ""NIFTY_HEALTHCARE"", ""ltp"": 16395.6, ""return_pct"": -0.41363727473169565, ""rs_vs_nifty"": -0.41363727473169565}, {""sector"": ""NIFTY_MEDIA"", ""ltp"": 1591.0, ""return_pct"": -0.699038821620275, ""rs_vs_nifty"": -0.699038821620275}, {""sector"": ""NIFTY_FMCG"", ""ltp"": 47381.6, ""return_pct"": -0.7399213990631663, ""rs_vs_nifty"": -0.7399213990631663}, {""sector"": ""NIFTY_INFRA"", ""ltp"": 9302.0, ""return_pct"": -0.7950685486666128, ""rs_vs_nifty"": -0.7950685486666128}, {""sector"": ""NIFTY_ENERGY"", ""ltp"": 38118.5, ""return_pct"": -1.1932704059348545, ""rs_vs_nifty"": -1.1932704059348545}]"
2026-08-19 14:41:12,NORMAL,24051.95,,0,24067.181871605968,,,False,True,[],"[[""NIFTY_ENERGY"", -1.1781066568858327, -1.1781066568858327], [""NIFTY_INFRA"", -0.8025339810484666, -0.8025339810484666], [""NIFTY_FMCG"", -0.7280851705673909, -0.7280851705673909]]","[{""sector"": ""NIFTY_IT"", ""ltp"": 30352.35, ""return_pct"": 0.4597290279660145, ""rs_vs_nifty"": 0.4597290279660145}, {""sector"": ""NIFTY_BANK"", ""ltp"": 57215.35, ""return_pct"": -0.08216560954483729, ""rs_vs_nifty"": -0.08216560954483729}, {""sector"": ""NIFTY_REALTY"", ""ltp"": 895.05, ""return_pct"": -0.08372404554588078, ""rs_vs_nifty"": -0.08372404554588078}, {""sector"": ""NIFTY_METAL"", ""ltp"": 12998.55, ""return_pct"": -0.20536955002955787, ""rs_vs_nifty"": -0.20536955002955787}, {""sector"": ""NIFTY_PSU_BANK"", ""ltp"": 8594.3, ""return_pct"": -0.2807913209955413, ""rs_vs_nifty"": -0.2807913209955413}, {""sector"": ""NIFTY_PHARMA"", ""ltp"": 26269.0, ""return_pct"": -0.35240252030392893, ""rs_vs_nifty"": -0.35240252030392893}, {""sector"": ""NIFTY_AUTO"", ""ltp"": 29158.25, ""return_pct"": -0.3632381157407146, ""rs_vs_nifty"": -0.3632381157407146}, {""sector"": ""NIFTY_FIN_SERVICE"", ""ltp"": 26006.35, ""return_pct"": -0.38934426229508756, ""rs_vs_nifty"": -0.38934426229508756}, {""sector"": ""NIFTY_HEALTHCARE"", ""ltp"": 16396.5, ""return_pct"": -0.4081707028189333, ""rs_vs_nifty"": -0.4081707028189333}, {""sector"": ""NIFTY_MEDIA"", ""ltp"": 1591.05, ""return_pct"": -0.6959181125951873, ""rs_vs_nifty"": -0.6959181125951873}, {""sector"": ""NIFTY_FMCG"", ""ltp"": 47387.25, ""return_pct"": -0.7280851705673909, ""rs_vs_nifty"": -0.7280851705673909}, {""sector"": ""NIFTY_INFRA"", ""ltp"": 9301.3, ""return_pct"": -0.8025339810484666, ""rs_vs_nifty"": -0.8025339810484666}, {""sector"": ""NIFTY_ENERGY"", ""ltp"": 38124.35, ""return_pct"": -1.1781066568858327, ""rs_vs_nifty"": -1.1781066568858327}]"
2026-08-19 14:42:52,NORMAL,24046.5,,0,24067.06743964224,,,False,True,[],"[[""NIFTY_ENERGY"", -1.1966401279457564, -1.1966401279457564], [""NIFTY_INFRA"", -0.8147986199614959, -0.8147986199614959], [""NIFTY_FMCG"", -0.7467298490828586, -0.7467298490828586]]","[{""sector"": ""NIFTY_IT"", ""ltp"": 30344.05, ""return_pct"": 0.4322578189514886, ""rs_vs_nifty"": 0.4322578189514886}, {""sector"": ""NIFTY_BANK"", ""ltp"": 57211.55, ""return_pct"": -0.08880172678755788, ""rs_vs_nifty"": -0.08880172678755788}, {""sector"": ""NIFTY_REALTY"", ""ltp"": 894.75, ""return_pct"": -0.11721366376422802, ""rs_vs_nifty"": -0.11721366376422802}, {""sector"": ""NIFTY_METAL"", ""ltp"": 12996.3, ""return_pct"": -0.22264362433110949, ""rs_vs_nifty"": -0.22264362433110949}, {""sector"": ""NIFTY_PSU_BANK"", ""ltp"": 8592.95, ""return_pct"": -0.2964552996461017, ""rs_vs_nifty"": -0.2964552996461017}, {""sector"": ""NIFTY_PHARMA"", ""ltp"": 26272.85, ""return_pct"": -0.33779811015140376, ""rs_vs_nifty"": -0.33779811015140376}, {""sector"": ""NIFTY_HEALTHCARE"", ""ltp"": 16398.7, ""return_pct"": -0.3948079714766425, ""rs_vs_nifty"": -0.3948079714766425}, {""sector"": ""NIFTY_AUTO"", ""ltp"": 29148.6, ""return_pct"": -0.3962131657585739, ""rs_vs_nifty"": -0.3962131657585739}, {""sector"": ""NIFTY_FIN_SERVICE"", ""ltp"": 26000.95, ""return_pct"": -0.4100275777539424, ""rs_vs_nifty"": -0.4100275777539424}, {""sector"": ""NIFTY_MEDIA"", ""ltp"": 1591.55, ""return_pct"": -0.6647110223442823, ""rs_vs_nifty"": -0.6647110223442823}, {""sector"": ""NIFTY_FMCG"", ""ltp"": 47378.35, ""return_pct"": -0.7467298490828586, ""rs_vs_nifty"": -0.7467298490828586}, {""sector"": ""NIFTY_INFRA"", ""ltp"": 9300.15, ""return_pct"": -0.8147986199614959, ""rs_vs_nifty"": -0.8147986199614959}, {""sector"": ""NIFTY_ENERGY"", ""ltp"": 38117.2, ""return_pct"": -1.1966401279457564, ""rs_vs_nifty"": -1.1966401279457564}]"
2026-08-19 14:43:10,NORMAL,24047.95,,0,24067.05569775004,,,False,True,[],"[[""NIFTY_ENERGY"", -1.195992104482123, -1.195992104482123], [""NIFTY_INFRA"", -0.8052002068991262, -0.8052002068991262], [""NIFTY_FMCG"", -0.740130889833, -0.740130889833]]","[{""sector"": ""NIFTY_IT"", ""ltp"": 30345.8, ""return_pct"": 0.4380499413340699, ""rs_vs_nifty"": 0.4380499413340699}, {""sector"": ""NIFTY_BANK"", ""ltp"": 57221.1, ""return_pct"": -0.07212411634860381, ""rs_vs_nifty"": -0.07212411634860381}, {""sector"": ""NIFTY_REALTY"", ""ltp"": 894.8, ""return_pct"": -0.11163206072784104, ""rs_vs_nifty"": -0.11163206072784104}, {""sector"": ""NIFTY_METAL"", ""ltp"": 12998.3, ""return_pct"": -0.2072888916186192, ""rs_vs_nifty"": -0.2072888916186192}, {""sector"": ""NIFTY_PSU_BANK"", ""ltp"": 8592.35, ""return_pct"": -0.3034170679352513, ""rs_vs_nifty"": -0.3034170679352513}, {""sector"": ""NIFTY_PHARMA"", ""ltp"": 26275.85, ""return_pct"": -0.3264180502922889, ""rs_vs_nifty"": -0.3264180502922889}, {""sector"": ""NIFTY_AUTO"", ""ltp"": 29151.9, ""return_pct"": -0.3849367237835464, ""rs_vs_nifty"": -0.3849367237835464}, {""sector"": ""NIFTY_HEALTHCARE"", ""ltp"": 16399.8, ""return_pct"": -0.3881266058055082, ""rs_vs_nifty"": -0.3881266058055082}, {""sector"": ""NIFTY_FIN_SERVICE"", ""ltp"": 26002.8, ""return_pct"": -0.40294162708748554, ""rs_vs_nifty"": -0.40294162708748554}, {""sector"": ""NIFTY_MEDIA"", ""ltp"": 1591.6, ""return_pct"": -0.6615903133191946, ""rs_vs_nifty"": -0.6615903133191946}, {""sector"": ""NIFTY_FMCG"", ""ltp"": 47381.5, ""return_pct"": -0.740130889833, ""rs_vs_nifty"": -0.740130889833}, {""sector"": ""NIFTY_INFRA"", ""ltp"": 9301.05, ""return_pct"": -0.8052002068991262, ""rs_vs_nifty"": -0.8052002068991262}, {""sector"": ""NIFTY_ENERGY"", ""ltp"": 38117.45, ""return_pct"": -1.195992104482123, ""rs_vs_nifty"": -1.195992104482123}]"
2026-08-19 14:44:52,NORMAL,24049.55,,0,24066.971857955265,,,False,True,[],"[[""NIFTY_ENERGY"", -1.200917082805723, -1.200917082805723], [""NIFTY_INFRA"", -0.8046669617289827, -0.8046669617289827], [""NIFTY_MEDIA"", -0.7364873299213552, -0.7364873299213552]]","[{""sector"": ""NIFTY_IT"", ""ltp"": 30344.3, ""return_pct"": 0.43308526500614314, ""rs_vs_nifty"": 0.43308526500614314}, {""sector"": ""NIFTY_BANK"", ""ltp"": 57223.35, ""return_pct"": -0.06819483640225159, ""rs_vs_nifty"": -0.06819483640225159}, {""sector"": ""NIFTY_REALTY"", ""ltp"": 895.0, ""return_pct"": -0.08930564858226776, ""rs_vs_nifty"": -0.08930564858226776}, {""sector"": ""NIFTY_METAL"", ""ltp"": 13002.15, ""return_pct"": -0.17773103114707253, ""rs_vs_nifty"": -0.17773103114707253}, {""sector"": ""NIFTY_PSU_BANK"", ""ltp"": 8594.6, ""return_pct"": -0.27731043685095597, ""rs_vs_nifty"": -0.27731043685095597}, {""sector"": ""NIFTY_PHARMA"", ""ltp"": 26274.35, ""return_pct"": -0.33210808022184635, ""rs_vs_nifty"": -0.33210808022184635}, {""sector"": ""NIFTY_HEALTHCARE"", ""ltp"": 16399.05, ""return_pct"": -0.39268208239946945, ""rs_vs_nifty"": -0.39268208239946945}, {""sector"": ""NIFTY_FIN_SERVICE"", ""ltp"": 26004.2, ""return_pct"": -0.3975792860425895, ""rs_vs_nifty"": -0.3975792860425895}, {""sector"": ""NIFTY_AUTO"", ""ltp"": 29145.4, ""return_pct"": -0.4071478973707022, ""rs_vs_nifty"": -0.4071478973707022}, {""sector"": ""NIFTY_FMCG"", ""ltp"": 47386.9, ""return_pct"": -0.7288183882618162, ""rs_vs_nifty"": -0.7288183882618162}, {""sector"": ""NIFTY_MEDIA"", ""ltp"": 1590.4, ""return_pct"": -0.7364873299213552, ""rs_vs_nifty"": -0.7364873299213552}, {""sector"": ""NIFTY_INFRA"", ""ltp"": 9301.1, ""return_pct"": -0.8046669617289827, ""rs_vs_nifty"": -0.8046669617289827}, {""sector"": ""NIFTY_ENERGY"", ""ltp"": 38115.55, ""return_pct"": -1.200917082805723, ""rs_vs_nifty"": -1.200917082805723}]"
2026-08-19 14:45:09,NORMAL,24051.15,,0,24066.960344540315,,,False,True,[],"[[""NIFTY_ENERGY"", -1.1884750323039697, -1.1884750323039697], [""NIFTY_INFRA"", -0.8078664327497854, -0.8078664327497854], [""NIFTY_MEDIA"", -0.7333666208962676, -0.7333666208962676]]","[{""sector"": ""NIFTY_IT"", ""ltp"": 30344.75, ""return_pct"": 0.43457466790452354, ""rs_vs_nifty"": 0.43457466790452354}, {""sector"": ""NIFTY_BANK"", ""ltp"": 57227.8, ""return_pct"": -0.06042359384168065, ""rs_vs_nifty"": -0.06042359384168065}, {""sector"": ""NIFTY_REALTY"", ""ltp"": 895.05, ""return_pct"": -0.08372404554588078, ""rs_vs_nifty"": -0.08372404554588078}, {""sector"": ""NIFTY_METAL"", ""ltp"": 13003.75, ""return_pct"": -0.16544724497707747, ""rs_vs_nifty"": -0.16544724497707747}, {""sector"": ""NIFTY_PSU_BANK"", ""ltp"": 8594.0, ""return_pct"": -0.2842722051401056, ""rs_vs_nifty"": -0.2842722051401056}, {""sector"": ""NIFTY_PHARMA"", ""ltp"": 26276.9, ""return_pct"": -0.3224350293415877, ""rs_vs_nifty"": -0.3224350293415877}, {""sector"": ""NIFTY_HEALTHCARE"", ""ltp"": 16400.95, ""return_pct"": -0.3811415416947587, ""rs_vs_nifty"": -0.3811415416947587}, {""sector"": ""NIFTY_FIN_SERVICE"", ""ltp"": 26002.75, ""return_pct"": -0.4031331392676574, ""rs_vs_nifty"": -0.4031331392676574}, {""sector"": ""NIFTY_AUTO"", ""ltp"": 29145.05, ""return_pct"": -0.4083438836407873, ""rs_vs_nifty"": -0.4083438836407873}, {""sector"": ""NIFTY_FMCG"", ""ltp"": 47387.5, ""return_pct"": -0.7275614436427992, ""rs_vs_nifty"": -0.7275614436427992}, {""sector"": ""NIFTY_MEDIA"", ""ltp"": 1590.45, ""return_pct"": -0.7333666208962676, ""rs_vs_nifty"": -0.7333666208962676}, {""sector"": ""NIFTY_INFRA"", ""ltp"": 9300.8, ""return_pct"": -0.8078664327497854, ""rs_vs_nifty"": -0.8078664327497854}, {""sector"": ""NIFTY_ENERGY"", ""ltp"": 38120.35, ""return_pct"": -1.1884750323039697, ""rs_vs_nifty"": -1.1884750323039697}]"
2026-08-19 14:46:48,NORMAL,24047.35,,0,24066.87439339876,,,False,True,[],"[[""NIFTY_ENERGY"", -1.2080453409056922, -1.2080453409056922], [""NIFTY_INFRA"", -0.8366616719368949, -0.8366616719368949], [""NIFTY_FMCG"", -0.7364648013608581, -0.7364648013608581]]","[{""sector"": ""NIFTY_IT"", ""ltp"": 30336.75, ""return_pct"": 0.40809639415558063, ""rs_vs_nifty"": 0.40809639415558063}, {""sector"": ""NIFTY_BANK"", ""ltp"": 57235.05, ""return_pct"": -0.047762580681212356, ""rs_vs_nifty"": -0.047762580681212356}, {""sector"": ""NIFTY_REALTY"", ""ltp"": 894.2, ""return_pct"": -0.17861129716453553, ""rs_vs_nifty"": -0.17861129716453553}, {""sector"": ""NIFTY_METAL"", ""ltp"": 12997.5, ""return_pct"": -0.21343078470360968, ""rs_vs_nifty"": -0.21343078470360968}, {""sector"": ""NIFTY_PSU_BANK"", ""ltp"": 8594.1, ""return_pct"": -0.2831119104252438, ""rs_vs_nifty"": -0.2831119104252438}, {""sector"": ""NIFTY_PHARMA"", ""ltp"": 26268.45, ""return_pct"": -0.3544888646114306, ""rs_vs_nifty"": -0.3544888646114306}, {""sector"": ""NIFTY_FIN_SERVICE"", ""ltp"": 26002.05, ""return_pct"": -0.40581430979010547, ""rs_vs_nifty"": -0.40581430979010547}, {""sector"": ""NIFTY_HEALTHCARE"", ""ltp"": 16395.25, ""return_pct"": -0.4157631638088687, ""rs_vs_nifty"": -0.4157631638088687}, {""sector"": ""NIFTY_AUTO"", ""ltp"": 29137.85, ""return_pct"": -0.4329470297681008, ""rs_vs_nifty"": -0.4329470297681008}, {""sector"": ""NIFTY_MEDIA"", ""ltp"": 1590.95, ""return_pct"": -0.7021595306453626, ""rs_vs_nifty"": -0.7021595306453626}, {""sector"": ""NIFTY_FMCG"", ""ltp"": 47383.25, ""return_pct"": -0.7364648013608581, ""rs_vs_nifty"": -0.7364648013608581}, {""sector"": ""NIFTY_INFRA"", ""ltp"": 9298.1, ""return_pct"": -0.8366616719368949, ""rs_vs_nifty"": -0.8366616719368949}, {""sector"": ""NIFTY_ENERGY"", ""ltp"": 38112.8, ""return_pct"": -1.2080453409056922, ""rs_vs_nifty"": -1.2080453409056922}]"
2026-08-19 14:47:04,NORMAL,24046.55,,0,24066.86359493085,,,False,True,[],"[[""NIFTY_ENERGY"", -1.2066196892857097, -1.2066196892857097], [""NIFTY_INFRA"", -0.8393278977875541, -0.8393278977875541], [""NIFTY_FMCG"", -0.7412830890671078, -0.7412830890671078]]","[{""sector"": ""NIFTY_IT"", ""ltp"": 30339.95, ""return_pct"": 0.4186877036551602, ""rs_vs_nifty"": 0.4186877036551602}, {""sector"": ""NIFTY_BANK"", ""ltp"": 57232.4, ""return_pct"": -0.052390399284696416, ""rs_vs_nifty"": -0.052390399284696416}, {""sector"": ""NIFTY_REALTY"", ""ltp"": 894.05, ""return_pct"": -0.19535610627372182, ""rs_vs_nifty"": -0.19535610627372182}, {""sector"": ""NIFTY_METAL"", ""ltp"": 12996.45, ""return_pct"": -0.22149201937766155, ""rs_vs_nifty"": -0.22149201937766155}, {""sector"": ""NIFTY_PSU_BANK"", ""ltp"": 8593.05, ""return_pct"": -0.295295004931261, ""rs_vs_nifty"": -0.295295004931261}, {""sector"": ""NIFTY_PHARMA"", ""ltp"": 26270.5, ""return_pct"": -0.3467124903743716, ""rs_vs_nifty"": -0.3467124903743716}, {""sector"": ""NIFTY_HEALTHCARE"", ""ltp"": 16396.1, ""return_pct"": -0.4106002903357215, ""rs_vs_nifty"": -0.4106002903357215}, {""sector"": ""NIFTY_FIN_SERVICE"", ""ltp"": 26000.15, ""return_pct"": -0.4130917726367341, ""rs_vs_nifty"": -0.4130917726367341}, {""sector"": ""NIFTY_AUTO"", ""ltp"": 29139.5, ""return_pct"": -0.42730880878058697, ""rs_vs_nifty"": -0.42730880878058697}, {""sector"": ""NIFTY_MEDIA"", ""ltp"": 1590.85, ""return_pct"": -0.7084009486955521, ""rs_vs_nifty"": -0.7084009486955521}, {""sector"": ""NIFTY_FMCG"", ""ltp"": 47380.95, ""return_pct"": -0.7412830890671078, ""rs_vs_nifty"": -0.7412830890671078}, {""sector"": ""NIFTY_INFRA"", ""ltp"": 9297.85, ""return_pct"": -0.8393278977875541, ""rs_vs_nifty"": -0.8393278977875541}, {""sector"": ""NIFTY_ENERGY"", ""ltp"": 38113.35, ""return_pct"": -1.2066196892857097, ""rs_vs_nifty"": -1.2066196892857097}]"
2026-08-19 14:48:49,NORMAL,24041.0,,0,24066.732658692934,,,False,True,[],"[[""NIFTY_ENERGY"", -1.221135414871098, -1.221135414871098], [""NIFTY_INFRA"", -0.8595912142525616, -0.8595912142525616], [""NIFTY_FMCG"", -0.7596135314278174, -0.7596135314278174]]","[{""sector"": ""NIFTY_IT"", ""ltp"": 30339.9, ""return_pct"": 0.4185222144442317, ""rs_vs_nifty"": 0.4185222144442317}, {""sector"": ""NIFTY_BANK"", ""ltp"": 57195.8, ""return_pct"": -0.11630668641202349, ""rs_vs_nifty"": -0.11630668641202349}, {""sector"": ""NIFTY_REALTY"", ""ltp"": 893.8, ""return_pct"": -0.22326412145568209, ""rs_vs_nifty"": -0.22326412145568209}, {""sector"": ""NIFTY_METAL"", ""ltp"": 12994.5, ""return_pct"": -0.23646288377234514, ""rs_vs_nifty"": -0.23646288377234514}, {""sector"": ""NIFTY_PSU_BANK"", ""ltp"": 8591.75, ""return_pct"": -0.310378836224401, ""rs_vs_nifty"": -0.310378836224401}, {""sector"": ""NIFTY_PHARMA"", ""ltp"": 26268.1, ""return_pct"": -0.3558165382616689, ""rs_vs_nifty"": -0.3558165382616689}, {""sector"": ""NIFTY_HEALTHCARE"", ""ltp"": 16392.85, ""return_pct"": -0.43034068890955357, ""rs_vs_nifty"": -0.43034068890955357}, {""sector"": ""NIFTY_FIN_SERVICE"", ""ltp"": 25995.2, ""return_pct"": -0.43205147847402814, ""rs_vs_nifty"": -0.43205147847402814}, {""sector"": ""NIFTY_AUTO"", ""ltp"": 29134.55, ""return_pct"": -0.4442234717431158, ""rs_vs_nifty"": -0.4442234717431158}, {""sector"": ""NIFTY_MEDIA"", ""ltp"": 1591.15, ""return_pct"": -0.6896766945449977, ""rs_vs_nifty"": -0.6896766945449977}, {""sector"": ""NIFTY_FMCG"", ""ltp"": 47372.2, ""return_pct"": -0.7596135314278174, ""rs_vs_nifty"": -0.7596135314278174}, {""sector"": ""NIFTY_INFRA"", ""ltp"": 9295.95, ""return_pct"": -0.8595912142525616, ""rs_vs_nifty"": -0.8595912142525616}, {""sector"": ""NIFTY_ENERGY"", ""ltp"": 38107.75, ""return_pct"": -1.221135414871098, ""rs_vs_nifty"": -1.221135414871098}]"
2026-08-19 14:49:08,NORMAL,24039.75,,0,24066.71006515276,,,False,True,[],"[[""NIFTY_ENERGY"", -1.2193209491729315, -1.2193209491729315], [""NIFTY_INFRA"", -0.8558584980616538, -0.8558584980616538], [""NIFTY_FMCG"", -0.7704023060743943, -0.7704023060743943]]","[{""sector"": ""NIFTY_IT"", ""ltp"": 30335.95, ""return_pct"": 0.4054485667806887, ""rs_vs_nifty"": 0.4054485667806887}, {""sector"": ""NIFTY_BANK"", ""ltp"": 57198.5, ""return_pct"": -0.1115915504764059, ""rs_vs_nifty"": -0.1115915504764059}, {""sector"": ""NIFTY_REALTY"", ""ltp"": 893.95, ""return_pct"": -0.2065193123464958, ""rs_vs_nifty"": -0.2065193123464958}, {""sector"": ""NIFTY_METAL"", ""ltp"": 12996.8, ""return_pct"": -0.21880494115298688, ""rs_vs_nifty"": -0.21880494115298688}, {""sector"": ""NIFTY_PSU_BANK"", ""ltp"": 8590.05, ""return_pct"": -0.3301038463769882, ""rs_vs_nifty"": -0.3301038463769882}, {""sector"": ""NIFTY_PHARMA"", ""ltp"": 26264.6, ""return_pct"": -0.36909327476396964, ""rs_vs_nifty"": -0.36909327476396964}, {""sector"": ""NIFTY_HEALTHCARE"", ""ltp"": 16392.9, ""return_pct"": -0.4300369904699385, ""rs_vs_nifty"": -0.4300369904699385}, {""sector"": ""NIFTY_FIN_SERVICE"", ""ltp"": 25994.1, ""return_pct"": -0.43626474643787905, ""rs_vs_nifty"": -0.43626474643787905}, {""sector"": ""NIFTY_AUTO"", ""ltp"": 29130.25, ""return_pct"": -0.4589170173469241, ""rs_vs_nifty"": -0.4589170173469241}, {""sector"": ""NIFTY_MEDIA"", ""ltp"": 1591.2, ""return_pct"": -0.6865559855199102, ""rs_vs_nifty"": -0.6865559855199102}, {""sector"": ""NIFTY_FMCG"", ""ltp"": 47367.05, ""return_pct"": -0.7704023060743943, ""rs_vs_nifty"": -0.7704023060743943}, {""sector"": ""NIFTY_INFRA"", ""ltp"": 9296.3, ""return_pct"": -0.8558584980616538, ""rs_vs_nifty"": -0.8558584980616538}, {""sector"": ""NIFTY_ENERGY"", ""ltp"": 38108.45, ""return_pct"": -1.2193209491729315, ""rs_vs_nifty"": -1.2193209491729315}]"
2026-08-19 14:50:45,NORMAL,24046.85,,0,24066.57521095174,,,False,True,[],"[[""NIFTY_ENERGY"", -1.1922335683930367, -1.1922335683930367], [""NIFTY_INFRA"", -0.8259967685342574, -0.8259967685342574], [""NIFTY_FMCG"", -0.7746968668560523, -0.7746968668560523]]","[{""sector"": ""NIFTY_IT"", ""ltp"": 30339.65, ""return_pct"": 0.41769476838957725, ""rs_vs_nifty"": 0.41769476838957725}, {""sector"": ""NIFTY_BANK"", ""ltp"": 57201.9, ""return_pct"": -0.10565397189080444, ""rs_vs_nifty"": -0.10565397189080444}, {""sector"": ""NIFTY_METAL"", ""ltp"": 13000.15, ""return_pct"": -0.19308576385956283, ""rs_vs_nifty"": -0.19308576385956283}, {""sector"": ""NIFTY_REALTY"", ""ltp"": 894.05, ""return_pct"": -0.19535610627372182, ""rs_vs_nifty"": -0.19535610627372182}, {""sector"": ""NIFTY_PSU_BANK"", ""ltp"": 8590.6, ""return_pct"": -0.32372222544525886, ""rs_vs_nifty"": -0.32372222544525886}, {""sector"": ""NIFTY_PHARMA"", ""ltp"": 26271.3, ""return_pct"": -0.343677807745277, ""rs_vs_nifty"": -0.343677807745277}, {""sector"": ""NIFTY_HEALTHCARE"", ""ltp"": 16395.4, ""return_pct"": -0.4148520684900676, ""rs_vs_nifty"": -0.4148520684900676}, {""sector"": ""NIFTY_AUTO"", ""ltp"": 29142.5, ""return_pct"": -0.4170574978942074, ""rs_vs_nifty"": -0.4170574978942074}, {""sector"": ""NIFTY_FIN_SERVICE"", ""ltp"": 25994.0, ""return_pct"": -0.4366477707982228, ""rs_vs_nifty"": -0.4366477707982228}, {""sector"": ""NIFTY_MEDIA"", ""ltp"": 1592.1, ""return_pct"": -0.6303832230682896, ""rs_vs_nifty"": -0.6303832230682896}, {""sector"": ""NIFTY_FMCG"", ""ltp"": 47365.0, ""return_pct"": -0.7746968668560523, ""rs_vs_nifty"": -0.7746968668560523}, {""sector"": ""NIFTY_INFRA"", ""ltp"": 9299.1, ""return_pct"": -0.8259967685342574, ""rs_vs_nifty"": -0.8259967685342574}, {""sector"": ""NIFTY_ENERGY"", ""ltp"": 38118.9, ""return_pct"": -1.1922335683930367, ""rs_vs_nifty"": -1.1922335683930367}]"
2026-08-19 14:51:03,NORMAL,24045.8,,0,24066.552865498663,,,False,True,[],"[[""NIFTY_ENERGY"", -1.1965105232530222, -1.1965105232530222], [""NIFTY_INFRA"", -0.8078664327497854, -0.8078664327497854], [""NIFTY_FMCG"", -0.7586708229635433, -0.7586708229635433]]","[{""sector"": ""NIFTY_IT"", ""ltp"": 30338.9, ""return_pct"": 0.4152124302256139, ""rs_vs_nifty"": 0.4152124302256139}, {""sector"": ""NIFTY_BANK"", ""ltp"": 57206.1, ""return_pct"": -0.09831931599095202, ""rs_vs_nifty"": -0.09831931599095202}, {""sector"": ""NIFTY_REALTY"", ""ltp"": 893.9, ""return_pct"": -0.21210091538289544, ""rs_vs_nifty"": -0.21210091538289544}, {""sector"": ""NIFTY_METAL"", ""ltp"": 12996.6, ""return_pct"": -0.22034041442422755, ""rs_vs_nifty"": -0.22034041442422755}, {""sector"": ""NIFTY_PSU_BANK"", ""ltp"": 8592.1, ""return_pct"": -0.3063178047223953, ""rs_vs_nifty"": -0.3063178047223953}, {""sector"": ""NIFTY_PHARMA"", ""ltp"": 26278.9, ""return_pct"": -0.3148483227688444, ""rs_vs_nifty"": -0.3148483227688444}, {""sector"": ""NIFTY_HEALTHCARE"", ""ltp"": 16399.8, ""return_pct"": -0.3881266058055082, ""rs_vs_nifty"": -0.3881266058055082}, {""sector"": ""NIFTY_AUTO"", ""ltp"": 29143.95, ""return_pct"": -0.4121026976324548, ""rs_vs_nifty"": -0.4121026976324548}, {""sector"": ""NIFTY_FIN_SERVICE"", ""ltp"": 25997.65, ""return_pct"": -0.4226673816454671, ""rs_vs_nifty"": -0.4226673816454671}, {""sector"": ""NIFTY_MEDIA"", ""ltp"": 1591.95, ""return_pct"": -0.6397453501435526, ""rs_vs_nifty"": -0.6397453501435526}, {""sector"": ""NIFTY_FMCG"", ""ltp"": 47372.65, ""return_pct"": -0.7586708229635433, ""rs_vs_nifty"": -0.7586708229635433}, {""sector"": ""NIFTY_INFRA"", ""ltp"": 9300.8, ""return_pct"": -0.8078664327497854, ""rs_vs_nifty"": -0.8078664327497854}, {""sector"": ""NIFTY_ENERGY"", ""ltp"": 38117.25, ""return_pct"": -1.1965105232530222, ""rs_vs_nifty"": -1.1965105232530222}]"
2026-08-19 14:52:39,NORMAL,24046.75,,0,24066.3520531664,,,False,True,[],"[[""NIFTY_ENERGY"", -1.1900302886166865, -1.1900302886166865], [""NIFTY_INFRA"", -0.7940020583263451, -0.7940020583263451], [""NIFTY_FMCG"", -0.7568901514199344, -0.7568901514199344]]","[{""sector"": ""NIFTY_IT"", ""ltp"": 30332.6, ""return_pct"": 0.3943607896483116, ""rs_vs_nifty"": 0.3943607896483116}, {""sector"": ""NIFTY_BANK"", ""ltp"": 57196.1, ""return_pct"": -0.11578278241918416, ""rs_vs_nifty"": -0.11578278241918416}, {""sector"": ""NIFTY_METAL"", ""ltp"": 12998.75, ""return_pct"": -0.20383407675830328, ""rs_vs_nifty"": -0.20383407675830328}, {""sector"": ""NIFTY_REALTY"", ""ltp"": 893.85, ""return_pct"": -0.2176825184192824, ""rs_vs_nifty"": -0.2176825184192824}, {""sector"": ""NIFTY_PSU_BANK"", ""ltp"": 8593.5, ""return_pct"": -0.29007367871439343, ""rs_vs_nifty"": -0.29007367871439343}, {""sector"": ""NIFTY_PHARMA"", ""ltp"": 26284.5, ""return_pct"": -0.2936055443651689, ""rs_vs_nifty"": -0.2936055443651689}, {""sector"": ""NIFTY_HEALTHCARE"", ""ltp"": 16401.15, ""return_pct"": -0.37992674793636466, ""rs_vs_nifty"": -0.37992674793636466}, {""sector"": ""NIFTY_AUTO"", ""ltp"": 29151.15, ""return_pct"": -0.38749955150514126, ""rs_vs_nifty"": -0.38749955150514126}, {""sector"": ""NIFTY_FIN_SERVICE"", ""ltp"": 25997.65, ""return_pct"": -0.4226673816454671, ""rs_vs_nifty"": -0.4226673816454671}, {""sector"": ""NIFTY_MEDIA"", ""ltp"": 1592.35, ""return_pct"": -0.6147796779428372, ""rs_vs_nifty"": -0.6147796779428372}, {""sector"": ""NIFTY_FMCG"", ""ltp"": 47373.5, ""return_pct"": -0.7568901514199344, ""rs_vs_nifty"": -0.7568901514199344}, {""sector"": ""NIFTY_INFRA"", ""ltp"": 9302.1, ""return_pct"": -0.7940020583263451, ""rs_vs_nifty"": -0.7940020583263451}, {""sector"": ""NIFTY_ENERGY"", ""ltp"": 38119.75, ""return_pct"": -1.1900302886166865, ""rs_vs_nifty"": -1.1900302886166865}]"
2026-08-19 14:52:57,NORMAL,24044.1,,0,24066.30101827913,,,False,True,[],"[[""NIFTY_ENERGY"", -1.1967697326384719, -1.1967697326384719], [""NIFTY_INFRA"", -0.7977347745172721, -0.7977347745172721], [""NIFTY_FMCG"", -0.7619179298960179, -0.7619179298960179]]","[{""sector"": ""NIFTY_IT"", ""ltp"": 30332.3, ""return_pct"": 0.39336785438272864, ""rs_vs_nifty"": 0.39336785438272864}, {""sector"": ""NIFTY_BANK"", ""ltp"": 57187.45, ""return_pct"": -0.1308886808796075, ""rs_vs_nifty"": -0.1308886808796075}, {""sector"": ""NIFTY_METAL"", ""ltp"": 12995.9, ""return_pct"": -0.22571457087360472, ""rs_vs_nifty"": -0.22571457087360472}, {""sector"": ""NIFTY_REALTY"", ""ltp"": 893.6, ""return_pct"": -0.24559053360124267, ""rs_vs_nifty"": -0.24559053360124267}, {""sector"": ""NIFTY_PHARMA"", ""ltp"": 26283.15, ""return_pct"": -0.29872657130176505, ""rs_vs_nifty"": -0.29872657130176505}, {""sector"": ""NIFTY_PSU_BANK"", ""ltp"": 8592.5, ""return_pct"": -0.3016766258629692, ""rs_vs_nifty"": -0.3016766258629692}, {""sector"": ""NIFTY_HEALTHCARE"", ""ltp"": 16400.85, ""return_pct"": -0.38174893857396686, ""rs_vs_nifty"": -0.38174893857396686}, {""sector"": ""NIFTY_AUTO"", ""ltp"": 29147.05, ""return_pct"": -0.40150967638320084, ""rs_vs_nifty"": -0.40150967638320084}, {""sector"": ""NIFTY_FIN_SERVICE"", ""ltp"": 25994.95, ""return_pct"": -0.4330090393749014, ""rs_vs_nifty"": -0.4330090393749014}, {""sector"": ""NIFTY_MEDIA"", ""ltp"": 1592.45, ""return_pct"": -0.6085382598926475, ""rs_vs_nifty"": -0.6085382598926475}, {""sector"": ""NIFTY_FMCG"", ""ltp"": 47371.1, ""return_pct"": -0.7619179298960179, ""rs_vs_nifty"": -0.7619179298960179}, {""sector"": ""NIFTY_INFRA"", ""ltp"": 9301.75, ""return_pct"": -0.7977347745172721, ""rs_vs_nifty"": -0.7977347745172721}, {""sector"": ""NIFTY_ENERGY"", ""ltp"": 38117.15, ""return_pct"": -1.1967697326384719, ""rs_vs_nifty"": -1.1967697326384719}]"
2026-08-19 14:54:35,NORMAL,24050.9,,0,24066.202381246458,,,False,True,[],"[[""NIFTY_ENERGY"", -1.1994914311857403, -1.1994914311857403], [""NIFTY_INFRA"", -0.7881363614549023, -0.7881363614549023], [""NIFTY_FMCG"", -0.7266187351785401, -0.7266187351785401]]","[{""sector"": ""NIFTY_IT"", ""ltp"": 30332.0, ""return_pct"": 0.3923749191171458, ""rs_vs_nifty"": 0.3923749191171458}, {""sector"": ""NIFTY_BANK"", ""ltp"": 57206.1, ""return_pct"": -0.09831931599095202, ""rs_vs_nifty"": -0.09831931599095202}, {""sector"": ""NIFTY_METAL"", ""ltp"": 12997.95, ""return_pct"": -0.20997596984329378, ""rs_vs_nifty"": -0.20997596984329378}, {""sector"": ""NIFTY_REALTY"", ""ltp"": 893.8, ""return_pct"": -0.22326412145568209, ""rs_vs_nifty"": -0.22326412145568209}, {""sector"": ""NIFTY_PHARMA"", ""ltp"": 26289.6, ""return_pct"": -0.2742594426046791, ""rs_vs_nifty"": -0.2742594426046791}, {""sector"": ""NIFTY_PSU_BANK"", ""ltp"": 8594.15, ""return_pct"": -0.28253176306782346, ""rs_vs_nifty"": -0.28253176306782346}, {""sector"": ""NIFTY_HEALTHCARE"", ""ltp"": 16403.35, ""return_pct"": -0.366564016594096, ""rs_vs_nifty"": -0.366564016594096}, {""sector"": ""NIFTY_AUTO"", ""ltp"": 29148.45, ""return_pct"": -0.39672573130288535, ""rs_vs_nifty"": -0.39672573130288535}, {""sector"": ""NIFTY_FIN_SERVICE"", ""ltp"": 25997.25, ""return_pct"": -0.42419947908686995, ""rs_vs_nifty"": -0.42419947908686995}, {""sector"": ""NIFTY_MEDIA"", ""ltp"": 1592.1, ""return_pct"": -0.6303832230682896, ""rs_vs_nifty"": -0.6303832230682896}, {""sector"": ""NIFTY_FMCG"", ""ltp"": 47387.95, ""return_pct"": -0.7266187351785401, ""rs_vs_nifty"": -0.7266187351785401}, {""sector"": ""NIFTY_INFRA"", ""ltp"": 9302.65, ""return_pct"": -0.7881363614549023, ""rs_vs_nifty"": -0.7881363614549023}, {""sector"": ""NIFTY_ENERGY"", ""ltp"": 38116.1, ""return_pct"": -1.1994914311857403, ""rs_vs_nifty"": -1.1994914311857403}]"
2026-08-19 14:54:53,NORMAL,24049.7,,0,24066.17298649993,,,False,True,[],"[[""NIFTY_ENERGY"", -1.2038979907384413, -1.2038979907384413], [""NIFTY_INFRA"", -0.7806709290730484, -0.7806709290730484], [""NIFTY_FMCG"", -0.7135255620637476, -0.7135255620637476]]","[{""sector"": ""NIFTY_IT"", ""ltp"": 30329.95, ""return_pct"": 0.3855898614689815, ""rs_vs_nifty"": 0.3855898614689815}, {""sector"": ""NIFTY_BANK"", ""ltp"": 57204.0, ""return_pct"": -0.10198664394087822, ""rs_vs_nifty"": -0.10198664394087822}, {""sector"": ""NIFTY_REALTY"", ""ltp"": 893.95, ""return_pct"": -0.2065193123464958, ""rs_vs_nifty"": -0.2065193123464958}, {""sector"": ""NIFTY_METAL"", ""ltp"": 12997.75, ""return_pct"": -0.21151144311454842, ""rs_vs_nifty"": -0.21151144311454842}, {""sector"": ""NIFTY_PHARMA"", ""ltp"": 26291.5, ""return_pct"": -0.2670520713605675, ""rs_vs_nifty"": -0.2670520713605675}, {""sector"": ""NIFTY_PSU_BANK"", ""ltp"": 8592.55, ""return_pct"": -0.3010964785055489, ""rs_vs_nifty"": -0.3010964785055489}, {""sector"": ""NIFTY_HEALTHCARE"", ""ltp"": 16405.75, ""return_pct"": -0.3519864914934111, ""rs_vs_nifty"": -0.3519864914934111}, {""sector"": ""NIFTY_AUTO"", ""ltp"": 29149.1, ""return_pct"": -0.3945046139441773, ""rs_vs_nifty"": -0.3945046139441773}, {""sector"": ""NIFTY_FIN_SERVICE"", ""ltp"": 25997.35, ""return_pct"": -0.4238164547265262, ""rs_vs_nifty"": -0.4238164547265262}, {""sector"": ""NIFTY_MEDIA"", ""ltp"": 1591.15, ""return_pct"": -0.6896766945449977, ""rs_vs_nifty"": -0.6896766945449977}, {""sector"": ""NIFTY_FMCG"", ""ltp"": 47394.2, ""return_pct"": -0.7135255620637476, ""rs_vs_nifty"": -0.7135255620637476}, {""sector"": ""NIFTY_INFRA"", ""ltp"": 9303.35, ""return_pct"": -0.7806709290730484, ""rs_vs_nifty"": -0.7806709290730484}, {""sector"": ""NIFTY_ENERGY"", ""ltp"": 38114.4, ""return_pct"": -1.2038979907384413, ""rs_vs_nifty"": -1.2038979907384413}]"
2026-08-19 14:56:37,NORMAL,24055.5,,0,24066.06845689117,,,False,True,[],"[[""NIFTY_ENERGY"", -1.1849757056003523, -1.1849757056003523], [""NIFTY_INFRA"", -0.773738741861338, -0.773738741861338], [""NIFTY_FMCG"", -0.7005371343338643, -0.7005371343338643]]","[{""sector"": ""NIFTY_IT"", ""ltp"": 30339.65, ""return_pct"": 0.41769476838957725, ""rs_vs_nifty"": 0.41769476838957725}, {""sector"": ""NIFTY_BANK"", ""ltp"": 57220.65, ""return_pct"": -0.07290997233786918, ""rs_vs_nifty"": -0.07290997233786918}, {""sector"": ""NIFTY_REALTY"", ""ltp"": 894.35, ""return_pct"": -0.16186648805536188, ""rs_vs_nifty"": -0.16186648805536188}, {""sector"": ""NIFTY_METAL"", ""ltp"": 12997.55, ""return_pct"": -0.21304691638580303, ""rs_vs_nifty"": -0.21304691638580303}, {""sector"": ""NIFTY_PSU_BANK"", ""ltp"": 8599.2, ""return_pct"": -0.2239368799675033, ""rs_vs_nifty"": -0.2239368799675033}, {""sector"": ""NIFTY_PHARMA"", ""ltp"": 26294.9, ""return_pct"": -0.2541546701868985, ""rs_vs_nifty"": -0.2541546701868985}, {""sector"": ""NIFTY_AUTO"", ""ltp"": 29165.4, ""return_pct"": -0.33880582479483823, ""rs_vs_nifty"": -0.33880582479483823}, {""sector"": ""NIFTY_HEALTHCARE"", ""ltp"": 16407.65, ""return_pct"": -0.3404459507887004, ""rs_vs_nifty"": -0.3404459507887004}, {""sector"": ""NIFTY_FIN_SERVICE"", ""ltp"": 26002.3, ""return_pct"": -0.4048567488892321, ""rs_vs_nifty"": -0.4048567488892321}, {""sector"": ""NIFTY_MEDIA"", ""ltp"": 1592.2, ""return_pct"": -0.6241418050181001, ""rs_vs_nifty"": -0.6241418050181001}, {""sector"": ""NIFTY_FMCG"", ""ltp"": 47400.4, ""return_pct"": -0.7005371343338643, ""rs_vs_nifty"": -0.7005371343338643}, {""sector"": ""NIFTY_INFRA"", ""ltp"": 9304.0, ""return_pct"": -0.773738741861338, ""rs_vs_nifty"": -0.773738741861338}, {""sector"": ""NIFTY_ENERGY"", ""ltp"": 38121.7, ""return_pct"": -1.1849757056003523, ""rs_vs_nifty"": -1.1849757056003523}]"
2026-08-19 14:56:56,NORMAL,24054.65,,0,24066.053860783504,,,False,True,[],"[[""NIFTY_ENERGY"", -1.179921122583999, -1.179921122583999], [""NIFTY_INFRA"", -0.7572081415872577, -0.7572081415872577], [""NIFTY_FMCG"", -0.6965568097069642, -0.6965568097069642]]","[{""sector"": ""NIFTY_IT"", ""ltp"": 30338.4, ""return_pct"": 0.4135575381163049, ""rs_vs_nifty"": 0.4135575381163049}, {""sector"": ""NIFTY_BANK"", ""ltp"": 57220.85, ""return_pct"": -0.07256070300930961, ""rs_vs_nifty"": -0.07256070300930961}, {""sector"": ""NIFTY_REALTY"", ""ltp"": 894.35, ""return_pct"": -0.16186648805536188, ""rs_vs_nifty"": -0.16186648805536188}, {""sector"": ""NIFTY_METAL"", ""ltp"": 12996.0, ""return_pct"": -0.22494683423797743, ""rs_vs_nifty"": -0.22494683423797743}, {""sector"": ""NIFTY_PSU_BANK"", ""ltp"": 8598.85, ""return_pct"": -0.22799791146950904, ""rs_vs_nifty"": -0.22799791146950904}, {""sector"": ""NIFTY_PHARMA"", ""ltp"": 26295.4, ""return_pct"": -0.2522579935437127, ""rs_vs_nifty"": -0.2522579935437127}, {""sector"": ""NIFTY_AUTO"", ""ltp"": 29166.5, ""return_pct"": -0.3350470108031706, ""rs_vs_nifty"": -0.3350470108031706}, {""sector"": ""NIFTY_HEALTHCARE"", ""ltp"": 16408.15, ""return_pct"": -0.3374089663927262, ""rs_vs_nifty"": -0.3374089663927262}, {""sector"": ""NIFTY_FIN_SERVICE"", ""ltp"": 25999.4, ""return_pct"": -0.415964455339354, ""rs_vs_nifty"": -0.415964455339354}, {""sector"": ""NIFTY_MEDIA"", ""ltp"": 1592.2, ""return_pct"": -0.6241418050181001, ""rs_vs_nifty"": -0.6241418050181001}, {""sector"": ""NIFTY_FMCG"", ""ltp"": 47402.3, ""return_pct"": -0.6965568097069642, ""rs_vs_nifty"": -0.6965568097069642}, {""sector"": ""NIFTY_INFRA"", ""ltp"": 9305.55, ""return_pct"": -0.7572081415872577, ""rs_vs_nifty"": -0.7572081415872577}, {""sector"": ""NIFTY_ENERGY"", ""ltp"": 38123.65, ""return_pct"": -1.179921122583999, ""rs_vs_nifty"": -1.179921122583999}]"
2026-08-19 14:58:38,NORMAL,24054.8,,0,24065.953224921563,,,False,True,[],"[[""NIFTY_ENERGY"", -1.202990757889358, -1.202990757889358], [""NIFTY_INFRA"", -0.781737419413316, -0.781737419413316], [""NIFTY_FMCG"", -0.7132113259089895, -0.7132113259089895]]","[{""sector"": ""NIFTY_IT"", ""ltp"": 30338.85, ""return_pct"": 0.4150469410146733, ""rs_vs_nifty"": 0.4150469410146733}, {""sector"": ""NIFTY_BANK"", ""ltp"": 57217.05, ""return_pct"": -0.0791968202520302, ""rs_vs_nifty"": -0.0791968202520302}, {""sector"": ""NIFTY_REALTY"", ""ltp"": 894.05, ""return_pct"": -0.19535610627372182, ""rs_vs_nifty"": -0.19535610627372182}, {""sector"": ""NIFTY_PSU_BANK"", ""ltp"": 8598.25, ""return_pct"": -0.2349596797586587, ""rs_vs_nifty"": -0.2349596797586587}, {""sector"": ""NIFTY_METAL"", ""ltp"": 12994.05, ""return_pct"": -0.23991769863266105, ""rs_vs_nifty"": -0.23991769863266105}, {""sector"": ""NIFTY_PHARMA"", ""ltp"": 26297.05, ""return_pct"": -0.2459989606212078, ""rs_vs_nifty"": -0.2459989606212078}, {""sector"": ""NIFTY_AUTO"", ""ltp"": 29175.95, ""return_pct"": -0.3027553815110724, ""rs_vs_nifty"": -0.3027553815110724}, {""sector"": ""NIFTY_HEALTHCARE"", ""ltp"": 16407.25, ""return_pct"": -0.3428755383054886, ""rs_vs_nifty"": -0.3428755383054886}, {""sector"": ""NIFTY_FIN_SERVICE"", ""ltp"": 26001.8, ""return_pct"": -0.40677187069097875, ""rs_vs_nifty"": -0.40677187069097875}, {""sector"": ""NIFTY_MEDIA"", ""ltp"": 1592.65, ""return_pct"": -0.5960554237922827, ""rs_vs_nifty"": -0.5960554237922827}, {""sector"": ""NIFTY_FMCG"", ""ltp"": 47394.35, ""return_pct"": -0.7132113259089895, ""rs_vs_nifty"": -0.7132113259089895}, {""sector"": ""NIFTY_INFRA"", ""ltp"": 9303.25, ""return_pct"": -0.781737419413316, ""rs_vs_nifty"": -0.781737419413316}, {""sector"": ""NIFTY_ENERGY"", ""ltp"": 38114.75, ""return_pct"": -1.202990757889358, ""rs_vs_nifty"": -1.202990757889358}]"
2026-08-19 14:58:56,NORMAL,24056.85,,0,24065.938420684426,,,False,True,[],"[[""NIFTY_ENERGY"", -1.2086933643693258, -1.2086933643693258], [""NIFTY_INFRA"", -0.7886696066250264, -0.7886696066250264], [""NIFTY_FMCG"", -0.7157252151470236, -0.7157252151470236]]","[{""sector"": ""NIFTY_IT"", ""ltp"": 30341.3, ""return_pct"": 0.4231559123502895, ""rs_vs_nifty"": 0.4231559123502895}, {""sector"": ""NIFTY_BANK"", ""ltp"": 57215.85, ""return_pct"": -0.08129243622342568, ""rs_vs_nifty"": -0.08129243622342568}, {""sector"": ""NIFTY_REALTY"", ""ltp"": 893.9, ""return_pct"": -0.21210091538289544, ""rs_vs_nifty"": -0.21210091538289544}, {""sector"": ""NIFTY_METAL"", ""ltp"": 12995.5, ""return_pct"": -0.22878551741609998, ""rs_vs_nifty"": -0.22878551741609998}, {""sector"": ""NIFTY_PSU_BANK"", ""ltp"": 8598.5, ""return_pct"": -0.23205894297151478, ""rs_vs_nifty"": -0.23205894297151478}, {""sector"": ""NIFTY_PHARMA"", ""ltp"": 26295.0, ""return_pct"": -0.25377533485826687, ""rs_vs_nifty"": -0.25377533485826687}, {""sector"": ""NIFTY_AUTO"", ""ltp"": 29179.0, ""return_pct"": -0.29233321544325563, ""rs_vs_nifty"": -0.29233321544325563}, {""sector"": ""NIFTY_HEALTHCARE"", ""ltp"": 16404.4, ""return_pct"": -0.3601863493625325, ""rs_vs_nifty"": -0.3601863493625325}, {""sector"": ""NIFTY_FIN_SERVICE"", ""ltp"": 26000.3, ""return_pct"": -0.41251723609621854, ""rs_vs_nifty"": -0.41251723609621854}, {""sector"": ""NIFTY_MEDIA"", ""ltp"": 1592.4, ""return_pct"": -0.6116589689177353, ""rs_vs_nifty"": -0.6116589689177353}, {""sector"": ""NIFTY_FMCG"", ""ltp"": 47393.15, ""return_pct"": -0.7157252151470236, ""rs_vs_nifty"": -0.7157252151470236}, {""sector"": ""NIFTY_INFRA"", ""ltp"": 9302.6, ""return_pct"": -0.7886696066250264, ""rs_vs_nifty"": -0.7886696066250264}, {""sector"": ""NIFTY_ENERGY"", ""ltp"": 38112.55, ""return_pct"": -1.2086933643693258, ""rs_vs_nifty"": -1.2086933643693258}]"
2026-08-19 15:00:29,NORMAL,24052.3,,0,24065.81476680146,,,False,True,[],"[[""NIFTY_ENERGY"", -1.2246347415747154, -1.2246347415747154], [""NIFTY_INFRA"", -0.7988012648575398, -0.7988012648575398], [""NIFTY_FMCG"", -0.7047269497305979, -0.7047269497305979]]","[{""sector"": ""NIFTY_IT"", ""ltp"": 30345.65, ""return_pct"": 0.43755347370128445, ""rs_vs_nifty"": 0.43755347370128445}, {""sector"": ""NIFTY_BANK"", ""ltp"": 57208.75, ""return_pct"": -0.09369149738746796, ""rs_vs_nifty"": -0.09369149738746796}, {""sector"": ""NIFTY_REALTY"", ""ltp"": 893.85, ""return_pct"": -0.2176825184192824, ""rs_vs_nifty"": -0.2176825184192824}, {""sector"": ""NIFTY_METAL"", ""ltp"": 12995.55, ""return_pct"": -0.22840164909829333, ""rs_vs_nifty"": -0.22840164909829333}, {""sector"": ""NIFTY_PHARMA"", ""ltp"": 26296.7, ""return_pct"": -0.24732663427143234, ""rs_vs_nifty"": -0.24732663427143234}, {""sector"": ""NIFTY_PSU_BANK"", ""ltp"": 8596.7, ""return_pct"": -0.25294424783894265, ""rs_vs_nifty"": -0.25294424783894265}, {""sector"": ""NIFTY_AUTO"", ""ltp"": 29160.95, ""return_pct"": -0.3540119359429704, ""rs_vs_nifty"": -0.3540119359429704}, {""sector"": ""NIFTY_HEALTHCARE"", ""ltp"": 16403.0, ""return_pct"": -0.368689905671269, ""rs_vs_nifty"": -0.368689905671269}, {""sector"": ""NIFTY_FIN_SERVICE"", ""ltp"": 25997.4, ""return_pct"": -0.4236249425463403, ""rs_vs_nifty"": -0.4236249425463403}, {""sector"": ""NIFTY_MEDIA"", ""ltp"": 1593.45, ""return_pct"": -0.5461240793908375, ""rs_vs_nifty"": -0.5461240793908375}, {""sector"": ""NIFTY_FMCG"", ""ltp"": 47398.4, ""return_pct"": -0.7047269497305979, ""rs_vs_nifty"": -0.7047269497305979}, {""sector"": ""NIFTY_INFRA"", ""ltp"": 9301.65, ""return_pct"": -0.7988012648575398, ""rs_vs_nifty"": -0.7988012648575398}, {""sector"": ""NIFTY_ENERGY"", ""ltp"": 38106.4, ""return_pct"": -1.2246347415747154, ""rs_vs_nifty"": -1.2246347415747154}]"
2026-08-19 15:00:48,NORMAL,24053.5,,0,24065.794122165014,,,False,True,[],"[[""NIFTY_ENERGY"", -1.241742561014638, -1.241742561014638], [""NIFTY_INFRA"", -0.8137321296212283, -0.8137321296212283], [""NIFTY_FMCG"", -0.7005371343338643, -0.7005371343338643]]","[{""sector"": ""NIFTY_IT"", ""ltp"": 30352.5, ""return_pct"": 0.46022549559881204, ""rs_vs_nifty"": 0.46022549559881204}, {""sector"": ""NIFTY_BANK"", ""ltp"": 57211.75, ""return_pct"": -0.08845245745899831, ""rs_vs_nifty"": -0.08845245745899831}, {""sector"": ""NIFTY_METAL"", ""ltp"": 12995.75, ""return_pct"": -0.2268661758270387, ""rs_vs_nifty"": -0.2268661758270387}, {""sector"": ""NIFTY_REALTY"", ""ltp"": 893.7, ""return_pct"": -0.23442732752845605, ""rs_vs_nifty"": -0.23442732752845605}, {""sector"": ""NIFTY_PHARMA"", ""ltp"": 26292.4, ""return_pct"": -0.26363805340282753, ""rs_vs_nifty"": -0.26363805340282753}, {""sector"": ""NIFTY_PSU_BANK"", ""ltp"": 8595.25, ""return_pct"": -0.2697685212043859, ""rs_vs_nifty"": -0.2697685212043859}, {""sector"": ""NIFTY_AUTO"", ""ltp"": 29156.8, ""return_pct"": -0.3681929160024672, ""rs_vs_nifty"": -0.3681929160024672}, {""sector"": ""NIFTY_HEALTHCARE"", ""ltp"": 16402.45, ""return_pct"": -0.37203058850683624, ""rs_vs_nifty"": -0.37203058850683624}, {""sector"": ""NIFTY_FIN_SERVICE"", ""ltp"": 25997.1, ""return_pct"": -0.42477401562739947, ""rs_vs_nifty"": -0.42477401562739947}, {""sector"": ""NIFTY_MEDIA"", ""ltp"": 1593.7, ""return_pct"": -0.5305205342653851, ""rs_vs_nifty"": -0.5305205342653851}, {""sector"": ""NIFTY_FMCG"", ""ltp"": 47400.4, ""return_pct"": -0.7005371343338643, ""rs_vs_nifty"": -0.7005371343338643}, {""sector"": ""NIFTY_INFRA"", ""ltp"": 9300.25, ""return_pct"": -0.8137321296212283, ""rs_vs_nifty"": -0.8137321296212283}, {""sector"": ""NIFTY_ENERGY"", ""ltp"": 38099.8, ""return_pct"": -1.241742561014638, ""rs_vs_nifty"": -1.241742561014638}]"
2026-08-19 15:02:24,NORMAL,24061.0,,0,24065.751335161076,,,False,True,"[[""NIFTY_IT"", 0.5020942659643328, 0.5020942659643328]]","[[""NIFTY_ENERGY"", -1.233059046601952, -1.233059046601952], [""NIFTY_INFRA"", -0.7689395353301434, -0.7689395353301434], [""NIFTY_FMCG"", -0.6656569211560538, -0.6656569211560538]]","[{""sector"": ""NIFTY_IT"", ""ltp"": 30365.15, ""return_pct"": 0.5020942659643328, ""rs_vs_nifty"": 0.5020942659643328}, {""sector"": ""NIFTY_BANK"", ""ltp"": 57224.05, ""return_pct"": -0.06697239375226771, ""rs_vs_nifty"": -0.06697239375226771}, {""sector"": ""NIFTY_REALTY"", ""ltp"": 894.75, ""return_pct"": -0.11721366376422802, ""rs_vs_nifty"": -0.11721366376422802}, {""sector"": ""NIFTY_METAL"", ""ltp"": 13002.25, ""return_pct"": -0.1769632945114452, ""rs_vs_nifty"": -0.1769632945114452}, {""sector"": ""NIFTY_PHARMA"", ""ltp"": 26309.1, ""return_pct"": -0.20028905352043255, ""rs_vs_nifty"": -0.20028905352043255}, {""sector"": ""NIFTY_PSU_BANK"", ""ltp"": 8598.35, ""return_pct"": -0.2337993850437969, ""rs_vs_nifty"": -0.2337993850437969}, {""sector"": ""NIFTY_AUTO"", ""ltp"": 29174.55, ""return_pct"": -0.3075393265913879, ""rs_vs_nifty"": -0.3075393265913879}, {""sector"": ""NIFTY_HEALTHCARE"", ""ltp"": 16412.05, ""return_pct"": -0.31372048810414094, ""rs_vs_nifty"": -0.31372048810414094}, {""sector"": ""NIFTY_FIN_SERVICE"", ""ltp"": 26002.85, ""return_pct"": -0.40275011490731366, ""rs_vs_nifty"": -0.40275011490731366}, {""sector"": ""NIFTY_MEDIA"", ""ltp"": 1592.8, ""return_pct"": -0.5866932967170198, ""rs_vs_nifty"": -0.5866932967170198}, {""sector"": ""NIFTY_FMCG"", ""ltp"": 47417.05, ""return_pct"": -0.6656569211560538, ""rs_vs_nifty"": -0.6656569211560538}, {""sector"": ""NIFTY_INFRA"", ""ltp"": 9304.45, ""return_pct"": -0.7689395353301434, ""rs_vs_nifty"": -0.7689395353301434}, {""sector"": ""NIFTY_ENERGY"", ""ltp"": 38103.15, ""return_pct"": -1.233059046601952, ""rs_vs_nifty"": -1.233059046601952}]"
