ts_ist,regime,nifty_ltp,prev_close,gap_pct,vwap,ema20,ema50,above_vwap,above_ema50,leading_sectors,lagging_sectors,sector_rows
2026-08-27 09:30:03,NORMAL,24205.35,,0,24243.09932404938,,,False,True,[],[],"[{""sector"": ""NIFTY_ENERGY"", ""ltp"": 38258.9, ""return_pct"": 0.4173239299840682, ""rs_vs_nifty"": 0.4173239299840682}, {""sector"": ""NIFTY_REALTY"", ""ltp"": 913.8, ""return_pct"": 0.40103279679173515, ""rs_vs_nifty"": 0.40103279679173515}, {""sector"": ""NIFTY_MEDIA"", ""ltp"": 1615.75, ""return_pct"": 0.29484792054624454, ""rs_vs_nifty"": 0.29484792054624454}, {""sector"": ""NIFTY_METAL"", ""ltp"": 13578.3, ""return_pct"": 0.27027625778150854, ""rs_vs_nifty"": 0.27027625778150854}, {""sector"": ""NIFTY_HEALTHCARE"", ""ltp"": 16617.4, ""return_pct"": 0.18539005766685857, ""rs_vs_nifty"": 0.18539005766685857}, {""sector"": ""NIFTY_PHARMA"", ""ltp"": 26663.45, ""return_pct"": 0.13952370400694597, ""rs_vs_nifty"": 0.13952370400694597}, {""sector"": ""NIFTY_INFRA"", ""ltp"": 9295.65, ""return_pct"": 0.0732060481114376, ""rs_vs_nifty"": 0.0732060481114376}, {""sector"": ""NIFTY_FIN_SERVICE"", ""ltp"": 26400.0, ""return_pct"": 0.05021459634096658, ""rs_vs_nifty"": 0.05021459634096658}, {""sector"": ""NIFTY_IT"", ""ltp"": 30325.7, ""return_pct"": 0.022593205217223553, ""rs_vs_nifty"": 0.022593205217223553}, {""sector"": ""NIFTY_BANK"", ""ltp"": 57792.2, ""return_pct"": 0.014623488437488202, ""rs_vs_nifty"": 0.014623488437488202}, {""sector"": ""NIFTY_FMCG"", ""ltp"": 47227.8, ""return_pct"": -0.05311843294273694, ""rs_vs_nifty"": -0.05311843294273694}, {""sector"": ""NIFTY_PSU_BANK"", ""ltp"": 8661.7, ""return_pct"": -0.08997058653900769, ""rs_vs_nifty"": -0.08997058653900769}, {""sector"": ""NIFTY_AUTO"", ""ltp"": 28855.75, ""return_pct"": -0.4979284589907343, ""rs_vs_nifty"": -0.4979284589907343}]"
2026-08-27 09:31:42,NORMAL,24201.9,,0,24240.42084251841,,,False,True,[],"[[""NIFTY_AUTO"", -0.5356868843781918, -0.5356868843781918]]","[{""sector"": ""NIFTY_ENERGY"", ""ltp"": 38255.55, ""return_pct"": 0.40853125598755236, ""rs_vs_nifty"": 0.40853125598755236}, {""sector"": ""NIFTY_METAL"", ""ltp"": 13591.75, ""return_pct"": 0.36959909021761866, ""rs_vs_nifty"": 0.36959909021761866}, {""sector"": ""NIFTY_HEALTHCARE"", ""ltp"": 16622.4, ""return_pct"": 0.21553478249073799, ""rs_vs_nifty"": 0.21553478249073799}, {""sector"": ""NIFTY_PHARMA"", ""ltp"": 26670.8, ""return_pct"": 0.16712798999485473, ""rs_vs_nifty"": 0.16712798999485473}, {""sector"": ""NIFTY_MEDIA"", ""ltp"": 1612.75, ""return_pct"": 0.10862818125387957, ""rs_vs_nifty"": 0.10862818125387957}, {""sector"": ""NIFTY_REALTY"", ""ltp"": 910.95, ""return_pct"": 0.0878975992968267, ""rs_vs_nifty"": 0.0878975992968267}, {""sector"": ""NIFTY_INFRA"", ""ltp"": 9290.95, ""return_pct"": 0.022607750152067948, ""rs_vs_nifty"": 0.022607750152067948}, {""sector"": ""NIFTY_FIN_SERVICE"", ""ltp"": 26386.75, ""return_pct"": 0.0, ""rs_vs_nifty"": 0.0}, {""sector"": ""NIFTY_IT"", ""ltp"": 30309.65, ""return_pct"": -0.03034415883187222, ""rs_vs_nifty"": -0.03034415883187222}, {""sector"": ""NIFTY_BANK"", ""ltp"": 57763.3, ""return_pct"": -0.035390572609076236, ""rs_vs_nifty"": -0.035390572609076236}, {""sector"": ""NIFTY_FMCG"", ""ltp"": 47231.45, ""return_pct"": -0.04539403930764962, ""rs_vs_nifty"": -0.04539403930764962}, {""sector"": ""NIFTY_PSU_BANK"", ""ltp"": 8661.55, ""return_pct"": -0.09170079012631326, ""rs_vs_nifty"": -0.09170079012631326}, {""sector"": ""NIFTY_AUTO"", ""ltp"": 28844.8, ""return_pct"": -0.5356868843781918, ""rs_vs_nifty"": -0.5356868843781918}]"
2026-08-27 09:50:06,NORMAL,24220.8,,0,24228.73826904655,,,False,True,[],[],"[{""sector"": ""NIFTY_REALTY"", ""ltp"": 914.45, ""return_pct"": 0.4724495962204108, ""rs_vs_nifty"": 0.4724495962204108}, {""sector"": ""NIFTY_ENERGY"", ""ltp"": 38236.25, ""return_pct"": 0.35787495505237166, ""rs_vs_nifty"": 0.35787495505237166}, {""sector"": ""NIFTY_METAL"", ""ltp"": 13569.0, ""return_pct"": 0.20159950375506228, ""rs_vs_nifty"": 0.20159950375506228}, {""sector"": ""NIFTY_FIN_SERVICE"", ""ltp"": 26435.0, ""return_pct"": 0.1828569262982368, ""rs_vs_nifty"": 0.1828569262982368}, {""sector"": ""NIFTY_BANK"", ""ltp"": 57840.0, ""return_pct"": 0.09734570705431891, ""rs_vs_nifty"": 0.09734570705431891}, {""sector"": ""NIFTY_HEALTHCARE"", ""ltp"": 16601.5, ""return_pct"": 0.08952983272691317, ""rs_vs_nifty"": 0.08952983272691317}, {""sector"": ""NIFTY_PHARMA"", ""ltp"": 26645.45, ""return_pct"": 0.07192137097531935, ""rs_vs_nifty"": 0.07192137097531935}, {""sector"": ""NIFTY_INFRA"", ""ltp"": 9294.9, ""return_pct"": 0.0651318516285576, ""rs_vs_nifty"": 0.0651318516285576}, {""sector"": ""NIFTY_IT"", ""ltp"": 30329.85, ""return_pct"": 0.03628105947290217, ""rs_vs_nifty"": 0.03628105947290217}, {""sector"": ""NIFTY_PSU_BANK"", ""ltp"": 8661.55, ""return_pct"": -0.09170079012631326, ""rs_vs_nifty"": -0.09170079012631326}, {""sector"": ""NIFTY_AUTO"", ""ltp"": 28969.25, ""return_pct"": -0.1065511730111791, ""rs_vs_nifty"": -0.1065511730111791}, {""sector"": ""NIFTY_MEDIA"", ""ltp"": 1607.65, ""return_pct"": -0.20794537554313527, ""rs_vs_nifty"": -0.20794537554313527}, {""sector"": ""NIFTY_FMCG"", ""ltp"": 47151.3, ""return_pct"": -0.2150132584455103, ""rs_vs_nifty"": -0.2150132584455103}]"
2026-08-27 09:51:55,NORMAL,24209.3,,0,24228.275472128236,,,False,True,[],[],"[{""sector"": ""NIFTY_REALTY"", ""ltp"": 914.35, ""return_pct"": 0.4614623963083059, ""rs_vs_nifty"": 0.4614623963083059}, {""sector"": ""NIFTY_ENERGY"", ""ltp"": 38216.8, ""return_pct"": 0.30682495229646656, ""rs_vs_nifty"": 0.30682495229646656}, {""sector"": ""NIFTY_FIN_SERVICE"", ""ltp"": 26417.95, ""return_pct"": 0.11824116270476935, ""rs_vs_nifty"": 0.11824116270476935}, {""sector"": ""NIFTY_HEALTHCARE"", ""ltp"": 16599.05, ""return_pct"": 0.07475891756320785, ""rs_vs_nifty"": 0.07475891756320785}, {""sector"": ""NIFTY_BANK"", ""ltp"": 57816.95, ""return_pct"": 0.05745559954138853, ""rs_vs_nifty"": 0.05745559954138853}, {""sector"": ""NIFTY_PHARMA"", ""ltp"": 26637.55, ""return_pct"": 0.04225145814476664, ""rs_vs_nifty"": 0.04225145814476664}, {""sector"": ""NIFTY_METAL"", ""ltp"": 13545.65, ""return_pct"": 0.029169158968216015, ""rs_vs_nifty"": 0.029169158968216015}, {""sector"": ""NIFTY_INFRA"", ""ltp"": 9291.55, ""return_pct"": 0.029067107338356296, ""rs_vs_nifty"": 0.029067107338356296}, {""sector"": ""NIFTY_IT"", ""ltp"": 30303.9, ""return_pct"": -0.04930925810179835, ""rs_vs_nifty"": -0.04930925810179835}, {""sector"": ""NIFTY_PSU_BANK"", ""ltp"": 8653.05, ""return_pct"": -0.18974566007267693, ""rs_vs_nifty"": -0.18974566007267693}, {""sector"": ""NIFTY_AUTO"", ""ltp"": 28944.45, ""return_pct"": -0.19206797206221596, ""rs_vs_nifty"": -0.19206797206221596}, {""sector"": ""NIFTY_MEDIA"", ""ltp"": 1607.4, ""return_pct"": -0.22346368715083234, ""rs_vs_nifty"": -0.22346368715083234}, {""sector"": ""NIFTY_FMCG"", ""ltp"": 47119.65, ""return_pct"": -0.2819932744868569, ""rs_vs_nifty"": -0.2819932744868569}]"
2026-08-27 09:53:48,NORMAL,24216.95,,0,24228.089225454478,,,False,True,[],[],"[{""sector"": ""NIFTY_REALTY"", ""ltp"": 914.3, ""return_pct"": 0.4559687963522472, ""rs_vs_nifty"": 0.4559687963522472}, {""sector"": ""NIFTY_ENERGY"", ""ltp"": 38194.95, ""return_pct"": 0.24947572040870353, ""rs_vs_nifty"": 0.24947572040870353}, {""sector"": ""NIFTY_FIN_SERVICE"", ""ltp"": 26434.35, ""return_pct"": 0.18039356874188198, ""rs_vs_nifty"": 0.18039356874188198}, {""sector"": ""NIFTY_BANK"", ""ltp"": 57863.0, ""return_pct"": 0.13714928504986262, ""rs_vs_nifty"": 0.13714928504986262}, {""sector"": ""NIFTY_HEALTHCARE"", ""ltp"": 16595.65, ""return_pct"": 0.054260504682983, ""rs_vs_nifty"": 0.054260504682983}, {""sector"": ""NIFTY_METAL"", ""ltp"": 13547.75, ""return_pct"": 0.04467681310322391, ""rs_vs_nifty"": 0.04467681310322391}, {""sector"": ""NIFTY_INFRA"", ""ltp"": 9292.8, ""return_pct"": 0.04252410147648965, ""rs_vs_nifty"": 0.04252410147648965}, {""sector"": ""NIFTY_PHARMA"", ""ltp"": 26629.35, ""return_pct"": 0.011454839763689557, ""rs_vs_nifty"": 0.011454839763689557}, {""sector"": ""NIFTY_IT"", ""ltp"": 30315.55, ""return_pct"": -0.010884317841868253, ""rs_vs_nifty"": -0.010884317841868253}, {""sector"": ""NIFTY_AUTO"", ""ltp"": 28953.8, ""return_pct"": -0.15982675951676864, ""rs_vs_nifty"": -0.15982675951676864}, {""sector"": ""NIFTY_PSU_BANK"", ""ltp"": 8655.15, ""return_pct"": -0.16552280985062995, ""rs_vs_nifty"": -0.16552280985062995}, {""sector"": ""NIFTY_FMCG"", ""ltp"": 47131.1, ""return_pct"": -0.2577619574671669, ""rs_vs_nifty"": -0.2577619574671669}, {""sector"": ""NIFTY_MEDIA"", ""ltp"": 1606.2, ""return_pct"": -0.2979515828677812, ""rs_vs_nifty"": -0.2979515828677812}]"
2026-08-27 09:55:25,NORMAL,24204.45,,0,24227.601159375943,,,False,True,[],[],"[{""sector"": ""NIFTY_REALTY"", ""ltp"": 913.85, ""return_pct"": 0.40652639674779384, ""rs_vs_nifty"": 0.40652639674779384}, {""sector"": ""NIFTY_ENERGY"", ""ltp"": 38159.6, ""return_pct"": 0.15669332465438776, ""rs_vs_nifty"": 0.15669332465438776}, {""sector"": ""NIFTY_FIN_SERVICE"", ""ltp"": 26420.65, ""return_pct"": 0.12847357101576154, ""rs_vs_nifty"": 0.12847357101576154}, {""sector"": ""NIFTY_BANK"", ""ltp"": 57843.35, ""return_pct"": 0.1031431847188847, ""rs_vs_nifty"": 0.1031431847188847}, {""sector"": ""NIFTY_HEALTHCARE"", ""ltp"": 16595.2, ""return_pct"": 0.05154747944882946, ""rs_vs_nifty"": 0.05154747944882946}, {""sector"": ""NIFTY_PHARMA"", ""ltp"": 26628.1, ""return_pct"": 0.0067602333031599295, ""rs_vs_nifty"": 0.0067602333031599295}, {""sector"": ""NIFTY_INFRA"", ""ltp"": 9287.45, ""return_pct"": -0.01507183343470544, ""rs_vs_nifty"": -0.01507183343470544}, {""sector"": ""NIFTY_METAL"", ""ltp"": 13532.65, ""return_pct"": -0.06683060472467335, ""rs_vs_nifty"": -0.06683060472467335}, {""sector"": ""NIFTY_IT"", ""ltp"": 30272.0, ""return_pct"": -0.15452433057321946, ""rs_vs_nifty"": -0.15452433057321946}, {""sector"": ""NIFTY_PSU_BANK"", ""ltp"": 8649.2, ""return_pct"": -0.23415421881307197, ""rs_vs_nifty"": -0.23415421881307197}, {""sector"": ""NIFTY_FMCG"", ""ltp"": 47109.25, ""return_pct"": -0.304002505666322, ""rs_vs_nifty"": -0.304002505666322}, {""sector"": ""NIFTY_MEDIA"", ""ltp"": 1605.6, ""return_pct"": -0.3351955307262626, ""rs_vs_nifty"": -0.3351955307262626}, {""sector"": ""NIFTY_AUTO"", ""ltp"": 28902.8, ""return_pct"": -0.3356879188555996, ""rs_vs_nifty"": -0.3356879188555996}]"
2026-08-27 10:13:57,NORMAL,24188.75,,0,24220.852235951148,,,False,True,[],"[[""NIFTY_MEDIA"", -0.5617628801986315, -0.5617628801986315]]","[{""sector"": ""NIFTY_REALTY"", ""ltp"": 911.8, ""return_pct"": 0.18128879854968713, ""rs_vs_nifty"": 0.18128879854968713}, {""sector"": ""NIFTY_FIN_SERVICE"", ""ltp"": 26415.3, ""return_pct"": 0.10819824343657053, ""rs_vs_nifty"": 0.10819824343657053}, {""sector"": ""NIFTY_BANK"", ""ltp"": 57821.9, ""return_pct"": 0.06602202176217614, ""rs_vs_nifty"": 0.06602202176217614}, {""sector"": ""NIFTY_ENERGY"", ""ltp"": 38103.75, ""return_pct"": 0.01010501339898148, ""rs_vs_nifty"": 0.01010501339898148}, {""sector"": ""NIFTY_HEALTHCARE"", ""ltp"": 16581.75, ""return_pct"": -0.029541830327410628, ""rs_vs_nifty"": -0.029541830327410628}, {""sector"": ""NIFTY_IT"", ""ltp"": 30303.6, ""return_pct"": -0.05029874154197802, ""rs_vs_nifty"": -0.05029874154197802}, {""sector"": ""NIFTY_PHARMA"", ""ltp"": 26611.3, ""return_pct"": -0.05633527752635552, ""rs_vs_nifty"": -0.05633527752635552}, {""sector"": ""NIFTY_METAL"", ""ltp"": 13533.5, ""return_pct"": -0.06055369709859713, ""rs_vs_nifty"": -0.06055369709859713}, {""sector"": ""NIFTY_INFRA"", ""ltp"": 9276.95, ""return_pct"": -0.1281105841950256, ""rs_vs_nifty"": -0.1281105841950256}, {""sector"": ""NIFTY_PSU_BANK"", ""ltp"": 8645.1, ""return_pct"": -0.2814464501989692, ""rs_vs_nifty"": -0.2814464501989692}, {""sector"": ""NIFTY_AUTO"", ""ltp"": 28869.55, ""return_pct"": -0.45034249822846495, ""rs_vs_nifty"": -0.45034249822846495}, {""sector"": ""NIFTY_FMCG"", ""ltp"": 47034.5, ""return_pct"": -0.4621938547687051, ""rs_vs_nifty"": -0.4621938547687051}, {""sector"": ""NIFTY_MEDIA"", ""ltp"": 1601.95, ""return_pct"": -0.5617628801986315, ""rs_vs_nifty"": -0.5617628801986315}]"
2026-08-27 10:15:32,NORMAL,24187.25,,0,24220.253969827474,,,False,True,[],"[[""NIFTY_MEDIA"", -0.5245189323401642, -0.5245189323401642]]","[{""sector"": ""NIFTY_REALTY"", ""ltp"": 912.15, ""return_pct"": 0.21974399824204802, ""rs_vs_nifty"": 0.21974399824204802}, {""sector"": ""NIFTY_FIN_SERVICE"", ""ltp"": 26409.8, ""return_pct"": 0.08735444872899949, ""rs_vs_nifty"": 0.08735444872899949}, {""sector"": ""NIFTY_HEALTHCARE"", ""ltp"": 16597.25, ""return_pct"": 0.06390681662661564, ""rs_vs_nifty"": 0.06390681662661564}, {""sector"": ""NIFTY_BANK"", ""ltp"": 57806.35, ""return_pct"": 0.03911134185648828, ""rs_vs_nifty"": 0.03911134185648828}, {""sector"": ""NIFTY_PHARMA"", ""ltp"": 26636.6, ""return_pct"": 0.03868355723476139, ""rs_vs_nifty"": 0.03868355723476139}, {""sector"": ""NIFTY_ENERGY"", ""ltp"": 38108.25, ""return_pct"": 0.02191606802117209, ""rs_vs_nifty"": 0.02191606802117209}, {""sector"": ""NIFTY_METAL"", ""ltp"": 13540.25, ""return_pct"": -0.01070766595036611, ""rs_vs_nifty"": -0.01070766595036611}, {""sector"": ""NIFTY_INFRA"", ""ltp"": 9278.95, ""return_pct"": -0.10657939357401224, ""rs_vs_nifty"": -0.10657939357401224}, {""sector"": ""NIFTY_IT"", ""ltp"": 30282.9, ""return_pct"": -0.11857309891370249, ""rs_vs_nifty"": -0.11857309891370249}, {""sector"": ""NIFTY_PSU_BANK"", ""ltp"": 8645.85, ""return_pct"": -0.27279543226252534, ""rs_vs_nifty"": -0.27279543226252534}, {""sector"": ""NIFTY_AUTO"", ""ltp"": 28910.1, ""return_pct"": -0.31051563526396553, ""rs_vs_nifty"": -0.31051563526396553}, {""sector"": ""NIFTY_FMCG"", ""ltp"": 47033.45, ""return_pct"": -0.46441594060894537, ""rs_vs_nifty"": -0.46441594060894537}, {""sector"": ""NIFTY_MEDIA"", ""ltp"": 1602.55, ""return_pct"": -0.5245189323401642, ""rs_vs_nifty"": -0.5245189323401642}]"
2026-08-27 10:17:27,NORMAL,24188.85,,0,24219.9294997804,,,False,True,[],"[[""NIFTY_MEDIA"", -0.5679702048417189, -0.5679702048417189]]","[{""sector"": ""NIFTY_REALTY"", ""ltp"": 911.95, ""return_pct"": 0.19776959841785072, ""rs_vs_nifty"": 0.19776959841785072}, {""sector"": ""NIFTY_FIN_SERVICE"", ""ltp"": 26416.15, ""return_pct"": 0.11141955716411249, ""rs_vs_nifty"": 0.11141955716411249}, {""sector"": ""NIFTY_HEALTHCARE"", ""ltp"": 16593.8, ""return_pct"": 0.043106956498134445, ""rs_vs_nifty"": 0.043106956498134445}, {""sector"": ""NIFTY_BANK"", ""ltp"": 57800.9, ""return_pct"": 0.02967962446189708, ""rs_vs_nifty"": 0.02967962446189708}, {""sector"": ""NIFTY_PHARMA"", ""ltp"": 26628.7, ""return_pct"": 0.00901364440422235, ""rs_vs_nifty"": 0.00901364440422235}, {""sector"": ""NIFTY_ENERGY"", ""ltp"": 38099.2, ""return_pct"": -0.0018372751634633307, ""rs_vs_nifty"": -0.0018372751634633307}, {""sector"": ""NIFTY_METAL"", ""ltp"": 13540.8, ""return_pct"": -0.006646137486441548, ""rs_vs_nifty"": -0.006646137486441548}, {""sector"": ""NIFTY_IT"", ""ltp"": 30292.35, ""return_pct"": -0.08740437054835523, ""rs_vs_nifty"": -0.08740437054835523}, {""sector"": ""NIFTY_INFRA"", ""ltp"": 9278.35, ""return_pct"": -0.11303875076032018, ""rs_vs_nifty"": -0.11303875076032018}, {""sector"": ""NIFTY_PSU_BANK"", ""ltp"": 8643.8, ""return_pct"": -0.2964415479554845, ""rs_vs_nifty"": -0.2964415479554845}, {""sector"": ""NIFTY_AUTO"", ""ltp"": 28909.0, ""return_pct"": -0.31430871909283725, ""rs_vs_nifty"": -0.31430871909283725}, {""sector"": ""NIFTY_FMCG"", ""ltp"": 47026.6, ""return_pct"": -0.47891240537618407, ""rs_vs_nifty"": -0.47891240537618407}, {""sector"": ""NIFTY_MEDIA"", ""ltp"": 1601.85, ""return_pct"": -0.5679702048417189, ""rs_vs_nifty"": -0.5679702048417189}]"
2026-08-27 10:19:09,NORMAL,24187.2,,0,24219.53315604604,,,False,True,[],"[[""NIFTY_MEDIA"", -0.5927995034140258, -0.5927995034140258]]","[{""sector"": ""NIFTY_REALTY"", ""ltp"": 912.95, ""return_pct"": 0.3076415975388747, ""rs_vs_nifty"": 0.3076415975388747}, {""sector"": ""NIFTY_FIN_SERVICE"", ""ltp"": 26417.3, ""return_pct"": 0.11577780514841454, ""rs_vs_nifty"": 0.11577780514841454}, {""sector"": ""NIFTY_HEALTHCARE"", ""ltp"": 16600.8, ""return_pct"": 0.08530957125156566, ""rs_vs_nifty"": 0.08530957125156566}, {""sector"": ""NIFTY_BANK"", ""ltp"": 57813.55, ""return_pct"": 0.05157159235944865, ""rs_vs_nifty"": 0.05157159235944865}, {""sector"": ""NIFTY_PHARMA"", ""ltp"": 26638.9, ""return_pct"": 0.047321633122146836, ""rs_vs_nifty"": 0.047321633122146836}, {""sector"": ""NIFTY_METAL"", ""ltp"": 13541.3, ""return_pct"": -0.0029538388828688803, ""rs_vs_nifty"": -0.0029538388828688803}, {""sector"": ""NIFTY_ENERGY"", ""ltp"": 38073.75, ""return_pct"": -0.06863535074895592, ""rs_vs_nifty"": -0.06863535074895592}, {""sector"": ""NIFTY_IT"", ""ltp"": 30294.15, ""return_pct"": -0.08146746990732527, ""rs_vs_nifty"": -0.08146746990732527}, {""sector"": ""NIFTY_INFRA"", ""ltp"": 9276.7, ""return_pct"": -0.13080198302265228, ""rs_vs_nifty"": -0.13080198302265228}, {""sector"": ""NIFTY_AUTO"", ""ltp"": 28905.65, ""return_pct"": -0.32586038348077506, ""rs_vs_nifty"": -0.32586038348077506}, {""sector"": ""NIFTY_PSU_BANK"", ""ltp"": 8639.9, ""return_pct"": -0.34142684122498834, ""rs_vs_nifty"": -0.34142684122498834}, {""sector"": ""NIFTY_FMCG"", ""ltp"": 47024.15, ""return_pct"": -0.4840972723367243, ""rs_vs_nifty"": -0.4840972723367243}, {""sector"": ""NIFTY_MEDIA"", ""ltp"": 1601.45, ""return_pct"": -0.5927995034140258, ""rs_vs_nifty"": -0.5927995034140258}]"
2026-08-27 10:21:05,NORMAL,24190.35,,0,24219.08959076512,,,False,True,[],"[[""NIFTY_MEDIA"", -0.6579764121663506, -0.6579764121663506]]","[{""sector"": ""NIFTY_REALTY"", ""ltp"": 912.55, ""return_pct"": 0.26369279789045513, ""rs_vs_nifty"": 0.26369279789045513}, {""sector"": ""NIFTY_HEALTHCARE"", ""ltp"": 16617.6, ""return_pct"": 0.1865958466597962, ""rs_vs_nifty"": 0.1865958466597962}, {""sector"": ""NIFTY_PHARMA"", ""ltp"": 26670.55, ""return_pct"": 0.1661890687027488, ""rs_vs_nifty"": 0.1661890687027488}, {""sector"": ""NIFTY_FIN_SERVICE"", ""ltp"": 26415.25, ""return_pct"": 0.10800875439377718, ""rs_vs_nifty"": 0.10800875439377718}, {""sector"": ""NIFTY_BANK"", ""ltp"": 57816.35, ""return_pct"": 0.056417245332811644, ""rs_vs_nifty"": 0.056417245332811644}, {""sector"": ""NIFTY_METAL"", ""ltp"": 13544.65, ""return_pct"": 0.02178456176107068, ""rs_vs_nifty"": 0.02178456176107068}, {""sector"": ""NIFTY_ENERGY"", ""ltp"": 38068.15, ""return_pct"": -0.08333355205656708, ""rs_vs_nifty"": -0.08333355205656708}, {""sector"": ""NIFTY_IT"", ""ltp"": 30292.3, ""return_pct"": -0.08756928445504784, ""rs_vs_nifty"": -0.08756928445504784}, {""sector"": ""NIFTY_INFRA"", ""ltp"": 9273.9, ""return_pct"": -0.16094564989208274, ""rs_vs_nifty"": -0.16094564989208274}, {""sector"": ""NIFTY_PSU_BANK"", ""ltp"": 8640.6, ""return_pct"": -0.33335255781763234, ""rs_vs_nifty"": -0.33335255781763234}, {""sector"": ""NIFTY_AUTO"", ""ltp"": 28896.9, ""return_pct"": -0.35603264121047645, ""rs_vs_nifty"": -0.35603264121047645}, {""sector"": ""NIFTY_FMCG"", ""ltp"": 47044.35, ""return_pct"": -0.4413485733150831, ""rs_vs_nifty"": -0.4413485733150831}, {""sector"": ""NIFTY_MEDIA"", ""ltp"": 1600.4, ""return_pct"": -0.6579764121663506, ""rs_vs_nifty"": -0.6579764121663506}]"
2026-08-27 10:22:49,NORMAL,24185.85,,0,24218.693900184287,,,False,True,[],"[[""NIFTY_MEDIA"", -0.6579764121663506, -0.6579764121663506], [""NIFTY_FMCG"", -0.5030379087844437, -0.5030379087844437]]","[{""sector"": ""NIFTY_REALTY"", ""ltp"": 912.75, ""return_pct"": 0.2856671977146649, ""rs_vs_nifty"": 0.2856671977146649}, {""sector"": ""NIFTY_HEALTHCARE"", ""ltp"": 16623.0, ""return_pct"": 0.2191521494695948, ""rs_vs_nifty"": 0.2191521494695948}, {""sector"": ""NIFTY_PHARMA"", ""ltp"": 26683.75, ""return_pct"": 0.21576411292594438, ""rs_vs_nifty"": 0.21576411292594438}, {""sector"": ""NIFTY_FIN_SERVICE"", ""ltp"": 26398.45, ""return_pct"": 0.04434043601429023, ""rs_vs_nifty"": 0.04434043601429023}, {""sector"": ""NIFTY_METAL"", ""ltp"": 13545.15, ""return_pct"": 0.02547686036464335, ""rs_vs_nifty"": 0.02547686036464335}, {""sector"": ""NIFTY_BANK"", ""ltp"": 57784.75, ""return_pct"": 0.0017305903476323363, ""rs_vs_nifty"": 0.0017305903476323363}, {""sector"": ""NIFTY_IT"", ""ltp"": 30317.95, ""return_pct"": -0.0029684503205029784, ""rs_vs_nifty"": -0.0029684503205029784}, {""sector"": ""NIFTY_ENERGY"", ""ltp"": 38044.15, ""return_pct"": -0.146325843374917, ""rs_vs_nifty"": -0.146325843374917}, {""sector"": ""NIFTY_INFRA"", ""ltp"": 9271.6, ""return_pct"": -0.18570651910624025, ""rs_vs_nifty"": -0.18570651910624025}, {""sector"": ""NIFTY_PSU_BANK"", ""ltp"": 8639.75, ""return_pct"": -0.34315704481227294, ""rs_vs_nifty"": -0.34315704481227294}, {""sector"": ""NIFTY_AUTO"", ""ltp"": 28894.3, ""return_pct"": -0.36499811207873817, ""rs_vs_nifty"": -0.36499811207873817}, {""sector"": ""NIFTY_FMCG"", ""ltp"": 47015.2, ""return_pct"": -0.5030379087844437, ""rs_vs_nifty"": -0.5030379087844437}, {""sector"": ""NIFTY_MEDIA"", ""ltp"": 1600.4, ""return_pct"": -0.6579764121663506, ""rs_vs_nifty"": -0.6579764121663506}]"
2026-08-27 10:24:44,NORMAL,24185.7,,0,24218.100894630523,,,False,True,[],"[[""NIFTY_MEDIA"", -0.5741775294847921, -0.5741775294847921], [""NIFTY_FMCG"", -0.5428238266857695, -0.5428238266857695]]","[{""sector"": ""NIFTY_REALTY"", ""ltp"": 912.85, ""return_pct"": 0.2966543976267698, ""rs_vs_nifty"": 0.2966543976267698}, {""sector"": ""NIFTY_PHARMA"", ""ltp"": 26683.95, ""return_pct"": 0.21651524995963184, ""rs_vs_nifty"": 0.21651524995963184}, {""sector"": ""NIFTY_HEALTHCARE"", ""ltp"": 16621.8, ""return_pct"": 0.2119174155118593, ""rs_vs_nifty"": 0.2119174155118593}, {""sector"": ""NIFTY_FIN_SERVICE"", ""ltp"": 26401.95, ""return_pct"": 0.05760466901001725, ""rs_vs_nifty"": 0.05760466901001725}, {""sector"": ""NIFTY_BANK"", ""ltp"": 57786.45, ""return_pct"": 0.004672593938602271, ""rs_vs_nifty"": 0.004672593938602271}, {""sector"": ""NIFTY_METAL"", ""ltp"": 13537.9, ""return_pct"": -0.028061469387160334, ""rs_vs_nifty"": -0.028061469387160334}, {""sector"": ""NIFTY_IT"", ""ltp"": 30300.7, ""return_pct"": -0.059863748130281384, ""rs_vs_nifty"": -0.059863748130281384}, {""sector"": ""NIFTY_ENERGY"", ""ltp"": 38051.2, ""return_pct"": -0.12782185780016317, ""rs_vs_nifty"": -0.12782185780016317}, {""sector"": ""NIFTY_INFRA"", ""ltp"": 9271.2, ""return_pct"": -0.19001275723043903, ""rs_vs_nifty"": -0.19001275723043903}, {""sector"": ""NIFTY_AUTO"", ""ltp"": 28912.2, ""return_pct"": -0.30327429340882966, ""rs_vs_nifty"": -0.30327429340882966}, {""sector"": ""NIFTY_PSU_BANK"", ""ltp"": 8637.8, ""return_pct"": -0.3656496914470353, ""rs_vs_nifty"": -0.3656496914470353}, {""sector"": ""NIFTY_FMCG"", ""ltp"": 46996.4, ""return_pct"": -0.5428238266857695, ""rs_vs_nifty"": -0.5428238266857695}, {""sector"": ""NIFTY_MEDIA"", ""ltp"": 1601.75, ""return_pct"": -0.5741775294847921, ""rs_vs_nifty"": -0.5741775294847921}]"
2026-08-27 10:26:20,NORMAL,24180.3,,0,24217.623197474455,,,False,True,[],"[[""NIFTY_FMCG"", -0.6156235913563007, -0.6156235913563007], [""NIFTY_MEDIA"", -0.6052141527001862, -0.6052141527001862]]","[{""sector"": ""NIFTY_REALTY"", ""ltp"": 913.0, ""return_pct"": 0.3131351974949209, ""rs_vs_nifty"": 0.3131351974949209}, {""sector"": ""NIFTY_PHARMA"", ""ltp"": 26684.1, ""return_pct"": 0.2170786027348872, ""rs_vs_nifty"": 0.2170786027348872}, {""sector"": ""NIFTY_HEALTHCARE"", ""ltp"": 16621.15, ""return_pct"": 0.20799860128476816, ""rs_vs_nifty"": 0.20799860128476816}, {""sector"": ""NIFTY_FIN_SERVICE"", ""ltp"": 26398.15, ""return_pct"": 0.04320350175751639, ""rs_vs_nifty"": 0.04320350175751639}, {""sector"": ""NIFTY_BANK"", ""ltp"": 57784.3, ""return_pct"": 0.0009518246912028215, ""rs_vs_nifty"": 0.0009518246912028215}, {""sector"": ""NIFTY_IT"", ""ltp"": 30302.45, ""return_pct"": -0.05409176139595604, ""rs_vs_nifty"": -0.05409176139595604}, {""sector"": ""NIFTY_METAL"", ""ltp"": 13533.9, ""return_pct"": -0.05759985821574168, ""rs_vs_nifty"": -0.05759985821574168}, {""sector"": ""NIFTY_ENERGY"", ""ltp"": 38050.9, ""return_pct"": -0.12860926144163107, ""rs_vs_nifty"": -0.12860926144163107}, {""sector"": ""NIFTY_INFRA"", ""ltp"": 9269.25, ""return_pct"": -0.21100566808593488, ""rs_vs_nifty"": -0.21100566808593488}, {""sector"": ""NIFTY_AUTO"", ""ltp"": 28902.25, ""return_pct"": -0.3375844607700355, ""rs_vs_nifty"": -0.3375844607700355}, {""sector"": ""NIFTY_PSU_BANK"", ""ltp"": 8631.4, ""return_pct"": -0.4394717111713521, ""rs_vs_nifty"": -0.4394717111713521}, {""sector"": ""NIFTY_MEDIA"", ""ltp"": 1601.25, ""return_pct"": -0.6052141527001862, ""rs_vs_nifty"": -0.6052141527001862}, {""sector"": ""NIFTY_FMCG"", ""ltp"": 46962.0, ""return_pct"": -0.6156235913563007, ""rs_vs_nifty"": -0.6156235913563007}]"
2026-08-27 10:28:15,NORMAL,24186.55,,0,24217.06627995701,,,False,True,[],"[[""NIFTY_FMCG"", -0.5975294638001023, -0.5975294638001023], [""NIFTY_MEDIA"", -0.5462445685909345, -0.5462445685909345]]","[{""sector"": ""NIFTY_REALTY"", ""ltp"": 913.35, ""return_pct"": 0.3515903971872818, ""rs_vs_nifty"": 0.3515903971872818}, {""sector"": ""NIFTY_PHARMA"", ""ltp"": 26689.3, ""return_pct"": 0.23660816561069317, ""rs_vs_nifty"": 0.23660816561069317}, {""sector"": ""NIFTY_HEALTHCARE"", ""ltp"": 16624.95, ""return_pct"": 0.23090859215091214, ""rs_vs_nifty"": 0.23090859215091214}, {""sector"": ""NIFTY_FIN_SERVICE"", ""ltp"": 26411.95, ""return_pct"": 0.09550247756923731, ""rs_vs_nifty"": 0.09550247756923731}, {""sector"": ""NIFTY_BANK"", ""ltp"": 57803.7, ""return_pct"": 0.03452527743526007, ""rs_vs_nifty"": 0.03452527743526007}, {""sector"": ""NIFTY_METAL"", ""ltp"": 13531.65, ""return_pct"": -0.07421520193181869, ""rs_vs_nifty"": -0.07421520193181869}, {""sector"": ""NIFTY_IT"", ""ltp"": 30291.2, ""return_pct"": -0.09119739040233325, ""rs_vs_nifty"": -0.09119739040233325}, {""sector"": ""NIFTY_ENERGY"", ""ltp"": 38063.05, ""return_pct"": -0.09671941396171262, ""rs_vs_nifty"": -0.09671941396171262}, {""sector"": ""NIFTY_INFRA"", ""ltp"": 9272.25, ""return_pct"": -0.17870888215441486, ""rs_vs_nifty"": -0.17870888215441486}, {""sector"": ""NIFTY_AUTO"", ""ltp"": 28914.0, ""return_pct"": -0.29706742896157934, ""rs_vs_nifty"": -0.29706742896157934}, {""sector"": ""NIFTY_PSU_BANK"", ""ltp"": 8632.7, ""return_pct"": -0.4244766134148367, ""rs_vs_nifty"": -0.4244766134148367}, {""sector"": ""NIFTY_MEDIA"", ""ltp"": 1602.2, ""return_pct"": -0.5462445685909345, ""rs_vs_nifty"": -0.5462445685909345}, {""sector"": ""NIFTY_FMCG"", ""ltp"": 46970.55, ""return_pct"": -0.5975294638001023, ""rs_vs_nifty"": -0.5975294638001023}]"
2026-08-27 10:29:56,NORMAL,24180.85,,0,24216.646430938847,,,False,True,[],"[[""NIFTY_FMCG"", -0.5907573926679663, -0.5907573926679663], [""NIFTY_MEDIA"", -0.5741775294847921, -0.5741775294847921]]","[{""sector"": ""NIFTY_REALTY"", ""ltp"": 914.1, ""return_pct"": 0.43399439652804983, ""rs_vs_nifty"": 0.43399439652804983}, {""sector"": ""NIFTY_PHARMA"", ""ltp"": 26696.35, ""return_pct"": 0.26308574604807755, ""rs_vs_nifty"": 0.26308574604807755}, {""sector"": ""NIFTY_HEALTHCARE"", ""ltp"": 16627.7, ""return_pct"": 0.24748819080404583, ""rs_vs_nifty"": 0.24748819080404583}, {""sector"": ""NIFTY_FIN_SERVICE"", ""ltp"": 26400.55, ""return_pct"": 0.052298975811720924, ""rs_vs_nifty"": 0.052298975811720924}, {""sector"": ""NIFTY_BANK"", ""ltp"": 57804.3, ""return_pct"": 0.03556363164384954, ""rs_vs_nifty"": 0.03556363164384954}, {""sector"": ""NIFTY_ENERGY"", ""ltp"": 38051.45, ""return_pct"": -0.12716568809893036, ""rs_vs_nifty"": -0.12716568809893036}, {""sector"": ""NIFTY_METAL"", ""ltp"": 13524.35, ""return_pct"": -0.12812276154397426, ""rs_vs_nifty"": -0.12812276154397426}, {""sector"": ""NIFTY_INFRA"", ""ltp"": 9270.25, ""return_pct"": -0.20024007277542824, ""rs_vs_nifty"": -0.20024007277542824}, {""sector"": ""NIFTY_IT"", ""ltp"": 30258.0, ""return_pct"": -0.20070022444782223, ""rs_vs_nifty"": -0.20070022444782223}, {""sector"": ""NIFTY_AUTO"", ""ltp"": 28902.85, ""return_pct"": -0.3355155059542896, ""rs_vs_nifty"": -0.3355155059542896}, {""sector"": ""NIFTY_PSU_BANK"", ""ltp"": 8632.6, ""return_pct"": -0.42563008247303347, ""rs_vs_nifty"": -0.42563008247303347}, {""sector"": ""NIFTY_MEDIA"", ""ltp"": 1601.75, ""return_pct"": -0.5741775294847921, ""rs_vs_nifty"": -0.5741775294847921}, {""sector"": ""NIFTY_FMCG"", ""ltp"": 46973.75, ""return_pct"": -0.5907573926679663, ""rs_vs_nifty"": -0.5907573926679663}]"
2026-08-27 10:31:47,NORMAL,24180.2,,0,24216.072201649735,,,False,True,[],"[[""NIFTY_MEDIA"", -0.6207324643078833, -0.6207324643078833], [""NIFTY_FMCG"", -0.5638807353622832, -0.5638807353622832]]","[{""sector"": ""NIFTY_REALTY"", ""ltp"": 914.15, ""return_pct"": 0.43948799648409603, ""rs_vs_nifty"": 0.43948799648409603}, {""sector"": ""NIFTY_PHARMA"", ""ltp"": 26704.7, ""return_pct"": 0.29444571720442364, ""rs_vs_nifty"": 0.29444571720442364}, {""sector"": ""NIFTY_HEALTHCARE"", ""ltp"": 16631.35, ""return_pct"": 0.26949383992546466, ""rs_vs_nifty"": 0.26949383992546466}, {""sector"": ""NIFTY_FIN_SERVICE"", ""ltp"": 26403.5, ""return_pct"": 0.0634788293366936, ""rs_vs_nifty"": 0.0634788293366936}, {""sector"": ""NIFTY_BANK"", ""ltp"": 57796.8, ""return_pct"": 0.022584204036607023, ""rs_vs_nifty"": 0.022584204036607023}, {""sector"": ""NIFTY_METAL"", ""ltp"": 13522.25, ""return_pct"": -0.14363041567898216, ""rs_vs_nifty"": -0.14363041567898216}, {""sector"": ""NIFTY_ENERGY"", ""ltp"": 38033.95, ""return_pct"": -0.17309756718522715, ""rs_vs_nifty"": -0.17309756718522715}, {""sector"": ""NIFTY_INFRA"", ""ltp"": 9267.65, ""return_pct"": -0.22823062058274948, ""rs_vs_nifty"": -0.22823062058274948}, {""sector"": ""NIFTY_IT"", ""ltp"": 30243.2, ""return_pct"": -0.24951474082954275, ""rs_vs_nifty"": -0.24951474082954275}, {""sector"": ""NIFTY_AUTO"", ""ltp"": 28891.7, ""return_pct"": -0.3739635829469872, ""rs_vs_nifty"": -0.3739635829469872}, {""sector"": ""NIFTY_PSU_BANK"", ""ltp"": 8629.15, ""return_pct"": -0.46542476498068364, ""rs_vs_nifty"": -0.46542476498068364}, {""sector"": ""NIFTY_FMCG"", ""ltp"": 46986.45, ""return_pct"": -0.5638807353622832, ""rs_vs_nifty"": -0.5638807353622832}, {""sector"": ""NIFTY_MEDIA"", ""ltp"": 1601.0, ""return_pct"": -0.6207324643078833, ""rs_vs_nifty"": -0.6207324643078833}]"
2026-08-27 10:33:27,NORMAL,24190.35,,0,24215.814971972668,,,False,True,"[[""NIFTY_REALTY"", 0.6097895951216907, 0.6097895951216907]]","[[""NIFTY_MEDIA"", -0.5927995034140258, -0.5927995034140258], [""NIFTY_FMCG"", -0.5098099799165796, -0.5098099799165796]]","[{""sector"": ""NIFTY_REALTY"", ""ltp"": 915.7, ""return_pct"": 0.6097895951216907, ""rs_vs_nifty"": 0.6097895951216907}, {""sector"": ""NIFTY_PHARMA"", ""ltp"": 26732.55, ""return_pct"": 0.3990415491450182, ""rs_vs_nifty"": 0.3990415491450182}, {""sector"": ""NIFTY_HEALTHCARE"", ""ltp"": 16646.9, ""return_pct"": 0.36324393412774725, ""rs_vs_nifty"": 0.36324393412774725}, {""sector"": ""NIFTY_FIN_SERVICE"", ""ltp"": 26410.85, ""return_pct"": 0.09133371862771483, ""rs_vs_nifty"": 0.09133371862771483}, {""sector"": ""NIFTY_BANK"", ""ltp"": 57800.8, ""return_pct"": 0.029506565427136366, ""rs_vs_nifty"": 0.029506565427136366}, {""sector"": ""NIFTY_METAL"", ""ltp"": 13527.4, ""return_pct"": -0.10559974006218635, ""rs_vs_nifty"": -0.10559974006218635}, {""sector"": ""NIFTY_ENERGY"", ""ltp"": 38058.2, ""return_pct"": -0.10944910616564445, ""rs_vs_nifty"": -0.10944910616564445}, {""sector"": ""NIFTY_INFRA"", ""ltp"": 9272.25, ""return_pct"": -0.17870888215441486, ""rs_vs_nifty"": -0.17870888215441486}, {""sector"": ""NIFTY_IT"", ""ltp"": 30238.75, ""return_pct"": -0.264192078525401, ""rs_vs_nifty"": -0.264192078525401}, {""sector"": ""NIFTY_AUTO"", ""ltp"": 28913.45, ""return_pct"": -0.29896397087601523, ""rs_vs_nifty"": -0.29896397087601523}, {""sector"": ""NIFTY_PSU_BANK"", ""ltp"": 8630.25, ""return_pct"": -0.4527366053405617, ""rs_vs_nifty"": -0.4527366053405617}, {""sector"": ""NIFTY_FMCG"", ""ltp"": 47012.0, ""return_pct"": -0.5098099799165796, ""rs_vs_nifty"": -0.5098099799165796}, {""sector"": ""NIFTY_MEDIA"", ""ltp"": 1601.45, ""return_pct"": -0.5927995034140258, ""rs_vs_nifty"": -0.5927995034140258}]"
2026-08-27 10:35:19,NORMAL,24187.0,,0,24215.513510225246,,,False,True,"[[""NIFTY_REALTY"", 0.6262703949898418, 0.6262703949898418]]","[[""NIFTY_MEDIA"", -0.5679702048417189, -0.5679702048417189], [""NIFTY_FMCG"", -0.5281157346956545, -0.5281157346956545]]","[{""sector"": ""NIFTY_REALTY"", ""ltp"": 915.85, ""return_pct"": 0.6262703949898418, ""rs_vs_nifty"": 0.6262703949898418}, {""sector"": ""NIFTY_PHARMA"", ""ltp"": 26735.6, ""return_pct"": 0.4104963889087079, ""rs_vs_nifty"": 0.4104963889087079}, {""sector"": ""NIFTY_HEALTHCARE"", ""ltp"": 16646.5, ""return_pct"": 0.3608323561418282, ""rs_vs_nifty"": 0.3608323561418282}, {""sector"": ""NIFTY_FIN_SERVICE"", ""ltp"": 26402.55, ""return_pct"": 0.059878537523564944, ""rs_vs_nifty"": 0.059878537523564944}, {""sector"": ""NIFTY_BANK"", ""ltp"": 57789.8, ""return_pct"": 0.010470071603180671, ""rs_vs_nifty"": 0.010470071603180671}, {""sector"": ""NIFTY_ENERGY"", ""ltp"": 38079.7, ""return_pct"": -0.053018511859622634, ""rs_vs_nifty"": -0.053018511859622634}, {""sector"": ""NIFTY_METAL"", ""ltp"": 13523.4, ""return_pct"": -0.1351381288907677, ""rs_vs_nifty"": -0.1351381288907677}, {""sector"": ""NIFTY_INFRA"", ""ltp"": 9272.8, ""return_pct"": -0.172787804733644, ""rs_vs_nifty"": -0.172787804733644}, {""sector"": ""NIFTY_IT"", ""ltp"": 30242.95, ""return_pct"": -0.25033931036301776, ""rs_vs_nifty"": -0.25033931036301776}, {""sector"": ""NIFTY_AUTO"", ""ltp"": 28910.75, ""return_pct"": -0.308274267546897, ""rs_vs_nifty"": -0.308274267546897}, {""sector"": ""NIFTY_PSU_BANK"", ""ltp"": 8631.35, ""return_pct"": -0.44004844570043994, ""rs_vs_nifty"": -0.44004844570043994}, {""sector"": ""NIFTY_FMCG"", ""ltp"": 47003.35, ""return_pct"": -0.5281157346956545, ""rs_vs_nifty"": -0.5281157346956545}, {""sector"": ""NIFTY_MEDIA"", ""ltp"": 1601.85, ""return_pct"": -0.5679702048417189, ""rs_vs_nifty"": -0.5679702048417189}]"
2026-08-27 10:36:52,NORMAL,24186.1,,0,24215.25242530592,,,False,True,[],"[[""NIFTY_MEDIA"", -0.6486654252017409, -0.6486654252017409], [""NIFTY_FMCG"", -0.53478199221636, -0.53478199221636]]","[{""sector"": ""NIFTY_REALTY"", ""ltp"": 914.6, ""return_pct"": 0.48893039608856187, ""rs_vs_nifty"": 0.48893039608856187}, {""sector"": ""NIFTY_PHARMA"", ""ltp"": 26733.45, ""return_pct"": 0.4024216657966051, ""rs_vs_nifty"": 0.4024216657966051}, {""sector"": ""NIFTY_HEALTHCARE"", ""ltp"": 16644.0, ""return_pct"": 0.3457599937298884, ""rs_vs_nifty"": 0.3457599937298884}, {""sector"": ""NIFTY_FIN_SERVICE"", ""ltp"": 26403.7, ""return_pct"": 0.06423678550788077, ""rs_vs_nifty"": 0.06423678550788077}, {""sector"": ""NIFTY_BANK"", ""ltp"": 57786.3, ""return_pct"": 0.004413005386467494, ""rs_vs_nifty"": 0.004413005386467494}, {""sector"": ""NIFTY_ENERGY"", ""ltp"": 38074.05, ""return_pct"": -0.0678479471074689, ""rs_vs_nifty"": -0.0678479471074689}, {""sector"": ""NIFTY_METAL"", ""ltp"": 13525.8, ""return_pct"": -0.1174150955936216, ""rs_vs_nifty"": -0.1174150955936216}, {""sector"": ""NIFTY_INFRA"", ""ltp"": 9272.85, ""return_pct"": -0.17224952496810692, ""rs_vs_nifty"": -0.17224952496810692}, {""sector"": ""NIFTY_IT"", ""ltp"": 30241.5, ""return_pct"": -0.25512181365717546, ""rs_vs_nifty"": -0.25512181365717546}, {""sector"": ""NIFTY_AUTO"", ""ltp"": 28897.65, ""return_pct"": -0.3534464476907878, ""rs_vs_nifty"": -0.3534464476907878}, {""sector"": ""NIFTY_PSU_BANK"", ""ltp"": 8627.35, ""return_pct"": -0.48618720802814047, ""rs_vs_nifty"": -0.48618720802814047}, {""sector"": ""NIFTY_FMCG"", ""ltp"": 47000.2, ""return_pct"": -0.53478199221636, ""rs_vs_nifty"": -0.53478199221636}, {""sector"": ""NIFTY_MEDIA"", ""ltp"": 1600.55, ""return_pct"": -0.6486654252017409, ""rs_vs_nifty"": -0.6486654252017409}]"
2026-08-27 10:38:55,NORMAL,24187.35,,0,24214.84819076511,,,False,True,[],"[[""NIFTY_MEDIA"", -0.6238361266294199, -0.6238361266294199], [""NIFTY_FMCG"", -0.5328773472104419, -0.5328773472104419]]","[{""sector"": ""NIFTY_REALTY"", ""ltp"": 914.6, ""return_pct"": 0.48893039608856187, ""rs_vs_nifty"": 0.48893039608856187}, {""sector"": ""NIFTY_PHARMA"", ""ltp"": 26736.25, ""return_pct"": 0.4129375842681887, ""rs_vs_nifty"": 0.4129375842681887}, {""sector"": ""NIFTY_HEALTHCARE"", ""ltp"": 16650.15, ""return_pct"": 0.38283800526326894, ""rs_vs_nifty"": 0.38283800526326894}, {""sector"": ""NIFTY_FIN_SERVICE"", ""ltp"": 26396.45, ""return_pct"": 0.03676087430244622, ""rs_vs_nifty"": 0.03676087430244622}, {""sector"": ""NIFTY_BANK"", ""ltp"": 57784.4, ""return_pct"": 0.0011248837259635368, ""rs_vs_nifty"": 0.0011248837259635368}, {""sector"": ""NIFTY_ENERGY"", ""ltp"": 38071.45, ""return_pct"": -0.07467211200030542, ""rs_vs_nifty"": -0.07467211200030542}, {""sector"": ""NIFTY_METAL"", ""ltp"": 13528.85, ""return_pct"": -0.09489207411182025, ""rs_vs_nifty"": -0.09489207411182025}, {""sector"": ""NIFTY_INFRA"", ""ltp"": 9272.9, ""return_pct"": -0.17171124520258943, ""rs_vs_nifty"": -0.17171124520258943}, {""sector"": ""NIFTY_IT"", ""ltp"": 30248.9, ""return_pct"": -0.23071455546630923, ""rs_vs_nifty"": -0.23071455546630923}, {""sector"": ""NIFTY_AUTO"", ""ltp"": 28903.4, ""return_pct"": -0.33361896403984115, ""rs_vs_nifty"": -0.33361896403984115}, {""sector"": ""NIFTY_PSU_BANK"", ""ltp"": 8627.8, ""return_pct"": -0.48099659726628674, ""rs_vs_nifty"": -0.48099659726628674}, {""sector"": ""NIFTY_FMCG"", ""ltp"": 47001.1, ""return_pct"": -0.5328773472104419, ""rs_vs_nifty"": -0.5328773472104419}, {""sector"": ""NIFTY_MEDIA"", ""ltp"": 1600.95, ""return_pct"": -0.6238361266294199, ""rs_vs_nifty"": -0.6238361266294199}]"
2026-08-27 10:40:37,NORMAL,24185.1,,0,24214.52604732234,,,False,True,[],"[[""NIFTY_MEDIA"", -0.6145251396648101, -0.6145251396648101], [""NIFTY_FMCG"", -0.5195448321690309, -0.5195448321690309]]","[{""sector"": ""NIFTY_REALTY"", ""ltp"": 914.1, ""return_pct"": 0.43399439652804983, ""rs_vs_nifty"": 0.43399439652804983}, {""sector"": ""NIFTY_PHARMA"", ""ltp"": 26738.0, ""return_pct"": 0.41951003331293024, ""rs_vs_nifty"": 0.41951003331293024}, {""sector"": ""NIFTY_HEALTHCARE"", ""ltp"": 16650.7, ""return_pct"": 0.3861539249938913, ""rs_vs_nifty"": 0.3861539249938913}, {""sector"": ""NIFTY_FIN_SERVICE"", ""ltp"": 26397.7, ""return_pct"": 0.041498100372348724, ""rs_vs_nifty"": 0.041498100372348724}, {""sector"": ""NIFTY_BANK"", ""ltp"": 57797.1, ""return_pct"": 0.023103381140889168, ""rs_vs_nifty"": 0.023103381140889168}, {""sector"": ""NIFTY_ENERGY"", ""ltp"": 38074.1, ""return_pct"": -0.0677167131672338, ""rs_vs_nifty"": -0.0677167131672338}, {""sector"": ""NIFTY_METAL"", ""ltp"": 13525.05, ""return_pct"": -0.12295354349898058, ""rs_vs_nifty"": -0.12295354349898058}, {""sector"": ""NIFTY_INFRA"", ""ltp"": 9271.1, ""return_pct"": -0.1910893167614936, ""rs_vs_nifty"": -0.1910893167614936}, {""sector"": ""NIFTY_IT"", ""ltp"": 30236.65, ""return_pct"": -0.2711184626065866, ""rs_vs_nifty"": -0.2711184626065866}, {""sector"": ""NIFTY_AUTO"", ""ltp"": 28916.6, ""return_pct"": -0.2881019580933302, ""rs_vs_nifty"": -0.2881019580933302}, {""sector"": ""NIFTY_PSU_BANK"", ""ltp"": 8629.65, ""return_pct"": -0.459657419689721, ""rs_vs_nifty"": -0.459657419689721}, {""sector"": ""NIFTY_FMCG"", ""ltp"": 47007.4, ""return_pct"": -0.5195448321690309, ""rs_vs_nifty"": -0.5195448321690309}, {""sector"": ""NIFTY_MEDIA"", ""ltp"": 1601.1, ""return_pct"": -0.6145251396648101, ""rs_vs_nifty"": -0.6145251396648101}]"
2026-08-27 10:42:31,NORMAL,24179.6,,0,24214.085874980723,,,False,True,[],"[[""NIFTY_MEDIA"", -0.6238361266294199, -0.6238361266294199]]","[{""sector"": ""NIFTY_PHARMA"", ""ltp"": 26738.35, ""return_pct"": 0.420824523121873, ""rs_vs_nifty"": 0.420824523121873}, {""sector"": ""NIFTY_HEALTHCARE"", ""ltp"": 16649.85, ""return_pct"": 0.3810293217738186, ""rs_vs_nifty"": 0.3810293217738186}, {""sector"": ""NIFTY_REALTY"", ""ltp"": 913.3, ""return_pct"": 0.3460967972312231, ""rs_vs_nifty"": 0.3460967972312231}, {""sector"": ""NIFTY_FIN_SERVICE"", ""ltp"": 26386.05, ""return_pct"": -0.002652846599148162, ""rs_vs_nifty"": -0.002652846599148162}, {""sector"": ""NIFTY_BANK"", ""ltp"": 57776.1, ""return_pct"": -0.013239016159389891, ""rs_vs_nifty"": -0.013239016159389891}, {""sector"": ""NIFTY_ENERGY"", ""ltp"": 38082.2, ""return_pct"": -0.04645681484729452, ""rs_vs_nifty"": -0.04645681484729452}, {""sector"": ""NIFTY_METAL"", ""ltp"": 13517.7, ""return_pct"": -0.17723033297148807, ""rs_vs_nifty"": -0.17723033297148807}, {""sector"": ""NIFTY_INFRA"", ""ltp"": 9269.25, ""return_pct"": -0.21100566808593488, ""rs_vs_nifty"": -0.21100566808593488}, {""sector"": ""NIFTY_AUTO"", ""ltp"": 28914.25, ""return_pct"": -0.29620536445501644, ""rs_vs_nifty"": -0.29620536445501644}, {""sector"": ""NIFTY_IT"", ""ltp"": 30227.15, ""return_pct"": -0.3024521048786385, ""rs_vs_nifty"": -0.3024521048786385}, {""sector"": ""NIFTY_PSU_BANK"", ""ltp"": 8628.7, ""return_pct"": -0.47061537574253737, ""rs_vs_nifty"": -0.47061537574253737}, {""sector"": ""NIFTY_FMCG"", ""ltp"": 47021.8, ""return_pct"": -0.4890705120743881, ""rs_vs_nifty"": -0.4890705120743881}, {""sector"": ""NIFTY_MEDIA"", ""ltp"": 1600.95, ""return_pct"": -0.6238361266294199, ""rs_vs_nifty"": -0.6238361266294199}]"
2026-08-27 10:44:08,NORMAL,24176.65,,0,24213.612831568516,,,False,True,[],"[[""NIFTY_MEDIA"", -0.6921166977032955, -0.6921166977032955], [""NIFTY_FMCG"", -0.5540400694983861, -0.5540400694983861]]","[{""sector"": ""NIFTY_PHARMA"", ""ltp"": 26729.3, ""return_pct"": 0.38683557234764127, ""rs_vs_nifty"": 0.38683557234764127}, {""sector"": ""NIFTY_HEALTHCARE"", ""ltp"": 16644.05, ""return_pct"": 0.34606144097812286, ""rs_vs_nifty"": 0.34606144097812286}, {""sector"": ""NIFTY_REALTY"", ""ltp"": 912.65, ""return_pct"": 0.27467999780256, ""rs_vs_nifty"": 0.27467999780256}, {""sector"": ""NIFTY_FIN_SERVICE"", ""ltp"": 26388.9, ""return_pct"": 0.008148028840237829, ""rs_vs_nifty"": 0.008148028840237829}, {""sector"": ""NIFTY_BANK"", ""ltp"": 57781.95, ""return_pct"": -0.003115062625743242, ""rs_vs_nifty"": -0.003115062625743242}, {""sector"": ""NIFTY_ENERGY"", ""ltp"": 38071.6, ""return_pct"": -0.07427841017956191, ""rs_vs_nifty"": -0.07427841017956191}, {""sector"": ""NIFTY_METAL"", ""ltp"": 13515.6, ""return_pct"": -0.19273798710649595, ""rs_vs_nifty"": -0.19273798710649595}, {""sector"": ""NIFTY_INFRA"", ""ltp"": 9268.75, ""return_pct"": -0.21638846574118822, ""rs_vs_nifty"": -0.21638846574118822}, {""sector"": ""NIFTY_IT"", ""ltp"": 30218.55, ""return_pct"": -0.33081729683018746, ""rs_vs_nifty"": -0.33081729683018746}, {""sector"": ""NIFTY_AUTO"", ""ltp"": 28887.1, ""return_pct"": -0.3898255698677521, ""rs_vs_nifty"": -0.3898255698677521}, {""sector"": ""NIFTY_PSU_BANK"", ""ltp"": 8630.25, ""return_pct"": -0.4527366053405617, ""rs_vs_nifty"": -0.4527366053405617}, {""sector"": ""NIFTY_FMCG"", ""ltp"": 46991.1, ""return_pct"": -0.5540400694983861, ""rs_vs_nifty"": -0.5540400694983861}, {""sector"": ""NIFTY_MEDIA"", ""ltp"": 1599.85, ""return_pct"": -0.6921166977032955, ""rs_vs_nifty"": -0.6921166977032955}]"
2026-08-27 10:46:01,NORMAL,24169.25,,0,24213.121727200585,,,False,True,[],"[[""NIFTY_MEDIA"", -0.6921166977032955, -0.6921166977032955], [""NIFTY_FMCG"", -0.5688539750999472, -0.5688539750999472], [""NIFTY_PSU_BANK"", -0.5115635273083842, -0.5115635273083842]]","[{""sector"": ""NIFTY_PHARMA"", ""ltp"": 26725.45, ""return_pct"": 0.37237618444921544, ""rs_vs_nifty"": 0.37237618444921544}, {""sector"": ""NIFTY_HEALTHCARE"", ""ltp"": 16643.9, ""return_pct"": 0.34515709923341964, ""rs_vs_nifty"": 0.34515709923341964}, {""sector"": ""NIFTY_REALTY"", ""ltp"": 912.05, ""return_pct"": 0.20875679832994312, ""rs_vs_nifty"": 0.20875679832994312}, {""sector"": ""NIFTY_FIN_SERVICE"", ""ltp"": 26380.0, ""return_pct"": -0.025581020777473543, ""rs_vs_nifty"": -0.025581020777473543}, {""sector"": ""NIFTY_BANK"", ""ltp"": 57759.55, ""return_pct"": -0.0418802864126975, ""rs_vs_nifty"": -0.0418802864126975}, {""sector"": ""NIFTY_ENERGY"", ""ltp"": 38081.75, ""return_pct"": -0.04763792030950594, ""rs_vs_nifty"": -0.04763792030950594}, {""sector"": ""NIFTY_METAL"", ""ltp"": 13512.55, ""return_pct"": -0.21526100858829728, ""rs_vs_nifty"": -0.21526100858829728}, {""sector"": ""NIFTY_INFRA"", ""ltp"": 9266.85, ""return_pct"": -0.236843096831147, ""rs_vs_nifty"": -0.236843096831147}, {""sector"": ""NIFTY_IT"", ""ltp"": 30195.85, ""return_pct"": -0.40568821046972436, ""rs_vs_nifty"": -0.40568821046972436}, {""sector"": ""NIFTY_AUTO"", ""ltp"": 28866.9, ""return_pct"": -0.45948038199802416, ""rs_vs_nifty"": -0.45948038199802416}, {""sector"": ""NIFTY_PSU_BANK"", ""ltp"": 8625.15, ""return_pct"": -0.5115635273083842, ""rs_vs_nifty"": -0.5115635273083842}, {""sector"": ""NIFTY_FMCG"", ""ltp"": 46984.1, ""return_pct"": -0.5688539750999472, ""rs_vs_nifty"": -0.5688539750999472}, {""sector"": ""NIFTY_MEDIA"", ""ltp"": 1599.85, ""return_pct"": -0.6921166977032955, ""rs_vs_nifty"": -0.6921166977032955}]"
2026-08-27 10:47:39,NORMAL,24176.15,,0,24212.809027024694,,,False,True,[],"[[""NIFTY_MEDIA"", -0.6828057107386716, -0.6828057107386716], [""NIFTY_FMCG"", -0.5578493595102069, -0.5578493595102069]]","[{""sector"": ""NIFTY_PHARMA"", ""ltp"": 26734.8, ""return_pct"": 0.40749184077397166, ""rs_vs_nifty"": 0.40749184077397166}, {""sector"": ""NIFTY_HEALTHCARE"", ""ltp"": 16651.4, ""return_pct"": 0.39037418646923877, ""rs_vs_nifty"": 0.39037418646923877}, {""sector"": ""NIFTY_REALTY"", ""ltp"": 912.1, ""return_pct"": 0.21425039828600181, ""rs_vs_nifty"": 0.21425039828600181}, {""sector"": ""NIFTY_ENERGY"", ""ltp"": 38102.4, ""return_pct"": 0.006561697012328116, ""rs_vs_nifty"": 0.006561697012328116}, {""sector"": ""NIFTY_FIN_SERVICE"", ""ltp"": 26383.65, ""return_pct"": -0.011748320653352705, ""rs_vs_nifty"": -0.011748320653352705}, {""sector"": ""NIFTY_BANK"", ""ltp"": 57756.55, ""return_pct"": -0.0470720574555945, ""rs_vs_nifty"": -0.0470720574555945}, {""sector"": ""NIFTY_METAL"", ""ltp"": 13521.05, ""return_pct"": -0.15249193232756195, ""rs_vs_nifty"": -0.15249193232756195}, {""sector"": ""NIFTY_INFRA"", ""ltp"": 9269.0, ""return_pct"": -0.21369706691356155, ""rs_vs_nifty"": -0.21369706691356155}, {""sector"": ""NIFTY_IT"", ""ltp"": 30239.65, ""return_pct"": -0.26122362820488604, ""rs_vs_nifty"": -0.26122362820488604}, {""sector"": ""NIFTY_AUTO"", ""ltp"": 28862.85, ""return_pct"": -0.4734458270043531, ""rs_vs_nifty"": -0.4734458270043531}, {""sector"": ""NIFTY_PSU_BANK"", ""ltp"": 8626.5, ""return_pct"": -0.49599169502278107, ""rs_vs_nifty"": -0.49599169502278107}, {""sector"": ""NIFTY_FMCG"", ""ltp"": 46989.3, ""return_pct"": -0.5578493595102069, ""rs_vs_nifty"": -0.5578493595102069}, {""sector"": ""NIFTY_MEDIA"", ""ltp"": 1600.0, ""return_pct"": -0.6828057107386716, ""rs_vs_nifty"": -0.6828057107386716}]"
2026-08-27 10:49:34,NORMAL,24172.0,,0,24212.443928577057,,,False,True,[],"[[""NIFTY_MEDIA"", -0.5648665425201682, -0.5648665425201682], [""NIFTY_FMCG"", -0.5224017996779002, -0.5224017996779002]]","[{""sector"": ""NIFTY_PHARMA"", ""ltp"": 26740.5, ""return_pct"": 0.4288992462339895, ""rs_vs_nifty"": 0.4288992462339895}, {""sector"": ""NIFTY_HEALTHCARE"", ""ltp"": 16651.95, ""return_pct"": 0.39369010619986117, ""rs_vs_nifty"": 0.39369010619986117}, {""sector"": ""NIFTY_REALTY"", ""ltp"": 911.65, ""return_pct"": 0.164807998681536, ""rs_vs_nifty"": 0.164807998681536}, {""sector"": ""NIFTY_ENERGY"", ""ltp"": 38112.75, ""return_pct"": 0.0337271226433627, ""rs_vs_nifty"": 0.0337271226433627}, {""sector"": ""NIFTY_FIN_SERVICE"", ""ltp"": 26379.85, ""return_pct"": -0.02614948790586736, ""rs_vs_nifty"": -0.02614948790586736}, {""sector"": ""NIFTY_BANK"", ""ltp"": 57754.7, ""return_pct"": -0.05027364959872441, ""rs_vs_nifty"": -0.05027364959872441}, {""sector"": ""NIFTY_METAL"", ""ltp"": 13514.35, ""return_pct"": -0.20196873361542764, ""rs_vs_nifty"": -0.20196873361542764}, {""sector"": ""NIFTY_INFRA"", ""ltp"": 9267.5, ""return_pct"": -0.22984545987932156, ""rs_vs_nifty"": -0.22984545987932156}, {""sector"": ""NIFTY_IT"", ""ltp"": 30227.65, ""return_pct"": -0.3008029658116884, ""rs_vs_nifty"": -0.3008029658116884}, {""sector"": ""NIFTY_AUTO"", ""ltp"": 28860.95, ""return_pct"": -0.47999751725422357, ""rs_vs_nifty"": -0.47999751725422357}, {""sector"": ""NIFTY_PSU_BANK"", ""ltp"": 8626.6, ""return_pct"": -0.4948382259645843, ""rs_vs_nifty"": -0.4948382259645843}, {""sector"": ""NIFTY_FMCG"", ""ltp"": 47006.05, ""return_pct"": -0.5224017996779002, ""rs_vs_nifty"": -0.5224017996779002}, {""sector"": ""NIFTY_MEDIA"", ""ltp"": 1601.9, ""return_pct"": -0.5648665425201682, ""rs_vs_nifty"": -0.5648665425201682}]"
2026-08-27 10:51:15,NORMAL,24168.1,,0,24211.840949431516,,,False,True,[],"[[""NIFTY_PSU_BANK"", -0.5894226887363788, -0.5894226887363788], [""NIFTY_MEDIA"", -0.5369335816263248, -0.5369335816263248], [""NIFTY_FMCG"", -0.5166878646601615, -0.5166878646601615]]","[{""sector"": ""NIFTY_PHARMA"", ""ltp"": 26734.95, ""return_pct"": 0.40805519354924064, ""rs_vs_nifty"": 0.40805519354924064}, {""sector"": ""NIFTY_HEALTHCARE"", ""ltp"": 16649.4, ""return_pct"": 0.378316296539687, ""rs_vs_nifty"": 0.378316296539687}, {""sector"": ""NIFTY_REALTY"", ""ltp"": 911.05, ""return_pct"": 0.09888479920891911, ""rs_vs_nifty"": 0.09888479920891911}, {""sector"": ""NIFTY_ENERGY"", ""ltp"": 38100.5, ""return_pct"": 0.0015748072829549285, ""rs_vs_nifty"": 0.0015748072829549285}, {""sector"": ""NIFTY_FIN_SERVICE"", ""ltp"": 26362.45, ""return_pct"": -0.092091674798902, ""rs_vs_nifty"": -0.092091674798902}, {""sector"": ""NIFTY_BANK"", ""ltp"": 57720.1, ""return_pct"": -0.11015207562680071, ""rs_vs_nifty"": -0.11015207562680071}, {""sector"": ""NIFTY_IT"", ""ltp"": 30240.35, ""return_pct"": -0.2589148335111655, ""rs_vs_nifty"": -0.2589148335111655}, {""sector"": ""NIFTY_INFRA"", ""ltp"": 9264.5, ""return_pct"": -0.2621422458108416, ""rs_vs_nifty"": -0.2621422458108416}, {""sector"": ""NIFTY_METAL"", ""ltp"": 13505.25, ""return_pct"": -0.2691685682004529, ""rs_vs_nifty"": -0.2691685682004529}, {""sector"": ""NIFTY_AUTO"", ""ltp"": 28852.65, ""return_pct"": -0.5086180588721093, ""rs_vs_nifty"": -0.5086180588721093}, {""sector"": ""NIFTY_FMCG"", ""ltp"": 47008.75, ""return_pct"": -0.5166878646601615, ""rs_vs_nifty"": -0.5166878646601615}, {""sector"": ""NIFTY_MEDIA"", ""ltp"": 1602.35, ""return_pct"": -0.5369335816263248, ""rs_vs_nifty"": -0.5369335816263248}, {""sector"": ""NIFTY_PSU_BANK"", ""ltp"": 8618.4, ""return_pct"": -0.5894226887363788, ""rs_vs_nifty"": -0.5894226887363788}]"
2026-08-27 10:53:10,NORMAL,24161.65,,0,24210.855570382653,,,False,True,[],"[[""NIFTY_PSU_BANK"", -0.5034892439010281, -0.5034892439010281]]","[{""sector"": ""NIFTY_PHARMA"", ""ltp"": 26728.9, ""return_pct"": 0.38533329828027996, ""rs_vs_nifty"": 0.38533329828027996}, {""sector"": ""NIFTY_HEALTHCARE"", ""ltp"": 16645.05, ""return_pct"": 0.3520903859428987, ""rs_vs_nifty"": 0.3520903859428987}, {""sector"": ""NIFTY_REALTY"", ""ltp"": 911.35, ""return_pct"": 0.1318463989452338, ""rs_vs_nifty"": 0.1318463989452338}, {""sector"": ""NIFTY_ENERGY"", ""ltp"": 38117.9, ""return_pct"": 0.04724421848876244, ""rs_vs_nifty"": 0.04724421848876244}, {""sector"": ""NIFTY_BANK"", ""ltp"": 57722.8, ""return_pct"": -0.10547948168818586, ""rs_vs_nifty"": -0.10547948168818586}, {""sector"": ""NIFTY_FIN_SERVICE"", ""ltp"": 26353.4, ""return_pct"": -0.1263891915449934, ""rs_vs_nifty"": -0.1263891915449934}, {""sector"": ""NIFTY_IT"", ""ltp"": 30243.5, ""return_pct"": -0.2485252573893751, ""rs_vs_nifty"": -0.2485252573893751}, {""sector"": ""NIFTY_INFRA"", ""ltp"": 9265.05, ""return_pct"": -0.25622116839007075, ""rs_vs_nifty"": -0.25622116839007075}, {""sector"": ""NIFTY_METAL"", ""ltp"": 13500.45, ""return_pct"": -0.3046146347947451, ""rs_vs_nifty"": -0.3046146347947451}, {""sector"": ""NIFTY_MEDIA"", ""ltp"": 1603.35, ""return_pct"": -0.4748603351955364, ""rs_vs_nifty"": -0.4748603351955364}, {""sector"": ""NIFTY_FMCG"", ""ltp"": 47024.55, ""return_pct"": -0.4832507634452034, ""rs_vs_nifty"": -0.4832507634452034}, {""sector"": ""NIFTY_AUTO"", ""ltp"": 28856.25, ""return_pct"": -0.49620432997760855, ""rs_vs_nifty"": -0.49620432997760855}, {""sector"": ""NIFTY_PSU_BANK"", ""ltp"": 8625.85, ""return_pct"": -0.5034892439010281, ""rs_vs_nifty"": -0.5034892439010281}]"
2026-08-27 10:54:50,NORMAL,24161.95,,0,24210.334549847237,,,False,True,[],"[[""NIFTY_PSU_BANK"", -0.5254051560066818, -0.5254051560066818], [""NIFTY_MEDIA"", -0.5090006207324671, -0.5090006207324671], [""NIFTY_AUTO"", -0.5084456459707991, -0.5084456459707991]]","[{""sector"": ""NIFTY_PHARMA"", ""ltp"": 26704.6, ""return_pct"": 0.2940701486875731, ""rs_vs_nifty"": 0.2940701486875731}, {""sector"": ""NIFTY_HEALTHCARE"", ""ltp"": 16628.25, ""return_pct"": 0.25080411053466817, ""rs_vs_nifty"": 0.25080411053466817}, {""sector"": ""NIFTY_ENERGY"", ""ltp"": 38117.6, ""return_pct"": 0.04645681484727542, ""rs_vs_nifty"": 0.04645681484727542}, {""sector"": ""NIFTY_REALTY"", ""ltp"": 910.55, ""return_pct"": 0.0439487996484071, ""rs_vs_nifty"": 0.0439487996484071}, {""sector"": ""NIFTY_BANK"", ""ltp"": 57722.15, ""return_pct"": -0.10660436541414939, ""rs_vs_nifty"": -0.10660436541414939}, {""sector"": ""NIFTY_FIN_SERVICE"", ""ltp"": 26356.85, ""return_pct"": -0.11331444759207351, ""rs_vs_nifty"": -0.11331444759207351}, {""sector"": ""NIFTY_IT"", ""ltp"": 30243.3, ""return_pct"": -0.2491849130161575, ""rs_vs_nifty"": -0.2491849130161575}, {""sector"": ""NIFTY_INFRA"", ""ltp"": 9265.4, ""return_pct"": -0.25245321003138954, ""rs_vs_nifty"": -0.25245321003138954}, {""sector"": ""NIFTY_METAL"", ""ltp"": 13495.3, ""return_pct"": -0.3426453104115543, ""rs_vs_nifty"": -0.3426453104115543}, {""sector"": ""NIFTY_FMCG"", ""ltp"": 47025.45, ""return_pct"": -0.48134611843930075, ""rs_vs_nifty"": -0.48134611843930075}, {""sector"": ""NIFTY_AUTO"", ""ltp"": 28852.7, ""return_pct"": -0.5084456459707991, ""rs_vs_nifty"": -0.5084456459707991}, {""sector"": ""NIFTY_MEDIA"", ""ltp"": 1602.8, ""return_pct"": -0.5090006207324671, ""rs_vs_nifty"": -0.5090006207324671}, {""sector"": ""NIFTY_PSU_BANK"", ""ltp"": 8623.95, ""return_pct"": -0.5254051560066818, ""rs_vs_nifty"": -0.5254051560066818}]"
2026-08-27 10:56:43,NORMAL,24157.75,,0,24209.629044411224,,,False,True,[],"[[""NIFTY_PSU_BANK"", -0.5282888286521631, -0.5282888286521631], [""NIFTY_MEDIA"", -0.5058969584109305, -0.5058969584109305], [""NIFTY_FMCG"", -0.5007100093327574, -0.5007100093327574]]","[{""sector"": ""NIFTY_PHARMA"", ""ltp"": 26704.6, ""return_pct"": 0.2940701486875731, ""rs_vs_nifty"": 0.2940701486875731}, {""sector"": ""NIFTY_HEALTHCARE"", ""ltp"": 16628.75, ""return_pct"": 0.2538185830170561, ""rs_vs_nifty"": 0.2538185830170561}, {""sector"": ""NIFTY_REALTY"", ""ltp"": 910.55, ""return_pct"": 0.0439487996484071, ""rs_vs_nifty"": 0.0439487996484071}, {""sector"": ""NIFTY_ENERGY"", ""ltp"": 38106.55, ""return_pct"": 0.01745411405279661, ""rs_vs_nifty"": 0.01745411405279661}, {""sector"": ""NIFTY_BANK"", ""ltp"": 57710.8, ""return_pct"": -0.12624656585977387, ""rs_vs_nifty"": -0.12624656585977387}, {""sector"": ""NIFTY_FIN_SERVICE"", ""ltp"": 26348.85, ""return_pct"": -0.14363269443944954, ""rs_vs_nifty"": -0.14363269443944954}, {""sector"": ""NIFTY_IT"", ""ltp"": 30256.45, ""return_pct"": -0.20581255555536512, ""rs_vs_nifty"": -0.20581255555536512}, {""sector"": ""NIFTY_INFRA"", ""ltp"": 9260.9, ""return_pct"": -0.3008983889286696, ""rs_vs_nifty"": -0.3008983889286696}, {""sector"": ""NIFTY_METAL"", ""ltp"": 13496.5, ""return_pct"": -0.33378379376297457, ""rs_vs_nifty"": -0.33378379376297457}, {""sector"": ""NIFTY_AUTO"", ""ltp"": 28860.15, ""return_pct"": -0.4827561236752223, ""rs_vs_nifty"": -0.4827561236752223}, {""sector"": ""NIFTY_FMCG"", ""ltp"": 47016.3, ""return_pct"": -0.5007100093327574, ""rs_vs_nifty"": -0.5007100093327574}, {""sector"": ""NIFTY_MEDIA"", ""ltp"": 1602.85, ""return_pct"": -0.5058969584109305, ""rs_vs_nifty"": -0.5058969584109305}, {""sector"": ""NIFTY_PSU_BANK"", ""ltp"": 8623.7, ""return_pct"": -0.5282888286521631, ""rs_vs_nifty"": -0.5282888286521631}]"
2026-08-27 10:58:24,NORMAL,24158.5,,0,24209.048111348595,,,False,True,[],"[[""NIFTY_FMCG"", -0.5142541515970448, -0.5142541515970448], [""NIFTY_PSU_BANK"", -0.5075263856047061, -0.5075263856047061]]","[{""sector"": ""NIFTY_PHARMA"", ""ltp"": 26701.5, ""return_pct"": 0.2824275246654651, ""rs_vs_nifty"": 0.2824275246654651}, {""sector"": ""NIFTY_HEALTHCARE"", ""ltp"": 16626.7, ""return_pct"": 0.24145924583926995, ""rs_vs_nifty"": 0.24145924583926995}, {""sector"": ""NIFTY_REALTY"", ""ltp"": 910.25, ""return_pct"": 0.010987199912104898, ""rs_vs_nifty"": 0.010987199912104898}, {""sector"": ""NIFTY_ENERGY"", ""ltp"": 38096.0, ""return_pct"": -0.01023624733923568, ""rs_vs_nifty"": -0.01023624733923568}, {""sector"": ""NIFTY_BANK"", ""ltp"": 57723.4, ""return_pct"": -0.10444112747960896, ""rs_vs_nifty"": -0.10444112747960896}, {""sector"": ""NIFTY_FIN_SERVICE"", ""ltp"": 26355.25, ""return_pct"": -0.1193780969615432, ""rs_vs_nifty"": -0.1193780969615432}, {""sector"": ""NIFTY_IT"", ""ltp"": 30268.25, ""return_pct"": -0.16689287357534519, ""rs_vs_nifty"": -0.16689287357534519}, {""sector"": ""NIFTY_METAL"", ""ltp"": 13498.9, ""return_pct"": -0.3160607604658284, ""rs_vs_nifty"": -0.3160607604658284}, {""sector"": ""NIFTY_INFRA"", ""ltp"": 9257.15, ""return_pct"": -0.34126937134306967, ""rs_vs_nifty"": -0.34126937134306967}, {""sector"": ""NIFTY_MEDIA"", ""ltp"": 1603.05, ""return_pct"": -0.4934823091247701, ""rs_vs_nifty"": -0.4934823091247701}, {""sector"": ""NIFTY_AUTO"", ""ltp"": 28856.65, ""return_pct"": -0.4948250267671029, ""rs_vs_nifty"": -0.4948250267671029}, {""sector"": ""NIFTY_PSU_BANK"", ""ltp"": 8625.5, ""return_pct"": -0.5075263856047061, ""rs_vs_nifty"": -0.5075263856047061}, {""sector"": ""NIFTY_FMCG"", ""ltp"": 47009.9, ""return_pct"": -0.5142541515970448, ""rs_vs_nifty"": -0.5142541515970448}]"
2026-08-27 11:00:17,NORMAL,24158.15,,0,24208.608880406966,,,False,True,[],"[[""NIFTY_MEDIA"", -0.5245189323401642, -0.5245189323401642], [""NIFTY_AUTO"", -0.5124111427009935, -0.5124111427009935]]","[{""sector"": ""NIFTY_PHARMA"", ""ltp"": 26719.25, ""return_pct"": 0.3490909364049858, ""rs_vs_nifty"": 0.3490909364049858}, {""sector"": ""NIFTY_HEALTHCARE"", ""ltp"": 16644.3, ""return_pct"": 0.34756867721931684, ""rs_vs_nifty"": 0.34756867721931684}, {""sector"": ""NIFTY_ENERGY"", ""ltp"": 38096.05, ""return_pct"": -0.01010501339898148, ""rs_vs_nifty"": -0.01010501339898148}, {""sector"": ""NIFTY_REALTY"", ""ltp"": 910.0, ""return_pct"": -0.0164807998681511, ""rs_vs_nifty"": -0.0164807998681511}, {""sector"": ""NIFTY_BANK"", ""ltp"": 57724.9, ""return_pct"": -0.10184524195816047, ""rs_vs_nifty"": -0.10184524195816047}, {""sector"": ""NIFTY_FIN_SERVICE"", ""ltp"": 26353.6, ""return_pct"": -0.12563123537382004, ""rs_vs_nifty"": -0.12563123537382004}, {""sector"": ""NIFTY_IT"", ""ltp"": 30259.45, ""return_pct"": -0.19591772115366451, ""rs_vs_nifty"": -0.19591772115366451}, {""sector"": ""NIFTY_METAL"", ""ltp"": 13502.75, ""return_pct"": -0.2876300612183162, ""rs_vs_nifty"": -0.2876300612183162}, {""sector"": ""NIFTY_INFRA"", ""ltp"": 9257.5, ""return_pct"": -0.3375014129843884, ""rs_vs_nifty"": -0.3375014129843884}, {""sector"": ""NIFTY_FMCG"", ""ltp"": 47025.3, ""return_pct"": -0.4816635592736076, ""rs_vs_nifty"": -0.4816635592736076}, {""sector"": ""NIFTY_PSU_BANK"", ""ltp"": 8627.6, ""return_pct"": -0.48330353538265913, ""rs_vs_nifty"": -0.48330353538265913}, {""sector"": ""NIFTY_AUTO"", ""ltp"": 28851.55, ""return_pct"": -0.5124111427009935, ""rs_vs_nifty"": -0.5124111427009935}, {""sector"": ""NIFTY_MEDIA"", ""ltp"": 1602.55, ""return_pct"": -0.5245189323401642, ""rs_vs_nifty"": -0.5245189323401642}]"
2026-08-27 11:01:58,NORMAL,24149.95,,0,24207.972233487337,,,False,True,[],"[[""NIFTY_MEDIA"", -0.5400372439478612, -0.5400372439478612]]","[{""sector"": ""NIFTY_PHARMA"", ""ltp"": 26718.05, ""return_pct"": 0.3445841142028746, ""rs_vs_nifty"": 0.3445841142028746}, {""sector"": ""NIFTY_HEALTHCARE"", ""ltp"": 16641.05, ""return_pct"": 0.3279746060837952, ""rs_vs_nifty"": 0.3279746060837952}, {""sector"": ""NIFTY_REALTY"", ""ltp"": 910.35, ""return_pct"": 0.021974399824209796, ""rs_vs_nifty"": 0.021974399824209796}, {""sector"": ""NIFTY_ENERGY"", ""ltp"": 38098.15, ""return_pct"": -0.004593187908629681, ""rs_vs_nifty"": -0.004593187908629681}, {""sector"": ""NIFTY_BANK"", ""ltp"": 57716.7, ""return_pct"": -0.11603608280875317, ""rs_vs_nifty"": -0.11603608280875317}, {""sector"": ""NIFTY_FIN_SERVICE"", ""ltp"": 26345.5, ""return_pct"": -0.15632846030678274, ""rs_vs_nifty"": -0.15632846030678274}, {""sector"": ""NIFTY_IT"", ""ltp"": 30246.65, ""return_pct"": -0.23813568126758466, ""rs_vs_nifty"": -0.23813568126758466}, {""sector"": ""NIFTY_METAL"", ""ltp"": 13506.7, ""return_pct"": -0.2584609022500867, ""rs_vs_nifty"": -0.2584609022500867}, {""sector"": ""NIFTY_INFRA"", ""ltp"": 9255.0, ""return_pct"": -0.3644154012606551, ""rs_vs_nifty"": -0.3644154012606551}, {""sector"": ""NIFTY_FMCG"", ""ltp"": 47035.1, ""return_pct"": -0.4609240914314315, ""rs_vs_nifty"": -0.4609240914314315}, {""sector"": ""NIFTY_PSU_BANK"", ""ltp"": 8628.75, ""return_pct"": -0.4700386412134495, ""rs_vs_nifty"": -0.4700386412134495}, {""sector"": ""NIFTY_AUTO"", ""ltp"": 28862.35, ""return_pct"": -0.4751699560174789, ""rs_vs_nifty"": -0.4751699560174789}, {""sector"": ""NIFTY_MEDIA"", ""ltp"": 1602.3, ""return_pct"": -0.5400372439478612, ""rs_vs_nifty"": -0.5400372439478612}]"
2026-08-27 11:03:56,NORMAL,24161.75,,0,24207.30292987039,,,False,True,[],"[[""NIFTY_MEDIA"", -0.5214152700186275, -0.5214152700186275]]","[{""sector"": ""NIFTY_PHARMA"", ""ltp"": 26710.2, ""return_pct"": 0.31510198563075403, ""rs_vs_nifty"": 0.31510198563075403}, {""sector"": ""NIFTY_HEALTHCARE"", ""ltp"": 16637.3, ""return_pct"": 0.3053660624658856, ""rs_vs_nifty"": 0.3053660624658856}, {""sector"": ""NIFTY_ENERGY"", ""ltp"": 38127.65, ""return_pct"": 0.0728348368368421, ""rs_vs_nifty"": 0.0728348368368421}, {""sector"": ""NIFTY_REALTY"", ""ltp"": 910.45, ""return_pct"": 0.0329615997363147, ""rs_vs_nifty"": 0.0329615997363147}, {""sector"": ""NIFTY_BANK"", ""ltp"": 57737.1, ""return_pct"": -0.080732039717051, ""rs_vs_nifty"": -0.080732039717051}, {""sector"": ""NIFTY_FIN_SERVICE"", ""ltp"": 26361.7, ""return_pct"": -0.0949340104408435, ""rs_vs_nifty"": -0.0949340104408435}, {""sector"": ""NIFTY_IT"", ""ltp"": 30265.2, ""return_pct"": -0.1769526218837384, ""rs_vs_nifty"": -0.1769526218837384}, {""sector"": ""NIFTY_METAL"", ""ltp"": 13516.2, ""return_pct"": -0.18830722878220607, ""rs_vs_nifty"": -0.18830722878220607}, {""sector"": ""NIFTY_INFRA"", ""ltp"": 9258.0, ""return_pct"": -0.33211861532913506, ""rs_vs_nifty"": -0.33211861532913506}, {""sector"": ""NIFTY_PSU_BANK"", ""ltp"": 8631.95, ""return_pct"": -0.43312763135128063, ""rs_vs_nifty"": -0.43312763135128063}, {""sector"": ""NIFTY_AUTO"", ""ltp"": 28863.15, ""return_pct"": -0.4724113495964676, ""rs_vs_nifty"": -0.4724113495964676}, {""sector"": ""NIFTY_FMCG"", ""ltp"": 47017.95, ""return_pct"": -0.497218160155259, ""rs_vs_nifty"": -0.497218160155259}, {""sector"": ""NIFTY_MEDIA"", ""ltp"": 1602.6, ""return_pct"": -0.5214152700186275, ""rs_vs_nifty"": -0.5214152700186275}]"
2026-08-27 11:05:36,NORMAL,24165.85,,0,24206.98954738317,,,False,True,[],"[[""NIFTY_MEDIA"", -0.5586592178770949, -0.5586592178770949]]","[{""sector"": ""NIFTY_PHARMA"", ""ltp"": 26710.5, ""return_pct"": 0.3162286911812784, ""rs_vs_nifty"": 0.3162286911812784}, {""sector"": ""NIFTY_HEALTHCARE"", ""ltp"": 16637.1, ""return_pct"": 0.304160273472926, ""rs_vs_nifty"": 0.304160273472926}, {""sector"": ""NIFTY_ENERGY"", ""ltp"": 38127.4, ""return_pct"": 0.07217866713560928, ""rs_vs_nifty"": 0.07217866713560928}, {""sector"": ""NIFTY_REALTY"", ""ltp"": 910.75, ""return_pct"": 0.0659231994726169, ""rs_vs_nifty"": 0.0659231994726169}, {""sector"": ""NIFTY_BANK"", ""ltp"": 57748.6, ""return_pct"": -0.06083025071927914, ""rs_vs_nifty"": -0.06083025071927914}, {""sector"": ""NIFTY_FIN_SERVICE"", ""ltp"": 26365.6, ""return_pct"": -0.08015386510275595, ""rs_vs_nifty"": -0.08015386510275595}, {""sector"": ""NIFTY_IT"", ""ltp"": 30281.9, ""return_pct"": -0.12187137704760269, ""rs_vs_nifty"": -0.12187137704760269}, {""sector"": ""NIFTY_METAL"", ""ltp"": 13515.55, ""return_pct"": -0.19310721696686128, ""rs_vs_nifty"": -0.19310721696686128}, {""sector"": ""NIFTY_INFRA"", ""ltp"": 9259.15, ""return_pct"": -0.3197381807220563, ""rs_vs_nifty"": -0.3197381807220563}, {""sector"": ""NIFTY_PSU_BANK"", ""ltp"": 8632.9, ""return_pct"": -0.4221696752984643, ""rs_vs_nifty"": -0.4221696752984643}, {""sector"": ""NIFTY_FMCG"", ""ltp"": 47033.7, ""return_pct"": -0.4638868725517468, ""rs_vs_nifty"": -0.4638868725517468}, {""sector"": ""NIFTY_AUTO"", ""ltp"": 28863.8, ""return_pct"": -0.4701699818794116, ""rs_vs_nifty"": -0.4701699818794116}, {""sector"": ""NIFTY_MEDIA"", ""ltp"": 1602.0, ""return_pct"": -0.5586592178770949, ""rs_vs_nifty"": -0.5586592178770949}]"
2026-08-27 11:07:33,NORMAL,24164.2,,0,24206.38343018188,,,False,True,[],"[[""NIFTY_MEDIA"", -0.5741775294847921, -0.5741775294847921]]","[{""sector"": ""NIFTY_PHARMA"", ""ltp"": 26705.1, ""return_pct"": 0.29594799127178495, ""rs_vs_nifty"": 0.29594799127178495}, {""sector"": ""NIFTY_HEALTHCARE"", ""ltp"": 16633.95, ""return_pct"": 0.2851690968338952, ""rs_vs_nifty"": 0.2851690968338952}, {""sector"": ""NIFTY_ENERGY"", ""ltp"": 38116.3, ""return_pct"": 0.043044732400876265, ""rs_vs_nifty"": 0.043044732400876265}, {""sector"": ""NIFTY_REALTY"", ""ltp"": 910.45, ""return_pct"": 0.0329615997363147, ""rs_vs_nifty"": 0.0329615997363147}, {""sector"": ""NIFTY_BANK"", ""ltp"": 57755.15, ""return_pct"": -0.0494948839422823, ""rs_vs_nifty"": -0.0494948839422823}, {""sector"": ""NIFTY_FIN_SERVICE"", ""ltp"": 26371.7, ""return_pct"": -0.05703620188162344, ""rs_vs_nifty"": -0.05703620188162344}, {""sector"": ""NIFTY_IT"", ""ltp"": 30283.6, ""return_pct"": -0.11626430421998196, ""rs_vs_nifty"": -0.11626430421998196}, {""sector"": ""NIFTY_METAL"", ""ltp"": 13518.85, ""return_pct"": -0.16873804618327362, ""rs_vs_nifty"": -0.16873804618327362}, {""sector"": ""NIFTY_INFRA"", ""ltp"": 9259.4, ""return_pct"": -0.31704678189442964, ""rs_vs_nifty"": -0.31704678189442964}, {""sector"": ""NIFTY_PSU_BANK"", ""ltp"": 8635.75, ""return_pct"": -0.38929580713997347, ""rs_vs_nifty"": -0.38929580713997347}, {""sector"": ""NIFTY_FMCG"", ""ltp"": 47048.2, ""return_pct"": -0.4332009252342277, ""rs_vs_nifty"": -0.4332009252342277}, {""sector"": ""NIFTY_AUTO"", ""ltp"": 28865.9, ""return_pct"": -0.4629286400242757, ""rs_vs_nifty"": -0.4629286400242757}, {""sector"": ""NIFTY_MEDIA"", ""ltp"": 1601.75, ""return_pct"": -0.5741775294847921, ""rs_vs_nifty"": -0.5741775294847921}]"
2026-08-27 11:09:07,NORMAL,24165.3,,0,24205.642498519363,,,False,True,[],"[[""NIFTY_MEDIA"", -0.6362507759155804, -0.6362507759155804]]","[{""sector"": ""NIFTY_PHARMA"", ""ltp"": 26713.25, ""return_pct"": 0.3265568253944436, ""rs_vs_nifty"": 0.3265568253944436}, {""sector"": ""NIFTY_HEALTHCARE"", ""ltp"": 16639.15, ""return_pct"": 0.31651961065073414, ""rs_vs_nifty"": 0.31651961065073414}, {""sector"": ""NIFTY_ENERGY"", ""ltp"": 38136.5, ""return_pct"": 0.0960632442604798, ""rs_vs_nifty"": 0.0960632442604798}, {""sector"": ""NIFTY_FIN_SERVICE"", ""ltp"": 26375.05, ""return_pct"": -0.04434043601429023, ""rs_vs_nifty"": -0.04434043601429023}, {""sector"": ""NIFTY_BANK"", ""ltp"": 57751.95, ""return_pct"": -0.05503277305471333, ""rs_vs_nifty"": -0.05503277305471333}, {""sector"": ""NIFTY_REALTY"", ""ltp"": 909.55, ""return_pct"": -0.0659231994726169, ""rs_vs_nifty"": -0.0659231994726169}, {""sector"": ""NIFTY_METAL"", ""ltp"": 13528.7, ""return_pct"": -0.09599976369288936, ""rs_vs_nifty"": -0.09599976369288936}, {""sector"": ""NIFTY_IT"", ""ltp"": 30285.7, ""return_pct"": -0.10933792013878435, ""rs_vs_nifty"": -0.10933792013878435}, {""sector"": ""NIFTY_INFRA"", ""ltp"": 9258.1, ""return_pct"": -0.3310420557980805, ""rs_vs_nifty"": -0.3310420557980805}, {""sector"": ""NIFTY_PSU_BANK"", ""ltp"": 8635.45, ""return_pct"": -0.3927562143145426, ""rs_vs_nifty"": -0.3927562143145426}, {""sector"": ""NIFTY_FMCG"", ""ltp"": 47038.4, ""return_pct"": -0.45394039307640377, ""rs_vs_nifty"": -0.45394039307640377}, {""sector"": ""NIFTY_AUTO"", ""ltp"": 28856.5, ""return_pct"": -0.49534226547104565, ""rs_vs_nifty"": -0.49534226547104565}, {""sector"": ""NIFTY_MEDIA"", ""ltp"": 1600.75, ""return_pct"": -0.6362507759155804, ""rs_vs_nifty"": -0.6362507759155804}]"
2026-08-27 11:10:59,NORMAL,24164.8,,0,24205.23388478984,,,False,True,[],"[[""NIFTY_MEDIA"", -0.5959031657355623, -0.5959031657355623], [""NIFTY_AUTO"", -0.5113766652931205, -0.5113766652931205]]","[{""sector"": ""NIFTY_PHARMA"", ""ltp"": 26706.85, ""return_pct"": 0.3025204403165264, ""rs_vs_nifty"": 0.3025204403165264}, {""sector"": ""NIFTY_HEALTHCARE"", ""ltp"": 16634.0, ""return_pct"": 0.2854705440821296, ""rs_vs_nifty"": 0.2854705440821296}, {""sector"": ""NIFTY_ENERGY"", ""ltp"": 38143.25, ""return_pct"": 0.11377982619376571, ""rs_vs_nifty"": 0.11377982619376571}, {""sector"": ""NIFTY_REALTY"", ""ltp"": 910.95, ""return_pct"": 0.0878975992968267, ""rs_vs_nifty"": 0.0878975992968267}, {""sector"": ""NIFTY_FIN_SERVICE"", ""ltp"": 26370.35, ""return_pct"": -0.06215240603712642, ""rs_vs_nifty"": -0.06215240603712642}, {""sector"": ""NIFTY_BANK"", ""ltp"": 57732.5, ""return_pct"": -0.08869275531615722, ""rs_vs_nifty"": -0.08869275531615722}, {""sector"": ""NIFTY_METAL"", ""ltp"": 13529.2, ""return_pct"": -0.0923074650893167, ""rs_vs_nifty"": -0.0923074650893167}, {""sector"": ""NIFTY_IT"", ""ltp"": 30283.45, ""return_pct"": -0.11675904594005979, ""rs_vs_nifty"": -0.11675904594005979}, {""sector"": ""NIFTY_INFRA"", ""ltp"": 9259.6, ""return_pct"": -0.31489366283232045, ""rs_vs_nifty"": -0.31489366283232045}, {""sector"": ""NIFTY_PSU_BANK"", ""ltp"": 8633.0, ""return_pct"": -0.4210162062402676, ""rs_vs_nifty"": -0.4210162062402676}, {""sector"": ""NIFTY_FMCG"", ""ltp"": 47037.1, ""return_pct"": -0.4566915469738426, ""rs_vs_nifty"": -0.4566915469738426}, {""sector"": ""NIFTY_AUTO"", ""ltp"": 28851.85, ""return_pct"": -0.5113766652931205, ""rs_vs_nifty"": -0.5113766652931205}, {""sector"": ""NIFTY_MEDIA"", ""ltp"": 1601.4, ""return_pct"": -0.5959031657355623, ""rs_vs_nifty"": -0.5959031657355623}]"
2026-08-27 11:12:38,NORMAL,24160.75,,0,24204.809302143134,,,False,True,[],"[[""NIFTY_MEDIA"", -0.5493482309124711, -0.5493482309124711], [""NIFTY_AUTO"", -0.5205145490626797, -0.5205145490626797]]","[{""sector"": ""NIFTY_PHARMA"", ""ltp"": 26712.65, ""return_pct"": 0.3243034142933948, ""rs_vs_nifty"": 0.3243034142933948}, {""sector"": ""NIFTY_HEALTHCARE"", ""ltp"": 16636.15, ""return_pct"": 0.2984327757564065, ""rs_vs_nifty"": 0.2984327757564065}, {""sector"": ""NIFTY_ENERGY"", ""ltp"": 38138.7, ""return_pct"": 0.1018375376313209, ""rs_vs_nifty"": 0.1018375376313209}, {""sector"": ""NIFTY_REALTY"", ""ltp"": 910.3, ""return_pct"": 0.0164807998681511, ""rs_vs_nifty"": 0.0164807998681511}, {""sector"": ""NIFTY_FIN_SERVICE"", ""ltp"": 26365.4, ""return_pct"": -0.08091182127392932, ""rs_vs_nifty"": -0.08091182127392932}, {""sector"": ""NIFTY_BANK"", ""ltp"": 57720.85, ""return_pct"": -0.10885413286607645, ""rs_vs_nifty"": -0.10885413286607645}, {""sector"": ""NIFTY_METAL"", ""ltp"": 13523.5, ""return_pct"": -0.1343996691700505, ""rs_vs_nifty"": -0.1343996691700505}, {""sector"": ""NIFTY_IT"", ""ltp"": 30267.6, ""return_pct"": -0.16903675436238513, ""rs_vs_nifty"": -0.16903675436238513}, {""sector"": ""NIFTY_INFRA"", ""ltp"": 9259.55, ""return_pct"": -0.31543194259785756, ""rs_vs_nifty"": -0.31543194259785756}, {""sector"": ""NIFTY_PSU_BANK"", ""ltp"": 8634.65, ""return_pct"": -0.40198396678009535, ""rs_vs_nifty"": -0.40198396678009535}, {""sector"": ""NIFTY_FMCG"", ""ltp"": 47037.85, ""return_pct"": -0.4551043428022468, ""rs_vs_nifty"": -0.4551043428022468}, {""sector"": ""NIFTY_AUTO"", ""ltp"": 28849.2, ""return_pct"": -0.5205145490626797, ""rs_vs_nifty"": -0.5205145490626797}, {""sector"": ""NIFTY_MEDIA"", ""ltp"": 1602.15, ""return_pct"": -0.5493482309124711, ""rs_vs_nifty"": -0.5493482309124711}]"
2026-08-27 11:14:33,NORMAL,24159.8,,0,24204.311537876285,,,False,True,[],"[[""NIFTY_AUTO"", -0.5343075811676862, -0.5343075811676862], [""NIFTY_MEDIA"", -0.5245189323401642, -0.5245189323401642]]","[{""sector"": ""NIFTY_PHARMA"", ""ltp"": 26715.7, ""return_pct"": 0.33575825405708437, ""rs_vs_nifty"": 0.33575825405708437}, {""sector"": ""NIFTY_HEALTHCARE"", ""ltp"": 16636.65, ""return_pct"": 0.30144724823879443, ""rs_vs_nifty"": 0.30144724823879443}, {""sector"": ""NIFTY_ENERGY"", ""ltp"": 38122.8, ""return_pct"": 0.06010514463292936, ""rs_vs_nifty"": 0.06010514463292936}, {""sector"": ""NIFTY_REALTY"", ""ltp"": 910.25, ""return_pct"": 0.010987199912104898, ""rs_vs_nifty"": 0.010987199912104898}, {""sector"": ""NIFTY_FIN_SERVICE"", ""ltp"": 26371.65, ""return_pct"": -0.05722569092441678, ""rs_vs_nifty"": -0.05722569092441678}, {""sector"": ""NIFTY_BANK"", ""ltp"": 57726.55, ""return_pct"": -0.0989897678845646, ""rs_vs_nifty"": -0.0989897678845646}, {""sector"": ""NIFTY_METAL"", ""ltp"": 13520.35, ""return_pct"": -0.15766115037255563, ""rs_vs_nifty"": -0.15766115037255563}, {""sector"": ""NIFTY_IT"", ""ltp"": 30254.75, ""return_pct"": -0.21141962838299785, ""rs_vs_nifty"": -0.21141962838299785}, {""sector"": ""NIFTY_INFRA"", ""ltp"": 9256.65, ""return_pct"": -0.346652168998323, ""rs_vs_nifty"": -0.346652168998323}, {""sector"": ""NIFTY_PSU_BANK"", ""ltp"": 8634.15, ""return_pct"": -0.4077513120710579, ""rs_vs_nifty"": -0.4077513120710579}, {""sector"": ""NIFTY_FMCG"", ""ltp"": 47030.0, ""return_pct"": -0.47171707979828004, ""rs_vs_nifty"": -0.47171707979828004}, {""sector"": ""NIFTY_MEDIA"", ""ltp"": 1602.55, ""return_pct"": -0.5245189323401642, ""rs_vs_nifty"": -0.5245189323401642}, {""sector"": ""NIFTY_AUTO"", ""ltp"": 28845.2, ""return_pct"": -0.5343075811676862, ""rs_vs_nifty"": -0.5343075811676862}]"
2026-08-27 11:16:15,NORMAL,24157.65,,0,24203.67828915682,,,False,True,[],"[[""NIFTY_MEDIA"", -0.5369335816263248, -0.5369335816263248], [""NIFTY_AUTO"", -0.5363765359834446, -0.5363765359834446]]","[{""sector"": ""NIFTY_PHARMA"", ""ltp"": 26730.0, ""return_pct"": 0.3894645519655406, ""rs_vs_nifty"": 0.3894645519655406}, {""sector"": ""NIFTY_HEALTHCARE"", ""ltp"": 16646.1, ""return_pct"": 0.358420778155909, ""rs_vs_nifty"": 0.358420778155909}, {""sector"": ""NIFTY_ENERGY"", ""ltp"": 38122.0, ""return_pct"": 0.05800540158897673, ""rs_vs_nifty"": 0.05800540158897673}, {""sector"": ""NIFTY_REALTY"", ""ltp"": 909.85, ""return_pct"": -0.0329615997363022, ""rs_vs_nifty"": -0.0329615997363022}, {""sector"": ""NIFTY_FIN_SERVICE"", ""ltp"": 26372.1, ""return_pct"": -0.055520289539262906, ""rs_vs_nifty"": -0.055520289539262906}, {""sector"": ""NIFTY_BANK"", ""ltp"": 57728.0, ""return_pct"": -0.09648041188050273, ""rs_vs_nifty"": -0.09648041188050273}, {""sector"": ""NIFTY_METAL"", ""ltp"": 13519.3, ""return_pct"": -0.16541497744006628, ""rs_vs_nifty"": -0.16541497744006628}, {""sector"": ""NIFTY_IT"", ""ltp"": 30258.9, ""return_pct"": -0.19773177412730725, ""rs_vs_nifty"": -0.19773177412730725}, {""sector"": ""NIFTY_INFRA"", ""ltp"": 9256.2, ""return_pct"": -0.35149668688803926, ""rs_vs_nifty"": -0.35149668688803926}, {""sector"": ""NIFTY_PSU_BANK"", ""ltp"": 8635.75, ""return_pct"": -0.38929580713997347, ""rs_vs_nifty"": -0.38929580713997347}, {""sector"": ""NIFTY_FMCG"", ""ltp"": 47022.5, ""return_pct"": -0.48758912151423817, ""rs_vs_nifty"": -0.48758912151423817}, {""sector"": ""NIFTY_AUTO"", ""ltp"": 28844.6, ""return_pct"": -0.5363765359834446, ""rs_vs_nifty"": -0.5363765359834446}, {""sector"": ""NIFTY_MEDIA"", ""ltp"": 1602.35, ""return_pct"": -0.5369335816263248, ""rs_vs_nifty"": -0.5369335816263248}]"
2026-08-27 11:18:10,NORMAL,24154.0,,0,24203.226022269308,,,False,True,[],"[[""NIFTY_MEDIA"", -0.5834885164494159, -0.5834885164494159], [""NIFTY_AUTO"", -0.5367213617860647, -0.5367213617860647]]","[{""sector"": ""NIFTY_PHARMA"", ""ltp"": 26720.2, ""return_pct"": 0.35265883731499104, ""rs_vs_nifty"": 0.35265883731499104}, {""sector"": ""NIFTY_HEALTHCARE"", ""ltp"": 16639.15, ""return_pct"": 0.31651961065073414, ""rs_vs_nifty"": 0.31651961065073414}, {""sector"": ""NIFTY_ENERGY"", ""ltp"": 38099.65, ""return_pct"": -0.0006561697012328116, ""rs_vs_nifty"": -0.0006561697012328116}, {""sector"": ""NIFTY_FIN_SERVICE"", ""ltp"": 26371.4, ""return_pct"": -0.05817313613839728, ""rs_vs_nifty"": -0.05817313613839728}, {""sector"": ""NIFTY_REALTY"", ""ltp"": 909.5, ""return_pct"": -0.07141679942866311, ""rs_vs_nifty"": -0.07141679942866311}, {""sector"": ""NIFTY_BANK"", ""ltp"": 57719.95, ""return_pct"": -0.11041166417894807, ""rs_vs_nifty"": -0.11041166417894807}, {""sector"": ""NIFTY_IT"", ""ltp"": 30269.3, ""return_pct"": -0.16342968153475237, ""rs_vs_nifty"": -0.16342968153475237}, {""sector"": ""NIFTY_METAL"", ""ltp"": 13509.85, ""return_pct"": -0.23519942104758165, ""rs_vs_nifty"": -0.23519942104758165}, {""sector"": ""NIFTY_INFRA"", ""ltp"": 9253.4, ""return_pct"": -0.38164035375746974, ""rs_vs_nifty"": -0.38164035375746974}, {""sector"": ""NIFTY_PSU_BANK"", ""ltp"": 8634.85, ""return_pct"": -0.3996770286637019, ""rs_vs_nifty"": -0.3996770286637019}, {""sector"": ""NIFTY_FMCG"", ""ltp"": 47029.8, ""return_pct"": -0.4721403342440327, ""rs_vs_nifty"": -0.4721403342440327}, {""sector"": ""NIFTY_AUTO"", ""ltp"": 28844.5, ""return_pct"": -0.5367213617860647, ""rs_vs_nifty"": -0.5367213617860647}, {""sector"": ""NIFTY_MEDIA"", ""ltp"": 1601.6, ""return_pct"": -0.5834885164494159, ""rs_vs_nifty"": -0.5834885164494159}]"
2026-08-27 11:19:48,NORMAL,24146.75,,0,24202.69986661321,,,False,True,[],"[[""NIFTY_AUTO"", -0.5565488454370113, -0.5565488454370113], [""NIFTY_MEDIA"", -0.5524518932340218, -0.5524518932340218]]","[{""sector"": ""NIFTY_PHARMA"", ""ltp"": 26715.65, ""return_pct"": 0.3355704697986659, ""rs_vs_nifty"": 0.3355704697986659}, {""sector"": ""NIFTY_HEALTHCARE"", ""ltp"": 16634.2, ""return_pct"": 0.2866763330750891, ""rs_vs_nifty"": 0.2866763330750891}, {""sector"": ""NIFTY_ENERGY"", ""ltp"": 38088.5, ""return_pct"": -0.02992133837622003, ""rs_vs_nifty"": -0.02992133837622003}, {""sector"": ""NIFTY_REALTY"", ""ltp"": 909.4, ""return_pct"": -0.082403999340768, ""rs_vs_nifty"": -0.082403999340768}, {""sector"": ""NIFTY_FIN_SERVICE"", ""ltp"": 26361.35, ""return_pct"": -0.09626043374042448, ""rs_vs_nifty"": -0.09626043374042448}, {""sector"": ""NIFTY_BANK"", ""ltp"": 57716.85, ""return_pct"": -0.11577649425660581, ""rs_vs_nifty"": -0.11577649425660581}, {""sector"": ""NIFTY_IT"", ""ltp"": 30280.85, ""return_pct"": -0.1253345690882075, ""rs_vs_nifty"": -0.1253345690882075}, {""sector"": ""NIFTY_METAL"", ""ltp"": 13507.6, ""return_pct"": -0.25181476476365866, ""rs_vs_nifty"": -0.25181476476365866}, {""sector"": ""NIFTY_PSU_BANK"", ""ltp"": 8635.8, ""return_pct"": -0.3887190726108856, ""rs_vs_nifty"": -0.3887190726108856}, {""sector"": ""NIFTY_INFRA"", ""ltp"": 9248.75, ""return_pct"": -0.4317003719513219, ""rs_vs_nifty"": -0.4317003719513219}, {""sector"": ""NIFTY_FMCG"", ""ltp"": 47036.2, ""return_pct"": -0.45859619197976076, ""rs_vs_nifty"": -0.45859619197976076}, {""sector"": ""NIFTY_MEDIA"", ""ltp"": 1602.1, ""return_pct"": -0.5524518932340218, ""rs_vs_nifty"": -0.5524518932340218}, {""sector"": ""NIFTY_AUTO"", ""ltp"": 28838.75, ""return_pct"": -0.5565488454370113, ""rs_vs_nifty"": -0.5565488454370113}]"
2026-08-27 11:21:48,NORMAL,24145.75,,0,24201.92697852824,,,False,True,[],"[[""NIFTY_MEDIA"", -0.5834885164494159, -0.5834885164494159], [""NIFTY_AUTO"", -0.5049973879445476, -0.5049973879445476]]","[{""sector"": ""NIFTY_PHARMA"", ""ltp"": 26712.5, ""return_pct"": 0.3237400615181258, ""rs_vs_nifty"": 0.3237400615181258}, {""sector"": ""NIFTY_HEALTHCARE"", ""ltp"": 16632.65, ""return_pct"": 0.27733146837969086, ""rs_vs_nifty"": 0.27733146837969086}, {""sector"": ""NIFTY_ENERGY"", ""ltp"": 38109.05, ""return_pct"": 0.024015811065124727, ""rs_vs_nifty"": 0.024015811065124727}, {""sector"": ""NIFTY_REALTY"", ""ltp"": 909.85, ""return_pct"": -0.0329615997363022, ""rs_vs_nifty"": -0.0329615997363022}, {""sector"": ""NIFTY_BANK"", ""ltp"": 57735.5, ""return_pct"": -0.08350098427326022, ""rs_vs_nifty"": -0.08350098427326022}, {""sector"": ""NIFTY_FIN_SERVICE"", ""ltp"": 26356.55, ""return_pct"": -0.11445138184884734, ""rs_vs_nifty"": -0.11445138184884734}, {""sector"": ""NIFTY_IT"", ""ltp"": 30266.35, ""return_pct"": -0.17315960202976036, ""rs_vs_nifty"": -0.17315960202976036}, {""sector"": ""NIFTY_METAL"", ""ltp"": 13505.5, ""return_pct"": -0.26732241889866654, ""rs_vs_nifty"": -0.26732241889866654}, {""sector"": ""NIFTY_PSU_BANK"", ""ltp"": 8640.25, ""return_pct"": -0.3373896995213103, ""rs_vs_nifty"": -0.3373896995213103}, {""sector"": ""NIFTY_INFRA"", ""ltp"": 9251.25, ""return_pct"": -0.40478638367505515, ""rs_vs_nifty"": -0.40478638367505515}, {""sector"": ""NIFTY_FMCG"", ""ltp"": 47034.65, ""return_pct"": -0.46187641393438283, ""rs_vs_nifty"": -0.46187641393438283}, {""sector"": ""NIFTY_AUTO"", ""ltp"": 28853.7, ""return_pct"": -0.5049973879445476, ""rs_vs_nifty"": -0.5049973879445476}, {""sector"": ""NIFTY_MEDIA"", ""ltp"": 1601.6, ""return_pct"": -0.5834885164494159, ""rs_vs_nifty"": -0.5834885164494159}]"
2026-08-27 11:23:30,NORMAL,24139.0,,0,24201.338391401456,,,False,True,[],"[[""NIFTY_MEDIA"", -0.6455617628802043, -0.6455617628802043], [""NIFTY_AUTO"", -0.5325834521545604, -0.5325834521545604]]","[{""sector"": ""NIFTY_PHARMA"", ""ltp"": 26704.5, ""return_pct"": 0.2936945801707362, ""rs_vs_nifty"": 0.2936945801707362}, {""sector"": ""NIFTY_HEALTHCARE"", ""ltp"": 16630.2, ""return_pct"": 0.2625605532159856, ""rs_vs_nifty"": 0.2625605532159856}, {""sector"": ""NIFTY_ENERGY"", ""ltp"": 38106.3, ""return_pct"": 0.016797944351563798, ""rs_vs_nifty"": 0.016797944351563798}, {""sector"": ""NIFTY_REALTY"", ""ltp"": 909.7, ""return_pct"": -0.04944239960445331, ""rs_vs_nifty"": -0.04944239960445331}, {""sector"": ""NIFTY_BANK"", ""ltp"": 57728.1, ""return_pct"": -0.09630735284574202, ""rs_vs_nifty"": -0.09630735284574202}, {""sector"": ""NIFTY_FIN_SERVICE"", ""ltp"": 26351.3, ""return_pct"": -0.13434773134243788, ""rs_vs_nifty"": -0.13434773134243788}, {""sector"": ""NIFTY_METAL"", ""ltp"": 13511.5, ""return_pct"": -0.2230148356557945, ""rs_vs_nifty"": -0.2230148356557945}, {""sector"": ""NIFTY_IT"", ""ltp"": 30244.7, ""return_pct"": -0.24456732362869246, ""rs_vs_nifty"": -0.24456732362869246}, {""sector"": ""NIFTY_PSU_BANK"", ""ltp"": 8640.45, ""return_pct"": -0.33508276140491694, ""rs_vs_nifty"": -0.33508276140491694}, {""sector"": ""NIFTY_INFRA"", ""ltp"": 9249.6, ""return_pct"": -0.4225496159373873, ""rs_vs_nifty"": -0.4225496159373873}, {""sector"": ""NIFTY_FMCG"", ""ltp"": 47028.25, ""return_pct"": -0.4754205561986702, ""rs_vs_nifty"": -0.4754205561986702}, {""sector"": ""NIFTY_AUTO"", ""ltp"": 28845.7, ""return_pct"": -0.5325834521545604, ""rs_vs_nifty"": -0.5325834521545604}, {""sector"": ""NIFTY_MEDIA"", ""ltp"": 1600.6, ""return_pct"": -0.6455617628802043, ""rs_vs_nifty"": -0.6455617628802043}]"
2026-08-27 11:25:26,NORMAL,24143.95,,0,24200.889794307895,,,False,True,[],"[[""NIFTY_AUTO"", -0.5475833745687622, -0.5475833745687622], [""NIFTY_MEDIA"", -0.5400372439478612, -0.5400372439478612]]","[{""sector"": ""NIFTY_PHARMA"", ""ltp"": 26718.4, ""return_pct"": 0.3458986040118311, ""rs_vs_nifty"": 0.3458986040118311}, {""sector"": ""NIFTY_HEALTHCARE"", ""ltp"": 16639.3, ""return_pct"": 0.31742395239543736, ""rs_vs_nifty"": 0.31742395239543736}, {""sector"": ""NIFTY_ENERGY"", ""ltp"": 38105.65, ""return_pct"": 0.015091903128354667, ""rs_vs_nifty"": 0.015091903128354667}, {""sector"": ""NIFTY_REALTY"", ""ltp"": 910.15, ""return_pct"": 0.0, ""rs_vs_nifty"": 0.0}, {""sector"": ""NIFTY_BANK"", ""ltp"": 57737.25, ""return_pct"": -0.08047245116490362, ""rs_vs_nifty"": -0.08047245116490362}, {""sector"": ""NIFTY_FIN_SERVICE"", ""ltp"": 26357.95, ""return_pct"": -0.10914568865055102, ""rs_vs_nifty"": -0.10914568865055102}, {""sector"": ""NIFTY_METAL"", ""ltp"": 13514.95, ""return_pct"": -0.19753797529113776, ""rs_vs_nifty"": -0.19753797529113776}, {""sector"": ""NIFTY_IT"", ""ltp"": 30249.05, ""return_pct"": -0.23021981374623138, ""rs_vs_nifty"": -0.23021981374623138}, {""sector"": ""NIFTY_PSU_BANK"", ""ltp"": 8637.4, ""return_pct"": -0.3702635676798012, ""rs_vs_nifty"": -0.3702635676798012}, {""sector"": ""NIFTY_INFRA"", ""ltp"": 9251.9, ""return_pct"": -0.3977887467232297, ""rs_vs_nifty"": -0.3977887467232297}, {""sector"": ""NIFTY_FMCG"", ""ltp"": 47018.9, ""return_pct"": -0.495207701537895, ""rs_vs_nifty"": -0.495207701537895}, {""sector"": ""NIFTY_MEDIA"", ""ltp"": 1602.3, ""return_pct"": -0.5400372439478612, ""rs_vs_nifty"": -0.5400372439478612}, {""sector"": ""NIFTY_AUTO"", ""ltp"": 28841.35, ""return_pct"": -0.5475833745687622, ""rs_vs_nifty"": -0.5475833745687622}]"
2026-08-27 11:27:10,NORMAL,24142.6,,0,24200.044921446417,,,False,True,[],"[[""NIFTY_MEDIA"", -0.5710738671632554, -0.5710738671632554], [""NIFTY_AUTO"", -0.5444799423451308, -0.5444799423451308]]","[{""sector"": ""NIFTY_PHARMA"", ""ltp"": 26718.7, ""return_pct"": 0.34702530956235544, ""rs_vs_nifty"": 0.34702530956235544}, {""sector"": ""NIFTY_HEALTHCARE"", ""ltp"": 16639.7, ""return_pct"": 0.3198355303813565, ""rs_vs_nifty"": 0.3198355303813565}, {""sector"": ""NIFTY_ENERGY"", ""ltp"": 38112.35, ""return_pct"": 0.03267725112138638, ""rs_vs_nifty"": 0.03267725112138638}, {""sector"": ""NIFTY_REALTY"", ""ltp"": 910.3, ""return_pct"": 0.0164807998681511, ""rs_vs_nifty"": 0.0164807998681511}, {""sector"": ""NIFTY_METAL"", ""ltp"": 13527.45, ""return_pct"": -0.10523051020182105, ""rs_vs_nifty"": -0.10523051020182105}, {""sector"": ""NIFTY_BANK"", ""ltp"": 57714.5, ""return_pct"": -0.11984338157353927, ""rs_vs_nifty"": -0.11984338157353927}, {""sector"": ""NIFTY_FIN_SERVICE"", ""ltp"": 26349.6, ""return_pct"": -0.14079035879750806, ""rs_vs_nifty"": -0.14079035879750806}, {""sector"": ""NIFTY_IT"", ""ltp"": 30241.85, ""return_pct"": -0.2539674163103152, ""rs_vs_nifty"": -0.2539674163103152}, {""sector"": ""NIFTY_INFRA"", ""ltp"": 9254.2, ""return_pct"": -0.3730278775090526, ""rs_vs_nifty"": -0.3730278775090526}, {""sector"": ""NIFTY_PSU_BANK"", ""ltp"": 8631.7, ""return_pct"": -0.4360113039967619, ""rs_vs_nifty"": -0.4360113039967619}, {""sector"": ""NIFTY_FMCG"", ""ltp"": 47016.9, ""return_pct"": -0.4994402459954838, ""rs_vs_nifty"": -0.4994402459954838}, {""sector"": ""NIFTY_AUTO"", ""ltp"": 28842.25, ""return_pct"": -0.5444799423451308, ""rs_vs_nifty"": -0.5444799423451308}, {""sector"": ""NIFTY_MEDIA"", ""ltp"": 1601.8, ""return_pct"": -0.5710738671632554, ""rs_vs_nifty"": -0.5710738671632554}]"
2026-08-27 11:29:07,NORMAL,24142.95,,0,24199.04194560972,,,False,True,[],"[[""NIFTY_MEDIA"", -0.5710738671632554, -0.5710738671632554], [""NIFTY_AUTO"", -0.533962755365066, -0.533962755365066]]","[{""sector"": ""NIFTY_PHARMA"", ""ltp"": 26739.7, ""return_pct"": 0.42589469809925323, ""rs_vs_nifty"": 0.42589469809925323}, {""sector"": ""NIFTY_HEALTHCARE"", ""ltp"": 16649.75, ""return_pct"": 0.38042642727734977, ""rs_vs_nifty"": 0.38042642727734977}, {""sector"": ""NIFTY_ENERGY"", ""ltp"": 38114.35, ""return_pct"": 0.037926608731248874, ""rs_vs_nifty"": 0.037926608731248874}, {""sector"": ""NIFTY_REALTY"", ""ltp"": 908.9, ""return_pct"": -0.13733999890128, ""rs_vs_nifty"": -0.13733999890128}, {""sector"": ""NIFTY_BANK"", ""ltp"": 57700.85, ""return_pct"": -0.14346593981872316, ""rs_vs_nifty"": -0.14346593981872316}, {""sector"": ""NIFTY_METAL"", ""ltp"": 13517.9, ""return_pct"": -0.17575341353006704, ""rs_vs_nifty"": -0.17575341353006704}, {""sector"": ""NIFTY_FIN_SERVICE"", ""ltp"": 26339.1, ""return_pct"": -0.1805830577846891, ""rs_vs_nifty"": -0.1805830577846891}, {""sector"": ""NIFTY_IT"", ""ltp"": 30249.8, ""return_pct"": -0.22774610514580623, ""rs_vs_nifty"": -0.22774610514580623}, {""sector"": ""NIFTY_INFRA"", ""ltp"": 9254.95, ""return_pct"": -0.36495368102617265, ""rs_vs_nifty"": -0.36495368102617265}, {""sector"": ""NIFTY_PSU_BANK"", ""ltp"": 8629.4, ""return_pct"": -0.46254109233520235, ""rs_vs_nifty"": -0.46254109233520235}, {""sector"": ""NIFTY_FMCG"", ""ltp"": 47032.1, ""return_pct"": -0.4672729081178148, ""rs_vs_nifty"": -0.4672729081178148}, {""sector"": ""NIFTY_AUTO"", ""ltp"": 28845.3, ""return_pct"": -0.533962755365066, ""rs_vs_nifty"": -0.533962755365066}, {""sector"": ""NIFTY_MEDIA"", ""ltp"": 1601.8, ""return_pct"": -0.5710738671632554, ""rs_vs_nifty"": -0.5710738671632554}]"
2026-08-27 11:30:45,NORMAL,24142.45,,0,24198.537407881686,,,False,True,[],"[[""NIFTY_MEDIA"", -0.5710738671632554, -0.5710738671632554]]","[{""sector"": ""NIFTY_PHARMA"", ""ltp"": 26753.0, ""return_pct"": 0.4758453108392857, ""rs_vs_nifty"": 0.4758453108392857}, {""sector"": ""NIFTY_HEALTHCARE"", ""ltp"": 16656.8, ""return_pct"": 0.4229304892790154, ""rs_vs_nifty"": 0.4229304892790154}, {""sector"": ""NIFTY_ENERGY"", ""ltp"": 38108.85, ""return_pct"": 0.023490875304127017, ""rs_vs_nifty"": 0.023490875304127017}, {""sector"": ""NIFTY_REALTY"", ""ltp"": 909.15, ""return_pct"": -0.10987199912102401, ""rs_vs_nifty"": -0.10987199912102401}, {""sector"": ""NIFTY_BANK"", ""ltp"": 57708.95, ""return_pct"": -0.12944815800290377, ""rs_vs_nifty"": -0.12944815800290377}, {""sector"": ""NIFTY_METAL"", ""ltp"": 13517.4, ""return_pct"": -0.17944571213363972, ""rs_vs_nifty"": -0.17944571213363972}, {""sector"": ""NIFTY_FIN_SERVICE"", ""ltp"": 26337.1, ""return_pct"": -0.18816261949653315, ""rs_vs_nifty"": -0.18816261949653315}, {""sector"": ""NIFTY_IT"", ""ltp"": 30237.8, ""return_pct"": -0.2673254427526086, ""rs_vs_nifty"": -0.2673254427526086}, {""sector"": ""NIFTY_INFRA"", ""ltp"": 9256.05, ""return_pct"": -0.35311152618463093, ""rs_vs_nifty"": -0.35311152618463093}, {""sector"": ""NIFTY_PSU_BANK"", ""ltp"": 8629.8, ""return_pct"": -0.4579272161024365, ""rs_vs_nifty"": -0.4579272161024365}, {""sector"": ""NIFTY_FMCG"", ""ltp"": 47032.5, ""return_pct"": -0.4664263992262939, ""rs_vs_nifty"": -0.4664263992262939}, {""sector"": ""NIFTY_AUTO"", ""ltp"": 28862.95, ""return_pct"": -0.4731010012017204, ""rs_vs_nifty"": -0.4731010012017204}, {""sector"": ""NIFTY_MEDIA"", ""ltp"": 1601.8, ""return_pct"": -0.5710738671632554, ""rs_vs_nifty"": -0.5710738671632554}]"
2026-08-27 11:32:41,NORMAL,24152.8,,0,24198.097527256155,,,False,True,"[[""NIFTY_PHARMA"", 0.5449499179382873, 0.5449499179382873]]","[[""NIFTY_MEDIA"", -0.5524518932340218, -0.5524518932340218]]","[{""sector"": ""NIFTY_PHARMA"", ""ltp"": 26771.4, ""return_pct"": 0.5449499179382873, ""rs_vs_nifty"": 0.5449499179382873}, {""sector"": ""NIFTY_HEALTHCARE"", ""ltp"": 16667.35, ""return_pct"": 0.4865358586573967, ""rs_vs_nifty"": 0.4865358586573967}, {""sector"": ""NIFTY_ENERGY"", ""ltp"": 38130.65, ""return_pct"": 0.08070887325163582, ""rs_vs_nifty"": 0.08070887325163582}, {""sector"": ""NIFTY_REALTY"", ""ltp"": 910.2, ""return_pct"": 0.005493599956058695, ""rs_vs_nifty"": 0.005493599956058695}, {""sector"": ""NIFTY_BANK"", ""ltp"": 57726.05, ""return_pct"": -0.09985506305838075, ""rs_vs_nifty"": -0.09985506305838075}, {""sector"": ""NIFTY_FIN_SERVICE"", ""ltp"": 26347.05, ""return_pct"": -0.1504542999801064, ""rs_vs_nifty"": -0.1504542999801064}, {""sector"": ""NIFTY_IT"", ""ltp"": 30260.8, ""return_pct"": -0.19146504567290407, ""rs_vs_nifty"": -0.19146504567290407}, {""sector"": ""NIFTY_METAL"", ""ltp"": 13515.15, ""return_pct"": -0.19606105584971673, ""rs_vs_nifty"": -0.19606105584971673}, {""sector"": ""NIFTY_INFRA"", ""ltp"": 9259.9, ""return_pct"": -0.3116639842391763, ""rs_vs_nifty"": -0.3116639842391763}, {""sector"": ""NIFTY_PSU_BANK"", ""ltp"": 8636.3, ""return_pct"": -0.38295172731992305, ""rs_vs_nifty"": -0.38295172731992305}, {""sector"": ""NIFTY_FMCG"", ""ltp"": 47056.25, ""return_pct"": -0.4161649337924264, ""rs_vs_nifty"": -0.4161649337924264}, {""sector"": ""NIFTY_AUTO"", ""ltp"": 28872.05, ""return_pct"": -0.44172185316283596, ""rs_vs_nifty"": -0.44172185316283596}, {""sector"": ""NIFTY_MEDIA"", ""ltp"": 1602.1, ""return_pct"": -0.5524518932340218, ""rs_vs_nifty"": -0.5524518932340218}]"
2026-08-27 11:34:21,NORMAL,24151.6,,0,24197.72008576928,,,False,True,[],"[[""NIFTY_MEDIA"", -0.5090006207324671, -0.5090006207324671]]","[{""sector"": ""NIFTY_PHARMA"", ""ltp"": 26750.5, ""return_pct"": 0.46645609791822645, ""rs_vs_nifty"": 0.46645609791822645}, {""sector"": ""NIFTY_HEALTHCARE"", ""ltp"": 16654.65, ""return_pct"": 0.4099682576047604, ""rs_vs_nifty"": 0.4099682576047604}, {""sector"": ""NIFTY_ENERGY"", ""ltp"": 38130.3, ""return_pct"": 0.07979023566991371, ""rs_vs_nifty"": 0.07979023566991371}, {""sector"": ""NIFTY_REALTY"", ""ltp"": 910.25, ""return_pct"": 0.010987199912104898, ""rs_vs_nifty"": 0.010987199912104898}, {""sector"": ""NIFTY_BANK"", ""ltp"": 57737.9, ""return_pct"": -0.0793475674389401, ""rs_vs_nifty"": -0.0793475674389401}, {""sector"": ""NIFTY_FIN_SERVICE"", ""ltp"": 26349.45, ""return_pct"": -0.14135882592588808, ""rs_vs_nifty"": -0.14135882592588808}, {""sector"": ""NIFTY_METAL"", ""ltp"": 13517.35, ""return_pct"": -0.17981494199399162, ""rs_vs_nifty"": -0.17981494199399162}, {""sector"": ""NIFTY_IT"", ""ltp"": 30245.65, ""return_pct"": -0.24143395940148488, ""rs_vs_nifty"": -0.24143395940148488}, {""sector"": ""NIFTY_INFRA"", ""ltp"": 9259.95, ""return_pct"": -0.31112570447363924, ""rs_vs_nifty"": -0.31112570447363924}, {""sector"": ""NIFTY_PSU_BANK"", ""ltp"": 8640.85, ""return_pct"": -0.33046888517215106, ""rs_vs_nifty"": -0.33046888517215106}, {""sector"": ""NIFTY_FMCG"", ""ltp"": 47058.35, ""return_pct"": -0.4117207621119612, ""rs_vs_nifty"": -0.4117207621119612}, {""sector"": ""NIFTY_AUTO"", ""ltp"": 28865.35, ""return_pct"": -0.46482518193872413, ""rs_vs_nifty"": -0.46482518193872413}, {""sector"": ""NIFTY_MEDIA"", ""ltp"": 1602.8, ""return_pct"": -0.5090006207324671, ""rs_vs_nifty"": -0.5090006207324671}]"
2026-08-27 11:36:15,NORMAL,24158.4,,0,24197.386840191197,,,False,True,[],"[[""NIFTY_MEDIA"", -0.5058969584109305, -0.5058969584109305]]","[{""sector"": ""NIFTY_PHARMA"", ""ltp"": 26732.55, ""return_pct"": 0.3990415491450182, ""rs_vs_nifty"": 0.3990415491450182}, {""sector"": ""NIFTY_HEALTHCARE"", ""ltp"": 16645.65, ""return_pct"": 0.3557077529217774, ""rs_vs_nifty"": 0.3557077529217774}, {""sector"": ""NIFTY_ENERGY"", ""ltp"": 38128.35, ""return_pct"": 0.07467211200028633, ""rs_vs_nifty"": 0.07467211200028633}, {""sector"": ""NIFTY_REALTY"", ""ltp"": 909.75, ""return_pct"": -0.0439487996484071, ""rs_vs_nifty"": -0.0439487996484071}, {""sector"": ""NIFTY_BANK"", ""ltp"": 57748.25, ""return_pct"": -0.06143595734094793, ""rs_vs_nifty"": -0.06143595734094793}, {""sector"": ""NIFTY_FIN_SERVICE"", ""ltp"": 26350.65, ""return_pct"": -0.1368110888987789, ""rs_vs_nifty"": -0.1368110888987789}, {""sector"": ""NIFTY_METAL"", ""ltp"": 13517.45, ""return_pct"": -0.17907648227327438, ""rs_vs_nifty"": -0.17907648227327438}, {""sector"": ""NIFTY_IT"", ""ltp"": 30233.65, ""return_pct"": -0.28101329700828725, ""rs_vs_nifty"": -0.28101329700828725}, {""sector"": ""NIFTY_INFRA"", ""ltp"": 9261.25, ""return_pct"": -0.29713043056998834, ""rs_vs_nifty"": -0.29713043056998834}, {""sector"": ""NIFTY_PSU_BANK"", ""ltp"": 8640.5, ""return_pct"": -0.3345060268758291, ""rs_vs_nifty"": -0.3345060268758291}, {""sector"": ""NIFTY_FMCG"", ""ltp"": 47041.2, ""return_pct"": -0.4480148308357886, ""rs_vs_nifty"": -0.4480148308357886}, {""sector"": ""NIFTY_AUTO"", ""ltp"": 28867.1, ""return_pct"": -0.45879073039278384, ""rs_vs_nifty"": -0.45879073039278384}, {""sector"": ""NIFTY_MEDIA"", ""ltp"": 1602.85, ""return_pct"": -0.5058969584109305, ""rs_vs_nifty"": -0.5058969584109305}]"
2026-08-27 11:37:57,NORMAL,24157.9,,0,24197.121668108663,,,False,True,[],"[[""NIFTY_MEDIA"", -0.5555555555555584, -0.5555555555555584]]","[{""sector"": ""NIFTY_PHARMA"", ""ltp"": 26720.8, ""return_pct"": 0.3549122484160398, ""rs_vs_nifty"": 0.3549122484160398}, {""sector"": ""NIFTY_HEALTHCARE"", ""ltp"": 16640.85, ""return_pct"": 0.3267688170908356, ""rs_vs_nifty"": 0.3267688170908356}, {""sector"": ""NIFTY_REALTY"", ""ltp"": 911.75, ""return_pct"": 0.1757951985936409, ""rs_vs_nifty"": 0.1757951985936409}, {""sector"": ""NIFTY_ENERGY"", ""ltp"": 38129.7, ""return_pct"": 0.07821542838693968, ""rs_vs_nifty"": 0.07821542838693968}, {""sector"": ""NIFTY_BANK"", ""ltp"": 57751.1, ""return_pct"": -0.05650377485019829, ""rs_vs_nifty"": -0.05650377485019829}, {""sector"": ""NIFTY_FIN_SERVICE"", ""ltp"": 26354.0, ""return_pct"": -0.1241153230314457, ""rs_vs_nifty"": -0.1241153230314457}, {""sector"": ""NIFTY_METAL"", ""ltp"": 13516.05, ""return_pct"": -0.1894149183632886, ""rs_vs_nifty"": -0.1894149183632886}, {""sector"": ""NIFTY_IT"", ""ltp"": 30232.85, ""return_pct"": -0.28365191951541696, ""rs_vs_nifty"": -0.28365191951541696}, {""sector"": ""NIFTY_INFRA"", ""ltp"": 9261.55, ""return_pct"": -0.2939007519768442, ""rs_vs_nifty"": -0.2939007519768442}, {""sector"": ""NIFTY_PSU_BANK"", ""ltp"": 8642.2, ""return_pct"": -0.3148970528865479, ""rs_vs_nifty"": -0.3148970528865479}, {""sector"": ""NIFTY_AUTO"", ""ltp"": 28874.7, ""return_pct"": -0.43258396939326427, ""rs_vs_nifty"": -0.43258396939326427}, {""sector"": ""NIFTY_FMCG"", ""ltp"": 47030.85, ""return_pct"": -0.46991824840380786, ""rs_vs_nifty"": -0.46991824840380786}, {""sector"": ""NIFTY_MEDIA"", ""ltp"": 1602.05, ""return_pct"": -0.5555555555555584, ""rs_vs_nifty"": -0.5555555555555584}]"
2026-08-27 11:39:51,NORMAL,24155.45,,0,24196.61574073084,,,False,True,[],"[[""NIFTY_MEDIA"", -0.5679702048417189, -0.5679702048417189]]","[{""sector"": ""NIFTY_PHARMA"", ""ltp"": 26720.3, ""return_pct"": 0.35303440583182794, ""rs_vs_nifty"": 0.35303440583182794}, {""sector"": ""NIFTY_HEALTHCARE"", ""ltp"": 16641.35, ""return_pct"": 0.32978328957322356, ""rs_vs_nifty"": 0.32978328957322356}, {""sector"": ""NIFTY_REALTY"", ""ltp"": 912.75, ""return_pct"": 0.2856671977146649, ""rs_vs_nifty"": 0.2856671977146649}, {""sector"": ""NIFTY_ENERGY"", ""ltp"": 38134.2, ""return_pct"": 0.0900264830091303, ""rs_vs_nifty"": 0.0900264830091303}, {""sector"": ""NIFTY_BANK"", ""ltp"": 57741.2, ""return_pct"": -0.07363661929176094, ""rs_vs_nifty"": -0.07363661929176094}, {""sector"": ""NIFTY_FIN_SERVICE"", ""ltp"": 26354.55, ""return_pct"": -0.12203094356069136, ""rs_vs_nifty"": -0.12203094356069136}, {""sector"": ""NIFTY_METAL"", ""ltp"": 13515.2, ""return_pct"": -0.1956918259893514, ""rs_vs_nifty"": -0.1956918259893514}, {""sector"": ""NIFTY_INFRA"", ""ltp"": 9262.85, ""return_pct"": -0.27990547807317373, ""rs_vs_nifty"": -0.27990547807317373}, {""sector"": ""NIFTY_IT"", ""ltp"": 30226.8, ""return_pct"": -0.3036065022255108, ""rs_vs_nifty"": -0.3036065022255108}, {""sector"": ""NIFTY_PSU_BANK"", ""ltp"": 8641.95, ""return_pct"": -0.31778072553202924, ""rs_vs_nifty"": -0.31778072553202924}, {""sector"": ""NIFTY_AUTO"", ""ltp"": 28876.6, ""return_pct"": -0.4260322791433938, ""rs_vs_nifty"": -0.4260322791433938}, {""sector"": ""NIFTY_FMCG"", ""ltp"": 47034.7, ""return_pct"": -0.46177060032295236, ""rs_vs_nifty"": -0.46177060032295236}, {""sector"": ""NIFTY_MEDIA"", ""ltp"": 1601.85, ""return_pct"": -0.5679702048417189, ""rs_vs_nifty"": -0.5679702048417189}]"
2026-08-27 11:41:33,NORMAL,24159.7,,0,24195.96037980225,,,False,True,[],"[[""NIFTY_MEDIA"", -0.5772811918063286, -0.5772811918063286]]","[{""sector"": ""NIFTY_PHARMA"", ""ltp"": 26724.25, ""return_pct"": 0.36786936224710426, ""rs_vs_nifty"": 0.36786936224710426}, {""sector"": ""NIFTY_HEALTHCARE"", ""ltp"": 16644.55, ""return_pct"": 0.3490759134605108, ""rs_vs_nifty"": 0.3490759134605108}, {""sector"": ""NIFTY_REALTY"", ""ltp"": 913.3, ""return_pct"": 0.3460967972312231, ""rs_vs_nifty"": 0.3460967972312231}, {""sector"": ""NIFTY_ENERGY"", ""ltp"": 38138.55, ""return_pct"": 0.10144383581059649, ""rs_vs_nifty"": 0.10144383581059649}, {""sector"": ""NIFTY_BANK"", ""ltp"": 57740.75, ""return_pct"": -0.07441538494819046, ""rs_vs_nifty"": -0.07441538494819046}, {""sector"": ""NIFTY_FIN_SERVICE"", ""ltp"": 26354.05, ""return_pct"": -0.12392583398865237, ""rs_vs_nifty"": -0.12392583398865237}, {""sector"": ""NIFTY_METAL"", ""ltp"": 13508.0, ""return_pct"": -0.2488609258808032, ""rs_vs_nifty"": -0.2488609258808032}, {""sector"": ""NIFTY_INFRA"", ""ltp"": 9265.45, ""return_pct"": -0.25191493026585243, ""rs_vs_nifty"": -0.25191493026585243}, {""sector"": ""NIFTY_PSU_BANK"", ""ltp"": 8644.5, ""return_pct"": -0.2883672645481285, ""rs_vs_nifty"": -0.2883672645481285}, {""sector"": ""NIFTY_IT"", ""ltp"": 30225.85, ""return_pct"": -0.30673986645271833, ""rs_vs_nifty"": -0.30673986645271833}, {""sector"": ""NIFTY_AUTO"", ""ltp"": 28893.05, ""return_pct"": -0.3693084346115526, ""rs_vs_nifty"": -0.3693084346115526}, {""sector"": ""NIFTY_FMCG"", ""ltp"": 47047.0, ""return_pct"": -0.4357404519087748, ""rs_vs_nifty"": -0.4357404519087748}, {""sector"": ""NIFTY_MEDIA"", ""ltp"": 1601.7, ""return_pct"": -0.5772811918063286, ""rs_vs_nifty"": -0.5772811918063286}]"
2026-08-27 11:43:28,NORMAL,24151.25,,0,24195.35018210764,,,False,True,[],"[[""NIFTY_MEDIA"", -0.5741775294847921, -0.5741775294847921]]","[{""sector"": ""NIFTY_PHARMA"", ""ltp"": 26726.2, ""return_pct"": 0.37519294832553324, ""rs_vs_nifty"": 0.37519294832553324}, {""sector"": ""NIFTY_REALTY"", ""ltp"": 913.5, ""return_pct"": 0.36807119705543295, ""rs_vs_nifty"": 0.36807119705543295}, {""sector"": ""NIFTY_HEALTHCARE"", ""ltp"": 16643.7, ""return_pct"": 0.34395131024046005, ""rs_vs_nifty"": 0.34395131024046005}, {""sector"": ""NIFTY_ENERGY"", ""ltp"": 38128.65, ""return_pct"": 0.07545951564177333, ""rs_vs_nifty"": 0.07545951564177333}, {""sector"": ""NIFTY_BANK"", ""ltp"": 57725.0, ""return_pct"": -0.10167218292339975, ""rs_vs_nifty"": -0.10167218292339975}, {""sector"": ""NIFTY_FIN_SERVICE"", ""ltp"": 26350.85, ""return_pct"": -0.13605313272760552, ""rs_vs_nifty"": -0.13605313272760552}, {""sector"": ""NIFTY_METAL"", ""ltp"": 13512.55, ""return_pct"": -0.21526100858829728, ""rs_vs_nifty"": -0.21526100858829728}, {""sector"": ""NIFTY_PSU_BANK"", ""ltp"": 8645.55, ""return_pct"": -0.2762558394371155, ""rs_vs_nifty"": -0.2762558394371155}, {""sector"": ""NIFTY_INFRA"", ""ltp"": 9262.25, ""return_pct"": -0.28636483525948164, ""rs_vs_nifty"": -0.28636483525948164}, {""sector"": ""NIFTY_AUTO"", ""ltp"": 28898.85, ""return_pct"": -0.3493085380592959, ""rs_vs_nifty"": -0.3493085380592959}, {""sector"": ""NIFTY_IT"", ""ltp"": 30203.4, ""return_pct"": -0.3807862105587682, ""rs_vs_nifty"": -0.3807862105587682}, {""sector"": ""NIFTY_FMCG"", ""ltp"": 47035.2, ""return_pct"": -0.4607124642085551, ""rs_vs_nifty"": -0.4607124642085551}, {""sector"": ""NIFTY_MEDIA"", ""ltp"": 1601.75, ""return_pct"": -0.5741775294847921, ""rs_vs_nifty"": -0.5741775294847921}]"
2026-08-27 11:45:03,NORMAL,24151.2,,0,24194.986105522505,,,False,True,[],"[[""NIFTY_MEDIA"", -0.6114214773432594, -0.6114214773432594]]","[{""sector"": ""NIFTY_PHARMA"", ""ltp"": 26739.15, ""return_pct"": 0.4238290712566229, ""rs_vs_nifty"": 0.4238290712566229}, {""sector"": ""NIFTY_HEALTHCARE"", ""ltp"": 16650.2, ""return_pct"": 0.38313945251150333, ""rs_vs_nifty"": 0.38313945251150333}, {""sector"": ""NIFTY_REALTY"", ""ltp"": 913.05, ""return_pct"": 0.3186287974509671, ""rs_vs_nifty"": 0.3186287974509671}, {""sector"": ""NIFTY_ENERGY"", ""ltp"": 38135.3, ""return_pct"": 0.09291362969456995, ""rs_vs_nifty"": 0.09291362969456995}, {""sector"": ""NIFTY_BANK"", ""ltp"": 57723.85, ""return_pct"": -0.10366236182317945, ""rs_vs_nifty"": -0.10366236182317945}, {""sector"": ""NIFTY_FIN_SERVICE"", ""ltp"": 26354.45, ""return_pct"": -0.12240992164627804, ""rs_vs_nifty"": -0.12240992164627804}, {""sector"": ""NIFTY_PSU_BANK"", ""ltp"": 8646.95, ""return_pct"": -0.2601072726224035, ""rs_vs_nifty"": -0.2601072726224035}, {""sector"": ""NIFTY_METAL"", ""ltp"": 13505.35, ""return_pct"": -0.26843010847973564, ""rs_vs_nifty"": -0.26843010847973564}, {""sector"": ""NIFTY_INFRA"", ""ltp"": 9262.25, ""return_pct"": -0.28636483525948164, ""rs_vs_nifty"": -0.28636483525948164}, {""sector"": ""NIFTY_AUTO"", ""ltp"": 28900.85, ""return_pct"": -0.34241202200679277, ""rs_vs_nifty"": -0.34241202200679277}, {""sector"": ""NIFTY_IT"", ""ltp"": 30202.45, ""return_pct"": -0.3839195747859758, ""rs_vs_nifty"": -0.3839195747859758}, {""sector"": ""NIFTY_FMCG"", ""ltp"": 47021.3, ""return_pct"": -0.49012864818878527, ""rs_vs_nifty"": -0.49012864818878527}, {""sector"": ""NIFTY_MEDIA"", ""ltp"": 1601.15, ""return_pct"": -0.6114214773432594, ""rs_vs_nifty"": -0.6114214773432594}]"
2026-08-27 11:47:03,NORMAL,24152.65,,0,24194.54788465848,,,False,True,[],"[[""NIFTY_MEDIA"", -0.6765983860955984, -0.6765983860955984]]","[{""sector"": ""NIFTY_PHARMA"", ""ltp"": 26739.55, ""return_pct"": 0.4253313453239842, ""rs_vs_nifty"": 0.4253313453239842}, {""sector"": ""NIFTY_HEALTHCARE"", ""ltp"": 16650.45, ""return_pct"": 0.3846466887526973, ""rs_vs_nifty"": 0.3846466887526973}, {""sector"": ""NIFTY_REALTY"", ""ltp"": 912.9, ""return_pct"": 0.302147997582816, ""rs_vs_nifty"": 0.302147997582816}, {""sector"": ""NIFTY_ENERGY"", ""ltp"": 38132.75, ""return_pct"": 0.08622069874198762, ""rs_vs_nifty"": 0.08622069874198762}, {""sector"": ""NIFTY_BANK"", ""ltp"": 57730.05, ""return_pct"": -0.0929327016678514, ""rs_vs_nifty"": -0.0929327016678514}, {""sector"": ""NIFTY_FIN_SERVICE"", ""ltp"": 26353.7, ""return_pct"": -0.12525225728821954, ""rs_vs_nifty"": -0.12525225728821954}, {""sector"": ""NIFTY_PSU_BANK"", ""ltp"": 8648.0, ""return_pct"": -0.24799584751139053, ""rs_vs_nifty"": -0.24799584751139053}, {""sector"": ""NIFTY_METAL"", ""ltp"": 13505.25, ""return_pct"": -0.2691685682004529, ""rs_vs_nifty"": -0.2691685682004529}, {""sector"": ""NIFTY_INFRA"", ""ltp"": 9261.95, ""return_pct"": -0.2895945138526258, ""rs_vs_nifty"": -0.2895945138526258}, {""sector"": ""NIFTY_AUTO"", ""ltp"": 28897.35, ""return_pct"": -0.3544809250986733, ""rs_vs_nifty"": -0.3544809250986733}, {""sector"": ""NIFTY_IT"", ""ltp"": 30199.75, ""return_pct"": -0.3928249257475087, ""rs_vs_nifty"": -0.3928249257475087}, {""sector"": ""NIFTY_FMCG"", ""ltp"": 47037.1, ""return_pct"": -0.4566915469738426, ""rs_vs_nifty"": -0.4566915469738426}, {""sector"": ""NIFTY_MEDIA"", ""ltp"": 1600.1, ""return_pct"": -0.6765983860955984, ""rs_vs_nifty"": -0.6765983860955984}]"
2026-08-27 11:48:43,NORMAL,24151.95,,0,24194.301096063115,,,False,True,[],"[[""NIFTY_MEDIA"", -0.654872749844814, -0.654872749844814]]","[{""sector"": ""NIFTY_PHARMA"", ""ltp"": 26742.2, ""return_pct"": 0.43528391102031244, ""rs_vs_nifty"": 0.43528391102031244}, {""sector"": ""NIFTY_HEALTHCARE"", ""ltp"": 16652.45, ""return_pct"": 0.39670457868224906, ""rs_vs_nifty"": 0.39670457868224906}, {""sector"": ""NIFTY_REALTY"", ""ltp"": 913.0, ""return_pct"": 0.3131351974949209, ""rs_vs_nifty"": 0.3131351974949209}, {""sector"": ""NIFTY_ENERGY"", ""ltp"": 38131.95, ""return_pct"": 0.08412095569803499, ""rs_vs_nifty"": 0.08412095569803499}, {""sector"": ""NIFTY_BANK"", ""ltp"": 57729.15, ""return_pct"": -0.09449023298072304, ""rs_vs_nifty"": -0.09449023298072304}, {""sector"": ""NIFTY_FIN_SERVICE"", ""ltp"": 26354.6, ""return_pct"": -0.12184145451789802, ""rs_vs_nifty"": -0.12184145451789802}, {""sector"": ""NIFTY_PSU_BANK"", ""ltp"": 8648.45, ""return_pct"": -0.2428052367495158, ""rs_vs_nifty"": -0.2428052367495158}, {""sector"": ""NIFTY_METAL"", ""ltp"": 13502.8, ""return_pct"": -0.2872608313579643, ""rs_vs_nifty"": -0.2872608313579643}, {""sector"": ""NIFTY_INFRA"", ""ltp"": 9260.4, ""return_pct"": -0.30628118658392295, ""rs_vs_nifty"": -0.30628118658392295}, {""sector"": ""NIFTY_AUTO"", ""ltp"": 28901.95, ""return_pct"": -0.3386189381779085, ""rs_vs_nifty"": -0.3386189381779085}, {""sector"": ""NIFTY_IT"", ""ltp"": 30208.7, ""return_pct"": -0.36330533644909957, ""rs_vs_nifty"": -0.36330533644909957}, {""sector"": ""NIFTY_FMCG"", ""ltp"": 47037.85, ""return_pct"": -0.4551043428022468, ""rs_vs_nifty"": -0.4551043428022468}, {""sector"": ""NIFTY_MEDIA"", ""ltp"": 1600.45, ""return_pct"": -0.654872749844814, ""rs_vs_nifty"": -0.654872749844814}]"
2026-08-27 11:50:43,NORMAL,24148.0,,0,24193.960582137777,,,False,True,[],"[[""NIFTY_MEDIA"", -0.6362507759155804, -0.6362507759155804]]","[{""sector"": ""NIFTY_PHARMA"", ""ltp"": 26746.8, ""return_pct"": 0.452560062795056, ""rs_vs_nifty"": 0.452560062795056}, {""sector"": ""NIFTY_HEALTHCARE"", ""ltp"": 16654.15, ""return_pct"": 0.4069537851223725, ""rs_vs_nifty"": 0.4069537851223725}, {""sector"": ""NIFTY_REALTY"", ""ltp"": 912.3, ""return_pct"": 0.23622479811019914, ""rs_vs_nifty"": 0.23622479811019914}, {""sector"": ""NIFTY_ENERGY"", ""ltp"": 38138.7, ""return_pct"": 0.1018375376313209, ""rs_vs_nifty"": 0.1018375376313209}, {""sector"": ""NIFTY_BANK"", ""ltp"": 57720.35, ""return_pct"": -0.10971942803989262, ""rs_vs_nifty"": -0.10971942803989262}, {""sector"": ""NIFTY_FIN_SERVICE"", ""ltp"": 26343.4, ""return_pct"": -0.16428700010421346, ""rs_vs_nifty"": -0.16428700010421346}, {""sector"": ""NIFTY_PSU_BANK"", ""ltp"": 8646.05, ""return_pct"": -0.27048849414615295, ""rs_vs_nifty"": -0.27048849414615295}, {""sector"": ""NIFTY_INFRA"", ""ltp"": 9261.6, ""return_pct"": -0.29336247221130707, ""rs_vs_nifty"": -0.29336247221130707}, {""sector"": ""NIFTY_AUTO"", ""ltp"": 28912.2, ""return_pct"": -0.30327429340882966, ""rs_vs_nifty"": -0.30327429340882966}, {""sector"": ""NIFTY_IT"", ""ltp"": 30197.7, ""return_pct"": -0.39958639592200174, ""rs_vs_nifty"": -0.39958639592200174}, {""sector"": ""NIFTY_METAL"", ""ltp"": 13486.95, ""return_pct"": -0.4043066970912072, ""rs_vs_nifty"": -0.4043066970912072}, {""sector"": ""NIFTY_FMCG"", ""ltp"": 47048.05, ""return_pct"": -0.4335183660685345, ""rs_vs_nifty"": -0.4335183660685345}, {""sector"": ""NIFTY_MEDIA"", ""ltp"": 1600.75, ""return_pct"": -0.6362507759155804, ""rs_vs_nifty"": -0.6362507759155804}]"
2026-08-27 11:52:23,NORMAL,24149.5,,0,24193.447794479758,,,False,True,[],"[[""NIFTY_MEDIA"", -0.6424581005586536, -0.6424581005586536]]","[{""sector"": ""NIFTY_PHARMA"", ""ltp"": 26741.15, ""return_pct"": 0.4313404415934703, ""rs_vs_nifty"": 0.4313404415934703}, {""sector"": ""NIFTY_HEALTHCARE"", ""ltp"": 16654.3, ""return_pct"": 0.4078581268670757, ""rs_vs_nifty"": 0.4078581268670757}, {""sector"": ""NIFTY_REALTY"", ""ltp"": 912.4, ""return_pct"": 0.24721199802230404, ""rs_vs_nifty"": 0.24721199802230404}, {""sector"": ""NIFTY_ENERGY"", ""ltp"": 38139.9, ""return_pct"": 0.10498715219724986, ""rs_vs_nifty"": 0.10498715219724986}, {""sector"": ""NIFTY_BANK"", ""ltp"": 57728.95, ""return_pct"": -0.09483635105025706, ""rs_vs_nifty"": -0.09483635105025706}, {""sector"": ""NIFTY_FIN_SERVICE"", ""ltp"": 26346.45, ""return_pct"": -0.1527281684936541, ""rs_vs_nifty"": -0.1527281684936541}, {""sector"": ""NIFTY_INFRA"", ""ltp"": 9263.95, ""return_pct"": -0.26806332323161247, ""rs_vs_nifty"": -0.26806332323161247}, {""sector"": ""NIFTY_PSU_BANK"", ""ltp"": 8644.4, ""return_pct"": -0.28952073360632524, ""rs_vs_nifty"": -0.28952073360632524}, {""sector"": ""NIFTY_AUTO"", ""ltp"": 28912.4, ""return_pct"": -0.30258464180357686, ""rs_vs_nifty"": -0.30258464180357686}, {""sector"": ""NIFTY_METAL"", ""ltp"": 13489.65, ""return_pct"": -0.3843682846319228, ""rs_vs_nifty"": -0.3843682846319228}, {""sector"": ""NIFTY_IT"", ""ltp"": 30195.6, ""return_pct"": -0.40651278000319935, ""rs_vs_nifty"": -0.40651278000319935}, {""sector"": ""NIFTY_FMCG"", ""ltp"": 47052.5, ""return_pct"": -0.42410095465040554, ""rs_vs_nifty"": -0.42410095465040554}, {""sector"": ""NIFTY_MEDIA"", ""ltp"": 1600.65, ""return_pct"": -0.6424581005586536, ""rs_vs_nifty"": -0.6424581005586536}]"
2026-08-27 11:54:17,NORMAL,24155.2,,0,24193.138607368644,,,False,True,[],"[[""NIFTY_MEDIA"", -0.6300434512725073, -0.6300434512725073]]","[{""sector"": ""NIFTY_PHARMA"", ""ltp"": 26741.8, ""return_pct"": 0.43378163695293753, ""rs_vs_nifty"": 0.43378163695293753}, {""sector"": ""NIFTY_HEALTHCARE"", ""ltp"": 16652.95, ""return_pct"": 0.3997190511646371, ""rs_vs_nifty"": 0.3997190511646371}, {""sector"": ""NIFTY_REALTY"", ""ltp"": 912.65, ""return_pct"": 0.27467999780256, ""rs_vs_nifty"": 0.27467999780256}, {""sector"": ""NIFTY_ENERGY"", ""ltp"": 38138.05, ""return_pct"": 0.10013149640813086, ""rs_vs_nifty"": 0.10013149640813086}, {""sector"": ""NIFTY_BANK"", ""ltp"": 57730.95, ""return_pct"": -0.09137517035499237, ""rs_vs_nifty"": -0.09137517035499237}, {""sector"": ""NIFTY_FIN_SERVICE"", ""ltp"": 26347.6, ""return_pct"": -0.14836992050935208, ""rs_vs_nifty"": -0.14836992050935208}, {""sector"": ""NIFTY_INFRA"", ""ltp"": 9267.5, ""return_pct"": -0.22984545987932156, ""rs_vs_nifty"": -0.22984545987932156}, {""sector"": ""NIFTY_AUTO"", ""ltp"": 28912.3, ""return_pct"": -0.30292946760620953, ""rs_vs_nifty"": -0.30292946760620953}, {""sector"": ""NIFTY_PSU_BANK"", ""ltp"": 8643.2, ""return_pct"": -0.30336236230462277, ""rs_vs_nifty"": -0.30336236230462277}, {""sector"": ""NIFTY_METAL"", ""ltp"": 13490.85, ""return_pct"": -0.375506767983343, ""rs_vs_nifty"": -0.375506767983343}, {""sector"": ""NIFTY_IT"", ""ltp"": 30195.9, ""return_pct"": -0.4055232965630197, ""rs_vs_nifty"": -0.4055232965630197}, {""sector"": ""NIFTY_FMCG"", ""ltp"": 47047.1, ""return_pct"": -0.43552882468589843, ""rs_vs_nifty"": -0.43552882468589843}, {""sector"": ""NIFTY_MEDIA"", ""ltp"": 1600.85, ""return_pct"": -0.6300434512725073, ""rs_vs_nifty"": -0.6300434512725073}]"
2026-08-27 11:55:57,NORMAL,24158.1,,0,24192.79737179666,,,False,True,[],"[[""NIFTY_MEDIA"", -0.6145251396648101, -0.6145251396648101]]","[{""sector"": ""NIFTY_PHARMA"", ""ltp"": 26733.55, ""return_pct"": 0.40279723431344194, ""rs_vs_nifty"": 0.40279723431344194}, {""sector"": ""NIFTY_HEALTHCARE"", ""ltp"": 16646.6, ""return_pct"": 0.36143525063829696, ""rs_vs_nifty"": 0.36143525063829696}, {""sector"": ""NIFTY_REALTY"", ""ltp"": 912.7, ""return_pct"": 0.2801735977586187, ""rs_vs_nifty"": 0.2801735977586187}, {""sector"": ""NIFTY_ENERGY"", ""ltp"": 38138.2, ""return_pct"": 0.10052519822885528, ""rs_vs_nifty"": 0.10052519822885528}, {""sector"": ""NIFTY_BANK"", ""ltp"": 57732.35, ""return_pct"": -0.0889523438683046, ""rs_vs_nifty"": -0.0889523438683046}, {""sector"": ""NIFTY_FIN_SERVICE"", ""ltp"": 26352.6, ""return_pct"": -0.12942101622974203, ""rs_vs_nifty"": -0.12942101622974203}, {""sector"": ""NIFTY_INFRA"", ""ltp"": 9269.65, ""return_pct"": -0.20669942996173613, ""rs_vs_nifty"": -0.20669942996173613}, {""sector"": ""NIFTY_AUTO"", ""ltp"": 28912.1, ""return_pct"": -0.3036191192114624, ""rs_vs_nifty"": -0.3036191192114624}, {""sector"": ""NIFTY_PSU_BANK"", ""ltp"": 8640.15, ""return_pct"": -0.33854316857950706, ""rs_vs_nifty"": -0.33854316857950706}, {""sector"": ""NIFTY_METAL"", ""ltp"": 13491.85, ""return_pct"": -0.3681221707761977, ""rs_vs_nifty"": -0.3681221707761977}, {""sector"": ""NIFTY_IT"", ""ltp"": 30190.15, ""return_pct"": -0.4244883958329458, ""rs_vs_nifty"": -0.4244883958329458}, {""sector"": ""NIFTY_FMCG"", ""ltp"": 47040.35, ""return_pct"": -0.44981366223026076, ""rs_vs_nifty"": -0.44981366223026076}, {""sector"": ""NIFTY_MEDIA"", ""ltp"": 1601.1, ""return_pct"": -0.6145251396648101, ""rs_vs_nifty"": -0.6145251396648101}]"
2026-08-27 11:57:56,NORMAL,24157.75,,0,24192.43958190616,,,False,True,[],"[[""NIFTY_MEDIA"", -0.5400372439478612, -0.5400372439478612]]","[{""sector"": ""NIFTY_PHARMA"", ""ltp"": 26737.4, ""return_pct"": 0.4172566222118815, ""rs_vs_nifty"": 0.4172566222118815}, {""sector"": ""NIFTY_HEALTHCARE"", ""ltp"": 16649.3, ""return_pct"": 0.37771340204319626, ""rs_vs_nifty"": 0.37771340204319626}, {""sector"": ""NIFTY_REALTY"", ""ltp"": 912.9, ""return_pct"": 0.302147997582816, ""rs_vs_nifty"": 0.302147997582816}, {""sector"": ""NIFTY_ENERGY"", ""ltp"": 38158.5, ""return_pct"": 0.15380617796896723, ""rs_vs_nifty"": 0.15380617796896723}, {""sector"": ""NIFTY_BANK"", ""ltp"": 57727.5, ""return_pct"": -0.09734570705431891, ""rs_vs_nifty"": -0.09734570705431891}, {""sector"": ""NIFTY_FIN_SERVICE"", ""ltp"": 26353.3, ""return_pct"": -0.12676816963059387, ""rs_vs_nifty"": -0.12676816963059387}, {""sector"": ""NIFTY_INFRA"", ""ltp"": 9271.9, ""return_pct"": -0.1824768405130961, ""rs_vs_nifty"": -0.1824768405130961}, {""sector"": ""NIFTY_AUTO"", ""ltp"": 28910.0, ""return_pct"": -0.3108604610665857, ""rs_vs_nifty"": -0.3108604610665857}, {""sector"": ""NIFTY_METAL"", ""ltp"": 13491.65, ""return_pct"": -0.3695990902176321, ""rs_vs_nifty"": -0.3695990902176321}, {""sector"": ""NIFTY_PSU_BANK"", ""ltp"": 8637.2, ""return_pct"": -0.3725705057961736, ""rs_vs_nifty"": -0.3725705057961736}, {""sector"": ""NIFTY_IT"", ""ltp"": 30181.7, ""return_pct"": -0.4523588460644049, ""rs_vs_nifty"": -0.4523588460644049}, {""sector"": ""NIFTY_FMCG"", ""ltp"": 47031.25, ""return_pct"": -0.469071739512287, ""rs_vs_nifty"": -0.469071739512287}, {""sector"": ""NIFTY_MEDIA"", ""ltp"": 1602.3, ""return_pct"": -0.5400372439478612, ""rs_vs_nifty"": -0.5400372439478612}]"
2026-08-27 11:59:38,NORMAL,24160.0,,0,24192.25937969839,,,False,True,[],"[[""NIFTY_MEDIA"", -0.5245189323401642, -0.5245189323401642]]","[{""sector"": ""NIFTY_PHARMA"", ""ltp"": 26745.5, ""return_pct"": 0.4476776720761079, ""rs_vs_nifty"": 0.4476776720761079}, {""sector"": ""NIFTY_HEALTHCARE"", ""ltp"": 16654.2, ""return_pct"": 0.4072552323706069, ""rs_vs_nifty"": 0.4072552323706069}, {""sector"": ""NIFTY_REALTY"", ""ltp"": 913.3, ""return_pct"": 0.3460967972312231, ""rs_vs_nifty"": 0.3460967972312231}, {""sector"": ""NIFTY_ENERGY"", ""ltp"": 38152.85, ""return_pct"": 0.13897674272110186, ""rs_vs_nifty"": 0.13897674272110186}, {""sector"": ""NIFTY_BANK"", ""ltp"": 57747.75, ""return_pct"": -0.0623012525147641, ""rs_vs_nifty"": -0.0623012525147641}, {""sector"": ""NIFTY_FIN_SERVICE"", ""ltp"": 26364.0, ""return_pct"": -0.08621751447222564, ""rs_vs_nifty"": -0.08621751447222564}, {""sector"": ""NIFTY_INFRA"", ""ltp"": 9269.8, ""return_pct"": -0.20508459066516405, ""rs_vs_nifty"": -0.20508459066516405}, {""sector"": ""NIFTY_AUTO"", ""ltp"": 28921.05, ""return_pct"": -0.27275720987650814, ""rs_vs_nifty"": -0.27275720987650814}, {""sector"": ""NIFTY_PSU_BANK"", ""ltp"": 8636.4, ""return_pct"": -0.3817982582617263, ""rs_vs_nifty"": -0.3817982582617263}, {""sector"": ""NIFTY_IT"", ""ltp"": 30194.9, ""return_pct"": -0.40882157469691993, ""rs_vs_nifty"": -0.40882157469691993}, {""sector"": ""NIFTY_METAL"", ""ltp"": 13484.3, ""return_pct"": -0.42387587969015306, ""rs_vs_nifty"": -0.42387587969015306}, {""sector"": ""NIFTY_FMCG"", ""ltp"": 47048.9, ""return_pct"": -0.4317195346740623, ""rs_vs_nifty"": -0.4317195346740623}, {""sector"": ""NIFTY_MEDIA"", ""ltp"": 1602.55, ""return_pct"": -0.5245189323401642, ""rs_vs_nifty"": -0.5245189323401642}]"
2026-08-27 12:01:33,NORMAL,24153.4,,0,24191.802138116756,,,False,True,[],"[[""NIFTY_MEDIA"", -0.6021104903786496, -0.6021104903786496]]","[{""sector"": ""NIFTY_PHARMA"", ""ltp"": 26734.75, ""return_pct"": 0.4073040565155532, ""rs_vs_nifty"": 0.4073040565155532}, {""sector"": ""NIFTY_HEALTHCARE"", ""ltp"": 16647.9, ""return_pct"": 0.36927287909252315, ""rs_vs_nifty"": 0.36927287909252315}, {""sector"": ""NIFTY_REALTY"", ""ltp"": 912.25, ""return_pct"": 0.23073119815415294, ""rs_vs_nifty"": 0.23073119815415294}, {""sector"": ""NIFTY_ENERGY"", ""ltp"": 38145.05, ""return_pct"": 0.1185042480426496, ""rs_vs_nifty"": 0.1185042480426496}, {""sector"": ""NIFTY_BANK"", ""ltp"": 57713.75, ""return_pct"": -0.12114132433426353, ""rs_vs_nifty"": -0.12114132433426353}, {""sector"": ""NIFTY_FIN_SERVICE"", ""ltp"": 26347.15, ""return_pct"": -0.15007532189450595, ""rs_vs_nifty"": -0.15007532189450595}, {""sector"": ""NIFTY_INFRA"", ""ltp"": 9268.85, ""return_pct"": -0.21531190621013363, ""rs_vs_nifty"": -0.21531190621013363}, {""sector"": ""NIFTY_AUTO"", ""ltp"": 28920.15, ""return_pct"": -0.27586064210012706, ""rs_vs_nifty"": -0.27586064210012706}, {""sector"": ""NIFTY_PSU_BANK"", ""ltp"": 8632.95, ""return_pct"": -0.42159294076935544, ""rs_vs_nifty"": -0.42159294076935544}, {""sector"": ""NIFTY_IT"", ""ltp"": 30189.95, ""return_pct"": -0.4251480514597282, ""rs_vs_nifty"": -0.4251480514597282}, {""sector"": ""NIFTY_FMCG"", ""ltp"": 47049.6, ""return_pct"": -0.43023814411391237, ""rs_vs_nifty"": -0.43023814411391237}, {""sector"": ""NIFTY_METAL"", ""ltp"": 13481.8, ""return_pct"": -0.4423373727080164, ""rs_vs_nifty"": -0.4423373727080164}, {""sector"": ""NIFTY_MEDIA"", ""ltp"": 1601.3, ""return_pct"": -0.6021104903786496, ""rs_vs_nifty"": -0.6021104903786496}]"
2026-08-27 12:03:14,NORMAL,24153.25,,0,24191.37294752725,,,False,True,[],"[[""NIFTY_MEDIA"", -0.5307262569832374, -0.5307262569832374]]","[{""sector"": ""NIFTY_PHARMA"", ""ltp"": 26746.55, ""return_pct"": 0.45162114150295013, ""rs_vs_nifty"": 0.45162114150295013}, {""sector"": ""NIFTY_HEALTHCARE"", ""ltp"": 16654.7, ""return_pct"": 0.4102697048529948, ""rs_vs_nifty"": 0.4102697048529948}, {""sector"": ""NIFTY_REALTY"", ""ltp"": 912.7, ""return_pct"": 0.2801735977586187, ""rs_vs_nifty"": 0.2801735977586187}, {""sector"": ""NIFTY_ENERGY"", ""ltp"": 38133.5, ""return_pct"": 0.08818920784568605, ""rs_vs_nifty"": 0.08818920784568605}, {""sector"": ""NIFTY_BANK"", ""ltp"": 57715.7, ""return_pct"": -0.1177666731563855, ""rs_vs_nifty"": -0.1177666731563855}, {""sector"": ""NIFTY_FIN_SERVICE"", ""ltp"": 26351.7, ""return_pct"": -0.13283181900006358, ""rs_vs_nifty"": -0.13283181900006358}, {""sector"": ""NIFTY_INFRA"", ""ltp"": 9268.7, ""return_pct"": -0.21692674550670574, ""rs_vs_nifty"": -0.21692674550670574}, {""sector"": ""NIFTY_AUTO"", ""ltp"": 28910.55, ""return_pct"": -0.3089639191521498, ""rs_vs_nifty"": -0.3089639191521498}, {""sector"": ""NIFTY_METAL"", ""ltp"": 13484.05, ""return_pct"": -0.4257220289919394, ""rs_vs_nifty"": -0.4257220289919394}, {""sector"": ""NIFTY_FMCG"", ""ltp"": 47045.4, ""return_pct"": -0.4391264874748428, ""rs_vs_nifty"": -0.4391264874748428}, {""sector"": ""NIFTY_IT"", ""ltp"": 30185.05, ""return_pct"": -0.441309614315844, ""rs_vs_nifty"": -0.441309614315844}, {""sector"": ""NIFTY_PSU_BANK"", ""ltp"": 8631.05, ""return_pct"": -0.44350885287503, ""rs_vs_nifty"": -0.44350885287503}, {""sector"": ""NIFTY_MEDIA"", ""ltp"": 1602.45, ""return_pct"": -0.5307262569832374, ""rs_vs_nifty"": -0.5307262569832374}]"
2026-08-27 12:05:14,NORMAL,24151.1,,0,24190.77085605411,,,False,True,[],[],"[{""sector"": ""NIFTY_PHARMA"", ""ltp"": 26739.1, ""return_pct"": 0.4236412869981908, ""rs_vs_nifty"": 0.4236412869981908}, {""sector"": ""NIFTY_HEALTHCARE"", ""ltp"": 16649.7, ""return_pct"": 0.3801249800291154, ""rs_vs_nifty"": 0.3801249800291154}, {""sector"": ""NIFTY_REALTY"", ""ltp"": 913.05, ""return_pct"": 0.3186287974509671, ""rs_vs_nifty"": 0.3186287974509671}, {""sector"": ""NIFTY_ENERGY"", ""ltp"": 38140.4, ""return_pct"": 0.1062994915997155, ""rs_vs_nifty"": 0.1062994915997155}, {""sector"": ""NIFTY_BANK"", ""ltp"": 57690.9, ""return_pct"": -0.16068531377765988, ""rs_vs_nifty"": -0.16068531377765988}, {""sector"": ""NIFTY_FIN_SERVICE"", ""ltp"": 26339.8, ""return_pct"": -0.17793021118554095, ""rs_vs_nifty"": -0.17793021118554095}, {""sector"": ""NIFTY_INFRA"", ""ltp"": 9270.85, ""return_pct"": -0.1937807155891203, ""rs_vs_nifty"": -0.1937807155891203}, {""sector"": ""NIFTY_METAL"", ""ltp"": 13499.65, ""return_pct"": -0.31052231256046947, ""rs_vs_nifty"": -0.31052231256046947}, {""sector"": ""NIFTY_AUTO"", ""ltp"": 28909.2, ""return_pct"": -0.31361906748758445, ""rs_vs_nifty"": -0.31361906748758445}, {""sector"": ""NIFTY_PSU_BANK"", ""ltp"": 8632.95, ""return_pct"": -0.42159294076935544, ""rs_vs_nifty"": -0.42159294076935544}, {""sector"": ""NIFTY_IT"", ""ltp"": 30185.7, ""return_pct"": -0.43916573352880417, ""rs_vs_nifty"": -0.43916573352880417}, {""sector"": ""NIFTY_FMCG"", ""ltp"": 47037.35, ""return_pct"": -0.4561624789166441, ""rs_vs_nifty"": -0.4561624789166441}, {""sector"": ""NIFTY_MEDIA"", ""ltp"": 1603.05, ""return_pct"": -0.4934823091247701, ""rs_vs_nifty"": -0.4934823091247701}]"
2026-08-27 12:06:57,NORMAL,24147.2,,0,24190.348470439505,,,False,True,[],[],"[{""sector"": ""NIFTY_PHARMA"", ""ltp"": 26724.2, ""return_pct"": 0.36768157798868584, ""rs_vs_nifty"": 0.36768157798868584}, {""sector"": ""NIFTY_HEALTHCARE"", ""ltp"": 16641.5, ""return_pct"": 0.3306876313179487, ""rs_vs_nifty"": 0.3306876313179487}, {""sector"": ""NIFTY_REALTY"", ""ltp"": 912.45, ""return_pct"": 0.25270559797836273, ""rs_vs_nifty"": 0.25270559797836273}, {""sector"": ""NIFTY_ENERGY"", ""ltp"": 38130.25, ""return_pct"": 0.0796590017296595, ""rs_vs_nifty"": 0.0796590017296595}, {""sector"": ""NIFTY_BANK"", ""ltp"": 57693.35, ""return_pct"": -0.15644536742596568, ""rs_vs_nifty"": -0.15644536742596568}, {""sector"": ""NIFTY_FIN_SERVICE"", ""ltp"": 26334.1, ""return_pct"": -0.19953196206429916, ""rs_vs_nifty"": -0.19953196206429916}, {""sector"": ""NIFTY_INFRA"", ""ltp"": 9270.3, ""return_pct"": -0.1997017930099107, ""rs_vs_nifty"": -0.1997017930099107}, {""sector"": ""NIFTY_METAL"", ""ltp"": 13497.35, ""return_pct"": -0.3275068861368983, ""rs_vs_nifty"": -0.3275068861368983}, {""sector"": ""NIFTY_AUTO"", ""ltp"": 28903.0, ""return_pct"": -0.3349982672503468, ""rs_vs_nifty"": -0.3349982672503468}, {""sector"": ""NIFTY_PSU_BANK"", ""ltp"": 8634.1, ""return_pct"": -0.40832804660014577, ""rs_vs_nifty"": -0.40832804660014577}, {""sector"": ""NIFTY_IT"", ""ltp"": 30182.1, ""return_pct"": -0.45103953481085196, ""rs_vs_nifty"": -0.45103953481085196}, {""sector"": ""NIFTY_MEDIA"", ""ltp"": 1603.55, ""return_pct"": -0.46244568590937585, ""rs_vs_nifty"": -0.46244568590937585}, {""sector"": ""NIFTY_FMCG"", ""ltp"": 47031.3, ""return_pct"": -0.4689659259008411, ""rs_vs_nifty"": -0.4689659259008411}]"
2026-08-27 12:08:54,NORMAL,24139.7,,0,24189.69830602862,,,False,True,[],"[[""NIFTY_FMCG"", -0.5053658082361144, -0.5053658082361144]]","[{""sector"": ""NIFTY_PHARMA"", ""ltp"": 26710.4, ""return_pct"": 0.3158531226644415, ""rs_vs_nifty"": 0.3158531226644415}, {""sector"": ""NIFTY_HEALTHCARE"", ""ltp"": 16634.05, ""return_pct"": 0.28577199133036396, ""rs_vs_nifty"": 0.28577199133036396}, {""sector"": ""NIFTY_REALTY"", ""ltp"": 912.1, ""return_pct"": 0.21425039828600181, ""rs_vs_nifty"": 0.21425039828600181}, {""sector"": ""NIFTY_ENERGY"", ""ltp"": 38118.5, ""return_pct"": 0.048819025771717366, ""rs_vs_nifty"": 0.048819025771717366}, {""sector"": ""NIFTY_BANK"", ""ltp"": 57678.35, ""return_pct"": -0.18240422264045075, ""rs_vs_nifty"": -0.18240422264045075}, {""sector"": ""NIFTY_FIN_SERVICE"", ""ltp"": 26326.1, ""return_pct"": -0.2298502089116752, ""rs_vs_nifty"": -0.2298502089116752}, {""sector"": ""NIFTY_INFRA"", ""ltp"": 9265.6, ""return_pct"": -0.25030009096928035, ""rs_vs_nifty"": -0.25030009096928035}, {""sector"": ""NIFTY_METAL"", ""ltp"": 13491.6, ""return_pct"": -0.369968320077984, ""rs_vs_nifty"": -0.369968320077984}, {""sector"": ""NIFTY_AUTO"", ""ltp"": 28887.65, ""return_pct"": -0.38792902795330364, ""rs_vs_nifty"": -0.38792902795330364}, {""sector"": ""NIFTY_PSU_BANK"", ""ltp"": 8630.7, ""return_pct"": -0.447545994578687, ""rs_vs_nifty"": -0.447545994578687}, {""sector"": ""NIFTY_MEDIA"", ""ltp"": 1603.75, ""return_pct"": -0.45003103662321536, ""rs_vs_nifty"": -0.45003103662321536}, {""sector"": ""NIFTY_IT"", ""ltp"": 30181.6, ""return_pct"": -0.45268867387780215, ""rs_vs_nifty"": -0.45268867387780215}, {""sector"": ""NIFTY_FMCG"", ""ltp"": 47014.1, ""return_pct"": -0.5053658082361144, ""rs_vs_nifty"": -0.5053658082361144}]"
2026-08-27 12:10:35,NORMAL,24144.1,,0,24189.19010717486,,,False,True,[],"[[""NIFTY_FMCG"", -0.5052599946246685, -0.5052599946246685]]","[{""sector"": ""NIFTY_PHARMA"", ""ltp"": 26701.65, ""return_pct"": 0.2829908774407341, ""rs_vs_nifty"": 0.2829908774407341}, {""sector"": ""NIFTY_HEALTHCARE"", ""ltp"": 16629.35, ""return_pct"": 0.2574359499959129, ""rs_vs_nifty"": 0.2574359499959129}, {""sector"": ""NIFTY_REALTY"", ""ltp"": 911.85, ""return_pct"": 0.18678239850574582, ""rs_vs_nifty"": 0.18678239850574582}, {""sector"": ""NIFTY_ENERGY"", ""ltp"": 38117.9, ""return_pct"": 0.04724421848876244, ""rs_vs_nifty"": 0.04724421848876244}, {""sector"": ""NIFTY_BANK"", ""ltp"": 57678.0, ""return_pct"": -0.18300992926211954, ""rs_vs_nifty"": -0.18300992926211954}, {""sector"": ""NIFTY_FIN_SERVICE"", ""ltp"": 26332.4, ""return_pct"": -0.20597458951935552, ""rs_vs_nifty"": -0.20597458951935552}, {""sector"": ""NIFTY_INFRA"", ""ltp"": 9265.55, ""return_pct"": -0.2508383707348174, ""rs_vs_nifty"": -0.2508383707348174}, {""sector"": ""NIFTY_METAL"", ""ltp"": 13498.45, ""return_pct"": -0.31938382920903574, ""rs_vs_nifty"": -0.31938382920903574}, {""sector"": ""NIFTY_AUTO"", ""ltp"": 28893.4, ""return_pct"": -0.36810154430235703, ""rs_vs_nifty"": -0.36810154430235703}, {""sector"": ""NIFTY_IT"", ""ltp"": 30198.25, ""return_pct"": -0.397772342948359, ""rs_vs_nifty"": -0.397772342948359}, {""sector"": ""NIFTY_PSU_BANK"", ""ltp"": 8630.3, ""return_pct"": -0.45215987081147385, ""rs_vs_nifty"": -0.45215987081147385}, {""sector"": ""NIFTY_MEDIA"", ""ltp"": 1602.95, ""return_pct"": -0.49968963376784326, ""rs_vs_nifty"": -0.49968963376784326}, {""sector"": ""NIFTY_FMCG"", ""ltp"": 47014.15, ""return_pct"": -0.5052599946246685, ""rs_vs_nifty"": -0.5052599946246685}]"
2026-08-27 12:12:37,NORMAL,24142.25,,0,24188.836245692662,,,False,True,[],"[[""NIFTY_FMCG"", -0.5040960448988409, -0.5040960448988409], [""NIFTY_PSU_BANK"", -0.5029125093719402, -0.5029125093719402]]","[{""sector"": ""NIFTY_PHARMA"", ""ltp"": 26714.3, ""return_pct"": 0.33050029482128573, ""rs_vs_nifty"": 0.33050029482128573}, {""sector"": ""NIFTY_HEALTHCARE"", ""ltp"": 16638.05, ""return_pct"": 0.30988777118946753, ""rs_vs_nifty"": 0.30988777118946753}, {""sector"": ""NIFTY_REALTY"", ""ltp"": 911.95, ""return_pct"": 0.19776959841785072, ""rs_vs_nifty"": 0.19776959841785072}, {""sector"": ""NIFTY_ENERGY"", ""ltp"": 38126.05, ""return_pct"": 0.06863535074895592, ""rs_vs_nifty"": 0.06863535074895592}, {""sector"": ""NIFTY_BANK"", ""ltp"": 57652.0, ""return_pct"": -0.2280052783005603, ""rs_vs_nifty"": -0.2280052783005603}, {""sector"": ""NIFTY_FIN_SERVICE"", ""ltp"": 26324.0, ""return_pct"": -0.2378087487091059, ""rs_vs_nifty"": -0.2378087487091059}, {""sector"": ""NIFTY_INFRA"", ""ltp"": 9263.4, ""return_pct"": -0.2739844006524029, ""rs_vs_nifty"": -0.2739844006524029}, {""sector"": ""NIFTY_AUTO"", ""ltp"": 28916.75, ""return_pct"": -0.2875847193893875, ""rs_vs_nifty"": -0.2875847193893875}, {""sector"": ""NIFTY_METAL"", ""ltp"": 13490.95, ""return_pct"": -0.37476830826262575, ""rs_vs_nifty"": -0.37476830826262575}, {""sector"": ""NIFTY_IT"", ""ltp"": 30204.7, ""return_pct"": -0.37649844898470036, ""rs_vs_nifty"": -0.37649844898470036}, {""sector"": ""NIFTY_MEDIA"", ""ltp"": 1604.9, ""return_pct"": -0.37864680322780314, ""rs_vs_nifty"": -0.37864680322780314}, {""sector"": ""NIFTY_PSU_BANK"", ""ltp"": 8625.9, ""return_pct"": -0.5029125093719402, ""rs_vs_nifty"": -0.5029125093719402}, {""sector"": ""NIFTY_FMCG"", ""ltp"": 47014.7, ""return_pct"": -0.5040960448988409, ""rs_vs_nifty"": -0.5040960448988409}]"
2026-08-27 12:14:19,NORMAL,24153.8,,0,24188.63206944159,,,False,True,[],[],"[{""sector"": ""NIFTY_PHARMA"", ""ltp"": 26725.0, ""return_pct"": 0.37068612612342206, ""rs_vs_nifty"": 0.37068612612342206}, {""sector"": ""NIFTY_HEALTHCARE"", ""ltp"": 16645.1, ""return_pct"": 0.35239183319113315, ""rs_vs_nifty"": 0.35239183319113315}, {""sector"": ""NIFTY_REALTY"", ""ltp"": 912.05, ""return_pct"": 0.20875679832994312, ""rs_vs_nifty"": 0.20875679832994312}, {""sector"": ""NIFTY_ENERGY"", ""ltp"": 38132.95, ""return_pct"": 0.08674563450296624, ""rs_vs_nifty"": 0.08674563450296624}, {""sector"": ""NIFTY_FIN_SERVICE"", ""ltp"": 26336.75, ""return_pct"": -0.18948904279610032, ""rs_vs_nifty"": -0.18948904279610032}, {""sector"": ""NIFTY_INFRA"", ""ltp"": 9270.65, ""return_pct"": -0.19593383465122946, ""rs_vs_nifty"": -0.19593383465122946}, {""sector"": ""NIFTY_BANK"", ""ltp"": 57670.05, ""return_pct"": -0.1967681225257916, ""rs_vs_nifty"": -0.1967681225257916}, {""sector"": ""NIFTY_AUTO"", ""ltp"": 28929.2, ""return_pct"": -0.24465390696255268, ""rs_vs_nifty"": -0.24465390696255268}, {""sector"": ""NIFTY_IT"", ""ltp"": 30219.25, ""return_pct"": -0.3285085021364549, ""rs_vs_nifty"": -0.3285085021364549}, {""sector"": ""NIFTY_METAL"", ""ltp"": 13495.95, ""return_pct"": -0.3378453222268991, ""rs_vs_nifty"": -0.3378453222268991}, {""sector"": ""NIFTY_MEDIA"", ""ltp"": 1604.15, ""return_pct"": -0.4252017380508944, ""rs_vs_nifty"": -0.4252017380508944}, {""sector"": ""NIFTY_PSU_BANK"", ""ltp"": 8627.7, ""return_pct"": -0.48215006632446245, ""rs_vs_nifty"": -0.48215006632446245}, {""sector"": ""NIFTY_FMCG"", ""ltp"": 47019.2, ""return_pct"": -0.49457281986926593, ""rs_vs_nifty"": -0.49457281986926593}]"
2026-08-27 12:16:20,NORMAL,24153.55,,0,24188.129337181846,,,False,True,[],"[[""NIFTY_PSU_BANK"", -0.5346329084722344, -0.5346329084722344], [""NIFTY_MEDIA"", -0.5183116076970768, -0.5183116076970768], [""NIFTY_FMCG"", -0.5040960448988409, -0.5040960448988409]]","[{""sector"": ""NIFTY_PHARMA"", ""ltp"": 26736.8, ""return_pct"": 0.415003211110819, ""rs_vs_nifty"": 0.415003211110819}, {""sector"": ""NIFTY_HEALTHCARE"", ""ltp"": 16652.7, ""return_pct"": 0.39821181492344304, ""rs_vs_nifty"": 0.39821181492344304}, {""sector"": ""NIFTY_REALTY"", ""ltp"": 912.45, ""return_pct"": 0.25270559797836273, ""rs_vs_nifty"": 0.25270559797836273}, {""sector"": ""NIFTY_ENERGY"", ""ltp"": 38123.45, ""return_pct"": 0.0618111858561194, ""rs_vs_nifty"": 0.0618111858561194}, {""sector"": ""NIFTY_FIN_SERVICE"", ""ltp"": 26339.55, ""return_pct"": -0.17887765639952147, ""rs_vs_nifty"": -0.17887765639952147}, {""sector"": ""NIFTY_BANK"", ""ltp"": 57672.95, ""return_pct"": -0.1917494105176679, ""rs_vs_nifty"": -0.1917494105176679}, {""sector"": ""NIFTY_INFRA"", ""ltp"": 9267.75, ""return_pct"": -0.22715406105169494, ""rs_vs_nifty"": -0.22715406105169494}, {""sector"": ""NIFTY_AUTO"", ""ltp"": 28919.15, ""return_pct"": -0.27930890012637866, ""rs_vs_nifty"": -0.27930890012637866}, {""sector"": ""NIFTY_IT"", ""ltp"": 30221.5, ""return_pct"": -0.3210873763351795, ""rs_vs_nifty"": -0.3210873763351795}, {""sector"": ""NIFTY_METAL"", ""ltp"": 13488.75, ""return_pct"": -0.3910144221183509, ""rs_vs_nifty"": -0.3910144221183509}, {""sector"": ""NIFTY_FMCG"", ""ltp"": 47014.7, ""return_pct"": -0.5040960448988409, ""rs_vs_nifty"": -0.5040960448988409}, {""sector"": ""NIFTY_MEDIA"", ""ltp"": 1602.65, ""return_pct"": -0.5183116076970768, ""rs_vs_nifty"": -0.5183116076970768}, {""sector"": ""NIFTY_PSU_BANK"", ""ltp"": 8623.15, ""return_pct"": -0.5346329084722344, ""rs_vs_nifty"": -0.5346329084722344}]"
2026-08-27 12:18:05,NORMAL,24158.2,,0,24187.844854899824,,,False,True,[],"[[""NIFTY_PSU_BANK"", -0.5346329084722344, -0.5346329084722344]]","[{""sector"": ""NIFTY_PHARMA"", ""ltp"": 26737.15, ""return_pct"": 0.4163177009197755, ""rs_vs_nifty"": 0.4163177009197755}, {""sector"": ""NIFTY_HEALTHCARE"", ""ltp"": 16652.35, ""return_pct"": 0.3961016841857583, ""rs_vs_nifty"": 0.3961016841857583}, {""sector"": ""NIFTY_REALTY"", ""ltp"": 912.3, ""return_pct"": 0.23622479811019914, ""rs_vs_nifty"": 0.23622479811019914}, {""sector"": ""NIFTY_ENERGY"", ""ltp"": 38130.6, ""return_pct"": 0.08057763931138162, ""rs_vs_nifty"": 0.08057763931138162}, {""sector"": ""NIFTY_FIN_SERVICE"", ""ltp"": 26344.25, ""return_pct"": -0.16106568637668528, ""rs_vs_nifty"": -0.16106568637668528}, {""sector"": ""NIFTY_BANK"", ""ltp"": 57677.45, ""return_pct"": -0.18396175395332237, ""rs_vs_nifty"": -0.18396175395332237}, {""sector"": ""NIFTY_INFRA"", ""ltp"": 9269.45, ""return_pct"": -0.20885254902382572, ""rs_vs_nifty"": -0.20885254902382572}, {""sector"": ""NIFTY_AUTO"", ""ltp"": 28923.2, ""return_pct"": -0.2653434551200622, ""rs_vs_nifty"": -0.2653434551200622}, {""sector"": ""NIFTY_IT"", ""ltp"": 30225.35, ""return_pct"": -0.30838900551966847, ""rs_vs_nifty"": -0.30838900551966847}, {""sector"": ""NIFTY_METAL"", ""ltp"": 13489.45, ""return_pct"": -0.3858452040733438, ""rs_vs_nifty"": -0.3858452040733438}, {""sector"": ""NIFTY_MEDIA"", ""ltp"": 1604.55, ""return_pct"": -0.4003724394785875, ""rs_vs_nifty"": -0.4003724394785875}, {""sector"": ""NIFTY_FMCG"", ""ltp"": 47030.25, ""return_pct"": -0.4711880117410814, ""rs_vs_nifty"": -0.4711880117410814}, {""sector"": ""NIFTY_PSU_BANK"", ""ltp"": 8623.15, ""return_pct"": -0.5346329084722344, ""rs_vs_nifty"": -0.5346329084722344}]"
2026-08-27 12:20:07,NORMAL,24147.15,,0,24187.390240769622,,,False,True,[],"[[""NIFTY_PSU_BANK"", -0.6142222734875137, -0.6142222734875137]]","[{""sector"": ""NIFTY_PHARMA"", ""ltp"": 26743.25, ""return_pct"": 0.4392273804471546, ""rs_vs_nifty"": 0.4392273804471546}, {""sector"": ""NIFTY_HEALTHCARE"", ""ltp"": 16655.2, ""return_pct"": 0.4132841773353828, ""rs_vs_nifty"": 0.4132841773353828}, {""sector"": ""NIFTY_REALTY"", ""ltp"": 912.0, ""return_pct"": 0.20326319837389692, ""rs_vs_nifty"": 0.20326319837389692}, {""sector"": ""NIFTY_ENERGY"", ""ltp"": 38121.5, ""return_pct"": 0.05669306218651111, ""rs_vs_nifty"": 0.05669306218651111}, {""sector"": ""NIFTY_FIN_SERVICE"", ""ltp"": 26326.55, ""return_pct"": -0.22814480752650756, ""rs_vs_nifty"": -0.22814480752650756}, {""sector"": ""NIFTY_INFRA"", ""ltp"": 9265.7, ""return_pct"": -0.2492235314382258, ""rs_vs_nifty"": -0.2492235314382258}, {""sector"": ""NIFTY_AUTO"", ""ltp"": 28926.7, ""return_pct"": -0.25327455202818167, ""rs_vs_nifty"": -0.25327455202818167}, {""sector"": ""NIFTY_BANK"", ""ltp"": 57621.75, ""return_pct"": -0.28035563631643845, ""rs_vs_nifty"": -0.28035563631643845}, {""sector"": ""NIFTY_IT"", ""ltp"": 30217.1, ""return_pct"": -0.3355998001243451, ""rs_vs_nifty"": -0.3355998001243451}, {""sector"": ""NIFTY_METAL"", ""ltp"": 13479.7, ""return_pct"": -0.4578450268430108, ""rs_vs_nifty"": -0.4578450268430108}, {""sector"": ""NIFTY_MEDIA"", ""ltp"": 1603.2, ""return_pct"": -0.48417132216014613, ""rs_vs_nifty"": -0.48417132216014613}, {""sector"": ""NIFTY_FMCG"", ""ltp"": 47019.35, ""return_pct"": -0.49425537903494365, ""rs_vs_nifty"": -0.49425537903494365}, {""sector"": ""NIFTY_PSU_BANK"", ""ltp"": 8616.25, ""return_pct"": -0.6142222734875137, ""rs_vs_nifty"": -0.6142222734875137}]"
2026-08-27 12:21:52,NORMAL,24146.25,,0,24187.05986228716,,,False,True,[],"[[""NIFTY_PSU_BANK"", -0.6707422573389428, -0.6707422573389428], [""NIFTY_MEDIA"", -0.5276225946617008, -0.5276225946617008]]","[{""sector"": ""NIFTY_PHARMA"", ""ltp"": 26748.3, ""return_pct"": 0.4581935905476916, ""rs_vs_nifty"": 0.4581935905476916}, {""sector"": ""NIFTY_HEALTHCARE"", ""ltp"": 16654.9, ""return_pct"": 0.41147549384595433, ""rs_vs_nifty"": 0.41147549384595433}, {""sector"": ""NIFTY_REALTY"", ""ltp"": 911.4, ""return_pct"": 0.13733999890128, ""rs_vs_nifty"": 0.13733999890128}, {""sector"": ""NIFTY_ENERGY"", ""ltp"": 38124.65, ""return_pct"": 0.06496080042204835, ""rs_vs_nifty"": 0.06496080042204835}, {""sector"": ""NIFTY_INFRA"", ""ltp"": 9266.3, ""return_pct"": -0.24276417425193744, ""rs_vs_nifty"": -0.24276417425193744}, {""sector"": ""NIFTY_FIN_SERVICE"", ""ltp"": 26320.9, ""return_pct"": -0.2495570693624586, ""rs_vs_nifty"": -0.2495570693624586}, {""sector"": ""NIFTY_AUTO"", ""ltp"": 28919.95, ""return_pct"": -0.27655029370537987, ""rs_vs_nifty"": -0.27655029370537987}, {""sector"": ""NIFTY_IT"", ""ltp"": 30230.85, ""return_pct"": -0.2902484757832174, ""rs_vs_nifty"": -0.2902484757832174}, {""sector"": ""NIFTY_BANK"", ""ltp"": 57600.1, ""return_pct"": -0.31782291734268103, ""rs_vs_nifty"": -0.31782291734268103}, {""sector"": ""NIFTY_FMCG"", ""ltp"": 47033.45, ""return_pct"": -0.46441594060894537, ""rs_vs_nifty"": -0.46441594060894537}, {""sector"": ""NIFTY_METAL"", ""ltp"": 13477.75, ""return_pct"": -0.4722449913969496, ""rs_vs_nifty"": -0.4722449913969496}, {""sector"": ""NIFTY_MEDIA"", ""ltp"": 1602.5, ""return_pct"": -0.5276225946617008, ""rs_vs_nifty"": -0.5276225946617008}, {""sector"": ""NIFTY_PSU_BANK"", ""ltp"": 8611.35, ""return_pct"": -0.6707422573389428, ""rs_vs_nifty"": -0.6707422573389428}]"
2026-08-27 12:23:48,NORMAL,24143.85,,0,24186.804507273842,,,False,True,"[[""NIFTY_PHARMA"", 0.5197868273098457, 0.5197868273098457]]","[[""NIFTY_PSU_BANK"", -0.701885921910149, -0.701885921910149], [""NIFTY_MEDIA"", -0.5586592178770949, -0.5586592178770949]]","[{""sector"": ""NIFTY_PHARMA"", ""ltp"": 26764.7, ""return_pct"": 0.5197868273098457, ""rs_vs_nifty"": 0.5197868273098457}, {""sector"": ""NIFTY_HEALTHCARE"", ""ltp"": 16661.7, ""return_pct"": 0.4524723196064261, ""rs_vs_nifty"": 0.4524723196064261}, {""sector"": ""NIFTY_REALTY"", ""ltp"": 911.25, ""return_pct"": 0.12085919903312892, ""rs_vs_nifty"": 0.12085919903312892}, {""sector"": ""NIFTY_ENERGY"", ""ltp"": 38125.85, ""return_pct"": 0.06811041498795821, ""rs_vs_nifty"": 0.06811041498795821}, {""sector"": ""NIFTY_FIN_SERVICE"", ""ltp"": 26320.25, ""return_pct"": -0.25202042691881343, ""rs_vs_nifty"": -0.25202042691881343}, {""sector"": ""NIFTY_INFRA"", ""ltp"": 9263.3, ""return_pct"": -0.2750609601834575, ""rs_vs_nifty"": -0.2750609601834575}, {""sector"": ""NIFTY_AUTO"", ""ltp"": 28910.45, ""return_pct"": -0.30930874495477, ""rs_vs_nifty"": -0.30930874495477}, {""sector"": ""NIFTY_BANK"", ""ltp"": 57598.35, ""return_pct"": -0.32085145045103763, ""rs_vs_nifty"": -0.32085145045103763}, {""sector"": ""NIFTY_IT"", ""ltp"": 30220.95, ""return_pct"": -0.32290142930882215, ""rs_vs_nifty"": -0.32290142930882215}, {""sector"": ""NIFTY_METAL"", ""ltp"": 13477.65, ""return_pct"": -0.4729834511176668, ""rs_vs_nifty"": -0.4729834511176668}, {""sector"": ""NIFTY_FMCG"", ""ltp"": 47023.15, ""return_pct"": -0.48621354456551874, ""rs_vs_nifty"": -0.48621354456551874}, {""sector"": ""NIFTY_MEDIA"", ""ltp"": 1602.0, ""return_pct"": -0.5586592178770949, ""rs_vs_nifty"": -0.5586592178770949}, {""sector"": ""NIFTY_PSU_BANK"", ""ltp"": 8608.65, ""return_pct"": -0.701885921910149, ""rs_vs_nifty"": -0.701885921910149}]"
2026-08-27 12:25:33,NORMAL,24146.0,,0,24186.59751763958,,,False,True,"[[""NIFTY_PHARMA"", 0.55978487435355, 0.55978487435355]]","[[""NIFTY_MEDIA"", -0.74487895716946, -0.74487895716946], [""NIFTY_PSU_BANK"", -0.6943883730319018, -0.6943883730319018]]","[{""sector"": ""NIFTY_PHARMA"", ""ltp"": 26775.35, ""return_pct"": 0.55978487435355, ""rs_vs_nifty"": 0.55978487435355}, {""sector"": ""NIFTY_HEALTHCARE"", ""ltp"": 16668.65, ""return_pct"": 0.4943734871116229, ""rs_vs_nifty"": 0.4943734871116229}, {""sector"": ""NIFTY_REALTY"", ""ltp"": 911.05, ""return_pct"": 0.09888479920891911, ""rs_vs_nifty"": 0.09888479920891911}, {""sector"": ""NIFTY_ENERGY"", ""ltp"": 38132.6, ""return_pct"": 0.08582699692124411, ""rs_vs_nifty"": 0.08582699692124411}, {""sector"": ""NIFTY_INFRA"", ""ltp"": 9265.95, ""return_pct"": -0.24653213261059911, ""rs_vs_nifty"": -0.24653213261059911}, {""sector"": ""NIFTY_FIN_SERVICE"", ""ltp"": 26321.5, ""return_pct"": -0.2472832008489109, ""rs_vs_nifty"": -0.2472832008489109}, {""sector"": ""NIFTY_IT"", ""ltp"": 30225.9, ""return_pct"": -0.30657495254601375, ""rs_vs_nifty"": -0.30657495254601375}, {""sector"": ""NIFTY_BANK"", ""ltp"": 57580.8, ""return_pct"": -0.35122331105197757, ""rs_vs_nifty"": -0.35122331105197757}, {""sector"": ""NIFTY_AUTO"", ""ltp"": 28896.9, ""return_pct"": -0.35603264121047645, ""rs_vs_nifty"": -0.35603264121047645}, {""sector"": ""NIFTY_METAL"", ""ltp"": 13481.75, ""return_pct"": -0.4427066025683683, ""rs_vs_nifty"": -0.4427066025683683}, {""sector"": ""NIFTY_FMCG"", ""ltp"": 47017.8, ""return_pct"": -0.49753560098956584, ""rs_vs_nifty"": -0.49753560098956584}, {""sector"": ""NIFTY_PSU_BANK"", ""ltp"": 8609.3, ""return_pct"": -0.6943883730319018, ""rs_vs_nifty"": -0.6943883730319018}, {""sector"": ""NIFTY_MEDIA"", ""ltp"": 1599.0, ""return_pct"": -0.74487895716946, ""rs_vs_nifty"": -0.74487895716946}]"
2026-08-27 12:27:31,NORMAL,24159.5,,0,24186.30175645432,,,False,True,"[[""NIFTY_PHARMA"", 0.5575314632525012, 0.5575314632525012]]","[[""NIFTY_MEDIA"", -0.931098696461825, -0.931098696461825], [""NIFTY_PSU_BANK"", -0.68170021339178, -0.68170021339178]]","[{""sector"": ""NIFTY_PHARMA"", ""ltp"": 26774.75, ""return_pct"": 0.5575314632525012, ""rs_vs_nifty"": 0.5575314632525012}, {""sector"": ""NIFTY_HEALTHCARE"", ""ltp"": 16668.35, ""return_pct"": 0.4925648036221726, ""rs_vs_nifty"": 0.4925648036221726}, {""sector"": ""NIFTY_REALTY"", ""ltp"": 911.45, ""return_pct"": 0.1428335988573387, ""rs_vs_nifty"": 0.1428335988573387}, {""sector"": ""NIFTY_ENERGY"", ""ltp"": 38142.65, ""return_pct"": 0.11220501891081079, ""rs_vs_nifty"": 0.11220501891081079}, {""sector"": ""NIFTY_FIN_SERVICE"", ""ltp"": 26335.15, ""return_pct"": -0.19555269216557, ""rs_vs_nifty"": -0.19555269216557}, {""sector"": ""NIFTY_INFRA"", ""ltp"": 9270.45, ""return_pct"": -0.19808695371331905, ""rs_vs_nifty"": -0.19808695371331905}, {""sector"": ""NIFTY_AUTO"", ""ltp"": 28915.1, ""return_pct"": -0.2932743451327076, ""rs_vs_nifty"": -0.2932743451327076}, {""sector"": ""NIFTY_BANK"", ""ltp"": 57610.95, ""return_pct"": -0.2990460120708727, ""rs_vs_nifty"": -0.2990460120708727}, {""sector"": ""NIFTY_IT"", ""ltp"": 30213.85, ""return_pct"": -0.3463192040595207, ""rs_vs_nifty"": -0.3463192040595207}, {""sector"": ""NIFTY_METAL"", ""ltp"": 13488.5, ""return_pct"": -0.39286057142013725, ""rs_vs_nifty"": -0.39286057142013725}, {""sector"": ""NIFTY_FMCG"", ""ltp"": 47032.45, ""return_pct"": -0.4665322128377398, ""rs_vs_nifty"": -0.4665322128377398}, {""sector"": ""NIFTY_PSU_BANK"", ""ltp"": 8610.4, ""return_pct"": -0.68170021339178, ""rs_vs_nifty"": -0.68170021339178}, {""sector"": ""NIFTY_MEDIA"", ""ltp"": 1596.0, ""return_pct"": -0.931098696461825, ""rs_vs_nifty"": -0.931098696461825}]"
2026-08-27 12:29:11,NORMAL,24158.05,,0,24185.966699112443,,,False,True,"[[""NIFTY_PHARMA"", 0.6009096269477922, 0.6009096269477922], [""NIFTY_HEALTHCARE"", 0.5350688656238601, 0.5350688656238601]]","[[""NIFTY_MEDIA"", -0.8535071384233395, -0.8535071384233395], [""NIFTY_PSU_BANK"", -0.68170021339178, -0.68170021339178]]","[{""sector"": ""NIFTY_PHARMA"", ""ltp"": 26786.3, ""return_pct"": 0.6009096269477922, ""rs_vs_nifty"": 0.6009096269477922}, {""sector"": ""NIFTY_HEALTHCARE"", ""ltp"": 16675.4, ""return_pct"": 0.5350688656238601, ""rs_vs_nifty"": 0.5350688656238601}, {""sector"": ""NIFTY_REALTY"", ""ltp"": 911.6, ""return_pct"": 0.1593143987254898, ""rs_vs_nifty"": 0.1593143987254898}, {""sector"": ""NIFTY_ENERGY"", ""ltp"": 38141.95, ""return_pct"": 0.11036774374734745, ""rs_vs_nifty"": 0.11036774374734745}, {""sector"": ""NIFTY_FIN_SERVICE"", ""ltp"": 26339.25, ""return_pct"": -0.1800145906562953, ""rs_vs_nifty"": -0.1800145906562953}, {""sector"": ""NIFTY_INFRA"", ""ltp"": 9270.25, ""return_pct"": -0.20024007277542824, ""rs_vs_nifty"": -0.20024007277542824}, {""sector"": ""NIFTY_BANK"", ""ltp"": 57623.05, ""return_pct"": -0.2781058688645114, ""rs_vs_nifty"": -0.2781058688645114}, {""sector"": ""NIFTY_AUTO"", ""ltp"": 28905.8, ""return_pct"": -0.3253431447768449, ""rs_vs_nifty"": -0.3253431447768449}, {""sector"": ""NIFTY_IT"", ""ltp"": 30211.15, ""return_pct"": -0.35522455502104167, ""rs_vs_nifty"": -0.35522455502104167}, {""sector"": ""NIFTY_METAL"", ""ltp"": 13482.85, ""return_pct"": -0.4345835456405057, ""rs_vs_nifty"": -0.4345835456405057}, {""sector"": ""NIFTY_FMCG"", ""ltp"": 47019.95, ""return_pct"": -0.49298561569767013, ""rs_vs_nifty"": -0.49298561569767013}, {""sector"": ""NIFTY_PSU_BANK"", ""ltp"": 8610.4, ""return_pct"": -0.68170021339178, ""rs_vs_nifty"": -0.68170021339178}, {""sector"": ""NIFTY_MEDIA"", ""ltp"": 1597.25, ""return_pct"": -0.8535071384233395, ""rs_vs_nifty"": -0.8535071384233395}]"
2026-08-27 12:31:04,NORMAL,24156.25,,0,24185.740918557614,,,False,True,"[[""NIFTY_PHARMA"", 0.5868258075662034, 0.5868258075662034], [""NIFTY_HEALTHCARE"", 0.5085415077788374, 0.5085415077788374]]","[[""NIFTY_MEDIA"", -0.8566108007448762, -0.8566108007448762], [""NIFTY_PSU_BANK"", -0.6886210277409393, -0.6886210277409393]]","[{""sector"": ""NIFTY_PHARMA"", ""ltp"": 26782.55, ""return_pct"": 0.5868258075662034, ""rs_vs_nifty"": 0.5868258075662034}, {""sector"": ""NIFTY_HEALTHCARE"", ""ltp"": 16671.0, ""return_pct"": 0.5085415077788374, ""rs_vs_nifty"": 0.5085415077788374}, {""sector"": ""NIFTY_REALTY"", ""ltp"": 911.9, ""return_pct"": 0.19227599846179202, ""rs_vs_nifty"": 0.19227599846179202}, {""sector"": ""NIFTY_ENERGY"", ""ltp"": 38134.05, ""return_pct"": 0.08963278118840588, ""rs_vs_nifty"": 0.08963278118840588}, {""sector"": ""NIFTY_FIN_SERVICE"", ""ltp"": 26331.85, ""return_pct"": -0.20805896899012366, ""rs_vs_nifty"": -0.20805896899012366}, {""sector"": ""NIFTY_INFRA"", ""ltp"": 9269.45, ""return_pct"": -0.20885254902382572, ""rs_vs_nifty"": -0.20885254902382572}, {""sector"": ""NIFTY_BANK"", ""ltp"": 57615.05, ""return_pct"": -0.2919505916455701, ""rs_vs_nifty"": -0.2919505916455701}, {""sector"": ""NIFTY_IT"", ""ltp"": 30227.95, ""return_pct"": -0.2998134823715208, ""rs_vs_nifty"": -0.2998134823715208}, {""sector"": ""NIFTY_AUTO"", ""ltp"": 28898.4, ""return_pct"": -0.3508602541710991, ""rs_vs_nifty"": -0.3508602541710991}, {""sector"": ""NIFTY_METAL"", ""ltp"": 13487.0, ""return_pct"": -0.4039374672308553, ""rs_vs_nifty"": -0.4039374672308553}, {""sector"": ""NIFTY_FMCG"", ""ltp"": 47024.9, ""return_pct"": -0.4825100681651285, ""rs_vs_nifty"": -0.4825100681651285}, {""sector"": ""NIFTY_PSU_BANK"", ""ltp"": 8609.8, ""return_pct"": -0.6886210277409393, ""rs_vs_nifty"": -0.6886210277409393}, {""sector"": ""NIFTY_MEDIA"", ""ltp"": 1597.2, ""return_pct"": -0.8566108007448762, ""rs_vs_nifty"": -0.8566108007448762}]"
2026-08-27 12:32:48,NORMAL,24152.2,,0,24185.537656719505,,,False,True,"[[""NIFTY_PHARMA"", 0.5749953992856769, 0.5749953992856769]]","[[""NIFTY_MEDIA"", -0.906269397889504, -0.906269397889504], [""NIFTY_PSU_BANK"", -0.6863140896245459, -0.6863140896245459]]","[{""sector"": ""NIFTY_PHARMA"", ""ltp"": 26779.4, ""return_pct"": 0.5749953992856769, ""rs_vs_nifty"": 0.5749953992856769}, {""sector"": ""NIFTY_HEALTHCARE"", ""ltp"": 16667.55, ""return_pct"": 0.4877416476503562, ""rs_vs_nifty"": 0.4877416476503562}, {""sector"": ""NIFTY_REALTY"", ""ltp"": 912.35, ""return_pct"": 0.24171839806625783, ""rs_vs_nifty"": 0.24171839806625783}, {""sector"": ""NIFTY_ENERGY"", ""ltp"": 38128.65, ""return_pct"": 0.07545951564177333, ""rs_vs_nifty"": 0.07545951564177333}, {""sector"": ""NIFTY_FIN_SERVICE"", ""ltp"": 26328.9, ""return_pct"": -0.21923882251508256, ""rs_vs_nifty"": -0.21923882251508256}, {""sector"": ""NIFTY_INFRA"", ""ltp"": 9268.4, ""return_pct"": -0.2201564240998695, ""rs_vs_nifty"": -0.2201564240998695}, {""sector"": ""NIFTY_BANK"", ""ltp"": 57602.65, ""return_pct"": -0.31340991195621354, ""rs_vs_nifty"": -0.31340991195621354}, {""sector"": ""NIFTY_IT"", ""ltp"": 30222.15, ""return_pct"": -0.3189434955481395, ""rs_vs_nifty"": -0.3189434955481395}, {""sector"": ""NIFTY_AUTO"", ""ltp"": 28902.85, ""return_pct"": -0.3355155059542896, ""rs_vs_nifty"": -0.3355155059542896}, {""sector"": ""NIFTY_METAL"", ""ltp"": 13482.45, ""return_pct"": -0.43753738452336116, ""rs_vs_nifty"": -0.43753738452336116}, {""sector"": ""NIFTY_FMCG"", ""ltp"": 47025.1, ""return_pct"": -0.48208681371937573, ""rs_vs_nifty"": -0.48208681371937573}, {""sector"": ""NIFTY_PSU_BANK"", ""ltp"": 8610.0, ""return_pct"": -0.6863140896245459, ""rs_vs_nifty"": -0.6863140896245459}, {""sector"": ""NIFTY_MEDIA"", ""ltp"": 1596.4, ""return_pct"": -0.906269397889504, ""rs_vs_nifty"": -0.906269397889504}]"
2026-08-27 12:34:48,NORMAL,24159.75,,0,24185.244405190697,,,False,True,"[[""NIFTY_PHARMA"", 0.5748076150272448, 0.5748076150272448]]","[[""NIFTY_MEDIA"", -0.9745499689633795, -0.9745499689633795], [""NIFTY_PSU_BANK"", -0.689774496799115, -0.689774496799115]]","[{""sector"": ""NIFTY_PHARMA"", ""ltp"": 26779.35, ""return_pct"": 0.5748076150272448, ""rs_vs_nifty"": 0.5748076150272448}, {""sector"": ""NIFTY_HEALTHCARE"", ""ltp"": 16664.95, ""return_pct"": 0.47206639074194773, ""rs_vs_nifty"": 0.47206639074194773}, {""sector"": ""NIFTY_REALTY"", ""ltp"": 912.25, ""return_pct"": 0.23073119815415294, ""rs_vs_nifty"": 0.23073119815415294}, {""sector"": ""NIFTY_ENERGY"", ""ltp"": 38125.0, ""return_pct"": 0.06587943800377047, ""rs_vs_nifty"": 0.06587943800377047}, {""sector"": ""NIFTY_FIN_SERVICE"", ""ltp"": 26335.7, ""return_pct"": -0.19346831269481565, ""rs_vs_nifty"": -0.19346831269481565}, {""sector"": ""NIFTY_INFRA"", ""ltp"": 9269.5, ""return_pct"": -0.2083142692583082, ""rs_vs_nifty"": -0.2083142692583082}, {""sector"": ""NIFTY_IT"", ""ltp"": 30249.0, ""return_pct"": -0.230384727652924, ""rs_vs_nifty"": -0.230384727652924}, {""sector"": ""NIFTY_AUTO"", ""ltp"": 28915.4, ""return_pct"": -0.29223986772482213, ""rs_vs_nifty"": -0.29223986772482213}, {""sector"": ""NIFTY_BANK"", ""ltp"": 57593.4, ""return_pct"": -0.32941787267181266, ""rs_vs_nifty"": -0.32941787267181266}, {""sector"": ""NIFTY_METAL"", ""ltp"": 13484.9, ""return_pct"": -0.41944512136586315, ""rs_vs_nifty"": -0.41944512136586315}, {""sector"": ""NIFTY_FMCG"", ""ltp"": 47028.1, ""return_pct"": -0.47573799703299247, ""rs_vs_nifty"": -0.47573799703299247}, {""sector"": ""NIFTY_PSU_BANK"", ""ltp"": 8609.7, ""return_pct"": -0.689774496799115, ""rs_vs_nifty"": -0.689774496799115}, {""sector"": ""NIFTY_MEDIA"", ""ltp"": 1595.3, ""return_pct"": -0.9745499689633795, ""rs_vs_nifty"": -0.9745499689633795}]"
2026-08-27 12:36:27,NORMAL,24155.95,,0,24185.03011429845,,,False,True,"[[""NIFTY_PHARMA"", 0.547578897556173, 0.547578897556173]]","[[""NIFTY_MEDIA"", -1.0645561762880256, -1.0645561762880256], [""NIFTY_PSU_BANK"", -0.6880442932118304, -0.6880442932118304]]","[{""sector"": ""NIFTY_PHARMA"", ""ltp"": 26772.1, ""return_pct"": 0.547578897556173, ""rs_vs_nifty"": 0.547578897556173}, {""sector"": ""NIFTY_HEALTHCARE"", ""ltp"": 16661.05, ""return_pct"": 0.44855350537931293, ""rs_vs_nifty"": 0.44855350537931293}, {""sector"": ""NIFTY_REALTY"", ""ltp"": 911.95, ""return_pct"": 0.19776959841785072, ""rs_vs_nifty"": 0.19776959841785072}, {""sector"": ""NIFTY_ENERGY"", ""ltp"": 38120.05, ""return_pct"": 0.05288727791936844, ""rs_vs_nifty"": 0.05288727791936844}, {""sector"": ""NIFTY_IT"", ""ltp"": 30257.1, ""return_pct"": -0.2036686747683372, ""rs_vs_nifty"": -0.2036686747683372}, {""sector"": ""NIFTY_FIN_SERVICE"", ""ltp"": 26332.35, ""return_pct"": -0.20616407856216268, ""rs_vs_nifty"": -0.20616407856216268}, {""sector"": ""NIFTY_INFRA"", ""ltp"": 9267.4, ""return_pct"": -0.23092201941037616, ""rs_vs_nifty"": -0.23092201941037616}, {""sector"": ""NIFTY_AUTO"", ""ltp"": 28912.5, ""return_pct"": -0.30223981600095673, ""rs_vs_nifty"": -0.30223981600095673}, {""sector"": ""NIFTY_BANK"", ""ltp"": 57596.2, ""return_pct"": -0.3245722196984497, ""rs_vs_nifty"": -0.3245722196984497}, {""sector"": ""NIFTY_METAL"", ""ltp"": 13486.15, ""return_pct"": -0.4102143748569315, ""rs_vs_nifty"": -0.4102143748569315}, {""sector"": ""NIFTY_FMCG"", ""ltp"": 47022.35, ""return_pct"": -0.48790656234856045, ""rs_vs_nifty"": -0.48790656234856045}, {""sector"": ""NIFTY_PSU_BANK"", ""ltp"": 8609.85, ""return_pct"": -0.6880442932118304, ""rs_vs_nifty"": -0.6880442932118304}, {""sector"": ""NIFTY_MEDIA"", ""ltp"": 1593.85, ""return_pct"": -1.0645561762880256, ""rs_vs_nifty"": -1.0645561762880256}]"
2026-08-27 12:38:27,NORMAL,24170.7,,0,24184.88416192227,,,False,True,"[[""NIFTY_PHARMA"", 0.5383774688935459, 0.5383774688935459]]","[[""NIFTY_MEDIA"", -1.0242085661080074, -1.0242085661080074], [""NIFTY_PSU_BANK"", -0.6915047003864205, -0.6915047003864205]]","[{""sector"": ""NIFTY_PHARMA"", ""ltp"": 26769.65, ""return_pct"": 0.5383774688935459, ""rs_vs_nifty"": 0.5383774688935459}, {""sector"": ""NIFTY_HEALTHCARE"", ""ltp"": 16658.45, ""return_pct"": 0.43287824847090445, ""rs_vs_nifty"": 0.43287824847090445}, {""sector"": ""NIFTY_REALTY"", ""ltp"": 912.6, ""return_pct"": 0.2691863978465138, ""rs_vs_nifty"": 0.2691863978465138}, {""sector"": ""NIFTY_ENERGY"", ""ltp"": 38139.5, ""return_pct"": 0.10393728067527354, ""rs_vs_nifty"": 0.10393728067527354}, {""sector"": ""NIFTY_INFRA"", ""ltp"": 9274.25, ""return_pct"": -0.15717769153340147, ""rs_vs_nifty"": -0.15717769153340147}, {""sector"": ""NIFTY_IT"", ""ltp"": 30269.75, ""return_pct"": -0.1619454563744949, ""rs_vs_nifty"": -0.1619454563744949}, {""sector"": ""NIFTY_FIN_SERVICE"", ""ltp"": 26343.55, ""return_pct"": -0.16371853297583344, ""rs_vs_nifty"": -0.16371853297583344}, {""sector"": ""NIFTY_BANK"", ""ltp"": 57628.85, ""return_pct"": -0.2680684448482514, ""rs_vs_nifty"": -0.2680684448482514}, {""sector"": ""NIFTY_AUTO"", ""ltp"": 28913.8, ""return_pct"": -0.29775708056683214, ""rs_vs_nifty"": -0.29775708056683214}, {""sector"": ""NIFTY_METAL"", ""ltp"": 13494.15, ""return_pct"": -0.3511375971997688, ""rs_vs_nifty"": -0.3511375971997688}, {""sector"": ""NIFTY_FMCG"", ""ltp"": 47033.95, ""return_pct"": -0.46335780449454816, ""rs_vs_nifty"": -0.46335780449454816}, {""sector"": ""NIFTY_PSU_BANK"", ""ltp"": 8609.55, ""return_pct"": -0.6915047003864205, ""rs_vs_nifty"": -0.6915047003864205}, {""sector"": ""NIFTY_MEDIA"", ""ltp"": 1594.5, ""return_pct"": -1.0242085661080074, ""rs_vs_nifty"": -1.0242085661080074}]"
2026-08-27 12:40:07,NORMAL,24175.1,,0,24184.765984915113,,,False,True,"[[""NIFTY_PHARMA"", 0.5023228912766701, 0.5023228912766701]]","[[""NIFTY_MEDIA"", -0.9900682805710767, -0.9900682805710767], [""NIFTY_PSU_BANK"", -0.6742026645135328, -0.6742026645135328]]","[{""sector"": ""NIFTY_PHARMA"", ""ltp"": 26760.05, ""return_pct"": 0.5023228912766701, ""rs_vs_nifty"": 0.5023228912766701}, {""sector"": ""NIFTY_HEALTHCARE"", ""ltp"": 16657.8, ""return_pct"": 0.4289594342437913, ""rs_vs_nifty"": 0.4289594342437913}, {""sector"": ""NIFTY_REALTY"", ""ltp"": 912.75, ""return_pct"": 0.2856671977146649, ""rs_vs_nifty"": 0.2856671977146649}, {""sector"": ""NIFTY_ENERGY"", ""ltp"": 38137.9, ""return_pct"": 0.09973779458738737, ""rs_vs_nifty"": 0.09973779458738737}, {""sector"": ""NIFTY_IT"", ""ltp"": 30293.35, ""return_pct"": -0.08410609241445505, ""rs_vs_nifty"": -0.08410609241445505}, {""sector"": ""NIFTY_INFRA"", ""ltp"": 9277.45, ""return_pct"": -0.12272778653977226, ""rs_vs_nifty"": -0.12272778653977226}, {""sector"": ""NIFTY_FIN_SERVICE"", ""ltp"": 26344.5, ""return_pct"": -0.16011824116270476, ""rs_vs_nifty"": -0.16011824116270476}, {""sector"": ""NIFTY_BANK"", ""ltp"": 57642.1, ""return_pct"": -0.24513812274212293, ""rs_vs_nifty"": -0.24513812274212293}, {""sector"": ""NIFTY_AUTO"", ""ltp"": 28921.0, ""return_pct"": -0.27292962277781824, ""rs_vs_nifty"": -0.27292962277781824}, {""sector"": ""NIFTY_METAL"", ""ltp"": 13493.65, ""return_pct"": -0.35482989580334146, ""rs_vs_nifty"": -0.35482989580334146}, {""sector"": ""NIFTY_FMCG"", ""ltp"": 47031.1, ""return_pct"": -0.4693891803466092, ""rs_vs_nifty"": -0.4693891803466092}, {""sector"": ""NIFTY_PSU_BANK"", ""ltp"": 8611.05, ""return_pct"": -0.6742026645135328, ""rs_vs_nifty"": -0.6742026645135328}, {""sector"": ""NIFTY_MEDIA"", ""ltp"": 1595.05, ""return_pct"": -0.9900682805710767, ""rs_vs_nifty"": -0.9900682805710767}]"
2026-08-27 12:42:05,NORMAL,24175.85,,0,24184.624649169175,,,False,True,"[[""NIFTY_PHARMA"", 0.5468277605224992, 0.5468277605224992]]","[[""NIFTY_MEDIA"", -0.9590316573556825, -0.9590316573556825], [""NIFTY_PSU_BANK"", -0.6863140896245459, -0.6863140896245459]]","[{""sector"": ""NIFTY_PHARMA"", ""ltp"": 26771.9, ""return_pct"": 0.5468277605224992, ""rs_vs_nifty"": 0.5468277605224992}, {""sector"": ""NIFTY_HEALTHCARE"", ""ltp"": 16663.55, ""return_pct"": 0.46362586779125264, ""rs_vs_nifty"": 0.46362586779125264}, {""sector"": ""NIFTY_REALTY"", ""ltp"": 913.35, ""return_pct"": 0.3515903971872818, ""rs_vs_nifty"": 0.3515903971872818}, {""sector"": ""NIFTY_ENERGY"", ""ltp"": 38146.2, ""return_pct"": 0.12152262866830525, ""rs_vs_nifty"": 0.12152262866830525}, {""sector"": ""NIFTY_INFRA"", ""ltp"": 9277.9, ""return_pct"": -0.11788326865005601, ""rs_vs_nifty"": -0.11788326865005601}, {""sector"": ""NIFTY_IT"", ""ltp"": 30274.05, ""return_pct"": -0.14776286039872644, ""rs_vs_nifty"": -0.14776286039872644}, {""sector"": ""NIFTY_FIN_SERVICE"", ""ltp"": 26347.4, ""return_pct"": -0.14912787668052543, ""rs_vs_nifty"": -0.14912787668052543}, {""sector"": ""NIFTY_BANK"", ""ltp"": 57641.7, ""return_pct"": -0.24583035888117838, ""rs_vs_nifty"": -0.24583035888117838}, {""sector"": ""NIFTY_METAL"", ""ltp"": 13507.7, ""return_pct"": -0.25107630504294143, ""rs_vs_nifty"": -0.25107630504294143}, {""sector"": ""NIFTY_AUTO"", ""ltp"": 28922.45, ""return_pct"": -0.2679296486397509, ""rs_vs_nifty"": -0.2679296486397509}, {""sector"": ""NIFTY_FMCG"", ""ltp"": 47040.4, ""return_pct"": -0.44970784861881496, ""rs_vs_nifty"": -0.44970784861881496}, {""sector"": ""NIFTY_PSU_BANK"", ""ltp"": 8610.0, ""return_pct"": -0.6863140896245459, ""rs_vs_nifty"": -0.6863140896245459}, {""sector"": ""NIFTY_MEDIA"", ""ltp"": 1595.55, ""return_pct"": -0.9590316573556825, ""rs_vs_nifty"": -0.9590316573556825}]"
2026-08-27 12:43:46,NORMAL,24167.95,,0,24184.48406530977,,,False,True,"[[""NIFTY_PHARMA"", 0.5079564190293057, 0.5079564190293057]]","[[""NIFTY_MEDIA"", -0.9931719428926132, -0.9931719428926132], [""NIFTY_PSU_BANK"", -0.7324528519522464, -0.7324528519522464]]","[{""sector"": ""NIFTY_PHARMA"", ""ltp"": 26761.55, ""return_pct"": 0.5079564190293057, ""rs_vs_nifty"": 0.5079564190293057}, {""sector"": ""NIFTY_HEALTHCARE"", ""ltp"": 16658.4, ""return_pct"": 0.43257680122267006, ""rs_vs_nifty"": 0.43257680122267006}, {""sector"": ""NIFTY_REALTY"", ""ltp"": 912.7, ""return_pct"": 0.2801735977586187, ""rs_vs_nifty"": 0.2801735977586187}, {""sector"": ""NIFTY_ENERGY"", ""ltp"": 38137.45, ""return_pct"": 0.09855668912515685, ""rs_vs_nifty"": 0.09855668912515685}, {""sector"": ""NIFTY_INFRA"", ""ltp"": 9274.35, ""return_pct"": -0.15610113200234688, ""rs_vs_nifty"": -0.15610113200234688}, {""sector"": ""NIFTY_FIN_SERVICE"", ""ltp"": 26334.4, ""return_pct"": -0.1983950278075115, ""rs_vs_nifty"": -0.1983950278075115}, {""sector"": ""NIFTY_IT"", ""ltp"": 30257.7, ""return_pct"": -0.20168970788798987, ""rs_vs_nifty"": -0.20168970788798987}, {""sector"": ""NIFTY_AUTO"", ""ltp"": 28918.6, ""return_pct"": -0.2812054420408271, ""rs_vs_nifty"": -0.2812054420408271}, {""sector"": ""NIFTY_BANK"", ""ltp"": 57615.9, ""return_pct"": -0.2904795898500851, ""rs_vs_nifty"": -0.2904795898500851}, {""sector"": ""NIFTY_METAL"", ""ltp"": 13501.7, ""return_pct"": -0.29538388828581347, ""rs_vs_nifty"": -0.29538388828581347}, {""sector"": ""NIFTY_FMCG"", ""ltp"": 47030.5, ""return_pct"": -0.4706589436838828, ""rs_vs_nifty"": -0.4706589436838828}, {""sector"": ""NIFTY_PSU_BANK"", ""ltp"": 8606.0, ""return_pct"": -0.7324528519522464, ""rs_vs_nifty"": -0.7324528519522464}, {""sector"": ""NIFTY_MEDIA"", ""ltp"": 1595.0, ""return_pct"": -0.9931719428926132, ""rs_vs_nifty"": -0.9931719428926132}]"
2026-08-27 12:45:43,NORMAL,24172.55,,0,24184.432769093342,,,False,True,"[[""NIFTY_REALTY"", 0.5438663956490739, 0.5438663956490739]]","[[""NIFTY_MEDIA"", -0.9621353196772191, -0.9621353196772191], [""NIFTY_PSU_BANK"", -0.742257338946887, -0.742257338946887]]","[{""sector"": ""NIFTY_REALTY"", ""ltp"": 915.1, ""return_pct"": 0.5438663956490739, ""rs_vs_nifty"": 0.5438663956490739}, {""sector"": ""NIFTY_PHARMA"", ""ltp"": 26749.35, ""return_pct"": 0.46213705997453375, ""rs_vs_nifty"": 0.46213705997453375}, {""sector"": ""NIFTY_HEALTHCARE"", ""ltp"": 16654.3, ""return_pct"": 0.4078581268670757, ""rs_vs_nifty"": 0.4078581268670757}, {""sector"": ""NIFTY_ENERGY"", ""ltp"": 38141.0, ""return_pct"": 0.1078742988826704, ""rs_vs_nifty"": 0.1078742988826704}, {""sector"": ""NIFTY_INFRA"", ""ltp"": 9278.55, ""return_pct"": -0.11088563169823057, ""rs_vs_nifty"": -0.11088563169823057}, {""sector"": ""NIFTY_IT"", ""ltp"": 30275.45, ""return_pct"": -0.14314527101126137, ""rs_vs_nifty"": -0.14314527101126137}, {""sector"": ""NIFTY_FIN_SERVICE"", ""ltp"": 26335.1, ""return_pct"": -0.19574218120837714, ""rs_vs_nifty"": -0.19574218120837714}, {""sector"": ""NIFTY_AUTO"", ""ltp"": 28925.05, ""return_pct"": -0.2589641777715018, ""rs_vs_nifty"": -0.2589641777715018}, {""sector"": ""NIFTY_BANK"", ""ltp"": 57617.8, ""return_pct"": -0.28719146818958113, ""rs_vs_nifty"": -0.28719146818958113}, {""sector"": ""NIFTY_METAL"", ""ltp"": 13501.1, ""return_pct"": -0.2998146466101033, ""rs_vs_nifty"": -0.2998146466101033}, {""sector"": ""NIFTY_FMCG"", ""ltp"": 47030.65, ""return_pct"": -0.4703415028495605, ""rs_vs_nifty"": -0.4703415028495605}, {""sector"": ""NIFTY_PSU_BANK"", ""ltp"": 8605.15, ""return_pct"": -0.742257338946887, ""rs_vs_nifty"": -0.742257338946887}, {""sector"": ""NIFTY_MEDIA"", ""ltp"": 1595.5, ""return_pct"": -0.9621353196772191, ""rs_vs_nifty"": -0.9621353196772191}]"
2026-08-27 12:47:19,NORMAL,24170.95,,0,24184.361030256285,,,False,True,"[[""NIFTY_REALTY"", 0.5823215953414347, 0.5823215953414347]]","[[""NIFTY_MEDIA"", -0.9807572936064528, -0.9807572936064528], [""NIFTY_PSU_BANK"", -0.7347597900686398, -0.7347597900686398]]","[{""sector"": ""NIFTY_REALTY"", ""ltp"": 915.45, ""return_pct"": 0.5823215953414347, ""rs_vs_nifty"": 0.5823215953414347}, {""sector"": ""NIFTY_PHARMA"", ""ltp"": 26756.6, ""return_pct"": 0.48936577744560555, ""rs_vs_nifty"": 0.48936577744560555}, {""sector"": ""NIFTY_HEALTHCARE"", ""ltp"": 16656.9, ""return_pct"": 0.42353338377550614, ""rs_vs_nifty"": 0.42353338377550614}, {""sector"": ""NIFTY_ENERGY"", ""ltp"": 38149.45, ""return_pct"": 0.1300528347843318, ""rs_vs_nifty"": 0.1300528347843318}, {""sector"": ""NIFTY_INFRA"", ""ltp"": 9279.15, ""return_pct"": -0.10442627451192266, ""rs_vs_nifty"": -0.10442627451192266}, {""sector"": ""NIFTY_IT"", ""ltp"": 30276.75, ""return_pct"": -0.13885750943719352, ""rs_vs_nifty"": -0.13885750943719352}, {""sector"": ""NIFTY_FIN_SERVICE"", ""ltp"": 26333.25, ""return_pct"": -0.20275327579182736, ""rs_vs_nifty"": -0.20275327579182736}, {""sector"": ""NIFTY_AUTO"", ""ltp"": 28914.8, ""return_pct"": -0.2943088225405806, ""rs_vs_nifty"": -0.2943088225405806}, {""sector"": ""NIFTY_BANK"", ""ltp"": 57606.05, ""return_pct"": -0.3075259047742611, ""rs_vs_nifty"": -0.3075259047742611}, {""sector"": ""NIFTY_METAL"", ""ltp"": 13494.0, ""return_pct"": -0.3522452867808379, ""rs_vs_nifty"": -0.3522452867808379}, {""sector"": ""NIFTY_FMCG"", ""ltp"": 47036.9, ""return_pct"": -0.4571148014195954, ""rs_vs_nifty"": -0.4571148014195954}, {""sector"": ""NIFTY_PSU_BANK"", ""ltp"": 8605.8, ""return_pct"": -0.7347597900686398, ""rs_vs_nifty"": -0.7347597900686398}, {""sector"": ""NIFTY_MEDIA"", ""ltp"": 1595.2, ""return_pct"": -0.9807572936064528, ""rs_vs_nifty"": -0.9807572936064528}]"
2026-08-27 12:49:16,NORMAL,24171.8,,0,24184.25368050714,,,False,True,"[[""NIFTY_REALTY"", 0.5823215953414347, 0.5823215953414347], [""NIFTY_PHARMA"", 0.5192234745345767, 0.5192234745345767]]","[[""NIFTY_MEDIA"", -1.0148975791433836, -1.0148975791433836], [""NIFTY_PSU_BANK"", -0.7278389757194805, -0.7278389757194805]]","[{""sector"": ""NIFTY_REALTY"", ""ltp"": 915.45, ""return_pct"": 0.5823215953414347, ""rs_vs_nifty"": 0.5823215953414347}, {""sector"": ""NIFTY_PHARMA"", ""ltp"": 26764.55, ""return_pct"": 0.5192234745345767, ""rs_vs_nifty"": 0.5192234745345767}, {""sector"": ""NIFTY_HEALTHCARE"", ""ltp"": 16660.7, ""return_pct"": 0.4464433746416502, ""rs_vs_nifty"": 0.4464433746416502}, {""sector"": ""NIFTY_ENERGY"", ""ltp"": 38149.45, ""return_pct"": 0.1300528347843318, ""rs_vs_nifty"": 0.1300528347843318}, {""sector"": ""NIFTY_INFRA"", ""ltp"": 9279.55, ""return_pct"": -0.10012003638772389, ""rs_vs_nifty"": -0.10012003638772389}, {""sector"": ""NIFTY_IT"", ""ltp"": 30282.5, ""return_pct"": -0.11989241016726739, ""rs_vs_nifty"": -0.11989241016726739}, {""sector"": ""NIFTY_FIN_SERVICE"", ""ltp"": 26335.3, ""return_pct"": -0.19498422503718998, ""rs_vs_nifty"": -0.19498422503718998}, {""sector"": ""NIFTY_AUTO"", ""ltp"": 28915.35, ""return_pct"": -0.2924122806261447, ""rs_vs_nifty"": -0.2924122806261447}, {""sector"": ""NIFTY_BANK"", ""ltp"": 57613.95, ""return_pct"": -0.2938542410279757, ""rs_vs_nifty"": -0.2938542410279757}, {""sector"": ""NIFTY_METAL"", ""ltp"": 13490.2, ""return_pct"": -0.38030675616798476, ""rs_vs_nifty"": -0.38030675616798476}, {""sector"": ""NIFTY_FMCG"", ""ltp"": 47030.25, ""return_pct"": -0.4711880117410814, ""rs_vs_nifty"": -0.4711880117410814}, {""sector"": ""NIFTY_PSU_BANK"", ""ltp"": 8606.4, ""return_pct"": -0.7278389757194805, ""rs_vs_nifty"": -0.7278389757194805}, {""sector"": ""NIFTY_MEDIA"", ""ltp"": 1594.65, ""return_pct"": -1.0148975791433836, ""rs_vs_nifty"": -1.0148975791433836}]"
2026-08-27 12:50:59,NORMAL,24172.05,,0,24184.182943104413,,,False,True,"[[""NIFTY_REALTY"", 0.6482447948140392, 0.6482447948140392], [""NIFTY_PHARMA"", 0.5047640866361509, 0.5047640866361509]]","[[""NIFTY_MEDIA"", -1.0552451893234016, -1.0552451893234016], [""NIFTY_PSU_BANK"", -0.7791683488090348, -0.7791683488090348], [""NIFTY_FMCG"", -0.5139367107627225, -0.5139367107627225]]","[{""sector"": ""NIFTY_REALTY"", ""ltp"": 916.05, ""return_pct"": 0.6482447948140392, ""rs_vs_nifty"": 0.6482447948140392}, {""sector"": ""NIFTY_PHARMA"", ""ltp"": 26760.7, ""return_pct"": 0.5047640866361509, ""rs_vs_nifty"": 0.5047640866361509}, {""sector"": ""NIFTY_HEALTHCARE"", ""ltp"": 16656.85, ""return_pct"": 0.4232319365272498, ""rs_vs_nifty"": 0.4232319365272498}, {""sector"": ""NIFTY_ENERGY"", ""ltp"": 38143.4, ""return_pct"": 0.11417352801450922, ""rs_vs_nifty"": 0.11417352801450922}, {""sector"": ""NIFTY_INFRA"", ""ltp"": 9279.85, ""return_pct"": -0.09689035779456015, ""rs_vs_nifty"": -0.09689035779456015}, {""sector"": ""NIFTY_IT"", ""ltp"": 30278.95, ""return_pct"": -0.13160129754261068, ""rs_vs_nifty"": -0.13160129754261068}, {""sector"": ""NIFTY_FIN_SERVICE"", ""ltp"": 26335.35, ""return_pct"": -0.19479473599439664, ""rs_vs_nifty"": -0.19479473599439664}, {""sector"": ""NIFTY_AUTO"", ""ltp"": 28913.05, ""return_pct"": -0.30034327408652084, ""rs_vs_nifty"": -0.30034327408652084}, {""sector"": ""NIFTY_BANK"", ""ltp"": 57596.5, ""return_pct"": -0.3240530425941549, ""rs_vs_nifty"": -0.3240530425941549}, {""sector"": ""NIFTY_METAL"", ""ltp"": 13491.0, ""return_pct"": -0.37439907840227393, ""rs_vs_nifty"": -0.37439907840227393}, {""sector"": ""NIFTY_FMCG"", ""ltp"": 47010.05, ""return_pct"": -0.5139367107627225, ""rs_vs_nifty"": -0.5139367107627225}, {""sector"": ""NIFTY_PSU_BANK"", ""ltp"": 8601.95, ""return_pct"": -0.7791683488090348, ""rs_vs_nifty"": -0.7791683488090348}, {""sector"": ""NIFTY_MEDIA"", ""ltp"": 1594.0, ""return_pct"": -1.0552451893234016, ""rs_vs_nifty"": -1.0552451893234016}]"
2026-08-27 12:52:52,NORMAL,24179.0,,0,24184.12489944069,,,False,True,"[[""NIFTY_REALTY"", 0.6812063945503538, 0.6812063945503538]]","[[""NIFTY_MEDIA"", -1.0148975791433836, -1.0148975791433836], [""NIFTY_PSU_BANK"", -0.7808985523963404, -0.7808985523963404]]","[{""sector"": ""NIFTY_REALTY"", ""ltp"": 916.35, ""return_pct"": 0.6812063945503538, ""rs_vs_nifty"": 0.6812063945503538}, {""sector"": ""NIFTY_PHARMA"", ""ltp"": 26743.2, ""return_pct"": 0.43903959618873617, ""rs_vs_nifty"": 0.43903959618873617}, {""sector"": ""NIFTY_HEALTHCARE"", ""ltp"": 16652.6, ""return_pct"": 0.3976089204269523, ""rs_vs_nifty"": 0.3976089204269523}, {""sector"": ""NIFTY_ENERGY"", ""ltp"": 38135.3, ""return_pct"": 0.09291362969456995, ""rs_vs_nifty"": 0.09291362969456995}, {""sector"": ""NIFTY_INFRA"", ""ltp"": 9282.0, ""return_pct"": -0.0737443278769747, ""rs_vs_nifty"": -0.0737443278769747}, {""sector"": ""NIFTY_IT"", ""ltp"": 30290.45, ""return_pct"": -0.09367109900275841, ""rs_vs_nifty"": -0.09367109900275841}, {""sector"": ""NIFTY_FIN_SERVICE"", ""ltp"": 26339.4, ""return_pct"": -0.17944612352790149, ""rs_vs_nifty"": -0.17944612352790149}, {""sector"": ""NIFTY_BANK"", ""ltp"": 57616.2, ""return_pct"": -0.2899604127458029, ""rs_vs_nifty"": -0.2899604127458029}, {""sector"": ""NIFTY_AUTO"", ""ltp"": 28913.05, ""return_pct"": -0.30034327408652084, ""rs_vs_nifty"": -0.30034327408652084}, {""sector"": ""NIFTY_METAL"", ""ltp"": 13493.15, ""return_pct"": -0.3585221944069141, ""rs_vs_nifty"": -0.3585221944069141}, {""sector"": ""NIFTY_FMCG"", ""ltp"": 47017.85, ""return_pct"": -0.49742978737813526, ""rs_vs_nifty"": -0.49742978737813526}, {""sector"": ""NIFTY_PSU_BANK"", ""ltp"": 8601.8, ""return_pct"": -0.7808985523963404, ""rs_vs_nifty"": -0.7808985523963404}, {""sector"": ""NIFTY_MEDIA"", ""ltp"": 1594.65, ""return_pct"": -1.0148975791433836, ""rs_vs_nifty"": -1.0148975791433836}]"
2026-08-27 12:54:34,NORMAL,24190.6,,0,24184.217477496873,,,True,True,"[[""NIFTY_REALTY"", 0.6921935944624588, 0.6921935944624588]]","[[""NIFTY_MEDIA"", -0.9807572936064528, -0.9807572936064528], [""NIFTY_PSU_BANK"", -0.7434108080050836, -0.7434108080050836]]","[{""sector"": ""NIFTY_REALTY"", ""ltp"": 916.45, ""return_pct"": 0.6921935944624588, ""rs_vs_nifty"": 0.6921935944624588}, {""sector"": ""NIFTY_PHARMA"", ""ltp"": 26748.55, ""return_pct"": 0.4591325118397975, ""rs_vs_nifty"": 0.4591325118397975}, {""sector"": ""NIFTY_HEALTHCARE"", ""ltp"": 16655.0, ""return_pct"": 0.4120783883424233, ""rs_vs_nifty"": 0.4120783883424233}, {""sector"": ""NIFTY_ENERGY"", ""ltp"": 38156.7, ""return_pct"": 0.14908175612008334, ""rs_vs_nifty"": 0.14908175612008334}, {""sector"": ""NIFTY_INFRA"", ""ltp"": 9285.95, ""return_pct"": -0.031220226400465463, ""rs_vs_nifty"": -0.031220226400465463}, {""sector"": ""NIFTY_IT"", ""ltp"": 30297.15, ""return_pct"": -0.07157263550562469, ""rs_vs_nifty"": -0.07157263550562469}, {""sector"": ""NIFTY_FIN_SERVICE"", ""ltp"": 26356.5, ""return_pct"": -0.1146408708916407, ""rs_vs_nifty"": -0.1146408708916407}, {""sector"": ""NIFTY_BANK"", ""ltp"": 57645.55, ""return_pct"": -0.23916758604278382, ""rs_vs_nifty"": -0.23916758604278382}, {""sector"": ""NIFTY_AUTO"", ""ltp"": 28919.65, ""return_pct"": -0.27758477111325286, ""rs_vs_nifty"": -0.27758477111325286}, {""sector"": ""NIFTY_METAL"", ""ltp"": 13498.45, ""return_pct"": -0.31938382920903574, ""rs_vs_nifty"": -0.31938382920903574}, {""sector"": ""NIFTY_FMCG"", ""ltp"": 47034.1, ""return_pct"": -0.46304036366022594, ""rs_vs_nifty"": -0.46304036366022594}, {""sector"": ""NIFTY_PSU_BANK"", ""ltp"": 8605.05, ""return_pct"": -0.7434108080050836, ""rs_vs_nifty"": -0.7434108080050836}, {""sector"": ""NIFTY_MEDIA"", ""ltp"": 1595.2, ""return_pct"": -0.9807572936064528, ""rs_vs_nifty"": -0.9807572936064528}]"
2026-08-27 12:56:30,NORMAL,24184.25,,0,24184.190311612674,,,True,True,"[[""NIFTY_REALTY"", 0.7196615942427148, 0.7196615942427148]]","[[""NIFTY_MEDIA"", -0.9528243327125951, -0.9528243327125951], [""NIFTY_PSU_BANK"", -0.701885921910149, -0.701885921910149]]","[{""sector"": ""NIFTY_REALTY"", ""ltp"": 916.7, ""return_pct"": 0.7196615942427148, ""rs_vs_nifty"": 0.7196615942427148}, {""sector"": ""NIFTY_PHARMA"", ""ltp"": 26741.6, ""return_pct"": 0.4330304999192501, ""rs_vs_nifty"": 0.4330304999192501}, {""sector"": ""NIFTY_HEALTHCARE"", ""ltp"": 16647.55, ""return_pct"": 0.3671627483548385, ""rs_vs_nifty"": 0.3671627483548385}, {""sector"": ""NIFTY_ENERGY"", ""ltp"": 38143.9, ""return_pct"": 0.11548586741697484, ""rs_vs_nifty"": 0.11548586741697484}, {""sector"": ""NIFTY_INFRA"", ""ltp"": 9282.1, ""return_pct"": -0.0726677683459201, ""rs_vs_nifty"": -0.0726677683459201}, {""sector"": ""NIFTY_FIN_SERVICE"", ""ltp"": 26358.05, ""return_pct"": -0.10876671056496434, ""rs_vs_nifty"": -0.10876671056496434}, {""sector"": ""NIFTY_IT"", ""ltp"": 30277.55, ""return_pct"": -0.13621888693007575, ""rs_vs_nifty"": -0.13621888693007575}, {""sector"": ""NIFTY_BANK"", ""ltp"": 57660.9, ""return_pct"": -0.21260302420663, ""rs_vs_nifty"": -0.21260302420663}, {""sector"": ""NIFTY_AUTO"", ""ltp"": 28907.2, ""return_pct"": -0.32051558354008763, ""rs_vs_nifty"": -0.32051558354008763}, {""sector"": ""NIFTY_METAL"", ""ltp"": 13488.55, ""return_pct"": -0.3924913415597853, ""rs_vs_nifty"": -0.3924913415597853}, {""sector"": ""NIFTY_FMCG"", ""ltp"": 47021.75, ""return_pct"": -0.48917632568583397, ""rs_vs_nifty"": -0.48917632568583397}, {""sector"": ""NIFTY_PSU_BANK"", ""ltp"": 8608.65, ""return_pct"": -0.701885921910149, ""rs_vs_nifty"": -0.701885921910149}, {""sector"": ""NIFTY_MEDIA"", ""ltp"": 1595.65, ""return_pct"": -0.9528243327125951, ""rs_vs_nifty"": -0.9528243327125951}]"
2026-08-27 12:58:11,NORMAL,24183.05,,0,24184.19100527277,,,False,True,"[[""NIFTY_REALTY"", 0.7141679942866561, 0.7141679942866561]]","[[""NIFTY_MEDIA"", -0.9093730602110547, -0.9093730602110547], [""NIFTY_PSU_BANK"", -0.7434108080050836, -0.7434108080050836]]","[{""sector"": ""NIFTY_REALTY"", ""ltp"": 916.65, ""return_pct"": 0.7141679942866561, ""rs_vs_nifty"": 0.7141679942866561}, {""sector"": ""NIFTY_PHARMA"", ""ltp"": 26733.35, ""return_pct"": 0.4020460972797545, ""rs_vs_nifty"": 0.4020460972797545}, {""sector"": ""NIFTY_HEALTHCARE"", ""ltp"": 16645.6, ""return_pct"": 0.3554063056735211, ""rs_vs_nifty"": 0.3554063056735211}, {""sector"": ""NIFTY_ENERGY"", ""ltp"": 38144.05, ""return_pct"": 0.11587956923771836, ""rs_vs_nifty"": 0.11587956923771836}, {""sector"": ""NIFTY_FIN_SERVICE"", ""ltp"": 26367.6, ""return_pct"": -0.07257430339091193, ""rs_vs_nifty"": -0.07257430339091193}, {""sector"": ""NIFTY_INFRA"", ""ltp"": 9280.0, ""return_pct"": -0.09527551849798806, ""rs_vs_nifty"": -0.09527551849798806}, {""sector"": ""NIFTY_IT"", ""ltp"": 30268.95, ""return_pct"": -0.16458407888161267, ""rs_vs_nifty"": -0.16458407888161267}, {""sector"": ""NIFTY_BANK"", ""ltp"": 57682.9, ""return_pct"": -0.17453003655871857, ""rs_vs_nifty"": -0.17453003655871857}, {""sector"": ""NIFTY_AUTO"", ""ltp"": 28898.8, ""return_pct"": -0.349480950960606, ""rs_vs_nifty"": -0.349480950960606}, {""sector"": ""NIFTY_METAL"", ""ltp"": 13490.8, ""return_pct"": -0.37587599784370834, ""rs_vs_nifty"": -0.37587599784370834}, {""sector"": ""NIFTY_FMCG"", ""ltp"": 47017.05, ""return_pct"": -0.49912280516116164, ""rs_vs_nifty"": -0.49912280516116164}, {""sector"": ""NIFTY_PSU_BANK"", ""ltp"": 8605.05, ""return_pct"": -0.7434108080050836, ""rs_vs_nifty"": -0.7434108080050836}, {""sector"": ""NIFTY_MEDIA"", ""ltp"": 1596.35, ""return_pct"": -0.9093730602110547, ""rs_vs_nifty"": -0.9093730602110547}]"
2026-08-27 13:00:11,NORMAL,24180.85,,0,24184.158079683784,,,False,True,"[[""NIFTY_REALTY"", 0.6812063945503538, 0.6812063945503538]]","[[""NIFTY_MEDIA"", -0.9342023587833614, -0.9342023587833614], [""NIFTY_PSU_BANK"", -0.7532152949997033, -0.7532152949997033]]","[{""sector"": ""NIFTY_REALTY"", ""ltp"": 916.35, ""return_pct"": 0.6812063945503538, ""rs_vs_nifty"": 0.6812063945503538}, {""sector"": ""NIFTY_PHARMA"", ""ltp"": 26745.65, ""return_pct"": 0.44824102485137696, ""rs_vs_nifty"": 0.44824102485137696}, {""sector"": ""NIFTY_HEALTHCARE"", ""ltp"": 16648.4, ""return_pct"": 0.3722873515749111, ""rs_vs_nifty"": 0.3722873515749111}, {""sector"": ""NIFTY_ENERGY"", ""ltp"": 38140.6, ""return_pct"": 0.1068244273606941, ""rs_vs_nifty"": 0.1068244273606941}, {""sector"": ""NIFTY_FIN_SERVICE"", ""ltp"": 26363.95, ""return_pct"": -0.08640700351501898, ""rs_vs_nifty"": -0.08640700351501898}, {""sector"": ""NIFTY_INFRA"", ""ltp"": 9277.65, ""return_pct"": -0.12057466747768268, ""rs_vs_nifty"": -0.12057466747768268}, {""sector"": ""NIFTY_IT"", ""ltp"": 30260.5, ""return_pct"": -0.19245452911307173, ""rs_vs_nifty"": -0.19245452911307173}, {""sector"": ""NIFTY_BANK"", ""ltp"": 57659.0, ""return_pct"": -0.2158911458671339, ""rs_vs_nifty"": -0.2158911458671339}, {""sector"": ""NIFTY_AUTO"", ""ltp"": 28896.2, ""return_pct"": -0.3584464218288551, ""rs_vs_nifty"": -0.3584464218288551}, {""sector"": ""NIFTY_METAL"", ""ltp"": 13486.2, ""return_pct"": -0.40984514499656616, ""rs_vs_nifty"": -0.40984514499656616}, {""sector"": ""NIFTY_FMCG"", ""ltp"": 47017.5, ""return_pct"": -0.4981704826582103, ""rs_vs_nifty"": -0.4981704826582103}, {""sector"": ""NIFTY_PSU_BANK"", ""ltp"": 8604.2, ""return_pct"": -0.7532152949997033, ""rs_vs_nifty"": -0.7532152949997033}, {""sector"": ""NIFTY_MEDIA"", ""ltp"": 1595.95, ""return_pct"": -0.9342023587833614, ""rs_vs_nifty"": -0.9342023587833614}]"
2026-08-27 13:01:57,NORMAL,24182.6,,0,24184.153220545286,,,False,True,"[[""NIFTY_REALTY"", 0.7086743943306099, 0.7086743943306099]]","[[""NIFTY_MEDIA"", -0.9497206703910587, -0.9497206703910587], [""NIFTY_PSU_BANK"", -0.7883961012745876, -0.7883961012745876]]","[{""sector"": ""NIFTY_REALTY"", ""ltp"": 916.6, ""return_pct"": 0.7086743943306099, ""rs_vs_nifty"": 0.7086743943306099}, {""sector"": ""NIFTY_PHARMA"", ""ltp"": 26748.85, ""return_pct"": 0.4602592173903219, ""rs_vs_nifty"": 0.4602592173903219}, {""sector"": ""NIFTY_HEALTHCARE"", ""ltp"": 16647.7, ""return_pct"": 0.3680670900995636, ""rs_vs_nifty"": 0.3680670900995636}, {""sector"": ""NIFTY_ENERGY"", ""ltp"": 38148.6, ""return_pct"": 0.12782185780014405, ""rs_vs_nifty"": 0.12782185780014405}, {""sector"": ""NIFTY_FIN_SERVICE"", ""ltp"": 26366.4, ""return_pct"": -0.07712204041800731, ""rs_vs_nifty"": -0.07712204041800731}, {""sector"": ""NIFTY_INFRA"", ""ltp"": 9277.0, ""return_pct"": -0.1275723044295081, ""rs_vs_nifty"": -0.1275723044295081}, {""sector"": ""NIFTY_IT"", ""ltp"": 30266.15, ""return_pct"": -0.1738192576565308, ""rs_vs_nifty"": -0.1738192576565308}, {""sector"": ""NIFTY_BANK"", ""ltp"": 57664.15, ""return_pct"": -0.20697860557682488, ""rs_vs_nifty"": -0.20697860557682488}, {""sector"": ""NIFTY_AUTO"", ""ltp"": 28895.05, ""return_pct"": -0.3624119185590495, ""rs_vs_nifty"": -0.3624119185590495}, {""sector"": ""NIFTY_METAL"", ""ltp"": 13490.4, ""return_pct"": -0.3788298367265638, ""rs_vs_nifty"": -0.3788298367265638}, {""sector"": ""NIFTY_FMCG"", ""ltp"": 47033.15, ""return_pct"": -0.4650508222775745, ""rs_vs_nifty"": -0.4650508222775745}, {""sector"": ""NIFTY_PSU_BANK"", ""ltp"": 8601.15, ""return_pct"": -0.7883961012745876, ""rs_vs_nifty"": -0.7883961012745876}, {""sector"": ""NIFTY_MEDIA"", ""ltp"": 1595.7, ""return_pct"": -0.9497206703910587, ""rs_vs_nifty"": -0.9497206703910587}]"
2026-08-27 13:03:52,NORMAL,24184.45,,0,24184.16551247585,,,True,True,"[[""NIFTY_REALTY"", 0.6921935944624588, 0.6921935944624588]]","[[""NIFTY_MEDIA"", -0.9186840471756644, -0.9186840471756644], [""NIFTY_PSU_BANK"", -0.8264605801949321, -0.8264605801949321]]","[{""sector"": ""NIFTY_REALTY"", ""ltp"": 916.45, ""return_pct"": 0.6921935944624588, ""rs_vs_nifty"": 0.6921935944624588}, {""sector"": ""NIFTY_PHARMA"", ""ltp"": 26756.95, ""return_pct"": 0.4906802672545621, ""rs_vs_nifty"": 0.4906802672545621}, {""sector"": ""NIFTY_HEALTHCARE"", ""ltp"": 16652.1, ""return_pct"": 0.3945944479445644, ""rs_vs_nifty"": 0.3945944479445644}, {""sector"": ""NIFTY_ENERGY"", ""ltp"": 38143.05, ""return_pct"": 0.1132548904327871, ""rs_vs_nifty"": 0.1132548904327871}, {""sector"": ""NIFTY_FIN_SERVICE"", ""ltp"": 26377.7, ""return_pct"": -0.0342975167460914, ""rs_vs_nifty"": -0.0342975167460914}, {""sector"": ""NIFTY_IT"", ""ltp"": 30275.6, ""return_pct"": -0.14265052929118355, ""rs_vs_nifty"": -0.14265052929118355}, {""sector"": ""NIFTY_INFRA"", ""ltp"": 9273.7, ""return_pct"": -0.16309876895417233, ""rs_vs_nifty"": -0.16309876895417233}, {""sector"": ""NIFTY_BANK"", ""ltp"": 57684.8, ""return_pct"": -0.17124191489821464, ""rs_vs_nifty"": -0.17124191489821464}, {""sector"": ""NIFTY_AUTO"", ""ltp"": 28907.5, ""return_pct"": -0.31948110613221464, ""rs_vs_nifty"": -0.31948110613221464}, {""sector"": ""NIFTY_METAL"", ""ltp"": 13481.05, ""return_pct"": -0.44787582061337533, ""rs_vs_nifty"": -0.44787582061337533}, {""sector"": ""NIFTY_FMCG"", ""ltp"": 47040.25, ""return_pct"": -0.45002528945313713, ""rs_vs_nifty"": -0.45002528945313713}, {""sector"": ""NIFTY_PSU_BANK"", ""ltp"": 8597.85, ""return_pct"": -0.8264605801949321, ""rs_vs_nifty"": -0.8264605801949321}, {""sector"": ""NIFTY_MEDIA"", ""ltp"": 1596.2, ""return_pct"": -0.9186840471756644, ""rs_vs_nifty"": -0.9186840471756644}]"
2026-08-27 13:05:31,NORMAL,24182.55,,0,24184.146169122003,,,False,True,"[[""NIFTY_REALTY"", 0.670219194638249, 0.670219194638249]]","[[""NIFTY_MEDIA"", -0.9900682805710767, -0.9900682805710767], [""NIFTY_PSU_BANK"", -0.8316511909568067, -0.8316511909568067]]","[{""sector"": ""NIFTY_REALTY"", ""ltp"": 916.25, ""return_pct"": 0.670219194638249, ""rs_vs_nifty"": 0.670219194638249}, {""sector"": ""NIFTY_PHARMA"", ""ltp"": 26757.0, ""return_pct"": 0.4908680515129805, ""rs_vs_nifty"": 0.4908680515129805}, {""sector"": ""NIFTY_HEALTHCARE"", ""ltp"": 16656.05, ""return_pct"": 0.41840878055543357, ""rs_vs_nifty"": 0.41840878055543357}, {""sector"": ""NIFTY_ENERGY"", ""ltp"": 38138.85, ""return_pct"": 0.1022312394520644, ""rs_vs_nifty"": 0.1022312394520644}, {""sector"": ""NIFTY_FIN_SERVICE"", ""ltp"": 26369.05, ""return_pct"": -0.06707912114982227, ""rs_vs_nifty"": -0.06707912114982227}, {""sector"": ""NIFTY_IT"", ""ltp"": 30277.05, ""return_pct"": -0.13786802599702586, ""rs_vs_nifty"": -0.13786802599702586}, {""sector"": ""NIFTY_INFRA"", ""ltp"": 9273.9, ""return_pct"": -0.16094564989208274, ""rs_vs_nifty"": -0.16094564989208274}, {""sector"": ""NIFTY_BANK"", ""ltp"": 57676.05, ""return_pct"": -0.18638458043999756, ""rs_vs_nifty"": -0.18638458043999756}, {""sector"": ""NIFTY_AUTO"", ""ltp"": 28919.8, ""return_pct"": -0.27706753240932264, ""rs_vs_nifty"": -0.27706753240932264}, {""sector"": ""NIFTY_FMCG"", ""ltp"": 47039.3, ""return_pct"": -0.4520357480704857, ""rs_vs_nifty"": -0.4520357480704857}, {""sector"": ""NIFTY_METAL"", ""ltp"": 13475.55, ""return_pct"": -0.48849110525267475, ""rs_vs_nifty"": -0.48849110525267475}, {""sector"": ""NIFTY_PSU_BANK"", ""ltp"": 8597.4, ""return_pct"": -0.8316511909568067, ""rs_vs_nifty"": -0.8316511909568067}, {""sector"": ""NIFTY_MEDIA"", ""ltp"": 1595.05, ""return_pct"": -0.9900682805710767, ""rs_vs_nifty"": -0.9900682805710767}]"
2026-08-27 13:07:30,NORMAL,24176.5,,0,24184.091505625333,,,False,True,"[[""NIFTY_REALTY"", 0.6372575949019468, 0.6372575949019468]]","[[""NIFTY_MEDIA"", -0.971446306641843, -0.971446306641843], [""NIFTY_PSU_BANK"", -0.7855124286291062, -0.7855124286291062], [""NIFTY_METAL"", -0.5003064607840965, -0.5003064607840965]]","[{""sector"": ""NIFTY_REALTY"", ""ltp"": 915.95, ""return_pct"": 0.6372575949019468, ""rs_vs_nifty"": 0.6372575949019468}, {""sector"": ""NIFTY_PHARMA"", ""ltp"": 26748.2, ""return_pct"": 0.4578180220308547, ""rs_vs_nifty"": 0.4578180220308547}, {""sector"": ""NIFTY_HEALTHCARE"", ""ltp"": 16650.25, ""return_pct"": 0.3834408997597377, ""rs_vs_nifty"": 0.3834408997597377}, {""sector"": ""NIFTY_ENERGY"", ""ltp"": 38137.4, ""return_pct"": 0.09842545518492173, ""rs_vs_nifty"": 0.09842545518492173}, {""sector"": ""NIFTY_FIN_SERVICE"", ""ltp"": 26368.1, ""return_pct"": -0.07067941296295094, ""rs_vs_nifty"": -0.07067941296295094}, {""sector"": ""NIFTY_IT"", ""ltp"": 30285.25, ""return_pct"": -0.11082214529904183, ""rs_vs_nifty"": -0.11082214529904183}, {""sector"": ""NIFTY_BANK"", ""ltp"": 57686.95, ""return_pct"": -0.16752114565081516, ""rs_vs_nifty"": -0.16752114565081516}, {""sector"": ""NIFTY_INFRA"", ""ltp"": 9270.2, ""return_pct"": -0.20077835254094573, ""rs_vs_nifty"": -0.20077835254094573}, {""sector"": ""NIFTY_AUTO"", ""ltp"": 28919.75, ""return_pct"": -0.27723994531063273, ""rs_vs_nifty"": -0.27723994531063273}, {""sector"": ""NIFTY_FMCG"", ""ltp"": 47035.35, ""return_pct"": -0.46039502337423294, ""rs_vs_nifty"": -0.46039502337423294}, {""sector"": ""NIFTY_METAL"", ""ltp"": 13473.95, ""return_pct"": -0.5003064607840965, ""rs_vs_nifty"": -0.5003064607840965}, {""sector"": ""NIFTY_PSU_BANK"", ""ltp"": 8601.4, ""return_pct"": -0.7855124286291062, ""rs_vs_nifty"": -0.7855124286291062}, {""sector"": ""NIFTY_MEDIA"", ""ltp"": 1595.35, ""return_pct"": -0.971446306641843, ""rs_vs_nifty"": -0.971446306641843}]"
2026-08-27 13:09:14,NORMAL,24182.0,,0,24184.093001998062,,,False,True,"[[""NIFTY_REALTY"", 0.5713343954293298, 0.5713343954293298]]","[[""NIFTY_MEDIA"", -0.9776536312849162, -0.9776536312849162], [""NIFTY_PSU_BANK"", -0.8033911990310817, -0.8033911990310817], [""NIFTY_METAL"", -0.5327986884955467, -0.5327986884955467]]","[{""sector"": ""NIFTY_REALTY"", ""ltp"": 915.35, ""return_pct"": 0.5713343954293298, ""rs_vs_nifty"": 0.5713343954293298}, {""sector"": ""NIFTY_PHARMA"", ""ltp"": 26731.4, ""return_pct"": 0.3947225112013392, ""rs_vs_nifty"": 0.3947225112013392}, {""sector"": ""NIFTY_HEALTHCARE"", ""ltp"": 16641.1, ""return_pct"": 0.3282760533320296, ""rs_vs_nifty"": 0.3282760533320296}, {""sector"": ""NIFTY_ENERGY"", ""ltp"": 38148.15, ""return_pct"": 0.12664075233793265, ""rs_vs_nifty"": 0.12664075233793265}, {""sector"": ""NIFTY_FIN_SERVICE"", ""ltp"": 26368.85, ""return_pct"": -0.06783707732100942, ""rs_vs_nifty"": -0.06783707732100942}, {""sector"": ""NIFTY_IT"", ""ltp"": 30284.35, ""return_pct"": -0.1137905956195568, ""rs_vs_nifty"": -0.1137905956195568}, {""sector"": ""NIFTY_INFRA"", ""ltp"": 9274.8, ""return_pct"": -0.15125661411263064, ""rs_vs_nifty"": -0.15125661411263064}, {""sector"": ""NIFTY_BANK"", ""ltp"": 57691.6, ""return_pct"": -0.15947390053432228, ""rs_vs_nifty"": -0.15947390053432228}, {""sector"": ""NIFTY_AUTO"", ""ltp"": 28915.5, ""return_pct"": -0.29189504192220195, ""rs_vs_nifty"": -0.29189504192220195}, {""sector"": ""NIFTY_FMCG"", ""ltp"": 47003.85, ""return_pct"": -0.5270575985812572, ""rs_vs_nifty"": -0.5270575985812572}, {""sector"": ""NIFTY_METAL"", ""ltp"": 13469.55, ""return_pct"": -0.5327986884955467, ""rs_vs_nifty"": -0.5327986884955467}, {""sector"": ""NIFTY_PSU_BANK"", ""ltp"": 8599.85, ""return_pct"": -0.8033911990310817, ""rs_vs_nifty"": -0.8033911990310817}, {""sector"": ""NIFTY_MEDIA"", ""ltp"": 1595.25, ""return_pct"": -0.9776536312849162, ""rs_vs_nifty"": -0.9776536312849162}]"
2026-08-27 13:11:12,NORMAL,24182.0,,0,24184.091263404414,,,False,True,[],"[[""NIFTY_MEDIA"", -0.9807572936064528, -0.9807572936064528], [""NIFTY_PSU_BANK"", -0.7474479497087407, -0.7474479497087407], [""NIFTY_METAL"", -0.5460909634684029, -0.5460909634684029]]","[{""sector"": ""NIFTY_REALTY"", ""ltp"": 914.7, ""return_pct"": 0.49991759600066676, ""rs_vs_nifty"": 0.49991759600066676}, {""sector"": ""NIFTY_PHARMA"", ""ltp"": 26740.15, ""return_pct"": 0.4275847564250466, ""rs_vs_nifty"": 0.4275847564250466}, {""sector"": ""NIFTY_HEALTHCARE"", ""ltp"": 16643.7, ""return_pct"": 0.34395131024046005, ""rs_vs_nifty"": 0.34395131024046005}, {""sector"": ""NIFTY_ENERGY"", ""ltp"": 38136.8, ""return_pct"": 0.09685064790196682, ""rs_vs_nifty"": 0.09685064790196682}, {""sector"": ""NIFTY_FIN_SERVICE"", ""ltp"": 26383.95, ""return_pct"": -0.01061138639657886, ""rs_vs_nifty"": -0.01061138639657886}, {""sector"": ""NIFTY_BANK"", ""ltp"": 57720.7, ""return_pct"": -0.10911372141822381, ""rs_vs_nifty"": -0.10911372141822381}, {""sector"": ""NIFTY_IT"", ""ltp"": 30270.55, ""return_pct"": -0.15930683386737712, ""rs_vs_nifty"": -0.15930683386737712}, {""sector"": ""NIFTY_INFRA"", ""ltp"": 9267.4, ""return_pct"": -0.23092201941037616, ""rs_vs_nifty"": -0.23092201941037616}, {""sector"": ""NIFTY_AUTO"", ""ltp"": 28920.85, ""return_pct"": -0.273446861481761, ""rs_vs_nifty"": -0.273446861481761}, {""sector"": ""NIFTY_FMCG"", ""ltp"": 47011.05, ""return_pct"": -0.5118204385339281, ""rs_vs_nifty"": -0.5118204385339281}, {""sector"": ""NIFTY_METAL"", ""ltp"": 13467.75, ""return_pct"": -0.5460909634684029, ""rs_vs_nifty"": -0.5460909634684029}, {""sector"": ""NIFTY_PSU_BANK"", ""ltp"": 8604.7, ""return_pct"": -0.7474479497087407, ""rs_vs_nifty"": -0.7474479497087407}, {""sector"": ""NIFTY_MEDIA"", ""ltp"": 1595.2, ""return_pct"": -0.9807572936064528, ""rs_vs_nifty"": -0.9807572936064528}]"
2026-08-27 13:12:50,NORMAL,24193.35,,0,24184.174307245667,,,True,True,[],"[[""NIFTY_MEDIA"", -0.9621353196772191, -0.9621353196772191], [""NIFTY_PSU_BANK"", -0.6943883730319018, -0.6943883730319018], [""NIFTY_FMCG"", -0.5174285599402364, -0.5174285599402364]]","[{""sector"": ""NIFTY_PHARMA"", ""ltp"": 26742.05, ""return_pct"": 0.4347205582450434, ""rs_vs_nifty"": 0.4347205582450434}, {""sector"": ""NIFTY_REALTY"", ""ltp"": 914.05, ""return_pct"": 0.42850079657199114, ""rs_vs_nifty"": 0.42850079657199114}, {""sector"": ""NIFTY_HEALTHCARE"", ""ltp"": 16645.65, ""return_pct"": 0.3557077529217774, ""rs_vs_nifty"": 0.3557077529217774}, {""sector"": ""NIFTY_ENERGY"", ""ltp"": 38140.95, ""return_pct"": 0.10774306494241621, ""rs_vs_nifty"": 0.10774306494241621}, {""sector"": ""NIFTY_FIN_SERVICE"", ""ltp"": 26407.0, ""return_pct"": 0.07674306233242063, ""rs_vs_nifty"": 0.07674306233242063}, {""sector"": ""NIFTY_BANK"", ""ltp"": 57779.3, ""return_pct"": -0.007701127046958859, ""rs_vs_nifty"": -0.007701127046958859}, {""sector"": ""NIFTY_IT"", ""ltp"": 30271.35, ""return_pct"": -0.15666821136025938, ""rs_vs_nifty"": -0.15666821136025938}, {""sector"": ""NIFTY_INFRA"", ""ltp"": 9269.3, ""return_pct"": -0.2104673883204174, ""rs_vs_nifty"": -0.2104673883204174}, {""sector"": ""NIFTY_AUTO"", ""ltp"": 28921.35, ""return_pct"": -0.2717227324686352, ""rs_vs_nifty"": -0.2717227324686352}, {""sector"": ""NIFTY_METAL"", ""ltp"": 13473.6, ""return_pct"": -0.5028910698066001, ""rs_vs_nifty"": -0.5028910698066001}, {""sector"": ""NIFTY_FMCG"", ""ltp"": 47008.4, ""return_pct"": -0.5174285599402364, ""rs_vs_nifty"": -0.5174285599402364}, {""sector"": ""NIFTY_PSU_BANK"", ""ltp"": 8609.3, ""return_pct"": -0.6943883730319018, ""rs_vs_nifty"": -0.6943883730319018}, {""sector"": ""NIFTY_MEDIA"", ""ltp"": 1595.5, ""return_pct"": -0.9621353196772191, ""rs_vs_nifty"": -0.9621353196772191}]"
2026-08-27 13:14:50,NORMAL,24191.35,,0,24184.20757615996,,,True,True,[],"[[""NIFTY_MEDIA"", -0.921787709497201, -0.921787709497201], [""NIFTY_PSU_BANK"", -0.6920814349155084, -0.6920814349155084], [""NIFTY_METAL"", -0.5003064607840965, -0.5003064607840965]]","[{""sector"": ""NIFTY_PHARMA"", ""ltp"": 26748.95, ""return_pct"": 0.46063478590717244, ""rs_vs_nifty"": 0.46063478590717244}, {""sector"": ""NIFTY_REALTY"", ""ltp"": 914.15, ""return_pct"": 0.43948799648409603, ""rs_vs_nifty"": 0.43948799648409603}, {""sector"": ""NIFTY_HEALTHCARE"", ""ltp"": 16648.75, ""return_pct"": 0.3743974823125739, ""rs_vs_nifty"": 0.3743974823125739}, {""sector"": ""NIFTY_ENERGY"", ""ltp"": 38152.6, ""return_pct"": 0.13832057301986905, ""rs_vs_nifty"": 0.13832057301986905}, {""sector"": ""NIFTY_FIN_SERVICE"", ""ltp"": 26405.7, ""return_pct"": 0.07181634721972477, ""rs_vs_nifty"": 0.07181634721972477}, {""sector"": ""NIFTY_BANK"", ""ltp"": 57775.8, ""return_pct"": -0.013758193263672036, ""rs_vs_nifty"": -0.013758193263672036}, {""sector"": ""NIFTY_IT"", ""ltp"": 30270.45, ""return_pct"": -0.15963666168076235, ""rs_vs_nifty"": -0.15963666168076235}, {""sector"": ""NIFTY_INFRA"", ""ltp"": 9269.35, ""return_pct"": -0.20992910855488028, ""rs_vs_nifty"": -0.20992910855488028}, {""sector"": ""NIFTY_AUTO"", ""ltp"": 28935.5, ""return_pct"": -0.22292988139717018, ""rs_vs_nifty"": -0.22292988139717018}, {""sector"": ""NIFTY_FMCG"", ""ltp"": 47018.55, ""return_pct"": -0.49594839681797004, ""rs_vs_nifty"": -0.49594839681797004}, {""sector"": ""NIFTY_METAL"", ""ltp"": 13473.95, ""return_pct"": -0.5003064607840965, ""rs_vs_nifty"": -0.5003064607840965}, {""sector"": ""NIFTY_PSU_BANK"", ""ltp"": 8609.5, ""return_pct"": -0.6920814349155084, ""rs_vs_nifty"": -0.6920814349155084}, {""sector"": ""NIFTY_MEDIA"", ""ltp"": 1596.15, ""return_pct"": -0.921787709497201, ""rs_vs_nifty"": -0.921787709497201}]"
2026-08-27 13:16:32,NORMAL,24193.15,,0,24184.264580297084,,,True,True,[],"[[""NIFTY_MEDIA"", -0.9248913718187517, -0.9248913718187517], [""NIFTY_PSU_BANK"", -0.697848780206471, -0.697848780206471], [""NIFTY_FMCG"", -0.5074820804649088, -0.5074820804649088]]","[{""sector"": ""NIFTY_REALTY"", ""ltp"": 914.35, ""return_pct"": 0.4614623963083059, ""rs_vs_nifty"": 0.4614623963083059}, {""sector"": ""NIFTY_PHARMA"", ""ltp"": 26730.6, ""return_pct"": 0.39171796306658935, ""rs_vs_nifty"": 0.39171796306658935}, {""sector"": ""NIFTY_HEALTHCARE"", ""ltp"": 16639.55, ""return_pct"": 0.31893118863663134, ""rs_vs_nifty"": 0.31893118863663134}, {""sector"": ""NIFTY_ENERGY"", ""ltp"": 38149.1, ""return_pct"": 0.12913419720260969, ""rs_vs_nifty"": 0.12913419720260969}, {""sector"": ""NIFTY_FIN_SERVICE"", ""ltp"": 26408.75, ""return_pct"": 0.08337517883028414, ""rs_vs_nifty"": 0.08337517883028414}, {""sector"": ""NIFTY_BANK"", ""ltp"": 57776.4, ""return_pct"": -0.012719839055095153, ""rs_vs_nifty"": -0.012719839055095153}, {""sector"": ""NIFTY_IT"", ""ltp"": 30268.0, ""return_pct"": -0.16771744310882025, ""rs_vs_nifty"": -0.16771744310882025}, {""sector"": ""NIFTY_INFRA"", ""ltp"": 9270.65, ""return_pct"": -0.19593383465122946, ""rs_vs_nifty"": -0.19593383465122946}, {""sector"": ""NIFTY_AUTO"", ""ltp"": 28942.95, ""return_pct"": -0.19724035910159335, ""rs_vs_nifty"": -0.19724035910159335}, {""sector"": ""NIFTY_METAL"", ""ltp"": 13473.95, ""return_pct"": -0.5003064607840965, ""rs_vs_nifty"": -0.5003064607840965}, {""sector"": ""NIFTY_FMCG"", ""ltp"": 47013.1, ""return_pct"": -0.5074820804649088, ""rs_vs_nifty"": -0.5074820804649088}, {""sector"": ""NIFTY_PSU_BANK"", ""ltp"": 8609.0, ""return_pct"": -0.697848780206471, ""rs_vs_nifty"": -0.697848780206471}, {""sector"": ""NIFTY_MEDIA"", ""ltp"": 1596.1, ""return_pct"": -0.9248913718187517, ""rs_vs_nifty"": -0.9248913718187517}]"
2026-08-27 13:28:06,NORMAL,24182.1,,0,24184.374045128432,,,False,True,[],"[[""NIFTY_MEDIA"", -0.9000620732464307, -0.9000620732464307], [""NIFTY_PSU_BANK"", -0.7808985523963404, -0.7808985523963404], [""NIFTY_METAL"", -0.5590140085809073, -0.5590140085809073]]","[{""sector"": ""NIFTY_PHARMA"", ""ltp"": 26736.85, ""return_pct"": 0.4151909953692375, ""rs_vs_nifty"": 0.4151909953692375}, {""sector"": ""NIFTY_HEALTHCARE"", ""ltp"": 16640.05, ""return_pct"": 0.3219456611190193, ""rs_vs_nifty"": 0.3219456611190193}, {""sector"": ""NIFTY_REALTY"", ""ltp"": 912.65, ""return_pct"": 0.27467999780256, ""rs_vs_nifty"": 0.27467999780256}, {""sector"": ""NIFTY_ENERGY"", ""ltp"": 38136.95, ""return_pct"": 0.09724434972269122, ""rs_vs_nifty"": 0.09724434972269122}, {""sector"": ""NIFTY_FIN_SERVICE"", ""ltp"": 26383.85, ""return_pct"": -0.010990364482179332, ""rs_vs_nifty"": -0.010990364482179332}, {""sector"": ""NIFTY_BANK"", ""ltp"": 57737.9, ""return_pct"": -0.0793475674389401, ""rs_vs_nifty"": -0.0793475674389401}, {""sector"": ""NIFTY_IT"", ""ltp"": 30265.35, ""return_pct"": -0.17645788016366057, ""rs_vs_nifty"": -0.17645788016366057}, {""sector"": ""NIFTY_INFRA"", ""ltp"": 9267.7, ""return_pct"": -0.22769234081721243, ""rs_vs_nifty"": -0.22769234081721243}, {""sector"": ""NIFTY_AUTO"", ""ltp"": 28905.6, ""return_pct"": -0.3260327963820977, ""rs_vs_nifty"": -0.3260327963820977}, {""sector"": ""NIFTY_FMCG"", ""ltp"": 47024.1, ""return_pct"": -0.4842030859481702, ""rs_vs_nifty"": -0.4842030859481702}, {""sector"": ""NIFTY_METAL"", ""ltp"": 13466.0, ""return_pct"": -0.5590140085809073, ""rs_vs_nifty"": -0.5590140085809073}, {""sector"": ""NIFTY_PSU_BANK"", ""ltp"": 8601.8, ""return_pct"": -0.7808985523963404, ""rs_vs_nifty"": -0.7808985523963404}, {""sector"": ""NIFTY_MEDIA"", ""ltp"": 1596.5, ""return_pct"": -0.9000620732464307, ""rs_vs_nifty"": -0.9000620732464307}]"
2026-08-27 13:29:44,NORMAL,24182.3,,0,24184.35164643312,,,False,True,[],"[[""NIFTY_MEDIA"", -0.9621353196772191, -0.9621353196772191], [""NIFTY_PSU_BANK"", -0.7866658976873029, -0.7866658976873029], [""NIFTY_METAL"", -0.5597524683016245, -0.5597524683016245]]","[{""sector"": ""NIFTY_PHARMA"", ""ltp"": 26741.6, ""return_pct"": 0.4330304999192501, ""rs_vs_nifty"": 0.4330304999192501}, {""sector"": ""NIFTY_HEALTHCARE"", ""ltp"": 16643.6, ""return_pct"": 0.3433484157439693, ""rs_vs_nifty"": 0.3433484157439693}, {""sector"": ""NIFTY_REALTY"", ""ltp"": 912.65, ""return_pct"": 0.27467999780256, ""rs_vs_nifty"": 0.27467999780256}, {""sector"": ""NIFTY_ENERGY"", ""ltp"": 38132.65, ""return_pct"": 0.08595823086149831, ""rs_vs_nifty"": 0.08595823086149831}, {""sector"": ""NIFTY_FIN_SERVICE"", ""ltp"": 26385.75, ""return_pct"": -0.0037897808559220064, ""rs_vs_nifty"": -0.0037897808559220064}, {""sector"": ""NIFTY_BANK"", ""ltp"": 57735.0, ""return_pct"": -0.08436627944707638, ""rs_vs_nifty"": -0.08436627944707638}, {""sector"": ""NIFTY_IT"", ""ltp"": 30274.0, ""return_pct"": -0.14792777430541906, ""rs_vs_nifty"": -0.14792777430541906}, {""sector"": ""NIFTY_INFRA"", ""ltp"": 9270.4, ""return_pct"": -0.1986252334788561, ""rs_vs_nifty"": -0.1986252334788561}, {""sector"": ""NIFTY_AUTO"", ""ltp"": 28900.2, ""return_pct"": -0.34465338972384874, ""rs_vs_nifty"": -0.34465338972384874}, {""sector"": ""NIFTY_FMCG"", ""ltp"": 47042.8, ""return_pct"": -0.4446287952697052, ""rs_vs_nifty"": -0.4446287952697052}, {""sector"": ""NIFTY_METAL"", ""ltp"": 13465.9, ""return_pct"": -0.5597524683016245, ""rs_vs_nifty"": -0.5597524683016245}, {""sector"": ""NIFTY_PSU_BANK"", ""ltp"": 8601.3, ""return_pct"": -0.7866658976873029, ""rs_vs_nifty"": -0.7866658976873029}, {""sector"": ""NIFTY_MEDIA"", ""ltp"": 1595.5, ""return_pct"": -0.9621353196772191, ""rs_vs_nifty"": -0.9621353196772191}]"
2026-08-27 13:31:26,NORMAL,24170.75,,0,24184.29791750602,,,False,True,[],"[[""NIFTY_MEDIA"", -0.9124767225325913, -0.9124767225325913], [""NIFTY_PSU_BANK"", -0.818963031316685, -0.818963031316685], [""NIFTY_METAL"", -0.6169830966570008, -0.6169830966570008]]","[{""sector"": ""NIFTY_PHARMA"", ""ltp"": 26739.6, ""return_pct"": 0.4255191295824026, ""rs_vs_nifty"": 0.4255191295824026}, {""sector"": ""NIFTY_HEALTHCARE"", ""ltp"": 16642.55, ""return_pct"": 0.337018023530959, ""rs_vs_nifty"": 0.337018023530959}, {""sector"": ""NIFTY_REALTY"", ""ltp"": 912.6, ""return_pct"": 0.2691863978465138, ""rs_vs_nifty"": 0.2691863978465138}, {""sector"": ""NIFTY_ENERGY"", ""ltp"": 38118.35, ""return_pct"": 0.048425323950973855, ""rs_vs_nifty"": 0.048425323950973855}, {""sector"": ""NIFTY_FIN_SERVICE"", ""ltp"": 26372.05, ""return_pct"": -0.055709778582056245, ""rs_vs_nifty"": -0.055709778582056245}, {""sector"": ""NIFTY_BANK"", ""ltp"": 57704.6, ""return_pct"": -0.13697622601510193, ""rs_vs_nifty"": -0.13697622601510193}, {""sector"": ""NIFTY_IT"", ""ltp"": 30272.45, ""return_pct"": -0.15304010541296195, ""rs_vs_nifty"": -0.15304010541296195}, {""sector"": ""NIFTY_INFRA"", ""ltp"": 9267.7, ""return_pct"": -0.22769234081721243, ""rs_vs_nifty"": -0.22769234081721243}, {""sector"": ""NIFTY_AUTO"", ""ltp"": 28884.15, ""return_pct"": -0.3999979310451842, ""rs_vs_nifty"": -0.3999979310451842}, {""sector"": ""NIFTY_FMCG"", ""ltp"": 47016.05, ""return_pct"": -0.501239077389956, ""rs_vs_nifty"": -0.501239077389956}, {""sector"": ""NIFTY_METAL"", ""ltp"": 13458.15, ""return_pct"": -0.6169830966570008, ""rs_vs_nifty"": -0.6169830966570008}, {""sector"": ""NIFTY_PSU_BANK"", ""ltp"": 8598.5, ""return_pct"": -0.818963031316685, ""rs_vs_nifty"": -0.818963031316685}, {""sector"": ""NIFTY_MEDIA"", ""ltp"": 1596.3, ""return_pct"": -0.9124767225325913, ""rs_vs_nifty"": -0.9124767225325913}]"
2026-08-27 13:33:22,NORMAL,24170.0,,0,24184.258893775277,,,False,True,[],"[[""NIFTY_MEDIA"", -0.9931719428926132, -0.9931719428926132], [""NIFTY_PSU_BANK"", -0.8016609954437972, -0.8016609954437972], [""NIFTY_METAL"", -0.5615986176034108, -0.5615986176034108]]","[{""sector"": ""NIFTY_PHARMA"", ""ltp"": 26735.05, ""return_pct"": 0.40843076206607754, ""rs_vs_nifty"": 0.40843076206607754}, {""sector"": ""NIFTY_HEALTHCARE"", ""ltp"": 16638.65, ""return_pct"": 0.3135051381683462, ""rs_vs_nifty"": 0.3135051381683462}, {""sector"": ""NIFTY_REALTY"", ""ltp"": 912.7, ""return_pct"": 0.2801735977586187, ""rs_vs_nifty"": 0.2801735977586187}, {""sector"": ""NIFTY_ENERGY"", ""ltp"": 38124.85, ""return_pct"": 0.06548573618302696, ""rs_vs_nifty"": 0.06548573618302696}, {""sector"": ""NIFTY_FIN_SERVICE"", ""ltp"": 26375.15, ""return_pct"": -0.04396145792868976, ""rs_vs_nifty"": -0.04396145792868976}, {""sector"": ""NIFTY_BANK"", ""ltp"": 57708.7, ""return_pct"": -0.12988080558981185, ""rs_vs_nifty"": -0.12988080558981185}, {""sector"": ""NIFTY_IT"", ""ltp"": 30268.1, ""return_pct"": -0.16738761529543503, ""rs_vs_nifty"": -0.16738761529543503}, {""sector"": ""NIFTY_INFRA"", ""ltp"": 9267.75, ""return_pct"": -0.22715406105169494, ""rs_vs_nifty"": -0.22715406105169494}, {""sector"": ""NIFTY_AUTO"", ""ltp"": 28885.15, ""return_pct"": -0.3965496730189326, ""rs_vs_nifty"": -0.3965496730189326}, {""sector"": ""NIFTY_FMCG"", ""ltp"": 47017.25, ""return_pct"": -0.4986995507154089, ""rs_vs_nifty"": -0.4986995507154089}, {""sector"": ""NIFTY_METAL"", ""ltp"": 13465.65, ""return_pct"": -0.5615986176034108, ""rs_vs_nifty"": -0.5615986176034108}, {""sector"": ""NIFTY_PSU_BANK"", ""ltp"": 8600.0, ""return_pct"": -0.8016609954437972, ""rs_vs_nifty"": -0.8016609954437972}, {""sector"": ""NIFTY_MEDIA"", ""ltp"": 1595.0, ""return_pct"": -0.9931719428926132, ""rs_vs_nifty"": -0.9931719428926132}]"
2026-08-27 13:35:00,NORMAL,24177.05,,0,24184.250298738316,,,False,True,[],"[[""NIFTY_MEDIA"", -0.9466170080695221, -0.9466170080695221], [""NIFTY_PSU_BANK"", -0.8241536420785597, -0.8241536420785597], [""NIFTY_METAL"", -0.5435063544458993, -0.5435063544458993]]","[{""sector"": ""NIFTY_PHARMA"", ""ltp"": 26736.0, ""return_pct"": 0.4119986629760828, ""rs_vs_nifty"": 0.4119986629760828}, {""sector"": ""NIFTY_REALTY"", ""ltp"": 913.15, ""return_pct"": 0.329615997363072, ""rs_vs_nifty"": 0.329615997363072}, {""sector"": ""NIFTY_HEALTHCARE"", ""ltp"": 16638.1, ""return_pct"": 0.3101892184377019, ""rs_vs_nifty"": 0.3101892184377019}, {""sector"": ""NIFTY_ENERGY"", ""ltp"": 38125.35, ""return_pct"": 0.06679807558549258, ""rs_vs_nifty"": 0.06679807558549258}, {""sector"": ""NIFTY_FIN_SERVICE"", ""ltp"": 26375.7, ""return_pct"": -0.04187707845793541, ""rs_vs_nifty"": -0.04187707845793541}, {""sector"": ""NIFTY_BANK"", ""ltp"": 57715.25, ""return_pct"": -0.11854543881281501, ""rs_vs_nifty"": -0.11854543881281501}, {""sector"": ""NIFTY_IT"", ""ltp"": 30277.55, ""return_pct"": -0.13621888693007575, ""rs_vs_nifty"": -0.13621888693007575}, {""sector"": ""NIFTY_INFRA"", ""ltp"": 9270.25, ""return_pct"": -0.20024007277542824, ""rs_vs_nifty"": -0.20024007277542824}, {""sector"": ""NIFTY_AUTO"", ""ltp"": 28895.1, ""return_pct"": -0.3622395056577394, ""rs_vs_nifty"": -0.3622395056577394}, {""sector"": ""NIFTY_FMCG"", ""ltp"": 47023.05, ""return_pct"": -0.4864251717883951, ""rs_vs_nifty"": -0.4864251717883951}, {""sector"": ""NIFTY_METAL"", ""ltp"": 13468.1, ""return_pct"": -0.5435063544458993, ""rs_vs_nifty"": -0.5435063544458993}, {""sector"": ""NIFTY_PSU_BANK"", ""ltp"": 8598.05, ""return_pct"": -0.8241536420785597, ""rs_vs_nifty"": -0.8241536420785597}, {""sector"": ""NIFTY_MEDIA"", ""ltp"": 1595.75, ""return_pct"": -0.9466170080695221, ""rs_vs_nifty"": -0.9466170080695221}]"
2026-08-27 13:36:57,NORMAL,24173.7,,0,24184.204211573047,,,False,True,[],"[[""NIFTY_MEDIA"", -0.9093730602110547, -0.9093730602110547], [""NIFTY_PSU_BANK"", -0.8143491550839191, -0.8143491550839191], [""NIFTY_METAL"", -0.5756293522969843, -0.5756293522969843]]","[{""sector"": ""NIFTY_PHARMA"", ""ltp"": 26739.1, ""return_pct"": 0.4236412869981908, ""rs_vs_nifty"": 0.4236412869981908}, {""sector"": ""NIFTY_HEALTHCARE"", ""ltp"": 16637.35, ""return_pct"": 0.30566750971412, ""rs_vs_nifty"": 0.30566750971412}, {""sector"": ""NIFTY_REALTY"", ""ltp"": 912.7, ""return_pct"": 0.2801735977586187, ""rs_vs_nifty"": 0.2801735977586187}, {""sector"": ""NIFTY_ENERGY"", ""ltp"": 38119.8, ""return_pct"": 0.052231108218135626, ""rs_vs_nifty"": 0.052231108218135626}, {""sector"": ""NIFTY_FIN_SERVICE"", ""ltp"": 26375.25, ""return_pct"": -0.043582479843103074, ""rs_vs_nifty"": -0.043582479843103074}, {""sector"": ""NIFTY_BANK"", ""ltp"": 57724.25, ""return_pct"": -0.10297012568412399, ""rs_vs_nifty"": -0.10297012568412399}, {""sector"": ""NIFTY_IT"", ""ltp"": 30286.5, ""return_pct"": -0.10669929763166659, ""rs_vs_nifty"": -0.10669929763166659}, {""sector"": ""NIFTY_INFRA"", ""ltp"": 9267.7, ""return_pct"": -0.22769234081721243, ""rs_vs_nifty"": -0.22769234081721243}, {""sector"": ""NIFTY_AUTO"", ""ltp"": 28879.6, ""return_pct"": -0.415687505064639, ""rs_vs_nifty"": -0.415687505064639}, {""sector"": ""NIFTY_FMCG"", ""ltp"": 47022.05, ""return_pct"": -0.48854144401718946, ""rs_vs_nifty"": -0.48854144401718946}, {""sector"": ""NIFTY_METAL"", ""ltp"": 13463.75, ""return_pct"": -0.5756293522969843, ""rs_vs_nifty"": -0.5756293522969843}, {""sector"": ""NIFTY_PSU_BANK"", ""ltp"": 8598.9, ""return_pct"": -0.8143491550839191, ""rs_vs_nifty"": -0.8143491550839191}, {""sector"": ""NIFTY_MEDIA"", ""ltp"": 1596.35, ""return_pct"": -0.9093730602110547, ""rs_vs_nifty"": -0.9093730602110547}]"
2026-08-27 13:38:36,NORMAL,24174.6,,0,24184.16969242773,,,False,True,[],"[[""NIFTY_MEDIA"", -0.9248913718187517, -0.9248913718187517], [""NIFTY_PSU_BANK"", -0.7930099775073535, -0.7930099775073535], [""NIFTY_METAL"", -0.656859921575583, -0.656859921575583]]","[{""sector"": ""NIFTY_PHARMA"", ""ltp"": 26732.55, ""return_pct"": 0.3990415491450182, ""rs_vs_nifty"": 0.3990415491450182}, {""sector"": ""NIFTY_REALTY"", ""ltp"": 913.6, ""return_pct"": 0.37905839696753785, ""rs_vs_nifty"": 0.37905839696753785}, {""sector"": ""NIFTY_HEALTHCARE"", ""ltp"": 16637.6, ""return_pct"": 0.30717474595531397, ""rs_vs_nifty"": 0.30717474595531397}, {""sector"": ""NIFTY_ENERGY"", ""ltp"": 38114.35, ""return_pct"": 0.037926608731248874, ""rs_vs_nifty"": 0.037926608731248874}, {""sector"": ""NIFTY_FIN_SERVICE"", ""ltp"": 26379.4, ""return_pct"": -0.027854889291021236, ""rs_vs_nifty"": -0.027854889291021236}, {""sector"": ""NIFTY_IT"", ""ltp"": 30307.8, ""return_pct"": -0.03644597337959478, ""rs_vs_nifty"": -0.03644597337959478}, {""sector"": ""NIFTY_BANK"", ""ltp"": 57726.85, ""return_pct"": -0.09847059078028245, ""rs_vs_nifty"": -0.09847059078028245}, {""sector"": ""NIFTY_INFRA"", ""ltp"": 9266.9, ""return_pct"": -0.2363048170656295, ""rs_vs_nifty"": -0.2363048170656295}, {""sector"": ""NIFTY_AUTO"", ""ltp"": 28883.75, ""return_pct"": -0.40137723425568994, ""rs_vs_nifty"": -0.40137723425568994}, {""sector"": ""NIFTY_FMCG"", ""ltp"": 47024.1, ""return_pct"": -0.4842030859481702, ""rs_vs_nifty"": -0.4842030859481702}, {""sector"": ""NIFTY_METAL"", ""ltp"": 13452.75, ""return_pct"": -0.656859921575583, ""rs_vs_nifty"": -0.656859921575583}, {""sector"": ""NIFTY_PSU_BANK"", ""ltp"": 8600.75, ""return_pct"": -0.7930099775073535, ""rs_vs_nifty"": -0.7930099775073535}, {""sector"": ""NIFTY_MEDIA"", ""ltp"": 1596.1, ""return_pct"": -0.9248913718187517, ""rs_vs_nifty"": -0.9248913718187517}]"
2026-08-27 13:40:30,NORMAL,24177.1,,0,24184.16047629214,,,False,True,[],"[[""NIFTY_MEDIA"", -0.9093730602110547, -0.9093730602110547], [""NIFTY_PSU_BANK"", -0.8045446680892785, -0.8045446680892785], [""NIFTY_METAL"", -0.6465214854855822, -0.6465214854855822]]","[{""sector"": ""NIFTY_PHARMA"", ""ltp"": 26747.05, ""return_pct"": 0.45349898408716194, ""rs_vs_nifty"": 0.45349898408716194}, {""sector"": ""NIFTY_REALTY"", ""ltp"": 914.2, ""return_pct"": 0.4449815964401548, ""rs_vs_nifty"": 0.4449815964401548}, {""sector"": ""NIFTY_HEALTHCARE"", ""ltp"": 16645.45, ""return_pct"": 0.3545019639288179, ""rs_vs_nifty"": 0.3545019639288179}, {""sector"": ""NIFTY_ENERGY"", ""ltp"": 38113.5, ""return_pct"": 0.035695631747061134, ""rs_vs_nifty"": 0.035695631747061134}, {""sector"": ""NIFTY_FIN_SERVICE"", ""ltp"": 26383.3, ""return_pct"": -0.01307474395293368, ""rs_vs_nifty"": -0.01307474395293368}, {""sector"": ""NIFTY_IT"", ""ltp"": 30303.25, ""return_pct"": -0.051453138888838276, ""rs_vs_nifty"": -0.051453138888838276}, {""sector"": ""NIFTY_BANK"", ""ltp"": 57718.25, ""return_pct"": -0.11335366776991801, ""rs_vs_nifty"": -0.11335366776991801}, {""sector"": ""NIFTY_INFRA"", ""ltp"": 9266.85, ""return_pct"": -0.236843096831147, ""rs_vs_nifty"": -0.236843096831147}, {""sector"": ""NIFTY_AUTO"", ""ltp"": 28894.9, ""return_pct"": -0.36292915726297964, ""rs_vs_nifty"": -0.36292915726297964}, {""sector"": ""NIFTY_FMCG"", ""ltp"": 47027.2, ""return_pct"": -0.4776426420389106, ""rs_vs_nifty"": -0.4776426420389106}, {""sector"": ""NIFTY_METAL"", ""ltp"": 13454.15, ""return_pct"": -0.6465214854855822, ""rs_vs_nifty"": -0.6465214854855822}, {""sector"": ""NIFTY_PSU_BANK"", ""ltp"": 8599.75, ""return_pct"": -0.8045446680892785, ""rs_vs_nifty"": -0.8045446680892785}, {""sector"": ""NIFTY_MEDIA"", ""ltp"": 1596.35, ""return_pct"": -0.9093730602110547, ""rs_vs_nifty"": -0.9093730602110547}]"
2026-08-27 13:42:13,NORMAL,24172.45,,0,24184.12024256661,,,False,True,[],"[[""NIFTY_MEDIA"", -0.8472998137802664, -0.8472998137802664], [""NIFTY_PSU_BANK"", -0.8437626160678199, -0.8437626160678199], [""NIFTY_METAL"", -0.6760598743141636, -0.6760598743141636]]","[{""sector"": ""NIFTY_REALTY"", ""ltp"": 914.6, ""return_pct"": 0.48893039608856187, ""rs_vs_nifty"": 0.48893039608856187}, {""sector"": ""NIFTY_PHARMA"", ""ltp"": 26753.4, ""return_pct"": 0.4773475849066606, ""rs_vs_nifty"": 0.4773475849066606}, {""sector"": ""NIFTY_HEALTHCARE"", ""ltp"": 16646.55, ""return_pct"": 0.36113380339006257, ""rs_vs_nifty"": 0.36113380339006257}, {""sector"": ""NIFTY_ENERGY"", ""ltp"": 38112.5, ""return_pct"": 0.03307095294212988, ""rs_vs_nifty"": 0.03307095294212988}, {""sector"": ""NIFTY_FIN_SERVICE"", ""ltp"": 26382.05, ""return_pct"": -0.017811970022836188, ""rs_vs_nifty"": -0.017811970022836188}, {""sector"": ""NIFTY_IT"", ""ltp"": 30297.55, ""return_pct"": -0.07025332425207181, ""rs_vs_nifty"": -0.07025332425207181}, {""sector"": ""NIFTY_BANK"", ""ltp"": 57714.4, ""return_pct"": -0.12001644060829998, ""rs_vs_nifty"": -0.12001644060829998}, {""sector"": ""NIFTY_INFRA"", ""ltp"": 9264.8, ""return_pct"": -0.25891256721769745, ""rs_vs_nifty"": -0.25891256721769745}, {""sector"": ""NIFTY_AUTO"", ""ltp"": 28891.4, ""return_pct"": -0.3749980603548602, ""rs_vs_nifty"": -0.3749980603548602}, {""sector"": ""NIFTY_FMCG"", ""ltp"": 47024.3, ""return_pct"": -0.48377983150240206, ""rs_vs_nifty"": -0.48377983150240206}, {""sector"": ""NIFTY_METAL"", ""ltp"": 13450.15, ""return_pct"": -0.6760598743141636, ""rs_vs_nifty"": -0.6760598743141636}, {""sector"": ""NIFTY_PSU_BANK"", ""ltp"": 8596.35, ""return_pct"": -0.8437626160678199, ""rs_vs_nifty"": -0.8437626160678199}, {""sector"": ""NIFTY_MEDIA"", ""ltp"": 1597.35, ""return_pct"": -0.8472998137802664, ""rs_vs_nifty"": -0.8472998137802664}]"
2026-08-27 13:44:14,NORMAL,24168.0,,0,24184.03503507534,,,False,True,"[[""NIFTY_PHARMA"", 0.5120876727145799, 0.5120876727145799]]","[[""NIFTY_MEDIA"", -0.921787709497201, -0.921787709497201], [""NIFTY_PSU_BANK"", -0.8697156698771514, -0.8697156698771514], [""NIFTY_METAL"", -0.7451058582009751, -0.7451058582009751]]","[{""sector"": ""NIFTY_PHARMA"", ""ltp"": 26762.65, ""return_pct"": 0.5120876727145799, ""rs_vs_nifty"": 0.5120876727145799}, {""sector"": ""NIFTY_REALTY"", ""ltp"": 913.8, ""return_pct"": 0.40103279679173515, ""rs_vs_nifty"": 0.40103279679173515}, {""sector"": ""NIFTY_HEALTHCARE"", ""ltp"": 16652.3, ""return_pct"": 0.3958002369375239, ""rs_vs_nifty"": 0.3958002369375239}, {""sector"": ""NIFTY_ENERGY"", ""ltp"": 38106.05, ""return_pct"": 0.016141774650330985, ""rs_vs_nifty"": 0.016141774650330985}, {""sector"": ""NIFTY_FIN_SERVICE"", ""ltp"": 26370.55, ""return_pct"": -0.06139444986593926, ""rs_vs_nifty"": -0.06139444986593926}, {""sector"": ""NIFTY_IT"", ""ltp"": 30295.35, ""return_pct"": -0.07750953614665464, ""rs_vs_nifty"": -0.07750953614665464}, {""sector"": ""NIFTY_BANK"", ""ltp"": 57693.0, ""return_pct"": -0.1570510740476345, ""rs_vs_nifty"": -0.1570510740476345}, {""sector"": ""NIFTY_INFRA"", ""ltp"": 9264.0, ""return_pct"": -0.26752504346609496, ""rs_vs_nifty"": -0.26752504346609496}, {""sector"": ""NIFTY_AUTO"", ""ltp"": 28884.35, ""return_pct"": -0.39930827943994396, ""rs_vs_nifty"": -0.39930827943994396}, {""sector"": ""NIFTY_FMCG"", ""ltp"": 47023.2, ""return_pct"": -0.48610773095408827, ""rs_vs_nifty"": -0.48610773095408827}, {""sector"": ""NIFTY_METAL"", ""ltp"": 13440.8, ""return_pct"": -0.7451058582009751, ""rs_vs_nifty"": -0.7451058582009751}, {""sector"": ""NIFTY_PSU_BANK"", ""ltp"": 8594.1, ""return_pct"": -0.8697156698771514, ""rs_vs_nifty"": -0.8697156698771514}, {""sector"": ""NIFTY_MEDIA"", ""ltp"": 1596.15, ""return_pct"": -0.921787709497201, ""rs_vs_nifty"": -0.921787709497201}]"
2026-08-27 13:45:51,NORMAL,24159.8,,0,24183.87283433138,,,False,True,"[[""NIFTY_PHARMA"", 0.5319928041072228, 0.5319928041072228]]","[[""NIFTY_MEDIA"", -0.9900682805710767, -0.9900682805710767], [""NIFTY_PSU_BANK"", -0.8916315819828049, -0.8916315819828049], [""NIFTY_METAL"", -0.7329212728091745, -0.7329212728091745]]","[{""sector"": ""NIFTY_PHARMA"", ""ltp"": 26767.95, ""return_pct"": 0.5319928041072228, ""rs_vs_nifty"": 0.5319928041072228}, {""sector"": ""NIFTY_HEALTHCARE"", ""ltp"": 16657.45, ""return_pct"": 0.42684930350612854, ""rs_vs_nifty"": 0.42684930350612854}, {""sector"": ""NIFTY_REALTY"", ""ltp"": 913.6, ""return_pct"": 0.37905839696753785, ""rs_vs_nifty"": 0.37905839696753785}, {""sector"": ""NIFTY_ENERGY"", ""ltp"": 38084.15, ""return_pct"": -0.041338691177667135, ""rs_vs_nifty"": -0.041338691177667135}, {""sector"": ""NIFTY_IT"", ""ltp"": 30290.4, ""return_pct"": -0.09383601290945102, ""rs_vs_nifty"": -0.09383601290945102}, {""sector"": ""NIFTY_FIN_SERVICE"", ""ltp"": 26361.75, ""return_pct"": -0.09474452139805016, ""rs_vs_nifty"": -0.09474452139805016}, {""sector"": ""NIFTY_BANK"", ""ltp"": 57672.95, ""return_pct"": -0.1917494105176679, ""rs_vs_nifty"": -0.1917494105176679}, {""sector"": ""NIFTY_INFRA"", ""ltp"": 9260.25, ""return_pct"": -0.30789602588049503, ""rs_vs_nifty"": -0.30789602588049503}, {""sector"": ""NIFTY_AUTO"", ""ltp"": 28888.55, ""return_pct"": -0.3848255957296848, ""rs_vs_nifty"": -0.3848255957296848}, {""sector"": ""NIFTY_FMCG"", ""ltp"": 47017.0, ""return_pct"": -0.49922861877260744, ""rs_vs_nifty"": -0.49922861877260744}, {""sector"": ""NIFTY_METAL"", ""ltp"": 13442.45, ""return_pct"": -0.7329212728091745, ""rs_vs_nifty"": -0.7329212728091745}, {""sector"": ""NIFTY_PSU_BANK"", ""ltp"": 8592.2, ""return_pct"": -0.8916315819828049, ""rs_vs_nifty"": -0.8916315819828049}, {""sector"": ""NIFTY_MEDIA"", ""ltp"": 1595.05, ""return_pct"": -0.9900682805710767, ""rs_vs_nifty"": -0.9900682805710767}]"
2026-08-27 13:47:50,NORMAL,24156.85,,0,24183.739853228533,,,False,True,"[[""NIFTY_PHARMA"", 0.5556536206682894, 0.5556536206682894]]","[[""NIFTY_MEDIA"", -0.9621353196772191, -0.9621353196772191], [""NIFTY_PSU_BANK"", -0.9187381048503331, -0.9187381048503331], [""NIFTY_METAL"", -0.8027057164167033, -0.8027057164167033]]","[{""sector"": ""NIFTY_PHARMA"", ""ltp"": 26774.25, ""return_pct"": 0.5556536206682894, ""rs_vs_nifty"": 0.5556536206682894}, {""sector"": ""NIFTY_HEALTHCARE"", ""ltp"": 16659.45, ""return_pct"": 0.43890719343568035, ""rs_vs_nifty"": 0.43890719343568035}, {""sector"": ""NIFTY_REALTY"", ""ltp"": 913.7, ""return_pct"": 0.39004559687964274, ""rs_vs_nifty"": 0.39004559687964274}, {""sector"": ""NIFTY_ENERGY"", ""ltp"": 38074.55, ""return_pct"": -0.06653560770500327, ""rs_vs_nifty"": -0.06653560770500327}, {""sector"": ""NIFTY_FIN_SERVICE"", ""ltp"": 26358.6, ""return_pct"": -0.10668233109420999, ""rs_vs_nifty"": -0.10668233109420999}, {""sector"": ""NIFTY_IT"", ""ltp"": 30284.35, ""return_pct"": -0.1137905956195568, ""rs_vs_nifty"": -0.1137905956195568}, {""sector"": ""NIFTY_BANK"", ""ltp"": 57667.75, ""return_pct"": -0.200748480325351, ""rs_vs_nifty"": -0.200748480325351}, {""sector"": ""NIFTY_INFRA"", ""ltp"": 9257.3, ""return_pct"": -0.3396545320464976, ""rs_vs_nifty"": -0.3396545320464976}, {""sector"": ""NIFTY_AUTO"", ""ltp"": 28878.55, ""return_pct"": -0.41930817599220066, ""rs_vs_nifty"": -0.41930817599220066}, {""sector"": ""NIFTY_FMCG"", ""ltp"": 47010.3, ""return_pct"": -0.513407642705524, ""rs_vs_nifty"": -0.513407642705524}, {""sector"": ""NIFTY_METAL"", ""ltp"": 13433.0, ""return_pct"": -0.8027057164167033, ""rs_vs_nifty"": -0.8027057164167033}, {""sector"": ""NIFTY_PSU_BANK"", ""ltp"": 8589.85, ""return_pct"": -0.9187381048503331, ""rs_vs_nifty"": -0.9187381048503331}, {""sector"": ""NIFTY_MEDIA"", ""ltp"": 1595.5, ""return_pct"": -0.9621353196772191, ""rs_vs_nifty"": -0.9621353196772191}]"
2026-08-27 13:49:35,NORMAL,24146.7,,0,24183.347930033146,,,False,True,"[[""NIFTY_PHARMA"", 0.5147166523324656, 0.5147166523324656]]","[[""NIFTY_MEDIA"", -1.011793916821847, -1.011793916821847], [""NIFTY_PSU_BANK"", -0.9441144241305769, -0.9441144241305769], [""NIFTY_METAL"", -0.823382588596705, -0.823382588596705]]","[{""sector"": ""NIFTY_PHARMA"", ""ltp"": 26763.35, ""return_pct"": 0.5147166523324656, ""rs_vs_nifty"": 0.5147166523324656}, {""sector"": ""NIFTY_HEALTHCARE"", ""ltp"": 16652.9, ""return_pct"": 0.39941760391640263, ""rs_vs_nifty"": 0.39941760391640263}, {""sector"": ""NIFTY_REALTY"", ""ltp"": 913.4, ""return_pct"": 0.35708399714332806, ""rs_vs_nifty"": 0.35708399714332806}, {""sector"": ""NIFTY_ENERGY"", ""ltp"": 38069.45, ""return_pct"": -0.07992146961016791, ""rs_vs_nifty"": -0.07992146961016791}, {""sector"": ""NIFTY_FIN_SERVICE"", ""ltp"": 26361.05, ""return_pct"": -0.09739736799719832, ""rs_vs_nifty"": -0.09739736799719832}, {""sector"": ""NIFTY_IT"", ""ltp"": 30278.15, ""return_pct"": -0.13423992004972843, ""rs_vs_nifty"": -0.13423992004972843}, {""sector"": ""NIFTY_BANK"", ""ltp"": 57660.65, ""return_pct"": -0.21303567179353802, ""rs_vs_nifty"": -0.21303567179353802}, {""sector"": ""NIFTY_INFRA"", ""ltp"": 9252.15, ""return_pct"": -0.39509734789560313, ""rs_vs_nifty"": -0.39509734789560313}, {""sector"": ""NIFTY_AUTO"", ""ltp"": 28858.8, ""return_pct"": -0.4874112720106695, ""rs_vs_nifty"": -0.4874112720106695}, {""sector"": ""NIFTY_FMCG"", ""ltp"": 46966.25, ""return_pct"": -0.6066294343839245, ""rs_vs_nifty"": -0.6066294343839245}, {""sector"": ""NIFTY_METAL"", ""ltp"": 13430.2, ""return_pct"": -0.823382588596705, ""rs_vs_nifty"": -0.823382588596705}, {""sector"": ""NIFTY_PSU_BANK"", ""ltp"": 8587.65, ""return_pct"": -0.9441144241305769, ""rs_vs_nifty"": -0.9441144241305769}, {""sector"": ""NIFTY_MEDIA"", ""ltp"": 1594.7, ""return_pct"": -1.011793916821847, ""rs_vs_nifty"": -1.011793916821847}]"
2026-08-27 13:51:31,NORMAL,24142.6,,0,24183.132514851957,,,False,True,"[[""NIFTY_PHARMA"", 0.5535879938256592, 0.5535879938256592]]","[[""NIFTY_MEDIA"", -1.042830540037241, -1.042830540037241], [""NIFTY_PSU_BANK"", -0.9371936097814176, -0.9371936097814176], [""NIFTY_METAL"", -0.8547671267270727, -0.8547671267270727]]","[{""sector"": ""NIFTY_PHARMA"", ""ltp"": 26773.7, ""return_pct"": 0.5535879938256592, ""rs_vs_nifty"": 0.5535879938256592}, {""sector"": ""NIFTY_HEALTHCARE"", ""ltp"": 16657.15, ""return_pct"": 0.4250406200167001, ""rs_vs_nifty"": 0.4250406200167001}, {""sector"": ""NIFTY_REALTY"", ""ltp"": 913.25, ""return_pct"": 0.3406031972751769, ""rs_vs_nifty"": 0.3406031972751769}, {""sector"": ""NIFTY_ENERGY"", ""ltp"": 38069.5, ""return_pct"": -0.07979023566991371, ""rs_vs_nifty"": -0.07979023566991371}, {""sector"": ""NIFTY_FIN_SERVICE"", ""ltp"": 26353.55, ""return_pct"": -0.12582072441661335, ""rs_vs_nifty"": -0.12582072441661335}, {""sector"": ""NIFTY_IT"", ""ltp"": 30272.55, ""return_pct"": -0.15271027759957675, ""rs_vs_nifty"": -0.15271027759957675}, {""sector"": ""NIFTY_BANK"", ""ltp"": 57649.35, ""return_pct"": -0.2325913427217885, ""rs_vs_nifty"": -0.2325913427217885}, {""sector"": ""NIFTY_INFRA"", ""ltp"": 9252.9, ""return_pct"": -0.3870231514127231, ""rs_vs_nifty"": -0.3870231514127231}, {""sector"": ""NIFTY_AUTO"", ""ltp"": 28845.9, ""return_pct"": -0.5318938005493075, ""rs_vs_nifty"": -0.5318938005493075}, {""sector"": ""NIFTY_FMCG"", ""ltp"": 46972.7, ""return_pct"": -0.5929794785082065, ""rs_vs_nifty"": -0.5929794785082065}, {""sector"": ""NIFTY_METAL"", ""ltp"": 13425.95, ""return_pct"": -0.8547671267270727, ""rs_vs_nifty"": -0.8547671267270727}, {""sector"": ""NIFTY_PSU_BANK"", ""ltp"": 8588.25, ""return_pct"": -0.9371936097814176, ""rs_vs_nifty"": -0.9371936097814176}, {""sector"": ""NIFTY_MEDIA"", ""ltp"": 1594.2, ""return_pct"": -1.042830540037241, ""rs_vs_nifty"": -1.042830540037241}]"
2026-08-27 13:53:12,NORMAL,24140.75,,0,24182.903087833023,,,False,True,"[[""NIFTY_PHARMA"", 0.5580948160277702, 0.5580948160277702]]","[[""NIFTY_MEDIA"", -1.0831781502172593, -1.0831781502172593], [""NIFTY_PSU_BANK"", -0.9896764519291686, -0.9896764519291686], [""NIFTY_METAL"", -0.8507055982631481, -0.8507055982631481]]","[{""sector"": ""NIFTY_PHARMA"", ""ltp"": 26774.9, ""return_pct"": 0.5580948160277702, ""rs_vs_nifty"": 0.5580948160277702}, {""sector"": ""NIFTY_HEALTHCARE"", ""ltp"": 16656.5, ""return_pct"": 0.421121805789587, ""rs_vs_nifty"": 0.421121805789587}, {""sector"": ""NIFTY_REALTY"", ""ltp"": 913.5, ""return_pct"": 0.36807119705543295, ""rs_vs_nifty"": 0.36807119705543295}, {""sector"": ""NIFTY_ENERGY"", ""ltp"": 38059.95, ""return_pct"": -0.10485591825701475, ""rs_vs_nifty"": -0.10485591825701475}, {""sector"": ""NIFTY_FIN_SERVICE"", ""ltp"": 26353.1, ""return_pct"": -0.12752612580178102, ""rs_vs_nifty"": -0.12752612580178102}, {""sector"": ""NIFTY_IT"", ""ltp"": 30257.45, ""return_pct"": -0.2025142774214649, ""rs_vs_nifty"": -0.2025142774214649}, {""sector"": ""NIFTY_BANK"", ""ltp"": 57638.65, ""return_pct"": -0.25110865944144944, ""rs_vs_nifty"": -0.25110865944144944}, {""sector"": ""NIFTY_INFRA"", ""ltp"": 9251.45, ""return_pct"": -0.402633264612946, ""rs_vs_nifty"": -0.402633264612946}, {""sector"": ""NIFTY_AUTO"", ""ltp"": 28847.2, ""return_pct"": -0.5274110651151829, ""rs_vs_nifty"": -0.5274110651151829}, {""sector"": ""NIFTY_FMCG"", ""ltp"": 46966.85, ""return_pct"": -0.6053596710466509, ""rs_vs_nifty"": -0.6053596710466509}, {""sector"": ""NIFTY_METAL"", ""ltp"": 13426.5, ""return_pct"": -0.8507055982631481, ""rs_vs_nifty"": -0.8507055982631481}, {""sector"": ""NIFTY_PSU_BANK"", ""ltp"": 8583.7, ""return_pct"": -0.9896764519291686, ""rs_vs_nifty"": -0.9896764519291686}, {""sector"": ""NIFTY_MEDIA"", ""ltp"": 1593.55, ""return_pct"": -1.0831781502172593, ""rs_vs_nifty"": -1.0831781502172593}]"
2026-08-27 13:55:58,NORMAL,24135.6,,0,24182.637765318526,,,False,True,"[[""NIFTY_PHARMA"", 0.5128388097482537, 0.5128388097482537]]","[[""NIFTY_MEDIA"", -1.0614525139664748, -1.0614525139664748], [""NIFTY_PSU_BANK"", -0.9671838052944273, -0.9671838052944273], [""NIFTY_METAL"", -0.8573517357495761, -0.8573517357495761]]","[{""sector"": ""NIFTY_PHARMA"", ""ltp"": 26762.85, ""return_pct"": 0.5128388097482537, ""rs_vs_nifty"": 0.5128388097482537}, {""sector"": ""NIFTY_HEALTHCARE"", ""ltp"": 16651.0, ""return_pct"": 0.38796260848331965, ""rs_vs_nifty"": 0.38796260848331965}, {""sector"": ""NIFTY_REALTY"", ""ltp"": 912.75, ""return_pct"": 0.2856671977146649, ""rs_vs_nifty"": 0.2856671977146649}, {""sector"": ""NIFTY_ENERGY"", ""ltp"": 38066.9, ""return_pct"": -0.08661440056273113, ""rs_vs_nifty"": -0.08661440056273113}, {""sector"": ""NIFTY_FIN_SERVICE"", ""ltp"": 26347.2, ""return_pct"": -0.14988583285171259, ""rs_vs_nifty"": -0.14988583285171259}, {""sector"": ""NIFTY_IT"", ""ltp"": 30257.35, ""return_pct"": -0.20284410523486218, ""rs_vs_nifty"": -0.20284410523486218}, {""sector"": ""NIFTY_BANK"", ""ltp"": 57621.9, ""return_pct"": -0.2800960477642911, ""rs_vs_nifty"": -0.2800960477642911}, {""sector"": ""NIFTY_INFRA"", ""ltp"": 9250.75, ""return_pct"": -0.4101691813303085, ""rs_vs_nifty"": -0.4101691813303085}, {""sector"": ""NIFTY_AUTO"", ""ltp"": 28849.0, ""return_pct"": -0.5212042006679326, ""rs_vs_nifty"": -0.5212042006679326}, {""sector"": ""NIFTY_FMCG"", ""ltp"": 46966.95, ""return_pct"": -0.6051480438237745, ""rs_vs_nifty"": -0.6051480438237745}, {""sector"": ""NIFTY_METAL"", ""ltp"": 13425.6, ""return_pct"": -0.8573517357495761, ""rs_vs_nifty"": -0.8573517357495761}, {""sector"": ""NIFTY_PSU_BANK"", ""ltp"": 8585.65, ""return_pct"": -0.9671838052944273, ""rs_vs_nifty"": -0.9671838052944273}, {""sector"": ""NIFTY_MEDIA"", ""ltp"": 1593.9, ""return_pct"": -1.0614525139664748, ""rs_vs_nifty"": -1.0614525139664748}]"
2026-08-27 13:57:39,NORMAL,24135.0,,0,24182.4669431697,,,False,True,"[[""NIFTY_PHARMA"", 0.5254203550624813, 0.5254203550624813]]","[[""NIFTY_MEDIA"", -1.0397268777157045, -1.0397268777157045], [""NIFTY_PSU_BANK"", -0.9948670626910433, -0.9948670626910433], [""NIFTY_METAL"", -0.8850439752763712, -0.8850439752763712]]","[{""sector"": ""NIFTY_PHARMA"", ""ltp"": 26766.2, ""return_pct"": 0.5254203550624813, ""rs_vs_nifty"": 0.5254203550624813}, {""sector"": ""NIFTY_HEALTHCARE"", ""ltp"": 16653.9, ""return_pct"": 0.4054465488811785, ""rs_vs_nifty"": 0.4054465488811785}, {""sector"": ""NIFTY_REALTY"", ""ltp"": 912.75, ""return_pct"": 0.2856671977146649, ""rs_vs_nifty"": 0.2856671977146649}, {""sector"": ""NIFTY_ENERGY"", ""ltp"": 38065.05, ""return_pct"": -0.09147005635185013, ""rs_vs_nifty"": -0.09147005635185013}, {""sector"": ""NIFTY_FIN_SERVICE"", ""ltp"": 26341.35, ""return_pct"": -0.17205605085886458, ""rs_vs_nifty"": -0.17205605085886458}, {""sector"": ""NIFTY_IT"", ""ltp"": 30262.9, ""return_pct"": -0.18453866159170645, ""rs_vs_nifty"": -0.18453866159170645}, {""sector"": ""NIFTY_BANK"", ""ltp"": 57603.5, ""return_pct"": -0.31193891016072856, ""rs_vs_nifty"": -0.31193891016072856}, {""sector"": ""NIFTY_INFRA"", ""ltp"": 9251.95, ""return_pct"": -0.39725046695769267, ""rs_vs_nifty"": -0.39725046695769267}, {""sector"": ""NIFTY_AUTO"", ""ltp"": 28846.65, ""return_pct"": -0.5293076070296188, ""rs_vs_nifty"": -0.5293076070296188}, {""sector"": ""NIFTY_FMCG"", ""ltp"": 46970.5, ""return_pct"": -0.5976352774115482, ""rs_vs_nifty"": -0.5976352774115482}, {""sector"": ""NIFTY_METAL"", ""ltp"": 13421.85, ""return_pct"": -0.8850439752763712, ""rs_vs_nifty"": -0.8850439752763712}, {""sector"": ""NIFTY_PSU_BANK"", ""ltp"": 8583.25, ""return_pct"": -0.9948670626910433, ""rs_vs_nifty"": -0.9948670626910433}, {""sector"": ""NIFTY_MEDIA"", ""ltp"": 1594.25, ""return_pct"": -1.0397268777157045, ""rs_vs_nifty"": -1.0397268777157045}]"
2026-08-27 13:59:46,NORMAL,24131.25,,0,24182.173345915537,,,False,True,"[[""NIFTY_PHARMA"", 0.5342462152082715, 0.5342462152082715]]","[[""NIFTY_MEDIA"", -1.036623215394168, -1.036623215394168], [""NIFTY_PSU_BANK"", -1.0115923640348432, -1.0115923640348432], [""NIFTY_METAL"", -0.8366748635695747, -0.8366748635695747]]","[{""sector"": ""NIFTY_PHARMA"", ""ltp"": 26768.55, ""return_pct"": 0.5342462152082715, ""rs_vs_nifty"": 0.5342462152082715}, {""sector"": ""NIFTY_HEALTHCARE"", ""ltp"": 16653.25, ""return_pct"": 0.4015277346540654, ""rs_vs_nifty"": 0.4015277346540654}, {""sector"": ""NIFTY_REALTY"", ""ltp"": 912.5, ""return_pct"": 0.25819919793440893, ""rs_vs_nifty"": 0.25819919793440893}, {""sector"": ""NIFTY_ENERGY"", ""ltp"": 38065.6, ""return_pct"": -0.0900264830091494, ""rs_vs_nifty"": -0.0900264830091494}, {""sector"": ""NIFTY_FIN_SERVICE"", ""ltp"": 26331.4, ""return_pct"": -0.20976437037527754, ""rs_vs_nifty"": -0.20976437037527754}, {""sector"": ""NIFTY_IT"", ""ltp"": 30255.0, ""return_pct"": -0.21059505884952284, ""rs_vs_nifty"": -0.21059505884952284}, {""sector"": ""NIFTY_BANK"", ""ltp"": 57587.6, ""return_pct"": -0.3394552966880852, ""rs_vs_nifty"": -0.3394552966880852}, {""sector"": ""NIFTY_INFRA"", ""ltp"": 9252.4, ""return_pct"": -0.3924059490679764, ""rs_vs_nifty"": -0.3924059490679764}, {""sector"": ""NIFTY_AUTO"", ""ltp"": 28839.65, ""return_pct"": -0.5534454132133799, ""rs_vs_nifty"": -0.5534454132133799}, {""sector"": ""NIFTY_FMCG"", ""ltp"": 46968.35, ""return_pct"": -0.6021852627034593, ""rs_vs_nifty"": -0.6021852627034593}, {""sector"": ""NIFTY_METAL"", ""ltp"": 13428.4, ""return_pct"": -0.8366748635695747, ""rs_vs_nifty"": -0.8366748635695747}, {""sector"": ""NIFTY_PSU_BANK"", ""ltp"": 8581.8, ""return_pct"": -1.0115923640348432, ""rs_vs_nifty"": -1.0115923640348432}, {""sector"": ""NIFTY_MEDIA"", ""ltp"": 1594.3, ""return_pct"": -1.036623215394168, ""rs_vs_nifty"": -1.036623215394168}]"
2026-08-27 14:01:26,NORMAL,24133.15,,0,24181.911838189775,,,False,True,"[[""NIFTY_PHARMA"", 0.5599726586119821, 0.5599726586119821]]","[[""NIFTY_MEDIA"", -0.9807572936064528, -0.9807572936064528], [""NIFTY_PSU_BANK"", -0.9804486994636369, -0.9804486994636369], [""NIFTY_METAL"", -0.8761824586278049, -0.8761824586278049]]","[{""sector"": ""NIFTY_PHARMA"", ""ltp"": 26775.4, ""return_pct"": 0.5599726586119821, ""rs_vs_nifty"": 0.5599726586119821}, {""sector"": ""NIFTY_HEALTHCARE"", ""ltp"": 16656.35, ""return_pct"": 0.4202174640448619, ""rs_vs_nifty"": 0.4202174640448619}, {""sector"": ""NIFTY_REALTY"", ""ltp"": 912.65, ""return_pct"": 0.27467999780256, ""rs_vs_nifty"": 0.27467999780256}, {""sector"": ""NIFTY_ENERGY"", ""ltp"": 38063.45, ""return_pct"": -0.0956695424397554, ""rs_vs_nifty"": -0.0956695424397554}, {""sector"": ""NIFTY_IT"", ""ltp"": 30258.5, ""return_pct"": -0.19905108538087213, ""rs_vs_nifty"": -0.19905108538087213}, {""sector"": ""NIFTY_FIN_SERVICE"", ""ltp"": 26328.5, ""return_pct"": -0.22075473485745686, ""rs_vs_nifty"": -0.22075473485745686}, {""sector"": ""NIFTY_BANK"", ""ltp"": 57587.9, ""return_pct"": -0.3389361195837905, ""rs_vs_nifty"": -0.3389361195837905}, {""sector"": ""NIFTY_INFRA"", ""ltp"": 9252.7, ""return_pct"": -0.3891762704748127, ""rs_vs_nifty"": -0.3891762704748127}, {""sector"": ""NIFTY_AUTO"", ""ltp"": 28844.45, ""return_pct"": -0.5368937746873748, ""rs_vs_nifty"": -0.5368937746873748}, {""sector"": ""NIFTY_FMCG"", ""ltp"": 46974.15, ""return_pct"": -0.5899108837764454, ""rs_vs_nifty"": -0.5899108837764454}, {""sector"": ""NIFTY_METAL"", ""ltp"": 13423.05, ""return_pct"": -0.8761824586278049, ""rs_vs_nifty"": -0.8761824586278049}, {""sector"": ""NIFTY_PSU_BANK"", ""ltp"": 8584.5, ""return_pct"": -0.9804486994636369, ""rs_vs_nifty"": -0.9804486994636369}, {""sector"": ""NIFTY_MEDIA"", ""ltp"": 1595.2, ""return_pct"": -0.9807572936064528, ""rs_vs_nifty"": -0.9807572936064528}]"
2026-08-27 14:03:27,NORMAL,24130.5,,0,24181.626225778542,,,False,True,"[[""NIFTY_PHARMA"", 0.5879525131167278, 0.5879525131167278]]","[[""NIFTY_MEDIA"", -1.027312228429544, -1.027312228429544], [""NIFTY_PSU_BANK"", -0.9804486994636369, -0.9804486994636369], [""NIFTY_METAL"", -0.8909516530420954, -0.8909516530420954]]","[{""sector"": ""NIFTY_PHARMA"", ""ltp"": 26782.85, ""return_pct"": 0.5879525131167278, ""rs_vs_nifty"": 0.5879525131167278}, {""sector"": ""NIFTY_HEALTHCARE"", ""ltp"": 16658.6, ""return_pct"": 0.43378259021560767, ""rs_vs_nifty"": 0.43378259021560767}, {""sector"": ""NIFTY_REALTY"", ""ltp"": 913.0, ""return_pct"": 0.3131351974949209, ""rs_vs_nifty"": 0.3131351974949209}, {""sector"": ""NIFTY_ENERGY"", ""ltp"": 38060.75, ""return_pct"": -0.10275617521306211, ""rs_vs_nifty"": -0.10275617521306211}, {""sector"": ""NIFTY_IT"", ""ltp"": 30263.3, ""return_pct"": -0.18321935033815356, ""rs_vs_nifty"": -0.18321935033815356}, {""sector"": ""NIFTY_FIN_SERVICE"", ""ltp"": 26329.3, ""return_pct"": -0.21772291017272202, ""rs_vs_nifty"": -0.21772291017272202}, {""sector"": ""NIFTY_BANK"", ""ltp"": 57584.55, ""return_pct"": -0.3447335972483563, ""rs_vs_nifty"": -0.3447335972483563}, {""sector"": ""NIFTY_INFRA"", ""ltp"": 9250.9, ""return_pct"": -0.4085543420337364, ""rs_vs_nifty"": -0.4085543420337364}, {""sector"": ""NIFTY_AUTO"", ""ltp"": 28862.4, ""return_pct"": -0.47499754311615633, ""rs_vs_nifty"": -0.47499754311615633}, {""sector"": ""NIFTY_FMCG"", ""ltp"": 46986.15, ""return_pct"": -0.5645156170309124, ""rs_vs_nifty"": -0.5645156170309124}, {""sector"": ""NIFTY_METAL"", ""ltp"": 13421.05, ""return_pct"": -0.8909516530420954, ""rs_vs_nifty"": -0.8909516530420954}, {""sector"": ""NIFTY_PSU_BANK"", ""ltp"": 8584.5, ""return_pct"": -0.9804486994636369, ""rs_vs_nifty"": -0.9804486994636369}, {""sector"": ""NIFTY_MEDIA"", ""ltp"": 1594.45, ""return_pct"": -1.027312228429544, ""rs_vs_nifty"": -1.027312228429544}]"
2026-08-27 14:05:09,NORMAL,24129.2,,0,24181.320778505138,,,False,True,"[[""NIFTY_PHARMA"", 0.5334950781745841, 0.5334950781745841]]","[[""NIFTY_MEDIA"", -1.0180012414649342, -1.0180012414649342], [""NIFTY_PSU_BANK"", -0.9971740008074368, -0.9971740008074368], [""NIFTY_METAL"", -0.9038746981546, -0.9038746981546]]","[{""sector"": ""NIFTY_PHARMA"", ""ltp"": 26768.35, ""return_pct"": 0.5334950781745841, ""rs_vs_nifty"": 0.5334950781745841}, {""sector"": ""NIFTY_HEALTHCARE"", ""ltp"": 16652.2, ""return_pct"": 0.3951973424410551, ""rs_vs_nifty"": 0.3951973424410551}, {""sector"": ""NIFTY_REALTY"", ""ltp"": 912.95, ""return_pct"": 0.3076415975388747, ""rs_vs_nifty"": 0.3076415975388747}, {""sector"": ""NIFTY_ENERGY"", ""ltp"": 38044.6, ""return_pct"": -0.14514473791270557, ""rs_vs_nifty"": -0.14514473791270557}, {""sector"": ""NIFTY_IT"", ""ltp"": 30263.75, ""return_pct"": -0.18173512517789608, ""rs_vs_nifty"": -0.18173512517789608}, {""sector"": ""NIFTY_FIN_SERVICE"", ""ltp"": 26323.6, ""return_pct"": -0.23932466105148023, ""rs_vs_nifty"": -0.23932466105148023}, {""sector"": ""NIFTY_BANK"", ""ltp"": 57574.25, ""return_pct"": -0.3625586778289744, ""rs_vs_nifty"": -0.3625586778289744}, {""sector"": ""NIFTY_INFRA"", ""ltp"": 9249.55, ""return_pct"": -0.4230878957029244, ""rs_vs_nifty"": -0.4230878957029244}, {""sector"": ""NIFTY_AUTO"", ""ltp"": 28859.65, ""return_pct"": -0.48448025268834816, ""rs_vs_nifty"": -0.48448025268834816}, {""sector"": ""NIFTY_FMCG"", ""ltp"": 46985.6, ""return_pct"": -0.5656795667567555, ""rs_vs_nifty"": -0.5656795667567555}, {""sector"": ""NIFTY_METAL"", ""ltp"": 13419.3, ""return_pct"": -0.9038746981546, ""rs_vs_nifty"": -0.9038746981546}, {""sector"": ""NIFTY_PSU_BANK"", ""ltp"": 8583.05, ""return_pct"": -0.9971740008074368, ""rs_vs_nifty"": -0.9971740008074368}, {""sector"": ""NIFTY_MEDIA"", ""ltp"": 1594.6, ""return_pct"": -1.0180012414649342, ""rs_vs_nifty"": -1.0180012414649342}]"
2026-08-27 14:07:10,NORMAL,24131.8,,0,24180.987306303712,,,False,True,"[[""NIFTY_PHARMA"", 0.6097354870935962, 0.6097354870935962]]","[[""NIFTY_PSU_BANK"", -0.9810254339927247, -0.9810254339927247], [""NIFTY_MEDIA"", -0.9373060211048981, -0.9373060211048981], [""NIFTY_METAL"", -0.9023977787131654, -0.9023977787131654]]","[{""sector"": ""NIFTY_PHARMA"", ""ltp"": 26788.65, ""return_pct"": 0.6097354870935962, ""rs_vs_nifty"": 0.6097354870935962}, {""sector"": ""NIFTY_HEALTHCARE"", ""ltp"": 16663.85, ""return_pct"": 0.46543455128068106, ""rs_vs_nifty"": 0.46543455128068106}, {""sector"": ""NIFTY_REALTY"", ""ltp"": 913.35, ""return_pct"": 0.3515903971872818, ""rs_vs_nifty"": 0.3515903971872818}, {""sector"": ""NIFTY_ENERGY"", ""ltp"": 38057.8, ""return_pct"": -0.11049897768760167, ""rs_vs_nifty"": -0.11049897768760167}, {""sector"": ""NIFTY_IT"", ""ltp"": 30268.95, ""return_pct"": -0.16458407888161267, ""rs_vs_nifty"": -0.16458407888161267}, {""sector"": ""NIFTY_FIN_SERVICE"", ""ltp"": 26330.5, ""return_pct"": -0.21317517314561285, ""rs_vs_nifty"": -0.21317517314561285}, {""sector"": ""NIFTY_BANK"", ""ltp"": 57576.1, ""return_pct"": -0.3593570856858571, ""rs_vs_nifty"": -0.3593570856858571}, {""sector"": ""NIFTY_INFRA"", ""ltp"": 9254.0, ""return_pct"": -0.3751809965711618, ""rs_vs_nifty"": -0.3751809965711618}, {""sector"": ""NIFTY_AUTO"", ""ltp"": 28853.5, ""return_pct"": -0.5056870395498004, ""rs_vs_nifty"": -0.5056870395498004}, {""sector"": ""NIFTY_FMCG"", ""ltp"": 46989.15, ""return_pct"": -0.558166800344529, ""rs_vs_nifty"": -0.558166800344529}, {""sector"": ""NIFTY_METAL"", ""ltp"": 13419.5, ""return_pct"": -0.9023977787131654, ""rs_vs_nifty"": -0.9023977787131654}, {""sector"": ""NIFTY_MEDIA"", ""ltp"": 1595.9, ""return_pct"": -0.9373060211048981, ""rs_vs_nifty"": -0.9373060211048981}, {""sector"": ""NIFTY_PSU_BANK"", ""ltp"": 8584.45, ""return_pct"": -0.9810254339927247, ""rs_vs_nifty"": -0.9810254339927247}]"
2026-08-27 14:08:57,NORMAL,24122.8,,0,24180.680106496166,,,False,True,"[[""NIFTY_PHARMA"", 0.5870135918246218, 0.5870135918246218]]","[[""NIFTY_METAL"", -1.0109513576582072, -1.0109513576582072], [""NIFTY_PSU_BANK"", -0.9885229828709929, -0.9885229828709929], [""NIFTY_MEDIA"", -0.9000620732464307, -0.9000620732464307]]","[{""sector"": ""NIFTY_PHARMA"", ""ltp"": 26782.6, ""return_pct"": 0.5870135918246218, ""rs_vs_nifty"": 0.5870135918246218}, {""sector"": ""NIFTY_HEALTHCARE"", ""ltp"": 16659.2, ""return_pct"": 0.4373999571944863, ""rs_vs_nifty"": 0.4373999571944863}, {""sector"": ""NIFTY_REALTY"", ""ltp"": 913.0, ""return_pct"": 0.3131351974949209, ""rs_vs_nifty"": 0.3131351974949209}, {""sector"": ""NIFTY_ENERGY"", ""ltp"": 38051.8, ""return_pct"": -0.12624705051718915, ""rs_vs_nifty"": -0.12624705051718915}, {""sector"": ""NIFTY_IT"", ""ltp"": 30261.7, ""return_pct"": -0.18849659535238908, ""rs_vs_nifty"": -0.18849659535238908}, {""sector"": ""NIFTY_FIN_SERVICE"", ""ltp"": 26318.5, ""return_pct"": -0.2586525434166769, ""rs_vs_nifty"": -0.2586525434166769}, {""sector"": ""NIFTY_BANK"", ""ltp"": 57551.85, ""return_pct"": -0.4013239016159412, ""rs_vs_nifty"": -0.4013239016159412}, {""sector"": ""NIFTY_INFRA"", ""ltp"": 9250.4, ""return_pct"": -0.41393713968898976, ""rs_vs_nifty"": -0.41393713968898976}, {""sector"": ""NIFTY_AUTO"", ""ltp"": 28855.9, ""return_pct"": -0.49741122028679163, ""rs_vs_nifty"": -0.49741122028679163}, {""sector"": ""NIFTY_FMCG"", ""ltp"": 46977.1, ""return_pct"": -0.583667880701508, ""rs_vs_nifty"": -0.583667880701508}, {""sector"": ""NIFTY_MEDIA"", ""ltp"": 1596.5, ""return_pct"": -0.9000620732464307, ""rs_vs_nifty"": -0.9000620732464307}, {""sector"": ""NIFTY_PSU_BANK"", ""ltp"": 8583.8, ""return_pct"": -0.9885229828709929, ""rs_vs_nifty"": -0.9885229828709929}, {""sector"": ""NIFTY_METAL"", ""ltp"": 13404.8, ""return_pct"": -1.0109513576582072, ""rs_vs_nifty"": -1.0109513576582072}]"
2026-08-27 14:10:56,NORMAL,24129.3,,0,24180.247378409596,,,False,True,"[[""NIFTY_PHARMA"", 0.5909570612514776, 0.5909570612514776]]","[[""NIFTY_PSU_BANK"", -0.9890997174000807, -0.9890997174000807], [""NIFTY_METAL"", -0.9566745681856862, -0.9566745681856862], [""NIFTY_MEDIA"", -0.8783364369956606, -0.8783364369956606]]","[{""sector"": ""NIFTY_PHARMA"", ""ltp"": 26783.65, ""return_pct"": 0.5909570612514776, ""rs_vs_nifty"": 0.5909570612514776}, {""sector"": ""NIFTY_HEALTHCARE"", ""ltp"": 16659.95, ""return_pct"": 0.44192166591806825, ""rs_vs_nifty"": 0.44192166591806825}, {""sector"": ""NIFTY_REALTY"", ""ltp"": 913.2, ""return_pct"": 0.3351095973191307, ""rs_vs_nifty"": 0.3351095973191307}, {""sector"": ""NIFTY_ENERGY"", ""ltp"": 38061.4, ""return_pct"": -0.10105013398985299, ""rs_vs_nifty"": -0.10105013398985299}, {""sector"": ""NIFTY_IT"", ""ltp"": 30268.9, ""return_pct"": -0.16474899278830527, ""rs_vs_nifty"": -0.16474899278830527}, {""sector"": ""NIFTY_FIN_SERVICE"", ""ltp"": 26324.0, ""return_pct"": -0.2378087487091059, ""rs_vs_nifty"": -0.2378087487091059}, {""sector"": ""NIFTY_INFRA"", ""ltp"": 9252.8, ""return_pct"": -0.38809971094377765, ""rs_vs_nifty"": -0.38809971094377765}, {""sector"": ""NIFTY_BANK"", ""ltp"": 57557.9, ""return_pct"": -0.39085383001276053, ""rs_vs_nifty"": -0.39085383001276053}, {""sector"": ""NIFTY_AUTO"", ""ltp"": 28856.65, ""return_pct"": -0.4948250267671029, ""rs_vs_nifty"": -0.4948250267671029}, {""sector"": ""NIFTY_FMCG"", ""ltp"": 46989.1, ""return_pct"": -0.5582726139559749, ""rs_vs_nifty"": -0.5582726139559749}, {""sector"": ""NIFTY_MEDIA"", ""ltp"": 1596.85, ""return_pct"": -0.8783364369956606, ""rs_vs_nifty"": -0.8783364369956606}, {""sector"": ""NIFTY_METAL"", ""ltp"": 13412.15, ""return_pct"": -0.9566745681856862, ""rs_vs_nifty"": -0.9566745681856862}, {""sector"": ""NIFTY_PSU_BANK"", ""ltp"": 8583.75, ""return_pct"": -0.9890997174000807, ""rs_vs_nifty"": -0.9890997174000807}]"
2026-08-27 14:12:38,NORMAL,24137.2,,0,24179.97914488642,,,False,True,"[[""NIFTY_PHARMA"", 0.5620382854546124, 0.5620382854546124]]","[[""NIFTY_PSU_BANK"", -0.9660303362362306, -0.9660303362362306], [""NIFTY_METAL"", -0.9570437980460382, -0.9570437980460382], [""NIFTY_MEDIA"", -0.8441961514587157, -0.8441961514587157]]","[{""sector"": ""NIFTY_PHARMA"", ""ltp"": 26775.95, ""return_pct"": 0.5620382854546124, ""rs_vs_nifty"": 0.5620382854546124}, {""sector"": ""NIFTY_HEALTHCARE"", ""ltp"": 16658.35, ""return_pct"": 0.4322753539744137, ""rs_vs_nifty"": 0.4322753539744137}, {""sector"": ""NIFTY_REALTY"", ""ltp"": 913.55, ""return_pct"": 0.37356479701147915, ""rs_vs_nifty"": 0.37356479701147915}, {""sector"": ""NIFTY_ENERGY"", ""ltp"": 38062.6, ""return_pct"": -0.09790051942394312, ""rs_vs_nifty"": -0.09790051942394312}, {""sector"": ""NIFTY_IT"", ""ltp"": 30282.6, ""return_pct"": -0.11956258235388216, ""rs_vs_nifty"": -0.11956258235388216}, {""sector"": ""NIFTY_FIN_SERVICE"", ""ltp"": 26332.45, ""return_pct"": -0.20578510047656218, ""rs_vs_nifty"": -0.20578510047656218}, {""sector"": ""NIFTY_BANK"", ""ltp"": 57588.45, ""return_pct"": -0.33798429489260023, ""rs_vs_nifty"": -0.33798429489260023}, {""sector"": ""NIFTY_INFRA"", ""ltp"": 9255.4, ""return_pct"": -0.36010916313645636, ""rs_vs_nifty"": -0.36010916313645636}, {""sector"": ""NIFTY_AUTO"", ""ltp"": 28866.15, ""return_pct"": -0.4620665755177128, ""rs_vs_nifty"": -0.4620665755177128}, {""sector"": ""NIFTY_FMCG"", ""ltp"": 47008.05, ""return_pct"": -0.5181692552203114, ""rs_vs_nifty"": -0.5181692552203114}, {""sector"": ""NIFTY_MEDIA"", ""ltp"": 1597.4, ""return_pct"": -0.8441961514587157, ""rs_vs_nifty"": -0.8441961514587157}, {""sector"": ""NIFTY_METAL"", ""ltp"": 13412.1, ""return_pct"": -0.9570437980460382, ""rs_vs_nifty"": -0.9570437980460382}, {""sector"": ""NIFTY_PSU_BANK"", ""ltp"": 8585.75, ""return_pct"": -0.9660303362362306, ""rs_vs_nifty"": -0.9660303362362306}]"
2026-08-27 14:14:40,NORMAL,24132.6,,0,24179.554379901256,,,False,True,"[[""NIFTY_PHARMA"", 0.5505834456909229, 0.5505834456909229]]","[[""NIFTY_PSU_BANK"", -0.952188707537912, -0.952188707537912], [""NIFTY_METAL"", -0.9256592599156707, -0.9256592599156707], [""NIFTY_MEDIA"", -0.8721291123525732, -0.8721291123525732]]","[{""sector"": ""NIFTY_PHARMA"", ""ltp"": 26772.9, ""return_pct"": 0.5505834456909229, ""rs_vs_nifty"": 0.5505834456909229}, {""sector"": ""NIFTY_HEALTHCARE"", ""ltp"": 16655.05, ""return_pct"": 0.41237983559065766, ""rs_vs_nifty"": 0.41237983559065766}, {""sector"": ""NIFTY_REALTY"", ""ltp"": 912.8, ""return_pct"": 0.2911607976707111, ""rs_vs_nifty"": 0.2911607976707111}, {""sector"": ""NIFTY_ENERGY"", ""ltp"": 38059.5, ""return_pct"": -0.10603702371922619, ""rs_vs_nifty"": -0.10603702371922619}, {""sector"": ""NIFTY_IT"", ""ltp"": 30274.5, ""return_pct"": -0.14627863523846896, ""rs_vs_nifty"": -0.14627863523846896}, {""sector"": ""NIFTY_FIN_SERVICE"", ""ltp"": 26326.8, ""return_pct"": -0.22719736231252702, ""rs_vs_nifty"": -0.22719736231252702}, {""sector"": ""NIFTY_BANK"", ""ltp"": 57579.8, ""return_pct"": -0.3529539013996099, ""rs_vs_nifty"": -0.3529539013996099}, {""sector"": ""NIFTY_INFRA"", ""ltp"": 9253.1, ""return_pct"": -0.3848700323506139, ""rs_vs_nifty"": -0.3848700323506139}, {""sector"": ""NIFTY_AUTO"", ""ltp"": 28870.95, ""return_pct"": -0.44551493699170774, ""rs_vs_nifty"": -0.44551493699170774}, {""sector"": ""NIFTY_FMCG"", ""ltp"": 46975.9, ""return_pct"": -0.5862074073760553, ""rs_vs_nifty"": -0.5862074073760553}, {""sector"": ""NIFTY_MEDIA"", ""ltp"": 1596.95, ""return_pct"": -0.8721291123525732, ""rs_vs_nifty"": -0.8721291123525732}, {""sector"": ""NIFTY_METAL"", ""ltp"": 13416.35, ""return_pct"": -0.9256592599156707, ""rs_vs_nifty"": -0.9256592599156707}, {""sector"": ""NIFTY_PSU_BANK"", ""ltp"": 8586.95, ""return_pct"": -0.952188707537912, ""rs_vs_nifty"": -0.952188707537912}]"
2026-08-27 14:16:21,NORMAL,24134.9,,0,24179.215148014035,,,False,True,"[[""NIFTY_PHARMA"", 0.5400675272193256, 0.5400675272193256]]","[[""NIFTY_PSU_BANK"", -0.9694907434107997, -0.9694907434107997], [""NIFTY_METAL"", -0.9367361557263886, -0.9367361557263886], [""NIFTY_MEDIA"", -0.906269397889504, -0.906269397889504]]","[{""sector"": ""NIFTY_PHARMA"", ""ltp"": 26770.1, ""return_pct"": 0.5400675272193256, ""rs_vs_nifty"": 0.5400675272193256}, {""sector"": ""NIFTY_HEALTHCARE"", ""ltp"": 16655.5, ""return_pct"": 0.41509286082481117, ""rs_vs_nifty"": 0.41509286082481117}, {""sector"": ""NIFTY_REALTY"", ""ltp"": 913.25, ""return_pct"": 0.3406031972751769, ""rs_vs_nifty"": 0.3406031972751769}, {""sector"": ""NIFTY_ENERGY"", ""ltp"": 38055.85, ""return_pct"": -0.11561710135722905, ""rs_vs_nifty"": -0.11561710135722905}, {""sector"": ""NIFTY_IT"", ""ltp"": 30266.1, ""return_pct"": -0.17398417156323542, ""rs_vs_nifty"": -0.17398417156323542}, {""sector"": ""NIFTY_FIN_SERVICE"", ""ltp"": 26333.15, ""return_pct"": -0.20313225387741402, ""rs_vs_nifty"": -0.20313225387741402}, {""sector"": ""NIFTY_BANK"", ""ltp"": 57593.05, ""return_pct"": -0.3300235792934815, ""rs_vs_nifty"": -0.3300235792934815}, {""sector"": ""NIFTY_INFRA"", ""ltp"": 9253.7, ""return_pct"": -0.378410675164306, ""rs_vs_nifty"": -0.378410675164306}, {""sector"": ""NIFTY_AUTO"", ""ltp"": 28883.15, ""return_pct"": -0.40344618907143576, ""rs_vs_nifty"": -0.40344618907143576}, {""sector"": ""NIFTY_FMCG"", ""ltp"": 46972.4, ""return_pct"": -0.5936143601768357, ""rs_vs_nifty"": -0.5936143601768357}, {""sector"": ""NIFTY_MEDIA"", ""ltp"": 1596.4, ""return_pct"": -0.906269397889504, ""rs_vs_nifty"": -0.906269397889504}, {""sector"": ""NIFTY_METAL"", ""ltp"": 13414.85, ""return_pct"": -0.9367361557263886, ""rs_vs_nifty"": -0.9367361557263886}, {""sector"": ""NIFTY_PSU_BANK"", ""ltp"": 8585.45, ""return_pct"": -0.9694907434107997, ""rs_vs_nifty"": -0.9694907434107997}]"
2026-08-27 14:18:22,NORMAL,24135.15,,0,24178.984329400355,,,False,True,"[[""NIFTY_PHARMA"", 0.5408186642530131, 0.5408186642530131]]","[[""NIFTY_PSU_BANK"", -0.9625699290616614, -0.9625699290616614], [""NIFTY_METAL"", -0.9467053619560375, -0.9467053619560375], [""NIFTY_MEDIA"", -0.9248913718187517, -0.9248913718187517]]","[{""sector"": ""NIFTY_PHARMA"", ""ltp"": 26770.3, ""return_pct"": 0.5408186642530131, ""rs_vs_nifty"": 0.5408186642530131}, {""sector"": ""NIFTY_HEALTHCARE"", ""ltp"": 16654.4, ""return_pct"": 0.40846102136356643, ""rs_vs_nifty"": 0.40846102136356643}, {""sector"": ""NIFTY_REALTY"", ""ltp"": 913.0, ""return_pct"": 0.3131351974949209, ""rs_vs_nifty"": 0.3131351974949209}, {""sector"": ""NIFTY_ENERGY"", ""ltp"": 38052.15, ""return_pct"": -0.125328412935467, ""rs_vs_nifty"": -0.125328412935467}, {""sector"": ""NIFTY_IT"", ""ltp"": 30272.5, ""return_pct"": -0.15287519150626935, ""rs_vs_nifty"": -0.15287519150626935}, {""sector"": ""NIFTY_FIN_SERVICE"", ""ltp"": 26337.8, ""return_pct"": -0.18550977289738496, ""rs_vs_nifty"": -0.18550977289738496}, {""sector"": ""NIFTY_BANK"", ""ltp"": 57599.5, ""return_pct"": -0.31886127155125793, ""rs_vs_nifty"": -0.31886127155125793}, {""sector"": ""NIFTY_AUTO"", ""ltp"": 28889.15, ""return_pct"": -0.3827566409139263, ""rs_vs_nifty"": -0.3827566409139263}, {""sector"": ""NIFTY_INFRA"", ""ltp"": 9250.45, ""return_pct"": -0.41339885992345266, ""rs_vs_nifty"": -0.41339885992345266}, {""sector"": ""NIFTY_FMCG"", ""ltp"": 46980.35, ""return_pct"": -0.5767899959579261, ""rs_vs_nifty"": -0.5767899959579261}, {""sector"": ""NIFTY_MEDIA"", ""ltp"": 1596.1, ""return_pct"": -0.9248913718187517, ""rs_vs_nifty"": -0.9248913718187517}, {""sector"": ""NIFTY_METAL"", ""ltp"": 13413.5, ""return_pct"": -0.9467053619560375, ""rs_vs_nifty"": -0.9467053619560375}, {""sector"": ""NIFTY_PSU_BANK"", ""ltp"": 8586.05, ""return_pct"": -0.9625699290616614, ""rs_vs_nifty"": -0.9625699290616614}]"
2026-08-27 14:20:04,NORMAL,24142.45,,0,24178.819508667184,,,False,True,"[[""NIFTY_PHARMA"", 0.5631649910051367, 0.5631649910051367]]","[[""NIFTY_PSU_BANK"", -0.9141242286175673, -0.9141242286175673], [""NIFTY_METAL"", -0.9001823995510272, -0.9001823995510272], [""NIFTY_MEDIA"", -0.8876474239602703, -0.8876474239602703]]","[{""sector"": ""NIFTY_PHARMA"", ""ltp"": 26776.25, ""return_pct"": 0.5631649910051367, ""rs_vs_nifty"": 0.5631649910051367}, {""sector"": ""NIFTY_HEALTHCARE"", ""ltp"": 16657.6, ""return_pct"": 0.42775364525083176, ""rs_vs_nifty"": 0.42775364525083176}, {""sector"": ""NIFTY_REALTY"", ""ltp"": 913.6, ""return_pct"": 0.37905839696753785, ""rs_vs_nifty"": 0.37905839696753785}, {""sector"": ""NIFTY_ENERGY"", ""ltp"": 38059.75, ""return_pct"": -0.10538085401799335, ""rs_vs_nifty"": -0.10538085401799335}, {""sector"": ""NIFTY_IT"", ""ltp"": 30278.85, ""return_pct"": -0.1319311253560079, ""rs_vs_nifty"": -0.1319311253560079}, {""sector"": ""NIFTY_FIN_SERVICE"", ""ltp"": 26343.45, ""return_pct"": -0.16409751106142012, ""rs_vs_nifty"": -0.16409751106142012}, {""sector"": ""NIFTY_BANK"", ""ltp"": 57620.25, ""return_pct"": -0.28295152183788697, ""rs_vs_nifty"": -0.28295152183788697}, {""sector"": ""NIFTY_AUTO"", ""ltp"": 28902.0, ""return_pct"": -0.3384465252765984, ""rs_vs_nifty"": -0.3384465252765984}, {""sector"": ""NIFTY_INFRA"", ""ltp"": 9251.0, ""return_pct"": -0.40747778250268185, ""rs_vs_nifty"": -0.40747778250268185}, {""sector"": ""NIFTY_FMCG"", ""ltp"": 46988.7, ""return_pct"": -0.5591191228474959, ""rs_vs_nifty"": -0.5591191228474959}, {""sector"": ""NIFTY_MEDIA"", ""ltp"": 1596.7, ""return_pct"": -0.8876474239602703, ""rs_vs_nifty"": -0.8876474239602703}, {""sector"": ""NIFTY_METAL"", ""ltp"": 13419.8, ""return_pct"": -0.9001823995510272, ""rs_vs_nifty"": -0.9001823995510272}, {""sector"": ""NIFTY_PSU_BANK"", ""ltp"": 8590.25, ""return_pct"": -0.9141242286175673, ""rs_vs_nifty"": -0.9141242286175673}]"
2026-08-27 14:22:08,NORMAL,24142.55,,0,24178.612137660548,,,False,True,"[[""NIFTY_PHARMA"", 0.5749953992856769, 0.5749953992856769]]","[[""NIFTY_METAL"", -0.9179054328481734, -0.9179054328481734], [""NIFTY_PSU_BANK"", -0.8847107676336665, -0.8847107676336665], [""NIFTY_MEDIA"", -0.8597144630664127, -0.8597144630664127]]","[{""sector"": ""NIFTY_PHARMA"", ""ltp"": 26779.4, ""return_pct"": 0.5749953992856769, ""rs_vs_nifty"": 0.5749953992856769}, {""sector"": ""NIFTY_HEALTHCARE"", ""ltp"": 16662.2, ""return_pct"": 0.455486792088814, ""rs_vs_nifty"": 0.455486792088814}, {""sector"": ""NIFTY_REALTY"", ""ltp"": 913.6, ""return_pct"": 0.37905839696753785, ""rs_vs_nifty"": 0.37905839696753785}, {""sector"": ""NIFTY_ENERGY"", ""ltp"": 38069.3, ""return_pct"": -0.08031517143089233, ""rs_vs_nifty"": -0.08031517143089233}, {""sector"": ""NIFTY_IT"", ""ltp"": 30274.5, ""return_pct"": -0.14627863523846896, ""rs_vs_nifty"": -0.14627863523846896}, {""sector"": ""NIFTY_FIN_SERVICE"", ""ltp"": 26342.3, ""return_pct"": -0.16845575904573593, ""rs_vs_nifty"": -0.16845575904573593}, {""sector"": ""NIFTY_BANK"", ""ltp"": 57626.6, ""return_pct"": -0.27196227313042415, ""rs_vs_nifty"": -0.27196227313042415}, {""sector"": ""NIFTY_AUTO"", ""ltp"": 28898.65, ""return_pct"": -0.34999818966453616, ""rs_vs_nifty"": -0.34999818966453616}, {""sector"": ""NIFTY_INFRA"", ""ltp"": 9251.75, ""return_pct"": -0.39940358601980186, ""rs_vs_nifty"": -0.39940358601980186}, {""sector"": ""NIFTY_FMCG"", ""ltp"": 46990.4, ""return_pct"": -0.5555214600585361, ""rs_vs_nifty"": -0.5555214600585361}, {""sector"": ""NIFTY_MEDIA"", ""ltp"": 1597.15, ""return_pct"": -0.8597144630664127, ""rs_vs_nifty"": -0.8597144630664127}, {""sector"": ""NIFTY_PSU_BANK"", ""ltp"": 8592.8, ""return_pct"": -0.8847107676336665, ""rs_vs_nifty"": -0.8847107676336665}, {""sector"": ""NIFTY_METAL"", ""ltp"": 13417.4, ""return_pct"": -0.9179054328481734, ""rs_vs_nifty"": -0.9179054328481734}]"
2026-08-27 14:23:54,NORMAL,24146.7,,0,24178.459489167468,,,False,True,"[[""NIFTY_PHARMA"", 0.5840090436898856, 0.5840090436898856]]","[[""NIFTY_METAL"", -0.916059283546387, -0.916059283546387], [""NIFTY_PSU_BANK"", -0.9060499452102114, -0.9060499452102114], [""NIFTY_MEDIA"", -0.8907510862818069, -0.8907510862818069]]","[{""sector"": ""NIFTY_PHARMA"", ""ltp"": 26781.8, ""return_pct"": 0.5840090436898856, ""rs_vs_nifty"": 0.5840090436898856}, {""sector"": ""NIFTY_HEALTHCARE"", ""ltp"": 16663.6, ""return_pct"": 0.46392731503948703, ""rs_vs_nifty"": 0.46392731503948703}, {""sector"": ""NIFTY_REALTY"", ""ltp"": 913.2, ""return_pct"": 0.3351095973191307, ""rs_vs_nifty"": 0.3351095973191307}, {""sector"": ""NIFTY_ENERGY"", ""ltp"": 38067.25, ""return_pct"": -0.08569576298100902, ""rs_vs_nifty"": -0.08569576298100902}, {""sector"": ""NIFTY_FIN_SERVICE"", ""ltp"": 26346.95, ""return_pct"": -0.15083327806569308, ""rs_vs_nifty"": -0.15083327806569308}, {""sector"": ""NIFTY_IT"", ""ltp"": 30267.45, ""return_pct"": -0.16953149608246296, ""rs_vs_nifty"": -0.16953149608246296}, {""sector"": ""NIFTY_BANK"", ""ltp"": 57631.65, ""return_pct"": -0.2632227918748758, ""rs_vs_nifty"": -0.2632227918748758}, {""sector"": ""NIFTY_AUTO"", ""ltp"": 28907.8, ""return_pct"": -0.3184466287243417, ""rs_vs_nifty"": -0.3184466287243417}, {""sector"": ""NIFTY_INFRA"", ""ltp"": 9252.45, ""return_pct"": -0.3918676693024393, ""rs_vs_nifty"": -0.3918676693024393}, {""sector"": ""NIFTY_FMCG"", ""ltp"": 46995.15, ""return_pct"": -0.5454691669717625, ""rs_vs_nifty"": -0.5454691669717625}, {""sector"": ""NIFTY_MEDIA"", ""ltp"": 1596.65, ""return_pct"": -0.8907510862818069, ""rs_vs_nifty"": -0.8907510862818069}, {""sector"": ""NIFTY_PSU_BANK"", ""ltp"": 8590.95, ""return_pct"": -0.9060499452102114, ""rs_vs_nifty"": -0.9060499452102114}, {""sector"": ""NIFTY_METAL"", ""ltp"": 13417.65, ""return_pct"": -0.916059283546387, ""rs_vs_nifty"": -0.916059283546387}]"
2026-08-27 14:25:57,NORMAL,24146.15,,0,24178.318661249592,,,False,True,"[[""NIFTY_PHARMA"", 0.5663573233982915, 0.5663573233982915]]","[[""NIFTY_PSU_BANK"", -0.9723744160562809, -0.9723744160562809], [""NIFTY_METAL"", -0.971443762599977, -0.971443762599977], [""NIFTY_MEDIA"", -0.8845437616387336, -0.8845437616387336]]","[{""sector"": ""NIFTY_PHARMA"", ""ltp"": 26777.1, ""return_pct"": 0.5663573233982915, ""rs_vs_nifty"": 0.5663573233982915}, {""sector"": ""NIFTY_HEALTHCARE"", ""ltp"": 16663.4, ""return_pct"": 0.4627215260465494, ""rs_vs_nifty"": 0.4627215260465494}, {""sector"": ""NIFTY_REALTY"", ""ltp"": 912.8, ""return_pct"": 0.2911607976707111, ""rs_vs_nifty"": 0.2911607976707111}, {""sector"": ""NIFTY_ENERGY"", ""ltp"": 38061.3, ""return_pct"": -0.1013126018703423, ""rs_vs_nifty"": -0.1013126018703423}, {""sector"": ""NIFTY_FIN_SERVICE"", ""ltp"": 26352.7, ""return_pct"": -0.12904203814414156, ""rs_vs_nifty"": -0.12904203814414156}, {""sector"": ""NIFTY_IT"", ""ltp"": 30252.15, ""return_pct"": -0.21999515153113355, ""rs_vs_nifty"": -0.21999515153113355}, {""sector"": ""NIFTY_BANK"", ""ltp"": 57625.3, ""return_pct"": -0.2742120405823386, ""rs_vs_nifty"": -0.2742120405823386}, {""sector"": ""NIFTY_AUTO"", ""ltp"": 28900.9, ""return_pct"": -0.34223960910547013, ""rs_vs_nifty"": -0.34223960910547013}, {""sector"": ""NIFTY_INFRA"", ""ltp"": 9251.35, ""return_pct"": -0.40370982414400064, ""rs_vs_nifty"": -0.40370982414400064}, {""sector"": ""NIFTY_FMCG"", ""ltp"": 46993.6, ""return_pct"": -0.5487493889264, ""rs_vs_nifty"": -0.5487493889264}, {""sector"": ""NIFTY_MEDIA"", ""ltp"": 1596.75, ""return_pct"": -0.8845437616387336, ""rs_vs_nifty"": -0.8845437616387336}, {""sector"": ""NIFTY_METAL"", ""ltp"": 13410.15, ""return_pct"": -0.971443762599977, ""rs_vs_nifty"": -0.971443762599977}, {""sector"": ""NIFTY_PSU_BANK"", ""ltp"": 8585.2, ""return_pct"": -0.9723744160562809, ""rs_vs_nifty"": -0.9723744160562809}]"
2026-08-27 14:27:39,NORMAL,24150.1,,0,24178.197872571447,,,False,True,"[[""NIFTY_PHARMA"", 0.585699102015679, 0.585699102015679]]","[[""NIFTY_METAL"", -0.9743976014828324, -0.9743976014828324], [""NIFTY_PSU_BANK"", -0.9441144241305769, -0.9441144241305769], [""NIFTY_MEDIA"", -0.8504034761018029, -0.8504034761018029]]","[{""sector"": ""NIFTY_PHARMA"", ""ltp"": 26782.25, ""return_pct"": 0.585699102015679, ""rs_vs_nifty"": 0.585699102015679}, {""sector"": ""NIFTY_HEALTHCARE"", ""ltp"": 16666.15, ""return_pct"": 0.47930112469968317, ""rs_vs_nifty"": 0.47930112469968317}, {""sector"": ""NIFTY_REALTY"", ""ltp"": 912.55, ""return_pct"": 0.26369279789045513, ""rs_vs_nifty"": 0.26369279789045513}, {""sector"": ""NIFTY_ENERGY"", ""ltp"": 38059.9, ""return_pct"": -0.10498715219724986, ""rs_vs_nifty"": -0.10498715219724986}, {""sector"": ""NIFTY_FIN_SERVICE"", ""ltp"": 26357.65, ""return_pct"": -0.11028262290732488, ""rs_vs_nifty"": -0.11028262290732488}, {""sector"": ""NIFTY_IT"", ""ltp"": 30259.9, ""return_pct"": -0.19443349599340704, ""rs_vs_nifty"": -0.19443349599340704}, {""sector"": ""NIFTY_BANK"", ""ltp"": 57637.6, ""return_pct"": -0.2529257793064684, ""rs_vs_nifty"": -0.2529257793064684}, {""sector"": ""NIFTY_AUTO"", ""ltp"": 28905.45, ""return_pct"": -0.32655003508602787, ""rs_vs_nifty"": -0.32655003508602787}, {""sector"": ""NIFTY_INFRA"", ""ltp"": 9253.9, ""return_pct"": -0.3762575561022164, ""rs_vs_nifty"": -0.3762575561022164}, {""sector"": ""NIFTY_FMCG"", ""ltp"": 46996.15, ""return_pct"": -0.5433528947429681, ""rs_vs_nifty"": -0.5433528947429681}, {""sector"": ""NIFTY_MEDIA"", ""ltp"": 1597.3, ""return_pct"": -0.8504034761018029, ""rs_vs_nifty"": -0.8504034761018029}, {""sector"": ""NIFTY_PSU_BANK"", ""ltp"": 8587.65, ""return_pct"": -0.9441144241305769, ""rs_vs_nifty"": -0.9441144241305769}, {""sector"": ""NIFTY_METAL"", ""ltp"": 13409.75, ""return_pct"": -0.9743976014828324, ""rs_vs_nifty"": -0.9743976014828324}]"
2026-08-27 14:29:35,NORMAL,24155.05,,0,24178.100294267675,,,False,True,"[[""NIFTY_PHARMA"", 0.5907692769930455, 0.5907692769930455]]","[[""NIFTY_PSU_BANK"", -0.9343099371359364, -0.9343099371359364], [""NIFTY_METAL"", -0.9260284897760358, -0.9260284897760358], [""NIFTY_MEDIA"", -0.8628181253879634, -0.8628181253879634]]","[{""sector"": ""NIFTY_PHARMA"", ""ltp"": 26783.6, ""return_pct"": 0.5907692769930455, ""rs_vs_nifty"": 0.5907692769930455}, {""sector"": ""NIFTY_HEALTHCARE"", ""ltp"": 16666.4, ""return_pct"": 0.4808083609408771, ""rs_vs_nifty"": 0.4808083609408771}, {""sector"": ""NIFTY_REALTY"", ""ltp"": 912.4, ""return_pct"": 0.24721199802230404, ""rs_vs_nifty"": 0.24721199802230404}, {""sector"": ""NIFTY_ENERGY"", ""ltp"": 38067.3, ""return_pct"": -0.0855645290407548, ""rs_vs_nifty"": -0.0855645290407548}, {""sector"": ""NIFTY_FIN_SERVICE"", ""ltp"": 26361.15, ""return_pct"": -0.09701838991159785, ""rs_vs_nifty"": -0.09701838991159785}, {""sector"": ""NIFTY_IT"", ""ltp"": 30260.3, ""return_pct"": -0.19311418473985417, ""rs_vs_nifty"": -0.19311418473985417}, {""sector"": ""NIFTY_BANK"", ""ltp"": 57636.8, ""return_pct"": -0.25431025158456677, ""rs_vs_nifty"": -0.25431025158456677}, {""sector"": ""NIFTY_AUTO"", ""ltp"": 28921.2, ""return_pct"": -0.2722399711725654, ""rs_vs_nifty"": -0.2722399711725654}, {""sector"": ""NIFTY_INFRA"", ""ltp"": 9255.3, ""return_pct"": -0.3611857226675109, ""rs_vs_nifty"": -0.3611857226675109}, {""sector"": ""NIFTY_FMCG"", ""ltp"": 46997.85, ""return_pct"": -0.5397552319540238, ""rs_vs_nifty"": -0.5397552319540238}, {""sector"": ""NIFTY_MEDIA"", ""ltp"": 1597.1, ""return_pct"": -0.8628181253879634, ""rs_vs_nifty"": -0.8628181253879634}, {""sector"": ""NIFTY_METAL"", ""ltp"": 13416.3, ""return_pct"": -0.9260284897760358, ""rs_vs_nifty"": -0.9260284897760358}, {""sector"": ""NIFTY_PSU_BANK"", ""ltp"": 8588.5, ""return_pct"": -0.9343099371359364, ""rs_vs_nifty"": -0.9343099371359364}]"
2026-08-27 14:31:16,NORMAL,24160.5,,0,24178.00211703052,,,False,True,"[[""NIFTY_PHARMA"", 0.5590337373198762, 0.5590337373198762]]","[[""NIFTY_PSU_BANK"", -0.9371936097814176, -0.9371936097814176], [""NIFTY_METAL"", -0.8946439516456681, -0.8946439516456681], [""NIFTY_MEDIA"", -0.8659217877095001, -0.8659217877095001]]","[{""sector"": ""NIFTY_PHARMA"", ""ltp"": 26775.15, ""return_pct"": 0.5590337373198762, ""rs_vs_nifty"": 0.5590337373198762}, {""sector"": ""NIFTY_HEALTHCARE"", ""ltp"": 16661.9, ""return_pct"": 0.4536781085993856, ""rs_vs_nifty"": 0.4536781085993856}, {""sector"": ""NIFTY_REALTY"", ""ltp"": 912.5, ""return_pct"": 0.25819919793440893, ""rs_vs_nifty"": 0.25819919793440893}, {""sector"": ""NIFTY_ENERGY"", ""ltp"": 38072.35, ""return_pct"": -0.07230990107586348, ""rs_vs_nifty"": -0.07230990107586348}, {""sector"": ""NIFTY_FIN_SERVICE"", ""ltp"": 26363.45, ""return_pct"": -0.08830189394297999, ""rs_vs_nifty"": -0.08830189394297999}, {""sector"": ""NIFTY_IT"", ""ltp"": 30266.5, ""return_pct"": -0.17266486030967054, ""rs_vs_nifty"": -0.17266486030967054}, {""sector"": ""NIFTY_AUTO"", ""ltp"": 28923.85, ""return_pct"": -0.2631020874030062, ""rs_vs_nifty"": -0.2631020874030062}, {""sector"": ""NIFTY_BANK"", ""ltp"": 57629.1, ""return_pct"": -0.2676357972613433, ""rs_vs_nifty"": -0.2676357972613433}, {""sector"": ""NIFTY_INFRA"", ""ltp"": 9258.95, ""return_pct"": -0.3218912997841459, ""rs_vs_nifty"": -0.3218912997841459}, {""sector"": ""NIFTY_FMCG"", ""ltp"": 47014.55, ""return_pct"": -0.5044134857331477, ""rs_vs_nifty"": -0.5044134857331477}, {""sector"": ""NIFTY_MEDIA"", ""ltp"": 1597.05, ""return_pct"": -0.8659217877095001, ""rs_vs_nifty"": -0.8659217877095001}, {""sector"": ""NIFTY_METAL"", ""ltp"": 13420.55, ""return_pct"": -0.8946439516456681, ""rs_vs_nifty"": -0.8946439516456681}, {""sector"": ""NIFTY_PSU_BANK"", ""ltp"": 8588.25, ""return_pct"": -0.9371936097814176, ""rs_vs_nifty"": -0.9371936097814176}]"
2026-08-27 14:33:23,NORMAL,24145.8,,0,24177.60651824143,,,False,True,"[[""NIFTY_PHARMA"", 0.516970063433528, 0.516970063433528]]","[[""NIFTY_PSU_BANK"", -1.0294711344368186, -1.0294711344368186], [""NIFTY_MEDIA"", -0.931098696461825, -0.931098696461825], [""NIFTY_METAL"", -0.9083054564788763, -0.9083054564788763]]","[{""sector"": ""NIFTY_PHARMA"", ""ltp"": 26763.95, ""return_pct"": 0.516970063433528, ""rs_vs_nifty"": 0.516970063433528}, {""sector"": ""NIFTY_HEALTHCARE"", ""ltp"": 16655.7, ""return_pct"": 0.4162986498177707, ""rs_vs_nifty"": 0.4162986498177707}, {""sector"": ""NIFTY_REALTY"", ""ltp"": 912.95, ""return_pct"": 0.3076415975388747, ""rs_vs_nifty"": 0.3076415975388747}, {""sector"": ""NIFTY_ENERGY"", ""ltp"": 38051.8, ""return_pct"": -0.12624705051718915, ""rs_vs_nifty"": -0.12624705051718915}, {""sector"": ""NIFTY_FIN_SERVICE"", ""ltp"": 26346.45, ""return_pct"": -0.1527281684936541, ""rs_vs_nifty"": -0.1527281684936541}, {""sector"": ""NIFTY_IT"", ""ltp"": 30260.0, ""return_pct"": -0.1941036681800218, ""rs_vs_nifty"": -0.1941036681800218}, {""sector"": ""NIFTY_BANK"", ""ltp"": 57603.25, ""return_pct"": -0.31237155774763664, ""rs_vs_nifty"": -0.31237155774763664}, {""sector"": ""NIFTY_AUTO"", ""ltp"": 28909.5, ""return_pct"": -0.31258459007971146, ""rs_vs_nifty"": -0.31258459007971146}, {""sector"": ""NIFTY_INFRA"", ""ltp"": 9255.25, ""return_pct"": -0.36172400243302844, ""rs_vs_nifty"": -0.36172400243302844}, {""sector"": ""NIFTY_FMCG"", ""ltp"": 46971.9, ""return_pct"": -0.594672496291233, ""rs_vs_nifty"": -0.594672496291233}, {""sector"": ""NIFTY_METAL"", ""ltp"": 13418.7, ""return_pct"": -0.9083054564788763, ""rs_vs_nifty"": -0.9083054564788763}, {""sector"": ""NIFTY_MEDIA"", ""ltp"": 1596.0, ""return_pct"": -0.931098696461825, ""rs_vs_nifty"": -0.931098696461825}, {""sector"": ""NIFTY_PSU_BANK"", ""ltp"": 8580.25, ""return_pct"": -1.0294711344368186, ""rs_vs_nifty"": -1.0294711344368186}]"
2026-08-27 14:35:02,NORMAL,24149.75,,0,24177.4697245098,,,False,True,"[[""NIFTY_PHARMA"", 0.5376263318598583, 0.5376263318598583]]","[[""NIFTY_PSU_BANK"", -1.057154391833435, -1.057154391833435], [""NIFTY_MEDIA"", -0.9342023587833614, -0.9342023587833614], [""NIFTY_METAL"", -0.8769209183485086, -0.8769209183485086]]","[{""sector"": ""NIFTY_PHARMA"", ""ltp"": 26769.45, ""return_pct"": 0.5376263318598583, ""rs_vs_nifty"": 0.5376263318598583}, {""sector"": ""NIFTY_HEALTHCARE"", ""ltp"": 16660.45, ""return_pct"": 0.4449361384004562, ""rs_vs_nifty"": 0.4449361384004562}, {""sector"": ""NIFTY_REALTY"", ""ltp"": 913.05, ""return_pct"": 0.3186287974509671, ""rs_vs_nifty"": 0.3186287974509671}, {""sector"": ""NIFTY_ENERGY"", ""ltp"": 38059.0, ""return_pct"": -0.1073493631216918, ""rs_vs_nifty"": -0.1073493631216918}, {""sector"": ""NIFTY_FIN_SERVICE"", ""ltp"": 26344.9, ""return_pct"": -0.15860232882033046, ""rs_vs_nifty"": -0.15860232882033046}, {""sector"": ""NIFTY_IT"", ""ltp"": 30248.85, ""return_pct"": -0.23087946937301382, ""rs_vs_nifty"": -0.23087946937301382}, {""sector"": ""NIFTY_AUTO"", ""ltp"": 28907.55, ""return_pct"": -0.3193086932309046, ""rs_vs_nifty"": -0.3193086932309046}, {""sector"": ""NIFTY_BANK"", ""ltp"": 57590.0, ""return_pct"": -0.3353018798537651, ""rs_vs_nifty"": -0.3353018798537651}, {""sector"": ""NIFTY_INFRA"", ""ltp"": 9256.55, ""return_pct"": -0.3477287285293776, ""rs_vs_nifty"": -0.3477287285293776}, {""sector"": ""NIFTY_FMCG"", ""ltp"": 46989.65, ""return_pct"": -0.557108664230132, ""rs_vs_nifty"": -0.557108664230132}, {""sector"": ""NIFTY_METAL"", ""ltp"": 13422.95, ""return_pct"": -0.8769209183485086, ""rs_vs_nifty"": -0.8769209183485086}, {""sector"": ""NIFTY_MEDIA"", ""ltp"": 1595.95, ""return_pct"": -0.9342023587833614, ""rs_vs_nifty"": -0.9342023587833614}, {""sector"": ""NIFTY_PSU_BANK"", ""ltp"": 8577.85, ""return_pct"": -1.057154391833435, ""rs_vs_nifty"": -1.057154391833435}]"
2026-08-27 14:36:59,NORMAL,24140.85,,0,24177.1818782002,,,False,True,"[[""NIFTY_PHARMA"", 0.5485178188482789, 0.5485178188482789]]","[[""NIFTY_PSU_BANK"", -1.0237037891458562, -1.0237037891458562], [""NIFTY_MEDIA"", -0.9466170080695221, -0.9466170080695221], [""NIFTY_METAL"", -0.849597908682079, -0.849597908682079]]","[{""sector"": ""NIFTY_PHARMA"", ""ltp"": 26772.35, ""return_pct"": 0.5485178188482789, ""rs_vs_nifty"": 0.5485178188482789}, {""sector"": ""NIFTY_HEALTHCARE"", ""ltp"": 16661.95, ""return_pct"": 0.45397955584762, ""rs_vs_nifty"": 0.45397955584762}, {""sector"": ""NIFTY_REALTY"", ""ltp"": 912.3, ""return_pct"": 0.23622479811019914, ""rs_vs_nifty"": 0.23622479811019914}, {""sector"": ""NIFTY_ENERGY"", ""ltp"": 38060.0, ""return_pct"": -0.10472468431676056, ""rs_vs_nifty"": -0.10472468431676056}, {""sector"": ""NIFTY_FIN_SERVICE"", ""ltp"": 26336.8, ""return_pct"": -0.18929955375330695, ""rs_vs_nifty"": -0.18929955375330695}, {""sector"": ""NIFTY_IT"", ""ltp"": 30251.35, ""return_pct"": -0.22263377403826334, ""rs_vs_nifty"": -0.22263377403826334}, {""sector"": ""NIFTY_AUTO"", ""ltp"": 28916.7, ""return_pct"": -0.28775713229069755, ""rs_vs_nifty"": -0.28775713229069755}, {""sector"": ""NIFTY_BANK"", ""ltp"": 57586.85, ""return_pct"": -0.3407532394488095, ""rs_vs_nifty"": -0.3407532394488095}, {""sector"": ""NIFTY_INFRA"", ""ltp"": 9254.25, ""return_pct"": -0.37248959774353513, ""rs_vs_nifty"": -0.37248959774353513}, {""sector"": ""NIFTY_FMCG"", ""ltp"": 46999.45, ""return_pct"": -0.5363691963879558, ""rs_vs_nifty"": -0.5363691963879558}, {""sector"": ""NIFTY_METAL"", ""ltp"": 13426.65, ""return_pct"": -0.849597908682079, ""rs_vs_nifty"": -0.849597908682079}, {""sector"": ""NIFTY_MEDIA"", ""ltp"": 1595.75, ""return_pct"": -0.9466170080695221, ""rs_vs_nifty"": -0.9466170080695221}, {""sector"": ""NIFTY_PSU_BANK"", ""ltp"": 8580.75, ""return_pct"": -1.0237037891458562, ""rs_vs_nifty"": -1.0237037891458562}]"
2026-08-27 14:38:39,NORMAL,24147.05,,0,24177.02774872547,,,False,True,"[[""NIFTY_PHARMA"", 0.542320938320388, 0.542320938320388]]","[[""NIFTY_PSU_BANK"", -1.0565776573043468, -1.0565776573043468], [""NIFTY_MEDIA"", -0.9404096834264488, -0.9404096834264488], [""NIFTY_METAL"", -0.8163672212499249, -0.8163672212499249]]","[{""sector"": ""NIFTY_PHARMA"", ""ltp"": 26770.7, ""return_pct"": 0.542320938320388, ""rs_vs_nifty"": 0.542320938320388}, {""sector"": ""NIFTY_HEALTHCARE"", ""ltp"": 16660.95, ""return_pct"": 0.44795061088284416, ""rs_vs_nifty"": 0.44795061088284416}, {""sector"": ""NIFTY_REALTY"", ""ltp"": 912.2, ""return_pct"": 0.22523759819810674, ""rs_vs_nifty"": 0.22523759819810674}, {""sector"": ""NIFTY_ENERGY"", ""ltp"": 38061.2, ""return_pct"": -0.1015750697508507, ""rs_vs_nifty"": -0.1015750697508507}, {""sector"": ""NIFTY_FIN_SERVICE"", ""ltp"": 26346.05, ""return_pct"": -0.15424408083602842, ""rs_vs_nifty"": -0.15424408083602842}, {""sector"": ""NIFTY_IT"", ""ltp"": 30246.6, ""return_pct"": -0.23830059517428928, ""rs_vs_nifty"": -0.23830059517428928}, {""sector"": ""NIFTY_AUTO"", ""ltp"": 28918.55, ""return_pct"": -0.28137785494213713, ""rs_vs_nifty"": -0.28137785494213713}, {""sector"": ""NIFTY_BANK"", ""ltp"": 57592.85, ""return_pct"": -0.33036969736301547, ""rs_vs_nifty"": -0.33036969736301547}, {""sector"": ""NIFTY_INFRA"", ""ltp"": 9255.5, ""return_pct"": -0.3590326036054018, ""rs_vs_nifty"": -0.3590326036054018}, {""sector"": ""NIFTY_FMCG"", ""ltp"": 46992.95, ""return_pct"": -0.5501249658751196, ""rs_vs_nifty"": -0.5501249658751196}, {""sector"": ""NIFTY_METAL"", ""ltp"": 13431.15, ""return_pct"": -0.8163672212499249, ""rs_vs_nifty"": -0.8163672212499249}, {""sector"": ""NIFTY_MEDIA"", ""ltp"": 1595.85, ""return_pct"": -0.9404096834264488, ""rs_vs_nifty"": -0.9404096834264488}, {""sector"": ""NIFTY_PSU_BANK"", ""ltp"": 8577.9, ""return_pct"": -1.0565776573043468, ""rs_vs_nifty"": -1.0565776573043468}]"
2026-08-27 14:40:37,NORMAL,24149.75,,0,24176.936202980494,,,False,True,"[[""NIFTY_PHARMA"", 0.5278615504219485, 0.5278615504219485]]","[[""NIFTY_PSU_BANK"", -1.0946421362246916, -1.0946421362246916], [""NIFTY_MEDIA"", -0.9528243327125951, -0.9528243327125951], [""NIFTY_METAL"", -0.8363056337092093, -0.8363056337092093]]","[{""sector"": ""NIFTY_PHARMA"", ""ltp"": 26766.85, ""return_pct"": 0.5278615504219485, ""rs_vs_nifty"": 0.5278615504219485}, {""sector"": ""NIFTY_HEALTHCARE"", ""ltp"": 16657.45, ""return_pct"": 0.42684930350612854, ""rs_vs_nifty"": 0.42684930350612854}, {""sector"": ""NIFTY_REALTY"", ""ltp"": 912.6, ""return_pct"": 0.2691863978465138, ""rs_vs_nifty"": 0.2691863978465138}, {""sector"": ""NIFTY_ENERGY"", ""ltp"": 38063.1, ""return_pct"": -0.09658818002147751, ""rs_vs_nifty"": -0.09658818002147751}, {""sector"": ""NIFTY_FIN_SERVICE"", ""ltp"": 26346.2, ""return_pct"": -0.1536756137076346, ""rs_vs_nifty"": -0.1536756137076346}, {""sector"": ""NIFTY_IT"", ""ltp"": 30254.15, ""return_pct"": -0.21339859526333319, ""rs_vs_nifty"": -0.21339859526333319}, {""sector"": ""NIFTY_AUTO"", ""ltp"": 28926.95, ""return_pct"": -0.25241248752161877, ""rs_vs_nifty"": -0.25241248752161877}, {""sector"": ""NIFTY_BANK"", ""ltp"": 57601.2, ""return_pct"": -0.315919267960288, ""rs_vs_nifty"": -0.315919267960288}, {""sector"": ""NIFTY_INFRA"", ""ltp"": 9255.0, ""return_pct"": -0.3644154012606551, ""rs_vs_nifty"": -0.3644154012606551}, {""sector"": ""NIFTY_FMCG"", ""ltp"": 46995.1, ""return_pct"": -0.5455749805832084, ""rs_vs_nifty"": -0.5455749805832084}, {""sector"": ""NIFTY_METAL"", ""ltp"": 13428.45, ""return_pct"": -0.8363056337092093, ""rs_vs_nifty"": -0.8363056337092093}, {""sector"": ""NIFTY_MEDIA"", ""ltp"": 1595.65, ""return_pct"": -0.9528243327125951, ""rs_vs_nifty"": -0.9528243327125951}, {""sector"": ""NIFTY_PSU_BANK"", ""ltp"": 8574.6, ""return_pct"": -1.0946421362246916, ""rs_vs_nifty"": -1.0946421362246916}]"
2026-08-27 14:42:18,NORMAL,24146.65,,0,24176.80825748236,,,False,True,"[[""NIFTY_PHARMA"", 0.5513345827245967, 0.5513345827245967]]","[[""NIFTY_PSU_BANK"", -1.0386988869023503, -1.0386988869023503], [""NIFTY_MEDIA"", -0.9279950341402884, -0.9279950341402884], [""NIFTY_METAL"", -0.7997518775338479, -0.7997518775338479]]","[{""sector"": ""NIFTY_PHARMA"", ""ltp"": 26773.1, ""return_pct"": 0.5513345827245967, ""rs_vs_nifty"": 0.5513345827245967}, {""sector"": ""NIFTY_HEALTHCARE"", ""ltp"": 16662.75, ""return_pct"": 0.4588027118194364, ""rs_vs_nifty"": 0.4588027118194364}, {""sector"": ""NIFTY_REALTY"", ""ltp"": 912.35, ""return_pct"": 0.24171839806625783, ""rs_vs_nifty"": 0.24171839806625783}, {""sector"": ""NIFTY_ENERGY"", ""ltp"": 38066.9, ""return_pct"": -0.08661440056273113, ""rs_vs_nifty"": -0.08661440056273113}, {""sector"": ""NIFTY_FIN_SERVICE"", ""ltp"": 26349.65, ""return_pct"": -0.1406008697547009, ""rs_vs_nifty"": -0.1406008697547009}, {""sector"": ""NIFTY_IT"", ""ltp"": 30244.4, ""return_pct"": -0.24555680706886013, ""rs_vs_nifty"": -0.24555680706886013}, {""sector"": ""NIFTY_AUTO"", ""ltp"": 28919.1, ""return_pct"": -0.27948131302770124, ""rs_vs_nifty"": -0.27948131302770124}, {""sector"": ""NIFTY_BANK"", ""ltp"": 57612.25, ""return_pct"": -0.2967962446189456, ""rs_vs_nifty"": -0.2967962446189456}, {""sector"": ""NIFTY_INFRA"", ""ltp"": 9253.95, ""return_pct"": -0.3757192763366793, ""rs_vs_nifty"": -0.3757192763366793}, {""sector"": ""NIFTY_FMCG"", ""ltp"": 46986.05, ""return_pct"": -0.5647272442537887, ""rs_vs_nifty"": -0.5647272442537887}, {""sector"": ""NIFTY_METAL"", ""ltp"": 13433.4, ""return_pct"": -0.7997518775338479, ""rs_vs_nifty"": -0.7997518775338479}, {""sector"": ""NIFTY_MEDIA"", ""ltp"": 1596.05, ""return_pct"": -0.9279950341402884, ""rs_vs_nifty"": -0.9279950341402884}, {""sector"": ""NIFTY_PSU_BANK"", ""ltp"": 8579.45, ""return_pct"": -1.0386988869023503, ""rs_vs_nifty"": -1.0386988869023503}]"
2026-08-27 14:44:20,NORMAL,24142.4,,0,24176.569673808477,,,False,True,"[[""NIFTY_PHARMA"", 0.5892670029256842, 0.5892670029256842]]","[[""NIFTY_PSU_BANK"", -1.0502335774842755, -1.0502335774842755], [""NIFTY_MEDIA"", -0.8783364369956606, -0.8783364369956606], [""NIFTY_METAL"", -0.8030749462770553, -0.8030749462770553]]","[{""sector"": ""NIFTY_PHARMA"", ""ltp"": 26783.2, ""return_pct"": 0.5892670029256842, ""rs_vs_nifty"": 0.5892670029256842}, {""sector"": ""NIFTY_HEALTHCARE"", ""ltp"": 16666.4, ""return_pct"": 0.4808083609408771, ""rs_vs_nifty"": 0.4808083609408771}, {""sector"": ""NIFTY_REALTY"", ""ltp"": 911.75, ""return_pct"": 0.1757951985936409, ""rs_vs_nifty"": 0.1757951985936409}, {""sector"": ""NIFTY_ENERGY"", ""ltp"": 38065.05, ""return_pct"": -0.09147005635185013, ""rs_vs_nifty"": -0.09147005635185013}, {""sector"": ""NIFTY_FIN_SERVICE"", ""ltp"": 26343.45, ""return_pct"": -0.16409751106142012, ""rs_vs_nifty"": -0.16409751106142012}, {""sector"": ""NIFTY_IT"", ""ltp"": 30230.3, ""return_pct"": -0.2920625287568601, ""rs_vs_nifty"": -0.2920625287568601}, {""sector"": ""NIFTY_AUTO"", ""ltp"": 28914.3, ""return_pct"": -0.2960329515537064, ""rs_vs_nifty"": -0.2960329515537064}, {""sector"": ""NIFTY_BANK"", ""ltp"": 57587.7, ""return_pct"": -0.33928223765332455, ""rs_vs_nifty"": -0.33928223765332455}, {""sector"": ""NIFTY_INFRA"", ""ltp"": 9252.65, ""return_pct"": -0.38971455024034973, ""rs_vs_nifty"": -0.38971455024034973}, {""sector"": ""NIFTY_FMCG"", ""ltp"": 46987.85, ""return_pct"": -0.560917954241968, ""rs_vs_nifty"": -0.560917954241968}, {""sector"": ""NIFTY_METAL"", ""ltp"": 13432.95, ""return_pct"": -0.8030749462770553, ""rs_vs_nifty"": -0.8030749462770553}, {""sector"": ""NIFTY_MEDIA"", ""ltp"": 1596.85, ""return_pct"": -0.8783364369956606, ""rs_vs_nifty"": -0.8783364369956606}, {""sector"": ""NIFTY_PSU_BANK"", ""ltp"": 8578.45, ""return_pct"": -1.0502335774842755, ""rs_vs_nifty"": -1.0502335774842755}]"
2026-08-27 14:46:12,NORMAL,24143.55,,0,24176.360320460717,,,False,True,"[[""NIFTY_PHARMA"", 0.6035386065656916, 0.6035386065656916], [""NIFTY_HEALTHCARE"", 0.5070342715376435, 0.5070342715376435]]","[[""NIFTY_PSU_BANK"", -1.0300478689659065, -1.0300478689659065], [""NIFTY_MEDIA"", -0.8535071384233395, -0.8535071384233395], [""NIFTY_METAL"", -0.8411056218938645, -0.8411056218938645]]","[{""sector"": ""NIFTY_PHARMA"", ""ltp"": 26787.0, ""return_pct"": 0.6035386065656916, ""rs_vs_nifty"": 0.6035386065656916}, {""sector"": ""NIFTY_HEALTHCARE"", ""ltp"": 16670.75, ""return_pct"": 0.5070342715376435, ""rs_vs_nifty"": 0.5070342715376435}, {""sector"": ""NIFTY_REALTY"", ""ltp"": 912.2, ""return_pct"": 0.22523759819810674, ""rs_vs_nifty"": 0.22523759819810674}, {""sector"": ""NIFTY_ENERGY"", ""ltp"": 38061.7, ""return_pct"": -0.10026273034838508, ""rs_vs_nifty"": -0.10026273034838508}, {""sector"": ""NIFTY_FIN_SERVICE"", ""ltp"": 26348.3, ""return_pct"": -0.1457170739102039, ""rs_vs_nifty"": -0.1457170739102039}, {""sector"": ""NIFTY_IT"", ""ltp"": 30244.35, ""return_pct"": -0.24572172097556472, ""rs_vs_nifty"": -0.24572172097556472}, {""sector"": ""NIFTY_AUTO"", ""ltp"": 28923.45, ""return_pct"": -0.26448139061349935, ""rs_vs_nifty"": -0.26448139061349935}, {""sector"": ""NIFTY_BANK"", ""ltp"": 57597.3, ""return_pct"": -0.32266857031604407, ""rs_vs_nifty"": -0.32266857031604407}, {""sector"": ""NIFTY_INFRA"", ""ltp"": 9250.6, ""return_pct"": -0.41178402062688063, ""rs_vs_nifty"": -0.41178402062688063}, {""sector"": ""NIFTY_FMCG"", ""ltp"": 47005.0, ""return_pct"": -0.5246238855181407, ""rs_vs_nifty"": -0.5246238855181407}, {""sector"": ""NIFTY_METAL"", ""ltp"": 13427.8, ""return_pct"": -0.8411056218938645, ""rs_vs_nifty"": -0.8411056218938645}, {""sector"": ""NIFTY_MEDIA"", ""ltp"": 1597.25, ""return_pct"": -0.8535071384233395, ""rs_vs_nifty"": -0.8535071384233395}, {""sector"": ""NIFTY_PSU_BANK"", ""ltp"": 8580.2, ""return_pct"": -1.0300478689659065, ""rs_vs_nifty"": -1.0300478689659065}]"
2026-08-27 14:46:37,NORMAL,24143.95,,0,24176.316872271935,,,False,True,"[[""NIFTY_PHARMA"", 0.6003462741725368, 0.6003462741725368], [""NIFTY_HEALTHCARE"", 0.5025125628140615, 0.5025125628140615]]","[[""NIFTY_PSU_BANK"", -1.0121690985639311, -1.0121690985639311], [""NIFTY_MEDIA"", -0.8659217877095001, -0.8659217877095001], [""NIFTY_METAL"", -0.8403671621731473, -0.8403671621731473]]","[{""sector"": ""NIFTY_PHARMA"", ""ltp"": 26786.15, ""return_pct"": 0.6003462741725368, ""rs_vs_nifty"": 0.6003462741725368}, {""sector"": ""NIFTY_HEALTHCARE"", ""ltp"": 16670.0, ""return_pct"": 0.5025125628140615, ""rs_vs_nifty"": 0.5025125628140615}, {""sector"": ""NIFTY_REALTY"", ""ltp"": 912.2, ""return_pct"": 0.22523759819810674, ""rs_vs_nifty"": 0.22523759819810674}, {""sector"": ""NIFTY_ENERGY"", ""ltp"": 38064.95, ""return_pct"": -0.09173252423235852, ""rs_vs_nifty"": -0.09173252423235852}, {""sector"": ""NIFTY_FIN_SERVICE"", ""ltp"": 26350.35, ""return_pct"": -0.13794802315556653, ""rs_vs_nifty"": -0.13794802315556653}, {""sector"": ""NIFTY_AUTO"", ""ltp"": 28926.75, ""return_pct"": -0.2531021391268716, ""rs_vs_nifty"": -0.2531021391268716}, {""sector"": ""NIFTY_IT"", ""ltp"": 30241.35, ""return_pct"": -0.2556165553772653, ""rs_vs_nifty"": -0.2556165553772653}, {""sector"": ""NIFTY_BANK"", ""ltp"": 57597.3, ""return_pct"": -0.32266857031604407, ""rs_vs_nifty"": -0.32266857031604407}, {""sector"": ""NIFTY_INFRA"", ""ltp"": 9251.75, ""return_pct"": -0.39940358601980186, ""rs_vs_nifty"": -0.39940358601980186}, {""sector"": ""NIFTY_FMCG"", ""ltp"": 47007.55, ""return_pct"": -0.5192273913347086, ""rs_vs_nifty"": -0.5192273913347086}, {""sector"": ""NIFTY_METAL"", ""ltp"": 13427.9, ""return_pct"": -0.8403671621731473, ""rs_vs_nifty"": -0.8403671621731473}, {""sector"": ""NIFTY_MEDIA"", ""ltp"": 1597.05, ""return_pct"": -0.8659217877095001, ""rs_vs_nifty"": -0.8659217877095001}, {""sector"": ""NIFTY_PSU_BANK"", ""ltp"": 8581.75, ""return_pct"": -1.0121690985639311, ""rs_vs_nifty"": -1.0121690985639311}]"
2026-08-27 14:48:19,NORMAL,24148.35,,0,24176.19527387147,,,False,True,"[[""NIFTY_PHARMA"", 0.5954638834535751, 0.5954638834535751], [""NIFTY_HEALTHCARE"", 0.5058284825446839, 0.5058284825446839]]","[[""NIFTY_PSU_BANK"", -0.9948670626910433, -0.9948670626910433], [""NIFTY_METAL"", -0.8156287615292077, -0.8156287615292077], [""NIFTY_MEDIA"", -0.7759155803848541, -0.7759155803848541]]","[{""sector"": ""NIFTY_PHARMA"", ""ltp"": 26784.85, ""return_pct"": 0.5954638834535751, ""rs_vs_nifty"": 0.5954638834535751}, {""sector"": ""NIFTY_HEALTHCARE"", ""ltp"": 16670.55, ""return_pct"": 0.5058284825446839, ""rs_vs_nifty"": 0.5058284825446839}, {""sector"": ""NIFTY_REALTY"", ""ltp"": 912.2, ""return_pct"": 0.22523759819810674, ""rs_vs_nifty"": 0.22523759819810674}, {""sector"": ""NIFTY_ENERGY"", ""ltp"": 38077.85, ""return_pct"": -0.05787416764874162, ""rs_vs_nifty"": -0.05787416764874162}, {""sector"": ""NIFTY_FIN_SERVICE"", ""ltp"": 26354.95, ""return_pct"": -0.12051503121831705, ""rs_vs_nifty"": -0.12051503121831705}, {""sector"": ""NIFTY_IT"", ""ltp"": 30249.1, ""return_pct"": -0.2300548998395388, ""rs_vs_nifty"": -0.2300548998395388}, {""sector"": ""NIFTY_AUTO"", ""ltp"": 28928.2, ""return_pct"": -0.24810216498880427, ""rs_vs_nifty"": -0.24810216498880427}, {""sector"": ""NIFTY_BANK"", ""ltp"": 57602.55, ""return_pct"": -0.31358297099097426, ""rs_vs_nifty"": -0.31358297099097426}, {""sector"": ""NIFTY_INFRA"", ""ltp"": 9252.8, ""return_pct"": -0.38809971094377765, ""rs_vs_nifty"": -0.38809971094377765}, {""sector"": ""NIFTY_FMCG"", ""ltp"": 47015.4, ""return_pct"": -0.5026146543386756, ""rs_vs_nifty"": -0.5026146543386756}, {""sector"": ""NIFTY_MEDIA"", ""ltp"": 1598.5, ""return_pct"": -0.7759155803848541, ""rs_vs_nifty"": -0.7759155803848541}, {""sector"": ""NIFTY_METAL"", ""ltp"": 13431.25, ""return_pct"": -0.8156287615292077, ""rs_vs_nifty"": -0.8156287615292077}, {""sector"": ""NIFTY_PSU_BANK"", ""ltp"": 8583.25, ""return_pct"": -0.9948670626910433, ""rs_vs_nifty"": -0.9948670626910433}]"
2026-08-27 14:52:00,NORMAL,24149.05,,0,24175.704687524332,,,False,True,"[[""NIFTY_PHARMA"", 0.6961162459673413, 0.6961162459673413], [""NIFTY_HEALTHCARE"", 0.6059089689599768, 0.6059089689599768]]","[[""NIFTY_PSU_BANK"", -1.0386988869023503, -1.0386988869023503], [""NIFTY_METAL"", -0.7665211901016938, -0.7665211901016938], [""NIFTY_MEDIA"", -0.7076350093109927, -0.7076350093109927]]","[{""sector"": ""NIFTY_PHARMA"", ""ltp"": 26811.65, ""return_pct"": 0.6961162459673413, ""rs_vs_nifty"": 0.6961162459673413}, {""sector"": ""NIFTY_HEALTHCARE"", ""ltp"": 16687.15, ""return_pct"": 0.6059089689599768, ""rs_vs_nifty"": 0.6059089689599768}, {""sector"": ""NIFTY_REALTY"", ""ltp"": 912.2, ""return_pct"": 0.22523759819810674, ""rs_vs_nifty"": 0.22523759819810674}, {""sector"": ""NIFTY_ENERGY"", ""ltp"": 38087.55, ""return_pct"": -0.032414783240897076, ""rs_vs_nifty"": -0.032414783240897076}, {""sector"": ""NIFTY_FIN_SERVICE"", ""ltp"": 26347.0, ""return_pct"": -0.15064378902289977, ""rs_vs_nifty"": -0.15064378902289977}, {""sector"": ""NIFTY_IT"", ""ltp"": 30248.75, ""return_pct"": -0.23120929718639904, ""rs_vs_nifty"": -0.23120929718639904}, {""sector"": ""NIFTY_AUTO"", ""ltp"": 28923.25, ""return_pct"": -0.26517104221875215, ""rs_vs_nifty"": -0.26517104221875215}, {""sector"": ""NIFTY_BANK"", ""ltp"": 57579.85, ""return_pct"": -0.3528673718822358, ""rs_vs_nifty"": -0.3528673718822358}, {""sector"": ""NIFTY_INFRA"", ""ltp"": 9254.75, ""return_pct"": -0.3671068000882818, ""rs_vs_nifty"": -0.3671068000882818}, {""sector"": ""NIFTY_FMCG"", ""ltp"": 47017.85, ""return_pct"": -0.49742978737813526, ""rs_vs_nifty"": -0.49742978737813526}, {""sector"": ""NIFTY_MEDIA"", ""ltp"": 1599.6, ""return_pct"": -0.7076350093109927, ""rs_vs_nifty"": -0.7076350093109927}, {""sector"": ""NIFTY_METAL"", ""ltp"": 13437.9, ""return_pct"": -0.7665211901016938, ""rs_vs_nifty"": -0.7665211901016938}, {""sector"": ""NIFTY_PSU_BANK"", ""ltp"": 8579.45, ""return_pct"": -1.0386988869023503, ""rs_vs_nifty"": -1.0386988869023503}]"
2026-08-27 14:53:33,NORMAL,24152.95,,0,24175.547548829774,,,False,True,"[[""NIFTY_PHARMA"", 0.7203404153036632, 0.7203404153036632], [""NIFTY_HEALTHCARE"", 0.6221871203648541, 0.6221871203648541]]","[[""NIFTY_PSU_BANK"", -1.0265874617913375, -1.0265874617913375], [""NIFTY_METAL"", -0.7982749580924134, -0.7982749580924134], [""NIFTY_MEDIA"", -0.6859093730602083, -0.6859093730602083]]","[{""sector"": ""NIFTY_PHARMA"", ""ltp"": 26818.1, ""return_pct"": 0.7203404153036632, ""rs_vs_nifty"": 0.7203404153036632}, {""sector"": ""NIFTY_HEALTHCARE"", ""ltp"": 16689.85, ""return_pct"": 0.6221871203648541, ""rs_vs_nifty"": 0.6221871203648541}, {""sector"": ""NIFTY_REALTY"", ""ltp"": 912.2, ""return_pct"": 0.22523759819810674, ""rs_vs_nifty"": 0.22523759819810674}, {""sector"": ""NIFTY_ENERGY"", ""ltp"": 38083.5, ""return_pct"": -0.043044732400876265, ""rs_vs_nifty"": -0.043044732400876265}, {""sector"": ""NIFTY_FIN_SERVICE"", ""ltp"": 26350.6, ""return_pct"": -0.13700057794158604, ""rs_vs_nifty"": -0.13700057794158604}, {""sector"": ""NIFTY_IT"", ""ltp"": 30258.05, ""return_pct"": -0.2005353105411296, ""rs_vs_nifty"": -0.2005353105411296}, {""sector"": ""NIFTY_AUTO"", ""ltp"": 28939.25, ""return_pct"": -0.20999891379872676, ""rs_vs_nifty"": -0.20999891379872676}, {""sector"": ""NIFTY_BANK"", ""ltp"": 57594.6, ""return_pct"": -0.32734116425465887, ""rs_vs_nifty"": -0.32734116425465887}, {""sector"": ""NIFTY_INFRA"", ""ltp"": 9256.7, ""return_pct"": -0.3461138892327859, ""rs_vs_nifty"": -0.3461138892327859}, {""sector"": ""NIFTY_FMCG"", ""ltp"": 47038.1, ""return_pct"": -0.4545752747450483, ""rs_vs_nifty"": -0.4545752747450483}, {""sector"": ""NIFTY_MEDIA"", ""ltp"": 1599.95, ""return_pct"": -0.6859093730602083, ""rs_vs_nifty"": -0.6859093730602083}, {""sector"": ""NIFTY_METAL"", ""ltp"": 13433.6, ""return_pct"": -0.7982749580924134, ""rs_vs_nifty"": -0.7982749580924134}, {""sector"": ""NIFTY_PSU_BANK"", ""ltp"": 8580.5, ""return_pct"": -1.0265874617913375, ""rs_vs_nifty"": -1.0265874617913375}]"
2026-08-27 14:53:57,NORMAL,24152.9,,0,24175.506472983634,,,False,True,"[[""NIFTY_PHARMA"", 0.722218257887875, 0.722218257887875], [""NIFTY_HEALTHCARE"", 0.6336421157979371, 0.6336421157979371]]","[[""NIFTY_PSU_BANK"", -1.0110156295057344, -1.0110156295057344], [""NIFTY_METAL"", -0.7779673157727638, -0.7779673157727638], [""NIFTY_MEDIA"", -0.664183736809438, -0.664183736809438]]","[{""sector"": ""NIFTY_PHARMA"", ""ltp"": 26818.6, ""return_pct"": 0.722218257887875, ""rs_vs_nifty"": 0.722218257887875}, {""sector"": ""NIFTY_HEALTHCARE"", ""ltp"": 16691.75, ""return_pct"": 0.6336421157979371, ""rs_vs_nifty"": 0.6336421157979371}, {""sector"": ""NIFTY_REALTY"", ""ltp"": 912.2, ""return_pct"": 0.22523759819810674, ""rs_vs_nifty"": 0.22523759819810674}, {""sector"": ""NIFTY_ENERGY"", ""ltp"": 38085.65, ""return_pct"": -0.037401672970270264, ""rs_vs_nifty"": -0.037401672970270264}, {""sector"": ""NIFTY_FIN_SERVICE"", ""ltp"": 26353.6, ""return_pct"": -0.12563123537382004, ""rs_vs_nifty"": -0.12563123537382004}, {""sector"": ""NIFTY_IT"", ""ltp"": 30258.4, ""return_pct"": -0.19938091319425733, ""rs_vs_nifty"": -0.19938091319425733}, {""sector"": ""NIFTY_AUTO"", ""ltp"": 28936.75, ""return_pct"": -0.21861955886435572, ""rs_vs_nifty"": -0.21861955886435572}, {""sector"": ""NIFTY_BANK"", ""ltp"": 57598.15, ""return_pct"": -0.3211975685205591, ""rs_vs_nifty"": -0.3211975685205591}, {""sector"": ""NIFTY_INFRA"", ""ltp"": 9256.55, ""return_pct"": -0.3477287285293776, ""rs_vs_nifty"": -0.3477287285293776}, {""sector"": ""NIFTY_FMCG"", ""ltp"": 47040.0, ""return_pct"": -0.4505543575103358, ""rs_vs_nifty"": -0.4505543575103358}, {""sector"": ""NIFTY_MEDIA"", ""ltp"": 1600.3, ""return_pct"": -0.664183736809438, ""rs_vs_nifty"": -0.664183736809438}, {""sector"": ""NIFTY_METAL"", ""ltp"": 13436.35, ""return_pct"": -0.7779673157727638, ""rs_vs_nifty"": -0.7779673157727638}, {""sector"": ""NIFTY_PSU_BANK"", ""ltp"": 8581.85, ""return_pct"": -1.0110156295057344, ""rs_vs_nifty"": -1.0110156295057344}]"
2026-08-27 14:55:35,NORMAL,24153.85,,0,24175.29179887613,,,False,True,"[[""NIFTY_PHARMA"", 0.7195892782699894, 0.7195892782699894], [""NIFTY_HEALTHCARE"", 0.6336421157979371, 0.6336421157979371]]","[[""NIFTY_PSU_BANK"", -1.0115923640348432, -1.0115923640348432], [""NIFTY_METAL"", -0.7572904435927622, -0.7572904435927622], [""NIFTY_MEDIA"", -0.6828057107386716, -0.6828057107386716]]","[{""sector"": ""NIFTY_PHARMA"", ""ltp"": 26817.9, ""return_pct"": 0.7195892782699894, ""rs_vs_nifty"": 0.7195892782699894}, {""sector"": ""NIFTY_HEALTHCARE"", ""ltp"": 16691.75, ""return_pct"": 0.6336421157979371, ""rs_vs_nifty"": 0.6336421157979371}, {""sector"": ""NIFTY_REALTY"", ""ltp"": 912.05, ""return_pct"": 0.20875679832994312, ""rs_vs_nifty"": 0.20875679832994312}, {""sector"": ""NIFTY_ENERGY"", ""ltp"": 38090.1, ""return_pct"": -0.025721852288333853, ""rs_vs_nifty"": -0.025721852288333853}, {""sector"": ""NIFTY_FIN_SERVICE"", ""ltp"": 26353.3, ""return_pct"": -0.12676816963059387, ""rs_vs_nifty"": -0.12676816963059387}, {""sector"": ""NIFTY_IT"", ""ltp"": 30257.9, ""return_pct"": -0.20103005226120743, ""rs_vs_nifty"": -0.20103005226120743}, {""sector"": ""NIFTY_AUTO"", ""ltp"": 28926.9, ""return_pct"": -0.25258490042292886, ""rs_vs_nifty"": -0.25258490042292886}, {""sector"": ""NIFTY_BANK"", ""ltp"": 57596.75, ""return_pct"": -0.3236203950072469, ""rs_vs_nifty"": -0.3236203950072469}, {""sector"": ""NIFTY_INFRA"", ""ltp"": 9257.9, ""return_pct"": -0.3331951748601897, ""rs_vs_nifty"": -0.3331951748601897}, {""sector"": ""NIFTY_FMCG"", ""ltp"": 47034.75, ""return_pct"": -0.4616647867115065, ""rs_vs_nifty"": -0.4616647867115065}, {""sector"": ""NIFTY_MEDIA"", ""ltp"": 1600.0, ""return_pct"": -0.6828057107386716, ""rs_vs_nifty"": -0.6828057107386716}, {""sector"": ""NIFTY_METAL"", ""ltp"": 13439.15, ""return_pct"": -0.7572904435927622, ""rs_vs_nifty"": -0.7572904435927622}, {""sector"": ""NIFTY_PSU_BANK"", ""ltp"": 8581.8, ""return_pct"": -1.0115923640348432, ""rs_vs_nifty"": -1.0115923640348432}]"
2026-08-27 14:55:59,NORMAL,24150.85,,0,24175.244530386906,,,False,True,"[[""NIFTY_PHARMA"", 0.7246594532473559, 0.7246594532473559], [""NIFTY_HEALTHCARE"", 0.6399725080109474, 0.6399725080109474]]","[[""NIFTY_PSU_BANK"", -1.004094815156575, -1.004094815156575], [""NIFTY_METAL"", -0.7886749817231299, -0.7886749817231299], [""NIFTY_MEDIA"", -0.7076350093109927, -0.7076350093109927]]","[{""sector"": ""NIFTY_PHARMA"", ""ltp"": 26819.25, ""return_pct"": 0.7246594532473559, ""rs_vs_nifty"": 0.7246594532473559}, {""sector"": ""NIFTY_HEALTHCARE"", ""ltp"": 16692.8, ""return_pct"": 0.6399725080109474, ""rs_vs_nifty"": 0.6399725080109474}, {""sector"": ""NIFTY_REALTY"", ""ltp"": 911.7, ""return_pct"": 0.1703015986375947, ""rs_vs_nifty"": 0.1703015986375947}, {""sector"": ""NIFTY_ENERGY"", ""ltp"": 38087.3, ""return_pct"": -0.03307095294212988, ""rs_vs_nifty"": -0.03307095294212988}, {""sector"": ""NIFTY_FIN_SERVICE"", ""ltp"": 26356.65, ""return_pct"": -0.11407240376324689, ""rs_vs_nifty"": -0.11407240376324689}, {""sector"": ""NIFTY_IT"", ""ltp"": 30258.85, ""return_pct"": -0.19789668803401184, ""rs_vs_nifty"": -0.19789668803401184}, {""sector"": ""NIFTY_AUTO"", ""ltp"": 28923.65, ""return_pct"": -0.2637917390082465, ""rs_vs_nifty"": -0.2637917390082465}, {""sector"": ""NIFTY_BANK"", ""ltp"": 57602.1, ""return_pct"": -0.31436173664741635, ""rs_vs_nifty"": -0.31436173664741635}, {""sector"": ""NIFTY_INFRA"", ""ltp"": 9255.7, ""return_pct"": -0.3568794845432926, ""rs_vs_nifty"": -0.3568794845432926}, {""sector"": ""NIFTY_FMCG"", ""ltp"": 47034.1, ""return_pct"": -0.46304036366022594, ""rs_vs_nifty"": -0.46304036366022594}, {""sector"": ""NIFTY_MEDIA"", ""ltp"": 1599.6, ""return_pct"": -0.7076350093109927, ""rs_vs_nifty"": -0.7076350093109927}, {""sector"": ""NIFTY_METAL"", ""ltp"": 13434.9, ""return_pct"": -0.7886749817231299, ""rs_vs_nifty"": -0.7886749817231299}, {""sector"": ""NIFTY_PSU_BANK"", ""ltp"": 8582.45, ""return_pct"": -1.004094815156575, ""rs_vs_nifty"": -1.004094815156575}]"
2026-08-27 14:57:38,NORMAL,24151.05,,0,24175.048397829283,,,False,True,"[[""NIFTY_PHARMA"", 0.7287907069326165, 0.7287907069326165], [""NIFTY_HEALTHCARE"", 0.632737774053212, 0.632737774053212]]","[[""NIFTY_PSU_BANK"", -1.0098621604475377, -1.0098621604475377], [""NIFTY_METAL"", -0.7580289033134795, -0.7580289033134795], [""NIFTY_MEDIA"", -0.7169459962756024, -0.7169459962756024]]","[{""sector"": ""NIFTY_PHARMA"", ""ltp"": 26820.35, ""return_pct"": 0.7287907069326165, ""rs_vs_nifty"": 0.7287907069326165}, {""sector"": ""NIFTY_HEALTHCARE"", ""ltp"": 16691.6, ""return_pct"": 0.632737774053212, ""rs_vs_nifty"": 0.632737774053212}, {""sector"": ""NIFTY_REALTY"", ""ltp"": 911.9, ""return_pct"": 0.19227599846179202, ""rs_vs_nifty"": 0.19227599846179202}, {""sector"": ""NIFTY_ENERGY"", ""ltp"": 38081.1, ""return_pct"": -0.04934396153271507, ""rs_vs_nifty"": -0.04934396153271507}, {""sector"": ""NIFTY_FIN_SERVICE"", ""ltp"": 26361.0, ""return_pct"": -0.09758685703999166, ""rs_vs_nifty"": -0.09758685703999166}, {""sector"": ""NIFTY_IT"", ""ltp"": 30253.05, ""return_pct"": -0.2170267012106306, ""rs_vs_nifty"": -0.2170267012106306}, {""sector"": ""NIFTY_AUTO"", ""ltp"": 28923.9, ""return_pct"": -0.2629296745016836, ""rs_vs_nifty"": -0.2629296745016836}, {""sector"": ""NIFTY_BANK"", ""ltp"": 57610.65, ""return_pct"": -0.29956518917515484, ""rs_vs_nifty"": -0.29956518917515484}, {""sector"": ""NIFTY_INFRA"", ""ltp"": 9256.1, ""return_pct"": -0.3525732464190938, ""rs_vs_nifty"": -0.3525732464190938}, {""sector"": ""NIFTY_FMCG"", ""ltp"": 47033.8, ""return_pct"": -0.463675245328855, ""rs_vs_nifty"": -0.463675245328855}, {""sector"": ""NIFTY_MEDIA"", ""ltp"": 1599.45, ""return_pct"": -0.7169459962756024, ""rs_vs_nifty"": -0.7169459962756024}, {""sector"": ""NIFTY_METAL"", ""ltp"": 13439.05, ""return_pct"": -0.7580289033134795, ""rs_vs_nifty"": -0.7580289033134795}, {""sector"": ""NIFTY_PSU_BANK"", ""ltp"": 8581.95, ""return_pct"": -1.0098621604475377, ""rs_vs_nifty"": -1.0098621604475377}]"
2026-08-27 14:58:03,NORMAL,24152.05,,0,24175.014144026947,,,False,True,"[[""NIFTY_PHARMA"", 0.7118901236747099, 0.7118901236747099], [""NIFTY_HEALTHCARE"", 0.6230914621095793, 0.6230914621095793]]","[[""NIFTY_PSU_BANK"", -1.0225503200876596, -1.0225503200876596], [""NIFTY_MEDIA"", -0.7635009310986937, -0.7635009310986937], [""NIFTY_METAL"", -0.7528596852684724, -0.7528596852684724]]","[{""sector"": ""NIFTY_PHARMA"", ""ltp"": 26815.85, ""return_pct"": 0.7118901236747099, ""rs_vs_nifty"": 0.7118901236747099}, {""sector"": ""NIFTY_HEALTHCARE"", ""ltp"": 16690.0, ""return_pct"": 0.6230914621095793, ""rs_vs_nifty"": 0.6230914621095793}, {""sector"": ""NIFTY_REALTY"", ""ltp"": 912.0, ""return_pct"": 0.20326319837389692, ""rs_vs_nifty"": 0.20326319837389692}, {""sector"": ""NIFTY_ENERGY"", ""ltp"": 38077.3, ""return_pct"": -0.05931774099144235, ""rs_vs_nifty"": -0.05931774099144235}, {""sector"": ""NIFTY_FIN_SERVICE"", ""ltp"": 26357.65, ""return_pct"": -0.11028262290732488, ""rs_vs_nifty"": -0.11028262290732488}, {""sector"": ""NIFTY_IT"", ""ltp"": 30264.2, ""return_pct"": -0.1802509000176386, ""rs_vs_nifty"": -0.1802509000176386}, {""sector"": ""NIFTY_AUTO"", ""ltp"": 28921.95, ""return_pct"": -0.26965377765287674, ""rs_vs_nifty"": -0.26965377765287674}, {""sector"": ""NIFTY_BANK"", ""ltp"": 57608.15, ""return_pct"": -0.3038916650442357, ""rs_vs_nifty"": -0.3038916650442357}, {""sector"": ""NIFTY_INFRA"", ""ltp"": 9255.0, ""return_pct"": -0.3644154012606551, ""rs_vs_nifty"": -0.3644154012606551}, {""sector"": ""NIFTY_FMCG"", ""ltp"": 47026.85, ""return_pct"": -0.4783833373189855, ""rs_vs_nifty"": -0.4783833373189855}, {""sector"": ""NIFTY_METAL"", ""ltp"": 13439.75, ""return_pct"": -0.7528596852684724, ""rs_vs_nifty"": -0.7528596852684724}, {""sector"": ""NIFTY_MEDIA"", ""ltp"": 1598.7, ""return_pct"": -0.7635009310986937, ""rs_vs_nifty"": -0.7635009310986937}, {""sector"": ""NIFTY_PSU_BANK"", ""ltp"": 8580.85, ""return_pct"": -1.0225503200876596, ""rs_vs_nifty"": -1.0225503200876596}]"
2026-08-27 14:59:44,NORMAL,24153.0,,0,24174.878794446435,,,False,True,"[[""NIFTY_PHARMA"", 0.7167725143936716, 0.7167725143936716], [""NIFTY_HEALTHCARE"", 0.6324363268049775, 0.6324363268049775]]","[[""NIFTY_PSU_BANK"", -1.0000576734529179, -1.0000576734529179], [""NIFTY_METAL"", -0.7750134768899084, -0.7750134768899084], [""NIFTY_MEDIA"", -0.7728119180633175, -0.7728119180633175]]","[{""sector"": ""NIFTY_PHARMA"", ""ltp"": 26817.15, ""return_pct"": 0.7167725143936716, ""rs_vs_nifty"": 0.7167725143936716}, {""sector"": ""NIFTY_HEALTHCARE"", ""ltp"": 16691.55, ""return_pct"": 0.6324363268049775, ""rs_vs_nifty"": 0.6324363268049775}, {""sector"": ""NIFTY_REALTY"", ""ltp"": 911.45, ""return_pct"": 0.1428335988573387, ""rs_vs_nifty"": 0.1428335988573387}, {""sector"": ""NIFTY_ENERGY"", ""ltp"": 38081.8, ""return_pct"": -0.04750668636925174, ""rs_vs_nifty"": -0.04750668636925174}, {""sector"": ""NIFTY_FIN_SERVICE"", ""ltp"": 26356.1, ""return_pct"": -0.116156783234015, ""rs_vs_nifty"": -0.116156783234015}, {""sector"": ""NIFTY_IT"", ""ltp"": 30270.8, ""return_pct"": -0.1584822643339021, ""rs_vs_nifty"": -0.1584822643339021}, {""sector"": ""NIFTY_AUTO"", ""ltp"": 28915.35, ""return_pct"": -0.2924122806261447, ""rs_vs_nifty"": -0.2924122806261447}, {""sector"": ""NIFTY_BANK"", ""ltp"": 57607.2, ""return_pct"": -0.30553572587449396, ""rs_vs_nifty"": -0.30553572587449396}, {""sector"": ""NIFTY_INFRA"", ""ltp"": 9255.95, ""return_pct"": -0.35418808571566596, ""rs_vs_nifty"": -0.35418808571566596}, {""sector"": ""NIFTY_FMCG"", ""ltp"": 47021.35, ""return_pct"": -0.49002283457735485, ""rs_vs_nifty"": -0.49002283457735485}, {""sector"": ""NIFTY_MEDIA"", ""ltp"": 1598.55, ""return_pct"": -0.7728119180633175, ""rs_vs_nifty"": -0.7728119180633175}, {""sector"": ""NIFTY_METAL"", ""ltp"": 13436.75, ""return_pct"": -0.7750134768899084, ""rs_vs_nifty"": -0.7750134768899084}, {""sector"": ""NIFTY_PSU_BANK"", ""ltp"": 8582.8, ""return_pct"": -1.0000576734529179, ""rs_vs_nifty"": -1.0000576734529179}]"
2026-08-27 15:00:08,NORMAL,24155.0,,0,24174.860839595472,,,False,True,"[[""NIFTY_PHARMA"", 0.7261617273147309, 0.7261617273147309], [""NIFTY_HEALTHCARE"", 0.6360536937838562, 0.6360536937838562]]","[[""NIFTY_PSU_BANK"", -0.9948670626910433, -0.9948670626910433], [""NIFTY_METAL"", -0.7753827067502603, -0.7753827067502603], [""NIFTY_MEDIA"", -0.7603972687771571, -0.7603972687771571]]","[{""sector"": ""NIFTY_PHARMA"", ""ltp"": 26819.65, ""return_pct"": 0.7261617273147309, ""rs_vs_nifty"": 0.7261617273147309}, {""sector"": ""NIFTY_HEALTHCARE"", ""ltp"": 16692.15, ""return_pct"": 0.6360536937838562, ""rs_vs_nifty"": 0.6360536937838562}, {""sector"": ""NIFTY_REALTY"", ""ltp"": 911.9, ""return_pct"": 0.19227599846179202, ""rs_vs_nifty"": 0.19227599846179202}, {""sector"": ""NIFTY_ENERGY"", ""ltp"": 38078.6, ""return_pct"": -0.05590565854504319, ""rs_vs_nifty"": -0.05590565854504319}, {""sector"": ""NIFTY_FIN_SERVICE"", ""ltp"": 26358.75, ""return_pct"": -0.10611386396581618, ""rs_vs_nifty"": -0.10611386396581618}, {""sector"": ""NIFTY_IT"", ""ltp"": 30263.0, ""return_pct"": -0.18420883377832123, ""rs_vs_nifty"": -0.18420883377832123}, {""sector"": ""NIFTY_AUTO"", ""ltp"": 28919.9, ""return_pct"": -0.27672270660668996, ""rs_vs_nifty"": -0.27672270660668996}, {""sector"": ""NIFTY_BANK"", ""ltp"": 57614.9, ""return_pct"": -0.29221018019771744, ""rs_vs_nifty"": -0.29221018019771744}, {""sector"": ""NIFTY_INFRA"", ""ltp"": 9257.3, ""return_pct"": -0.3396545320464976, ""rs_vs_nifty"": -0.3396545320464976}, {""sector"": ""NIFTY_FMCG"", ""ltp"": 47029.1, ""return_pct"": -0.473621724804198, ""rs_vs_nifty"": -0.473621724804198}, {""sector"": ""NIFTY_MEDIA"", ""ltp"": 1598.75, ""return_pct"": -0.7603972687771571, ""rs_vs_nifty"": -0.7603972687771571}, {""sector"": ""NIFTY_METAL"", ""ltp"": 13436.7, ""return_pct"": -0.7753827067502603, ""rs_vs_nifty"": -0.7753827067502603}, {""sector"": ""NIFTY_PSU_BANK"", ""ltp"": 8583.25, ""return_pct"": -0.9948670626910433, ""rs_vs_nifty"": -0.9948670626910433}]"
2026-08-27 15:01:48,NORMAL,24160.9,,0,24174.693913191557,,,False,True,"[[""NIFTY_PHARMA"", 0.7409966837299936, 0.7409966837299936], [""NIFTY_HEALTHCARE"", 0.6574564484088062, 0.6574564484088062]]","[[""NIFTY_PSU_BANK"", -0.90316627256473, -0.90316627256473], [""NIFTY_METAL"", -0.7805519247952674, -0.7805519247952674], [""NIFTY_MEDIA"", -0.7169459962756024, -0.7169459962756024]]","[{""sector"": ""NIFTY_PHARMA"", ""ltp"": 26823.6, ""return_pct"": 0.7409966837299936, ""rs_vs_nifty"": 0.7409966837299936}, {""sector"": ""NIFTY_HEALTHCARE"", ""ltp"": 16695.7, ""return_pct"": 0.6574564484088062, ""rs_vs_nifty"": 0.6574564484088062}, {""sector"": ""NIFTY_REALTY"", ""ltp"": 912.8, ""return_pct"": 0.2911607976707111, ""rs_vs_nifty"": 0.2911607976707111}, {""sector"": ""NIFTY_ENERGY"", ""ltp"": 38104.9, ""return_pct"": 0.013123394024656232, ""rs_vs_nifty"": 0.013123394024656232}, {""sector"": ""NIFTY_FIN_SERVICE"", ""ltp"": 26365.3, ""return_pct"": -0.08129079935952979, ""rs_vs_nifty"": -0.08129079935952979}, {""sector"": ""NIFTY_IT"", ""ltp"": 30276.9, ""return_pct"": -0.13836276771710368, ""rs_vs_nifty"": -0.13836276771710368}, {""sector"": ""NIFTY_BANK"", ""ltp"": 57634.1, ""return_pct"": -0.25898284552318157, ""rs_vs_nifty"": -0.25898284552318157}, {""sector"": ""NIFTY_AUTO"", ""ltp"": 28922.6, ""return_pct"": -0.2674124099358207, ""rs_vs_nifty"": -0.2674124099358207}, {""sector"": ""NIFTY_INFRA"", ""ltp"": 9260.95, ""return_pct"": -0.3003601091631325, ""rs_vs_nifty"": -0.3003601091631325}, {""sector"": ""NIFTY_FMCG"", ""ltp"": 47028.15, ""return_pct"": -0.47563218342154656, ""rs_vs_nifty"": -0.47563218342154656}, {""sector"": ""NIFTY_MEDIA"", ""ltp"": 1599.45, ""return_pct"": -0.7169459962756024, ""rs_vs_nifty"": -0.7169459962756024}, {""sector"": ""NIFTY_METAL"", ""ltp"": 13436.0, ""return_pct"": -0.7805519247952674, ""rs_vs_nifty"": -0.7805519247952674}, {""sector"": ""NIFTY_PSU_BANK"", ""ltp"": 8591.2, ""return_pct"": -0.90316627256473, ""rs_vs_nifty"": -0.90316627256473}]"
2026-08-27 15:02:10,NORMAL,24159.8,,0,24174.659170518287,,,False,True,"[[""NIFTY_PHARMA"", 0.7500103281342159, 0.7500103281342159], [""NIFTY_HEALTHCARE"", 0.6604709208911942, 0.6604709208911942]]","[[""NIFTY_PSU_BANK"", -0.8899013783955203, -0.8899013783955203], [""NIFTY_METAL"", -0.7849826831195573, -0.7849826831195573], [""NIFTY_MEDIA"", -0.7541899441340838, -0.7541899441340838]]","[{""sector"": ""NIFTY_PHARMA"", ""ltp"": 26826.0, ""return_pct"": 0.7500103281342159, ""rs_vs_nifty"": 0.7500103281342159}, {""sector"": ""NIFTY_HEALTHCARE"", ""ltp"": 16696.2, ""return_pct"": 0.6604709208911942, ""rs_vs_nifty"": 0.6604709208911942}, {""sector"": ""NIFTY_REALTY"", ""ltp"": 912.7, ""return_pct"": 0.2801735977586187, ""rs_vs_nifty"": 0.2801735977586187}, {""sector"": ""NIFTY_ENERGY"", ""ltp"": 38101.5, ""return_pct"": 0.004199486087886175, ""rs_vs_nifty"": 0.004199486087886175}, {""sector"": ""NIFTY_FIN_SERVICE"", ""ltp"": 26364.8, ""return_pct"": -0.0831856897874908, ""rs_vs_nifty"": -0.0831856897874908}, {""sector"": ""NIFTY_IT"", ""ltp"": 30267.75, ""return_pct"": -0.1685420126422953, ""rs_vs_nifty"": -0.1685420126422953}, {""sector"": ""NIFTY_BANK"", ""ltp"": 57635.25, ""return_pct"": -0.2569926666234019, ""rs_vs_nifty"": -0.2569926666234019}, {""sector"": ""NIFTY_AUTO"", ""ltp"": 28924.05, ""return_pct"": -0.26241243579775336, ""rs_vs_nifty"": -0.26241243579775336}, {""sector"": ""NIFTY_INFRA"", ""ltp"": 9260.3, ""return_pct"": -0.3073577461149775, ""rs_vs_nifty"": -0.3073577461149775}, {""sector"": ""NIFTY_FMCG"", ""ltp"": 47024.05, ""return_pct"": -0.48430889955960066, ""rs_vs_nifty"": -0.48430889955960066}, {""sector"": ""NIFTY_MEDIA"", ""ltp"": 1598.85, ""return_pct"": -0.7541899441340838, ""rs_vs_nifty"": -0.7541899441340838}, {""sector"": ""NIFTY_METAL"", ""ltp"": 13435.4, ""return_pct"": -0.7849826831195573, ""rs_vs_nifty"": -0.7849826831195573}, {""sector"": ""NIFTY_PSU_BANK"", ""ltp"": 8592.35, ""return_pct"": -0.8899013783955203, ""rs_vs_nifty"": -0.8899013783955203}]"
2026-08-27 15:03:51,NORMAL,24152.3,,0,24174.456451588405,,,False,True,"[[""NIFTY_PHARMA"", 0.7466302114826291, 0.7466302114826291], [""NIFTY_HEALTHCARE"", 0.6613752626358974, 0.6613752626358974]]","[[""NIFTY_PSU_BANK"", -0.9123940250302828, -0.9123940250302828], [""NIFTY_MEDIA"", -0.8286778398510185, -0.8286778398510185], [""NIFTY_METAL"", -0.8027057164167033, -0.8027057164167033]]","[{""sector"": ""NIFTY_PHARMA"", ""ltp"": 26825.1, ""return_pct"": 0.7466302114826291, ""rs_vs_nifty"": 0.7466302114826291}, {""sector"": ""NIFTY_HEALTHCARE"", ""ltp"": 16696.35, ""return_pct"": 0.6613752626358974, ""rs_vs_nifty"": 0.6613752626358974}, {""sector"": ""NIFTY_REALTY"", ""ltp"": 912.55, ""return_pct"": 0.26369279789045513, ""rs_vs_nifty"": 0.26369279789045513}, {""sector"": ""NIFTY_ENERGY"", ""ltp"": 38091.2, ""return_pct"": -0.022834705602913303, ""rs_vs_nifty"": -0.022834705602913303}, {""sector"": ""NIFTY_FIN_SERVICE"", ""ltp"": 26358.75, ""return_pct"": -0.10611386396581618, ""rs_vs_nifty"": -0.10611386396581618}, {""sector"": ""NIFTY_IT"", ""ltp"": 30257.4, ""return_pct"": -0.20267919132815754, ""rs_vs_nifty"": -0.20267919132815754}, {""sector"": ""NIFTY_BANK"", ""ltp"": 57633.1, ""return_pct"": -0.26071343587081397, ""rs_vs_nifty"": -0.26071343587081397}, {""sector"": ""NIFTY_INFRA"", ""ltp"": 9257.7, ""return_pct"": -0.3353482939222793, ""rs_vs_nifty"": -0.3353482939222793}, {""sector"": ""NIFTY_AUTO"", ""ltp"": 28901.55, ""return_pct"": -0.3399982413884141, ""rs_vs_nifty"": -0.3399982413884141}, {""sector"": ""NIFTY_FMCG"", ""ltp"": 47038.85, ""return_pct"": -0.4529880705734525, ""rs_vs_nifty"": -0.4529880705734525}, {""sector"": ""NIFTY_METAL"", ""ltp"": 13433.0, ""return_pct"": -0.8027057164167033, ""rs_vs_nifty"": -0.8027057164167033}, {""sector"": ""NIFTY_MEDIA"", ""ltp"": 1597.65, ""return_pct"": -0.8286778398510185, ""rs_vs_nifty"": -0.8286778398510185}, {""sector"": ""NIFTY_PSU_BANK"", ""ltp"": 8590.4, ""return_pct"": -0.9123940250302828, ""rs_vs_nifty"": -0.9123940250302828}]"
2026-08-27 15:04:15,NORMAL,24151.15,,0,24174.384676972615,,,False,True,"[[""NIFTY_PHARMA"", 0.7372409985615699, 0.7372409985615699], [""NIFTY_HEALTHCARE"", 0.6475086892169173, 0.6475086892169173]]","[[""NIFTY_PSU_BANK"", -0.923351981083099, -0.923351981083099], [""NIFTY_METAL"", -0.8510748281234999, -0.8510748281234999], [""NIFTY_MEDIA"", -0.8100558659217849, -0.8100558659217849]]","[{""sector"": ""NIFTY_PHARMA"", ""ltp"": 26822.6, ""return_pct"": 0.7372409985615699, ""rs_vs_nifty"": 0.7372409985615699}, {""sector"": ""NIFTY_HEALTHCARE"", ""ltp"": 16694.05, ""return_pct"": 0.6475086892169173, ""rs_vs_nifty"": 0.6475086892169173}, {""sector"": ""NIFTY_REALTY"", ""ltp"": 912.25, ""return_pct"": 0.23073119815415294, ""rs_vs_nifty"": 0.23073119815415294}, {""sector"": ""NIFTY_ENERGY"", ""ltp"": 38083.6, ""return_pct"": -0.042782264520386956, ""rs_vs_nifty"": -0.042782264520386956}, {""sector"": ""NIFTY_FIN_SERVICE"", ""ltp"": 26357.5, ""return_pct"": -0.11085109003571869, ""rs_vs_nifty"": -0.11085109003571869}, {""sector"": ""NIFTY_IT"", ""ltp"": 30250.25, ""return_pct"": -0.22626187998554875, ""rs_vs_nifty"": -0.22626187998554875}, {""sector"": ""NIFTY_BANK"", ""ltp"": 57629.05, ""return_pct"": -0.2677223267787173, ""rs_vs_nifty"": -0.2677223267787173}, {""sector"": ""NIFTY_AUTO"", ""ltp"": 28900.25, ""return_pct"": -0.34448097682253864, ""rs_vs_nifty"": -0.34448097682253864}, {""sector"": ""NIFTY_INFRA"", ""ltp"": 9256.15, ""return_pct"": -0.35203496665357636, ""rs_vs_nifty"": -0.35203496665357636}, {""sector"": ""NIFTY_FMCG"", ""ltp"": 47031.8, ""return_pct"": -0.4679077897864438, ""rs_vs_nifty"": -0.4679077897864438}, {""sector"": ""NIFTY_MEDIA"", ""ltp"": 1597.95, ""return_pct"": -0.8100558659217849, ""rs_vs_nifty"": -0.8100558659217849}, {""sector"": ""NIFTY_METAL"", ""ltp"": 13426.45, ""return_pct"": -0.8510748281234999, ""rs_vs_nifty"": -0.8510748281234999}, {""sector"": ""NIFTY_PSU_BANK"", ""ltp"": 8589.45, ""return_pct"": -0.923351981083099, ""rs_vs_nifty"": -0.923351981083099}]"
