ts_ist,regime,nifty_ltp,prev_close,gap_pct,vwap,ema20,ema50,above_vwap,above_ema50,leading_sectors,lagging_sectors,sector_rows
2026-08-26 09:30:04,NORMAL,24352.65,,0,24337.126196038942,,,True,True,"[[""NIFTY_PSU_BANK"", 1.6033892592097625, 1.6033892592097625], [""NIFTY_BANK"", 0.7688536048488971, 0.7688536048488971], [""NIFTY_FIN_SERVICE"", 0.7482774189000925, 0.7482774189000925]]",[],"[{""sector"": ""NIFTY_PSU_BANK"", ""ltp"": 8741.6, ""return_pct"": 1.6033892592097625, ""rs_vs_nifty"": 1.6033892592097625}, {""sector"": ""NIFTY_BANK"", ""ltp"": 57956.4, ""return_pct"": 0.7688536048488971, ""rs_vs_nifty"": 0.7688536048488971}, {""sector"": ""NIFTY_FIN_SERVICE"", ""ltp"": 26443.35, ""return_pct"": 0.7482774189000925, ""rs_vs_nifty"": 0.7482774189000925}, {""sector"": ""NIFTY_REALTY"", ""ltp"": 922.3, ""return_pct"": 0.4903028982349096, ""rs_vs_nifty"": 0.4903028982349096}, {""sector"": ""NIFTY_PHARMA"", ""ltp"": 26688.1, ""return_pct"": 0.46717361843095373, ""rs_vs_nifty"": 0.46717361843095373}, {""sector"": ""NIFTY_HEALTHCARE"", ""ltp"": 16639.95, ""return_pct"": 0.2560634314307318, ""rs_vs_nifty"": 0.2560634314307318}, {""sector"": ""NIFTY_ENERGY"", ""ltp"": 38388.35, ""return_pct"": 0.20229256202877252, ""rs_vs_nifty"": 0.20229256202877252}, {""sector"": ""NIFTY_MEDIA"", ""ltp"": 1612.1, ""return_pct"": 0.13043478260869001, ""rs_vs_nifty"": 0.13043478260869001}, {""sector"": ""NIFTY_AUTO"", ""ltp"": 29200.05, ""return_pct"": -0.05767210073622521, ""rs_vs_nifty"": -0.05767210073622521}, {""sector"": ""NIFTY_FMCG"", ""ltp"": 47611.5, ""return_pct"": -0.2000756703163734, ""rs_vs_nifty"": -0.2000756703163734}, {""sector"": ""NIFTY_INFRA"", ""ltp"": 9382.1, ""return_pct"": -0.2047578273333085, ""rs_vs_nifty"": -0.2047578273333085}, {""sector"": ""NIFTY_IT"", ""ltp"": 30704.15, ""return_pct"": -0.21984414301405125, ""rs_vs_nifty"": -0.21984414301405125}, {""sector"": ""NIFTY_METAL"", ""ltp"": 13324.65, ""return_pct"": -0.35633361501013017, ""rs_vs_nifty"": -0.35633361501013017}]"
2026-08-26 09:31:43,NORMAL,24344.95,,0,24337.73015771253,,,True,True,"[[""NIFTY_PSU_BANK"", 1.5888605417468256, 1.5888605417468256], [""NIFTY_FIN_SERVICE"", 0.7987594749104099, 0.7987594749104099], [""NIFTY_BANK"", 0.7701576306373111, 0.7701576306373111]]",[],"[{""sector"": ""NIFTY_PSU_BANK"", ""ltp"": 8740.35, ""return_pct"": 1.5888605417468256, ""rs_vs_nifty"": 1.5888605417468256}, {""sector"": ""NIFTY_FIN_SERVICE"", ""ltp"": 26456.6, ""return_pct"": 0.7987594749104099, ""rs_vs_nifty"": 0.7987594749104099}, {""sector"": ""NIFTY_BANK"", ""ltp"": 57957.15, ""return_pct"": 0.7701576306373111, ""rs_vs_nifty"": 0.7701576306373111}, {""sector"": ""NIFTY_REALTY"", ""ltp"": 922.9, ""return_pct"": 0.5556766179995667, ""rs_vs_nifty"": 0.5556766179995667}, {""sector"": ""NIFTY_PHARMA"", ""ltp"": 26628.15, ""return_pct"": 0.24149224514380913, ""rs_vs_nifty"": 0.24149224514380913}, {""sector"": ""NIFTY_MEDIA"", ""ltp"": 1613.5, ""return_pct"": 0.21739130434782608, ""rs_vs_nifty"": 0.21739130434782608}, {""sector"": ""NIFTY_ENERGY"", ""ltp"": 38365.55, ""return_pct"": 0.14277939539322246, ""rs_vs_nifty"": 0.14277939539322246}, {""sector"": ""NIFTY_HEALTHCARE"", ""ltp"": 16606.0, ""return_pct"": 0.05151393738194284, ""rs_vs_nifty"": 0.05151393738194284}, {""sector"": ""NIFTY_AUTO"", ""ltp"": 29202.65, ""return_pct"": -0.04877314157217227, ""rs_vs_nifty"": -0.04877314157217227}, {""sector"": ""NIFTY_FMCG"", ""ltp"": 47614.05, ""return_pct"": -0.19473053716490824, ""rs_vs_nifty"": -0.19473053716490824}, {""sector"": ""NIFTY_INFRA"", ""ltp"": 9374.2, ""return_pct"": -0.28878831231684426, ""rs_vs_nifty"": -0.28878831231684426}, {""sector"": ""NIFTY_METAL"", ""ltp"": 13327.75, ""return_pct"": -0.3331513651353864, ""rs_vs_nifty"": -0.3331513651353864}, {""sector"": ""NIFTY_IT"", ""ltp"": 30666.5, ""return_pct"": -0.3421964265983767, ""rs_vs_nifty"": -0.3421964265983767}]"
2026-08-26 09:50:18,NORMAL,24367.3,,0,24347.949266839707,,,True,True,"[[""NIFTY_PSU_BANK"", 1.4830914786166378, 1.4830914786166378], [""NIFTY_FIN_SERVICE"", 0.7644697764883074, 0.7644697764883074], [""NIFTY_BANK"", 0.7193006248891655, 0.7193006248891655]]",[],"[{""sector"": ""NIFTY_PSU_BANK"", ""ltp"": 8731.25, ""return_pct"": 1.4830914786166378, ""rs_vs_nifty"": 1.4830914786166378}, {""sector"": ""NIFTY_FIN_SERVICE"", ""ltp"": 26447.6, ""return_pct"": 0.7644697764883074, ""rs_vs_nifty"": 0.7644697764883074}, {""sector"": ""NIFTY_BANK"", ""ltp"": 57927.9, ""return_pct"": 0.7193006248891655, ""rs_vs_nifty"": 0.7193006248891655}, {""sector"": ""NIFTY_REALTY"", ""ltp"": 922.15, ""return_pct"": 0.4739594682937484, ""rs_vs_nifty"": 0.4739594682937484}, {""sector"": ""NIFTY_ENERGY"", ""ltp"": 38476.55, ""return_pct"": 0.4325145487505612, ""rs_vs_nifty"": 0.4325145487505612}, {""sector"": ""NIFTY_PHARMA"", ""ltp"": 26668.6, ""return_pct"": 0.3937659990965161, ""rs_vs_nifty"": 0.3937659990965161}, {""sector"": ""NIFTY_MEDIA"", ""ltp"": 1615.0, ""return_pct"": 0.3105590062111801, ""rs_vs_nifty"": 0.3105590062111801}, {""sector"": ""NIFTY_HEALTHCARE"", ""ltp"": 16632.65, ""return_pct"": 0.21208077144381052, ""rs_vs_nifty"": 0.21208077144381052}, {""sector"": ""NIFTY_FMCG"", ""ltp"": 47798.0, ""return_pct"": 0.19085269546680916, ""rs_vs_nifty"": 0.19085269546680916}, {""sector"": ""NIFTY_METAL"", ""ltp"": 13380.0, ""return_pct"": 0.0575817174308139, ""rs_vs_nifty"": 0.0575817174308139}, {""sector"": ""NIFTY_AUTO"", ""ltp"": 29194.5, ""return_pct"": -0.07666795587485822, ""rs_vs_nifty"": -0.07666795587485822}, {""sector"": ""NIFTY_IT"", ""ltp"": 30729.7, ""return_pct"": -0.13681357606639374, ""rs_vs_nifty"": -0.13681357606639374}, {""sector"": ""NIFTY_INFRA"", ""ltp"": 9385.05, ""return_pct"": -0.17337935509263128, ""rs_vs_nifty"": -0.17337935509263128}]"
2026-08-26 09:52:12,NORMAL,24366.55,,0,24348.57829854141,,,True,True,"[[""NIFTY_PSU_BANK"", 1.4633324228670348, 1.4633324228670348], [""NIFTY_FIN_SERVICE"", 0.734942536180386, 0.734942536180386], [""NIFTY_BANK"", 0.715823222786728, 0.715823222786728]]",[],"[{""sector"": ""NIFTY_PSU_BANK"", ""ltp"": 8729.55, ""return_pct"": 1.4633324228670348, ""rs_vs_nifty"": 1.4633324228670348}, {""sector"": ""NIFTY_FIN_SERVICE"", ""ltp"": 26439.85, ""return_pct"": 0.734942536180386, ""rs_vs_nifty"": 0.734942536180386}, {""sector"": ""NIFTY_BANK"", ""ltp"": 57925.9, ""return_pct"": 0.715823222786728, ""rs_vs_nifty"": 0.715823222786728}, {""sector"": ""NIFTY_ENERGY"", ""ltp"": 38491.0, ""return_pct"": 0.4702323232191441, ""rs_vs_nifty"": 0.4702323232191441}, {""sector"": ""NIFTY_PHARMA"", ""ltp"": 26676.2, ""return_pct"": 0.422376148170459, ""rs_vs_nifty"": 0.422376148170459}, {""sector"": ""NIFTY_REALTY"", ""ltp"": 921.2, ""return_pct"": 0.37045107866638605, ""rs_vs_nifty"": 0.37045107866638605}, {""sector"": ""NIFTY_MEDIA"", ""ltp"": 1614.6, ""return_pct"": 0.2857142857142801, ""rs_vs_nifty"": 0.2857142857142801}, {""sector"": ""NIFTY_HEALTHCARE"", ""ltp"": 16635.0, ""return_pct"": 0.2262395729464422, ""rs_vs_nifty"": 0.2262395729464422}, {""sector"": ""NIFTY_FMCG"", ""ltp"": 47779.85, ""return_pct"": 0.15280792421230335, ""rs_vs_nifty"": 0.15280792421230335}, {""sector"": ""NIFTY_METAL"", ""ltp"": 13382.85, ""return_pct"": 0.07889443102533665, ""rs_vs_nifty"": 0.07889443102533665}, {""sector"": ""NIFTY_AUTO"", ""ltp"": 29204.9, ""return_pct"": -0.041072119218671384, ""rs_vs_nifty"": -0.041072119218671384}, {""sector"": ""NIFTY_INFRA"", ""ltp"": 9387.0, ""return_pct"": -0.15263765310301566, ""rs_vs_nifty"": -0.15263765310301566}, {""sector"": ""NIFTY_IT"", ""ltp"": 30708.75, ""return_pct"": -0.20489539123482955, ""rs_vs_nifty"": -0.20489539123482955}]"
2026-08-26 09:54:14,NORMAL,24362.75,,0,24348.885996749108,,,True,True,"[[""NIFTY_PSU_BANK"", 1.456358638484842, 1.456358638484842], [""NIFTY_FIN_SERVICE"", 0.7379905093734729, 0.7379905093734729], [""NIFTY_BANK"", 0.736687635401352, 0.736687635401352]]",[],"[{""sector"": ""NIFTY_PSU_BANK"", ""ltp"": 8728.95, ""return_pct"": 1.456358638484842, ""rs_vs_nifty"": 1.456358638484842}, {""sector"": ""NIFTY_FIN_SERVICE"", ""ltp"": 26440.65, ""return_pct"": 0.7379905093734729, ""rs_vs_nifty"": 0.7379905093734729}, {""sector"": ""NIFTY_BANK"", ""ltp"": 57937.9, ""return_pct"": 0.736687635401352, ""rs_vs_nifty"": 0.736687635401352}, {""sector"": ""NIFTY_MEDIA"", ""ltp"": 1618.25, ""return_pct"": 0.5124223602484472, ""rs_vs_nifty"": 0.5124223602484472}, {""sector"": ""NIFTY_ENERGY"", ""ltp"": 38497.45, ""return_pct"": 0.487068284833144, ""rs_vs_nifty"": 0.487068284833144}, {""sector"": ""NIFTY_PHARMA"", ""ltp"": 26654.8, ""return_pct"": 0.34181599156753223, ""rs_vs_nifty"": 0.34181599156753223}, {""sector"": ""NIFTY_REALTY"", ""ltp"": 919.75, ""return_pct"": 0.21246458923513245, ""rs_vs_nifty"": 0.21246458923513245}, {""sector"": ""NIFTY_METAL"", ""ltp"": 13394.2, ""return_pct"": 0.16377137814737522, ""rs_vs_nifty"": 0.16377137814737522}, {""sector"": ""NIFTY_HEALTHCARE"", ""ltp"": 16621.85, ""return_pct"": 0.147010534750807, ""rs_vs_nifty"": 0.147010534750807}, {""sector"": ""NIFTY_FMCG"", ""ltp"": 47754.35, ""return_pct"": 0.09935659269771273, ""rs_vs_nifty"": 0.09935659269771273}, {""sector"": ""NIFTY_AUTO"", ""ltp"": 29191.75, ""return_pct"": -0.08608031652913709, ""rs_vs_nifty"": -0.08608031652913709}, {""sector"": ""NIFTY_INFRA"", ""ltp"": 9387.55, ""return_pct"": -0.14678742946492887, ""rs_vs_nifty"": -0.14678742946492887}, {""sector"": ""NIFTY_IT"", ""ltp"": 30704.65, ""return_pct"": -0.21821927869022228, ""rs_vs_nifty"": -0.21821927869022228}]"
2026-08-26 09:55:57,NORMAL,24369.25,,0,24349.5167817845,,,True,True,"[[""NIFTY_PSU_BANK"", 1.4220708652723015, 1.4220708652723015], [""NIFTY_FIN_SERVICE"", 0.7768521675851778, 0.7768521675851778], [""NIFTY_BANK"", 0.7725048770564538, 0.7725048770564538]]",[],"[{""sector"": ""NIFTY_PSU_BANK"", ""ltp"": 8726.0, ""return_pct"": 1.4220708652723015, ""rs_vs_nifty"": 1.4220708652723015}, {""sector"": ""NIFTY_FIN_SERVICE"", ""ltp"": 26450.85, ""return_pct"": 0.7768521675851778, ""rs_vs_nifty"": 0.7768521675851778}, {""sector"": ""NIFTY_BANK"", ""ltp"": 57958.5, ""return_pct"": 0.7725048770564538, ""rs_vs_nifty"": 0.7725048770564538}, {""sector"": ""NIFTY_MEDIA"", ""ltp"": 1620.2, ""return_pct"": 0.6335403726708102, ""rs_vs_nifty"": 0.6335403726708102}, {""sector"": ""NIFTY_ENERGY"", ""ltp"": 38454.65, ""return_pct"": 0.3753505860611365, ""rs_vs_nifty"": 0.3753505860611365}, {""sector"": ""NIFTY_REALTY"", ""ltp"": 920.1, ""return_pct"": 0.25059925909785014, ""rs_vs_nifty"": 0.25059925909785014}, {""sector"": ""NIFTY_PHARMA"", ""ltp"": 26626.0, ""return_pct"": 0.2333985845505195, ""rs_vs_nifty"": 0.2333985845505195}, {""sector"": ""NIFTY_FMCG"", ""ltp"": 47786.45, ""return_pct"": 0.16664238648666493, ""rs_vs_nifty"": 0.16664238648666493}, {""sector"": ""NIFTY_HEALTHCARE"", ""ltp"": 16612.05, ""return_pct"": 0.08796531997384263, ""rs_vs_nifty"": 0.08796531997384263}, {""sector"": ""NIFTY_METAL"", ""ltp"": 13381.6, ""return_pct"": 0.06954674962423137, ""rs_vs_nifty"": 0.06954674962423137}, {""sector"": ""NIFTY_AUTO"", ""ltp"": 29200.45, ""return_pct"": -0.05630303009559784, ""rs_vs_nifty"": -0.05630303009559784}, {""sector"": ""NIFTY_INFRA"", ""ltp"": 9389.5, ""return_pct"": -0.12604572747531326, ""rs_vs_nifty"": -0.12604572747531326}, {""sector"": ""NIFTY_IT"", ""ltp"": 30721.3, ""return_pct"": -0.164111296706725, ""rs_vs_nifty"": -0.164111296706725}]"
2026-08-26 09:57:47,NORMAL,24371.85,,0,24350.044973582746,,,True,True,"[[""NIFTY_PSU_BANK"", 1.4650758689626042, 1.4650758689626042], [""NIFTY_BANK"", 0.8173633641779001, 0.8173633641779001], [""NIFTY_FIN_SERVICE"", 0.8033314347000263, 0.8033314347000263]]",[],"[{""sector"": ""NIFTY_PSU_BANK"", ""ltp"": 8729.7, ""return_pct"": 1.4650758689626042, ""rs_vs_nifty"": 1.4650758689626042}, {""sector"": ""NIFTY_BANK"", ""ltp"": 57984.3, ""return_pct"": 0.8173633641779001, ""rs_vs_nifty"": 0.8173633641779001}, {""sector"": ""NIFTY_FIN_SERVICE"", ""ltp"": 26457.8, ""return_pct"": 0.8033314347000263, ""rs_vs_nifty"": 0.8033314347000263}, {""sector"": ""NIFTY_MEDIA"", ""ltp"": 1620.8, ""return_pct"": 0.6708074534161462, ""rs_vs_nifty"": 0.6708074534161462}, {""sector"": ""NIFTY_ENERGY"", ""ltp"": 38432.25, ""return_pct"": 0.3168815100683004, ""rs_vs_nifty"": 0.3168815100683004}, {""sector"": ""NIFTY_PHARMA"", ""ltp"": 26633.4, ""return_pct"": 0.26125583496461924, ""rs_vs_nifty"": 0.26125583496461924}, {""sector"": ""NIFTY_REALTY"", ""ltp"": 919.5, ""return_pct"": 0.18522553933319302, ""rs_vs_nifty"": 0.18522553933319302}, {""sector"": ""NIFTY_FMCG"", ""ltp"": 47785.4, ""return_pct"": 0.16444144930666155, ""rs_vs_nifty"": 0.16444144930666155}, {""sector"": ""NIFTY_METAL"", ""ltp"": 13393.05, ""return_pct"": 0.1551715112583475, ""rs_vs_nifty"": 0.1551715112583475}, {""sector"": ""NIFTY_HEALTHCARE"", ""ltp"": 16620.45, ""return_pct"": 0.13857550406839603, ""rs_vs_nifty"": 0.13857550406839603}, {""sector"": ""NIFTY_AUTO"", ""ltp"": 29204.55, ""return_pct"": -0.042270056029223436, ""rs_vs_nifty"": -0.042270056029223436}, {""sector"": ""NIFTY_INFRA"", ""ltp"": 9389.7, ""return_pct"": -0.12391837342508932, ""rs_vs_nifty"": -0.12391837342508932}, {""sector"": ""NIFTY_IT"", ""ltp"": 30725.75, ""return_pct"": -0.14965000422464486, ""rs_vs_nifty"": -0.14965000422464486}]"
2026-08-26 09:59:23,NORMAL,24368.8,,0,24350.378309441396,,,True,True,"[[""NIFTY_PSU_BANK"", 1.4133536347945392, 1.4133536347945392], [""NIFTY_FIN_SERVICE"", 0.8242862504024222, 0.8242862504024222], [""NIFTY_BANK"", 0.8211885064905762, 0.8211885064905762]]",[],"[{""sector"": ""NIFTY_PSU_BANK"", ""ltp"": 8725.25, ""return_pct"": 1.4133536347945392, ""rs_vs_nifty"": 1.4133536347945392}, {""sector"": ""NIFTY_FIN_SERVICE"", ""ltp"": 26463.3, ""return_pct"": 0.8242862504024222, ""rs_vs_nifty"": 0.8242862504024222}, {""sector"": ""NIFTY_BANK"", ""ltp"": 57986.5, ""return_pct"": 0.8211885064905762, ""rs_vs_nifty"": 0.8211885064905762}, {""sector"": ""NIFTY_MEDIA"", ""ltp"": 1620.65, ""return_pct"": 0.6614906832298193, ""rs_vs_nifty"": 0.6614906832298193}, {""sector"": ""NIFTY_ENERGY"", ""ltp"": 38456.6, ""return_pct"": 0.3804405279444335, ""rs_vs_nifty"": 0.3804405279444335}, {""sector"": ""NIFTY_PHARMA"", ""ltp"": 26643.85, ""return_pct"": 0.3005947899412684, ""rs_vs_nifty"": 0.3005947899412684}, {""sector"": ""NIFTY_REALTY"", ""ltp"": 919.45, ""return_pct"": 0.17977772935281008, ""rs_vs_nifty"": 0.17977772935281008}, {""sector"": ""NIFTY_HEALTHCARE"", ""ltp"": 16621.7, ""return_pct"": 0.14610678146341755, ""rs_vs_nifty"": 0.14610678146341755}, {""sector"": ""NIFTY_FMCG"", ""ltp"": 47767.4, ""return_pct"": 0.12671109764930344, ""rs_vs_nifty"": 0.12671109764930344}, {""sector"": ""NIFTY_METAL"", ""ltp"": 13380.45, ""return_pct"": 0.06094688273521724, ""rs_vs_nifty"": 0.06094688273521724}, {""sector"": ""NIFTY_AUTO"", ""ltp"": 29213.45, ""return_pct"": -0.011808234275370514, ""rs_vs_nifty"": -0.011808234275370514}, {""sector"": ""NIFTY_INFRA"", ""ltp"": 9390.1, ""return_pct"": -0.11966366532466081, ""rs_vs_nifty"": -0.11966366532466081}, {""sector"": ""NIFTY_IT"", ""ltp"": 30723.6, ""return_pct"": -0.15663692081711414, ""rs_vs_nifty"": -0.15663692081711414}]"
2026-08-26 10:01:20,NORMAL,24362.25,,0,24350.687440440524,,,True,True,"[[""NIFTY_PSU_BANK"", 1.3378043039872656, 1.3378043039872656], [""NIFTY_FIN_SERVICE"", 0.8204762839110775, 0.8204762839110775], [""NIFTY_BANK"", 0.7931954195659584, 0.7931954195659584]]",[],"[{""sector"": ""NIFTY_PSU_BANK"", ""ltp"": 8718.75, ""return_pct"": 1.3378043039872656, ""rs_vs_nifty"": 1.3378043039872656}, {""sector"": ""NIFTY_FIN_SERVICE"", ""ltp"": 26462.3, ""return_pct"": 0.8204762839110775, ""rs_vs_nifty"": 0.8204762839110775}, {""sector"": ""NIFTY_BANK"", ""ltp"": 57970.4, ""return_pct"": 0.7931954195659584, ""rs_vs_nifty"": 0.7931954195659584}, {""sector"": ""NIFTY_MEDIA"", ""ltp"": 1620.55, ""return_pct"": 0.6552795031055872, ""rs_vs_nifty"": 0.6552795031055872}, {""sector"": ""NIFTY_ENERGY"", ""ltp"": 38442.9, ""return_pct"": 0.3446804234309678, ""rs_vs_nifty"": 0.3446804234309678}, {""sector"": ""NIFTY_PHARMA"", ""ltp"": 26643.2, ""return_pct"": 0.2981478692967954, ""rs_vs_nifty"": 0.2981478692967954}, {""sector"": ""NIFTY_REALTY"", ""ltp"": 920.4, ""return_pct"": 0.2832861189801725, ""rs_vs_nifty"": 0.2832861189801725}, {""sector"": ""NIFTY_HEALTHCARE"", ""ltp"": 16619.75, ""return_pct"": 0.1343579887271796, ""rs_vs_nifty"": 0.1343579887271796}, {""sector"": ""NIFTY_FMCG"", ""ltp"": 47757.0, ""return_pct"": 0.10491133891393793, ""rs_vs_nifty"": 0.10491133891393793}, {""sector"": ""NIFTY_METAL"", ""ltp"": 13377.15, ""return_pct"": 0.03626900383629117, ""rs_vs_nifty"": 0.03626900383629117}, {""sector"": ""NIFTY_AUTO"", ""ltp"": 29215.35, ""return_pct"": -0.0053051487324216814, ""rs_vs_nifty"": -0.0053051487324216814}, {""sector"": ""NIFTY_INFRA"", ""ltp"": 9387.65, ""return_pct"": -0.14572375243981692, ""rs_vs_nifty"": -0.14572375243981692}, {""sector"": ""NIFTY_IT"", ""ltp"": 30717.5, ""return_pct"": -0.17646026556782274, ""rs_vs_nifty"": -0.17646026556782274}]"
2026-08-26 10:02:59,NORMAL,24354.25,,0,24350.69318147072,,,True,True,"[[""NIFTY_PSU_BANK"", 1.295380448995493, 1.295380448995493], [""NIFTY_FIN_SERVICE"", 0.7768521675851778, 0.7768521675851778], [""NIFTY_BANK"", 0.7318192724579348, 0.7318192724579348]]",[],"[{""sector"": ""NIFTY_PSU_BANK"", ""ltp"": 8715.1, ""return_pct"": 1.295380448995493, ""rs_vs_nifty"": 1.295380448995493}, {""sector"": ""NIFTY_FIN_SERVICE"", ""ltp"": 26450.85, ""return_pct"": 0.7768521675851778, ""rs_vs_nifty"": 0.7768521675851778}, {""sector"": ""NIFTY_BANK"", ""ltp"": 57935.1, ""return_pct"": 0.7318192724579348, ""rs_vs_nifty"": 0.7318192724579348}, {""sector"": ""NIFTY_MEDIA"", ""ltp"": 1620.8, ""return_pct"": 0.6708074534161462, ""rs_vs_nifty"": 0.6708074534161462}, {""sector"": ""NIFTY_ENERGY"", ""ltp"": 38436.4, ""return_pct"": 0.3277139504866191, ""rs_vs_nifty"": 0.3277139504866191}, {""sector"": ""NIFTY_PHARMA"", ""ltp"": 26629.45, ""return_pct"": 0.24638608643276888, ""rs_vs_nifty"": 0.24638608643276888}, {""sector"": ""NIFTY_REALTY"", ""ltp"": 920.05, ""return_pct"": 0.2451514491174548, ""rs_vs_nifty"": 0.2451514491174548}, {""sector"": ""NIFTY_HEALTHCARE"", ""ltp"": 16609.8, ""return_pct"": 0.07440902066280389, ""rs_vs_nifty"": 0.07440902066280389}, {""sector"": ""NIFTY_METAL"", ""ltp"": 13378.35, ""return_pct"": 0.045242777981357674, ""rs_vs_nifty"": 0.045242777981357674}, {""sector"": ""NIFTY_FMCG"", ""ltp"": 47728.0, ""return_pct"": 0.044123550132638766, ""rs_vs_nifty"": 0.044123550132638766}, {""sector"": ""NIFTY_AUTO"", ""ltp"": 29193.95, ""return_pct"": -0.0785504280057115, ""rs_vs_nifty"": -0.0785504280057115}, {""sector"": ""NIFTY_INFRA"", ""ltp"": 9386.15, ""return_pct"": -0.16167890781643837, ""rs_vs_nifty"": -0.16167890781643837}, {""sector"": ""NIFTY_IT"", ""ltp"": 30705.95, ""return_pct"": -0.21399463144826936, ""rs_vs_nifty"": -0.21399463144826936}]"
2026-08-26 10:05:00,NORMAL,24358.15,,0,24350.96805011938,,,True,True,"[[""NIFTY_PSU_BANK"", 1.3651182928175918, 1.3651182928175918], [""NIFTY_FIN_SERVICE"", 0.7785666525062857, 0.7785666525062857], [""NIFTY_BANK"", 0.7641591120105992, 0.7641591120105992]]",[],"[{""sector"": ""NIFTY_PSU_BANK"", ""ltp"": 8721.1, ""return_pct"": 1.3651182928175918, ""rs_vs_nifty"": 1.3651182928175918}, {""sector"": ""NIFTY_FIN_SERVICE"", ""ltp"": 26451.3, ""return_pct"": 0.7785666525062857, ""rs_vs_nifty"": 0.7785666525062857}, {""sector"": ""NIFTY_BANK"", ""ltp"": 57953.7, ""return_pct"": 0.7641591120105992, ""rs_vs_nifty"": 0.7641591120105992}, {""sector"": ""NIFTY_MEDIA"", ""ltp"": 1619.2, ""return_pct"": 0.5714285714285743, ""rs_vs_nifty"": 0.5714285714285743}, {""sector"": ""NIFTY_ENERGY"", ""ltp"": 38438.2, ""return_pct"": 0.3324123583788889, ""rs_vs_nifty"": 0.3324123583788889}, {""sector"": ""NIFTY_PHARMA"", ""ltp"": 26641.25, ""return_pct"": 0.2908071073633489, ""rs_vs_nifty"": 0.2908071073633489}, {""sector"": ""NIFTY_REALTY"", ""ltp"": 920.4, ""return_pct"": 0.2832861189801725, ""rs_vs_nifty"": 0.2832861189801725}, {""sector"": ""NIFTY_HEALTHCARE"", ""ltp"": 16615.8, ""return_pct"": 0.1105591521589072, ""rs_vs_nifty"": 0.1105591521589072}, {""sector"": ""NIFTY_METAL"", ""ltp"": 13381.4, ""return_pct"": 0.06805112060004909, ""rs_vs_nifty"": 0.06805112060004909}, {""sector"": ""NIFTY_FMCG"", ""ltp"": 47700.2, ""return_pct"": -0.014148881871509287, ""rs_vs_nifty"": -0.014148881871509287}, {""sector"": ""NIFTY_AUTO"", ""ltp"": 29194.4, ""return_pct"": -0.07701022353500885, ""rs_vs_nifty"": -0.07701022353500885}, {""sector"": ""NIFTY_INFRA"", ""ltp"": 9388.95, ""return_pct"": -0.13189595111340005, ""rs_vs_nifty"": -0.13189595111340005}, {""sector"": ""NIFTY_IT"", ""ltp"": 30707.15, ""return_pct"": -0.21009495707107745, ""rs_vs_nifty"": -0.21009495707107745}]"
2026-08-26 10:06:38,NORMAL,24354.25,,0,24351.055588950752,,,True,True,"[[""NIFTY_PSU_BANK"", 1.3186263969361927, 1.3186263969361927], [""NIFTY_FIN_SERVICE"", 0.7478964222509635, 0.7478964222509635], [""NIFTY_BANK"", 0.7355574797180573, 0.7355574797180573]]",[],"[{""sector"": ""NIFTY_PSU_BANK"", ""ltp"": 8717.1, ""return_pct"": 1.3186263969361927, ""rs_vs_nifty"": 1.3186263969361927}, {""sector"": ""NIFTY_FIN_SERVICE"", ""ltp"": 26443.25, ""return_pct"": 0.7478964222509635, ""rs_vs_nifty"": 0.7478964222509635}, {""sector"": ""NIFTY_BANK"", ""ltp"": 57937.25, ""return_pct"": 0.7355574797180573, ""rs_vs_nifty"": 0.7355574797180573}, {""sector"": ""NIFTY_MEDIA"", ""ltp"": 1619.4, ""return_pct"": 0.5838509316770243, ""rs_vs_nifty"": 0.5838509316770243}, {""sector"": ""NIFTY_ENERGY"", ""ltp"": 38449.95, ""return_pct"": 0.36308252100905763, ""rs_vs_nifty"": 0.36308252100905763}, {""sector"": ""NIFTY_PHARMA"", ""ltp"": 26657.9, ""return_pct"": 0.35348592079506647, ""rs_vs_nifty"": 0.35348592079506647}, {""sector"": ""NIFTY_REALTY"", ""ltp"": 920.95, ""return_pct"": 0.3432120287644466, ""rs_vs_nifty"": 0.3432120287644466}, {""sector"": ""NIFTY_HEALTHCARE"", ""ltp"": 16625.2, ""return_pct"": 0.16719435816947784, ""rs_vs_nifty"": 0.16719435816947784}, {""sector"": ""NIFTY_METAL"", ""ltp"": 13385.85, ""return_pct"": 0.10132886638798928, ""rs_vs_nifty"": 0.10132886638798928}, {""sector"": ""NIFTY_FMCG"", ""ltp"": 47695.85, ""return_pct"": -0.02326705018870111, ""rs_vs_nifty"": -0.02326705018870111}, {""sector"": ""NIFTY_AUTO"", ""ltp"": 29198.0, ""return_pct"": -0.06468858776941241, ""rs_vs_nifty"": -0.06468858776941241}, {""sector"": ""NIFTY_INFRA"", ""ltp"": 9388.8, ""return_pct"": -0.13349146665107767, ""rs_vs_nifty"": -0.13349146665107767}, {""sector"": ""NIFTY_IT"", ""ltp"": 30699.35, ""return_pct"": -0.2354428405228187, ""rs_vs_nifty"": -0.2354428405228187}]"
2026-08-26 10:08:32,NORMAL,24344.7,,0,24350.86642629265,,,False,True,"[[""NIFTY_PSU_BANK"", 1.2750402445473807, 1.2750402445473807], [""NIFTY_FIN_SERVICE"", 0.7082727707409731, 0.7082727707409731], [""NIFTY_BANK"", 0.6834833832340637, 0.6834833832340637]]",[],"[{""sector"": ""NIFTY_PSU_BANK"", ""ltp"": 8713.35, ""return_pct"": 1.2750402445473807, ""rs_vs_nifty"": 1.2750402445473807}, {""sector"": ""NIFTY_FIN_SERVICE"", ""ltp"": 26432.85, ""return_pct"": 0.7082727707409731, ""rs_vs_nifty"": 0.7082727707409731}, {""sector"": ""NIFTY_BANK"", ""ltp"": 57907.3, ""return_pct"": 0.6834833832340637, ""rs_vs_nifty"": 0.6834833832340637}, {""sector"": ""NIFTY_MEDIA"", ""ltp"": 1618.0, ""return_pct"": 0.4968944099378882, ""rs_vs_nifty"": 0.4968944099378882}, {""sector"": ""NIFTY_PHARMA"", ""ltp"": 26659.4, ""return_pct"": 0.35913266074386935, ""rs_vs_nifty"": 0.35913266074386935}, {""sector"": ""NIFTY_ENERGY"", ""ltp"": 38416.6, ""return_pct"": 0.27603146367151865, ""rs_vs_nifty"": 0.27603146367151865}, {""sector"": ""NIFTY_REALTY"", ""ltp"": 919.9, ""return_pct"": 0.22880801917629362, ""rs_vs_nifty"": 0.22880801917629362}, {""sector"": ""NIFTY_HEALTHCARE"", ""ltp"": 16626.65, ""return_pct"": 0.1759306399477072, ""rs_vs_nifty"": 0.1759306399477072}, {""sector"": ""NIFTY_METAL"", ""ltp"": 13380.2, ""return_pct"": 0.05907734645499619, ""rs_vs_nifty"": 0.05907734645499619}, {""sector"": ""NIFTY_FMCG"", ""ltp"": 47730.65, ""return_pct"": 0.04967829634886399, ""rs_vs_nifty"": 0.04967829634886399}, {""sector"": ""NIFTY_AUTO"", ""ltp"": 29191.6, ""return_pct"": -0.08659371801937546, ""rs_vs_nifty"": -0.08659371801937546}, {""sector"": ""NIFTY_INFRA"", ""ltp"": 9384.85, ""return_pct"": -0.17550670914283586, ""rs_vs_nifty"": -0.17550670914283586}, {""sector"": ""NIFTY_IT"", ""ltp"": 30678.0, ""return_pct"": -0.3048245471503106, ""rs_vs_nifty"": -0.3048245471503106}]"
2026-08-26 10:10:17,NORMAL,24344.75,,0,24350.847986443765,,,False,True,"[[""NIFTY_PSU_BANK"", 1.2971238950910413, 1.2971238950910413], [""NIFTY_FIN_SERVICE"", 0.7271321048731321, 0.7271321048731321], [""NIFTY_BANK"", 0.6989578225898996, 0.6989578225898996]]",[],"[{""sector"": ""NIFTY_PSU_BANK"", ""ltp"": 8715.25, ""return_pct"": 1.2971238950910413, ""rs_vs_nifty"": 1.2971238950910413}, {""sector"": ""NIFTY_FIN_SERVICE"", ""ltp"": 26437.8, ""return_pct"": 0.7271321048731321, ""rs_vs_nifty"": 0.7271321048731321}, {""sector"": ""NIFTY_BANK"", ""ltp"": 57916.2, ""return_pct"": 0.6989578225898996, ""rs_vs_nifty"": 0.6989578225898996}, {""sector"": ""NIFTY_MEDIA"", ""ltp"": 1618.7, ""return_pct"": 0.5403726708074563, ""rs_vs_nifty"": 0.5403726708074563}, {""sector"": ""NIFTY_PHARMA"", ""ltp"": 26646.8, ""return_pct"": 0.31170004517391686, ""rs_vs_nifty"": 0.31170004517391686}, {""sector"": ""NIFTY_ENERGY"", ""ltp"": 38409.9, ""return_pct"": 0.258542945405813, ""rs_vs_nifty"": 0.258542945405813}, {""sector"": ""NIFTY_REALTY"", ""ltp"": 919.9, ""return_pct"": 0.22880801917629362, ""rs_vs_nifty"": 0.22880801917629362}, {""sector"": ""NIFTY_HEALTHCARE"", ""ltp"": 16619.6, ""return_pct"": 0.13345423543976825, ""rs_vs_nifty"": 0.13345423543976825}, {""sector"": ""NIFTY_METAL"", ""ltp"": 13379.35, ""return_pct"": 0.05272092310224189, ""rs_vs_nifty"": 0.05272092310224189}, {""sector"": ""NIFTY_FMCG"", ""ltp"": 47716.25, ""return_pct"": 0.019494015022974452, ""rs_vs_nifty"": 0.019494015022974452}, {""sector"": ""NIFTY_AUTO"", ""ltp"": 29205.45, ""return_pct"": -0.0391896470878181, ""rs_vs_nifty"": -0.0391896470878181}, {""sector"": ""NIFTY_INFRA"", ""ltp"": 9383.85, ""return_pct"": -0.18614347939391682, ""rs_vs_nifty"": -0.18614347939391682}, {""sector"": ""NIFTY_IT"", ""ltp"": 30681.25, ""return_pct"": -0.29426292904542234, ""rs_vs_nifty"": -0.29426292904542234}]"
2026-08-26 10:12:08,NORMAL,24335.85,,0,24350.612832596118,,,False,True,"[[""NIFTY_PSU_BANK"", 1.250631999209642, 1.250631999209642], [""NIFTY_FIN_SERVICE"", 0.7059867908461718, 0.7059867908461718], [""NIFTY_BANK"", 0.6725295666113811, 0.6725295666113811]]",[],"[{""sector"": ""NIFTY_PSU_BANK"", ""ltp"": 8711.25, ""return_pct"": 1.250631999209642, ""rs_vs_nifty"": 1.250631999209642}, {""sector"": ""NIFTY_FIN_SERVICE"", ""ltp"": 26432.25, ""return_pct"": 0.7059867908461718, ""rs_vs_nifty"": 0.7059867908461718}, {""sector"": ""NIFTY_BANK"", ""ltp"": 57901.0, ""return_pct"": 0.6725295666113811, ""rs_vs_nifty"": 0.6725295666113811}, {""sector"": ""NIFTY_MEDIA"", ""ltp"": 1619.3, ""return_pct"": 0.5776397515527922, ""rs_vs_nifty"": 0.5776397515527922}, {""sector"": ""NIFTY_PHARMA"", ""ltp"": 26660.85, ""return_pct"": 0.3645911760277012, ""rs_vs_nifty"": 0.3645911760277012}, {""sector"": ""NIFTY_ENERGY"", ""ltp"": 38386.9, ""return_pct"": 0.19850773344888697, ""rs_vs_nifty"": 0.19850773344888697}, {""sector"": ""NIFTY_HEALTHCARE"", ""ltp"": 16627.75, ""return_pct"": 0.18255816405531736, ""rs_vs_nifty"": 0.18255816405531736}, {""sector"": ""NIFTY_REALTY"", ""ltp"": 919.35, ""return_pct"": 0.16888210939203185, ""rs_vs_nifty"": 0.16888210939203185}, {""sector"": ""NIFTY_FMCG"", ""ltp"": 47744.05, ""return_pct"": 0.07776644702712252, ""rs_vs_nifty"": 0.07776644702712252}, {""sector"": ""NIFTY_METAL"", ""ltp"": 13381.8, ""return_pct"": 0.07104237864840005, ""rs_vs_nifty"": 0.07104237864840005}, {""sector"": ""NIFTY_AUTO"", ""ltp"": 29197.95, ""return_pct"": -0.06485972159948772, ""rs_vs_nifty"": -0.06485972159948772}, {""sector"": ""NIFTY_INFRA"", ""ltp"": 9378.8, ""return_pct"": -0.23985916916188726, ""rs_vs_nifty"": -0.23985916916188726}, {""sector"": ""NIFTY_IT"", ""ltp"": 30682.6, ""return_pct"": -0.2898757953710889, ""rs_vs_nifty"": -0.2898757953710889}]"
2026-08-26 10:13:52,NORMAL,24345.5,,0,24350.54974430952,,,False,True,"[[""NIFTY_PSU_BANK"", 1.1634596944320186, 1.1634596944320186], [""NIFTY_FIN_SERVICE"", 0.7448484490578905, 0.7448484490578905], [""NIFTY_BANK"", 0.6863522399685643, 0.6863522399685643]]",[],"[{""sector"": ""NIFTY_PSU_BANK"", ""ltp"": 8703.75, ""return_pct"": 1.1634596944320186, ""rs_vs_nifty"": 1.1634596944320186}, {""sector"": ""NIFTY_FIN_SERVICE"", ""ltp"": 26442.45, ""return_pct"": 0.7448484490578905, ""rs_vs_nifty"": 0.7448484490578905}, {""sector"": ""NIFTY_BANK"", ""ltp"": 57908.95, ""return_pct"": 0.6863522399685643, ""rs_vs_nifty"": 0.6863522399685643}, {""sector"": ""NIFTY_MEDIA"", ""ltp"": 1619.5, ""return_pct"": 0.5900621118012422, ""rs_vs_nifty"": 0.5900621118012422}, {""sector"": ""NIFTY_PHARMA"", ""ltp"": 26674.3, ""return_pct"": 0.41522361090196985, ""rs_vs_nifty"": 0.41522361090196985}, {""sector"": ""NIFTY_REALTY"", ""ltp"": 920.45, ""return_pct"": 0.28873392896056777, ""rs_vs_nifty"": 0.28873392896056777}, {""sector"": ""NIFTY_HEALTHCARE"", ""ltp"": 16635.9, ""return_pct"": 0.2316620926708665, ""rs_vs_nifty"": 0.2316620926708665}, {""sector"": ""NIFTY_ENERGY"", ""ltp"": 38394.45, ""return_pct"": 0.21821494433038827, ""rs_vs_nifty"": 0.21821494433038827}, {""sector"": ""NIFTY_METAL"", ""ltp"": 13398.65, ""return_pct"": 0.19704912393530183, ""rs_vs_nifty"": 0.19704912393530183}, {""sector"": ""NIFTY_FMCG"", ""ltp"": 47749.45, ""return_pct"": 0.08908555252431774, ""rs_vs_nifty"": 0.08908555252431774}, {""sector"": ""NIFTY_AUTO"", ""ltp"": 29214.0, ""return_pct"": -0.009925762144517231, ""rs_vs_nifty"": -0.009925762144517231}, {""sector"": ""NIFTY_INFRA"", ""ltp"": 9380.35, ""return_pct"": -0.2233721752727002, ""rs_vs_nifty"": -0.2233721752727002}, {""sector"": ""NIFTY_IT"", ""ltp"": 30690.35, ""return_pct"": -0.26469039835173996, ""rs_vs_nifty"": -0.26469039835173996}]"
2026-08-26 10:15:51,NORMAL,24345.75,,0,24350.434089021408,,,False,True,"[[""NIFTY_PSU_BANK"", 1.2006532111371464, 1.2006532111371464], [""NIFTY_FIN_SERVICE"", 0.7671367530322515, 0.7671367530322515], [""NIFTY_BANK"", 0.6929593039632003, 0.6929593039632003]]",[],"[{""sector"": ""NIFTY_PSU_BANK"", ""ltp"": 8706.95, ""return_pct"": 1.2006532111371464, ""rs_vs_nifty"": 1.2006532111371464}, {""sector"": ""NIFTY_FIN_SERVICE"", ""ltp"": 26448.3, ""return_pct"": 0.7671367530322515, ""rs_vs_nifty"": 0.7671367530322515}, {""sector"": ""NIFTY_BANK"", ""ltp"": 57912.75, ""return_pct"": 0.6929593039632003, ""rs_vs_nifty"": 0.6929593039632003}, {""sector"": ""NIFTY_MEDIA"", ""ltp"": 1620.05, ""return_pct"": 0.6242236024844692, ""rs_vs_nifty"": 0.6242236024844692}, {""sector"": ""NIFTY_PHARMA"", ""ltp"": 26691.55, ""return_pct"": 0.4801611203132031, ""rs_vs_nifty"": 0.4801611203132031}, {""sector"": ""NIFTY_REALTY"", ""ltp"": 920.8, ""return_pct"": 0.32686859882327307, ""rs_vs_nifty"": 0.32686859882327307}, {""sector"": ""NIFTY_HEALTHCARE"", ""ltp"": 16646.8, ""return_pct"": 0.297334831555441, ""rs_vs_nifty"": 0.297334831555441}, {""sector"": ""NIFTY_ENERGY"", ""ltp"": 38389.2, ""return_pct"": 0.20451125464456815, ""rs_vs_nifty"": 0.20451125464456815}, {""sector"": ""NIFTY_METAL"", ""ltp"": 13392.5, ""return_pct"": 0.1510585314418666, ""rs_vs_nifty"": 0.1510585314418666}, {""sector"": ""NIFTY_AUTO"", ""ltp"": 29231.2, ""return_pct"": 0.04894427540224757, ""rs_vs_nifty"": 0.04894427540224757}, {""sector"": ""NIFTY_FMCG"", ""ltp"": 47673.05, ""return_pct"": -0.0710588289546789, ""rs_vs_nifty"": -0.0710588289546789}, {""sector"": ""NIFTY_INFRA"", ""ltp"": 9380.85, ""return_pct"": -0.21805379014715973, ""rs_vs_nifty"": -0.21805379014715973}, {""sector"": ""NIFTY_IT"", ""ltp"": 30688.2, ""return_pct"": -0.27167731494419745, ""rs_vs_nifty"": -0.27167731494419745}]"
2026-08-26 10:17:30,NORMAL,24329.1,,0,24349.97718942591,,,False,True,"[[""NIFTY_PSU_BANK"", 1.147187530873533, 1.147187530873533], [""NIFTY_FIN_SERVICE"", 0.6985573561880467, 0.6985573561880467], [""NIFTY_BANK"", 0.6621842953566351, 0.6621842953566351]]",[],"[{""sector"": ""NIFTY_PSU_BANK"", ""ltp"": 8702.35, ""return_pct"": 1.147187530873533, ""rs_vs_nifty"": 1.147187530873533}, {""sector"": ""NIFTY_FIN_SERVICE"", ""ltp"": 26430.3, ""return_pct"": 0.6985573561880467, ""rs_vs_nifty"": 0.6985573561880467}, {""sector"": ""NIFTY_BANK"", ""ltp"": 57895.05, ""return_pct"": 0.6621842953566351, ""rs_vs_nifty"": 0.6621842953566351}, {""sector"": ""NIFTY_MEDIA"", ""ltp"": 1619.2, ""return_pct"": 0.5714285714285743, ""rs_vs_nifty"": 0.5714285714285743}, {""sector"": ""NIFTY_PHARMA"", ""ltp"": 26683.65, ""return_pct"": 0.4504216232495161, ""rs_vs_nifty"": 0.4504216232495161}, {""sector"": ""NIFTY_HEALTHCARE"", ""ltp"": 16640.35, ""return_pct"": 0.2584734401971256, ""rs_vs_nifty"": 0.2584734401971256}, {""sector"": ""NIFTY_REALTY"", ""ltp"": 919.9, ""return_pct"": 0.22880801917629362, ""rs_vs_nifty"": 0.22880801917629362}, {""sector"": ""NIFTY_ENERGY"", ""ltp"": 38361.85, ""return_pct"": 0.13312155694796643, ""rs_vs_nifty"": 0.13312155694796643}, {""sector"": ""NIFTY_METAL"", ""ltp"": 13385.8, ""return_pct"": 0.10095495913193692, ""rs_vs_nifty"": 0.10095495913193692}, {""sector"": ""NIFTY_AUTO"", ""ltp"": 29193.35, ""return_pct"": -0.08060403396665256, ""rs_vs_nifty"": -0.08060403396665256}, {""sector"": ""NIFTY_FMCG"", ""ltp"": 47611.3, ""return_pct"": -0.2004948964458935, ""rs_vs_nifty"": -0.2004948964458935}, {""sector"": ""NIFTY_INFRA"", ""ltp"": 9373.55, ""return_pct"": -0.29570221298006233, ""rs_vs_nifty"": -0.29570221298006233}, {""sector"": ""NIFTY_IT"", ""ltp"": 30661.15, ""return_pct"": -0.3595824748633418, ""rs_vs_nifty"": -0.3595824748633418}]"
2026-08-26 10:19:24,NORMAL,24317.8,,0,24349.2067533294,,,False,True,"[[""NIFTY_PSU_BANK"", 1.1227792855357943, 1.1227792855357943], [""NIFTY_FIN_SERVICE"", 0.6703636041521043, 0.6703636041521043], [""NIFTY_BANK"", 0.6410590775843259, 0.6410590775843259]]",[],"[{""sector"": ""NIFTY_PSU_BANK"", ""ltp"": 8700.25, ""return_pct"": 1.1227792855357943, ""rs_vs_nifty"": 1.1227792855357943}, {""sector"": ""NIFTY_FIN_SERVICE"", ""ltp"": 26422.9, ""return_pct"": 0.6703636041521043, ""rs_vs_nifty"": 0.6703636041521043}, {""sector"": ""NIFTY_BANK"", ""ltp"": 57882.9, ""return_pct"": 0.6410590775843259, ""rs_vs_nifty"": 0.6410590775843259}, {""sector"": ""NIFTY_MEDIA"", ""ltp"": 1619.55, ""return_pct"": 0.5931677018633512, ""rs_vs_nifty"": 0.5931677018633512}, {""sector"": ""NIFTY_PHARMA"", ""ltp"": 26659.2, ""return_pct"": 0.3583797620840262, ""rs_vs_nifty"": 0.3583797620840262}, {""sector"": ""NIFTY_REALTY"", ""ltp"": 919.85, ""return_pct"": 0.22336020919591068, ""rs_vs_nifty"": 0.22336020919591068}, {""sector"": ""NIFTY_HEALTHCARE"", ""ltp"": 16628.2, ""return_pct"": 0.1852694239175295, ""rs_vs_nifty"": 0.1852694239175295}, {""sector"": ""NIFTY_ENERGY"", ""ltp"": 38340.95, ""return_pct"": 0.07856782086536462, ""rs_vs_nifty"": 0.07856782086536462}, {""sector"": ""NIFTY_METAL"", ""ltp"": 13373.35, ""return_pct"": 0.00785205237693659, ""rs_vs_nifty"": 0.00785205237693659}, {""sector"": ""NIFTY_AUTO"", ""ltp"": 29168.65, ""return_pct"": -0.16514414602507452, ""rs_vs_nifty"": -0.16514414602507452}, {""sector"": ""NIFTY_FMCG"", ""ltp"": 47582.05, ""return_pct"": -0.26180671788910037, ""rs_vs_nifty"": -0.26180671788910037}, {""sector"": ""NIFTY_IT"", ""ltp"": 30663.0, ""return_pct"": -0.3535704768651794, ""rs_vs_nifty"": -0.3535704768651794}, {""sector"": ""NIFTY_INFRA"", ""ltp"": 9368.1, ""return_pct"": -0.353672610848442, ""rs_vs_nifty"": -0.353672610848442}]"
2026-08-26 10:21:05,NORMAL,24308.0,,0,24348.517262846424,,,False,True,"[[""NIFTY_PSU_BANK"", 1.0780308357499433, 1.0780308357499433], [""NIFTY_FIN_SERVICE"", 0.6210245380891875, 0.6210245380891875], [""NIFTY_BANK"", 0.6064589266650722, 0.6064589266650722]]",[],"[{""sector"": ""NIFTY_PSU_BANK"", ""ltp"": 8696.4, ""return_pct"": 1.0780308357499433, ""rs_vs_nifty"": 1.0780308357499433}, {""sector"": ""NIFTY_FIN_SERVICE"", ""ltp"": 26409.95, ""return_pct"": 0.6210245380891875, ""rs_vs_nifty"": 0.6210245380891875}, {""sector"": ""NIFTY_BANK"", ""ltp"": 57863.0, ""return_pct"": 0.6064589266650722, ""rs_vs_nifty"": 0.6064589266650722}, {""sector"": ""NIFTY_MEDIA"", ""ltp"": 1618.6, ""return_pct"": 0.5341614906832242, ""rs_vs_nifty"": 0.5341614906832242}, {""sector"": ""NIFTY_PHARMA"", ""ltp"": 26665.8, ""return_pct"": 0.38322541785875347, ""rs_vs_nifty"": 0.38322541785875347}, {""sector"": ""NIFTY_HEALTHCARE"", ""ltp"": 16630.7, ""return_pct"": 0.20033197870757252, ""rs_vs_nifty"": 0.20033197870757252}, {""sector"": ""NIFTY_REALTY"", ""ltp"": 919.55, ""return_pct"": 0.19067334931357596, ""rs_vs_nifty"": 0.19067334931357596}, {""sector"": ""NIFTY_ENERGY"", ""ltp"": 38334.4, ""return_pct"": 0.061470836590686216, ""rs_vs_nifty"": 0.061470836590686216}, {""sector"": ""NIFTY_METAL"", ""ltp"": 13361.25, ""return_pct"": -0.08263350358576514, ""rs_vs_nifty"": -0.08263350358576514}, {""sector"": ""NIFTY_AUTO"", ""ltp"": 29127.9, ""return_pct"": -0.3046182175384794, ""rs_vs_nifty"": -0.3046182175384794}, {""sector"": ""NIFTY_FMCG"", ""ltp"": 47556.1, ""return_pct"": -0.31620130819513415, ""rs_vs_nifty"": -0.31620130819513415}, {""sector"": ""NIFTY_IT"", ""ltp"": 30653.65, ""return_pct"": -0.3839554397207762, ""rs_vs_nifty"": -0.3839554397207762}, {""sector"": ""NIFTY_INFRA"", ""ltp"": 9364.2, ""return_pct"": -0.39515601482765383, ""rs_vs_nifty"": -0.39515601482765383}]"
2026-08-26 10:22:59,NORMAL,24310.05,,0,24347.776378417315,,,False,True,"[[""NIFTY_PSU_BANK"", 1.0925595532128807, 1.0925595532128807], [""NIFTY_FIN_SERVICE"", 0.6067371637466448, 0.6067371637466448], [""NIFTY_BANK"", 0.5924623832027569, 0.5924623832027569]]",[],"[{""sector"": ""NIFTY_PSU_BANK"", ""ltp"": 8697.65, ""return_pct"": 1.0925595532128807, ""rs_vs_nifty"": 1.0925595532128807}, {""sector"": ""NIFTY_FIN_SERVICE"", ""ltp"": 26406.2, ""return_pct"": 0.6067371637466448, ""rs_vs_nifty"": 0.6067371637466448}, {""sector"": ""NIFTY_BANK"", ""ltp"": 57854.95, ""return_pct"": 0.5924623832027569, ""rs_vs_nifty"": 0.5924623832027569}, {""sector"": ""NIFTY_MEDIA"", ""ltp"": 1619.0, ""return_pct"": 0.5590062111801243, ""rs_vs_nifty"": 0.5590062111801243}, {""sector"": ""NIFTY_PHARMA"", ""ltp"": 26674.95, ""return_pct"": 0.4176705315464566, ""rs_vs_nifty"": 0.4176705315464566}, {""sector"": ""NIFTY_HEALTHCARE"", ""ltp"": 16635.9, ""return_pct"": 0.2316620926708665, ""rs_vs_nifty"": 0.2316620926708665}, {""sector"": ""NIFTY_REALTY"", ""ltp"": 919.35, ""return_pct"": 0.16888210939203185, ""rs_vs_nifty"": 0.16888210939203185}, {""sector"": ""NIFTY_ENERGY"", ""ltp"": 38330.6, ""return_pct"": 0.05155197548475172, ""rs_vs_nifty"": 0.05155197548475172}, {""sector"": ""NIFTY_METAL"", ""ltp"": 13357.2, ""return_pct"": -0.11291999132534078, ""rs_vs_nifty"": -0.11291999132534078}, {""sector"": ""NIFTY_FMCG"", ""ltp"": 47588.6, ""return_pct"": -0.2480770621471265, ""rs_vs_nifty"": -0.2480770621471265}, {""sector"": ""NIFTY_AUTO"", ""ltp"": 29140.1, ""return_pct"": -0.2628615629995068, ""rs_vs_nifty"": -0.2628615629995068}, {""sector"": ""NIFTY_IT"", ""ltp"": 30663.75, ""return_pct"": -0.35113318037943597, ""rs_vs_nifty"": -0.35113318037943597}, {""sector"": ""NIFTY_INFRA"", ""ltp"": 9365.1, ""return_pct"": -0.38558292160168484, ""rs_vs_nifty"": -0.38558292160168484}]"
2026-08-26 10:24:45,NORMAL,24305.2,,0,24346.768314682515,,,False,True,"[[""NIFTY_PSU_BANK"", 1.114062055058032, 1.114062055058032], [""NIFTY_FIN_SERVICE"", 0.5745429468947792, 0.5745429468947792], [""NIFTY_BANK"", 0.5700331396420464, 0.5700331396420464]]",[],"[{""sector"": ""NIFTY_PSU_BANK"", ""ltp"": 8699.5, ""return_pct"": 1.114062055058032, ""rs_vs_nifty"": 1.114062055058032}, {""sector"": ""NIFTY_FIN_SERVICE"", ""ltp"": 26397.75, ""return_pct"": 0.5745429468947792, ""rs_vs_nifty"": 0.5745429468947792}, {""sector"": ""NIFTY_BANK"", ""ltp"": 57842.05, ""return_pct"": 0.5700331396420464, ""rs_vs_nifty"": 0.5700331396420464}, {""sector"": ""NIFTY_MEDIA"", ""ltp"": 1618.1, ""return_pct"": 0.5031055900621062, ""rs_vs_nifty"": 0.5031055900621062}, {""sector"": ""NIFTY_PHARMA"", ""ltp"": 26686.6, ""return_pct"": 0.46152687848215085, ""rs_vs_nifty"": 0.46152687848215085}, {""sector"": ""NIFTY_HEALTHCARE"", ""ltp"": 16640.15, ""return_pct"": 0.25726843581393966, ""rs_vs_nifty"": 0.25726843581393966}, {""sector"": ""NIFTY_REALTY"", ""ltp"": 919.45, ""return_pct"": 0.17977772935281008, ""rs_vs_nifty"": 0.17977772935281008}, {""sector"": ""NIFTY_ENERGY"", ""ltp"": 38317.2, ""return_pct"": 0.016574938953321437, ""rs_vs_nifty"": 0.016574938953321437}, {""sector"": ""NIFTY_METAL"", ""ltp"": 13354.8, ""return_pct"": -0.1308675396154738, ""rs_vs_nifty"": -0.1308675396154738}, {""sector"": ""NIFTY_FMCG"", ""ltp"": 47584.55, ""return_pct"": -0.2565663912700229, ""rs_vs_nifty"": -0.2565663912700229}, {""sector"": ""NIFTY_AUTO"", ""ltp"": 29135.75, ""return_pct"": -0.27775020621627017, ""rs_vs_nifty"": -0.27775020621627017}, {""sector"": ""NIFTY_IT"", ""ltp"": 30673.5, ""return_pct"": -0.31944832606477125, ""rs_vs_nifty"": -0.31944832606477125}, {""sector"": ""NIFTY_INFRA"", ""ltp"": 9360.8, ""return_pct"": -0.43132103368134456, ""rs_vs_nifty"": -0.43132103368134456}]"
2026-08-26 10:26:45,NORMAL,24296.55,,0,24345.71865966643,,,False,True,"[[""NIFTY_PSU_BANK"", 1.178569560593465, 1.178569560593465], [""NIFTY_BANK"", 0.5970699409884889, 0.5970699409884889], [""NIFTY_FIN_SERVICE"", 0.5400627501481124, 0.5400627501481124]]",[],"[{""sector"": ""NIFTY_PSU_BANK"", ""ltp"": 8705.05, ""return_pct"": 1.178569560593465, ""rs_vs_nifty"": 1.178569560593465}, {""sector"": ""NIFTY_BANK"", ""ltp"": 57857.6, ""return_pct"": 0.5970699409884889, ""rs_vs_nifty"": 0.5970699409884889}, {""sector"": ""NIFTY_FIN_SERVICE"", ""ltp"": 26388.7, ""return_pct"": 0.5400627501481124, ""rs_vs_nifty"": 0.5400627501481124}, {""sector"": ""NIFTY_MEDIA"", ""ltp"": 1617.7, ""return_pct"": 0.47826086956522024, ""rs_vs_nifty"": 0.47826086956522024}, {""sector"": ""NIFTY_PHARMA"", ""ltp"": 26664.25, ""return_pct"": 0.3773904532449932, ""rs_vs_nifty"": 0.3773904532449932}, {""sector"": ""NIFTY_HEALTHCARE"", ""ltp"": 16630.2, ""return_pct"": 0.1973194677495639, ""rs_vs_nifty"": 0.1973194677495639}, {""sector"": ""NIFTY_REALTY"", ""ltp"": 919.15, ""return_pct"": 0.14709086947047534, ""rs_vs_nifty"": 0.14709086947047534}, {""sector"": ""NIFTY_ENERGY"", ""ltp"": 38317.7, ""return_pct"": 0.01788005225673287, ""rs_vs_nifty"": 0.01788005225673287}, {""sector"": ""NIFTY_METAL"", ""ltp"": 13352.2, ""return_pct"": -0.15031071692976186, ""rs_vs_nifty"": -0.15031071692976186}, {""sector"": ""NIFTY_AUTO"", ""ltp"": 29144.5, ""return_pct"": -0.24780178595265567, ""rs_vs_nifty"": -0.24780178595265567}, {""sector"": ""NIFTY_FMCG"", ""ltp"": 47573.55, ""return_pct"": -0.27962382839396394, ""rs_vs_nifty"": -0.27962382839396394}, {""sector"": ""NIFTY_IT"", ""ltp"": 30665.55, ""return_pct"": -0.3452836688136541, ""rs_vs_nifty"": -0.3452836688136541}, {""sector"": ""NIFTY_INFRA"", ""ltp"": 9361.2, ""return_pct"": -0.4270663255808967, ""rs_vs_nifty"": -0.4270663255808967}]"
2026-08-26 10:28:22,NORMAL,24298.75,,0,24345.17582325432,,,False,True,"[[""NIFTY_PSU_BANK"", 1.2349409843496657, 1.2349409843496657], [""NIFTY_BANK"", 0.6413198827420112, 0.6413198827420112], [""NIFTY_FIN_SERVICE"", 0.5703519837543056, 0.5703519837543056]]",[],"[{""sector"": ""NIFTY_PSU_BANK"", ""ltp"": 8709.9, ""return_pct"": 1.2349409843496657, ""rs_vs_nifty"": 1.2349409843496657}, {""sector"": ""NIFTY_BANK"", ""ltp"": 57883.05, ""return_pct"": 0.6413198827420112, ""rs_vs_nifty"": 0.6413198827420112}, {""sector"": ""NIFTY_FIN_SERVICE"", ""ltp"": 26396.65, ""return_pct"": 0.5703519837543056, ""rs_vs_nifty"": 0.5703519837543056}, {""sector"": ""NIFTY_MEDIA"", ""ltp"": 1618.15, ""return_pct"": 0.5062111801242293, ""rs_vs_nifty"": 0.5062111801242293}, {""sector"": ""NIFTY_PHARMA"", ""ltp"": 26664.7, ""return_pct"": 0.37908447522963684, ""rs_vs_nifty"": 0.37908447522963684}, {""sector"": ""NIFTY_HEALTHCARE"", ""ltp"": 16632.7, ""return_pct"": 0.21238202253960697, ""rs_vs_nifty"": 0.21238202253960697}, {""sector"": ""NIFTY_REALTY"", ""ltp"": 919.3, ""return_pct"": 0.16343429941163654, ""rs_vs_nifty"": 0.16343429941163654}, {""sector"": ""NIFTY_ENERGY"", ""ltp"": 38319.5, ""return_pct"": 0.022578460149021637, ""rs_vs_nifty"": 0.022578460149021637}, {""sector"": ""NIFTY_METAL"", ""ltp"": 13353.85, ""return_pct"": -0.13797177748030562, ""rs_vs_nifty"": -0.13797177748030562}, {""sector"": ""NIFTY_AUTO"", ""ltp"": 29148.2, ""return_pct"": -0.23513788252689616, ""rs_vs_nifty"": -0.23513788252689616}, {""sector"": ""NIFTY_FMCG"", ""ltp"": 47576.95, ""return_pct"": -0.2724969841920307, ""rs_vs_nifty"": -0.2724969841920307}, {""sector"": ""NIFTY_IT"", ""ltp"": 30651.5, ""return_pct"": -0.39094235631324553, ""rs_vs_nifty"": -0.39094235631324553}, {""sector"": ""NIFTY_INFRA"", ""ltp"": 9360.8, ""return_pct"": -0.43132103368134456, ""rs_vs_nifty"": -0.43132103368134456}]"
2026-08-26 10:30:15,NORMAL,24304.0,,0,24344.595649349543,,,False,True,"[[""NIFTY_PSU_BANK"", 1.3471026831635369, 1.3471026831635369], [""NIFTY_BANK"", 0.7211262609929374, 0.7211262609929374], [""NIFTY_FIN_SERVICE"", 0.5939737760006317, 0.5939737760006317]]",[],"[{""sector"": ""NIFTY_PSU_BANK"", ""ltp"": 8719.55, ""return_pct"": 1.3471026831635369, ""rs_vs_nifty"": 1.3471026831635369}, {""sector"": ""NIFTY_BANK"", ""ltp"": 57928.95, ""return_pct"": 0.7211262609929374, ""rs_vs_nifty"": 0.7211262609929374}, {""sector"": ""NIFTY_FIN_SERVICE"", ""ltp"": 26402.85, ""return_pct"": 0.5939737760006317, ""rs_vs_nifty"": 0.5939737760006317}, {""sector"": ""NIFTY_MEDIA"", ""ltp"": 1618.45, ""return_pct"": 0.5248447204968972, ""rs_vs_nifty"": 0.5248447204968972}, {""sector"": ""NIFTY_PHARMA"", ""ltp"": 26682.3, ""return_pct"": 0.4453395572955853, ""rs_vs_nifty"": 0.4453395572955853}, {""sector"": ""NIFTY_HEALTHCARE"", ""ltp"": 16643.9, ""return_pct"": 0.2798622679990042, ""rs_vs_nifty"": 0.2798622679990042}, {""sector"": ""NIFTY_REALTY"", ""ltp"": 919.45, ""return_pct"": 0.17977772935281008, ""rs_vs_nifty"": 0.17977772935281008}, {""sector"": ""NIFTY_ENERGY"", ""ltp"": 38330.1, ""return_pct"": 0.05024686218134028, ""rs_vs_nifty"": 0.05024686218134028}, {""sector"": ""NIFTY_METAL"", ""ltp"": 13354.55, ""return_pct"": -0.13273707589569483, ""rs_vs_nifty"": -0.13273707589569483}, {""sector"": ""NIFTY_AUTO"", ""ltp"": 29165.4, ""return_pct"": -0.17626784498013134, ""rs_vs_nifty"": -0.17626784498013134}, {""sector"": ""NIFTY_FMCG"", ""ltp"": 47597.9, ""return_pct"": -0.228583047124152, ""rs_vs_nifty"": -0.228583047124152}, {""sector"": ""NIFTY_IT"", ""ltp"": 30652.95, ""return_pct"": -0.3862302497741391, ""rs_vs_nifty"": -0.3862302497741391}, {""sector"": ""NIFTY_INFRA"", ""ltp"": 9361.7, ""return_pct"": -0.42174794045535624, ""rs_vs_nifty"": -0.42174794045535624}]"
2026-08-26 10:31:55,NORMAL,24313.4,,0,24344.089915124852,,,False,True,"[[""NIFTY_PSU_BANK"", 1.3029353820762162, 1.3029353820762162], [""NIFTY_BANK"", 0.7529444902302439, 0.7529444902302439], [""NIFTY_FIN_SERVICE"", 0.6457893202829281, 0.6457893202829281]]",[],"[{""sector"": ""NIFTY_PSU_BANK"", ""ltp"": 8715.75, ""return_pct"": 1.3029353820762162, ""rs_vs_nifty"": 1.3029353820762162}, {""sector"": ""NIFTY_BANK"", ""ltp"": 57947.25, ""return_pct"": 0.7529444902302439, ""rs_vs_nifty"": 0.7529444902302439}, {""sector"": ""NIFTY_FIN_SERVICE"", ""ltp"": 26416.45, ""return_pct"": 0.6457893202829281, ""rs_vs_nifty"": 0.6457893202829281}, {""sector"": ""NIFTY_MEDIA"", ""ltp"": 1618.85, ""return_pct"": 0.5496894409937831, ""rs_vs_nifty"": 0.5496894409937831}, {""sector"": ""NIFTY_PHARMA"", ""ltp"": 26681.25, ""return_pct"": 0.44138683933142603, ""rs_vs_nifty"": 0.44138683933142603}, {""sector"": ""NIFTY_HEALTHCARE"", ""ltp"": 16643.65, ""return_pct"": 0.2783560125199999, ""rs_vs_nifty"": 0.2783560125199999}, {""sector"": ""NIFTY_REALTY"", ""ltp"": 919.7, ""return_pct"": 0.2070167792547495, ""rs_vs_nifty"": 0.2070167792547495}, {""sector"": ""NIFTY_ENERGY"", ""ltp"": 38344.9, ""return_pct"": 0.08887821596232637, ""rs_vs_nifty"": 0.08887821596232637}, {""sector"": ""NIFTY_METAL"", ""ltp"": 13354.8, ""return_pct"": -0.1308675396154738, ""rs_vs_nifty"": -0.1308675396154738}, {""sector"": ""NIFTY_AUTO"", ""ltp"": 29162.45, ""return_pct"": -0.18636474095472388, ""rs_vs_nifty"": -0.18636474095472388}, {""sector"": ""NIFTY_FMCG"", ""ltp"": 47594.4, ""return_pct"": -0.2359195043908605, ""rs_vs_nifty"": -0.2359195043908605}, {""sector"": ""NIFTY_IT"", ""ltp"": 30656.6, ""return_pct"": -0.37436874021019484, ""rs_vs_nifty"": -0.37436874021019484}, {""sector"": ""NIFTY_INFRA"", ""ltp"": 9365.5, ""return_pct"": -0.38132821350125634, ""rs_vs_nifty"": -0.38132821350125634}]"
2026-08-26 10:33:48,NORMAL,24316.55,,0,24343.775536319343,,,False,True,"[[""NIFTY_PSU_BANK"", 1.2866632185177307, 1.2866632185177307], [""NIFTY_BANK"", 0.7685058646386458, 0.7685058646386458], [""NIFTY_FIN_SERVICE"", 0.6951283863458448, 0.6951283863458448]]",[],"[{""sector"": ""NIFTY_PSU_BANK"", ""ltp"": 8714.35, ""return_pct"": 1.2866632185177307, ""rs_vs_nifty"": 1.2866632185177307}, {""sector"": ""NIFTY_BANK"", ""ltp"": 57956.2, ""return_pct"": 0.7685058646386458, ""rs_vs_nifty"": 0.7685058646386458}, {""sector"": ""NIFTY_FIN_SERVICE"", ""ltp"": 26429.4, ""return_pct"": 0.6951283863458448, ""rs_vs_nifty"": 0.6951283863458448}, {""sector"": ""NIFTY_MEDIA"", ""ltp"": 1617.95, ""return_pct"": 0.4937888198757792, ""rs_vs_nifty"": 0.4937888198757792}, {""sector"": ""NIFTY_PHARMA"", ""ltp"": 26675.55, ""return_pct"": 0.4199292275259722, ""rs_vs_nifty"": 0.4199292275259722}, {""sector"": ""NIFTY_REALTY"", ""ltp"": 920.35, ""return_pct"": 0.2778383089997895, ""rs_vs_nifty"": 0.2778383089997895}, {""sector"": ""NIFTY_HEALTHCARE"", ""ltp"": 16642.15, ""return_pct"": 0.2693184796459741, ""rs_vs_nifty"": 0.2693184796459741}, {""sector"": ""NIFTY_ENERGY"", ""ltp"": 38340.8, ""return_pct"": 0.07817628687435639, ""rs_vs_nifty"": 0.07817628687435639}, {""sector"": ""NIFTY_AUTO"", ""ltp"": 29179.0, ""return_pct"": -0.12971944319897544, ""rs_vs_nifty"": -0.12971944319897544}, {""sector"": ""NIFTY_METAL"", ""ltp"": 13353.95, ""return_pct"": -0.13722396296821449, ""rs_vs_nifty"": -0.13722396296821449}, {""sector"": ""NIFTY_FMCG"", ""ltp"": 47589.45, ""return_pct"": -0.2462953510966432, ""rs_vs_nifty"": -0.2462953510966432}, {""sector"": ""NIFTY_INFRA"", ""ltp"": 9366.95, ""return_pct"": -0.3659048966371812, ""rs_vs_nifty"": -0.3659048966371812}, {""sector"": ""NIFTY_IT"", ""ltp"": 30643.15, ""return_pct"": -0.41807759052118443, ""rs_vs_nifty"": -0.41807759052118443}]"
2026-08-26 10:35:28,NORMAL,24319.05,,0,24343.56018206708,,,False,True,"[[""NIFTY_PSU_BANK"", 1.2849197724221824, 1.2849197724221824], [""NIFTY_BANK"", 0.7717224615834104, 0.7717224615834104], [""NIFTY_FIN_SERVICE"", 0.7151307104254045, 0.7151307104254045]]",[],"[{""sector"": ""NIFTY_PSU_BANK"", ""ltp"": 8714.2, ""return_pct"": 1.2849197724221824, ""rs_vs_nifty"": 1.2849197724221824}, {""sector"": ""NIFTY_BANK"", ""ltp"": 57958.05, ""return_pct"": 0.7717224615834104, ""rs_vs_nifty"": 0.7717224615834104}, {""sector"": ""NIFTY_FIN_SERVICE"", ""ltp"": 26434.65, ""return_pct"": 0.7151307104254045, ""rs_vs_nifty"": 0.7151307104254045}, {""sector"": ""NIFTY_MEDIA"", ""ltp"": 1618.65, ""return_pct"": 0.5372670807453472, ""rs_vs_nifty"": 0.5372670807453472}, {""sector"": ""NIFTY_PHARMA"", ""ltp"": 26677.85, ""return_pct"": 0.42858756211413396, ""rs_vs_nifty"": 0.42858756211413396}, {""sector"": ""NIFTY_HEALTHCARE"", ""ltp"": 16642.35, ""return_pct"": 0.27052348402916, ""rs_vs_nifty"": 0.27052348402916}, {""sector"": ""NIFTY_REALTY"", ""ltp"": 919.8, ""return_pct"": 0.2179123992155154, ""rs_vs_nifty"": 0.2179123992155154}, {""sector"": ""NIFTY_ENERGY"", ""ltp"": 38342.15, ""return_pct"": 0.08170009279356347, ""rs_vs_nifty"": 0.08170009279356347}, {""sector"": ""NIFTY_AUTO"", ""ltp"": 29179.15, ""return_pct"": -0.12920604170873706, ""rs_vs_nifty"": -0.12920604170873706}, {""sector"": ""NIFTY_METAL"", ""ltp"": 13351.6, ""return_pct"": -0.1547976040022951, ""rs_vs_nifty"": -0.1547976040022951}, {""sector"": ""NIFTY_FMCG"", ""ltp"": 47582.05, ""return_pct"": -0.26180671788910037, ""rs_vs_nifty"": -0.26180671788910037}, {""sector"": ""NIFTY_INFRA"", ""ltp"": 9369.55, ""return_pct"": -0.3382492939843862, ""rs_vs_nifty"": -0.3382492939843862}, {""sector"": ""NIFTY_IT"", ""ltp"": 30648.0, ""return_pct"": -0.40231640658004825, ""rs_vs_nifty"": -0.40231640658004825}]"
2026-08-26 10:37:21,NORMAL,24320.65,,0,24343.155780124674,,,False,True,"[[""NIFTY_PSU_BANK"", 1.2529565940037206, 1.2529565940037206], [""NIFTY_BANK"", 0.7532052953879292, 0.7532052953879292], [""NIFTY_FIN_SERVICE"", 0.7202741651887143, 0.7202741651887143]]",[],"[{""sector"": ""NIFTY_PSU_BANK"", ""ltp"": 8711.45, ""return_pct"": 1.2529565940037206, ""rs_vs_nifty"": 1.2529565940037206}, {""sector"": ""NIFTY_BANK"", ""ltp"": 57947.4, ""return_pct"": 0.7532052953879292, ""rs_vs_nifty"": 0.7532052953879292}, {""sector"": ""NIFTY_FIN_SERVICE"", ""ltp"": 26436.0, ""return_pct"": 0.7202741651887143, ""rs_vs_nifty"": 0.7202741651887143}, {""sector"": ""NIFTY_MEDIA"", ""ltp"": 1619.5, ""return_pct"": 0.5900621118012422, ""rs_vs_nifty"": 0.5900621118012422}, {""sector"": ""NIFTY_PHARMA"", ""ltp"": 26680.8, ""return_pct"": 0.4396928173467824, ""rs_vs_nifty"": 0.4396928173467824}, {""sector"": ""NIFTY_HEALTHCARE"", ""ltp"": 16645.7, ""return_pct"": 0.2907073074478308, ""rs_vs_nifty"": 0.2907073074478308}, {""sector"": ""NIFTY_REALTY"", ""ltp"": 920.05, ""return_pct"": 0.2451514491174548, ""rs_vs_nifty"": 0.2451514491174548}, {""sector"": ""NIFTY_ENERGY"", ""ltp"": 38325.15, ""return_pct"": 0.03732624047757466, ""rs_vs_nifty"": 0.03732624047757466}, {""sector"": ""NIFTY_METAL"", ""ltp"": 13364.05, ""return_pct"": -0.06169469724729478, ""rs_vs_nifty"": -0.06169469724729478}, {""sector"": ""NIFTY_AUTO"", ""ltp"": 29178.7, ""return_pct"": -0.13074624617943972, ""rs_vs_nifty"": -0.13074624617943972}, {""sector"": ""NIFTY_FMCG"", ""ltp"": 47598.65, ""return_pct"": -0.22701094913842876, ""rs_vs_nifty"": -0.22701094913842876}, {""sector"": ""NIFTY_INFRA"", ""ltp"": 9367.2, ""return_pct"": -0.3632457040744109, ""rs_vs_nifty"": -0.3632457040744109}, {""sector"": ""NIFTY_IT"", ""ltp"": 30641.65, ""return_pct"": -0.4229521834926713, ""rs_vs_nifty"": -0.4229521834926713}]"
2026-08-26 10:39:00,NORMAL,24319.9,,0,24342.900799297524,,,False,True,"[[""NIFTY_PSU_BANK"", 1.2547000400992687, 1.2547000400992687], [""NIFTY_BANK"", 0.7586822036992705, 0.7586822036992705], [""NIFTY_FIN_SERVICE"", 0.7103682523112237, 0.7103682523112237]]",[],"[{""sector"": ""NIFTY_PSU_BANK"", ""ltp"": 8711.6, ""return_pct"": 1.2547000400992687, ""rs_vs_nifty"": 1.2547000400992687}, {""sector"": ""NIFTY_BANK"", ""ltp"": 57950.55, ""return_pct"": 0.7586822036992705, ""rs_vs_nifty"": 0.7586822036992705}, {""sector"": ""NIFTY_FIN_SERVICE"", ""ltp"": 26433.4, ""return_pct"": 0.7103682523112237, ""rs_vs_nifty"": 0.7103682523112237}, {""sector"": ""NIFTY_MEDIA"", ""ltp"": 1619.35, ""return_pct"": 0.5807453416149012, ""rs_vs_nifty"": 0.5807453416149012}, {""sector"": ""NIFTY_PHARMA"", ""ltp"": 26690.5, ""return_pct"": 0.4762084023490438, ""rs_vs_nifty"": 0.4762084023490438}, {""sector"": ""NIFTY_HEALTHCARE"", ""ltp"": 16651.8, ""return_pct"": 0.3274599411355271, ""rs_vs_nifty"": 0.3274599411355271}, {""sector"": ""NIFTY_REALTY"", ""ltp"": 920.75, ""return_pct"": 0.32142078884289016, ""rs_vs_nifty"": 0.32142078884289016}, {""sector"": ""NIFTY_ENERGY"", ""ltp"": 38328.65, ""return_pct"": 0.046462033601454705, ""rs_vs_nifty"": 0.046462033601454705}, {""sector"": ""NIFTY_METAL"", ""ltp"": 13365.35, ""return_pct"": -0.051973108590137145, ""rs_vs_nifty"": -0.051973108590137145}, {""sector"": ""NIFTY_AUTO"", ""ltp"": 29182.7, ""return_pct"": -0.11705553977321592, ""rs_vs_nifty"": -0.11705553977321592}, {""sector"": ""NIFTY_FMCG"", ""ltp"": 47600.85, ""return_pct"": -0.22239946171364663, ""rs_vs_nifty"": -0.22239946171364663}, {""sector"": ""NIFTY_INFRA"", ""ltp"": 9366.9, ""return_pct"": -0.3664367351497469, ""rs_vs_nifty"": -0.3664367351497469}, {""sector"": ""NIFTY_IT"", ""ltp"": 30656.0, ""return_pct"": -0.3763185773987848, ""rs_vs_nifty"": -0.3763185773987848}]"
2026-08-26 10:40:49,NORMAL,24320.1,,0,24342.581844105574,,,False,True,"[[""NIFTY_PSU_BANK"", 1.2477262557170545, 1.2477262557170545], [""NIFTY_BANK"", 0.7725048770564538, 0.7725048770564538], [""NIFTY_FIN_SERVICE"", 0.7166546970219342, 0.7166546970219342]]",[],"[{""sector"": ""NIFTY_PSU_BANK"", ""ltp"": 8711.0, ""return_pct"": 1.2477262557170545, ""rs_vs_nifty"": 1.2477262557170545}, {""sector"": ""NIFTY_BANK"", ""ltp"": 57958.5, ""return_pct"": 0.7725048770564538, ""rs_vs_nifty"": 0.7725048770564538}, {""sector"": ""NIFTY_FIN_SERVICE"", ""ltp"": 26435.05, ""return_pct"": 0.7166546970219342, ""rs_vs_nifty"": 0.7166546970219342}, {""sector"": ""NIFTY_MEDIA"", ""ltp"": 1619.25, ""return_pct"": 0.5745341614906833, ""rs_vs_nifty"": 0.5745341614906833}, {""sector"": ""NIFTY_PHARMA"", ""ltp"": 26690.5, ""return_pct"": 0.4762084023490438, ""rs_vs_nifty"": 0.4762084023490438}, {""sector"": ""NIFTY_HEALTHCARE"", ""ltp"": 16650.9, ""return_pct"": 0.3220374214111248, ""rs_vs_nifty"": 0.3220374214111248}, {""sector"": ""NIFTY_REALTY"", ""ltp"": 920.2, ""return_pct"": 0.2614948790586284, ""rs_vs_nifty"": 0.2614948790586284}, {""sector"": ""NIFTY_ENERGY"", ""ltp"": 38325.65, ""return_pct"": 0.038631353780986095, ""rs_vs_nifty"": 0.038631353780986095}, {""sector"": ""NIFTY_AUTO"", ""ltp"": 29213.45, ""return_pct"": -0.011808234275370514, ""rs_vs_nifty"": -0.011808234275370514}, {""sector"": ""NIFTY_METAL"", ""ltp"": 13364.7, ""return_pct"": -0.05683390291870916, ""rs_vs_nifty"": -0.05683390291870916}, {""sector"": ""NIFTY_FMCG"", ""ltp"": 47598.05, ""return_pct"": -0.22826862752700433, ""rs_vs_nifty"": -0.22826862752700433}, {""sector"": ""NIFTY_INFRA"", ""ltp"": 9365.0, ""return_pct"": -0.38664659862679684, ""rs_vs_nifty"": -0.38664659862679684}, {""sector"": ""NIFTY_IT"", ""ltp"": 30651.35, ""return_pct"": -0.3914298156103989, ""rs_vs_nifty"": -0.3914298156103989}]"
2026-08-26 10:42:26,NORMAL,24317.9,,0,24342.13736492232,,,False,True,"[[""NIFTY_PSU_BANK"", 1.2122761851074961, 1.2122761851074961], [""NIFTY_FIN_SERVICE"", 0.7134162255042967, 0.7134162255042967], [""NIFTY_BANK"", 0.7023482896397836, 0.7023482896397836]]",[],"[{""sector"": ""NIFTY_PSU_BANK"", ""ltp"": 8707.95, ""return_pct"": 1.2122761851074961, ""rs_vs_nifty"": 1.2122761851074961}, {""sector"": ""NIFTY_FIN_SERVICE"", ""ltp"": 26434.2, ""return_pct"": 0.7134162255042967, ""rs_vs_nifty"": 0.7134162255042967}, {""sector"": ""NIFTY_BANK"", ""ltp"": 57918.15, ""return_pct"": 0.7023482896397836, ""rs_vs_nifty"": 0.7023482896397836}, {""sector"": ""NIFTY_MEDIA"", ""ltp"": 1618.75, ""return_pct"": 0.5434782608695652, ""rs_vs_nifty"": 0.5434782608695652}, {""sector"": ""NIFTY_PHARMA"", ""ltp"": 26676.85, ""return_pct"": 0.424823068814932, ""rs_vs_nifty"": 0.424823068814932}, {""sector"": ""NIFTY_HEALTHCARE"", ""ltp"": 16648.85, ""return_pct"": 0.30968612648327193, ""rs_vs_nifty"": 0.30968612648327193}, {""sector"": ""NIFTY_REALTY"", ""ltp"": 919.95, ""return_pct"": 0.23425582915668894, ""rs_vs_nifty"": 0.23425582915668894}, {""sector"": ""NIFTY_ENERGY"", ""ltp"": 38324.7, ""return_pct"": 0.03615163850449297, ""rs_vs_nifty"": 0.03615163850449297}, {""sector"": ""NIFTY_AUTO"", ""ltp"": 29207.35, ""return_pct"": -0.03268656154486927, ""rs_vs_nifty"": -0.03268656154486927}, {""sector"": ""NIFTY_METAL"", ""ltp"": 13363.65, ""return_pct"": -0.06468595529564575, ""rs_vs_nifty"": -0.06468595529564575}, {""sector"": ""NIFTY_FMCG"", ""ltp"": 47607.55, ""return_pct"": -0.20835538637450976, ""rs_vs_nifty"": -0.20835538637450976}, {""sector"": ""NIFTY_INFRA"", ""ltp"": 9364.65, ""return_pct"": -0.390369468214679, ""rs_vs_nifty"": -0.390369468214679}, {""sector"": ""NIFTY_IT"", ""ltp"": 30641.0, ""return_pct"": -0.4250645071136537, ""rs_vs_nifty"": -0.4250645071136537}]"
2026-08-26 10:44:20,NORMAL,24329.3,,0,24342.107160197127,,,False,True,"[[""NIFTY_PSU_BANK"", 1.2395901739378012, 1.2395901739378012], [""NIFTY_FIN_SERVICE"", 0.7873295754363756, 0.7873295754363756], [""NIFTY_BANK"", 0.783806433889375, 0.783806433889375]]",[],"[{""sector"": ""NIFTY_PSU_BANK"", ""ltp"": 8710.3, ""return_pct"": 1.2395901739378012, ""rs_vs_nifty"": 1.2395901739378012}, {""sector"": ""NIFTY_FIN_SERVICE"", ""ltp"": 26453.6, ""return_pct"": 0.7873295754363756, ""rs_vs_nifty"": 0.7873295754363756}, {""sector"": ""NIFTY_BANK"", ""ltp"": 57965.0, ""return_pct"": 0.783806433889375, ""rs_vs_nifty"": 0.783806433889375}, {""sector"": ""NIFTY_MEDIA"", ""ltp"": 1618.9, ""return_pct"": 0.5527950310559063, ""rs_vs_nifty"": 0.5527950310559063}, {""sector"": ""NIFTY_PHARMA"", ""ltp"": 26681.6, ""return_pct"": 0.44270441198614124, ""rs_vs_nifty"": 0.44270441198614124}, {""sector"": ""NIFTY_HEALTHCARE"", ""ltp"": 16654.95, ""return_pct"": 0.3464387601709901, ""rs_vs_nifty"": 0.3464387601709901}, {""sector"": ""NIFTY_REALTY"", ""ltp"": 919.45, ""return_pct"": 0.17977772935281008, ""rs_vs_nifty"": 0.17977772935281008}, {""sector"": ""NIFTY_ENERGY"", ""ltp"": 38342.9, ""return_pct"": 0.08365776274868063, ""rs_vs_nifty"": 0.08365776274868063}, {""sector"": ""NIFTY_METAL"", ""ltp"": 13373.8, ""return_pct"": 0.011217217681326325, ""rs_vs_nifty"": 0.011217217681326325}, {""sector"": ""NIFTY_AUTO"", ""ltp"": 29220.1, ""return_pct"": 0.010952565124969074, ""rs_vs_nifty"": 0.010952565124969074}, {""sector"": ""NIFTY_FMCG"", ""ltp"": 47617.9, ""return_pct"": -0.1866604341715319, ""rs_vs_nifty"": -0.1866604341715319}, {""sector"": ""NIFTY_INFRA"", ""ltp"": 9369.6, ""return_pct"": -0.3377174554718205, ""rs_vs_nifty"": -0.3377174554718205}, {""sector"": ""NIFTY_IT"", ""ltp"": 30627.4, ""return_pct"": -0.4692608167217966, ""rs_vs_nifty"": -0.4692608167217966}]"
2026-08-26 10:46:05,NORMAL,24314.4,,0,24341.82393315191,,,False,True,"[[""NIFTY_PSU_BANK"", 1.191935980659384, 1.191935980659384], [""NIFTY_BANK"", 0.7207785207826988, 0.7207785207826988], [""NIFTY_FIN_SERVICE"", 0.699509847810883, 0.699509847810883]]","[[""NIFTY_IT"", -0.5405923605378904, -0.5405923605378904]]","[{""sector"": ""NIFTY_PSU_BANK"", ""ltp"": 8706.2, ""return_pct"": 1.191935980659384, ""rs_vs_nifty"": 1.191935980659384}, {""sector"": ""NIFTY_BANK"", ""ltp"": 57928.75, ""return_pct"": 0.7207785207826988, ""rs_vs_nifty"": 0.7207785207826988}, {""sector"": ""NIFTY_FIN_SERVICE"", ""ltp"": 26430.55, ""return_pct"": 0.699509847810883, ""rs_vs_nifty"": 0.699509847810883}, {""sector"": ""NIFTY_MEDIA"", ""ltp"": 1618.8, ""return_pct"": 0.5465838509316743, ""rs_vs_nifty"": 0.5465838509316743}, {""sector"": ""NIFTY_PHARMA"", ""ltp"": 26683.9, ""return_pct"": 0.4513627465743165, ""rs_vs_nifty"": 0.4513627465743165}, {""sector"": ""NIFTY_HEALTHCARE"", ""ltp"": 16653.85, ""return_pct"": 0.33981123606335806, ""rs_vs_nifty"": 0.33981123606335806}, {""sector"": ""NIFTY_ENERGY"", ""ltp"": 38335.2, ""return_pct"": 0.06355901787613312, ""rs_vs_nifty"": 0.06355901787613312}, {""sector"": ""NIFTY_REALTY"", ""ltp"": 918.3, ""return_pct"": 0.05447809980387885, ""rs_vs_nifty"": 0.05447809980387885}, {""sector"": ""NIFTY_METAL"", ""ltp"": 13373.85, ""return_pct"": 0.011591124937378697, ""rs_vs_nifty"": 0.011591124937378697}, {""sector"": ""NIFTY_AUTO"", ""ltp"": 29207.8, ""return_pct"": -0.031146357074166606, ""rs_vs_nifty"": -0.031146357074166606}, {""sector"": ""NIFTY_FMCG"", ""ltp"": 47586.55, ""return_pct"": -0.2523741299747609, ""rs_vs_nifty"": -0.2523741299747609}, {""sector"": ""NIFTY_INFRA"", ""ltp"": 9364.05, ""return_pct"": -0.39675153036533145, ""rs_vs_nifty"": -0.39675153036533145}, {""sector"": ""NIFTY_IT"", ""ltp"": 30605.45, ""return_pct"": -0.5405923605378904, ""rs_vs_nifty"": -0.5405923605378904}]"
2026-08-26 10:47:58,NORMAL,24316.35,,0,24341.656256804297,,,False,True,"[[""NIFTY_PSU_BANK"", 1.2262237538719034, 1.2262237538719034], [""NIFTY_BANK"", 0.7439901798164653, 0.7439901798164653], [""NIFTY_FIN_SERVICE"", 0.7317040646627485, 0.7317040646627485]]","[[""NIFTY_IT"", -0.5402673876731293, -0.5402673876731293]]","[{""sector"": ""NIFTY_PSU_BANK"", ""ltp"": 8709.15, ""return_pct"": 1.2262237538719034, ""rs_vs_nifty"": 1.2262237538719034}, {""sector"": ""NIFTY_BANK"", ""ltp"": 57942.1, ""return_pct"": 0.7439901798164653, ""rs_vs_nifty"": 0.7439901798164653}, {""sector"": ""NIFTY_FIN_SERVICE"", ""ltp"": 26439.0, ""return_pct"": 0.7317040646627485, ""rs_vs_nifty"": 0.7317040646627485}, {""sector"": ""NIFTY_MEDIA"", ""ltp"": 1619.1, ""return_pct"": 0.5652173913043422, ""rs_vs_nifty"": 0.5652173913043422}, {""sector"": ""NIFTY_PHARMA"", ""ltp"": 26674.05, ""return_pct"": 0.41428248757716934, ""rs_vs_nifty"": 0.41428248757716934}, {""sector"": ""NIFTY_HEALTHCARE"", ""ltp"": 16648.6, ""return_pct"": 0.30817987100426764, ""rs_vs_nifty"": 0.30817987100426764}, {""sector"": ""NIFTY_REALTY"", ""ltp"": 919.75, ""return_pct"": 0.21246458923513245, ""rs_vs_nifty"": 0.21246458923513245}, {""sector"": ""NIFTY_ENERGY"", ""ltp"": 38328.65, ""return_pct"": 0.046462033601454705, ""rs_vs_nifty"": 0.046462033601454705}, {""sector"": ""NIFTY_AUTO"", ""ltp"": 29211.7, ""return_pct"": -0.017797918328093423, ""rs_vs_nifty"": -0.017797918328093423}, {""sector"": ""NIFTY_METAL"", ""ltp"": 13368.25, ""return_pct"": -0.030286487739575634, ""rs_vs_nifty"": -0.030286487739575634}, {""sector"": ""NIFTY_FMCG"", ""ltp"": 47593.25, ""return_pct"": -0.23833005463563925, ""rs_vs_nifty"": -0.23833005463563925}, {""sector"": ""NIFTY_INFRA"", ""ltp"": 9362.4, ""return_pct"": -0.4143022012796112, ""rs_vs_nifty"": -0.4143022012796112}, {""sector"": ""NIFTY_IT"", ""ltp"": 30605.55, ""return_pct"": -0.5402673876731293, ""rs_vs_nifty"": -0.5402673876731293}]"
2026-08-26 10:49:38,NORMAL,24321.1,,0,24341.537516575918,,,False,True,"[[""NIFTY_PSU_BANK"", 1.1930982780564021, 1.1930982780564021], [""NIFTY_BANK"", 0.73860020655769, 0.73860020655769], [""NIFTY_FIN_SERVICE"", 0.7336090479084209, 0.7336090479084209]]","[[""NIFTY_IT"", -0.5513164650751592, -0.5513164650751592]]","[{""sector"": ""NIFTY_PSU_BANK"", ""ltp"": 8706.3, ""return_pct"": 1.1930982780564021, ""rs_vs_nifty"": 1.1930982780564021}, {""sector"": ""NIFTY_BANK"", ""ltp"": 57939.0, ""return_pct"": 0.73860020655769, ""rs_vs_nifty"": 0.73860020655769}, {""sector"": ""NIFTY_FIN_SERVICE"", ""ltp"": 26439.5, ""return_pct"": 0.7336090479084209, ""rs_vs_nifty"": 0.7336090479084209}, {""sector"": ""NIFTY_MEDIA"", ""ltp"": 1619.25, ""return_pct"": 0.5745341614906833, ""rs_vs_nifty"": 0.5745341614906833}, {""sector"": ""NIFTY_PHARMA"", ""ltp"": 26669.4, ""return_pct"": 0.39677759373588867, ""rs_vs_nifty"": 0.39677759373588867}, {""sector"": ""NIFTY_HEALTHCARE"", ""ltp"": 16648.1, ""return_pct"": 0.305167360046259, ""rs_vs_nifty"": 0.305167360046259}, {""sector"": ""NIFTY_REALTY"", ""ltp"": 919.25, ""return_pct"": 0.1579864894312536, ""rs_vs_nifty"": 0.1579864894312536}, {""sector"": ""NIFTY_ENERGY"", ""ltp"": 38336.2, ""return_pct"": 0.06616924448295598, ""rs_vs_nifty"": 0.06616924448295598}, {""sector"": ""NIFTY_AUTO"", ""ltp"": 29224.15, ""return_pct"": 0.024814405361280625, ""rs_vs_nifty"": 0.024814405361280625}, {""sector"": ""NIFTY_METAL"", ""ltp"": 13373.95, ""return_pct"": 0.012338939449469838, ""rs_vs_nifty"": 0.012338939449469838}, {""sector"": ""NIFTY_FMCG"", ""ltp"": 47588.3, ""return_pct"": -0.2487059013414066, ""rs_vs_nifty"": -0.2487059013414066}, {""sector"": ""NIFTY_INFRA"", ""ltp"": 9365.75, ""return_pct"": -0.3786690209384861, ""rs_vs_nifty"": -0.3786690209384861}, {""sector"": ""NIFTY_IT"", ""ltp"": 30602.15, ""return_pct"": -0.5513164650751592, ""rs_vs_nifty"": -0.5513164650751592}]"
2026-08-26 10:51:31,NORMAL,24317.25,,0,24341.302756508154,,,False,True,"[[""NIFTY_PSU_BANK"", 1.1570670587483347, 1.1570670587483347], [""NIFTY_FIN_SERVICE"", 0.7139877204779901, 0.7139877204779901], [""NIFTY_BANK"", 0.7043477958486876, 0.7043477958486876]]","[[""NIFTY_IT"", -0.5776392671211954, -0.5776392671211954]]","[{""sector"": ""NIFTY_PSU_BANK"", ""ltp"": 8703.2, ""return_pct"": 1.1570670587483347, ""rs_vs_nifty"": 1.1570670587483347}, {""sector"": ""NIFTY_FIN_SERVICE"", ""ltp"": 26434.35, ""return_pct"": 0.7139877204779901, ""rs_vs_nifty"": 0.7139877204779901}, {""sector"": ""NIFTY_BANK"", ""ltp"": 57919.3, ""return_pct"": 0.7043477958486876, ""rs_vs_nifty"": 0.7043477958486876}, {""sector"": ""NIFTY_MEDIA"", ""ltp"": 1619.8, ""return_pct"": 0.6086956521739103, ""rs_vs_nifty"": 0.6086956521739103}, {""sector"": ""NIFTY_PHARMA"", ""ltp"": 26667.45, ""return_pct"": 0.38943683180244215, ""rs_vs_nifty"": 0.38943683180244215}, {""sector"": ""NIFTY_HEALTHCARE"", ""ltp"": 16651.45, ""return_pct"": 0.3253511834649298, ""rs_vs_nifty"": 0.3253511834649298}, {""sector"": ""NIFTY_REALTY"", ""ltp"": 918.85, ""return_pct"": 0.114404009588153, ""rs_vs_nifty"": 0.114404009588153}, {""sector"": ""NIFTY_ENERGY"", ""ltp"": 38333.55, ""return_pct"": 0.05925214397489057, ""rs_vs_nifty"": 0.05925214397489057}, {""sector"": ""NIFTY_AUTO"", ""ltp"": 29226.7, ""return_pct"": 0.033542230695245805, ""rs_vs_nifty"": 0.033542230695245805}, {""sector"": ""NIFTY_METAL"", ""ltp"": 13375.35, ""return_pct"": 0.02280834261870502, ""rs_vs_nifty"": 0.02280834261870502}, {""sector"": ""NIFTY_FMCG"", ""ltp"": 47592.85, ""return_pct"": -0.23916850689469468, ""rs_vs_nifty"": -0.23916850689469468}, {""sector"": ""NIFTY_INFRA"", ""ltp"": 9364.75, ""return_pct"": -0.38930579118956704, ""rs_vs_nifty"": -0.38930579118956704}, {""sector"": ""NIFTY_IT"", ""ltp"": 30594.05, ""return_pct"": -0.5776392671211954, ""rs_vs_nifty"": -0.5776392671211954}]"
2026-08-26 10:53:16,NORMAL,24316.45,,0,24341.0318711796,,,False,True,"[[""NIFTY_PSU_BANK"", 1.1204546907417159, 1.1204546907417159], [""NIFTY_BANK"", 0.7097377691074628, 0.7097377691074628], [""NIFTY_FIN_SERVICE"", 0.7038913092759349, 0.7038913092759349]]","[[""NIFTY_IT"", -0.5851136430108063, -0.5851136430108063]]","[{""sector"": ""NIFTY_PSU_BANK"", ""ltp"": 8700.05, ""return_pct"": 1.1204546907417159, ""rs_vs_nifty"": 1.1204546907417159}, {""sector"": ""NIFTY_BANK"", ""ltp"": 57922.4, ""return_pct"": 0.7097377691074628, ""rs_vs_nifty"": 0.7097377691074628}, {""sector"": ""NIFTY_FIN_SERVICE"", ""ltp"": 26431.7, ""return_pct"": 0.7038913092759349, ""rs_vs_nifty"": 0.7038913092759349}, {""sector"": ""NIFTY_MEDIA"", ""ltp"": 1618.45, ""return_pct"": 0.5248447204968972, ""rs_vs_nifty"": 0.5248447204968972}, {""sector"": ""NIFTY_PHARMA"", ""ltp"": 26665.6, ""return_pct"": 0.38247251919891034, ""rs_vs_nifty"": 0.38247251919891034}, {""sector"": ""NIFTY_HEALTHCARE"", ""ltp"": 16649.4, ""return_pct"": 0.3129998885370989, ""rs_vs_nifty"": 0.3129998885370989}, {""sector"": ""NIFTY_REALTY"", ""ltp"": 919.2, ""return_pct"": 0.15253867945087068, ""rs_vs_nifty"": 0.15253867945087068}, {""sector"": ""NIFTY_ENERGY"", ""ltp"": 38332.85, ""return_pct"": 0.057424985350103167, ""rs_vs_nifty"": 0.057424985350103167}, {""sector"": ""NIFTY_AUTO"", ""ltp"": 29229.6, ""return_pct"": 0.043467992839750585, ""rs_vs_nifty"": 0.043467992839750585}, {""sector"": ""NIFTY_METAL"", ""ltp"": 13374.15, ""return_pct"": 0.013834568473638523, ""rs_vs_nifty"": 0.013834568473638523}, {""sector"": ""NIFTY_FMCG"", ""ltp"": 47568.95, ""return_pct"": -0.28926602937307877, ""rs_vs_nifty"": -0.28926602937307877}, {""sector"": ""NIFTY_INFRA"", ""ltp"": 9365.45, ""return_pct"": -0.38186005201380263, ""rs_vs_nifty"": -0.38186005201380263}, {""sector"": ""NIFTY_IT"", ""ltp"": 30591.75, ""return_pct"": -0.5851136430108063, ""rs_vs_nifty"": -0.5851136430108063}]"
2026-08-26 10:55:14,NORMAL,24319.65,,0,24340.6524542129,,,False,True,"[[""NIFTY_PSU_BANK"", 1.0855857688306665, 1.0855857688306665], [""NIFTY_FIN_SERVICE"", 0.7088442657146803, 0.7088442657146803], [""NIFTY_BANK"", 0.6627059056719931, 0.6627059056719931]]","[[""NIFTY_IT"", -0.5721147284201745, -0.5721147284201745]]","[{""sector"": ""NIFTY_PSU_BANK"", ""ltp"": 8697.05, ""return_pct"": 1.0855857688306665, ""rs_vs_nifty"": 1.0855857688306665}, {""sector"": ""NIFTY_FIN_SERVICE"", ""ltp"": 26433.0, ""return_pct"": 0.7088442657146803, ""rs_vs_nifty"": 0.7088442657146803}, {""sector"": ""NIFTY_BANK"", ""ltp"": 57895.35, ""return_pct"": 0.6627059056719931, ""rs_vs_nifty"": 0.6627059056719931}, {""sector"": ""NIFTY_MEDIA"", ""ltp"": 1618.4, ""return_pct"": 0.5217391304347883, ""rs_vs_nifty"": 0.5217391304347883}, {""sector"": ""NIFTY_PHARMA"", ""ltp"": 26682.4, ""return_pct"": 0.4457160066255137, ""rs_vs_nifty"": 0.4457160066255137}, {""sector"": ""NIFTY_HEALTHCARE"", ""ltp"": 16657.45, ""return_pct"": 0.36150131496103316, ""rs_vs_nifty"": 0.36150131496103316}, {""sector"": ""NIFTY_REALTY"", ""ltp"": 920.45, ""return_pct"": 0.28873392896056777, ""rs_vs_nifty"": 0.28873392896056777}, {""sector"": ""NIFTY_AUTO"", ""ltp"": 29254.2, ""return_pct"": 0.1276658372380344, ""rs_vs_nifty"": 0.1276658372380344}, {""sector"": ""NIFTY_ENERGY"", ""ltp"": 38334.3, ""return_pct"": 0.061209813930007725, ""rs_vs_nifty"": 0.061209813930007725}, {""sector"": ""NIFTY_METAL"", ""ltp"": 13376.75, ""return_pct"": 0.033277745787940204, ""rs_vs_nifty"": 0.033277745787940204}, {""sector"": ""NIFTY_FMCG"", ""ltp"": 47577.1, ""return_pct"": -0.27218256459488305, ""rs_vs_nifty"": -0.27218256459488305}, {""sector"": ""NIFTY_INFRA"", ""ltp"": 9365.5, ""return_pct"": -0.38132821350125634, ""rs_vs_nifty"": -0.38132821350125634}, {""sector"": ""NIFTY_IT"", ""ltp"": 30595.75, ""return_pct"": -0.5721147284201745, ""rs_vs_nifty"": -0.5721147284201745}]"
2026-08-26 10:56:57,NORMAL,24319.9,,0,24340.44975958706,,,False,True,"[[""NIFTY_PSU_BANK"", 1.1076694193743482, 1.1076694193743482], [""NIFTY_FIN_SERVICE"", 0.7155117070745335, 0.7155117070745335], [""NIFTY_BANK"", 0.6877432008095443, 0.6877432008095443]]","[[""NIFTY_IT"", -0.635484437049504, -0.635484437049504]]","[{""sector"": ""NIFTY_PSU_BANK"", ""ltp"": 8698.95, ""return_pct"": 1.1076694193743482, ""rs_vs_nifty"": 1.1076694193743482}, {""sector"": ""NIFTY_FIN_SERVICE"", ""ltp"": 26434.75, ""return_pct"": 0.7155117070745335, ""rs_vs_nifty"": 0.7155117070745335}, {""sector"": ""NIFTY_BANK"", ""ltp"": 57909.75, ""return_pct"": 0.6877432008095443, ""rs_vs_nifty"": 0.6877432008095443}, {""sector"": ""NIFTY_MEDIA"", ""ltp"": 1619.6, ""return_pct"": 0.5962732919254602, ""rs_vs_nifty"": 0.5962732919254602}, {""sector"": ""NIFTY_PHARMA"", ""ltp"": 26669.4, ""return_pct"": 0.39677759373588867, ""rs_vs_nifty"": 0.39677759373588867}, {""sector"": ""NIFTY_HEALTHCARE"", ""ltp"": 16653.25, ""return_pct"": 0.33619622291375645, ""rs_vs_nifty"": 0.33619622291375645}, {""sector"": ""NIFTY_REALTY"", ""ltp"": 920.4, ""return_pct"": 0.2832861189801725, ""rs_vs_nifty"": 0.2832861189801725}, {""sector"": ""NIFTY_AUTO"", ""ltp"": 29255.05, ""return_pct"": 0.13057511234935196, ""rs_vs_nifty"": 0.13057511234935196}, {""sector"": ""NIFTY_ENERGY"", ""ltp"": 38335.4, ""return_pct"": 0.06408106319750909, ""rs_vs_nifty"": 0.06408106319750909}, {""sector"": ""NIFTY_METAL"", ""ltp"": 13375.75, ""return_pct"": 0.025799600667055986, ""rs_vs_nifty"": 0.025799600667055986}, {""sector"": ""NIFTY_FMCG"", ""ltp"": 47574.7, ""return_pct"": -0.2772132781492005, ""rs_vs_nifty"": -0.2772132781492005}, {""sector"": ""NIFTY_INFRA"", ""ltp"": 9367.5, ""return_pct"": -0.3600546729990944, ""rs_vs_nifty"": -0.3600546729990944}, {""sector"": ""NIFTY_IT"", ""ltp"": 30576.25, ""return_pct"": -0.635484437049504, ""rs_vs_nifty"": -0.635484437049504}]"
2026-08-26 10:58:52,NORMAL,24325.4,,0,24340.32815389496,,,False,True,"[[""NIFTY_PSU_BANK"", 1.1152243524550711, 1.1152243524550711], [""NIFTY_FIN_SERVICE"", 0.7145592154516973, 0.7145592154516973], [""NIFTY_BANK"", 0.675224553240775, 0.675224553240775]]","[[""NIFTY_IT"", -0.6306098440780171, -0.6306098440780171]]","[{""sector"": ""NIFTY_PSU_BANK"", ""ltp"": 8699.6, ""return_pct"": 1.1152243524550711, ""rs_vs_nifty"": 1.1152243524550711}, {""sector"": ""NIFTY_FIN_SERVICE"", ""ltp"": 26434.5, ""return_pct"": 0.7145592154516973, ""rs_vs_nifty"": 0.7145592154516973}, {""sector"": ""NIFTY_BANK"", ""ltp"": 57902.55, ""return_pct"": 0.675224553240775, ""rs_vs_nifty"": 0.675224553240775}, {""sector"": ""NIFTY_MEDIA"", ""ltp"": 1620.1, ""return_pct"": 0.6273291925465783, ""rs_vs_nifty"": 0.6273291925465783}, {""sector"": ""NIFTY_PHARMA"", ""ltp"": 26678.05, ""return_pct"": 0.4293404607739771, ""rs_vs_nifty"": 0.4293404607739771}, {""sector"": ""NIFTY_HEALTHCARE"", ""ltp"": 16659.45, ""return_pct"": 0.3735513587930676, ""rs_vs_nifty"": 0.3735513587930676}, {""sector"": ""NIFTY_REALTY"", ""ltp"": 920.65, ""return_pct"": 0.3105251688821119, ""rs_vs_nifty"": 0.3105251688821119}, {""sector"": ""NIFTY_AUTO"", ""ltp"": 29256.3, ""return_pct"": 0.1348534581012969, ""rs_vs_nifty"": 0.1348534581012969}, {""sector"": ""NIFTY_ENERGY"", ""ltp"": 38348.45, ""return_pct"": 0.09814452041653618, ""rs_vs_nifty"": 0.09814452041653618}, {""sector"": ""NIFTY_METAL"", ""ltp"": 13382.35, ""return_pct"": 0.07515535846489453, ""rs_vs_nifty"": 0.07515535846489453}, {""sector"": ""NIFTY_FMCG"", ""ltp"": 47590.1, ""return_pct"": -0.24493286617567997, ""rs_vs_nifty"": -0.24493286617567997}, {""sector"": ""NIFTY_INFRA"", ""ltp"": 9372.6, ""return_pct"": -0.3058071447185777, ""rs_vs_nifty"": -0.3058071447185777}, {""sector"": ""NIFTY_IT"", ""ltp"": 30577.75, ""return_pct"": -0.6306098440780171, ""rs_vs_nifty"": -0.6306098440780171}]"
2026-08-26 11:00:34,NORMAL,24316.5,,0,24340.069497513534,,,False,True,"[[""NIFTY_PSU_BANK"", 1.0896538097202932, 1.0896538097202932], [""NIFTY_FIN_SERVICE"", 0.6907469248807928, 0.6907469248807928], [""NIFTY_BANK"", 0.6574898025183372, 0.6574898025183372]]","[[""NIFTY_IT"", -0.6660318863374931, -0.6660318863374931]]","[{""sector"": ""NIFTY_PSU_BANK"", ""ltp"": 8697.4, ""return_pct"": 1.0896538097202932, ""rs_vs_nifty"": 1.0896538097202932}, {""sector"": ""NIFTY_FIN_SERVICE"", ""ltp"": 26428.25, ""return_pct"": 0.6907469248807928, ""rs_vs_nifty"": 0.6907469248807928}, {""sector"": ""NIFTY_BANK"", ""ltp"": 57892.35, ""return_pct"": 0.6574898025183372, ""rs_vs_nifty"": 0.6574898025183372}, {""sector"": ""NIFTY_MEDIA"", ""ltp"": 1620.25, ""return_pct"": 0.6366459627329193, ""rs_vs_nifty"": 0.6366459627329193}, {""sector"": ""NIFTY_PHARMA"", ""ltp"": 26673.2, ""return_pct"": 0.4110826682728532, ""rs_vs_nifty"": 0.4110826682728532}, {""sector"": ""NIFTY_HEALTHCARE"", ""ltp"": 16656.4, ""return_pct"": 0.35517504194921945, ""rs_vs_nifty"": 0.35517504194921945}, {""sector"": ""NIFTY_REALTY"", ""ltp"": 920.05, ""return_pct"": 0.2451514491174548, ""rs_vs_nifty"": 0.2451514491174548}, {""sector"": ""NIFTY_AUTO"", ""ltp"": 29241.2, ""return_pct"": 0.08317104141780705, ""rs_vs_nifty"": 0.08317104141780705}, {""sector"": ""NIFTY_METAL"", ""ltp"": 13383.2, ""return_pct"": 0.08151178181764884, ""rs_vs_nifty"": 0.08151178181764884}, {""sector"": ""NIFTY_ENERGY"", ""ltp"": 38341.35, ""return_pct"": 0.07961191150809757, ""rs_vs_nifty"": 0.07961191150809757}, {""sector"": ""NIFTY_FMCG"", ""ltp"": 47581.0, ""return_pct"": -0.26400765506911905, ""rs_vs_nifty"": -0.26400765506911905}, {""sector"": ""NIFTY_INFRA"", ""ltp"": 9369.4, ""return_pct"": -0.33984480952204443, ""rs_vs_nifty"": -0.33984480952204443}, {""sector"": ""NIFTY_IT"", ""ltp"": 30566.85, ""return_pct"": -0.6660318863374931, ""rs_vs_nifty"": -0.6660318863374931}]"
2026-08-26 11:19:06,NORMAL,24307.9,,0,24337.39959678861,,,False,True,"[[""NIFTY_PSU_BANK"", 0.9774921109064219, 0.9774921109064219], [""NIFTY_FIN_SERVICE"", 0.7023673226793915, 0.7023673226793915], [""NIFTY_BANK"", 0.6889602915453923, 0.6889602915453923]]","[[""NIFTY_IT"", -0.8332304252594838, -0.8332304252594838]]","[{""sector"": ""NIFTY_PSU_BANK"", ""ltp"": 8687.75, ""return_pct"": 0.9774921109064219, ""rs_vs_nifty"": 0.9774921109064219}, {""sector"": ""NIFTY_FIN_SERVICE"", ""ltp"": 26431.3, ""return_pct"": 0.7023673226793915, ""rs_vs_nifty"": 0.7023673226793915}, {""sector"": ""NIFTY_BANK"", ""ltp"": 57910.45, ""return_pct"": 0.6889602915453923, ""rs_vs_nifty"": 0.6889602915453923}, {""sector"": ""NIFTY_MEDIA"", ""ltp"": 1620.95, ""return_pct"": 0.6801242236024874, ""rs_vs_nifty"": 0.6801242236024874}, {""sector"": ""NIFTY_PHARMA"", ""ltp"": 26656.2, ""return_pct"": 0.34708628218642046, ""rs_vs_nifty"": 0.34708628218642046}, {""sector"": ""NIFTY_HEALTHCARE"", ""ltp"": 16643.8, ""return_pct"": 0.27925976580738937, ""rs_vs_nifty"": 0.27925976580738937}, {""sector"": ""NIFTY_REALTY"", ""ltp"": 919.45, ""return_pct"": 0.17977772935281008, ""rs_vs_nifty"": 0.17977772935281008}, {""sector"": ""NIFTY_METAL"", ""ltp"": 13391.35, ""return_pct"": 0.14245866455285247, ""rs_vs_nifty"": 0.14245866455285247}, {""sector"": ""NIFTY_ENERGY"", ""ltp"": 38314.3, ""return_pct"": 0.009005281793550302, ""rs_vs_nifty"": 0.009005281793550302}, {""sector"": ""NIFTY_AUTO"", ""ltp"": 29193.2, ""return_pct"": -0.08111743545687847, ""rs_vs_nifty"": -0.08111743545687847}, {""sector"": ""NIFTY_FMCG"", ""ltp"": 47526.1, ""return_pct"": -0.3790852276240643, ""rs_vs_nifty"": -0.3790852276240643}, {""sector"": ""NIFTY_INFRA"", ""ltp"": 9359.65, ""return_pct"": -0.4435533194700838, ""rs_vs_nifty"": -0.4435533194700838}, {""sector"": ""NIFTY_IT"", ""ltp"": 30515.4, ""return_pct"": -0.8332304252594838, ""rs_vs_nifty"": -0.8332304252594838}]"
2026-08-26 11:20:42,NORMAL,24309.1,,0,24337.211128991552,,,False,True,"[[""NIFTY_PSU_BANK"", 0.9833035978915968, 0.9833035978915968], [""NIFTY_FIN_SERVICE"", 0.7137972221534256, 0.7137972221534256], [""NIFTY_MEDIA"", 0.7049689440993733, 0.7049689440993733]]","[[""NIFTY_IT"", -0.8504539870920803, -0.8504539870920803]]","[{""sector"": ""NIFTY_PSU_BANK"", ""ltp"": 8688.25, ""return_pct"": 0.9833035978915968, ""rs_vs_nifty"": 0.9833035978915968}, {""sector"": ""NIFTY_FIN_SERVICE"", ""ltp"": 26434.3, ""return_pct"": 0.7137972221534256, ""rs_vs_nifty"": 0.7137972221534256}, {""sector"": ""NIFTY_MEDIA"", ""ltp"": 1621.35, ""return_pct"": 0.7049689440993733, ""rs_vs_nifty"": 0.7049689440993733}, {""sector"": ""NIFTY_BANK"", ""ltp"": 57911.15, ""return_pct"": 0.690177382281253, ""rs_vs_nifty"": 0.690177382281253}, {""sector"": ""NIFTY_PHARMA"", ""ltp"": 26664.4, ""return_pct"": 0.377955127239879, ""rs_vs_nifty"": 0.377955127239879}, {""sector"": ""NIFTY_HEALTHCARE"", ""ltp"": 16647.25, ""return_pct"": 0.30004609141765315, ""rs_vs_nifty"": 0.30004609141765315}, {""sector"": ""NIFTY_REALTY"", ""ltp"": 919.55, ""return_pct"": 0.19067334931357596, ""rs_vs_nifty"": 0.19067334931357596}, {""sector"": ""NIFTY_METAL"", ""ltp"": 13390.3, ""return_pct"": 0.13460661217591588, ""rs_vs_nifty"": 0.13460661217591588}, {""sector"": ""NIFTY_ENERGY"", ""ltp"": 38312.25, ""return_pct"": 0.003654317249555818, ""rs_vs_nifty"": 0.003654317249555818}, {""sector"": ""NIFTY_AUTO"", ""ltp"": 29197.5, ""return_pct"": -0.06639992607019038, ""rs_vs_nifty"": -0.06639992607019038}, {""sector"": ""NIFTY_FMCG"", ""ltp"": 47524.6, ""return_pct"": -0.3822294235955108, ""rs_vs_nifty"": -0.3822294235955108}, {""sector"": ""NIFTY_INFRA"", ""ltp"": 9360.05, ""return_pct"": -0.43929861136965526, ""rs_vs_nifty"": -0.43929861136965526}, {""sector"": ""NIFTY_IT"", ""ltp"": 30510.1, ""return_pct"": -0.8504539870920803, ""rs_vs_nifty"": -0.8504539870920803}]"
2026-08-26 11:22:39,NORMAL,24307.45,,0,24336.809698719215,,,False,True,"[[""NIFTY_PSU_BANK"", 0.9705183265242078, 0.9705183265242078], [""NIFTY_FIN_SERVICE"", 0.7204646635132789, 0.7204646635132789], [""NIFTY_MEDIA"", 0.6987577639751553, 0.6987577639751553]]","[[""NIFTY_IT"", -0.841842206175782, -0.841842206175782]]","[{""sector"": ""NIFTY_PSU_BANK"", ""ltp"": 8687.15, ""return_pct"": 0.9705183265242078, ""rs_vs_nifty"": 0.9705183265242078}, {""sector"": ""NIFTY_FIN_SERVICE"", ""ltp"": 26436.05, ""return_pct"": 0.7204646635132789, ""rs_vs_nifty"": 0.7204646635132789}, {""sector"": ""NIFTY_MEDIA"", ""ltp"": 1621.25, ""return_pct"": 0.6987577639751553, ""rs_vs_nifty"": 0.6987577639751553}, {""sector"": ""NIFTY_BANK"", ""ltp"": 57911.8, ""return_pct"": 0.6913075379645476, ""rs_vs_nifty"": 0.6913075379645476}, {""sector"": ""NIFTY_PHARMA"", ""ltp"": 26671.55, ""return_pct"": 0.40487125432916454, ""rs_vs_nifty"": 0.40487125432916454}, {""sector"": ""NIFTY_HEALTHCARE"", ""ltp"": 16652.7, ""return_pct"": 0.3328824608599513, ""rs_vs_nifty"": 0.3328824608599513}, {""sector"": ""NIFTY_REALTY"", ""ltp"": 919.7, ""return_pct"": 0.2070167792547495, ""rs_vs_nifty"": 0.2070167792547495}, {""sector"": ""NIFTY_METAL"", ""ltp"": 13385.25, ""return_pct"": 0.09684197931545604, ""rs_vs_nifty"": 0.09684197931545604}, {""sector"": ""NIFTY_ENERGY"", ""ltp"": 38309.95, ""return_pct"": -0.0023492039461443827, ""rs_vs_nifty"": -0.0023492039461443827}, {""sector"": ""NIFTY_AUTO"", ""ltp"": 29191.95, ""return_pct"": -0.08539578120882341, ""rs_vs_nifty"": -0.08539578120882341}, {""sector"": ""NIFTY_FMCG"", ""ltp"": 47515.45, ""return_pct"": -0.4014090190213376, ""rs_vs_nifty"": -0.4014090190213376}, {""sector"": ""NIFTY_INFRA"", ""ltp"": 9356.8, ""return_pct"": -0.4738681146856685, ""rs_vs_nifty"": -0.4738681146856685}, {""sector"": ""NIFTY_IT"", ""ltp"": 30512.75, ""return_pct"": -0.841842206175782, ""rs_vs_nifty"": -0.841842206175782}]"
2026-08-26 11:24:19,NORMAL,24305.15,,0,24336.41743263623,,,False,True,"[[""NIFTY_PSU_BANK"", 0.9751675161123435, 0.9751675161123435], [""NIFTY_FIN_SERVICE"", 0.7269416065485675, 0.7269416065485675], [""NIFTY_BANK"", 0.7030437700602735, 0.7030437700602735]]","[[""NIFTY_IT"", -0.8644278202770068, -0.8644278202770068], [""NIFTY_INFRA"", -0.5031192328761411, -0.5031192328761411]]","[{""sector"": ""NIFTY_PSU_BANK"", ""ltp"": 8687.55, ""return_pct"": 0.9751675161123435, ""rs_vs_nifty"": 0.9751675161123435}, {""sector"": ""NIFTY_FIN_SERVICE"", ""ltp"": 26437.75, ""return_pct"": 0.7269416065485675, ""rs_vs_nifty"": 0.7269416065485675}, {""sector"": ""NIFTY_BANK"", ""ltp"": 57918.55, ""return_pct"": 0.7030437700602735, ""rs_vs_nifty"": 0.7030437700602735}, {""sector"": ""NIFTY_MEDIA"", ""ltp"": 1620.7, ""return_pct"": 0.6645962732919283, ""rs_vs_nifty"": 0.6645962732919283}, {""sector"": ""NIFTY_PHARMA"", ""ltp"": 26668.8, ""return_pct"": 0.39451889775635923, ""rs_vs_nifty"": 0.39451889775635923}, {""sector"": ""NIFTY_HEALTHCARE"", ""ltp"": 16650.25, ""return_pct"": 0.31812115716570477, ""rs_vs_nifty"": 0.31812115716570477}, {""sector"": ""NIFTY_REALTY"", ""ltp"": 919.55, ""return_pct"": 0.19067334931357596, ""rs_vs_nifty"": 0.19067334931357596}, {""sector"": ""NIFTY_METAL"", ""ltp"": 13385.75, ""return_pct"": 0.10058105187589815, ""rs_vs_nifty"": 0.10058105187589815}, {""sector"": ""NIFTY_ENERGY"", ""ltp"": 38302.95, ""return_pct"": -0.020620790193904483, ""rs_vs_nifty"": -0.020620790193904483}, {""sector"": ""NIFTY_AUTO"", ""ltp"": 29196.25, ""return_pct"": -0.07067827182213532, ""rs_vs_nifty"": -0.07067827182213532}, {""sector"": ""NIFTY_FMCG"", ""ltp"": 47528.65, ""return_pct"": -0.37374009447259915, ""rs_vs_nifty"": -0.37374009447259915}, {""sector"": ""NIFTY_INFRA"", ""ltp"": 9354.05, ""return_pct"": -0.5031192328761411, ""rs_vs_nifty"": -0.5031192328761411}, {""sector"": ""NIFTY_IT"", ""ltp"": 30505.8, ""return_pct"": -0.8644278202770068, ""rs_vs_nifty"": -0.8644278202770068}]"
2026-08-26 11:26:18,NORMAL,24304.1,,0,24336.095376613794,,,False,True,"[[""NIFTY_PSU_BANK"", 0.8967124418124823, 0.8967124418124823], [""NIFTY_FIN_SERVICE"", 0.7337995462329853, 0.7337995462329853], [""NIFTY_BANK"", 0.6729642418741857, 0.6729642418741857]]","[[""NIFTY_IT"", -0.9167484515042947, -0.9167484515042947]]","[{""sector"": ""NIFTY_PSU_BANK"", ""ltp"": 8680.8, ""return_pct"": 0.8967124418124823, ""rs_vs_nifty"": 0.8967124418124823}, {""sector"": ""NIFTY_FIN_SERVICE"", ""ltp"": 26439.55, ""return_pct"": 0.7337995462329853, ""rs_vs_nifty"": 0.7337995462329853}, {""sector"": ""NIFTY_BANK"", ""ltp"": 57901.25, ""return_pct"": 0.6729642418741857, ""rs_vs_nifty"": 0.6729642418741857}, {""sector"": ""NIFTY_MEDIA"", ""ltp"": 1620.6, ""return_pct"": 0.6583850931676962, ""rs_vs_nifty"": 0.6583850931676962}, {""sector"": ""NIFTY_PHARMA"", ""ltp"": 26664.65, ""return_pct"": 0.37889625056467946, ""rs_vs_nifty"": 0.37889625056467946}, {""sector"": ""NIFTY_HEALTHCARE"", ""ltp"": 16646.9, ""return_pct"": 0.2979373337470559, ""rs_vs_nifty"": 0.2979373337470559}, {""sector"": ""NIFTY_REALTY"", ""ltp"": 920.4, ""return_pct"": 0.2832861189801725, ""rs_vs_nifty"": 0.2832861189801725}, {""sector"": ""NIFTY_METAL"", ""ltp"": 13382.6, ""return_pct"": 0.07702489474511559, ""rs_vs_nifty"": 0.07702489474511559}, {""sector"": ""NIFTY_ENERGY"", ""ltp"": 38305.4, ""return_pct"": -0.014225735007177052, ""rs_vs_nifty"": -0.014225735007177052}, {""sector"": ""NIFTY_AUTO"", ""ltp"": 29195.1, ""return_pct"": -0.07461434991392964, ""rs_vs_nifty"": -0.07461434991392964}, {""sector"": ""NIFTY_FMCG"", ""ltp"": 47522.5, ""return_pct"": -0.3866312979555329, ""rs_vs_nifty"": -0.3866312979555329}, {""sector"": ""NIFTY_INFRA"", ""ltp"": 9355.05, ""return_pct"": -0.4924824626250601, ""rs_vs_nifty"": -0.4924824626250601}, {""sector"": ""NIFTY_IT"", ""ltp"": 30489.7, ""return_pct"": -0.9167484515042947, ""rs_vs_nifty"": -0.9167484515042947}]"
2026-08-26 11:27:54,NORMAL,24302.85,,0,24335.87545215383,,,False,True,"[[""NIFTY_PSU_BANK"", 0.9089165644813624, 0.9089165644813624], [""NIFTY_FIN_SERVICE"", 0.7385620043471662, 0.7385620043471662], [""NIFTY_BANK"", 0.6827009677610076, 0.6827009677610076]]","[[""NIFTY_IT"", -1.008878258665404, -1.008878258665404], [""NIFTY_INFRA"", -0.5222654193280791, -0.5222654193280791]]","[{""sector"": ""NIFTY_PSU_BANK"", ""ltp"": 8681.85, ""return_pct"": 0.9089165644813624, ""rs_vs_nifty"": 0.9089165644813624}, {""sector"": ""NIFTY_FIN_SERVICE"", ""ltp"": 26440.8, ""return_pct"": 0.7385620043471662, ""rs_vs_nifty"": 0.7385620043471662}, {""sector"": ""NIFTY_BANK"", ""ltp"": 57906.85, ""return_pct"": 0.6827009677610076, ""rs_vs_nifty"": 0.6827009677610076}, {""sector"": ""NIFTY_MEDIA"", ""ltp"": 1620.05, ""return_pct"": 0.6242236024844692, ""rs_vs_nifty"": 0.6242236024844692}, {""sector"": ""NIFTY_PHARMA"", ""ltp"": 26662.8, ""return_pct"": 0.3719319379611477, ""rs_vs_nifty"": 0.3719319379611477}, {""sector"": ""NIFTY_HEALTHCARE"", ""ltp"": 16644.45, ""return_pct"": 0.2831760300528093, ""rs_vs_nifty"": 0.2831760300528093}, {""sector"": ""NIFTY_REALTY"", ""ltp"": 920.15, ""return_pct"": 0.25604706907823305, ""rs_vs_nifty"": 0.25604706907823305}, {""sector"": ""NIFTY_METAL"", ""ltp"": 13380.25, ""return_pct"": 0.05945125371103496, ""rs_vs_nifty"": 0.05945125371103496}, {""sector"": ""NIFTY_ENERGY"", ""ltp"": 38299.85, ""return_pct"": -0.028712492675051583, ""rs_vs_nifty"": -0.028712492675051583}, {""sector"": ""NIFTY_AUTO"", ""ltp"": 29188.25, ""return_pct"": -0.09805968463458292, ""rs_vs_nifty"": -0.09805968463458292}, {""sector"": ""NIFTY_FMCG"", ""ltp"": 47520.35, ""return_pct"": -0.3911379788479426, ""rs_vs_nifty"": -0.3911379788479426}, {""sector"": ""NIFTY_INFRA"", ""ltp"": 9352.25, ""return_pct"": -0.5222654193280791, ""rs_vs_nifty"": -0.5222654193280791}, {""sector"": ""NIFTY_IT"", ""ltp"": 30461.35, ""return_pct"": -1.008878258665404, ""rs_vs_nifty"": -1.008878258665404}]"
2026-08-26 11:29:50,NORMAL,24307.6,,0,24335.527095432608,,,False,True,"[[""NIFTY_PSU_BANK"", 0.8961312931139733, 0.8961312931139733], [""NIFTY_FIN_SERVICE"", 0.7442769540841833, 0.7442769540841833], [""NIFTY_BANK"", 0.6846135389173457, 0.6846135389173457]]","[[""NIFTY_IT"", -0.9637070304629539, -0.9637070304629539]]","[{""sector"": ""NIFTY_PSU_BANK"", ""ltp"": 8680.75, ""return_pct"": 0.8961312931139733, ""rs_vs_nifty"": 0.8961312931139733}, {""sector"": ""NIFTY_FIN_SERVICE"", ""ltp"": 26442.3, ""return_pct"": 0.7442769540841833, ""rs_vs_nifty"": 0.7442769540841833}, {""sector"": ""NIFTY_BANK"", ""ltp"": 57907.95, ""return_pct"": 0.6846135389173457, ""rs_vs_nifty"": 0.6846135389173457}, {""sector"": ""NIFTY_MEDIA"", ""ltp"": 1619.6, ""return_pct"": 0.5962732919254602, ""rs_vs_nifty"": 0.5962732919254602}, {""sector"": ""NIFTY_PHARMA"", ""ltp"": 26663.5, ""return_pct"": 0.37456708327059174, ""rs_vs_nifty"": 0.37456708327059174}, {""sector"": ""NIFTY_REALTY"", ""ltp"": 920.5, ""return_pct"": 0.2941817389409507, ""rs_vs_nifty"": 0.2941817389409507}, {""sector"": ""NIFTY_HEALTHCARE"", ""ltp"": 16644.3, ""return_pct"": 0.28227227676539796, ""rs_vs_nifty"": 0.28227227676539796}, {""sector"": ""NIFTY_METAL"", ""ltp"": 13382.85, ""return_pct"": 0.07889443102533665, ""rs_vs_nifty"": 0.07889443102533665}, {""sector"": ""NIFTY_ENERGY"", ""ltp"": 38298.3, ""return_pct"": -0.03275834391561564, ""rs_vs_nifty"": -0.03275834391561564}, {""sector"": ""NIFTY_AUTO"", ""ltp"": 29200.2, ""return_pct"": -0.05715869924598683, ""rs_vs_nifty"": -0.05715869924598683}, {""sector"": ""NIFTY_FMCG"", ""ltp"": 47509.3, ""return_pct"": -0.4143002225042561, ""rs_vs_nifty"": -0.4143002225042561}, {""sector"": ""NIFTY_INFRA"", ""ltp"": 9356.3, ""return_pct"": -0.4791864998112089, ""rs_vs_nifty"": -0.4791864998112089}, {""sector"": ""NIFTY_IT"", ""ltp"": 30475.25, ""return_pct"": -0.9637070304629539, ""rs_vs_nifty"": -0.9637070304629539}]"
2026-08-26 11:31:31,NORMAL,24301.05,,0,24335.260660626267,,,False,True,"[[""NIFTY_PSU_BANK"", 0.913565754069498, 0.913565754069498], [""NIFTY_FIN_SERVICE"", 0.7277035998468393, 0.7277035998468393], [""NIFTY_BANK"", 0.6662702428269964, 0.6662702428269964]]","[[""NIFTY_IT"", -1.1063701180951413, -1.1063701180951413], [""NIFTY_INFRA"", -0.5105649720518862, -0.5105649720518862]]","[{""sector"": ""NIFTY_PSU_BANK"", ""ltp"": 8682.25, ""return_pct"": 0.913565754069498, ""rs_vs_nifty"": 0.913565754069498}, {""sector"": ""NIFTY_FIN_SERVICE"", ""ltp"": 26437.95, ""return_pct"": 0.7277035998468393, ""rs_vs_nifty"": 0.7277035998468393}, {""sector"": ""NIFTY_BANK"", ""ltp"": 57897.4, ""return_pct"": 0.6662702428269964, ""rs_vs_nifty"": 0.6662702428269964}, {""sector"": ""NIFTY_MEDIA"", ""ltp"": 1619.45, ""return_pct"": 0.5869565217391333, ""rs_vs_nifty"": 0.5869565217391333}, {""sector"": ""NIFTY_REALTY"", ""ltp"": 920.6, ""return_pct"": 0.30507735890172893, ""rs_vs_nifty"": 0.30507735890172893}, {""sector"": ""NIFTY_PHARMA"", ""ltp"": 26642.1, ""return_pct"": 0.29400692666766504, ""rs_vs_nifty"": 0.29400692666766504}, {""sector"": ""NIFTY_HEALTHCARE"", ""ltp"": 16633.3, ""return_pct"": 0.21599703568920856, ""rs_vs_nifty"": 0.21599703568920856}, {""sector"": ""NIFTY_METAL"", ""ltp"": 13386.15, ""return_pct"": 0.10357230992424911, ""rs_vs_nifty"": 0.10357230992424911}, {""sector"": ""NIFTY_ENERGY"", ""ltp"": 38289.85, ""return_pct"": -0.054814758743280304, ""rs_vs_nifty"": -0.054814758743280304}, {""sector"": ""NIFTY_AUTO"", ""ltp"": 29199.45, ""return_pct"": -0.05972570669715379, ""rs_vs_nifty"": -0.05972570669715379}, {""sector"": ""NIFTY_FMCG"", ""ltp"": 47502.9, ""return_pct"": -0.42771545864909755, ""rs_vs_nifty"": -0.42771545864909755}, {""sector"": ""NIFTY_INFRA"", ""ltp"": 9353.35, ""return_pct"": -0.5105649720518862, ""rs_vs_nifty"": -0.5105649720518862}, {""sector"": ""NIFTY_IT"", ""ltp"": 30431.35, ""return_pct"": -1.1063701180951413, ""rs_vs_nifty"": -1.1063701180951413}]"
2026-08-26 11:33:29,NORMAL,24298.8,,0,24334.861640454288,,,False,True,"[[""NIFTY_PSU_BANK"", 0.9385551481057458, 0.9385551481057458], [""NIFTY_FIN_SERVICE"", 0.7286560914696755, 0.7286560914696755], [""NIFTY_BANK"", 0.6572289973606519, 0.6572289973606519]]","[[""NIFTY_IT"", -1.03910073508862, -1.03910073508862], [""NIFTY_INFRA"", -0.5201380652778551, -0.5201380652778551]]","[{""sector"": ""NIFTY_PSU_BANK"", ""ltp"": 8684.4, ""return_pct"": 0.9385551481057458, ""rs_vs_nifty"": 0.9385551481057458}, {""sector"": ""NIFTY_FIN_SERVICE"", ""ltp"": 26438.2, ""return_pct"": 0.7286560914696755, ""rs_vs_nifty"": 0.7286560914696755}, {""sector"": ""NIFTY_BANK"", ""ltp"": 57892.2, ""return_pct"": 0.6572289973606519, ""rs_vs_nifty"": 0.6572289973606519}, {""sector"": ""NIFTY_MEDIA"", ""ltp"": 1618.65, ""return_pct"": 0.5372670807453472, ""rs_vs_nifty"": 0.5372670807453472}, {""sector"": ""NIFTY_PHARMA"", ""ltp"": 26642.7, ""return_pct"": 0.2962656226471944, ""rs_vs_nifty"": 0.2962656226471944}, {""sector"": ""NIFTY_REALTY"", ""ltp"": 920.35, ""return_pct"": 0.2778383089997895, ""rs_vs_nifty"": 0.2778383089997895}, {""sector"": ""NIFTY_HEALTHCARE"", ""ltp"": 16634.75, ""return_pct"": 0.22473331746743788, ""rs_vs_nifty"": 0.22473331746743788}, {""sector"": ""NIFTY_METAL"", ""ltp"": 13384.9, ""return_pct"": 0.09422462852314385, ""rs_vs_nifty"": 0.09422462852314385}, {""sector"": ""NIFTY_ENERGY"", ""ltp"": 38280.0, ""return_pct"": -0.08052549082048178, ""rs_vs_nifty"": -0.08052549082048178}, {""sector"": ""NIFTY_AUTO"", ""ltp"": 29186.1, ""return_pct"": -0.10541843932793317, ""rs_vs_nifty"": -0.10541843932793317}, {""sector"": ""NIFTY_FMCG"", ""ltp"": 47499.35, ""return_pct"": -0.4351567224481937, ""rs_vs_nifty"": -0.4351567224481937}, {""sector"": ""NIFTY_INFRA"", ""ltp"": 9352.45, ""return_pct"": -0.5201380652778551, ""rs_vs_nifty"": -0.5201380652778551}, {""sector"": ""NIFTY_IT"", ""ltp"": 30452.05, ""return_pct"": -1.03910073508862, ""rs_vs_nifty"": -1.03910073508862}]"
2026-08-26 11:35:06,NORMAL,24301.45,,0,24334.58160841131,,,False,True,"[[""NIFTY_PSU_BANK"", 0.965287988237563, 0.965287988237563], [""NIFTY_FIN_SERVICE"", 0.748086920575528, 0.748086920575528], [""NIFTY_BANK"", 0.6840049935494217, 0.6840049935494217]]","[[""NIFTY_IT"", -1.0525871089763934, -1.0525871089763934], [""NIFTY_INFRA"", -0.5105649720518862, -0.5105649720518862]]","[{""sector"": ""NIFTY_PSU_BANK"", ""ltp"": 8686.7, ""return_pct"": 0.965287988237563, ""rs_vs_nifty"": 0.965287988237563}, {""sector"": ""NIFTY_FIN_SERVICE"", ""ltp"": 26443.3, ""return_pct"": 0.748086920575528, ""rs_vs_nifty"": 0.748086920575528}, {""sector"": ""NIFTY_BANK"", ""ltp"": 57907.6, ""return_pct"": 0.6840049935494217, ""rs_vs_nifty"": 0.6840049935494217}, {""sector"": ""NIFTY_MEDIA"", ""ltp"": 1619.0, ""return_pct"": 0.5590062111801243, ""rs_vs_nifty"": 0.5590062111801243}, {""sector"": ""NIFTY_PHARMA"", ""ltp"": 26641.4, ""return_pct"": 0.29137178135823466, ""rs_vs_nifty"": 0.29137178135823466}, {""sector"": ""NIFTY_REALTY"", ""ltp"": 920.05, ""return_pct"": 0.2451514491174548, ""rs_vs_nifty"": 0.2451514491174548}, {""sector"": ""NIFTY_HEALTHCARE"", ""ltp"": 16633.45, ""return_pct"": 0.21690078897661988, ""rs_vs_nifty"": 0.21690078897661988}, {""sector"": ""NIFTY_METAL"", ""ltp"": 13383.25, ""return_pct"": 0.08188568907368761, ""rs_vs_nifty"": 0.08188568907368761}, {""sector"": ""NIFTY_ENERGY"", ""ltp"": 38280.1, ""return_pct"": -0.08026446815980329, ""rs_vs_nifty"": -0.08026446815980329}, {""sector"": ""NIFTY_AUTO"", ""ltp"": 29184.05, ""return_pct"": -0.11243492636112037, ""rs_vs_nifty"": -0.11243492636112037}, {""sector"": ""NIFTY_FMCG"", ""ltp"": 47498.15, ""return_pct"": -0.43767207922534485, ""rs_vs_nifty"": -0.43767207922534485}, {""sector"": ""NIFTY_INFRA"", ""ltp"": 9353.35, ""return_pct"": -0.5105649720518862, ""rs_vs_nifty"": -0.5105649720518862}, {""sector"": ""NIFTY_IT"", ""ltp"": 30447.9, ""return_pct"": -1.0525871089763934, ""rs_vs_nifty"": -1.0525871089763934}]"
2026-08-26 11:36:58,NORMAL,24307.35,,0,24334.30862557404,,,False,True,"[[""NIFTY_PSU_BANK"", 1.0344446833611318, 1.0344446833611318], [""NIFTY_FIN_SERVICE"", 0.781805124023937, 0.781805124023937], [""NIFTY_BANK"", 0.7101724443702675, 0.7101724443702675]]","[[""NIFTY_IT"", -0.9832054023489016, -0.9832054023489016], [""NIFTY_INFRA"", -0.5047147484137994, -0.5047147484137994]]","[{""sector"": ""NIFTY_PSU_BANK"", ""ltp"": 8692.65, ""return_pct"": 1.0344446833611318, ""rs_vs_nifty"": 1.0344446833611318}, {""sector"": ""NIFTY_FIN_SERVICE"", ""ltp"": 26452.15, ""return_pct"": 0.781805124023937, ""rs_vs_nifty"": 0.781805124023937}, {""sector"": ""NIFTY_BANK"", ""ltp"": 57922.65, ""return_pct"": 0.7101724443702675, ""rs_vs_nifty"": 0.7101724443702675}, {""sector"": ""NIFTY_MEDIA"", ""ltp"": 1618.45, ""return_pct"": 0.5248447204968972, ""rs_vs_nifty"": 0.5248447204968972}, {""sector"": ""NIFTY_REALTY"", ""ltp"": 920.75, ""return_pct"": 0.32142078884289016, ""rs_vs_nifty"": 0.32142078884289016}, {""sector"": ""NIFTY_PHARMA"", ""ltp"": 26624.0, ""return_pct"": 0.2258695979521156, ""rs_vs_nifty"": 0.2258695979521156}, {""sector"": ""NIFTY_HEALTHCARE"", ""ltp"": 16623.9, ""return_pct"": 0.15936182967865983, ""rs_vs_nifty"": 0.15936182967865983}, {""sector"": ""NIFTY_METAL"", ""ltp"": 13386.3, ""return_pct"": 0.10469403169237902, ""rs_vs_nifty"": 0.10469403169237902}, {""sector"": ""NIFTY_ENERGY"", ""ltp"": 38284.85, ""return_pct"": -0.06786589177739465, ""rs_vs_nifty"": -0.06786589177739465}, {""sector"": ""NIFTY_AUTO"", ""ltp"": 29196.65, ""return_pct"": -0.06930920118150796, ""rs_vs_nifty"": -0.06930920118150796}, {""sector"": ""NIFTY_FMCG"", ""ltp"": 47506.0, ""return_pct"": -0.4212174536414445, ""rs_vs_nifty"": -0.4212174536414445}, {""sector"": ""NIFTY_INFRA"", ""ltp"": 9353.9, ""return_pct"": -0.5047147484137994, ""rs_vs_nifty"": -0.5047147484137994}, {""sector"": ""NIFTY_IT"", ""ltp"": 30469.25, ""return_pct"": -0.9832054023489016, ""rs_vs_nifty"": -0.9832054023489016}]"
2026-08-26 11:38:41,NORMAL,24312.2,,0,24334.068542299752,,,False,True,"[[""NIFTY_PSU_BANK"", 1.0268897502804086, 1.0268897502804086], [""NIFTY_FIN_SERVICE"", 0.8229527621304571, 0.8229527621304571], [""NIFTY_BANK"", 0.7305152466695207, 0.7305152466695207]]","[[""NIFTY_IT"", -0.9988040998576573, -0.9988040998576573], [""NIFTY_INFRA"", -0.5100331335393399, -0.5100331335393399]]","[{""sector"": ""NIFTY_PSU_BANK"", ""ltp"": 8692.0, ""return_pct"": 1.0268897502804086, ""rs_vs_nifty"": 1.0268897502804086}, {""sector"": ""NIFTY_FIN_SERVICE"", ""ltp"": 26462.95, ""return_pct"": 0.8229527621304571, ""rs_vs_nifty"": 0.8229527621304571}, {""sector"": ""NIFTY_BANK"", ""ltp"": 57934.35, ""return_pct"": 0.7305152466695207, ""rs_vs_nifty"": 0.7305152466695207}, {""sector"": ""NIFTY_MEDIA"", ""ltp"": 1618.85, ""return_pct"": 0.5496894409937831, ""rs_vs_nifty"": 0.5496894409937831}, {""sector"": ""NIFTY_REALTY"", ""ltp"": 920.6, ""return_pct"": 0.30507735890172893, ""rs_vs_nifty"": 0.30507735890172893}, {""sector"": ""NIFTY_PHARMA"", ""ltp"": 26624.1, ""return_pct"": 0.22624604728203038, ""rs_vs_nifty"": 0.22624604728203038}, {""sector"": ""NIFTY_HEALTHCARE"", ""ltp"": 16622.95, ""return_pct"": 0.1536380588584391, ""rs_vs_nifty"": 0.1536380588584391}, {""sector"": ""NIFTY_METAL"", ""ltp"": 13387.15, ""return_pct"": 0.11105045504513333, ""rs_vs_nifty"": 0.11105045504513333}, {""sector"": ""NIFTY_AUTO"", ""ltp"": 29202.45, ""return_pct"": -0.049457676892485945, ""rs_vs_nifty"": -0.049457676892485945}, {""sector"": ""NIFTY_ENERGY"", ""ltp"": 38285.2, ""return_pct"": -0.06695231246501045, ""rs_vs_nifty"": -0.06695231246501045}, {""sector"": ""NIFTY_FMCG"", ""ltp"": 47509.95, ""return_pct"": -0.4129377375833081, ""rs_vs_nifty"": -0.4129377375833081}, {""sector"": ""NIFTY_INFRA"", ""ltp"": 9353.4, ""return_pct"": -0.5100331335393399, ""rs_vs_nifty"": -0.5100331335393399}, {""sector"": ""NIFTY_IT"", ""ltp"": 30464.45, ""return_pct"": -0.9988040998576573, ""rs_vs_nifty"": -0.9988040998576573}]"
2026-08-26 11:40:35,NORMAL,24309.35,,0,24333.878988486842,,,False,True,"[[""NIFTY_PSU_BANK"", 1.0437430625374242, 1.0437430625374242], [""NIFTY_FIN_SERVICE"", 0.8130468492529525, 0.8130468492529525], [""NIFTY_BANK"", 0.7417298684498886, 0.7417298684498886]]","[[""NIFTY_IT"", -0.9940919933185508, -0.9940919933185508], [""NIFTY_INFRA"", -0.5025873943635754, -0.5025873943635754]]","[{""sector"": ""NIFTY_PSU_BANK"", ""ltp"": 8693.45, ""return_pct"": 1.0437430625374242, ""rs_vs_nifty"": 1.0437430625374242}, {""sector"": ""NIFTY_FIN_SERVICE"", ""ltp"": 26460.35, ""return_pct"": 0.8130468492529525, ""rs_vs_nifty"": 0.8130468492529525}, {""sector"": ""NIFTY_BANK"", ""ltp"": 57940.8, ""return_pct"": 0.7417298684498886, ""rs_vs_nifty"": 0.7417298684498886}, {""sector"": ""NIFTY_MEDIA"", ""ltp"": 1618.35, ""return_pct"": 0.5186335403726652, ""rs_vs_nifty"": 0.5186335403726652}, {""sector"": ""NIFTY_REALTY"", ""ltp"": 920.55, ""return_pct"": 0.29962954892133364, ""rs_vs_nifty"": 0.29962954892133364}, {""sector"": ""NIFTY_PHARMA"", ""ltp"": 26631.65, ""return_pct"": 0.2546679716910159, ""rs_vs_nifty"": 0.2546679716910159}, {""sector"": ""NIFTY_HEALTHCARE"", ""ltp"": 16628.7, ""return_pct"": 0.1882819348755381, ""rs_vs_nifty"": 0.1882819348755381}, {""sector"": ""NIFTY_METAL"", ""ltp"": 13388.45, ""return_pct"": 0.12077204370229098, ""rs_vs_nifty"": 0.12077204370229098}, {""sector"": ""NIFTY_ENERGY"", ""ltp"": 38286.65, ""return_pct"": -0.0631674838851059, ""rs_vs_nifty"": -0.0631674838851059}, {""sector"": ""NIFTY_AUTO"", ""ltp"": 29196.3, ""return_pct"": -0.07050713799206001, ""rs_vs_nifty"": -0.07050713799206001}, {""sector"": ""NIFTY_FMCG"", ""ltp"": 47502.05, ""return_pct"": -0.4294971696995809, ""rs_vs_nifty"": -0.4294971696995809}, {""sector"": ""NIFTY_INFRA"", ""ltp"": 9354.1, ""return_pct"": -0.5025873943635754, ""rs_vs_nifty"": -0.5025873943635754}, {""sector"": ""NIFTY_IT"", ""ltp"": 30465.9, ""return_pct"": -0.9940919933185508, ""rs_vs_nifty"": -0.9940919933185508}]"
2026-08-26 11:42:21,NORMAL,24308.2,,0,24333.75206018724,,,False,True,"[[""NIFTY_PSU_BANK"", 1.0454865086329723, 1.0454865086329723], [""NIFTY_FIN_SERVICE"", 0.8048554212965696, 0.8048554212965696], [""NIFTY_BANK"", 0.6865261100736963, 0.6865261100736963]]","[[""NIFTY_IT"", -1.016190148122634, -1.016190148122634], [""NIFTY_INFRA"", -0.5132241646146565, -0.5132241646146565]]","[{""sector"": ""NIFTY_PSU_BANK"", ""ltp"": 8693.6, ""return_pct"": 1.0454865086329723, ""rs_vs_nifty"": 1.0454865086329723}, {""sector"": ""NIFTY_FIN_SERVICE"", ""ltp"": 26458.2, ""return_pct"": 0.8048554212965696, ""rs_vs_nifty"": 0.8048554212965696}, {""sector"": ""NIFTY_BANK"", ""ltp"": 57909.05, ""return_pct"": 0.6865261100736963, ""rs_vs_nifty"": 0.6865261100736963}, {""sector"": ""NIFTY_MEDIA"", ""ltp"": 1619.15, ""return_pct"": 0.5683229813664653, ""rs_vs_nifty"": 0.5683229813664653}, {""sector"": ""NIFTY_REALTY"", ""ltp"": 920.45, ""return_pct"": 0.28873392896056777, ""rs_vs_nifty"": 0.28873392896056777}, {""sector"": ""NIFTY_PHARMA"", ""ltp"": 26630.35, ""return_pct"": 0.2497741304020424, ""rs_vs_nifty"": 0.2497741304020424}, {""sector"": ""NIFTY_HEALTHCARE"", ""ltp"": 16626.85, ""return_pct"": 0.1771356443308931, ""rs_vs_nifty"": 0.1771356443308931}, {""sector"": ""NIFTY_METAL"", ""ltp"": 13392.7, ""return_pct"": 0.15255416046604892, ""rs_vs_nifty"": 0.15255416046604892}, {""sector"": ""NIFTY_ENERGY"", ""ltp"": 38286.2, ""return_pct"": -0.06434208585818757, ""rs_vs_nifty"": -0.06434208585818757}, {""sector"": ""NIFTY_AUTO"", ""ltp"": 29192.25, ""return_pct"": -0.0843689782283591, ""rs_vs_nifty"": -0.0843689782283591}, {""sector"": ""NIFTY_FMCG"", ""ltp"": 47516.2, ""return_pct"": -0.3998369210356143, ""rs_vs_nifty"": -0.3998369210356143}, {""sector"": ""NIFTY_INFRA"", ""ltp"": 9353.1, ""return_pct"": -0.5132241646146565, ""rs_vs_nifty"": -0.5132241646146565}, {""sector"": ""NIFTY_IT"", ""ltp"": 30459.1, ""return_pct"": -1.016190148122634, ""rs_vs_nifty"": -1.016190148122634}]"
2026-08-26 11:44:15,NORMAL,24308.75,,0,24333.651409696347,,,False,True,"[[""NIFTY_PSU_BANK"", 1.0594340773973796, 1.0594340773973796], [""NIFTY_FIN_SERVICE"", 0.790949043603156, 0.790949043603156], [""NIFTY_BANK"", 0.6789627605008851, 0.6789627605008851]]","[[""NIFTY_IT"", -0.9736187028383083, -0.9736187028383083]]","[{""sector"": ""NIFTY_PSU_BANK"", ""ltp"": 8694.8, ""return_pct"": 1.0594340773973796, ""rs_vs_nifty"": 1.0594340773973796}, {""sector"": ""NIFTY_FIN_SERVICE"", ""ltp"": 26454.55, ""return_pct"": 0.790949043603156, ""rs_vs_nifty"": 0.790949043603156}, {""sector"": ""NIFTY_BANK"", ""ltp"": 57904.7, ""return_pct"": 0.6789627605008851, ""rs_vs_nifty"": 0.6789627605008851}, {""sector"": ""NIFTY_MEDIA"", ""ltp"": 1619.85, ""return_pct"": 0.6118012422360192, ""rs_vs_nifty"": 0.6118012422360192}, {""sector"": ""NIFTY_REALTY"", ""ltp"": 920.7, ""return_pct"": 0.3159729788625072, ""rs_vs_nifty"": 0.3159729788625072}, {""sector"": ""NIFTY_PHARMA"", ""ltp"": 26642.35, ""return_pct"": 0.29494804999246554, ""rs_vs_nifty"": 0.29494804999246554}, {""sector"": ""NIFTY_HEALTHCARE"", ""ltp"": 16634.5, ""return_pct"": 0.2232270619884336, ""rs_vs_nifty"": 0.2232270619884336}, {""sector"": ""NIFTY_METAL"", ""ltp"": 13392.35, ""return_pct"": 0.1499368096737367, ""rs_vs_nifty"": 0.1499368096737367}, {""sector"": ""NIFTY_ENERGY"", ""ltp"": 38292.0, ""return_pct"": -0.04920277153860733, ""rs_vs_nifty"": -0.04920277153860733}, {""sector"": ""NIFTY_AUTO"", ""ltp"": 29178.55, ""return_pct"": -0.1312596476696781, ""rs_vs_nifty"": -0.1312596476696781}, {""sector"": ""NIFTY_FMCG"", ""ltp"": 47523.15, ""return_pct"": -0.38526881303456967, ""rs_vs_nifty"": -0.38526881303456967}, {""sector"": ""NIFTY_INFRA"", ""ltp"": 9355.35, ""return_pct"": -0.4892914315497242, ""rs_vs_nifty"": -0.4892914315497242}, {""sector"": ""NIFTY_IT"", ""ltp"": 30472.2, ""return_pct"": -0.9736187028383083, ""rs_vs_nifty"": -0.9736187028383083}]"
2026-08-26 11:45:58,NORMAL,24308.0,,0,24333.553069712176,,,False,True,"[[""NIFTY_PSU_BANK"", 1.055366036507774, 1.055366036507774], [""NIFTY_FIN_SERVICE"", 0.7863770838135395, 0.7863770838135395], [""NIFTY_BANK"", 0.6891341616505243, 0.6891341616505243]]","[[""NIFTY_IT"", -0.9953918847776186, -0.9953918847776186]]","[{""sector"": ""NIFTY_PSU_BANK"", ""ltp"": 8694.45, ""return_pct"": 1.055366036507774, ""rs_vs_nifty"": 1.055366036507774}, {""sector"": ""NIFTY_FIN_SERVICE"", ""ltp"": 26453.35, ""return_pct"": 0.7863770838135395, ""rs_vs_nifty"": 0.7863770838135395}, {""sector"": ""NIFTY_BANK"", ""ltp"": 57910.55, ""return_pct"": 0.6891341616505243, ""rs_vs_nifty"": 0.6891341616505243}, {""sector"": ""NIFTY_MEDIA"", ""ltp"": 1619.25, ""return_pct"": 0.5745341614906833, ""rs_vs_nifty"": 0.5745341614906833}, {""sector"": ""NIFTY_REALTY"", ""ltp"": 921.0, ""return_pct"": 0.3486598387448296, ""rs_vs_nifty"": 0.3486598387448296}, {""sector"": ""NIFTY_PHARMA"", ""ltp"": 26640.2, ""return_pct"": 0.2868543893991896, ""rs_vs_nifty"": 0.2868543893991896}, {""sector"": ""NIFTY_HEALTHCARE"", ""ltp"": 16633.0, ""return_pct"": 0.21418952911440775, ""rs_vs_nifty"": 0.21418952911440775}, {""sector"": ""NIFTY_METAL"", ""ltp"": 13392.4, ""return_pct"": 0.15031071692977546, ""rs_vs_nifty"": 0.15031071692977546}, {""sector"": ""NIFTY_ENERGY"", ""ltp"": 38288.4, ""return_pct"": -0.05859958732316587, ""rs_vs_nifty"": -0.05859958732316587}, {""sector"": ""NIFTY_AUTO"", ""ltp"": 29185.95, ""return_pct"": -0.1059318408181591, ""rs_vs_nifty"": -0.1059318408181591}, {""sector"": ""NIFTY_FMCG"", ""ltp"": 47503.0, ""return_pct"": -0.4275058455843375, ""rs_vs_nifty"": -0.4275058455843375}, {""sector"": ""NIFTY_INFRA"", ""ltp"": 9355.0, ""return_pct"": -0.49301430113760647, ""rs_vs_nifty"": -0.49301430113760647}, {""sector"": ""NIFTY_IT"", ""ltp"": 30465.5, ""return_pct"": -0.9953918847776186, ""rs_vs_nifty"": -0.9953918847776186}]"
2026-08-26 11:47:55,NORMAL,24305.7,,0,24333.391244923707,,,False,True,"[[""NIFTY_PSU_BANK"", 1.050135698221108, 1.050135698221108], [""NIFTY_FIN_SERVICE"", 0.7819956223485015, 0.7819956223485015], [""NIFTY_MEDIA"", 0.7173913043478233, 0.7173913043478233]]","[[""NIFTY_IT"", -1.005953502882507, -1.005953502882507], [""NIFTY_INFRA"", -0.5126923261021101, -0.5126923261021101]]","[{""sector"": ""NIFTY_PSU_BANK"", ""ltp"": 8694.0, ""return_pct"": 1.050135698221108, ""rs_vs_nifty"": 1.050135698221108}, {""sector"": ""NIFTY_FIN_SERVICE"", ""ltp"": 26452.2, ""return_pct"": 0.7819956223485015, ""rs_vs_nifty"": 0.7819956223485015}, {""sector"": ""NIFTY_MEDIA"", ""ltp"": 1621.55, ""return_pct"": 0.7173913043478233, ""rs_vs_nifty"": 0.7173913043478233}, {""sector"": ""NIFTY_BANK"", ""ltp"": 57900.6, ""return_pct"": 0.6718340861908911, ""rs_vs_nifty"": 0.6718340861908911}, {""sector"": ""NIFTY_REALTY"", ""ltp"": 921.05, ""return_pct"": 0.3541076487252125, ""rs_vs_nifty"": 0.3541076487252125}, {""sector"": ""NIFTY_PHARMA"", ""ltp"": 26635.65, ""return_pct"": 0.2697259448878236, ""rs_vs_nifty"": 0.2697259448878236}, {""sector"": ""NIFTY_HEALTHCARE"", ""ltp"": 16630.0, ""return_pct"": 0.1961144633663561, ""rs_vs_nifty"": 0.1961144633663561}, {""sector"": ""NIFTY_METAL"", ""ltp"": 13394.4, ""return_pct"": 0.1652670071715439, ""rs_vs_nifty"": 0.1652670071715439}, {""sector"": ""NIFTY_ENERGY"", ""ltp"": 38281.15, ""return_pct"": -0.07752373022263168, ""rs_vs_nifty"": -0.07752373022263168}, {""sector"": ""NIFTY_AUTO"", ""ltp"": 29193.15, ""return_pct"": -0.08128856928695379, ""rs_vs_nifty"": -0.08128856928695379}, {""sector"": ""NIFTY_FMCG"", ""ltp"": 47500.0, ""return_pct"": -0.43379423752723056, ""rs_vs_nifty"": -0.43379423752723056}, {""sector"": ""NIFTY_INFRA"", ""ltp"": 9353.15, ""return_pct"": -0.5126923261021101, ""rs_vs_nifty"": -0.5126923261021101}, {""sector"": ""NIFTY_IT"", ""ltp"": 30462.25, ""return_pct"": -1.005953502882507, ""rs_vs_nifty"": -1.005953502882507}]"
2026-08-26 11:49:32,NORMAL,24299.75,,0,24333.230387188123,,,False,True,"[[""NIFTY_PSU_BANK"", 1.056528333904792, 1.056528333904792], [""NIFTY_FIN_SERVICE"", 0.7701847262253245, 0.7701847262253245], [""NIFTY_MEDIA"", 0.7391304347826143, 0.7391304347826143]]","[[""NIFTY_IT"", -1.0412130587095907, -1.0412130587095907], [""NIFTY_INFRA"", -0.5302429970163898, -0.5302429970163898]]","[{""sector"": ""NIFTY_PSU_BANK"", ""ltp"": 8694.55, ""return_pct"": 1.056528333904792, ""rs_vs_nifty"": 1.056528333904792}, {""sector"": ""NIFTY_FIN_SERVICE"", ""ltp"": 26449.1, ""return_pct"": 0.7701847262253245, ""rs_vs_nifty"": 0.7701847262253245}, {""sector"": ""NIFTY_MEDIA"", ""ltp"": 1621.9, ""return_pct"": 0.7391304347826143, ""rs_vs_nifty"": 0.7391304347826143}, {""sector"": ""NIFTY_BANK"", ""ltp"": 57891.8, ""return_pct"": 0.6565335169401745, ""rs_vs_nifty"": 0.6565335169401745}, {""sector"": ""NIFTY_REALTY"", ""ltp"": 921.05, ""return_pct"": 0.3541076487252125, ""rs_vs_nifty"": 0.3541076487252125}, {""sector"": ""NIFTY_PHARMA"", ""ltp"": 26632.25, ""return_pct"": 0.25692666767053157, ""rs_vs_nifty"": 0.25692666767053157}, {""sector"": ""NIFTY_HEALTHCARE"", ""ltp"": 16625.95, ""return_pct"": 0.17171312460649074, ""rs_vs_nifty"": 0.17171312460649074}, {""sector"": ""NIFTY_METAL"", ""ltp"": 13390.2, ""return_pct"": 0.13385879766383835, ""rs_vs_nifty"": 0.13385879766383835}, {""sector"": ""NIFTY_ENERGY"", ""ltp"": 38277.6, ""return_pct"": -0.08679003467686047, ""rs_vs_nifty"": -0.08679003467686047}, {""sector"": ""NIFTY_AUTO"", ""ltp"": 29177.45, ""return_pct"": -0.13502459193138466, ""rs_vs_nifty"": -0.13502459193138466}, {""sector"": ""NIFTY_FMCG"", ""ltp"": 47496.5, ""return_pct"": -0.44113069479393907, ""rs_vs_nifty"": -0.44113069479393907}, {""sector"": ""NIFTY_INFRA"", ""ltp"": 9351.5, ""return_pct"": -0.5302429970163898, ""rs_vs_nifty"": -0.5302429970163898}, {""sector"": ""NIFTY_IT"", ""ltp"": 30451.4, ""return_pct"": -1.0412130587095907, ""rs_vs_nifty"": -1.0412130587095907}]"
2026-08-26 11:51:28,NORMAL,24296.4,,0,24332.9547258782,,,False,True,"[[""NIFTY_PSU_BANK"", 1.0077118432293355, 1.0077118432293355], [""NIFTY_FIN_SERVICE"", 0.7652317697865791, 0.7652317697865791], [""NIFTY_MEDIA"", 0.6552795031055872, 0.6552795031055872]]","[[""NIFTY_IT"", -1.0207397682293482, -1.0207397682293482], [""NIFTY_INFRA"", -0.5680035314077194, -0.5680035314077194]]","[{""sector"": ""NIFTY_PSU_BANK"", ""ltp"": 8690.35, ""return_pct"": 1.0077118432293355, ""rs_vs_nifty"": 1.0077118432293355}, {""sector"": ""NIFTY_FIN_SERVICE"", ""ltp"": 26447.8, ""return_pct"": 0.7652317697865791, ""rs_vs_nifty"": 0.7652317697865791}, {""sector"": ""NIFTY_MEDIA"", ""ltp"": 1620.55, ""return_pct"": 0.6552795031055872, ""rs_vs_nifty"": 0.6552795031055872}, {""sector"": ""NIFTY_BANK"", ""ltp"": 57882.3, ""return_pct"": 0.6400158569535973, ""rs_vs_nifty"": 0.6400158569535973}, {""sector"": ""NIFTY_REALTY"", ""ltp"": 920.75, ""return_pct"": 0.32142078884289016, ""rs_vs_nifty"": 0.32142078884289016}, {""sector"": ""NIFTY_PHARMA"", ""ltp"": 26629.55, ""return_pct"": 0.2467625357626836, ""rs_vs_nifty"": 0.2467625357626836}, {""sector"": ""NIFTY_HEALTHCARE"", ""ltp"": 16624.5, ""return_pct"": 0.1629768428282614, ""rs_vs_nifty"": 0.1629768428282614}, {""sector"": ""NIFTY_METAL"", ""ltp"": 13382.65, ""return_pct"": 0.07739880200115436, ""rs_vs_nifty"": 0.07739880200115436}, {""sector"": ""NIFTY_ENERGY"", ""ltp"": 38272.6, ""return_pct"": -0.09984116771097483, ""rs_vs_nifty"": -0.09984116771097483}, {""sector"": ""NIFTY_AUTO"", ""ltp"": 29164.2, ""return_pct"": -0.18037505690200098, ""rs_vs_nifty"": -0.18037505690200098}, {""sector"": ""NIFTY_FMCG"", ""ltp"": 47489.35, ""return_pct"": -0.4561180289245038, ""rs_vs_nifty"": -0.4561180289245038}, {""sector"": ""NIFTY_INFRA"", ""ltp"": 9347.95, ""return_pct"": -0.5680035314077194, ""rs_vs_nifty"": -0.5680035314077194}, {""sector"": ""NIFTY_IT"", ""ltp"": 30457.7, ""return_pct"": -1.0207397682293482, ""rs_vs_nifty"": -1.0207397682293482}]"
2026-08-26 11:53:08,NORMAL,24294.3,,0,24332.67253981574,,,False,True,"[[""NIFTY_PSU_BANK"", 1.0315389398685442, 1.0315389398685442], [""NIFTY_FIN_SERVICE"", 0.7635172848654712, 0.7635172848654712], [""NIFTY_MEDIA"", 0.6677018633540373, 0.6677018633540373]]","[[""NIFTY_IT"", -1.0496623531935083, -1.0496623531935083], [""NIFTY_INFRA"", -0.5610896307445207, -0.5610896307445207]]","[{""sector"": ""NIFTY_PSU_BANK"", ""ltp"": 8692.4, ""return_pct"": 1.0315389398685442, ""rs_vs_nifty"": 1.0315389398685442}, {""sector"": ""NIFTY_FIN_SERVICE"", ""ltp"": 26447.35, ""return_pct"": 0.7635172848654712, ""rs_vs_nifty"": 0.7635172848654712}, {""sector"": ""NIFTY_MEDIA"", ""ltp"": 1620.75, ""return_pct"": 0.6677018633540373, ""rs_vs_nifty"": 0.6677018633540373}, {""sector"": ""NIFTY_BANK"", ""ltp"": 57889.55, ""return_pct"": 0.6526214395749326, ""rs_vs_nifty"": 0.6526214395749326}, {""sector"": ""NIFTY_REALTY"", ""ltp"": 921.35, ""return_pct"": 0.3867945086075472, ""rs_vs_nifty"": 0.3867945086075472}, {""sector"": ""NIFTY_PHARMA"", ""ltp"": 26630.75, ""return_pct"": 0.25127992772172864, ""rs_vs_nifty"": 0.25127992772172864}, {""sector"": ""NIFTY_HEALTHCARE"", ""ltp"": 16625.4, ""return_pct"": 0.16839936255268567, ""rs_vs_nifty"": 0.16839936255268567}, {""sector"": ""NIFTY_METAL"", ""ltp"": 13380.9, ""return_pct"": 0.06431204803960698, ""rs_vs_nifty"": 0.06431204803960698}, {""sector"": ""NIFTY_ENERGY"", ""ltp"": 38272.6, ""return_pct"": -0.09984116771097483, ""rs_vs_nifty"": -0.09984116771097483}, {""sector"": ""NIFTY_AUTO"", ""ltp"": 29162.3, ""return_pct"": -0.18687814244496226, ""rs_vs_nifty"": -0.18687814244496226}, {""sector"": ""NIFTY_FMCG"", ""ltp"": 47482.3, ""return_pct"": -0.4708957499902932, ""rs_vs_nifty"": -0.4708957499902932}, {""sector"": ""NIFTY_INFRA"", ""ltp"": 9348.6, ""return_pct"": -0.5610896307445207, ""rs_vs_nifty"": -0.5610896307445207}, {""sector"": ""NIFTY_IT"", ""ltp"": 30448.8, ""return_pct"": -1.0496623531935083, ""rs_vs_nifty"": -1.0496623531935083}]"
2026-08-26 11:55:10,NORMAL,24285.75,,0,24332.28077332285,,,False,True,"[[""NIFTY_PSU_BANK"", 1.0059683971337874, 1.0059683971337874], [""NIFTY_FIN_SERVICE"", 0.7336090479084209, 0.7336090479084209], [""NIFTY_BANK"", 0.6316700919077427, 0.6316700919077427]]","[[""NIFTY_IT"", -1.0732228858890283, -1.0732228858890283], [""NIFTY_INFRA"", -0.5961909725730995, -0.5961909725730995]]","[{""sector"": ""NIFTY_PSU_BANK"", ""ltp"": 8690.2, ""return_pct"": 1.0059683971337874, ""rs_vs_nifty"": 1.0059683971337874}, {""sector"": ""NIFTY_FIN_SERVICE"", ""ltp"": 26439.5, ""return_pct"": 0.7336090479084209, ""rs_vs_nifty"": 0.7336090479084209}, {""sector"": ""NIFTY_BANK"", ""ltp"": 57877.5, ""return_pct"": 0.6316700919077427, ""rs_vs_nifty"": 0.6316700919077427}, {""sector"": ""NIFTY_MEDIA"", ""ltp"": 1618.45, ""return_pct"": 0.5248447204968972, ""rs_vs_nifty"": 0.5248447204968972}, {""sector"": ""NIFTY_REALTY"", ""ltp"": 921.0, ""return_pct"": 0.3486598387448296, ""rs_vs_nifty"": 0.3486598387448296}, {""sector"": ""NIFTY_PHARMA"", ""ltp"": 26629.8, ""return_pct"": 0.2477036590874841, ""rs_vs_nifty"": 0.2477036590874841}, {""sector"": ""NIFTY_HEALTHCARE"", ""ltp"": 16625.2, ""return_pct"": 0.16719435816947784, ""rs_vs_nifty"": 0.16719435816947784}, {""sector"": ""NIFTY_METAL"", ""ltp"": 13377.55, ""return_pct"": 0.039260261884642135, ""rs_vs_nifty"": 0.039260261884642135}, {""sector"": ""NIFTY_ENERGY"", ""ltp"": 38265.4, ""return_pct"": -0.11863479928009191, ""rs_vs_nifty"": -0.11863479928009191}, {""sector"": ""NIFTY_AUTO"", ""ltp"": 29150.25, ""return_pct"": -0.22812139549370897, ""rs_vs_nifty"": -0.22812139549370897}, {""sector"": ""NIFTY_FMCG"", ""ltp"": 47471.35, ""return_pct"": -0.49384838058186187, ""rs_vs_nifty"": -0.49384838058186187}, {""sector"": ""NIFTY_INFRA"", ""ltp"": 9345.3, ""return_pct"": -0.5961909725730995, ""rs_vs_nifty"": -0.5961909725730995}, {""sector"": ""NIFTY_IT"", ""ltp"": 30441.55, ""return_pct"": -1.0732228858890283, ""rs_vs_nifty"": -1.0732228858890283}]"
2026-08-26 11:56:52,NORMAL,24293.35,,0,24332.129166578223,,,False,True,"[[""NIFTY_PSU_BANK"", 1.0414184677433458, 1.0414184677433458], [""NIFTY_FIN_SERVICE"", 0.7711372178481607, 0.7711372178481607], [""NIFTY_BANK"", 0.6539254653633465, 0.6539254653633465]]","[[""NIFTY_IT"", -1.0428379230334195, -1.0428379230334195], [""NIFTY_INFRA"", -0.5695990469453971, -0.5695990469453971]]","[{""sector"": ""NIFTY_PSU_BANK"", ""ltp"": 8693.25, ""return_pct"": 1.0414184677433458, ""rs_vs_nifty"": 1.0414184677433458}, {""sector"": ""NIFTY_FIN_SERVICE"", ""ltp"": 26449.35, ""return_pct"": 0.7711372178481607, ""rs_vs_nifty"": 0.7711372178481607}, {""sector"": ""NIFTY_BANK"", ""ltp"": 57890.3, ""return_pct"": 0.6539254653633465, ""rs_vs_nifty"": 0.6539254653633465}, {""sector"": ""NIFTY_MEDIA"", ""ltp"": 1617.7, ""return_pct"": 0.47826086956522024, ""rs_vs_nifty"": 0.47826086956522024}, {""sector"": ""NIFTY_REALTY"", ""ltp"": 921.05, ""return_pct"": 0.3541076487252125, ""rs_vs_nifty"": 0.3541076487252125}, {""sector"": ""NIFTY_PHARMA"", ""ltp"": 26634.7, ""return_pct"": 0.266149676253579, ""rs_vs_nifty"": 0.266149676253579}, {""sector"": ""NIFTY_HEALTHCARE"", ""ltp"": 16628.35, ""return_pct"": 0.18617317720491894, ""rs_vs_nifty"": 0.18617317720491894}, {""sector"": ""NIFTY_METAL"", ""ltp"": 13380.2, ""return_pct"": 0.05907734645499619, ""rs_vs_nifty"": 0.05907734645499619}, {""sector"": ""NIFTY_ENERGY"", ""ltp"": 38273.0, ""return_pct"": -0.09879707706824188, ""rs_vs_nifty"": -0.09879707706824188}, {""sector"": ""NIFTY_AUTO"", ""ltp"": 29166.6, ""return_pct"": -0.17216063305827417, ""rs_vs_nifty"": -0.17216063305827417}, {""sector"": ""NIFTY_FMCG"", ""ltp"": 47474.85, ""return_pct"": -0.48651192331515336, ""rs_vs_nifty"": -0.48651192331515336}, {""sector"": ""NIFTY_INFRA"", ""ltp"": 9347.8, ""return_pct"": -0.5695990469453971, ""rs_vs_nifty"": -0.5695990469453971}, {""sector"": ""NIFTY_IT"", ""ltp"": 30450.9, ""return_pct"": -1.0428379230334195, ""rs_vs_nifty"": -1.0428379230334195}]"
2026-08-26 12:15:35,NORMAL,24277.45,,0,24327.91893236799,,,False,True,"[[""NIFTY_PSU_BANK"", 1.0919784045143714, 1.0919784045143714], [""NIFTY_FIN_SERVICE"", 0.8027599397263327, 0.8027599397263327], [""NIFTY_BANK"", 0.7195614300468508, 0.7195614300468508]]","[[""NIFTY_IT"", -1.2387965604872018, -1.2387965604872018], [""NIFTY_FMCG"", -0.690046209200121, -0.690046209200121], [""NIFTY_INFRA"", -0.6818169730942936, -0.6818169730942936]]","[{""sector"": ""NIFTY_PSU_BANK"", ""ltp"": 8697.6, ""return_pct"": 1.0919784045143714, ""rs_vs_nifty"": 1.0919784045143714}, {""sector"": ""NIFTY_FIN_SERVICE"", ""ltp"": 26457.65, ""return_pct"": 0.8027599397263327, ""rs_vs_nifty"": 0.8027599397263327}, {""sector"": ""NIFTY_BANK"", ""ltp"": 57928.05, ""return_pct"": 0.7195614300468508, ""rs_vs_nifty"": 0.7195614300468508}, {""sector"": ""NIFTY_MEDIA"", ""ltp"": 1617.25, ""return_pct"": 0.45031055900621114, ""rs_vs_nifty"": 0.45031055900621114}, {""sector"": ""NIFTY_PHARMA"", ""ltp"": 26647.95, ""return_pct"": 0.31602921246800453, ""rs_vs_nifty"": 0.31602921246800453}, {""sector"": ""NIFTY_HEALTHCARE"", ""ltp"": 16628.05, ""return_pct"": 0.18436567063011813, ""rs_vs_nifty"": 0.18436567063011813}, {""sector"": ""NIFTY_REALTY"", ""ltp"": 919.1, ""return_pct"": 0.14164305949009243, ""rs_vs_nifty"": 0.14164305949009243}, {""sector"": ""NIFTY_METAL"", ""ltp"": 13365.95, ""return_pct"": -0.04748622151760389, ""rs_vs_nifty"": -0.04748622151760389}, {""sector"": ""NIFTY_ENERGY"", ""ltp"": 38242.75, ""return_pct"": -0.17775643192463375, ""rs_vs_nifty"": -0.17775643192463375}, {""sector"": ""NIFTY_AUTO"", ""ltp"": 29135.2, ""return_pct"": -0.2796326783471235, ""rs_vs_nifty"": -0.2796326783471235}, {""sector"": ""NIFTY_INFRA"", ""ltp"": 9337.25, ""return_pct"": -0.6818169730942936, ""rs_vs_nifty"": -0.6818169730942936}, {""sector"": ""NIFTY_FMCG"", ""ltp"": 47377.75, ""return_pct"": -0.690046209200121, ""rs_vs_nifty"": -0.690046209200121}, {""sector"": ""NIFTY_IT"", ""ltp"": 30390.6, ""return_pct"": -1.2387965604872018, ""rs_vs_nifty"": -1.2387965604872018}]"
2026-08-26 12:17:16,NORMAL,24279.1,,0,24327.649334263173,,,False,True,"[[""NIFTY_PSU_BANK"", 1.087329214926236, 1.087329214926236], [""NIFTY_FIN_SERVICE"", 0.8004739598315177, 0.8004739598315177], [""NIFTY_BANK"", 0.722951897096722, 0.722951897096722]]","[[""NIFTY_IT"", -1.2220604579517587, -1.2220604579517587], [""NIFTY_FMCG"", -0.6909894679915488, -0.6909894679915488], [""NIFTY_INFRA"", -0.6626707866423556, -0.6626707866423556]]","[{""sector"": ""NIFTY_PSU_BANK"", ""ltp"": 8697.2, ""return_pct"": 1.087329214926236, ""rs_vs_nifty"": 1.087329214926236}, {""sector"": ""NIFTY_FIN_SERVICE"", ""ltp"": 26457.05, ""return_pct"": 0.8004739598315177, ""rs_vs_nifty"": 0.8004739598315177}, {""sector"": ""NIFTY_BANK"", ""ltp"": 57930.0, ""return_pct"": 0.722951897096722, ""rs_vs_nifty"": 0.722951897096722}, {""sector"": ""NIFTY_MEDIA"", ""ltp"": 1617.9, ""return_pct"": 0.4906832298136703, ""rs_vs_nifty"": 0.4906832298136703}, {""sector"": ""NIFTY_PHARMA"", ""ltp"": 26648.25, ""return_pct"": 0.31715856045776236, ""rs_vs_nifty"": 0.31715856045776236}, {""sector"": ""NIFTY_HEALTHCARE"", ""ltp"": 16627.4, ""return_pct"": 0.1804494063847201, ""rs_vs_nifty"": 0.1804494063847201}, {""sector"": ""NIFTY_REALTY"", ""ltp"": 919.25, ""return_pct"": 0.1579864894312536, ""rs_vs_nifty"": 0.1579864894312536}, {""sector"": ""NIFTY_METAL"", ""ltp"": 13364.35, ""return_pct"": -0.059451253711021355, ""rs_vs_nifty"": -0.059451253711021355}, {""sector"": ""NIFTY_ENERGY"", ""ltp"": 38245.85, ""return_pct"": -0.16966472944348665, ""rs_vs_nifty"": -0.16966472944348665}, {""sector"": ""NIFTY_AUTO"", ""ltp"": 29145.95, ""return_pct"": -0.24283890488039703, ""rs_vs_nifty"": -0.24283890488039703}, {""sector"": ""NIFTY_INFRA"", ""ltp"": 9339.05, ""return_pct"": -0.6626707866423556, ""rs_vs_nifty"": -0.6626707866423556}, {""sector"": ""NIFTY_FMCG"", ""ltp"": 47377.3, ""return_pct"": -0.6909894679915488, ""rs_vs_nifty"": -0.6909894679915488}, {""sector"": ""NIFTY_IT"", ""ltp"": 30395.75, ""return_pct"": -1.2220604579517587, ""rs_vs_nifty"": -1.2220604579517587}]"
2026-08-26 12:19:10,NORMAL,24287.05,,0,24327.30834614817,,,False,True,"[[""NIFTY_PSU_BANK"", 1.100695634992134, 1.100695634992134], [""NIFTY_FIN_SERVICE"", 0.8597189387719253, 0.8597189387719253], [""NIFTY_BANK"", 0.7637244367477946, 0.7637244367477946]]","[[""NIFTY_IT"", -1.1993123574181532, -1.1993123574181532], [""NIFTY_FMCG"", -0.6762117469257594, -0.6762117469257594], [""NIFTY_INFRA"", -0.6413972461401937, -0.6413972461401937]]","[{""sector"": ""NIFTY_PSU_BANK"", ""ltp"": 8698.35, ""return_pct"": 1.100695634992134, ""rs_vs_nifty"": 1.100695634992134}, {""sector"": ""NIFTY_FIN_SERVICE"", ""ltp"": 26472.6, ""return_pct"": 0.8597189387719253, ""rs_vs_nifty"": 0.8597189387719253}, {""sector"": ""NIFTY_BANK"", ""ltp"": 57953.45, ""return_pct"": 0.7637244367477946, ""rs_vs_nifty"": 0.7637244367477946}, {""sector"": ""NIFTY_MEDIA"", ""ltp"": 1618.4, ""return_pct"": 0.5217391304347883, ""rs_vs_nifty"": 0.5217391304347883}, {""sector"": ""NIFTY_PHARMA"", ""ltp"": 26653.85, ""return_pct"": 0.3382397229332877, ""rs_vs_nifty"": 0.3382397229332877}, {""sector"": ""NIFTY_HEALTHCARE"", ""ltp"": 16629.25, ""return_pct"": 0.1915956969293432, ""rs_vs_nifty"": 0.1915956969293432}, {""sector"": ""NIFTY_REALTY"", ""ltp"": 918.85, ""return_pct"": 0.114404009588153, ""rs_vs_nifty"": 0.114404009588153}, {""sector"": ""NIFTY_METAL"", ""ltp"": 13367.6, ""return_pct"": -0.03514728206814765, ""rs_vs_nifty"": -0.03514728206814765}, {""sector"": ""NIFTY_ENERGY"", ""ltp"": 38262.75, ""return_pct"": -0.1255518997881763, ""rs_vs_nifty"": -0.1255518997881763}, {""sector"": ""NIFTY_AUTO"", ""ltp"": 29157.15, ""return_pct"": -0.20450492694296793, ""rs_vs_nifty"": -0.20450492694296793}, {""sector"": ""NIFTY_INFRA"", ""ltp"": 9341.05, ""return_pct"": -0.6413972461401937, ""rs_vs_nifty"": -0.6413972461401937}, {""sector"": ""NIFTY_FMCG"", ""ltp"": 47384.35, ""return_pct"": -0.6762117469257594, ""rs_vs_nifty"": -0.6762117469257594}, {""sector"": ""NIFTY_IT"", ""ltp"": 30402.75, ""return_pct"": -1.1993123574181532, ""rs_vs_nifty"": -1.1993123574181532}]"
2026-08-26 12:20:49,NORMAL,24282.8,,0,24327.024322258305,,,False,True,"[[""NIFTY_PSU_BANK"", 1.0588529286988704, 1.0588529286988704], [""NIFTY_FIN_SERVICE"", 0.8031409363754618, 0.8031409363754618], [""NIFTY_BANK"", 0.7541615809660919, 0.7541615809660919]]","[[""NIFTY_IT"", -1.2144235956297673, -1.2144235956297673], [""NIFTY_FMCG"", -0.6856443348400989, -0.6856443348400989], [""NIFTY_INFRA"", -0.6403335691150815, -0.6403335691150815]]","[{""sector"": ""NIFTY_PSU_BANK"", ""ltp"": 8694.75, ""return_pct"": 1.0588529286988704, ""rs_vs_nifty"": 1.0588529286988704}, {""sector"": ""NIFTY_FIN_SERVICE"", ""ltp"": 26457.75, ""return_pct"": 0.8031409363754618, ""rs_vs_nifty"": 0.8031409363754618}, {""sector"": ""NIFTY_BANK"", ""ltp"": 57947.95, ""return_pct"": 0.7541615809660919, ""rs_vs_nifty"": 0.7541615809660919}, {""sector"": ""NIFTY_MEDIA"", ""ltp"": 1618.0, ""return_pct"": 0.4968944099378882, ""rs_vs_nifty"": 0.4968944099378882}, {""sector"": ""NIFTY_PHARMA"", ""ltp"": 26664.3, ""return_pct"": 0.3775786779099506, ""rs_vs_nifty"": 0.3775786779099506}, {""sector"": ""NIFTY_HEALTHCARE"", ""ltp"": 16638.1, ""return_pct"": 0.24491714088608682, ""rs_vs_nifty"": 0.24491714088608682}, {""sector"": ""NIFTY_REALTY"", ""ltp"": 919.05, ""return_pct"": 0.1361952495096971, ""rs_vs_nifty"": 0.1361952495096971}, {""sector"": ""NIFTY_METAL"", ""ltp"": 13369.2, ""return_pct"": -0.02318224987473019, ""rs_vs_nifty"": -0.02318224987473019}, {""sector"": ""NIFTY_ENERGY"", ""ltp"": 38265.0, ""return_pct"": -0.11967888992282485, ""rs_vs_nifty"": -0.11967888992282485}, {""sector"": ""NIFTY_AUTO"", ""ltp"": 29147.1, ""return_pct"": -0.23890282678861516, ""rs_vs_nifty"": -0.23890282678861516}, {""sector"": ""NIFTY_INFRA"", ""ltp"": 9341.15, ""return_pct"": -0.6403335691150815, ""rs_vs_nifty"": -0.6403335691150815}, {""sector"": ""NIFTY_FMCG"", ""ltp"": 47379.85, ""return_pct"": -0.6856443348400989, ""rs_vs_nifty"": -0.6856443348400989}, {""sector"": ""NIFTY_IT"", ""ltp"": 30398.1, ""return_pct"": -1.2144235956297673, ""rs_vs_nifty"": -1.2144235956297673}]"
2026-08-26 12:39:45,NORMAL,24279.05,,0,24323.512989842824,,,False,True,"[[""NIFTY_PSU_BANK"", 1.037350426853719, 1.037350426853719], [""NIFTY_FIN_SERVICE"", 0.7724707061201397, 0.7724707061201397], [""NIFTY_BANK"", 0.735992154980862, 0.735992154980862]]","[[""NIFTY_IT"", -1.3449002008332256, -1.3449002008332256], [""NIFTY_INFRA"", -0.7089407372345422, -0.7089407372345422], [""NIFTY_FMCG"", -0.6575561841618404, -0.6575561841618404]]","[{""sector"": ""NIFTY_PSU_BANK"", ""ltp"": 8692.9, ""return_pct"": 1.037350426853719, ""rs_vs_nifty"": 1.037350426853719}, {""sector"": ""NIFTY_FIN_SERVICE"", ""ltp"": 26449.7, ""return_pct"": 0.7724707061201397, ""rs_vs_nifty"": 0.7724707061201397}, {""sector"": ""NIFTY_BANK"", ""ltp"": 57937.5, ""return_pct"": 0.735992154980862, ""rs_vs_nifty"": 0.735992154980862}, {""sector"": ""NIFTY_MEDIA"", ""ltp"": 1618.55, ""return_pct"": 0.5310559006211152, ""rs_vs_nifty"": 0.5310559006211152}, {""sector"": ""NIFTY_PHARMA"", ""ltp"": 26666.8, ""return_pct"": 0.38698991115795545, ""rs_vs_nifty"": 0.38698991115795545}, {""sector"": ""NIFTY_HEALTHCARE"", ""ltp"": 16634.75, ""return_pct"": 0.22473331746743788, ""rs_vs_nifty"": 0.22473331746743788}, {""sector"": ""NIFTY_METAL"", ""ltp"": 13398.3, ""return_pct"": 0.19443177314298962, ""rs_vs_nifty"": 0.19443177314298962}, {""sector"": ""NIFTY_ENERGY"", ""ltp"": 38248.9, ""return_pct"": -0.16170353829266929, ""rs_vs_nifty"": -0.16170353829266929}, {""sector"": ""NIFTY_REALTY"", ""ltp"": 915.6, ""return_pct"": -0.23970363913705947, ""rs_vs_nifty"": -0.23970363913705947}, {""sector"": ""NIFTY_AUTO"", ""ltp"": 29124.3, ""return_pct"": -0.3169398533040883, ""rs_vs_nifty"": -0.3169398533040883}, {""sector"": ""NIFTY_FMCG"", ""ltp"": 47393.25, ""return_pct"": -0.6575561841618404, ""rs_vs_nifty"": -0.6575561841618404}, {""sector"": ""NIFTY_INFRA"", ""ltp"": 9334.7, ""return_pct"": -0.7089407372345422, ""rs_vs_nifty"": -0.7089407372345422}, {""sector"": ""NIFTY_IT"", ""ltp"": 30357.95, ""return_pct"": -1.3449002008332256, ""rs_vs_nifty"": -1.3449002008332256}]"
2026-08-26 12:41:27,NORMAL,24273.2,,0,24323.279159088783,,,False,True,"[[""NIFTY_PSU_BANK"", 1.003643802339709, 1.003643802339709], [""NIFTY_FIN_SERVICE"", 0.741990974189382, 0.741990974189382], [""NIFTY_BANK"", 0.7145191969983141, 0.7145191969983141]]","[[""NIFTY_IT"", -1.3780474330393389, -1.3780474330393389], [""NIFTY_INFRA"", -0.727555085173934, -0.727555085173934], [""NIFTY_FMCG"", -0.6502197268951319, -0.6502197268951319]]","[{""sector"": ""NIFTY_PSU_BANK"", ""ltp"": 8690.0, ""return_pct"": 1.003643802339709, ""rs_vs_nifty"": 1.003643802339709}, {""sector"": ""NIFTY_FIN_SERVICE"", ""ltp"": 26441.7, ""return_pct"": 0.741990974189382, ""rs_vs_nifty"": 0.741990974189382}, {""sector"": ""NIFTY_BANK"", ""ltp"": 57925.15, ""return_pct"": 0.7145191969983141, ""rs_vs_nifty"": 0.7145191969983141}, {""sector"": ""NIFTY_MEDIA"", ""ltp"": 1617.8, ""return_pct"": 0.4844720496894382, ""rs_vs_nifty"": 0.4844720496894382}, {""sector"": ""NIFTY_PHARMA"", ""ltp"": 26666.55, ""return_pct"": 0.3860487878331549, ""rs_vs_nifty"": 0.3860487878331549}, {""sector"": ""NIFTY_HEALTHCARE"", ""ltp"": 16637.2, ""return_pct"": 0.23949462116168446, ""rs_vs_nifty"": 0.23949462116168446}, {""sector"": ""NIFTY_METAL"", ""ltp"": 13395.55, ""return_pct"": 0.173866874060558, ""rs_vs_nifty"": 0.173866874060558}, {""sector"": ""NIFTY_ENERGY"", ""ltp"": 38248.3, ""return_pct"": -0.16326967425675923, ""rs_vs_nifty"": -0.16326967425675923}, {""sector"": ""NIFTY_REALTY"", ""ltp"": 915.55, ""return_pct"": -0.2451514491174548, ""rs_vs_nifty"": -0.2451514491174548}, {""sector"": ""NIFTY_AUTO"", ""ltp"": 29126.4, ""return_pct"": -0.30975223244081335, ""rs_vs_nifty"": -0.30975223244081335}, {""sector"": ""NIFTY_FMCG"", ""ltp"": 47396.75, ""return_pct"": -0.6502197268951319, ""rs_vs_nifty"": -0.6502197268951319}, {""sector"": ""NIFTY_INFRA"", ""ltp"": 9332.95, ""return_pct"": -0.727555085173934, ""rs_vs_nifty"": -0.727555085173934}, {""sector"": ""NIFTY_IT"", ""ltp"": 30347.75, ""return_pct"": -1.3780474330393389, ""rs_vs_nifty"": -1.3780474330393389}]"
2026-08-26 12:43:25,NORMAL,24281.4,,0,24323.009379960833,,,False,True,"[[""NIFTY_PSU_BANK"", 1.0327012372655835, 1.0327012372655835], [""NIFTY_FIN_SERVICE"", 0.7915205385768632, 0.7915205385768632], [""NIFTY_BANK"", 0.7550309314917012, 0.7550309314917012]]","[[""NIFTY_IT"", -1.4029078571939266, -1.4029078571939266], [""NIFTY_INFRA"", -0.732341631786928, -0.732341631786928], [""NIFTY_FMCG"", -0.6435121088227187, -0.6435121088227187]]","[{""sector"": ""NIFTY_PSU_BANK"", ""ltp"": 8692.5, ""return_pct"": 1.0327012372655835, ""rs_vs_nifty"": 1.0327012372655835}, {""sector"": ""NIFTY_FIN_SERVICE"", ""ltp"": 26454.7, ""return_pct"": 0.7915205385768632, ""rs_vs_nifty"": 0.7915205385768632}, {""sector"": ""NIFTY_BANK"", ""ltp"": 57948.45, ""return_pct"": 0.7550309314917012, ""rs_vs_nifty"": 0.7550309314917012}, {""sector"": ""NIFTY_MEDIA"", ""ltp"": 1617.5, ""return_pct"": 0.4658385093167702, ""rs_vs_nifty"": 0.4658385093167702}, {""sector"": ""NIFTY_PHARMA"", ""ltp"": 26672.6, ""return_pct"": 0.4088239722933238, ""rs_vs_nifty"": 0.4088239722933238}, {""sector"": ""NIFTY_HEALTHCARE"", ""ltp"": 16642.95, ""return_pct"": 0.27413849717878347, ""rs_vs_nifty"": 0.27413849717878347}, {""sector"": ""NIFTY_METAL"", ""ltp"": 13404.65, ""return_pct"": 0.24191799466060712, ""rs_vs_nifty"": 0.24191799466060712}, {""sector"": ""NIFTY_ENERGY"", ""ltp"": 38247.55, ""return_pct"": -0.16522734421187635, ""rs_vs_nifty"": -0.16522734421187635}, {""sector"": ""NIFTY_REALTY"", ""ltp"": 915.65, ""return_pct"": -0.23425582915667653, ""rs_vs_nifty"": -0.23425582915667653}, {""sector"": ""NIFTY_AUTO"", ""ltp"": 29137.3, ""return_pct"": -0.27244505748386094, ""rs_vs_nifty"": -0.27244505748386094}, {""sector"": ""NIFTY_FMCG"", ""ltp"": 47399.95, ""return_pct"": -0.6435121088227187, ""rs_vs_nifty"": -0.6435121088227187}, {""sector"": ""NIFTY_INFRA"", ""ltp"": 9332.5, ""return_pct"": -0.732341631786928, ""rs_vs_nifty"": -0.732341631786928}, {""sector"": ""NIFTY_IT"", ""ltp"": 30340.1, ""return_pct"": -1.4029078571939266, ""rs_vs_nifty"": -1.4029078571939266}]"
2026-08-26 12:45:07,NORMAL,24284.55,,0,24322.850037993907,,,False,True,"[[""NIFTY_PSU_BANK"", 1.0791931331469826, 1.0791931331469826], [""NIFTY_FIN_SERVICE"", 0.8088558861124788, 0.8088558861124788], [""NIFTY_BANK"", 0.7878923813597363, 0.7878923813597363]]","[[""NIFTY_IT"", -1.4068075315711068, -1.4068075315711068], [""NIFTY_INFRA"", -0.7307461162492698, -0.7307461162492698], [""NIFTY_FMCG"", -0.6365948776855302, -0.6365948776855302]]","[{""sector"": ""NIFTY_PSU_BANK"", ""ltp"": 8696.5, ""return_pct"": 1.0791931331469826, ""rs_vs_nifty"": 1.0791931331469826}, {""sector"": ""NIFTY_FIN_SERVICE"", ""ltp"": 26459.25, ""return_pct"": 0.8088558861124788, ""rs_vs_nifty"": 0.8088558861124788}, {""sector"": ""NIFTY_BANK"", ""ltp"": 57967.35, ""return_pct"": 0.7878923813597363, ""rs_vs_nifty"": 0.7878923813597363}, {""sector"": ""NIFTY_MEDIA"", ""ltp"": 1617.95, ""return_pct"": 0.4937888198757792, ""rs_vs_nifty"": 0.4937888198757792}, {""sector"": ""NIFTY_PHARMA"", ""ltp"": 26683.5, ""return_pct"": 0.4498569492546303, ""rs_vs_nifty"": 0.4498569492546303}, {""sector"": ""NIFTY_HEALTHCARE"", ""ltp"": 16648.75, ""return_pct"": 0.30908362429167896, ""rs_vs_nifty"": 0.30908362429167896}, {""sector"": ""NIFTY_METAL"", ""ltp"": 13407.25, ""return_pct"": 0.2613611719749088, ""rs_vs_nifty"": 0.2613611719749088}, {""sector"": ""NIFTY_ENERGY"", ""ltp"": 38249.8, ""return_pct"": -0.1593543343465249, ""rs_vs_nifty"": -0.1593543343465249}, {""sector"": ""NIFTY_REALTY"", ""ltp"": 915.7, ""return_pct"": -0.22880801917628124, ""rs_vs_nifty"": -0.22880801917628124}, {""sector"": ""NIFTY_AUTO"", ""ltp"": 29144.9, ""return_pct"": -0.24643271531202832, ""rs_vs_nifty"": -0.24643271531202832}, {""sector"": ""NIFTY_FMCG"", ""ltp"": 47403.25, ""return_pct"": -0.6365948776855302, ""rs_vs_nifty"": -0.6365948776855302}, {""sector"": ""NIFTY_INFRA"", ""ltp"": 9332.65, ""return_pct"": -0.7307461162492698, ""rs_vs_nifty"": -0.7307461162492698}, {""sector"": ""NIFTY_IT"", ""ltp"": 30338.9, ""return_pct"": -1.4068075315711068, ""rs_vs_nifty"": -1.4068075315711068}]"
2026-08-26 12:47:07,NORMAL,24281.3,,0,24322.62158180733,,,False,True,"[[""NIFTY_PSU_BANK"", 1.0762873896543952, 1.0762873896543952], [""NIFTY_FIN_SERVICE"", 0.777804659208014, 0.777804659208014], [""NIFTY_BANK"", 0.7612902552760985, 0.7612902552760985]]","[[""NIFTY_IT"", -1.4336177929142846, -1.4336177929142846], [""NIFTY_INFRA"", -0.73340530881204, -0.73340530881204], [""NIFTY_FMCG"", -0.6551456339170617, -0.6551456339170617]]","[{""sector"": ""NIFTY_PSU_BANK"", ""ltp"": 8696.25, ""return_pct"": 1.0762873896543952, ""rs_vs_nifty"": 1.0762873896543952}, {""sector"": ""NIFTY_FIN_SERVICE"", ""ltp"": 26451.1, ""return_pct"": 0.777804659208014, ""rs_vs_nifty"": 0.777804659208014}, {""sector"": ""NIFTY_BANK"", ""ltp"": 57952.05, ""return_pct"": 0.7612902552760985, ""rs_vs_nifty"": 0.7612902552760985}, {""sector"": ""NIFTY_MEDIA"", ""ltp"": 1617.7, ""return_pct"": 0.47826086956522024, ""rs_vs_nifty"": 0.47826086956522024}, {""sector"": ""NIFTY_PHARMA"", ""ltp"": 26674.5, ""return_pct"": 0.415976509561813, ""rs_vs_nifty"": 0.415976509561813}, {""sector"": ""NIFTY_HEALTHCARE"", ""ltp"": 16645.45, ""return_pct"": 0.2892010519688265, ""rs_vs_nifty"": 0.2892010519688265}, {""sector"": ""NIFTY_METAL"", ""ltp"": 13405.25, ""return_pct"": 0.2464048817331404, ""rs_vs_nifty"": 0.2464048817331404}, {""sector"": ""NIFTY_ENERGY"", ""ltp"": 38240.9, ""return_pct"": -0.18258535114725227, ""rs_vs_nifty"": -0.18258535114725227}, {""sector"": ""NIFTY_AUTO"", ""ltp"": 29142.5, ""return_pct"": -0.25464713915576753, ""rs_vs_nifty"": -0.25464713915576753}, {""sector"": ""NIFTY_REALTY"", ""ltp"": 915.4, ""return_pct"": -0.26149487905861596, ""rs_vs_nifty"": -0.26149487905861596}, {""sector"": ""NIFTY_FMCG"", ""ltp"": 47394.4, ""return_pct"": -0.6551456339170617, ""rs_vs_nifty"": -0.6551456339170617}, {""sector"": ""NIFTY_INFRA"", ""ltp"": 9332.4, ""return_pct"": -0.73340530881204, ""rs_vs_nifty"": -0.73340530881204}, {""sector"": ""NIFTY_IT"", ""ltp"": 30330.65, ""return_pct"": -1.4336177929142846, ""rs_vs_nifty"": -1.4336177929142846}]"
2026-08-26 12:48:47,NORMAL,24280.0,,0,24322.316203244478,,,False,True,"[[""NIFTY_PSU_BANK"", 1.08209887663957, 1.08209887663957], [""NIFTY_FIN_SERVICE"", 0.7949495084190652, 0.7949495084190652], [""NIFTY_BANK"", 0.7783295255780337, 0.7783295255780337]]","[[""NIFTY_IT"", -1.37447273152692, -1.37447273152692], [""NIFTY_INFRA"", -0.7711658432033697, -0.7711658432033697], [""NIFTY_FMCG"", -0.6665695459466597, -0.6665695459466597]]","[{""sector"": ""NIFTY_PSU_BANK"", ""ltp"": 8696.75, ""return_pct"": 1.08209887663957, ""rs_vs_nifty"": 1.08209887663957}, {""sector"": ""NIFTY_FIN_SERVICE"", ""ltp"": 26455.6, ""return_pct"": 0.7949495084190652, ""rs_vs_nifty"": 0.7949495084190652}, {""sector"": ""NIFTY_BANK"", ""ltp"": 57961.85, ""return_pct"": 0.7783295255780337, ""rs_vs_nifty"": 0.7783295255780337}, {""sector"": ""NIFTY_MEDIA"", ""ltp"": 1617.8, ""return_pct"": 0.4844720496894382, ""rs_vs_nifty"": 0.4844720496894382}, {""sector"": ""NIFTY_PHARMA"", ""ltp"": 26672.5, ""return_pct"": 0.4084475229634091, ""rs_vs_nifty"": 0.4084475229634091}, {""sector"": ""NIFTY_HEALTHCARE"", ""ltp"": 16642.8, ""return_pct"": 0.27323474389137214, ""rs_vs_nifty"": 0.27323474389137214}, {""sector"": ""NIFTY_METAL"", ""ltp"": 13406.4, ""return_pct"": 0.2550047486221545, ""rs_vs_nifty"": 0.2550047486221545}, {""sector"": ""NIFTY_ENERGY"", ""ltp"": 38238.7, ""return_pct"": -0.18832784968227398, ""rs_vs_nifty"": -0.18832784968227398}, {""sector"": ""NIFTY_REALTY"", ""ltp"": 915.5, ""return_pct"": -0.2505992590978377, ""rs_vs_nifty"": -0.2505992590978377}, {""sector"": ""NIFTY_AUTO"", ""ltp"": 29136.45, ""return_pct"": -0.27535433259517855, ""rs_vs_nifty"": -0.27535433259517855}, {""sector"": ""NIFTY_FMCG"", ""ltp"": 47388.95, ""return_pct"": -0.6665695459466597, ""rs_vs_nifty"": -0.6665695459466597}, {""sector"": ""NIFTY_INFRA"", ""ltp"": 9328.85, ""return_pct"": -0.7711658432033697, ""rs_vs_nifty"": -0.7711658432033697}, {""sector"": ""NIFTY_IT"", ""ltp"": 30348.85, ""return_pct"": -1.37447273152692, ""rs_vs_nifty"": -1.37447273152692}]"
2026-08-26 12:50:38,NORMAL,24277.45,,0,24321.710460838083,,,False,True,"[[""NIFTY_PSU_BANK"", 1.081517727941061, 1.081517727941061], [""NIFTY_FIN_SERVICE"", 0.7688512379533594, 0.7688512379533594], [""NIFTY_BANK"", 0.7452072705523259, 0.7452072705523259]]","[[""NIFTY_IT"", -1.4250060119979984, -1.4250060119979984], [""NIFTY_INFRA"", -0.7605290729522887, -0.7605290729522887], [""NIFTY_FMCG"", -0.6676176112704754, -0.6676176112704754]]","[{""sector"": ""NIFTY_PSU_BANK"", ""ltp"": 8696.7, ""return_pct"": 1.081517727941061, ""rs_vs_nifty"": 1.081517727941061}, {""sector"": ""NIFTY_FIN_SERVICE"", ""ltp"": 26448.75, ""return_pct"": 0.7688512379533594, ""rs_vs_nifty"": 0.7688512379533594}, {""sector"": ""NIFTY_BANK"", ""ltp"": 57942.8, ""return_pct"": 0.7452072705523259, ""rs_vs_nifty"": 0.7452072705523259}, {""sector"": ""NIFTY_MEDIA"", ""ltp"": 1617.45, ""return_pct"": 0.4627329192546612, ""rs_vs_nifty"": 0.4627329192546612}, {""sector"": ""NIFTY_PHARMA"", ""ltp"": 26686.15, ""return_pct"": 0.4598328564975209, ""rs_vs_nifty"": 0.4598328564975209}, {""sector"": ""NIFTY_HEALTHCARE"", ""ltp"": 16651.25, ""return_pct"": 0.324146179081722, ""rs_vs_nifty"": 0.324146179081722}, {""sector"": ""NIFTY_METAL"", ""ltp"": 13407.6, ""return_pct"": 0.263978522767221, ""rs_vs_nifty"": 0.263978522767221}, {""sector"": ""NIFTY_ENERGY"", ""ltp"": 38241.15, ""return_pct"": -0.18193279449554653, ""rs_vs_nifty"": -0.18193279449554653}, {""sector"": ""NIFTY_REALTY"", ""ltp"": 915.45, ""return_pct"": -0.25604706907822067, ""rs_vs_nifty"": -0.25604706907822067}, {""sector"": ""NIFTY_AUTO"", ""ltp"": 29132.55, ""return_pct"": -0.2887027713412517, ""rs_vs_nifty"": -0.2887027713412517}, {""sector"": ""NIFTY_FMCG"", ""ltp"": 47388.45, ""return_pct"": -0.6676176112704754, ""rs_vs_nifty"": -0.6676176112704754}, {""sector"": ""NIFTY_INFRA"", ""ltp"": 9329.85, ""return_pct"": -0.7605290729522887, ""rs_vs_nifty"": -0.7605290729522887}, {""sector"": ""NIFTY_IT"", ""ltp"": 30333.3, ""return_pct"": -1.4250060119979984, ""rs_vs_nifty"": -1.4250060119979984}]"
2026-08-26 12:52:20,NORMAL,24275.9,,0,24321.507338538526,,,False,True,"[[""NIFTY_PSU_BANK"", 1.0838423227351184, 1.0838423227351184], [""NIFTY_FIN_SERVICE"", 0.7530398770142733, 0.7530398770142733], [""NIFTY_BANK"", 0.749119347917568, 0.749119347917568]]","[[""NIFTY_IT"", -1.5016996080827203, -1.5016996080827203], [""NIFTY_INFRA"", -0.7631882655150589, -0.7631882655150589], [""NIFTY_FMCG"", -0.6511629856865597, -0.6511629856865597]]","[{""sector"": ""NIFTY_PSU_BANK"", ""ltp"": 8696.9, ""return_pct"": 1.0838423227351184, ""rs_vs_nifty"": 1.0838423227351184}, {""sector"": ""NIFTY_FIN_SERVICE"", ""ltp"": 26444.6, ""return_pct"": 0.7530398770142733, ""rs_vs_nifty"": 0.7530398770142733}, {""sector"": ""NIFTY_BANK"", ""ltp"": 57945.05, ""return_pct"": 0.749119347917568, ""rs_vs_nifty"": 0.749119347917568}, {""sector"": ""NIFTY_MEDIA"", ""ltp"": 1617.7, ""return_pct"": 0.47826086956522024, ""rs_vs_nifty"": 0.47826086956522024}, {""sector"": ""NIFTY_PHARMA"", ""ltp"": 26687.05, ""return_pct"": 0.46322090046679437, ""rs_vs_nifty"": 0.46322090046679437}, {""sector"": ""NIFTY_HEALTHCARE"", ""ltp"": 16651.0, ""return_pct"": 0.3226399236027177, ""rs_vs_nifty"": 0.3226399236027177}, {""sector"": ""NIFTY_METAL"", ""ltp"": 13413.65, ""return_pct"": 0.309221300748565, ""rs_vs_nifty"": 0.309221300748565}, {""sector"": ""NIFTY_ENERGY"", ""ltp"": 38241.85, ""return_pct"": -0.18010563587077813, ""rs_vs_nifty"": -0.18010563587077813}, {""sector"": ""NIFTY_REALTY"", ""ltp"": 915.55, ""return_pct"": -0.2451514491174548, ""rs_vs_nifty"": -0.2451514491174548}, {""sector"": ""NIFTY_AUTO"", ""ltp"": 29133.75, ""return_pct"": -0.28459555941938214, ""rs_vs_nifty"": -0.28459555941938214}, {""sector"": ""NIFTY_FMCG"", ""ltp"": 47396.3, ""return_pct"": -0.6511629856865597, ""rs_vs_nifty"": -0.6511629856865597}, {""sector"": ""NIFTY_INFRA"", ""ltp"": 9329.6, ""return_pct"": -0.7631882655150589, ""rs_vs_nifty"": -0.7631882655150589}, {""sector"": ""NIFTY_IT"", ""ltp"": 30309.7, ""return_pct"": -1.5016996080827203, ""rs_vs_nifty"": -1.5016996080827203}]"
2026-08-26 13:10:51,NORMAL,24270.65,,0,24319.471533566964,,,False,True,"[[""NIFTY_PSU_BANK"", 0.9838847465901058, 0.9838847465901058], [""NIFTY_FIN_SERVICE"", 0.7073202791181369, 0.7073202791181369], [""NIFTY_BANK"", 0.6929593039632003, 0.6929593039632003]]","[[""NIFTY_IT"", -1.4011205064377055, -1.4011205064377055], [""NIFTY_INFRA"", -0.7828662904795626, -0.7828662904795626], [""NIFTY_FMCG"", -0.6833385911277078, -0.6833385911277078]]","[{""sector"": ""NIFTY_PSU_BANK"", ""ltp"": 8688.3, ""return_pct"": 0.9838847465901058, ""rs_vs_nifty"": 0.9838847465901058}, {""sector"": ""NIFTY_FIN_SERVICE"", ""ltp"": 26432.6, ""return_pct"": 0.7073202791181369, ""rs_vs_nifty"": 0.7073202791181369}, {""sector"": ""NIFTY_BANK"", ""ltp"": 57912.75, ""return_pct"": 0.6929593039632003, ""rs_vs_nifty"": 0.6929593039632003}, {""sector"": ""NIFTY_PHARMA"", ""ltp"": 26721.6, ""return_pct"": 0.5932841439542182, ""rs_vs_nifty"": 0.5932841439542182}, {""sector"": ""NIFTY_HEALTHCARE"", ""ltp"": 16669.1, ""return_pct"": 0.43169282028262057, ""rs_vs_nifty"": 0.43169282028262057}, {""sector"": ""NIFTY_METAL"", ""ltp"": 13427.1, ""return_pct"": 0.40980235262446324, ""rs_vs_nifty"": 0.40980235262446324}, {""sector"": ""NIFTY_MEDIA"", ""ltp"": 1615.2, ""return_pct"": 0.32298136645963016, ""rs_vs_nifty"": 0.32298136645963016}, {""sector"": ""NIFTY_ENERGY"", ""ltp"": 38232.55, ""return_pct"": -0.20438074331421943, ""rs_vs_nifty"": -0.20438074331421943}, {""sector"": ""NIFTY_REALTY"", ""ltp"": 915.4, ""return_pct"": -0.26149487905861596, ""rs_vs_nifty"": -0.26149487905861596}, {""sector"": ""NIFTY_AUTO"", ""ltp"": 29133.15, ""return_pct"": -0.28664916538031066, ""rs_vs_nifty"": -0.28664916538031066}, {""sector"": ""NIFTY_FMCG"", ""ltp"": 47380.95, ""return_pct"": -0.6833385911277078, ""rs_vs_nifty"": -0.6833385911277078}, {""sector"": ""NIFTY_INFRA"", ""ltp"": 9327.75, ""return_pct"": -0.7828662904795626, ""rs_vs_nifty"": -0.7828662904795626}, {""sector"": ""NIFTY_IT"", ""ltp"": 30340.65, ""return_pct"": -1.4011205064377055, ""rs_vs_nifty"": -1.4011205064377055}]"
2026-08-26 13:12:27,NORMAL,24272.45,,0,24319.269293051697,,,False,True,"[[""NIFTY_PSU_BANK"", 0.9949265718619467, 0.9949265718619467], [""NIFTY_FIN_SERVICE"", 0.7406574859174031, 0.7406574859174031], [""NIFTY_BANK"", 0.7230388321492881, 0.7230388321492881]]","[[""NIFTY_IT"", -1.3777224601745777, -1.3777224601745777], [""NIFTY_INFRA"", -0.7935030607306435, -0.7935030607306435], [""NIFTY_FMCG"", -0.7016797342944792, -0.7016797342944792]]","[{""sector"": ""NIFTY_PSU_BANK"", ""ltp"": 8689.25, ""return_pct"": 0.9949265718619467, ""rs_vs_nifty"": 0.9949265718619467}, {""sector"": ""NIFTY_FIN_SERVICE"", ""ltp"": 26441.35, ""return_pct"": 0.7406574859174031, ""rs_vs_nifty"": 0.7406574859174031}, {""sector"": ""NIFTY_BANK"", ""ltp"": 57930.05, ""return_pct"": 0.7230388321492881, ""rs_vs_nifty"": 0.7230388321492881}, {""sector"": ""NIFTY_PHARMA"", ""ltp"": 26723.7, ""return_pct"": 0.6011895798825505, ""rs_vs_nifty"": 0.6011895798825505}, {""sector"": ""NIFTY_METAL"", ""ltp"": 13429.7, ""return_pct"": 0.4292455299387649, ""rs_vs_nifty"": 0.4292455299387649}, {""sector"": ""NIFTY_HEALTHCARE"", ""ltp"": 16667.8, ""return_pct"": 0.4238602917918026, ""rs_vs_nifty"": 0.4238602917918026}, {""sector"": ""NIFTY_MEDIA"", ""ltp"": 1615.9, ""return_pct"": 0.3664596273291982, ""rs_vs_nifty"": 0.3664596273291982}, {""sector"": ""NIFTY_ENERGY"", ""ltp"": 38233.1, ""return_pct"": -0.20294511868047824, ""rs_vs_nifty"": -0.20294511868047824}, {""sector"": ""NIFTY_REALTY"", ""ltp"": 915.35, ""return_pct"": -0.2669426890389989, ""rs_vs_nifty"": -0.2669426890389989}, {""sector"": ""NIFTY_AUTO"", ""ltp"": 29133.5, ""return_pct"": -0.28545122856977106, ""rs_vs_nifty"": -0.28545122856977106}, {""sector"": ""NIFTY_FMCG"", ""ltp"": 47372.2, ""return_pct"": -0.7016797342944792, ""rs_vs_nifty"": -0.7016797342944792}, {""sector"": ""NIFTY_INFRA"", ""ltp"": 9326.75, ""return_pct"": -0.7935030607306435, ""rs_vs_nifty"": -0.7935030607306435}, {""sector"": ""NIFTY_IT"", ""ltp"": 30347.85, ""return_pct"": -1.3777224601745777, ""rs_vs_nifty"": -1.3777224601745777}]"
2026-08-26 13:31:05,NORMAL,24265.95,,0,24316.57261049543,,,False,True,"[[""NIFTY_PSU_BANK"", 0.9612199473479364, 0.9612199473479364], [""NIFTY_FIN_SERVICE"", 0.6976048645652105, 0.6976048645652105], [""NIFTY_BANK"", 0.6401897270587166, 0.6401897270587166]]","[[""NIFTY_IT"", -1.421918769782721, -1.421918769782721], [""NIFTY_INFRA"", -0.82222234040857, -0.82222234040857], [""NIFTY_FMCG"", -0.7493667065280846, -0.7493667065280846]]","[{""sector"": ""NIFTY_PSU_BANK"", ""ltp"": 8686.35, ""return_pct"": 0.9612199473479364, ""rs_vs_nifty"": 0.9612199473479364}, {""sector"": ""NIFTY_FIN_SERVICE"", ""ltp"": 26430.05, ""return_pct"": 0.6976048645652105, ""rs_vs_nifty"": 0.6976048645652105}, {""sector"": ""NIFTY_BANK"", ""ltp"": 57882.4, ""return_pct"": 0.6401897270587166, ""rs_vs_nifty"": 0.6401897270587166}, {""sector"": ""NIFTY_PHARMA"", ""ltp"": 26728.2, ""return_pct"": 0.6181297997289592, ""rs_vs_nifty"": 0.6181297997289592}, {""sector"": ""NIFTY_METAL"", ""ltp"": 13441.7, ""return_pct"": 0.5189832713893755, ""rs_vs_nifty"": 0.5189832713893755}, {""sector"": ""NIFTY_HEALTHCARE"", ""ltp"": 16668.55, ""return_pct"": 0.4283790582288155, ""rs_vs_nifty"": 0.4283790582288155}, {""sector"": ""NIFTY_MEDIA"", ""ltp"": 1615.85, ""return_pct"": 0.3633540372670751, ""rs_vs_nifty"": 0.3633540372670751}, {""sector"": ""NIFTY_AUTO"", ""ltp"": 29160.6, ""return_pct"": -0.19269669266760986, ""rs_vs_nifty"": -0.19269669266760986}, {""sector"": ""NIFTY_REALTY"", ""ltp"": 915.85, ""return_pct"": -0.21246458923512004, ""rs_vs_nifty"": -0.21246458923512004}, {""sector"": ""NIFTY_ENERGY"", ""ltp"": 38204.95, ""return_pct"": -0.2764229976625459, ""rs_vs_nifty"": -0.2764229976625459}, {""sector"": ""NIFTY_FMCG"", ""ltp"": 47349.45, ""return_pct"": -0.7493667065280846, ""rs_vs_nifty"": -0.7493667065280846}, {""sector"": ""NIFTY_INFRA"", ""ltp"": 9324.05, ""return_pct"": -0.82222234040857, ""rs_vs_nifty"": -0.82222234040857}, {""sector"": ""NIFTY_IT"", ""ltp"": 30334.25, ""return_pct"": -1.421918769782721, ""rs_vs_nifty"": -1.421918769782721}]"
2026-08-26 13:32:51,NORMAL,24263.55,,0,24316.305041337597,,,False,True,"[[""NIFTY_PSU_BANK"", 0.9565707577598007, 0.9565707577598007], [""NIFTY_FIN_SERVICE"", 0.6956998813195382, 0.6956998813195382], [""NIFTY_BANK"", 0.6342781434845707, 0.6342781434845707]]","[[""NIFTY_IT"", -1.4549035155564534, -1.4549035155564534], [""NIFTY_INFRA"", -0.8227541789211164, -0.8227541789211164], [""NIFTY_FMCG"", -0.7831144099549406, -0.7831144099549406]]","[{""sector"": ""NIFTY_PSU_BANK"", ""ltp"": 8685.95, ""return_pct"": 0.9565707577598007, ""rs_vs_nifty"": 0.9565707577598007}, {""sector"": ""NIFTY_FIN_SERVICE"", ""ltp"": 26429.55, ""return_pct"": 0.6956998813195382, ""rs_vs_nifty"": 0.6956998813195382}, {""sector"": ""NIFTY_BANK"", ""ltp"": 57879.0, ""return_pct"": 0.6342781434845707, ""rs_vs_nifty"": 0.6342781434845707}, {""sector"": ""NIFTY_PHARMA"", ""ltp"": 26724.9, ""return_pct"": 0.6057069718415956, ""rs_vs_nifty"": 0.6057069718415956}, {""sector"": ""NIFTY_METAL"", ""ltp"": 13444.1, ""return_pct"": 0.5369308196794949, ""rs_vs_nifty"": 0.5369308196794949}, {""sector"": ""NIFTY_HEALTHCARE"", ""ltp"": 16665.95, ""return_pct"": 0.4127140012471795, ""rs_vs_nifty"": 0.4127140012471795}, {""sector"": ""NIFTY_MEDIA"", ""ltp"": 1615.5, ""return_pct"": 0.3416149068322981, ""rs_vs_nifty"": 0.3416149068322981}, {""sector"": ""NIFTY_AUTO"", ""ltp"": 29164.95, ""return_pct"": -0.177808049450834, ""rs_vs_nifty"": -0.177808049450834}, {""sector"": ""NIFTY_REALTY"", ""ltp"": 916.0, ""return_pct"": -0.1961211592939589, ""rs_vs_nifty"": -0.1961211592939589}, {""sector"": ""NIFTY_ENERGY"", ""ltp"": 38213.9, ""return_pct"": -0.2530614695314698, ""rs_vs_nifty"": -0.2530614695314698}, {""sector"": ""NIFTY_FMCG"", ""ltp"": 47333.35, ""return_pct"": -0.7831144099549406, ""rs_vs_nifty"": -0.7831144099549406}, {""sector"": ""NIFTY_INFRA"", ""ltp"": 9324.0, ""return_pct"": -0.8227541789211164, ""rs_vs_nifty"": -0.8227541789211164}, {""sector"": ""NIFTY_IT"", ""ltp"": 30324.1, ""return_pct"": -1.4549035155564534, ""rs_vs_nifty"": -1.4549035155564534}]"
2026-08-26 14:03:00,NORMAL,24262.65,,0,24311.955327705848,,,False,True,"[[""NIFTY_PSU_BANK"", 0.8118647318289374, 0.8118647318289374], [""NIFTY_FIN_SERVICE"", 0.7021768243548271, 0.7021768243548271], [""NIFTY_BANK"", 0.6348866888524947, 0.6348866888524947]]","[[""NIFTY_IT"", -1.4433669788572583, -1.4433669788572583], [""NIFTY_INFRA"", -0.8578555207496757, -0.8578555207496757], [""NIFTY_FMCG"", -0.8256658621018409, -0.8256658621018409]]","[{""sector"": ""NIFTY_PSU_BANK"", ""ltp"": 8673.5, ""return_pct"": 0.8118647318289374, ""rs_vs_nifty"": 0.8118647318289374}, {""sector"": ""NIFTY_FIN_SERVICE"", ""ltp"": 26431.25, ""return_pct"": 0.7021768243548271, ""rs_vs_nifty"": 0.7021768243548271}, {""sector"": ""NIFTY_BANK"", ""ltp"": 57879.35, ""return_pct"": 0.6348866888524947, ""rs_vs_nifty"": 0.6348866888524947}, {""sector"": ""NIFTY_METAL"", ""ltp"": 13447.4, ""return_pct"": 0.5616086985784073, ""rs_vs_nifty"": 0.5616086985784073}, {""sector"": ""NIFTY_PHARMA"", ""ltp"": 26704.05, ""return_pct"": 0.5272172865532272, ""rs_vs_nifty"": 0.5272172865532272}, {""sector"": ""NIFTY_HEALTHCARE"", ""ltp"": 16654.7, ""return_pct"": 0.3449325046919858, ""rs_vs_nifty"": 0.3449325046919858}, {""sector"": ""NIFTY_MEDIA"", ""ltp"": 1611.65, ""return_pct"": 0.1024844720496951, ""rs_vs_nifty"": 0.1024844720496951}, {""sector"": ""NIFTY_ENERGY"", ""ltp"": 38225.9, ""return_pct"": -0.22173875024959533, ""rs_vs_nifty"": -0.22173875024959533}, {""sector"": ""NIFTY_AUTO"", ""ltp"": 29143.55, ""return_pct"": -0.2510533287241363, ""rs_vs_nifty"": -0.2510533287241363}, {""sector"": ""NIFTY_REALTY"", ""ltp"": 915.4, ""return_pct"": -0.26149487905861596, ""rs_vs_nifty"": -0.26149487905861596}, {""sector"": ""NIFTY_FMCG"", ""ltp"": 47313.05, ""return_pct"": -0.8256658621018409, ""rs_vs_nifty"": -0.8256658621018409}, {""sector"": ""NIFTY_INFRA"", ""ltp"": 9320.7, ""return_pct"": -0.8578555207496757, ""rs_vs_nifty"": -0.8578555207496757}, {""sector"": ""NIFTY_IT"", ""ltp"": 30327.65, ""return_pct"": -1.4433669788572583, ""rs_vs_nifty"": -1.4433669788572583}]"
2026-08-26 14:08:14,NORMAL,24262.2,,0,24311.32896530183,,,False,True,"[[""NIFTY_PSU_BANK"", 0.8258123005933655, 0.8258123005933655], [""NIFTY_FIN_SERVICE"", 0.6937948980738659, 0.6937948980738659], [""NIFTY_PHARMA"", 0.6217060683632039, 0.6217060683632039]]","[[""NIFTY_IT"", -1.4319929285904556, -1.4319929285904556], [""NIFTY_INFRA"", -0.8711514835635269, -0.8711514835635269], [""NIFTY_FMCG"", -0.7694895607453391, -0.7694895607453391]]","[{""sector"": ""NIFTY_PSU_BANK"", ""ltp"": 8674.7, ""return_pct"": 0.8258123005933655, ""rs_vs_nifty"": 0.8258123005933655}, {""sector"": ""NIFTY_FIN_SERVICE"", ""ltp"": 26429.05, ""return_pct"": 0.6937948980738659, ""rs_vs_nifty"": 0.6937948980738659}, {""sector"": ""NIFTY_PHARMA"", ""ltp"": 26729.15, ""return_pct"": 0.6217060683632039, ""rs_vs_nifty"": 0.6217060683632039}, {""sector"": ""NIFTY_BANK"", ""ltp"": 57869.7, ""return_pct"": 0.618108223708232, ""rs_vs_nifty"": 0.618108223708232}, {""sector"": ""NIFTY_METAL"", ""ltp"": 13453.05, ""return_pct"": 0.6038602185114005, ""rs_vs_nifty"": 0.6038602185114005}, {""sector"": ""NIFTY_HEALTHCARE"", ""ltp"": 16669.25, ""return_pct"": 0.43259657357003195, ""rs_vs_nifty"": 0.43259657357003195}, {""sector"": ""NIFTY_MEDIA"", ""ltp"": 1612.4, ""return_pct"": 0.1490683229813721, ""rs_vs_nifty"": 0.1490683229813721}, {""sector"": ""NIFTY_ENERGY"", ""ltp"": 38214.95, ""return_pct"": -0.25032073159431717, ""rs_vs_nifty"": -0.25032073159431717}, {""sector"": ""NIFTY_AUTO"", ""ltp"": 29139.9, ""return_pct"": -0.263546098319808, ""rs_vs_nifty"": -0.263546098319808}, {""sector"": ""NIFTY_REALTY"", ""ltp"": 915.0, ""return_pct"": -0.3050773589017166, ""rs_vs_nifty"": -0.3050773589017166}, {""sector"": ""NIFTY_FMCG"", ""ltp"": 47339.85, ""return_pct"": -0.7694895607453391, ""rs_vs_nifty"": -0.7694895607453391}, {""sector"": ""NIFTY_INFRA"", ""ltp"": 9319.45, ""return_pct"": -0.8711514835635269, ""rs_vs_nifty"": -0.8711514835635269}, {""sector"": ""NIFTY_IT"", ""ltp"": 30331.15, ""return_pct"": -1.4319929285904556, ""rs_vs_nifty"": -1.4319929285904556}]"
2026-08-26 14:09:50,NORMAL,24266.45,,0,24311.207312162926,,,False,True,"[[""NIFTY_PSU_BANK"", 0.8606812225044148, 0.8606812225044148], [""NIFTY_FIN_SERVICE"", 0.7219886501098223, 0.7219886501098223], [""NIFTY_BANK"", 0.6308876764346993, 0.6308876764346993]]","[[""NIFTY_IT"", -1.3801597566603212, -1.3801597566603212], [""NIFTY_INFRA"", -0.8488142660362723, -0.8488142660362723], [""NIFTY_FMCG"", -0.770642432601527, -0.770642432601527]]","[{""sector"": ""NIFTY_PSU_BANK"", ""ltp"": 8677.7, ""return_pct"": 0.8606812225044148, ""rs_vs_nifty"": 0.8606812225044148}, {""sector"": ""NIFTY_FIN_SERVICE"", ""ltp"": 26436.45, ""return_pct"": 0.7219886501098223, ""rs_vs_nifty"": 0.7219886501098223}, {""sector"": ""NIFTY_BANK"", ""ltp"": 57877.05, ""return_pct"": 0.6308876764346993, ""rs_vs_nifty"": 0.6308876764346993}, {""sector"": ""NIFTY_METAL"", ""ltp"": 13451.8, ""return_pct"": 0.5945125371102952, ""rs_vs_nifty"": 0.5945125371102952}, {""sector"": ""NIFTY_PHARMA"", ""ltp"": 26721.5, ""return_pct"": 0.5929076946243036, ""rs_vs_nifty"": 0.5929076946243036}, {""sector"": ""NIFTY_HEALTHCARE"", ""ltp"": 16665.2, ""return_pct"": 0.4081952348101666, ""rs_vs_nifty"": 0.4081952348101666}, {""sector"": ""NIFTY_MEDIA"", ""ltp"": 1611.55, ""return_pct"": 0.09627329192546301, ""rs_vs_nifty"": 0.09627329192546301}, {""sector"": ""NIFTY_ENERGY"", ""ltp"": 38220.5, ""return_pct"": -0.23583397392644262, ""rs_vs_nifty"": -0.23583397392644262}, {""sector"": ""NIFTY_AUTO"", ""ltp"": 29143.15, ""return_pct"": -0.25242239936475125, ""rs_vs_nifty"": -0.25242239936475125}, {""sector"": ""NIFTY_REALTY"", ""ltp"": 915.1, ""return_pct"": -0.29418173894093835, ""rs_vs_nifty"": -0.29418173894093835}, {""sector"": ""NIFTY_FMCG"", ""ltp"": 47339.3, ""return_pct"": -0.770642432601527, ""rs_vs_nifty"": -0.770642432601527}, {""sector"": ""NIFTY_INFRA"", ""ltp"": 9321.55, ""return_pct"": -0.8488142660362723, ""rs_vs_nifty"": -0.8488142660362723}, {""sector"": ""NIFTY_IT"", ""ltp"": 30347.1, ""return_pct"": -1.3801597566603212, ""rs_vs_nifty"": -1.3801597566603212}]"
2026-08-26 14:39:56,NORMAL,24278.4,,0,24307.815775707095,,,False,True,"[[""NIFTY_METAL"", 1.2320244086656746, 1.2320244086656746], [""NIFTY_PSU_BANK"", 0.9466912298849991, 0.9466912298849991], [""NIFTY_FIN_SERVICE"", 0.7168451953464986, 0.7168451953464986]]","[[""NIFTY_IT"", -1.214261109197375, -1.214261109197375], [""NIFTY_FMCG"", -0.8561645630248782, -0.8561645630248782], [""NIFTY_INFRA"", -0.7908438681678733, -0.7908438681678733]]","[{""sector"": ""NIFTY_METAL"", ""ltp"": 13537.05, ""return_pct"": 1.2320244086656746, ""rs_vs_nifty"": 1.2320244086656746}, {""sector"": ""NIFTY_PSU_BANK"", ""ltp"": 8685.1, ""return_pct"": 0.9466912298849991, ""rs_vs_nifty"": 0.9466912298849991}, {""sector"": ""NIFTY_FIN_SERVICE"", ""ltp"": 26435.1, ""return_pct"": 0.7168451953464986, ""rs_vs_nifty"": 0.7168451953464986}, {""sector"": ""NIFTY_BANK"", ""ltp"": 57880.3, ""return_pct"": 0.63653845485116, ""rs_vs_nifty"": 0.63653845485116}, {""sector"": ""NIFTY_PHARMA"", ""ltp"": 26721.55, ""return_pct"": 0.593095919289261, ""rs_vs_nifty"": 0.593095919289261}, {""sector"": ""NIFTY_HEALTHCARE"", ""ltp"": 16664.45, ""return_pct"": 0.4036764683731537, ""rs_vs_nifty"": 0.4036764683731537}, {""sector"": ""NIFTY_MEDIA"", ""ltp"": 1612.25, ""return_pct"": 0.13975155279503107, ""rs_vs_nifty"": 0.13975155279503107}, {""sector"": ""NIFTY_ENERGY"", ""ltp"": 38210.5, ""return_pct"": -0.26193623999467136, ""rs_vs_nifty"": -0.26193623999467136}, {""sector"": ""NIFTY_AUTO"", ""ltp"": 29124.45, ""return_pct"": -0.31642645181384993, ""rs_vs_nifty"": -0.31642645181384993}, {""sector"": ""NIFTY_REALTY"", ""ltp"": 912.55, ""return_pct"": -0.5720200479407278, ""rs_vs_nifty"": -0.5720200479407278}, {""sector"": ""NIFTY_INFRA"", ""ltp"": 9327.0, ""return_pct"": -0.7908438681678733, ""rs_vs_nifty"": -0.7908438681678733}, {""sector"": ""NIFTY_FMCG"", ""ltp"": 47298.5, ""return_pct"": -0.8561645630248782, ""rs_vs_nifty"": -0.8561645630248782}, {""sector"": ""NIFTY_IT"", ""ltp"": 30398.15, ""return_pct"": -1.214261109197375, ""rs_vs_nifty"": -1.214261109197375}]"
2026-08-26 14:45:14,NORMAL,24280.5,,0,24307.178144811347,,,False,True,"[[""NIFTY_METAL"", 1.1452779252634286, 1.1452779252634286], [""NIFTY_PSU_BANK"", 0.886832913937702, 0.886832913937702], [""NIFTY_FIN_SERVICE"", 0.7145592154516973, 0.7145592154516973]]","[[""NIFTY_IT"", -1.246108449944432, -1.246108449944432], [""NIFTY_FMCG"", -0.8444262313981475, -0.8444262313981475], [""NIFTY_INFRA"", -0.7589335574146304, -0.7589335574146304]]","[{""sector"": ""NIFTY_METAL"", ""ltp"": 13525.45, ""return_pct"": 1.1452779252634286, ""rs_vs_nifty"": 1.1452779252634286}, {""sector"": ""NIFTY_PSU_BANK"", ""ltp"": 8679.95, ""return_pct"": 0.886832913937702, ""rs_vs_nifty"": 0.886832913937702}, {""sector"": ""NIFTY_FIN_SERVICE"", ""ltp"": 26434.5, ""return_pct"": 0.7145592154516973, ""rs_vs_nifty"": 0.7145592154516973}, {""sector"": ""NIFTY_BANK"", ""ltp"": 57881.2, ""return_pct"": 0.6381032857972466, ""rs_vs_nifty"": 0.6381032857972466}, {""sector"": ""NIFTY_PHARMA"", ""ltp"": 26721.9, ""return_pct"": 0.5944134919439898, ""rs_vs_nifty"": 0.5944134919439898}, {""sector"": ""NIFTY_HEALTHCARE"", ""ltp"": 16661.4, ""return_pct"": 0.3853001515293056, ""rs_vs_nifty"": 0.3853001515293056}, {""sector"": ""NIFTY_MEDIA"", ""ltp"": 1612.95, ""return_pct"": 0.1832298136645991, ""rs_vs_nifty"": 0.1832298136645991}, {""sector"": ""NIFTY_ENERGY"", ""ltp"": 38207.55, ""return_pct"": -0.2696364084847912, ""rs_vs_nifty"": -0.2696364084847912}, {""sector"": ""NIFTY_AUTO"", ""ltp"": 29129.7, ""return_pct"": -0.29845739965568124, ""rs_vs_nifty"": -0.29845739965568124}, {""sector"": ""NIFTY_REALTY"", ""ltp"": 912.25, ""return_pct"": -0.6047069078230503, ""rs_vs_nifty"": -0.6047069078230503}, {""sector"": ""NIFTY_INFRA"", ""ltp"": 9330.0, ""return_pct"": -0.7589335574146304, ""rs_vs_nifty"": -0.7589335574146304}, {""sector"": ""NIFTY_FMCG"", ""ltp"": 47304.1, ""return_pct"": -0.8444262313981475, ""rs_vs_nifty"": -0.8444262313981475}, {""sector"": ""NIFTY_IT"", ""ltp"": 30388.35, ""return_pct"": -1.246108449944432, ""rs_vs_nifty"": -1.246108449944432}]"
2026-08-26 14:46:57,NORMAL,24283.4,,0,24307.044991708095,,,False,True,"[[""NIFTY_METAL"", 1.245111162627222, 1.245111162627222], [""NIFTY_PSU_BANK"", 0.9507592707746257, 0.9507592707746257], [""NIFTY_FIN_SERVICE"", 0.7593263217249976, 0.7593263217249976]]","[[""NIFTY_IT"", -1.214261109197375, -1.214261109197375], [""NIFTY_FMCG"", -0.8050189752226785, -0.8050189752226785], [""NIFTY_INFRA"", -0.7599972344397424, -0.7599972344397424]]","[{""sector"": ""NIFTY_METAL"", ""ltp"": 13538.8, ""return_pct"": 1.245111162627222, ""rs_vs_nifty"": 1.245111162627222}, {""sector"": ""NIFTY_PSU_BANK"", ""ltp"": 8685.45, ""return_pct"": 0.9507592707746257, ""rs_vs_nifty"": 0.9507592707746257}, {""sector"": ""NIFTY_FIN_SERVICE"", ""ltp"": 26446.25, ""return_pct"": 0.7593263217249976, ""rs_vs_nifty"": 0.7593263217249976}, {""sector"": ""NIFTY_BANK"", ""ltp"": 57883.75, ""return_pct"": 0.6425369734778592, ""rs_vs_nifty"": 0.6425369734778592}, {""sector"": ""NIFTY_PHARMA"", ""ltp"": 26721.1, ""return_pct"": 0.5914018973046173, ""rs_vs_nifty"": 0.5914018973046173}, {""sector"": ""NIFTY_HEALTHCARE"", ""ltp"": 16662.25, ""return_pct"": 0.3904214201579114, ""rs_vs_nifty"": 0.3904214201579114}, {""sector"": ""NIFTY_MEDIA"", ""ltp"": 1613.05, ""return_pct"": 0.18944099378881704, ""rs_vs_nifty"": 0.18944099378881704}, {""sector"": ""NIFTY_ENERGY"", ""ltp"": 38212.15, ""return_pct"": -0.2576293660934098, ""rs_vs_nifty"": -0.2576293660934098}, {""sector"": ""NIFTY_AUTO"", ""ltp"": 29129.3, ""return_pct"": -0.2998264702963086, ""rs_vs_nifty"": -0.2998264702963086}, {""sector"": ""NIFTY_REALTY"", ""ltp"": 912.9, ""return_pct"": -0.5338853780780102, ""rs_vs_nifty"": -0.5338853780780102}, {""sector"": ""NIFTY_INFRA"", ""ltp"": 9329.9, ""return_pct"": -0.7599972344397424, ""rs_vs_nifty"": -0.7599972344397424}, {""sector"": ""NIFTY_FMCG"", ""ltp"": 47322.9, ""return_pct"": -0.8050189752226785, ""rs_vs_nifty"": -0.8050189752226785}, {""sector"": ""NIFTY_IT"", ""ltp"": 30398.15, ""return_pct"": -1.214261109197375, ""rs_vs_nifty"": -1.214261109197375}]"
