ts_ist,regime,nifty_ltp,prev_close,gap_pct,vwap,ema20,ema50,above_vwap,above_ema50,leading_sectors,lagging_sectors,sector_rows
2026-08-20 09:30:03,NORMAL,24190.65,,0,24197.063816820704,,,False,True,"[[""NIFTY_FIN_SERVICE"", 0.8288163610502386, 0.8288163610502386], [""NIFTY_IT"", 0.7935451753931991, 0.7935451753931991], [""NIFTY_BANK"", 0.5973995344144534, 0.5973995344144534]]",[],"[{""sector"": ""NIFTY_FIN_SERVICE"", ""ltp"": 26228.6, ""return_pct"": 0.8288163610502386, ""rs_vs_nifty"": 0.8288163610502386}, {""sector"": ""NIFTY_IT"", ""ltp"": 30674.55, ""return_pct"": 0.7935451753931991, ""rs_vs_nifty"": 0.7935451753931991}, {""sector"": ""NIFTY_BANK"", ""ltp"": 57581.7, ""return_pct"": 0.5973995344144534, ""rs_vs_nifty"": 0.5973995344144534}, {""sector"": ""NIFTY_REALTY"", ""ltp"": 900.3, ""return_pct"": 0.5528564248617782, ""rs_vs_nifty"": 0.5528564248617782}, {""sector"": ""NIFTY_FMCG"", ""ltp"": 47703.0, ""return_pct"": 0.48258095500895976, ""rs_vs_nifty"": 0.48258095500895976}, {""sector"": ""NIFTY_MEDIA"", ""ltp"": 1595.0, ""return_pct"": 0.46294838282996303, ""rs_vs_nifty"": 0.46294838282996303}, {""sector"": ""NIFTY_PHARMA"", ""ltp"": 26434.45, ""return_pct"": 0.4585046629525248, ""rs_vs_nifty"": 0.4585046629525248}, {""sector"": ""NIFTY_PSU_BANK"", ""ltp"": 8647.5, ""return_pct"": 0.34638213434057274, ""rs_vs_nifty"": 0.34638213434057274}, {""sector"": ""NIFTY_HEALTHCARE"", ""ltp"": 16466.6, ""return_pct"": 0.32779294209397103, ""rs_vs_nifty"": 0.32779294209397103}, {""sector"": ""NIFTY_METAL"", ""ltp"": 13052.35, ""return_pct"": 0.2234465283243458, ""rs_vs_nifty"": 0.2234465283243458}, {""sector"": ""NIFTY_INFRA"", ""ltp"": 9315.9, ""return_pct"": 0.11122394699937525, ""rs_vs_nifty"": 0.11122394699937525}, {""sector"": ""NIFTY_AUTO"", ""ltp"": 29180.0, ""return_pct"": -0.01850240188587943, ""rs_vs_nifty"": -0.01850240188587943}, {""sector"": ""NIFTY_ENERGY"", ""ltp"": 38003.55, ""return_pct"": -0.3171193289345661, ""rs_vs_nifty"": -0.3171193289345661}]"
2026-08-20 09:31:48,NORMAL,24190.2,,0,24196.447006371203,,,False,True,"[[""NIFTY_IT"", 1.1150706222347158, 1.1150706222347158], [""NIFTY_FIN_SERVICE"", 0.8003690462461105, 0.8003690462461105], [""NIFTY_BANK"", 0.5916343100729851, 0.5916343100729851]]",[],"[{""sector"": ""NIFTY_IT"", ""ltp"": 30772.4, ""return_pct"": 1.1150706222347158, ""rs_vs_nifty"": 1.1150706222347158}, {""sector"": ""NIFTY_FIN_SERVICE"", ""ltp"": 26221.2, ""return_pct"": 0.8003690462461105, ""rs_vs_nifty"": 0.8003690462461105}, {""sector"": ""NIFTY_BANK"", ""ltp"": 57578.4, ""return_pct"": 0.5916343100729851, ""rs_vs_nifty"": 0.5916343100729851}, {""sector"": ""NIFTY_REALTY"", ""ltp"": 900.05, ""return_pct"": 0.5249343832020921, ""rs_vs_nifty"": 0.5249343832020921}, {""sector"": ""NIFTY_FMCG"", ""ltp"": 47680.9, ""return_pct"": 0.43602906017832954, ""rs_vs_nifty"": 0.43602906017832954}, {""sector"": ""NIFTY_PSU_BANK"", ""ltp"": 8648.85, ""return_pct"": 0.36204765800422073, ""rs_vs_nifty"": 0.36204765800422073}, {""sector"": ""NIFTY_PHARMA"", ""ltp"": 26404.0, ""return_pct"": 0.3427859146151477, ""rs_vs_nifty"": 0.3427859146151477}, {""sector"": ""NIFTY_MEDIA"", ""ltp"": 1592.85, ""return_pct"": 0.3275281075803746, ""rs_vs_nifty"": 0.3275281075803746}, {""sector"": ""NIFTY_HEALTHCARE"", ""ltp"": 16454.35, ""return_pct"": 0.2531560733086327, ""rs_vs_nifty"": 0.2531560733086327}, {""sector"": ""NIFTY_METAL"", ""ltp"": 13053.45, ""return_pct"": 0.2318929606665059, ""rs_vs_nifty"": 0.2318929606665059}, {""sector"": ""NIFTY_INFRA"", ""ltp"": 9309.95, ""return_pct"": 0.047283610318588964, ""rs_vs_nifty"": 0.047283610318588964}, {""sector"": ""NIFTY_AUTO"", ""ltp"": 29195.05, ""return_pct"": 0.03306447744419407, ""rs_vs_nifty"": 0.03306447744419407}, {""sector"": ""NIFTY_ENERGY"", ""ltp"": 37975.65, ""return_pct"": -0.39030071253485793, ""rs_vs_nifty"": -0.39030071253485793}]"
2026-08-20 10:01:54,NORMAL,24208.2,,0,24199.9526635769,,,True,True,"[[""NIFTY_IT"", 1.4420178062994087, 1.4420178062994087], [""NIFTY_FIN_SERVICE"", 0.8576480990274037, 0.8576480990274037], [""NIFTY_BANK"", 0.7215265615241157, 0.7215265615241157]]",[],"[{""sector"": ""NIFTY_IT"", ""ltp"": 30871.9, ""return_pct"": 1.4420178062994087, ""rs_vs_nifty"": 1.4420178062994087}, {""sector"": ""NIFTY_FIN_SERVICE"", ""ltp"": 26236.1, ""return_pct"": 0.8576480990274037, ""rs_vs_nifty"": 0.8576480990274037}, {""sector"": ""NIFTY_BANK"", ""ltp"": 57652.75, ""return_pct"": 0.7215265615241157, ""rs_vs_nifty"": 0.7215265615241157}, {""sector"": ""NIFTY_REALTY"", ""ltp"": 901.5, ""return_pct"": 0.6868822248282769, ""rs_vs_nifty"": 0.6868822248282769}, {""sector"": ""NIFTY_MEDIA"", ""ltp"": 1596.1, ""return_pct"": 0.5322331748181159, ""rs_vs_nifty"": 0.5322331748181159}, {""sector"": ""NIFTY_FMCG"", ""ltp"": 47706.55, ""return_pct"": 0.49005874806999516, ""rs_vs_nifty"": 0.49005874806999516}, {""sector"": ""NIFTY_PSU_BANK"", ""ltp"": 8652.3, ""return_pct"": 0.4020817740335201, ""rs_vs_nifty"": 0.4020817740335201}, {""sector"": ""NIFTY_AUTO"", ""ltp"": 29286.75, ""return_pct"": 0.34726267243210146, ""rs_vs_nifty"": 0.34726267243210146}, {""sector"": ""NIFTY_PHARMA"", ""ltp"": 26385.6, ""return_pct"": 0.27286062826349394, ""rs_vs_nifty"": 0.27286062826349394}, {""sector"": ""NIFTY_HEALTHCARE"", ""ltp"": 16444.8, ""return_pct"": 0.19496977968414897, ""rs_vs_nifty"": 0.19496977968414897}, {""sector"": ""NIFTY_INFRA"", ""ltp"": 9319.25, ""return_pct"": 0.1472239684919293, ""rs_vs_nifty"": 0.1472239684919293}, {""sector"": ""NIFTY_METAL"", ""ltp"": 13015.95, ""return_pct"": -0.056053596452492825, ""rs_vs_nifty"": -0.056053596452492825}, {""sector"": ""NIFTY_ENERGY"", ""ltp"": 38054.45, ""return_pct"": -0.18360920616559717, ""rs_vs_nifty"": -0.18360920616559717}]"
2026-08-20 10:31:59,NORMAL,24210.65,,0,24203.703740118293,,,True,True,"[[""NIFTY_IT"", 1.3036813595745416, 1.3036813595745416], [""NIFTY_MEDIA"", 0.9164488394797313, 0.9164488394797313], [""NIFTY_FIN_SERVICE"", 0.8588013685465017, 0.8588013685465017]]",[],"[{""sector"": ""NIFTY_IT"", ""ltp"": 30829.8, ""return_pct"": 1.3036813595745416, ""rs_vs_nifty"": 1.3036813595745416}, {""sector"": ""NIFTY_MEDIA"", ""ltp"": 1602.2, ""return_pct"": 0.9164488394797313, ""rs_vs_nifty"": 0.9164488394797313}, {""sector"": ""NIFTY_FIN_SERVICE"", ""ltp"": 26236.4, ""return_pct"": 0.8588013685465017, ""rs_vs_nifty"": 0.8588013685465017}, {""sector"": ""NIFTY_BANK"", ""ltp"": 57647.25, ""return_pct"": 0.7119178542883224, ""rs_vs_nifty"": 0.7119178542883224}, {""sector"": ""NIFTY_REALTY"", ""ltp"": 901.5, ""return_pct"": 0.6868822248282769, ""rs_vs_nifty"": 0.6868822248282769}, {""sector"": ""NIFTY_METAL"", ""ltp"": 13100.45, ""return_pct"": 0.5927859789223177, ""rs_vs_nifty"": 0.5927859789223177}, {""sector"": ""NIFTY_FMCG"", ""ltp"": 47661.05, ""return_pct"": 0.3942166116539855, ""rs_vs_nifty"": 0.3942166116539855}, {""sector"": ""NIFTY_PSU_BANK"", ""ltp"": 8641.85, ""return_pct"": 0.28081901678532695, ""rs_vs_nifty"": 0.28081901678532695}, {""sector"": ""NIFTY_AUTO"", ""ltp"": 29257.15, ""return_pct"": 0.24584209913175764, ""rs_vs_nifty"": 0.24584209913175764}, {""sector"": ""NIFTY_PHARMA"", ""ltp"": 26361.5, ""return_pct"": 0.18127370429204726, ""rs_vs_nifty"": 0.18127370429204726}, {""sector"": ""NIFTY_INFRA"", ""ltp"": 9320.1, ""return_pct"": 0.1563583023034758, ""rs_vs_nifty"": 0.1563583023034758}, {""sector"": ""NIFTY_HEALTHCARE"", ""ltp"": 16428.55, ""return_pct"": 0.09596168843829207, ""rs_vs_nifty"": 0.09596168843829207}, {""sector"": ""NIFTY_ENERGY"", ""ltp"": 38063.0, ""return_pct"": -0.1611826531267916, ""rs_vs_nifty"": -0.1611826531267916}]"
2026-08-20 11:02:04,NORMAL,24216.6,,0,24205.0711464658,,,True,True,"[[""NIFTY_IT"", 1.3809000412380619, 1.3809000412380619], [""NIFTY_MEDIA"", 1.1211539067174725, 1.1211539067174725], [""NIFTY_REALTY"", 1.0163623164125786, 1.0163623164125786]]",[],"[{""sector"": ""NIFTY_IT"", ""ltp"": 30853.3, ""return_pct"": 1.3809000412380619, ""rs_vs_nifty"": 1.3809000412380619}, {""sector"": ""NIFTY_MEDIA"", ""ltp"": 1605.45, ""return_pct"": 1.1211539067174725, ""rs_vs_nifty"": 1.1211539067174725}, {""sector"": ""NIFTY_REALTY"", ""ltp"": 904.45, ""return_pct"": 1.0163623164125786, ""rs_vs_nifty"": 1.0163623164125786}, {""sector"": ""NIFTY_FIN_SERVICE"", ""ltp"": 26274.15, ""return_pct"": 1.0039211163649, ""rs_vs_nifty"": 1.0039211163649}, {""sector"": ""NIFTY_BANK"", ""ltp"": 57684.95, ""return_pct"": 0.7777811747954823, ""rs_vs_nifty"": 0.7777811747954823}, {""sector"": ""NIFTY_METAL"", ""ltp"": 13100.9, ""return_pct"": 0.5962413376077372, ""rs_vs_nifty"": 0.5962413376077372}, {""sector"": ""NIFTY_PSU_BANK"", ""ltp"": 8667.3, ""return_pct"": 0.5761431480740067, ""rs_vs_nifty"": 0.5761431480740067}, {""sector"": ""NIFTY_PHARMA"", ""ltp"": 26399.0, ""return_pct"": 0.32378447810654765, ""rs_vs_nifty"": 0.32378447810654765}, {""sector"": ""NIFTY_AUTO"", ""ltp"": 29265.7, ""return_pct"": 0.27513756878438966, ""rs_vs_nifty"": 0.27513756878438966}, {""sector"": ""NIFTY_INFRA"", ""ltp"": 9325.8, ""return_pct"": 0.21761207021616133, ""rs_vs_nifty"": 0.21761207021616133}, {""sector"": ""NIFTY_HEALTHCARE"", ""ltp"": 16444.65, ""return_pct"": 0.1940558588418928, ""rs_vs_nifty"": 0.1940558588418928}, {""sector"": ""NIFTY_FMCG"", ""ltp"": 47542.95, ""return_pct"": 0.14544834108846258, ""rs_vs_nifty"": 0.14544834108846258}, {""sector"": ""NIFTY_ENERGY"", ""ltp"": 38128.8, ""return_pct"": 0.011410000668877377, ""rs_vs_nifty"": 0.011410000668877377}]"
2026-08-20 11:14:19,NORMAL,24205.25,,0,24205.49532789522,,,False,True,"[[""NIFTY_MEDIA"", 1.1715428463452213, 1.1715428463452213], [""NIFTY_IT"", 1.089604886792491, 1.089604886792491], [""NIFTY_REALTY"", 1.055453174736129, 1.055453174736129]]",[],"[{""sector"": ""NIFTY_MEDIA"", ""ltp"": 1606.25, ""return_pct"": 1.1715428463452213, ""rs_vs_nifty"": 1.1715428463452213}, {""sector"": ""NIFTY_IT"", ""ltp"": 30764.65, ""return_pct"": 1.089604886792491, ""rs_vs_nifty"": 1.089604886792491}, {""sector"": ""NIFTY_REALTY"", ""ltp"": 904.8, ""return_pct"": 1.055453174736129, ""rs_vs_nifty"": 1.055453174736129}, {""sector"": ""NIFTY_FIN_SERVICE"", ""ltp"": 26267.25, ""return_pct"": 0.9773959174259025, ""rs_vs_nifty"": 0.9773959174259025}, {""sector"": ""NIFTY_BANK"", ""ltp"": 57676.5, ""return_pct"": 0.7630187064059504, ""rs_vs_nifty"": 0.7630187064059504}, {""sector"": ""NIFTY_PSU_BANK"", ""ltp"": 8664.3, ""return_pct"": 0.5413308732659093, ""rs_vs_nifty"": 0.5413308732659093}, {""sector"": ""NIFTY_METAL"", ""ltp"": 13085.2, ""return_pct"": 0.47568771236059143, ""rs_vs_nifty"": 0.47568771236059143}, {""sector"": ""NIFTY_AUTO"", ""ltp"": 29289.25, ""return_pct"": 0.3558285992311174, ""rs_vs_nifty"": 0.3558285992311174}, {""sector"": ""NIFTY_INFRA"", ""ltp"": 9329.6, ""return_pct"": 0.2584479154913046, ""rs_vs_nifty"": 0.2584479154913046}, {""sector"": ""NIFTY_PHARMA"", ""ltp"": 26374.95, ""return_pct"": 0.23238756850018416, ""rs_vs_nifty"": 0.23238756850018416}, {""sector"": ""NIFTY_FMCG"", ""ltp"": 47573.05, ""return_pct"": 0.2088516005636812, ""rs_vs_nifty"": 0.2088516005636812}, {""sector"": ""NIFTY_ENERGY"", ""ltp"": 38170.55, ""return_pct"": 0.12091977720335854, ""rs_vs_nifty"": 0.12091977720335854}, {""sector"": ""NIFTY_HEALTHCARE"", ""ltp"": 16429.7, ""return_pct"": 0.10296841489570005, ""rs_vs_nifty"": 0.10296841489570005}]"
2026-08-20 11:15:59,NORMAL,24204.75,,0,24205.49581936856,,,False,True,"[[""NIFTY_MEDIA"", 1.2282304034264477, 1.2282304034264477], [""NIFTY_IT"", 1.090590657196704, 1.090590657196704], [""NIFTY_REALTY"", 1.077790808063883, 1.077790808063883]]",[],"[{""sector"": ""NIFTY_MEDIA"", ""ltp"": 1607.15, ""return_pct"": 1.2282304034264477, ""rs_vs_nifty"": 1.2282304034264477}, {""sector"": ""NIFTY_IT"", ""ltp"": 30764.95, ""return_pct"": 1.090590657196704, ""rs_vs_nifty"": 1.090590657196704}, {""sector"": ""NIFTY_REALTY"", ""ltp"": 905.0, ""return_pct"": 1.077790808063883, ""rs_vs_nifty"": 1.077790808063883}, {""sector"": ""NIFTY_FIN_SERVICE"", ""ltp"": 26267.05, ""return_pct"": 0.9766270710798419, ""rs_vs_nifty"": 0.9766270710798419}, {""sector"": ""NIFTY_BANK"", ""ltp"": 57666.8, ""return_pct"": 0.7460724409173746, ""rs_vs_nifty"": 0.7460724409173746}, {""sector"": ""NIFTY_METAL"", ""ltp"": 13094.8, ""return_pct"": 0.549402030983044, ""rs_vs_nifty"": 0.549402030983044}, {""sector"": ""NIFTY_PSU_BANK"", ""ltp"": 8659.7, ""return_pct"": 0.4879520518935103, ""rs_vs_nifty"": 0.4879520518935103}, {""sector"": ""NIFTY_AUTO"", ""ltp"": 29277.9, ""return_pct"": 0.31693929156359, ""rs_vs_nifty"": 0.31693929156359}, {""sector"": ""NIFTY_PHARMA"", ""ltp"": 26388.4, ""return_pct"": 0.28350143270832107, ""rs_vs_nifty"": 0.28350143270832107}, {""sector"": ""NIFTY_FMCG"", ""ltp"": 47595.3, ""return_pct"": 0.2557194584814002, ""rs_vs_nifty"": 0.2557194584814002}, {""sector"": ""NIFTY_INFRA"", ""ltp"": 9327.65, ""return_pct"": 0.23749267910011088, ""rs_vs_nifty"": 0.23749267910011088}, {""sector"": ""NIFTY_HEALTHCARE"", ""ltp"": 16439.85, ""return_pct"": 0.16481039188925273, ""rs_vs_nifty"": 0.16481039188925273}, {""sector"": ""NIFTY_ENERGY"", ""ltp"": 38176.05, ""return_pct"": 0.13534621483065545, ""rs_vs_nifty"": 0.13534621483065545}]"
2026-08-20 11:16:16,NORMAL,24205.8,,0,24205.497308625476,,,True,True,"[[""NIFTY_MEDIA"", 1.2408276383333743, 1.2408276383333743], [""NIFTY_IT"", 1.096669574689359, 1.096669574689359], [""NIFTY_REALTY"", 1.0666219914000061, 1.0666219914000061]]",[],"[{""sector"": ""NIFTY_MEDIA"", ""ltp"": 1607.35, ""return_pct"": 1.2408276383333743, ""rs_vs_nifty"": 1.2408276383333743}, {""sector"": ""NIFTY_IT"", ""ltp"": 30766.8, ""return_pct"": 1.096669574689359, ""rs_vs_nifty"": 1.096669574689359}, {""sector"": ""NIFTY_REALTY"", ""ltp"": 904.9, ""return_pct"": 1.0666219914000061, ""rs_vs_nifty"": 1.0666219914000061}, {""sector"": ""NIFTY_FIN_SERVICE"", ""ltp"": 26264.75, ""return_pct"": 0.9677853381001806, ""rs_vs_nifty"": 0.9677853381001806}, {""sector"": ""NIFTY_BANK"", ""ltp"": 57663.15, ""return_pct"": 0.7396957533881637, ""rs_vs_nifty"": 0.7396957533881637}, {""sector"": ""NIFTY_METAL"", ""ltp"": 13092.85, ""return_pct"": 0.5344288100128645, ""rs_vs_nifty"": 0.5344288100128645}, {""sector"": ""NIFTY_PSU_BANK"", ""ltp"": 8658.5, ""return_pct"": 0.4740271419702629, ""rs_vs_nifty"": 0.4740271419702629}, {""sector"": ""NIFTY_AUTO"", ""ltp"": 29291.55, ""return_pct"": 0.36370925188620956, ""rs_vs_nifty"": 0.36370925188620956}, {""sector"": ""NIFTY_PHARMA"", ""ltp"": 26388.8, ""return_pct"": 0.2850215476290008, ""rs_vs_nifty"": 0.2850215476290008}, {""sector"": ""NIFTY_FMCG"", ""ltp"": 47591.8, ""return_pct"": 0.24834698644939945, ""rs_vs_nifty"": 0.24834698644939945}, {""sector"": ""NIFTY_INFRA"", ""ltp"": 9328.1, ""return_pct"": 0.24232850288270005, ""rs_vs_nifty"": 0.24232850288270005}, {""sector"": ""NIFTY_HEALTHCARE"", ""ltp"": 16439.95, ""return_pct"": 0.16541967245077902, ""rs_vs_nifty"": 0.16541967245077902}, {""sector"": ""NIFTY_ENERGY"", ""ltp"": 38174.4, ""return_pct"": 0.1310182835424626, ""rs_vs_nifty"": 0.1310182835424626}]"
2026-08-20 11:17:54,NORMAL,24201.5,,0,24205.45814563499,,,False,True,"[[""NIFTY_MEDIA"", 1.2597234906937926, 1.2597234906937926], [""NIFTY_IT"", 1.1538442581338428, 1.1538442581338428], [""NIFTY_REALTY"", 1.027531133076443, 1.027531133076443]]",[],"[{""sector"": ""NIFTY_MEDIA"", ""ltp"": 1607.65, ""return_pct"": 1.2597234906937926, ""rs_vs_nifty"": 1.2597234906937926}, {""sector"": ""NIFTY_IT"", ""ltp"": 30784.2, ""return_pct"": 1.1538442581338428, ""rs_vs_nifty"": 1.1538442581338428}, {""sector"": ""NIFTY_REALTY"", ""ltp"": 904.55, ""return_pct"": 1.027531133076443, ""rs_vs_nifty"": 1.027531133076443}, {""sector"": ""NIFTY_FIN_SERVICE"", ""ltp"": 26255.6, ""return_pct"": 0.9326106177680334, ""rs_vs_nifty"": 0.9326106177680334}, {""sector"": ""NIFTY_BANK"", ""ltp"": 57653.8, ""return_pct"": 0.7233609510873177, ""rs_vs_nifty"": 0.7233609510873177}, {""sector"": ""NIFTY_METAL"", ""ltp"": 13089.5, ""return_pct"": 0.5087055842435644, ""rs_vs_nifty"": 0.5087055842435644}, {""sector"": ""NIFTY_PSU_BANK"", ""ltp"": 8656.55, ""return_pct"": 0.45139916334499125, ""rs_vs_nifty"": 0.45139916334499125}, {""sector"": ""NIFTY_AUTO"", ""ltp"": 29285.1, ""return_pct"": 0.34160916074474595, ""rs_vs_nifty"": 0.34160916074474595}, {""sector"": ""NIFTY_PHARMA"", ""ltp"": 26377.45, ""return_pct"": 0.24188828675448418, ""rs_vs_nifty"": 0.24188828675448418}, {""sector"": ""NIFTY_INFRA"", ""ltp"": 9327.45, ""return_pct"": 0.23534342408564196, ""rs_vs_nifty"": 0.23534342408564196}, {""sector"": ""NIFTY_FMCG"", ""ltp"": 47572.7, ""return_pct"": 0.20811435336046888, ""rs_vs_nifty"": 0.20811435336046888}, {""sector"": ""NIFTY_ENERGY"", ""ltp"": 38166.2, ""return_pct"": 0.10950977653448116, ""rs_vs_nifty"": 0.10950977653448116}, {""sector"": ""NIFTY_HEALTHCARE"", ""ltp"": 16430.4, ""return_pct"": 0.10723337882629523, ""rs_vs_nifty"": 0.10723337882629523}]"
2026-08-20 11:18:12,NORMAL,24200.85,,0,24205.452895431343,,,False,True,"[[""NIFTY_MEDIA"", 1.2565741819670466, 1.2565741819670466], [""NIFTY_IT"", 1.1425078984853663, 1.1425078984853663], [""NIFTY_REALTY"", 1.0107779080806338, 1.0107779080806338]]",[],"[{""sector"": ""NIFTY_MEDIA"", ""ltp"": 1607.6, ""return_pct"": 1.2565741819670466, ""rs_vs_nifty"": 1.2565741819670466}, {""sector"": ""NIFTY_IT"", ""ltp"": 30780.75, ""return_pct"": 1.1425078984853663, ""rs_vs_nifty"": 1.1425078984853663}, {""sector"": ""NIFTY_REALTY"", ""ltp"": 904.4, ""return_pct"": 1.0107779080806338, ""rs_vs_nifty"": 1.0107779080806338}, {""sector"": ""NIFTY_FIN_SERVICE"", ""ltp"": 26252.1, ""return_pct"": 0.919155806712023, ""rs_vs_nifty"": 0.919155806712023}, {""sector"": ""NIFTY_BANK"", ""ltp"": 57651.15, ""return_pct"": 0.718731301237342, ""rs_vs_nifty"": 0.718731301237342}, {""sector"": ""NIFTY_METAL"", ""ltp"": 13089.25, ""return_pct"": 0.5067859405294377, ""rs_vs_nifty"": 0.5067859405294377}, {""sector"": ""NIFTY_PSU_BANK"", ""ltp"": 8655.25, ""return_pct"": 0.43631384426149084, ""rs_vs_nifty"": 0.43631384426149084}, {""sector"": ""NIFTY_AUTO"", ""ltp"": 29284.05, ""return_pct"": 0.3380114714891617, ""rs_vs_nifty"": 0.3380114714891617}, {""sector"": ""NIFTY_INFRA"", ""ltp"": 9327.6, ""return_pct"": 0.23695536534649853, ""rs_vs_nifty"": 0.23695536534649853}, {""sector"": ""NIFTY_PHARMA"", ""ltp"": 26374.8, ""return_pct"": 0.23181752540492062, ""rs_vs_nifty"": 0.23181752540492062}, {""sector"": ""NIFTY_FMCG"", ""ltp"": 47571.6, ""return_pct"": 0.20579729072184313, ""rs_vs_nifty"": 0.20579729072184313}, {""sector"": ""NIFTY_HEALTHCARE"", ""ltp"": 16431.5, ""return_pct"": 0.11393546500292899, ""rs_vs_nifty"": 0.11393546500292899}, {""sector"": ""NIFTY_ENERGY"", ""ltp"": 38164.75, ""return_pct"": 0.10570644297820142, ""rs_vs_nifty"": 0.10570644297820142}]"
2026-08-20 11:19:49,NORMAL,24200.15,,0,24205.410168339324,,,False,True,"[[""NIFTY_MEDIA"", 1.2061852423392978, 1.2061852423392978], [""NIFTY_IT"", 1.0528027917017897, 1.0528027917017897], [""NIFTY_REALTY"", 1.0442843580722647, 1.0442843580722647]]",[],"[{""sector"": ""NIFTY_MEDIA"", ""ltp"": 1606.8, ""return_pct"": 1.2061852423392978, ""rs_vs_nifty"": 1.2061852423392978}, {""sector"": ""NIFTY_IT"", ""ltp"": 30753.45, ""return_pct"": 1.0528027917017897, ""rs_vs_nifty"": 1.0528027917017897}, {""sector"": ""NIFTY_REALTY"", ""ltp"": 904.7, ""return_pct"": 1.0442843580722647, ""rs_vs_nifty"": 1.0442843580722647}, {""sector"": ""NIFTY_FIN_SERVICE"", ""ltp"": 26248.9, ""return_pct"": 0.9068542651751104, ""rs_vs_nifty"": 0.9068542651751104}, {""sector"": ""NIFTY_BANK"", ""ltp"": 57646.55, ""return_pct"": 0.7106949279128628, ""rs_vs_nifty"": 0.7106949279128628}, {""sector"": ""NIFTY_METAL"", ""ltp"": 13086.35, ""return_pct"": 0.48451807344557124, ""rs_vs_nifty"": 0.48451807344557124}, {""sector"": ""NIFTY_PSU_BANK"", ""ltp"": 8656.3, ""return_pct"": 0.44849814044431646, ""rs_vs_nifty"": 0.44849814044431646}, {""sector"": ""NIFTY_AUTO"", ""ltp"": 29281.15, ""return_pct"": 0.32807499640231075, ""rs_vs_nifty"": 0.32807499640231075}, {""sector"": ""NIFTY_INFRA"", ""ltp"": 9329.25, ""return_pct"": 0.2546867192159596, ""rs_vs_nifty"": 0.2546867192159596}, {""sector"": ""NIFTY_PHARMA"", ""ltp"": 26366.15, ""return_pct"": 0.1989450402450508, ""rs_vs_nifty"": 0.1989450402450508}, {""sector"": ""NIFTY_FMCG"", ""ltp"": 47563.05, ""return_pct"": 0.1877873947579648, ""rs_vs_nifty"": 0.1877873947579648}, {""sector"": ""NIFTY_HEALTHCARE"", ""ltp"": 16427.85, ""return_pct"": 0.09169672450769688, ""rs_vs_nifty"": 0.09169672450769688}, {""sector"": ""NIFTY_ENERGY"", ""ltp"": 38156.2, ""return_pct"": 0.08327988993939585, ""rs_vs_nifty"": 0.08327988993939585}]"
2026-08-20 11:20:06,NORMAL,24198.55,,0,24205.38606123324,,,False,True,"[[""NIFTY_MEDIA"", 1.1778414637986847, 1.1778414637986847], [""NIFTY_IT"", 1.0672607576302713, 1.0672607576302713], [""NIFTY_REALTY"", 1.0442843580722647, 1.0442843580722647]]",[],"[{""sector"": ""NIFTY_MEDIA"", ""ltp"": 1606.35, ""return_pct"": 1.1778414637986847, ""rs_vs_nifty"": 1.1778414637986847}, {""sector"": ""NIFTY_IT"", ""ltp"": 30757.85, ""return_pct"": 1.0672607576302713, ""rs_vs_nifty"": 1.0672607576302713}, {""sector"": ""NIFTY_REALTY"", ""ltp"": 904.7, ""return_pct"": 1.0442843580722647, ""rs_vs_nifty"": 1.0442843580722647}, {""sector"": ""NIFTY_FIN_SERVICE"", ""ltp"": 26247.35, ""return_pct"": 0.9008957059931516, ""rs_vs_nifty"": 0.9008957059931516}, {""sector"": ""NIFTY_BANK"", ""ltp"": 57645.2, ""return_pct"": 0.7083364270458853, ""rs_vs_nifty"": 0.7083364270458853}, {""sector"": ""NIFTY_METAL"", ""ltp"": 13082.6, ""return_pct"": 0.4557234177336714, ""rs_vs_nifty"": 0.4557234177336714}, {""sector"": ""NIFTY_PSU_BANK"", ""ltp"": 8655.1, ""return_pct"": 0.4345732305210902, ""rs_vs_nifty"": 0.4345732305210902}, {""sector"": ""NIFTY_AUTO"", ""ltp"": 29281.35, ""return_pct"": 0.32876027054622203, ""rs_vs_nifty"": 0.32876027054622203}, {""sector"": ""NIFTY_INFRA"", ""ltp"": 9329.2, ""return_pct"": 0.25414940546234727, ""rs_vs_nifty"": 0.25414940546234727}, {""sector"": ""NIFTY_PHARMA"", ""ltp"": 26372.2, ""return_pct"": 0.2219367784204541, ""rs_vs_nifty"": 0.2219367784204541}, {""sector"": ""NIFTY_FMCG"", ""ltp"": 47561.15, ""return_pct"": 0.1837851956548756, ""rs_vs_nifty"": 0.1837851956548756}, {""sector"": ""NIFTY_HEALTHCARE"", ""ltp"": 16430.95, ""return_pct"": 0.11058442191461211, ""rs_vs_nifty"": 0.11058442191461211}, {""sector"": ""NIFTY_ENERGY"", ""ltp"": 38155.15, ""return_pct"": 0.08052575184692334, ""rs_vs_nifty"": 0.08052575184692334}]"
2026-08-20 11:21:46,NORMAL,24198.65,,0,24205.28590657403,,,False,True,"[[""NIFTY_MEDIA"", 1.3195603565017362, 1.3195603565017362], [""NIFTY_REALTY"", 1.0442843580722647, 1.0442843580722647], [""NIFTY_IT"", 0.9673693566698095, 0.9673693566698095]]",[],"[{""sector"": ""NIFTY_MEDIA"", ""ltp"": 1608.6, ""return_pct"": 1.3195603565017362, ""rs_vs_nifty"": 1.3195603565017362}, {""sector"": ""NIFTY_REALTY"", ""ltp"": 904.7, ""return_pct"": 1.0442843580722647, ""rs_vs_nifty"": 1.0442843580722647}, {""sector"": ""NIFTY_IT"", ""ltp"": 30727.45, ""return_pct"": 0.9673693566698095, ""rs_vs_nifty"": 0.9673693566698095}, {""sector"": ""NIFTY_FIN_SERVICE"", ""ltp"": 26252.15, ""return_pct"": 0.9193480182985486, ""rs_vs_nifty"": 0.9193480182985486}, {""sector"": ""NIFTY_BANK"", ""ltp"": 57639.9, ""return_pct"": 0.6990771273459466, ""rs_vs_nifty"": 0.6990771273459466}, {""sector"": ""NIFTY_METAL"", ""ltp"": 13081.1, ""return_pct"": 0.4442055554489115, ""rs_vs_nifty"": 0.4442055554489115}, {""sector"": ""NIFTY_PSU_BANK"", ""ltp"": 8654.5, ""return_pct"": 0.4276107755594665, ""rs_vs_nifty"": 0.4276107755594665}, {""sector"": ""NIFTY_AUTO"", ""ltp"": 29301.15, ""return_pct"": 0.3966024107944383, ""rs_vs_nifty"": 0.3966024107944383}, {""sector"": ""NIFTY_INFRA"", ""ltp"": 9327.55, ""return_pct"": 0.23641805159286666, ""rs_vs_nifty"": 0.23641805159286666}, {""sector"": ""NIFTY_PHARMA"", ""ltp"": 26370.5, ""return_pct"": 0.21547629000752735, ""rs_vs_nifty"": 0.21547629000752735}, {""sector"": ""NIFTY_FMCG"", ""ltp"": 47544.15, ""return_pct"": 0.14797604578515772, ""rs_vs_nifty"": 0.14797604578515772}, {""sector"": ""NIFTY_HEALTHCARE"", ""ltp"": 16430.5, ""return_pct"": 0.10784265938779934, ""rs_vs_nifty"": 0.10784265938779934}, {""sector"": ""NIFTY_ENERGY"", ""ltp"": 38151.2, ""return_pct"": 0.0701649466418532, ""rs_vs_nifty"": 0.0701649466418532}]"
2026-08-20 11:22:03,NORMAL,24198.2,,0,24205.274759539963,,,False,True,"[[""NIFTY_MEDIA"", 1.2786193430541966, 1.2786193430541966], [""NIFTY_REALTY"", 1.0498687664041968, 1.0498687664041968], [""NIFTY_IT"", 0.9435465719012767, 0.9435465719012767]]",[],"[{""sector"": ""NIFTY_MEDIA"", ""ltp"": 1607.95, ""return_pct"": 1.2786193430541966, ""rs_vs_nifty"": 1.2786193430541966}, {""sector"": ""NIFTY_REALTY"", ""ltp"": 904.75, ""return_pct"": 1.0498687664041968, ""rs_vs_nifty"": 1.0498687664041968}, {""sector"": ""NIFTY_IT"", ""ltp"": 30720.2, ""return_pct"": 0.9435465719012767, ""rs_vs_nifty"": 0.9435465719012767}, {""sector"": ""NIFTY_FIN_SERVICE"", ""ltp"": 26249.9, ""return_pct"": 0.9106984969053991, ""rs_vs_nifty"": 0.9106984969053991}, {""sector"": ""NIFTY_BANK"", ""ltp"": 57631.3, ""return_pct"": 0.6840526033045269, ""rs_vs_nifty"": 0.6840526033045269}, {""sector"": ""NIFTY_METAL"", ""ltp"": 13082.25, ""return_pct"": 0.4530359165338913, ""rs_vs_nifty"": 0.4530359165338913}, {""sector"": ""NIFTY_PSU_BANK"", ""ltp"": 8653.5, ""return_pct"": 0.4160066839567674, ""rs_vs_nifty"": 0.4160066839567674}, {""sector"": ""NIFTY_AUTO"", ""ltp"": 29304.8, ""return_pct"": 0.4091086639209941, ""rs_vs_nifty"": 0.4091086639209941}, {""sector"": ""NIFTY_INFRA"", ""ltp"": 9327.95, ""return_pct"": 0.2407165616218435, ""rs_vs_nifty"": 0.2407165616218435}, {""sector"": ""NIFTY_PHARMA"", ""ltp"": 26370.95, ""return_pct"": 0.2171864192933041, ""rs_vs_nifty"": 0.2171864192933041}, {""sector"": ""NIFTY_FMCG"", ""ltp"": 47548.15, ""return_pct"": 0.1564017281074443, ""rs_vs_nifty"": 0.1564017281074443}, {""sector"": ""NIFTY_HEALTHCARE"", ""ltp"": 16431.35, ""return_pct"": 0.11302154416065067, ""rs_vs_nifty"": 0.11302154416065067}, {""sector"": ""NIFTY_ENERGY"", ""ltp"": 38149.0, ""return_pct"": 0.06439437159094206, ""rs_vs_nifty"": 0.06439437159094206}]"
2026-08-20 11:23:39,NORMAL,24200.1,,0,24205.18386395635,,,False,True,"[[""NIFTY_MEDIA"", 1.2250810946997017, 1.2250810946997017], [""NIFTY_REALTY"", 1.100128441391637, 1.100128441391637], [""NIFTY_IT"", 0.9504469647307778, 0.9504469647307778]]",[],"[{""sector"": ""NIFTY_MEDIA"", ""ltp"": 1607.1, ""return_pct"": 1.2250810946997017, ""rs_vs_nifty"": 1.2250810946997017}, {""sector"": ""NIFTY_REALTY"", ""ltp"": 905.2, ""return_pct"": 1.100128441391637, ""rs_vs_nifty"": 1.100128441391637}, {""sector"": ""NIFTY_IT"", ""ltp"": 30722.3, ""return_pct"": 0.9504469647307778, ""rs_vs_nifty"": 0.9504469647307778}, {""sector"": ""NIFTY_FIN_SERVICE"", ""ltp"": 26247.5, ""return_pct"": 0.9014723407527006, ""rs_vs_nifty"": 0.9014723407527006}, {""sector"": ""NIFTY_BANK"", ""ltp"": 57633.05, ""return_pct"": 0.6871099192431883, ""rs_vs_nifty"": 0.6871099192431883}, {""sector"": ""NIFTY_METAL"", ""ltp"": 13083.0, ""return_pct"": 0.4587948476762713, ""rs_vs_nifty"": 0.4587948476762713}, {""sector"": ""NIFTY_PSU_BANK"", ""ltp"": 8653.4, ""return_pct"": 0.4148462747964933, ""rs_vs_nifty"": 0.4148462747964933}, {""sector"": ""NIFTY_AUTO"", ""ltp"": 29305.6, ""return_pct"": 0.4118497604966767, ""rs_vs_nifty"": 0.4118497604966767}, {""sector"": ""NIFTY_INFRA"", ""ltp"": 9329.85, ""return_pct"": 0.26113448425940533, ""rs_vs_nifty"": 0.26113448425940533}, {""sector"": ""NIFTY_PHARMA"", ""ltp"": 26371.6, ""return_pct"": 0.2196566060394138, ""rs_vs_nifty"": 0.2196566060394138}, {""sector"": ""NIFTY_FMCG"", ""ltp"": 47558.3, ""return_pct"": 0.1777818970002495, ""rs_vs_nifty"": 0.1777818970002495}, {""sector"": ""NIFTY_ENERGY"", ""ltp"": 38170.5, ""return_pct"": 0.12078862777037548, ""rs_vs_nifty"": 0.12078862777037548}, {""sector"": ""NIFTY_HEALTHCARE"", ""ltp"": 16430.85, ""return_pct"": 0.10997514135308584, ""rs_vs_nifty"": 0.10997514135308584}]"
2026-08-20 11:23:56,NORMAL,24198.7,,0,24205.149454062393,,,False,True,"[[""NIFTY_MEDIA"", 1.2187824772462388, 1.2187824772462388], [""NIFTY_REALTY"", 1.0945440330596923, 1.0945440330596923], [""NIFTY_IT"", 0.9437108669686435, 0.9437108669686435]]",[],"[{""sector"": ""NIFTY_MEDIA"", ""ltp"": 1607.0, ""return_pct"": 1.2187824772462388, ""rs_vs_nifty"": 1.2187824772462388}, {""sector"": ""NIFTY_REALTY"", ""ltp"": 905.15, ""return_pct"": 1.0945440330596923, ""rs_vs_nifty"": 1.0945440330596923}, {""sector"": ""NIFTY_IT"", ""ltp"": 30720.25, ""return_pct"": 0.9437108669686435, ""rs_vs_nifty"": 0.9437108669686435}, {""sector"": ""NIFTY_FIN_SERVICE"", ""ltp"": 26241.85, ""return_pct"": 0.8797524314765638, ""rs_vs_nifty"": 0.8797524314765638}, {""sector"": ""NIFTY_BANK"", ""ltp"": 57625.55, ""return_pct"": 0.6740071366489248, ""rs_vs_nifty"": 0.6740071366489248}, {""sector"": ""NIFTY_METAL"", ""ltp"": 13084.7, ""return_pct"": 0.47184842493233814, ""rs_vs_nifty"": 0.47184842493233814}, {""sector"": ""NIFTY_AUTO"", ""ltp"": 29304.05, ""return_pct"": 0.4065388858812893, ""rs_vs_nifty"": 0.4065388858812893}, {""sector"": ""NIFTY_PSU_BANK"", ""ltp"": 8651.5, ""return_pct"": 0.3927985007513692, ""rs_vs_nifty"": 0.3927985007513692}, {""sector"": ""NIFTY_INFRA"", ""ltp"": 9330.55, ""return_pct"": 0.2686568768100757, ""rs_vs_nifty"": 0.2686568768100757}, {""sector"": ""NIFTY_PHARMA"", ""ltp"": 26372.7, ""return_pct"": 0.22383692207131414, ""rs_vs_nifty"": 0.22383692207131414}, {""sector"": ""NIFTY_FMCG"", ""ltp"": 47558.2, ""return_pct"": 0.1775712549421801, ""rs_vs_nifty"": 0.1775712549421801}, {""sector"": ""NIFTY_ENERGY"", ""ltp"": 38174.35, ""return_pct"": 0.1308871341094795, ""rs_vs_nifty"": 0.1308871341094795}, {""sector"": ""NIFTY_HEALTHCARE"", ""ltp"": 16432.45, ""return_pct"": 0.1197236303373066, ""rs_vs_nifty"": 0.1197236303373066}]"
2026-08-20 11:25:34,NORMAL,24197.5,,0,24205.066265053913,,,False,True,"[[""NIFTY_MEDIA"", 1.16839353761849, 1.16839353761849], [""NIFTY_REALTY"", 1.0722063997319509, 1.0722063997319509], [""NIFTY_IT"", 0.9833059782046164, 0.9833059782046164]]",[],"[{""sector"": ""NIFTY_MEDIA"", ""ltp"": 1606.2, ""return_pct"": 1.16839353761849, ""rs_vs_nifty"": 1.16839353761849}, {""sector"": ""NIFTY_REALTY"", ""ltp"": 904.95, ""return_pct"": 1.0722063997319509, ""rs_vs_nifty"": 1.0722063997319509}, {""sector"": ""NIFTY_IT"", ""ltp"": 30732.3, ""return_pct"": 0.9833059782046164, ""rs_vs_nifty"": 0.9833059782046164}, {""sector"": ""NIFTY_FIN_SERVICE"", ""ltp"": 26238.95, ""return_pct"": 0.868604159458735, ""rs_vs_nifty"": 0.868604159458735}, {""sector"": ""NIFTY_BANK"", ""ltp"": 57615.65, ""return_pct"": 0.6567114636244943, ""rs_vs_nifty"": 0.6567114636244943}, {""sector"": ""NIFTY_METAL"", ""ltp"": 13085.3, ""return_pct"": 0.476455569846231, ""rs_vs_nifty"": 0.476455569846231}, {""sector"": ""NIFTY_AUTO"", ""ltp"": 29314.1, ""return_pct"": 0.4409739116133309, ""rs_vs_nifty"": 0.4409739116133309}, {""sector"": ""NIFTY_PSU_BANK"", ""ltp"": 8651.25, ""return_pct"": 0.3898974778506944, ""rs_vs_nifty"": 0.3898974778506944}, {""sector"": ""NIFTY_INFRA"", ""ltp"": 9331.35, ""return_pct"": 0.2772538968680099, ""rs_vs_nifty"": 0.2772538968680099}, {""sector"": ""NIFTY_PHARMA"", ""ltp"": 26361.9, ""return_pct"": 0.1827938192127408, ""rs_vs_nifty"": 0.1827938192127408}, {""sector"": ""NIFTY_FMCG"", ""ltp"": 47553.1, ""return_pct"": 0.1668285099812678, ""rs_vs_nifty"": 0.1668285099812678}, {""sector"": ""NIFTY_ENERGY"", ""ltp"": 38170.9, ""return_pct"": 0.1218378232341827, ""rs_vs_nifty"": 0.1218378232341827}, {""sector"": ""NIFTY_HEALTHCARE"", ""ltp"": 16423.2, ""return_pct"": 0.06336517839735728, ""rs_vs_nifty"": 0.06336517839735728}]"
2026-08-20 11:25:54,NORMAL,24197.95,,0,24205.051796003794,,,False,True,"[[""NIFTY_MEDIA"", 1.193588007432357, 1.193588007432357], [""NIFTY_REALTY"", 1.0833752163958152, 1.0833752163958152], [""NIFTY_IT"", 0.9903706661014965, 0.9903706661014965]]",[],"[{""sector"": ""NIFTY_MEDIA"", ""ltp"": 1606.6, ""return_pct"": 1.193588007432357, ""rs_vs_nifty"": 1.193588007432357}, {""sector"": ""NIFTY_REALTY"", ""ltp"": 905.05, ""return_pct"": 1.0833752163958152, ""rs_vs_nifty"": 1.0833752163958152}, {""sector"": ""NIFTY_IT"", ""ltp"": 30734.45, ""return_pct"": 0.9903706661014965, ""rs_vs_nifty"": 0.9903706661014965}, {""sector"": ""NIFTY_FIN_SERVICE"", ""ltp"": 26238.15, ""return_pct"": 0.8655287740745069, ""rs_vs_nifty"": 0.8655287740745069}, {""sector"": ""NIFTY_BANK"", ""ltp"": 57609.0, ""return_pct"": 0.645093663057578, ""rs_vs_nifty"": 0.645093663057578}, {""sector"": ""NIFTY_METAL"", ""ltp"": 13084.7, ""return_pct"": 0.47184842493233814, ""rs_vs_nifty"": 0.47184842493233814}, {""sector"": ""NIFTY_AUTO"", ""ltp"": 29313.65, ""return_pct"": 0.43943204478951803, ""rs_vs_nifty"": 0.43943204478951803}, {""sector"": ""NIFTY_PSU_BANK"", ""ltp"": 8650.5, ""return_pct"": 0.38119440914867003, ""rs_vs_nifty"": 0.38119440914867003}, {""sector"": ""NIFTY_INFRA"", ""ltp"": 9331.8, ""return_pct"": 0.2820897206505795, ""rs_vs_nifty"": 0.2820897206505795}, {""sector"": ""NIFTY_FMCG"", ""ltp"": 47560.8, ""return_pct"": 0.18304794845167863, ""rs_vs_nifty"": 0.18304794845167863}, {""sector"": ""NIFTY_PHARMA"", ""ltp"": 26361.45, ""return_pct"": 0.18108368992696403, ""rs_vs_nifty"": 0.18108368992696403}, {""sector"": ""NIFTY_ENERGY"", ""ltp"": 38175.75, ""return_pct"": 0.13455931823279527, ""rs_vs_nifty"": 0.13455931823279527}, {""sector"": ""NIFTY_HEALTHCARE"", ""ltp"": 16422.9, ""return_pct"": 0.06153733671282282, ""rs_vs_nifty"": 0.06153733671282282}]"
2026-08-20 11:27:30,NORMAL,24198.15,,0,24204.9991765096,,,False,True,"[[""NIFTY_MEDIA"", 1.1022580543570686, 1.1022580543570686], [""NIFTY_REALTY"", 1.0945440330596923, 1.0945440330596923], [""NIFTY_IT"", 0.9990783046720565, 0.9990783046720565]]",[],"[{""sector"": ""NIFTY_MEDIA"", ""ltp"": 1605.15, ""return_pct"": 1.1022580543570686, ""rs_vs_nifty"": 1.1022580543570686}, {""sector"": ""NIFTY_REALTY"", ""ltp"": 905.15, ""return_pct"": 1.0945440330596923, ""rs_vs_nifty"": 1.0945440330596923}, {""sector"": ""NIFTY_IT"", ""ltp"": 30737.1, ""return_pct"": 0.9990783046720565, ""rs_vs_nifty"": 0.9990783046720565}, {""sector"": ""NIFTY_FIN_SERVICE"", ""ltp"": 26240.25, ""return_pct"": 0.8736016607081075, ""rs_vs_nifty"": 0.8736016607081075}, {""sector"": ""NIFTY_BANK"", ""ltp"": 57610.5, ""return_pct"": 0.6477142195764307, ""rs_vs_nifty"": 0.6477142195764307}, {""sector"": ""NIFTY_METAL"", ""ltp"": 13089.35, ""return_pct"": 0.5075537980150912, ""rs_vs_nifty"": 0.5075537980150912}, {""sector"": ""NIFTY_AUTO"", ""ltp"": 29306.05, ""return_pct"": 0.41339162732050205, ""rs_vs_nifty"": 0.41339162732050205}, {""sector"": ""NIFTY_PSU_BANK"", ""ltp"": 8649.65, ""return_pct"": 0.3713309312863716, ""rs_vs_nifty"": 0.3713309312863716}, {""sector"": ""NIFTY_INFRA"", ""ltp"": 9331.2, ""return_pct"": 0.2756419556071533, ""rs_vs_nifty"": 0.2756419556071533}, {""sector"": ""NIFTY_FMCG"", ""ltp"": 47578.05, ""return_pct"": 0.2193837034665394, ""rs_vs_nifty"": 0.2193837034665394}, {""sector"": ""NIFTY_PHARMA"", ""ltp"": 26367.3, ""return_pct"": 0.20331537064202054, ""rs_vs_nifty"": 0.20331537064202054}, {""sector"": ""NIFTY_ENERGY"", ""ltp"": 38176.7, ""return_pct"": 0.13705115745932073, ""rs_vs_nifty"": 0.13705115745932073}, {""sector"": ""NIFTY_HEALTHCARE"", ""ltp"": 16427.15, ""return_pct"": 0.08743176057712385, ""rs_vs_nifty"": 0.08743176057712385}]"
2026-08-20 11:27:48,NORMAL,24199.4,,0,24204.993562581807,,,False,True,"[[""NIFTY_MEDIA"", 1.1022580543570686, 1.1022580543570686], [""NIFTY_REALTY"", 1.0945440330596923, 1.0945440330596923], [""NIFTY_IT"", 1.0099217791184327, 1.0099217791184327]]",[],"[{""sector"": ""NIFTY_MEDIA"", ""ltp"": 1605.15, ""return_pct"": 1.1022580543570686, ""rs_vs_nifty"": 1.1022580543570686}, {""sector"": ""NIFTY_REALTY"", ""ltp"": 905.15, ""return_pct"": 1.0945440330596923, ""rs_vs_nifty"": 1.0945440330596923}, {""sector"": ""NIFTY_IT"", ""ltp"": 30740.4, ""return_pct"": 1.0099217791184327, ""rs_vs_nifty"": 1.0099217791184327}, {""sector"": ""NIFTY_FIN_SERVICE"", ""ltp"": 26240.2, ""return_pct"": 0.8734094491215958, ""rs_vs_nifty"": 0.8734094491215958}, {""sector"": ""NIFTY_BANK"", ""ltp"": 57612.7, ""return_pct"": 0.651557702470743, ""rs_vs_nifty"": 0.651557702470743}, {""sector"": ""NIFTY_METAL"", ""ltp"": 13089.95, ""return_pct"": 0.5121609429289979, ""rs_vs_nifty"": 0.5121609429289979}, {""sector"": ""NIFTY_AUTO"", ""ltp"": 29305.35, ""return_pct"": 0.4109931678167751, ""rs_vs_nifty"": 0.4109931678167751}, {""sector"": ""NIFTY_PSU_BANK"", ""ltp"": 8651.3, ""return_pct"": 0.39047768243082087, ""rs_vs_nifty"": 0.39047768243082087}, {""sector"": ""NIFTY_INFRA"", ""ltp"": 9331.3, ""return_pct"": 0.27671658311437797, ""rs_vs_nifty"": 0.27671658311437797}, {""sector"": ""NIFTY_PHARMA"", ""ltp"": 26370.45, ""return_pct"": 0.2152862756424441, ""rs_vs_nifty"": 0.2152862756424441}, {""sector"": ""NIFTY_FMCG"", ""ltp"": 47569.05, ""return_pct"": 0.20042591824139463, ""rs_vs_nifty"": 0.20042591824139463}, {""sector"": ""NIFTY_ENERGY"", ""ltp"": 38174.55, ""return_pct"": 0.13141173184139265, ""rs_vs_nifty"": 0.13141173184139265}, {""sector"": ""NIFTY_HEALTHCARE"", ""ltp"": 16428.15, ""return_pct"": 0.09352456619225351, ""rs_vs_nifty"": 0.09352456619225351}]"
2026-08-20 11:29:29,NORMAL,24199.8,,0,24204.90405985662,,,False,True,"[[""NIFTY_MEDIA"", 1.2030359336125662, 1.2030359336125662], [""NIFTY_REALTY"", 1.0722063997319509, 1.0722063997319509], [""NIFTY_IT"", 0.9949709279878266, 0.9949709279878266]]",[],"[{""sector"": ""NIFTY_MEDIA"", ""ltp"": 1606.75, ""return_pct"": 1.2030359336125662, ""rs_vs_nifty"": 1.2030359336125662}, {""sector"": ""NIFTY_REALTY"", ""ltp"": 904.95, ""return_pct"": 1.0722063997319509, ""rs_vs_nifty"": 1.0722063997319509}, {""sector"": ""NIFTY_IT"", ""ltp"": 30735.85, ""return_pct"": 0.9949709279878266, ""rs_vs_nifty"": 0.9949709279878266}, {""sector"": ""NIFTY_FIN_SERVICE"", ""ltp"": 26240.7, ""return_pct"": 0.8753315649867403, ""rs_vs_nifty"": 0.8753315649867403}, {""sector"": ""NIFTY_BANK"", ""ltp"": 57621.4, ""return_pct"": 0.6667569302800964, ""rs_vs_nifty"": 0.6667569302800964}, {""sector"": ""NIFTY_METAL"", ""ltp"": 13087.45, ""return_pct"": 0.4929645057877314, ""rs_vs_nifty"": 0.4929645057877314}, {""sector"": ""NIFTY_PSU_BANK"", ""ltp"": 8652.1, ""return_pct"": 0.3997609557129928, ""rs_vs_nifty"": 0.3997609557129928}, {""sector"": ""NIFTY_AUTO"", ""ltp"": 29302.05, ""return_pct"": 0.39968614444207656, ""rs_vs_nifty"": 0.39968614444207656}, {""sector"": ""NIFTY_INFRA"", ""ltp"": 9331.6, ""return_pct"": 0.27994046563611064, ""rs_vs_nifty"": 0.27994046563611064}, {""sector"": ""NIFTY_FMCG"", ""ltp"": 47587.6, ""return_pct"": 0.23950002001098938, ""rs_vs_nifty"": 0.23950002001098938}, {""sector"": ""NIFTY_PHARMA"", ""ltp"": 26368.55, ""return_pct"": 0.20806572976917057, ""rs_vs_nifty"": 0.20806572976917057}, {""sector"": ""NIFTY_ENERGY"", ""ltp"": 38171.4, ""return_pct"": 0.12314931756393697, ""rs_vs_nifty"": 0.12314931756393697}, {""sector"": ""NIFTY_HEALTHCARE"", ""ltp"": 16431.95, ""return_pct"": 0.11667722752974176, ""rs_vs_nifty"": 0.11667722752974176}]"
2026-08-20 11:29:46,NORMAL,24199.1,,0,24204.89184326234,,,False,True,"[[""NIFTY_MEDIA"", 1.1904386987056255, 1.1904386987056255], [""NIFTY_REALTY"", 1.0666219914000061, 1.0666219914000061], [""NIFTY_IT"", 0.9898777808993842, 0.9898777808993842]]",[],"[{""sector"": ""NIFTY_MEDIA"", ""ltp"": 1606.55, ""return_pct"": 1.1904386987056255, ""rs_vs_nifty"": 1.1904386987056255}, {""sector"": ""NIFTY_REALTY"", ""ltp"": 904.9, ""return_pct"": 1.0666219914000061, ""rs_vs_nifty"": 1.0666219914000061}, {""sector"": ""NIFTY_IT"", ""ltp"": 30734.3, ""return_pct"": 0.9898777808993842, ""rs_vs_nifty"": 0.9898777808993842}, {""sector"": ""NIFTY_FIN_SERVICE"", ""ltp"": 26240.7, ""return_pct"": 0.8753315649867403, ""rs_vs_nifty"": 0.8753315649867403}, {""sector"": ""NIFTY_BANK"", ""ltp"": 57617.45, ""return_pct"": 0.6598561314471099, ""rs_vs_nifty"": 0.6598561314471099}, {""sector"": ""NIFTY_METAL"", ""ltp"": 13085.25, ""return_pct"": 0.4760716411034112, ""rs_vs_nifty"": 0.4760716411034112}, {""sector"": ""NIFTY_AUTO"", ""ltp"": 29304.15, ""return_pct"": 0.4068815229532574, ""rs_vs_nifty"": 0.4068815229532574}, {""sector"": ""NIFTY_PSU_BANK"", ""ltp"": 8652.45, ""return_pct"": 0.4038223877739418, ""rs_vs_nifty"": 0.4038223877739418}, {""sector"": ""NIFTY_INFRA"", ""ltp"": 9331.5, ""return_pct"": 0.2788658381288664, ""rs_vs_nifty"": 0.2788658381288664}, {""sector"": ""NIFTY_FMCG"", ""ltp"": 47590.95, ""return_pct"": 0.2465565289559013, ""rs_vs_nifty"": 0.2465565289559013}, {""sector"": ""NIFTY_PHARMA"", ""ltp"": 26368.05, ""return_pct"": 0.20616558611831057, ""rs_vs_nifty"": 0.20616558611831057}, {""sector"": ""NIFTY_ENERGY"", ""ltp"": 38172.45, ""return_pct"": 0.12590345565640948, ""rs_vs_nifty"": 0.12590345565640948}, {""sector"": ""NIFTY_HEALTHCARE"", ""ltp"": 16432.8, ""return_pct"": 0.12185611230259309, ""rs_vs_nifty"": 0.12185611230259309}]"
2026-08-20 11:31:27,NORMAL,24202.85,,0,24204.87706496028,,,False,True,"[[""NIFTY_MEDIA"", 1.2471262557868519, 1.2471262557868519], [""NIFTY_REALTY"", 1.1336348913832555, 1.1336348913832555], [""NIFTY_IT"", 0.9006655593179197, 0.9006655593179197]]",[],"[{""sector"": ""NIFTY_MEDIA"", ""ltp"": 1607.45, ""return_pct"": 1.2471262557868519, ""rs_vs_nifty"": 1.2471262557868519}, {""sector"": ""NIFTY_REALTY"", ""ltp"": 905.5, ""return_pct"": 1.1336348913832555, ""rs_vs_nifty"": 1.1336348913832555}, {""sector"": ""NIFTY_IT"", ""ltp"": 30707.15, ""return_pct"": 0.9006655593179197, ""rs_vs_nifty"": 0.9006655593179197}, {""sector"": ""NIFTY_FIN_SERVICE"", ""ltp"": 26247.25, ""return_pct"": 0.9005112828201285, ""rs_vs_nifty"": 0.9005112828201285}, {""sector"": ""NIFTY_BANK"", ""ltp"": 57624.5, ""return_pct"": 0.6721727470857227, ""rs_vs_nifty"": 0.6721727470857227}, {""sector"": ""NIFTY_METAL"", ""ltp"": 13083.45, ""return_pct"": 0.4622502063617049, ""rs_vs_nifty"": 0.4622502063617049}, {""sector"": ""NIFTY_AUTO"", ""ltp"": 29304.9, ""return_pct"": 0.40945130099296223, ""rs_vs_nifty"": 0.40945130099296223}, {""sector"": ""NIFTY_PSU_BANK"", ""ltp"": 8652.85, ""return_pct"": 0.40846402441501717, ""rs_vs_nifty"": 0.40846402441501717}, {""sector"": ""NIFTY_INFRA"", ""ltp"": 9335.45, ""return_pct"": 0.32131362466486624, ""rs_vs_nifty"": 0.32131362466486624}, {""sector"": ""NIFTY_FMCG"", ""ltp"": 47615.6, ""return_pct"": 0.29847979626699533, ""rs_vs_nifty"": 0.29847979626699533}, {""sector"": ""NIFTY_PHARMA"", ""ltp"": 26368.3, ""return_pct"": 0.20711565794374054, ""rs_vs_nifty"": 0.20711565794374054}, {""sector"": ""NIFTY_HEALTHCARE"", ""ltp"": 16436.1, ""return_pct"": 0.14196237083251653, ""rs_vs_nifty"": 0.14196237083251653}, {""sector"": ""NIFTY_ENERGY"", ""ltp"": 38177.65, ""return_pct"": 0.13954299668586528, ""rs_vs_nifty"": 0.13954299668586528}]"
2026-08-20 11:31:44,NORMAL,24207.25,,0,24204.890455916917,,,True,True,"[[""NIFTY_MEDIA"", 1.2376783296066427, 1.2376783296066427], [""NIFTY_REALTY"", 1.1224660747193784, 1.1224660747193784], [""NIFTY_FIN_SERVICE"", 0.9168492676738554, 0.9168492676738554]]",[],"[{""sector"": ""NIFTY_MEDIA"", ""ltp"": 1607.3, ""return_pct"": 1.2376783296066427, ""rs_vs_nifty"": 1.2376783296066427}, {""sector"": ""NIFTY_REALTY"", ""ltp"": 905.4, ""return_pct"": 1.1224660747193784, ""rs_vs_nifty"": 1.1224660747193784}, {""sector"": ""NIFTY_FIN_SERVICE"", ""ltp"": 26251.5, ""return_pct"": 0.9168492676738554, ""rs_vs_nifty"": 0.9168492676738554}, {""sector"": ""NIFTY_IT"", ""ltp"": 30705.1, ""return_pct"": 0.8939294615557734, ""rs_vs_nifty"": 0.8939294615557734}, {""sector"": ""NIFTY_BANK"", ""ltp"": 57628.1, ""return_pct"": 0.6784620827309668, ""rs_vs_nifty"": 0.6784620827309668}, {""sector"": ""NIFTY_METAL"", ""ltp"": 13085.8, ""return_pct"": 0.48029485727448423, ""rs_vs_nifty"": 0.48029485727448423}, {""sector"": ""NIFTY_AUTO"", ""ltp"": 29308.95, ""return_pct"": 0.42332810240736557, ""rs_vs_nifty"": 0.42332810240736557}, {""sector"": ""NIFTY_PSU_BANK"", ""ltp"": 8653.35, ""return_pct"": 0.4142660702163668, ""rs_vs_nifty"": 0.4142660702163668}, {""sector"": ""NIFTY_INFRA"", ""ltp"": 9337.45, ""return_pct"": 0.34280617480967224, ""rs_vs_nifty"": 0.34280617480967224}, {""sector"": ""NIFTY_FMCG"", ""ltp"": 47625.95, ""return_pct"": 0.32028124927590873, ""rs_vs_nifty"": 0.32028124927590873}, {""sector"": ""NIFTY_PHARMA"", ""ltp"": 26375.3, ""return_pct"": 0.23371766905578062, ""rs_vs_nifty"": 0.23371766905578062}, {""sector"": ""NIFTY_HEALTHCARE"", ""ltp"": 16438.15, ""return_pct"": 0.15445262234355006, ""rs_vs_nifty"": 0.15445262234355006}, {""sector"": ""NIFTY_ENERGY"", ""ltp"": 38180.0, ""return_pct"": 0.1457070200357065, ""rs_vs_nifty"": 0.1457070200357065}]"
2026-08-20 11:33:27,NORMAL,24215.4,,0,24205.035802333197,,,True,True,"[[""NIFTY_MEDIA"", 1.184140081252162, 1.184140081252162], [""NIFTY_REALTY"", 1.100128441391637, 1.100128441391637], [""NIFTY_FIN_SERVICE"", 0.9583669703609706, 0.9583669703609706]]",[],"[{""sector"": ""NIFTY_MEDIA"", ""ltp"": 1606.45, ""return_pct"": 1.184140081252162, ""rs_vs_nifty"": 1.184140081252162}, {""sector"": ""NIFTY_REALTY"", ""ltp"": 905.2, ""return_pct"": 1.100128441391637, ""rs_vs_nifty"": 1.100128441391637}, {""sector"": ""NIFTY_FIN_SERVICE"", ""ltp"": 26262.3, ""return_pct"": 0.9583669703609706, ""rs_vs_nifty"": 0.9583669703609706}, {""sector"": ""NIFTY_IT"", ""ltp"": 30696.15, ""return_pct"": 0.8645206444966975, ""rs_vs_nifty"": 0.8645206444966975}, {""sector"": ""NIFTY_BANK"", ""ltp"": 57646.4, ""return_pct"": 0.7104328722609751, ""rs_vs_nifty"": 0.7104328722609751}, {""sector"": ""NIFTY_METAL"", ""ltp"": 13090.1, ""return_pct"": 0.5133127291574712, ""rs_vs_nifty"": 0.5133127291574712}, {""sector"": ""NIFTY_AUTO"", ""ltp"": 29320.45, ""return_pct"": 0.46273136568283885, ""rs_vs_nifty"": 0.46273136568283885}, {""sector"": ""NIFTY_PSU_BANK"", ""ltp"": 8656.65, ""return_pct"": 0.45255957250526535, ""rs_vs_nifty"": 0.45255957250526535}, {""sector"": ""NIFTY_INFRA"", ""ltp"": 9342.35, ""return_pct"": 0.39546292266444316, ""rs_vs_nifty"": 0.39546292266444316}, {""sector"": ""NIFTY_FMCG"", ""ltp"": 47644.45, ""return_pct"": 0.3592500300164841, ""rs_vs_nifty"": 0.3592500300164841}, {""sector"": ""NIFTY_PHARMA"", ""ltp"": 26373.5, ""return_pct"": 0.22687715191268737, ""rs_vs_nifty"": 0.22687715191268737}, {""sector"": ""NIFTY_ENERGY"", ""ltp"": 38196.6, ""return_pct"": 0.1892486317835443, ""rs_vs_nifty"": 0.1892486317835443}, {""sector"": ""NIFTY_HEALTHCARE"", ""ltp"": 16439.55, ""return_pct"": 0.16298255020471827, ""rs_vs_nifty"": 0.16298255020471827}]"
2026-08-20 11:33:45,NORMAL,24214.95,,0,24205.040058482267,,,True,True,"[[""NIFTY_MEDIA"", 1.1715428463452213, 1.1715428463452213], [""NIFTY_REALTY"", 1.1057128497235693, 1.1057128497235693], [""NIFTY_FIN_SERVICE"", 0.9422211970937553, 0.9422211970937553]]",[],"[{""sector"": ""NIFTY_MEDIA"", ""ltp"": 1606.25, ""return_pct"": 1.1715428463452213, ""rs_vs_nifty"": 1.1715428463452213}, {""sector"": ""NIFTY_REALTY"", ""ltp"": 905.25, ""return_pct"": 1.1057128497235693, ""rs_vs_nifty"": 1.1057128497235693}, {""sector"": ""NIFTY_FIN_SERVICE"", ""ltp"": 26258.1, ""return_pct"": 0.9422211970937553, ""rs_vs_nifty"": 0.9422211970937553}, {""sector"": ""NIFTY_IT"", ""ltp"": 30697.35, ""return_pct"": 0.8684637261135485, ""rs_vs_nifty"": 0.8684637261135485}, {""sector"": ""NIFTY_BANK"", ""ltp"": 57641.7, ""return_pct"": 0.7022217951685622, ""rs_vs_nifty"": 0.7022217951685622}, {""sector"": ""NIFTY_METAL"", ""ltp"": 13088.15, ""return_pct"": 0.4983395081872777, ""rs_vs_nifty"": 0.4983395081872777}, {""sector"": ""NIFTY_PSU_BANK"", ""ltp"": 8657.1, ""return_pct"": 0.4577814137264884, ""rs_vs_nifty"": 0.4577814137264884}, {""sector"": ""NIFTY_AUTO"", ""ltp"": 29314.7, ""return_pct"": 0.4430297340451022, ""rs_vs_nifty"": 0.4430297340451022}, {""sector"": ""NIFTY_INFRA"", ""ltp"": 9342.15, ""return_pct"": 0.3933136676499548, ""rs_vs_nifty"": 0.3933136676499548}, {""sector"": ""NIFTY_FMCG"", ""ltp"": 47641.65, ""return_pct"": 0.3533520523908927, ""rs_vs_nifty"": 0.3533520523908927}, {""sector"": ""NIFTY_PHARMA"", ""ltp"": 26373.35, ""return_pct"": 0.22630710881742386, ""rs_vs_nifty"": 0.22630710881742386}, {""sector"": ""NIFTY_ENERGY"", ""ltp"": 38192.15, ""return_pct"": 0.177576332248739, ""rs_vs_nifty"": 0.177576332248739}, {""sector"": ""NIFTY_HEALTHCARE"", ""ltp"": 16438.7, ""return_pct"": 0.15780366543186694, ""rs_vs_nifty"": 0.15780366543186694}]"
2026-08-20 11:35:25,NORMAL,24215.1,,0,24205.074693552957,,,True,True,"[[""NIFTY_MEDIA"", 1.2187824772462388, 1.2187824772462388], [""NIFTY_REALTY"", 1.1057128497235693, 1.1057128497235693], [""NIFTY_FIN_SERVICE"", 0.9393380232960387, 0.9393380232960387]]",[],"[{""sector"": ""NIFTY_MEDIA"", ""ltp"": 1607.0, ""return_pct"": 1.2187824772462388, ""rs_vs_nifty"": 1.2187824772462388}, {""sector"": ""NIFTY_REALTY"", ""ltp"": 905.25, ""return_pct"": 1.1057128497235693, ""rs_vs_nifty"": 1.1057128497235693}, {""sector"": ""NIFTY_FIN_SERVICE"", ""ltp"": 26257.35, ""return_pct"": 0.9393380232960387, ""rs_vs_nifty"": 0.9393380232960387}, {""sector"": ""NIFTY_IT"", ""ltp"": 30664.6, ""return_pct"": 0.7608504569867275, ""rs_vs_nifty"": 0.7608504569867275}, {""sector"": ""NIFTY_BANK"", ""ltp"": 57641.25, ""return_pct"": 0.7014356282129115, ""rs_vs_nifty"": 0.7014356282129115}, {""sector"": ""NIFTY_METAL"", ""ltp"": 13098.0, ""return_pct"": 0.5739734705238707, ""rs_vs_nifty"": 0.5739734705238707}, {""sector"": ""NIFTY_AUTO"", ""ltp"": 29316.8, ""return_pct"": 0.4502251125562707, ""rs_vs_nifty"": 0.4502251125562707}, {""sector"": ""NIFTY_PSU_BANK"", ""ltp"": 8655.6, ""return_pct"": 0.4403752763224397, ""rs_vs_nifty"": 0.4403752763224397}, {""sector"": ""NIFTY_INFRA"", ""ltp"": 9343.55, ""return_pct"": 0.40835845275131505, ""rs_vs_nifty"": 0.40835845275131505}, {""sector"": ""NIFTY_FMCG"", ""ltp"": 47650.0, ""return_pct"": 0.3709406642386628, ""rs_vs_nifty"": 0.3709406642386628}, {""sector"": ""NIFTY_PHARMA"", ""ltp"": 26393.05, ""return_pct"": 0.3011727686613108, ""rs_vs_nifty"": 0.3011727686613108}, {""sector"": ""NIFTY_HEALTHCARE"", ""ltp"": 16448.35, ""return_pct"": 0.21659923961785482, ""rs_vs_nifty"": 0.21659923961785482}, {""sector"": ""NIFTY_ENERGY"", ""ltp"": 38201.25, ""return_pct"": 0.2014455290502628, ""rs_vs_nifty"": 0.2014455290502628}]"
2026-08-20 11:35:43,NORMAL,24214.7,,0,24205.085415708785,,,True,True,"[[""NIFTY_MEDIA"", 1.2471262557868519, 1.2471262557868519], [""NIFTY_REALTY"", 1.100128441391637, 1.100128441391637], [""NIFTY_FIN_SERVICE"", 0.9427978318533042, 0.9427978318533042]]",[],"[{""sector"": ""NIFTY_MEDIA"", ""ltp"": 1607.45, ""return_pct"": 1.2471262557868519, ""rs_vs_nifty"": 1.2471262557868519}, {""sector"": ""NIFTY_REALTY"", ""ltp"": 905.2, ""return_pct"": 1.100128441391637, ""rs_vs_nifty"": 1.100128441391637}, {""sector"": ""NIFTY_FIN_SERVICE"", ""ltp"": 26258.25, ""return_pct"": 0.9427978318533042, ""rs_vs_nifty"": 0.9427978318533042}, {""sector"": ""NIFTY_IT"", ""ltp"": 30671.6, ""return_pct"": 0.7838517664184145, ""rs_vs_nifty"": 0.7838517664184145}, {""sector"": ""NIFTY_BANK"", ""ltp"": 57641.2, ""return_pct"": 0.7013482763289446, ""rs_vs_nifty"": 0.7013482763289446}, {""sector"": ""NIFTY_METAL"", ""ltp"": 13100.15, ""return_pct"": 0.5904824064653573, ""rs_vs_nifty"": 0.5904824064653573}, {""sector"": ""NIFTY_AUTO"", ""ltp"": 29316.5, ""return_pct"": 0.4491972013403912, ""rs_vs_nifty"": 0.4491972013403912}, {""sector"": ""NIFTY_PSU_BANK"", ""ltp"": 8655.1, ""return_pct"": 0.4345732305210902, ""rs_vs_nifty"": 0.4345732305210902}, {""sector"": ""NIFTY_INFRA"", ""ltp"": 9343.9, ""return_pct"": 0.41211964902666004, ""rs_vs_nifty"": 0.41211964902666004}, {""sector"": ""NIFTY_FMCG"", ""ltp"": 47644.1, ""return_pct"": 0.358512782813287, ""rs_vs_nifty"": 0.358512782813287}, {""sector"": ""NIFTY_PHARMA"", ""ltp"": 26396.45, ""return_pct"": 0.3140937454871644, ""rs_vs_nifty"": 0.3140937454871644}, {""sector"": ""NIFTY_HEALTHCARE"", ""ltp"": 16448.75, ""return_pct"": 0.21903636186391554, ""rs_vs_nifty"": 0.21903636186391554}, {""sector"": ""NIFTY_ENERGY"", ""ltp"": 38199.75, ""return_pct"": 0.197511046061, ""rs_vs_nifty"": 0.197511046061}]"
2026-08-20 11:37:21,NORMAL,24214.0,,0,24205.157442371754,,,True,True,"[[""NIFTY_MEDIA"", 1.3195603565017362, 1.3195603565017362], [""NIFTY_REALTY"", 1.1168816663874461, 1.1168816663874461], [""NIFTY_FIN_SERVICE"", 0.9251143658939818, 0.9251143658939818]]",[],"[{""sector"": ""NIFTY_MEDIA"", ""ltp"": 1608.6, ""return_pct"": 1.3195603565017362, ""rs_vs_nifty"": 1.3195603565017362}, {""sector"": ""NIFTY_REALTY"", ""ltp"": 905.35, ""return_pct"": 1.1168816663874461, ""rs_vs_nifty"": 1.1168816663874461}, {""sector"": ""NIFTY_FIN_SERVICE"", ""ltp"": 26253.65, ""return_pct"": 0.9251143658939818, ""rs_vs_nifty"": 0.9251143658939818}, {""sector"": ""NIFTY_IT"", ""ltp"": 30673.2, ""return_pct"": 0.7891092085742358, ""rs_vs_nifty"": 0.7891092085742358}, {""sector"": ""NIFTY_BANK"", ""ltp"": 57646.95, ""return_pct"": 0.7113937429845467, ""rs_vs_nifty"": 0.7113937429845467}, {""sector"": ""NIFTY_METAL"", ""ltp"": 13095.95, ""return_pct"": 0.5582323920680378, ""rs_vs_nifty"": 0.5582323920680378}, {""sector"": ""NIFTY_AUTO"", ""ltp"": 29328.8, ""return_pct"": 0.49134156119154715, ""rs_vs_nifty"": 0.49134156119154715}, {""sector"": ""NIFTY_PSU_BANK"", ""ltp"": 8659.65, ""return_pct"": 0.4873718473133627, ""rs_vs_nifty"": 0.4873718473133627}, {""sector"": ""NIFTY_INFRA"", ""ltp"": 9343.35, ""return_pct"": 0.4062091977368463, ""rs_vs_nifty"": 0.4062091977368463}, {""sector"": ""NIFTY_PHARMA"", ""ltp"": 26403.75, ""return_pct"": 0.3418358427897177, ""rs_vs_nifty"": 0.3418358427897177}, {""sector"": ""NIFTY_FMCG"", ""ltp"": 47634.85, ""return_pct"": 0.33902839244299937, ""rs_vs_nifty"": 0.33902839244299937}, {""sector"": ""NIFTY_HEALTHCARE"", ""ltp"": 16455.8, ""return_pct"": 0.26199064145057516, ""rs_vs_nifty"": 0.26199064145057516}, {""sector"": ""NIFTY_ENERGY"", ""ltp"": 38202.8, ""return_pct"": 0.20551116147250864, ""rs_vs_nifty"": 0.20551116147250864}]"
2026-08-20 11:37:37,NORMAL,24213.65,,0,24205.172040824156,,,True,True,"[[""NIFTY_MEDIA"", 1.3038138128680639, 1.3038138128680639], [""NIFTY_REALTY"", 1.100128441391637, 1.100128441391637], [""NIFTY_FIN_SERVICE"", 0.9183869603659766, 0.9183869603659766]]",[],"[{""sector"": ""NIFTY_MEDIA"", ""ltp"": 1608.35, ""return_pct"": 1.3038138128680639, ""rs_vs_nifty"": 1.3038138128680639}, {""sector"": ""NIFTY_REALTY"", ""ltp"": 905.2, ""return_pct"": 1.100128441391637, ""rs_vs_nifty"": 1.100128441391637}, {""sector"": ""NIFTY_FIN_SERVICE"", ""ltp"": 26251.9, ""return_pct"": 0.9183869603659766, ""rs_vs_nifty"": 0.9183869603659766}, {""sector"": ""NIFTY_IT"", ""ltp"": 30672.65, ""return_pct"": 0.787301962833177, ""rs_vs_nifty"": 0.787301962833177}, {""sector"": ""NIFTY_BANK"", ""ltp"": 57647.3, ""return_pct"": 0.7120052061722892, ""rs_vs_nifty"": 0.7120052061722892}, {""sector"": ""NIFTY_METAL"", ""ltp"": 13096.0, ""return_pct"": 0.5586163208108575, ""rs_vs_nifty"": 0.5586163208108575}, {""sector"": ""NIFTY_AUTO"", ""ltp"": 29329.3, ""return_pct"": 0.4930547465513504, ""rs_vs_nifty"": 0.4930547465513504}, {""sector"": ""NIFTY_PSU_BANK"", ""ltp"": 8658.8, ""return_pct"": 0.4775083694510643, ""rs_vs_nifty"": 0.4775083694510643}, {""sector"": ""NIFTY_INFRA"", ""ltp"": 9344.05, ""return_pct"": 0.4137315902875166, ""rs_vs_nifty"": 0.4137315902875166}, {""sector"": ""NIFTY_PHARMA"", ""ltp"": 26405.75, ""return_pct"": 0.3494364173931577, ""rs_vs_nifty"": 0.3494364173931577}, {""sector"": ""NIFTY_FMCG"", ""ltp"": 47632.85, ""return_pct"": 0.3348155512818561, ""rs_vs_nifty"": 0.3348155512818561}, {""sector"": ""NIFTY_HEALTHCARE"", ""ltp"": 16456.7, ""return_pct"": 0.2674741665042007, ""rs_vs_nifty"": 0.2674741665042007}, {""sector"": ""NIFTY_ENERGY"", ""ltp"": 38203.65, ""return_pct"": 0.2077407018330871, ""rs_vs_nifty"": 0.2077407018330871}]"
2026-08-20 11:39:18,NORMAL,24213.45,,0,24205.264105965274,,,True,True,"[[""NIFTY_MEDIA"", 1.2817686517809284, 1.2817686517809284], [""NIFTY_REALTY"", 1.1057128497235693, 1.1057128497235693], [""NIFTY_FIN_SERVICE"", 0.9210779225771673, 0.9210779225771673]]",[],"[{""sector"": ""NIFTY_MEDIA"", ""ltp"": 1608.0, ""return_pct"": 1.2817686517809284, ""rs_vs_nifty"": 1.2817686517809284}, {""sector"": ""NIFTY_REALTY"", ""ltp"": 905.25, ""return_pct"": 1.1057128497235693, ""rs_vs_nifty"": 1.1057128497235693}, {""sector"": ""NIFTY_FIN_SERVICE"", ""ltp"": 26252.6, ""return_pct"": 0.9210779225771673, ""rs_vs_nifty"": 0.9210779225771673}, {""sector"": ""NIFTY_IT"", ""ltp"": 30677.15, ""return_pct"": 0.8020885188964044, ""rs_vs_nifty"": 0.8020885188964044}, {""sector"": ""NIFTY_BANK"", ""ltp"": 57639.0, ""return_pct"": 0.6975047934346325, ""rs_vs_nifty"": 0.6975047934346325}, {""sector"": ""NIFTY_METAL"", ""ltp"": 13090.2, ""return_pct"": 0.5140805866431246, ""rs_vs_nifty"": 0.5140805866431246}, {""sector"": ""NIFTY_AUTO"", ""ltp"": 29332.65, ""return_pct"": 0.5045330884620393, ""rs_vs_nifty"": 0.5045330884620393}, {""sector"": ""NIFTY_PSU_BANK"", ""ltp"": 8658.7, ""return_pct"": 0.4763479602908112, ""rs_vs_nifty"": 0.4763479602908112}, {""sector"": ""NIFTY_INFRA"", ""ltp"": 9345.3, ""return_pct"": 0.42716443412802046, ""rs_vs_nifty"": 0.42716443412802046}, {""sector"": ""NIFTY_PHARMA"", ""ltp"": 26409.15, ""return_pct"": 0.36235739421901125, ""rs_vs_nifty"": 0.36235739421901125}, {""sector"": ""NIFTY_FMCG"", ""ltp"": 47638.55, ""return_pct"": 0.34682214859112365, ""rs_vs_nifty"": 0.34682214859112365}, {""sector"": ""NIFTY_HEALTHCARE"", ""ltp"": 16456.75, ""return_pct"": 0.26777880678495275, ""rs_vs_nifty"": 0.26777880678495275}, {""sector"": ""NIFTY_ENERGY"", ""ltp"": 38215.85, ""return_pct"": 0.23974116347908353, ""rs_vs_nifty"": 0.23974116347908353}]"
2026-08-20 11:39:36,NORMAL,24213.55,,0,24205.28111980928,,,True,True,"[[""NIFTY_MEDIA"", 1.2880672692343915, 1.2880672692343915], [""NIFTY_REALTY"", 1.08895962472776, 1.08895962472776], [""NIFTY_FIN_SERVICE"", 0.919155806712023, 0.919155806712023]]",[],"[{""sector"": ""NIFTY_MEDIA"", ""ltp"": 1608.1, ""return_pct"": 1.2880672692343915, ""rs_vs_nifty"": 1.2880672692343915}, {""sector"": ""NIFTY_REALTY"", ""ltp"": 905.1, ""return_pct"": 1.08895962472776, ""rs_vs_nifty"": 1.08895962472776}, {""sector"": ""NIFTY_FIN_SERVICE"", ""ltp"": 26252.1, ""return_pct"": 0.919155806712023, ""rs_vs_nifty"": 0.919155806712023}, {""sector"": ""NIFTY_IT"", ""ltp"": 30672.05, ""return_pct"": 0.7853304220247395, ""rs_vs_nifty"": 0.7853304220247395}, {""sector"": ""NIFTY_BANK"", ""ltp"": 57639.75, ""return_pct"": 0.6988150716940588, ""rs_vs_nifty"": 0.6988150716940588}, {""sector"": ""NIFTY_METAL"", ""ltp"": 13090.1, ""return_pct"": 0.5133127291574712, ""rs_vs_nifty"": 0.5133127291574712}, {""sector"": ""NIFTY_AUTO"", ""ltp"": 29333.3, ""return_pct"": 0.5067602294297759, ""rs_vs_nifty"": 0.5067602294297759}, {""sector"": ""NIFTY_PSU_BANK"", ""ltp"": 8658.9, ""return_pct"": 0.4786687786113384, ""rs_vs_nifty"": 0.4786687786113384}, {""sector"": ""NIFTY_INFRA"", ""ltp"": 9345.2, ""return_pct"": 0.42608980662079576, ""rs_vs_nifty"": 0.42608980662079576}, {""sector"": ""NIFTY_PHARMA"", ""ltp"": 26409.75, ""return_pct"": 0.36463756660003777, ""rs_vs_nifty"": 0.36463756660003777}, {""sector"": ""NIFTY_FMCG"", ""ltp"": 47631.25, ""return_pct"": 0.3314452783529446, ""rs_vs_nifty"": 0.3314452783529446}, {""sector"": ""NIFTY_HEALTHCARE"", ""ltp"": 16456.35, ""return_pct"": 0.265341684538892, ""rs_vs_nifty"": 0.265341684538892}, {""sector"": ""NIFTY_ENERGY"", ""ltp"": 38216.85, ""return_pct"": 0.24236415213859208, ""rs_vs_nifty"": 0.24236415213859208}]"
2026-08-20 11:41:14,NORMAL,24211.4,,0,24205.299424124678,,,True,True,"[[""NIFTY_MEDIA"", 1.2786193430541966, 1.2786193430541966], [""NIFTY_REALTY"", 1.055453174736129, 1.055453174736129], [""NIFTY_FIN_SERVICE"", 0.8957059931572675, 0.8957059931572675]]",[],"[{""sector"": ""NIFTY_MEDIA"", ""ltp"": 1607.95, ""return_pct"": 1.2786193430541966, ""rs_vs_nifty"": 1.2786193430541966}, {""sector"": ""NIFTY_REALTY"", ""ltp"": 904.8, ""return_pct"": 1.055453174736129, ""rs_vs_nifty"": 1.055453174736129}, {""sector"": ""NIFTY_FIN_SERVICE"", ""ltp"": 26246.0, ""return_pct"": 0.8957059931572675, ""rs_vs_nifty"": 0.8957059931572675}, {""sector"": ""NIFTY_IT"", ""ltp"": 30663.4, ""return_pct"": 0.7569073753698765, ""rs_vs_nifty"": 0.7569073753698765}, {""sector"": ""NIFTY_BANK"", ""ltp"": 57630.85, ""return_pct"": 0.6832664363488634, ""rs_vs_nifty"": 0.6832664363488634}, {""sector"": ""NIFTY_AUTO"", ""ltp"": 29333.85, ""return_pct"": 0.5086447333255569, ""rs_vs_nifty"": 0.5086447333255569}, {""sector"": ""NIFTY_METAL"", ""ltp"": 13087.2, ""return_pct"": 0.4910448620736047, ""rs_vs_nifty"": 0.4910448620736047}, {""sector"": ""NIFTY_PSU_BANK"", ""ltp"": 8658.05, ""return_pct"": 0.4688053007490399, ""rs_vs_nifty"": 0.4688053007490399}, {""sector"": ""NIFTY_INFRA"", ""ltp"": 9345.8, ""return_pct"": 0.4325375716642219, ""rs_vs_nifty"": 0.4325375716642219}, {""sector"": ""NIFTY_PHARMA"", ""ltp"": 26409.0, ""return_pct"": 0.36178735112374777, ""rs_vs_nifty"": 0.36178735112374777}, {""sector"": ""NIFTY_FMCG"", ""ltp"": 47623.65, ""return_pct"": 0.31543648194060314, ""rs_vs_nifty"": 0.31543648194060314}, {""sector"": ""NIFTY_HEALTHCARE"", ""ltp"": 16458.05, ""return_pct"": 0.27569945408461694, ""rs_vs_nifty"": 0.27569945408461694}, {""sector"": ""NIFTY_ENERGY"", ""ltp"": 38215.2, ""return_pct"": 0.2380362208503992, ""rs_vs_nifty"": 0.2380362208503992}]"
2026-08-20 11:41:32,NORMAL,24210.9,,0,24205.31504922472,,,True,True,"[[""NIFTY_MEDIA"", 1.28491796050766, 1.28491796050766], [""NIFTY_REALTY"", 1.027531133076443, 1.027531133076443], [""NIFTY_FIN_SERVICE"", 0.9018567639257239, 0.9018567639257239]]",[],"[{""sector"": ""NIFTY_MEDIA"", ""ltp"": 1608.05, ""return_pct"": 1.28491796050766, ""rs_vs_nifty"": 1.28491796050766}, {""sector"": ""NIFTY_REALTY"", ""ltp"": 904.55, ""return_pct"": 1.027531133076443, ""rs_vs_nifty"": 1.027531133076443}, {""sector"": ""NIFTY_FIN_SERVICE"", ""ltp"": 26247.6, ""return_pct"": 0.9018567639257239, ""rs_vs_nifty"": 0.9018567639257239}, {""sector"": ""NIFTY_IT"", ""ltp"": 30657.95, ""return_pct"": 0.7389992130266321, ""rs_vs_nifty"": 0.7389992130266321}, {""sector"": ""NIFTY_BANK"", ""ltp"": 57636.5, ""return_pct"": 0.6931371992365445, ""rs_vs_nifty"": 0.6931371992365445}, {""sector"": ""NIFTY_METAL"", ""ltp"": 13088.4, ""return_pct"": 0.5002591519014044, ""rs_vs_nifty"": 0.5002591519014044}, {""sector"": ""NIFTY_AUTO"", ""ltp"": 29329.9, ""return_pct"": 0.4951105689831216, ""rs_vs_nifty"": 0.4951105689831216}, {""sector"": ""NIFTY_PSU_BANK"", ""ltp"": 8658.1, ""return_pct"": 0.46938550532918755, ""rs_vs_nifty"": 0.46938550532918755}, {""sector"": ""NIFTY_INFRA"", ""ltp"": 9345.2, ""return_pct"": 0.42608980662079576, ""rs_vs_nifty"": 0.42608980662079576}, {""sector"": ""NIFTY_PHARMA"", ""ltp"": 26406.35, ""return_pct"": 0.3517165897741842, ""rs_vs_nifty"": 0.3517165897741842}, {""sector"": ""NIFTY_FMCG"", ""ltp"": 47622.9, ""return_pct"": 0.3138566665051744, ""rs_vs_nifty"": 0.3138566665051744}, {""sector"": ""NIFTY_HEALTHCARE"", ""ltp"": 16456.35, ""return_pct"": 0.265341684538892, ""rs_vs_nifty"": 0.265341684538892}, {""sector"": ""NIFTY_ENERGY"", ""ltp"": 38211.45, ""return_pct"": 0.22820001337724216, ""rs_vs_nifty"": 0.22820001337724216}]"
2026-08-20 11:43:16,NORMAL,24212.2,,0,24205.40339697588,,,True,True,"[[""NIFTY_MEDIA"", 1.2502755645135835, 1.2502755645135835], [""NIFTY_REALTY"", 1.0442843580722647, 1.0442843580722647], [""NIFTY_FIN_SERVICE"", 0.8922461846000022, 0.8922461846000022]]",[],"[{""sector"": ""NIFTY_MEDIA"", ""ltp"": 1607.5, ""return_pct"": 1.2502755645135835, ""rs_vs_nifty"": 1.2502755645135835}, {""sector"": ""NIFTY_REALTY"", ""ltp"": 904.7, ""return_pct"": 1.0442843580722647, ""rs_vs_nifty"": 1.0442843580722647}, {""sector"": ""NIFTY_FIN_SERVICE"", ""ltp"": 26245.1, ""return_pct"": 0.8922461846000022, ""rs_vs_nifty"": 0.8922461846000022}, {""sector"": ""NIFTY_IT"", ""ltp"": 30694.7, ""return_pct"": 0.8597560875429886, ""rs_vs_nifty"": 0.8597560875429886}, {""sector"": ""NIFTY_BANK"", ""ltp"": 57629.75, ""return_pct"": 0.6813446949017073, ""rs_vs_nifty"": 0.6813446949017073}, {""sector"": ""NIFTY_METAL"", ""ltp"": 13087.4, ""return_pct"": 0.49258057704489766, ""rs_vs_nifty"": 0.49258057704489766}, {""sector"": ""NIFTY_PSU_BANK"", ""ltp"": 8658.15, ""return_pct"": 0.469965709909314, ""rs_vs_nifty"": 0.469965709909314}, {""sector"": ""NIFTY_AUTO"", ""ltp"": 29320.95, ""return_pct"": 0.46444455104264215, ""rs_vs_nifty"": 0.46444455104264215}, {""sector"": ""NIFTY_INFRA"", ""ltp"": 9345.25, ""return_pct"": 0.4266271203744081, ""rs_vs_nifty"": 0.4266271203744081}, {""sector"": ""NIFTY_FMCG"", ""ltp"": 47644.85, ""return_pct"": 0.3600925982487158, ""rs_vs_nifty"": 0.3600925982487158}, {""sector"": ""NIFTY_PHARMA"", ""ltp"": 26407.0, ""return_pct"": 0.3541867765203077, ""rs_vs_nifty"": 0.3541867765203077}, {""sector"": ""NIFTY_HEALTHCARE"", ""ltp"": 16457.1, ""return_pct"": 0.2699112887502393, ""rs_vs_nifty"": 0.2699112887502393}, {""sector"": ""NIFTY_ENERGY"", ""ltp"": 38201.8, ""return_pct"": 0.20288817281300014, ""rs_vs_nifty"": 0.20288817281300014}]"
2026-08-20 11:43:34,NORMAL,24213.15,,0,24205.419582717128,,,True,True,"[[""NIFTY_MEDIA"", 1.2786193430541966, 1.2786193430541966], [""NIFTY_REALTY"", 1.033115541408388, 1.033115541408388], [""NIFTY_FIN_SERVICE"", 0.8909007034944066, 0.8909007034944066]]",[],"[{""sector"": ""NIFTY_MEDIA"", ""ltp"": 1607.95, ""return_pct"": 1.2786193430541966, ""rs_vs_nifty"": 1.2786193430541966}, {""sector"": ""NIFTY_REALTY"", ""ltp"": 904.6, ""return_pct"": 1.033115541408388, ""rs_vs_nifty"": 1.033115541408388}, {""sector"": ""NIFTY_FIN_SERVICE"", ""ltp"": 26244.75, ""return_pct"": 0.8909007034944066, ""rs_vs_nifty"": 0.8909007034944066}, {""sector"": ""NIFTY_IT"", ""ltp"": 30697.25, ""return_pct"": 0.868135135978815, ""rs_vs_nifty"": 0.868135135978815}, {""sector"": ""NIFTY_BANK"", ""ltp"": 57630.1, ""return_pct"": 0.6819561580894371, ""rs_vs_nifty"": 0.6819561580894371}, {""sector"": ""NIFTY_METAL"", ""ltp"": 13087.55, ""return_pct"": 0.4937323632733709, ""rs_vs_nifty"": 0.4937323632733709}, {""sector"": ""NIFTY_PSU_BANK"", ""ltp"": 8657.3, ""return_pct"": 0.46010223204701556, ""rs_vs_nifty"": 0.46010223204701556}, {""sector"": ""NIFTY_AUTO"", ""ltp"": 29319.55, ""return_pct"": 0.45964763203518816, ""rs_vs_nifty"": 0.45964763203518816}, {""sector"": ""NIFTY_INFRA"", ""ltp"": 9345.25, ""return_pct"": 0.4266271203744081, ""rs_vs_nifty"": 0.4266271203744081}, {""sector"": ""NIFTY_FMCG"", ""ltp"": 47646.0, ""return_pct"": 0.3625149819163762, ""rs_vs_nifty"": 0.3625149819163762}, {""sector"": ""NIFTY_PHARMA"", ""ltp"": 26407.05, ""return_pct"": 0.3543767908853909, ""rs_vs_nifty"": 0.3543767908853909}, {""sector"": ""NIFTY_HEALTHCARE"", ""ltp"": 16455.65, ""return_pct"": 0.26107672060831905, ""rs_vs_nifty"": 0.26107672060831905}, {""sector"": ""NIFTY_ENERGY"", ""ltp"": 38200.9, ""return_pct"": 0.20052748301943862, ""rs_vs_nifty"": 0.20052748301943862}]"
2026-08-20 11:45:20,NORMAL,24213.1,,0,24205.46091742381,,,True,True,"[[""NIFTY_MEDIA"", 1.3321575914086772, 1.3321575914086772], [""NIFTY_REALTY"", 1.0107779080806338, 1.0107779080806338], [""NIFTY_FIN_SERVICE"", 0.9020489755122495, 0.9020489755122495]]",[],"[{""sector"": ""NIFTY_MEDIA"", ""ltp"": 1608.8, ""return_pct"": 1.3321575914086772, ""rs_vs_nifty"": 1.3321575914086772}, {""sector"": ""NIFTY_REALTY"", ""ltp"": 904.4, ""return_pct"": 1.0107779080806338, ""rs_vs_nifty"": 1.0107779080806338}, {""sector"": ""NIFTY_FIN_SERVICE"", ""ltp"": 26247.65, ""return_pct"": 0.9020489755122495, ""rs_vs_nifty"": 0.9020489755122495}, {""sector"": ""NIFTY_IT"", ""ltp"": 30692.9, ""return_pct"": 0.8538414651176999, ""rs_vs_nifty"": 0.8538414651176999}, {""sector"": ""NIFTY_BANK"", ""ltp"": 57631.7, ""return_pct"": 0.6847514183762108, ""rs_vs_nifty"": 0.6847514183762108}, {""sector"": ""NIFTY_METAL"", ""ltp"": 13087.7, ""return_pct"": 0.49488414950185805, ""rs_vs_nifty"": 0.49488414950185805}, {""sector"": ""NIFTY_PSU_BANK"", ""ltp"": 8656.45, ""return_pct"": 0.4502387541847382, ""rs_vs_nifty"": 0.4502387541847382}, {""sector"": ""NIFTY_AUTO"", ""ltp"": 29315.5, ""return_pct"": 0.4457708306207848, ""rs_vs_nifty"": 0.4457708306207848}, {""sector"": ""NIFTY_INFRA"", ""ltp"": 9344.55, ""return_pct"": 0.41910472782371816, ""rs_vs_nifty"": 0.41910472782371816}, {""sector"": ""NIFTY_FMCG"", ""ltp"": 47652.6, ""return_pct"": 0.376417357748146, ""rs_vs_nifty"": 0.376417357748146}, {""sector"": ""NIFTY_PHARMA"", ""ltp"": 26399.55, ""return_pct"": 0.3258746361224909, ""rs_vs_nifty"": 0.3258746361224909}, {""sector"": ""NIFTY_HEALTHCARE"", ""ltp"": 16451.15, ""return_pct"": 0.23365909534023557, ""rs_vs_nifty"": 0.23365909534023557}, {""sector"": ""NIFTY_ENERGY"", ""ltp"": 38203.9, ""return_pct"": 0.20839644899796422, ""rs_vs_nifty"": 0.20839644899796422}]"
2026-08-20 11:45:36,NORMAL,24214.0,,0,24205.472602822956,,,True,True,"[[""NIFTY_MEDIA"", 1.2912165779611375, 1.2912165779611375], [""NIFTY_REALTY"", 1.027531133076443, 1.027531133076443], [""NIFTY_FIN_SERVICE"", 0.9043555145504171, 0.9043555145504171]]",[],"[{""sector"": ""NIFTY_MEDIA"", ""ltp"": 1608.15, ""return_pct"": 1.2912165779611375, ""rs_vs_nifty"": 1.2912165779611375}, {""sector"": ""NIFTY_REALTY"", ""ltp"": 904.55, ""return_pct"": 1.027531133076443, ""rs_vs_nifty"": 1.027531133076443}, {""sector"": ""NIFTY_FIN_SERVICE"", ""ltp"": 26248.25, ""return_pct"": 0.9043555145504171, ""rs_vs_nifty"": 0.9043555145504171}, {""sector"": ""NIFTY_IT"", ""ltp"": 30704.95, ""return_pct"": 0.893436576353673, ""rs_vs_nifty"": 0.893436576353673}, {""sector"": ""NIFTY_BANK"", ""ltp"": 57633.9, ""return_pct"": 0.6885949012705357, ""rs_vs_nifty"": 0.6885949012705357}, {""sector"": ""NIFTY_METAL"", ""ltp"": 13089.55, ""return_pct"": 0.5090895129863842, ""rs_vs_nifty"": 0.5090895129863842}, {""sector"": ""NIFTY_PSU_BANK"", ""ltp"": 8656.95, ""return_pct"": 0.4560407999860878, ""rs_vs_nifty"": 0.4560407999860878}, {""sector"": ""NIFTY_INFRA"", ""ltp"": 9345.55, ""return_pct"": 0.4298510028961212, ""rs_vs_nifty"": 0.4298510028961212}, {""sector"": ""NIFTY_AUTO"", ""ltp"": 29310.5, ""return_pct"": 0.4286389770227529, ""rs_vs_nifty"": 0.4286389770227529}, {""sector"": ""NIFTY_FMCG"", ""ltp"": 47646.5, ""return_pct"": 0.36356819220666203, ""rs_vs_nifty"": 0.36356819220666203}, {""sector"": ""NIFTY_PHARMA"", ""ltp"": 26399.1, ""return_pct"": 0.3241645068367141, ""rs_vs_nifty"": 0.3241645068367141}, {""sector"": ""NIFTY_HEALTHCARE"", ""ltp"": 16451.75, ""return_pct"": 0.2373147787093045, ""rs_vs_nifty"": 0.2373147787093045}, {""sector"": ""NIFTY_ENERGY"", ""ltp"": 38207.65, ""return_pct"": 0.21823265647112122, ""rs_vs_nifty"": 0.21823265647112122}]"
2026-08-20 11:47:17,NORMAL,24215.5,,0,24205.577577841927,,,True,True,"[[""NIFTY_MEDIA"", 1.3542027524958271, 1.3542027524958271], [""NIFTY_REALTY"", 1.0442843580722647, 1.0442843580722647], [""NIFTY_FIN_SERVICE"", 0.9226156152692884, 0.9226156152692884]]",[],"[{""sector"": ""NIFTY_MEDIA"", ""ltp"": 1609.15, ""return_pct"": 1.3542027524958271, ""rs_vs_nifty"": 1.3542027524958271}, {""sector"": ""NIFTY_REALTY"", ""ltp"": 904.7, ""return_pct"": 1.0442843580722647, ""rs_vs_nifty"": 1.0442843580722647}, {""sector"": ""NIFTY_FIN_SERVICE"", ""ltp"": 26253.0, ""return_pct"": 0.9226156152692884, ""rs_vs_nifty"": 0.9226156152692884}, {""sector"": ""NIFTY_IT"", ""ltp"": 30707.7, ""return_pct"": 0.9024728050589785, ""rs_vs_nifty"": 0.9024728050589785}, {""sector"": ""NIFTY_BANK"", ""ltp"": 57643.3, ""return_pct"": 0.7050170554553487, ""rs_vs_nifty"": 0.7050170554553487}, {""sector"": ""NIFTY_METAL"", ""ltp"": 13085.05, ""return_pct"": 0.4745359261321043, ""rs_vs_nifty"": 0.4745359261321043}, {""sector"": ""NIFTY_PSU_BANK"", ""ltp"": 8658.05, ""return_pct"": 0.4688053007490399, ""rs_vs_nifty"": 0.4688053007490399}, {""sector"": ""NIFTY_AUTO"", ""ltp"": 29316.8, ""return_pct"": 0.4502251125562707, ""rs_vs_nifty"": 0.4502251125562707}, {""sector"": ""NIFTY_INFRA"", ""ltp"": 9344.65, ""return_pct"": 0.42017935533096235, ""rs_vs_nifty"": 0.42017935533096235}, {""sector"": ""NIFTY_FMCG"", ""ltp"": 47644.3, ""return_pct"": 0.35893406692941054, ""rs_vs_nifty"": 0.35893406692941054}, {""sector"": ""NIFTY_PHARMA"", ""ltp"": 26401.25, ""return_pct"": 0.3323351245354177, ""rs_vs_nifty"": 0.3323351245354177}, {""sector"": ""NIFTY_HEALTHCARE"", ""ltp"": 16452.6, ""return_pct"": 0.24249366348215584, ""rs_vs_nifty"": 0.24249366348215584}, {""sector"": ""NIFTY_ENERGY"", ""ltp"": 38196.1, ""return_pct"": 0.18793713745379007, ""rs_vs_nifty"": 0.18793713745379007}]"
2026-08-20 11:47:38,NORMAL,24215.55,,0,24205.59201094474,,,True,True,"[[""NIFTY_MEDIA"", 1.344754826315618, 1.344754826315618], [""NIFTY_REALTY"", 1.0722063997319509, 1.0722063997319509], [""NIFTY_FIN_SERVICE"", 0.9108907084919108, 0.9108907084919108]]",[],"[{""sector"": ""NIFTY_MEDIA"", ""ltp"": 1609.0, ""return_pct"": 1.344754826315618, ""rs_vs_nifty"": 1.344754826315618}, {""sector"": ""NIFTY_REALTY"", ""ltp"": 904.95, ""return_pct"": 1.0722063997319509, ""rs_vs_nifty"": 1.0722063997319509}, {""sector"": ""NIFTY_FIN_SERVICE"", ""ltp"": 26249.95, ""return_pct"": 0.9108907084919108, ""rs_vs_nifty"": 0.9108907084919108}, {""sector"": ""NIFTY_IT"", ""ltp"": 30708.05, ""return_pct"": 0.9036228705305581, ""rs_vs_nifty"": 0.9036228705305581}, {""sector"": ""NIFTY_BANK"", ""ltp"": 57644.75, ""return_pct"": 0.7075502600902345, ""rs_vs_nifty"": 0.7075502600902345}, {""sector"": ""NIFTY_METAL"", ""ltp"": 13083.45, ""return_pct"": 0.4622502063617049, ""rs_vs_nifty"": 0.4622502063617049}, {""sector"": ""NIFTY_PSU_BANK"", ""ltp"": 8656.75, ""return_pct"": 0.4537199816655395, ""rs_vs_nifty"": 0.4537199816655395}, {""sector"": ""NIFTY_AUTO"", ""ltp"": 29317.2, ""return_pct"": 0.4515956608441182, ""rs_vs_nifty"": 0.4515956608441182}, {""sector"": ""NIFTY_INFRA"", ""ltp"": 9345.05, ""return_pct"": 0.42447786535991966, ""rs_vs_nifty"": 0.42447786535991966}, {""sector"": ""NIFTY_FMCG"", ""ltp"": 47652.4, ""return_pct"": 0.3759960736320378, ""rs_vs_nifty"": 0.3759960736320378}, {""sector"": ""NIFTY_PHARMA"", ""ltp"": 26404.75, ""return_pct"": 0.3456361300914377, ""rs_vs_nifty"": 0.3456361300914377}, {""sector"": ""NIFTY_HEALTHCARE"", ""ltp"": 16453.5, ""return_pct"": 0.2479771885357814, ""rs_vs_nifty"": 0.2479771885357814}, {""sector"": ""NIFTY_ENERGY"", ""ltp"": 38193.9, ""return_pct"": 0.18216656240287893, ""rs_vs_nifty"": 0.18216656240287893}]"
2026-08-20 11:49:18,NORMAL,24212.9,,0,24205.642919622536,,,True,True,"[[""NIFTY_MEDIA"", 1.2817686517809284, 1.2817686517809284], [""NIFTY_REALTY"", 1.1336348913832555, 1.1336348913832555], [""NIFTY_IT"", 0.8914650355452355, 0.8914650355452355]]",[],"[{""sector"": ""NIFTY_MEDIA"", ""ltp"": 1608.0, ""return_pct"": 1.2817686517809284, ""rs_vs_nifty"": 1.2817686517809284}, {""sector"": ""NIFTY_REALTY"", ""ltp"": 905.5, ""return_pct"": 1.1336348913832555, ""rs_vs_nifty"": 1.1336348913832555}, {""sector"": ""NIFTY_IT"", ""ltp"": 30704.35, ""return_pct"": 0.8914650355452355, ""rs_vs_nifty"": 0.8914650355452355}, {""sector"": ""NIFTY_FIN_SERVICE"", ""ltp"": 26244.25, ""return_pct"": 0.8889785876292623, ""rs_vs_nifty"": 0.8889785876292623}, {""sector"": ""NIFTY_BANK"", ""ltp"": 57631.8, ""return_pct"": 0.6849261221441444, ""rs_vs_nifty"": 0.6849261221441444}, {""sector"": ""NIFTY_METAL"", ""ltp"": 13087.7, ""return_pct"": 0.49488414950185805, ""rs_vs_nifty"": 0.49488414950185805}, {""sector"": ""NIFTY_PSU_BANK"", ""ltp"": 8657.7, ""return_pct"": 0.46474386868811207, ""rs_vs_nifty"": 0.46474386868811207}, {""sector"": ""NIFTY_AUTO"", ""ltp"": 29315.1, ""return_pct"": 0.4444002823329373, ""rs_vs_nifty"": 0.4444002823329373}, {""sector"": ""NIFTY_INFRA"", ""ltp"": 9344.25, ""return_pct"": 0.41588084530200503, ""rs_vs_nifty"": 0.41588084530200503}, {""sector"": ""NIFTY_FMCG"", ""ltp"": 47657.05, ""return_pct"": 0.385790929331699, ""rs_vs_nifty"": 0.385790929331699}, {""sector"": ""NIFTY_PHARMA"", ""ltp"": 26401.7, ""return_pct"": 0.3340452538211944, ""rs_vs_nifty"": 0.3340452538211944}, {""sector"": ""NIFTY_HEALTHCARE"", ""ltp"": 16454.15, ""return_pct"": 0.25193751218562455, ""rs_vs_nifty"": 0.25193751218562455}, {""sector"": ""NIFTY_ENERGY"", ""ltp"": 38193.0, ""return_pct"": 0.17980587260931744, ""rs_vs_nifty"": 0.17980587260931744}]"
2026-08-20 11:49:36,NORMAL,24212.9,,0,24205.654661152977,,,True,True,"[[""NIFTY_MEDIA"", 1.2912165779611375, 1.2912165779611375], [""NIFTY_REALTY"", 1.1336348913832555, 1.1336348913832555], [""NIFTY_IT"", 0.9046086409347709, 0.9046086409347709]]",[],"[{""sector"": ""NIFTY_MEDIA"", ""ltp"": 1608.15, ""return_pct"": 1.2912165779611375, ""rs_vs_nifty"": 1.2912165779611375}, {""sector"": ""NIFTY_REALTY"", ""ltp"": 905.5, ""return_pct"": 1.1336348913832555, ""rs_vs_nifty"": 1.1336348913832555}, {""sector"": ""NIFTY_IT"", ""ltp"": 30708.35, ""return_pct"": 0.9046086409347709, ""rs_vs_nifty"": 0.9046086409347709}, {""sector"": ""NIFTY_FIN_SERVICE"", ""ltp"": 26243.0, ""return_pct"": 0.8841732979664014, ""rs_vs_nifty"": 0.8841732979664014}, {""sector"": ""NIFTY_BANK"", ""ltp"": 57624.0, ""return_pct"": 0.6712992282461052, ""rs_vs_nifty"": 0.6712992282461052}, {""sector"": ""NIFTY_METAL"", ""ltp"": 13086.5, ""return_pct"": 0.48566985967404447, ""rs_vs_nifty"": 0.48566985967404447}, {""sector"": ""NIFTY_PSU_BANK"", ""ltp"": 8658.05, ""return_pct"": 0.4688053007490399, ""rs_vs_nifty"": 0.4688053007490399}, {""sector"": ""NIFTY_AUTO"", ""ltp"": 29314.35, ""return_pct"": 0.4418305042932325, ""rs_vs_nifty"": 0.4418305042932325}, {""sector"": ""NIFTY_INFRA"", ""ltp"": 9345.5, ""return_pct"": 0.42931368914250884, ""rs_vs_nifty"": 0.42931368914250884}, {""sector"": ""NIFTY_FMCG"", ""ltp"": 47661.4, ""return_pct"": 0.3949538588571826, ""rs_vs_nifty"": 0.3949538588571826}, {""sector"": ""NIFTY_PHARMA"", ""ltp"": 26402.95, ""return_pct"": 0.3387956129483444, ""rs_vs_nifty"": 0.3387956129483444}, {""sector"": ""NIFTY_HEALTHCARE"", ""ltp"": 16454.6, ""return_pct"": 0.25467927471241514, ""rs_vs_nifty"": 0.25467927471241514}, {""sector"": ""NIFTY_ENERGY"", ""ltp"": 38195.8, ""return_pct"": 0.18715024085594895, ""rs_vs_nifty"": 0.18715024085594895}]"
2026-08-20 11:51:16,NORMAL,24212.75,,0,24205.706548850747,,,True,True,"[[""NIFTY_MEDIA"", 1.2943658866878691, 1.2943658866878691], [""NIFTY_REALTY"", 1.1783101580387507, 1.1783101580387507], [""NIFTY_IT"", 0.9062515916084628, 0.9062515916084628]]",[],"[{""sector"": ""NIFTY_MEDIA"", ""ltp"": 1608.2, ""return_pct"": 1.2943658866878691, ""rs_vs_nifty"": 1.2943658866878691}, {""sector"": ""NIFTY_REALTY"", ""ltp"": 905.9, ""return_pct"": 1.1783101580387507, ""rs_vs_nifty"": 1.1783101580387507}, {""sector"": ""NIFTY_IT"", ""ltp"": 30708.85, ""return_pct"": 0.9062515916084628, ""rs_vs_nifty"": 0.9062515916084628}, {""sector"": ""NIFTY_FIN_SERVICE"", ""ltp"": 26242.5, ""return_pct"": 0.8822511821012571, ""rs_vs_nifty"": 0.8822511821012571}, {""sector"": ""NIFTY_BANK"", ""ltp"": 57619.8, ""return_pct"": 0.6639616699933227, ""rs_vs_nifty"": 0.6639616699933227}, {""sector"": ""NIFTY_METAL"", ""ltp"": 13089.6, ""return_pct"": 0.5094734417292178, ""rs_vs_nifty"": 0.5094734417292178}, {""sector"": ""NIFTY_PSU_BANK"", ""ltp"": 8657.3, ""return_pct"": 0.46010223204701556, ""rs_vs_nifty"": 0.46010223204701556}, {""sector"": ""NIFTY_AUTO"", ""ltp"": 29309.8, ""return_pct"": 0.42624051751902603, ""rs_vs_nifty"": 0.42624051751902603}, {""sector"": ""NIFTY_INFRA"", ""ltp"": 9345.0, ""return_pct"": 0.42394055160630734, ""rs_vs_nifty"": 0.42394055160630734}, {""sector"": ""NIFTY_FMCG"", ""ltp"": 47658.95, ""return_pct"": 0.3897931284347728, ""rs_vs_nifty"": 0.3897931284347728}, {""sector"": ""NIFTY_PHARMA"", ""ltp"": 26405.85, ""return_pct"": 0.34981644612332413, ""rs_vs_nifty"": 0.34981644612332413}, {""sector"": ""NIFTY_HEALTHCARE"", ""ltp"": 16455.9, ""return_pct"": 0.2625999220121014, ""rs_vs_nifty"": 0.2625999220121014}, {""sector"": ""NIFTY_ENERGY"", ""ltp"": 38181.2, ""return_pct"": 0.14885460642710913, ""rs_vs_nifty"": 0.14885460642710913}]"
2026-08-20 11:51:32,NORMAL,24212.25,,0,24205.714913769996,,,True,True,"[[""NIFTY_MEDIA"", 1.3290082826819454, 1.3290082826819454], [""NIFTY_REALTY"", 1.1727257497068184, 1.1727257497068184], [""NIFTY_IT"", 0.9101946732253258, 0.9101946732253258]]",[],"[{""sector"": ""NIFTY_MEDIA"", ""ltp"": 1608.75, ""return_pct"": 1.3290082826819454, ""rs_vs_nifty"": 1.3290082826819454}, {""sector"": ""NIFTY_REALTY"", ""ltp"": 905.85, ""return_pct"": 1.1727257497068184, ""rs_vs_nifty"": 1.1727257497068184}, {""sector"": ""NIFTY_IT"", ""ltp"": 30710.05, ""return_pct"": 0.9101946732253258, ""rs_vs_nifty"": 0.9101946732253258}, {""sector"": ""NIFTY_FIN_SERVICE"", ""ltp"": 26242.15, ""return_pct"": 0.8809057009956616, ""rs_vs_nifty"": 0.8809057009956616}, {""sector"": ""NIFTY_BANK"", ""ltp"": 57622.75, ""return_pct"": 0.6691154311470613, ""rs_vs_nifty"": 0.6691154311470613}, {""sector"": ""NIFTY_METAL"", ""ltp"": 13090.2, ""return_pct"": 0.5140805866431246, ""rs_vs_nifty"": 0.5140805866431246}, {""sector"": ""NIFTY_PSU_BANK"", ""ltp"": 8658.15, ""return_pct"": 0.469965709909314, ""rs_vs_nifty"": 0.469965709909314}, {""sector"": ""NIFTY_AUTO"", ""ltp"": 29312.6, ""return_pct"": 0.43583435553392136, ""rs_vs_nifty"": 0.43583435553392136}, {""sector"": ""NIFTY_INFRA"", ""ltp"": 9344.15, ""return_pct"": 0.4148062177947608, ""rs_vs_nifty"": 0.4148062177947608}, {""sector"": ""NIFTY_FMCG"", ""ltp"": 47653.2, ""return_pct"": 0.3776812100964859, ""rs_vs_nifty"": 0.3776812100964859}, {""sector"": ""NIFTY_PHARMA"", ""ltp"": 26403.5, ""return_pct"": 0.3408857709642877, ""rs_vs_nifty"": 0.3408857709642877}, {""sector"": ""NIFTY_HEALTHCARE"", ""ltp"": 16455.5, ""return_pct"": 0.2601627997660407, ""rs_vs_nifty"": 0.2601627997660407}, {""sector"": ""NIFTY_ENERGY"", ""ltp"": 38181.35, ""return_pct"": 0.14924805472603922, ""rs_vs_nifty"": 0.14924805472603922}]"
2026-08-20 11:53:14,NORMAL,24212.1,,0,24205.77060510043,,,True,True,"[[""NIFTY_MEDIA"", 1.3888451484899036, 1.3888451484899036], [""NIFTY_REALTY"", 1.1392192997151875, 1.1392192997151875], [""NIFTY_IT"", 0.9062515916084628, 0.9062515916084628]]",[],"[{""sector"": ""NIFTY_MEDIA"", ""ltp"": 1609.7, ""return_pct"": 1.3888451484899036, ""rs_vs_nifty"": 1.3888451484899036}, {""sector"": ""NIFTY_REALTY"", ""ltp"": 905.55, ""return_pct"": 1.1392192997151875, ""rs_vs_nifty"": 1.1392192997151875}, {""sector"": ""NIFTY_IT"", ""ltp"": 30708.85, ""return_pct"": 0.9062515916084628, ""rs_vs_nifty"": 0.9062515916084628}, {""sector"": ""NIFTY_FIN_SERVICE"", ""ltp"": 26241.6, ""return_pct"": 0.8787913735439917, ""rs_vs_nifty"": 0.8787913735439917}, {""sector"": ""NIFTY_BANK"", ""ltp"": 57608.5, ""return_pct"": 0.6442201442179605, ""rs_vs_nifty"": 0.6442201442179605}, {""sector"": ""NIFTY_METAL"", ""ltp"": 13089.5, ""return_pct"": 0.5087055842435644, ""rs_vs_nifty"": 0.5087055842435644}, {""sector"": ""NIFTY_INFRA"", ""ltp"": 9346.0, ""return_pct"": 0.4346868266787103, ""rs_vs_nifty"": 0.4346868266787103}, {""sector"": ""NIFTY_AUTO"", ""ltp"": 29310.2, ""return_pct"": 0.4276110658068735, ""rs_vs_nifty"": 0.4276110658068735}, {""sector"": ""NIFTY_PSU_BANK"", ""ltp"": 8653.95, ""return_pct"": 0.4212285251779905, ""rs_vs_nifty"": 0.4212285251779905}, {""sector"": ""NIFTY_FMCG"", ""ltp"": 47643.6, ""return_pct"": 0.3574595725230012, ""rs_vs_nifty"": 0.3574595725230012}, {""sector"": ""NIFTY_PHARMA"", ""ltp"": 26401.9, ""return_pct"": 0.33480531128154123, ""rs_vs_nifty"": 0.33480531128154123}, {""sector"": ""NIFTY_HEALTHCARE"", ""ltp"": 16454.35, ""return_pct"": 0.2531560733086327, ""rs_vs_nifty"": 0.2531560733086327}, {""sector"": ""NIFTY_ENERGY"", ""ltp"": 38180.4, ""return_pct"": 0.14675621549951376, ""rs_vs_nifty"": 0.14675621549951376}]"
2026-08-20 11:53:33,NORMAL,24212.4,,0,24205.808905605612,,,True,True,"[[""NIFTY_MEDIA"", 1.3699492961294997, 1.3699492961294997], [""NIFTY_REALTY"", 1.1448037080471323, 1.1448037080471323], [""NIFTY_IT"", 0.9092089028211131, 0.9092089028211131]]",[],"[{""sector"": ""NIFTY_MEDIA"", ""ltp"": 1609.4, ""return_pct"": 1.3699492961294997, ""rs_vs_nifty"": 1.3699492961294997}, {""sector"": ""NIFTY_REALTY"", ""ltp"": 905.6, ""return_pct"": 1.1448037080471323, ""rs_vs_nifty"": 1.1448037080471323}, {""sector"": ""NIFTY_IT"", ""ltp"": 30709.75, ""return_pct"": 0.9092089028211131, ""rs_vs_nifty"": 0.9092089028211131}, {""sector"": ""NIFTY_FIN_SERVICE"", ""ltp"": 26239.6, ""return_pct"": 0.8711029100834142, ""rs_vs_nifty"": 0.8711029100834142}, {""sector"": ""NIFTY_BANK"", ""ltp"": 57607.15, ""return_pct"": 0.6418616433509955, ""rs_vs_nifty"": 0.6418616433509955}, {""sector"": ""NIFTY_METAL"", ""ltp"": 13089.75, ""return_pct"": 0.510625227957691, ""rs_vs_nifty"": 0.510625227957691}, {""sector"": ""NIFTY_INFRA"", ""ltp"": 9345.95, ""return_pct"": 0.43414951292509807, ""rs_vs_nifty"": 0.43414951292509807}, {""sector"": ""NIFTY_AUTO"", ""ltp"": 29309.75, ""return_pct"": 0.4260691989830482, ""rs_vs_nifty"": 0.4260691989830482}, {""sector"": ""NIFTY_PSU_BANK"", ""ltp"": 8653.5, ""return_pct"": 0.4160066839567674, ""rs_vs_nifty"": 0.4160066839567674}, {""sector"": ""NIFTY_FMCG"", ""ltp"": 47649.1, ""return_pct"": 0.3690448857161453, ""rs_vs_nifty"": 0.3690448857161453}, {""sector"": ""NIFTY_PHARMA"", ""ltp"": 26401.1, ""return_pct"": 0.3317650814401541, ""rs_vs_nifty"": 0.3317650814401541}, {""sector"": ""NIFTY_HEALTHCARE"", ""ltp"": 16456.45, ""return_pct"": 0.2659509651004183, ""rs_vs_nifty"": 0.2659509651004183}, {""sector"": ""NIFTY_ENERGY"", ""ltp"": 38176.05, ""return_pct"": 0.13534621483065545, ""rs_vs_nifty"": 0.13534621483065545}]"
2026-08-20 11:55:13,NORMAL,24212.85,,0,24205.84762751543,,,True,True,"[[""NIFTY_MEDIA"", 1.3982930746700983, 1.3982930746700983], [""NIFTY_REALTY"", 1.1783101580387507, 1.1783101580387507], [""NIFTY_IT"", 0.8990226086442279, 0.8990226086442279]]",[],"[{""sector"": ""NIFTY_MEDIA"", ""ltp"": 1609.85, ""return_pct"": 1.3982930746700983, ""rs_vs_nifty"": 1.3982930746700983}, {""sector"": ""NIFTY_REALTY"", ""ltp"": 905.9, ""return_pct"": 1.1783101580387507, ""rs_vs_nifty"": 1.1783101580387507}, {""sector"": ""NIFTY_IT"", ""ltp"": 30706.65, ""return_pct"": 0.8990226086442279, ""rs_vs_nifty"": 0.8990226086442279}, {""sector"": ""NIFTY_FIN_SERVICE"", ""ltp"": 26240.5, ""return_pct"": 0.8745627186406797, ""rs_vs_nifty"": 0.8745627186406797}, {""sector"": ""NIFTY_BANK"", ""ltp"": 57598.7, ""return_pct"": 0.6270991749614508, ""rs_vs_nifty"": 0.6270991749614508}, {""sector"": ""NIFTY_METAL"", ""ltp"": 13084.15, ""return_pct"": 0.46762520876125113, ""rs_vs_nifty"": 0.46762520876125113}, {""sector"": ""NIFTY_INFRA"", ""ltp"": 9346.75, ""return_pct"": 0.4427465329830126, ""rs_vs_nifty"": 0.4427465329830126}, {""sector"": ""NIFTY_PSU_BANK"", ""ltp"": 8654.35, ""return_pct"": 0.42587016181906584, ""rs_vs_nifty"": 0.42587016181906584}, {""sector"": ""NIFTY_AUTO"", ""ltp"": 29306.4, ""return_pct"": 0.41459085707237175, ""rs_vs_nifty"": 0.41459085707237175}, {""sector"": ""NIFTY_FMCG"", ""ltp"": 47652.75, ""return_pct"": 0.3767333208352348, ""rs_vs_nifty"": 0.3767333208352348}, {""sector"": ""NIFTY_PHARMA"", ""ltp"": 26402.0, ""return_pct"": 0.3351853400117077, ""rs_vs_nifty"": 0.3351853400117077}, {""sector"": ""NIFTY_HEALTHCARE"", ""ltp"": 16455.3, ""return_pct"": 0.25894423864301036, ""rs_vs_nifty"": 0.25894423864301036}, {""sector"": ""NIFTY_ENERGY"", ""ltp"": 38179.15, ""return_pct"": 0.14347747967512808, ""rs_vs_nifty"": 0.14347747967512808}]"
2026-08-20 11:55:32,NORMAL,24211.55,,0,24205.8536947034,,,True,True,"[[""NIFTY_MEDIA"", 1.4990709539256102, 1.4990709539256102], [""NIFTY_REALTY"", 1.1783101580387507, 1.1783101580387507], [""NIFTY_IT"", 0.898036838240003, 0.898036838240003]]",[],"[{""sector"": ""NIFTY_MEDIA"", ""ltp"": 1611.45, ""return_pct"": 1.4990709539256102, ""rs_vs_nifty"": 1.4990709539256102}, {""sector"": ""NIFTY_REALTY"", ""ltp"": 905.9, ""return_pct"": 1.1783101580387507, ""rs_vs_nifty"": 1.1783101580387507}, {""sector"": ""NIFTY_IT"", ""ltp"": 30706.35, ""return_pct"": 0.898036838240003, ""rs_vs_nifty"": 0.898036838240003}, {""sector"": ""NIFTY_FIN_SERVICE"", ""ltp"": 26240.65, ""return_pct"": 0.8751393534002285, ""rs_vs_nifty"": 0.8751393534002285}, {""sector"": ""NIFTY_BANK"", ""ltp"": 57607.9, ""return_pct"": 0.6431719216104218, ""rs_vs_nifty"": 0.6431719216104218}, {""sector"": ""NIFTY_METAL"", ""ltp"": 13083.05, ""return_pct"": 0.459178776419091, ""rs_vs_nifty"": 0.459178776419091}, {""sector"": ""NIFTY_INFRA"", ""ltp"": 9347.1, ""return_pct"": 0.4465077292583576, ""rs_vs_nifty"": 0.4465077292583576}, {""sector"": ""NIFTY_PSU_BANK"", ""ltp"": 8654.05, ""return_pct"": 0.4223889343382434, ""rs_vs_nifty"": 0.4223889343382434}, {""sector"": ""NIFTY_AUTO"", ""ltp"": 29308.2, ""return_pct"": 0.42075832436766075, ""rs_vs_nifty"": 0.42075832436766075}, {""sector"": ""NIFTY_FMCG"", ""ltp"": 47647.35, ""return_pct"": 0.3653586497001449, ""rs_vs_nifty"": 0.3653586497001449}, {""sector"": ""NIFTY_PHARMA"", ""ltp"": 26401.7, ""return_pct"": 0.3340452538211944, ""rs_vs_nifty"": 0.3340452538211944}, {""sector"": ""NIFTY_HEALTHCARE"", ""ltp"": 16454.6, ""return_pct"": 0.25467927471241514, ""rs_vs_nifty"": 0.25467927471241514}, {""sector"": ""NIFTY_ENERGY"", ""ltp"": 38178.2, ""return_pct"": 0.14098564044858353, ""rs_vs_nifty"": 0.14098564044858353}]"
2026-08-20 11:57:15,NORMAL,24216.5,,0,24205.924770705355,,,True,True,"[[""NIFTY_MEDIA"", 1.470727175384997, 1.470727175384997], [""NIFTY_REALTY"", 1.1727257497068184, 1.1727257497068184], [""NIFTY_IT"", 0.902801395193712, 0.902801395193712]]",[],"[{""sector"": ""NIFTY_MEDIA"", ""ltp"": 1611.0, ""return_pct"": 1.470727175384997, ""rs_vs_nifty"": 1.470727175384997}, {""sector"": ""NIFTY_REALTY"", ""ltp"": 905.85, ""return_pct"": 1.1727257497068184, ""rs_vs_nifty"": 1.1727257497068184}, {""sector"": ""NIFTY_IT"", ""ltp"": 30707.8, ""return_pct"": 0.902801395193712, ""rs_vs_nifty"": 0.902801395193712}, {""sector"": ""NIFTY_FIN_SERVICE"", ""ltp"": 26245.55, ""return_pct"": 0.8939760888786348, ""rs_vs_nifty"": 0.8939760888786348}, {""sector"": ""NIFTY_BANK"", ""ltp"": 57614.35, ""return_pct"": 0.6544403146414834, ""rs_vs_nifty"": 0.6544403146414834}, {""sector"": ""NIFTY_METAL"", ""ltp"": 13088.0, ""return_pct"": 0.49718772195880445, ""rs_vs_nifty"": 0.49718772195880445}, {""sector"": ""NIFTY_INFRA"", ""ltp"": 9349.25, ""return_pct"": 0.4696122206640202, ""rs_vs_nifty"": 0.4696122206640202}, {""sector"": ""NIFTY_AUTO"", ""ltp"": 29321.95, ""return_pct"": 0.4678709217622485, ""rs_vs_nifty"": 0.4678709217622485}, {""sector"": ""NIFTY_PSU_BANK"", ""ltp"": 8652.95, ""return_pct"": 0.4096244335752913, ""rs_vs_nifty"": 0.4096244335752913}, {""sector"": ""NIFTY_FMCG"", ""ltp"": 47654.85, ""return_pct"": 0.3811568040544322, ""rs_vs_nifty"": 0.3811568040544322}, {""sector"": ""NIFTY_PHARMA"", ""ltp"": 26396.7, ""return_pct"": 0.3150438173125944, ""rs_vs_nifty"": 0.3150438173125944}, {""sector"": ""NIFTY_HEALTHCARE"", ""ltp"": 16451.0, ""return_pct"": 0.23274517449795729, ""rs_vs_nifty"": 0.23274517449795729}, {""sector"": ""NIFTY_ENERGY"", ""ltp"": 38192.3, ""return_pct"": 0.17796978054766907, ""rs_vs_nifty"": 0.17796978054766907}]"
2026-08-20 11:57:34,NORMAL,24215.65,,0,24205.93132319592,,,True,True,"[[""NIFTY_MEDIA"", 1.442383396844384, 1.442383396844384], [""NIFTY_REALTY"", 1.1615569330429416, 1.1615569330429416], [""NIFTY_IT"", 0.902801395193712, 0.902801395193712]]",[],"[{""sector"": ""NIFTY_MEDIA"", ""ltp"": 1610.55, ""return_pct"": 1.442383396844384, ""rs_vs_nifty"": 1.442383396844384}, {""sector"": ""NIFTY_REALTY"", ""ltp"": 905.75, ""return_pct"": 1.1615569330429416, ""rs_vs_nifty"": 1.1615569330429416}, {""sector"": ""NIFTY_IT"", ""ltp"": 30707.8, ""return_pct"": 0.902801395193712, ""rs_vs_nifty"": 0.902801395193712}, {""sector"": ""NIFTY_FIN_SERVICE"", ""ltp"": 26243.1, ""return_pct"": 0.8845577211394247, ""rs_vs_nifty"": 0.8845577211394247}, {""sector"": ""NIFTY_BANK"", ""ltp"": 57615.65, ""return_pct"": 0.6567114636244943, ""rs_vs_nifty"": 0.6567114636244943}, {""sector"": ""NIFTY_METAL"", ""ltp"": 13090.4, ""return_pct"": 0.5156163016144175, ""rs_vs_nifty"": 0.5156163016144175}, {""sector"": ""NIFTY_INFRA"", ""ltp"": 9349.95, ""return_pct"": 0.4771346132147102, ""rs_vs_nifty"": 0.4771346132147102}, {""sector"": ""NIFTY_AUTO"", ""ltp"": 29318.75, ""return_pct"": 0.45690653545950555, ""rs_vs_nifty"": 0.45690653545950555}, {""sector"": ""NIFTY_PSU_BANK"", ""ltp"": 8652.75, ""return_pct"": 0.40730361525474307, ""rs_vs_nifty"": 0.40730361525474307}, {""sector"": ""NIFTY_FMCG"", ""ltp"": 47650.4, ""return_pct"": 0.37178323247089456, ""rs_vs_nifty"": 0.37178323247089456}, {""sector"": ""NIFTY_PHARMA"", ""ltp"": 26395.55, ""return_pct"": 0.3106734869156108, ""rs_vs_nifty"": 0.3106734869156108}, {""sector"": ""NIFTY_HEALTHCARE"", ""ltp"": 16449.35, ""return_pct"": 0.22269204523298444, ""rs_vs_nifty"": 0.22269204523298444}, {""sector"": ""NIFTY_ENERGY"", ""ltp"": 38191.3, ""return_pct"": 0.17534679188816055, ""rs_vs_nifty"": 0.17534679188816055}]"
2026-08-20 11:59:16,NORMAL,24217.1,,0,24206.012430477724,,,True,True,"[[""NIFTY_MEDIA"", 1.442383396844384, 1.442383396844384], [""NIFTY_REALTY"", 1.1503881163790646, 1.1503881163790646], [""NIFTY_FIN_SERVICE"", 0.8941683004651464, 0.8941683004651464]]",[],"[{""sector"": ""NIFTY_MEDIA"", ""ltp"": 1610.55, ""return_pct"": 1.442383396844384, ""rs_vs_nifty"": 1.442383396844384}, {""sector"": ""NIFTY_REALTY"", ""ltp"": 905.65, ""return_pct"": 1.1503881163790646, ""rs_vs_nifty"": 1.1503881163790646}, {""sector"": ""NIFTY_FIN_SERVICE"", ""ltp"": 26245.6, ""return_pct"": 0.8941683004651464, ""rs_vs_nifty"": 0.8941683004651464}, {""sector"": ""NIFTY_IT"", ""ltp"": 30693.8, ""return_pct"": 0.8567987763303383, ""rs_vs_nifty"": 0.8567987763303383}, {""sector"": ""NIFTY_BANK"", ""ltp"": 57618.55, ""return_pct"": 0.6617778728942788, ""rs_vs_nifty"": 0.6617778728942788}, {""sector"": ""NIFTY_METAL"", ""ltp"": 13090.9, ""return_pct"": 0.5194555890426709, ""rs_vs_nifty"": 0.5194555890426709}, {""sector"": ""NIFTY_INFRA"", ""ltp"": 9350.55, ""return_pct"": 0.48358237825813627, ""rs_vs_nifty"": 0.48358237825813627}, {""sector"": ""NIFTY_PSU_BANK"", ""ltp"": 8656.3, ""return_pct"": 0.44849814044431646, ""rs_vs_nifty"": 0.44849814044431646}, {""sector"": ""NIFTY_AUTO"", ""ltp"": 29315.6, ""return_pct"": 0.4461134676927405, ""rs_vs_nifty"": 0.4461134676927405}, {""sector"": ""NIFTY_FMCG"", ""ltp"": 47653.2, ""return_pct"": 0.3776812100964859, ""rs_vs_nifty"": 0.3776812100964859}, {""sector"": ""NIFTY_PHARMA"", ""ltp"": 26400.55, ""return_pct"": 0.32967492342421084, ""rs_vs_nifty"": 0.32967492342421084}, {""sector"": ""NIFTY_HEALTHCARE"", ""ltp"": 16452.75, ""return_pct"": 0.24340758432443416, ""rs_vs_nifty"": 0.24340758432443416}, {""sector"": ""NIFTY_ENERGY"", ""ltp"": 38197.3, ""return_pct"": 0.19108472384521175, ""rs_vs_nifty"": 0.19108472384521175}]"
2026-08-20 11:59:34,NORMAL,24216.45,,0,24206.019675444957,,,True,True,"[[""NIFTY_MEDIA"", 1.4171889270305167, 1.4171889270305167], [""NIFTY_REALTY"", 1.1727257497068184, 1.1727257497068184], [""NIFTY_FIN_SERVICE"", 0.8953215699842443, 0.8953215699842443]]",[],"[{""sector"": ""NIFTY_MEDIA"", ""ltp"": 1610.15, ""return_pct"": 1.4171889270305167, ""rs_vs_nifty"": 1.4171889270305167}, {""sector"": ""NIFTY_REALTY"", ""ltp"": 905.85, ""return_pct"": 1.1727257497068184, ""rs_vs_nifty"": 1.1727257497068184}, {""sector"": ""NIFTY_FIN_SERVICE"", ""ltp"": 26245.9, ""return_pct"": 0.8953215699842443, ""rs_vs_nifty"": 0.8953215699842443}, {""sector"": ""NIFTY_IT"", ""ltp"": 30688.8, ""return_pct"": 0.840369269593419, ""rs_vs_nifty"": 0.840369269593419}, {""sector"": ""NIFTY_BANK"", ""ltp"": 57616.75, ""return_pct"": 0.6586332050716505, ""rs_vs_nifty"": 0.6586332050716505}, {""sector"": ""NIFTY_INFRA"", ""ltp"": 9350.55, ""return_pct"": 0.48358237825813627, ""rs_vs_nifty"": 0.48358237825813627}, {""sector"": ""NIFTY_METAL"", ""ltp"": 13085.0, ""return_pct"": 0.47415199738928454, ""rs_vs_nifty"": 0.47415199738928454}, {""sector"": ""NIFTY_AUTO"", ""ltp"": 29315.4, ""return_pct"": 0.4454281935488292, ""rs_vs_nifty"": 0.4454281935488292}, {""sector"": ""NIFTY_PSU_BANK"", ""ltp"": 8655.25, ""return_pct"": 0.43631384426149084, ""rs_vs_nifty"": 0.43631384426149084}, {""sector"": ""NIFTY_FMCG"", ""ltp"": 47645.95, ""return_pct"": 0.3624096608873415, ""rs_vs_nifty"": 0.3624096608873415}, {""sector"": ""NIFTY_PHARMA"", ""ltp"": 26396.75, ""return_pct"": 0.3152338316776776, ""rs_vs_nifty"": 0.3152338316776776}, {""sector"": ""NIFTY_HEALTHCARE"", ""ltp"": 16449.55, ""return_pct"": 0.22391060635601484, ""rs_vs_nifty"": 0.22391060635601484}, {""sector"": ""NIFTY_ENERGY"", ""ltp"": 38196.85, ""return_pct"": 0.18990437894842147, ""rs_vs_nifty"": 0.18990437894842147}]"
2026-08-20 12:01:06,NORMAL,24217.55,,0,24206.118788537307,,,True,True,"[[""NIFTY_MEDIA"", 1.5431612760998958, 1.5431612760998958], [""NIFTY_REALTY"", 1.1894789747026278, 1.1894789747026278], [""NIFTY_FIN_SERVICE"", 0.8968592626763514, 0.8968592626763514]]",[],"[{""sector"": ""NIFTY_MEDIA"", ""ltp"": 1612.15, ""return_pct"": 1.5431612760998958, ""rs_vs_nifty"": 1.5431612760998958}, {""sector"": ""NIFTY_REALTY"", ""ltp"": 906.0, ""return_pct"": 1.1894789747026278, ""rs_vs_nifty"": 1.1894789747026278}, {""sector"": ""NIFTY_FIN_SERVICE"", ""ltp"": 26246.3, ""return_pct"": 0.8968592626763514, ""rs_vs_nifty"": 0.8968592626763514}, {""sector"": ""NIFTY_IT"", ""ltp"": 30683.0, ""return_pct"": 0.821311041778595, ""rs_vs_nifty"": 0.821311041778595}, {""sector"": ""NIFTY_BANK"", ""ltp"": 57621.85, ""return_pct"": 0.6675430972357471, ""rs_vs_nifty"": 0.6675430972357471}, {""sector"": ""NIFTY_INFRA"", ""ltp"": 9351.55, ""return_pct"": 0.4943286533305394, ""rs_vs_nifty"": 0.4943286533305394}, {""sector"": ""NIFTY_METAL"", ""ltp"": 13086.45, ""return_pct"": 0.4852859309312248, ""rs_vs_nifty"": 0.4852859309312248}, {""sector"": ""NIFTY_AUTO"", ""ltp"": 29317.55, ""return_pct"": 0.4527948905959754, ""rs_vs_nifty"": 0.4527948905959754}, {""sector"": ""NIFTY_PSU_BANK"", ""ltp"": 8656.55, ""return_pct"": 0.45139916334499125, ""rs_vs_nifty"": 0.45139916334499125}, {""sector"": ""NIFTY_FMCG"", ""ltp"": 47650.6, ""return_pct"": 0.3722045165870027, ""rs_vs_nifty"": 0.3722045165870027}, {""sector"": ""NIFTY_PHARMA"", ""ltp"": 26402.85, ""return_pct"": 0.33841558421816414, ""rs_vs_nifty"": 0.33841558421816414}, {""sector"": ""NIFTY_HEALTHCARE"", ""ltp"": 16453.15, ""return_pct"": 0.24584470657049487, ""rs_vs_nifty"": 0.24584470657049487}, {""sector"": ""NIFTY_ENERGY"", ""ltp"": 38210.45, ""return_pct"": 0.22557702471773367, ""rs_vs_nifty"": 0.22557702471773367}]"
2026-08-20 12:01:24,NORMAL,24217.55,,0,24206.1346124436,,,True,True,"[[""NIFTY_MEDIA"", 1.5778036720939723, 1.5778036720939723], [""NIFTY_REALTY"", 1.1783101580387507, 1.1783101580387507], [""NIFTY_FIN_SERVICE"", 0.8962826279168165, 0.8962826279168165]]",[],"[{""sector"": ""NIFTY_MEDIA"", ""ltp"": 1612.7, ""return_pct"": 1.5778036720939723, ""rs_vs_nifty"": 1.5778036720939723}, {""sector"": ""NIFTY_REALTY"", ""ltp"": 905.9, ""return_pct"": 1.1783101580387507, ""rs_vs_nifty"": 1.1783101580387507}, {""sector"": ""NIFTY_FIN_SERVICE"", ""ltp"": 26246.15, ""return_pct"": 0.8962826279168165, ""rs_vs_nifty"": 0.8962826279168165}, {""sector"": ""NIFTY_IT"", ""ltp"": 30683.2, ""return_pct"": 0.8219682220480742, ""rs_vs_nifty"": 0.8219682220480742}, {""sector"": ""NIFTY_BANK"", ""ltp"": 57618.0, ""return_pct"": 0.6608170021706944, ""rs_vs_nifty"": 0.6608170021706944}, {""sector"": ""NIFTY_METAL"", ""ltp"": 13087.35, ""return_pct"": 0.49219664830207793, ""rs_vs_nifty"": 0.49219664830207793}, {""sector"": ""NIFTY_INFRA"", ""ltp"": 9350.75, ""return_pct"": 0.4857316332726247, ""rs_vs_nifty"": 0.4857316332726247}, {""sector"": ""NIFTY_AUTO"", ""ltp"": 29314.55, ""return_pct"": 0.44251577843715634, ""rs_vs_nifty"": 0.44251577843715634}, {""sector"": ""NIFTY_PSU_BANK"", ""ltp"": 8653.1, ""return_pct"": 0.411365047315692, ""rs_vs_nifty"": 0.411365047315692}, {""sector"": ""NIFTY_FMCG"", ""ltp"": 47650.25, ""return_pct"": 0.3714672693838057, ""rs_vs_nifty"": 0.3714672693838057}, {""sector"": ""NIFTY_PHARMA"", ""ltp"": 26405.1, ""return_pct"": 0.3469662306470342, ""rs_vs_nifty"": 0.3469662306470342}, {""sector"": ""NIFTY_HEALTHCARE"", ""ltp"": 16454.05, ""return_pct"": 0.25132823162409823, ""rs_vs_nifty"": 0.25132823162409823}, {""sector"": ""NIFTY_ENERGY"", ""ltp"": 38204.55, ""return_pct"": 0.2101013916266486, ""rs_vs_nifty"": 0.2101013916266486}]"
2026-08-20 12:03:03,NORMAL,24215.9,,0,24206.206453998646,,,True,True,"[[""NIFTY_MEDIA"", 1.5872515982741673, 1.5872515982741673], [""NIFTY_REALTY"", 1.1559725247110095, 1.1559725247110095], [""NIFTY_FIN_SERVICE"", 0.8999346480605794, 0.8999346480605794]]",[],"[{""sector"": ""NIFTY_MEDIA"", ""ltp"": 1612.85, ""return_pct"": 1.5872515982741673, ""rs_vs_nifty"": 1.5872515982741673}, {""sector"": ""NIFTY_REALTY"", ""ltp"": 905.7, ""return_pct"": 1.1559725247110095, ""rs_vs_nifty"": 1.1559725247110095}, {""sector"": ""NIFTY_FIN_SERVICE"", ""ltp"": 26247.1, ""return_pct"": 0.8999346480605794, ""rs_vs_nifty"": 0.8999346480605794}, {""sector"": ""NIFTY_IT"", ""ltp"": 30682.6, ""return_pct"": 0.8199966812396369, ""rs_vs_nifty"": 0.8199966812396369}, {""sector"": ""NIFTY_BANK"", ""ltp"": 57617.45, ""return_pct"": 0.6598561314471099, ""rs_vs_nifty"": 0.6598561314471099}, {""sector"": ""NIFTY_METAL"", ""ltp"": 13087.35, ""return_pct"": 0.49219664830207793, ""rs_vs_nifty"": 0.49219664830207793}, {""sector"": ""NIFTY_INFRA"", ""ltp"": 9348.9, ""return_pct"": 0.4658510243886752, ""rs_vs_nifty"": 0.4658510243886752}, {""sector"": ""NIFTY_PSU_BANK"", ""ltp"": 8655.15, ""return_pct"": 0.4351534351012167, ""rs_vs_nifty"": 0.4351534351012167}, {""sector"": ""NIFTY_AUTO"", ""ltp"": 29312.35, ""return_pct"": 0.43497776285401973, ""rs_vs_nifty"": 0.43497776285401973}, {""sector"": ""NIFTY_FMCG"", ""ltp"": 47658.75, ""return_pct"": 0.3893718443186647, ""rs_vs_nifty"": 0.3893718443186647}, {""sector"": ""NIFTY_PHARMA"", ""ltp"": 26407.0, ""return_pct"": 0.3541867765203077, ""rs_vs_nifty"": 0.3541867765203077}, {""sector"": ""NIFTY_HEALTHCARE"", ""ltp"": 16453.2, ""return_pct"": 0.24614934685124693, ""rs_vs_nifty"": 0.24614934685124693}, {""sector"": ""NIFTY_ENERGY"", ""ltp"": 38202.85, ""return_pct"": 0.2056423109054726, ""rs_vs_nifty"": 0.2056423109054726}]"
2026-08-20 12:03:22,NORMAL,24213.75,,0,24206.20676402787,,,True,True,"[[""NIFTY_MEDIA"", 1.5966995244543765, 1.5966995244543765], [""NIFTY_REALTY"", 1.1559725247110095, 1.1559725247110095], [""NIFTY_FIN_SERVICE"", 0.9028178218582961, 0.9028178218582961]]",[],"[{""sector"": ""NIFTY_MEDIA"", ""ltp"": 1613.0, ""return_pct"": 1.5966995244543765, ""rs_vs_nifty"": 1.5966995244543765}, {""sector"": ""NIFTY_REALTY"", ""ltp"": 905.7, ""return_pct"": 1.1559725247110095, ""rs_vs_nifty"": 1.1559725247110095}, {""sector"": ""NIFTY_FIN_SERVICE"", ""ltp"": 26247.85, ""return_pct"": 0.9028178218582961, ""rs_vs_nifty"": 0.9028178218582961}, {""sector"": ""NIFTY_IT"", ""ltp"": 30669.05, ""return_pct"": 0.775472717982588, ""rs_vs_nifty"": 0.775472717982588}, {""sector"": ""NIFTY_BANK"", ""ltp"": 57619.3, ""return_pct"": 0.663088151153705, ""rs_vs_nifty"": 0.663088151153705}, {""sector"": ""NIFTY_METAL"", ""ltp"": 13086.0, ""return_pct"": 0.48183057224579123, ""rs_vs_nifty"": 0.48183057224579123}, {""sector"": ""NIFTY_INFRA"", ""ltp"": 9348.9, ""return_pct"": 0.4658510243886752, ""rs_vs_nifty"": 0.4658510243886752}, {""sector"": ""NIFTY_PSU_BANK"", ""ltp"": 8655.15, ""return_pct"": 0.4351534351012167, ""rs_vs_nifty"": 0.4351534351012167}, {""sector"": ""NIFTY_AUTO"", ""ltp"": 29308.85, ""return_pct"": 0.42298546533539744, ""rs_vs_nifty"": 0.42298546533539744}, {""sector"": ""NIFTY_FMCG"", ""ltp"": 47653.65, ""return_pct"": 0.37862909935775235, ""rs_vs_nifty"": 0.37862909935775235}, {""sector"": ""NIFTY_PHARMA"", ""ltp"": 26406.3, ""return_pct"": 0.3515265754091009, ""rs_vs_nifty"": 0.3515265754091009}, {""sector"": ""NIFTY_HEALTHCARE"", ""ltp"": 16453.65, ""return_pct"": 0.24889110937805972, ""rs_vs_nifty"": 0.24889110937805972}, {""sector"": ""NIFTY_ENERGY"", ""ltp"": 38201.55, ""return_pct"": 0.20223242564812297, ""rs_vs_nifty"": 0.20223242564812297}]"
2026-08-20 12:05:08,NORMAL,24211.9,,0,24206.274203272154,,,True,True,"[[""NIFTY_MEDIA"", 1.5935502157276449, 1.5935502157276449], [""NIFTY_REALTY"", 1.1727257497068184, 1.1727257497068184], [""NIFTY_FIN_SERVICE"", 0.8857109906585225, 0.8857109906585225]]",[],"[{""sector"": ""NIFTY_MEDIA"", ""ltp"": 1612.95, ""return_pct"": 1.5935502157276449, ""rs_vs_nifty"": 1.5935502157276449}, {""sector"": ""NIFTY_REALTY"", ""ltp"": 905.85, ""return_pct"": 1.1727257497068184, ""rs_vs_nifty"": 1.1727257497068184}, {""sector"": ""NIFTY_FIN_SERVICE"", ""ltp"": 26243.4, ""return_pct"": 0.8857109906585225, ""rs_vs_nifty"": 0.8857109906585225}, {""sector"": ""NIFTY_IT"", ""ltp"": 30668.2, ""return_pct"": 0.7726797018373166, ""rs_vs_nifty"": 0.7726797018373166}, {""sector"": ""NIFTY_BANK"", ""ltp"": 57611.35, ""return_pct"": 0.6491992016037781, ""rs_vs_nifty"": 0.6491992016037781}, {""sector"": ""NIFTY_METAL"", ""ltp"": 13088.3, ""return_pct"": 0.4994912944157509, ""rs_vs_nifty"": 0.4994912944157509}, {""sector"": ""NIFTY_INFRA"", ""ltp"": 9348.95, ""return_pct"": 0.46638833814230707, ""rs_vs_nifty"": 0.46638833814230707}, {""sector"": ""NIFTY_PSU_BANK"", ""ltp"": 8655.05, ""return_pct"": 0.4339930259409426, ""rs_vs_nifty"": 0.4339930259409426}, {""sector"": ""NIFTY_AUTO"", ""ltp"": 29302.55, ""return_pct"": 0.40139932980187976, ""rs_vs_nifty"": 0.40139932980187976}, {""sector"": ""NIFTY_PHARMA"", ""ltp"": 26417.4, ""return_pct"": 0.39370976445820133, ""rs_vs_nifty"": 0.39370976445820133}, {""sector"": ""NIFTY_FMCG"", ""ltp"": 47636.9, ""return_pct"": 0.34334655463317737, ""rs_vs_nifty"": 0.34334655463317737}, {""sector"": ""NIFTY_HEALTHCARE"", ""ltp"": 16461.55, ""return_pct"": 0.2970242737375707, ""rs_vs_nifty"": 0.2970242737375707}, {""sector"": ""NIFTY_ENERGY"", ""ltp"": 38210.5, ""return_pct"": 0.2257081741507167, ""rs_vs_nifty"": 0.2257081741507167}]"
2026-08-20 12:05:26,NORMAL,24212.45,,0,24206.28380867838,,,True,True,"[[""NIFTY_MEDIA"", 1.6061474506345856, 1.6061474506345856], [""NIFTY_REALTY"", 1.1671413413748737, 1.1671413413748737], [""NIFTY_FIN_SERVICE"", 0.8916695498404672, 0.8916695498404672]]",[],"[{""sector"": ""NIFTY_MEDIA"", ""ltp"": 1613.15, ""return_pct"": 1.6061474506345856, ""rs_vs_nifty"": 1.6061474506345856}, {""sector"": ""NIFTY_REALTY"", ""ltp"": 905.8, ""return_pct"": 1.1671413413748737, ""rs_vs_nifty"": 1.1671413413748737}, {""sector"": ""NIFTY_FIN_SERVICE"", ""ltp"": 26244.95, ""return_pct"": 0.8916695498404672, ""rs_vs_nifty"": 0.8916695498404672}, {""sector"": ""NIFTY_IT"", ""ltp"": 30669.9, ""return_pct"": 0.7782657341278715, ""rs_vs_nifty"": 0.7782657341278715}, {""sector"": ""NIFTY_BANK"", ""ltp"": 57613.25, ""return_pct"": 0.6525185731943274, ""rs_vs_nifty"": 0.6525185731943274}, {""sector"": ""NIFTY_METAL"", ""ltp"": 13086.05, ""return_pct"": 0.4822145009886109, ""rs_vs_nifty"": 0.4822145009886109}, {""sector"": ""NIFTY_INFRA"", ""ltp"": 9348.45, ""return_pct"": 0.46101520060610557, ""rs_vs_nifty"": 0.46101520060610557}, {""sector"": ""NIFTY_PSU_BANK"", ""ltp"": 8654.35, ""return_pct"": 0.42587016181906584, ""rs_vs_nifty"": 0.42587016181906584}, {""sector"": ""NIFTY_AUTO"", ""ltp"": 29301.55, ""return_pct"": 0.3979729590822734, ""rs_vs_nifty"": 0.3979729590822734}, {""sector"": ""NIFTY_PHARMA"", ""ltp"": 26416.5, ""return_pct"": 0.3902895058866478, ""rs_vs_nifty"": 0.3902895058866478}, {""sector"": ""NIFTY_FMCG"", ""ltp"": 47639.35, ""return_pct"": 0.34850728505557177, ""rs_vs_nifty"": 0.34850728505557177}, {""sector"": ""NIFTY_HEALTHCARE"", ""ltp"": 16459.95, ""return_pct"": 0.2872757847533721, ""rs_vs_nifty"": 0.2872757847533721}, {""sector"": ""NIFTY_ENERGY"", ""ltp"": 38205.7, ""return_pct"": 0.21311782858506814, ""rs_vs_nifty"": 0.21311782858506814}]"
2026-08-20 12:07:05,NORMAL,24214.1,,0,24206.327880293942,,,True,True,"[[""NIFTY_MEDIA"", 1.6092967593613172, 1.6092967593613172], [""NIFTY_REALTY"", 1.2062321996984369, 1.2062321996984369], [""NIFTY_FIN_SERVICE"", 0.9064698420020731, 0.9064698420020731]]",[],"[{""sector"": ""NIFTY_MEDIA"", ""ltp"": 1613.2, ""return_pct"": 1.6092967593613172, ""rs_vs_nifty"": 1.6092967593613172}, {""sector"": ""NIFTY_REALTY"", ""ltp"": 906.15, ""return_pct"": 1.2062321996984369, ""rs_vs_nifty"": 1.2062321996984369}, {""sector"": ""NIFTY_FIN_SERVICE"", ""ltp"": 26248.8, ""return_pct"": 0.9064698420020731, ""rs_vs_nifty"": 0.9064698420020731}, {""sector"": ""NIFTY_IT"", ""ltp"": 30662.35, ""return_pct"": 0.7534571789551139, ""rs_vs_nifty"": 0.7534571789551139}, {""sector"": ""NIFTY_BANK"", ""ltp"": 57628.55, ""return_pct"": 0.6792482496866302, ""rs_vs_nifty"": 0.6792482496866302}, {""sector"": ""NIFTY_METAL"", ""ltp"": 13088.65, ""return_pct"": 0.5021787956155309, ""rs_vs_nifty"": 0.5021787956155309}, {""sector"": ""NIFTY_PSU_BANK"", ""ltp"": 8659.15, ""return_pct"": 0.4815698015120132, ""rs_vs_nifty"": 0.4815698015120132}, {""sector"": ""NIFTY_INFRA"", ""ltp"": 9348.5, ""return_pct"": 0.4615525143597179, ""rs_vs_nifty"": 0.4615525143597179}, {""sector"": ""NIFTY_AUTO"", ""ltp"": 29311.85, ""return_pct"": 0.43326457749421654, ""rs_vs_nifty"": 0.43326457749421654}, {""sector"": ""NIFTY_PHARMA"", ""ltp"": 26415.65, ""return_pct"": 0.38705926168019134, ""rs_vs_nifty"": 0.38705926168019134}, {""sector"": ""NIFTY_FMCG"", ""ltp"": 47633.2, ""return_pct"": 0.3355527984850531, ""rs_vs_nifty"": 0.3355527984850531}, {""sector"": ""NIFTY_HEALTHCARE"", ""ltp"": 16460.0, ""return_pct"": 0.2875804250341242, ""rs_vs_nifty"": 0.2875804250341242}, {""sector"": ""NIFTY_ENERGY"", ""ltp"": 38207.0, ""return_pct"": 0.21652771384243685, ""rs_vs_nifty"": 0.21652771384243685}]"
2026-08-20 12:07:23,NORMAL,24214.55,,0,24206.338016481863,,,True,True,"[[""NIFTY_MEDIA"", 1.6029981419078396, 1.6029981419078396], [""NIFTY_REALTY"", 1.1950633830345598, 1.1950633830345598], [""NIFTY_FIN_SERVICE"", 0.9105062853188733, 0.9105062853188733]]",[],"[{""sector"": ""NIFTY_MEDIA"", ""ltp"": 1613.1, ""return_pct"": 1.6029981419078396, ""rs_vs_nifty"": 1.6029981419078396}, {""sector"": ""NIFTY_REALTY"", ""ltp"": 906.05, ""return_pct"": 1.1950633830345598, ""rs_vs_nifty"": 1.1950633830345598}, {""sector"": ""NIFTY_FIN_SERVICE"", ""ltp"": 26249.85, ""return_pct"": 0.9105062853188733, ""rs_vs_nifty"": 0.9105062853188733}, {""sector"": ""NIFTY_IT"", ""ltp"": 30657.75, ""return_pct"": 0.7383420327571529, ""rs_vs_nifty"": 0.7383420327571529}, {""sector"": ""NIFTY_BANK"", ""ltp"": 57630.15, ""return_pct"": 0.6820435099734039, ""rs_vs_nifty"": 0.6820435099734039}, {""sector"": ""NIFTY_METAL"", ""ltp"": 13088.35, ""return_pct"": 0.49987522315858457, ""rs_vs_nifty"": 0.49987522315858457}, {""sector"": ""NIFTY_PSU_BANK"", ""ltp"": 8659.6, ""return_pct"": 0.4867916427332362, ""rs_vs_nifty"": 0.4867916427332362}, {""sector"": ""NIFTY_INFRA"", ""ltp"": 9348.45, ""return_pct"": 0.46101520060610557, ""rs_vs_nifty"": 0.46101520060610557}, {""sector"": ""NIFTY_AUTO"", ""ltp"": 29316.7, ""return_pct"": 0.449882475484315, ""rs_vs_nifty"": 0.449882475484315}, {""sector"": ""NIFTY_PHARMA"", ""ltp"": 26412.65, ""return_pct"": 0.3756583997750313, ""rs_vs_nifty"": 0.3756583997750313}, {""sector"": ""NIFTY_FMCG"", ""ltp"": 47636.75, ""return_pct"": 0.34303059154608856, ""rs_vs_nifty"": 0.34303059154608856}, {""sector"": ""NIFTY_HEALTHCARE"", ""ltp"": 16458.55, ""return_pct"": 0.27874585689218173, ""rs_vs_nifty"": 0.27874585689218173}, {""sector"": ""NIFTY_ENERGY"", ""ltp"": 38205.35, ""return_pct"": 0.21219978255424396, ""rs_vs_nifty"": 0.21219978255424396}]"
2026-08-20 12:08:58,NORMAL,24212.5,,0,24206.366309633995,,,True,True,"[[""NIFTY_MEDIA"", 1.5966995244543765, 1.5966995244543765], [""NIFTY_REALTY"", 1.256491874685877, 1.256491874685877], [""NIFTY_FIN_SERVICE"", 0.882827816860806, 0.882827816860806]]",[],"[{""sector"": ""NIFTY_MEDIA"", ""ltp"": 1613.0, ""return_pct"": 1.5966995244543765, ""rs_vs_nifty"": 1.5966995244543765}, {""sector"": ""NIFTY_REALTY"", ""ltp"": 906.6, ""return_pct"": 1.256491874685877, ""rs_vs_nifty"": 1.256491874685877}, {""sector"": ""NIFTY_FIN_SERVICE"", ""ltp"": 26242.65, ""return_pct"": 0.882827816860806, ""rs_vs_nifty"": 0.882827816860806}, {""sector"": ""NIFTY_IT"", ""ltp"": 30659.6, ""return_pct"": 0.7444209502498083, ""rs_vs_nifty"": 0.7444209502498083}, {""sector"": ""NIFTY_BANK"", ""ltp"": 57616.5, ""return_pct"": 0.6581964456518417, ""rs_vs_nifty"": 0.6581964456518417}, {""sector"": ""NIFTY_METAL"", ""ltp"": 13086.85, ""return_pct"": 0.4883573608738246, ""rs_vs_nifty"": 0.4883573608738246}, {""sector"": ""NIFTY_PSU_BANK"", ""ltp"": 8659.1, ""return_pct"": 0.48098959693188664, ""rs_vs_nifty"": 0.48098959693188664}, {""sector"": ""NIFTY_INFRA"", ""ltp"": 9347.65, ""return_pct"": 0.45241818054817146, ""rs_vs_nifty"": 0.45241818054817146}, {""sector"": ""NIFTY_AUTO"", ""ltp"": 29312.5, ""return_pct"": 0.4354917184619657, ""rs_vs_nifty"": 0.4354917184619657}, {""sector"": ""NIFTY_PHARMA"", ""ltp"": 26414.9, ""return_pct"": 0.38420904620390134, ""rs_vs_nifty"": 0.38420904620390134}, {""sector"": ""NIFTY_FMCG"", ""ltp"": 47628.65, ""return_pct"": 0.32596858484346136, ""rs_vs_nifty"": 0.32596858484346136}, {""sector"": ""NIFTY_HEALTHCARE"", ""ltp"": 16460.45, ""return_pct"": 0.2903221875609369, ""rs_vs_nifty"": 0.2903221875609369}, {""sector"": ""NIFTY_ENERGY"", ""ltp"": 38203.7, ""return_pct"": 0.20787185126605107, ""rs_vs_nifty"": 0.20787185126605107}]"
2026-08-20 12:09:14,NORMAL,24213.75,,0,24206.383302512084,,,True,True,"[[""NIFTY_MEDIA"", 1.5935502157276449, 1.5935502157276449], [""NIFTY_REALTY"", 1.2732450996816862, 1.2732450996816862], [""NIFTY_FIN_SERVICE"", 0.8862876254180575, 0.8862876254180575]]",[],"[{""sector"": ""NIFTY_MEDIA"", ""ltp"": 1612.95, ""return_pct"": 1.5935502157276449, ""rs_vs_nifty"": 1.5935502157276449}, {""sector"": ""NIFTY_REALTY"", ""ltp"": 906.75, ""return_pct"": 1.2732450996816862, ""rs_vs_nifty"": 1.2732450996816862}, {""sector"": ""NIFTY_FIN_SERVICE"", ""ltp"": 26243.55, ""return_pct"": 0.8862876254180575, ""rs_vs_nifty"": 0.8862876254180575}, {""sector"": ""NIFTY_IT"", ""ltp"": 30665.0, ""return_pct"": 0.7621648175256859, ""rs_vs_nifty"": 0.7621648175256859}, {""sector"": ""NIFTY_BANK"", ""ltp"": 57620.65, ""return_pct"": 0.66544665202067, ""rs_vs_nifty"": 0.66544665202067}, {""sector"": ""NIFTY_METAL"", ""ltp"": 13087.3, ""return_pct"": 0.4918127195592442, ""rs_vs_nifty"": 0.4918127195592442}, {""sector"": ""NIFTY_PSU_BANK"", ""ltp"": 8658.65, ""return_pct"": 0.4757677557106636, ""rs_vs_nifty"": 0.4757677557106636}, {""sector"": ""NIFTY_AUTO"", ""ltp"": 29318.2, ""return_pct"": 0.4550220315637245, ""rs_vs_nifty"": 0.4550220315637245}, {""sector"": ""NIFTY_INFRA"", ""ltp"": 9347.35, ""return_pct"": 0.4491942980264584, ""rs_vs_nifty"": 0.4491942980264584}, {""sector"": ""NIFTY_PHARMA"", ""ltp"": 26415.4, ""return_pct"": 0.38610918985476134, ""rs_vs_nifty"": 0.38610918985476134}, {""sector"": ""NIFTY_FMCG"", ""ltp"": 47626.5, ""return_pct"": 0.32143978059522926, ""rs_vs_nifty"": 0.32143978059522926}, {""sector"": ""NIFTY_HEALTHCARE"", ""ltp"": 16459.0, ""return_pct"": 0.2814876194189945, ""rs_vs_nifty"": 0.2814876194189945}, {""sector"": ""NIFTY_ENERGY"", ""ltp"": 38203.65, ""return_pct"": 0.2077407018330871, ""rs_vs_nifty"": 0.2077407018330871}]"
2026-08-20 12:10:50,NORMAL,24214.45,,0,24206.43170317007,,,True,True,"[[""NIFTY_MEDIA"", 1.6029981419078396, 1.6029981419078396], [""NIFTY_REALTY"", 1.228569833026191, 1.228569833026191], [""NIFTY_FIN_SERVICE"", 0.882827816860806, 0.882827816860806]]",[],"[{""sector"": ""NIFTY_MEDIA"", ""ltp"": 1613.1, ""return_pct"": 1.6029981419078396, ""rs_vs_nifty"": 1.6029981419078396}, {""sector"": ""NIFTY_REALTY"", ""ltp"": 906.35, ""return_pct"": 1.228569833026191, ""rs_vs_nifty"": 1.228569833026191}, {""sector"": ""NIFTY_FIN_SERVICE"", ""ltp"": 26242.65, ""return_pct"": 0.882827816860806, ""rs_vs_nifty"": 0.882827816860806}, {""sector"": ""NIFTY_IT"", ""ltp"": 30657.85, ""return_pct"": 0.7386706228918866, ""rs_vs_nifty"": 0.7386706228918866}, {""sector"": ""NIFTY_BANK"", ""ltp"": 57620.3, ""return_pct"": 0.6648351888329402, ""rs_vs_nifty"": 0.6648351888329402}, {""sector"": ""NIFTY_AUTO"", ""ltp"": 29336.3, ""return_pct"": 0.517039341588595, ""rs_vs_nifty"": 0.517039341588595}, {""sector"": ""NIFTY_PSU_BANK"", ""ltp"": 8661.1, ""return_pct"": 0.5041977801372849, ""rs_vs_nifty"": 0.5041977801372849}, {""sector"": ""NIFTY_METAL"", ""ltp"": 13085.65, ""return_pct"": 0.4791430710460111, ""rs_vs_nifty"": 0.4791430710460111}, {""sector"": ""NIFTY_INFRA"", ""ltp"": 9347.85, ""return_pct"": 0.4545674355626599, ""rs_vs_nifty"": 0.4545674355626599}, {""sector"": ""NIFTY_PHARMA"", ""ltp"": 26409.3, ""return_pct"": 0.36292743731426097, ""rs_vs_nifty"": 0.36292743731426097}, {""sector"": ""NIFTY_FMCG"", ""ltp"": 47614.6, ""return_pct"": 0.2963733756864237, ""rs_vs_nifty"": 0.2963733756864237}, {""sector"": ""NIFTY_HEALTHCARE"", ""ltp"": 16455.8, ""return_pct"": 0.26199064145057516, ""rs_vs_nifty"": 0.26199064145057516}, {""sector"": ""NIFTY_ENERGY"", ""ltp"": 38208.45, ""return_pct"": 0.2203310473987166, ""rs_vs_nifty"": 0.2203310473987166}]"
2026-08-20 12:11:06,NORMAL,24215.2,,0,24206.439467389264,,,True,True,"[[""NIFTY_MEDIA"", 1.6124460680880488, 1.6124460680880488], [""NIFTY_REALTY"", 1.217401016362314, 1.217401016362314], [""NIFTY_FIN_SERVICE"", 0.9028178218582961, 0.9028178218582961]]",[],"[{""sector"": ""NIFTY_MEDIA"", ""ltp"": 1613.25, ""return_pct"": 1.6124460680880488, ""rs_vs_nifty"": 1.6124460680880488}, {""sector"": ""NIFTY_REALTY"", ""ltp"": 906.25, ""return_pct"": 1.217401016362314, ""rs_vs_nifty"": 1.217401016362314}, {""sector"": ""NIFTY_FIN_SERVICE"", ""ltp"": 26247.85, ""return_pct"": 0.9028178218582961, ""rs_vs_nifty"": 0.9028178218582961}, {""sector"": ""NIFTY_IT"", ""ltp"": 30660.6, ""return_pct"": 0.7477068515971921, ""rs_vs_nifty"": 0.7477068515971921}, {""sector"": ""NIFTY_BANK"", ""ltp"": 57627.55, ""return_pct"": 0.677501212007395, ""rs_vs_nifty"": 0.677501212007395}, {""sector"": ""NIFTY_AUTO"", ""ltp"": 29338.15, ""return_pct"": 0.5233781274198742, ""rs_vs_nifty"": 0.5233781274198742}, {""sector"": ""NIFTY_PSU_BANK"", ""ltp"": 8661.75, ""return_pct"": 0.511740439679035, ""rs_vs_nifty"": 0.511740439679035}, {""sector"": ""NIFTY_METAL"", ""ltp"": 13086.45, ""return_pct"": 0.4852859309312248, ""rs_vs_nifty"": 0.4852859309312248}, {""sector"": ""NIFTY_INFRA"", ""ltp"": 9347.4, ""return_pct"": 0.4497316117800707, ""rs_vs_nifty"": 0.4497316117800707}, {""sector"": ""NIFTY_PHARMA"", ""ltp"": 26403.75, ""return_pct"": 0.3418358427897177, ""rs_vs_nifty"": 0.3418358427897177}, {""sector"": ""NIFTY_FMCG"", ""ltp"": 47618.45, ""return_pct"": 0.3044830949216214, ""rs_vs_nifty"": 0.3044830949216214}, {""sector"": ""NIFTY_HEALTHCARE"", ""ltp"": 16454.5, ""return_pct"": 0.2540699941509111, ""rs_vs_nifty"": 0.2540699941509111}, {""sector"": ""NIFTY_ENERGY"", ""ltp"": 38206.8, ""return_pct"": 0.2160031161105428, ""rs_vs_nifty"": 0.2160031161105428}]"
2026-08-20 12:12:54,NORMAL,24212.75,,0,24206.47997351212,,,True,True,"[[""NIFTY_MEDIA"", 1.6533870815356029, 1.6533870815356029], [""NIFTY_REALTY"", 1.1950633830345598, 1.1950633830345598], [""NIFTY_FIN_SERVICE"", 0.8762926229193123, 0.8762926229193123]]",[],"[{""sector"": ""NIFTY_MEDIA"", ""ltp"": 1613.9, ""return_pct"": 1.6533870815356029, ""rs_vs_nifty"": 1.6533870815356029}, {""sector"": ""NIFTY_REALTY"", ""ltp"": 906.05, ""return_pct"": 1.1950633830345598, ""rs_vs_nifty"": 1.1950633830345598}, {""sector"": ""NIFTY_FIN_SERVICE"", ""ltp"": 26240.95, ""return_pct"": 0.8762926229193123, ""rs_vs_nifty"": 0.8762926229193123}, {""sector"": ""NIFTY_IT"", ""ltp"": 30643.3, ""return_pct"": 0.690860758287454, ""rs_vs_nifty"": 0.690860758287454}, {""sector"": ""NIFTY_BANK"", ""ltp"": 57612.9, ""return_pct"": 0.6519071100065976, ""rs_vs_nifty"": 0.6519071100065976}, {""sector"": ""NIFTY_AUTO"", ""ltp"": 29350.4, ""return_pct"": 0.5653511687350524, ""rs_vs_nifty"": 0.5653511687350524}, {""sector"": ""NIFTY_METAL"", ""ltp"": 13084.6, ""return_pct"": 0.4710805674466847, ""rs_vs_nifty"": 0.4710805674466847}, {""sector"": ""NIFTY_PSU_BANK"", ""ltp"": 8657.05, ""return_pct"": 0.4572012091463408, ""rs_vs_nifty"": 0.4572012091463408}, {""sector"": ""NIFTY_INFRA"", ""ltp"": 9347.85, ""return_pct"": 0.4545674355626599, ""rs_vs_nifty"": 0.4545674355626599}, {""sector"": ""NIFTY_PHARMA"", ""ltp"": 26401.4, ""return_pct"": 0.3329051676306812, ""rs_vs_nifty"": 0.3329051676306812}, {""sector"": ""NIFTY_FMCG"", ""ltp"": 47620.5, ""return_pct"": 0.3088012571117994, ""rs_vs_nifty"": 0.3088012571117994}, {""sector"": ""NIFTY_HEALTHCARE"", ""ltp"": 16452.8, ""return_pct"": 0.24371222460518618, ""rs_vs_nifty"": 0.24371222460518618}, {""sector"": ""NIFTY_ENERGY"", ""ltp"": 38207.4, ""return_pct"": 0.21757690930624407, ""rs_vs_nifty"": 0.21757690930624407}]"
2026-08-20 12:13:13,NORMAL,24214.6,,0,24206.494872348325,,,True,True,"[[""NIFTY_MEDIA"", 1.6628350077157978, 1.6628350077157978], [""NIFTY_REALTY"", 1.234154241358123, 1.234154241358123], [""NIFTY_FIN_SERVICE"", 0.8776381040249078, 0.8776381040249078]]",[],"[{""sector"": ""NIFTY_MEDIA"", ""ltp"": 1614.05, ""return_pct"": 1.6628350077157978, ""rs_vs_nifty"": 1.6628350077157978}, {""sector"": ""NIFTY_REALTY"", ""ltp"": 906.4, ""return_pct"": 1.234154241358123, ""rs_vs_nifty"": 1.234154241358123}, {""sector"": ""NIFTY_FIN_SERVICE"", ""ltp"": 26241.3, ""return_pct"": 0.8776381040249078, ""rs_vs_nifty"": 0.8776381040249078}, {""sector"": ""NIFTY_IT"", ""ltp"": 30648.7, ""return_pct"": 0.7086046255633315, ""rs_vs_nifty"": 0.7086046255633315}, {""sector"": ""NIFTY_BANK"", ""ltp"": 57608.5, ""return_pct"": 0.6442201442179605, ""rs_vs_nifty"": 0.6442201442179605}, {""sector"": ""NIFTY_AUTO"", ""ltp"": 29346.3, ""return_pct"": 0.5513030487846589, ""rs_vs_nifty"": 0.5513030487846589}, {""sector"": ""NIFTY_METAL"", ""ltp"": 13086.65, ""return_pct"": 0.4868216459025177, ""rs_vs_nifty"": 0.4868216459025177}, {""sector"": ""NIFTY_PSU_BANK"", ""ltp"": 8657.25, ""return_pct"": 0.4595220274668891, ""rs_vs_nifty"": 0.4595220274668891}, {""sector"": ""NIFTY_INFRA"", ""ltp"": 9348.0, ""return_pct"": 0.45617937682351645, ""rs_vs_nifty"": 0.45617937682351645}, {""sector"": ""NIFTY_PHARMA"", ""ltp"": 26403.85, ""return_pct"": 0.34221587151988414, ""rs_vs_nifty"": 0.34221587151988414}, {""sector"": ""NIFTY_FMCG"", ""ltp"": 47625.0, ""return_pct"": 0.3182801497243718, ""rs_vs_nifty"": 0.3182801497243718}, {""sector"": ""NIFTY_HEALTHCARE"", ""ltp"": 16454.7, ""return_pct"": 0.2552885552739414, ""rs_vs_nifty"": 0.2552885552739414}, {""sector"": ""NIFTY_ENERGY"", ""ltp"": 38205.65, ""return_pct"": 0.21298667915210417, ""rs_vs_nifty"": 0.21298667915210417}]"
2026-08-20 12:14:58,NORMAL,24214.9,,0,24206.546441519946,,,True,True,"[[""NIFTY_MEDIA"", 1.757314269517832, 1.757314269517832], [""NIFTY_REALTY"", 1.245323058022, 1.245323058022], [""NIFTY_FIN_SERVICE"", 0.8816745473417082, 0.8816745473417082]]",[],"[{""sector"": ""NIFTY_MEDIA"", ""ltp"": 1615.55, ""return_pct"": 1.757314269517832, ""rs_vs_nifty"": 1.757314269517832}, {""sector"": ""NIFTY_REALTY"", ""ltp"": 906.5, ""return_pct"": 1.245323058022, ""rs_vs_nifty"": 1.245323058022}, {""sector"": ""NIFTY_FIN_SERVICE"", ""ltp"": 26242.35, ""return_pct"": 0.8816745473417082, ""rs_vs_nifty"": 0.8816745473417082}, {""sector"": ""NIFTY_IT"", ""ltp"": 30650.55, ""return_pct"": 0.7146835430559869, ""rs_vs_nifty"": 0.7146835430559869}, {""sector"": ""NIFTY_BANK"", ""ltp"": 57609.8, ""return_pct"": 0.6464912932009712, ""rs_vs_nifty"": 0.6464912932009712}, {""sector"": ""NIFTY_AUTO"", ""ltp"": 29353.55, ""return_pct"": 0.5761442365018051, ""rs_vs_nifty"": 0.5761442365018051}, {""sector"": ""NIFTY_METAL"", ""ltp"": 13089.7, ""return_pct"": 0.5102412992148713, ""rs_vs_nifty"": 0.5102412992148713}, {""sector"": ""NIFTY_PSU_BANK"", ""ltp"": 8656.3, ""return_pct"": 0.44849814044431646, ""rs_vs_nifty"": 0.44849814044431646}, {""sector"": ""NIFTY_INFRA"", ""ltp"": 9346.85, ""return_pct"": 0.4438211604902568, ""rs_vs_nifty"": 0.4438211604902568}, {""sector"": ""NIFTY_PHARMA"", ""ltp"": 26415.65, ""return_pct"": 0.38705926168019134, ""rs_vs_nifty"": 0.38705926168019134}, {""sector"": ""NIFTY_FMCG"", ""ltp"": 47619.3, ""return_pct"": 0.30627355241511955, ""rs_vs_nifty"": 0.30627355241511955}, {""sector"": ""NIFTY_HEALTHCARE"", ""ltp"": 16460.25, ""return_pct"": 0.28910362643790655, ""rs_vs_nifty"": 0.28910362643790655}, {""sector"": ""NIFTY_ENERGY"", ""ltp"": 38199.1, ""return_pct"": 0.19580610343231564, ""rs_vs_nifty"": 0.19580610343231564}]"
2026-08-20 12:15:17,NORMAL,24216.5,,0,24206.561370912634,,,True,True,"[[""NIFTY_MEDIA"", 1.8864359273139433, 1.8864359273139433], [""NIFTY_REALTY"", 1.3123359580052494, 1.3123359580052494], [""NIFTY_FIN_SERVICE"", 0.8709106984969026, 0.8709106984969026]]",[],"[{""sector"": ""NIFTY_MEDIA"", ""ltp"": 1617.6, ""return_pct"": 1.8864359273139433, ""rs_vs_nifty"": 1.8864359273139433}, {""sector"": ""NIFTY_REALTY"", ""ltp"": 907.1, ""return_pct"": 1.3123359580052494, ""rs_vs_nifty"": 1.3123359580052494}, {""sector"": ""NIFTY_FIN_SERVICE"", ""ltp"": 26239.55, ""return_pct"": 0.8709106984969026, ""rs_vs_nifty"": 0.8709106984969026}, {""sector"": ""NIFTY_IT"", ""ltp"": 30654.9, ""return_pct"": 0.7289772139171137, ""rs_vs_nifty"": 0.7289772139171137}, {""sector"": ""NIFTY_BANK"", ""ltp"": 57609.2, ""return_pct"": 0.64544307059342, ""rs_vs_nifty"": 0.64544307059342}, {""sector"": ""NIFTY_AUTO"", ""ltp"": 29352.6, ""return_pct"": 0.5728891843181765, ""rs_vs_nifty"": 0.5728891843181765}, {""sector"": ""NIFTY_METAL"", ""ltp"": 13092.25, ""return_pct"": 0.5298216650989576, ""rs_vs_nifty"": 0.5298216650989576}, {""sector"": ""NIFTY_PSU_BANK"", ""ltp"": 8656.9, ""return_pct"": 0.45546059540594014, ""rs_vs_nifty"": 0.45546059540594014}, {""sector"": ""NIFTY_INFRA"", ""ltp"": 9347.5, ""return_pct"": 0.4508062392873149, ""rs_vs_nifty"": 0.4508062392873149}, {""sector"": ""NIFTY_PHARMA"", ""ltp"": 26417.05, ""return_pct"": 0.39237966390259105, ""rs_vs_nifty"": 0.39237966390259105}, {""sector"": ""NIFTY_FMCG"", ""ltp"": 47613.25, ""return_pct"": 0.293529707902655, ""rs_vs_nifty"": 0.293529707902655}, {""sector"": ""NIFTY_HEALTHCARE"", ""ltp"": 16460.8, ""return_pct"": 0.29245466952622345, ""rs_vs_nifty"": 0.29245466952622345}, {""sector"": ""NIFTY_ENERGY"", ""ltp"": 38198.45, ""return_pct"": 0.19410116080363127, ""rs_vs_nifty"": 0.19410116080363127}]"
2026-08-20 12:16:57,NORMAL,24219.05,,0,24206.641015414272,,,True,True,"[[""NIFTY_MEDIA"", 2.069095833464549, 2.069095833464549], [""NIFTY_REALTY"", 1.3570112246607446, 1.3570112246607446], [""NIFTY_FIN_SERVICE"", 0.8853265674854851, 0.8853265674854851]]",[],"[{""sector"": ""NIFTY_MEDIA"", ""ltp"": 1620.5, ""return_pct"": 2.069095833464549, ""rs_vs_nifty"": 2.069095833464549}, {""sector"": ""NIFTY_REALTY"", ""ltp"": 907.5, ""return_pct"": 1.3570112246607446, ""rs_vs_nifty"": 1.3570112246607446}, {""sector"": ""NIFTY_FIN_SERVICE"", ""ltp"": 26243.3, ""return_pct"": 0.8853265674854851, ""rs_vs_nifty"": 0.8853265674854851}, {""sector"": ""NIFTY_IT"", ""ltp"": 30684.55, ""return_pct"": 0.8264041888670377, ""rs_vs_nifty"": 0.8264041888670377}, {""sector"": ""NIFTY_BANK"", ""ltp"": 57607.2, ""return_pct"": 0.6419489952349496, ""rs_vs_nifty"": 0.6419489952349496}, {""sector"": ""NIFTY_METAL"", ""ltp"": 13098.9, ""return_pct"": 0.580884187894724, ""rs_vs_nifty"": 0.580884187894724}, {""sector"": ""NIFTY_AUTO"", ""ltp"": 29351.15, ""return_pct"": 0.5679209467747571, ""rs_vs_nifty"": 0.5679209467747571}, {""sector"": ""NIFTY_INFRA"", ""ltp"": 9348.2, ""return_pct"": 0.4583286318380049, ""rs_vs_nifty"": 0.4583286318380049}, {""sector"": ""NIFTY_PSU_BANK"", ""ltp"": 8655.6, ""return_pct"": 0.4403752763224397, ""rs_vs_nifty"": 0.4403752763224397}, {""sector"": ""NIFTY_PHARMA"", ""ltp"": 26415.25, ""return_pct"": 0.3855391467594978, ""rs_vs_nifty"": 0.3855391467594978}, {""sector"": ""NIFTY_FMCG"", ""ltp"": 47615.3, ""return_pct"": 0.29784787009283303, ""rs_vs_nifty"": 0.29784787009283303}, {""sector"": ""NIFTY_HEALTHCARE"", ""ltp"": 16460.6, ""return_pct"": 0.2912361084031931, ""rs_vs_nifty"": 0.2912361084031931}, {""sector"": ""NIFTY_ENERGY"", ""ltp"": 38198.95, ""return_pct"": 0.19541265513338554, ""rs_vs_nifty"": 0.19541265513338554}]"
2026-08-20 12:17:15,NORMAL,24218.45,,0,24206.652486935352,,,True,True,"[[""NIFTY_MEDIA"", 2.2108147261676003, 2.2108147261676003], [""NIFTY_REALTY"", 1.3625956329926767, 1.3625956329926767], [""NIFTY_FIN_SERVICE"", 0.8860954138315457, 0.8860954138315457]]",[],"[{""sector"": ""NIFTY_MEDIA"", ""ltp"": 1622.75, ""return_pct"": 2.2108147261676003, ""rs_vs_nifty"": 2.2108147261676003}, {""sector"": ""NIFTY_REALTY"", ""ltp"": 907.55, ""return_pct"": 1.3625956329926767, ""rs_vs_nifty"": 1.3625956329926767}, {""sector"": ""NIFTY_FIN_SERVICE"", ""ltp"": 26243.5, ""return_pct"": 0.8860954138315457, ""rs_vs_nifty"": 0.8860954138315457}, {""sector"": ""NIFTY_IT"", ""ltp"": 30678.7, ""return_pct"": 0.807181665984847, ""rs_vs_nifty"": 0.807181665984847}, {""sector"": ""NIFTY_BANK"", ""ltp"": 57606.65, ""return_pct"": 0.6409881245113779, ""rs_vs_nifty"": 0.6409881245113779}, {""sector"": ""NIFTY_METAL"", ""ltp"": 13102.85, ""return_pct"": 0.6112145585779307, ""rs_vs_nifty"": 0.6112145585779307}, {""sector"": ""NIFTY_AUTO"", ""ltp"": 29353.15, ""return_pct"": 0.57477368821397, ""rs_vs_nifty"": 0.57477368821397}, {""sector"": ""NIFTY_INFRA"", ""ltp"": 9347.65, ""return_pct"": 0.45241818054817146, ""rs_vs_nifty"": 0.45241818054817146}, {""sector"": ""NIFTY_PSU_BANK"", ""ltp"": 8655.65, ""return_pct"": 0.4409554809025663, ""rs_vs_nifty"": 0.4409554809025663}, {""sector"": ""NIFTY_PHARMA"", ""ltp"": 26414.3, ""return_pct"": 0.381928873822861, ""rs_vs_nifty"": 0.381928873822861}, {""sector"": ""NIFTY_FMCG"", ""ltp"": 47612.1, ""return_pct"": 0.2911073242349946, ""rs_vs_nifty"": 0.2911073242349946}, {""sector"": ""NIFTY_HEALTHCARE"", ""ltp"": 16459.2, ""return_pct"": 0.2827061805420249, ""rs_vs_nifty"": 0.2827061805420249}, {""sector"": ""NIFTY_ENERGY"", ""ltp"": 38197.45, ""return_pct"": 0.19147817214412274, ""rs_vs_nifty"": 0.19147817214412274}]"
2026-08-20 12:18:49,NORMAL,24220.85,,0,24206.724730516653,,,True,True,"[[""NIFTY_MEDIA"", 2.053349289830876, 2.053349289830876], [""NIFTY_REALTY"", 1.3402579996649355, 1.3402579996649355], [""NIFTY_FIN_SERVICE"", 0.8914773382539555, 0.8914773382539555]]",[],"[{""sector"": ""NIFTY_MEDIA"", ""ltp"": 1620.25, ""return_pct"": 2.053349289830876, ""rs_vs_nifty"": 2.053349289830876}, {""sector"": ""NIFTY_REALTY"", ""ltp"": 907.35, ""return_pct"": 1.3402579996649355, ""rs_vs_nifty"": 1.3402579996649355}, {""sector"": ""NIFTY_FIN_SERVICE"", ""ltp"": 26244.9, ""return_pct"": 0.8914773382539555, ""rs_vs_nifty"": 0.8914773382539555}, {""sector"": ""NIFTY_IT"", ""ltp"": 30679.55, ""return_pct"": 0.8099746821301185, ""rs_vs_nifty"": 0.8099746821301185}, {""sector"": ""NIFTY_BANK"", ""ltp"": 57613.35, ""return_pct"": 0.6526932769622483, ""rs_vs_nifty"": 0.6526932769622483}, {""sector"": ""NIFTY_METAL"", ""ltp"": 13104.7, ""return_pct"": 0.6254199220624708, ""rs_vs_nifty"": 0.6254199220624708}, {""sector"": ""NIFTY_AUTO"", ""ltp"": 29351.3, ""return_pct"": 0.5684349023826907, ""rs_vs_nifty"": 0.5684349023826907}, {""sector"": ""NIFTY_PSU_BANK"", ""ltp"": 8657.65, ""return_pct"": 0.4641636641079645, ""rs_vs_nifty"": 0.4641636641079645}, {""sector"": ""NIFTY_INFRA"", ""ltp"": 9347.0, ""return_pct"": 0.4454331017511134, ""rs_vs_nifty"": 0.4454331017511134}, {""sector"": ""NIFTY_PHARMA"", ""ltp"": 26419.3, ""return_pct"": 0.4009303103314611, ""rs_vs_nifty"": 0.4009303103314611}, {""sector"": ""NIFTY_FMCG"", ""ltp"": 47618.3, ""return_pct"": 0.30416713183454797, ""rs_vs_nifty"": 0.30416713183454797}, {""sector"": ""NIFTY_HEALTHCARE"", ""ltp"": 16461.2, ""return_pct"": 0.2948917917722842, ""rs_vs_nifty"": 0.2948917917722842}, {""sector"": ""NIFTY_ENERGY"", ""ltp"": 38197.75, ""return_pct"": 0.19226506874198296, ""rs_vs_nifty"": 0.19226506874198296}]"
2026-08-20 12:19:08,NORMAL,24219.9,,0,24206.729138328006,,,True,True,"[[""NIFTY_MEDIA"", 2.084842377098221, 2.084842377098221], [""NIFTY_REALTY"", 1.3235047746691262, 1.3235047746691262], [""NIFTY_FIN_SERVICE"", 0.8939760888786348, 0.8939760888786348]]",[],"[{""sector"": ""NIFTY_MEDIA"", ""ltp"": 1620.75, ""return_pct"": 2.084842377098221, ""rs_vs_nifty"": 2.084842377098221}, {""sector"": ""NIFTY_REALTY"", ""ltp"": 907.2, ""return_pct"": 1.3235047746691262, ""rs_vs_nifty"": 1.3235047746691262}, {""sector"": ""NIFTY_FIN_SERVICE"", ""ltp"": 26245.55, ""return_pct"": 0.8939760888786348, ""rs_vs_nifty"": 0.8939760888786348}, {""sector"": ""NIFTY_IT"", ""ltp"": 30680.0, ""return_pct"": 0.8114533377364435, ""rs_vs_nifty"": 0.8114533377364435}, {""sector"": ""NIFTY_BANK"", ""ltp"": 57609.15, ""return_pct"": 0.6453557187094658, ""rs_vs_nifty"": 0.6453557187094658}, {""sector"": ""NIFTY_METAL"", ""ltp"": 13106.65, ""return_pct"": 0.6403931430326504, ""rs_vs_nifty"": 0.6403931430326504}, {""sector"": ""NIFTY_AUTO"", ""ltp"": 29350.2, ""return_pct"": 0.5646658945911287, ""rs_vs_nifty"": 0.5646658945911287}, {""sector"": ""NIFTY_PSU_BANK"", ""ltp"": 8657.25, ""return_pct"": 0.4595220274668891, ""rs_vs_nifty"": 0.4595220274668891}, {""sector"": ""NIFTY_INFRA"", ""ltp"": 9347.25, ""return_pct"": 0.44811967051921414, ""rs_vs_nifty"": 0.44811967051921414}, {""sector"": ""NIFTY_PHARMA"", ""ltp"": 26421.3, ""return_pct"": 0.4085308849349011, ""rs_vs_nifty"": 0.4085308849349011}, {""sector"": ""NIFTY_FMCG"", ""ltp"": 47627.0, ""return_pct"": 0.3224929908855151, ""rs_vs_nifty"": 0.3224929908855151}, {""sector"": ""NIFTY_HEALTHCARE"", ""ltp"": 16462.85, ""return_pct"": 0.3049449210372348, ""rs_vs_nifty"": 0.3049449210372348}, {""sector"": ""NIFTY_ENERGY"", ""ltp"": 38198.75, ""return_pct"": 0.19488805740149145, ""rs_vs_nifty"": 0.19488805740149145}]"
2026-08-20 12:20:44,NORMAL,24214.85,,0,24206.78059878178,,,True,True,"[[""NIFTY_MEDIA"", 2.0376027461972037, 2.0376027461972037], [""NIFTY_REALTY"", 1.2788295080136183, 1.2788295080136183], [""NIFTY_FIN_SERVICE"", 0.8711029100834142, 0.8711029100834142]]",[],"[{""sector"": ""NIFTY_MEDIA"", ""ltp"": 1620.0, ""return_pct"": 2.0376027461972037, ""rs_vs_nifty"": 2.0376027461972037}, {""sector"": ""NIFTY_REALTY"", ""ltp"": 906.8, ""return_pct"": 1.2788295080136183, ""rs_vs_nifty"": 1.2788295080136183}, {""sector"": ""NIFTY_FIN_SERVICE"", ""ltp"": 26239.6, ""return_pct"": 0.8711029100834142, ""rs_vs_nifty"": 0.8711029100834142}, {""sector"": ""NIFTY_IT"", ""ltp"": 30677.75, ""return_pct"": 0.8040600597048299, ""rs_vs_nifty"": 0.8040600597048299}, {""sector"": ""NIFTY_BANK"", ""ltp"": 57587.6, ""return_pct"": 0.6077070567219434, ""rs_vs_nifty"": 0.6077070567219434}, {""sector"": ""NIFTY_METAL"", ""ltp"": 13100.65, ""return_pct"": 0.5943216938936106, ""rs_vs_nifty"": 0.5943216938936106}, {""sector"": ""NIFTY_AUTO"", ""ltp"": 29351.95, ""return_pct"": 0.5706620433504398, ""rs_vs_nifty"": 0.5706620433504398}, {""sector"": ""NIFTY_PSU_BANK"", ""ltp"": 8655.3, ""return_pct"": 0.43689404884161737, ""rs_vs_nifty"": 0.43689404884161737}, {""sector"": ""NIFTY_INFRA"", ""ltp"": 9345.35, ""return_pct"": 0.4277017478816523, ""rs_vs_nifty"": 0.4277017478816523}, {""sector"": ""NIFTY_PHARMA"", ""ltp"": 26418.55, ""return_pct"": 0.3980800948551711, ""rs_vs_nifty"": 0.3980800948551711}, {""sector"": ""NIFTY_FMCG"", ""ltp"": 47626.95, ""return_pct"": 0.3223876698564804, ""rs_vs_nifty"": 0.3223876698564804}, {""sector"": ""NIFTY_HEALTHCARE"", ""ltp"": 16464.0, ""return_pct"": 0.31195164749464277, ""rs_vs_nifty"": 0.31195164749464277}, {""sector"": ""NIFTY_ENERGY"", ""ltp"": 38192.4, ""return_pct"": 0.1782320794136161, ""rs_vs_nifty"": 0.1782320794136161}]"
2026-08-20 12:21:03,NORMAL,24213.65,,0,24206.784866817263,,,True,True,"[[""NIFTY_MEDIA"", 2.056498598557608, 2.056498598557608], [""NIFTY_REALTY"", 1.3011671413413723, 1.3011671413413723], [""NIFTY_FIN_SERVICE"", 0.8599546380655854, 0.8599546380655854]]",[],"[{""sector"": ""NIFTY_MEDIA"", ""ltp"": 1620.3, ""return_pct"": 2.056498598557608, ""rs_vs_nifty"": 2.056498598557608}, {""sector"": ""NIFTY_REALTY"", ""ltp"": 907.0, ""return_pct"": 1.3011671413413723, ""rs_vs_nifty"": 1.3011671413413723}, {""sector"": ""NIFTY_FIN_SERVICE"", ""ltp"": 26236.7, ""return_pct"": 0.8599546380655854, ""rs_vs_nifty"": 0.8599546380655854}, {""sector"": ""NIFTY_IT"", ""ltp"": 30676.0, ""return_pct"": 0.7983097323469082, ""rs_vs_nifty"": 0.7983097323469082}, {""sector"": ""NIFTY_BANK"", ""ltp"": 57583.2, ""return_pct"": 0.6000200909333061, ""rs_vs_nifty"": 0.6000200909333061}, {""sector"": ""NIFTY_METAL"", ""ltp"": 13098.25, ""return_pct"": 0.5758931142379974, ""rs_vs_nifty"": 0.5758931142379974}, {""sector"": ""NIFTY_AUTO"", ""ltp"": 29352.2, ""return_pct"": 0.5715186360303415, ""rs_vs_nifty"": 0.5715186360303415}, {""sector"": ""NIFTY_PSU_BANK"", ""ltp"": 8654.85, ""return_pct"": 0.4316722076204154, ""rs_vs_nifty"": 0.4316722076204154}, {""sector"": ""NIFTY_PHARMA"", ""ltp"": 26424.35, ""return_pct"": 0.42012176120514433, ""rs_vs_nifty"": 0.42012176120514433}, {""sector"": ""NIFTY_INFRA"", ""ltp"": 9344.4, ""return_pct"": 0.4174927865628616, ""rs_vs_nifty"": 0.4174927865628616}, {""sector"": ""NIFTY_HEALTHCARE"", ""ltp"": 16465.8, ""return_pct"": 0.32291869760187175, ""rs_vs_nifty"": 0.32291869760187175}, {""sector"": ""NIFTY_FMCG"", ""ltp"": 47625.7, ""return_pct"": 0.3197546441307658, ""rs_vs_nifty"": 0.3197546441307658}, {""sector"": ""NIFTY_ENERGY"", ""ltp"": 38187.4, ""return_pct"": 0.16511713611607345, ""rs_vs_nifty"": 0.16511713611607345}]"
2026-08-20 12:22:41,NORMAL,24213.65,,0,24206.82963720223,,,True,True,"[[""NIFTY_MEDIA"", 2.2076654174408685, 2.2076654174408685], [""NIFTY_REALTY"", 1.3290891830010585, 1.3290891830010585], [""NIFTY_FIN_SERVICE"", 0.8599546380655854, 0.8599546380655854]]",[],"[{""sector"": ""NIFTY_MEDIA"", ""ltp"": 1622.7, ""return_pct"": 2.2076654174408685, ""rs_vs_nifty"": 2.2076654174408685}, {""sector"": ""NIFTY_REALTY"", ""ltp"": 907.25, ""return_pct"": 1.3290891830010585, ""rs_vs_nifty"": 1.3290891830010585}, {""sector"": ""NIFTY_FIN_SERVICE"", ""ltp"": 26236.7, ""return_pct"": 0.8599546380655854, ""rs_vs_nifty"": 0.8599546380655854}, {""sector"": ""NIFTY_IT"", ""ltp"": 30676.3, ""return_pct"": 0.7992955027511209, ""rs_vs_nifty"": 0.7992955027511209}, {""sector"": ""NIFTY_AUTO"", ""ltp"": 29360.95, ""return_pct"": 0.6014993798268973, ""rs_vs_nifty"": 0.6014993798268973}, {""sector"": ""NIFTY_BANK"", ""ltp"": 57582.8, ""return_pct"": 0.5993212758616222, ""rs_vs_nifty"": 0.5993212758616222}, {""sector"": ""NIFTY_METAL"", ""ltp"": 13091.3, ""return_pct"": 0.5225270189852707, ""rs_vs_nifty"": 0.5225270189852707}, {""sector"": ""NIFTY_INFRA"", ""ltp"": 9345.85, ""return_pct"": 0.4330748854178538, ""rs_vs_nifty"": 0.4330748854178538}, {""sector"": ""NIFTY_PHARMA"", ""ltp"": 26418.9, ""return_pct"": 0.3994101954107814, ""rs_vs_nifty"": 0.3994101954107814}, {""sector"": ""NIFTY_PSU_BANK"", ""ltp"": 8652.05, ""return_pct"": 0.3991807511328453, ""rs_vs_nifty"": 0.3991807511328453}, {""sector"": ""NIFTY_FMCG"", ""ltp"": 47633.05, ""return_pct"": 0.3352368353979796, ""rs_vs_nifty"": 0.3352368353979796}, {""sector"": ""NIFTY_HEALTHCARE"", ""ltp"": 16462.4, ""return_pct"": 0.3022031585104442, ""rs_vs_nifty"": 0.3022031585104442}, {""sector"": ""NIFTY_ENERGY"", ""ltp"": 38189.75, ""return_pct"": 0.17128115946591468, ""rs_vs_nifty"": 0.17128115946591468}]"
2026-08-20 12:22:58,NORMAL,24216.05,,0,24206.8462899304,,,True,True,"[[""NIFTY_MEDIA"", 2.1793216389002557, 2.1793216389002557], [""NIFTY_REALTY"", 1.3458424079968676, 1.3458424079968676], [""NIFTY_IT"", 0.8581131368692966, 0.8581131368692966]]",[],"[{""sector"": ""NIFTY_MEDIA"", ""ltp"": 1622.25, ""return_pct"": 2.1793216389002557, ""rs_vs_nifty"": 2.1793216389002557}, {""sector"": ""NIFTY_REALTY"", ""ltp"": 907.4, ""return_pct"": 1.3458424079968676, ""rs_vs_nifty"": 1.3458424079968676}, {""sector"": ""NIFTY_IT"", ""ltp"": 30694.2, ""return_pct"": 0.8581131368692966, ""rs_vs_nifty"": 0.8581131368692966}, {""sector"": ""NIFTY_FIN_SERVICE"", ""ltp"": 26235.45, ""return_pct"": 0.8551493484027246, ""rs_vs_nifty"": 0.8551493484027246}, {""sector"": ""NIFTY_BANK"", ""ltp"": 57583.75, ""return_pct"": 0.6009809616568905, ""rs_vs_nifty"": 0.6009809616568905}, {""sector"": ""NIFTY_AUTO"", ""ltp"": 29359.95, ""return_pct"": 0.5980730091072909, ""rs_vs_nifty"": 0.5980730091072909}, {""sector"": ""NIFTY_METAL"", ""ltp"": 13089.0, ""return_pct"": 0.504866296815311, ""rs_vs_nifty"": 0.504866296815311}, {""sector"": ""NIFTY_INFRA"", ""ltp"": 9346.65, ""return_pct"": 0.4416719054757684, ""rs_vs_nifty"": 0.4416719054757684}, {""sector"": ""NIFTY_PHARMA"", ""ltp"": 26421.6, ""return_pct"": 0.4096709711254143, ""rs_vs_nifty"": 0.4096709711254143}, {""sector"": ""NIFTY_PSU_BANK"", ""ltp"": 8652.1, ""return_pct"": 0.3997609557129928, ""rs_vs_nifty"": 0.3997609557129928}, {""sector"": ""NIFTY_FMCG"", ""ltp"": 47632.8, ""return_pct"": 0.3347102302528367, ""rs_vs_nifty"": 0.3347102302528367}, {""sector"": ""NIFTY_HEALTHCARE"", ""ltp"": 16462.95, ""return_pct"": 0.30555420159876107, ""rs_vs_nifty"": 0.30555420159876107}, {""sector"": ""NIFTY_ENERGY"", ""ltp"": 38189.8, ""return_pct"": 0.17141230889889775, ""rs_vs_nifty"": 0.17141230889889775}]"
2026-08-20 12:24:41,NORMAL,24212.55,,0,24206.885093236993,,,True,True,"[[""NIFTY_MEDIA"", 2.1698737127200465, 2.1698737127200465], [""NIFTY_REALTY"", 1.3235047746691262, 1.3235047746691262], [""NIFTY_FIN_SERVICE"", 0.8426555952792862, 0.8426555952792862]]",[],"[{""sector"": ""NIFTY_MEDIA"", ""ltp"": 1622.1, ""return_pct"": 2.1698737127200465, ""rs_vs_nifty"": 2.1698737127200465}, {""sector"": ""NIFTY_REALTY"", ""ltp"": 907.2, ""return_pct"": 1.3235047746691262, ""rs_vs_nifty"": 1.3235047746691262}, {""sector"": ""NIFTY_FIN_SERVICE"", ""ltp"": 26232.2, ""return_pct"": 0.8426555952792862, ""rs_vs_nifty"": 0.8426555952792862}, {""sector"": ""NIFTY_IT"", ""ltp"": 30684.9, ""return_pct"": 0.8275542543386292, ""rs_vs_nifty"": 0.8275542543386292}, {""sector"": ""NIFTY_AUTO"", ""ltp"": 29358.8, ""return_pct"": 0.5941326827797385, ""rs_vs_nifty"": 0.5941326827797385}, {""sector"": ""NIFTY_BANK"", ""ltp"": 57574.9, ""return_pct"": 0.585519678195662, ""rs_vs_nifty"": 0.585519678195662}, {""sector"": ""NIFTY_METAL"", ""ltp"": 13086.65, ""return_pct"": 0.4868216459025177, ""rs_vs_nifty"": 0.4868216459025177}, {""sector"": ""NIFTY_INFRA"", ""ltp"": 9345.95, ""return_pct"": 0.43414951292509807, ""rs_vs_nifty"": 0.43414951292509807}, {""sector"": ""NIFTY_PSU_BANK"", ""ltp"": 8652.6, ""return_pct"": 0.4055630015143424, ""rs_vs_nifty"": 0.4055630015143424}, {""sector"": ""NIFTY_PHARMA"", ""ltp"": 26418.75, ""return_pct"": 0.3988401523155178, ""rs_vs_nifty"": 0.3988401523155178}, {""sector"": ""NIFTY_FMCG"", ""ltp"": 47626.6, ""return_pct"": 0.32165042265328336, ""rs_vs_nifty"": 0.32165042265328336}, {""sector"": ""NIFTY_HEALTHCARE"", ""ltp"": 16461.05, ""return_pct"": 0.2939778709300058, ""rs_vs_nifty"": 0.2939778709300058}, {""sector"": ""NIFTY_ENERGY"", ""ltp"": 38195.25, ""return_pct"": 0.1857075970932116, ""rs_vs_nifty"": 0.1857075970932116}]"
2026-08-20 12:24:59,NORMAL,24211.8,,0,24206.882930787535,,,True,True,"[[""NIFTY_MEDIA"", 2.182470947626987, 2.182470947626987], [""NIFTY_REALTY"", 1.3179203663371815, 1.3179203663371815], [""NIFTY_FIN_SERVICE"", 0.8463076154230633, 0.8463076154230633]]",[],"[{""sector"": ""NIFTY_MEDIA"", ""ltp"": 1622.3, ""return_pct"": 2.182470947626987, ""rs_vs_nifty"": 2.182470947626987}, {""sector"": ""NIFTY_REALTY"", ""ltp"": 907.15, ""return_pct"": 1.3179203663371815, ""rs_vs_nifty"": 1.3179203663371815}, {""sector"": ""NIFTY_FIN_SERVICE"", ""ltp"": 26233.15, ""return_pct"": 0.8463076154230633, ""rs_vs_nifty"": 0.8463076154230633}, {""sector"": ""NIFTY_IT"", ""ltp"": 30685.15, ""return_pct"": 0.8283757296754752, ""rs_vs_nifty"": 0.8283757296754752}, {""sector"": ""NIFTY_AUTO"", ""ltp"": 29359.4, ""return_pct"": 0.5961885052115098, ""rs_vs_nifty"": 0.5961885052115098}, {""sector"": ""NIFTY_BANK"", ""ltp"": 57573.9, ""return_pct"": 0.5837726405164269, ""rs_vs_nifty"": 0.5837726405164269}, {""sector"": ""NIFTY_METAL"", ""ltp"": 13085.45, ""return_pct"": 0.4776073560747181, ""rs_vs_nifty"": 0.4776073560747181}, {""sector"": ""NIFTY_INFRA"", ""ltp"": 9346.15, ""return_pct"": 0.43629876793956684, ""rs_vs_nifty"": 0.43629876793956684}, {""sector"": ""NIFTY_PHARMA"", ""ltp"": 26424.85, ""return_pct"": 0.4220219048560044, ""rs_vs_nifty"": 0.4220219048560044}, {""sector"": ""NIFTY_PSU_BANK"", ""ltp"": 8652.8, ""return_pct"": 0.40788381983486954, ""rs_vs_nifty"": 0.40788381983486954}, {""sector"": ""NIFTY_FMCG"", ""ltp"": 47626.2, ""return_pct"": 0.3208078544210516, ""rs_vs_nifty"": 0.3208078544210516}, {""sector"": ""NIFTY_HEALTHCARE"", ""ltp"": 16462.6, ""return_pct"": 0.3034217196334524, ""rs_vs_nifty"": 0.3034217196334524}, {""sector"": ""NIFTY_ENERGY"", ""ltp"": 38196.9, ""return_pct"": 0.1900355283814045, ""rs_vs_nifty"": 0.1900355283814045}]"
2026-08-20 12:26:36,NORMAL,24208.7,,0,24206.911263900245,,,True,True,"[[""NIFTY_MEDIA"", 2.084842377098221, 2.084842377098221], [""NIFTY_REALTY"", 1.2788295080136183, 1.2788295080136183], [""NIFTY_FIN_SERVICE"", 0.818052512205433, 0.818052512205433]]",[],"[{""sector"": ""NIFTY_MEDIA"", ""ltp"": 1620.75, ""return_pct"": 2.084842377098221, ""rs_vs_nifty"": 2.084842377098221}, {""sector"": ""NIFTY_REALTY"", ""ltp"": 906.8, ""return_pct"": 1.2788295080136183, ""rs_vs_nifty"": 1.2788295080136183}, {""sector"": ""NIFTY_FIN_SERVICE"", ""ltp"": 26225.8, ""return_pct"": 0.818052512205433, ""rs_vs_nifty"": 0.818052512205433}, {""sector"": ""NIFTY_IT"", ""ltp"": 30675.05, ""return_pct"": 0.7951881260668912, ""rs_vs_nifty"": 0.7951881260668912}, {""sector"": ""NIFTY_AUTO"", ""ltp"": 29359.75, ""return_pct"": 0.5973877349633671, ""rs_vs_nifty"": 0.5973877349633671}, {""sector"": ""NIFTY_BANK"", ""ltp"": 57567.05, ""return_pct"": 0.5718054324136687, ""rs_vs_nifty"": 0.5718054324136687}, {""sector"": ""NIFTY_METAL"", ""ltp"": 13089.25, ""return_pct"": 0.5067859405294377, ""rs_vs_nifty"": 0.5067859405294377}, {""sector"": ""NIFTY_INFRA"", ""ltp"": 9346.3, ""return_pct"": 0.4379107092004234, ""rs_vs_nifty"": 0.4379107092004234}, {""sector"": ""NIFTY_PSU_BANK"", ""ltp"": 8652.05, ""return_pct"": 0.3991807511328453, ""rs_vs_nifty"": 0.3991807511328453}, {""sector"": ""NIFTY_PHARMA"", ""ltp"": 26418.65, ""return_pct"": 0.3984601235853514, ""rs_vs_nifty"": 0.3984601235853514}, {""sector"": ""NIFTY_FMCG"", ""ltp"": 47630.6, ""return_pct"": 0.33007610497556994, ""rs_vs_nifty"": 0.33007610497556994}, {""sector"": ""NIFTY_HEALTHCARE"", ""ltp"": 16462.35, ""return_pct"": 0.30189851822967, ""rs_vs_nifty"": 0.30189851822967}, {""sector"": ""NIFTY_ENERGY"", ""ltp"": 38194.5, ""return_pct"": 0.1837403555985802, ""rs_vs_nifty"": 0.1837403555985802}]"
2026-08-20 12:26:52,NORMAL,24209.5,,0,24206.916460038454,,,True,True,"[[""NIFTY_MEDIA"", 2.0911409945516843, 2.0911409945516843], [""NIFTY_REALTY"", 1.2732450996816862, 1.2732450996816862], [""NIFTY_FIN_SERVICE"", 0.8211278975896611, 0.8211278975896611]]",[],"[{""sector"": ""NIFTY_MEDIA"", ""ltp"": 1620.85, ""return_pct"": 2.0911409945516843, ""rs_vs_nifty"": 2.0911409945516843}, {""sector"": ""NIFTY_REALTY"", ""ltp"": 906.75, ""return_pct"": 1.2732450996816862, ""rs_vs_nifty"": 1.2732450996816862}, {""sector"": ""NIFTY_FIN_SERVICE"", ""ltp"": 26226.6, ""return_pct"": 0.8211278975896611, ""rs_vs_nifty"": 0.8211278975896611}, {""sector"": ""NIFTY_IT"", ""ltp"": 30676.0, ""return_pct"": 0.7983097323469082, ""rs_vs_nifty"": 0.7983097323469082}, {""sector"": ""NIFTY_AUTO"", ""ltp"": 29358.8, ""return_pct"": 0.5941326827797385, ""rs_vs_nifty"": 0.5941326827797385}, {""sector"": ""NIFTY_BANK"", ""ltp"": 57563.65, ""return_pct"": 0.5658655043042666, ""rs_vs_nifty"": 0.5658655043042666}, {""sector"": ""NIFTY_METAL"", ""ltp"": 13089.25, ""return_pct"": 0.5067859405294377, ""rs_vs_nifty"": 0.5067859405294377}, {""sector"": ""NIFTY_INFRA"", ""ltp"": 9347.6, ""return_pct"": 0.45188086679455913, ""rs_vs_nifty"": 0.45188086679455913}, {""sector"": ""NIFTY_PSU_BANK"", ""ltp"": 8652.9, ""return_pct"": 0.40904422899514364, ""rs_vs_nifty"": 0.40904422899514364}, {""sector"": ""NIFTY_PHARMA"", ""ltp"": 26419.75, ""return_pct"": 0.4026404396172379, ""rs_vs_nifty"": 0.4026404396172379}, {""sector"": ""NIFTY_FMCG"", ""ltp"": 47629.5, ""return_pct"": 0.3277590423369442, ""rs_vs_nifty"": 0.3277590423369442}, {""sector"": ""NIFTY_HEALTHCARE"", ""ltp"": 16461.5, ""return_pct"": 0.2967196334568187, ""rs_vs_nifty"": 0.2967196334568187}, {""sector"": ""NIFTY_ENERGY"", ""ltp"": 38195.95, ""return_pct"": 0.18754368915485994, ""rs_vs_nifty"": 0.18754368915485994}]"
2026-08-20 12:28:39,NORMAL,24212.15,,0,24206.956288377678,,,True,True,"[[""NIFTY_MEDIA"", 2.0596479072843397, 2.0596479072843397], [""NIFTY_REALTY"", 1.40168649131624, 1.40168649131624], [""NIFTY_FIN_SERVICE"", 0.8370814592703649, 0.8370814592703649]]",[],"[{""sector"": ""NIFTY_MEDIA"", ""ltp"": 1620.35, ""return_pct"": 2.0596479072843397, ""rs_vs_nifty"": 2.0596479072843397}, {""sector"": ""NIFTY_REALTY"", ""ltp"": 907.9, ""return_pct"": 1.40168649131624, ""rs_vs_nifty"": 1.40168649131624}, {""sector"": ""NIFTY_FIN_SERVICE"", ""ltp"": 26230.75, ""return_pct"": 0.8370814592703649, ""rs_vs_nifty"": 0.8370814592703649}, {""sector"": ""NIFTY_IT"", ""ltp"": 30683.7, ""return_pct"": 0.8236111727217662, ""rs_vs_nifty"": 0.8236111727217662}, {""sector"": ""NIFTY_AUTO"", ""ltp"": 29356.05, ""return_pct"": 0.5847101633008209, ""rs_vs_nifty"": 0.5847101633008209}, {""sector"": ""NIFTY_BANK"", ""ltp"": 57572.8, ""return_pct"": 0.5818508990692708, ""rs_vs_nifty"": 0.5818508990692708}, {""sector"": ""NIFTY_METAL"", ""ltp"": 13090.75, ""return_pct"": 0.5183038028141976, ""rs_vs_nifty"": 0.5183038028141976}, {""sector"": ""NIFTY_INFRA"", ""ltp"": 9347.6, ""return_pct"": 0.45188086679455913, ""rs_vs_nifty"": 0.45188086679455913}, {""sector"": ""NIFTY_PSU_BANK"", ""ltp"": 8654.3, ""return_pct"": 0.4252899572389182, ""rs_vs_nifty"": 0.4252899572389182}, {""sector"": ""NIFTY_PHARMA"", ""ltp"": 26418.05, ""return_pct"": 0.39617995120431104, ""rs_vs_nifty"": 0.39617995120431104}, {""sector"": ""NIFTY_FMCG"", ""ltp"": 47645.9, ""return_pct"": 0.3623043398583221, ""rs_vs_nifty"": 0.3623043398583221}, {""sector"": ""NIFTY_HEALTHCARE"", ""ltp"": 16461.65, ""return_pct"": 0.29763355429909694, ""rs_vs_nifty"": 0.29763355429909694}, {""sector"": ""NIFTY_ENERGY"", ""ltp"": 38195.8, ""return_pct"": 0.18715024085594895, ""rs_vs_nifty"": 0.18715024085594895}]"
2026-08-20 12:28:57,NORMAL,24212.85,,0,24206.967455895407,,,True,True,"[[""NIFTY_MEDIA"", 2.065946524737817, 2.065946524737817], [""NIFTY_REALTY"", 1.4742837996314213, 1.4742837996314213], [""NIFTY_IT"", 0.8434908758734362, 0.8434908758734362]]",[],"[{""sector"": ""NIFTY_MEDIA"", ""ltp"": 1620.45, ""return_pct"": 2.065946524737817, ""rs_vs_nifty"": 2.065946524737817}, {""sector"": ""NIFTY_REALTY"", ""ltp"": 908.55, ""return_pct"": 1.4742837996314213, ""rs_vs_nifty"": 1.4742837996314213}, {""sector"": ""NIFTY_IT"", ""ltp"": 30689.75, ""return_pct"": 0.8434908758734362, ""rs_vs_nifty"": 0.8434908758734362}, {""sector"": ""NIFTY_FIN_SERVICE"", ""ltp"": 26231.4, ""return_pct"": 0.8395802098950581, ""rs_vs_nifty"": 0.8395802098950581}, {""sector"": ""NIFTY_AUTO"", ""ltp"": 29357.9, ""return_pct"": 0.5910489491321003, ""rs_vs_nifty"": 0.5910489491321003}, {""sector"": ""NIFTY_BANK"", ""ltp"": 57573.25, ""return_pct"": 0.5826370660249215, ""rs_vs_nifty"": 0.5826370660249215}, {""sector"": ""NIFTY_METAL"", ""ltp"": 13089.15, ""return_pct"": 0.5060180830437843, ""rs_vs_nifty"": 0.5060180830437843}, {""sector"": ""NIFTY_INFRA"", ""ltp"": 9348.05, ""return_pct"": 0.4567166905771287, ""rs_vs_nifty"": 0.4567166905771287}, {""sector"": ""NIFTY_PSU_BANK"", ""ltp"": 8654.65, ""return_pct"": 0.4293513892998671, ""rs_vs_nifty"": 0.4293513892998671}, {""sector"": ""NIFTY_PHARMA"", ""ltp"": 26416.65, ""return_pct"": 0.39085954898191133, ""rs_vs_nifty"": 0.39085954898191133}, {""sector"": ""NIFTY_FMCG"", ""ltp"": 47651.15, ""return_pct"": 0.37336304790632324, ""rs_vs_nifty"": 0.37336304790632324}, {""sector"": ""NIFTY_HEALTHCARE"", ""ltp"": 16461.05, ""return_pct"": 0.2939778709300058, ""rs_vs_nifty"": 0.2939778709300058}, {""sector"": ""NIFTY_ENERGY"", ""ltp"": 38195.05, ""return_pct"": 0.18518299936131755, ""rs_vs_nifty"": 0.18518299936131755}]"
2026-08-20 12:30:35,NORMAL,24211.25,,0,24206.99988428213,,,True,True,"[[""NIFTY_MEDIA"", 2.056498598557608, 2.056498598557608], [""NIFTY_REALTY"", 1.418439716312049, 1.418439716312049], [""NIFTY_IT"", 0.8533485799155875, 0.8533485799155875]]",[],"[{""sector"": ""NIFTY_MEDIA"", ""ltp"": 1620.3, ""return_pct"": 2.056498598557608, ""rs_vs_nifty"": 2.056498598557608}, {""sector"": ""NIFTY_REALTY"", ""ltp"": 908.05, ""return_pct"": 1.418439716312049, ""rs_vs_nifty"": 1.418439716312049}, {""sector"": ""NIFTY_IT"", ""ltp"": 30692.75, ""return_pct"": 0.8533485799155875, ""rs_vs_nifty"": 0.8533485799155875}, {""sector"": ""NIFTY_FIN_SERVICE"", ""ltp"": 26226.5, ""return_pct"": 0.8207434744166379, ""rs_vs_nifty"": 0.8207434744166379}, {""sector"": ""NIFTY_AUTO"", ""ltp"": 29355.0, ""return_pct"": 0.5811124740452368, ""rs_vs_nifty"": 0.5811124740452368}, {""sector"": ""NIFTY_BANK"", ""ltp"": 57561.65, ""return_pct"": 0.5623714289457963, ""rs_vs_nifty"": 0.5623714289457963}, {""sector"": ""NIFTY_METAL"", ""ltp"": 13084.65, ""return_pct"": 0.4714644961895044, ""rs_vs_nifty"": 0.4714644961895044}, {""sector"": ""NIFTY_INFRA"", ""ltp"": 9347.3, ""return_pct"": 0.4486569842728265, ""rs_vs_nifty"": 0.4486569842728265}, {""sector"": ""NIFTY_PSU_BANK"", ""ltp"": 8652.2, ""return_pct"": 0.400921364873267, ""rs_vs_nifty"": 0.400921364873267}, {""sector"": ""NIFTY_FMCG"", ""ltp"": 47662.8, ""return_pct"": 0.3979028476699859, ""rs_vs_nifty"": 0.3979028476699859}, {""sector"": ""NIFTY_PHARMA"", ""ltp"": 26414.75, ""return_pct"": 0.38363900310863774, ""rs_vs_nifty"": 0.38363900310863774}, {""sector"": ""NIFTY_HEALTHCARE"", ""ltp"": 16460.5, ""return_pct"": 0.290626827841689, ""rs_vs_nifty"": 0.290626827841689}, {""sector"": ""NIFTY_ENERGY"", ""ltp"": 38184.0, ""return_pct"": 0.15619897467374064, ""rs_vs_nifty"": 0.15619897467374064}]"
2026-08-20 12:30:53,NORMAL,24210.95,,0,24207.00273728225,,,True,True,"[[""NIFTY_MEDIA"", 2.07224514219128, 2.07224514219128], [""NIFTY_REALTY"", 1.429608532975926, 1.429608532975926], [""NIFTY_IT"", 0.8264041888670377, 0.8264041888670377]]",[],"[{""sector"": ""NIFTY_MEDIA"", ""ltp"": 1620.55, ""return_pct"": 2.07224514219128, ""rs_vs_nifty"": 2.07224514219128}, {""sector"": ""NIFTY_REALTY"", ""ltp"": 908.15, ""return_pct"": 1.429608532975926, ""rs_vs_nifty"": 1.429608532975926}, {""sector"": ""NIFTY_IT"", ""ltp"": 30684.55, ""return_pct"": 0.8264041888670377, ""rs_vs_nifty"": 0.8264041888670377}, {""sector"": ""NIFTY_FIN_SERVICE"", ""ltp"": 26225.35, ""return_pct"": 0.8163226079268002, ""rs_vs_nifty"": 0.8163226079268002}, {""sector"": ""NIFTY_AUTO"", ""ltp"": 29351.15, ""return_pct"": 0.5679209467747571, ""rs_vs_nifty"": 0.5679209467747571}, {""sector"": ""NIFTY_BANK"", ""ltp"": 57555.85, ""return_pct"": 0.5522386104062275, ""rs_vs_nifty"": 0.5522386104062275}, {""sector"": ""NIFTY_METAL"", ""ltp"": 13087.95, ""return_pct"": 0.4968037932159847, ""rs_vs_nifty"": 0.4968037932159847}, {""sector"": ""NIFTY_INFRA"", ""ltp"": 9347.05, ""return_pct"": 0.4459704155047257, ""rs_vs_nifty"": 0.4459704155047257}, {""sector"": ""NIFTY_PSU_BANK"", ""ltp"": 8651.2, ""return_pct"": 0.3893172732705679, ""rs_vs_nifty"": 0.3893172732705679}, {""sector"": ""NIFTY_PHARMA"", ""ltp"": 26415.4, ""return_pct"": 0.38610918985476134, ""rs_vs_nifty"": 0.38610918985476134}, {""sector"": ""NIFTY_FMCG"", ""ltp"": 47654.6, ""return_pct"": 0.3806301989092893, ""rs_vs_nifty"": 0.3806301989092893}, {""sector"": ""NIFTY_HEALTHCARE"", ""ltp"": 16460.15, ""return_pct"": 0.2884943458764025, ""rs_vs_nifty"": 0.2884943458764025}, {""sector"": ""NIFTY_ENERGY"", ""ltp"": 38187.0, ""return_pct"": 0.16406794065226624, ""rs_vs_nifty"": 0.16406794065226624}]"
2026-08-20 12:32:35,NORMAL,24213.65,,0,24207.034892694897,,,True,True,"[[""NIFTY_MEDIA"", 2.1698737127200465, 2.1698737127200465], [""NIFTY_REALTY"", 1.440777349639803, 1.440777349639803], [""NIFTY_IT"", 0.833304581696551, 0.833304581696551]]",[],"[{""sector"": ""NIFTY_MEDIA"", ""ltp"": 1622.1, ""return_pct"": 2.1698737127200465, ""rs_vs_nifty"": 2.1698737127200465}, {""sector"": ""NIFTY_REALTY"", ""ltp"": 908.25, ""return_pct"": 1.440777349639803, ""rs_vs_nifty"": 1.440777349639803}, {""sector"": ""NIFTY_IT"", ""ltp"": 30686.65, ""return_pct"": 0.833304581696551, ""rs_vs_nifty"": 0.833304581696551}, {""sector"": ""NIFTY_FIN_SERVICE"", ""ltp"": 26229.3, ""return_pct"": 0.8315073232614434, ""rs_vs_nifty"": 0.8315073232614434}, {""sector"": ""NIFTY_AUTO"", ""ltp"": 29348.55, ""return_pct"": 0.5590123829037732, ""rs_vs_nifty"": 0.5590123829037732}, {""sector"": ""NIFTY_BANK"", ""ltp"": 57558.7, ""return_pct"": 0.5572176677920451, ""rs_vs_nifty"": 0.5572176677920451}, {""sector"": ""NIFTY_METAL"", ""ltp"": 13086.2, ""return_pct"": 0.4833662872170981, ""rs_vs_nifty"": 0.4833662872170981}, {""sector"": ""NIFTY_INFRA"", ""ltp"": 9348.2, ""return_pct"": 0.4583286318380049, ""rs_vs_nifty"": 0.4583286318380049}, {""sector"": ""NIFTY_FMCG"", ""ltp"": 47670.1, ""return_pct"": 0.41327971790814966, ""rs_vs_nifty"": 0.41327971790814966}, {""sector"": ""NIFTY_PSU_BANK"", ""ltp"": 8652.25, ""return_pct"": 0.4015015694533935, ""rs_vs_nifty"": 0.4015015694533935}, {""sector"": ""NIFTY_PHARMA"", ""ltp"": 26418.55, ""return_pct"": 0.3980800948551711, ""rs_vs_nifty"": 0.3980800948551711}, {""sector"": ""NIFTY_HEALTHCARE"", ""ltp"": 16464.35, ""return_pct"": 0.3140841294599293, ""rs_vs_nifty"": 0.3140841294599293}, {""sector"": ""NIFTY_ENERGY"", ""ltp"": 38190.45, ""return_pct"": 0.17311725152756302, ""rs_vs_nifty"": 0.17311725152756302}]"
2026-08-20 12:32:53,NORMAL,24211.05,,0,24207.032886752928,,,True,True,"[[""NIFTY_MEDIA"", 2.2234119610745413, 2.2234119610745413], [""NIFTY_REALTY"", 1.440777349639803, 1.440777349639803], [""NIFTY_FIN_SERVICE"", 0.8228578018682937, 0.8228578018682937]]",[],"[{""sector"": ""NIFTY_MEDIA"", ""ltp"": 1622.95, ""return_pct"": 2.2234119610745413, ""rs_vs_nifty"": 2.2234119610745413}, {""sector"": ""NIFTY_REALTY"", ""ltp"": 908.25, ""return_pct"": 1.440777349639803, ""rs_vs_nifty"": 1.440777349639803}, {""sector"": ""NIFTY_FIN_SERVICE"", ""ltp"": 26227.05, ""return_pct"": 0.8228578018682937, ""rs_vs_nifty"": 0.8228578018682937}, {""sector"": ""NIFTY_IT"", ""ltp"": 30678.4, ""return_pct"": 0.8061958955806341, ""rs_vs_nifty"": 0.8061958955806341}, {""sector"": ""NIFTY_BANK"", ""ltp"": 57559.65, ""return_pct"": 0.558877353587326, ""rs_vs_nifty"": 0.558877353587326}, {""sector"": ""NIFTY_AUTO"", ""ltp"": 29347.35, ""return_pct"": 0.554900738040243, ""rs_vs_nifty"": 0.554900738040243}, {""sector"": ""NIFTY_METAL"", ""ltp"": 13084.25, ""return_pct"": 0.4683930662469046, ""rs_vs_nifty"": 0.4683930662469046}, {""sector"": ""NIFTY_INFRA"", ""ltp"": 9347.0, ""return_pct"": 0.4454331017511134, ""rs_vs_nifty"": 0.4454331017511134}, {""sector"": ""NIFTY_PSU_BANK"", ""ltp"": 8652.4, ""return_pct"": 0.4032421831937942, ""rs_vs_nifty"": 0.4032421831937942}, {""sector"": ""NIFTY_FMCG"", ""ltp"": 47662.45, ""return_pct"": 0.3971656004667736, ""rs_vs_nifty"": 0.3971656004667736}, {""sector"": ""NIFTY_PHARMA"", ""ltp"": 26417.5, ""return_pct"": 0.39408979318836784, ""rs_vs_nifty"": 0.39408979318836784}, {""sector"": ""NIFTY_HEALTHCARE"", ""ltp"": 16464.5, ""return_pct"": 0.3149980503022076, ""rs_vs_nifty"": 0.3149980503022076}, {""sector"": ""NIFTY_ENERGY"", ""ltp"": 38192.65, ""return_pct"": 0.17888782657849325, ""rs_vs_nifty"": 0.17888782657849325}]"
2026-08-20 12:34:29,NORMAL,24211.4,,0,24207.062619944656,,,True,True,"[[""NIFTY_MEDIA"", 2.2234119610745413, 2.2234119610745413], [""NIFTY_REALTY"", 1.412855307980117, 1.412855307980117], [""NIFTY_IT"", 0.8093175018606393, 0.8093175018606393]]",[],"[{""sector"": ""NIFTY_MEDIA"", ""ltp"": 1622.95, ""return_pct"": 2.2234119610745413, ""rs_vs_nifty"": 2.2234119610745413}, {""sector"": ""NIFTY_REALTY"", ""ltp"": 908.0, ""return_pct"": 1.412855307980117, ""rs_vs_nifty"": 1.412855307980117}, {""sector"": ""NIFTY_IT"", ""ltp"": 30679.35, ""return_pct"": 0.8093175018606393, ""rs_vs_nifty"": 0.8093175018606393}, {""sector"": ""NIFTY_FIN_SERVICE"", ""ltp"": 26221.95, ""return_pct"": 0.803252220043827, ""rs_vs_nifty"": 0.803252220043827}, {""sector"": ""NIFTY_AUTO"", ""ltp"": 29347.1, ""return_pct"": 0.5540441453603414, ""rs_vs_nifty"": 0.5540441453603414}, {""sector"": ""NIFTY_BANK"", ""ltp"": 57554.05, ""return_pct"": 0.5490939425836118, ""rs_vs_nifty"": 0.5490939425836118}, {""sector"": ""NIFTY_METAL"", ""ltp"": 13084.3, ""return_pct"": 0.4687769949897243, ""rs_vs_nifty"": 0.4687769949897243}, {""sector"": ""NIFTY_INFRA"", ""ltp"": 9347.1, ""return_pct"": 0.4465077292583576, ""rs_vs_nifty"": 0.4465077292583576}, {""sector"": ""NIFTY_PHARMA"", ""ltp"": 26418.35, ""return_pct"": 0.39732003739482424, ""rs_vs_nifty"": 0.39732003739482424}, {""sector"": ""NIFTY_FMCG"", ""ltp"": 47659.0, ""return_pct"": 0.3898984494638076, ""rs_vs_nifty"": 0.3898984494638076}, {""sector"": ""NIFTY_PSU_BANK"", ""ltp"": 8650.9, ""return_pct"": 0.38583604578974545, ""rs_vs_nifty"": 0.38583604578974545}, {""sector"": ""NIFTY_HEALTHCARE"", ""ltp"": 16464.8, ""return_pct"": 0.31682589198674205, ""rs_vs_nifty"": 0.31682589198674205}, {""sector"": ""NIFTY_ENERGY"", ""ltp"": 38200.65, ""return_pct"": 0.19987173585456153, ""rs_vs_nifty"": 0.19987173585456153}]"
2026-08-20 12:34:47,NORMAL,24210.25,,0,24207.0643307212,,,True,True,"[[""NIFTY_MEDIA"", 2.236009195981482, 2.236009195981482], [""NIFTY_REALTY"", 1.412855307980117, 1.412855307980117], [""NIFTY_IT"", 0.8137534686796146, 0.8137534686796146]]",[],"[{""sector"": ""NIFTY_MEDIA"", ""ltp"": 1623.15, ""return_pct"": 2.236009195981482, ""rs_vs_nifty"": 2.236009195981482}, {""sector"": ""NIFTY_REALTY"", ""ltp"": 908.0, ""return_pct"": 1.412855307980117, ""rs_vs_nifty"": 1.412855307980117}, {""sector"": ""NIFTY_IT"", ""ltp"": 30680.7, ""return_pct"": 0.8137534686796146, ""rs_vs_nifty"": 0.8137534686796146}, {""sector"": ""NIFTY_FIN_SERVICE"", ""ltp"": 26222.85, ""return_pct"": 0.8067120286010785, ""rs_vs_nifty"": 0.8067120286010785}, {""sector"": ""NIFTY_AUTO"", ""ltp"": 29349.85, ""return_pct"": 0.563466664839259, ""rs_vs_nifty"": 0.563466664839259}, {""sector"": ""NIFTY_BANK"", ""ltp"": 57556.05, ""return_pct"": 0.552588017942082, ""rs_vs_nifty"": 0.552588017942082}, {""sector"": ""NIFTY_METAL"", ""ltp"": 13083.0, ""return_pct"": 0.4587948476762713, ""rs_vs_nifty"": 0.4587948476762713}, {""sector"": ""NIFTY_INFRA"", ""ltp"": 9346.05, ""return_pct"": 0.43522414043232266, ""rs_vs_nifty"": 0.43522414043232266}, {""sector"": ""NIFTY_PSU_BANK"", ""ltp"": 8652.3, ""return_pct"": 0.4020817740335201, ""rs_vs_nifty"": 0.4020817740335201}, {""sector"": ""NIFTY_PHARMA"", ""ltp"": 26416.25, ""return_pct"": 0.3893394340612178, ""rs_vs_nifty"": 0.3893394340612178}, {""sector"": ""NIFTY_FMCG"", ""ltp"": 47657.4, ""return_pct"": 0.386528176534896, ""rs_vs_nifty"": 0.386528176534896}, {""sector"": ""NIFTY_HEALTHCARE"", ""ltp"": 16462.65, ""return_pct"": 0.30372635991422664, ""rs_vs_nifty"": 0.30372635991422664}, {""sector"": ""NIFTY_ENERGY"", ""ltp"": 38197.05, ""return_pct"": 0.1904289766803346, ""rs_vs_nifty"": 0.1904289766803346}]"
2026-08-20 12:36:29,NORMAL,24210.45,,0,24207.082320627618,,,True,True,"[[""NIFTY_MEDIA"", 2.2076654174408685, 2.2076654174408685], [""NIFTY_REALTY"", 1.3905176746523629, 1.3905176746523629], [""NIFTY_IT"", 0.8099746821301185, 0.8099746821301185]]",[],"[{""sector"": ""NIFTY_MEDIA"", ""ltp"": 1622.7, ""return_pct"": 2.2076654174408685, ""rs_vs_nifty"": 2.2076654174408685}, {""sector"": ""NIFTY_REALTY"", ""ltp"": 907.8, ""return_pct"": 1.3905176746523629, ""rs_vs_nifty"": 1.3905176746523629}, {""sector"": ""NIFTY_IT"", ""ltp"": 30679.55, ""return_pct"": 0.8099746821301185, ""rs_vs_nifty"": 0.8099746821301185}, {""sector"": ""NIFTY_FIN_SERVICE"", ""ltp"": 26221.95, ""return_pct"": 0.803252220043827, ""rs_vs_nifty"": 0.803252220043827}, {""sector"": ""NIFTY_BANK"", ""ltp"": 57560.9, ""return_pct"": 0.56106115068637, ""rs_vs_nifty"": 0.56106115068637}, {""sector"": ""NIFTY_AUTO"", ""ltp"": 29346.45, ""return_pct"": 0.5518170043926047, ""rs_vs_nifty"": 0.5518170043926047}, {""sector"": ""NIFTY_METAL"", ""ltp"": 13085.6, ""return_pct"": 0.47875914230319133, ""rs_vs_nifty"": 0.47875914230319133}, {""sector"": ""NIFTY_INFRA"", ""ltp"": 9347.25, ""return_pct"": 0.44811967051921414, ""rs_vs_nifty"": 0.44811967051921414}, {""sector"": ""NIFTY_PSU_BANK"", ""ltp"": 8653.5, ""return_pct"": 0.4160066839567674, ""rs_vs_nifty"": 0.4160066839567674}, {""sector"": ""NIFTY_PHARMA"", ""ltp"": 26418.4, ""return_pct"": 0.3975100517599213, ""rs_vs_nifty"": 0.3975100517599213}, {""sector"": ""NIFTY_FMCG"", ""ltp"": 47658.85, ""return_pct"": 0.3895824863767188, ""rs_vs_nifty"": 0.3895824863767188}, {""sector"": ""NIFTY_HEALTHCARE"", ""ltp"": 16462.85, ""return_pct"": 0.3049449210372348, ""rs_vs_nifty"": 0.3049449210372348}, {""sector"": ""NIFTY_ENERGY"", ""ltp"": 38200.4, ""return_pct"": 0.19921598868968435, ""rs_vs_nifty"": 0.19921598868968435}]"
2026-08-20 12:36:45,NORMAL,24209.95,,0,24207.086762215436,,,True,True,"[[""NIFTY_MEDIA"", 2.138380625452702, 2.138380625452702], [""NIFTY_REALTY"", 1.3793488579884987, 1.3793488579884987], [""NIFTY_FIN_SERVICE"", 0.8051743359089715, 0.8051743359089715]]",[],"[{""sector"": ""NIFTY_MEDIA"", ""ltp"": 1621.6, ""return_pct"": 2.138380625452702, ""rs_vs_nifty"": 2.138380625452702}, {""sector"": ""NIFTY_REALTY"", ""ltp"": 907.7, ""return_pct"": 1.3793488579884987, ""rs_vs_nifty"": 1.3793488579884987}, {""sector"": ""NIFTY_FIN_SERVICE"", ""ltp"": 26222.45, ""return_pct"": 0.8051743359089715, ""rs_vs_nifty"": 0.8051743359089715}, {""sector"": ""NIFTY_IT"", ""ltp"": 30672.75, ""return_pct"": 0.7876305529679106, ""rs_vs_nifty"": 0.7876305529679106}, {""sector"": ""NIFTY_AUTO"", ""ltp"": 29349.6, ""return_pct"": 0.5626100721593573, ""rs_vs_nifty"": 0.5626100721593573}, {""sector"": ""NIFTY_BANK"", ""ltp"": 57545.85, ""return_pct"": 0.5347682336138759, ""rs_vs_nifty"": 0.5347682336138759}, {""sector"": ""NIFTY_METAL"", ""ltp"": 13083.9, ""return_pct"": 0.46570556504712446, ""rs_vs_nifty"": 0.46570556504712446}, {""sector"": ""NIFTY_INFRA"", ""ltp"": 9347.55, ""return_pct"": 0.45134355304092727, ""rs_vs_nifty"": 0.45134355304092727}, {""sector"": ""NIFTY_PSU_BANK"", ""ltp"": 8653.85, ""return_pct"": 0.42006811601771626, ""rs_vs_nifty"": 0.42006811601771626}, {""sector"": ""NIFTY_PHARMA"", ""ltp"": 26419.65, ""return_pct"": 0.4022604108870714, ""rs_vs_nifty"": 0.4022604108870714}, {""sector"": ""NIFTY_FMCG"", ""ltp"": 47656.75, ""return_pct"": 0.3851590031575214, ""rs_vs_nifty"": 0.3851590031575214}, {""sector"": ""NIFTY_HEALTHCARE"", ""ltp"": 16463.85, ""return_pct"": 0.3110377266523645, ""rs_vs_nifty"": 0.3110377266523645}, {""sector"": ""NIFTY_ENERGY"", ""ltp"": 38202.5, ""return_pct"": 0.20472426487464848, ""rs_vs_nifty"": 0.20472426487464848}]"
2026-08-20 12:38:27,NORMAL,24210.35,,0,24207.10046190554,,,True,True,"[[""NIFTY_MEDIA"", 2.147828551632911, 2.147828551632911], [""NIFTY_REALTY"", 1.3458424079968676, 1.3458424079968676], [""NIFTY_IT"", 0.8242683529912453, 0.8242683529912453]]",[],"[{""sector"": ""NIFTY_MEDIA"", ""ltp"": 1621.75, ""return_pct"": 2.147828551632911, ""rs_vs_nifty"": 2.147828551632911}, {""sector"": ""NIFTY_REALTY"", ""ltp"": 907.4, ""return_pct"": 1.3458424079968676, ""rs_vs_nifty"": 1.3458424079968676}, {""sector"": ""NIFTY_IT"", ""ltp"": 30683.9, ""return_pct"": 0.8242683529912453, ""rs_vs_nifty"": 0.8242683529912453}, {""sector"": ""NIFTY_FIN_SERVICE"", ""ltp"": 26223.25, ""return_pct"": 0.8082497212931996, ""rs_vs_nifty"": 0.8082497212931996}, {""sector"": ""NIFTY_BANK"", ""ltp"": 57552.2, ""return_pct"": 0.5458619228770165, ""rs_vs_nifty"": 0.5458619228770165}, {""sector"": ""NIFTY_AUTO"", ""ltp"": 29342.05, ""return_pct"": 0.5367409732263317, ""rs_vs_nifty"": 0.5367409732263317}, {""sector"": ""NIFTY_METAL"", ""ltp"": 13082.65, ""return_pct"": 0.4561073464764912, ""rs_vs_nifty"": 0.4561073464764912}, {""sector"": ""NIFTY_INFRA"", ""ltp"": 9347.4, ""return_pct"": 0.4497316117800707, ""rs_vs_nifty"": 0.4497316117800707}, {""sector"": ""NIFTY_PSU_BANK"", ""ltp"": 8654.35, ""return_pct"": 0.42587016181906584, ""rs_vs_nifty"": 0.42587016181906584}, {""sector"": ""NIFTY_PHARMA"", ""ltp"": 26417.2, ""return_pct"": 0.3929497069978546, ""rs_vs_nifty"": 0.3929497069978546}, {""sector"": ""NIFTY_FMCG"", ""ltp"": 47643.85, ""return_pct"": 0.35798617766814417, ""rs_vs_nifty"": 0.35798617766814417}, {""sector"": ""NIFTY_HEALTHCARE"", ""ltp"": 16463.15, ""return_pct"": 0.30677276272179144, ""rs_vs_nifty"": 0.30677276272179144}, {""sector"": ""NIFTY_ENERGY"", ""ltp"": 38189.05, ""return_pct"": 0.16944506740426635, ""rs_vs_nifty"": 0.16944506740426635}]"
2026-08-20 12:38:45,NORMAL,24210.65,,0,24207.09773702124,,,True,True,"[[""NIFTY_MEDIA"", 2.173023021446792, 2.173023021446792], [""NIFTY_REALTY"", 1.3514268163288126, 1.3514268163288126], [""NIFTY_IT"", 0.8129319933427687, 0.8129319933427687]]",[],"[{""sector"": ""NIFTY_MEDIA"", ""ltp"": 1622.15, ""return_pct"": 2.173023021446792, ""rs_vs_nifty"": 2.173023021446792}, {""sector"": ""NIFTY_REALTY"", ""ltp"": 907.45, ""return_pct"": 1.3514268163288126, ""rs_vs_nifty"": 1.3514268163288126}, {""sector"": ""NIFTY_IT"", ""ltp"": 30680.45, ""return_pct"": 0.8129319933427687, ""rs_vs_nifty"": 0.8129319933427687}, {""sector"": ""NIFTY_FIN_SERVICE"", ""ltp"": 26224.15, ""return_pct"": 0.811709529850465, ""rs_vs_nifty"": 0.811709529850465}, {""sector"": ""NIFTY_AUTO"", ""ltp"": 29343.55, ""return_pct"": 0.5418805293057413, ""rs_vs_nifty"": 0.5418805293057413}, {""sector"": ""NIFTY_BANK"", ""ltp"": 57549.75, ""return_pct"": 0.5415816805628956, ""rs_vs_nifty"": 0.5415816805628956}, {""sector"": ""NIFTY_INFRA"", ""ltp"": 9347.95, ""return_pct"": 0.4556420630699041, ""rs_vs_nifty"": 0.4556420630699041}, {""sector"": ""NIFTY_METAL"", ""ltp"": 13082.35, ""return_pct"": 0.45380377401954475, ""rs_vs_nifty"": 0.45380377401954475}, {""sector"": ""NIFTY_PSU_BANK"", ""ltp"": 8652.95, ""return_pct"": 0.4096244335752913, ""rs_vs_nifty"": 0.4096244335752913}, {""sector"": ""NIFTY_PHARMA"", ""ltp"": 26415.4, ""return_pct"": 0.38610918985476134, ""rs_vs_nifty"": 0.38610918985476134}, {""sector"": ""NIFTY_FMCG"", ""ltp"": 47648.75, ""return_pct"": 0.36830763851294823, ""rs_vs_nifty"": 0.36830763851294823}, {""sector"": ""NIFTY_HEALTHCARE"", ""ltp"": 16462.85, ""return_pct"": 0.3049449210372348, ""rs_vs_nifty"": 0.3049449210372348}, {""sector"": ""NIFTY_ENERGY"", ""ltp"": 38190.55, ""return_pct"": 0.17337955039352915, ""rs_vs_nifty"": 0.17337955039352915}]"
2026-08-20 12:40:20,NORMAL,24220.6,,0,24207.255534188313,,,True,True,"[[""NIFTY_MEDIA"", 2.2171133436210635, 2.2171133436210635], [""NIFTY_REALTY"", 1.4798682079633663, 1.4798682079633663], [""NIFTY_FIN_SERVICE"", 0.8666820435935906, 0.8666820435935906]]",[],"[{""sector"": ""NIFTY_MEDIA"", ""ltp"": 1622.85, ""return_pct"": 2.2171133436210635, ""rs_vs_nifty"": 2.2171133436210635}, {""sector"": ""NIFTY_REALTY"", ""ltp"": 908.6, ""return_pct"": 1.4798682079633663, ""rs_vs_nifty"": 1.4798682079633663}, {""sector"": ""NIFTY_FIN_SERVICE"", ""ltp"": 26238.45, ""return_pct"": 0.8666820435935906, ""rs_vs_nifty"": 0.8666820435935906}, {""sector"": ""NIFTY_IT"", ""ltp"": 30682.65, ""return_pct"": 0.8201609763070156, ""rs_vs_nifty"": 0.8201609763070156}, {""sector"": ""NIFTY_BANK"", ""ltp"": 57582.15, ""return_pct"": 0.5981857013701168, ""rs_vs_nifty"": 0.5981857013701168}, {""sector"": ""NIFTY_AUTO"", ""ltp"": 29350.1, ""return_pct"": 0.5643232575191605, ""rs_vs_nifty"": 0.5643232575191605}, {""sector"": ""NIFTY_INFRA"", ""ltp"": 9350.8, ""return_pct"": 0.4862689470262371, ""rs_vs_nifty"": 0.4862689470262371}, {""sector"": ""NIFTY_FMCG"", ""ltp"": 47701.9, ""return_pct"": 0.480263892370334, ""rs_vs_nifty"": 0.480263892370334}, {""sector"": ""NIFTY_METAL"", ""ltp"": 13083.75, ""return_pct"": 0.46455377881865123, ""rs_vs_nifty"": 0.46455377881865123}, {""sector"": ""NIFTY_PSU_BANK"", ""ltp"": 8655.25, ""return_pct"": 0.43631384426149084, ""rs_vs_nifty"": 0.43631384426149084}, {""sector"": ""NIFTY_PHARMA"", ""ltp"": 26416.5, ""return_pct"": 0.3902895058866478, ""rs_vs_nifty"": 0.3902895058866478}, {""sector"": ""NIFTY_HEALTHCARE"", ""ltp"": 16464.1, ""return_pct"": 0.3125609280561469, ""rs_vs_nifty"": 0.3125609280561469}, {""sector"": ""NIFTY_ENERGY"", ""ltp"": 38192.05, ""return_pct"": 0.17731403338279195, ""rs_vs_nifty"": 0.17731403338279195}]"
2026-08-20 12:40:37,NORMAL,24220.35,,0,24207.266880928324,,,True,True,"[[""NIFTY_MEDIA"", 2.2108147261676003, 2.2108147261676003], [""NIFTY_REALTY"", 1.5077902496230524, 1.5077902496230524], [""NIFTY_FIN_SERVICE"", 0.868604159458735, 0.868604159458735]]",[],"[{""sector"": ""NIFTY_MEDIA"", ""ltp"": 1622.75, ""return_pct"": 2.2108147261676003, ""rs_vs_nifty"": 2.2108147261676003}, {""sector"": ""NIFTY_REALTY"", ""ltp"": 908.85, ""return_pct"": 1.5077902496230524, ""rs_vs_nifty"": 1.5077902496230524}, {""sector"": ""NIFTY_FIN_SERVICE"", ""ltp"": 26238.95, ""return_pct"": 0.868604159458735, ""rs_vs_nifty"": 0.868604159458735}, {""sector"": ""NIFTY_IT"", ""ltp"": 30681.4, ""return_pct"": 0.8160535996227857, ""rs_vs_nifty"": 0.8160535996227857}, {""sector"": ""NIFTY_BANK"", ""ltp"": 57587.95, ""return_pct"": 0.6083185199096731, ""rs_vs_nifty"": 0.6083185199096731}, {""sector"": ""NIFTY_AUTO"", ""ltp"": 29352.5, ""return_pct"": 0.5725465472462208, ""rs_vs_nifty"": 0.5725465472462208}, {""sector"": ""NIFTY_FMCG"", ""ltp"": 47704.85, ""return_pct"": 0.48647783308301423, ""rs_vs_nifty"": 0.48647783308301423}, {""sector"": ""NIFTY_INFRA"", ""ltp"": 9349.95, ""return_pct"": 0.4771346132147102, ""rs_vs_nifty"": 0.4771346132147102}, {""sector"": ""NIFTY_METAL"", ""ltp"": 13083.85, ""return_pct"": 0.4653216363043047, ""rs_vs_nifty"": 0.4653216363043047}, {""sector"": ""NIFTY_PSU_BANK"", ""ltp"": 8656.45, ""return_pct"": 0.4502387541847382, ""rs_vs_nifty"": 0.4502387541847382}, {""sector"": ""NIFTY_PHARMA"", ""ltp"": 26415.65, ""return_pct"": 0.38705926168019134, ""rs_vs_nifty"": 0.38705926168019134}, {""sector"": ""NIFTY_HEALTHCARE"", ""ltp"": 16464.15, ""return_pct"": 0.3128655683369211, ""rs_vs_nifty"": 0.3128655683369211}, {""sector"": ""NIFTY_ENERGY"", ""ltp"": 38193.6, ""return_pct"": 0.1813796658050187, ""rs_vs_nifty"": 0.1813796658050187}]"
2026-08-20 12:42:17,NORMAL,24217.9,,0,24207.32123733655,,,True,True,"[[""NIFTY_MEDIA"", 2.15727647781312, 2.15727647781312], [""NIFTY_REALTY"", 1.5245434746188615, 1.5245434746188615], [""NIFTY_FIN_SERVICE"", 0.8503440587398636, 0.8503440587398636]]",[],"[{""sector"": ""NIFTY_MEDIA"", ""ltp"": 1621.9, ""return_pct"": 2.15727647781312, ""rs_vs_nifty"": 2.15727647781312}, {""sector"": ""NIFTY_REALTY"", ""ltp"": 909.0, ""return_pct"": 1.5245434746188615, ""rs_vs_nifty"": 1.5245434746188615}, {""sector"": ""NIFTY_FIN_SERVICE"", ""ltp"": 26234.2, ""return_pct"": 0.8503440587398636, ""rs_vs_nifty"": 0.8503440587398636}, {""sector"": ""NIFTY_IT"", ""ltp"": 30659.6, ""return_pct"": 0.7444209502498083, ""rs_vs_nifty"": 0.7444209502498083}, {""sector"": ""NIFTY_BANK"", ""ltp"": 57575.55, ""return_pct"": 0.5866552526871674, ""rs_vs_nifty"": 0.5866552526871674}, {""sector"": ""NIFTY_AUTO"", ""ltp"": 29342.95, ""return_pct"": 0.5398247068739824, ""rs_vs_nifty"": 0.5398247068739824}, {""sector"": ""NIFTY_INFRA"", ""ltp"": 9350.9, ""return_pct"": 0.48734357453348126, ""rs_vs_nifty"": 0.48734357453348126}, {""sector"": ""NIFTY_FMCG"", ""ltp"": 47698.35, ""return_pct"": 0.4727860993092986, ""rs_vs_nifty"": 0.4727860993092986}, {""sector"": ""NIFTY_PSU_BANK"", ""ltp"": 8655.3, ""return_pct"": 0.43689404884161737, ""rs_vs_nifty"": 0.43689404884161737}, {""sector"": ""NIFTY_METAL"", ""ltp"": 13078.8, ""return_pct"": 0.42654483327893783, ""rs_vs_nifty"": 0.42654483327893783}, {""sector"": ""NIFTY_PHARMA"", ""ltp"": 26416.95, ""return_pct"": 0.39199963517242453, ""rs_vs_nifty"": 0.39199963517242453}, {""sector"": ""NIFTY_HEALTHCARE"", ""ltp"": 16465.25, ""return_pct"": 0.31956765451355484, ""rs_vs_nifty"": 0.31956765451355484}, {""sector"": ""NIFTY_ENERGY"", ""ltp"": 38188.55, ""return_pct"": 0.16813357307451207, ""rs_vs_nifty"": 0.16813357307451207}]"
2026-08-20 12:42:36,NORMAL,24218.45,,0,24207.34051641051,,,True,True,"[[""NIFTY_MEDIA"", 2.1541271690863737, 2.1541271690863737], [""NIFTY_REALTY"", 1.5301278829507938, 1.5301278829507938], [""NIFTY_FIN_SERVICE"", 0.8518817514319708, 0.8518817514319708]]",[],"[{""sector"": ""NIFTY_MEDIA"", ""ltp"": 1621.85, ""return_pct"": 2.1541271690863737, ""rs_vs_nifty"": 2.1541271690863737}, {""sector"": ""NIFTY_REALTY"", ""ltp"": 909.05, ""return_pct"": 1.5301278829507938, ""rs_vs_nifty"": 1.5301278829507938}, {""sector"": ""NIFTY_FIN_SERVICE"", ""ltp"": 26234.6, ""return_pct"": 0.8518817514319708, ""rs_vs_nifty"": 0.8518817514319708}, {""sector"": ""NIFTY_IT"", ""ltp"": 30656.2, ""return_pct"": 0.7332488856687104, ""rs_vs_nifty"": 0.7332488856687104}, {""sector"": ""NIFTY_BANK"", ""ltp"": 57579.25, ""return_pct"": 0.5931192921003324, ""rs_vs_nifty"": 0.5931192921003324}, {""sector"": ""NIFTY_AUTO"", ""ltp"": 29341.35, ""return_pct"": 0.5343425137226047, ""rs_vs_nifty"": 0.5343425137226047}, {""sector"": ""NIFTY_INFRA"", ""ltp"": 9351.65, ""return_pct"": 0.49540328083778357, ""rs_vs_nifty"": 0.49540328083778357}, {""sector"": ""NIFTY_FMCG"", ""ltp"": 47706.1, ""return_pct"": 0.4891108588087288, ""rs_vs_nifty"": 0.4891108588087288}, {""sector"": ""NIFTY_PSU_BANK"", ""ltp"": 8653.9, ""return_pct"": 0.42064832059784285, ""rs_vs_nifty"": 0.42064832059784285}, {""sector"": ""NIFTY_METAL"", ""ltp"": 13076.05, ""return_pct"": 0.4054287524235446, ""rs_vs_nifty"": 0.4054287524235446}, {""sector"": ""NIFTY_PHARMA"", ""ltp"": 26418.7, ""return_pct"": 0.39865013795043464, ""rs_vs_nifty"": 0.39865013795043464}, {""sector"": ""NIFTY_HEALTHCARE"", ""ltp"": 16464.6, ""return_pct"": 0.3156073308637117, ""rs_vs_nifty"": 0.3156073308637117}, {""sector"": ""NIFTY_ENERGY"", ""ltp"": 38193.2, ""return_pct"": 0.1803304703412115, ""rs_vs_nifty"": 0.1803304703412115}]"
2026-08-20 12:44:15,NORMAL,24217.35,,0,24207.392418678344,,,True,True,"[[""NIFTY_MEDIA"", 2.2486064308884086, 2.2486064308884086], [""NIFTY_REALTY"", 1.5077902496230524, 1.5077902496230524], [""NIFTY_FIN_SERVICE"", 0.8351593434052205, 0.8351593434052205]]",[],"[{""sector"": ""NIFTY_MEDIA"", ""ltp"": 1623.35, ""return_pct"": 2.2486064308884086, ""rs_vs_nifty"": 2.2486064308884086}, {""sector"": ""NIFTY_REALTY"", ""ltp"": 908.85, ""return_pct"": 1.5077902496230524, ""rs_vs_nifty"": 1.5077902496230524}, {""sector"": ""NIFTY_FIN_SERVICE"", ""ltp"": 26230.25, ""return_pct"": 0.8351593434052205, ""rs_vs_nifty"": 0.8351593434052205}, {""sector"": ""NIFTY_IT"", ""ltp"": 30667.65, ""return_pct"": 0.7708724560962578, ""rs_vs_nifty"": 0.7708724560962578}, {""sector"": ""NIFTY_BANK"", ""ltp"": 57580.25, ""return_pct"": 0.5948663297795675, ""rs_vs_nifty"": 0.5948663297795675}, {""sector"": ""NIFTY_AUTO"", ""ltp"": 29337.65, ""return_pct"": 0.5216649420600711, ""rs_vs_nifty"": 0.5216649420600711}, {""sector"": ""NIFTY_INFRA"", ""ltp"": 9351.35, ""return_pct"": 0.49217939831607044, ""rs_vs_nifty"": 0.49217939831607044}, {""sector"": ""NIFTY_FMCG"", ""ltp"": 47699.6, ""return_pct"": 0.4754191250350131, ""rs_vs_nifty"": 0.4754191250350131}, {""sector"": ""NIFTY_PSU_BANK"", ""ltp"": 8653.2, ""return_pct"": 0.4125254564759661, ""rs_vs_nifty"": 0.4125254564759661}, {""sector"": ""NIFTY_PHARMA"", ""ltp"": 26419.35, ""return_pct"": 0.40112032469654435, ""rs_vs_nifty"": 0.40112032469654435}, {""sector"": ""NIFTY_METAL"", ""ltp"": 13075.05, ""return_pct"": 0.397750177567038, ""rs_vs_nifty"": 0.397750177567038}, {""sector"": ""NIFTY_HEALTHCARE"", ""ltp"": 16465.9, ""return_pct"": 0.323527978163398, ""rs_vs_nifty"": 0.323527978163398}, {""sector"": ""NIFTY_ENERGY"", ""ltp"": 38193.3, ""return_pct"": 0.18059276920717762, ""rs_vs_nifty"": 0.18059276920717762}]"
2026-08-20 12:44:33,NORMAL,24217.0,,0,24207.405963042147,,,True,True,"[[""NIFTY_MEDIA"", 2.3021446792429034, 2.3021446792429034], [""NIFTY_REALTY"", 1.5245434746188615, 1.5245434746188615], [""NIFTY_FIN_SERVICE"", 0.8222811671087589, 0.8222811671087589]]",[],"[{""sector"": ""NIFTY_MEDIA"", ""ltp"": 1624.2, ""return_pct"": 2.3021446792429034, ""rs_vs_nifty"": 2.3021446792429034}, {""sector"": ""NIFTY_REALTY"", ""ltp"": 909.0, ""return_pct"": 1.5245434746188615, ""rs_vs_nifty"": 1.5245434746188615}, {""sector"": ""NIFTY_FIN_SERVICE"", ""ltp"": 26226.9, ""return_pct"": 0.8222811671087589, ""rs_vs_nifty"": 0.8222811671087589}, {""sector"": ""NIFTY_IT"", ""ltp"": 30656.2, ""return_pct"": 0.7332488856687104, ""rs_vs_nifty"": 0.7332488856687104}, {""sector"": ""NIFTY_BANK"", ""ltp"": 57577.6, ""return_pct"": 0.5902366799295918, ""rs_vs_nifty"": 0.5902366799295918}, {""sector"": ""NIFTY_AUTO"", ""ltp"": 29337.25, ""return_pct"": 0.5202943937722235, ""rs_vs_nifty"": 0.5202943937722235}, {""sector"": ""NIFTY_INFRA"", ""ltp"": 9351.3, ""return_pct"": 0.4916420845624386, ""rs_vs_nifty"": 0.4916420845624386}, {""sector"": ""NIFTY_FMCG"", ""ltp"": 47699.7, ""return_pct"": 0.47562976709306715, ""rs_vs_nifty"": 0.47562976709306715}, {""sector"": ""NIFTY_PSU_BANK"", ""ltp"": 8653.25, ""return_pct"": 0.4131056610560926, ""rs_vs_nifty"": 0.4131056610560926}, {""sector"": ""NIFTY_PHARMA"", ""ltp"": 26420.5, ""return_pct"": 0.4054906550935279, ""rs_vs_nifty"": 0.4054906550935279}, {""sector"": ""NIFTY_METAL"", ""ltp"": 13072.65, ""return_pct"": 0.37932159791142483, ""rs_vs_nifty"": 0.37932159791142483}, {""sector"": ""NIFTY_HEALTHCARE"", ""ltp"": 16465.35, ""return_pct"": 0.32017693507505895, ""rs_vs_nifty"": 0.32017693507505895}, {""sector"": ""NIFTY_ENERGY"", ""ltp"": 38189.0, ""return_pct"": 0.16931391797128328, ""rs_vs_nifty"": 0.16931391797128328}]"
2026-08-20 12:46:14,NORMAL,24220.2,,0,24207.47776658991,,,True,True,"[[""NIFTY_MEDIA"", 2.371429471231056, 2.371429471231056], [""NIFTY_REALTY"", 1.5412966996146706, 1.5412966996146706], [""NIFTY_FIN_SERVICE"", 0.8326605927805273, 0.8326605927805273]]",[],"[{""sector"": ""NIFTY_MEDIA"", ""ltp"": 1625.3, ""return_pct"": 2.371429471231056, ""rs_vs_nifty"": 2.371429471231056}, {""sector"": ""NIFTY_REALTY"", ""ltp"": 909.15, ""return_pct"": 1.5412966996146706, ""rs_vs_nifty"": 1.5412966996146706}, {""sector"": ""NIFTY_FIN_SERVICE"", ""ltp"": 26229.6, ""return_pct"": 0.8326605927805273, ""rs_vs_nifty"": 0.8326605927805273}, {""sector"": ""NIFTY_IT"", ""ltp"": 30662.3, ""return_pct"": 0.7532928838877471, ""rs_vs_nifty"": 0.7532928838877471}, {""sector"": ""NIFTY_BANK"", ""ltp"": 57582.4, ""return_pct"": 0.5986224607899256, ""rs_vs_nifty"": 0.5986224607899256}, {""sector"": ""NIFTY_AUTO"", ""ltp"": 29347.7, ""return_pct"": 0.5560999677921127, ""rs_vs_nifty"": 0.5560999677921127}, {""sector"": ""NIFTY_FMCG"", ""ltp"": 47725.4, ""return_pct"": 0.5297647760137676, ""rs_vs_nifty"": 0.5297647760137676}, {""sector"": ""NIFTY_INFRA"", ""ltp"": 9351.6, ""return_pct"": 0.49486596708417124, ""rs_vs_nifty"": 0.49486596708417124}, {""sector"": ""NIFTY_PHARMA"", ""ltp"": 26430.95, ""return_pct"": 0.4452036573965047, ""rs_vs_nifty"": 0.4452036573965047}, {""sector"": ""NIFTY_METAL"", ""ltp"": 13078.05, ""return_pct"": 0.4207859021365579, ""rs_vs_nifty"": 0.4207859021365579}, {""sector"": ""NIFTY_PSU_BANK"", ""ltp"": 8653.0, ""return_pct"": 0.41020463815541786, ""rs_vs_nifty"": 0.41020463815541786}, {""sector"": ""NIFTY_HEALTHCARE"", ""ltp"": 16470.95, ""return_pct"": 0.3542966465197983, ""rs_vs_nifty"": 0.3542966465197983}, {""sector"": ""NIFTY_ENERGY"", ""ltp"": 38186.25, ""return_pct"": 0.16210069915763484, ""rs_vs_nifty"": 0.16210069915763484}]"
2026-08-20 12:46:32,NORMAL,24221.7,,0,24207.49063232902,,,True,True,"[[""NIFTY_MEDIA"", 2.3745787799577878, 2.3745787799577878], [""NIFTY_REALTY"", 1.5692187412743568, 1.5692187412743568], [""NIFTY_FIN_SERVICE"", 0.832276169607504, 0.832276169607504]]",[],"[{""sector"": ""NIFTY_MEDIA"", ""ltp"": 1625.35, ""return_pct"": 2.3745787799577878, ""rs_vs_nifty"": 2.3745787799577878}, {""sector"": ""NIFTY_REALTY"", ""ltp"": 909.4, ""return_pct"": 1.5692187412743568, ""rs_vs_nifty"": 1.5692187412743568}, {""sector"": ""NIFTY_FIN_SERVICE"", ""ltp"": 26229.5, ""return_pct"": 0.832276169607504, ""rs_vs_nifty"": 0.832276169607504}, {""sector"": ""NIFTY_IT"", ""ltp"": 30661.65, ""return_pct"": 0.7511570480119547, ""rs_vs_nifty"": 0.7511570480119547}, {""sector"": ""NIFTY_BANK"", ""ltp"": 57585.05, ""return_pct"": 0.6032521106399013, ""rs_vs_nifty"": 0.6032521106399013}, {""sector"": ""NIFTY_AUTO"", ""ltp"": 29342.85, ""return_pct"": 0.5394820698020143, ""rs_vs_nifty"": 0.5394820698020143}, {""sector"": ""NIFTY_FMCG"", ""ltp"": 47722.05, ""return_pct"": 0.5227082670688556, ""rs_vs_nifty"": 0.5227082670688556}, {""sector"": ""NIFTY_INFRA"", ""ltp"": 9351.1, ""return_pct"": 0.4894928295479697, ""rs_vs_nifty"": 0.4894928295479697}, {""sector"": ""NIFTY_PHARMA"", ""ltp"": 26431.0, ""return_pct"": 0.44539367176158795, ""rs_vs_nifty"": 0.44539367176158795}, {""sector"": ""NIFTY_METAL"", ""ltp"": 13078.0, ""return_pct"": 0.42040197339373814, ""rs_vs_nifty"": 0.42040197339373814}, {""sector"": ""NIFTY_PSU_BANK"", ""ltp"": 8653.35, ""return_pct"": 0.4142660702163668, ""rs_vs_nifty"": 0.4142660702163668}, {""sector"": ""NIFTY_HEALTHCARE"", ""ltp"": 16470.15, ""return_pct"": 0.34942240202769903, ""rs_vs_nifty"": 0.34942240202769903}, {""sector"": ""NIFTY_ENERGY"", ""ltp"": 38186.3, ""return_pct"": 0.1622318485906179, ""rs_vs_nifty"": 0.1622318485906179}]"
2026-08-20 12:48:15,NORMAL,24240.7,,0,24207.92277428031,,,True,True,"[[""NIFTY_MEDIA"", 2.4564608068528955, 2.4564608068528955], [""NIFTY_REALTY"", 1.5357122912827386, 1.5357122912827386], [""NIFTY_FIN_SERVICE"", 0.9226156152692884, 0.9226156152692884]]",[],"[{""sector"": ""NIFTY_MEDIA"", ""ltp"": 1626.65, ""return_pct"": 2.4564608068528955, ""rs_vs_nifty"": 2.4564608068528955}, {""sector"": ""NIFTY_REALTY"", ""ltp"": 909.1, ""return_pct"": 1.5357122912827386, ""rs_vs_nifty"": 1.5357122912827386}, {""sector"": ""NIFTY_FIN_SERVICE"", ""ltp"": 26253.0, ""return_pct"": 0.9226156152692884, ""rs_vs_nifty"": 0.9226156152692884}, {""sector"": ""NIFTY_IT"", ""ltp"": 30688.45, ""return_pct"": 0.8392192041218395, ""rs_vs_nifty"": 0.8392192041218395}, {""sector"": ""NIFTY_BANK"", ""ltp"": 57623.6, ""return_pct"": 0.6706004131744085, ""rs_vs_nifty"": 0.6706004131744085}, {""sector"": ""NIFTY_AUTO"", ""ltp"": 29364.95, ""return_pct"": 0.6152048627053227, ""rs_vs_nifty"": 0.6152048627053227}, {""sector"": ""NIFTY_FMCG"", ""ltp"": 47749.95, ""return_pct"": 0.5814774012667921, ""rs_vs_nifty"": 0.5814774012667921}, {""sector"": ""NIFTY_INFRA"", ""ltp"": 9356.55, ""return_pct"": 0.5480600286925544, ""rs_vs_nifty"": 0.5480600286925544}, {""sector"": ""NIFTY_PSU_BANK"", ""ltp"": 8660.15, ""return_pct"": 0.49317389311471227, ""rs_vs_nifty"": 0.49317389311471227}, {""sector"": ""NIFTY_PHARMA"", ""ltp"": 26439.9, ""return_pct"": 0.47921622874690156, ""rs_vs_nifty"": 0.47921622874690156}, {""sector"": ""NIFTY_METAL"", ""ltp"": 13083.35, ""return_pct"": 0.46148234887605144, ""rs_vs_nifty"": 0.46148234887605144}, {""sector"": ""NIFTY_HEALTHCARE"", ""ltp"": 16477.1, ""return_pct"": 0.3917674010528324, ""rs_vs_nifty"": 0.3917674010528324}, {""sector"": ""NIFTY_ENERGY"", ""ltp"": 38196.9, ""return_pct"": 0.1900355283814045, ""rs_vs_nifty"": 0.1900355283814045}]"
2026-08-20 12:48:33,NORMAL,24238.65,,0,24207.9420785414,,,True,True,"[[""NIFTY_MEDIA"", 2.4470128806726863, 2.4470128806726863], [""NIFTY_REALTY"", 1.5412966996146706, 1.5412966996146706], [""NIFTY_FIN_SERVICE"", 0.9195402298850602, 0.9195402298850602]]",[],"[{""sector"": ""NIFTY_MEDIA"", ""ltp"": 1626.5, ""return_pct"": 2.4470128806726863, ""rs_vs_nifty"": 2.4470128806726863}, {""sector"": ""NIFTY_REALTY"", ""ltp"": 909.15, ""return_pct"": 1.5412966996146706, ""rs_vs_nifty"": 1.5412966996146706}, {""sector"": ""NIFTY_FIN_SERVICE"", ""ltp"": 26252.2, ""return_pct"": 0.9195402298850602, ""rs_vs_nifty"": 0.9195402298850602}, {""sector"": ""NIFTY_IT"", ""ltp"": 30677.6, ""return_pct"": 0.8035671745027175, ""rs_vs_nifty"": 0.8035671745027175}, {""sector"": ""NIFTY_BANK"", ""ltp"": 57613.6, ""return_pct"": 0.6531300363820571, ""rs_vs_nifty"": 0.6531300363820571}, {""sector"": ""NIFTY_AUTO"", ""ltp"": 29359.8, ""return_pct"": 0.5975590534993449, ""rs_vs_nifty"": 0.5975590534993449}, {""sector"": ""NIFTY_FMCG"", ""ltp"": 47756.25, ""return_pct"": 0.5947478509243996, ""rs_vs_nifty"": 0.5947478509243996}, {""sector"": ""NIFTY_INFRA"", ""ltp"": 9357.15, ""return_pct"": 0.5545077937360002, ""rs_vs_nifty"": 0.5545077937360002}, {""sector"": ""NIFTY_PSU_BANK"", ""ltp"": 8660.5, ""return_pct"": 0.49723532517566116, ""rs_vs_nifty"": 0.49723532517566116}, {""sector"": ""NIFTY_PHARMA"", ""ltp"": 26440.5, ""return_pct"": 0.481496401127928, ""rs_vs_nifty"": 0.481496401127928}, {""sector"": ""NIFTY_METAL"", ""ltp"": 13080.75, ""return_pct"": 0.4415180542491314, ""rs_vs_nifty"": 0.4415180542491314}, {""sector"": ""NIFTY_HEALTHCARE"", ""ltp"": 16476.85, ""return_pct"": 0.39024419964905, ""rs_vs_nifty"": 0.39024419964905}, {""sector"": ""NIFTY_ENERGY"", ""ltp"": 38196.2, ""return_pct"": 0.1881994363197371, ""rs_vs_nifty"": 0.1881994363197371}]"
2026-08-20 12:50:16,NORMAL,24241.05,,0,24208.185591022215,,,True,True,"[[""NIFTY_MEDIA"", 2.361981545050861, 2.361981545050861], [""NIFTY_REALTY"", 1.597140782934043, 1.597140782934043], [""NIFTY_FIN_SERVICE"", 0.9287663860377448, 0.9287663860377448]]",[],"[{""sector"": ""NIFTY_MEDIA"", ""ltp"": 1625.15, ""return_pct"": 2.361981545050861, ""rs_vs_nifty"": 2.361981545050861}, {""sector"": ""NIFTY_REALTY"", ""ltp"": 909.65, ""return_pct"": 1.597140782934043, ""rs_vs_nifty"": 1.597140782934043}, {""sector"": ""NIFTY_FIN_SERVICE"", ""ltp"": 26254.6, ""return_pct"": 0.9287663860377448, ""rs_vs_nifty"": 0.9287663860377448}, {""sector"": ""NIFTY_IT"", ""ltp"": 30674.6, ""return_pct"": 0.7937094704605661, ""rs_vs_nifty"": 0.7937094704605661}, {""sector"": ""NIFTY_BANK"", ""ltp"": 57634.3, ""return_pct"": 0.6892937163422322, ""rs_vs_nifty"": 0.6892937163422322}, {""sector"": ""NIFTY_AUTO"", ""ltp"": 29377.3, ""return_pct"": 0.6575205410924565, ""rs_vs_nifty"": 0.6575205410924565}, {""sector"": ""NIFTY_PSU_BANK"", ""ltp"": 8670.65, ""return_pct"": 0.615016854943053, ""rs_vs_nifty"": 0.615016854943053}, {""sector"": ""NIFTY_INFRA"", ""ltp"": 9359.1, ""return_pct"": 0.5754630301271939, ""rs_vs_nifty"": 0.5754630301271939}, {""sector"": ""NIFTY_FMCG"", ""ltp"": 47740.85, ""return_pct"": 0.5623089739835933, ""rs_vs_nifty"": 0.5623089739835933}, {""sector"": ""NIFTY_PHARMA"", ""ltp"": 26438.3, ""return_pct"": 0.47313576906414123, ""rs_vs_nifty"": 0.47313576906414123}, {""sector"": ""NIFTY_METAL"", ""ltp"": 13083.9, ""return_pct"": 0.46570556504712446, ""rs_vs_nifty"": 0.46570556504712446}, {""sector"": ""NIFTY_HEALTHCARE"", ""ltp"": 16476.7, ""return_pct"": 0.38933027880679383, ""rs_vs_nifty"": 0.38933027880679383}, {""sector"": ""NIFTY_ENERGY"", ""ltp"": 38209.75, ""return_pct"": 0.2237409326560853, ""rs_vs_nifty"": 0.2237409326560853}]"
2026-08-20 12:50:32,NORMAL,24242.8,,0,24208.310445826544,,,True,True,"[[""NIFTY_MEDIA"", 2.3966239410449375, 2.3966239410449375], [""NIFTY_REALTY"", 1.6027251912659877, 1.6027251912659877], [""NIFTY_FIN_SERVICE"", 0.9320339830084986, 0.9320339830084986]]",[],"[{""sector"": ""NIFTY_MEDIA"", ""ltp"": 1625.7, ""return_pct"": 2.3966239410449375, ""rs_vs_nifty"": 2.3966239410449375}, {""sector"": ""NIFTY_REALTY"", ""ltp"": 909.7, ""return_pct"": 1.6027251912659877, ""rs_vs_nifty"": 1.6027251912659877}, {""sector"": ""NIFTY_FIN_SERVICE"", ""ltp"": 26255.45, ""return_pct"": 0.9320339830084986, ""rs_vs_nifty"": 0.9320339830084986}, {""sector"": ""NIFTY_IT"", ""ltp"": 30677.35, ""return_pct"": 0.8027456991658716, ""rs_vs_nifty"": 0.8027456991658716}, {""sector"": ""NIFTY_BANK"", ""ltp"": 57641.85, ""return_pct"": 0.7024838508204501, ""rs_vs_nifty"": 0.7024838508204501}, {""sector"": ""NIFTY_AUTO"", ""ltp"": 29377.8, ""return_pct"": 0.6592337264522597, ""rs_vs_nifty"": 0.6592337264522597}, {""sector"": ""NIFTY_PSU_BANK"", ""ltp"": 8671.5, ""return_pct"": 0.6248803328053514, ""rs_vs_nifty"": 0.6248803328053514}, {""sector"": ""NIFTY_FMCG"", ""ltp"": 47749.15, ""return_pct"": 0.579792264802344, ""rs_vs_nifty"": 0.579792264802344}, {""sector"": ""NIFTY_INFRA"", ""ltp"": 9358.75, ""return_pct"": 0.571701833851849, ""rs_vs_nifty"": 0.571701833851849}, {""sector"": ""NIFTY_METAL"", ""ltp"": 13085.35, ""return_pct"": 0.47683949858906466, ""rs_vs_nifty"": 0.47683949858906466}, {""sector"": ""NIFTY_PHARMA"", ""ltp"": 26437.8, ""return_pct"": 0.4712356254132813, ""rs_vs_nifty"": 0.4712356254132813}, {""sector"": ""NIFTY_HEALTHCARE"", ""ltp"": 16477.0, ""return_pct"": 0.3911581204913283, ""rs_vs_nifty"": 0.3911581204913283}, {""sector"": ""NIFTY_ENERGY"", ""ltp"": 38216.55, ""return_pct"": 0.24157725554075096, ""rs_vs_nifty"": 0.24157725554075096}]"
2026-08-20 12:52:10,NORMAL,24261.25,,0,24209.203831914554,,,True,True,"[[""NIFTY_MEDIA"", 2.3556829275973836, 2.3556829275973836], [""NIFTY_REALTY"", 1.6641536829172923, 1.6641536829172923], [""NIFTY_FIN_SERVICE"", 0.9996924614615741, 0.9996924614615741]]",[],"[{""sector"": ""NIFTY_MEDIA"", ""ltp"": 1625.05, ""return_pct"": 2.3556829275973836, ""rs_vs_nifty"": 2.3556829275973836}, {""sector"": ""NIFTY_REALTY"", ""ltp"": 910.25, ""return_pct"": 1.6641536829172923, ""rs_vs_nifty"": 1.6641536829172923}, {""sector"": ""NIFTY_FIN_SERVICE"", ""ltp"": 26273.05, ""return_pct"": 0.9996924614615741, ""rs_vs_nifty"": 0.9996924614615741}, {""sector"": ""NIFTY_IT"", ""ltp"": 30712.7, ""return_pct"": 0.9189023117958977, ""rs_vs_nifty"": 0.9189023117958977}, {""sector"": ""NIFTY_BANK"", ""ltp"": 57673.8, ""return_pct"": 0.7583017046720206, ""rs_vs_nifty"": 0.7583017046720206}, {""sector"": ""NIFTY_FMCG"", ""ltp"": 47831.0, ""return_pct"": 0.7522027893221297, ""rs_vs_nifty"": 0.7522027893221297}, {""sector"": ""NIFTY_PSU_BANK"", ""ltp"": 8675.9, ""return_pct"": 0.6759383358572233, ""rs_vs_nifty"": 0.6759383358572233}, {""sector"": ""NIFTY_AUTO"", ""ltp"": 29375.1, ""return_pct"": 0.64998252550932, ""rs_vs_nifty"": 0.64998252550932}, {""sector"": ""NIFTY_INFRA"", ""ltp"": 9362.4, ""return_pct"": 0.6109257378661161, ""rs_vs_nifty"": 0.6109257378661161}, {""sector"": ""NIFTY_METAL"", ""ltp"": 13087.5, ""return_pct"": 0.4933484345305511, ""rs_vs_nifty"": 0.4933484345305511}, {""sector"": ""NIFTY_PHARMA"", ""ltp"": 26439.35, ""return_pct"": 0.4771260707309445, ""rs_vs_nifty"": 0.4771260707309445}, {""sector"": ""NIFTY_HEALTHCARE"", ""ltp"": 16479.6, ""return_pct"": 0.4069994150906565, ""rs_vs_nifty"": 0.4069994150906565}, {""sector"": ""NIFTY_ENERGY"", ""ltp"": 38218.95, ""return_pct"": 0.24787242832355616, ""rs_vs_nifty"": 0.24787242832355616}]"
2026-08-20 12:52:27,NORMAL,24260.65,,0,24209.293611843972,,,True,True,"[[""NIFTY_MEDIA"", 2.380877397411265, 2.380877397411265], [""NIFTY_REALTY"", 1.6697380912492246, 1.6697380912492246], [""NIFTY_FIN_SERVICE"", 0.998731403529002, 0.998731403529002]]",[],"[{""sector"": ""NIFTY_MEDIA"", ""ltp"": 1625.45, ""return_pct"": 2.380877397411265, ""rs_vs_nifty"": 2.380877397411265}, {""sector"": ""NIFTY_REALTY"", ""ltp"": 910.3, ""return_pct"": 1.6697380912492246, ""rs_vs_nifty"": 1.6697380912492246}, {""sector"": ""NIFTY_FIN_SERVICE"", ""ltp"": 26272.8, ""return_pct"": 0.998731403529002, ""rs_vs_nifty"": 0.998731403529002}, {""sector"": ""NIFTY_IT"", ""ltp"": 30706.6, ""return_pct"": 0.8988583135768492, ""rs_vs_nifty"": 0.8988583135768492}, {""sector"": ""NIFTY_FMCG"", ""ltp"": 47840.05, ""return_pct"": 0.7712658955763092, ""rs_vs_nifty"": 0.7712658955763092}, {""sector"": ""NIFTY_BANK"", ""ltp"": 57671.3, ""return_pct"": 0.7539341104739328, ""rs_vs_nifty"": 0.7539341104739328}, {""sector"": ""NIFTY_PSU_BANK"", ""ltp"": 8676.05, ""return_pct"": 0.677678949597624, ""rs_vs_nifty"": 0.677678949597624}, {""sector"": ""NIFTY_AUTO"", ""ltp"": 29377.85, ""return_pct"": 0.6594050449882375, ""rs_vs_nifty"": 0.6594050449882375}, {""sector"": ""NIFTY_INFRA"", ""ltp"": 9362.9, ""return_pct"": 0.6162988754023176, ""rs_vs_nifty"": 0.6162988754023176}, {""sector"": ""NIFTY_PHARMA"", ""ltp"": 26443.1, ""return_pct"": 0.4913771481123945, ""rs_vs_nifty"": 0.4913771481123945}, {""sector"": ""NIFTY_METAL"", ""ltp"": 13086.6, ""return_pct"": 0.4864377171596979, ""rs_vs_nifty"": 0.4864377171596979}, {""sector"": ""NIFTY_HEALTHCARE"", ""ltp"": 16479.0, ""return_pct"": 0.4033437317215876, ""rs_vs_nifty"": 0.4033437317215876}, {""sector"": ""NIFTY_ENERGY"", ""ltp"": 38220.45, ""return_pct"": 0.25180691131281896, ""rs_vs_nifty"": 0.25180691131281896}]"
2026-08-20 12:54:04,NORMAL,24246.1,,0,24209.63164148299,,,True,True,"[[""NIFTY_MEDIA"", 2.289547444335962, 2.289547444335962], [""NIFTY_REALTY"", 1.6362316412576061, 1.6362316412576061], [""NIFTY_FIN_SERVICE"", 0.9360704263252988, 0.9360704263252988]]",[],"[{""sector"": ""NIFTY_MEDIA"", ""ltp"": 1624.0, ""return_pct"": 2.289547444335962, ""rs_vs_nifty"": 2.289547444335962}, {""sector"": ""NIFTY_REALTY"", ""ltp"": 910.0, ""return_pct"": 1.6362316412576061, ""rs_vs_nifty"": 1.6362316412576061}, {""sector"": ""NIFTY_FIN_SERVICE"", ""ltp"": 26256.5, ""return_pct"": 0.9360704263252988, ""rs_vs_nifty"": 0.9360704263252988}, {""sector"": ""NIFTY_IT"", ""ltp"": 30700.05, ""return_pct"": 0.8773356597514872, ""rs_vs_nifty"": 0.8773356597514872}, {""sector"": ""NIFTY_BANK"", ""ltp"": 57643.3, ""return_pct"": 0.7050170554553487, ""rs_vs_nifty"": 0.7050170554553487}, {""sector"": ""NIFTY_FMCG"", ""ltp"": 47792.3, ""return_pct"": 0.6706843128540134, ""rs_vs_nifty"": 0.6706843128540134}, {""sector"": ""NIFTY_PSU_BANK"", ""ltp"": 8673.5, ""return_pct"": 0.6480885160107497, ""rs_vs_nifty"": 0.6480885160107497}, {""sector"": ""NIFTY_INFRA"", ""ltp"": 9359.7, ""return_pct"": 0.5819107951706396, ""rs_vs_nifty"": 0.5819107951706396}, {""sector"": ""NIFTY_AUTO"", ""ltp"": 29354.05, ""return_pct"": 0.5778574218616083, ""rs_vs_nifty"": 0.5778574218616083}, {""sector"": ""NIFTY_PHARMA"", ""ltp"": 26433.45, ""return_pct"": 0.4547043756508048, ""rs_vs_nifty"": 0.4547043756508048}, {""sector"": ""NIFTY_METAL"", ""ltp"": 13072.2, ""return_pct"": 0.37586623922600526, ""rs_vs_nifty"": 0.37586623922600526}, {""sector"": ""NIFTY_HEALTHCARE"", ""ltp"": 16472.8, ""return_pct"": 0.3655683369077793, ""rs_vs_nifty"": 0.3655683369077793}, {""sector"": ""NIFTY_ENERGY"", ""ltp"": 38212.15, ""return_pct"": 0.2300361054389096, ""rs_vs_nifty"": 0.2300361054389096}]"
2026-08-20 12:54:22,NORMAL,24242.3,,0,24209.656027688347,,,True,True,"[[""NIFTY_MEDIA"", 2.2706515919755583, 2.2706515919755583], [""NIFTY_REALTY"", 1.625062824593729, 1.625062824593729], [""NIFTY_FIN_SERVICE"", 0.9208857109906556, 0.9208857109906556]]",[],"[{""sector"": ""NIFTY_MEDIA"", ""ltp"": 1623.7, ""return_pct"": 2.2706515919755583, ""rs_vs_nifty"": 2.2706515919755583}, {""sector"": ""NIFTY_REALTY"", ""ltp"": 909.9, ""return_pct"": 1.625062824593729, ""rs_vs_nifty"": 1.625062824593729}, {""sector"": ""NIFTY_FIN_SERVICE"", ""ltp"": 26252.55, ""return_pct"": 0.9208857109906556, ""rs_vs_nifty"": 0.9208857109906556}, {""sector"": ""NIFTY_IT"", ""ltp"": 30707.55, ""return_pct"": 0.9019799198568662, ""rs_vs_nifty"": 0.9019799198568662}, {""sector"": ""NIFTY_BANK"", ""ltp"": 57637.95, ""return_pct"": 0.6956704038714304, ""rs_vs_nifty"": 0.6956704038714304}, {""sector"": ""NIFTY_FMCG"", ""ltp"": 47784.75, ""return_pct"": 0.6547808374706914, ""rs_vs_nifty"": 0.6547808374706914}, {""sector"": ""NIFTY_PSU_BANK"", ""ltp"": 8671.65, ""return_pct"": 0.6266209465457521, ""rs_vs_nifty"": 0.6266209465457521}, {""sector"": ""NIFTY_AUTO"", ""ltp"": 29351.85, ""return_pct"": 0.5703194062784717, ""rs_vs_nifty"": 0.5703194062784717}, {""sector"": ""NIFTY_INFRA"", ""ltp"": 9358.35, ""return_pct"": 0.5674033238228917, ""rs_vs_nifty"": 0.5674033238228917}, {""sector"": ""NIFTY_PHARMA"", ""ltp"": 26429.1, ""return_pct"": 0.43817312588831436, ""rs_vs_nifty"": 0.43817312588831436}, {""sector"": ""NIFTY_METAL"", ""ltp"": 13072.75, ""return_pct"": 0.3800894553970783, ""rs_vs_nifty"": 0.3800894553970783}, {""sector"": ""NIFTY_HEALTHCARE"", ""ltp"": 16471.4, ""return_pct"": 0.3570384090466111, ""rs_vs_nifty"": 0.3570384090466111}, {""sector"": ""NIFTY_ENERGY"", ""ltp"": 38210.4, ""return_pct"": 0.2254458752847697, ""rs_vs_nifty"": 0.2254458752847697}]"
2026-08-20 12:56:01,NORMAL,24241.2,,0,24209.918477927935,,,True,True,"[[""NIFTY_MEDIA"", 2.261203665795349, 2.261203665795349], [""NIFTY_REALTY"", 1.6529848662534152, 1.6529848662534152], [""NIFTY_FIN_SERVICE"", 0.9081997462807058, 0.9081997462807058]]",[],"[{""sector"": ""NIFTY_MEDIA"", ""ltp"": 1623.55, ""return_pct"": 2.261203665795349, ""rs_vs_nifty"": 2.261203665795349}, {""sector"": ""NIFTY_REALTY"", ""ltp"": 910.15, ""return_pct"": 1.6529848662534152, ""rs_vs_nifty"": 1.6529848662534152}, {""sector"": ""NIFTY_FIN_SERVICE"", ""ltp"": 26249.25, ""return_pct"": 0.9081997462807058, ""rs_vs_nifty"": 0.9081997462807058}, {""sector"": ""NIFTY_IT"", ""ltp"": 30698.95, ""return_pct"": 0.8737211682693699, ""rs_vs_nifty"": 0.8737211682693699}, {""sector"": ""NIFTY_BANK"", ""ltp"": 57638.4, ""return_pct"": 0.6964565708270938, ""rs_vs_nifty"": 0.6964565708270938}, {""sector"": ""NIFTY_FMCG"", ""ltp"": 47781.45, ""return_pct"": 0.6478296495547988, ""rs_vs_nifty"": 0.6478296495547988}, {""sector"": ""NIFTY_PSU_BANK"", ""ltp"": 8669.2, ""return_pct"": 0.5981909221191519, ""rs_vs_nifty"": 0.5981909221191519}, {""sector"": ""NIFTY_INFRA"", ""ltp"": 9356.15, ""return_pct"": 0.5437615186635972, ""rs_vs_nifty"": 0.5437615186635972}, {""sector"": ""NIFTY_AUTO"", ""ltp"": 29333.6, ""return_pct"": 0.5077881406456553, ""rs_vs_nifty"": 0.5077881406456553}, {""sector"": ""NIFTY_PHARMA"", ""ltp"": 26428.85, ""return_pct"": 0.4372230540628844, ""rs_vs_nifty"": 0.4372230540628844}, {""sector"": ""NIFTY_METAL"", ""ltp"": 13077.35, ""return_pct"": 0.4154108997370116, ""rs_vs_nifty"": 0.4154108997370116}, {""sector"": ""NIFTY_HEALTHCARE"", ""ltp"": 16469.05, ""return_pct"": 0.3427203158510431, ""rs_vs_nifty"": 0.3427203158510431}, {""sector"": ""NIFTY_ENERGY"", ""ltp"": 38209.7, ""return_pct"": 0.22360978322310227, ""rs_vs_nifty"": 0.22360978322310227}]"
2026-08-20 12:56:22,NORMAL,24242.15,,0,24209.96099450446,,,True,True,"[[""NIFTY_MEDIA"", 2.264352974522081, 2.264352974522081], [""NIFTY_REALTY"", 1.6809069079131014, 1.6809069079131014], [""NIFTY_FIN_SERVICE"", 0.9237688847883723, 0.9237688847883723]]",[],"[{""sector"": ""NIFTY_MEDIA"", ""ltp"": 1623.6, ""return_pct"": 2.264352974522081, ""rs_vs_nifty"": 2.264352974522081}, {""sector"": ""NIFTY_REALTY"", ""ltp"": 910.4, ""return_pct"": 1.6809069079131014, ""rs_vs_nifty"": 1.6809069079131014}, {""sector"": ""NIFTY_FIN_SERVICE"", ""ltp"": 26253.3, ""return_pct"": 0.9237688847883723, ""rs_vs_nifty"": 0.9237688847883723}, {""sector"": ""NIFTY_IT"", ""ltp"": 30694.5, ""return_pct"": 0.8590989072735095, ""rs_vs_nifty"": 0.8590989072735095}, {""sector"": ""NIFTY_BANK"", ""ltp"": 57648.05, ""return_pct"": 0.7133154844317156, ""rs_vs_nifty"": 0.7133154844317156}, {""sector"": ""NIFTY_FMCG"", ""ltp"": 47779.75, ""return_pct"": 0.6442487345678332, ""rs_vs_nifty"": 0.6442487345678332}, {""sector"": ""NIFTY_PSU_BANK"", ""ltp"": 8669.85, ""return_pct"": 0.6057335816609022, ""rs_vs_nifty"": 0.6057335816609022}, {""sector"": ""NIFTY_INFRA"", ""ltp"": 9356.3, ""return_pct"": 0.5453734599244537, ""rs_vs_nifty"": 0.5453734599244537}, {""sector"": ""NIFTY_AUTO"", ""ltp"": 29331.25, ""return_pct"": 0.49973616945458527, ""rs_vs_nifty"": 0.49973616945458527}, {""sector"": ""NIFTY_PHARMA"", ""ltp"": 26428.75, ""return_pct"": 0.4368430253327179, ""rs_vs_nifty"": 0.4368430253327179}, {""sector"": ""NIFTY_METAL"", ""ltp"": 13075.1, ""return_pct"": 0.39813410630987167, ""rs_vs_nifty"": 0.39813410630987167}, {""sector"": ""NIFTY_HEALTHCARE"", ""ltp"": 16469.35, ""return_pct"": 0.3445481575355776, ""rs_vs_nifty"": 0.3445481575355776}, {""sector"": ""NIFTY_ENERGY"", ""ltp"": 38210.35, ""return_pct"": 0.2253147258517866, ""rs_vs_nifty"": 0.2253147258517866}]"
2026-08-20 12:58:01,NORMAL,24241.9,,0,24210.182931349125,,,True,True,"[[""NIFTY_MEDIA"", 2.2863981356092307, 2.2863981356092307], [""NIFTY_REALTY"", 1.6809069079131014, 1.6809069079131014], [""NIFTY_IT"", 0.9216953279411692, 0.9216953279411692]]",[],"[{""sector"": ""NIFTY_MEDIA"", ""ltp"": 1623.95, ""return_pct"": 2.2863981356092307, ""rs_vs_nifty"": 2.2863981356092307}, {""sector"": ""NIFTY_REALTY"", ""ltp"": 910.4, ""return_pct"": 1.6809069079131014, ""rs_vs_nifty"": 1.6809069079131014}, {""sector"": ""NIFTY_IT"", ""ltp"": 30713.55, ""return_pct"": 0.9216953279411692, ""rs_vs_nifty"": 0.9216953279411692}, {""sector"": ""NIFTY_FIN_SERVICE"", ""ltp"": 26246.25, ""return_pct"": 0.8966670510898398, ""rs_vs_nifty"": 0.8966670510898398}, {""sector"": ""NIFTY_BANK"", ""ltp"": 57655.45, ""return_pct"": 0.7262435632580454, ""rs_vs_nifty"": 0.7262435632580454}, {""sector"": ""NIFTY_FMCG"", ""ltp"": 47797.9, ""return_pct"": 0.6824802681052115, ""rs_vs_nifty"": 0.6824802681052115}, {""sector"": ""NIFTY_PSU_BANK"", ""ltp"": 8672.05, ""return_pct"": 0.6312625831868275, ""rs_vs_nifty"": 0.6312625831868275}, {""sector"": ""NIFTY_INFRA"", ""ltp"": 9358.05, ""return_pct"": 0.564179441301159, ""rs_vs_nifty"": 0.564179441301159}, {""sector"": ""NIFTY_AUTO"", ""ltp"": 29316.4, ""return_pct"": 0.44885456426843556, ""rs_vs_nifty"": 0.44885456426843556}, {""sector"": ""NIFTY_METAL"", ""ltp"": 13073.9, ""return_pct"": 0.38891981648205814, ""rs_vs_nifty"": 0.38891981648205814}, {""sector"": ""NIFTY_PHARMA"", ""ltp"": 26413.4, ""return_pct"": 0.3785086152513213, ""rs_vs_nifty"": 0.3785086152513213}, {""sector"": ""NIFTY_HEALTHCARE"", ""ltp"": 16460.6, ""return_pct"": 0.2912361084031931, ""rs_vs_nifty"": 0.2912361084031931}, {""sector"": ""NIFTY_ENERGY"", ""ltp"": 38210.9, ""return_pct"": 0.22675736961452392, ""rs_vs_nifty"": 0.22675736961452392}]"
2026-08-20 12:58:17,NORMAL,24245.55,,0,24210.22477849117,,,True,True,"[[""NIFTY_MEDIA"", 2.2800995181557533, 2.2800995181557533], [""NIFTY_REALTY"", 1.6697380912492246, 1.6697380912492246], [""NIFTY_IT"", 0.9141377548421888, 0.9141377548421888]]",[],"[{""sector"": ""NIFTY_MEDIA"", ""ltp"": 1623.85, ""return_pct"": 2.2800995181557533, ""rs_vs_nifty"": 2.2800995181557533}, {""sector"": ""NIFTY_REALTY"", ""ltp"": 910.3, ""return_pct"": 1.6697380912492246, ""rs_vs_nifty"": 1.6697380912492246}, {""sector"": ""NIFTY_IT"", ""ltp"": 30711.25, ""return_pct"": 0.9141377548421888, ""rs_vs_nifty"": 0.9141377548421888}, {""sector"": ""NIFTY_FIN_SERVICE"", ""ltp"": 26250.65, ""return_pct"": 0.9135816707031156, ""rs_vs_nifty"": 0.9135816707031156}, {""sector"": ""NIFTY_BANK"", ""ltp"": 57661.85, ""return_pct"": 0.737424604405153, ""rs_vs_nifty"": 0.737424604405153}, {""sector"": ""NIFTY_FMCG"", ""ltp"": 47795.75, ""return_pct"": 0.6779514638569794, ""rs_vs_nifty"": 0.6779514638569794}, {""sector"": ""NIFTY_PSU_BANK"", ""ltp"": 8672.75, ""return_pct"": 0.6393854473087254, ""rs_vs_nifty"": 0.6393854473087254}, {""sector"": ""NIFTY_INFRA"", ""ltp"": 9357.65, ""return_pct"": 0.5598809312722017, ""rs_vs_nifty"": 0.5598809312722017}, {""sector"": ""NIFTY_AUTO"", ""ltp"": 29317.45, ""return_pct"": 0.4524522535240198, ""rs_vs_nifty"": 0.4524522535240198}, {""sector"": ""NIFTY_PHARMA"", ""ltp"": 26417.45, ""return_pct"": 0.3938997788232846, ""rs_vs_nifty"": 0.3938997788232846}, {""sector"": ""NIFTY_METAL"", ""ltp"": 13074.45, ""return_pct"": 0.39314303265314515, ""rs_vs_nifty"": 0.39314303265314515}, {""sector"": ""NIFTY_HEALTHCARE"", ""ltp"": 16463.85, ""return_pct"": 0.3110377266523645, ""rs_vs_nifty"": 0.3110377266523645}, {""sector"": ""NIFTY_ENERGY"", ""ltp"": 38209.15, ""return_pct"": 0.22216713946038402, ""rs_vs_nifty"": 0.22216713946038402}]"
2026-08-20 13:00:06,NORMAL,24244.25,,0,24210.400088928676,,,True,True,"[[""NIFTY_MEDIA"", 2.431266337039014, 2.431266337039014], [""NIFTY_REALTY"", 1.6697380912492246, 1.6697380912492246], [""NIFTY_IT"", 0.910030378157959, 0.910030378157959]]",[],"[{""sector"": ""NIFTY_MEDIA"", ""ltp"": 1626.25, ""return_pct"": 2.431266337039014, ""rs_vs_nifty"": 2.431266337039014}, {""sector"": ""NIFTY_REALTY"", ""ltp"": 910.3, ""return_pct"": 1.6697380912492246, ""rs_vs_nifty"": 1.6697380912492246}, {""sector"": ""NIFTY_IT"", ""ltp"": 30710.0, ""return_pct"": 0.910030378157959, ""rs_vs_nifty"": 0.910030378157959}, {""sector"": ""NIFTY_FIN_SERVICE"", ""ltp"": 26247.65, ""return_pct"": 0.9020489755122495, ""rs_vs_nifty"": 0.9020489755122495}, {""sector"": ""NIFTY_BANK"", ""ltp"": 57655.35, ""return_pct"": 0.7260688594901245, ""rs_vs_nifty"": 0.7260688594901245}, {""sector"": ""NIFTY_FMCG"", ""ltp"": 47796.55, ""return_pct"": 0.6796366003214429, ""rs_vs_nifty"": 0.6796366003214429}, {""sector"": ""NIFTY_PSU_BANK"", ""ltp"": 8670.25, ""return_pct"": 0.6103752183019775, ""rs_vs_nifty"": 0.6103752183019775}, {""sector"": ""NIFTY_INFRA"", ""ltp"": 9357.75, ""return_pct"": 0.5609555587794459, ""rs_vs_nifty"": 0.5609555587794459}, {""sector"": ""NIFTY_AUTO"", ""ltp"": 29315.15, ""return_pct"": 0.44457160086892755, ""rs_vs_nifty"": 0.44457160086892755}, {""sector"": ""NIFTY_METAL"", ""ltp"": 13076.75, ""return_pct"": 0.4108037548231048, ""rs_vs_nifty"": 0.4108037548231048}, {""sector"": ""NIFTY_PHARMA"", ""ltp"": 26418.55, ""return_pct"": 0.3980800948551711, ""rs_vs_nifty"": 0.3980800948551711}, {""sector"": ""NIFTY_HEALTHCARE"", ""ltp"": 16464.05, ""return_pct"": 0.3122562877753948, ""rs_vs_nifty"": 0.3122562877753948}, {""sector"": ""NIFTY_ENERGY"", ""ltp"": 38211.5, ""return_pct"": 0.22833116281022525, ""rs_vs_nifty"": 0.22833116281022525}]"
2026-08-20 13:00:23,NORMAL,24244.55,,0,24210.445018912167,,,True,True,"[[""NIFTY_MEDIA"", 2.4344156457657458, 2.4344156457657458], [""NIFTY_REALTY"", 1.6641536829172923, 1.6641536829172923], [""NIFTY_IT"", 0.9106875584274381, 0.9106875584274381]]",[],"[{""sector"": ""NIFTY_MEDIA"", ""ltp"": 1626.3, ""return_pct"": 2.4344156457657458, ""rs_vs_nifty"": 2.4344156457657458}, {""sector"": ""NIFTY_REALTY"", ""ltp"": 910.25, ""return_pct"": 1.6641536829172923, ""rs_vs_nifty"": 1.6641536829172923}, {""sector"": ""NIFTY_IT"", ""ltp"": 30710.2, ""return_pct"": 0.9106875584274381, ""rs_vs_nifty"": 0.9106875584274381}, {""sector"": ""NIFTY_FIN_SERVICE"", ""ltp"": 26241.9, ""return_pct"": 0.8799446430630895, ""rs_vs_nifty"": 0.8799446430630895}, {""sector"": ""NIFTY_BANK"", ""ltp"": 57648.6, ""return_pct"": 0.7142763551552873, ""rs_vs_nifty"": 0.7142763551552873}, {""sector"": ""NIFTY_FMCG"", ""ltp"": 47804.4, ""return_pct"": 0.6961720018789271, ""rs_vs_nifty"": 0.6961720018789271}, {""sector"": ""NIFTY_PSU_BANK"", ""ltp"": 8668.85, ""return_pct"": 0.5941294900582029, ""rs_vs_nifty"": 0.5941294900582029}, {""sector"": ""NIFTY_INFRA"", ""ltp"": 9356.2, ""return_pct"": 0.5442988324172291, ""rs_vs_nifty"": 0.5442988324172291}, {""sector"": ""NIFTY_AUTO"", ""ltp"": 29317.35, ""return_pct"": 0.45210961645205167, ""rs_vs_nifty"": 0.45210961645205167}, {""sector"": ""NIFTY_METAL"", ""ltp"": 13077.2, ""return_pct"": 0.4142591135085384, ""rs_vs_nifty"": 0.4142591135085384}, {""sector"": ""NIFTY_PHARMA"", ""ltp"": 26419.25, ""return_pct"": 0.40074029596637784, ""rs_vs_nifty"": 0.40074029596637784}, {""sector"": ""NIFTY_HEALTHCARE"", ""ltp"": 16463.25, ""return_pct"": 0.30738204328329555, ""rs_vs_nifty"": 0.30738204328329555}, {""sector"": ""NIFTY_ENERGY"", ""ltp"": 38209.3, ""return_pct"": 0.22256058775931412, ""rs_vs_nifty"": 0.22256058775931412}]"
2026-08-20 13:02:04,NORMAL,24245.5,,0,24210.66995393024,,,True,True,"[[""NIFTY_MEDIA"", 2.4060718672251324, 2.4060718672251324], [""NIFTY_REALTY"", 1.6641536829172923, 1.6641536829172923], [""NIFTY_FIN_SERVICE"", 0.8941683004651464, 0.8941683004651464]]",[],"[{""sector"": ""NIFTY_MEDIA"", ""ltp"": 1625.85, ""return_pct"": 2.4060718672251324, ""rs_vs_nifty"": 2.4060718672251324}, {""sector"": ""NIFTY_REALTY"", ""ltp"": 910.25, ""return_pct"": 1.6641536829172923, ""rs_vs_nifty"": 1.6641536829172923}, {""sector"": ""NIFTY_FIN_SERVICE"", ""ltp"": 26245.6, ""return_pct"": 0.8941683004651464, ""rs_vs_nifty"": 0.8941683004651464}, {""sector"": ""NIFTY_IT"", ""ltp"": 30698.1, ""return_pct"": 0.8709281521240864, ""rs_vs_nifty"": 0.8709281521240864}, {""sector"": ""NIFTY_FMCG"", ""ltp"": 47830.55, ""return_pct"": 0.7512549000608786, ""rs_vs_nifty"": 0.7512549000608786}, {""sector"": ""NIFTY_BANK"", ""ltp"": 57648.55, ""return_pct"": 0.7141890032713332, ""rs_vs_nifty"": 0.7141890032713332}, {""sector"": ""NIFTY_PSU_BANK"", ""ltp"": 8665.95, ""return_pct"": 0.5604776244103797, ""rs_vs_nifty"": 0.5604776244103797}, {""sector"": ""NIFTY_INFRA"", ""ltp"": 9357.2, ""return_pct"": 0.5550451074896321, ""rs_vs_nifty"": 0.5550451074896321}, {""sector"": ""NIFTY_AUTO"", ""ltp"": 29315.0, ""return_pct"": 0.4440576452609817, ""rs_vs_nifty"": 0.4440576452609817}, {""sector"": ""NIFTY_METAL"", ""ltp"": 13077.45, ""return_pct"": 0.41617875722266506, ""rs_vs_nifty"": 0.41617875722266506}, {""sector"": ""NIFTY_PHARMA"", ""ltp"": 26409.5, ""return_pct"": 0.3636874947746077, ""rs_vs_nifty"": 0.3636874947746077}, {""sector"": ""NIFTY_HEALTHCARE"", ""ltp"": 16458.0, ""return_pct"": 0.2753948138038649, ""rs_vs_nifty"": 0.2753948138038649}, {""sector"": ""NIFTY_ENERGY"", ""ltp"": 38211.45, ""return_pct"": 0.22820001337724216, ""rs_vs_nifty"": 0.22820001337724216}]"
2026-08-20 13:02:21,NORMAL,24243.9,,0,24210.69062762914,,,True,True,"[[""NIFTY_MEDIA"", 2.39032532359146, 2.39032532359146], [""NIFTY_REALTY"", 1.6474004579214834, 1.6474004579214834], [""NIFTY_FIN_SERVICE"", 0.8947449352246953, 0.8947449352246953]]",[],"[{""sector"": ""NIFTY_MEDIA"", ""ltp"": 1625.6, ""return_pct"": 2.39032532359146, ""rs_vs_nifty"": 2.39032532359146}, {""sector"": ""NIFTY_REALTY"", ""ltp"": 910.1, ""return_pct"": 1.6474004579214834, ""rs_vs_nifty"": 1.6474004579214834}, {""sector"": ""NIFTY_FIN_SERVICE"", ""ltp"": 26245.75, ""return_pct"": 0.8947449352246953, ""rs_vs_nifty"": 0.8947449352246953}, {""sector"": ""NIFTY_IT"", ""ltp"": 30687.85, ""return_pct"": 0.837247663313402, ""rs_vs_nifty"": 0.837247663313402}, {""sector"": ""NIFTY_FMCG"", ""ltp"": 47832.35, ""return_pct"": 0.7550464571058983, ""rs_vs_nifty"": 0.7550464571058983}, {""sector"": ""NIFTY_BANK"", ""ltp"": 57648.0, ""return_pct"": 0.7132281325477486, ""rs_vs_nifty"": 0.7132281325477486}, {""sector"": ""NIFTY_INFRA"", ""ltp"": 9357.4, ""return_pct"": 0.5571943625041009, ""rs_vs_nifty"": 0.5571943625041009}, {""sector"": ""NIFTY_PSU_BANK"", ""ltp"": 8665.15, ""return_pct"": 0.5511943511282078, ""rs_vs_nifty"": 0.5511943511282078}, {""sector"": ""NIFTY_AUTO"", ""ltp"": 29315.4, ""return_pct"": 0.4454281935488292, ""rs_vs_nifty"": 0.4454281935488292}, {""sector"": ""NIFTY_METAL"", ""ltp"": 13076.0, ""return_pct"": 0.4050448236807248, ""rs_vs_nifty"": 0.4050448236807248}, {""sector"": ""NIFTY_PHARMA"", ""ltp"": 26410.9, ""return_pct"": 0.3690078969970213, ""rs_vs_nifty"": 0.3690078969970213}, {""sector"": ""NIFTY_HEALTHCARE"", ""ltp"": 16460.6, ""return_pct"": 0.2912361084031931, ""rs_vs_nifty"": 0.2912361084031931}, {""sector"": ""NIFTY_ENERGY"", ""ltp"": 38212.35, ""return_pct"": 0.23056070317080368, ""rs_vs_nifty"": 0.23056070317080368}]"
2026-08-20 13:04:00,NORMAL,24248.95,,0,24210.920272587016,,,True,True,"[[""NIFTY_MEDIA"", 2.33678707523698, 2.33678707523698], [""NIFTY_REALTY"", 1.6753224995811693, 1.6753224995811693], [""NIFTY_IT"", 0.9136448696400764, 0.9136448696400764]]",[],"[{""sector"": ""NIFTY_MEDIA"", ""ltp"": 1624.75, ""return_pct"": 2.33678707523698, ""rs_vs_nifty"": 2.33678707523698}, {""sector"": ""NIFTY_REALTY"", ""ltp"": 910.35, ""return_pct"": 1.6753224995811693, ""rs_vs_nifty"": 1.6753224995811693}, {""sector"": ""NIFTY_IT"", ""ltp"": 30711.1, ""return_pct"": 0.9136448696400764, ""rs_vs_nifty"": 0.9136448696400764}, {""sector"": ""NIFTY_FIN_SERVICE"", ""ltp"": 26249.25, ""return_pct"": 0.9081997462807058, ""rs_vs_nifty"": 0.9081997462807058}, {""sector"": ""NIFTY_FMCG"", ""ltp"": 47889.1, ""return_pct"": 0.8745858250533389, ""rs_vs_nifty"": 0.8745858250533389}, {""sector"": ""NIFTY_BANK"", ""ltp"": 57648.8, ""return_pct"": 0.7146257626911419, ""rs_vs_nifty"": 0.7146257626911419}, {""sector"": ""NIFTY_INFRA"", ""ltp"": 9356.7, ""return_pct"": 0.5496719699534306, ""rs_vs_nifty"": 0.5496719699534306}, {""sector"": ""NIFTY_PSU_BANK"", ""ltp"": 8664.55, ""return_pct"": 0.5442318961665842, ""rs_vs_nifty"": 0.5442318961665842}, {""sector"": ""NIFTY_AUTO"", ""ltp"": 29316.4, ""return_pct"": 0.44885456426843556, ""rs_vs_nifty"": 0.44885456426843556}, {""sector"": ""NIFTY_METAL"", ""ltp"": 13073.9, ""return_pct"": 0.38891981648205814, ""rs_vs_nifty"": 0.38891981648205814}, {""sector"": ""NIFTY_PHARMA"", ""ltp"": 26410.3, ""return_pct"": 0.36672772461598097, ""rs_vs_nifty"": 0.36672772461598097}, {""sector"": ""NIFTY_HEALTHCARE"", ""ltp"": 16459.7, ""return_pct"": 0.2857525833495897, ""rs_vs_nifty"": 0.2857525833495897}, {""sector"": ""NIFTY_ENERGY"", ""ltp"": 38211.2, ""return_pct"": 0.22754426621236507, ""rs_vs_nifty"": 0.22754426621236507}]"
2026-08-20 13:04:19,NORMAL,24248.15,,0,24210.95314917802,,,True,True,"[[""NIFTY_MEDIA"", 2.33678707523698, 2.33678707523698], [""NIFTY_REALTY"", 1.6697380912492246, 1.6697380912492246], [""NIFTY_IT"", 0.9121662140337633, 0.9121662140337633]]",[],"[{""sector"": ""NIFTY_MEDIA"", ""ltp"": 1624.75, ""return_pct"": 2.33678707523698, ""rs_vs_nifty"": 2.33678707523698}, {""sector"": ""NIFTY_REALTY"", ""ltp"": 910.3, ""return_pct"": 1.6697380912492246, ""rs_vs_nifty"": 1.6697380912492246}, {""sector"": ""NIFTY_IT"", ""ltp"": 30710.65, ""return_pct"": 0.9121662140337633, ""rs_vs_nifty"": 0.9121662140337633}, {""sector"": ""NIFTY_FIN_SERVICE"", ""ltp"": 26243.55, ""return_pct"": 0.8862876254180575, ""rs_vs_nifty"": 0.8862876254180575}, {""sector"": ""NIFTY_FMCG"", ""ltp"": 47875.1, ""return_pct"": 0.845095936925336, ""rs_vs_nifty"": 0.845095936925336}, {""sector"": ""NIFTY_BANK"", ""ltp"": 57644.9, ""return_pct"": 0.7078123157421223, ""rs_vs_nifty"": 0.7078123157421223}, {""sector"": ""NIFTY_INFRA"", ""ltp"": 9356.6, ""return_pct"": 0.5485973424461864, ""rs_vs_nifty"": 0.5485973424461864}, {""sector"": ""NIFTY_PSU_BANK"", ""ltp"": 8664.25, ""return_pct"": 0.5407506686857829, ""rs_vs_nifty"": 0.5407506686857829}, {""sector"": ""NIFTY_AUTO"", ""ltp"": 29316.35, ""return_pct"": 0.44868324573244533, ""rs_vs_nifty"": 0.44868324573244533}, {""sector"": ""NIFTY_METAL"", ""ltp"": 13074.35, ""return_pct"": 0.3923751751674917, ""rs_vs_nifty"": 0.3923751751674917}, {""sector"": ""NIFTY_PHARMA"", ""ltp"": 26411.65, ""return_pct"": 0.3718581124733113, ""rs_vs_nifty"": 0.3718581124733113}, {""sector"": ""NIFTY_HEALTHCARE"", ""ltp"": 16459.85, ""return_pct"": 0.2866665041918458, ""rs_vs_nifty"": 0.2866665041918458}, {""sector"": ""NIFTY_ENERGY"", ""ltp"": 38216.1, ""return_pct"": 0.24039691064396068, ""rs_vs_nifty"": 0.24039691064396068}]"
2026-08-20 13:05:54,NORMAL,24247.9,,0,24211.107355329586,,,True,True,"[[""NIFTY_MEDIA"", 2.3336377665102477, 2.3336377665102477], [""NIFTY_REALTY"", 1.6753224995811693, 1.6753224995811693], [""NIFTY_FIN_SERVICE"", 0.9062776304155614, 0.9062776304155614]]",[],"[{""sector"": ""NIFTY_MEDIA"", ""ltp"": 1624.7, ""return_pct"": 2.3336377665102477, ""rs_vs_nifty"": 2.3336377665102477}, {""sector"": ""NIFTY_REALTY"", ""ltp"": 910.35, ""return_pct"": 1.6753224995811693, ""rs_vs_nifty"": 1.6753224995811693}, {""sector"": ""NIFTY_FIN_SERVICE"", ""ltp"": 26248.75, ""return_pct"": 0.9062776304155614, ""rs_vs_nifty"": 0.9062776304155614}, {""sector"": ""NIFTY_IT"", ""ltp"": 30701.1, ""return_pct"": 0.880785856166238, ""rs_vs_nifty"": 0.880785856166238}, {""sector"": ""NIFTY_FMCG"", ""ltp"": 47864.95, ""return_pct"": 0.8237157680325309, ""rs_vs_nifty"": 0.8237157680325309}, {""sector"": ""NIFTY_BANK"", ""ltp"": 57651.75, ""return_pct"": 0.7197795238448805, ""rs_vs_nifty"": 0.7197795238448805}, {""sector"": ""NIFTY_INFRA"", ""ltp"": 9357.0, ""return_pct"": 0.5528958524751436, ""rs_vs_nifty"": 0.5528958524751436}, {""sector"": ""NIFTY_PSU_BANK"", ""ltp"": 8665.25, ""return_pct"": 0.552354760288482, ""rs_vs_nifty"": 0.552354760288482}, {""sector"": ""NIFTY_AUTO"", ""ltp"": 29313.9, ""return_pct"": 0.4402886374694196, ""rs_vs_nifty"": 0.4402886374694196}, {""sector"": ""NIFTY_PHARMA"", ""ltp"": 26414.0, ""return_pct"": 0.3807887876323478, ""rs_vs_nifty"": 0.3807887876323478}, {""sector"": ""NIFTY_METAL"", ""ltp"": 13070.65, ""return_pct"": 0.36396444819841156, ""rs_vs_nifty"": 0.36396444819841156}, {""sector"": ""NIFTY_HEALTHCARE"", ""ltp"": 16461.35, ""return_pct"": 0.2958057126145403, ""rs_vs_nifty"": 0.2958057126145403}, {""sector"": ""NIFTY_ENERGY"", ""ltp"": 38210.6, ""return_pct"": 0.22597047301666376, ""rs_vs_nifty"": 0.22597047301666376}]"
2026-08-20 13:06:13,NORMAL,24249.35,,0,24211.143628827816,,,True,True,"[[""NIFTY_MEDIA"", 2.298995370516171, 2.298995370516171], [""NIFTY_REALTY"", 1.6809069079131014, 1.6809069079131014], [""NIFTY_FIN_SERVICE"", 0.9047399377234404, 0.9047399377234404]]",[],"[{""sector"": ""NIFTY_MEDIA"", ""ltp"": 1624.15, ""return_pct"": 2.298995370516171, ""rs_vs_nifty"": 2.298995370516171}, {""sector"": ""NIFTY_REALTY"", ""ltp"": 910.4, ""return_pct"": 1.6809069079131014, ""rs_vs_nifty"": 1.6809069079131014}, {""sector"": ""NIFTY_FIN_SERVICE"", ""ltp"": 26248.35, ""return_pct"": 0.9047399377234404, ""rs_vs_nifty"": 0.9047399377234404}, {""sector"": ""NIFTY_IT"", ""ltp"": 30687.9, ""return_pct"": 0.8374119583807806, ""rs_vs_nifty"": 0.8374119583807806}, {""sector"": ""NIFTY_FMCG"", ""ltp"": 47865.15, ""return_pct"": 0.8241370521486543, ""rs_vs_nifty"": 0.8241370521486543}, {""sector"": ""NIFTY_BANK"", ""ltp"": 57653.45, ""return_pct"": 0.7227494878995753, ""rs_vs_nifty"": 0.7227494878995753}, {""sector"": ""NIFTY_INFRA"", ""ltp"": 9358.5, ""return_pct"": 0.5690152650837482, ""rs_vs_nifty"": 0.5690152650837482}, {""sector"": ""NIFTY_PSU_BANK"", ""ltp"": 8664.9, ""return_pct"": 0.5482933282275331, ""rs_vs_nifty"": 0.5482933282275331}, {""sector"": ""NIFTY_AUTO"", ""ltp"": 29317.2, ""return_pct"": 0.4515956608441182, ""rs_vs_nifty"": 0.4515956608441182}, {""sector"": ""NIFTY_METAL"", ""ltp"": 13072.8, ""return_pct"": 0.38047338413989806, ""rs_vs_nifty"": 0.38047338413989806}, {""sector"": ""NIFTY_PHARMA"", ""ltp"": 26412.75, ""return_pct"": 0.37603842850519775, ""rs_vs_nifty"": 0.37603842850519775}, {""sector"": ""NIFTY_HEALTHCARE"", ""ltp"": 16459.9, ""return_pct"": 0.28697114447262007, ""rs_vs_nifty"": 0.28697114447262007}, {""sector"": ""NIFTY_ENERGY"", ""ltp"": 38212.4, ""return_pct"": 0.23069185260378672, ""rs_vs_nifty"": 0.23069185260378672}]"
2026-08-20 13:07:56,NORMAL,24244.95,,0,24211.412900878917,,,True,True,"[[""NIFTY_MEDIA"", 2.2391585047082136, 2.2391585047082136], [""NIFTY_REALTY"", 1.613894007929852, 1.613894007929852], [""NIFTY_FIN_SERVICE"", 0.9112751316649339, 0.9112751316649339]]",[],"[{""sector"": ""NIFTY_MEDIA"", ""ltp"": 1623.2, ""return_pct"": 2.2391585047082136, ""rs_vs_nifty"": 2.2391585047082136}, {""sector"": ""NIFTY_REALTY"", ""ltp"": 909.8, ""return_pct"": 1.613894007929852, ""rs_vs_nifty"": 1.613894007929852}, {""sector"": ""NIFTY_FIN_SERVICE"", ""ltp"": 26250.05, ""return_pct"": 0.9112751316649339, ""rs_vs_nifty"": 0.9112751316649339}, {""sector"": ""NIFTY_IT"", ""ltp"": 30691.1, ""return_pct"": 0.8479268426923994, ""rs_vs_nifty"": 0.8479268426923994}, {""sector"": ""NIFTY_FMCG"", ""ltp"": 47855.05, ""return_pct"": 0.8028622042848839, ""rs_vs_nifty"": 0.8028622042848839}, {""sector"": ""NIFTY_BANK"", ""ltp"": 57659.85, ""return_pct"": 0.7339305290466827, ""rs_vs_nifty"": 0.7339305290466827}, {""sector"": ""NIFTY_INFRA"", ""ltp"": 9356.25, ""return_pct"": 0.5448361461708414, ""rs_vs_nifty"": 0.5448361461708414}, {""sector"": ""NIFTY_PSU_BANK"", ""ltp"": 8663.65, ""return_pct"": 0.5337882137241592, ""rs_vs_nifty"": 0.5337882137241592}, {""sector"": ""NIFTY_AUTO"", ""ltp"": 29312.45, ""return_pct"": 0.43532039992598787, ""rs_vs_nifty"": 0.43532039992598787}, {""sector"": ""NIFTY_METAL"", ""ltp"": 13073.15, ""return_pct"": 0.3831608853396781, ""rs_vs_nifty"": 0.3831608853396781}, {""sector"": ""NIFTY_PHARMA"", ""ltp"": 26403.25, ""return_pct"": 0.3399356991388577, ""rs_vs_nifty"": 0.3399356991388577}, {""sector"": ""NIFTY_HEALTHCARE"", ""ltp"": 16455.8, ""return_pct"": 0.26199064145057516, ""rs_vs_nifty"": 0.26199064145057516}, {""sector"": ""NIFTY_ENERGY"", ""ltp"": 38205.95, ""return_pct"": 0.21377357574994524, ""rs_vs_nifty"": 0.21377357574994524}]"
2026-08-20 13:08:14,NORMAL,24245.45,,0,24211.480772624254,,,True,True,"[[""NIFTY_MEDIA"", 2.213964034894332, 2.213964034894332], [""NIFTY_REALTY"", 1.613894007929852, 1.613894007929852], [""NIFTY_FIN_SERVICE"", 0.9243455195479212, 0.9243455195479212]]",[],"[{""sector"": ""NIFTY_MEDIA"", ""ltp"": 1622.8, ""return_pct"": 2.213964034894332, ""rs_vs_nifty"": 2.213964034894332}, {""sector"": ""NIFTY_REALTY"", ""ltp"": 909.8, ""return_pct"": 1.613894007929852, ""rs_vs_nifty"": 1.613894007929852}, {""sector"": ""NIFTY_FIN_SERVICE"", ""ltp"": 26253.45, ""return_pct"": 0.9243455195479212, ""rs_vs_nifty"": 0.9243455195479212}, {""sector"": ""NIFTY_IT"", ""ltp"": 30691.5, ""return_pct"": 0.8492412032313579, ""rs_vs_nifty"": 0.8492412032313579}, {""sector"": ""NIFTY_FMCG"", ""ltp"": 47859.8, ""return_pct"": 0.8128677020425992, ""rs_vs_nifty"": 0.8128677020425992}, {""sector"": ""NIFTY_BANK"", ""ltp"": 57660.45, ""return_pct"": 0.7349787516542212, ""rs_vs_nifty"": 0.7349787516542212}, {""sector"": ""NIFTY_PSU_BANK"", ""ltp"": 8664.75, ""return_pct"": 0.5465527144871324, ""rs_vs_nifty"": 0.5465527144871324}, {""sector"": ""NIFTY_INFRA"", ""ltp"": 9356.25, ""return_pct"": 0.5448361461708414, ""rs_vs_nifty"": 0.5448361461708414}, {""sector"": ""NIFTY_AUTO"", ""ltp"": 29315.5, ""return_pct"": 0.4457708306207848, ""rs_vs_nifty"": 0.4457708306207848}, {""sector"": ""NIFTY_METAL"", ""ltp"": 13072.6, ""return_pct"": 0.3789376691686051, ""rs_vs_nifty"": 0.3789376691686051}, {""sector"": ""NIFTY_PHARMA"", ""ltp"": 26404.25, ""return_pct"": 0.3437359864405777, ""rs_vs_nifty"": 0.3437359864405777}, {""sector"": ""NIFTY_HEALTHCARE"", ""ltp"": 16455.75, ""return_pct"": 0.2616860011698231, ""rs_vs_nifty"": 0.2616860011698231}, {""sector"": ""NIFTY_ENERGY"", ""ltp"": 38208.7, ""return_pct"": 0.2209867945635937, ""rs_vs_nifty"": 0.2209867945635937}]"
2026-08-20 13:09:59,NORMAL,24248.5,,0,24211.679880158932,,,True,True,"[[""NIFTY_MEDIA"", 2.2265612698012727, 2.2265612698012727], [""NIFTY_REALTY"", 1.597140782934043, 1.597140782934043], [""NIFTY_FIN_SERVICE"", 0.9266520585860888, 0.9266520585860888]]",[],"[{""sector"": ""NIFTY_MEDIA"", ""ltp"": 1623.0, ""return_pct"": 2.2265612698012727, ""rs_vs_nifty"": 2.2265612698012727}, {""sector"": ""NIFTY_REALTY"", ""ltp"": 909.65, ""return_pct"": 1.597140782934043, ""rs_vs_nifty"": 1.597140782934043}, {""sector"": ""NIFTY_FIN_SERVICE"", ""ltp"": 26254.05, ""return_pct"": 0.9266520585860888, ""rs_vs_nifty"": 0.9266520585860888}, {""sector"": ""NIFTY_IT"", ""ltp"": 30700.6, ""return_pct"": 0.879142905492546, ""rs_vs_nifty"": 0.879142905492546}, {""sector"": ""NIFTY_FMCG"", ""ltp"": 47864.15, ""return_pct"": 0.8220306315680828, ""rs_vs_nifty"": 0.8220306315680828}, {""sector"": ""NIFTY_BANK"", ""ltp"": 57660.5, ""return_pct"": 0.735066103538188, ""rs_vs_nifty"": 0.735066103538188}, {""sector"": ""NIFTY_INFRA"", ""ltp"": 9356.15, ""return_pct"": 0.5437615186635972, ""rs_vs_nifty"": 0.5437615186635972}, {""sector"": ""NIFTY_PSU_BANK"", ""ltp"": 8660.65, ""return_pct"": 0.49897593891606185, ""rs_vs_nifty"": 0.49897593891606185}, {""sector"": ""NIFTY_AUTO"", ""ltp"": 29317.75, ""return_pct"": 0.45348016473989916, ""rs_vs_nifty"": 0.45348016473989916}, {""sector"": ""NIFTY_METAL"", ""ltp"": 13070.9, ""return_pct"": 0.36588409191253823, ""rs_vs_nifty"": 0.36588409191253823}, {""sector"": ""NIFTY_PHARMA"", ""ltp"": 26405.8, ""return_pct"": 0.34962643175824093, ""rs_vs_nifty"": 0.34962643175824093}, {""sector"": ""NIFTY_HEALTHCARE"", ""ltp"": 16456.95, ""return_pct"": 0.2689973679079831, ""rs_vs_nifty"": 0.2689973679079831}, {""sector"": ""NIFTY_ENERGY"", ""ltp"": 38209.75, ""return_pct"": 0.2237409326560853, ""rs_vs_nifty"": 0.2237409326560853}]"
2026-08-20 13:10:20,NORMAL,24248.8,,0,24211.723357175437,,,True,True,"[[""NIFTY_MEDIA"", 2.232859887254736, 2.232859887254736], [""NIFTY_REALTY"", 1.60830959959792, 1.60830959959792], [""NIFTY_FIN_SERVICE"", 0.9185791719524881, 0.9185791719524881]]",[],"[{""sector"": ""NIFTY_MEDIA"", ""ltp"": 1623.1, ""return_pct"": 2.232859887254736, ""rs_vs_nifty"": 2.232859887254736}, {""sector"": ""NIFTY_REALTY"", ""ltp"": 909.75, ""return_pct"": 1.60830959959792, ""rs_vs_nifty"": 1.60830959959792}, {""sector"": ""NIFTY_FIN_SERVICE"", ""ltp"": 26251.95, ""return_pct"": 0.9185791719524881, ""rs_vs_nifty"": 0.9185791719524881}, {""sector"": ""NIFTY_IT"", ""ltp"": 30703.15, ""return_pct"": 0.8875219539283843, ""rs_vs_nifty"": 0.8875219539283843}, {""sector"": ""NIFTY_FMCG"", ""ltp"": 47858.2, ""return_pct"": 0.8094974291136722, ""rs_vs_nifty"": 0.8094974291136722}, {""sector"": ""NIFTY_BANK"", ""ltp"": 57661.05, ""return_pct"": 0.7360269742617725, ""rs_vs_nifty"": 0.7360269742617725}, {""sector"": ""NIFTY_INFRA"", ""ltp"": 9355.9, ""return_pct"": 0.5410749498954964, ""rs_vs_nifty"": 0.5410749498954964}, {""sector"": ""NIFTY_PSU_BANK"", ""ltp"": 8660.75, ""return_pct"": 0.500136348076336, ""rs_vs_nifty"": 0.500136348076336}, {""sector"": ""NIFTY_AUTO"", ""ltp"": 29317.7, ""return_pct"": 0.45330884620392137, ""rs_vs_nifty"": 0.45330884620392137}, {""sector"": ""NIFTY_METAL"", ""ltp"": 13072.1, ""return_pct"": 0.3750983817403518, ""rs_vs_nifty"": 0.3750983817403518}, {""sector"": ""NIFTY_PHARMA"", ""ltp"": 26405.7, ""return_pct"": 0.34924640302807447, ""rs_vs_nifty"": 0.34924640302807447}, {""sector"": ""NIFTY_HEALTHCARE"", ""ltp"": 16457.25, ""return_pct"": 0.2708252095925176, ""rs_vs_nifty"": 0.2708252095925176}, {""sector"": ""NIFTY_ENERGY"", ""ltp"": 38207.35, ""return_pct"": 0.21744575987326104, ""rs_vs_nifty"": 0.21744575987326104}]"
2026-08-20 13:12:00,NORMAL,24244.3,,0,24212.038188895196,,,True,True,"[[""NIFTY_MEDIA"", 2.242307813434945, 2.242307813434945], [""NIFTY_REALTY"", 1.6418160495895384, 1.6418160495895384], [""NIFTY_FIN_SERVICE"", 0.9010879175796772, 0.9010879175796772]]",[],"[{""sector"": ""NIFTY_MEDIA"", ""ltp"": 1623.25, ""return_pct"": 2.242307813434945, ""rs_vs_nifty"": 2.242307813434945}, {""sector"": ""NIFTY_REALTY"", ""ltp"": 910.05, ""return_pct"": 1.6418160495895384, ""rs_vs_nifty"": 1.6418160495895384}, {""sector"": ""NIFTY_FIN_SERVICE"", ""ltp"": 26247.4, ""return_pct"": 0.9010879175796772, ""rs_vs_nifty"": 0.9010879175796772}, {""sector"": ""NIFTY_IT"", ""ltp"": 30694.25, ""return_pct"": 0.8582774319366634, ""rs_vs_nifty"": 0.8582774319366634}, {""sector"": ""NIFTY_FMCG"", ""ltp"": 47873.0, ""return_pct"": 0.8406724537061385, ""rs_vs_nifty"": 0.8406724537061385}, {""sector"": ""NIFTY_BANK"", ""ltp"": 57657.75, ""return_pct"": 0.7302617499202915, ""rs_vs_nifty"": 0.7302617499202915}, {""sector"": ""NIFTY_INFRA"", ""ltp"": 9354.6, ""return_pct"": 0.5271047923013803, ""rs_vs_nifty"": 0.5271047923013803}, {""sector"": ""NIFTY_PSU_BANK"", ""ltp"": 8662.35, ""return_pct"": 0.5187028946406588, ""rs_vs_nifty"": 0.5187028946406588}, {""sector"": ""NIFTY_AUTO"", ""ltp"": 29317.85, ""return_pct"": 0.45382280181185486, ""rs_vs_nifty"": 0.45382280181185486}, {""sector"": ""NIFTY_METAL"", ""ltp"": 13071.15, ""return_pct"": 0.3678037356266649, ""rs_vs_nifty"": 0.3678037356266649}, {""sector"": ""NIFTY_PHARMA"", ""ltp"": 26405.75, ""return_pct"": 0.3494364173931577, ""rs_vs_nifty"": 0.3494364173931577}, {""sector"": ""NIFTY_HEALTHCARE"", ""ltp"": 16456.15, ""return_pct"": 0.26412312341588384, ""rs_vs_nifty"": 0.26412312341588384}, {""sector"": ""NIFTY_ENERGY"", ""ltp"": 38211.95, ""return_pct"": 0.22951150770699644, ""rs_vs_nifty"": 0.22951150770699644}]"
2026-08-20 13:12:16,NORMAL,24244.05,,0,24212.090912599895,,,True,True,"[[""NIFTY_MEDIA"", 2.2265612698012727, 2.2265612698012727], [""NIFTY_REALTY"", 1.7032445412408554, 1.7032445412408554], [""NIFTY_FIN_SERVICE"", 0.8914773382539555, 0.8914773382539555]]",[],"[{""sector"": ""NIFTY_MEDIA"", ""ltp"": 1623.0, ""return_pct"": 2.2265612698012727, ""rs_vs_nifty"": 2.2265612698012727}, {""sector"": ""NIFTY_REALTY"", ""ltp"": 910.6, ""return_pct"": 1.7032445412408554, ""rs_vs_nifty"": 1.7032445412408554}, {""sector"": ""NIFTY_FIN_SERVICE"", ""ltp"": 26244.9, ""return_pct"": 0.8914773382539555, ""rs_vs_nifty"": 0.8914773382539555}, {""sector"": ""NIFTY_FMCG"", ""ltp"": 47890.4, ""return_pct"": 0.8773241718080882, ""rs_vs_nifty"": 0.8773241718080882}, {""sector"": ""NIFTY_IT"", ""ltp"": 30687.7, ""return_pct"": 0.8367547781113016, ""rs_vs_nifty"": 0.8367547781113016}, {""sector"": ""NIFTY_BANK"", ""ltp"": 57650.65, ""return_pct"": 0.7178577823977245, ""rs_vs_nifty"": 0.7178577823977245}, {""sector"": ""NIFTY_PSU_BANK"", ""ltp"": 8664.0, ""return_pct"": 0.5378496457851081, ""rs_vs_nifty"": 0.5378496457851081}, {""sector"": ""NIFTY_INFRA"", ""ltp"": 9354.3, ""return_pct"": 0.5238809097796476, ""rs_vs_nifty"": 0.5238809097796476}, {""sector"": ""NIFTY_AUTO"", ""ltp"": 29317.0, ""return_pct"": 0.4509103867001944, ""rs_vs_nifty"": 0.4509103867001944}, {""sector"": ""NIFTY_METAL"", ""ltp"": 13072.25, ""return_pct"": 0.376250167968825, ""rs_vs_nifty"": 0.376250167968825}, {""sector"": ""NIFTY_PHARMA"", ""ltp"": 26405.45, ""return_pct"": 0.34829633120264447, ""rs_vs_nifty"": 0.34829633120264447}, {""sector"": ""NIFTY_HEALTHCARE"", ""ltp"": 16455.5, ""return_pct"": 0.2601627997660407, ""rs_vs_nifty"": 0.2601627997660407}, {""sector"": ""NIFTY_ENERGY"", ""ltp"": 38207.35, ""return_pct"": 0.21744575987326104, ""rs_vs_nifty"": 0.21744575987326104}]"
2026-08-20 13:13:58,NORMAL,24248.25,,0,24212.26090877007,,,True,True,"[[""NIFTY_MEDIA"", 2.2265612698012727, 2.2265612698012727], [""NIFTY_REALTY"", 1.7032445412408554, 1.7032445412408554], [""NIFTY_IT"", 0.9381248346780885, 0.9381248346780885]]",[],"[{""sector"": ""NIFTY_MEDIA"", ""ltp"": 1623.0, ""return_pct"": 2.2265612698012727, ""rs_vs_nifty"": 2.2265612698012727}, {""sector"": ""NIFTY_REALTY"", ""ltp"": 910.6, ""return_pct"": 1.7032445412408554, ""rs_vs_nifty"": 1.7032445412408554}, {""sector"": ""NIFTY_IT"", ""ltp"": 30718.55, ""return_pct"": 0.9381248346780885, ""rs_vs_nifty"": 0.9381248346780885}, {""sector"": ""NIFTY_FIN_SERVICE"", ""ltp"": 26250.9, ""return_pct"": 0.9145427286356876, ""rs_vs_nifty"": 0.9145427286356876}, {""sector"": ""NIFTY_FMCG"", ""ltp"": 47880.2, ""return_pct"": 0.8558386818862482, ""rs_vs_nifty"": 0.8558386818862482}, {""sector"": ""NIFTY_BANK"", ""ltp"": 57655.25, ""return_pct"": 0.7258941557222035, ""rs_vs_nifty"": 0.7258941557222035}, {""sector"": ""NIFTY_INFRA"", ""ltp"": 9355.9, ""return_pct"": 0.5410749498954964, ""rs_vs_nifty"": 0.5410749498954964}, {""sector"": ""NIFTY_PSU_BANK"", ""ltp"": 8663.1, ""return_pct"": 0.5274059633426831, ""rs_vs_nifty"": 0.5274059633426831}, {""sector"": ""NIFTY_AUTO"", ""ltp"": 29320.1, ""return_pct"": 0.4615321359309692, ""rs_vs_nifty"": 0.4615321359309692}, {""sector"": ""NIFTY_METAL"", ""ltp"": 13070.75, ""return_pct"": 0.364732305684065, ""rs_vs_nifty"": 0.364732305684065}, {""sector"": ""NIFTY_PHARMA"", ""ltp"": 26408.2, ""return_pct"": 0.35874712128237446, ""rs_vs_nifty"": 0.35874712128237446}, {""sector"": ""NIFTY_HEALTHCARE"", ""ltp"": 16455.55, ""return_pct"": 0.26046744004679273, ""rs_vs_nifty"": 0.26046744004679273}, {""sector"": ""NIFTY_ENERGY"", ""ltp"": 38214.55, ""return_pct"": 0.2363312782217339, ""rs_vs_nifty"": 0.2363312782217339}]"
2026-08-20 13:14:17,NORMAL,24248.05,,0,24212.284201715614,,,True,True,"[[""NIFTY_MEDIA"", 2.245457122161677, 2.245457122161677], [""NIFTY_REALTY"", 1.6864913162450466, 1.6864913162450466], [""NIFTY_IT"", 0.9626047997161005, 0.9626047997161005]]",[],"[{""sector"": ""NIFTY_MEDIA"", ""ltp"": 1623.3, ""return_pct"": 2.245457122161677, ""rs_vs_nifty"": 2.245457122161677}, {""sector"": ""NIFTY_REALTY"", ""ltp"": 910.45, ""return_pct"": 1.6864913162450466, ""rs_vs_nifty"": 1.6864913162450466}, {""sector"": ""NIFTY_IT"", ""ltp"": 30726.0, ""return_pct"": 0.9626047997161005, ""rs_vs_nifty"": 0.9626047997161005}, {""sector"": ""NIFTY_FIN_SERVICE"", ""ltp"": 26248.05, ""return_pct"": 0.9035866682043566, ""rs_vs_nifty"": 0.9035866682043566}, {""sector"": ""NIFTY_FMCG"", ""ltp"": 47884.55, ""return_pct"": 0.8650016114117473, ""rs_vs_nifty"": 0.8650016114117473}, {""sector"": ""NIFTY_BANK"", ""ltp"": 57649.85, ""return_pct"": 0.7164601522543312, ""rs_vs_nifty"": 0.7164601522543312}, {""sector"": ""NIFTY_INFRA"", ""ltp"": 9355.85, ""return_pct"": 0.5405376361418841, ""rs_vs_nifty"": 0.5405376361418841}, {""sector"": ""NIFTY_PSU_BANK"", ""ltp"": 8663.7, ""return_pct"": 0.5343684183043068, ""rs_vs_nifty"": 0.5343684183043068}, {""sector"": ""NIFTY_AUTO"", ""ltp"": 29317.8, ""return_pct"": 0.453651483275877, ""rs_vs_nifty"": 0.453651483275877}, {""sector"": ""NIFTY_PHARMA"", ""ltp"": 26411.75, ""return_pct"": 0.37223814120347776, ""rs_vs_nifty"": 0.37223814120347776}, {""sector"": ""NIFTY_METAL"", ""ltp"": 13070.75, ""return_pct"": 0.364732305684065, ""rs_vs_nifty"": 0.364732305684065}, {""sector"": ""NIFTY_HEALTHCARE"", ""ltp"": 16460.05, ""return_pct"": 0.28788506531487623, ""rs_vs_nifty"": 0.28788506531487623}, {""sector"": ""NIFTY_ENERGY"", ""ltp"": 38213.95, ""return_pct"": 0.2347574850260135, ""rs_vs_nifty"": 0.2347574850260135}]"
2026-08-20 13:15:51,NORMAL,24248.6,,0,24212.403192751946,,,True,True,"[[""NIFTY_MEDIA"", 2.2863981356092307, 2.2863981356092307], [""NIFTY_REALTY"", 1.7088289495727875, 1.7088289495727875], [""NIFTY_IT"", 0.9463395880465482, 0.9463395880465482]]",[],"[{""sector"": ""NIFTY_MEDIA"", ""ltp"": 1623.95, ""return_pct"": 2.2863981356092307, ""rs_vs_nifty"": 2.2863981356092307}, {""sector"": ""NIFTY_REALTY"", ""ltp"": 910.65, ""return_pct"": 1.7088289495727875, ""rs_vs_nifty"": 1.7088289495727875}, {""sector"": ""NIFTY_IT"", ""ltp"": 30721.05, ""return_pct"": 0.9463395880465482, ""rs_vs_nifty"": 0.9463395880465482}, {""sector"": ""NIFTY_FIN_SERVICE"", ""ltp"": 26250.4, ""return_pct"": 0.9126206127705434, ""rs_vs_nifty"": 0.9126206127705434}, {""sector"": ""NIFTY_FMCG"", ""ltp"": 47896.1, ""return_pct"": 0.8893307691173404, ""rs_vs_nifty"": 0.8893307691173404}, {""sector"": ""NIFTY_BANK"", ""ltp"": 57649.15, ""return_pct"": 0.7152372258788717, ""rs_vs_nifty"": 0.7152372258788717}, {""sector"": ""NIFTY_INFRA"", ""ltp"": 9356.25, ""return_pct"": 0.5448361461708414, ""rs_vs_nifty"": 0.5448361461708414}, {""sector"": ""NIFTY_PSU_BANK"", ""ltp"": 8660.95, ""return_pct"": 0.5024571663968842, ""rs_vs_nifty"": 0.5024571663968842}, {""sector"": ""NIFTY_AUTO"", ""ltp"": 29322.65, ""return_pct"": 0.47026938126597545, ""rs_vs_nifty"": 0.47026938126597545}, {""sector"": ""NIFTY_PHARMA"", ""ltp"": 26421.0, ""return_pct"": 0.4073907987443878, ""rs_vs_nifty"": 0.4073907987443878}, {""sector"": ""NIFTY_METAL"", ""ltp"": 13072.15, ""return_pct"": 0.37548231048317154, ""rs_vs_nifty"": 0.37548231048317154}, {""sector"": ""NIFTY_HEALTHCARE"", ""ltp"": 16463.95, ""return_pct"": 0.3116470072138907, ""rs_vs_nifty"": 0.3116470072138907}, {""sector"": ""NIFTY_ENERGY"", ""ltp"": 38221.45, ""return_pct"": 0.2544298999723275, ""rs_vs_nifty"": 0.2544298999723275}]"
2026-08-20 13:16:07,NORMAL,24249.35,,0,24212.43057511038,,,True,True,"[[""NIFTY_MEDIA"", 2.2832488268824993, 2.2832488268824993], [""NIFTY_REALTY"", 1.7311665829005416, 1.7311665829005416], [""NIFTY_IT"", 0.9688480122761346, 0.9688480122761346]]",[],"[{""sector"": ""NIFTY_MEDIA"", ""ltp"": 1623.9, ""return_pct"": 2.2832488268824993, ""rs_vs_nifty"": 2.2832488268824993}, {""sector"": ""NIFTY_REALTY"", ""ltp"": 910.85, ""return_pct"": 1.7311665829005416, ""rs_vs_nifty"": 1.7311665829005416}, {""sector"": ""NIFTY_IT"", ""ltp"": 30727.9, ""return_pct"": 0.9688480122761346, ""rs_vs_nifty"": 0.9688480122761346}, {""sector"": ""NIFTY_FIN_SERVICE"", ""ltp"": 26250.45, ""return_pct"": 0.912812824357055, ""rs_vs_nifty"": 0.912812824357055}, {""sector"": ""NIFTY_FMCG"", ""ltp"": 47879.4, ""return_pct"": 0.8541535454218001, ""rs_vs_nifty"": 0.8541535454218001}, {""sector"": ""NIFTY_BANK"", ""ltp"": 57650.55, ""return_pct"": 0.7176830786298034, ""rs_vs_nifty"": 0.7176830786298034}, {""sector"": ""NIFTY_INFRA"", ""ltp"": 9356.15, ""return_pct"": 0.5437615186635972, ""rs_vs_nifty"": 0.5437615186635972}, {""sector"": ""NIFTY_PSU_BANK"", ""ltp"": 8662.35, ""return_pct"": 0.5187028946406588, ""rs_vs_nifty"": 0.5187028946406588}, {""sector"": ""NIFTY_AUTO"", ""ltp"": 29324.1, ""return_pct"": 0.4752376188093947, ""rs_vs_nifty"": 0.4752376188093947}, {""sector"": ""NIFTY_PHARMA"", ""ltp"": 26418.7, ""return_pct"": 0.39865013795043464, ""rs_vs_nifty"": 0.39865013795043464}, {""sector"": ""NIFTY_METAL"", ""ltp"": 13071.65, ""return_pct"": 0.37164302305491825, ""rs_vs_nifty"": 0.37164302305491825}, {""sector"": ""NIFTY_HEALTHCARE"", ""ltp"": 16465.45, ""return_pct"": 0.3207862156365852, ""rs_vs_nifty"": 0.3207862156365852}, {""sector"": ""NIFTY_ENERGY"", ""ltp"": 38219.05, ""return_pct"": 0.2481347271895223, ""rs_vs_nifty"": 0.2481347271895223}]"
2026-08-20 13:17:49,NORMAL,24240.25,,0,24212.534252750575,,,True,True,"[[""NIFTY_MEDIA"", 2.2297105785280045, 2.2297105785280045], [""NIFTY_REALTY"", 1.7088289495727875, 1.7088289495727875], [""NIFTY_IT"", 0.9315530319833207, 0.9315530319833207]]",[],"[{""sector"": ""NIFTY_MEDIA"", ""ltp"": 1623.05, ""return_pct"": 2.2297105785280045, ""rs_vs_nifty"": 2.2297105785280045}, {""sector"": ""NIFTY_REALTY"", ""ltp"": 910.65, ""return_pct"": 1.7088289495727875, ""rs_vs_nifty"": 1.7088289495727875}, {""sector"": ""NIFTY_IT"", ""ltp"": 30716.55, ""return_pct"": 0.9315530319833207, ""rs_vs_nifty"": 0.9315530319833207}, {""sector"": ""NIFTY_FIN_SERVICE"", ""ltp"": 26247.05, ""return_pct"": 0.8997424364740679, ""rs_vs_nifty"": 0.8997424364740679}, {""sector"": ""NIFTY_FMCG"", ""ltp"": 47847.05, ""return_pct"": 0.7860108396403106, ""rs_vs_nifty"": 0.7860108396403106}, {""sector"": ""NIFTY_BANK"", ""ltp"": 57639.0, ""return_pct"": 0.6975047934346325, ""rs_vs_nifty"": 0.6975047934346325}, {""sector"": ""NIFTY_PSU_BANK"", ""ltp"": 8662.3, ""return_pct"": 0.5181226900605111, ""rs_vs_nifty"": 0.5181226900605111}, {""sector"": ""NIFTY_INFRA"", ""ltp"": 9352.1, ""return_pct"": 0.5002391046203728, ""rs_vs_nifty"": 0.5002391046203728}, {""sector"": ""NIFTY_AUTO"", ""ltp"": 29326.3, ""return_pct"": 0.48277563439253124, ""rs_vs_nifty"": 0.48277563439253124}, {""sector"": ""NIFTY_PHARMA"", ""ltp"": 26412.7, ""return_pct"": 0.37584841414011455, ""rs_vs_nifty"": 0.37584841414011455}, {""sector"": ""NIFTY_METAL"", ""ltp"": 13067.1, ""return_pct"": 0.33670550745781863, ""rs_vs_nifty"": 0.33670550745781863}, {""sector"": ""NIFTY_HEALTHCARE"", ""ltp"": 16459.0, ""return_pct"": 0.2814876194189945, ""rs_vs_nifty"": 0.2814876194189945}, {""sector"": ""NIFTY_ENERGY"", ""ltp"": 38211.05, ""return_pct"": 0.22715081791345404, ""rs_vs_nifty"": 0.22715081791345404}]"
2026-08-20 13:18:06,NORMAL,24240.7,,0,24212.55970323184,,,True,True,"[[""NIFTY_MEDIA"", 2.213964034894332, 2.213964034894332], [""NIFTY_REALTY"", 1.7032445412408554, 1.7032445412408554], [""NIFTY_IT"", 0.9637548651876802, 0.9637548651876802]]",[],"[{""sector"": ""NIFTY_MEDIA"", ""ltp"": 1622.8, ""return_pct"": 2.213964034894332, ""rs_vs_nifty"": 2.213964034894332}, {""sector"": ""NIFTY_REALTY"", ""ltp"": 910.6, ""return_pct"": 1.7032445412408554, ""rs_vs_nifty"": 1.7032445412408554}, {""sector"": ""NIFTY_IT"", ""ltp"": 30726.35, ""return_pct"": 0.9637548651876802, ""rs_vs_nifty"": 0.9637548651876802}, {""sector"": ""NIFTY_FIN_SERVICE"", ""ltp"": 26248.8, ""return_pct"": 0.9064698420020731, ""rs_vs_nifty"": 0.9064698420020731}, {""sector"": ""NIFTY_FMCG"", ""ltp"": 47847.4, ""return_pct"": 0.7867480868435077, ""rs_vs_nifty"": 0.7867480868435077}, {""sector"": ""NIFTY_BANK"", ""ltp"": 57639.65, ""return_pct"": 0.6986403679261377, ""rs_vs_nifty"": 0.6986403679261377}, {""sector"": ""NIFTY_PSU_BANK"", ""ltp"": 8660.85, ""return_pct"": 0.50129675723661, ""rs_vs_nifty"": 0.50129675723661}, {""sector"": ""NIFTY_INFRA"", ""ltp"": 9350.9, ""return_pct"": 0.48734357453348126, ""rs_vs_nifty"": 0.48734357453348126}, {""sector"": ""NIFTY_AUTO"", ""ltp"": 29320.15, ""return_pct"": 0.4617034544669595, ""rs_vs_nifty"": 0.4617034544669595}, {""sector"": ""NIFTY_PHARMA"", ""ltp"": 26415.2, ""return_pct"": 0.38534913239441454, ""rs_vs_nifty"": 0.38534913239441454}, {""sector"": ""NIFTY_METAL"", ""ltp"": 13066.9, ""return_pct"": 0.3351697924865117, ""rs_vs_nifty"": 0.3351697924865117}, {""sector"": ""NIFTY_HEALTHCARE"", ""ltp"": 16461.2, ""return_pct"": 0.2948917917722842, ""rs_vs_nifty"": 0.2948917917722842}, {""sector"": ""NIFTY_ENERGY"", ""ltp"": 38208.2, ""return_pct"": 0.21967530023383947, ""rs_vs_nifty"": 0.21967530023383947}]"
2026-08-20 13:19:47,NORMAL,24239.55,,0,24212.70721301271,,,True,True,"[[""NIFTY_MEDIA"", 2.3084432966963666, 2.3084432966963666], [""NIFTY_REALTY"", 1.6864913162450466, 1.6864913162450466], [""NIFTY_IT"", 0.9704909629498265, 0.9704909629498265]]",[],"[{""sector"": ""NIFTY_MEDIA"", ""ltp"": 1624.3, ""return_pct"": 2.3084432966963666, ""rs_vs_nifty"": 2.3084432966963666}, {""sector"": ""NIFTY_REALTY"", ""ltp"": 910.45, ""return_pct"": 1.6864913162450466, ""rs_vs_nifty"": 1.6864913162450466}, {""sector"": ""NIFTY_IT"", ""ltp"": 30728.4, ""return_pct"": 0.9704909629498265, ""rs_vs_nifty"": 0.9704909629498265}, {""sector"": ""NIFTY_FIN_SERVICE"", ""ltp"": 26244.25, ""return_pct"": 0.8889785876292623, ""rs_vs_nifty"": 0.8889785876292623}, {""sector"": ""NIFTY_FMCG"", ""ltp"": 47832.8, ""return_pct"": 0.7559943463671648, ""rs_vs_nifty"": 0.7559943463671648}, {""sector"": ""NIFTY_BANK"", ""ltp"": 57630.0, ""return_pct"": 0.681781454321516, ""rs_vs_nifty"": 0.681781454321516}, {""sector"": ""NIFTY_PSU_BANK"", ""ltp"": 8660.8, ""return_pct"": 0.5007165526564624, ""rs_vs_nifty"": 0.5007165526564624}, {""sector"": ""NIFTY_INFRA"", ""ltp"": 9352.1, ""return_pct"": 0.5002391046203728, ""rs_vs_nifty"": 0.5002391046203728}, {""sector"": ""NIFTY_AUTO"", ""ltp"": 29317.25, ""return_pct"": 0.451766979380096, ""rs_vs_nifty"": 0.451766979380096}, {""sector"": ""NIFTY_PHARMA"", ""ltp"": 26414.5, ""return_pct"": 0.3826889312832078, ""rs_vs_nifty"": 0.3826889312832078}, {""sector"": ""NIFTY_METAL"", ""ltp"": 13067.6, ""return_pct"": 0.3405447948860719, ""rs_vs_nifty"": 0.3405447948860719}, {""sector"": ""NIFTY_HEALTHCARE"", ""ltp"": 16461.65, ""return_pct"": 0.29763355429909694, ""rs_vs_nifty"": 0.29763355429909694}, {""sector"": ""NIFTY_ENERGY"", ""ltp"": 38210.25, ""return_pct"": 0.22505242698583958, ""rs_vs_nifty"": 0.22505242698583958}]"
2026-08-20 13:20:05,NORMAL,24240.1,,0,24212.733935298987,,,True,True,"[[""NIFTY_MEDIA"", 2.2863981356092307, 2.2863981356092307], [""NIFTY_REALTY"", 1.6697380912492246, 1.6697380912492246], [""NIFTY_IT"", 0.9810058472614452, 0.9810058472614452]]",[],"[{""sector"": ""NIFTY_MEDIA"", ""ltp"": 1623.95, ""return_pct"": 2.2863981356092307, ""rs_vs_nifty"": 2.2863981356092307}, {""sector"": ""NIFTY_REALTY"", ""ltp"": 910.3, ""return_pct"": 1.6697380912492246, ""rs_vs_nifty"": 1.6697380912492246}, {""sector"": ""NIFTY_IT"", ""ltp"": 30731.6, ""return_pct"": 0.9810058472614452, ""rs_vs_nifty"": 0.9810058472614452}, {""sector"": ""NIFTY_FIN_SERVICE"", ""ltp"": 26245.35, ""return_pct"": 0.8932072425325742, ""rs_vs_nifty"": 0.8932072425325742}, {""sector"": ""NIFTY_FMCG"", ""ltp"": 47824.25, ""return_pct"": 0.7379844504032711, ""rs_vs_nifty"": 0.7379844504032711}, {""sector"": ""NIFTY_BANK"", ""ltp"": 57629.2, ""return_pct"": 0.6803838241781229, ""rs_vs_nifty"": 0.6803838241781229}, {""sector"": ""NIFTY_PSU_BANK"", ""ltp"": 8660.75, ""return_pct"": 0.500136348076336, ""rs_vs_nifty"": 0.500136348076336}, {""sector"": ""NIFTY_INFRA"", ""ltp"": 9352.05, ""return_pct"": 0.4997017908667409, ""rs_vs_nifty"": 0.4997017908667409}, {""sector"": ""NIFTY_AUTO"", ""ltp"": 29315.65, ""return_pct"": 0.4462847862287308, ""rs_vs_nifty"": 0.4462847862287308}, {""sector"": ""NIFTY_PHARMA"", ""ltp"": 26418.05, ""return_pct"": 0.39617995120431104, ""rs_vs_nifty"": 0.39617995120431104}, {""sector"": ""NIFTY_METAL"", ""ltp"": 13069.25, ""return_pct"": 0.3532144433993051, ""rs_vs_nifty"": 0.3532144433993051}, {""sector"": ""NIFTY_HEALTHCARE"", ""ltp"": 16462.8, ""return_pct"": 0.30464028075648275, ""rs_vs_nifty"": 0.30464028075648275}, {""sector"": ""NIFTY_ENERGY"", ""ltp"": 38206.55, ""return_pct"": 0.21534736894566567, ""rs_vs_nifty"": 0.21534736894566567}]"
2026-08-20 13:21:46,NORMAL,24243.65,,0,24212.856898562626,,,True,True,"[[""NIFTY_MEDIA"", 2.2800995181557533, 2.2800995181557533], [""NIFTY_REALTY"", 1.6418160495895384, 1.6418160495895384], [""NIFTY_IT"", 1.0375233504364498, 1.0375233504364498]]",[],"[{""sector"": ""NIFTY_MEDIA"", ""ltp"": 1623.85, ""return_pct"": 2.2800995181557533, ""rs_vs_nifty"": 2.2800995181557533}, {""sector"": ""NIFTY_REALTY"", ""ltp"": 910.05, ""return_pct"": 1.6418160495895384, ""rs_vs_nifty"": 1.6418160495895384}, {""sector"": ""NIFTY_IT"", ""ltp"": 30748.8, ""return_pct"": 1.0375233504364498, ""rs_vs_nifty"": 1.0375233504364498}, {""sector"": ""NIFTY_FIN_SERVICE"", ""ltp"": 26247.65, ""return_pct"": 0.9020489755122495, ""rs_vs_nifty"": 0.9020489755122495}, {""sector"": ""NIFTY_FMCG"", ""ltp"": 47822.65, ""return_pct"": 0.7346141774743596, ""rs_vs_nifty"": 0.7346141774743596}, {""sector"": ""NIFTY_BANK"", ""ltp"": 57637.85, ""return_pct"": 0.6954957001035095, ""rs_vs_nifty"": 0.6954957001035095}, {""sector"": ""NIFTY_PSU_BANK"", ""ltp"": 8661.4, ""return_pct"": 0.5076790076180862, ""rs_vs_nifty"": 0.5076790076180862}, {""sector"": ""NIFTY_INFRA"", ""ltp"": 9352.7, ""return_pct"": 0.5066868696638185, ""rs_vs_nifty"": 0.5066868696638185}, {""sector"": ""NIFTY_AUTO"", ""ltp"": 29308.65, ""return_pct"": 0.4223001911914861, ""rs_vs_nifty"": 0.4223001911914861}, {""sector"": ""NIFTY_PHARMA"", ""ltp"": 26414.35, ""return_pct"": 0.38211888818794426, ""rs_vs_nifty"": 0.38211888818794426}, {""sector"": ""NIFTY_METAL"", ""ltp"": 13066.35, ""return_pct"": 0.33094657631543867, ""rs_vs_nifty"": 0.33094657631543867}, {""sector"": ""NIFTY_HEALTHCARE"", ""ltp"": 16461.5, ""return_pct"": 0.2967196334568187, ""rs_vs_nifty"": 0.2967196334568187}, {""sector"": ""NIFTY_ENERGY"", ""ltp"": 38207.9, ""return_pct"": 0.21888840363599835, ""rs_vs_nifty"": 0.21888840363599835}]"
2026-08-20 13:22:04,NORMAL,24243.4,,0,24212.881228331684,,,True,True,"[[""NIFTY_MEDIA"", 2.2926967530626943, 2.2926967530626943], [""NIFTY_REALTY"", 1.6529848662534152, 1.6529848662534152], [""NIFTY_IT"", 1.0299657773374695, 1.0299657773374695]]",[],"[{""sector"": ""NIFTY_MEDIA"", ""ltp"": 1624.05, ""return_pct"": 2.2926967530626943, ""rs_vs_nifty"": 2.2926967530626943}, {""sector"": ""NIFTY_REALTY"", ""ltp"": 910.15, ""return_pct"": 1.6529848662534152, ""rs_vs_nifty"": 1.6529848662534152}, {""sector"": ""NIFTY_IT"", ""ltp"": 30746.5, ""return_pct"": 1.0299657773374695, ""rs_vs_nifty"": 1.0299657773374695}, {""sector"": ""NIFTY_FIN_SERVICE"", ""ltp"": 26247.65, ""return_pct"": 0.9020489755122495, ""rs_vs_nifty"": 0.9020489755122495}, {""sector"": ""NIFTY_FMCG"", ""ltp"": 47835.15, ""return_pct"": 0.7609444347315051, ""rs_vs_nifty"": 0.7609444347315051}, {""sector"": ""NIFTY_BANK"", ""ltp"": 57635.65, ""return_pct"": 0.6916522172091972, ""rs_vs_nifty"": 0.6916522172091972}, {""sector"": ""NIFTY_INFRA"", ""ltp"": 9353.9, ""return_pct"": 0.5195823997506904, ""rs_vs_nifty"": 0.5195823997506904}, {""sector"": ""NIFTY_PSU_BANK"", ""ltp"": 8662.05, ""return_pct"": 0.5152216671598364, ""rs_vs_nifty"": 0.5152216671598364}, {""sector"": ""NIFTY_AUTO"", ""ltp"": 29310.3, ""return_pct"": 0.4279537028788292, ""rs_vs_nifty"": 0.4279537028788292}, {""sector"": ""NIFTY_PHARMA"", ""ltp"": 26414.6, ""return_pct"": 0.38306896001337426, ""rs_vs_nifty"": 0.38306896001337426}, {""sector"": ""NIFTY_METAL"", ""ltp"": 13066.85, ""return_pct"": 0.33478586374369196, ""rs_vs_nifty"": 0.33478586374369196}, {""sector"": ""NIFTY_HEALTHCARE"", ""ltp"": 16462.45, ""return_pct"": 0.30250779879119627, ""rs_vs_nifty"": 0.30250779879119627}, {""sector"": ""NIFTY_ENERGY"", ""ltp"": 38213.2, ""return_pct"": 0.2327902435313821, ""rs_vs_nifty"": 0.2327902435313821}]"
2026-08-20 13:23:46,NORMAL,24245.4,,0,24212.99262781586,,,True,True,"[[""NIFTY_MEDIA"", 2.2832488268824993, 2.2832488268824993], [""NIFTY_REALTY"", 1.6362316412576061, 1.6362316412576061], [""NIFTY_IT"", 1.0404806616491002, 1.0404806616491002]]",[],"[{""sector"": ""NIFTY_MEDIA"", ""ltp"": 1623.9, ""return_pct"": 2.2832488268824993, ""rs_vs_nifty"": 2.2832488268824993}, {""sector"": ""NIFTY_REALTY"", ""ltp"": 910.0, ""return_pct"": 1.6362316412576061, ""rs_vs_nifty"": 1.6362316412576061}, {""sector"": ""NIFTY_IT"", ""ltp"": 30749.7, ""return_pct"": 1.0404806616491002, ""rs_vs_nifty"": 1.0404806616491002}, {""sector"": ""NIFTY_FIN_SERVICE"", ""ltp"": 26242.6, ""return_pct"": 0.8826356052742803, ""rs_vs_nifty"": 0.8826356052742803}, {""sector"": ""NIFTY_FMCG"", ""ltp"": 47816.35, ""return_pct"": 0.721343727816752, ""rs_vs_nifty"": 0.721343727816752}, {""sector"": ""NIFTY_BANK"", ""ltp"": 57626.9, ""return_pct"": 0.6763656375158897, ""rs_vs_nifty"": 0.6763656375158897}, {""sector"": ""NIFTY_INFRA"", ""ltp"": 9355.95, ""return_pct"": 0.5416122636491283, ""rs_vs_nifty"": 0.5416122636491283}, {""sector"": ""NIFTY_PSU_BANK"", ""ltp"": 8660.05, ""return_pct"": 0.49201348395443817, ""rs_vs_nifty"": 0.49201348395443817}, {""sector"": ""NIFTY_AUTO"", ""ltp"": 29307.65, ""return_pct"": 0.41887382047187977, ""rs_vs_nifty"": 0.41887382047187977}, {""sector"": ""NIFTY_PHARMA"", ""ltp"": 26412.9, ""return_pct"": 0.3766084716004613, ""rs_vs_nifty"": 0.3766084716004613}, {""sector"": ""NIFTY_METAL"", ""ltp"": 13071.0, ""return_pct"": 0.3666519493981917, ""rs_vs_nifty"": 0.3666519493981917}, {""sector"": ""NIFTY_HEALTHCARE"", ""ltp"": 16457.9, ""return_pct"": 0.2747855332423607, ""rs_vs_nifty"": 0.2747855332423607}, {""sector"": ""NIFTY_ENERGY"", ""ltp"": 38217.45, ""return_pct"": 0.24393794533429336, ""rs_vs_nifty"": 0.24393794533429336}]"
2026-08-20 13:24:04,NORMAL,24246.8,,0,24213.017435310987,,,True,True,"[[""NIFTY_MEDIA"", 2.2706515919755583, 2.2706515919755583], [""NIFTY_REALTY"", 1.60830959959792, 1.60830959959792], [""NIFTY_IT"", 1.0288157118658898, 1.0288157118658898]]",[],"[{""sector"": ""NIFTY_MEDIA"", ""ltp"": 1623.7, ""return_pct"": 2.2706515919755583, ""rs_vs_nifty"": 2.2706515919755583}, {""sector"": ""NIFTY_REALTY"", ""ltp"": 909.75, ""return_pct"": 1.60830959959792, ""rs_vs_nifty"": 1.60830959959792}, {""sector"": ""NIFTY_IT"", ""ltp"": 30746.15, ""return_pct"": 1.0288157118658898, ""rs_vs_nifty"": 1.0288157118658898}, {""sector"": ""NIFTY_FIN_SERVICE"", ""ltp"": 26246.5, ""return_pct"": 0.8976281090224119, ""rs_vs_nifty"": 0.8976281090224119}, {""sector"": ""NIFTY_FMCG"", ""ltp"": 47809.1, ""return_pct"": 0.7060721786076077, ""rs_vs_nifty"": 0.7060721786076077}, {""sector"": ""NIFTY_BANK"", ""ltp"": 57632.0, ""return_pct"": 0.6852755296799864, ""rs_vs_nifty"": 0.6852755296799864}, {""sector"": ""NIFTY_INFRA"", ""ltp"": 9356.6, ""return_pct"": 0.5485973424461864, ""rs_vs_nifty"": 0.5485973424461864}, {""sector"": ""NIFTY_PSU_BANK"", ""ltp"": 8660.1, ""return_pct"": 0.4925936885345858, ""rs_vs_nifty"": 0.4925936885345858}, {""sector"": ""NIFTY_AUTO"", ""ltp"": 29311.6, ""return_pct"": 0.432407984814315, ""rs_vs_nifty"": 0.432407984814315}, {""sector"": ""NIFTY_PHARMA"", ""ltp"": 26416.65, ""return_pct"": 0.39085954898191133, ""rs_vs_nifty"": 0.39085954898191133}, {""sector"": ""NIFTY_METAL"", ""ltp"": 13071.95, ""return_pct"": 0.3739465955118786, ""rs_vs_nifty"": 0.3739465955118786}, {""sector"": ""NIFTY_HEALTHCARE"", ""ltp"": 16458.15, ""return_pct"": 0.27630873464614314, ""rs_vs_nifty"": 0.27630873464614314}, {""sector"": ""NIFTY_ENERGY"", ""ltp"": 38219.75, ""return_pct"": 0.2499708192511706, ""rs_vs_nifty"": 0.2499708192511706}]"
2026-08-20 13:25:43,NORMAL,24248.35,,0,24213.159916229,,,True,True,"[[""NIFTY_MEDIA"", 2.232859887254736, 2.232859887254736], [""NIFTY_REALTY"", 1.5692187412743568, 1.5692187412743568], [""NIFTY_IT"", 1.0462309890070218, 1.0462309890070218]]",[],"[{""sector"": ""NIFTY_MEDIA"", ""ltp"": 1623.1, ""return_pct"": 2.232859887254736, ""rs_vs_nifty"": 2.232859887254736}, {""sector"": ""NIFTY_REALTY"", ""ltp"": 909.4, ""return_pct"": 1.5692187412743568, ""rs_vs_nifty"": 1.5692187412743568}, {""sector"": ""NIFTY_IT"", ""ltp"": 30751.45, ""return_pct"": 1.0462309890070218, ""rs_vs_nifty"": 1.0462309890070218}, {""sector"": ""NIFTY_FIN_SERVICE"", ""ltp"": 26244.35, ""return_pct"": 0.8893630108022856, ""rs_vs_nifty"": 0.8893630108022856}, {""sector"": ""NIFTY_FMCG"", ""ltp"": 47802.3, ""return_pct"": 0.6917485186597297, ""rs_vs_nifty"": 0.6917485186597297}, {""sector"": ""NIFTY_BANK"", ""ltp"": 57624.95, ""return_pct"": 0.6729589140413734, ""rs_vs_nifty"": 0.6729589140413734}, {""sector"": ""NIFTY_INFRA"", ""ltp"": 9357.6, ""return_pct"": 0.5593436175185894, ""rs_vs_nifty"": 0.5593436175185894}, {""sector"": ""NIFTY_PSU_BANK"", ""ltp"": 8659.55, ""return_pct"": 0.4862114381530886, ""rs_vs_nifty"": 0.4862114381530886}, {""sector"": ""NIFTY_AUTO"", ""ltp"": 29322.0, ""return_pct"": 0.46804224029822633, ""rs_vs_nifty"": 0.46804224029822633}, {""sector"": ""NIFTY_PHARMA"", ""ltp"": 26416.7, ""return_pct"": 0.3910495633469946, ""rs_vs_nifty"": 0.3910495633469946}, {""sector"": ""NIFTY_METAL"", ""ltp"": 13068.5, ""return_pct"": 0.3474555122569251, ""rs_vs_nifty"": 0.3474555122569251}, {""sector"": ""NIFTY_HEALTHCARE"", ""ltp"": 16460.35, ""return_pct"": 0.2897129069994107, ""rs_vs_nifty"": 0.2897129069994107}, {""sector"": ""NIFTY_ENERGY"", ""ltp"": 38223.85, ""return_pct"": 0.2607250727551518, ""rs_vs_nifty"": 0.2607250727551518}]"
2026-08-20 13:26:00,NORMAL,24250.6,,0,24213.193023310185,,,True,True,"[[""NIFTY_MEDIA"", 2.2800995181557533, 2.2800995181557533], [""NIFTY_REALTY"", 1.5468811079466156, 1.5468811079466156], [""NIFTY_IT"", 1.0544457423754814, 1.0544457423754814]]",[],"[{""sector"": ""NIFTY_MEDIA"", ""ltp"": 1623.85, ""return_pct"": 2.2800995181557533, ""rs_vs_nifty"": 2.2800995181557533}, {""sector"": ""NIFTY_REALTY"", ""ltp"": 909.2, ""return_pct"": 1.5468811079466156, ""rs_vs_nifty"": 1.5468811079466156}, {""sector"": ""NIFTY_IT"", ""ltp"": 30753.95, ""return_pct"": 1.0544457423754814, ""rs_vs_nifty"": 1.0544457423754814}, {""sector"": ""NIFTY_FIN_SERVICE"", ""ltp"": 26244.05, ""return_pct"": 0.8882097412832017, ""rs_vs_nifty"": 0.8882097412832017}, {""sector"": ""NIFTY_FMCG"", ""ltp"": 47810.25, ""return_pct"": 0.7084945622752682, ""rs_vs_nifty"": 0.7084945622752682}, {""sector"": ""NIFTY_BANK"", ""ltp"": 57618.65, ""return_pct"": 0.6619525766621998, ""rs_vs_nifty"": 0.6619525766621998}, {""sector"": ""NIFTY_INFRA"", ""ltp"": 9357.6, ""return_pct"": 0.5593436175185894, ""rs_vs_nifty"": 0.5593436175185894}, {""sector"": ""NIFTY_AUTO"", ""ltp"": 29316.8, ""return_pct"": 0.4502251125562707, ""rs_vs_nifty"": 0.4502251125562707}, {""sector"": ""NIFTY_PSU_BANK"", ""ltp"": 8654.6, ""return_pct"": 0.42877118471974063, ""rs_vs_nifty"": 0.42877118471974063}, {""sector"": ""NIFTY_PHARMA"", ""ltp"": 26415.3, ""return_pct"": 0.385729161124581, ""rs_vs_nifty"": 0.385729161124581}, {""sector"": ""NIFTY_METAL"", ""ltp"": 13065.8, ""return_pct"": 0.3267233601443516, ""rs_vs_nifty"": 0.3267233601443516}, {""sector"": ""NIFTY_HEALTHCARE"", ""ltp"": 16460.2, ""return_pct"": 0.2887989861571545, ""rs_vs_nifty"": 0.2887989861571545}, {""sector"": ""NIFTY_ENERGY"", ""ltp"": 38223.35, ""return_pct"": 0.25941357842539753, ""rs_vs_nifty"": 0.25941357842539753}]"
2026-08-20 13:27:40,NORMAL,24246.85,,0,24213.50805778267,,,True,True,"[[""NIFTY_MEDIA"", 2.2800995181557533, 2.2800995181557533], [""NIFTY_REALTY"", 1.563634332942425, 1.563634332942425], [""NIFTY_IT"", 1.0215867289016431, 1.0215867289016431]]",[],"[{""sector"": ""NIFTY_MEDIA"", ""ltp"": 1623.85, ""return_pct"": 2.2800995181557533, ""rs_vs_nifty"": 2.2800995181557533}, {""sector"": ""NIFTY_REALTY"", ""ltp"": 909.35, ""return_pct"": 1.563634332942425, ""rs_vs_nifty"": 1.563634332942425}, {""sector"": ""NIFTY_IT"", ""ltp"": 30743.95, ""return_pct"": 1.0215867289016431, ""rs_vs_nifty"": 1.0215867289016431}, {""sector"": ""NIFTY_FIN_SERVICE"", ""ltp"": 26240.2, ""return_pct"": 0.8734094491215958, ""rs_vs_nifty"": 0.8734094491215958}, {""sector"": ""NIFTY_FMCG"", ""ltp"": 47819.8, ""return_pct"": 0.7286108788197335, ""rs_vs_nifty"": 0.7286108788197335}, {""sector"": ""NIFTY_BANK"", ""ltp"": 57611.2, ""return_pct"": 0.6489371459518902, ""rs_vs_nifty"": 0.6489371459518902}, {""sector"": ""NIFTY_INFRA"", ""ltp"": 9356.2, ""return_pct"": 0.5442988324172291, ""rs_vs_nifty"": 0.5442988324172291}, {""sector"": ""NIFTY_PSU_BANK"", ""ltp"": 8657.0, ""return_pct"": 0.4566210045662143, ""rs_vs_nifty"": 0.4566210045662143}, {""sector"": ""NIFTY_AUTO"", ""ltp"": 29309.55, ""return_pct"": 0.4253839248391244, ""rs_vs_nifty"": 0.4253839248391244}, {""sector"": ""NIFTY_PHARMA"", ""ltp"": 26416.0, ""return_pct"": 0.3883893622357878, ""rs_vs_nifty"": 0.3883893622357878}, {""sector"": ""NIFTY_METAL"", ""ltp"": 13061.75, ""return_pct"": 0.2956251319755054, ""rs_vs_nifty"": 0.2956251319755054}, {""sector"": ""NIFTY_HEALTHCARE"", ""ltp"": 16460.9, ""return_pct"": 0.2930639500877497, ""rs_vs_nifty"": 0.2930639500877497}, {""sector"": ""NIFTY_ENERGY"", ""ltp"": 38215.65, ""return_pct"": 0.23921656574718947, ""rs_vs_nifty"": 0.23921656574718947}]"
2026-08-20 13:27:58,NORMAL,24245.65,,0,24213.524540740997,,,True,True,"[[""NIFTY_MEDIA"", 2.2863981356092307, 2.2863981356092307], [""NIFTY_REALTY"", 1.5748031496063015, 1.5748031496063015], [""NIFTY_IT"", 1.0212581387668975, 1.0212581387668975]]",[],"[{""sector"": ""NIFTY_MEDIA"", ""ltp"": 1623.95, ""return_pct"": 2.2863981356092307, ""rs_vs_nifty"": 2.2863981356092307}, {""sector"": ""NIFTY_REALTY"", ""ltp"": 909.45, ""return_pct"": 1.5748031496063015, ""rs_vs_nifty"": 1.5748031496063015}, {""sector"": ""NIFTY_IT"", ""ltp"": 30743.85, ""return_pct"": 1.0212581387668975, ""rs_vs_nifty"": 1.0212581387668975}, {""sector"": ""NIFTY_FIN_SERVICE"", ""ltp"": 26241.65, ""return_pct"": 0.8789835851305173, ""rs_vs_nifty"": 0.8789835851305173}, {""sector"": ""NIFTY_FMCG"", ""ltp"": 47816.0, ""return_pct"": 0.7206064806135551, ""rs_vs_nifty"": 0.7206064806135551}, {""sector"": ""NIFTY_BANK"", ""ltp"": 57607.9, ""return_pct"": 0.6431719216104218, ""rs_vs_nifty"": 0.6431719216104218}, {""sector"": ""NIFTY_INFRA"", ""ltp"": 9356.0, ""return_pct"": 0.5421495774027406, ""rs_vs_nifty"": 0.5421495774027406}, {""sector"": ""NIFTY_PSU_BANK"", ""ltp"": 8657.3, ""return_pct"": 0.46010223204701556, ""rs_vs_nifty"": 0.46010223204701556}, {""sector"": ""NIFTY_AUTO"", ""ltp"": 29310.25, ""return_pct"": 0.4277823843428514, ""rs_vs_nifty"": 0.4277823843428514}, {""sector"": ""NIFTY_PHARMA"", ""ltp"": 26415.65, ""return_pct"": 0.38705926168019134, ""rs_vs_nifty"": 0.38705926168019134}, {""sector"": ""NIFTY_METAL"", ""ltp"": 13063.55, ""return_pct"": 0.30944656671721166, ""rs_vs_nifty"": 0.30944656671721166}, {""sector"": ""NIFTY_HEALTHCARE"", ""ltp"": 16461.25, ""return_pct"": 0.29519643205303625, ""rs_vs_nifty"": 0.29519643205303625}, {""sector"": ""NIFTY_ENERGY"", ""ltp"": 38214.85, ""return_pct"": 0.237118174819575, ""rs_vs_nifty"": 0.237118174819575}]"
2026-08-20 13:29:40,NORMAL,24246.95,,0,24213.65286863435,,,True,True,"[[""NIFTY_MEDIA"", 2.305293987969635, 2.305293987969635], [""NIFTY_REALTY"", 1.591556374602111, 1.591556374602111], [""NIFTY_IT"", 1.0871404607819533, 1.0871404607819533]]",[],"[{""sector"": ""NIFTY_MEDIA"", ""ltp"": 1624.25, ""return_pct"": 2.305293987969635, ""rs_vs_nifty"": 2.305293987969635}, {""sector"": ""NIFTY_REALTY"", ""ltp"": 909.6, ""return_pct"": 1.591556374602111, ""rs_vs_nifty"": 1.591556374602111}, {""sector"": ""NIFTY_IT"", ""ltp"": 30763.9, ""return_pct"": 1.0871404607819533, ""rs_vs_nifty"": 1.0871404607819533}, {""sector"": ""NIFTY_FIN_SERVICE"", ""ltp"": 26238.65, ""return_pct"": 0.8674508899396511, ""rs_vs_nifty"": 0.8674508899396511}, {""sector"": ""NIFTY_FMCG"", ""ltp"": 47814.65, ""return_pct"": 0.7177628128297865, ""rs_vs_nifty"": 0.7177628128297865}, {""sector"": ""NIFTY_BANK"", ""ltp"": 57611.55, ""return_pct"": 0.6495486091396327, ""rs_vs_nifty"": 0.6495486091396327}, {""sector"": ""NIFTY_INFRA"", ""ltp"": 9356.95, ""return_pct"": 0.5523585387215314, ""rs_vs_nifty"": 0.5523585387215314}, {""sector"": ""NIFTY_PSU_BANK"", ""ltp"": 8659.0, ""return_pct"": 0.47982918777161254, ""rs_vs_nifty"": 0.47982918777161254}, {""sector"": ""NIFTY_AUTO"", ""ltp"": 29308.25, ""return_pct"": 0.4209296429036386, ""rs_vs_nifty"": 0.4209296429036386}, {""sector"": ""NIFTY_PHARMA"", ""ltp"": 26405.15, ""return_pct"": 0.3471562450121312, ""rs_vs_nifty"": 0.3471562450121312}, {""sector"": ""NIFTY_METAL"", ""ltp"": 13064.35, ""return_pct"": 0.31558942660242534, ""rs_vs_nifty"": 0.31558942660242534}, {""sector"": ""NIFTY_HEALTHCARE"", ""ltp"": 16455.55, ""return_pct"": 0.26046744004679273, ""rs_vs_nifty"": 0.26046744004679273}, {""sector"": ""NIFTY_ENERGY"", ""ltp"": 38216.6, ""return_pct"": 0.24170840497371493, ""rs_vs_nifty"": 0.24170840497371493}]"
2026-08-20 13:29:59,NORMAL,24248.1,,0,24213.67095968459,,,True,True,"[[""NIFTY_MEDIA"", 2.3021446792429034, 2.3021446792429034], [""NIFTY_REALTY"", 1.585971966270166, 1.585971966270166], [""NIFTY_IT"", 1.082540198895611, 1.082540198895611]]",[],"[{""sector"": ""NIFTY_MEDIA"", ""ltp"": 1624.2, ""return_pct"": 2.3021446792429034, ""rs_vs_nifty"": 2.3021446792429034}, {""sector"": ""NIFTY_REALTY"", ""ltp"": 909.55, ""return_pct"": 1.585971966270166, ""rs_vs_nifty"": 1.585971966270166}, {""sector"": ""NIFTY_IT"", ""ltp"": 30762.5, ""return_pct"": 1.082540198895611, ""rs_vs_nifty"": 1.082540198895611}, {""sector"": ""NIFTY_FIN_SERVICE"", ""ltp"": 26239.25, ""return_pct"": 0.8697574289778187, ""rs_vs_nifty"": 0.8697574289778187}, {""sector"": ""NIFTY_FMCG"", ""ltp"": 47812.5, ""return_pct"": 0.7132340085815544, ""rs_vs_nifty"": 0.7132340085815544}, {""sector"": ""NIFTY_BANK"", ""ltp"": 57612.5, ""return_pct"": 0.651208294934901, ""rs_vs_nifty"": 0.651208294934901}, {""sector"": ""NIFTY_INFRA"", ""ltp"": 9357.85, ""return_pct"": 0.5620301862866901, ""rs_vs_nifty"": 0.5620301862866901}, {""sector"": ""NIFTY_PSU_BANK"", ""ltp"": 8659.65, ""return_pct"": 0.4873718473133627, ""rs_vs_nifty"": 0.4873718473133627}, {""sector"": ""NIFTY_AUTO"", ""ltp"": 29306.9, ""return_pct"": 0.41630404243217495, ""rs_vs_nifty"": 0.41630404243217495}, {""sector"": ""NIFTY_PHARMA"", ""ltp"": 26405.95, ""return_pct"": 0.35019647485350447, ""rs_vs_nifty"": 0.35019647485350447}, {""sector"": ""NIFTY_METAL"", ""ltp"": 13064.9, ""return_pct"": 0.31981264277349847, ""rs_vs_nifty"": 0.31981264277349847}, {""sector"": ""NIFTY_HEALTHCARE"", ""ltp"": 16456.35, ""return_pct"": 0.265341684538892, ""rs_vs_nifty"": 0.265341684538892}, {""sector"": ""NIFTY_ENERGY"", ""ltp"": 38217.6, ""return_pct"": 0.24433139363322348, ""rs_vs_nifty"": 0.24433139363322348}]"
2026-08-20 13:31:40,NORMAL,24248.25,,0,24213.812516622413,,,True,True,"[[""NIFTY_MEDIA"", 2.2769502094290215, 2.2769502094290215], [""NIFTY_REALTY"", 1.5692187412743568, 1.5692187412743568], [""NIFTY_IT"", 1.0593745943965571, 1.0593745943965571]]",[],"[{""sector"": ""NIFTY_MEDIA"", ""ltp"": 1623.8, ""return_pct"": 2.2769502094290215, ""rs_vs_nifty"": 2.2769502094290215}, {""sector"": ""NIFTY_REALTY"", ""ltp"": 909.4, ""return_pct"": 1.5692187412743568, ""rs_vs_nifty"": 1.5692187412743568}, {""sector"": ""NIFTY_IT"", ""ltp"": 30755.45, ""return_pct"": 1.0593745943965571, ""rs_vs_nifty"": 1.0593745943965571}, {""sector"": ""NIFTY_FIN_SERVICE"", ""ltp"": 26242.15, ""return_pct"": 0.8809057009956616, ""rs_vs_nifty"": 0.8809057009956616}, {""sector"": ""NIFTY_FMCG"", ""ltp"": 47815.65, ""return_pct"": 0.7198692334103581, ""rs_vs_nifty"": 0.7198692334103581}, {""sector"": ""NIFTY_BANK"", ""ltp"": 57604.75, ""return_pct"": 0.6376687529208286, ""rs_vs_nifty"": 0.6376687529208286}, {""sector"": ""NIFTY_INFRA"", ""ltp"": 9360.25, ""return_pct"": 0.5878212464604535, ""rs_vs_nifty"": 0.5878212464604535}, {""sector"": ""NIFTY_PSU_BANK"", ""ltp"": 8656.15, ""return_pct"": 0.4467575267039158, ""rs_vs_nifty"": 0.4467575267039158}, {""sector"": ""NIFTY_AUTO"", ""ltp"": 29311.4, ""return_pct"": 0.4317227106704037, ""rs_vs_nifty"": 0.4317227106704037}, {""sector"": ""NIFTY_PHARMA"", ""ltp"": 26409.75, ""return_pct"": 0.36463756660003777, ""rs_vs_nifty"": 0.36463756660003777}, {""sector"": ""NIFTY_HEALTHCARE"", ""ltp"": 16459.0, ""return_pct"": 0.2814876194189945, ""rs_vs_nifty"": 0.2814876194189945}, {""sector"": ""NIFTY_METAL"", ""ltp"": 13059.2, ""return_pct"": 0.27604476609141904, ""rs_vs_nifty"": 0.27604476609141904}, {""sector"": ""NIFTY_ENERGY"", ""ltp"": 38226.65, ""return_pct"": 0.2680694410017833, ""rs_vs_nifty"": 0.2680694410017833}]"
2026-08-20 13:31:58,NORMAL,24247.5,,0,24213.83574690648,,,True,True,"[[""NIFTY_MEDIA"", 2.2706515919755583, 2.2706515919755583], [""NIFTY_REALTY"", 1.5748031496063015, 1.5748031496063015], [""NIFTY_IT"", 1.069068003371342, 1.069068003371342]]",[],"[{""sector"": ""NIFTY_MEDIA"", ""ltp"": 1623.7, ""return_pct"": 2.2706515919755583, ""rs_vs_nifty"": 2.2706515919755583}, {""sector"": ""NIFTY_REALTY"", ""ltp"": 909.45, ""return_pct"": 1.5748031496063015, ""rs_vs_nifty"": 1.5748031496063015}, {""sector"": ""NIFTY_IT"", ""ltp"": 30758.4, ""return_pct"": 1.069068003371342, ""rs_vs_nifty"": 1.069068003371342}, {""sector"": ""NIFTY_FIN_SERVICE"", ""ltp"": 26238.55, ""return_pct"": 0.8670664667666139, ""rs_vs_nifty"": 0.8670664667666139}, {""sector"": ""NIFTY_FMCG"", ""ltp"": 47822.55, ""return_pct"": 0.7344035354163054, ""rs_vs_nifty"": 0.7344035354163054}, {""sector"": ""NIFTY_BANK"", ""ltp"": 57605.3, ""return_pct"": 0.638629623644413, ""rs_vs_nifty"": 0.638629623644413}, {""sector"": ""NIFTY_INFRA"", ""ltp"": 9360.4, ""return_pct"": 0.58943318772131, ""rs_vs_nifty"": 0.58943318772131}, {""sector"": ""NIFTY_PSU_BANK"", ""ltp"": 8657.25, ""return_pct"": 0.4595220274668891, ""rs_vs_nifty"": 0.4595220274668891}, {""sector"": ""NIFTY_AUTO"", ""ltp"": 29311.35, ""return_pct"": 0.4315513921344134, ""rs_vs_nifty"": 0.4315513921344134}, {""sector"": ""NIFTY_PHARMA"", ""ltp"": 26409.15, ""return_pct"": 0.36235739421901125, ""rs_vs_nifty"": 0.36235739421901125}, {""sector"": ""NIFTY_HEALTHCARE"", ""ltp"": 16459.1, ""return_pct"": 0.2820968999804986, ""rs_vs_nifty"": 0.2820968999804986}, {""sector"": ""NIFTY_ENERGY"", ""ltp"": 38224.55, ""return_pct"": 0.26256116481681924, ""rs_vs_nifty"": 0.26256116481681924}, {""sector"": ""NIFTY_METAL"", ""ltp"": 13055.3, ""return_pct"": 0.246098324151032, ""rs_vs_nifty"": 0.246098324151032}]"
2026-08-20 13:33:42,NORMAL,24248.25,,0,24214.07300672945,,,True,True,"[[""NIFTY_MEDIA"", 2.491103202846972, 2.491103202846972], [""NIFTY_REALTY"", 1.60830959959792, 1.60830959959792], [""NIFTY_IT"", 1.0772827567398016, 1.0772827567398016]]",[],"[{""sector"": ""NIFTY_MEDIA"", ""ltp"": 1627.2, ""return_pct"": 2.491103202846972, ""rs_vs_nifty"": 2.491103202846972}, {""sector"": ""NIFTY_REALTY"", ""ltp"": 909.75, ""return_pct"": 1.60830959959792, ""rs_vs_nifty"": 1.60830959959792}, {""sector"": ""NIFTY_IT"", ""ltp"": 30760.9, ""return_pct"": 1.0772827567398016, ""rs_vs_nifty"": 1.0772827567398016}, {""sector"": ""NIFTY_FIN_SERVICE"", ""ltp"": 26235.5, ""return_pct"": 0.8553415599892361, ""rs_vs_nifty"": 0.8553415599892361}, {""sector"": ""NIFTY_FMCG"", ""ltp"": 47822.9, ""return_pct"": 0.7351407826195024, ""rs_vs_nifty"": 0.7351407826195024}, {""sector"": ""NIFTY_BANK"", ""ltp"": 57605.2, ""return_pct"": 0.6384549198764794, ""rs_vs_nifty"": 0.6384549198764794}, {""sector"": ""NIFTY_INFRA"", ""ltp"": 9359.85, ""return_pct"": 0.5835227364314962, ""rs_vs_nifty"": 0.5835227364314962}, {""sector"": ""NIFTY_PSU_BANK"", ""ltp"": 8658.0, ""return_pct"": 0.46822509616891345, ""rs_vs_nifty"": 0.46822509616891345}, {""sector"": ""NIFTY_AUTO"", ""ltp"": 29311.7, ""return_pct"": 0.43275062188628305, ""rs_vs_nifty"": 0.43275062188628305}, {""sector"": ""NIFTY_PHARMA"", ""ltp"": 26409.95, ""return_pct"": 0.3653976240603845, ""rs_vs_nifty"": 0.3653976240603845}, {""sector"": ""NIFTY_HEALTHCARE"", ""ltp"": 16460.6, ""return_pct"": 0.2912361084031931, ""rs_vs_nifty"": 0.2912361084031931}, {""sector"": ""NIFTY_ENERGY"", ""ltp"": 38222.5, ""return_pct"": 0.25718403806481904, ""rs_vs_nifty"": 0.25718403806481904}, {""sector"": ""NIFTY_METAL"", ""ltp"": 13054.45, ""return_pct"": 0.23957153552301252, ""rs_vs_nifty"": 0.23957153552301252}]"
2026-08-20 13:34:00,NORMAL,24247.8,,0,24214.088433953028,,,True,True,"[[""NIFTY_MEDIA"", 2.4816552766667628, 2.4816552766667628], [""NIFTY_REALTY"", 1.585971966270166, 1.585971966270166], [""NIFTY_IT"", 1.0496811854217725, 1.0496811854217725]]",[],"[{""sector"": ""NIFTY_MEDIA"", ""ltp"": 1627.05, ""return_pct"": 2.4816552766667628, ""rs_vs_nifty"": 2.4816552766667628}, {""sector"": ""NIFTY_REALTY"", ""ltp"": 909.55, ""return_pct"": 1.585971966270166, ""rs_vs_nifty"": 1.585971966270166}, {""sector"": ""NIFTY_IT"", ""ltp"": 30752.5, ""return_pct"": 1.0496811854217725, ""rs_vs_nifty"": 1.0496811854217725}, {""sector"": ""NIFTY_FIN_SERVICE"", ""ltp"": 26237.4, ""return_pct"": 0.8626456002767904, ""rs_vs_nifty"": 0.8626456002767904}, {""sector"": ""NIFTY_FMCG"", ""ltp"": 47820.95, ""return_pct"": 0.7310332624873785, ""rs_vs_nifty"": 0.7310332624873785}, {""sector"": ""NIFTY_BANK"", ""ltp"": 57608.05, ""return_pct"": 0.6434339772623098, ""rs_vs_nifty"": 0.6434339772623098}, {""sector"": ""NIFTY_INFRA"", ""ltp"": 9360.05, ""return_pct"": 0.5856719914459652, ""rs_vs_nifty"": 0.5856719914459652}, {""sector"": ""NIFTY_PSU_BANK"", ""ltp"": 8658.1, ""return_pct"": 0.46938550532918755, ""rs_vs_nifty"": 0.46938550532918755}, {""sector"": ""NIFTY_AUTO"", ""ltp"": 29315.8, ""return_pct"": 0.44679874183666424, ""rs_vs_nifty"": 0.44679874183666424}, {""sector"": ""NIFTY_PHARMA"", ""ltp"": 26414.55, ""return_pct"": 0.382878945648291, ""rs_vs_nifty"": 0.382878945648291}, {""sector"": ""NIFTY_HEALTHCARE"", ""ltp"": 16462.15, ""return_pct"": 0.3006799571066618, ""rs_vs_nifty"": 0.3006799571066618}, {""sector"": ""NIFTY_ENERGY"", ""ltp"": 38219.8, ""return_pct"": 0.2501019686841537, ""rs_vs_nifty"": 0.2501019686841537}, {""sector"": ""NIFTY_METAL"", ""ltp"": 13054.1, ""return_pct"": 0.2368840343232324, ""rs_vs_nifty"": 0.2368840343232324}]"
2026-08-20 13:35:47,NORMAL,24248.15,,0,24214.238813092008,,,True,True,"[[""NIFTY_MEDIA"", 2.4753566592132996, 2.4753566592132996], [""NIFTY_REALTY"", 1.6194784162617972, 1.6194784162617972], [""NIFTY_IT"", 1.0332516786848533, 1.0332516786848533]]",[],"[{""sector"": ""NIFTY_MEDIA"", ""ltp"": 1626.95, ""return_pct"": 2.4753566592132996, ""rs_vs_nifty"": 2.4753566592132996}, {""sector"": ""NIFTY_REALTY"", ""ltp"": 909.85, ""return_pct"": 1.6194784162617972, ""rs_vs_nifty"": 1.6194784162617972}, {""sector"": ""NIFTY_IT"", ""ltp"": 30747.5, ""return_pct"": 1.0332516786848533, ""rs_vs_nifty"": 1.0332516786848533}, {""sector"": ""NIFTY_FIN_SERVICE"", ""ltp"": 26236.65, ""return_pct"": 0.8597624264790737, ""rs_vs_nifty"": 0.8597624264790737}, {""sector"": ""NIFTY_FMCG"", ""ltp"": 47803.5, ""return_pct"": 0.6942762233564096, ""rs_vs_nifty"": 0.6942762233564096}, {""sector"": ""NIFTY_BANK"", ""ltp"": 57611.45, ""return_pct"": 0.649373905371699, ""rs_vs_nifty"": 0.649373905371699}, {""sector"": ""NIFTY_INFRA"", ""ltp"": 9359.8, ""return_pct"": 0.5829854226778644, ""rs_vs_nifty"": 0.5829854226778644}, {""sector"": ""NIFTY_PSU_BANK"", ""ltp"": 8660.0, ""return_pct"": 0.4914332793743116, ""rs_vs_nifty"": 0.4914332793743116}, {""sector"": ""NIFTY_AUTO"", ""ltp"": 29310.95, ""return_pct"": 0.43018084384657834, ""rs_vs_nifty"": 0.43018084384657834}, {""sector"": ""NIFTY_PHARMA"", ""ltp"": 26417.95, ""return_pct"": 0.39579992247414464, ""rs_vs_nifty"": 0.39579992247414464}, {""sector"": ""NIFTY_HEALTHCARE"", ""ltp"": 16463.2, ""return_pct"": 0.3070774030025435, ""rs_vs_nifty"": 0.3070774030025435}, {""sector"": ""NIFTY_ENERGY"", ""ltp"": 38224.65, ""return_pct"": 0.2628234636827662, ""rs_vs_nifty"": 0.2628234636827662}, {""sector"": ""NIFTY_METAL"", ""ltp"": 13055.5, ""return_pct"": 0.2476340391223389, ""rs_vs_nifty"": 0.2476340391223389}]"
2026-08-20 13:36:04,NORMAL,24248.95,,0,24214.27422766988,,,True,True,"[[""NIFTY_MEDIA"", 2.45331149812615, 2.45331149812615], [""NIFTY_REALTY"", 1.60830959959792, 1.60830959959792], [""NIFTY_IT"", 1.0480382347480806, 1.0480382347480806]]",[],"[{""sector"": ""NIFTY_MEDIA"", ""ltp"": 1626.6, ""return_pct"": 2.45331149812615, ""rs_vs_nifty"": 2.45331149812615}, {""sector"": ""NIFTY_REALTY"", ""ltp"": 909.75, ""return_pct"": 1.60830959959792, ""rs_vs_nifty"": 1.60830959959792}, {""sector"": ""NIFTY_IT"", ""ltp"": 30752.0, ""return_pct"": 1.0480382347480806, ""rs_vs_nifty"": 1.0480382347480806}, {""sector"": ""NIFTY_FIN_SERVICE"", ""ltp"": 26237.25, ""return_pct"": 0.8620689655172413, ""rs_vs_nifty"": 0.8620689655172413}, {""sector"": ""NIFTY_FMCG"", ""ltp"": 47799.4, ""return_pct"": 0.685639898976069, ""rs_vs_nifty"": 0.685639898976069}, {""sector"": ""NIFTY_BANK"", ""ltp"": 57614.1, ""return_pct"": 0.6540035552216746, ""rs_vs_nifty"": 0.6540035552216746}, {""sector"": ""NIFTY_INFRA"", ""ltp"": 9359.55, ""return_pct"": 0.5802988539097635, ""rs_vs_nifty"": 0.5802988539097635}, {""sector"": ""NIFTY_PSU_BANK"", ""ltp"": 8660.3, ""return_pct"": 0.49491450685511296, ""rs_vs_nifty"": 0.49491450685511296}, {""sector"": ""NIFTY_AUTO"", ""ltp"": 29310.6, ""return_pct"": 0.4289816140947086, ""rs_vs_nifty"": 0.4289816140947086}, {""sector"": ""NIFTY_PHARMA"", ""ltp"": 26414.25, ""return_pct"": 0.3817388594577778, ""rs_vs_nifty"": 0.3817388594577778}, {""sector"": ""NIFTY_HEALTHCARE"", ""ltp"": 16461.05, ""return_pct"": 0.2939778709300058, ""rs_vs_nifty"": 0.2939778709300058}, {""sector"": ""NIFTY_ENERGY"", ""ltp"": 38223.15, ""return_pct"": 0.25888898069350347, ""rs_vs_nifty"": 0.25888898069350347}, {""sector"": ""NIFTY_METAL"", ""ltp"": 13053.5, ""return_pct"": 0.23227688940932562, ""rs_vs_nifty"": 0.23227688940932562}]"
2026-08-20 13:37:53,NORMAL,24247.85,,0,24214.402464262635,,,True,True,"[[""NIFTY_MEDIA"", 2.431266337039014, 2.431266337039014], [""NIFTY_REALTY"", 1.5803875579382338, 1.5803875579382338], [""NIFTY_IT"", 1.056417283183907, 1.056417283183907]]",[],"[{""sector"": ""NIFTY_MEDIA"", ""ltp"": 1626.25, ""return_pct"": 2.431266337039014, ""rs_vs_nifty"": 2.431266337039014}, {""sector"": ""NIFTY_REALTY"", ""ltp"": 909.5, ""return_pct"": 1.5803875579382338, ""rs_vs_nifty"": 1.5803875579382338}, {""sector"": ""NIFTY_IT"", ""ltp"": 30754.55, ""return_pct"": 1.056417283183907, ""rs_vs_nifty"": 1.056417283183907}, {""sector"": ""NIFTY_FIN_SERVICE"", ""ltp"": 26230.95, ""return_pct"": 0.8378503056164253, ""rs_vs_nifty"": 0.8378503056164253}, {""sector"": ""NIFTY_FMCG"", ""ltp"": 47803.5, ""return_pct"": 0.6942762233564096, ""rs_vs_nifty"": 0.6942762233564096}, {""sector"": ""NIFTY_BANK"", ""ltp"": 57599.95, ""return_pct"": 0.6292829720604948, ""rs_vs_nifty"": 0.6292829720604948}, {""sector"": ""NIFTY_INFRA"", ""ltp"": 9358.9, ""return_pct"": 0.5733137751127054, ""rs_vs_nifty"": 0.5733137751127054}, {""sector"": ""NIFTY_PSU_BANK"", ""ltp"": 8659.0, ""return_pct"": 0.47982918777161254, ""rs_vs_nifty"": 0.47982918777161254}, {""sector"": ""NIFTY_AUTO"", ""ltp"": 29305.15, ""return_pct"": 0.4103078936728638, ""rs_vs_nifty"": 0.4103078936728638}, {""sector"": ""NIFTY_PHARMA"", ""ltp"": 26411.2, ""return_pct"": 0.3701479831875345, ""rs_vs_nifty"": 0.3701479831875345}, {""sector"": ""NIFTY_HEALTHCARE"", ""ltp"": 16458.25, ""return_pct"": 0.27691801520764725, ""rs_vs_nifty"": 0.27691801520764725}, {""sector"": ""NIFTY_ENERGY"", ""ltp"": 38222.1, ""return_pct"": 0.2561348426010118, ""rs_vs_nifty"": 0.2561348426010118}, {""sector"": ""NIFTY_METAL"", ""ltp"": 13053.7, ""return_pct"": 0.23381260438063256, ""rs_vs_nifty"": 0.23381260438063256}]"
2026-08-20 13:38:09,NORMAL,24246.35,,0,24214.41588428159,,,True,True,"[[""NIFTY_MEDIA"", 2.4344156457657458, 2.4344156457657458], [""NIFTY_REALTY"", 1.5692187412743568, 1.5692187412743568], [""NIFTY_IT"", 1.0526384966344227, 1.0526384966344227]]",[],"[{""sector"": ""NIFTY_MEDIA"", ""ltp"": 1626.3, ""return_pct"": 2.4344156457657458, ""rs_vs_nifty"": 2.4344156457657458}, {""sector"": ""NIFTY_REALTY"", ""ltp"": 909.4, ""return_pct"": 1.5692187412743568, ""rs_vs_nifty"": 1.5692187412743568}, {""sector"": ""NIFTY_IT"", ""ltp"": 30753.4, ""return_pct"": 1.0526384966344227, ""rs_vs_nifty"": 1.0526384966344227}, {""sector"": ""NIFTY_FIN_SERVICE"", ""ltp"": 26228.25, ""return_pct"": 0.8274708799446431, ""rs_vs_nifty"": 0.8274708799446431}, {""sector"": ""NIFTY_FMCG"", ""ltp"": 47803.65, ""return_pct"": 0.6945921864434984, ""rs_vs_nifty"": 0.6945921864434984}, {""sector"": ""NIFTY_BANK"", ""ltp"": 57599.55, ""return_pct"": 0.6285841569888109, ""rs_vs_nifty"": 0.6285841569888109}, {""sector"": ""NIFTY_INFRA"", ""ltp"": 9358.3, ""return_pct"": 0.5668660100692599, ""rs_vs_nifty"": 0.5668660100692599}, {""sector"": ""NIFTY_PSU_BANK"", ""ltp"": 8657.95, ""return_pct"": 0.46764489158878686, ""rs_vs_nifty"": 0.46764489158878686}, {""sector"": ""NIFTY_AUTO"", ""ltp"": 29302.7, ""return_pct"": 0.40191328540982574, ""rs_vs_nifty"": 0.40191328540982574}, {""sector"": ""NIFTY_PHARMA"", ""ltp"": 26412.55, ""return_pct"": 0.375278371044851, ""rs_vs_nifty"": 0.375278371044851}, {""sector"": ""NIFTY_HEALTHCARE"", ""ltp"": 16457.0, ""return_pct"": 0.2693020081887352, ""rs_vs_nifty"": 0.2693020081887352}, {""sector"": ""NIFTY_ENERGY"", ""ltp"": 38220.15, ""return_pct"": 0.25102001471497787, ""rs_vs_nifty"": 0.25102001471497787}, {""sector"": ""NIFTY_METAL"", ""ltp"": 13053.55, ""return_pct"": 0.23266081815214537, ""rs_vs_nifty"": 0.23266081815214537}]"
2026-08-20 13:39:51,NORMAL,24242.3,,0,24214.524871859892,,,True,True,"[[""NIFTY_MEDIA"", 2.3304884577835163, 2.3304884577835163], [""NIFTY_REALTY"", 1.5524655162785477, 1.5524655162785477], [""NIFTY_IT"", 1.0583888239923445, 1.0583888239923445]]",[],"[{""sector"": ""NIFTY_MEDIA"", ""ltp"": 1624.65, ""return_pct"": 2.3304884577835163, ""rs_vs_nifty"": 2.3304884577835163}, {""sector"": ""NIFTY_REALTY"", ""ltp"": 909.25, ""return_pct"": 1.5524655162785477, ""rs_vs_nifty"": 1.5524655162785477}, {""sector"": ""NIFTY_IT"", ""ltp"": 30755.15, ""return_pct"": 1.0583888239923445, ""rs_vs_nifty"": 1.0583888239923445}, {""sector"": ""NIFTY_FIN_SERVICE"", ""ltp"": 26221.2, ""return_pct"": 0.8003690462461105, ""rs_vs_nifty"": 0.8003690462461105}, {""sector"": ""NIFTY_FMCG"", ""ltp"": 47808.5, ""return_pct"": 0.7048083262592678, ""rs_vs_nifty"": 0.7048083262592678}, {""sector"": ""NIFTY_BANK"", ""ltp"": 57572.3, ""return_pct"": 0.5809773802296532, ""rs_vs_nifty"": 0.5809773802296532}, {""sector"": ""NIFTY_INFRA"", ""ltp"": 9357.0, ""return_pct"": 0.5528958524751436, ""rs_vs_nifty"": 0.5528958524751436}, {""sector"": ""NIFTY_PSU_BANK"", ""ltp"": 8653.6, ""return_pct"": 0.4171670931170416, ""rs_vs_nifty"": 0.4171670931170416}, {""sector"": ""NIFTY_AUTO"", ""ltp"": 29302.3, ""return_pct"": 0.40054273712197813, ""rs_vs_nifty"": 0.40054273712197813}, {""sector"": ""NIFTY_PHARMA"", ""ltp"": 26411.0, ""return_pct"": 0.36938792572718776, ""rs_vs_nifty"": 0.36938792572718776}, {""sector"": ""NIFTY_HEALTHCARE"", ""ltp"": 16457.5, ""return_pct"": 0.2723484109963, ""rs_vs_nifty"": 0.2723484109963}, {""sector"": ""NIFTY_ENERGY"", ""ltp"": 38213.75, ""return_pct"": 0.23423288729411945, ""rs_vs_nifty"": 0.23423288729411945}, {""sector"": ""NIFTY_METAL"", ""ltp"": 13053.65, ""return_pct"": 0.23342867563779882, ""rs_vs_nifty"": 0.23342867563779882}]"
2026-08-20 13:40:09,NORMAL,24240.65,,0,24214.55304197649,,,True,True,"[[""NIFTY_MEDIA"", 2.3399363839637113, 2.3399363839637113], [""NIFTY_REALTY"", 1.5524655162785477, 1.5524655162785477], [""NIFTY_IT"", 1.054774332510215, 1.054774332510215]]",[],"[{""sector"": ""NIFTY_MEDIA"", ""ltp"": 1624.8, ""return_pct"": 2.3399363839637113, ""rs_vs_nifty"": 2.3399363839637113}, {""sector"": ""NIFTY_REALTY"", ""ltp"": 909.25, ""return_pct"": 1.5524655162785477, ""rs_vs_nifty"": 1.5524655162785477}, {""sector"": ""NIFTY_IT"", ""ltp"": 30754.05, ""return_pct"": 1.054774332510215, ""rs_vs_nifty"": 1.054774332510215}, {""sector"": ""NIFTY_FIN_SERVICE"", ""ltp"": 26218.0, ""return_pct"": 0.788067504709184, ""rs_vs_nifty"": 0.788067504709184}, {""sector"": ""NIFTY_FMCG"", ""ltp"": 47792.0, ""return_pct"": 0.6700523866798357, ""rs_vs_nifty"": 0.6700523866798357}, {""sector"": ""NIFTY_BANK"", ""ltp"": 57569.3, ""return_pct"": 0.5757362671919478, ""rs_vs_nifty"": 0.5757362671919478}, {""sector"": ""NIFTY_INFRA"", ""ltp"": 9357.15, ""return_pct"": 0.5545077937360002, ""rs_vs_nifty"": 0.5545077937360002}, {""sector"": ""NIFTY_PSU_BANK"", ""ltp"": 8653.1, ""return_pct"": 0.411365047315692, ""rs_vs_nifty"": 0.411365047315692}, {""sector"": ""NIFTY_AUTO"", ""ltp"": 29302.75, ""return_pct"": 0.4020846039458035, ""rs_vs_nifty"": 0.4020846039458035}, {""sector"": ""NIFTY_PHARMA"", ""ltp"": 26411.1, ""return_pct"": 0.3697679544573542, ""rs_vs_nifty"": 0.3697679544573542}, {""sector"": ""NIFTY_HEALTHCARE"", ""ltp"": 16457.6, ""return_pct"": 0.27295769155780414, ""rs_vs_nifty"": 0.27295769155780414}, {""sector"": ""NIFTY_ENERGY"", ""ltp"": 38214.7, ""return_pct"": 0.2367247265206449, ""rs_vs_nifty"": 0.2367247265206449}, {""sector"": ""NIFTY_METAL"", ""ltp"": 13052.9, ""return_pct"": 0.22766974449541882, ""rs_vs_nifty"": 0.22766974449541882}]"
2026-08-20 13:41:56,NORMAL,24242.0,,0,24214.71099113701,,,True,True,"[[""NIFTY_MEDIA"", 2.2800995181557533, 2.2800995181557533], [""NIFTY_REALTY"", 1.5077902496230524, 1.5077902496230524], [""NIFTY_IT"", 1.0868118706472076, 1.0868118706472076]]",[],"[{""sector"": ""NIFTY_MEDIA"", ""ltp"": 1623.85, ""return_pct"": 2.2800995181557533, ""rs_vs_nifty"": 2.2800995181557533}, {""sector"": ""NIFTY_REALTY"", ""ltp"": 908.85, ""return_pct"": 1.5077902496230524, ""rs_vs_nifty"": 1.5077902496230524}, {""sector"": ""NIFTY_IT"", ""ltp"": 30763.8, ""return_pct"": 1.0868118706472076, ""rs_vs_nifty"": 1.0868118706472076}, {""sector"": ""NIFTY_FIN_SERVICE"", ""ltp"": 26219.35, ""return_pct"": 0.7932572175450681, ""rs_vs_nifty"": 0.7932572175450681}, {""sector"": ""NIFTY_FMCG"", ""ltp"": 47797.7, ""return_pct"": 0.6820589839890879, ""rs_vs_nifty"": 0.6820589839890879}, {""sector"": ""NIFTY_BANK"", ""ltp"": 57563.8, ""return_pct"": 0.5661275599561544, ""rs_vs_nifty"": 0.5661275599561544}, {""sector"": ""NIFTY_INFRA"", ""ltp"": 9357.85, ""return_pct"": 0.5620301862866901, ""rs_vs_nifty"": 0.5620301862866901}, {""sector"": ""NIFTY_AUTO"", ""ltp"": 29306.1, ""return_pct"": 0.4135629458564799, ""rs_vs_nifty"": 0.4135629458564799}, {""sector"": ""NIFTY_PSU_BANK"", ""ltp"": 8652.5, ""return_pct"": 0.4044025923540683, ""rs_vs_nifty"": 0.4044025923540683}, {""sector"": ""NIFTY_PHARMA"", ""ltp"": 26406.4, ""return_pct"": 0.3519066041392812, ""rs_vs_nifty"": 0.3519066041392812}, {""sector"": ""NIFTY_HEALTHCARE"", ""ltp"": 16453.25, ""return_pct"": 0.24645398713199895, ""rs_vs_nifty"": 0.24645398713199895}, {""sector"": ""NIFTY_ENERGY"", ""ltp"": 38211.05, ""return_pct"": 0.22715081791345404, ""rs_vs_nifty"": 0.22715081791345404}, {""sector"": ""NIFTY_METAL"", ""ltp"": 13049.35, ""return_pct"": 0.2004108037548259, ""rs_vs_nifty"": 0.2004108037548259}]"
2026-08-20 13:42:14,NORMAL,24242.55,,0,24214.733170487045,,,True,True,"[[""NIFTY_MEDIA"", 2.2926967530626943, 2.2926967530626943], [""NIFTY_REALTY"", 1.4966214329591754, 1.4966214329591754], [""NIFTY_IT"", 1.1017627217778017, 1.1017627217778017]]",[],"[{""sector"": ""NIFTY_MEDIA"", ""ltp"": 1624.05, ""return_pct"": 2.2926967530626943, ""rs_vs_nifty"": 2.2926967530626943}, {""sector"": ""NIFTY_REALTY"", ""ltp"": 908.75, ""return_pct"": 1.4966214329591754, ""rs_vs_nifty"": 1.4966214329591754}, {""sector"": ""NIFTY_IT"", ""ltp"": 30768.35, ""return_pct"": 1.1017627217778017, ""rs_vs_nifty"": 1.1017627217778017}, {""sector"": ""NIFTY_FIN_SERVICE"", ""ltp"": 26217.7, ""return_pct"": 0.7869142351901001, ""rs_vs_nifty"": 0.7869142351901001}, {""sector"": ""NIFTY_FMCG"", ""ltp"": 47797.2, ""return_pct"": 0.6810057736988021, ""rs_vs_nifty"": 0.6810057736988021}, {""sector"": ""NIFTY_BANK"", ""ltp"": 57562.85, ""return_pct"": 0.5644678741608734, ""rs_vs_nifty"": 0.5644678741608734}, {""sector"": ""NIFTY_INFRA"", ""ltp"": 9357.25, ""return_pct"": 0.5555824212432444, ""rs_vs_nifty"": 0.5555824212432444}, {""sector"": ""NIFTY_AUTO"", ""ltp"": 29306.15, ""return_pct"": 0.41373426439247024, ""rs_vs_nifty"": 0.41373426439247024}, {""sector"": ""NIFTY_PSU_BANK"", ""ltp"": 8652.5, ""return_pct"": 0.4044025923540683, ""rs_vs_nifty"": 0.4044025923540683}, {""sector"": ""NIFTY_PHARMA"", ""ltp"": 26405.95, ""return_pct"": 0.35019647485350447, ""rs_vs_nifty"": 0.35019647485350447}, {""sector"": ""NIFTY_HEALTHCARE"", ""ltp"": 16452.8, ""return_pct"": 0.24371222460518618, ""rs_vs_nifty"": 0.24371222460518618}, {""sector"": ""NIFTY_ENERGY"", ""ltp"": 38210.15, ""return_pct"": 0.22479012811989252, ""rs_vs_nifty"": 0.22479012811989252}, {""sector"": ""NIFTY_METAL"", ""ltp"": 13048.35, ""return_pct"": 0.19273222889831926, ""rs_vs_nifty"": 0.19273222889831926}]"
2026-08-20 13:43:56,NORMAL,24247.7,,0,24214.862423338607,,,True,True,"[[""NIFTY_MEDIA"", 2.3493843101439205, 2.3493843101439205], [""NIFTY_REALTY"", 1.5189590662869294, 1.5189590662869294], [""NIFTY_IT"", 1.1254212114789677, 1.1254212114789677]]",[],"[{""sector"": ""NIFTY_MEDIA"", ""ltp"": 1624.95, ""return_pct"": 2.3493843101439205, ""rs_vs_nifty"": 2.3493843101439205}, {""sector"": ""NIFTY_REALTY"", ""ltp"": 908.95, ""return_pct"": 1.5189590662869294, ""rs_vs_nifty"": 1.5189590662869294}, {""sector"": ""NIFTY_IT"", ""ltp"": 30775.55, ""return_pct"": 1.1254212114789677, ""rs_vs_nifty"": 1.1254212114789677}, {""sector"": ""NIFTY_FIN_SERVICE"", ""ltp"": 26224.4, ""return_pct"": 0.8126705877830372, ""rs_vs_nifty"": 0.8126705877830372}, {""sector"": ""NIFTY_FMCG"", ""ltp"": 47807.5, ""return_pct"": 0.7027019056786962, ""rs_vs_nifty"": 0.7027019056786962}, {""sector"": ""NIFTY_BANK"", ""ltp"": 57573.25, ""return_pct"": 0.5826370660249215, ""rs_vs_nifty"": 0.5826370660249215}, {""sector"": ""NIFTY_INFRA"", ""ltp"": 9358.0, ""return_pct"": 0.5636421275475467, ""rs_vs_nifty"": 0.5636421275475467}, {""sector"": ""NIFTY_PSU_BANK"", ""ltp"": 8653.55, ""return_pct"": 0.4165868885368939, ""rs_vs_nifty"": 0.4165868885368939}, {""sector"": ""NIFTY_AUTO"", ""ltp"": 29306.4, ""return_pct"": 0.41459085707237175, ""rs_vs_nifty"": 0.41459085707237175}, {""sector"": ""NIFTY_PHARMA"", ""ltp"": 26417.9, ""return_pct"": 0.3956099081090614, ""rs_vs_nifty"": 0.3956099081090614}, {""sector"": ""NIFTY_HEALTHCARE"", ""ltp"": 16457.6, ""return_pct"": 0.27295769155780414, ""rs_vs_nifty"": 0.27295769155780414}, {""sector"": ""NIFTY_ENERGY"", ""ltp"": 38211.0, ""return_pct"": 0.22701966848047098, ""rs_vs_nifty"": 0.22701966848047098}, {""sector"": ""NIFTY_METAL"", ""ltp"": 13052.6, ""return_pct"": 0.22536617203847248, ""rs_vs_nifty"": 0.22536617203847248}]"
2026-08-20 13:44:14,NORMAL,24248.75,,0,24214.88500080838,,,True,True,"[[""NIFTY_MEDIA"", 2.3241898403300385, 2.3241898403300385], [""NIFTY_REALTY"", 1.5245434746188615, 1.5245434746188615], [""NIFTY_IT"", 1.141029242879041, 1.141029242879041]]",[],"[{""sector"": ""NIFTY_MEDIA"", ""ltp"": 1624.55, ""return_pct"": 2.3241898403300385, ""rs_vs_nifty"": 2.3241898403300385}, {""sector"": ""NIFTY_REALTY"", ""ltp"": 909.0, ""return_pct"": 1.5245434746188615, ""rs_vs_nifty"": 1.5245434746188615}, {""sector"": ""NIFTY_IT"", ""ltp"": 30780.3, ""return_pct"": 1.141029242879041, ""rs_vs_nifty"": 1.141029242879041}, {""sector"": ""NIFTY_FIN_SERVICE"", ""ltp"": 26226.7, ""return_pct"": 0.8215123207626984, ""rs_vs_nifty"": 0.8215123207626984}, {""sector"": ""NIFTY_FMCG"", ""ltp"": 47812.35, ""return_pct"": 0.7129180454944656, ""rs_vs_nifty"": 0.7129180454944656}, {""sector"": ""NIFTY_BANK"", ""ltp"": 57581.5, ""return_pct"": 0.5970501268786115, ""rs_vs_nifty"": 0.5970501268786115}, {""sector"": ""NIFTY_INFRA"", ""ltp"": 9358.9, ""return_pct"": 0.5733137751127054, ""rs_vs_nifty"": 0.5733137751127054}, {""sector"": ""NIFTY_AUTO"", ""ltp"": 29312.5, ""return_pct"": 0.4354917184619657, ""rs_vs_nifty"": 0.4354917184619657}, {""sector"": ""NIFTY_PSU_BANK"", ""ltp"": 8653.7, ""return_pct"": 0.4183275022773157, ""rs_vs_nifty"": 0.4183275022773157}, {""sector"": ""NIFTY_PHARMA"", ""ltp"": 26419.55, ""return_pct"": 0.40188038215689104, ""rs_vs_nifty"": 0.40188038215689104}, {""sector"": ""NIFTY_HEALTHCARE"", ""ltp"": 16459.85, ""return_pct"": 0.2866665041918458, ""rs_vs_nifty"": 0.2866665041918458}, {""sector"": ""NIFTY_METAL"", ""ltp"": 13053.85, ""return_pct"": 0.23496439060910573, ""rs_vs_nifty"": 0.23496439060910573}, {""sector"": ""NIFTY_ENERGY"", ""ltp"": 38209.4, ""return_pct"": 0.22282288662526115, ""rs_vs_nifty"": 0.22282288662526115}]"
2026-08-20 13:45:59,NORMAL,24244.45,,0,24214.96733463861,,,True,True,"[[""NIFTY_MEDIA"", 2.314741914149844, 2.314741914149844], [""NIFTY_REALTY"", 1.5357122912827386, 1.5357122912827386], [""NIFTY_IT"", 1.1448080294285372, 1.1448080294285372]]",[],"[{""sector"": ""NIFTY_MEDIA"", ""ltp"": 1624.4, ""return_pct"": 2.314741914149844, ""rs_vs_nifty"": 2.314741914149844}, {""sector"": ""NIFTY_REALTY"", ""ltp"": 909.1, ""return_pct"": 1.5357122912827386, ""rs_vs_nifty"": 1.5357122912827386}, {""sector"": ""NIFTY_IT"", ""ltp"": 30781.45, ""return_pct"": 1.1448080294285372, ""rs_vs_nifty"": 1.1448080294285372}, {""sector"": ""NIFTY_FIN_SERVICE"", ""ltp"": 26218.95, ""return_pct"": 0.7917195248529608, ""rs_vs_nifty"": 0.7917195248529608}, {""sector"": ""NIFTY_FMCG"", ""ltp"": 47799.35, ""return_pct"": 0.6855345779470342, ""rs_vs_nifty"": 0.6855345779470342}, {""sector"": ""NIFTY_BANK"", ""ltp"": 57566.35, ""return_pct"": 0.5705825060381965, ""rs_vs_nifty"": 0.5705825060381965}, {""sector"": ""NIFTY_INFRA"", ""ltp"": 9357.8, ""return_pct"": 0.5614928725330582, ""rs_vs_nifty"": 0.5614928725330582}, {""sector"": ""NIFTY_PSU_BANK"", ""ltp"": 8653.9, ""return_pct"": 0.42064832059784285, ""rs_vs_nifty"": 0.42064832059784285}, {""sector"": ""NIFTY_AUTO"", ""ltp"": 29308.0, ""return_pct"": 0.42007305022373703, ""rs_vs_nifty"": 0.42007305022373703}, {""sector"": ""NIFTY_PHARMA"", ""ltp"": 26419.65, ""return_pct"": 0.4022604108870714, ""rs_vs_nifty"": 0.4022604108870714}, {""sector"": ""NIFTY_HEALTHCARE"", ""ltp"": 16460.7, ""return_pct"": 0.29184538896471934, ""rs_vs_nifty"": 0.29184538896471934}, {""sector"": ""NIFTY_ENERGY"", ""ltp"": 38212.25, ""return_pct"": 0.23029840430485665, ""rs_vs_nifty"": 0.23029840430485665}, {""sector"": ""NIFTY_METAL"", ""ltp"": 13051.55, ""return_pct"": 0.21730366843913212, ""rs_vs_nifty"": 0.21730366843913212}]"
2026-08-20 13:46:16,NORMAL,24243.85,,0,24214.98536926184,,,True,True,"[[""NIFTY_MEDIA"", 2.33678707523698, 2.33678707523698], [""NIFTY_REALTY"", 1.5245434746188615, 1.5245434746188615], [""NIFTY_IT"", 1.1842388455971435, 1.1842388455971435]]",[],"[{""sector"": ""NIFTY_MEDIA"", ""ltp"": 1624.75, ""return_pct"": 2.33678707523698, ""rs_vs_nifty"": 2.33678707523698}, {""sector"": ""NIFTY_REALTY"", ""ltp"": 909.0, ""return_pct"": 1.5245434746188615, ""rs_vs_nifty"": 1.5245434746188615}, {""sector"": ""NIFTY_IT"", ""ltp"": 30793.45, ""return_pct"": 1.1842388455971435, ""rs_vs_nifty"": 1.1842388455971435}, {""sector"": ""NIFTY_FIN_SERVICE"", ""ltp"": 26216.9, ""return_pct"": 0.7838388498058719, ""rs_vs_nifty"": 0.7838388498058719}, {""sector"": ""NIFTY_FMCG"", ""ltp"": 47799.35, ""return_pct"": 0.6855345779470342, ""rs_vs_nifty"": 0.6855345779470342}, {""sector"": ""NIFTY_BANK"", ""ltp"": 57562.45, ""return_pct"": 0.5637690590891768, ""rs_vs_nifty"": 0.5637690590891768}, {""sector"": ""NIFTY_INFRA"", ""ltp"": 9357.8, ""return_pct"": 0.5614928725330582, ""rs_vs_nifty"": 0.5614928725330582}, {""sector"": ""NIFTY_AUTO"", ""ltp"": 29309.7, ""return_pct"": 0.4258978804470704, ""rs_vs_nifty"": 0.4258978804470704}, {""sector"": ""NIFTY_PSU_BANK"", ""ltp"": 8653.7, ""return_pct"": 0.4183275022773157, ""rs_vs_nifty"": 0.4183275022773157}, {""sector"": ""NIFTY_PHARMA"", ""ltp"": 26418.95, ""return_pct"": 0.3996002097758646, ""rs_vs_nifty"": 0.3996002097758646}, {""sector"": ""NIFTY_HEALTHCARE"", ""ltp"": 16458.9, ""return_pct"": 0.2808783388574904, ""rs_vs_nifty"": 0.2808783388574904}, {""sector"": ""NIFTY_ENERGY"", ""ltp"": 38212.95, ""return_pct"": 0.23213449636650496, ""rs_vs_nifty"": 0.23213449636650496}, {""sector"": ""NIFTY_METAL"", ""ltp"": 13051.05, ""return_pct"": 0.2134643810108788, ""rs_vs_nifty"": 0.2134643810108788}]"
2026-08-20 13:48:01,NORMAL,24246.2,,0,24215.08066586021,,,True,True,"[[""NIFTY_MEDIA"", 2.27380090070229, 2.27380090070229], [""NIFTY_REALTY"", 1.5412966996146706, 1.5412966996146706], [""NIFTY_IT"", 1.173559666218146, 1.173559666218146]]",[],"[{""sector"": ""NIFTY_MEDIA"", ""ltp"": 1623.75, ""return_pct"": 2.27380090070229, ""rs_vs_nifty"": 2.27380090070229}, {""sector"": ""NIFTY_REALTY"", ""ltp"": 909.15, ""return_pct"": 1.5412966996146706, ""rs_vs_nifty"": 1.5412966996146706}, {""sector"": ""NIFTY_IT"", ""ltp"": 30790.2, ""return_pct"": 1.173559666218146, ""rs_vs_nifty"": 1.173559666218146}, {""sector"": ""NIFTY_FIN_SERVICE"", ""ltp"": 26224.65, ""return_pct"": 0.8136316457156093, ""rs_vs_nifty"": 0.8136316457156093}, {""sector"": ""NIFTY_FMCG"", ""ltp"": 47787.1, ""return_pct"": 0.6597309258350316, ""rs_vs_nifty"": 0.6597309258350316}, {""sector"": ""NIFTY_BANK"", ""ltp"": 57583.2, ""return_pct"": 0.6000200909333061, ""rs_vs_nifty"": 0.6000200909333061}, {""sector"": ""NIFTY_INFRA"", ""ltp"": 9356.8, ""return_pct"": 0.5507465974606552, ""rs_vs_nifty"": 0.5507465974606552}, {""sector"": ""NIFTY_PSU_BANK"", ""ltp"": 8654.45, ""return_pct"": 0.42703057097933994, ""rs_vs_nifty"": 0.42703057097933994}, {""sector"": ""NIFTY_AUTO"", ""ltp"": 29307.3, ""return_pct"": 0.41767459072001006, ""rs_vs_nifty"": 0.41767459072001006}, {""sector"": ""NIFTY_PHARMA"", ""ltp"": 26422.2, ""return_pct"": 0.4119511435064546, ""rs_vs_nifty"": 0.4119511435064546}, {""sector"": ""NIFTY_HEALTHCARE"", ""ltp"": 16460.25, ""return_pct"": 0.28910362643790655, ""rs_vs_nifty"": 0.28910362643790655}, {""sector"": ""NIFTY_ENERGY"", ""ltp"": 38213.6, ""return_pct"": 0.23383943899518933, ""rs_vs_nifty"": 0.23383943899518933}, {""sector"": ""NIFTY_METAL"", ""ltp"": 13050.75, ""return_pct"": 0.2111608085539324, ""rs_vs_nifty"": 0.2111608085539324}]"
2026-08-20 13:48:18,NORMAL,24246.15,,0,24215.10432651654,,,True,True,"[[""NIFTY_MEDIA"", 2.236009195981482, 2.236009195981482], [""NIFTY_REALTY"", 1.5412966996146706, 1.5412966996146706], [""NIFTY_IT"", 1.1586088150875518, 1.1586088150875518]]",[],"[{""sector"": ""NIFTY_MEDIA"", ""ltp"": 1623.15, ""return_pct"": 2.236009195981482, ""rs_vs_nifty"": 2.236009195981482}, {""sector"": ""NIFTY_REALTY"", ""ltp"": 909.15, ""return_pct"": 1.5412966996146706, ""rs_vs_nifty"": 1.5412966996146706}, {""sector"": ""NIFTY_IT"", ""ltp"": 30785.65, ""return_pct"": 1.1586088150875518, ""rs_vs_nifty"": 1.1586088150875518}, {""sector"": ""NIFTY_FIN_SERVICE"", ""ltp"": 26225.4, ""return_pct"": 0.8165148195133259, ""rs_vs_nifty"": 0.8165148195133259}, {""sector"": ""NIFTY_FMCG"", ""ltp"": 47790.0, ""return_pct"": 0.6658395455186925, ""rs_vs_nifty"": 0.6658395455186925}, {""sector"": ""NIFTY_BANK"", ""ltp"": 57591.95, ""return_pct"": 0.6153066706266136, ""rs_vs_nifty"": 0.6153066706266136}, {""sector"": ""NIFTY_INFRA"", ""ltp"": 9357.4, ""return_pct"": 0.5571943625041009, ""rs_vs_nifty"": 0.5571943625041009}, {""sector"": ""NIFTY_PSU_BANK"", ""ltp"": 8655.6, ""return_pct"": 0.4403752763224397, ""rs_vs_nifty"": 0.4403752763224397}, {""sector"": ""NIFTY_AUTO"", ""ltp"": 29307.55, ""return_pct"": 0.4185311833999116, ""rs_vs_nifty"": 0.4185311833999116}, {""sector"": ""NIFTY_PHARMA"", ""ltp"": 26421.2, ""return_pct"": 0.4081508562047346, ""rs_vs_nifty"": 0.4081508562047346}, {""sector"": ""NIFTY_HEALTHCARE"", ""ltp"": 16460.4, ""return_pct"": 0.2900175472801849, ""rs_vs_nifty"": 0.2900175472801849}, {""sector"": ""NIFTY_ENERGY"", ""ltp"": 38215.45, ""return_pct"": 0.2386919680152763, ""rs_vs_nifty"": 0.2386919680152763}, {""sector"": ""NIFTY_METAL"", ""ltp"": 13051.45, ""return_pct"": 0.21653581095349264, ""rs_vs_nifty"": 0.21653581095349264}]"
2026-08-20 13:49:55,NORMAL,24245.35,,0,24215.23703826352,,,True,True,"[[""NIFTY_MEDIA"", 2.2863981356092307, 2.2863981356092307], [""NIFTY_REALTY"", 1.563634332942425, 1.563634332942425], [""NIFTY_IT"", 1.1722453056791875, 1.1722453056791875]]",[],"[{""sector"": ""NIFTY_MEDIA"", ""ltp"": 1623.95, ""return_pct"": 2.2863981356092307, ""rs_vs_nifty"": 2.2863981356092307}, {""sector"": ""NIFTY_REALTY"", ""ltp"": 909.35, ""return_pct"": 1.563634332942425, ""rs_vs_nifty"": 1.563634332942425}, {""sector"": ""NIFTY_IT"", ""ltp"": 30789.8, ""return_pct"": 1.1722453056791875, ""rs_vs_nifty"": 1.1722453056791875}, {""sector"": ""NIFTY_FIN_SERVICE"", ""ltp"": 26227.1, ""return_pct"": 0.8230500134548056, ""rs_vs_nifty"": 0.8230500134548056}, {""sector"": ""NIFTY_FMCG"", ""ltp"": 47793.6, ""return_pct"": 0.6734226596087473, ""rs_vs_nifty"": 0.6734226596087473}, {""sector"": ""NIFTY_BANK"", ""ltp"": 57595.9, ""return_pct"": 0.6222074694596, ""rs_vs_nifty"": 0.6222074694596}, {""sector"": ""NIFTY_INFRA"", ""ltp"": 9356.65, ""return_pct"": 0.5491346561997986, ""rs_vs_nifty"": 0.5491346561997986}, {""sector"": ""NIFTY_PSU_BANK"", ""ltp"": 8656.8, ""return_pct"": 0.45430018624566604, ""rs_vs_nifty"": 0.45430018624566604}, {""sector"": ""NIFTY_PHARMA"", ""ltp"": 26420.25, ""return_pct"": 0.40454058326809783, ""rs_vs_nifty"": 0.40454058326809783}, {""sector"": ""NIFTY_AUTO"", ""ltp"": 29293.4, ""return_pct"": 0.37004803771748884, ""rs_vs_nifty"": 0.37004803771748884}, {""sector"": ""NIFTY_HEALTHCARE"", ""ltp"": 16459.7, ""return_pct"": 0.2857525833495897, ""rs_vs_nifty"": 0.2857525833495897}, {""sector"": ""NIFTY_ENERGY"", ""ltp"": 38215.25, ""return_pct"": 0.23816737028338222, ""rs_vs_nifty"": 0.23816737028338222}, {""sector"": ""NIFTY_METAL"", ""ltp"": 13049.15, ""return_pct"": 0.198875088783519, ""rs_vs_nifty"": 0.198875088783519}]"
2026-08-20 13:50:14,NORMAL,24244.4,,0,24215.260108672504,,,True,True,"[[""NIFTY_MEDIA"", 2.261203665795349, 2.261203665795349], [""NIFTY_REALTY"", 1.5692187412743568, 1.5692187412743568], [""NIFTY_IT"", 1.1433293738222121, 1.1433293738222121]]",[],"[{""sector"": ""NIFTY_MEDIA"", ""ltp"": 1623.55, ""return_pct"": 2.261203665795349, ""rs_vs_nifty"": 2.261203665795349}, {""sector"": ""NIFTY_REALTY"", ""ltp"": 909.4, ""return_pct"": 1.5692187412743568, ""rs_vs_nifty"": 1.5692187412743568}, {""sector"": ""NIFTY_IT"", ""ltp"": 30781.0, ""return_pct"": 1.1433293738222121, ""rs_vs_nifty"": 1.1433293738222121}, {""sector"": ""NIFTY_FIN_SERVICE"", ""ltp"": 26228.8, ""return_pct"": 0.8295852073962992, ""rs_vs_nifty"": 0.8295852073962992}, {""sector"": ""NIFTY_FMCG"", ""ltp"": 47783.1, ""return_pct"": 0.6513052435127451, ""rs_vs_nifty"": 0.6513052435127451}, {""sector"": ""NIFTY_BANK"", ""ltp"": 57595.25, ""return_pct"": 0.6210718949680947, ""rs_vs_nifty"": 0.6210718949680947}, {""sector"": ""NIFTY_INFRA"", ""ltp"": 9356.2, ""return_pct"": 0.5442988324172291, ""rs_vs_nifty"": 0.5442988324172291}, {""sector"": ""NIFTY_PSU_BANK"", ""ltp"": 8657.2, ""return_pct"": 0.4589418228867626, ""rs_vs_nifty"": 0.4589418228867626}, {""sector"": ""NIFTY_PHARMA"", ""ltp"": 26420.55, ""return_pct"": 0.40568066945861103, ""rs_vs_nifty"": 0.40568066945861103}, {""sector"": ""NIFTY_AUTO"", ""ltp"": 29296.9, ""return_pct"": 0.3820403352361112, ""rs_vs_nifty"": 0.3820403352361112}, {""sector"": ""NIFTY_HEALTHCARE"", ""ltp"": 16461.15, ""return_pct"": 0.29458715149153214, ""rs_vs_nifty"": 0.29458715149153214}, {""sector"": ""NIFTY_ENERGY"", ""ltp"": 38214.6, ""return_pct"": 0.23646242765469785, ""rs_vs_nifty"": 0.23646242765469785}, {""sector"": ""NIFTY_METAL"", ""ltp"": 13048.55, ""return_pct"": 0.19426794386961221, ""rs_vs_nifty"": 0.19426794386961221}]"
2026-08-20 14:51:07,NORMAL,24237.5,,0,24218.784061232098,,,True,True,"[[""NIFTY_MEDIA"", 2.352533618870652, 2.352533618870652], [""NIFTY_REALTY"", 1.8205171162115323, 1.8205171162115323], [""NIFTY_IT"", 0.8347832373028641, 0.8347832373028641]]",[],"[{""sector"": ""NIFTY_MEDIA"", ""ltp"": 1625.0, ""return_pct"": 2.352533618870652, ""rs_vs_nifty"": 2.352533618870652}, {""sector"": ""NIFTY_REALTY"", ""ltp"": 911.65, ""return_pct"": 1.8205171162115323, ""rs_vs_nifty"": 1.8205171162115323}, {""sector"": ""NIFTY_IT"", ""ltp"": 30687.1, ""return_pct"": 0.8347832373028641, ""rs_vs_nifty"": 0.8347832373028641}, {""sector"": ""NIFTY_FIN_SERVICE"", ""ltp"": 26228.15, ""return_pct"": 0.8270864567716198, ""rs_vs_nifty"": 0.8270864567716198}, {""sector"": ""NIFTY_FMCG"", ""ltp"": 47793.7, ""return_pct"": 0.6736333016668014, ""rs_vs_nifty"": 0.6736333016668014}, {""sector"": ""NIFTY_INFRA"", ""ltp"": 9355.6, ""return_pct"": 0.5378510673737833, ""rs_vs_nifty"": 0.5378510673737833}, {""sector"": ""NIFTY_BANK"", ""ltp"": 57541.0, ""return_pct"": 0.526295100869588, ""rs_vs_nifty"": 0.526295100869588}, {""sector"": ""NIFTY_AUTO"", ""ltp"": 29329.15, ""return_pct"": 0.4925407909434169, ""rs_vs_nifty"": 0.4925407909434169}, {""sector"": ""NIFTY_PHARMA"", ""ltp"": 26418.2, ""return_pct"": 0.3967499942995746, ""rs_vs_nifty"": 0.3967499942995746}, {""sector"": ""NIFTY_HEALTHCARE"", ""ltp"": 16461.0, ""return_pct"": 0.2936732306492538, ""rs_vs_nifty"": 0.2936732306492538}, {""sector"": ""NIFTY_ENERGY"", ""ltp"": 38207.35, ""return_pct"": 0.21744575987326104, ""rs_vs_nifty"": 0.21744575987326104}, {""sector"": ""NIFTY_METAL"", ""ltp"": 13036.7, ""return_pct"": 0.10327683182001979, ""rs_vs_nifty"": 0.10327683182001979}, {""sector"": ""NIFTY_PSU_BANK"", ""ltp"": 8626.45, ""return_pct"": 0.10211600610376485, ""rs_vs_nifty"": 0.10211600610376485}]"
2026-08-20 14:52:47,NORMAL,24235.2,,0,24218.870455256747,,,True,True,"[[""NIFTY_MEDIA"", 2.317891222876576, 2.317891222876576], [""NIFTY_REALTY"", 1.8428547495392862, 1.8428547495392862], [""NIFTY_IT"", 0.8423408104018565, 0.8423408104018565]]",[],"[{""sector"": ""NIFTY_MEDIA"", ""ltp"": 1624.45, ""return_pct"": 2.317891222876576, ""rs_vs_nifty"": 2.317891222876576}, {""sector"": ""NIFTY_REALTY"", ""ltp"": 911.85, ""return_pct"": 1.8428547495392862, ""rs_vs_nifty"": 1.8428547495392862}, {""sector"": ""NIFTY_IT"", ""ltp"": 30689.4, ""return_pct"": 0.8423408104018565, ""rs_vs_nifty"": 0.8423408104018565}, {""sector"": ""NIFTY_FIN_SERVICE"", ""ltp"": 26215.1, ""return_pct"": 0.7769192326913411, ""rs_vs_nifty"": 0.7769192326913411}, {""sector"": ""NIFTY_FMCG"", ""ltp"": 47813.35, ""return_pct"": 0.7150244660750372, ""rs_vs_nifty"": 0.7150244660750372}, {""sector"": ""NIFTY_INFRA"", ""ltp"": 9355.9, ""return_pct"": 0.5410749498954964, ""rs_vs_nifty"": 0.5410749498954964}, {""sector"": ""NIFTY_AUTO"", ""ltp"": 29332.35, ""return_pct"": 0.5035051772461473, ""rs_vs_nifty"": 0.5035051772461473}, {""sector"": ""NIFTY_BANK"", ""ltp"": 57526.05, ""return_pct"": 0.5001768875650277, ""rs_vs_nifty"": 0.5001768875650277}, {""sector"": ""NIFTY_PHARMA"", ""ltp"": 26420.55, ""return_pct"": 0.40568066945861103, ""rs_vs_nifty"": 0.40568066945861103}, {""sector"": ""NIFTY_HEALTHCARE"", ""ltp"": 16462.45, ""return_pct"": 0.30250779879119627, ""rs_vs_nifty"": 0.30250779879119627}, {""sector"": ""NIFTY_ENERGY"", ""ltp"": 38206.65, ""return_pct"": 0.21560966781161267, ""rs_vs_nifty"": 0.21560966781161267}, {""sector"": ""NIFTY_METAL"", ""ltp"": 13041.2, ""return_pct"": 0.13783041867429963, ""rs_vs_nifty"": 0.13783041867429963}, {""sector"": ""NIFTY_PSU_BANK"", ""ltp"": 8625.4, ""return_pct"": 0.08993170992091812, ""rs_vs_nifty"": 0.08993170992091812}]"
