ts_ist,regime,nifty_ltp,prev_close,gap_pct,vwap,ema20,ema50,above_vwap,above_ema50,leading_sectors,lagging_sectors,sector_rows
2026-08-25 09:30:04,NORMAL,24180.45,,0,24175.75046151319,,,True,True,"[[""NIFTY_MEDIA"", 0.6954406536518487, 0.6954406536518487]]","[[""NIFTY_METAL"", -0.5630929383587008, -0.5630929383587008]]","[{""sector"": ""NIFTY_MEDIA"", ""ltp"": 1614.45, ""return_pct"": 0.6954406536518487, ""rs_vs_nifty"": 0.6954406536518487}, {""sector"": ""NIFTY_PSU_BANK"", ""ltp"": 8560.35, ""return_pct"": 0.24122486021253975, ""rs_vs_nifty"": 0.24122486021253975}, {""sector"": ""NIFTY_BANK"", ""ltp"": 57556.55, ""return_pct"": 0.053193384898477684, ""rs_vs_nifty"": 0.053193384898477684}, {""sector"": ""NIFTY_FIN_SERVICE"", ""ltp"": 26151.25, ""return_pct"": -0.02771565647877363, ""rs_vs_nifty"": -0.02771565647877363}, {""sector"": ""NIFTY_PHARMA"", ""ltp"": 26296.85, ""return_pct"": -0.1611660142828425, ""rs_vs_nifty"": -0.1611660142828425}, {""sector"": ""NIFTY_INFRA"", ""ltp"": 9325.25, ""return_pct"": -0.18570847515681246, ""rs_vs_nifty"": -0.18570847515681246}, {""sector"": ""NIFTY_HEALTHCARE"", ""ltp"": 16385.8, ""return_pct"": -0.19612620294798835, ""rs_vs_nifty"": -0.19612620294798835}, {""sector"": ""NIFTY_FMCG"", ""ltp"": 47376.85, ""return_pct"": -0.3176035920030053, ""rs_vs_nifty"": -0.3176035920030053}, {""sector"": ""NIFTY_REALTY"", ""ltp"": 914.05, ""return_pct"": -0.3325700577908699, ""rs_vs_nifty"": -0.3325700577908699}, {""sector"": ""NIFTY_AUTO"", ""ltp"": 28981.8, ""return_pct"": -0.4106345764622199, ""rs_vs_nifty"": -0.4106345764622199}, {""sector"": ""NIFTY_ENERGY"", ""ltp"": 38166.15, ""return_pct"": -0.4426665901499435, ""rs_vs_nifty"": -0.4426665901499435}, {""sector"": ""NIFTY_IT"", ""ltp"": 30455.15, ""return_pct"": -0.46328222793812446, ""rs_vs_nifty"": -0.46328222793812446}, {""sector"": ""NIFTY_METAL"", ""ltp"": 13306.1, ""return_pct"": -0.5630929383587008, ""rs_vs_nifty"": -0.5630929383587008}]"
2026-08-25 09:31:53,NORMAL,24190.85,,0,24176.557793325777,,,True,True,"[[""NIFTY_MEDIA"", 0.548867959832842, 0.548867959832842]]",[],"[{""sector"": ""NIFTY_MEDIA"", ""ltp"": 1612.1, ""return_pct"": 0.548867959832842, ""rs_vs_nifty"": 0.548867959832842}, {""sector"": ""NIFTY_PSU_BANK"", ""ltp"": 8575.15, ""return_pct"": 0.41453204133610044, ""rs_vs_nifty"": 0.41453204133610044}, {""sector"": ""NIFTY_BANK"", ""ltp"": 57605.35, ""return_pct"": 0.13802466539014385, ""rs_vs_nifty"": 0.13802466539014385}, {""sector"": ""NIFTY_FIN_SERVICE"", ""ltp"": 26165.2, ""return_pct"": 0.0256130894355591, ""rs_vs_nifty"": 0.0256130894355591}, {""sector"": ""NIFTY_PHARMA"", ""ltp"": 26292.85, ""return_pct"": -0.17635244672409947, ""rs_vs_nifty"": -0.17635244672409947}, {""sector"": ""NIFTY_INFRA"", ""ltp"": 9325.9, ""return_pct"": -0.17875109712500512, ""rs_vs_nifty"": -0.17875109712500512}, {""sector"": ""NIFTY_HEALTHCARE"", ""ltp"": 16384.4, ""return_pct"": -0.20465342916310478, ""rs_vs_nifty"": -0.20465342916310478}, {""sector"": ""NIFTY_FMCG"", ""ltp"": 47388.05, ""return_pct"": -0.2940384364519292, ""rs_vs_nifty"": -0.2940384364519292}, {""sector"": ""NIFTY_REALTY"", ""ltp"": 914.1, ""return_pct"": -0.32711808963035655, ""rs_vs_nifty"": -0.32711808963035655}, {""sector"": ""NIFTY_IT"", ""ltp"": 30488.6, ""return_pct"": -0.3539574270596135, ""rs_vs_nifty"": -0.3539574270596135}, {""sector"": ""NIFTY_AUTO"", ""ltp"": 28990.95, ""return_pct"": -0.37919268211385243, ""rs_vs_nifty"": -0.37919268211385243}, {""sector"": ""NIFTY_ENERGY"", ""ltp"": 38161.0, ""return_pct"": -0.45610049079386156, ""rs_vs_nifty"": -0.45610049079386156}, {""sector"": ""NIFTY_METAL"", ""ltp"": 13317.85, ""return_pct"": -0.4752848159205494, ""rs_vs_nifty"": -0.4752848159205494}]"
2026-08-25 09:50:35,NORMAL,24155.4,,0,24174.42825655927,,,False,True,[],"[[""NIFTY_METAL"", -0.8773339212118376, -0.8773339212118376], [""NIFTY_IT"", -0.7587369962316491, -0.7587369962316491]]","[{""sector"": ""NIFTY_MEDIA"", ""ltp"": 1605.4, ""return_pct"": 0.13097985405102827, ""rs_vs_nifty"": 0.13097985405102827}, {""sector"": ""NIFTY_PSU_BANK"", ""ltp"": 8542.75, ""return_pct"": 0.03512983401153429, ""rs_vs_nifty"": 0.03512983401153429}, {""sector"": ""NIFTY_PHARMA"", ""ltp"": 26345.55, ""return_pct"": 0.023728800689464036, ""rs_vs_nifty"": 0.023728800689464036}, {""sector"": ""NIFTY_HEALTHCARE"", ""ltp"": 16414.2, ""return_pct"": -0.02314532829820485, ""rs_vs_nifty"": -0.02314532829820485}, {""sector"": ""NIFTY_BANK"", ""ltp"": 57509.8, ""return_pct"": -0.028074286474181098, ""rs_vs_nifty"": -0.028074286474181098}, {""sector"": ""NIFTY_FIN_SERVICE"", ""ltp"": 26118.15, ""return_pct"": -0.15425196398875526, ""rs_vs_nifty"": -0.15425196398875526}, {""sector"": ""NIFTY_INFRA"", ""ltp"": 9321.4, ""return_pct"": -0.22691756042216008, ""rs_vs_nifty"": -0.22691756042216008}, {""sector"": ""NIFTY_FMCG"", ""ltp"": 47414.05, ""return_pct"": -0.23933361106552373, ""rs_vs_nifty"": -0.23933361106552373}, {""sector"": ""NIFTY_AUTO"", ""ltp"": 28990.15, ""return_pct"": -0.3819417001989527, ""rs_vs_nifty"": -0.3819417001989527}, {""sector"": ""NIFTY_REALTY"", ""ltp"": 913.3, ""return_pct"": -0.414349580198459, ""rs_vs_nifty"": -0.414349580198459}, {""sector"": ""NIFTY_ENERGY"", ""ltp"": 38165.9, ""return_pct"": -0.44331872124916255, ""rs_vs_nifty"": -0.44331872124916255}, {""sector"": ""NIFTY_IT"", ""ltp"": 30364.75, ""return_pct"": -0.7587369962316491, ""rs_vs_nifty"": -0.7587369962316491}, {""sector"": ""NIFTY_METAL"", ""ltp"": 13264.05, ""return_pct"": -0.8773339212118376, ""rs_vs_nifty"": -0.8773339212118376}]"
2026-08-25 09:52:18,NORMAL,24148.2,,0,24173.43364263252,,,False,True,[],"[[""NIFTY_METAL"", -0.9217984598081699, -0.9217984598081699], [""NIFTY_IT"", -0.786027342639287, -0.786027342639287]]","[{""sector"": ""NIFTY_MEDIA"", ""ltp"": 1605.0, ""return_pct"": 0.10603131042225694, ""rs_vs_nifty"": 0.10603131042225694}, {""sector"": ""NIFTY_PHARMA"", ""ltp"": 26349.2, ""return_pct"": 0.037586420292116555, ""rs_vs_nifty"": 0.037586420292116555}, {""sector"": ""NIFTY_PSU_BANK"", ""ltp"": 8540.2, ""return_pct"": 0.005269475101738664, ""rs_vs_nifty"": 0.005269475101738664}, {""sector"": ""NIFTY_HEALTHCARE"", ""ltp"": 16416.5, ""return_pct"": -0.009136313801924716, ""rs_vs_nifty"": -0.009136313801924716}, {""sector"": ""NIFTY_BANK"", ""ltp"": 57493.5, ""return_pct"": -0.05640932483513457, ""rs_vs_nifty"": -0.05640932483513457}, {""sector"": ""NIFTY_FIN_SERVICE"", ""ltp"": 26108.8, ""return_pct"": -0.18999560372345786, ""rs_vs_nifty"": -0.18999560372345786}, {""sector"": ""NIFTY_FMCG"", ""ltp"": 47416.15, ""return_pct"": -0.23491514439970174, ""rs_vs_nifty"": -0.23491514439970174}, {""sector"": ""NIFTY_INFRA"", ""ltp"": 9317.75, ""return_pct"": -0.26598591398540405, ""rs_vs_nifty"": -0.26598591398540405}, {""sector"": ""NIFTY_AUTO"", ""ltp"": 28982.7, ""return_pct"": -0.40754193111647435, ""rs_vs_nifty"": -0.40754193111647435}, {""sector"": ""NIFTY_ENERGY"", ""ltp"": 38172.15, ""return_pct"": -0.42701544376868417, ""rs_vs_nifty"": -0.42701544376868417}, {""sector"": ""NIFTY_REALTY"", ""ltp"": 913.15, ""return_pct"": -0.43070548467997444, ""rs_vs_nifty"": -0.43070548467997444}, {""sector"": ""NIFTY_IT"", ""ltp"": 30356.4, ""return_pct"": -0.786027342639287, ""rs_vs_nifty"": -0.786027342639287}, {""sector"": ""NIFTY_METAL"", ""ltp"": 13258.1, ""return_pct"": -0.9217984598081699, ""rs_vs_nifty"": -0.9217984598081699}]"
2026-08-25 09:54:10,NORMAL,24134.2,,0,24171.39015348785,,,False,True,[],"[[""NIFTY_METAL"", -0.9812090617982436, -0.9812090617982436], [""NIFTY_IT"", -0.8973131264932164, -0.8973131264932164]]","[{""sector"": ""NIFTY_PHARMA"", ""ltp"": 26344.15, ""return_pct"": 0.018413549335032378, ""rs_vs_nifty"": 0.018413549335032378}, {""sector"": ""NIFTY_HEALTHCARE"", ""ltp"": 16412.9, ""return_pct"": -0.031063466926535176, ""rs_vs_nifty"": -0.031063466926535176}, {""sector"": ""NIFTY_MEDIA"", ""ltp"": 1602.8, ""return_pct"": -0.031185679535957092, ""rs_vs_nifty"": -0.031185679535957092}, {""sector"": ""NIFTY_PSU_BANK"", ""ltp"": 8533.1, ""return_pct"": -0.07787113205889677, ""rs_vs_nifty"": -0.07787113205889677}, {""sector"": ""NIFTY_BANK"", ""ltp"": 57462.0, ""return_pct"": -0.1111672210541453, ""rs_vs_nifty"": -0.1111672210541453}, {""sector"": ""NIFTY_FIN_SERVICE"", ""ltp"": 26098.7, ""return_pct"": -0.2286063803352611, ""rs_vs_nifty"": -0.2286063803352611}, {""sector"": ""NIFTY_INFRA"", ""ltp"": 9313.75, ""return_pct"": -0.3088005480273196, ""rs_vs_nifty"": -0.3088005480273196}, {""sector"": ""NIFTY_FMCG"", ""ltp"": 47337.45, ""return_pct"": -0.4005024427808689, ""rs_vs_nifty"": -0.4005024427808689}, {""sector"": ""NIFTY_REALTY"", ""ltp"": 913.05, ""return_pct"": -0.44160942100098877, ""rs_vs_nifty"": -0.44160942100098877}, {""sector"": ""NIFTY_AUTO"", ""ltp"": 28964.2, ""return_pct"": -0.4711129743344749, ""rs_vs_nifty"": -0.4711129743344749}, {""sector"": ""NIFTY_ENERGY"", ""ltp"": 38145.5, ""return_pct"": -0.4965326189454481, ""rs_vs_nifty"": -0.4965326189454481}, {""sector"": ""NIFTY_IT"", ""ltp"": 30322.35, ""return_pct"": -0.8973131264932164, ""rs_vs_nifty"": -0.8973131264932164}, {""sector"": ""NIFTY_METAL"", ""ltp"": 13250.15, ""return_pct"": -0.9812090617982436, ""rs_vs_nifty"": -0.9812090617982436}]"
2026-08-25 09:55:56,NORMAL,24138.0,,0,24170.857684292758,,,False,True,[],"[[""NIFTY_METAL"", -0.9180619439597381, -0.9180619439597381], [""NIFTY_IT"", -0.846327569132823, -0.846327569132823]]","[{""sector"": ""NIFTY_PHARMA"", ""ltp"": 26339.7, ""return_pct"": 0.001518643244131223, ""rs_vs_nifty"": 0.001518643244131223}, {""sector"": ""NIFTY_PSU_BANK"", ""ltp"": 8539.8, ""return_pct"": 0.0005854972335170514, ""rs_vs_nifty"": 0.0005854972335170514}, {""sector"": ""NIFTY_MEDIA"", ""ltp"": 1603.05, ""return_pct"": -0.015592839767978546, ""rs_vs_nifty"": -0.015592839767978546}, {""sector"": ""NIFTY_HEALTHCARE"", ""ltp"": 16409.0, ""return_pct"": -0.054817882811548306, ""rs_vs_nifty"": -0.054817882811548306}, {""sector"": ""NIFTY_BANK"", ""ltp"": 57483.65, ""return_pct"": -0.07353203206552111, ""rs_vs_nifty"": -0.07353203206552111}, {""sector"": ""NIFTY_FIN_SERVICE"", ""ltp"": 26108.0, ""return_pct"": -0.1930538830590439, ""rs_vs_nifty"": -0.1930538830590439}, {""sector"": ""NIFTY_INFRA"", ""ltp"": 9314.35, ""return_pct"": -0.3023783529210284, ""rs_vs_nifty"": -0.3023783529210284}, {""sector"": ""NIFTY_REALTY"", ""ltp"": 914.0, ""return_pct"": -0.33802202595137093, ""rs_vs_nifty"": -0.33802202595137093}, {""sector"": ""NIFTY_FMCG"", ""ltp"": 47343.8, ""return_pct"": -0.38714184119609996, ""rs_vs_nifty"": -0.38714184119609996}, {""sector"": ""NIFTY_AUTO"", ""ltp"": 28963.7, ""return_pct"": -0.4728311106376641, ""rs_vs_nifty"": -0.4728311106376641}, {""sector"": ""NIFTY_ENERGY"", ""ltp"": 38153.85, ""return_pct"": -0.47475144023153265, ""rs_vs_nifty"": -0.47475144023153265}, {""sector"": ""NIFTY_IT"", ""ltp"": 30337.95, ""return_pct"": -0.846327569132823, ""rs_vs_nifty"": -0.846327569132823}, {""sector"": ""NIFTY_METAL"", ""ltp"": 13258.6, ""return_pct"": -0.9180619439597381, ""rs_vs_nifty"": -0.9180619439597381}]"
2026-08-25 09:57:48,NORMAL,24146.0,,0,24170.109555994495,,,False,True,[],"[[""NIFTY_METAL"", -0.8971374552085245, -0.8971374552085245], [""NIFTY_IT"", -0.723112472178554, -0.723112472178554]]","[{""sector"": ""NIFTY_MEDIA"", ""ltp"": 1604.4, ""return_pct"": 0.0686084949791141, ""rs_vs_nifty"": 0.0686084949791141}, {""sector"": ""NIFTY_PSU_BANK"", ""ltp"": 8544.35, ""return_pct"": 0.05386574548435684, ""rs_vs_nifty"": 0.05386574548435684}, {""sector"": ""NIFTY_PHARMA"", ""ltp"": 26337.1, ""return_pct"": -0.008352537842694102, ""rs_vs_nifty"": -0.008352537842694102}, {""sector"": ""NIFTY_BANK"", ""ltp"": 57504.85, ""return_pct"": -0.036679098737176084, ""rs_vs_nifty"": -0.036679098737176084}, {""sector"": ""NIFTY_HEALTHCARE"", ""ltp"": 16408.25, ""return_pct"": -0.059386039712510656, ""rs_vs_nifty"": -0.059386039712510656}, {""sector"": ""NIFTY_FIN_SERVICE"", ""ltp"": 26118.0, ""return_pct"": -0.15482539136418372, ""rs_vs_nifty"": -0.15482539136418372}, {""sector"": ""NIFTY_INFRA"", ""ltp"": 9316.4, ""return_pct"": -0.2804358529745545, ""rs_vs_nifty"": -0.2804358529745545}, {""sector"": ""NIFTY_REALTY"", ""ltp"": 914.35, ""return_pct"": -0.29985824882782686, ""rs_vs_nifty"": -0.29985824882782686}, {""sector"": ""NIFTY_FMCG"", ""ltp"": 47351.5, ""return_pct"": -0.37094079675474756, ""rs_vs_nifty"": -0.37094079675474756}, {""sector"": ""NIFTY_AUTO"", ""ltp"": 28972.7, ""return_pct"": -0.44190465718025845, ""rs_vs_nifty"": -0.44190465718025845}, {""sector"": ""NIFTY_ENERGY"", ""ltp"": 38162.15, ""return_pct"": -0.45310068773744966, ""rs_vs_nifty"": -0.45310068773744966}, {""sector"": ""NIFTY_IT"", ""ltp"": 30375.65, ""return_pct"": -0.723112472178554, ""rs_vs_nifty"": -0.723112472178554}, {""sector"": ""NIFTY_METAL"", ""ltp"": 13261.4, ""return_pct"": -0.8971374552085245, ""rs_vs_nifty"": -0.8971374552085245}]"
2026-08-25 09:59:28,NORMAL,24142.35,,0,24169.278856577705,,,False,True,[],"[[""NIFTY_METAL"", -0.9214248082233322, -0.9214248082233322], [""NIFTY_IT"", -0.7141246335413064, -0.7141246335413064]]","[{""sector"": ""NIFTY_PSU_BANK"", ""ltp"": 8548.5, ""return_pct"": 0.10246201586697502, ""rs_vs_nifty"": 0.10246201586697502}, {""sector"": ""NIFTY_BANK"", ""ltp"": 57501.55, ""return_pct"": -0.042415640245826766, ""rs_vs_nifty"": -0.042415640245826766}, {""sector"": ""NIFTY_PHARMA"", ""ltp"": 26320.55, ""return_pct"": -0.07118640206839211, ""rs_vs_nifty"": -0.07118640206839211}, {""sector"": ""NIFTY_HEALTHCARE"", ""ltp"": 16396.35, ""return_pct"": -0.13186746254112228, ""rs_vs_nifty"": -0.13186746254112228}, {""sector"": ""NIFTY_MEDIA"", ""ltp"": 1600.8, ""return_pct"": -0.15592839767978545, ""rs_vs_nifty"": -0.15592839767978545}, {""sector"": ""NIFTY_FIN_SERVICE"", ""ltp"": 26114.05, ""return_pct"": -0.16992564558365628, ""rs_vs_nifty"": -0.16992564558365628}, {""sector"": ""NIFTY_INFRA"", ""ltp"": 9315.45, ""return_pct"": -0.29060432855949775, ""rs_vs_nifty"": -0.29060432855949775}, {""sector"": ""NIFTY_REALTY"", ""ltp"": 913.9, ""return_pct"": -0.34892596227238526, ""rs_vs_nifty"": -0.34892596227238526}, {""sector"": ""NIFTY_FMCG"", ""ltp"": 47348.9, ""return_pct"": -0.376411279293385, ""rs_vs_nifty"": -0.376411279293385}, {""sector"": ""NIFTY_AUTO"", ""ltp"": 28963.75, ""return_pct"": -0.4726592970073477, ""rs_vs_nifty"": -0.4726592970073477}, {""sector"": ""NIFTY_ENERGY"", ""ltp"": 38154.5, ""return_pct"": -0.4730558993735591, ""rs_vs_nifty"": -0.4730558993735591}, {""sector"": ""NIFTY_IT"", ""ltp"": 30378.4, ""return_pct"": -0.7141246335413064, ""rs_vs_nifty"": -0.7141246335413064}, {""sector"": ""NIFTY_METAL"", ""ltp"": 13258.15, ""return_pct"": -0.9214248082233322, ""rs_vs_nifty"": -0.9214248082233322}]"
2026-08-25 10:01:25,NORMAL,24140.2,,0,24168.2692855992,,,False,True,[],"[[""NIFTY_METAL"", -0.8840596497390125, -0.8840596497390125], [""NIFTY_IT"", -0.6773562027525665, -0.6773562027525665], [""NIFTY_ENERGY"", -0.5194876336379693, -0.5194876336379693]]","[{""sector"": ""NIFTY_PSU_BANK"", ""ltp"": 8550.35, ""return_pct"": 0.12412541350742543, ""rs_vs_nifty"": 0.12412541350742543}, {""sector"": ""NIFTY_BANK"", ""ltp"": 57519.2, ""return_pct"": -0.011733834904073728, ""rs_vs_nifty"": -0.011733834904073728}, {""sector"": ""NIFTY_MEDIA"", ""ltp"": 1601.65, ""return_pct"": -0.10291274246864987, ""rs_vs_nifty"": -0.10291274246864987}, {""sector"": ""NIFTY_FIN_SERVICE"", ""ltp"": 26121.25, ""return_pct"": -0.14240113156335416, ""rs_vs_nifty"": -0.14240113156335416}, {""sector"": ""NIFTY_PHARMA"", ""ltp"": 26292.25, ""return_pct"": -0.17863041159028248, ""rs_vs_nifty"": -0.17863041159028248}, {""sector"": ""NIFTY_HEALTHCARE"", ""ltp"": 16382.05, ""return_pct"": -0.21896698745280013, ""rs_vs_nifty"": -0.21896698745280013}, {""sector"": ""NIFTY_INFRA"", ""ltp"": 9312.05, ""return_pct"": -0.3269967674951415, ""rs_vs_nifty"": -0.3269967674951415}, {""sector"": ""NIFTY_FMCG"", ""ltp"": 47354.15, ""return_pct"": -0.3653651126288224, ""rs_vs_nifty"": -0.3653651126288224}, {""sector"": ""NIFTY_REALTY"", ""ltp"": 913.55, ""return_pct"": -0.38708973939592933, ""rs_vs_nifty"": -0.38708973939592933}, {""sector"": ""NIFTY_AUTO"", ""ltp"": 28961.55, ""return_pct"": -0.48021909674138263, ""rs_vs_nifty"": -0.48021909674138263}, {""sector"": ""NIFTY_ENERGY"", ""ltp"": 38136.7, ""return_pct"": -0.5194876336379693, ""rs_vs_nifty"": -0.5194876336379693}, {""sector"": ""NIFTY_IT"", ""ltp"": 30389.65, ""return_pct"": -0.6773562027525665, ""rs_vs_nifty"": -0.6773562027525665}, {""sector"": ""NIFTY_METAL"", ""ltp"": 13263.15, ""return_pct"": -0.8840596497390125, ""rs_vs_nifty"": -0.8840596497390125}]"
2026-08-25 10:03:04,NORMAL,24135.3,,0,24167.401660467418,,,False,True,[],"[[""NIFTY_METAL"", -0.9221721113930212, -0.9221721113930212], [""NIFTY_IT"", -0.6312731028306836, -0.6312731028306836], [""NIFTY_ENERGY"", -0.5467467135853217, -0.5467467135853217]]","[{""sector"": ""NIFTY_PSU_BANK"", ""ltp"": 8548.4, ""return_pct"": 0.10129102139991963, ""rs_vs_nifty"": 0.10129102139991963}, {""sector"": ""NIFTY_BANK"", ""ltp"": 57493.55, ""return_pct"": -0.05632240753954377, ""rs_vs_nifty"": -0.05632240753954377}, {""sector"": ""NIFTY_MEDIA"", ""ltp"": 1602.2, ""return_pct"": -0.06860849497909992, ""rs_vs_nifty"": -0.06860849497909992}, {""sector"": ""NIFTY_FIN_SERVICE"", ""ltp"": 26111.9, ""return_pct"": -0.17814477129804288, ""rs_vs_nifty"": -0.17814477129804288}, {""sector"": ""NIFTY_PHARMA"", ""ltp"": 26273.05, ""return_pct"": -0.25152528730831875, ""rs_vs_nifty"": -0.25152528730831875}, {""sector"": ""NIFTY_HEALTHCARE"", ""ltp"": 16372.9, ""return_pct"": -0.2746985016445387, ""rs_vs_nifty"": -0.2746985016445387}, {""sector"": ""NIFTY_INFRA"", ""ltp"": 9309.85, ""return_pct"": -0.35054481621818334, ""rs_vs_nifty"": -0.35054481621818334}, {""sector"": ""NIFTY_FMCG"", ""ltp"": 47339.35, ""return_pct"": -0.3965047824641669, ""rs_vs_nifty"": -0.3965047824641669}, {""sector"": ""NIFTY_REALTY"", ""ltp"": 913.35, ""return_pct"": -0.40889761203794567, ""rs_vs_nifty"": -0.40889761203794567}, {""sector"": ""NIFTY_AUTO"", ""ltp"": 28951.7, ""return_pct"": -0.5140663819142051, ""rs_vs_nifty"": -0.5140663819142051}, {""sector"": ""NIFTY_ENERGY"", ""ltp"": 38126.25, ""return_pct"": -0.5467467135853217, ""rs_vs_nifty"": -0.5467467135853217}, {""sector"": ""NIFTY_IT"", ""ltp"": 30403.75, ""return_pct"": -0.6312731028306836, ""rs_vs_nifty"": -0.6312731028306836}, {""sector"": ""NIFTY_METAL"", ""ltp"": 13258.05, ""return_pct"": -0.9221721113930212, ""rs_vs_nifty"": -0.9221721113930212}]"
2026-08-25 10:05:01,NORMAL,24143.1,,0,24166.88572842468,,,False,True,[],"[[""NIFTY_METAL"", -0.9053577900750774, -0.9053577900750774], [""NIFTY_IT"", -0.5824119436936446, -0.5824119436936446], [""NIFTY_ENERGY"", -0.561745728867362, -0.561745728867362]]","[{""sector"": ""NIFTY_PSU_BANK"", ""ltp"": 8555.5, ""return_pct"": 0.18443162856055503, ""rs_vs_nifty"": 0.18443162856055503}, {""sector"": ""NIFTY_BANK"", ""ltp"": 57500.5, ""return_pct"": -0.04424090345313218, ""rs_vs_nifty"": -0.04424090345313218}, {""sector"": ""NIFTY_MEDIA"", ""ltp"": 1601.75, ""return_pct"": -0.09667560656146414, ""rs_vs_nifty"": -0.09667560656146414}, {""sector"": ""NIFTY_FIN_SERVICE"", ""ltp"": 26125.65, ""return_pct"": -0.1255805952176101, ""rs_vs_nifty"": -0.1255805952176101}, {""sector"": ""NIFTY_PHARMA"", ""ltp"": 26293.0, ""return_pct"": -0.1757829555075468, ""rs_vs_nifty"": -0.1757829555075468}, {""sector"": ""NIFTY_HEALTHCARE"", ""ltp"": 16382.25, ""return_pct"": -0.21774881227920573, ""rs_vs_nifty"": -0.21774881227920573}, {""sector"": ""NIFTY_INFRA"", ""ltp"": 9310.9, ""return_pct"": -0.3393059747821883, ""rs_vs_nifty"": -0.3393059747821883}, {""sector"": ""NIFTY_FMCG"", ""ltp"": 47359.75, ""return_pct"": -0.353582534853292, ""rs_vs_nifty"": -0.353582534853292}, {""sector"": ""NIFTY_REALTY"", ""ltp"": 913.5, ""return_pct"": -0.39254170755643036, ""rs_vs_nifty"": -0.39254170755643036}, {""sector"": ""NIFTY_AUTO"", ""ltp"": 28951.35, ""return_pct"": -0.515269077326445, ""rs_vs_nifty"": -0.515269077326445}, {""sector"": ""NIFTY_ENERGY"", ""ltp"": 38120.5, ""return_pct"": -0.561745728867362, ""rs_vs_nifty"": -0.561745728867362}, {""sector"": ""NIFTY_IT"", ""ltp"": 30418.7, ""return_pct"": -0.5824119436936446, ""rs_vs_nifty"": -0.5824119436936446}, {""sector"": ""NIFTY_METAL"", ""ltp"": 13260.3, ""return_pct"": -0.9053577900750774, ""rs_vs_nifty"": -0.9053577900750774}]"
2026-08-25 10:06:40,NORMAL,24145.45,,0,24166.51172048315,,,False,True,[],"[[""NIFTY_METAL"", -0.8702345410998115, -0.8702345410998115], [""NIFTY_IT"", -0.5716265373289499, -0.5716265373289499], [""NIFTY_ENERGY"", -0.561745728867362, -0.561745728867362]]","[{""sector"": ""NIFTY_PSU_BANK"", ""ltp"": 8552.9, ""return_pct"": 0.15398577241722106, ""rs_vs_nifty"": 0.15398577241722106}, {""sector"": ""NIFTY_MEDIA"", ""ltp"": 1603.15, ""return_pct"": -0.009355703860778618, ""rs_vs_nifty"": -0.009355703860778618}, {""sector"": ""NIFTY_BANK"", ""ltp"": 57498.75, ""return_pct"": -0.04728300879863277, ""rs_vs_nifty"": -0.04728300879863277}, {""sector"": ""NIFTY_FIN_SERVICE"", ""ltp"": 26123.15, ""return_pct"": -0.1351377181413252, ""rs_vs_nifty"": -0.1351377181413252}, {""sector"": ""NIFTY_PHARMA"", ""ltp"": 26300.7, ""return_pct"": -0.14654907305812434, ""rs_vs_nifty"": -0.14654907305812434}, {""sector"": ""NIFTY_HEALTHCARE"", ""ltp"": 16386.1, ""return_pct"": -0.19429894018760785, ""rs_vs_nifty"": -0.19429894018760785}, {""sector"": ""NIFTY_FMCG"", ""ltp"": 47375.45, ""return_pct"": -0.3205492364468917, ""rs_vs_nifty"": -0.3205492364468917}, {""sector"": ""NIFTY_INFRA"", ""ltp"": 9310.8, ""return_pct"": -0.3403763406332401, ""rs_vs_nifty"": -0.3403763406332401}, {""sector"": ""NIFTY_REALTY"", ""ltp"": 913.5, ""return_pct"": -0.39254170755643036, ""rs_vs_nifty"": -0.39254170755643036}, {""sector"": ""NIFTY_AUTO"", ""ltp"": 28957.8, ""return_pct"": -0.49310511901530174, ""rs_vs_nifty"": -0.49310511901530174}, {""sector"": ""NIFTY_ENERGY"", ""ltp"": 38120.5, ""return_pct"": -0.561745728867362, ""rs_vs_nifty"": -0.561745728867362}, {""sector"": ""NIFTY_IT"", ""ltp"": 30422.0, ""return_pct"": -0.5716265373289499, ""rs_vs_nifty"": -0.5716265373289499}, {""sector"": ""NIFTY_METAL"", ""ltp"": 13265.0, ""return_pct"": -0.8702345410998115, ""rs_vs_nifty"": -0.8702345410998115}]"
2026-08-25 10:08:41,NORMAL,24138.3,,0,24165.987621343702,,,False,True,[],"[[""NIFTY_METAL"", -0.916193686035522, -0.916193686035522], [""NIFTY_ENERGY"", -0.5952652673672219, -0.5952652673672219], [""NIFTY_AUTO"", -0.5700776253981705, -0.5700776253981705]]","[{""sector"": ""NIFTY_PSU_BANK"", ""ltp"": 8551.75, ""return_pct"": 0.14051933604613717, ""rs_vs_nifty"": 0.14051933604613717}, {""sector"": ""NIFTY_BANK"", ""ltp"": 57484.25, ""return_pct"": -0.07248902451849486, ""rs_vs_nifty"": -0.07248902451849486}, {""sector"": ""NIFTY_MEDIA"", ""ltp"": 1601.9, ""return_pct"": -0.08731990270067135, ""rs_vs_nifty"": -0.08731990270067135}, {""sector"": ""NIFTY_PHARMA"", ""ltp"": 26295.0, ""return_pct"": -0.1681897392869183, ""rs_vs_nifty"": -0.1681897392869183}, {""sector"": ""NIFTY_FIN_SERVICE"", ""ltp"": 26112.5, ""return_pct"": -0.17585106179635682, ""rs_vs_nifty"": -0.17585106179635682}, {""sector"": ""NIFTY_HEALTHCARE"", ""ltp"": 16382.0, ""return_pct"": -0.21927153124619322, ""rs_vs_nifty"": -0.21927153124619322}, {""sector"": ""NIFTY_FMCG"", ""ltp"": 47366.45, ""return_pct"": -0.33948552215757055, ""rs_vs_nifty"": -0.33948552215757055}, {""sector"": ""NIFTY_INFRA"", ""ltp"": 9309.35, ""return_pct"": -0.3558966454734228, ""rs_vs_nifty"": -0.3558966454734228}, {""sector"": ""NIFTY_REALTY"", ""ltp"": 912.55, ""return_pct"": -0.49612910260604826, ""rs_vs_nifty"": -0.49612910260604826}, {""sector"": ""NIFTY_IT"", ""ltp"": 30430.35, ""return_pct"": -0.5443361909213119, ""rs_vs_nifty"": -0.5443361909213119}, {""sector"": ""NIFTY_AUTO"", ""ltp"": 28935.4, ""return_pct"": -0.5700776253981705, ""rs_vs_nifty"": -0.5700776253981705}, {""sector"": ""NIFTY_ENERGY"", ""ltp"": 38107.65, ""return_pct"": -0.5952652673672219, ""rs_vs_nifty"": -0.5952652673672219}, {""sector"": ""NIFTY_METAL"", ""ltp"": 13258.85, ""return_pct"": -0.916193686035522, ""rs_vs_nifty"": -0.916193686035522}]"
2026-08-25 10:10:18,NORMAL,24137.0,,0,24165.461541803637,,,False,True,[],"[[""NIFTY_METAL"", -0.9359972200322086, -0.9359972200322086], [""NIFTY_ENERGY"", -0.6096121515500428, -0.6096121515500428], [""NIFTY_AUTO"", -0.5666413527917922, -0.5666413527917922]]","[{""sector"": ""NIFTY_PSU_BANK"", ""ltp"": 8550.35, ""return_pct"": 0.12412541350742543, ""rs_vs_nifty"": 0.12412541350742543}, {""sector"": ""NIFTY_BANK"", ""ltp"": 57481.75, ""return_pct"": -0.07683488929778141, ""rs_vs_nifty"": -0.07683488929778141}, {""sector"": ""NIFTY_FIN_SERVICE"", ""ltp"": 26114.3, ""return_pct"": -0.16896993329128476, ""rs_vs_nifty"": -0.16896993329128476}, {""sector"": ""NIFTY_MEDIA"", ""ltp"": 1600.35, ""return_pct"": -0.18399550926214966, ""rs_vs_nifty"": -0.18399550926214966}, {""sector"": ""NIFTY_PHARMA"", ""ltp"": 26281.95, ""return_pct"": -0.21773547512651645, ""rs_vs_nifty"": -0.21773547512651645}, {""sector"": ""NIFTY_HEALTHCARE"", ""ltp"": 16376.2, ""return_pct"": -0.25459861128029765, ""rs_vs_nifty"": -0.25459861128029765}, {""sector"": ""NIFTY_FMCG"", ""ltp"": 47360.45, ""return_pct"": -0.35210971263135643, ""rs_vs_nifty"": -0.35210971263135643}, {""sector"": ""NIFTY_INFRA"", ""ltp"": 9308.3, ""return_pct"": -0.3671354869094373, ""rs_vs_nifty"": -0.3671354869094373}, {""sector"": ""NIFTY_REALTY"", ""ltp"": 912.6, ""return_pct"": -0.49067713444553485, ""rs_vs_nifty"": -0.49067713444553485}, {""sector"": ""NIFTY_IT"", ""ltp"": 30425.9, ""return_pct"": -0.5588801479888484, ""rs_vs_nifty"": -0.5588801479888484}, {""sector"": ""NIFTY_AUTO"", ""ltp"": 28936.4, ""return_pct"": -0.5666413527917922, ""rs_vs_nifty"": -0.5666413527917922}, {""sector"": ""NIFTY_ENERGY"", ""ltp"": 38102.15, ""return_pct"": -0.6096121515500428, ""rs_vs_nifty"": -0.6096121515500428}, {""sector"": ""NIFTY_METAL"", ""ltp"": 13256.2, ""return_pct"": -0.9359972200322086, ""rs_vs_nifty"": -0.9359972200322086}]"
2026-08-25 10:12:11,NORMAL,24143.7,,0,24164.8015401812,,,False,True,[],"[[""NIFTY_METAL"", -0.9513169350107881, -0.9513169350107881], [""NIFTY_ENERGY"", -0.6175681509605239, -0.6175681509605239], [""NIFTY_AUTO"", -0.5570197894939352, -0.5570197894939352]]","[{""sector"": ""NIFTY_PSU_BANK"", ""ltp"": 8548.95, ""return_pct"": 0.10773149096871368, ""rs_vs_nifty"": 0.10773149096871368}, {""sector"": ""NIFTY_BANK"", ""ltp"": 57486.45, ""return_pct"": -0.06866466351272774, ""rs_vs_nifty"": -0.06866466351272774}, {""sector"": ""NIFTY_FIN_SERVICE"", ""ltp"": 26119.65, ""return_pct"": -0.1485176902345262, ""rs_vs_nifty"": -0.1485176902345262}, {""sector"": ""NIFTY_MEDIA"", ""ltp"": 1600.4, ""return_pct"": -0.18087694130854262, ""rs_vs_nifty"": -0.18087694130854262}, {""sector"": ""NIFTY_PHARMA"", ""ltp"": 26278.35, ""return_pct"": -0.23140326432365602, ""rs_vs_nifty"": -0.23140326432365602}, {""sector"": ""NIFTY_HEALTHCARE"", ""ltp"": 16377.05, ""return_pct"": -0.24942136679254923, ""rs_vs_nifty"": -0.24942136679254923}, {""sector"": ""NIFTY_INFRA"", ""ltp"": 9310.2, ""return_pct"": -0.34679853573951186, ""rs_vs_nifty"": -0.34679853573951186}, {""sector"": ""NIFTY_FMCG"", ""ltp"": 47361.2, ""return_pct"": -0.35053168882213315, ""rs_vs_nifty"": -0.35053168882213315}, {""sector"": ""NIFTY_REALTY"", ""ltp"": 913.1, ""return_pct"": -0.4361574528404754, ""rs_vs_nifty"": -0.4361574528404754}, {""sector"": ""NIFTY_IT"", ""ltp"": 30441.15, ""return_pct"": -0.509038497364112, ""rs_vs_nifty"": -0.509038497364112}, {""sector"": ""NIFTY_AUTO"", ""ltp"": 28939.2, ""return_pct"": -0.5570197894939352, ""rs_vs_nifty"": -0.5570197894939352}, {""sector"": ""NIFTY_ENERGY"", ""ltp"": 38099.1, ""return_pct"": -0.6175681509605239, ""rs_vs_nifty"": -0.6175681509605239}, {""sector"": ""NIFTY_METAL"", ""ltp"": 13254.15, ""return_pct"": -0.9513169350107881, ""rs_vs_nifty"": -0.9513169350107881}]"
2026-08-25 10:13:53,NORMAL,24137.95,,0,24164.38106760614,,,False,True,[],"[[""NIFTY_METAL"", -0.9767252427801225, -0.9767252427801225], [""NIFTY_ENERGY"", -0.643522968709438, -0.643522968709438], [""NIFTY_AUTO"", -0.5487727352386345, -0.5487727352386345]]","[{""sector"": ""NIFTY_PSU_BANK"", ""ltp"": 8546.15, ""return_pct"": 0.0749436458912689, ""rs_vs_nifty"": 0.0749436458912689}, {""sector"": ""NIFTY_BANK"", ""ltp"": 57476.4, ""return_pct"": -0.08613503992545214, ""rs_vs_nifty"": -0.08613503992545214}, {""sector"": ""NIFTY_MEDIA"", ""ltp"": 1601.65, ""return_pct"": -0.10291274246864987, ""rs_vs_nifty"": -0.10291274246864987}, {""sector"": ""NIFTY_FIN_SERVICE"", ""ltp"": 26114.55, ""return_pct"": -0.16801422099891328, ""rs_vs_nifty"": -0.16801422099891328}, {""sector"": ""NIFTY_PHARMA"", ""ltp"": 26275.15, ""return_pct"": -0.24355241027665056, ""rs_vs_nifty"": -0.24355241027665056}, {""sector"": ""NIFTY_HEALTHCARE"", ""ltp"": 16374.9, ""return_pct"": -0.26251674990863905, ""rs_vs_nifty"": -0.26251674990863905}, {""sector"": ""NIFTY_FMCG"", ""ltp"": 47373.55, ""return_pct"": -0.32454689676357834, ""rs_vs_nifty"": -0.32454689676357834}, {""sector"": ""NIFTY_INFRA"", ""ltp"": 9307.55, ""return_pct"": -0.37516323079229646, ""rs_vs_nifty"": -0.37516323079229646}, {""sector"": ""NIFTY_REALTY"", ""ltp"": 913.15, ""return_pct"": -0.43070548467997444, ""rs_vs_nifty"": -0.43070548467997444}, {""sector"": ""NIFTY_IT"", ""ltp"": 30439.8, ""return_pct"": -0.513450709058768, ""rs_vs_nifty"": -0.513450709058768}, {""sector"": ""NIFTY_AUTO"", ""ltp"": 28941.6, ""return_pct"": -0.5487727352386345, ""rs_vs_nifty"": -0.5487727352386345}, {""sector"": ""NIFTY_ENERGY"", ""ltp"": 38089.15, ""return_pct"": -0.643522968709438, ""rs_vs_nifty"": -0.643522968709438}, {""sector"": ""NIFTY_METAL"", ""ltp"": 13250.75, ""return_pct"": -0.9767252427801225, ""rs_vs_nifty"": -0.9767252427801225}]"
2026-08-25 10:15:49,NORMAL,24139.2,,0,24164.12656147301,,,False,True,[],"[[""NIFTY_METAL"", -0.9909240030041615, -0.9909240030041615], [""NIFTY_ENERGY"", -0.6457402144467793, -0.6457402144467793], [""NIFTY_AUTO"", -0.5781528660231673, -0.5781528660231673]]","[{""sector"": ""NIFTY_PSU_BANK"", ""ltp"": 8544.9, ""return_pct"": 0.06030621505312961, ""rs_vs_nifty"": 0.06030621505312961}, {""sector"": ""NIFTY_MEDIA"", ""ltp"": 1604.2, ""return_pct"": 0.05613422316472843, ""rs_vs_nifty"": 0.05613422316472843}, {""sector"": ""NIFTY_BANK"", ""ltp"": 57465.35, ""return_pct"": -0.10534376224990381, ""rs_vs_nifty"": -0.10534376224990381}, {""sector"": ""NIFTY_FIN_SERVICE"", ""ltp"": 26114.35, ""return_pct"": -0.16877879083281325, ""rs_vs_nifty"": -0.16877879083281325}, {""sector"": ""NIFTY_PHARMA"", ""ltp"": 26261.4, ""return_pct"": -0.2957557717934714, ""rs_vs_nifty"": -0.2957557717934714}, {""sector"": ""NIFTY_HEALTHCARE"", ""ltp"": 16367.4, ""return_pct"": -0.30819831891826266, ""rs_vs_nifty"": -0.30819831891826266}, {""sector"": ""NIFTY_FMCG"", ""ltp"": 47368.35, ""return_pct"": -0.3354878618408686, ""rs_vs_nifty"": -0.3354878618408686}, {""sector"": ""NIFTY_INFRA"", ""ltp"": 9309.1, ""return_pct"": -0.3585725601010425, ""rs_vs_nifty"": -0.3585725601010425}, {""sector"": ""NIFTY_REALTY"", ""ltp"": 913.25, ""return_pct"": -0.4198015483589601, ""rs_vs_nifty"": -0.4198015483589601}, {""sector"": ""NIFTY_IT"", ""ltp"": 30449.1, ""return_pct"": -0.4830554729400786, ""rs_vs_nifty"": -0.4830554729400786}, {""sector"": ""NIFTY_AUTO"", ""ltp"": 28933.05, ""return_pct"": -0.5781528660231673, ""rs_vs_nifty"": -0.5781528660231673}, {""sector"": ""NIFTY_ENERGY"", ""ltp"": 38088.3, ""return_pct"": -0.6457402144467793, ""rs_vs_nifty"": -0.6457402144467793}, {""sector"": ""NIFTY_METAL"", ""ltp"": 13248.85, ""return_pct"": -0.9909240030041615, ""rs_vs_nifty"": -0.9909240030041615}]"
2026-08-25 10:17:27,NORMAL,24136.05,,0,24163.76839512524,,,False,True,[],"[[""NIFTY_METAL"", -0.9950341704374447, -0.9950341704374447], [""NIFTY_ENERGY"", -0.6504355583611646, -0.6504355583611646], [""NIFTY_AUTO"", -0.5616587575125535, -0.5616587575125535]]","[{""sector"": ""NIFTY_MEDIA"", ""ltp"": 1604.2, ""return_pct"": 0.05613422316472843, ""rs_vs_nifty"": 0.05613422316472843}, {""sector"": ""NIFTY_PSU_BANK"", ""ltp"": 8542.5, ""return_pct"": 0.03220234784390644, ""rs_vs_nifty"": 0.03220234784390644}, {""sector"": ""NIFTY_BANK"", ""ltp"": 57454.8, ""return_pct"": -0.12368331161848554, ""rs_vs_nifty"": -0.12368331161848554}, {""sector"": ""NIFTY_FIN_SERVICE"", ""ltp"": 26113.4, ""return_pct"": -0.17241049754381385, ""rs_vs_nifty"": -0.17241049754381385}, {""sector"": ""NIFTY_PHARMA"", ""ltp"": 26254.2, ""return_pct"": -0.32309135018773677, ""rs_vs_nifty"": -0.32309135018773677}, {""sector"": ""NIFTY_FMCG"", ""ltp"": 47360.25, ""return_pct"": -0.35253051898047644, ""rs_vs_nifty"": -0.35253051898047644}, {""sector"": ""NIFTY_HEALTHCARE"", ""ltp"": 16360.1, ""return_pct"": -0.35266171275429187, ""rs_vs_nifty"": -0.35266171275429187}, {""sector"": ""NIFTY_INFRA"", ""ltp"": 9306.95, ""return_pct"": -0.38158542589856825, ""rs_vs_nifty"": -0.38158542589856825}, {""sector"": ""NIFTY_REALTY"", ""ltp"": 913.4, ""return_pct"": -0.4034456438774447, ""rs_vs_nifty"": -0.4034456438774447}, {""sector"": ""NIFTY_IT"", ""ltp"": 30451.25, ""return_pct"": -0.4760286172782257, ""rs_vs_nifty"": -0.4760286172782257}, {""sector"": ""NIFTY_AUTO"", ""ltp"": 28937.85, ""return_pct"": -0.5616587575125535, ""rs_vs_nifty"": -0.5616587575125535}, {""sector"": ""NIFTY_ENERGY"", ""ltp"": 38086.5, ""return_pct"": -0.6504355583611646, ""rs_vs_nifty"": -0.6504355583611646}, {""sector"": ""NIFTY_METAL"", ""ltp"": 13248.3, ""return_pct"": -0.9950341704374447, ""rs_vs_nifty"": -0.9950341704374447}]"
2026-08-25 10:19:16,NORMAL,24131.5,,0,24163.154075991093,,,False,True,[],"[[""NIFTY_METAL"", -0.9535588445198417, -0.9535588445198417], [""NIFTY_ENERGY"", -0.6954326042072853, -0.6954326042072853], [""NIFTY_AUTO"", -0.5664695391614758, -0.5664695391614758]]","[{""sector"": ""NIFTY_MEDIA"", ""ltp"": 1604.95, ""return_pct"": 0.10291274246866405, ""rs_vs_nifty"": 0.10291274246866405}, {""sector"": ""NIFTY_PSU_BANK"", ""ltp"": 8540.65, ""return_pct"": 0.010538950203456028, ""rs_vs_nifty"": 0.010538950203456028}, {""sector"": ""NIFTY_BANK"", ""ltp"": 57438.35, ""return_pct"": -0.15227910186619872, ""rs_vs_nifty"": -0.15227910186619872}, {""sector"": ""NIFTY_FIN_SERVICE"", ""ltp"": 26107.0, ""return_pct"": -0.19687673222852994, ""rs_vs_nifty"": -0.19687673222852994}, {""sector"": ""NIFTY_FMCG"", ""ltp"": 47395.1, ""return_pct"": -0.27920501264523995, ""rs_vs_nifty"": -0.27920501264523995}, {""sector"": ""NIFTY_PHARMA"", ""ltp"": 26254.55, ""return_pct"": -0.3217625373491323, ""rs_vs_nifty"": -0.3217625373491323}, {""sector"": ""NIFTY_HEALTHCARE"", ""ltp"": 16362.75, ""return_pct"": -0.3365208917042271, ""rs_vs_nifty"": -0.3365208917042271}, {""sector"": ""NIFTY_REALTY"", ""ltp"": 913.5, ""return_pct"": -0.39254170755643036, ""rs_vs_nifty"": -0.39254170755643036}, {""sector"": ""NIFTY_INFRA"", ""ltp"": 9305.15, ""return_pct"": -0.4008520112174419, ""rs_vs_nifty"": -0.4008520112174419}, {""sector"": ""NIFTY_IT"", ""ltp"": 30436.15, ""return_pct"": -0.5253800221591076, ""rs_vs_nifty"": -0.5253800221591076}, {""sector"": ""NIFTY_AUTO"", ""ltp"": 28936.45, ""return_pct"": -0.5664695391614758, ""rs_vs_nifty"": -0.5664695391614758}, {""sector"": ""NIFTY_ENERGY"", ""ltp"": 38069.25, ""return_pct"": -0.6954326042072853, ""rs_vs_nifty"": -0.6954326042072853}, {""sector"": ""NIFTY_METAL"", ""ltp"": 13253.85, ""return_pct"": -0.9535588445198417, ""rs_vs_nifty"": -0.9535588445198417}]"
2026-08-25 10:20:56,NORMAL,24130.75,,0,24162.712870445102,,,False,True,[],"[[""NIFTY_METAL"", -1.039498709033777, -1.039498709033777], [""NIFTY_ENERGY"", -0.6839550968610245, -0.6839550968610245], [""NIFTY_IT"", -0.6149315780356881, -0.6149315780356881]]","[{""sector"": ""NIFTY_MEDIA"", ""ltp"": 1604.4, ""return_pct"": 0.0686084949791141, ""rs_vs_nifty"": 0.0686084949791141}, {""sector"": ""NIFTY_PSU_BANK"", ""ltp"": 8534.8, ""return_pct"": -0.05796422611904011, ""rs_vs_nifty"": -0.05796422611904011}, {""sector"": ""NIFTY_BANK"", ""ltp"": 57414.35, ""return_pct"": -0.19399940374734975, ""rs_vs_nifty"": -0.19399940374734975}, {""sector"": ""NIFTY_FIN_SERVICE"", ""ltp"": 26105.5, ""return_pct"": -0.20261100598275894, ""rs_vs_nifty"": -0.20261100598275894}, {""sector"": ""NIFTY_FMCG"", ""ltp"": 47414.1, ""return_pct"": -0.23922840947825136, ""rs_vs_nifty"": -0.23922840947825136}, {""sector"": ""NIFTY_HEALTHCARE"", ""ltp"": 16357.5, ""return_pct"": -0.36849799001096356, ""rs_vs_nifty"": -0.36849799001096356}, {""sector"": ""NIFTY_PHARMA"", ""ltp"": 26241.45, ""return_pct"": -0.3714981035942434, ""rs_vs_nifty"": -0.3714981035942434}, {""sector"": ""NIFTY_REALTY"", ""ltp"": 913.65, ""return_pct"": -0.376185803074915, ""rs_vs_nifty"": -0.376185803074915}, {""sector"": ""NIFTY_INFRA"", ""ltp"": 9306.4, ""return_pct"": -0.3874724380793433, ""rs_vs_nifty"": -0.3874724380793433}, {""sector"": ""NIFTY_AUTO"", ""ltp"": 28938.45, ""return_pct"": -0.559596993948719, ""rs_vs_nifty"": -0.559596993948719}, {""sector"": ""NIFTY_IT"", ""ltp"": 30408.75, ""return_pct"": -0.6149315780356881, ""rs_vs_nifty"": -0.6149315780356881}, {""sector"": ""NIFTY_ENERGY"", ""ltp"": 38073.65, ""return_pct"": -0.6839550968610245, ""rs_vs_nifty"": -0.6839550968610245}, {""sector"": ""NIFTY_METAL"", ""ltp"": 13242.35, ""return_pct"": -1.039498709033777, ""rs_vs_nifty"": -1.039498709033777}]"
2026-08-25 10:22:51,NORMAL,24127.75,,0,24162.078014841038,,,False,True,[],"[[""NIFTY_METAL"", -1.1000302657783778, -1.1000302657783778], [""NIFTY_ENERGY"", -0.6680430980400814, -0.6680430980400814], [""NIFTY_IT"", -0.6242462471688308, -0.6242462471688308]]","[{""sector"": ""NIFTY_MEDIA"", ""ltp"": 1603.7, ""return_pct"": 0.024948543628771344, ""rs_vs_nifty"": 0.024948543628771344}, {""sector"": ""NIFTY_PSU_BANK"", ""ltp"": 8533.45, ""return_pct"": -0.0737726514242135, ""rs_vs_nifty"": -0.0737726514242135}, {""sector"": ""NIFTY_BANK"", ""ltp"": 57402.95, ""return_pct"": -0.21381654714089904, ""rs_vs_nifty"": -0.21381654714089904}, {""sector"": ""NIFTY_FIN_SERVICE"", ""ltp"": 26101.4, ""return_pct"": -0.21828468757764605, ""rs_vs_nifty"": -0.21828468757764605}, {""sector"": ""NIFTY_FMCG"", ""ltp"": 47408.05, ""return_pct"": -0.25195780153930963, ""rs_vs_nifty"": -0.25195780153930963}, {""sector"": ""NIFTY_INFRA"", ""ltp"": 9304.9, ""return_pct"": -0.4035279258450616, ""rs_vs_nifty"": -0.4035279258450616}, {""sector"": ""NIFTY_PHARMA"", ""ltp"": 26233.0, ""return_pct"": -0.40357944212640157, ""rs_vs_nifty"": -0.40357944212640157}, {""sector"": ""NIFTY_HEALTHCARE"", ""ltp"": 16351.65, ""return_pct"": -0.4041296138384722, ""rs_vs_nifty"": -0.4041296138384722}, {""sector"": ""NIFTY_REALTY"", ""ltp"": 913.0, ""return_pct"": -0.44706138916148974, ""rs_vs_nifty"": -0.44706138916148974}, {""sector"": ""NIFTY_AUTO"", ""ltp"": 28935.0, ""return_pct"": -0.571452134440727, ""rs_vs_nifty"": -0.571452134440727}, {""sector"": ""NIFTY_IT"", ""ltp"": 30405.9, ""return_pct"": -0.6242462471688308, ""rs_vs_nifty"": -0.6242462471688308}, {""sector"": ""NIFTY_ENERGY"", ""ltp"": 38079.75, ""return_pct"": -0.6680430980400814, ""rs_vs_nifty"": -0.6680430980400814}, {""sector"": ""NIFTY_METAL"", ""ltp"": 13234.25, ""return_pct"": -1.1000302657783778, ""rs_vs_nifty"": -1.1000302657783778}]"
2026-08-25 10:24:31,NORMAL,24123.3,,0,24161.364676642115,,,False,True,[],"[[""NIFTY_METAL"", -1.1504732297322093, -1.1504732297322093], [""NIFTY_ENERGY"", -0.6693473602385197, -0.6693473602385197], [""NIFTY_AUTO"", -0.6248861734699087, -0.6248861734699087]]","[{""sector"": ""NIFTY_MEDIA"", ""ltp"": 1604.6, ""return_pct"": 0.0810827667934856, ""rs_vs_nifty"": 0.0810827667934856}, {""sector"": ""NIFTY_PSU_BANK"", ""ltp"": 8531.25, ""return_pct"": -0.09953452969934716, ""rs_vs_nifty"": -0.09953452969934716}, {""sector"": ""NIFTY_BANK"", ""ltp"": 57389.4, ""return_pct"": -0.23737113424462464, ""rs_vs_nifty"": -0.23737113424462464}, {""sector"": ""NIFTY_FIN_SERVICE"", ""ltp"": 26095.45, ""return_pct"": -0.24103064013609063, ""rs_vs_nifty"": -0.24103064013609063}, {""sector"": ""NIFTY_FMCG"", ""ltp"": 47397.85, ""return_pct"": -0.27341892534475476, ""rs_vs_nifty"": -0.27341892534475476}, {""sector"": ""NIFTY_INFRA"", ""ltp"": 9305.7, ""return_pct"": -0.3949649990366668, ""rs_vs_nifty"": -0.3949649990366668}, {""sector"": ""NIFTY_HEALTHCARE"", ""ltp"": 16351.85, ""return_pct"": -0.4029114386648778, ""rs_vs_nifty"": -0.4029114386648778}, {""sector"": ""NIFTY_PHARMA"", ""ltp"": 26232.05, ""return_pct"": -0.4071862198312028, ""rs_vs_nifty"": -0.4071862198312028}, {""sector"": ""NIFTY_REALTY"", ""ltp"": 912.9, ""return_pct"": -0.4579653254825042, ""rs_vs_nifty"": -0.4579653254825042}, {""sector"": ""NIFTY_IT"", ""ltp"": 30411.1, ""return_pct"": -0.6072510613820449, ""rs_vs_nifty"": -0.6072510613820449}, {""sector"": ""NIFTY_AUTO"", ""ltp"": 28919.45, ""return_pct"": -0.6248861734699087, ""rs_vs_nifty"": -0.6248861734699087}, {""sector"": ""NIFTY_ENERGY"", ""ltp"": 38079.25, ""return_pct"": -0.6693473602385197, ""rs_vs_nifty"": -0.6693473602385197}, {""sector"": ""NIFTY_METAL"", ""ltp"": 13227.5, ""return_pct"": -1.1504732297322093, ""rs_vs_nifty"": -1.1504732297322093}]"
2026-08-25 10:26:22,NORMAL,24116.65,,0,24160.68828278571,,,False,True,[],"[[""NIFTY_METAL"", -1.1276804830567797, -1.1276804830567797], [""NIFTY_ENERGY"", -0.6783467694077362, -0.6783467694077362], [""NIFTY_AUTO"", -0.6719631081772954, -0.6719631081772954]]","[{""sector"": ""NIFTY_MEDIA"", ""ltp"": 1605.25, ""return_pct"": 0.12162415019023548, ""rs_vs_nifty"": 0.12162415019023548}, {""sector"": ""NIFTY_PSU_BANK"", ""ltp"": 8531.0, ""return_pct"": -0.10246201586697502, ""rs_vs_nifty"": -0.10246201586697502}, {""sector"": ""NIFTY_BANK"", ""ltp"": 57380.8, ""return_pct"": -0.2523209090853679, ""rs_vs_nifty"": -0.2523209090853679}, {""sector"": ""NIFTY_FIN_SERVICE"", ""ltp"": 26091.15, ""return_pct"": -0.25746889156487773, ""rs_vs_nifty"": -0.25746889156487773}, {""sector"": ""NIFTY_FMCG"", ""ltp"": 47391.8, ""return_pct"": -0.286148317405813, ""rs_vs_nifty"": -0.286148317405813}, {""sector"": ""NIFTY_PHARMA"", ""ltp"": 26238.95, ""return_pct"": -0.380989623870029, ""rs_vs_nifty"": -0.380989623870029}, {""sector"": ""NIFTY_HEALTHCARE"", ""ltp"": 16351.95, ""return_pct"": -0.4023023510780806, ""rs_vs_nifty"": -0.4023023510780806}, {""sector"": ""NIFTY_INFRA"", ""ltp"": 9300.6, ""return_pct"": -0.44955365744011305, ""rs_vs_nifty"": -0.44955365744011305}, {""sector"": ""NIFTY_REALTY"", ""ltp"": 912.8, ""return_pct"": -0.4688692618035185, ""rs_vs_nifty"": -0.4688692618035185}, {""sector"": ""NIFTY_IT"", ""ltp"": 30412.35, ""return_pct"": -0.603165680183296, ""rs_vs_nifty"": -0.603165680183296}, {""sector"": ""NIFTY_AUTO"", ""ltp"": 28905.75, ""return_pct"": -0.6719631081772954, ""rs_vs_nifty"": -0.6719631081772954}, {""sector"": ""NIFTY_ENERGY"", ""ltp"": 38075.8, ""return_pct"": -0.6783467694077362, ""rs_vs_nifty"": -0.6783467694077362}, {""sector"": ""NIFTY_METAL"", ""ltp"": 13230.55, ""return_pct"": -1.1276804830567797, ""rs_vs_nifty"": -1.1276804830567797}]"
2026-08-25 10:28:04,NORMAL,24120.6,,0,24160.005305679224,,,False,True,[],"[[""NIFTY_METAL"", -1.060049546200153, -1.060049546200153], [""NIFTY_IT"", -0.6266974758880802, -0.6266974758880802], [""NIFTY_ENERGY"", -0.6231764784138123, -0.6231764784138123]]","[{""sector"": ""NIFTY_MEDIA"", ""ltp"": 1606.4, ""return_pct"": 0.19335121312294246, ""rs_vs_nifty"": 0.19335121312294246}, {""sector"": ""NIFTY_PSU_BANK"", ""ltp"": 8529.55, ""return_pct"": -0.11944143563922512, ""rs_vs_nifty"": -0.11944143563922512}, {""sector"": ""NIFTY_FIN_SERVICE"", ""ltp"": 26092.95, ""return_pct"": -0.2505877630598057, ""rs_vs_nifty"": -0.2505877630598057}, {""sector"": ""NIFTY_BANK"", ""ltp"": 57381.45, ""return_pct"": -0.25119098424276354, ""rs_vs_nifty"": -0.25119098424276354}, {""sector"": ""NIFTY_FMCG"", ""ltp"": 47402.2, ""return_pct"": -0.26426638725126306, ""rs_vs_nifty"": -0.26426638725126306}, {""sector"": ""NIFTY_PHARMA"", ""ltp"": 26247.35, ""return_pct"": -0.3490981157433976, ""rs_vs_nifty"": -0.3490981157433976}, {""sector"": ""NIFTY_HEALTHCARE"", ""ltp"": 16356.5, ""return_pct"": -0.37458886587891344, ""rs_vs_nifty"": -0.37458886587891344}, {""sector"": ""NIFTY_INFRA"", ""ltp"": 9305.4, ""return_pct"": -0.39817609658982217, ""rs_vs_nifty"": -0.39817609658982217}, {""sector"": ""NIFTY_REALTY"", ""ltp"": 912.95, ""return_pct"": -0.4525133573219907, ""rs_vs_nifty"": -0.4525133573219907}, {""sector"": ""NIFTY_AUTO"", ""ltp"": 28921.0, ""return_pct"": -0.6195599509300247, ""rs_vs_nifty"": -0.6195599509300247}, {""sector"": ""NIFTY_ENERGY"", ""ltp"": 38096.95, ""return_pct"": -0.6231764784138123, ""rs_vs_nifty"": -0.6231764784138123}, {""sector"": ""NIFTY_IT"", ""ltp"": 30405.15, ""return_pct"": -0.6266974758880802, ""rs_vs_nifty"": -0.6266974758880802}, {""sector"": ""NIFTY_METAL"", ""ltp"": 13239.6, ""return_pct"": -1.060049546200153, ""rs_vs_nifty"": -1.060049546200153}]"
2026-08-25 10:30:06,NORMAL,24126.8,,0,24159.54564948198,,,False,True,[],"[[""NIFTY_METAL"", -1.0409933153731554, -1.0409933153731554], [""NIFTY_IT"", -0.621958433697541, -0.621958433697541], [""NIFTY_ENERGY"", -0.6176985771803564, -0.6176985771803564]]","[{""sector"": ""NIFTY_MEDIA"", ""ltp"": 1606.85, ""return_pct"": 0.2214183247052925, ""rs_vs_nifty"": 0.2214183247052925}, {""sector"": ""NIFTY_PSU_BANK"", ""ltp"": 8535.7, ""return_pct"": -0.04742527591556278, ""rs_vs_nifty"": -0.04742527591556278}, {""sector"": ""NIFTY_FMCG"", ""ltp"": 47440.5, ""return_pct"": -0.1836819713935905, ""rs_vs_nifty"": -0.1836819713935905}, {""sector"": ""NIFTY_BANK"", ""ltp"": 57409.25, ""return_pct"": -0.2028649678970918, ""rs_vs_nifty"": -0.2028649678970918}, {""sector"": ""NIFTY_FIN_SERVICE"", ""ltp"": 26099.55, ""return_pct"": -0.22535695854120352, ""rs_vs_nifty"": -0.22535695854120352}, {""sector"": ""NIFTY_PHARMA"", ""ltp"": 26253.1, ""return_pct"": -0.3272676191090907, ""rs_vs_nifty"": -0.3272676191090907}, {""sector"": ""NIFTY_HEALTHCARE"", ""ltp"": 16358.6, ""return_pct"": -0.36179802655621657, ""rs_vs_nifty"": -0.36179802655621657}, {""sector"": ""NIFTY_INFRA"", ""ltp"": 9303.4, ""return_pct"": -0.41958341361077994, ""rs_vs_nifty"": -0.41958341361077994}, {""sector"": ""NIFTY_REALTY"", ""ltp"": 913.15, ""return_pct"": -0.43070548467997444, ""rs_vs_nifty"": -0.43070548467997444}, {""sector"": ""NIFTY_AUTO"", ""ltp"": 28923.35, ""return_pct"": -0.6114847103050405, ""rs_vs_nifty"": -0.6114847103050405}, {""sector"": ""NIFTY_ENERGY"", ""ltp"": 38099.05, ""return_pct"": -0.6176985771803564, ""rs_vs_nifty"": -0.6176985771803564}, {""sector"": ""NIFTY_IT"", ""ltp"": 30406.6, ""return_pct"": -0.621958433697541, ""rs_vs_nifty"": -0.621958433697541}, {""sector"": ""NIFTY_METAL"", ""ltp"": 13242.15, ""return_pct"": -1.0409933153731554, ""rs_vs_nifty"": -1.0409933153731554}]"
2026-08-25 10:31:44,NORMAL,24130.25,,0,24159.141723765966,,,False,True,[],"[[""NIFTY_METAL"", -1.0125957949250641, -1.0125957949250641], [""NIFTY_IT"", -0.6659171353960696, -0.6659171353960696], [""NIFTY_ENERGY"", -0.6156117576628665, -0.6156117576628665]]","[{""sector"": ""NIFTY_MEDIA"", ""ltp"": 1607.3, ""return_pct"": 0.24948543628765674, ""rs_vs_nifty"": 0.24948543628765674}, {""sector"": ""NIFTY_PSU_BANK"", ""ltp"": 8538.4, ""return_pct"": -0.015808425305194693, ""rs_vs_nifty"": -0.015808425305194693}, {""sector"": ""NIFTY_BANK"", ""ltp"": 57431.05, ""return_pct"": -0.1649690270217079, ""rs_vs_nifty"": -0.1649690270217079}, {""sector"": ""NIFTY_FIN_SERVICE"", ""ltp"": 26102.4, ""return_pct"": -0.21446183840816002, ""rs_vs_nifty"": -0.21446183840816002}, {""sector"": ""NIFTY_FMCG"", ""ltp"": 47420.25, ""return_pct"": -0.2262886142426178, ""rs_vs_nifty"": -0.2262886142426178}, {""sector"": ""NIFTY_PHARMA"", ""ltp"": 26244.0, ""return_pct"": -0.36181675291294485, ""rs_vs_nifty"": -0.36181675291294485}, {""sector"": ""NIFTY_HEALTHCARE"", ""ltp"": 16356.2, ""return_pct"": -0.3764161286392939, ""rs_vs_nifty"": -0.3764161286392939}, {""sector"": ""NIFTY_INFRA"", ""ltp"": 9303.45, ""return_pct"": -0.4190482306852443, ""rs_vs_nifty"": -0.4190482306852443}, {""sector"": ""NIFTY_REALTY"", ""ltp"": 912.8, ""return_pct"": -0.4688692618035185, ""rs_vs_nifty"": -0.4688692618035185}, {""sector"": ""NIFTY_AUTO"", ""ltp"": 28926.85, ""return_pct"": -0.599457756182716, ""rs_vs_nifty"": -0.599457756182716}, {""sector"": ""NIFTY_ENERGY"", ""ltp"": 38099.85, ""return_pct"": -0.6156117576628665, ""rs_vs_nifty"": -0.6156117576628665}, {""sector"": ""NIFTY_IT"", ""ltp"": 30393.15, ""return_pct"": -0.6659171353960696, ""rs_vs_nifty"": -0.6659171353960696}, {""sector"": ""NIFTY_METAL"", ""ltp"": 13245.95, ""return_pct"": -1.0125957949250641, ""rs_vs_nifty"": -1.0125957949250641}]"
2026-08-25 10:33:46,NORMAL,24134.35,,0,24158.749572684035,,,False,True,[],"[[""NIFTY_METAL"", -1.0122221433402265, -1.0122221433402265], [""NIFTY_AUTO"", -0.6482528271932795, -0.6482528271932795], [""NIFTY_IT"", -0.6479414581215744, -0.6479414581215744]]","[{""sector"": ""NIFTY_MEDIA"", ""ltp"": 1607.9, ""return_pct"": 0.28690825173081375, ""rs_vs_nifty"": 0.28690825173081375}, {""sector"": ""NIFTY_PSU_BANK"", ""ltp"": 8542.7, ""return_pct"": 0.03454433677801724, ""rs_vs_nifty"": 0.03454433677801724}, {""sector"": ""NIFTY_BANK"", ""ltp"": 57459.1, ""return_pct"": -0.11620842419812023, ""rs_vs_nifty"": -0.11620842419812023}, {""sector"": ""NIFTY_FIN_SERVICE"", ""ltp"": 26113.35, ""return_pct"": -0.17260164000229927, ""rs_vs_nifty"": -0.17260164000229927}, {""sector"": ""NIFTY_FMCG"", ""ltp"": 47416.35, ""return_pct"": -0.2344943380505817, ""rs_vs_nifty"": -0.2344943380505817}, {""sector"": ""NIFTY_PHARMA"", ""ltp"": 26244.6, ""return_pct"": -0.3595387880467618, ""rs_vs_nifty"": -0.3595387880467618}, {""sector"": ""NIFTY_HEALTHCARE"", ""ltp"": 16357.7, ""return_pct"": -0.3672798148373692, ""rs_vs_nifty"": -0.3672798148373692}, {""sector"": ""NIFTY_INFRA"", ""ltp"": 9305.35, ""return_pct"": -0.39871127951533836, ""rs_vs_nifty"": -0.39871127951533836}, {""sector"": ""NIFTY_REALTY"", ""ltp"": 913.0, ""return_pct"": -0.44706138916148974, ""rs_vs_nifty"": -0.44706138916148974}, {""sector"": ""NIFTY_ENERGY"", ""ltp"": 38100.0, ""return_pct"": -0.6152204790033312, ""rs_vs_nifty"": -0.6152204790033312}, {""sector"": ""NIFTY_IT"", ""ltp"": 30398.65, ""return_pct"": -0.6479414581215744, ""rs_vs_nifty"": -0.6479414581215744}, {""sector"": ""NIFTY_AUTO"", ""ltp"": 28912.65, ""return_pct"": -0.6482528271932795, ""rs_vs_nifty"": -0.6482528271932795}, {""sector"": ""NIFTY_METAL"", ""ltp"": 13246.0, ""return_pct"": -1.0122221433402265, ""rs_vs_nifty"": -1.0122221433402265}]"
2026-08-25 10:35:27,NORMAL,24129.45,,0,24158.402514938472,,,False,True,[],"[[""NIFTY_METAL"", -0.9629001341409217, -0.9629001341409217], [""NIFTY_IT"", -0.6432024159310352, -0.6432024159310352], [""NIFTY_AUTO"", -0.6345077367677657, -0.6345077367677657]]","[{""sector"": ""NIFTY_MEDIA"", ""ltp"": 1607.65, ""return_pct"": 0.27131541196283515, ""rs_vs_nifty"": 0.27131541196283515}, {""sector"": ""NIFTY_PSU_BANK"", ""ltp"": 8537.25, ""return_pct"": -0.02927486167627858, ""rs_vs_nifty"": -0.02927486167627858}, {""sector"": ""NIFTY_BANK"", ""ltp"": 57447.1, ""return_pct"": -0.13706857513869575, ""rs_vs_nifty"": -0.13706857513869575}, {""sector"": ""NIFTY_FIN_SERVICE"", ""ltp"": 26102.1, ""return_pct"": -0.21560869315901698, ""rs_vs_nifty"": -0.21560869315901698}, {""sector"": ""NIFTY_FMCG"", ""ltp"": 47416.05, ""return_pct"": -0.2351255475742618, ""rs_vs_nifty"": -0.2351255475742618}, {""sector"": ""NIFTY_PHARMA"", ""ltp"": 26253.55, ""return_pct"": -0.32555914545944653, ""rs_vs_nifty"": -0.32555914545944653}, {""sector"": ""NIFTY_HEALTHCARE"", ""ltp"": 16362.05, ""return_pct"": -0.34078450481179634, ""rs_vs_nifty"": -0.34078450481179634}, {""sector"": ""NIFTY_INFRA"", ""ltp"": 9304.5, ""return_pct"": -0.40780938924924925, ""rs_vs_nifty"": -0.40780938924924925}, {""sector"": ""NIFTY_REALTY"", ""ltp"": 913.05, ""return_pct"": -0.44160942100098877, ""rs_vs_nifty"": -0.44160942100098877}, {""sector"": ""NIFTY_ENERGY"", ""ltp"": 38095.85, ""return_pct"": -0.6260458552503727, ""rs_vs_nifty"": -0.6260458552503727}, {""sector"": ""NIFTY_AUTO"", ""ltp"": 28916.65, ""return_pct"": -0.6345077367677657, ""rs_vs_nifty"": -0.6345077367677657}, {""sector"": ""NIFTY_IT"", ""ltp"": 30400.1, ""return_pct"": -0.6432024159310352, ""rs_vs_nifty"": -0.6432024159310352}, {""sector"": ""NIFTY_METAL"", ""ltp"": 13252.6, ""return_pct"": -0.9629001341409217, ""rs_vs_nifty"": -0.9629001341409217}]"
2026-08-25 10:37:32,NORMAL,24131.5,,0,24158.019061604333,,,False,True,[],"[[""NIFTY_METAL"", -0.9696258626680965, -0.9696258626680965], [""NIFTY_AUTO"", -0.6819282987357979, -0.6819282987357979], [""NIFTY_IT"", -0.6471243818818245, -0.6471243818818245]]","[{""sector"": ""NIFTY_MEDIA"", ""ltp"": 1606.2, ""return_pct"": 0.1808769413085568, ""rs_vs_nifty"": 0.1808769413085568}, {""sector"": ""NIFTY_PSU_BANK"", ""ltp"": 8538.3, ""return_pct"": -0.016979419772250096, ""rs_vs_nifty"": -0.016979419772250096}, {""sector"": ""NIFTY_BANK"", ""ltp"": 57425.15, ""return_pct"": -0.17522526790082674, ""rs_vs_nifty"": -0.17522526790082674}, {""sector"": ""NIFTY_FIN_SERVICE"", ""ltp"": 26104.3, ""return_pct"": -0.20719842498614494, ""rs_vs_nifty"": -0.20719842498614494}, {""sector"": ""NIFTY_FMCG"", ""ltp"": 47411.85, ""return_pct"": -0.24396248090592107, ""rs_vs_nifty"": -0.24396248090592107}, {""sector"": ""NIFTY_PHARMA"", ""ltp"": 26239.45, ""return_pct"": -0.3790913198148719, ""rs_vs_nifty"": -0.3790913198148719}, {""sector"": ""NIFTY_HEALTHCARE"", ""ltp"": 16353.5, ""return_pct"": -0.3928614934827628, ""rs_vs_nifty"": -0.3928614934827628}, {""sector"": ""NIFTY_INFRA"", ""ltp"": 9304.35, ""return_pct"": -0.40941493802581724, ""rs_vs_nifty"": -0.40941493802581724}, {""sector"": ""NIFTY_REALTY"", ""ltp"": 912.15, ""return_pct"": -0.5397448478900932, ""rs_vs_nifty"": -0.5397448478900932}, {""sector"": ""NIFTY_ENERGY"", ""ltp"": 38098.85, ""return_pct"": -0.6182202820597431, ""rs_vs_nifty"": -0.6182202820597431}, {""sector"": ""NIFTY_IT"", ""ltp"": 30398.9, ""return_pct"": -0.6471243818818245, ""rs_vs_nifty"": -0.6471243818818245}, {""sector"": ""NIFTY_AUTO"", ""ltp"": 28902.85, ""return_pct"": -0.6819282987357979, ""rs_vs_nifty"": -0.6819282987357979}, {""sector"": ""NIFTY_METAL"", ""ltp"": 13251.7, ""return_pct"": -0.9696258626680965, ""rs_vs_nifty"": -0.9696258626680965}]"
2026-08-25 10:39:14,NORMAL,24129.5,,0,24157.65377120393,,,False,True,[],"[[""NIFTY_METAL"", -0.9819563649679328, -0.9819563649679328], [""NIFTY_AUTO"", -0.676086635304952, -0.676086635304952], [""NIFTY_IT"", -0.6432024159310352, -0.6432024159310352]]","[{""sector"": ""NIFTY_MEDIA"", ""ltp"": 1606.05, ""return_pct"": 0.17152123744776399, ""rs_vs_nifty"": 0.17152123744776399}, {""sector"": ""NIFTY_PSU_BANK"", ""ltp"": 8540.25, ""return_pct"": 0.0058549723352557155, ""rs_vs_nifty"": 0.0058549723352557155}, {""sector"": ""NIFTY_BANK"", ""ltp"": 57420.75, ""return_pct"": -0.1828739899123736, ""rs_vs_nifty"": -0.1828739899123736}, {""sector"": ""NIFTY_FIN_SERVICE"", ""ltp"": 26099.45, ""return_pct"": -0.22573924345814658, ""rs_vs_nifty"": -0.22573924345814658}, {""sector"": ""NIFTY_FMCG"", ""ltp"": 47414.45, ""return_pct"": -0.2384919983672836, ""rs_vs_nifty"": -0.2384919983672836}, {""sector"": ""NIFTY_PHARMA"", ""ltp"": 26245.1, ""return_pct"": -0.3576404839916047, ""rs_vs_nifty"": -0.3576404839916047}, {""sector"": ""NIFTY_HEALTHCARE"", ""ltp"": 16357.5, ""return_pct"": -0.36849799001096356, ""rs_vs_nifty"": -0.36849799001096356}, {""sector"": ""NIFTY_INFRA"", ""ltp"": 9304.6, ""return_pct"": -0.4067390233981975, ""rs_vs_nifty"": -0.4067390233981975}, {""sector"": ""NIFTY_REALTY"", ""ltp"": 911.45, ""return_pct"": -0.6160724021371691, ""rs_vs_nifty"": -0.6160724021371691}, {""sector"": ""NIFTY_ENERGY"", ""ltp"": 38097.5, ""return_pct"": -0.6217417899955227, ""rs_vs_nifty"": -0.6217417899955227}, {""sector"": ""NIFTY_IT"", ""ltp"": 30400.1, ""return_pct"": -0.6432024159310352, ""rs_vs_nifty"": -0.6432024159310352}, {""sector"": ""NIFTY_AUTO"", ""ltp"": 28904.55, ""return_pct"": -0.676086635304952, ""rs_vs_nifty"": -0.676086635304952}, {""sector"": ""NIFTY_METAL"", ""ltp"": 13250.05, ""return_pct"": -0.9819563649679328, ""rs_vs_nifty"": -0.9819563649679328}]"
2026-08-25 10:41:08,NORMAL,24127.25,,0,24157.391449636714,,,False,True,[],"[[""NIFTY_METAL"", -1.0148377044341315, -1.0148377044341315], [""NIFTY_AUTO"", -0.6826155532570635, -0.6826155532570635], [""NIFTY_ENERGY"", -0.6577394266724266, -0.6577394266724266]]","[{""sector"": ""NIFTY_MEDIA"", ""ltp"": 1606.0, ""return_pct"": 0.1684026694941711, ""rs_vs_nifty"": 0.1684026694941711}, {""sector"": ""NIFTY_PSU_BANK"", ""ltp"": 8543.5, ""return_pct"": 0.04391229251441787, ""rs_vs_nifty"": 0.04391229251441787}, {""sector"": ""NIFTY_BANK"", ""ltp"": 57425.6, ""return_pct"": -0.17444301224056022, ""rs_vs_nifty"": -0.17444301224056022}, {""sector"": ""NIFTY_FIN_SERVICE"", ""ltp"": 26097.75, ""return_pct"": -0.23223808704627558, ""rs_vs_nifty"": -0.23223808704627558}, {""sector"": ""NIFTY_FMCG"", ""ltp"": 47405.05, ""return_pct"": -0.25826989677620255, ""rs_vs_nifty"": -0.25826989677620255}, {""sector"": ""NIFTY_PHARMA"", ""ltp"": 26248.8, ""return_pct"": -0.3435930339834392, ""rs_vs_nifty"": -0.3435930339834392}, {""sector"": ""NIFTY_HEALTHCARE"", ""ltp"": 16359.4, ""return_pct"": -0.35692532586186115, ""rs_vs_nifty"": -0.35692532586186115}, {""sector"": ""NIFTY_INFRA"", ""ltp"": 9302.6, ""return_pct"": -0.4281463404191553, ""rs_vs_nifty"": -0.4281463404191553}, {""sector"": ""NIFTY_IT"", ""ltp"": 30400.8, ""return_pct"": -0.6409146024597334, ""rs_vs_nifty"": -0.6409146024597334}, {""sector"": ""NIFTY_REALTY"", ""ltp"": 911.2, ""return_pct"": -0.6433322429396987, ""rs_vs_nifty"": -0.6433322429396987}, {""sector"": ""NIFTY_ENERGY"", ""ltp"": 38083.7, ""return_pct"": -0.6577394266724266, ""rs_vs_nifty"": -0.6577394266724266}, {""sector"": ""NIFTY_AUTO"", ""ltp"": 28902.65, ""return_pct"": -0.6826155532570635, ""rs_vs_nifty"": -0.6826155532570635}, {""sector"": ""NIFTY_METAL"", ""ltp"": 13245.65, ""return_pct"": -1.0148377044341315, ""rs_vs_nifty"": -1.0148377044341315}]"
2026-08-25 10:42:50,NORMAL,24131.6,,0,24157.11266061946,,,False,True,[],"[[""NIFTY_METAL"", -0.9741096816862175, -0.9741096816862175], [""NIFTY_ENERGY"", -0.6757382450108597, -0.6757382450108597], [""NIFTY_AUTO"", -0.6676677674193224, -0.6676677674193224]]","[{""sector"": ""NIFTY_MEDIA"", ""ltp"": 1604.7, ""return_pct"": 0.08731990270068553, ""rs_vs_nifty"": 0.08731990270068553}, {""sector"": ""NIFTY_PSU_BANK"", ""ltp"": 8546.1, ""return_pct"": 0.07435814865775185, ""rs_vs_nifty"": 0.07435814865775185}, {""sector"": ""NIFTY_BANK"", ""ltp"": 57441.25, ""return_pct"": -0.1472378987222238, ""rs_vs_nifty"": -0.1472378987222238}, {""sector"": ""NIFTY_FIN_SERVICE"", ""ltp"": 26104.9, ""return_pct"": -0.20490471548444497, ""rs_vs_nifty"": -0.20490471548444497}, {""sector"": ""NIFTY_FMCG"", ""ltp"": 47407.95, ""return_pct"": -0.25216820471388496, ""rs_vs_nifty"": -0.25216820471388496}, {""sector"": ""NIFTY_HEALTHCARE"", ""ltp"": 16357.4, ""return_pct"": -0.36910707759776074, ""rs_vs_nifty"": -0.36910707759776074}, {""sector"": ""NIFTY_PHARMA"", ""ltp"": 26240.95, ""return_pct"": -0.3733964076494005, ""rs_vs_nifty"": -0.3733964076494005}, {""sector"": ""NIFTY_INFRA"", ""ltp"": 9303.8, ""return_pct"": -0.4153019502065923, ""rs_vs_nifty"": -0.4153019502065923}, {""sector"": ""NIFTY_IT"", ""ltp"": 30409.95, ""return_pct"": -0.6110096120848868, ""rs_vs_nifty"": -0.6110096120848868}, {""sector"": ""NIFTY_REALTY"", ""ltp"": 911.2, ""return_pct"": -0.6433322429396987, ""rs_vs_nifty"": -0.6433322429396987}, {""sector"": ""NIFTY_AUTO"", ""ltp"": 28907.0, ""return_pct"": -0.6676677674193224, ""rs_vs_nifty"": -0.6676677674193224}, {""sector"": ""NIFTY_ENERGY"", ""ltp"": 38076.8, ""return_pct"": -0.6757382450108597, ""rs_vs_nifty"": -0.6757382450108597}, {""sector"": ""NIFTY_METAL"", ""ltp"": 13251.1, ""return_pct"": -0.9741096816862175, ""rs_vs_nifty"": -0.9741096816862175}]"
2026-08-25 10:44:52,NORMAL,24139.75,,0,24156.81189254527,,,False,True,[],"[[""NIFTY_METAL"", -0.980088107043717, -0.980088107043717], [""NIFTY_ENERGY"", -0.6869548999174364, -0.6869548999174364], [""NIFTY_REALTY"", -0.6705920837422285, -0.6705920837422285]]","[{""sector"": ""NIFTY_PSU_BANK"", ""ltp"": 8558.05, ""return_pct"": 0.21429198747035066, ""rs_vs_nifty"": 0.21429198747035066}, {""sector"": ""NIFTY_MEDIA"", ""ltp"": 1603.75, ""return_pct"": 0.028067111582364215, ""rs_vs_nifty"": 0.028067111582364215}, {""sector"": ""NIFTY_BANK"", ""ltp"": 57468.65, ""return_pct"": -0.0996072207412405, ""rs_vs_nifty"": -0.0996072207412405}, {""sector"": ""NIFTY_FIN_SERVICE"", ""ltp"": 26118.45, ""return_pct"": -0.15310510923791223, ""rs_vs_nifty"": -0.15310510923791223}, {""sector"": ""NIFTY_FMCG"", ""ltp"": 47390.05, ""return_pct"": -0.2898303729606672, ""rs_vs_nifty"": -0.2898303729606672}, {""sector"": ""NIFTY_HEALTHCARE"", ""ltp"": 16352.35, ""return_pct"": -0.39986600073090284, ""rs_vs_nifty"": -0.39986600073090284}, {""sector"": ""NIFTY_PHARMA"", ""ltp"": 26230.85, ""return_pct"": -0.4117421495635827, ""rs_vs_nifty"": -0.4117421495635827}, {""sector"": ""NIFTY_INFRA"", ""ltp"": 9302.75, ""return_pct"": -0.42654079164258735, ""rs_vs_nifty"": -0.42654079164258735}, {""sector"": ""NIFTY_AUTO"", ""ltp"": 28924.25, ""return_pct"": -0.6083920649592949, ""rs_vs_nifty"": -0.6083920649592949}, {""sector"": ""NIFTY_IT"", ""ltp"": 30409.85, ""return_pct"": -0.6113364425807938, ""rs_vs_nifty"": -0.6113364425807938}, {""sector"": ""NIFTY_REALTY"", ""ltp"": 910.95, ""return_pct"": -0.6705920837422285, ""rs_vs_nifty"": -0.6705920837422285}, {""sector"": ""NIFTY_ENERGY"", ""ltp"": 38072.5, ""return_pct"": -0.6869548999174364, ""rs_vs_nifty"": -0.6869548999174364}, {""sector"": ""NIFTY_METAL"", ""ltp"": 13250.3, ""return_pct"": -0.980088107043717, ""rs_vs_nifty"": -0.980088107043717}]"
2026-08-25 10:46:37,NORMAL,24140.7,,0,24156.53932362151,,,False,True,[],"[[""NIFTY_METAL"", -0.949448677086572, -0.949448677086572], [""NIFTY_ENERGY"", -0.6839550968610245, -0.6839550968610245], [""NIFTY_REALTY"", -0.6760440519027419, -0.6760440519027419]]","[{""sector"": ""NIFTY_PSU_BANK"", ""ltp"": 8557.5, ""return_pct"": 0.2078515179015779, ""rs_vs_nifty"": 0.2078515179015779}, {""sector"": ""NIFTY_MEDIA"", ""ltp"": 1603.35, ""return_pct"": 0.0031185679535928727, ""rs_vs_nifty"": 0.0031185679535928727}, {""sector"": ""NIFTY_BANK"", ""ltp"": 57476.0, ""return_pct"": -0.08683037829014052, ""rs_vs_nifty"": -0.08683037829014052}, {""sector"": ""NIFTY_FIN_SERVICE"", ""ltp"": 26124.0, ""return_pct"": -0.13188829634726762, ""rs_vs_nifty"": -0.13188829634726762}, {""sector"": ""NIFTY_FMCG"", ""ltp"": 47402.7, ""return_pct"": -0.2632143713784476, ""rs_vs_nifty"": -0.2632143713784476}, {""sector"": ""NIFTY_INFRA"", ""ltp"": 9304.25, ""return_pct"": -0.410485303876869, ""rs_vs_nifty"": -0.410485303876869}, {""sector"": ""NIFTY_HEALTHCARE"", ""ltp"": 16348.3, ""return_pct"": -0.4245340479961062, ""rs_vs_nifty"": -0.4245340479961062}, {""sector"": ""NIFTY_PHARMA"", ""ltp"": 26227.35, ""return_pct"": -0.42503027794968257, ""rs_vs_nifty"": -0.42503027794968257}, {""sector"": ""NIFTY_IT"", ""ltp"": 30414.45, ""return_pct"": -0.5963022397693908, ""rs_vs_nifty"": -0.5963022397693908}, {""sector"": ""NIFTY_AUTO"", ""ltp"": 28927.65, ""return_pct"": -0.5967087380976033, ""rs_vs_nifty"": -0.5967087380976033}, {""sector"": ""NIFTY_REALTY"", ""ltp"": 910.9, ""return_pct"": -0.6760440519027419, ""rs_vs_nifty"": -0.6760440519027419}, {""sector"": ""NIFTY_ENERGY"", ""ltp"": 38073.65, ""return_pct"": -0.6839550968610245, ""rs_vs_nifty"": -0.6839550968610245}, {""sector"": ""NIFTY_METAL"", ""ltp"": 13254.4, ""return_pct"": -0.949448677086572, ""rs_vs_nifty"": -0.949448677086572}]"
2026-08-25 11:16:43,NORMAL,24147.65,,0,24154.1890453927,,,False,True,[],"[[""NIFTY_METAL"", -0.9113362154325632, -0.9113362154325632], [""NIFTY_IT"", -0.6487585343613241, -0.6487585343613241], [""NIFTY_ENERGY"", -0.5732232362136225, -0.5732232362136225]]","[{""sector"": ""NIFTY_MEDIA"", ""ltp"": 1608.55, ""return_pct"": 0.32744963512754943, ""rs_vs_nifty"": 0.32744963512754943}, {""sector"": ""NIFTY_PSU_BANK"", ""ltp"": 8563.8, ""return_pct"": 0.28162416932579143, ""rs_vs_nifty"": 0.28162416932579143}, {""sector"": ""NIFTY_PHARMA"", ""ltp"": 26410.4, ""return_pct"": 0.2699388366433511, ""rs_vs_nifty"": 0.2699388366433511}, {""sector"": ""NIFTY_HEALTHCARE"", ""ltp"": 16455.2, ""return_pct"": 0.2265805822877374, ""rs_vs_nifty"": 0.2265805822877374}, {""sector"": ""NIFTY_BANK"", ""ltp"": 57459.75, ""return_pct"": -0.11507849935550321, ""rs_vs_nifty"": -0.11507849935550321}, {""sector"": ""NIFTY_FIN_SERVICE"", ""ltp"": 26116.6, ""return_pct"": -0.1601773802014697, ""rs_vs_nifty"": -0.1601773802014697}, {""sector"": ""NIFTY_FMCG"", ""ltp"": 47400.25, ""return_pct"": -0.26836924915523735, ""rs_vs_nifty"": -0.26836924915523735}, {""sector"": ""NIFTY_REALTY"", ""ltp"": 914.3, ""return_pct"": -0.3053102169883402, ""rs_vs_nifty"": -0.3053102169883402}, {""sector"": ""NIFTY_INFRA"", ""ltp"": 9311.6, ""return_pct"": -0.3318134138248453, ""rs_vs_nifty"": -0.3318134138248453}, {""sector"": ""NIFTY_AUTO"", ""ltp"": 28965.45, ""return_pct"": -0.46681763357650186, ""rs_vs_nifty"": -0.46681763357650186}, {""sector"": ""NIFTY_ENERGY"", ""ltp"": 38116.1, ""return_pct"": -0.5732232362136225, ""rs_vs_nifty"": -0.5732232362136225}, {""sector"": ""NIFTY_IT"", ""ltp"": 30398.4, ""return_pct"": -0.6487585343613241, ""rs_vs_nifty"": -0.6487585343613241}, {""sector"": ""NIFTY_METAL"", ""ltp"": 13259.5, ""return_pct"": -0.9113362154325632, ""rs_vs_nifty"": -0.9113362154325632}]"
2026-08-25 11:22:33,NORMAL,24155.35,,0,24153.970487851162,,,True,True,[],"[[""NIFTY_METAL"", -0.9176882923749001, -0.9176882923749001], [""NIFTY_ENERGY"", -0.5635716959451679, -0.5635716959451679]]","[{""sector"": ""NIFTY_PHARMA"", ""ltp"": 26424.6, ""return_pct"": 0.32385067180980237, ""rs_vs_nifty"": 0.32385067180980237}, {""sector"": ""NIFTY_PSU_BANK"", ""ltp"": 8563.3, ""return_pct"": 0.2757691969905357, ""rs_vs_nifty"": 0.2757691969905357}, {""sector"": ""NIFTY_HEALTHCARE"", ""ltp"": 16462.85, ""return_pct"": 0.27317578267754017, ""rs_vs_nifty"": 0.27317578267754017}, {""sector"": ""NIFTY_MEDIA"", ""ltp"": 1606.7, ""return_pct"": 0.21206262084451388, ""rs_vs_nifty"": 0.21206262084451388}, {""sector"": ""NIFTY_BANK"", ""ltp"": 57433.7, ""return_pct"": -0.16036241035567428, ""rs_vs_nifty"": -0.16036241035567428}, {""sector"": ""NIFTY_FMCG"", ""ltp"": 47451.15, ""return_pct"": -0.16127403330261753, ""rs_vs_nifty"": -0.16127403330261753}, {""sector"": ""NIFTY_REALTY"", ""ltp"": 915.6, ""return_pct"": -0.16355904481517827, ""rs_vs_nifty"": -0.16355904481517827}, {""sector"": ""NIFTY_FIN_SERVICE"", ""ltp"": 26114.0, ""return_pct"": -0.1701167880421278, ""rs_vs_nifty"": -0.1701167880421278}, {""sector"": ""NIFTY_INFRA"", ""ltp"": 9313.55, ""return_pct"": -0.31094127972942315, ""rs_vs_nifty"": -0.31094127972942315}, {""sector"": ""NIFTY_IT"", ""ltp"": 30449.3, ""return_pct"": -0.4824018119482764, ""rs_vs_nifty"": -0.4824018119482764}, {""sector"": ""NIFTY_AUTO"", ""ltp"": 28956.9, ""return_pct"": -0.49619776436103485, ""rs_vs_nifty"": -0.49619776436103485}, {""sector"": ""NIFTY_ENERGY"", ""ltp"": 38119.8, ""return_pct"": -0.5635716959451679, ""rs_vs_nifty"": -0.5635716959451679}, {""sector"": ""NIFTY_METAL"", ""ltp"": 13258.65, ""return_pct"": -0.9176882923749001, ""rs_vs_nifty"": -0.9176882923749001}]"
2026-08-25 11:24:16,NORMAL,24149.15,,0,24153.896398182653,,,False,True,[],"[[""NIFTY_METAL"", -0.8963901520388352, -0.8963901520388352], [""NIFTY_ENERGY"", -0.5383994355153243, -0.5383994355153243], [""NIFTY_IT"", -0.5358385980279071, -0.5358385980279071]]","[{""sector"": ""NIFTY_PSU_BANK"", ""ltp"": 8565.05, ""return_pct"": 0.2962616001639307, ""rs_vs_nifty"": 0.2962616001639307}, {""sector"": ""NIFTY_PHARMA"", ""ltp"": 26407.6, ""return_pct"": 0.2593083339344602, ""rs_vs_nifty"": 0.2593083339344602}, {""sector"": ""NIFTY_MEDIA"", ""ltp"": 1607.2, ""return_pct"": 0.24324830038047096, ""rs_vs_nifty"": 0.24324830038047096}, {""sector"": ""NIFTY_HEALTHCARE"", ""ltp"": 16454.1, ""return_pct"": 0.21988061883297932, ""rs_vs_nifty"": 0.21988061883297932}, {""sector"": ""NIFTY_REALTY"", ""ltp"": 915.8, ""return_pct"": -0.14175117217316194, ""rs_vs_nifty"": -0.14175117217316194}, {""sector"": ""NIFTY_BANK"", ""ltp"": 57435.15, ""return_pct"": -0.15784180878368048, ""rs_vs_nifty"": -0.15784180878368048}, {""sector"": ""NIFTY_FIN_SERVICE"", ""ltp"": 26110.15, ""return_pct"": -0.18483475734464339, ""rs_vs_nifty"": -0.18483475734464339}, {""sector"": ""NIFTY_FMCG"", ""ltp"": 47439.0, ""return_pct"": -0.18683801901203698, ""rs_vs_nifty"": -0.18683801901203698}, {""sector"": ""NIFTY_INFRA"", ""ltp"": 9314.1, ""return_pct"": -0.3050542675486481, ""rs_vs_nifty"": -0.3050542675486481}, {""sector"": ""NIFTY_AUTO"", ""ltp"": 28951.4, ""return_pct"": -0.515097263696116, ""rs_vs_nifty"": -0.515097263696116}, {""sector"": ""NIFTY_IT"", ""ltp"": 30432.95, ""return_pct"": -0.5358385980279071, ""rs_vs_nifty"": -0.5358385980279071}, {""sector"": ""NIFTY_ENERGY"", ""ltp"": 38129.45, ""return_pct"": -0.5383994355153243, ""rs_vs_nifty"": -0.5383994355153243}, {""sector"": ""NIFTY_METAL"", ""ltp"": 13261.5, ""return_pct"": -0.8963901520388352, ""rs_vs_nifty"": -0.8963901520388352}]"
2026-08-25 11:26:13,NORMAL,24151.3,,0,24153.882198308707,,,False,True,[],"[[""NIFTY_METAL"", -0.8848069529087016, -0.8848069529087016], [""NIFTY_ENERGY"", -0.5668323514412636, -0.5668323514412636], [""NIFTY_AUTO"", -0.5602842484699971, -0.5602842484699971]]","[{""sector"": ""NIFTY_PHARMA"", ""ltp"": 26414.6, ""return_pct"": 0.2858845907066599, ""rs_vs_nifty"": 0.2858845907066599}, {""sector"": ""NIFTY_MEDIA"", ""ltp"": 1607.7, ""return_pct"": 0.27443397991642804, ""rs_vs_nifty"": 0.27443397991642804}, {""sector"": ""NIFTY_HEALTHCARE"", ""ltp"": 16461.15, ""return_pct"": 0.2628212937020432, ""rs_vs_nifty"": 0.2628212937020432}, {""sector"": ""NIFTY_PSU_BANK"", ""ltp"": 8559.7, ""return_pct"": 0.2336133961767116, ""rs_vs_nifty"": 0.2336133961767116}, {""sector"": ""NIFTY_REALTY"", ""ltp"": 915.75, ""return_pct"": -0.1472031403336629, ""rs_vs_nifty"": -0.1472031403336629}, {""sector"": ""NIFTY_BANK"", ""ltp"": 57424.85, ""return_pct"": -0.17574677167434619, ""rs_vs_nifty"": -0.17574677167434619}, {""sector"": ""NIFTY_FIN_SERVICE"", ""ltp"": 26106.6, ""return_pct"": -0.1984058718963299, ""rs_vs_nifty"": -0.1984058718963299}, {""sector"": ""NIFTY_FMCG"", ""ltp"": 47423.0, ""return_pct"": -0.22050252694213263, ""rs_vs_nifty"": -0.22050252694213263}, {""sector"": ""NIFTY_INFRA"", ""ltp"": 9316.6, ""return_pct"": -0.27829512127245093, ""rs_vs_nifty"": -0.27829512127245093}, {""sector"": ""NIFTY_IT"", ""ltp"": 30444.3, ""return_pct"": -0.4987433367432719, ""rs_vs_nifty"": -0.4987433367432719}, {""sector"": ""NIFTY_AUTO"", ""ltp"": 28938.25, ""return_pct"": -0.5602842484699971, ""rs_vs_nifty"": -0.5602842484699971}, {""sector"": ""NIFTY_ENERGY"", ""ltp"": 38118.55, ""return_pct"": -0.5668323514412636, ""rs_vs_nifty"": -0.5668323514412636}, {""sector"": ""NIFTY_METAL"", ""ltp"": 13263.05, ""return_pct"": -0.8848069529087016, ""rs_vs_nifty"": -0.8848069529087016}]"
2026-08-25 11:27:49,NORMAL,24148.3,,0,24153.82005577384,,,False,True,[],"[[""NIFTY_METAL"", -0.8567830840454618, -0.8567830840454618], [""NIFTY_ENERGY"", -0.5768751703692535, -0.5768751703692535], [""NIFTY_AUTO"", -0.568187675464665, -0.568187675464665]]","[{""sector"": ""NIFTY_PSU_BANK"", ""ltp"": 8573.6, ""return_pct"": 0.39638162709681624, ""rs_vs_nifty"": 0.39638162709681624}, {""sector"": ""NIFTY_MEDIA"", ""ltp"": 1608.25, ""return_pct"": 0.308738227405978, ""rs_vs_nifty"": 0.308738227405978}, {""sector"": ""NIFTY_PHARMA"", ""ltp"": 26409.4, ""return_pct"": 0.2661422285330369, ""rs_vs_nifty"": 0.2661422285330369}, {""sector"": ""NIFTY_HEALTHCARE"", ""ltp"": 16458.6, ""return_pct"": 0.24728956023875345, ""rs_vs_nifty"": 0.24728956023875345}, {""sector"": ""NIFTY_BANK"", ""ltp"": 57441.45, ""return_pct"": -0.14689022953988592, ""rs_vs_nifty"": -0.14689022953988592}, {""sector"": ""NIFTY_FIN_SERVICE"", ""ltp"": 26113.6, ""return_pct"": -0.17164592770992776, ""rs_vs_nifty"": -0.17164592770992776}, {""sector"": ""NIFTY_REALTY"", ""ltp"": 915.5, ""return_pct"": -0.17446298113619263, ""rs_vs_nifty"": -0.17446298113619263}, {""sector"": ""NIFTY_FMCG"", ""ltp"": 47389.65, ""return_pct"": -0.29067198565892266, ""rs_vs_nifty"": -0.29067198565892266}, {""sector"": ""NIFTY_INFRA"", ""ltp"": 9312.4, ""return_pct"": -0.32325048701647, ""rs_vs_nifty"": -0.32325048701647}, {""sector"": ""NIFTY_IT"", ""ltp"": 30435.7, ""return_pct"": -0.5268507593906596, ""rs_vs_nifty"": -0.5268507593906596}, {""sector"": ""NIFTY_AUTO"", ""ltp"": 28935.95, ""return_pct"": -0.568187675464665, ""rs_vs_nifty"": -0.568187675464665}, {""sector"": ""NIFTY_ENERGY"", ""ltp"": 38114.7, ""return_pct"": -0.5768751703692535, ""rs_vs_nifty"": -0.5768751703692535}, {""sector"": ""NIFTY_METAL"", ""ltp"": 13266.8, ""return_pct"": -0.8567830840454618, ""rs_vs_nifty"": -0.8567830840454618}]"
2026-08-25 11:57:54,NORMAL,24179.35,,0,24153.64944736799,,,True,True,"[[""NIFTY_MEDIA"", 0.6923220856982558, 0.6923220856982558]]","[[""NIFTY_METAL"", -0.7405774411592194, -0.7405774411592194], [""NIFTY_ENERGY"", -0.6409144443125615, -0.6409144443125615]]","[{""sector"": ""NIFTY_MEDIA"", ""ltp"": 1614.4, ""return_pct"": 0.6923220856982558, ""rs_vs_nifty"": 0.6923220856982558}, {""sector"": ""NIFTY_PSU_BANK"", ""ltp"": 8576.45, ""return_pct"": 0.4297549694077781, ""rs_vs_nifty"": 0.4297549694077781}, {""sector"": ""NIFTY_PHARMA"", ""ltp"": 26416.25, ""return_pct"": 0.29214899408868394, ""rs_vs_nifty"": 0.29214899408868394}, {""sector"": ""NIFTY_HEALTHCARE"", ""ltp"": 16465.0, ""return_pct"": 0.2862711657936411, ""rs_vs_nifty"": 0.2862711657936411}, {""sector"": ""NIFTY_FIN_SERVICE"", ""ltp"": 26154.6, ""return_pct"": -0.014909111761001034, ""rs_vs_nifty"": -0.014909111761001034}, {""sector"": ""NIFTY_FMCG"", ""ltp"": 47493.65, ""return_pct"": -0.07185268411330097, ""rs_vs_nifty"": -0.07185268411330097}, {""sector"": ""NIFTY_BANK"", ""ltp"": 57458.55, ""return_pct"": -0.11716451444955568, ""rs_vs_nifty"": -0.11716451444955568}, {""sector"": ""NIFTY_REALTY"", ""ltp"": 914.9, ""return_pct"": -0.23988659906226642, ""rs_vs_nifty"": -0.23988659906226642}, {""sector"": ""NIFTY_INFRA"", ""ltp"": 9312.3, ""return_pct"": -0.32432085286752177, ""rs_vs_nifty"": -0.32432085286752177}, {""sector"": ""NIFTY_IT"", ""ltp"": 30462.9, ""return_pct"": -0.4379528645058812, ""rs_vs_nifty"": -0.4379528645058812}, {""sector"": ""NIFTY_AUTO"", ""ltp"": 28966.85, ""return_pct"": -0.4620068519275797, ""rs_vs_nifty"": -0.4620068519275797}, {""sector"": ""NIFTY_ENERGY"", ""ltp"": 38090.15, ""return_pct"": -0.6409144443125615, ""rs_vs_nifty"": -0.6409144443125615}, {""sector"": ""NIFTY_METAL"", ""ltp"": 13282.35, ""return_pct"": -0.7405774411592194, ""rs_vs_nifty"": -0.7405774411592194}]"
2026-08-25 12:28:01,NORMAL,24169.45,,0,24156.455074857993,,,True,True,"[[""NIFTY_MEDIA"", 0.5395122559720633, 0.5395122559720633]]","[[""NIFTY_IT"", -0.7481150051149019, -0.7481150051149019], [""NIFTY_ENERGY"", -0.6989541121430648, -0.6989541121430648], [""NIFTY_METAL"", -0.5530043455679318, -0.5530043455679318]]","[{""sector"": ""NIFTY_MEDIA"", ""ltp"": 1611.95, ""return_pct"": 0.5395122559720633, ""rs_vs_nifty"": 0.5395122559720633}, {""sector"": ""NIFTY_PSU_BANK"", ""ltp"": 8567.6, ""return_pct"": 0.32612195907374764, ""rs_vs_nifty"": 0.32612195907374764}, {""sector"": ""NIFTY_PHARMA"", ""ltp"": 26384.4, ""return_pct"": 0.17122702577518073, ""rs_vs_nifty"": 0.17122702577518073}, {""sector"": ""NIFTY_HEALTHCARE"", ""ltp"": 16443.55, ""return_pct"": 0.15562187842611325, ""rs_vs_nifty"": 0.15562187842611325}, {""sector"": ""NIFTY_FIN_SERVICE"", ""ltp"": 26142.45, ""return_pct"": -0.0613567291702478, ""rs_vs_nifty"": -0.0613567291702478}, {""sector"": ""NIFTY_FMCG"", ""ltp"": 47473.5, ""return_pct"": -0.11424892378776821, ""rs_vs_nifty"": -0.11424892378776821}, {""sector"": ""NIFTY_BANK"", ""ltp"": 57412.2, ""return_pct"": -0.19773684745753875, ""rs_vs_nifty"": -0.19773684745753875}, {""sector"": ""NIFTY_INFRA"", ""ltp"": 9316.25, ""return_pct"": -0.2820414017511224, ""rs_vs_nifty"": -0.2820414017511224}, {""sector"": ""NIFTY_REALTY"", ""ltp"": 914.3, ""return_pct"": -0.3053102169883402, ""rs_vs_nifty"": -0.3053102169883402}, {""sector"": ""NIFTY_AUTO"", ""ltp"": 28968.15, ""return_pct"": -0.4575396975392777, ""rs_vs_nifty"": -0.4575396975392777}, {""sector"": ""NIFTY_METAL"", ""ltp"": 13307.45, ""return_pct"": -0.5530043455679318, ""rs_vs_nifty"": -0.5530043455679318}, {""sector"": ""NIFTY_ENERGY"", ""ltp"": 38067.9, ""return_pct"": -0.6989541121430648, ""rs_vs_nifty"": -0.6989541121430648}, {""sector"": ""NIFTY_IT"", ""ltp"": 30368.0, ""return_pct"": -0.7481150051149019, ""rs_vs_nifty"": -0.7481150051149019}]"
2026-08-25 12:36:09,NORMAL,24168.6,,0,24157.09133903781,,,True,True,[],"[[""NIFTY_IT"", -0.7901127238380358, -0.7901127238380358], [""NIFTY_ENERGY"", -0.7459075512868427, -0.7459075512868427], [""NIFTY_METAL"", -0.5518833908134048, -0.5518833908134048]]","[{""sector"": ""NIFTY_MEDIA"", ""ltp"": 1610.55, ""return_pct"": 0.4521923532713778, ""rs_vs_nifty"": 0.4521923532713778}, {""sector"": ""NIFTY_PSU_BANK"", ""ltp"": 8566.35, ""return_pct"": 0.31148452823560835, ""rs_vs_nifty"": 0.31148452823560835}, {""sector"": ""NIFTY_PHARMA"", ""ltp"": 26374.8, ""return_pct"": 0.1347795879161557, ""rs_vs_nifty"": 0.1347795879161557}, {""sector"": ""NIFTY_HEALTHCARE"", ""ltp"": 16436.9, ""return_pct"": 0.1151175539042603, ""rs_vs_nifty"": 0.1151175539042603}, {""sector"": ""NIFTY_FIN_SERVICE"", ""ltp"": 26142.65, ""return_pct"": -0.06059215933634782, ""rs_vs_nifty"": -0.06059215933634782}, {""sector"": ""NIFTY_FMCG"", ""ltp"": 47491.75, ""return_pct"": -0.07585034443000288, ""rs_vs_nifty"": -0.07585034443000288}, {""sector"": ""NIFTY_BANK"", ""ltp"": 57422.7, ""return_pct"": -0.17948421538453516, ""rs_vs_nifty"": -0.17948421538453516}, {""sector"": ""NIFTY_REALTY"", ""ltp"": 914.4, ""return_pct"": -0.2944062806673258, ""rs_vs_nifty"": -0.2944062806673258}, {""sector"": ""NIFTY_INFRA"", ""ltp"": 9314.7, ""return_pct"": -0.2986320724423569, ""rs_vs_nifty"": -0.2986320724423569}, {""sector"": ""NIFTY_AUTO"", ""ltp"": 28993.65, ""return_pct"": -0.3699147460766283, ""rs_vs_nifty"": -0.3699147460766283}, {""sector"": ""NIFTY_METAL"", ""ltp"": 13307.6, ""return_pct"": -0.5518833908134048, ""rs_vs_nifty"": -0.5518833908134048}, {""sector"": ""NIFTY_ENERGY"", ""ltp"": 38049.9, ""return_pct"": -0.7459075512868427, ""rs_vs_nifty"": -0.7459075512868427}, {""sector"": ""NIFTY_IT"", ""ltp"": 30355.15, ""return_pct"": -0.7901127238380358, ""rs_vs_nifty"": -0.7901127238380358}]"
2026-08-25 12:37:47,NORMAL,24166.9,,0,24157.245962044486,,,True,True,[],"[[""NIFTY_IT"", -0.8850569828969695, -0.8850569828969695], [""NIFTY_ENERGY"", -0.7439511579891853, -0.7439511579891853], [""NIFTY_METAL"", -0.5425421011923248, -0.5425421011923248]]","[{""sector"": ""NIFTY_MEDIA"", ""ltp"": 1610.35, ""return_pct"": 0.43971808145699215, ""rs_vs_nifty"": 0.43971808145699215}, {""sector"": ""NIFTY_PSU_BANK"", ""ltp"": 8567.5, ""return_pct"": 0.32495096460669226, ""rs_vs_nifty"": 0.32495096460669226}, {""sector"": ""NIFTY_PHARMA"", ""ltp"": 26374.85, ""return_pct"": 0.13496941832166867, ""rs_vs_nifty"": 0.13496941832166867}, {""sector"": ""NIFTY_HEALTHCARE"", ""ltp"": 16439.85, ""return_pct"": 0.1330856377146945, ""rs_vs_nifty"": 0.1330856377146945}, {""sector"": ""NIFTY_FIN_SERVICE"", ""ltp"": 26142.35, ""return_pct"": -0.06173901408720475, ""rs_vs_nifty"": -0.06173901408720475}, {""sector"": ""NIFTY_FMCG"", ""ltp"": 47487.4, ""return_pct"": -0.08500288252349457, ""rs_vs_nifty"": -0.08500288252349457}, {""sector"": ""NIFTY_BANK"", ""ltp"": 57421.95, ""return_pct"": -0.18078797481832112, ""rs_vs_nifty"": -0.18078797481832112}, {""sector"": ""NIFTY_INFRA"", ""ltp"": 9315.35, ""return_pct"": -0.2916746944105495, ""rs_vs_nifty"": -0.2916746944105495}, {""sector"": ""NIFTY_REALTY"", ""ltp"": 914.2, ""return_pct"": -0.31621415330934216, ""rs_vs_nifty"": -0.31621415330934216}, {""sector"": ""NIFTY_AUTO"", ""ltp"": 28993.35, ""return_pct"": -0.3709456278585518, ""rs_vs_nifty"": -0.3709456278585518}, {""sector"": ""NIFTY_METAL"", ""ltp"": 13308.85, ""return_pct"": -0.5425421011923248, ""rs_vs_nifty"": -0.5425421011923248}, {""sector"": ""NIFTY_ENERGY"", ""ltp"": 38050.65, ""return_pct"": -0.7439511579891853, ""rs_vs_nifty"": -0.7439511579891853}, {""sector"": ""NIFTY_IT"", ""ltp"": 30326.1, ""return_pct"": -0.8850569828969695, ""rs_vs_nifty"": -0.8850569828969695}]"
2026-08-25 12:39:40,NORMAL,24161.8,,0,24157.246885471737,,,True,True,[],"[[""NIFTY_IT"", -0.9471547771179528, -0.9471547771179528], [""NIFTY_ENERGY"", -0.7142139798647887, -0.7142139798647887], [""NIFTY_METAL"", -0.5929850651461565, -0.5929850651461565]]","[{""sector"": ""NIFTY_MEDIA"", ""ltp"": 1610.1, ""return_pct"": 0.4241252416890136, ""rs_vs_nifty"": 0.4241252416890136}, {""sector"": ""NIFTY_PSU_BANK"", ""ltp"": 8567.8, ""return_pct"": 0.3284639480078371, ""rs_vs_nifty"": 0.3284639480078371}, {""sector"": ""NIFTY_HEALTHCARE"", ""ltp"": 16436.5, ""return_pct"": 0.11268120355707151, ""rs_vs_nifty"": 0.11268120355707151}, {""sector"": ""NIFTY_PHARMA"", ""ltp"": 26368.0, ""return_pct"": 0.10896265276602161, ""rs_vs_nifty"": 0.10896265276602161}, {""sector"": ""NIFTY_FIN_SERVICE"", ""ltp"": 26137.3, ""return_pct"": -0.08104440239310637, ""rs_vs_nifty"": -0.08104440239310637}, {""sector"": ""NIFTY_FMCG"", ""ltp"": 47474.4, ""return_pct"": -0.11235529521669728, ""rs_vs_nifty"": -0.11235529521669728}, {""sector"": ""NIFTY_BANK"", ""ltp"": 57409.0, ""return_pct"": -0.20329955437502048, ""rs_vs_nifty"": -0.20329955437502048}, {""sector"": ""NIFTY_INFRA"", ""ltp"": 9315.5, ""return_pct"": -0.29006914563398156, ""rs_vs_nifty"": -0.29006914563398156}, {""sector"": ""NIFTY_REALTY"", ""ltp"": 914.0, ""return_pct"": -0.33802202595137093, ""rs_vs_nifty"": -0.33802202595137093}, {""sector"": ""NIFTY_AUTO"", ""ltp"": 28984.1, ""return_pct"": -0.40273114946755206, ""rs_vs_nifty"": -0.40273114946755206}, {""sector"": ""NIFTY_METAL"", ""ltp"": 13302.1, ""return_pct"": -0.5929850651461565, ""rs_vs_nifty"": -0.5929850651461565}, {""sector"": ""NIFTY_ENERGY"", ""ltp"": 38062.05, ""return_pct"": -0.7142139798647887, ""rs_vs_nifty"": -0.7142139798647887}, {""sector"": ""NIFTY_IT"", ""ltp"": 30307.1, ""return_pct"": -0.9471547771179528, ""rs_vs_nifty"": -0.9471547771179528}]"
2026-08-25 12:41:21,NORMAL,24159.25,,0,24157.2885588802,,,True,True,[],"[[""NIFTY_IT"", -0.9411084129437972, -0.9411084129437972], [""NIFTY_ENERGY"", -0.7037798822772826, -0.7037798822772826], [""NIFTY_METAL"", -0.5731815311494698, -0.5731815311494698]]","[{""sector"": ""NIFTY_MEDIA"", ""ltp"": 1610.65, ""return_pct"": 0.45842948917857773, ""rs_vs_nifty"": 0.45842948917857773}, {""sector"": ""NIFTY_PSU_BANK"", ""ltp"": 8569.4, ""return_pct"": 0.3471998594806597, ""rs_vs_nifty"": 0.3471998594806597}, {""sector"": ""NIFTY_HEALTHCARE"", ""ltp"": 16445.9, ""return_pct"": 0.1699354367158086, ""rs_vs_nifty"": 0.1699354367158086}, {""sector"": ""NIFTY_PHARMA"", ""ltp"": 26378.75, ""return_pct"": 0.14977618995189976, ""rs_vs_nifty"": 0.14977618995189976}, {""sector"": ""NIFTY_FIN_SERVICE"", ""ltp"": 26131.55, ""return_pct"": -0.10302578511765097, ""rs_vs_nifty"": -0.10302578511765097}, {""sector"": ""NIFTY_FMCG"", ""ltp"": 47463.45, ""return_pct"": -0.13539444283136567, ""rs_vs_nifty"": -0.13539444283136567}, {""sector"": ""NIFTY_BANK"", ""ltp"": 57412.25, ""return_pct"": -0.19764993016194796, ""rs_vs_nifty"": -0.19764993016194796}, {""sector"": ""NIFTY_INFRA"", ""ltp"": 9317.05, ""return_pct"": -0.27347847494274713, ""rs_vs_nifty"": -0.27347847494274713}, {""sector"": ""NIFTY_REALTY"", ""ltp"": 914.1, ""return_pct"": -0.32711808963035655, ""rs_vs_nifty"": -0.32711808963035655}, {""sector"": ""NIFTY_AUTO"", ""ltp"": 28975.1, ""return_pct"": -0.43365760292495775, ""rs_vs_nifty"": -0.43365760292495775}, {""sector"": ""NIFTY_METAL"", ""ltp"": 13304.75, ""return_pct"": -0.5731815311494698, ""rs_vs_nifty"": -0.5731815311494698}, {""sector"": ""NIFTY_ENERGY"", ""ltp"": 38066.05, ""return_pct"": -0.7037798822772826, ""rs_vs_nifty"": -0.7037798822772826}, {""sector"": ""NIFTY_IT"", ""ltp"": 30308.95, ""return_pct"": -0.9411084129437972, ""rs_vs_nifty"": -0.9411084129437972}]"
2026-08-25 12:43:17,NORMAL,24156.8,,0,24157.291079036797,,,False,True,[],"[[""NIFTY_IT"", -0.9051570583948071, -0.9051570583948071], [""NIFTY_ENERGY"", -0.7212569957363668, -0.7212569957363668], [""NIFTY_METAL"", -0.5970952325794399, -0.5970952325794399]]","[{""sector"": ""NIFTY_MEDIA"", ""ltp"": 1610.5, ""return_pct"": 0.44907378531778497, ""rs_vs_nifty"": 0.44907378531778497}, {""sector"": ""NIFTY_PSU_BANK"", ""ltp"": 8569.7, ""return_pct"": 0.3507128428818259, ""rs_vs_nifty"": 0.3507128428818259}, {""sector"": ""NIFTY_PHARMA"", ""ltp"": 26369.45, ""return_pct"": 0.11446773452598004, ""rs_vs_nifty"": 0.11446773452598004}, {""sector"": ""NIFTY_HEALTHCARE"", ""ltp"": 16435.2, ""return_pct"": 0.1047630649287412, ""rs_vs_nifty"": 0.1047630649287412}, {""sector"": ""NIFTY_FIN_SERVICE"", ""ltp"": 26133.8, ""return_pct"": -0.09442437448630742, ""rs_vs_nifty"": -0.09442437448630742}, {""sector"": ""NIFTY_FMCG"", ""ltp"": 47447.85, ""return_pct"": -0.16821733806320588, ""rs_vs_nifty"": -0.16821733806320588}, {""sector"": ""NIFTY_BANK"", ""ltp"": 57418.9, ""return_pct"": -0.18608992984904316, ""rs_vs_nifty"": -0.18608992984904316}, {""sector"": ""NIFTY_INFRA"", ""ltp"": 9315.1, ""return_pct"": -0.29435060903816923, ""rs_vs_nifty"": -0.29435060903816923}, {""sector"": ""NIFTY_REALTY"", ""ltp"": 914.25, ""return_pct"": -0.3107621851488412, ""rs_vs_nifty"": -0.3107621851488412}, {""sector"": ""NIFTY_AUTO"", ""ltp"": 28956.85, ""return_pct"": -0.49636957799136366, ""rs_vs_nifty"": -0.49636957799136366}, {""sector"": ""NIFTY_METAL"", ""ltp"": 13301.55, ""return_pct"": -0.5970952325794399, ""rs_vs_nifty"": -0.5970952325794399}, {""sector"": ""NIFTY_ENERGY"", ""ltp"": 38059.35, ""return_pct"": -0.7212569957363668, ""rs_vs_nifty"": -0.7212569957363668}, {""sector"": ""NIFTY_IT"", ""ltp"": 30319.95, ""return_pct"": -0.9051570583948071, ""rs_vs_nifty"": -0.9051570583948071}]"
2026-08-25 12:44:58,NORMAL,24157.45,,0,24157.269473652876,,,True,True,[],"[[""NIFTY_IT"", -0.8966594655014142, -0.8966594655014142], [""NIFTY_ENERGY"", -0.733777912841363, -0.733777912841363], [""NIFTY_METAL"", -0.6281083141214225, -0.6281083141214225]]","[{""sector"": ""NIFTY_MEDIA"", ""ltp"": 1610.65, ""return_pct"": 0.45842948917857773, ""rs_vs_nifty"": 0.45842948917857773}, {""sector"": ""NIFTY_PSU_BANK"", ""ltp"": 8572.75, ""return_pct"": 0.38642817412687724, ""rs_vs_nifty"": 0.38642817412687724}, {""sector"": ""NIFTY_HEALTHCARE"", ""ltp"": 16425.25, ""return_pct"": 0.04415885004263613, ""rs_vs_nifty"": 0.04415885004263613}, {""sector"": ""NIFTY_PHARMA"", ""ltp"": 26350.85, ""return_pct"": 0.04385082367412677, ""rs_vs_nifty"": 0.04385082367412677}, {""sector"": ""NIFTY_FIN_SERVICE"", ""ltp"": 26139.45, ""return_pct"": -0.07282527667870586, ""rs_vs_nifty"": -0.07282527667870586}, {""sector"": ""NIFTY_BANK"", ""ltp"": 57425.1, ""return_pct"": -0.17531218519641753, ""rs_vs_nifty"": -0.17531218519641753}, {""sector"": ""NIFTY_FMCG"", ""ltp"": 47428.75, ""return_pct"": -0.2084043444047545, ""rs_vs_nifty"": -0.2084043444047545}, {""sector"": ""NIFTY_REALTY"", ""ltp"": 914.8, ""return_pct"": -0.2507905353832808, ""rs_vs_nifty"": -0.2507905353832808}, {""sector"": ""NIFTY_INFRA"", ""ltp"": 9314.0, ""return_pct"": -0.3061246333996999, ""rs_vs_nifty"": -0.3061246333996999}, {""sector"": ""NIFTY_AUTO"", ""ltp"": 28953.55, ""return_pct"": -0.5077092775924099, ""rs_vs_nifty"": -0.5077092775924099}, {""sector"": ""NIFTY_METAL"", ""ltp"": 13297.4, ""return_pct"": -0.6281083141214225, ""rs_vs_nifty"": -0.6281083141214225}, {""sector"": ""NIFTY_ENERGY"", ""ltp"": 38054.55, ""return_pct"": -0.733777912841363, ""rs_vs_nifty"": -0.733777912841363}, {""sector"": ""NIFTY_IT"", ""ltp"": 30322.55, ""return_pct"": -0.8966594655014142, ""rs_vs_nifty"": -0.8966594655014142}]"
2026-08-25 13:03:31,NORMAL,24142.6,,0,24156.997636908724,,,False,True,[],"[[""NIFTY_IT"", -0.8136445195428319, -0.8136445195428319], [""NIFTY_ENERGY"", -0.693215358469944, -0.693215358469944], [""NIFTY_METAL"", -0.670330943208701, -0.670330943208701]]","[{""sector"": ""NIFTY_MEDIA"", ""ltp"": 1611.0, ""return_pct"": 0.48025946485374205, ""rs_vs_nifty"": 0.48025946485374205}, {""sector"": ""NIFTY_PSU_BANK"", ""ltp"": 8558.75, ""return_pct"": 0.2224889487397172, ""rs_vs_nifty"": 0.2224889487397172}, {""sector"": ""NIFTY_HEALTHCARE"", ""ltp"": 16449.35, ""return_pct"": 0.1909489584602177, ""rs_vs_nifty"": 0.1909489584602177}, {""sector"": ""NIFTY_PHARMA"", ""ltp"": 26366.9, ""return_pct"": 0.10478638384468146, ""rs_vs_nifty"": 0.10478638384468146}, {""sector"": ""NIFTY_REALTY"", ""ltp"": 917.0, ""return_pct"": -0.010903936321014364, ""rs_vs_nifty"": -0.010903936321014364}, {""sector"": ""NIFTY_FIN_SERVICE"", ""ltp"": 26111.65, ""return_pct"": -0.1791004835904144, ""rs_vs_nifty"": -0.1791004835904144}, {""sector"": ""NIFTY_BANK"", ""ltp"": 57363.45, ""return_pct"": -0.28248121065362675, ""rs_vs_nifty"": -0.28248121065362675}, {""sector"": ""NIFTY_INFRA"", ""ltp"": 9313.85, ""return_pct"": -0.30773018217626785, ""rs_vs_nifty"": -0.30773018217626785}, {""sector"": ""NIFTY_FMCG"", ""ltp"": 47344.9, ""return_pct"": -0.38482740627590895, ""rs_vs_nifty"": -0.38482740627590895}, {""sector"": ""NIFTY_AUTO"", ""ltp"": 28936.5, ""return_pct"": -0.5662977255311593, ""rs_vs_nifty"": -0.5662977255311593}, {""sector"": ""NIFTY_METAL"", ""ltp"": 13291.75, ""return_pct"": -0.670330943208701, ""rs_vs_nifty"": -0.670330943208701}, {""sector"": ""NIFTY_ENERGY"", ""ltp"": 38070.1, ""return_pct"": -0.693215358469944, ""rs_vs_nifty"": -0.693215358469944}, {""sector"": ""NIFTY_IT"", ""ltp"": 30347.95, ""return_pct"": -0.8136445195428319, ""rs_vs_nifty"": -0.8136445195428319}]"
2026-08-25 13:05:12,NORMAL,24144.05,,0,24156.93812163279,,,False,True,"[[""NIFTY_MEDIA"", 0.5239194162040848, 0.5239194162040848]]","[[""NIFTY_IT"", -0.8152786720223314, -0.8152786720223314], [""NIFTY_ENERGY"", -0.6789989005069554, -0.6789989005069554], [""NIFTY_METAL"", -0.6744411106419708, -0.6744411106419708]]","[{""sector"": ""NIFTY_MEDIA"", ""ltp"": 1611.7, ""return_pct"": 0.5239194162040848, ""rs_vs_nifty"": 0.5239194162040848}, {""sector"": ""NIFTY_PSU_BANK"", ""ltp"": 8559.1, ""return_pct"": 0.22658742937440046, ""rs_vs_nifty"": 0.22658742937440046}, {""sector"": ""NIFTY_HEALTHCARE"", ""ltp"": 16453.45, ""return_pct"": 0.21592154951882522, ""rs_vs_nifty"": 0.21592154951882522}, {""sector"": ""NIFTY_PHARMA"", ""ltp"": 26373.7, ""return_pct"": 0.13060331899481556, ""rs_vs_nifty"": 0.13060331899481556}, {""sector"": ""NIFTY_REALTY"", ""ltp"": 915.85, ""return_pct"": -0.13629920401264856, ""rs_vs_nifty"": -0.13629920401264856}, {""sector"": ""NIFTY_FIN_SERVICE"", ""ltp"": 26113.25, ""return_pct"": -0.1729839249192423, ""rs_vs_nifty"": -0.1729839249192423}, {""sector"": ""NIFTY_BANK"", ""ltp"": 57379.55, ""return_pct"": -0.25449384147501114, ""rs_vs_nifty"": -0.25449384147501114}, {""sector"": ""NIFTY_INFRA"", ""ltp"": 9314.05, ""return_pct"": -0.30558945047418373, ""rs_vs_nifty"": -0.30558945047418373}, {""sector"": ""NIFTY_FMCG"", ""ltp"": 47347.2, ""return_pct"": -0.37998813326096686, ""rs_vs_nifty"": -0.37998813326096686}, {""sector"": ""NIFTY_AUTO"", ""ltp"": 28933.2, ""return_pct"": -0.5776374251322056, ""rs_vs_nifty"": -0.5776374251322056}, {""sector"": ""NIFTY_METAL"", ""ltp"": 13291.2, ""return_pct"": -0.6744411106419708, ""rs_vs_nifty"": -0.6744411106419708}, {""sector"": ""NIFTY_ENERGY"", ""ltp"": 38075.55, ""return_pct"": -0.6789989005069554, ""rs_vs_nifty"": -0.6789989005069554}, {""sector"": ""NIFTY_IT"", ""ltp"": 30347.45, ""return_pct"": -0.8152786720223314, ""rs_vs_nifty"": -0.8152786720223314}]"
2026-08-25 13:07:07,NORMAL,24141.05,,0,24156.870674983045,,,False,True,[],"[[""NIFTY_IT"", -0.773444368547145, -0.773444368547145], [""NIFTY_ENERGY"", -0.690476407853216, -0.690476407853216], [""NIFTY_METAL"", -0.6654734726057422, -0.6654734726057422]]","[{""sector"": ""NIFTY_MEDIA"", ""ltp"": 1610.0, ""return_pct"": 0.41788810578182783, ""rs_vs_nifty"": 0.41788810578182783}, {""sector"": ""NIFTY_PSU_BANK"", ""ltp"": 8556.6, ""return_pct"": 0.1973125676981219, ""rs_vs_nifty"": 0.1973125676981219}, {""sector"": ""NIFTY_HEALTHCARE"", ""ltp"": 16444.1, ""return_pct"": 0.15897186015348122, ""rs_vs_nifty"": 0.15897186015348122}, {""sector"": ""NIFTY_PHARMA"", ""ltp"": 26367.0, ""return_pct"": 0.10516604465570735, ""rs_vs_nifty"": 0.10516604465570735}, {""sector"": ""NIFTY_REALTY"", ""ltp"": 915.65, ""return_pct"": -0.1581070766546773, ""rs_vs_nifty"": -0.1581070766546773}, {""sector"": ""NIFTY_FIN_SERVICE"", ""ltp"": 26113.05, ""return_pct"": -0.1737484947531423, ""rs_vs_nifty"": -0.1737484947531423}, {""sector"": ""NIFTY_BANK"", ""ltp"": 57362.6, ""return_pct"": -0.28395880467858164, ""rs_vs_nifty"": -0.28395880467858164}, {""sector"": ""NIFTY_INFRA"", ""ltp"": 9311.65, ""return_pct"": -0.3312782308993292, ""rs_vs_nifty"": -0.3312782308993292}, {""sector"": ""NIFTY_FMCG"", ""ltp"": 47337.7, ""return_pct"": -0.3999764348444612, ""rs_vs_nifty"": -0.3999764348444612}, {""sector"": ""NIFTY_AUTO"", ""ltp"": 28939.95, ""return_pct"": -0.5544425850391513, ""rs_vs_nifty"": -0.5544425850391513}, {""sector"": ""NIFTY_METAL"", ""ltp"": 13292.4, ""return_pct"": -0.6654734726057422, ""rs_vs_nifty"": -0.6654734726057422}, {""sector"": ""NIFTY_ENERGY"", ""ltp"": 38071.15, ""return_pct"": -0.690476407853216, ""rs_vs_nifty"": -0.690476407853216}, {""sector"": ""NIFTY_IT"", ""ltp"": 30360.25, ""return_pct"": -0.773444368547145, ""rs_vs_nifty"": -0.773444368547145}]"
2026-08-25 13:08:46,NORMAL,24141.55,,0,24156.811210162366,,,False,True,[],"[[""NIFTY_IT"", -0.7888054018544434, -0.7888054018544434], [""NIFTY_METAL"", -0.6976075089022516, -0.6976075089022516], [""NIFTY_ENERGY"", -0.6920415224913381, -0.6920415224913381]]","[{""sector"": ""NIFTY_MEDIA"", ""ltp"": 1610.7, ""return_pct"": 0.4615480571321706, ""rs_vs_nifty"": 0.4615480571321706}, {""sector"": ""NIFTY_PSU_BANK"", ""ltp"": 8556.8, ""return_pct"": 0.1996545566322114, ""rs_vs_nifty"": 0.1996545566322114}, {""sector"": ""NIFTY_HEALTHCARE"", ""ltp"": 16441.1, ""return_pct"": 0.14069923254963176, ""rs_vs_nifty"": 0.14069923254963176}, {""sector"": ""NIFTY_PHARMA"", ""ltp"": 26365.05, ""return_pct"": 0.09776265884059182, ""rs_vs_nifty"": 0.09776265884059182}, {""sector"": ""NIFTY_REALTY"", ""ltp"": 915.75, ""return_pct"": -0.1472031403336629, ""rs_vs_nifty"": -0.1472031403336629}, {""sector"": ""NIFTY_FIN_SERVICE"", ""ltp"": 26111.45, ""return_pct"": -0.17986505342431436, ""rs_vs_nifty"": -0.17986505342431436}, {""sector"": ""NIFTY_BANK"", ""ltp"": 57361.85, ""return_pct"": -0.28526256411236767, ""rs_vs_nifty"": -0.28526256411236767}, {""sector"": ""NIFTY_INFRA"", ""ltp"": 9310.95, ""return_pct"": -0.3387707918566527, ""rs_vs_nifty"": -0.3387707918566527}, {""sector"": ""NIFTY_FMCG"", ""ltp"": 47343.35, ""return_pct"": -0.38808865548164306, ""rs_vs_nifty"": -0.38808865548164306}, {""sector"": ""NIFTY_AUTO"", ""ltp"": 28941.95, ""return_pct"": -0.5475700398263945, ""rs_vs_nifty"": -0.5475700398263945}, {""sector"": ""NIFTY_ENERGY"", ""ltp"": 38070.55, ""return_pct"": -0.6920415224913381, ""rs_vs_nifty"": -0.6920415224913381}, {""sector"": ""NIFTY_METAL"", ""ltp"": 13288.1, ""return_pct"": -0.6976075089022516, ""rs_vs_nifty"": -0.6976075089022516}, {""sector"": ""NIFTY_IT"", ""ltp"": 30355.55, ""return_pct"": -0.7888054018544434, ""rs_vs_nifty"": -0.7888054018544434}]"
2026-08-25 13:10:45,NORMAL,24139.45,,0,24156.726043714065,,,False,True,[],"[[""NIFTY_IT"", -0.7935444440449944, -0.7935444440449944], [""NIFTY_ENERGY"", -0.694128342008847, -0.694128342008847], [""NIFTY_METAL"", -0.6763093685661867, -0.6763093685661867]]","[{""sector"": ""NIFTY_MEDIA"", ""ltp"": 1610.75, ""return_pct"": 0.4646666250857635, ""rs_vs_nifty"": 0.4646666250857635}, {""sector"": ""NIFTY_PSU_BANK"", ""ltp"": 8553.9, ""return_pct"": 0.1656957170877325, ""rs_vs_nifty"": 0.1656957170877325}, {""sector"": ""NIFTY_HEALTHCARE"", ""ltp"": 16444.85, ""return_pct"": 0.16354001705444357, ""rs_vs_nifty"": 0.16354001705444357}, {""sector"": ""NIFTY_PHARMA"", ""ltp"": 26362.95, ""return_pct"": 0.08978978180893743, ""rs_vs_nifty"": 0.08978978180893743}, {""sector"": ""NIFTY_REALTY"", ""ltp"": 915.65, ""return_pct"": -0.1581070766546773, ""rs_vs_nifty"": -0.1581070766546773}, {""sector"": ""NIFTY_FIN_SERVICE"", ""ltp"": 26108.6, ""return_pct"": -0.19076017355735786, ""rs_vs_nifty"": -0.19076017355735786}, {""sector"": ""NIFTY_BANK"", ""ltp"": 57339.6, ""return_pct"": -0.3239407606480181, ""rs_vs_nifty"": -0.3239407606480181}, {""sector"": ""NIFTY_INFRA"", ""ltp"": 9311.0, ""return_pct"": -0.3382356089311366, ""rs_vs_nifty"": -0.3382356089311366}, {""sector"": ""NIFTY_FMCG"", ""ltp"": 47354.85, ""return_pct"": -0.3638922904068868, ""rs_vs_nifty"": -0.3638922904068868}, {""sector"": ""NIFTY_AUTO"", ""ltp"": 28940.1, ""return_pct"": -0.5539271441482021, ""rs_vs_nifty"": -0.5539271441482021}, {""sector"": ""NIFTY_METAL"", ""ltp"": 13290.95, ""return_pct"": -0.6763093685661867, ""rs_vs_nifty"": -0.6763093685661867}, {""sector"": ""NIFTY_ENERGY"", ""ltp"": 38069.75, ""return_pct"": -0.694128342008847, ""rs_vs_nifty"": -0.694128342008847}, {""sector"": ""NIFTY_IT"", ""ltp"": 30354.1, ""return_pct"": -0.7935444440449944, ""rs_vs_nifty"": -0.7935444440449944}]"
2026-08-25 13:12:22,NORMAL,24143.8,,0,24156.63940231319,,,False,True,[],"[[""NIFTY_IT"", -0.7914200458216402, -0.7914200458216402], [""NIFTY_METAL"", -0.6871452645266449, -0.6871452645266449], [""NIFTY_ENERGY"", -0.6565655906938208, -0.6565655906938208]]","[{""sector"": ""NIFTY_MEDIA"", ""ltp"": 1610.2, ""return_pct"": 0.43036237759621354, ""rs_vs_nifty"": 0.43036237759621354}, {""sector"": ""NIFTY_PSU_BANK"", ""ltp"": 8555.5, ""return_pct"": 0.18443162856055503, ""rs_vs_nifty"": 0.18443162856055503}, {""sector"": ""NIFTY_HEALTHCARE"", ""ltp"": 16442.8, ""return_pct"": 0.1510537215251509, ""rs_vs_nifty"": 0.1510537215251509}, {""sector"": ""NIFTY_PHARMA"", ""ltp"": 26362.4, ""return_pct"": 0.08770164734826735, ""rs_vs_nifty"": 0.08770164734826735}, {""sector"": ""NIFTY_FIN_SERVICE"", ""ltp"": 26119.8, ""return_pct"": -0.14794426285911166, ""rs_vs_nifty"": -0.14794426285911166}, {""sector"": ""NIFTY_REALTY"", ""ltp"": 915.65, ""return_pct"": -0.1581070766546773, ""rs_vs_nifty"": -0.1581070766546773}, {""sector"": ""NIFTY_BANK"", ""ltp"": 57343.75, ""return_pct"": -0.31672662511439986, ""rs_vs_nifty"": -0.31672662511439986}, {""sector"": ""NIFTY_INFRA"", ""ltp"": 9312.6, ""return_pct"": -0.3211097553143665, ""rs_vs_nifty"": -0.3211097553143665}, {""sector"": ""NIFTY_FMCG"", ""ltp"": 47346.8, ""return_pct"": -0.380829745959207, ""rs_vs_nifty"": -0.380829745959207}, {""sector"": ""NIFTY_AUTO"", ""ltp"": 28948.5, ""return_pct"": -0.5250624542546185, ""rs_vs_nifty"": -0.5250624542546185}, {""sector"": ""NIFTY_ENERGY"", ""ltp"": 38084.15, ""return_pct"": -0.6565655906938208, ""rs_vs_nifty"": -0.6565655906938208}, {""sector"": ""NIFTY_METAL"", ""ltp"": 13289.5, ""return_pct"": -0.6871452645266449, ""rs_vs_nifty"": -0.6871452645266449}, {""sector"": ""NIFTY_IT"", ""ltp"": 30354.75, ""return_pct"": -0.7914200458216402, ""rs_vs_nifty"": -0.7914200458216402}]"
2026-08-25 13:14:18,NORMAL,24134.7,,0,24156.491143497482,,,False,True,[],"[[""NIFTY_IT"", -0.8404446202066269, -0.8404446202066269], [""NIFTY_METAL"", -0.7058278437688048, -0.7058278437688048], [""NIFTY_ENERGY"", -0.6714341797560286, -0.6714341797560286]]","[{""sector"": ""NIFTY_MEDIA"", ""ltp"": 1608.4, ""return_pct"": 0.3180939312667708, ""rs_vs_nifty"": 0.3180939312667708}, {""sector"": ""NIFTY_PSU_BANK"", ""ltp"": 8551.05, ""return_pct"": 0.13232237477677067, ""rs_vs_nifty"": 0.13232237477677067}, {""sector"": ""NIFTY_HEALTHCARE"", ""ltp"": 16437.2, ""return_pct"": 0.11694481666464081, ""rs_vs_nifty"": 0.11694481666464081}, {""sector"": ""NIFTY_PHARMA"", ""ltp"": 26356.35, ""return_pct"": 0.06473216828085512, ""rs_vs_nifty"": 0.06473216828085512}, {""sector"": ""NIFTY_REALTY"", ""ltp"": 915.55, ""return_pct"": -0.16901101297569165, ""rs_vs_nifty"": -0.16901101297569165}, {""sector"": ""NIFTY_FIN_SERVICE"", ""ltp"": 26106.15, ""return_pct"": -0.20012615402258746, ""rs_vs_nifty"": -0.20012615402258746}, {""sector"": ""NIFTY_BANK"", ""ltp"": 57314.95, ""return_pct"": -0.36679098737178617, ""rs_vs_nifty"": -0.36679098737178617}, {""sector"": ""NIFTY_INFRA"", ""ltp"": 9308.15, ""return_pct"": -0.36874103568600525, ""rs_vs_nifty"": -0.36874103568600525}, {""sector"": ""NIFTY_FMCG"", ""ltp"": 47337.0, ""return_pct"": -0.4014492570663967, ""rs_vs_nifty"": -0.4014492570663967}, {""sector"": ""NIFTY_AUTO"", ""ltp"": 28941.05, ""return_pct"": -0.55066268517214, ""rs_vs_nifty"": -0.55066268517214}, {""sector"": ""NIFTY_ENERGY"", ""ltp"": 38078.45, ""return_pct"": -0.6714341797560286, ""rs_vs_nifty"": -0.6714341797560286}, {""sector"": ""NIFTY_METAL"", ""ltp"": 13287.0, ""return_pct"": -0.7058278437688048, ""rs_vs_nifty"": -0.7058278437688048}, {""sector"": ""NIFTY_IT"", ""ltp"": 30339.75, ""return_pct"": -0.8404446202066269, ""rs_vs_nifty"": -0.8404446202066269}]"
2026-08-25 13:16:00,NORMAL,24130.5,,0,24156.25608240872,,,False,True,[],"[[""NIFTY_IT"", -0.8443665861574282, -0.8443665861574282], [""NIFTY_ENERGY"", -0.6844768017404113, -0.6844768017404113], [""NIFTY_METAL"", -0.6815404907539969, -0.6815404907539969]]","[{""sector"": ""NIFTY_MEDIA"", ""ltp"": 1609.45, ""return_pct"": 0.38358385829227787, ""rs_vs_nifty"": 0.38358385829227787}, {""sector"": ""NIFTY_HEALTHCARE"", ""ltp"": 16436.8, ""return_pct"": 0.11450846631745203, ""rs_vs_nifty"": 0.11450846631745203}, {""sector"": ""NIFTY_PSU_BANK"", ""ltp"": 8548.0, ""return_pct"": 0.09660704353171931, ""rs_vs_nifty"": 0.09660704353171931}, {""sector"": ""NIFTY_PHARMA"", ""ltp"": 26357.65, ""return_pct"": 0.06966775882427469, ""rs_vs_nifty"": 0.06966775882427469}, {""sector"": ""NIFTY_REALTY"", ""ltp"": 915.3, ""return_pct"": -0.19627085377822137, ""rs_vs_nifty"": -0.19627085377822137}, {""sector"": ""NIFTY_FIN_SERVICE"", ""ltp"": 26103.35, ""return_pct"": -0.21083013169715947, ""rs_vs_nifty"": -0.21083013169715947}, {""sector"": ""NIFTY_INFRA"", ""ltp"": 9309.15, ""return_pct"": -0.35803737717552636, ""rs_vs_nifty"": -0.35803737717552636}, {""sector"": ""NIFTY_BANK"", ""ltp"": 57300.55, ""return_pct"": -0.3918231685004666, ""rs_vs_nifty"": -0.3918231685004666}, {""sector"": ""NIFTY_FMCG"", ""ltp"": 47334.7, ""return_pct"": -0.4062885300813541, ""rs_vs_nifty"": -0.4062885300813541}, {""sector"": ""NIFTY_AUTO"", ""ltp"": 28935.0, ""return_pct"": -0.571452134440727, ""rs_vs_nifty"": -0.571452134440727}, {""sector"": ""NIFTY_METAL"", ""ltp"": 13290.25, ""return_pct"": -0.6815404907539969, ""rs_vs_nifty"": -0.6815404907539969}, {""sector"": ""NIFTY_ENERGY"", ""ltp"": 38073.45, ""return_pct"": -0.6844768017404113, ""rs_vs_nifty"": -0.6844768017404113}, {""sector"": ""NIFTY_IT"", ""ltp"": 30338.55, ""return_pct"": -0.8443665861574282, ""rs_vs_nifty"": -0.8443665861574282}]"
2026-08-25 13:17:56,NORMAL,24134.35,,0,24156.114624097634,,,False,True,[],"[[""NIFTY_IT"", -0.8500861198356767, -0.8500861198356767], [""NIFTY_ENERGY"", -0.6540874925167957, -0.6540874925167957], [""NIFTY_METAL"", -0.6183933729154911, -0.6183933729154911]]","[{""sector"": ""NIFTY_MEDIA"", ""ltp"": 1610.0, ""return_pct"": 0.41788810578182783, ""rs_vs_nifty"": 0.41788810578182783}, {""sector"": ""NIFTY_PSU_BANK"", ""ltp"": 8568.0, ""return_pct"": 0.33080593694194793, ""rs_vs_nifty"": 0.33080593694194793}, {""sector"": ""NIFTY_HEALTHCARE"", ""ltp"": 16442.3, ""return_pct"": 0.14800828359117596, ""rs_vs_nifty"": 0.14800828359117596}, {""sector"": ""NIFTY_PHARMA"", ""ltp"": 26362.9, ""return_pct"": 0.08959995140342449, ""rs_vs_nifty"": 0.08959995140342449}, {""sector"": ""NIFTY_FIN_SERVICE"", ""ltp"": 26107.55, ""return_pct"": -0.1947741651853154, ""rs_vs_nifty"": -0.1947741651853154}, {""sector"": ""NIFTY_REALTY"", ""ltp"": 915.2, ""return_pct"": -0.20717479009922332, ""rs_vs_nifty"": -0.20717479009922332}, {""sector"": ""NIFTY_BANK"", ""ltp"": 57345.2, ""return_pct"": -0.3142060235424187, ""rs_vs_nifty"": -0.3142060235424187}, {""sector"": ""NIFTY_INFRA"", ""ltp"": 9310.85, ""return_pct"": -0.33984115770770446, ""rs_vs_nifty"": -0.33984115770770446}, {""sector"": ""NIFTY_FMCG"", ""ltp"": 47331.4, ""return_pct"": -0.4132318348419271, ""rs_vs_nifty"": -0.4132318348419271}, {""sector"": ""NIFTY_AUTO"", ""ltp"": 28932.65, ""return_pct"": -0.5795273750657112, ""rs_vs_nifty"": -0.5795273750657112}, {""sector"": ""NIFTY_METAL"", ""ltp"": 13298.7, ""return_pct"": -0.6183933729154911, ""rs_vs_nifty"": -0.6183933729154911}, {""sector"": ""NIFTY_ENERGY"", ""ltp"": 38085.1, ""return_pct"": -0.6540874925167957, ""rs_vs_nifty"": -0.6540874925167957}, {""sector"": ""NIFTY_IT"", ""ltp"": 30336.8, ""return_pct"": -0.8500861198356767, ""rs_vs_nifty"": -0.8500861198356767}]"
2026-08-25 13:19:36,NORMAL,24130.7,,0,24156.0062362395,,,False,True,[],"[[""NIFTY_IT"", -0.8718203478130137, -0.8718203478130137], [""NIFTY_ENERGY"", -0.6749556876918081, -0.6749556876918081], [""NIFTY_METAL"", -0.6464172417787309, -0.6464172417787309]]","[{""sector"": ""NIFTY_MEDIA"", ""ltp"": 1609.45, ""return_pct"": 0.38358385829227787, ""rs_vs_nifty"": 0.38358385829227787}, {""sector"": ""NIFTY_PSU_BANK"", ""ltp"": 8556.0, ""return_pct"": 0.19028660089581076, ""rs_vs_nifty"": 0.19028660089581076}, {""sector"": ""NIFTY_HEALTHCARE"", ""ltp"": 16438.3, ""return_pct"": 0.12364478011937673, ""rs_vs_nifty"": 0.12364478011937673}, {""sector"": ""NIFTY_PHARMA"", ""ltp"": 26356.2, ""return_pct"": 0.06416267706431628, ""rs_vs_nifty"": 0.06416267706431628}, {""sector"": ""NIFTY_FIN_SERVICE"", ""ltp"": 26104.25, ""return_pct"": -0.20738956744461648, ""rs_vs_nifty"": -0.20738956744461648}, {""sector"": ""NIFTY_REALTY"", ""ltp"": 914.9, ""return_pct"": -0.23988659906226642, ""rs_vs_nifty"": -0.23988659906226642}, {""sector"": ""NIFTY_INFRA"", ""ltp"": 9309.25, ""return_pct"": -0.35696701132447456, ""rs_vs_nifty"": -0.35696701132447456}, {""sector"": ""NIFTY_BANK"", ""ltp"": 57303.45, ""return_pct"": -0.38678196535650433, ""rs_vs_nifty"": -0.38678196535650433}, {""sector"": ""NIFTY_FMCG"", ""ltp"": 47337.75, ""return_pct"": -0.39987123325717344, ""rs_vs_nifty"": -0.39987123325717344}, {""sector"": ""NIFTY_AUTO"", ""ltp"": 28927.3, ""return_pct"": -0.5979114335098432, ""rs_vs_nifty"": -0.5979114335098432}, {""sector"": ""NIFTY_METAL"", ""ltp"": 13294.95, ""return_pct"": -0.6464172417787309, ""rs_vs_nifty"": -0.6464172417787309}, {""sector"": ""NIFTY_ENERGY"", ""ltp"": 38077.1, ""return_pct"": -0.6749556876918081, ""rs_vs_nifty"": -0.6749556876918081}, {""sector"": ""NIFTY_IT"", ""ltp"": 30330.15, ""return_pct"": -0.8718203478130137, ""rs_vs_nifty"": -0.8718203478130137}]"
2026-08-25 13:49:43,NORMAL,24134.2,,0,24154.38604357954,,,False,True,[],"[[""NIFTY_IT"", -0.7486052508587566, -0.7486052508587566], [""NIFTY_METAL"", -0.7252577261806537, -0.7252577261806537], [""NIFTY_ENERGY"", -0.6613913608280386, -0.6613913608280386]]","[{""sector"": ""NIFTY_MEDIA"", ""ltp"": 1607.4, ""return_pct"": 0.2557225721948566, ""rs_vs_nifty"": 0.2557225721948566}, {""sector"": ""NIFTY_HEALTHCARE"", ""ltp"": 16458.05, ""return_pct"": 0.2439395785113855, ""rs_vs_nifty"": 0.2439395785113855}, {""sector"": ""NIFTY_PHARMA"", ""ltp"": 26378.5, ""return_pct"": 0.14882703792432117, ""rs_vs_nifty"": 0.14882703792432117}, {""sector"": ""NIFTY_PSU_BANK"", ""ltp"": 8545.3, ""return_pct"": 0.06499019292132992, ""rs_vs_nifty"": 0.06499019292132992}, {""sector"": ""NIFTY_FIN_SERVICE"", ""ltp"": 26100.3, ""return_pct"": -0.22248982166408904, ""rs_vs_nifty"": -0.22248982166408904}, {""sector"": ""NIFTY_INFRA"", ""ltp"": 9309.5, ""return_pct"": -0.3542910966968548, ""rs_vs_nifty"": -0.3542910966968548}, {""sector"": ""NIFTY_REALTY"", ""ltp"": 913.75, ""return_pct"": -0.3652818667539006, ""rs_vs_nifty"": -0.3652818667539006}, {""sector"": ""NIFTY_BANK"", ""ltp"": 57287.6, ""return_pct"": -0.4143347480571787, ""rs_vs_nifty"": -0.4143347480571787}, {""sector"": ""NIFTY_FMCG"", ""ltp"": 47321.65, ""return_pct"": -0.4337461443618291, ""rs_vs_nifty"": -0.4337461443618291}, {""sector"": ""NIFTY_AUTO"", ""ltp"": 28970.4, ""return_pct"": -0.4498080841749263, ""rs_vs_nifty"": -0.4498080841749263}, {""sector"": ""NIFTY_ENERGY"", ""ltp"": 38082.3, ""return_pct"": -0.6613913608280386, ""rs_vs_nifty"": -0.6613913608280386}, {""sector"": ""NIFTY_METAL"", ""ltp"": 13284.4, ""return_pct"": -0.7252577261806537, ""rs_vs_nifty"": -0.7252577261806537}, {""sector"": ""NIFTY_IT"", ""ltp"": 30367.85, ""return_pct"": -0.7486052508587566, ""rs_vs_nifty"": -0.7486052508587566}]"
2026-08-25 13:54:42,NORMAL,24170.4,,0,24154.435945844743,,,True,True,[],"[[""NIFTY_METAL"", -0.5926114135613187, -0.5926114135613187], [""NIFTY_ENERGY"", -0.5503986477409527, -0.5503986477409527]]","[{""sector"": ""NIFTY_HEALTHCARE"", ""ltp"": 16472.5, ""return_pct"": 0.3319527348032647, ""rs_vs_nifty"": 0.3319527348032647}, {""sector"": ""NIFTY_PSU_BANK"", ""ltp"": 8567.6, ""return_pct"": 0.32612195907374764, ""rs_vs_nifty"": 0.32612195907374764}, {""sector"": ""NIFTY_MEDIA"", ""ltp"": 1607.05, ""return_pct"": 0.23389259651967817, ""rs_vs_nifty"": 0.23389259651967817}, {""sector"": ""NIFTY_PHARMA"", ""ltp"": 26397.85, ""return_pct"": 0.2222914048588963, ""rs_vs_nifty"": 0.2222914048588963}, {""sector"": ""NIFTY_FIN_SERVICE"", ""ltp"": 26136.75, ""return_pct"": -0.08314696943632088, ""rs_vs_nifty"": -0.08314696943632088}, {""sector"": ""NIFTY_INFRA"", ""ltp"": 9326.7, ""return_pct"": -0.17018817031661032, ""rs_vs_nifty"": -0.17018817031661032}, {""sector"": ""NIFTY_BANK"", ""ltp"": 57398.85, ""return_pct"": -0.2209437653789265, ""rs_vs_nifty"": -0.2209437653789265}, {""sector"": ""NIFTY_AUTO"", ""ltp"": 28999.2, ""return_pct"": -0.3508434331112306, ""rs_vs_nifty"": -0.3508434331112306}, {""sector"": ""NIFTY_REALTY"", ""ltp"": 913.75, ""return_pct"": -0.3652818667539006, ""rs_vs_nifty"": -0.3652818667539006}, {""sector"": ""NIFTY_FMCG"", ""ltp"": 47352.85, ""return_pct"": -0.36810035389814877, ""rs_vs_nifty"": -0.36810035389814877}, {""sector"": ""NIFTY_IT"", ""ltp"": 30444.5, ""return_pct"": -0.49808967575146973, ""rs_vs_nifty"": -0.49808967575146973}, {""sector"": ""NIFTY_ENERGY"", ""ltp"": 38124.85, ""return_pct"": -0.5503986477409527, ""rs_vs_nifty"": -0.5503986477409527}, {""sector"": ""NIFTY_METAL"", ""ltp"": 13302.15, ""return_pct"": -0.5926114135613187, ""rs_vs_nifty"": -0.5926114135613187}]"
2026-08-25 13:56:23,NORMAL,24162.95,,0,24154.627554165454,,,True,True,[],"[[""NIFTY_METAL"", -0.6064365222005198, -0.6064365222005198], [""NIFTY_ENERGY"", -0.571527695355649, -0.571527695355649], [""NIFTY_IT"", -0.5234190391837129, -0.5234190391837129]]","[{""sector"": ""NIFTY_HEALTHCARE"", ""ltp"": 16468.4, ""return_pct"": 0.30698014374467936, ""rs_vs_nifty"": 0.30698014374467936}, {""sector"": ""NIFTY_PSU_BANK"", ""ltp"": 8564.35, ""return_pct"": 0.2880646388945855, ""rs_vs_nifty"": 0.2880646388945855}, {""sector"": ""NIFTY_MEDIA"", ""ltp"": 1607.85, ""return_pct"": 0.2837896837772067, ""rs_vs_nifty"": 0.2837896837772067}, {""sector"": ""NIFTY_PHARMA"", ""ltp"": 26387.25, ""return_pct"": 0.18204735888957083, ""rs_vs_nifty"": 0.18204735888957083}, {""sector"": ""NIFTY_FIN_SERVICE"", ""ltp"": 26125.0, ""return_pct"": -0.1280654471777816, ""rs_vs_nifty"": -0.1280654471777816}, {""sector"": ""NIFTY_INFRA"", ""ltp"": 9323.25, ""return_pct"": -0.20711579217777024, ""rs_vs_nifty"": -0.20711579217777024}, {""sector"": ""NIFTY_BANK"", ""ltp"": 57377.2, ""return_pct"": -0.2585789543675507, ""rs_vs_nifty"": -0.2585789543675507}, {""sector"": ""NIFTY_AUTO"", ""ltp"": 29003.35, ""return_pct"": -0.3365829017947677, ""rs_vs_nifty"": -0.3365829017947677}, {""sector"": ""NIFTY_REALTY"", ""ltp"": 913.9, ""return_pct"": -0.34892596227238526, ""rs_vs_nifty"": -0.34892596227238526}, {""sector"": ""NIFTY_FMCG"", ""ltp"": 47348.25, ""return_pct"": -0.3777788999280482, ""rs_vs_nifty"": -0.3777788999280482}, {""sector"": ""NIFTY_IT"", ""ltp"": 30436.75, ""return_pct"": -0.5234190391837129, ""rs_vs_nifty"": -0.5234190391837129}, {""sector"": ""NIFTY_ENERGY"", ""ltp"": 38116.75, ""return_pct"": -0.571527695355649, ""rs_vs_nifty"": -0.571527695355649}, {""sector"": ""NIFTY_METAL"", ""ltp"": 13300.3, ""return_pct"": -0.6064365222005198, ""rs_vs_nifty"": -0.6064365222005198}]"
2026-08-25 14:14:54,NORMAL,24153.45,,0,24154.633521477917,,,False,True,[],"[[""NIFTY_METAL"", -0.7745797353799585, -0.7745797353799585], [""NIFTY_ENERGY"", -0.6889112932150938, -0.6889112932150938], [""NIFTY_IT"", -0.5941778415460485, -0.5941778415460485]]","[{""sector"": ""NIFTY_HEALTHCARE"", ""ltp"": 16463.95, ""return_pct"": 0.27987574613229826, ""rs_vs_nifty"": 0.27987574613229826}, {""sector"": ""NIFTY_MEDIA"", ""ltp"": 1607.75, ""return_pct"": 0.2775525478700209, ""rs_vs_nifty"": 0.2775525478700209}, {""sector"": ""NIFTY_PHARMA"", ""ltp"": 26371.7, ""return_pct"": 0.12301010277418709, ""rs_vs_nifty"": 0.12301010277418709}, {""sector"": ""NIFTY_PSU_BANK"", ""ltp"": 8549.45, ""return_pct"": 0.11358646330396942, ""rs_vs_nifty"": 0.11358646330396942}, {""sector"": ""NIFTY_FIN_SERVICE"", ""ltp"": 26106.9, ""return_pct"": -0.19725901714547295, ""rs_vs_nifty"": -0.19725901714547295}, {""sector"": ""NIFTY_INFRA"", ""ltp"": 9320.6, ""return_pct"": -0.2354804872305354, ""rs_vs_nifty"": -0.2354804872305354}, {""sector"": ""NIFTY_FMCG"", ""ltp"": 47366.5, ""return_pct"": -0.3393803205702829, ""rs_vs_nifty"": -0.3393803205702829}, {""sector"": ""NIFTY_AUTO"", ""ltp"": 28998.8, ""return_pct"": -0.35221794215378693, ""rs_vs_nifty"": -0.35221794215378693}, {""sector"": ""NIFTY_BANK"", ""ltp"": 57321.8, ""return_pct"": -0.3548833178765308, ""rs_vs_nifty"": -0.3548833178765308}, {""sector"": ""NIFTY_REALTY"", ""ltp"": 913.4, ""return_pct"": -0.4034456438774447, ""rs_vs_nifty"": -0.4034456438774447}, {""sector"": ""NIFTY_IT"", ""ltp"": 30415.1, ""return_pct"": -0.5941778415460485, ""rs_vs_nifty"": -0.5941778415460485}, {""sector"": ""NIFTY_ENERGY"", ""ltp"": 38071.75, ""return_pct"": -0.6889112932150938, ""rs_vs_nifty"": -0.6889112932150938}, {""sector"": ""NIFTY_METAL"", ""ltp"": 13277.8, ""return_pct"": -0.7745797353799585, ""rs_vs_nifty"": -0.7745797353799585}]"
2026-08-25 14:16:37,NORMAL,24155.95,,0,24154.63964725422,,,True,True,[],"[[""NIFTY_METAL"", -0.7349726673865714, -0.7349726673865714], [""NIFTY_ENERGY"", -0.6774337858688332, -0.6774337858688332], [""NIFTY_IT"", -0.6232657556811335, -0.6232657556811335]]","[{""sector"": ""NIFTY_HEALTHCARE"", ""ltp"": 16470.25, ""return_pct"": 0.31824826410037765, ""rs_vs_nifty"": 0.31824826410037765}, {""sector"": ""NIFTY_MEDIA"", ""ltp"": 1607.25, ""return_pct"": 0.24636686833406385, ""rs_vs_nifty"": 0.24636686833406385}, {""sector"": ""NIFTY_PHARMA"", ""ltp"": 26384.95, ""return_pct"": 0.1733151602358508, ""rs_vs_nifty"": 0.1733151602358508}, {""sector"": ""NIFTY_PSU_BANK"", ""ltp"": 8549.4, ""return_pct"": 0.11300096607043107, ""rs_vs_nifty"": 0.11300096607043107}, {""sector"": ""NIFTY_FIN_SERVICE"", ""ltp"": 26111.75, ""return_pct"": -0.17871819867347133, ""rs_vs_nifty"": -0.17871819867347133}, {""sector"": ""NIFTY_INFRA"", ""ltp"": 9323.5, ""return_pct"": -0.20443987755015053, ""rs_vs_nifty"": -0.20443987755015053}, {""sector"": ""NIFTY_AUTO"", ""ltp"": 29006.95, ""return_pct"": -0.3242123204117979, ""rs_vs_nifty"": -0.3242123204117979}, {""sector"": ""NIFTY_BANK"", ""ltp"": 57328.35, ""return_pct"": -0.34349715215480764, ""rs_vs_nifty"": -0.34349715215480764}, {""sector"": ""NIFTY_FMCG"", ""ltp"": 47356.35, ""return_pct"": -0.36073624278844035, ""rs_vs_nifty"": -0.36073624278844035}, {""sector"": ""NIFTY_REALTY"", ""ltp"": 913.35, ""return_pct"": -0.40889761203794567, ""rs_vs_nifty"": -0.40889761203794567}, {""sector"": ""NIFTY_IT"", ""ltp"": 30406.2, ""return_pct"": -0.6232657556811335, ""rs_vs_nifty"": -0.6232657556811335}, {""sector"": ""NIFTY_ENERGY"", ""ltp"": 38076.15, ""return_pct"": -0.6774337858688332, ""rs_vs_nifty"": -0.6774337858688332}, {""sector"": ""NIFTY_METAL"", ""ltp"": 13283.1, ""return_pct"": -0.7349726673865714, ""rs_vs_nifty"": -0.7349726673865714}]"
2026-08-25 14:18:32,NORMAL,24157.15,,0,24154.648578835204,,,True,True,[],"[[""NIFTY_METAL"", -0.7047068890142779, -0.7047068890142779], [""NIFTY_ENERGY"", -0.6612609346082061, -0.6612609346082061], [""NIFTY_IT"", -0.5833924351813419, -0.5833924351813419]]","[{""sector"": ""NIFTY_HEALTHCARE"", ""ltp"": 16468.55, ""return_pct"": 0.30789377512485855, ""rs_vs_nifty"": 0.30789377512485855}, {""sector"": ""NIFTY_MEDIA"", ""ltp"": 1607.65, ""return_pct"": 0.27131541196283515, ""rs_vs_nifty"": 0.27131541196283515}, {""sector"": ""NIFTY_PHARMA"", ""ltp"": 26382.85, ""return_pct"": 0.16534228320418262, ""rs_vs_nifty"": 0.16534228320418262}, {""sector"": ""NIFTY_PSU_BANK"", ""ltp"": 8551.8, ""return_pct"": 0.14110483327965423, ""rs_vs_nifty"": 0.14110483327965423}, {""sector"": ""NIFTY_FIN_SERVICE"", ""ltp"": 26113.35, ""return_pct"": -0.17260164000229927, ""rs_vs_nifty"": -0.17260164000229927}, {""sector"": ""NIFTY_INFRA"", ""ltp"": 9323.1, ""return_pct"": -0.2087213409543382, ""rs_vs_nifty"": -0.2087213409543382}, {""sector"": ""NIFTY_BANK"", ""ltp"": 57345.5, ""return_pct"": -0.3136845197688992, ""rs_vs_nifty"": -0.3136845197688992}, {""sector"": ""NIFTY_AUTO"", ""ltp"": 29006.85, ""return_pct"": -0.3245559476724433, ""rs_vs_nifty"": -0.3245559476724433}, {""sector"": ""NIFTY_FMCG"", ""ltp"": 47369.45, ""return_pct"": -0.3331734269206776, ""rs_vs_nifty"": -0.3331734269206776}, {""sector"": ""NIFTY_REALTY"", ""ltp"": 913.25, ""return_pct"": -0.4198015483589601, ""rs_vs_nifty"": -0.4198015483589601}, {""sector"": ""NIFTY_IT"", ""ltp"": 30418.4, ""return_pct"": -0.5833924351813419, ""rs_vs_nifty"": -0.5833924351813419}, {""sector"": ""NIFTY_ENERGY"", ""ltp"": 38082.35, ""return_pct"": -0.6612609346082061, ""rs_vs_nifty"": -0.6612609346082061}, {""sector"": ""NIFTY_METAL"", ""ltp"": 13287.15, ""return_pct"": -0.7047068890142779, ""rs_vs_nifty"": -0.7047068890142779}]"
2026-08-25 14:20:12,NORMAL,24157.85,,0,24154.672507070005,,,True,True,[],"[[""NIFTY_METAL"", -0.696112902562887, -0.696112902562887], [""NIFTY_ENERGY"", -0.6534353614175765, -0.6534353614175765], [""NIFTY_IT"", -0.5892753841075498, -0.5892753841075498]]","[{""sector"": ""NIFTY_HEALTHCARE"", ""ltp"": 16467.1, ""return_pct"": 0.29906200511632686, ""rs_vs_nifty"": 0.29906200511632686}, {""sector"": ""NIFTY_MEDIA"", ""ltp"": 1607.85, ""return_pct"": 0.2837896837772067, ""rs_vs_nifty"": 0.2837896837772067}, {""sector"": ""NIFTY_PSU_BANK"", ""ltp"": 8555.6, ""return_pct"": 0.18560262302761046, ""rs_vs_nifty"": 0.18560262302761046}, {""sector"": ""NIFTY_PHARMA"", ""ltp"": 26383.15, ""return_pct"": 0.16648126563728796, ""rs_vs_nifty"": 0.16648126563728796}, {""sector"": ""NIFTY_FIN_SERVICE"", ""ltp"": 26117.45, ""return_pct"": -0.15692795840739826, ""rs_vs_nifty"": -0.15692795840739826}, {""sector"": ""NIFTY_INFRA"", ""ltp"": 9324.3, ""return_pct"": -0.1958769507417752, ""rs_vs_nifty"": -0.1958769507417752}, {""sector"": ""NIFTY_BANK"", ""ltp"": 57356.65, ""return_pct"": -0.29430196285327864, ""rs_vs_nifty"": -0.29430196285327864}, {""sector"": ""NIFTY_AUTO"", ""ltp"": 29007.7, ""return_pct"": -0.3216351159570141, ""rs_vs_nifty"": -0.3216351159570141}, {""sector"": ""NIFTY_FMCG"", ""ltp"": 47372.8, ""return_pct"": -0.32612492057280157, ""rs_vs_nifty"": -0.32612492057280157}, {""sector"": ""NIFTY_REALTY"", ""ltp"": 913.4, ""return_pct"": -0.4034456438774447, ""rs_vs_nifty"": -0.4034456438774447}, {""sector"": ""NIFTY_IT"", ""ltp"": 30416.6, ""return_pct"": -0.5892753841075498, ""rs_vs_nifty"": -0.5892753841075498}, {""sector"": ""NIFTY_ENERGY"", ""ltp"": 38085.35, ""return_pct"": -0.6534353614175765, ""rs_vs_nifty"": -0.6534353614175765}, {""sector"": ""NIFTY_METAL"", ""ltp"": 13288.3, ""return_pct"": -0.696112902562887, ""rs_vs_nifty"": -0.696112902562887}]"
2026-08-25 14:22:08,NORMAL,24157.4,,0,24154.712237709533,,,True,True,[],"[[""NIFTY_METAL"", -0.691629083544766, -0.691629083544766], [""NIFTY_ENERGY"", -0.6453489357872629, -0.6453489357872629], [""NIFTY_IT"", -0.5495654788557058, -0.5495654788557058]]","[{""sector"": ""NIFTY_HEALTHCARE"", ""ltp"": 16471.95, ""return_pct"": 0.32860275307589676, ""rs_vs_nifty"": 0.32860275307589676}, {""sector"": ""NIFTY_MEDIA"", ""ltp"": 1608.05, ""return_pct"": 0.29626395559159235, ""rs_vs_nifty"": 0.29626395559159235}, {""sector"": ""NIFTY_PSU_BANK"", ""ltp"": 8557.0, ""return_pct"": 0.20199654556632218, ""rs_vs_nifty"": 0.20199654556632218}, {""sector"": ""NIFTY_PHARMA"", ""ltp"": 26389.1, ""return_pct"": 0.18907108389364666, ""rs_vs_nifty"": 0.18907108389364666}, {""sector"": ""NIFTY_FIN_SERVICE"", ""ltp"": 26113.3, ""return_pct"": -0.1727927824607708, ""rs_vs_nifty"": -0.1727927824607708}, {""sector"": ""NIFTY_INFRA"", ""ltp"": 9324.95, ""return_pct"": -0.18891957270994836, ""rs_vs_nifty"": -0.18891957270994836}, {""sector"": ""NIFTY_FMCG"", ""ltp"": 47373.95, ""return_pct"": -0.3237052840653382, ""rs_vs_nifty"": -0.3237052840653382}, {""sector"": ""NIFTY_BANK"", ""ltp"": 57338.3, ""return_pct"": -0.3262006103332395, ""rs_vs_nifty"": -0.3262006103332395}, {""sector"": ""NIFTY_AUTO"", ""ltp"": 29001.45, ""return_pct"": -0.34311181974687915, ""rs_vs_nifty"": -0.34311181974687915}, {""sector"": ""NIFTY_REALTY"", ""ltp"": 913.85, ""return_pct"": -0.3543779304328863, ""rs_vs_nifty"": -0.3543779304328863}, {""sector"": ""NIFTY_IT"", ""ltp"": 30428.75, ""return_pct"": -0.5495654788557058, ""rs_vs_nifty"": -0.5495654788557058}, {""sector"": ""NIFTY_ENERGY"", ""ltp"": 38088.45, ""return_pct"": -0.6453489357872629, ""rs_vs_nifty"": -0.6453489357872629}, {""sector"": ""NIFTY_METAL"", ""ltp"": 13288.9, ""return_pct"": -0.691629083544766, ""rs_vs_nifty"": -0.691629083544766}]"
2026-08-25 14:23:51,NORMAL,24169.65,,0,24154.837559816915,,,True,True,[],"[[""NIFTY_METAL"", -0.6837824002630507, -0.6837824002630507], [""NIFTY_ENERGY"", -0.6403927394331937, -0.6403927394331937]]","[{""sector"": ""NIFTY_HEALTHCARE"", ""ltp"": 16473.3, ""return_pct"": 0.3368254354976201, ""rs_vs_nifty"": 0.3368254354976201}, {""sector"": ""NIFTY_MEDIA"", ""ltp"": 1606.95, ""return_pct"": 0.22765546061249242, ""rs_vs_nifty"": 0.22765546061249242}, {""sector"": ""NIFTY_PSU_BANK"", ""ltp"": 8557.8, ""return_pct"": 0.2113645013027228, ""rs_vs_nifty"": 0.2113645013027228}, {""sector"": ""NIFTY_PHARMA"", ""ltp"": 26387.2, ""return_pct"": 0.1818575284840579, ""rs_vs_nifty"": 0.1818575284840579}, {""sector"": ""NIFTY_FIN_SERVICE"", ""ltp"": 26123.5, ""return_pct"": -0.13379972093201062, ""rs_vs_nifty"": -0.13379972093201062}, {""sector"": ""NIFTY_INFRA"", ""ltp"": 9326.25, ""return_pct"": -0.1750048166463336, ""rs_vs_nifty"": -0.1750048166463336}, {""sector"": ""NIFTY_BANK"", ""ltp"": 57362.9, ""return_pct"": -0.2834373009050622, ""rs_vs_nifty"": -0.2834373009050622}, {""sector"": ""NIFTY_FMCG"", ""ltp"": 47368.7, ""return_pct"": -0.33475145072990087, ""rs_vs_nifty"": -0.33475145072990087}, {""sector"": ""NIFTY_AUTO"", ""ltp"": 29001.55, ""return_pct"": -0.34276819248624635, ""rs_vs_nifty"": -0.34276819248624635}, {""sector"": ""NIFTY_REALTY"", ""ltp"": 913.9, ""return_pct"": -0.34892596227238526, ""rs_vs_nifty"": -0.34892596227238526}, {""sector"": ""NIFTY_IT"", ""ltp"": 30462.35, ""return_pct"": -0.4397504322333403, ""rs_vs_nifty"": -0.4397504322333403}, {""sector"": ""NIFTY_ENERGY"", ""ltp"": 38090.35, ""return_pct"": -0.6403927394331937, ""rs_vs_nifty"": -0.6403927394331937}, {""sector"": ""NIFTY_METAL"", ""ltp"": 13289.95, ""return_pct"": -0.6837824002630507, ""rs_vs_nifty"": -0.6837824002630507}]"
2026-08-25 14:25:47,NORMAL,24164.6,,0,24154.849546509333,,,True,True,[],"[[""NIFTY_METAL"", -0.7185319976534789, -0.7185319976534789], [""NIFTY_ENERGY"", -0.6329584449020994, -0.6329584449020994]]","[{""sector"": ""NIFTY_HEALTHCARE"", ""ltp"": 16476.75, ""return_pct"": 0.3578389572420514, ""rs_vs_nifty"": 0.3578389572420514}, {""sector"": ""NIFTY_MEDIA"", ""ltp"": 1606.95, ""return_pct"": 0.22765546061249242, ""rs_vs_nifty"": 0.22765546061249242}, {""sector"": ""NIFTY_PHARMA"", ""ltp"": 26396.1, ""return_pct"": 0.21564734066584637, ""rs_vs_nifty"": 0.21564734066584637}, {""sector"": ""NIFTY_PSU_BANK"", ""ltp"": 8556.4, ""return_pct"": 0.19497057876401108, ""rs_vs_nifty"": 0.19497057876401108}, {""sector"": ""NIFTY_FIN_SERVICE"", ""ltp"": 26117.5, ""return_pct"": -0.15673681594892672, ""rs_vs_nifty"": -0.15673681594892672}, {""sector"": ""NIFTY_INFRA"", ""ltp"": 9325.4, ""return_pct"": -0.18410292638024456, ""rs_vs_nifty"": -0.18410292638024456}, {""sector"": ""NIFTY_BANK"", ""ltp"": 57352.4, ""return_pct"": -0.3016899329780658, ""rs_vs_nifty"": -0.3016899329780658}, {""sector"": ""NIFTY_AUTO"", ""ltp"": 29000.5, ""return_pct"": -0.34637627872294113, ""rs_vs_nifty"": -0.34637627872294113}, {""sector"": ""NIFTY_FMCG"", ""ltp"": 47356.0, ""return_pct"": -0.36147265389940814, ""rs_vs_nifty"": -0.36147265389940814}, {""sector"": ""NIFTY_REALTY"", ""ltp"": 913.6, ""return_pct"": -0.381637771235416, ""rs_vs_nifty"": -0.381637771235416}, {""sector"": ""NIFTY_IT"", ""ltp"": 30466.1, ""return_pct"": -0.4274942886370936, ""rs_vs_nifty"": -0.4274942886370936}, {""sector"": ""NIFTY_ENERGY"", ""ltp"": 38093.2, ""return_pct"": -0.6329584449020994, ""rs_vs_nifty"": -0.6329584449020994}, {""sector"": ""NIFTY_METAL"", ""ltp"": 13285.3, ""return_pct"": -0.7185319976534789, ""rs_vs_nifty"": -0.7185319976534789}]"
2026-08-25 14:27:28,NORMAL,24170.5,,0,24154.916570506783,,,True,True,[],"[[""NIFTY_METAL"", -0.6852770066024289, -0.6852770066024289], [""NIFTY_ENERGY"", -0.6146987741239636, -0.6146987741239636]]","[{""sector"": ""NIFTY_HEALTHCARE"", ""ltp"": 16483.95, ""return_pct"": 0.4016932634912945, ""rs_vs_nifty"": 0.4016932634912945}, {""sector"": ""NIFTY_PHARMA"", ""ltp"": 26405.85, ""return_pct"": 0.25266426974141026, ""rs_vs_nifty"": 0.25266426974141026}, {""sector"": ""NIFTY_PSU_BANK"", ""ltp"": 8556.05, ""return_pct"": 0.19087209812932782, ""rs_vs_nifty"": 0.19087209812932782}, {""sector"": ""NIFTY_MEDIA"", ""ltp"": 1606.3, ""return_pct"": 0.18711407721574252, ""rs_vs_nifty"": 0.18711407721574252}, {""sector"": ""NIFTY_INFRA"", ""ltp"": 9328.45, ""return_pct"": -0.15145676792327226, ""rs_vs_nifty"": -0.15145676792327226}, {""sector"": ""NIFTY_FIN_SERVICE"", ""ltp"": 26116.45, ""return_pct"": -0.16075080757688426, ""rs_vs_nifty"": -0.16075080757688426}, {""sector"": ""NIFTY_BANK"", ""ltp"": 57353.05, ""return_pct"": -0.30056000813544875, ""rs_vs_nifty"": -0.30056000813544875}, {""sector"": ""NIFTY_AUTO"", ""ltp"": 29010.5, ""return_pct"": -0.3120135526591571, ""rs_vs_nifty"": -0.3120135526591571}, {""sector"": ""NIFTY_FMCG"", ""ltp"": 47378.1, ""return_pct"": -0.3149735523209666, ""rs_vs_nifty"": -0.3149735523209666}, {""sector"": ""NIFTY_REALTY"", ""ltp"": 913.8, ""return_pct"": -0.35982989859339964, ""rs_vs_nifty"": -0.35982989859339964}, {""sector"": ""NIFTY_IT"", ""ltp"": 30482.05, ""return_pct"": -0.3753648245410554, ""rs_vs_nifty"": -0.3753648245410554}, {""sector"": ""NIFTY_ENERGY"", ""ltp"": 38100.2, ""return_pct"": -0.6146987741239636, ""rs_vs_nifty"": -0.6146987741239636}, {""sector"": ""NIFTY_METAL"", ""ltp"": 13289.75, ""return_pct"": -0.6852770066024289, ""rs_vs_nifty"": -0.6852770066024289}]"
2026-08-25 14:46:31,NORMAL,24211.0,,0,24158.60189963971,,,True,True,[],"[[""NIFTY_METAL"", -0.550762436058878, -0.550762436058878]]","[{""sector"": ""NIFTY_HEALTHCARE"", ""ltp"": 16491.85, ""return_pct"": 0.44981118284808475, ""rs_vs_nifty"": 0.44981118284808475}, {""sector"": ""NIFTY_PSU_BANK"", ""ltp"": 8573.55, ""return_pct"": 0.39579612986327783, ""rs_vs_nifty"": 0.39579612986327783}, {""sector"": ""NIFTY_MEDIA"", ""ltp"": 1608.4, ""return_pct"": 0.3180939312667708, ""rs_vs_nifty"": 0.3180939312667708}, {""sector"": ""NIFTY_PHARMA"", ""ltp"": 26410.35, ""return_pct"": 0.26974900623782433, ""rs_vs_nifty"": 0.26974900623782433}, {""sector"": ""NIFTY_INFRA"", ""ltp"": 9348.2, ""return_pct"": 0.05994048765868563, ""rs_vs_nifty"": 0.05994048765868563}, {""sector"": ""NIFTY_FIN_SERVICE"", ""ltp"": 26160.45, ""return_pct"": 0.007454555880500517, ""rs_vs_nifty"": 0.007454555880500517}, {""sector"": ""NIFTY_AUTO"", ""ltp"": 29083.55, ""return_pct"": -0.06099383876321676, ""rs_vs_nifty"": -0.06099383876321676}, {""sector"": ""NIFTY_FMCG"", ""ltp"": 47487.35, ""return_pct"": -0.08510808411078225, ""rs_vs_nifty"": -0.08510808411078225}, {""sector"": ""NIFTY_REALTY"", ""ltp"": 915.55, ""return_pct"": -0.16901101297569165, ""rs_vs_nifty"": -0.16901101297569165}, {""sector"": ""NIFTY_BANK"", ""ltp"": 57408.35, ""return_pct"": -0.20442947921763752, ""rs_vs_nifty"": -0.20442947921763752}, {""sector"": ""NIFTY_IT"", ""ltp"": 30522.5, ""return_pct"": -0.24316188894953883, ""rs_vs_nifty"": -0.24316188894953883}, {""sector"": ""NIFTY_ENERGY"", ""ltp"": 38164.9, ""return_pct"": -0.44592724564603914, ""rs_vs_nifty"": -0.44592724564603914}, {""sector"": ""NIFTY_METAL"", ""ltp"": 13307.75, ""return_pct"": -0.550762436058878, ""rs_vs_nifty"": -0.550762436058878}]"
2026-08-25 14:48:15,NORMAL,24212.15,,0,24159.054459863954,,,True,True,[],"[[""NIFTY_METAL"", -0.5029350331989514, -0.5029350331989514]]","[{""sector"": ""NIFTY_HEALTHCARE"", ""ltp"": 16494.85, ""return_pct"": 0.46808381045193415, ""rs_vs_nifty"": 0.46808381045193415}, {""sector"": ""NIFTY_PSU_BANK"", ""ltp"": 8572.45, ""return_pct"": 0.3829151907257323, ""rs_vs_nifty"": 0.3829151907257323}, {""sector"": ""NIFTY_MEDIA"", ""ltp"": 1609.25, ""return_pct"": 0.37110958647789216, ""rs_vs_nifty"": 0.37110958647789216}, {""sector"": ""NIFTY_PHARMA"", ""ltp"": 26412.0, ""return_pct"": 0.27601340961984844, ""rs_vs_nifty"": 0.27601340961984844}, {""sector"": ""NIFTY_INFRA"", ""ltp"": 9350.7, ""return_pct"": 0.08669963393488284, ""rs_vs_nifty"": 0.08669963393488284}, {""sector"": ""NIFTY_FIN_SERVICE"", ""ltp"": 26163.35, ""return_pct"": 0.018540818472001626, ""rs_vs_nifty"": 0.018540818472001626}, {""sector"": ""NIFTY_AUTO"", ""ltp"": 29088.7, ""return_pct"": -0.04329703484036296, ""rs_vs_nifty"": -0.04329703484036296}, {""sector"": ""NIFTY_FMCG"", ""ltp"": 47467.15, ""return_pct"": -0.12760952537252188, ""rs_vs_nifty"": -0.12760952537252188}, {""sector"": ""NIFTY_REALTY"", ""ltp"": 915.6, ""return_pct"": -0.16355904481517827, ""rs_vs_nifty"": -0.16355904481517827}, {""sector"": ""NIFTY_BANK"", ""ltp"": 57422.1, ""return_pct"": -0.18052722293156143, ""rs_vs_nifty"": -0.18052722293156143}, {""sector"": ""NIFTY_IT"", ""ltp"": 30532.65, ""return_pct"": -0.20998859361569308, ""rs_vs_nifty"": -0.20998859361569308}, {""sector"": ""NIFTY_ENERGY"", ""ltp"": 38174.7, ""return_pct"": -0.4203637065566603, ""rs_vs_nifty"": -0.4203637065566603}, {""sector"": ""NIFTY_METAL"", ""ltp"": 13314.15, ""return_pct"": -0.5029350331989514, ""rs_vs_nifty"": -0.5029350331989514}]"
