ts_ist,regime,nifty_ltp,prev_close,gap_pct,vwap,ema20,ema50,above_vwap,above_ema50,leading_sectors,lagging_sectors,sector_rows
2026-08-14 09:35:53,NORMAL,24333.35,,0,24325.982926906825,,,True,True,[],"[[""NIFTY_METAL"", -1.2878104919919469, -1.2878104919919469], [""NIFTY_AUTO"", -0.6425184955847129, -0.6425184955847129], [""NIFTY_REALTY"", -0.5676758682101539, -0.5676758682101539]]","[{""sector"": ""NIFTY_MEDIA"", ""ltp"": 1575.45, ""return_pct"": 0.031747039588558366, ""rs_vs_nifty"": 0.031747039588558366}, {""sector"": ""NIFTY_PHARMA"", ""ltp"": 26656.95, ""return_pct"": -0.1118530509465299, ""rs_vs_nifty"": -0.1118530509465299}, {""sector"": ""NIFTY_HEALTHCARE"", ""ltp"": 16556.5, ""return_pct"": -0.15287799612225744, ""rs_vs_nifty"": -0.15287799612225744}, {""sector"": ""NIFTY_BANK"", ""ltp"": 57523.85, ""return_pct"": -0.19328449169562284, ""rs_vs_nifty"": -0.19328449169562284}, {""sector"": ""NIFTY_FIN_SERVICE"", ""ltp"": 26272.8, ""return_pct"": -0.20947320243316114, ""rs_vs_nifty"": -0.20947320243316114}, {""sector"": ""NIFTY_ENERGY"", ""ltp"": 38597.7, ""return_pct"": -0.23920755229031324, ""rs_vs_nifty"": -0.23920755229031324}, {""sector"": ""NIFTY_IT"", ""ltp"": 31377.2, ""return_pct"": -0.24384893447235706, ""rs_vs_nifty"": -0.24384893447235706}, {""sector"": ""NIFTY_INFRA"", ""ltp"": 9363.5, ""return_pct"": -0.3156555575073286, ""rs_vs_nifty"": -0.3156555575073286}, {""sector"": ""NIFTY_PSU_BANK"", ""ltp"": 8755.95, ""return_pct"": -0.3754714727015172, ""rs_vs_nifty"": -0.3754714727015172}, {""sector"": ""NIFTY_FMCG"", ""ltp"": 48589.0, ""return_pct"": -0.5084228653099228, ""rs_vs_nifty"": -0.5084228653099228}, {""sector"": ""NIFTY_REALTY"", ""ltp"": 893.3, ""return_pct"": -0.5676758682101539, ""rs_vs_nifty"": -0.5676758682101539}, {""sector"": ""NIFTY_AUTO"", ""ltp"": 29203.3, ""return_pct"": -0.6425184955847129, ""rs_vs_nifty"": -0.6425184955847129}, {""sector"": ""NIFTY_METAL"", ""ltp"": 12865.9, ""return_pct"": -1.2878104919919469, ""rs_vs_nifty"": -1.2878104919919469}]"
2026-08-14 10:00:09,NORMAL,24345.2,,0,24329.767650519003,,,True,True,[],"[[""NIFTY_METAL"", -1.1639014098014826, -1.1639014098014826], [""NIFTY_AUTO"", -0.7741863048467121, -0.7741863048467121]]","[{""sector"": ""NIFTY_REALTY"", ""ltp"": 898.5, ""return_pct"": 0.011130899376672167, ""rs_vs_nifty"": 0.011130899376672167}, {""sector"": ""NIFTY_BANK"", ""ltp"": 57594.05, ""return_pct"": -0.07148403104002687, ""rs_vs_nifty"": -0.07148403104002687}, {""sector"": ""NIFTY_MEDIA"", ""ltp"": 1573.15, ""return_pct"": -0.11428934251880724, ""rs_vs_nifty"": -0.11428934251880724}, {""sector"": ""NIFTY_ENERGY"", ""ltp"": 38633.45, ""return_pct"": -0.14680701210253982, ""rs_vs_nifty"": -0.14680701210253982}, {""sector"": ""NIFTY_FIN_SERVICE"", ""ltp"": 26283.05, ""return_pct"": -0.1705411929147596, ""rs_vs_nifty"": -0.1705411929147596}, {""sector"": ""NIFTY_PSU_BANK"", ""ltp"": 8773.35, ""return_pct"": -0.177495605277085, ""rs_vs_nifty"": -0.177495605277085}, {""sector"": ""NIFTY_INFRA"", ""ltp"": 9374.75, ""return_pct"": -0.19588742860488376, ""rs_vs_nifty"": -0.19588742860488376}, {""sector"": ""NIFTY_HEALTHCARE"", ""ltp"": 16533.5, ""return_pct"": -0.29158387031602956, ""rs_vs_nifty"": -0.29158387031602956}, {""sector"": ""NIFTY_FMCG"", ""ltp"": 48688.95, ""return_pct"": -0.30376372158167186, ""rs_vs_nifty"": -0.30376372158167186}, {""sector"": ""NIFTY_PHARMA"", ""ltp"": 26587.4, ""return_pct"": -0.37246878606651157, ""rs_vs_nifty"": -0.37246878606651157}, {""sector"": ""NIFTY_IT"", ""ltp"": 31313.6, ""return_pct"": -0.44604961546899724, ""rs_vs_nifty"": -0.44604961546899724}, {""sector"": ""NIFTY_AUTO"", ""ltp"": 29164.6, ""return_pct"": -0.7741863048467121, ""rs_vs_nifty"": -0.7741863048467121}, {""sector"": ""NIFTY_METAL"", ""ltp"": 12882.05, ""return_pct"": -1.1639014098014826, ""rs_vs_nifty"": -1.1639014098014826}]"
2026-08-14 10:30:07,NORMAL,24330.65,,0,24333.276406041205,,,False,True,[],"[[""NIFTY_METAL"", -1.2210607077778814, -1.2210607077778814], [""NIFTY_AUTO"", -0.7500301951371394, -0.7500301951371394]]","[{""sector"": ""NIFTY_INFRA"", ""ltp"": 9377.65, ""return_pct"": -0.16501386648781294, ""rs_vs_nifty"": -0.16501386648781294}, {""sector"": ""NIFTY_HEALTHCARE"", ""ltp"": 16552.65, ""return_pct"": -0.17609615332424966, ""rs_vs_nifty"": -0.17609615332424966}, {""sector"": ""NIFTY_BANK"", ""ltp"": 57527.4, ""return_pct"": -0.18712506669095483, ""rs_vs_nifty"": -0.18712506669095483}, {""sector"": ""NIFTY_ENERGY"", ""ltp"": 38602.8, ""return_pct"": -0.2260259367670074, ""rs_vs_nifty"": -0.2260259367670074}, {""sector"": ""NIFTY_REALTY"", ""ltp"": 896.15, ""return_pct"": -0.2504452359750668, ""rs_vs_nifty"": -0.2504452359750668}, {""sector"": ""NIFTY_FMCG"", ""ltp"": 48706.95, ""return_pct"": -0.2669066471733814, ""rs_vs_nifty"": -0.2669066471733814}, {""sector"": ""NIFTY_FIN_SERVICE"", ""ltp"": 26251.0, ""return_pct"": -0.29227493975034413, ""rs_vs_nifty"": -0.29227493975034413}, {""sector"": ""NIFTY_PHARMA"", ""ltp"": 26602.1, ""return_pct"": -0.31738537404260053, ""rs_vs_nifty"": -0.31738537404260053}, {""sector"": ""NIFTY_IT"", ""ltp"": 31337.4, ""return_pct"": -0.37038332289477616, ""rs_vs_nifty"": -0.37038332289477616}, {""sector"": ""NIFTY_PSU_BANK"", ""ltp"": 8754.25, ""return_pct"": -0.39481394250736124, ""rs_vs_nifty"": -0.39481394250736124}, {""sector"": ""NIFTY_MEDIA"", ""ltp"": 1567.45, ""return_pct"": -0.47620559382837546, ""rs_vs_nifty"": -0.47620559382837546}, {""sector"": ""NIFTY_AUTO"", ""ltp"": 29171.7, ""return_pct"": -0.7500301951371394, ""rs_vs_nifty"": -0.7500301951371394}, {""sector"": ""NIFTY_METAL"", ""ltp"": 12874.6, ""return_pct"": -1.2210607077778814, ""rs_vs_nifty"": -1.2210607077778814}]"
2026-08-14 11:00:03,NORMAL,24312.05,,0,24330.98452297085,,,False,True,[],"[[""NIFTY_METAL"", -1.3476551261148912, -1.3476551261148912], [""NIFTY_IT"", -1.2291003659323714, -1.2291003659323714], [""NIFTY_PSU_BANK"", -0.7492362568907589, -0.7492362568907589]]","[{""sector"": ""NIFTY_INFRA"", ""ltp"": 9391.4, ""return_pct"": -0.018630597829269204, ""rs_vs_nifty"": -0.018630597829269204}, {""sector"": ""NIFTY_BANK"", ""ltp"": 57472.0, ""return_pct"": -0.28324679774964107, ""rs_vs_nifty"": -0.28324679774964107}, {""sector"": ""NIFTY_HEALTHCARE"", ""ltp"": 16525.5, ""return_pct"": -0.3398293917747329, ""rs_vs_nifty"": -0.3398293917747329}, {""sector"": ""NIFTY_FIN_SERVICE"", ""ltp"": 26220.2, ""return_pct"": -0.4092608805470992, ""rs_vs_nifty"": -0.4092608805470992}, {""sector"": ""NIFTY_FMCG"", ""ltp"": 48635.05, ""return_pct"": -0.41413018328204054, ""rs_vs_nifty"": -0.41413018328204054}, {""sector"": ""NIFTY_REALTY"", ""ltp"": 894.55, ""return_pct"": -0.42853962600178347, ""rs_vs_nifty"": -0.42853962600178347}, {""sector"": ""NIFTY_ENERGY"", ""ltp"": 38502.55, ""return_pct"": -0.4851351438669874, ""rs_vs_nifty"": -0.4851351438669874}, {""sector"": ""NIFTY_PHARMA"", ""ltp"": 26547.9, ""return_pct"": -0.5204820360627644, ""rs_vs_nifty"": -0.5204820360627644}, {""sector"": ""NIFTY_MEDIA"", ""ltp"": 1565.35, ""return_pct"": -0.6095431601003293, ""rs_vs_nifty"": -0.6095431601003293}, {""sector"": ""NIFTY_AUTO"", ""ltp"": 29199.3, ""return_pct"": -0.6561275714774257, ""rs_vs_nifty"": -0.6561275714774257}, {""sector"": ""NIFTY_PSU_BANK"", ""ltp"": 8723.1, ""return_pct"": -0.7492362568907589, ""rs_vs_nifty"": -0.7492362568907589}, {""sector"": ""NIFTY_IT"", ""ltp"": 31067.3, ""return_pct"": -1.2291003659323714, ""rs_vs_nifty"": -1.2291003659323714}, {""sector"": ""NIFTY_METAL"", ""ltp"": 12858.1, ""return_pct"": -1.3476551261148912, ""rs_vs_nifty"": -1.3476551261148912}]"
2026-08-14 11:30:32,NORMAL,24310.4,,0,24329.05850732868,,,False,True,[],"[[""NIFTY_METAL"", -1.2410089191522011, -1.2410089191522011], [""NIFTY_IT"", -1.0534464724565227, -1.0534464724565227], [""NIFTY_PSU_BANK"", -0.7907656773562257, -0.7907656773562257]]","[{""sector"": ""NIFTY_MEDIA"", ""ltp"": 1581.45, ""return_pct"": 0.41271151465125877, ""rs_vs_nifty"": 0.41271151465125877}, {""sector"": ""NIFTY_INFRA"", ""ltp"": 9396.1, ""return_pct"": 0.0314058649122044, ""rs_vs_nifty"": 0.0314058649122044}, {""sector"": ""NIFTY_HEALTHCARE"", ""ltp"": 16535.9, ""return_pct"": -0.2771102138784098, ""rs_vs_nifty"": -0.2771102138784098}, {""sector"": ""NIFTY_REALTY"", ""ltp"": 895.65, ""return_pct"": -0.30609973285841496, ""rs_vs_nifty"": -0.30609973285841496}, {""sector"": ""NIFTY_BANK"", ""ltp"": 57398.85, ""return_pct"": -0.41016565383164205, ""rs_vs_nifty"": -0.41016565383164205}, {""sector"": ""NIFTY_FMCG"", ""ltp"": 48613.8, ""return_pct"": -0.4576420072362723, ""rs_vs_nifty"": -0.4576420072362723}, {""sector"": ""NIFTY_FIN_SERVICE"", ""ltp"": 26200.8, ""return_pct"": -0.48294683026973784, ""rs_vs_nifty"": -0.48294683026973784}, {""sector"": ""NIFTY_ENERGY"", ""ltp"": 38493.6, ""return_pct"": -0.5082675867951265, ""rs_vs_nifty"": -0.5082675867951265}, {""sector"": ""NIFTY_PHARMA"", ""ltp"": 26541.0, ""return_pct"": -0.5463375151760393, ""rs_vs_nifty"": -0.5463375151760393}, {""sector"": ""NIFTY_AUTO"", ""ltp"": 29212.75, ""return_pct"": -0.6103670537881762, ""rs_vs_nifty"": -0.6103670537881762}, {""sector"": ""NIFTY_PSU_BANK"", ""ltp"": 8719.45, ""return_pct"": -0.7907656773562257, ""rs_vs_nifty"": -0.7907656773562257}, {""sector"": ""NIFTY_IT"", ""ltp"": 31122.55, ""return_pct"": -1.0534464724565227, ""rs_vs_nifty"": -1.0534464724565227}, {""sector"": ""NIFTY_METAL"", ""ltp"": 12872.0, ""return_pct"": -1.2410089191522011, ""rs_vs_nifty"": -1.2410089191522011}]"
2026-08-14 12:00:04,NORMAL,24328.2,,0,24328.628129189736,,,False,True,"[[""NIFTY_MEDIA"", 0.9047906282739134, 0.9047906282739134]]","[[""NIFTY_METAL"", -1.029634602474351, -1.029634602474351], [""NIFTY_IT"", -0.9043393665014536, -0.9043393665014536], [""NIFTY_PSU_BANK"", -0.5757229248089972, -0.5757229248089972]]","[{""sector"": ""NIFTY_MEDIA"", ""ltp"": 1589.2, ""return_pct"": 0.9047906282739134, ""rs_vs_nifty"": 0.9047906282739134}, {""sector"": ""NIFTY_INFRA"", ""ltp"": 9411.9, ""return_pct"": 0.19961354817074145, ""rs_vs_nifty"": 0.19961354817074145}, {""sector"": ""NIFTY_HEALTHCARE"", ""ltp"": 16534.6, ""return_pct"": -0.28495011111546664, ""rs_vs_nifty"": -0.28495011111546664}, {""sector"": ""NIFTY_REALTY"", ""ltp"": 895.55, ""return_pct"": -0.31723063223508713, ""rs_vs_nifty"": -0.31723063223508713}, {""sector"": ""NIFTY_BANK"", ""ltp"": 57428.5, ""return_pct"": -0.35872144217297575, ""rs_vs_nifty"": -0.35872144217297575}, {""sector"": ""NIFTY_ENERGY"", ""ltp"": 38539.0, ""return_pct"": -0.3909253623328875, ""rs_vs_nifty"": -0.3909253623328875}, {""sector"": ""NIFTY_FMCG"", ""ltp"": 48627.5, ""return_pct"": -0.4295896783810794, ""rs_vs_nifty"": -0.4295896783810794}, {""sector"": ""NIFTY_AUTO"", ""ltp"": 29261.45, ""return_pct"": -0.44467655479439483, ""rs_vs_nifty"": -0.44467655479439483}, {""sector"": ""NIFTY_FIN_SERVICE"", ""ltp"": 26208.75, ""return_pct"": -0.4527507838627797, ""rs_vs_nifty"": -0.4527507838627797}, {""sector"": ""NIFTY_PHARMA"", ""ltp"": 26545.6, ""return_pct"": -0.5291005291005318, ""rs_vs_nifty"": -0.5291005291005318}, {""sector"": ""NIFTY_PSU_BANK"", ""ltp"": 8738.35, ""return_pct"": -0.5757229248089972, ""rs_vs_nifty"": -0.5757229248089972}, {""sector"": ""NIFTY_IT"", ""ltp"": 31169.45, ""return_pct"": -0.9043393665014536, ""rs_vs_nifty"": -0.9043393665014536}, {""sector"": ""NIFTY_METAL"", ""ltp"": 12899.55, ""return_pct"": -1.029634602474351, ""rs_vs_nifty"": -1.029634602474351}]"
2026-08-14 12:30:04,NORMAL,24345.3,,0,24329.54764593742,,,True,True,"[[""NIFTY_MEDIA"", 0.9524111876567509, 0.9524111876567509]]","[[""NIFTY_METAL"", -0.8489498417569743, -0.8489498417569743], [""NIFTY_PHARMA"", -0.607229042073232, -0.607229042073232], [""NIFTY_PSU_BANK"", -0.5688961707598745, -0.5688961707598745]]","[{""sector"": ""NIFTY_MEDIA"", ""ltp"": 1589.95, ""return_pct"": 0.9524111876567509, ""rs_vs_nifty"": 0.9524111876567509}, {""sector"": ""NIFTY_INFRA"", ""ltp"": 9408.4, ""return_pct"": 0.16235235251220304, ""rs_vs_nifty"": 0.16235235251220304}, {""sector"": ""NIFTY_REALTY"", ""ltp"": 896.55, ""return_pct"": -0.2059216384683908, ""rs_vs_nifty"": -0.2059216384683908}, {""sector"": ""NIFTY_BANK"", ""ltp"": 57465.85, ""return_pct"": -0.2939173509267357, ""rs_vs_nifty"": -0.2939173509267357}, {""sector"": ""NIFTY_FIN_SERVICE"", ""ltp"": 26235.85, ""return_pct"": -0.3498183489409627, ""rs_vs_nifty"": -0.3498183489409627}, {""sector"": ""NIFTY_FMCG"", ""ltp"": 48655.85, ""return_pct"": -0.371539786188025, ""rs_vs_nifty"": -0.371539786188025}, {""sector"": ""NIFTY_AUTO"", ""ltp"": 29282.6, ""return_pct"": -0.3727185660116831, ""rs_vs_nifty"": -0.3727185660116831}, {""sector"": ""NIFTY_ENERGY"", ""ltp"": 38539.75, ""return_pct"": -0.3889868894618153, ""rs_vs_nifty"": -0.3889868894618153}, {""sector"": ""NIFTY_HEALTHCARE"", ""ltp"": 16514.65, ""return_pct"": -0.4052623802530905, ""rs_vs_nifty"": -0.4052623802530905}, {""sector"": ""NIFTY_IT"", ""ltp"": 31296.9, ""return_pct"": -0.4991431905105567, ""rs_vs_nifty"": -0.4991431905105567}, {""sector"": ""NIFTY_PSU_BANK"", ""ltp"": 8738.95, ""return_pct"": -0.5688961707598745, ""rs_vs_nifty"": -0.5688961707598745}, {""sector"": ""NIFTY_PHARMA"", ""ltp"": 26524.75, ""return_pct"": -0.607229042073232, ""rs_vs_nifty"": -0.607229042073232}, {""sector"": ""NIFTY_METAL"", ""ltp"": 12923.1, ""return_pct"": -0.8489498417569743, ""rs_vs_nifty"": -0.8489498417569743}]"
2026-08-14 12:39:38,NORMAL,24344.2,,0,24329.900238548547,,,True,True,"[[""NIFTY_MEDIA"", 1.1174957935172487, 1.1174957935172487]]","[[""NIFTY_METAL"", -0.7871871103864994, -0.7871871103864994], [""NIFTY_PSU_BANK"", -0.6291991648604337, -0.6291991648604337], [""NIFTY_PHARMA"", -0.6126624398579074, -0.6126624398579074]]","[{""sector"": ""NIFTY_MEDIA"", ""ltp"": 1592.55, ""return_pct"": 1.1174957935172487, ""rs_vs_nifty"": 1.1174957935172487}, {""sector"": ""NIFTY_INFRA"", ""ltp"": 9406.15, ""return_pct"": 0.13839872673171408, ""rs_vs_nifty"": 0.13839872673171408}, {""sector"": ""NIFTY_REALTY"", ""ltp"": 897.1, ""return_pct"": -0.14470169189670018, ""rs_vs_nifty"": -0.14470169189670018}, {""sector"": ""NIFTY_AUTO"", ""ltp"": 29296.35, ""return_pct"": -0.32593736763048264, ""rs_vs_nifty"": -0.32593736763048264}, {""sector"": ""NIFTY_BANK"", ""ltp"": 57443.7, ""return_pct"": -0.3323486928572409, ""rs_vs_nifty"": -0.3323486928572409}, {""sector"": ""NIFTY_HEALTHCARE"", ""ltp"": 16521.55, ""return_pct"": -0.36365061799497206, ""rs_vs_nifty"": -0.36365061799497206}, {""sector"": ""NIFTY_FMCG"", ""ltp"": 48639.8, ""return_pct"": -0.4044040108687417, ""rs_vs_nifty"": -0.4044040108687417}, {""sector"": ""NIFTY_FIN_SERVICE"", ""ltp"": 26219.7, ""return_pct"": -0.41116000296263094, ""rs_vs_nifty"": -0.41116000296263094}, {""sector"": ""NIFTY_ENERGY"", ""ltp"": 38528.0, ""return_pct"": -0.41935629777527933, ""rs_vs_nifty"": -0.41935629777527933}, {""sector"": ""NIFTY_IT"", ""ltp"": 31320.15, ""return_pct"": -0.4252254887311271, ""rs_vs_nifty"": -0.4252254887311271}, {""sector"": ""NIFTY_PHARMA"", ""ltp"": 26523.3, ""return_pct"": -0.6126624398579074, ""rs_vs_nifty"": -0.6126624398579074}, {""sector"": ""NIFTY_PSU_BANK"", ""ltp"": 8733.65, ""return_pct"": -0.6291991648604337, ""rs_vs_nifty"": -0.6291991648604337}, {""sector"": ""NIFTY_METAL"", ""ltp"": 12931.15, ""return_pct"": -0.7871871103864994, ""rs_vs_nifty"": -0.7871871103864994}]"
2026-08-14 13:00:07,NORMAL,24349.35,,0,24330.708582731942,,,True,True,"[[""NIFTY_MEDIA"", 1.069875234134411, 1.069875234134411]]","[[""NIFTY_METAL"", -0.7706914740577403, -0.7706914740577403], [""NIFTY_PSU_BANK"", -0.6536617002031042, -0.6536617002031042], [""NIFTY_PHARMA"", -0.6291499917562159, -0.6291499917562159]]","[{""sector"": ""NIFTY_MEDIA"", ""ltp"": 1591.8, ""return_pct"": 1.069875234134411, ""rs_vs_nifty"": 1.069875234134411}, {""sector"": ""NIFTY_INFRA"", ""ltp"": 9414.8, ""return_pct"": 0.23048711028781227, ""rs_vs_nifty"": 0.23048711028781227}, {""sector"": ""NIFTY_REALTY"", ""ltp"": 896.35, ""return_pct"": -0.22818343722172243, ""rs_vs_nifty"": -0.22818343722172243}, {""sector"": ""NIFTY_AUTO"", ""ltp"": 29304.25, ""return_pct"": -0.2990594427423698, ""rs_vs_nifty"": -0.2990594427423698}, {""sector"": ""NIFTY_BANK"", ""ltp"": 57435.1, ""return_pct"": -0.34727011681219644, ""rs_vs_nifty"": -0.34727011681219644}, {""sector"": ""NIFTY_HEALTHCARE"", ""ltp"": 16523.8, ""return_pct"": -0.3500815650847118, ""rs_vs_nifty"": -0.3500815650847118}, {""sector"": ""NIFTY_FMCG"", ""ltp"": 48661.7, ""return_pct"": -0.35956123700533366, ""rs_vs_nifty"": -0.35956123700533366}, {""sector"": ""NIFTY_ENERGY"", ""ltp"": 38547.95, ""return_pct"": -0.3677929194047671, ""rs_vs_nifty"": -0.3677929194047671}, {""sector"": ""NIFTY_FIN_SERVICE"", ""ltp"": 26221.95, ""return_pct"": -0.4026139520927379, ""rs_vs_nifty"": -0.4026139520927379}, {""sector"": ""NIFTY_IT"", ""ltp"": 31317.8, ""return_pct"": -0.43269674030883987, ""rs_vs_nifty"": -0.43269674030883987}, {""sector"": ""NIFTY_PHARMA"", ""ltp"": 26518.9, ""return_pct"": -0.6291499917562159, ""rs_vs_nifty"": -0.6291499917562159}, {""sector"": ""NIFTY_PSU_BANK"", ""ltp"": 8731.5, ""return_pct"": -0.6536617002031042, ""rs_vs_nifty"": -0.6536617002031042}, {""sector"": ""NIFTY_METAL"", ""ltp"": 12933.3, ""return_pct"": -0.7706914740577403, ""rs_vs_nifty"": -0.7706914740577403}]"
2026-08-14 13:30:18,NORMAL,24338.9,,0,24331.76694696663,,,True,True,"[[""NIFTY_MEDIA"", 1.146068129146954, 1.146068129146954]]","[[""NIFTY_PHARMA"", -0.7277005860575293, -0.7277005860575293], [""NIFTY_PSU_BANK"", -0.6963289130100947, -0.6963289130100947], [""NIFTY_METAL"", -0.6191617915028348, -0.6191617915028348]]","[{""sector"": ""NIFTY_MEDIA"", ""ltp"": 1593.0, ""return_pct"": 1.146068129146954, ""rs_vs_nifty"": 1.146068129146954}, {""sector"": ""NIFTY_INFRA"", ""ltp"": 9412.95, ""return_pct"": 0.21079190686831456, ""rs_vs_nifty"": 0.21079190686831456}, {""sector"": ""NIFTY_REALTY"", ""ltp"": 896.4, ""return_pct"": -0.22261798753339268, ""rs_vs_nifty"": -0.22261798753339268}, {""sector"": ""NIFTY_BANK"", ""ltp"": 57428.65, ""return_pct"": -0.35846118477841, ""rs_vs_nifty"": -0.35846118477841}, {""sector"": ""NIFTY_HEALTHCARE"", ""ltp"": 16515.75, ""return_pct"": -0.3986286210525276, ""rs_vs_nifty"": -0.3986286210525276}, {""sector"": ""NIFTY_ENERGY"", ""ltp"": 38535.45, ""return_pct"": -0.4001008005893033, ""rs_vs_nifty"": -0.4001008005893033}, {""sector"": ""NIFTY_IT"", ""ltp"": 31302.5, ""return_pct"": -0.48133935696368796, ""rs_vs_nifty"": -0.48133935696368796}, {""sector"": ""NIFTY_AUTO"", ""ltp"": 29249.9, ""return_pct"": -0.4839727614346008, ""rs_vs_nifty"": -0.4839727614346008}, {""sector"": ""NIFTY_FIN_SERVICE"", ""ltp"": 26193.05, ""return_pct"": -0.5123832277104805, ""rs_vs_nifty"": -0.5123832277104805}, {""sector"": ""NIFTY_FMCG"", ""ltp"": 48577.65, ""return_pct"": -0.5316632983395918, ""rs_vs_nifty"": -0.5316632983395918}, {""sector"": ""NIFTY_METAL"", ""ltp"": 12953.05, ""return_pct"": -0.6191617915028348, ""rs_vs_nifty"": -0.6191617915028348}, {""sector"": ""NIFTY_PSU_BANK"", ""ltp"": 8727.75, ""return_pct"": -0.6963289130100947, ""rs_vs_nifty"": -0.6963289130100947}, {""sector"": ""NIFTY_PHARMA"", ""ltp"": 26492.6, ""return_pct"": -0.7277005860575293, ""rs_vs_nifty"": -0.7277005860575293}]"
2026-08-14 13:42:25,NORMAL,24352.0,,0,24332.099053040558,,,True,True,"[[""NIFTY_MEDIA"", 1.0603511222578523, 1.0603511222578523]]","[[""NIFTY_PHARMA"", -0.6870437819446263, -0.6870437819446263], [""NIFTY_METAL"", -0.6813081423228102, -0.6813081423228102], [""NIFTY_PSU_BANK"", -0.6491105308370293, -0.6491105308370293]]","[{""sector"": ""NIFTY_MEDIA"", ""ltp"": 1591.65, ""return_pct"": 1.0603511222578523, ""rs_vs_nifty"": 1.0603511222578523}, {""sector"": ""NIFTY_INFRA"", ""ltp"": 9418.05, ""return_pct"": 0.26508679197074075, ""rs_vs_nifty"": 0.26508679197074075}, {""sector"": ""NIFTY_REALTY"", ""ltp"": 896.25, ""return_pct"": -0.23931433659839463, ""rs_vs_nifty"": -0.23931433659839463}, {""sector"": ""NIFTY_HEALTHCARE"", ""ltp"": 16532.75, ""return_pct"": -0.296106887952783, ""rs_vs_nifty"": -0.296106887952783}, {""sector"": ""NIFTY_IT"", ""ltp"": 31344.6, ""return_pct"": -0.34749267976309106, ""rs_vs_nifty"": -0.34749267976309106}, {""sector"": ""NIFTY_BANK"", ""ltp"": 57430.65, ""return_pct"": -0.3549910861842337, ""rs_vs_nifty"": -0.3549910861842337}, {""sector"": ""NIFTY_ENERGY"", ""ltp"": 38531.1, ""return_pct"": -0.4113439432415181, ""rs_vs_nifty"": -0.4113439432415181}, {""sector"": ""NIFTY_FIN_SERVICE"", ""ltp"": 26202.95, ""return_pct"": -0.47478060388294563, ""rs_vs_nifty"": -0.47478060388294563}, {""sector"": ""NIFTY_AUTO"", ""ltp"": 29229.65, ""return_pct"": -0.5528687081414595, ""rs_vs_nifty"": -0.5528687081414595}, {""sector"": ""NIFTY_FMCG"", ""ltp"": 48559.05, ""return_pct"": -0.5697489418948222, ""rs_vs_nifty"": -0.5697489418948222}, {""sector"": ""NIFTY_PSU_BANK"", ""ltp"": 8731.9, ""return_pct"": -0.6491105308370293, ""rs_vs_nifty"": -0.6491105308370293}, {""sector"": ""NIFTY_METAL"", ""ltp"": 12944.95, ""return_pct"": -0.6813081423228102, ""rs_vs_nifty"": -0.6813081423228102}, {""sector"": ""NIFTY_PHARMA"", ""ltp"": 26503.45, ""return_pct"": -0.6870437819446263, ""rs_vs_nifty"": -0.6870437819446263}]"
2026-08-14 13:42:43,NORMAL,24352.5,,0,24332.110318170373,,,True,True,"[[""NIFTY_MEDIA"", 1.0952728658052637, 1.0952728658052637]]","[[""NIFTY_METAL"", -0.6816917617723246, -0.6816917617723246], [""NIFTY_PHARMA"", -0.67805057181828, -0.67805057181828], [""NIFTY_PSU_BANK"", -0.6377326074218318, -0.6377326074218318]]","[{""sector"": ""NIFTY_MEDIA"", ""ltp"": 1592.2, ""return_pct"": 1.0952728658052637, ""rs_vs_nifty"": 1.0952728658052637}, {""sector"": ""NIFTY_INFRA"", ""ltp"": 9418.05, ""return_pct"": 0.26508679197074075, ""rs_vs_nifty"": 0.26508679197074075}, {""sector"": ""NIFTY_REALTY"", ""ltp"": 896.3, ""return_pct"": -0.23374888691006487, ""rs_vs_nifty"": -0.23374888691006487}, {""sector"": ""NIFTY_HEALTHCARE"", ""ltp"": 16532.95, ""return_pct"": -0.294900749916311, ""rs_vs_nifty"": -0.294900749916311}, {""sector"": ""NIFTY_IT"", ""ltp"": 31348.95, ""return_pct"": -0.3336629162043522, ""rs_vs_nifty"": -0.3336629162043522}, {""sector"": ""NIFTY_BANK"", ""ltp"": 57424.45, ""return_pct"": -0.3657483918261878, ""rs_vs_nifty"": -0.3657483918261878}, {""sector"": ""NIFTY_ENERGY"", ""ltp"": 38530.05, ""return_pct"": -0.4140578052610078, ""rs_vs_nifty"": -0.4140578052610078}, {""sector"": ""NIFTY_FIN_SERVICE"", ""ltp"": 26201.75, ""return_pct"": -0.4793384976802247, ""rs_vs_nifty"": -0.4793384976802247}, {""sector"": ""NIFTY_AUTO"", ""ltp"": 29225.9, ""return_pct"": -0.5656272167908778, ""rs_vs_nifty"": -0.5656272167908778}, {""sector"": ""NIFTY_FMCG"", ""ltp"": 48560.9, ""return_pct"": -0.5659608536917509, ""rs_vs_nifty"": -0.5659608536917509}, {""sector"": ""NIFTY_PSU_BANK"", ""ltp"": 8732.9, ""return_pct"": -0.6377326074218318, ""rs_vs_nifty"": -0.6377326074218318}, {""sector"": ""NIFTY_PHARMA"", ""ltp"": 26505.85, ""return_pct"": -0.67805057181828, ""rs_vs_nifty"": -0.67805057181828}, {""sector"": ""NIFTY_METAL"", ""ltp"": 12944.9, ""return_pct"": -0.6816917617723246, ""rs_vs_nifty"": -0.6816917617723246}]"
2026-08-14 13:42:59,NORMAL,24351.8,,0,24332.12258816605,,,True,True,"[[""NIFTY_MEDIA"", 1.038128194545853, 1.038128194545853]]","[[""NIFTY_METAL"", -0.6816917617723246, -0.6816917617723246], [""NIFTY_PHARMA"", -0.6812356670713584, -0.6812356670713584], [""NIFTY_PSU_BANK"", -0.6309058533727091, -0.6309058533727091]]","[{""sector"": ""NIFTY_MEDIA"", ""ltp"": 1591.3, ""return_pct"": 1.038128194545853, ""rs_vs_nifty"": 1.038128194545853}, {""sector"": ""NIFTY_INFRA"", ""ltp"": 9418.55, ""return_pct"": 0.27040981992196056, ""rs_vs_nifty"": 0.27040981992196056}, {""sector"": ""NIFTY_REALTY"", ""ltp"": 896.25, ""return_pct"": -0.23931433659839463, ""rs_vs_nifty"": -0.23931433659839463}, {""sector"": ""NIFTY_HEALTHCARE"", ""ltp"": 16533.1, ""return_pct"": -0.29399614638897353, ""rs_vs_nifty"": -0.29399614638897353}, {""sector"": ""NIFTY_IT"", ""ltp"": 31347.3, ""return_pct"": -0.3389086885887034, ""rs_vs_nifty"": -0.3389086885887034}, {""sector"": ""NIFTY_BANK"", ""ltp"": 57429.85, ""return_pct"": -0.35637912562190927, ""rs_vs_nifty"": -0.35637912562190927}, {""sector"": ""NIFTY_ENERGY"", ""ltp"": 38532.9, ""return_pct"": -0.4066916083509373, ""rs_vs_nifty"": -0.4066916083509373}, {""sector"": ""NIFTY_FIN_SERVICE"", ""ltp"": 26203.05, ""return_pct"": -0.4744007793998448, ""rs_vs_nifty"": -0.4744007793998448}, {""sector"": ""NIFTY_AUTO"", ""ltp"": 29231.45, ""return_pct"": -0.5467446239897412, ""rs_vs_nifty"": -0.5467446239897412}, {""sector"": ""NIFTY_FMCG"", ""ltp"": 48562.55, ""return_pct"": -0.5625822885376546, ""rs_vs_nifty"": -0.5625822885376546}, {""sector"": ""NIFTY_PSU_BANK"", ""ltp"": 8733.5, ""return_pct"": -0.6309058533727091, ""rs_vs_nifty"": -0.6309058533727091}, {""sector"": ""NIFTY_PHARMA"", ""ltp"": 26505.0, ""return_pct"": -0.6812356670713584, ""rs_vs_nifty"": -0.6812356670713584}, {""sector"": ""NIFTY_METAL"", ""ltp"": 12944.9, ""return_pct"": -0.6816917617723246, ""rs_vs_nifty"": -0.6816917617723246}]"
2026-08-14 13:43:18,NORMAL,24354.25,,0,24332.14464431795,,,True,True,"[[""NIFTY_MEDIA"", 1.0349534905869997, 1.0349534905869997]]","[[""NIFTY_PHARMA"", -0.6825471768814463, -0.6825471768814463], [""NIFTY_METAL"", -0.6797736645247943, -0.6797736645247943], [""NIFTY_PSU_BANK"", -0.6274924763481582, -0.6274924763481582]]","[{""sector"": ""NIFTY_MEDIA"", ""ltp"": 1591.25, ""return_pct"": 1.0349534905869997, ""rs_vs_nifty"": 1.0349534905869997}, {""sector"": ""NIFTY_INFRA"", ""ltp"": 9418.9, ""return_pct"": 0.2741359394878183, ""rs_vs_nifty"": 0.2741359394878183}, {""sector"": ""NIFTY_REALTY"", ""ltp"": 896.3, ""return_pct"": -0.23374888691006487, ""rs_vs_nifty"": -0.23374888691006487}, {""sector"": ""NIFTY_HEALTHCARE"", ""ltp"": 16533.3, ""return_pct"": -0.2927900083525015, ""rs_vs_nifty"": -0.2927900083525015}, {""sector"": ""NIFTY_IT"", ""ltp"": 31347.75, ""return_pct"": -0.3374780233929702, ""rs_vs_nifty"": -0.3374780233929702}, {""sector"": ""NIFTY_BANK"", ""ltp"": 57437.9, ""return_pct"": -0.3424119787803446, ""rs_vs_nifty"": -0.3424119787803446}, {""sector"": ""NIFTY_ENERGY"", ""ltp"": 38534.85, ""return_pct"": -0.40165157888615727, ""rs_vs_nifty"": -0.40165157888615727}, {""sector"": ""NIFTY_FIN_SERVICE"", ""ltp"": 26206.6, ""return_pct"": -0.46091701024957193, ""rs_vs_nifty"": -0.46091701024957193}, {""sector"": ""NIFTY_AUTO"", ""ltp"": 29231.5, ""return_pct"": -0.5465745105410847, ""rs_vs_nifty"": -0.5465745105410847}, {""sector"": ""NIFTY_FMCG"", ""ltp"": 48560.35, ""return_pct"": -0.5670870420764546, ""rs_vs_nifty"": -0.5670870420764546}, {""sector"": ""NIFTY_PSU_BANK"", ""ltp"": 8733.8, ""return_pct"": -0.6274924763481582, ""rs_vs_nifty"": -0.6274924763481582}, {""sector"": ""NIFTY_METAL"", ""ltp"": 12945.15, ""return_pct"": -0.6797736645247943, ""rs_vs_nifty"": -0.6797736645247943}, {""sector"": ""NIFTY_PHARMA"", ""ltp"": 26504.65, ""return_pct"": -0.6825471768814463, ""rs_vs_nifty"": -0.6825471768814463}]"
2026-08-14 13:43:36,NORMAL,24355.8,,0,24332.173367559717,,,True,True,"[[""NIFTY_MEDIA"", 1.0667005301755583, 1.0667005301755583]]","[[""NIFTY_PHARMA"", -0.6877932161218253, -0.6877932161218253], [""NIFTY_METAL"", -0.6705667977366425, -0.6705667977366425], [""NIFTY_PSU_BANK"", -0.6286302686896614, -0.6286302686896614]]","[{""sector"": ""NIFTY_MEDIA"", ""ltp"": 1591.75, ""return_pct"": 1.0667005301755583, ""rs_vs_nifty"": 1.0667005301755583}, {""sector"": ""NIFTY_INFRA"", ""ltp"": 9418.95, ""return_pct"": 0.2746682422829519, ""rs_vs_nifty"": 0.2746682422829519}, {""sector"": ""NIFTY_REALTY"", ""ltp"": 896.25, ""return_pct"": -0.23931433659839463, ""rs_vs_nifty"": -0.23931433659839463}, {""sector"": ""NIFTY_HEALTHCARE"", ""ltp"": 16530.95, ""return_pct"": -0.30696213028098684, ""rs_vs_nifty"": -0.30696213028098684}, {""sector"": ""NIFTY_BANK"", ""ltp"": 57444.8, ""return_pct"": -0.33044013863043376, ""rs_vs_nifty"": -0.33044013863043376}, {""sector"": ""NIFTY_IT"", ""ltp"": 31348.6, ""return_pct"": -0.3347756558010387, ""rs_vs_nifty"": -0.3347756558010387}, {""sector"": ""NIFTY_ENERGY"", ""ltp"": 38533.8, ""return_pct"": -0.40436544090564697, ""rs_vs_nifty"": -0.40436544090564697}, {""sector"": ""NIFTY_FIN_SERVICE"", ""ltp"": 26207.6, ""return_pct"": -0.4571187654185084, ""rs_vs_nifty"": -0.4571187654185084}, {""sector"": ""NIFTY_AUTO"", ""ltp"": 29233.35, ""return_pct"": -0.54028031294071, ""rs_vs_nifty"": -0.54028031294071}, {""sector"": ""NIFTY_FMCG"", ""ltp"": 48564.0, ""return_pct"": -0.5596132464325483, ""rs_vs_nifty"": -0.5596132464325483}, {""sector"": ""NIFTY_PSU_BANK"", ""ltp"": 8733.7, ""return_pct"": -0.6286302686896614, ""rs_vs_nifty"": -0.6286302686896614}, {""sector"": ""NIFTY_METAL"", ""ltp"": 12946.35, ""return_pct"": -0.6705667977366425, ""rs_vs_nifty"": -0.6705667977366425}, {""sector"": ""NIFTY_PHARMA"", ""ltp"": 26503.25, ""return_pct"": -0.6877932161218253, ""rs_vs_nifty"": -0.6877932161218253}]"
2026-08-14 13:43:53,NORMAL,24355.35,,0,24332.206367876224,,,True,True,"[[""NIFTY_MEDIA"", 1.1016222737229695, 1.1016222737229695]]","[[""NIFTY_PHARMA"", -0.688167933210418, -0.688167933210418], [""NIFTY_METAL"", -0.6816917617723246, -0.6816917617723246], [""NIFTY_PSU_BANK"", -0.6280613725189098, -0.6280613725189098]]","[{""sector"": ""NIFTY_MEDIA"", ""ltp"": 1592.3, ""return_pct"": 1.1016222737229695, ""rs_vs_nifty"": 1.1016222737229695}, {""sector"": ""NIFTY_INFRA"", ""ltp"": 9418.6, ""return_pct"": 0.2709421227170941, ""rs_vs_nifty"": 0.2709421227170941}, {""sector"": ""NIFTY_REALTY"", ""ltp"": 896.3, ""return_pct"": -0.23374888691006487, ""rs_vs_nifty"": -0.23374888691006487}, {""sector"": ""NIFTY_HEALTHCARE"", ""ltp"": 16531.1, ""return_pct"": -0.3060575267536494, ""rs_vs_nifty"": -0.3060575267536494}, {""sector"": ""NIFTY_BANK"", ""ltp"": 57448.8, ""return_pct"": -0.32349994144208116, ""rs_vs_nifty"": -0.32349994144208116}, {""sector"": ""NIFTY_IT"", ""ltp"": 31342.85, ""return_pct"": -0.353056377746489, ""rs_vs_nifty"": -0.353056377746489}, {""sector"": ""NIFTY_ENERGY"", ""ltp"": 38534.75, ""return_pct"": -0.40191004193562974, ""rs_vs_nifty"": -0.40191004193562974}, {""sector"": ""NIFTY_FIN_SERVICE"", ""ltp"": 26208.0, ""return_pct"": -0.4555994674860775, ""rs_vs_nifty"": -0.4555994674860775}, {""sector"": ""NIFTY_AUTO"", ""ltp"": 29232.35, ""return_pct"": -0.5436825819138883, ""rs_vs_nifty"": -0.5436825819138883}, {""sector"": ""NIFTY_FMCG"", ""ltp"": 48567.05, ""return_pct"": -0.553368019935582, ""rs_vs_nifty"": -0.553368019935582}, {""sector"": ""NIFTY_PSU_BANK"", ""ltp"": 8733.75, ""return_pct"": -0.6280613725189098, ""rs_vs_nifty"": -0.6280613725189098}, {""sector"": ""NIFTY_METAL"", ""ltp"": 12944.9, ""return_pct"": -0.6816917617723246, ""rs_vs_nifty"": -0.6816917617723246}, {""sector"": ""NIFTY_PHARMA"", ""ltp"": 26503.15, ""return_pct"": -0.688167933210418, ""rs_vs_nifty"": -0.688167933210418}]"
2026-08-14 13:44:11,NORMAL,24355.45,,0,24332.216990564513,,,True,True,"[[""NIFTY_MEDIA"", 1.0825740499698373, 1.0825740499698373]]","[[""NIFTY_PHARMA"", -0.6954749164380838, -0.6954749164380838], [""NIFTY_METAL"", -0.6901313896614614, -0.6901313896614614], [""NIFTY_PSU_BANK"", -0.633181438055757, -0.633181438055757]]","[{""sector"": ""NIFTY_MEDIA"", ""ltp"": 1592.0, ""return_pct"": 1.0825740499698373, ""rs_vs_nifty"": 1.0825740499698373}, {""sector"": ""NIFTY_INFRA"", ""ltp"": 9419.25, ""return_pct"": 0.27786205905367595, ""rs_vs_nifty"": 0.27786205905367595}, {""sector"": ""NIFTY_REALTY"", ""ltp"": 896.3, ""return_pct"": -0.23374888691006487, ""rs_vs_nifty"": -0.23374888691006487}, {""sector"": ""NIFTY_HEALTHCARE"", ""ltp"": 16531.65, ""return_pct"": -0.3027406471533459, ""rs_vs_nifty"": -0.3027406471533459}, {""sector"": ""NIFTY_BANK"", ""ltp"": 57446.45, ""return_pct"": -0.3275773072902484, ""rs_vs_nifty"": -0.3275773072902484}, {""sector"": ""NIFTY_IT"", ""ltp"": 31342.85, ""return_pct"": -0.353056377746489, ""rs_vs_nifty"": -0.353056377746489}, {""sector"": ""NIFTY_ENERGY"", ""ltp"": 38533.25, ""return_pct"": -0.4057869876777741, ""rs_vs_nifty"": -0.4057869876777741}, {""sector"": ""NIFTY_FIN_SERVICE"", ""ltp"": 26208.9, ""return_pct"": -0.4521810471381147, ""rs_vs_nifty"": -0.4521810471381147}, {""sector"": ""NIFTY_AUTO"", ""ltp"": 29232.8, ""return_pct"": -0.5421515608759556, ""rs_vs_nifty"": -0.5421515608759556}, {""sector"": ""NIFTY_FMCG"", ""ltp"": 48555.0, ""return_pct"": -0.5780417836366935, ""rs_vs_nifty"": -0.5780417836366935}, {""sector"": ""NIFTY_PSU_BANK"", ""ltp"": 8733.3, ""return_pct"": -0.633181438055757, ""rs_vs_nifty"": -0.633181438055757}, {""sector"": ""NIFTY_METAL"", ""ltp"": 12943.8, ""return_pct"": -0.6901313896614614, ""rs_vs_nifty"": -0.6901313896614614}, {""sector"": ""NIFTY_PHARMA"", ""ltp"": 26501.2, ""return_pct"": -0.6954749164380838, ""rs_vs_nifty"": -0.6954749164380838}]"
2026-08-14 13:44:27,NORMAL,24358.2,,0,24332.241166968026,,,True,True,"[[""NIFTY_MEDIA"", 1.0857487539286903, 1.0857487539286903]]","[[""NIFTY_METAL"", -0.6943512036060229, -0.6943512036060229], [""NIFTY_PHARMA"", -0.6763643449195857, -0.6763643449195857], [""NIFTY_PSU_BANK"", -0.6246479954943589, -0.6246479954943589]]","[{""sector"": ""NIFTY_MEDIA"", ""ltp"": 1592.05, ""return_pct"": 1.0857487539286903, ""rs_vs_nifty"": 1.0857487539286903}, {""sector"": ""NIFTY_INFRA"", ""ltp"": 9419.35, ""return_pct"": 0.2789266646439238, ""rs_vs_nifty"": 0.2789266646439238}, {""sector"": ""NIFTY_REALTY"", ""ltp"": 896.2, ""return_pct"": -0.24487978628672438, ""rs_vs_nifty"": -0.24487978628672438}, {""sector"": ""NIFTY_HEALTHCARE"", ""ltp"": 16532.4, ""return_pct"": -0.29821762951659253, ""rs_vs_nifty"": -0.29821762951659253}, {""sector"": ""NIFTY_BANK"", ""ltp"": 57448.05, ""return_pct"": -0.3248012284148973, ""rs_vs_nifty"": -0.3248012284148973}, {""sector"": ""NIFTY_IT"", ""ltp"": 31348.6, ""return_pct"": -0.3347756558010387, ""rs_vs_nifty"": -0.3347756558010387}, {""sector"": ""NIFTY_ENERGY"", ""ltp"": 38533.7, ""return_pct"": -0.4046239039551383, ""rs_vs_nifty"": -0.4046239039551383}, {""sector"": ""NIFTY_FIN_SERVICE"", ""ltp"": 26208.85, ""return_pct"": -0.4523709593796789, ""rs_vs_nifty"": -0.4523709593796789}, {""sector"": ""NIFTY_AUTO"", ""ltp"": 29234.55, ""return_pct"": -0.5361975901728937, ""rs_vs_nifty"": -0.5361975901728937}, {""sector"": ""NIFTY_FMCG"", ""ltp"": 48567.2, ""return_pct"": -0.5530608776488583, ""rs_vs_nifty"": -0.5530608776488583}, {""sector"": ""NIFTY_PSU_BANK"", ""ltp"": 8734.05, ""return_pct"": -0.6246479954943589, ""rs_vs_nifty"": -0.6246479954943589}, {""sector"": ""NIFTY_PHARMA"", ""ltp"": 26506.3, ""return_pct"": -0.6763643449195857, ""rs_vs_nifty"": -0.6763643449195857}, {""sector"": ""NIFTY_METAL"", ""ltp"": 12943.25, ""return_pct"": -0.6943512036060229, ""rs_vs_nifty"": -0.6943512036060229}]"
2026-08-14 13:44:43,NORMAL,24357.1,,0,24332.2541527318,,,True,True,"[[""NIFTY_MEDIA"", 1.0857487539286903, 1.0857487539286903]]","[[""NIFTY_METAL"", -0.6908986285604624, -0.6908986285604624], [""NIFTY_PHARMA"", -0.6761769863752893, -0.6761769863752893], [""NIFTY_PSU_BANK"", -0.6371637112510595, -0.6371637112510595]]","[{""sector"": ""NIFTY_MEDIA"", ""ltp"": 1592.05, ""return_pct"": 1.0857487539286903, ""rs_vs_nifty"": 1.0857487539286903}, {""sector"": ""NIFTY_INFRA"", ""ltp"": 9419.45, ""return_pct"": 0.27999127023417164, ""rs_vs_nifty"": 0.27999127023417164}, {""sector"": ""NIFTY_REALTY"", ""ltp"": 896.3, ""return_pct"": -0.23374888691006487, ""rs_vs_nifty"": -0.23374888691006487}, {""sector"": ""NIFTY_HEALTHCARE"", ""ltp"": 16531.55, ""return_pct"": -0.3033437161715929, ""rs_vs_nifty"": -0.3033437161715929}, {""sector"": ""NIFTY_BANK"", ""ltp"": 57450.35, ""return_pct"": -0.3208106150316021, ""rs_vs_nifty"": -0.3208106150316021}, {""sector"": ""NIFTY_IT"", ""ltp"": 31349.2, ""return_pct"": -0.33286810220672386, ""rs_vs_nifty"": -0.33286810220672386}, {""sector"": ""NIFTY_ENERGY"", ""ltp"": 38532.7, ""return_pct"": -0.40720853444990124, ""rs_vs_nifty"": -0.40720853444990124}, {""sector"": ""NIFTY_FIN_SERVICE"", ""ltp"": 26209.6, ""return_pct"": -0.4495222757563813, ""rs_vs_nifty"": -0.4495222757563813}, {""sector"": ""NIFTY_AUTO"", ""ltp"": 29238.65, ""return_pct"": -0.5222482873828556, ""rs_vs_nifty"": -0.5222482873828556}, {""sector"": ""NIFTY_FMCG"", ""ltp"": 48560.9, ""return_pct"": -0.5659608536917509, ""rs_vs_nifty"": -0.5659608536917509}, {""sector"": ""NIFTY_PSU_BANK"", ""ltp"": 8732.95, ""return_pct"": -0.6371637112510595, ""rs_vs_nifty"": -0.6371637112510595}, {""sector"": ""NIFTY_PHARMA"", ""ltp"": 26506.35, ""return_pct"": -0.6761769863752893, ""rs_vs_nifty"": -0.6761769863752893}, {""sector"": ""NIFTY_METAL"", ""ltp"": 12943.7, ""return_pct"": -0.6908986285604624, ""rs_vs_nifty"": -0.6908986285604624}]"
2026-08-14 13:45:01,NORMAL,24357.6,,0,24332.277783953767,,,True,True,"[[""NIFTY_MEDIA"", 1.130194609352675, 1.130194609352675]]","[[""NIFTY_METAL"", -0.6928167258079929, -0.6928167258079929], [""NIFTY_PHARMA"", -0.6739286838436925, -0.6739286838436925], [""NIFTY_PSU_BANK"", -0.6280613725189098, -0.6280613725189098]]","[{""sector"": ""NIFTY_MEDIA"", ""ltp"": 1592.75, ""return_pct"": 1.130194609352675, ""rs_vs_nifty"": 1.130194609352675}, {""sector"": ""NIFTY_INFRA"", ""ltp"": 9418.8, ""return_pct"": 0.27307133389757043, ""rs_vs_nifty"": 0.27307133389757043}, {""sector"": ""NIFTY_REALTY"", ""ltp"": 896.3, ""return_pct"": -0.23374888691006487, ""rs_vs_nifty"": -0.23374888691006487}, {""sector"": ""NIFTY_HEALTHCARE"", ""ltp"": 16533.7, ""return_pct"": -0.2903777322795576, ""rs_vs_nifty"": -0.2903777322795576}, {""sector"": ""NIFTY_BANK"", ""ltp"": 57447.8, ""return_pct"": -0.32523499073916934, ""rs_vs_nifty"": -0.32523499073916934}, {""sector"": ""NIFTY_IT"", ""ltp"": 31349.3, ""return_pct"": -0.3325501766076772, ""rs_vs_nifty"": -0.3325501766076772}, {""sector"": ""NIFTY_ENERGY"", ""ltp"": 38529.8, ""return_pct"": -0.4147039628846986, ""rs_vs_nifty"": -0.4147039628846986}, {""sector"": ""NIFTY_FIN_SERVICE"", ""ltp"": 26208.75, ""return_pct"": -0.4527507838627797, ""rs_vs_nifty"": -0.4527507838627797}, {""sector"": ""NIFTY_AUTO"", ""ltp"": 29235.3, ""return_pct"": -0.53364588844301, ""rs_vs_nifty"": -0.53364588844301}, {""sector"": ""NIFTY_FMCG"", ""ltp"": 48562.75, ""return_pct"": -0.5621727654886796, ""rs_vs_nifty"": -0.5621727654886796}, {""sector"": ""NIFTY_PSU_BANK"", ""ltp"": 8733.75, ""return_pct"": -0.6280613725189098, ""rs_vs_nifty"": -0.6280613725189098}, {""sector"": ""NIFTY_PHARMA"", ""ltp"": 26506.95, ""return_pct"": -0.6739286838436925, ""rs_vs_nifty"": -0.6739286838436925}, {""sector"": ""NIFTY_METAL"", ""ltp"": 12943.45, ""return_pct"": -0.6928167258079929, ""rs_vs_nifty"": -0.6928167258079929}]"
2026-08-14 13:45:17,NORMAL,24360.05,,0,24332.31827667671,,,True,True,"[[""NIFTY_MEDIA"", 1.1587669449823803, 1.1587669449823803]]","[[""NIFTY_METAL"", -0.6928167258079929, -0.6928167258079929], [""NIFTY_PHARMA"", -0.6763643449195857, -0.6763643449195857], [""NIFTY_PSU_BANK"", -0.6212346184697871, -0.6212346184697871]]","[{""sector"": ""NIFTY_MEDIA"", ""ltp"": 1593.2, ""return_pct"": 1.1587669449823803, ""rs_vs_nifty"": 1.1587669449823803}, {""sector"": ""NIFTY_INFRA"", ""ltp"": 9421.3, ""return_pct"": 0.2996864736536693, ""rs_vs_nifty"": 0.2996864736536693}, {""sector"": ""NIFTY_REALTY"", ""ltp"": 896.3, ""return_pct"": -0.23374888691006487, ""rs_vs_nifty"": -0.23374888691006487}, {""sector"": ""NIFTY_HEALTHCARE"", ""ltp"": 16534.65, ""return_pct"": -0.2846485766063322, ""rs_vs_nifty"": -0.2846485766063322}, {""sector"": ""NIFTY_BANK"", ""ltp"": 57450.05, ""return_pct"": -0.321331129820721, ""rs_vs_nifty"": -0.321331129820721}, {""sector"": ""NIFTY_IT"", ""ltp"": 31348.1, ""return_pct"": -0.33636528379629527, ""rs_vs_nifty"": -0.33636528379629527}, {""sector"": ""NIFTY_ENERGY"", ""ltp"": 38533.1, ""return_pct"": -0.4061746822519923, ""rs_vs_nifty"": -0.4061746822519923}, {""sector"": ""NIFTY_FIN_SERVICE"", ""ltp"": 26219.8, ""return_pct"": -0.41078017847953013, ""rs_vs_nifty"": -0.41078017847953013}, {""sector"": ""NIFTY_AUTO"", ""ltp"": 29237.6, ""return_pct"": -0.5258206698047027, ""rs_vs_nifty"": -0.5258206698047027}, {""sector"": ""NIFTY_FMCG"", ""ltp"": 48560.15, ""return_pct"": -0.5674965651254296, ""rs_vs_nifty"": -0.5674965651254296}, {""sector"": ""NIFTY_PSU_BANK"", ""ltp"": 8734.35, ""return_pct"": -0.6212346184697871, ""rs_vs_nifty"": -0.6212346184697871}, {""sector"": ""NIFTY_PHARMA"", ""ltp"": 26506.3, ""return_pct"": -0.6763643449195857, ""rs_vs_nifty"": -0.6763643449195857}, {""sector"": ""NIFTY_METAL"", ""ltp"": 12943.45, ""return_pct"": -0.6928167258079929, ""rs_vs_nifty"": -0.6928167258079929}]"
2026-08-14 13:45:36,NORMAL,24372.5,,0,24332.4564225864,,,True,True,"[[""NIFTY_MEDIA"", 1.1428934251881013, 1.1428934251881013]]","[[""NIFTY_METAL"", -0.6360410472810943, -0.6360410472810943], [""NIFTY_PHARMA"", -0.6291499917562159, -0.6291499917562159], [""NIFTY_FMCG"", -0.5425156591375944, -0.5425156591375944]]","[{""sector"": ""NIFTY_MEDIA"", ""ltp"": 1592.95, ""return_pct"": 1.1428934251881013, ""rs_vs_nifty"": 1.1428934251881013}, {""sector"": ""NIFTY_INFRA"", ""ltp"": 9423.85, ""return_pct"": 0.3268339162049017, ""rs_vs_nifty"": 0.3268339162049017}, {""sector"": ""NIFTY_REALTY"", ""ltp"": 896.35, ""return_pct"": -0.22818343722172243, ""rs_vs_nifty"": -0.22818343722172243}, {""sector"": ""NIFTY_BANK"", ""ltp"": 57491.9, ""return_pct"": -0.24871931673758427, ""rs_vs_nifty"": -0.24871931673758427}, {""sector"": ""NIFTY_HEALTHCARE"", ""ltp"": 16539.65, ""return_pct"": -0.2544951256946426, ""rs_vs_nifty"": -0.2544951256946426}, {""sector"": ""NIFTY_IT"", ""ltp"": 31364.6, ""return_pct"": -0.28390755995282907, ""rs_vs_nifty"": -0.28390755995282907}, {""sector"": ""NIFTY_FIN_SERVICE"", ""ltp"": 26233.05, ""return_pct"": -0.36045343446793787, ""rs_vs_nifty"": -0.36045343446793787}, {""sector"": ""NIFTY_ENERGY"", ""ltp"": 38545.05, ""return_pct"": -0.37528834783956444, ""rs_vs_nifty"": -0.37528834783956444}, {""sector"": ""NIFTY_AUTO"", ""ltp"": 29253.2, ""return_pct"": -0.4727452738231151, ""rs_vs_nifty"": -0.4727452738231151}, {""sector"": ""NIFTY_PSU_BANK"", ""ltp"": 8741.9, ""return_pct"": -0.5353312966850544, ""rs_vs_nifty"": -0.5353312966850544}, {""sector"": ""NIFTY_FMCG"", ""ltp"": 48572.35, ""return_pct"": -0.5425156591375944, ""rs_vs_nifty"": -0.5425156591375944}, {""sector"": ""NIFTY_PHARMA"", ""ltp"": 26518.9, ""return_pct"": -0.6291499917562159, ""rs_vs_nifty"": -0.6291499917562159}, {""sector"": ""NIFTY_METAL"", ""ltp"": 12950.85, ""return_pct"": -0.6360410472810943, ""rs_vs_nifty"": -0.6360410472810943}]"
2026-08-14 13:45:54,NORMAL,24377.25,,0,24332.584106989114,,,True,True,"[[""NIFTY_MEDIA"", 1.1619416489412333, 1.1619416489412333]]","[[""NIFTY_METAL"", -0.6095713052651826, -0.6095713052651826], [""NIFTY_PHARMA"", -0.5884931876433266, -0.5884931876433266], [""NIFTY_PSU_BANK"", -0.545571427758728, -0.545571427758728]]","[{""sector"": ""NIFTY_MEDIA"", ""ltp"": 1593.25, ""return_pct"": 1.1619416489412333, ""rs_vs_nifty"": 1.1619416489412333}, {""sector"": ""NIFTY_INFRA"", ""ltp"": 9427.15, ""return_pct"": 0.3619659006829445, ""rs_vs_nifty"": 0.3619659006829445}, {""sector"": ""NIFTY_REALTY"", ""ltp"": 896.7, ""return_pct"": -0.1892252894033762, ""rs_vs_nifty"": -0.1892252894033762}, {""sector"": ""NIFTY_HEALTHCARE"", ""ltp"": 16545.35, ""return_pct"": -0.220120191655334, ""rs_vs_nifty"": -0.220120191655334}, {""sector"": ""NIFTY_BANK"", ""ltp"": 57501.75, ""return_pct"": -0.23162908116126849, ""rs_vs_nifty"": -0.23162908116126849}, {""sector"": ""NIFTY_IT"", ""ltp"": 31367.7, ""return_pct"": -0.2740518663822315, ""rs_vs_nifty"": -0.2740518663822315}, {""sector"": ""NIFTY_FIN_SERVICE"", ""ltp"": 26241.1, ""return_pct"": -0.32987756357787895, ""rs_vs_nifty"": -0.32987756357787895}, {""sector"": ""NIFTY_ENERGY"", ""ltp"": 38548.1, ""return_pct"": -0.36740522483054894, ""rs_vs_nifty"": -0.36740522483054894}, {""sector"": ""NIFTY_AUTO"", ""ltp"": 29263.85, ""return_pct"": -0.4365111092587745, ""rs_vs_nifty"": -0.4365111092587745}, {""sector"": ""NIFTY_FMCG"", ""ltp"": 48579.0, ""return_pct"": -0.528899017758973, ""rs_vs_nifty"": -0.528899017758973}, {""sector"": ""NIFTY_PSU_BANK"", ""ltp"": 8741.0, ""return_pct"": -0.545571427758728, ""rs_vs_nifty"": -0.545571427758728}, {""sector"": ""NIFTY_PHARMA"", ""ltp"": 26529.75, ""return_pct"": -0.5884931876433266, ""rs_vs_nifty"": -0.5884931876433266}, {""sector"": ""NIFTY_METAL"", ""ltp"": 12954.3, ""return_pct"": -0.6095713052651826, ""rs_vs_nifty"": -0.6095713052651826}]"
2026-08-14 13:46:11,NORMAL,24386.6,,0,24332.78290212123,,,True,True,"[[""NIFTY_MEDIA"", 1.1778151687355125, 1.1778151687355125]]","[[""NIFTY_PHARMA"", -0.588118470554734, -0.588118470554734], [""NIFTY_METAL"", -0.5700585019660441, -0.5700585019660441], [""NIFTY_FMCG"", -0.5056585847293039, -0.5056585847293039]]","[{""sector"": ""NIFTY_MEDIA"", ""ltp"": 1593.5, ""return_pct"": 1.1778151687355125, ""rs_vs_nifty"": 1.1778151687355125}, {""sector"": ""NIFTY_INFRA"", ""ltp"": 9426.85, ""return_pct"": 0.3587720839122204, ""rs_vs_nifty"": 0.3587720839122204}, {""sector"": ""NIFTY_REALTY"", ""ltp"": 896.8, ""return_pct"": -0.1780943900267167, ""rs_vs_nifty"": -0.1780943900267167}, {""sector"": ""NIFTY_BANK"", ""ltp"": 57529.4, ""return_pct"": -0.18365496809677853, ""rs_vs_nifty"": -0.18365496809677853}, {""sector"": ""NIFTY_HEALTHCARE"", ""ltp"": 16543.85, ""return_pct"": -0.22916622692884087, ""rs_vs_nifty"": -0.22916622692884087}, {""sector"": ""NIFTY_IT"", ""ltp"": 31381.45, ""return_pct"": -0.2303370965126764, ""rs_vs_nifty"": -0.2303370965126764}, {""sector"": ""NIFTY_FIN_SERVICE"", ""ltp"": 26248.0, ""return_pct"": -0.3036696742435348, ""rs_vs_nifty"": -0.3036696742435348}, {""sector"": ""NIFTY_ENERGY"", ""ltp"": 38555.65, ""return_pct"": -0.3478912645950816, ""rs_vs_nifty"": -0.3478912645950816}, {""sector"": ""NIFTY_AUTO"", ""ltp"": 29274.8, ""return_pct"": -0.39925626400247066, ""rs_vs_nifty"": -0.39925626400247066}, {""sector"": ""NIFTY_PSU_BANK"", ""ltp"": 8745.4, ""return_pct"": -0.49550856473186317, ""rs_vs_nifty"": -0.49550856473186317}, {""sector"": ""NIFTY_FMCG"", ""ltp"": 48590.35, ""return_pct"": -0.5056585847293039, ""rs_vs_nifty"": -0.5056585847293039}, {""sector"": ""NIFTY_METAL"", ""ltp"": 12959.45, ""return_pct"": -0.5700585019660441, ""rs_vs_nifty"": -0.5700585019660441}, {""sector"": ""NIFTY_PHARMA"", ""ltp"": 26529.85, ""return_pct"": -0.588118470554734, ""rs_vs_nifty"": -0.588118470554734}]"
2026-08-14 13:46:28,NORMAL,24385.7,,0,24332.820779328937,,,True,True,"[[""NIFTY_MEDIA"", 1.1714657608178067, 1.1714657608178067]]","[[""NIFTY_PHARMA"", -0.5997347003012699, -0.5997347003012699], [""NIFTY_METAL"", -0.5903903327898781, -0.5903903327898781], [""NIFTY_PSU_BANK"", -0.5029042149517374, -0.5029042149517374]]","[{""sector"": ""NIFTY_MEDIA"", ""ltp"": 1593.4, ""return_pct"": 1.1714657608178067, ""rs_vs_nifty"": 1.1714657608178067}, {""sector"": ""NIFTY_INFRA"", ""ltp"": 9426.3, ""return_pct"": 0.352916753165867, ""rs_vs_nifty"": 0.352916753165867}, {""sector"": ""NIFTY_REALTY"", ""ltp"": 896.9, ""return_pct"": -0.16696349065004454, ""rs_vs_nifty"": -0.16696349065004454}, {""sector"": ""NIFTY_BANK"", ""ltp"": 57528.65, ""return_pct"": -0.18495625506959465, ""rs_vs_nifty"": -0.18495625506959465}, {""sector"": ""NIFTY_IT"", ""ltp"": 31387.55, ""return_pct"": -0.21094363497055113, ""rs_vs_nifty"": -0.21094363497055113}, {""sector"": ""NIFTY_HEALTHCARE"", ""ltp"": 16540.15, ""return_pct"": -0.25147978060347365, ""rs_vs_nifty"": -0.25147978060347365}, {""sector"": ""NIFTY_FIN_SERVICE"", ""ltp"": 26246.35, ""return_pct"": -0.3099367782147952, ""rs_vs_nifty"": -0.3099367782147952}, {""sector"": ""NIFTY_ENERGY"", ""ltp"": 38553.0, ""return_pct"": -0.354740535406207, ""rs_vs_nifty"": -0.354740535406207}, {""sector"": ""NIFTY_AUTO"", ""ltp"": 29270.6, ""return_pct"": -0.41354579368982164, ""rs_vs_nifty"": -0.41354579368982164}, {""sector"": ""NIFTY_FMCG"", ""ltp"": 48596.0, ""return_pct"": -0.49408955859558756, ""rs_vs_nifty"": -0.49408955859558756}, {""sector"": ""NIFTY_PSU_BANK"", ""ltp"": 8744.75, ""return_pct"": -0.5029042149517374, ""rs_vs_nifty"": -0.5029042149517374}, {""sector"": ""NIFTY_METAL"", ""ltp"": 12956.8, ""return_pct"": -0.5903903327898781, ""rs_vs_nifty"": -0.5903903327898781}, {""sector"": ""NIFTY_PHARMA"", ""ltp"": 26526.75, ""return_pct"": -0.5997347003012699, ""rs_vs_nifty"": -0.5997347003012699}]"
2026-08-14 13:46:45,NORMAL,24388.85,,0,24332.877153864152,,,True,True,"[[""NIFTY_MEDIA"", 1.1778151687355125, 1.1778151687355125]]","[[""NIFTY_PHARMA"", -0.6231545183386515, -0.6231545183386515], [""NIFTY_METAL"", -0.5635369713244518, -0.5635369713244518]]","[{""sector"": ""NIFTY_MEDIA"", ""ltp"": 1593.5, ""return_pct"": 1.1778151687355125, ""rs_vs_nifty"": 1.1778151687355125}, {""sector"": ""NIFTY_INFRA"", ""ltp"": 9426.95, ""return_pct"": 0.3598366895024682, ""rs_vs_nifty"": 0.3598366895024682}, {""sector"": ""NIFTY_REALTY"", ""ltp"": 897.15, ""return_pct"": -0.13913624220837043, ""rs_vs_nifty"": -0.13913624220837043}, {""sector"": ""NIFTY_BANK"", ""ltp"": 57537.15, ""return_pct"": -0.17020833604434535, ""rs_vs_nifty"": -0.17020833604434535}, {""sector"": ""NIFTY_IT"", ""ltp"": 31387.35, ""return_pct"": -0.21157948616865604, ""rs_vs_nifty"": -0.21157948616865604}, {""sector"": ""NIFTY_HEALTHCARE"", ""ltp"": 16536.25, ""return_pct"": -0.2749994723146003, ""rs_vs_nifty"": -0.2749994723146003}, {""sector"": ""NIFTY_FIN_SERVICE"", ""ltp"": 26248.95, ""return_pct"": -0.3000613416540217, ""rs_vs_nifty"": -0.3000613416540217}, {""sector"": ""NIFTY_ENERGY"", ""ltp"": 38560.0, ""return_pct"": -0.33664812194286675, ""rs_vs_nifty"": -0.33664812194286675}, {""sector"": ""NIFTY_AUTO"", ""ltp"": 29271.75, ""return_pct"": -0.40963318437066176, ""rs_vs_nifty"": -0.40963318437066176}, {""sector"": ""NIFTY_PSU_BANK"", ""ltp"": 8746.9, ""return_pct"": -0.47844167960906697, ""rs_vs_nifty"": -0.47844167960906697}, {""sector"": ""NIFTY_FMCG"", ""ltp"": 48596.0, ""return_pct"": -0.49408955859558756, ""rs_vs_nifty"": -0.49408955859558756}, {""sector"": ""NIFTY_METAL"", ""ltp"": 12960.3, ""return_pct"": -0.5635369713244518, ""rs_vs_nifty"": -0.5635369713244518}, {""sector"": ""NIFTY_PHARMA"", ""ltp"": 26520.5, ""return_pct"": -0.6231545183386515, ""rs_vs_nifty"": -0.6231545183386515}]"
2026-08-14 13:47:03,NORMAL,24382.9,,0,24332.914527678644,,,True,True,"[[""NIFTY_MEDIA"", 1.1587669449823803, 1.1587669449823803]]","[[""NIFTY_PHARMA"", -0.6214682914399574, -0.6214682914399574], [""NIFTY_METAL"", -0.5842524215977721, -0.5842524215977721], [""NIFTY_FMCG"", -0.5245990257446754, -0.5245990257446754]]","[{""sector"": ""NIFTY_MEDIA"", ""ltp"": 1593.2, ""return_pct"": 1.1587669449823803, ""rs_vs_nifty"": 1.1587669449823803}, {""sector"": ""NIFTY_INFRA"", ""ltp"": 9424.5, ""return_pct"": 0.3337538525414836, ""rs_vs_nifty"": 0.3337538525414836}, {""sector"": ""NIFTY_REALTY"", ""ltp"": 896.9, ""return_pct"": -0.16696349065004454, ""rs_vs_nifty"": -0.16696349065004454}, {""sector"": ""NIFTY_BANK"", ""ltp"": 57518.55, ""return_pct"": -0.20248025297018246, ""rs_vs_nifty"": -0.20248025297018246}, {""sector"": ""NIFTY_IT"", ""ltp"": 31382.1, ""return_pct"": -0.22827058011884982, ""rs_vs_nifty"": -0.22827058011884982}, {""sector"": ""NIFTY_HEALTHCARE"", ""ltp"": 16538.5, ""return_pct"": -0.26143041940434, ""rs_vs_nifty"": -0.26143041940434}, {""sector"": ""NIFTY_FIN_SERVICE"", ""ltp"": 26239.2, ""return_pct"": -0.33709422875689143, ""rs_vs_nifty"": -0.33709422875689143}, {""sector"": ""NIFTY_ENERGY"", ""ltp"": 38547.95, ""return_pct"": -0.3677929194047671, ""rs_vs_nifty"": -0.3677929194047671}, {""sector"": ""NIFTY_AUTO"", ""ltp"": 29254.1, ""return_pct"": -0.46968323174726206, ""rs_vs_nifty"": -0.46968323174726206}, {""sector"": ""NIFTY_PSU_BANK"", ""ltp"": 8744.8, ""return_pct"": -0.5023353187809858, ""rs_vs_nifty"": -0.5023353187809858}, {""sector"": ""NIFTY_FMCG"", ""ltp"": 48581.1, ""return_pct"": -0.5245990257446754, ""rs_vs_nifty"": -0.5245990257446754}, {""sector"": ""NIFTY_METAL"", ""ltp"": 12957.6, ""return_pct"": -0.5842524215977721, ""rs_vs_nifty"": -0.5842524215977721}, {""sector"": ""NIFTY_PHARMA"", ""ltp"": 26520.95, ""return_pct"": -0.6214682914399574, ""rs_vs_nifty"": -0.6214682914399574}]"
2026-08-14 13:47:21,NORMAL,24380.05,,0,24332.944858385083,,,True,True,"[[""NIFTY_MEDIA"", 1.1873392806120857, 1.1873392806120857]]","[[""NIFTY_PHARMA"", -0.6194073474526705, -0.6194073474526705], [""NIFTY_METAL"", -0.5972954828809849, -0.5972954828809849], [""NIFTY_PSU_BANK"", -0.5142821383669348, -0.5142821383669348]]","[{""sector"": ""NIFTY_MEDIA"", ""ltp"": 1593.65, ""return_pct"": 1.1873392806120857, ""rs_vs_nifty"": 1.1873392806120857}, {""sector"": ""NIFTY_INFRA"", ""ltp"": 9424.35, ""return_pct"": 0.3321569441561215, ""rs_vs_nifty"": 0.3321569441561215}, {""sector"": ""NIFTY_REALTY"", ""ltp"": 896.85, ""return_pct"": -0.1725289403383743, ""rs_vs_nifty"": -0.1725289403383743}, {""sector"": ""NIFTY_BANK"", ""ltp"": 57513.4, ""return_pct"": -0.21141575685018899, ""rs_vs_nifty"": -0.21141575685018899}, {""sector"": ""NIFTY_HEALTHCARE"", ""ltp"": 16539.15, ""return_pct"": -0.2575104707858115, ""rs_vs_nifty"": -0.2575104707858115}, {""sector"": ""NIFTY_IT"", ""ltp"": 31368.45, ""return_pct"": -0.2716674243893467, ""rs_vs_nifty"": -0.2716674243893467}, {""sector"": ""NIFTY_FIN_SERVICE"", ""ltp"": 26238.9, ""return_pct"": -0.33823370220620774, ""rs_vs_nifty"": -0.33823370220620774}, {""sector"": ""NIFTY_ENERGY"", ""ltp"": 38548.0, ""return_pct"": -0.36766368788002146, ""rs_vs_nifty"": -0.36766368788002146}, {""sector"": ""NIFTY_AUTO"", ""ltp"": 29248.3, ""return_pct"": -0.4894163917916933, ""rs_vs_nifty"": -0.4894163917916933}, {""sector"": ""NIFTY_FMCG"", ""ltp"": 48592.4, ""return_pct"": -0.5014609734772426, ""rs_vs_nifty"": -0.5014609734772426}, {""sector"": ""NIFTY_PSU_BANK"", ""ltp"": 8743.75, ""return_pct"": -0.5142821383669348, ""rs_vs_nifty"": -0.5142821383669348}, {""sector"": ""NIFTY_METAL"", ""ltp"": 12955.9, ""return_pct"": -0.5972954828809849, ""rs_vs_nifty"": -0.5972954828809849}, {""sector"": ""NIFTY_PHARMA"", ""ltp"": 26521.5, ""return_pct"": -0.6194073474526705, ""rs_vs_nifty"": -0.6194073474526705}]"
2026-08-14 13:47:39,NORMAL,24379.5,,0,24332.964678723074,,,True,True,"[[""NIFTY_MEDIA"", 1.1682910568589393, 1.1682910568589393]]","[[""NIFTY_PHARMA"", -0.6323350870093081, -0.6323350870093081], [""NIFTY_METAL"", -0.6076532080176521, -0.6076532080176521], [""NIFTY_PSU_BANK"", -0.5091620728300877, -0.5091620728300877]]","[{""sector"": ""NIFTY_MEDIA"", ""ltp"": 1593.35, ""return_pct"": 1.1682910568589393, ""rs_vs_nifty"": 1.1682910568589393}, {""sector"": ""NIFTY_INFRA"", ""ltp"": 9424.6, ""return_pct"": 0.3348184581317314, ""rs_vs_nifty"": 0.3348184581317314}, {""sector"": ""NIFTY_REALTY"", ""ltp"": 896.8, ""return_pct"": -0.1780943900267167, ""rs_vs_nifty"": -0.1780943900267167}, {""sector"": ""NIFTY_BANK"", ""ltp"": 57517.1, ""return_pct"": -0.20499607445096787, ""rs_vs_nifty"": -0.20499607445096787}, {""sector"": ""NIFTY_IT"", ""ltp"": 31371.7, ""return_pct"": -0.2613348424201791, ""rs_vs_nifty"": -0.2613348424201791}, {""sector"": ""NIFTY_HEALTHCARE"", ""ltp"": 16534.35, ""return_pct"": -0.2864577836610511, ""rs_vs_nifty"": -0.2864577836610511}, {""sector"": ""NIFTY_FIN_SERVICE"", ""ltp"": 26239.85, ""return_pct"": -0.3346253696167084, ""rs_vs_nifty"": -0.3346253696167084}, {""sector"": ""NIFTY_ENERGY"", ""ltp"": 38545.25, ""return_pct"": -0.37477142174061945, ""rs_vs_nifty"": -0.37477142174061945}, {""sector"": ""NIFTY_AUTO"", ""ltp"": 29247.75, ""return_pct"": -0.49128763972693884, ""rs_vs_nifty"": -0.49128763972693884}, {""sector"": ""NIFTY_FMCG"", ""ltp"": 48595.5, ""return_pct"": -0.4951133662180401, ""rs_vs_nifty"": -0.4951133662180401}, {""sector"": ""NIFTY_PSU_BANK"", ""ltp"": 8744.2, ""return_pct"": -0.5091620728300877, ""rs_vs_nifty"": -0.5091620728300877}, {""sector"": ""NIFTY_METAL"", ""ltp"": 12954.55, ""return_pct"": -0.6076532080176521, ""rs_vs_nifty"": -0.6076532080176521}, {""sector"": ""NIFTY_PHARMA"", ""ltp"": 26518.05, ""return_pct"": -0.6323350870093081, ""rs_vs_nifty"": -0.6323350870093081}]"
2026-08-14 13:47:56,NORMAL,24380.1,,0,24332.99105540501,,,True,True,"[[""NIFTY_MEDIA"", 1.1809898726943653, 1.1809898726943653]]","[[""NIFTY_PHARMA"", -0.6570664148567777, -0.6570664148567777], [""NIFTY_METAL"", -0.6076532080176521, -0.6076532080176521], [""NIFTY_PSU_BANK"", -0.5250911656113808, -0.5250911656113808]]","[{""sector"": ""NIFTY_MEDIA"", ""ltp"": 1593.55, ""return_pct"": 1.1809898726943653, ""rs_vs_nifty"": 1.1809898726943653}, {""sector"": ""NIFTY_INFRA"", ""ltp"": 9424.0, ""return_pct"": 0.32843082459026385, ""rs_vs_nifty"": 0.32843082459026385}, {""sector"": ""NIFTY_REALTY"", ""ltp"": 896.9, ""return_pct"": -0.16696349065004454, ""rs_vs_nifty"": -0.16696349065004454}, {""sector"": ""NIFTY_BANK"", ""ltp"": 57509.25, ""return_pct"": -0.21861621143310733, ""rs_vs_nifty"": -0.21861621143310733}, {""sector"": ""NIFTY_IT"", ""ltp"": 31373.5, ""return_pct"": -0.25561218163725785, ""rs_vs_nifty"": -0.25561218163725785}, {""sector"": ""NIFTY_HEALTHCARE"", ""ltp"": 16534.2, ""return_pct"": -0.28736238718838863, ""rs_vs_nifty"": -0.28736238718838863}, {""sector"": ""NIFTY_FIN_SERVICE"", ""ltp"": 26239.35, ""return_pct"": -0.3365244920322402, ""rs_vs_nifty"": -0.3365244920322402}, {""sector"": ""NIFTY_ENERGY"", ""ltp"": 38548.2, ""return_pct"": -0.36714676178107636, ""rs_vs_nifty"": -0.36714676178107636}, {""sector"": ""NIFTY_AUTO"", ""ltp"": 29249.4, ""return_pct"": -0.48567389592118987, ""rs_vs_nifty"": -0.48567389592118987}, {""sector"": ""NIFTY_FMCG"", ""ltp"": 48600.1, ""return_pct"": -0.48569433609147994, ""rs_vs_nifty"": -0.48569433609147994}, {""sector"": ""NIFTY_PSU_BANK"", ""ltp"": 8742.8, ""return_pct"": -0.5250911656113808, ""rs_vs_nifty"": -0.5250911656113808}, {""sector"": ""NIFTY_METAL"", ""ltp"": 12954.55, ""return_pct"": -0.6076532080176521, ""rs_vs_nifty"": -0.6076532080176521}, {""sector"": ""NIFTY_PHARMA"", ""ltp"": 26511.45, ""return_pct"": -0.6570664148567777, ""rs_vs_nifty"": -0.6570664148567777}]"
2026-08-14 13:48:14,NORMAL,24379.35,,0,24333.02024486577,,,True,True,"[[""NIFTY_MEDIA"", 1.1778151687355125, 1.1778151687355125]]","[[""NIFTY_PHARMA"", -0.627838481946128, -0.627838481946128], [""NIFTY_METAL"", -0.6168600748057899, -0.6168600748057899], [""NIFTY_PSU_BANK"", -0.5233844770990846, -0.5233844770990846]]","[{""sector"": ""NIFTY_MEDIA"", ""ltp"": 1593.5, ""return_pct"": 1.1778151687355125, ""rs_vs_nifty"": 1.1778151687355125}, {""sector"": ""NIFTY_INFRA"", ""ltp"": 9423.1, ""return_pct"": 0.3188493742780721, ""rs_vs_nifty"": 0.3188493742780721}, {""sector"": ""NIFTY_REALTY"", ""ltp"": 896.8, ""return_pct"": -0.1780943900267167, ""rs_vs_nifty"": -0.1780943900267167}, {""sector"": ""NIFTY_BANK"", ""ltp"": 57503.8, ""return_pct"": -0.22807223010223276, ""rs_vs_nifty"": -0.22807223010223276}, {""sector"": ""NIFTY_IT"", ""ltp"": 31375.6, ""return_pct"": -0.24893574405718497, ""rs_vs_nifty"": -0.24893574405718497}, {""sector"": ""NIFTY_HEALTHCARE"", ""ltp"": 16535.15, ""return_pct"": -0.28163323151516323, ""rs_vs_nifty"": -0.28163323151516323}, {""sector"": ""NIFTY_FIN_SERVICE"", ""ltp"": 26236.15, ""return_pct"": -0.34867887549163257, ""rs_vs_nifty"": -0.34867887549163257}, {""sector"": ""NIFTY_ENERGY"", ""ltp"": 38545.8, ""return_pct"": -0.3733498749684923, ""rs_vs_nifty"": -0.3733498749684923}, {""sector"": ""NIFTY_FMCG"", ""ltp"": 48600.1, ""return_pct"": -0.48569433609147994, ""rs_vs_nifty"": -0.48569433609147994}, {""sector"": ""NIFTY_AUTO"", ""ltp"": 29243.5, ""return_pct"": -0.5057472828629462, ""rs_vs_nifty"": -0.5057472828629462}, {""sector"": ""NIFTY_PSU_BANK"", ""ltp"": 8742.95, ""return_pct"": -0.5233844770990846, ""rs_vs_nifty"": -0.5233844770990846}, {""sector"": ""NIFTY_METAL"", ""ltp"": 12953.35, ""return_pct"": -0.6168600748057899, ""rs_vs_nifty"": -0.6168600748057899}, {""sector"": ""NIFTY_PHARMA"", ""ltp"": 26519.25, ""return_pct"": -0.627838481946128, ""rs_vs_nifty"": -0.627838481946128}]"
2026-08-14 13:48:32,NORMAL,24378.0,,0,24333.059312138324,,,True,True,"[[""NIFTY_MEDIA"", 1.1809898726943653, 1.1809898726943653]]","[[""NIFTY_PHARMA"", -0.6291499917562159, -0.6291499917562159], [""NIFTY_METAL"", -0.6118730219622135, -0.6118730219622135], [""NIFTY_PSU_BANK"", -0.5307801273189795, -0.5307801273189795]]","[{""sector"": ""NIFTY_MEDIA"", ""ltp"": 1593.55, ""return_pct"": 1.1809898726943653, ""rs_vs_nifty"": 1.1809898726943653}, {""sector"": ""NIFTY_INFRA"", ""ltp"": 9423.8, ""return_pct"": 0.32630161340976815, ""rs_vs_nifty"": 0.32630161340976815}, {""sector"": ""NIFTY_REALTY"", ""ltp"": 896.45, ""return_pct"": -0.2170525378450503, ""rs_vs_nifty"": -0.2170525378450503}, {""sector"": ""NIFTY_BANK"", ""ltp"": 57502.9, ""return_pct"": -0.22963377446961458, ""rs_vs_nifty"": -0.22963377446961458}, {""sector"": ""NIFTY_IT"", ""ltp"": 31377.05, ""return_pct"": -0.24432582287093868, ""rs_vs_nifty"": -0.24432582287093868}, {""sector"": ""NIFTY_HEALTHCARE"", ""ltp"": 16535.45, ""return_pct"": -0.2798240244604662, ""rs_vs_nifty"": -0.2798240244604662}, {""sector"": ""NIFTY_FIN_SERVICE"", ""ltp"": 26234.4, ""return_pct"": -0.3553258039459938, ""rs_vs_nifty"": -0.3553258039459938}, {""sector"": ""NIFTY_ENERGY"", ""ltp"": 38547.85, ""return_pct"": -0.36805138245423963, ""rs_vs_nifty"": -0.36805138245423963}, {""sector"": ""NIFTY_FMCG"", ""ltp"": 48603.6, ""return_pct"": -0.47852768273431245, ""rs_vs_nifty"": -0.47852768273431245}, {""sector"": ""NIFTY_AUTO"", ""ltp"": 29244.3, ""return_pct"": -0.5030254676844061, ""rs_vs_nifty"": -0.5030254676844061}, {""sector"": ""NIFTY_PSU_BANK"", ""ltp"": 8742.3, ""return_pct"": -0.5307801273189795, ""rs_vs_nifty"": -0.5307801273189795}, {""sector"": ""NIFTY_METAL"", ""ltp"": 12954.0, ""return_pct"": -0.6118730219622135, ""rs_vs_nifty"": -0.6118730219622135}, {""sector"": ""NIFTY_PHARMA"", ""ltp"": 26518.9, ""return_pct"": -0.6291499917562159, ""rs_vs_nifty"": -0.6291499917562159}]"
2026-08-14 13:48:48,NORMAL,24378.8,,0,24333.088089610435,,,True,True,"[[""NIFTY_MEDIA"", 1.1905139845709387, 1.1905139845709387]]","[[""NIFTY_PHARMA"", -0.6254028208702348, -0.6254028208702348], [""NIFTY_METAL"", -0.6015152968255463, -0.6015152968255463], [""NIFTY_PSU_BANK"", -0.5267978541236563, -0.5267978541236563]]","[{""sector"": ""NIFTY_MEDIA"", ""ltp"": 1593.7, ""return_pct"": 1.1905139845709387, ""rs_vs_nifty"": 1.1905139845709387}, {""sector"": ""NIFTY_INFRA"", ""ltp"": 9424.45, ""return_pct"": 0.33322154974636936, ""rs_vs_nifty"": 0.33322154974636936}, {""sector"": ""NIFTY_REALTY"", ""ltp"": 896.5, ""return_pct"": -0.21148708815672054, ""rs_vs_nifty"": -0.21148708815672054}, {""sector"": ""NIFTY_BANK"", ""ltp"": 57499.95, ""return_pct"": -0.23475216989603223, ""rs_vs_nifty"": -0.23475216989603223}, {""sector"": ""NIFTY_IT"", ""ltp"": 31379.6, ""return_pct"": -0.2362187200951326, ""rs_vs_nifty"": -0.2362187200951326}, {""sector"": ""NIFTY_HEALTHCARE"", ""ltp"": 16534.85, ""return_pct"": -0.28344243856988216, ""rs_vs_nifty"": -0.28344243856988216}, {""sector"": ""NIFTY_FIN_SERVICE"", ""ltp"": 26232.75, ""return_pct"": -0.3615929079172542, ""rs_vs_nifty"": -0.3615929079172542}, {""sector"": ""NIFTY_ENERGY"", ""ltp"": 38549.5, ""return_pct"": -0.3637867421378771, ""rs_vs_nifty"": -0.3637867421378771}, {""sector"": ""NIFTY_FMCG"", ""ltp"": 48598.75, ""return_pct"": -0.4884586166720988, ""rs_vs_nifty"": -0.4884586166720988}, {""sector"": ""NIFTY_AUTO"", ""ltp"": 29246.1, ""return_pct"": -0.49690138353268787, ""rs_vs_nifty"": -0.49690138353268787}, {""sector"": ""NIFTY_PSU_BANK"", ""ltp"": 8742.65, ""return_pct"": -0.5267978541236563, ""rs_vs_nifty"": -0.5267978541236563}, {""sector"": ""NIFTY_METAL"", ""ltp"": 12955.35, ""return_pct"": -0.6015152968255463, ""rs_vs_nifty"": -0.6015152968255463}, {""sector"": ""NIFTY_PHARMA"", ""ltp"": 26519.9, ""return_pct"": -0.6254028208702348, ""rs_vs_nifty"": -0.6254028208702348}]"
2026-08-14 13:49:05,NORMAL,24380.7,,0,24333.129741312456,,,True,True,"[[""NIFTY_MEDIA"", 1.1936886885297917, 1.1936886885297917]]","[[""NIFTY_PHARMA"", -0.6240913110601469, -0.6240913110601469], [""NIFTY_METAL"", -0.5961446245324694, -0.5961446245324694], [""NIFTY_PSU_BANK"", -0.5302112311482072, -0.5302112311482072]]","[{""sector"": ""NIFTY_MEDIA"", ""ltp"": 1593.75, ""return_pct"": 1.1936886885297917, ""rs_vs_nifty"": 1.1936886885297917}, {""sector"": ""NIFTY_INFRA"", ""ltp"": 9425.0, ""return_pct"": 0.33907688049270335, ""rs_vs_nifty"": 0.33907688049270335}, {""sector"": ""NIFTY_REALTY"", ""ltp"": 896.45, ""return_pct"": -0.2170525378450503, ""rs_vs_nifty"": -0.2170525378450503}, {""sector"": ""NIFTY_BANK"", ""ltp"": 57504.75, ""return_pct"": -0.226423933270004, ""rs_vs_nifty"": -0.226423933270004}, {""sector"": ""NIFTY_IT"", ""ltp"": 31376.8, ""return_pct"": -0.24512063686856692, ""rs_vs_nifty"": -0.24512063686856692}, {""sector"": ""NIFTY_HEALTHCARE"", ""ltp"": 16535.95, ""return_pct"": -0.27680867936929726, ""rs_vs_nifty"": -0.27680867936929726}, {""sector"": ""NIFTY_FIN_SERVICE"", ""ltp"": 26235.45, ""return_pct"": -0.3513376468733798, ""rs_vs_nifty"": -0.3513376468733798}, {""sector"": ""NIFTY_ENERGY"", ""ltp"": 38549.3, ""return_pct"": -0.36430366823682214, ""rs_vs_nifty"": -0.36430366823682214}, {""sector"": ""NIFTY_FMCG"", ""ltp"": 48606.05, ""return_pct"": -0.47351102538428613, ""rs_vs_nifty"": -0.47351102538428613}, {""sector"": ""NIFTY_AUTO"", ""ltp"": 29250.15, ""return_pct"": -0.48312219419130614, ""rs_vs_nifty"": -0.48312219419130614}, {""sector"": ""NIFTY_PSU_BANK"", ""ltp"": 8742.35, ""return_pct"": -0.5302112311482072, ""rs_vs_nifty"": -0.5302112311482072}, {""sector"": ""NIFTY_METAL"", ""ltp"": 12956.05, ""return_pct"": -0.5961446245324694, ""rs_vs_nifty"": -0.5961446245324694}, {""sector"": ""NIFTY_PHARMA"", ""ltp"": 26520.25, ""return_pct"": -0.6240913110601469, ""rs_vs_nifty"": -0.6240913110601469}]"
2026-08-14 13:49:22,NORMAL,24382.9,,0,24333.16970224897,,,True,True,"[[""NIFTY_MEDIA"", 1.1809898726943653, 1.1809898726943653]]","[[""NIFTY_PHARMA"", -0.6012335686556678, -0.6012335686556678], [""NIFTY_METAL"", -0.5842524215977721, -0.5842524215977721], [""NIFTY_PSU_BANK"", -0.5199711000745336, -0.5199711000745336]]","[{""sector"": ""NIFTY_MEDIA"", ""ltp"": 1593.55, ""return_pct"": 1.1809898726943653, ""rs_vs_nifty"": 1.1809898726943653}, {""sector"": ""NIFTY_INFRA"", ""ltp"": 9427.4, ""return_pct"": 0.36462741465855436, ""rs_vs_nifty"": 0.36462741465855436}, {""sector"": ""NIFTY_REALTY"", ""ltp"": 896.75, ""return_pct"": -0.18365983971504646, ""rs_vs_nifty"": -0.18365983971504646}, {""sector"": ""NIFTY_IT"", ""ltp"": 31385.15, ""return_pct"": -0.2185738493477756, ""rs_vs_nifty"": -0.2185738493477756}, {""sector"": ""NIFTY_BANK"", ""ltp"": 57503.75, ""return_pct"": -0.2281589825670922, ""rs_vs_nifty"": -0.2281589825670922}, {""sector"": ""NIFTY_HEALTHCARE"", ""ltp"": 16540.85, ""return_pct"": -0.24725829747585465, ""rs_vs_nifty"": -0.24725829747585465}, {""sector"": ""NIFTY_ENERGY"", ""ltp"": 38552.65, ""return_pct"": -0.35564515607937025, ""rs_vs_nifty"": -0.35564515607937025}, {""sector"": ""NIFTY_FIN_SERVICE"", ""ltp"": 26233.45, ""return_pct"": -0.35893413653550693, ""rs_vs_nifty"": -0.35893413653550693}, {""sector"": ""NIFTY_FMCG"", ""ltp"": 48610.35, ""return_pct"": -0.4647062798312035, ""rs_vs_nifty"": -0.4647062798312035}, {""sector"": ""NIFTY_AUTO"", ""ltp"": 29253.75, ""return_pct"": -0.4708740258878696, ""rs_vs_nifty"": -0.4708740258878696}, {""sector"": ""NIFTY_PSU_BANK"", ""ltp"": 8743.25, ""return_pct"": -0.5199711000745336, ""rs_vs_nifty"": -0.5199711000745336}, {""sector"": ""NIFTY_METAL"", ""ltp"": 12957.6, ""return_pct"": -0.5842524215977721, ""rs_vs_nifty"": -0.5842524215977721}, {""sector"": ""NIFTY_PHARMA"", ""ltp"": 26526.35, ""return_pct"": -0.6012335686556678, ""rs_vs_nifty"": -0.6012335686556678}]"
2026-08-14 13:49:38,NORMAL,24383.55,,0,24333.21182147281,,,True,True,"[[""NIFTY_MEDIA"", 1.1746404647766595, 1.1746404647766595]]","[[""NIFTY_PHARMA"", -0.6323350870093081, -0.6323350870093081], [""NIFTY_METAL"", -0.5869377577443176, -0.5869377577443176], [""NIFTY_PSU_BANK"", -0.5290734388066833, -0.5290734388066833]]","[{""sector"": ""NIFTY_MEDIA"", ""ltp"": 1593.45, ""return_pct"": 1.1746404647766595, ""rs_vs_nifty"": 1.1746404647766595}, {""sector"": ""NIFTY_INFRA"", ""ltp"": 9427.05, ""return_pct"": 0.3609012950926967, ""rs_vs_nifty"": 0.3609012950926967}, {""sector"": ""NIFTY_REALTY"", ""ltp"": 896.75, ""return_pct"": -0.18365983971504646, ""rs_vs_nifty"": -0.18365983971504646}, {""sector"": ""NIFTY_BANK"", ""ltp"": 57503.85, ""return_pct"": -0.22798547763738589, ""rs_vs_nifty"": -0.22798547763738589}, {""sector"": ""NIFTY_IT"", ""ltp"": 31375.7, ""return_pct"": -0.24861781845812672, ""rs_vs_nifty"": -0.24861781845812672}, {""sector"": ""NIFTY_HEALTHCARE"", ""ltp"": 16536.6, ""return_pct"": -0.27288873075079084, ""rs_vs_nifty"": -0.27288873075079084}, {""sector"": ""NIFTY_FIN_SERVICE"", ""ltp"": 26236.4, ""return_pct"": -0.34772931428386666, ""rs_vs_nifty"": -0.34772931428386666}, {""sector"": ""NIFTY_ENERGY"", ""ltp"": 38551.4, ""return_pct"": -0.35887594419782387, ""rs_vs_nifty"": -0.35887594419782387}, {""sector"": ""NIFTY_FMCG"", ""ltp"": 48611.65, ""return_pct"": -0.46204438001282105, ""rs_vs_nifty"": -0.46204438001282105}, {""sector"": ""NIFTY_AUTO"", ""ltp"": 29254.25, ""return_pct"": -0.4691728914012805, ""rs_vs_nifty"": -0.4691728914012805}, {""sector"": ""NIFTY_PSU_BANK"", ""ltp"": 8742.45, ""return_pct"": -0.5290734388066833, ""rs_vs_nifty"": -0.5290734388066833}, {""sector"": ""NIFTY_METAL"", ""ltp"": 12957.25, ""return_pct"": -0.5869377577443176, ""rs_vs_nifty"": -0.5869377577443176}, {""sector"": ""NIFTY_PHARMA"", ""ltp"": 26518.05, ""return_pct"": -0.6323350870093081, ""rs_vs_nifty"": -0.6323350870093081}]"
2026-08-14 13:49:55,NORMAL,24383.4,,0,24333.23355947525,,,True,True,"[[""NIFTY_MEDIA"", 1.1841645766532185, 1.1841645766532185]]","[[""NIFTY_PHARMA"", -0.6205314987184621, -0.6205314987184621], [""NIFTY_METAL"", -0.5834851826987573, -0.5834851826987573], [""NIFTY_PSU_BANK"", -0.5279356464651801, -0.5279356464651801]]","[{""sector"": ""NIFTY_MEDIA"", ""ltp"": 1593.6, ""return_pct"": 1.1841645766532185, ""rs_vs_nifty"": 1.1841645766532185}, {""sector"": ""NIFTY_INFRA"", ""ltp"": 9427.7, ""return_pct"": 0.36782123142929785, ""rs_vs_nifty"": 0.36782123142929785}, {""sector"": ""NIFTY_REALTY"", ""ltp"": 896.85, ""return_pct"": -0.1725289403383743, ""rs_vs_nifty"": -0.1725289403383743}, {""sector"": ""NIFTY_BANK"", ""ltp"": 57500.9, ""return_pct"": -0.23310387306379088, ""rs_vs_nifty"": -0.23310387306379088}, {""sector"": ""NIFTY_IT"", ""ltp"": 31372.8, ""return_pct"": -0.2578376608306193, ""rs_vs_nifty"": -0.2578376608306193}, {""sector"": ""NIFTY_HEALTHCARE"", ""ltp"": 16538.2, ""return_pct"": -0.263239626459037, ""rs_vs_nifty"": -0.263239626459037}, {""sector"": ""NIFTY_FIN_SERVICE"", ""ltp"": 26235.2, ""return_pct"": -0.35228720808114566, ""rs_vs_nifty"": -0.35228720808114566}, {""sector"": ""NIFTY_ENERGY"", ""ltp"": 38553.15, ""return_pct"": -0.3543528408319888, ""rs_vs_nifty"": -0.3543528408319888}, {""sector"": ""NIFTY_FMCG"", ""ltp"": 48610.55, ""return_pct"": -0.46429675678221355, ""rs_vs_nifty"": -0.46429675678221355}, {""sector"": ""NIFTY_AUTO"", ""ltp"": 29252.25, ""return_pct"": -0.47597742934763687, ""rs_vs_nifty"": -0.47597742934763687}, {""sector"": ""NIFTY_PSU_BANK"", ""ltp"": 8742.55, ""return_pct"": -0.5279356464651801, ""rs_vs_nifty"": -0.5279356464651801}, {""sector"": ""NIFTY_METAL"", ""ltp"": 12957.7, ""return_pct"": -0.5834851826987573, ""rs_vs_nifty"": -0.5834851826987573}, {""sector"": ""NIFTY_PHARMA"", ""ltp"": 26521.2, ""return_pct"": -0.6205314987184621, ""rs_vs_nifty"": -0.6205314987184621}]"
2026-08-14 13:50:12,NORMAL,24385.3,,0,24333.279814909147,,,True,True,"[[""NIFTY_MEDIA"", 1.1524175370646599, 1.1524175370646599]]","[[""NIFTY_PHARMA"", -0.611725647136412, -0.611725647136412], [""NIFTY_METAL"", -0.5773472715066654, -0.5773472715066654], [""NIFTY_PSU_BANK"", -0.5205399962452852, -0.5205399962452852]]","[{""sector"": ""NIFTY_MEDIA"", ""ltp"": 1593.1, ""return_pct"": 1.1524175370646599, ""rs_vs_nifty"": 1.1524175370646599}, {""sector"": ""NIFTY_INFRA"", ""ltp"": 9427.75, ""return_pct"": 0.3683535342244121, ""rs_vs_nifty"": 0.3683535342244121}, {""sector"": ""NIFTY_REALTY"", ""ltp"": 896.8, ""return_pct"": -0.1780943900267167, ""rs_vs_nifty"": -0.1780943900267167}, {""sector"": ""NIFTY_BANK"", ""ltp"": 57509.3, ""return_pct"": -0.2185294589682479, ""rs_vs_nifty"": -0.2185294589682479}, {""sector"": ""NIFTY_IT"", ""ltp"": 31382.55, ""return_pct"": -0.22683991492311664, ""rs_vs_nifty"": -0.22683991492311664}, {""sector"": ""NIFTY_HEALTHCARE"", ""ltp"": 16538.7, ""return_pct"": -0.260224281367868, ""rs_vs_nifty"": -0.260224281367868}, {""sector"": ""NIFTY_FIN_SERVICE"", ""ltp"": 26238.7, ""return_pct"": -0.33899335117242324, ""rs_vs_nifty"": -0.33899335117242324}, {""sector"": ""NIFTY_ENERGY"", ""ltp"": 38555.4, ""return_pct"": -0.3485374222187723, ""rs_vs_nifty"": -0.3485374222187723}, {""sector"": ""NIFTY_FMCG"", ""ltp"": 48612.5, ""return_pct"": -0.46030390705465474, ""rs_vs_nifty"": -0.46030390705465474}, {""sector"": ""NIFTY_AUTO"", ""ltp"": 29256.0, ""return_pct"": -0.4632189206982186, ""rs_vs_nifty"": -0.4632189206982186}, {""sector"": ""NIFTY_PSU_BANK"", ""ltp"": 8743.2, ""return_pct"": -0.5205399962452852, ""rs_vs_nifty"": -0.5205399962452852}, {""sector"": ""NIFTY_METAL"", ""ltp"": 12958.5, ""return_pct"": -0.5773472715066654, ""rs_vs_nifty"": -0.5773472715066654}, {""sector"": ""NIFTY_PHARMA"", ""ltp"": 26523.55, ""return_pct"": -0.611725647136412, ""rs_vs_nifty"": -0.611725647136412}]"
2026-08-14 13:50:31,NORMAL,24387.05,,0,24333.37346338952,,,True,True,"[[""NIFTY_MEDIA"", 1.1651163529000863, 1.1651163529000863]]","[[""NIFTY_PHARMA"", -0.5978611148582793, -0.5978611148582793], [""NIFTY_METAL"", -0.5796489882036964, -0.5796489882036964], [""NIFTY_PSU_BANK"", -0.5046109034640128, -0.5046109034640128]]","[{""sector"": ""NIFTY_MEDIA"", ""ltp"": 1593.3, ""return_pct"": 1.1651163529000863, ""rs_vs_nifty"": 1.1651163529000863}, {""sector"": ""NIFTY_INFRA"", ""ltp"": 9428.45, ""return_pct"": 0.3758057733561275, ""rs_vs_nifty"": 0.3758057733561275}, {""sector"": ""NIFTY_REALTY"", ""ltp"": 896.75, ""return_pct"": -0.18365983971504646, ""rs_vs_nifty"": -0.18365983971504646}, {""sector"": ""NIFTY_BANK"", ""ltp"": 57509.4, ""return_pct"": -0.2183559540385416, ""rs_vs_nifty"": -0.2183559540385416}, {""sector"": ""NIFTY_HEALTHCARE"", ""ltp"": 16543.75, ""return_pct"": -0.2297692959470659, ""rs_vs_nifty"": -0.2297692959470659}, {""sector"": ""NIFTY_IT"", ""ltp"": 31380.75, ""return_pct"": -0.2325625757060379, ""rs_vs_nifty"": -0.2325625757060379}, {""sector"": ""NIFTY_FIN_SERVICE"", ""ltp"": 26239.3, ""return_pct"": -0.3367144042737906, ""rs_vs_nifty"": -0.3367144042737906}, {""sector"": ""NIFTY_ENERGY"", ""ltp"": 38555.45, ""return_pct"": -0.34840819069404544, ""rs_vs_nifty"": -0.34840819069404544}, {""sector"": ""NIFTY_AUTO"", ""ltp"": 29256.5, ""return_pct"": -0.4615177862116295, ""rs_vs_nifty"": -0.4615177862116295}, {""sector"": ""NIFTY_FMCG"", ""ltp"": 48611.0, ""return_pct"": -0.46337532992201225, ""rs_vs_nifty"": -0.46337532992201225}, {""sector"": ""NIFTY_PSU_BANK"", ""ltp"": 8744.6, ""return_pct"": -0.5046109034640128, ""rs_vs_nifty"": -0.5046109034640128}, {""sector"": ""NIFTY_METAL"", ""ltp"": 12958.2, ""return_pct"": -0.5796489882036964, ""rs_vs_nifty"": -0.5796489882036964}, {""sector"": ""NIFTY_PHARMA"", ""ltp"": 26527.25, ""return_pct"": -0.5978611148582793, ""rs_vs_nifty"": -0.5978611148582793}]"
2026-08-14 13:50:47,NORMAL,24387.0,,0,24333.409912948857,,,True,True,"[[""NIFTY_MEDIA"", 1.1619416489412333, 1.1619416489412333]]","[[""NIFTY_PHARMA"", -0.5907414901749097, -0.5907414901749097], [""NIFTY_METAL"", -0.5861705188453027, -0.5861705188453027], [""NIFTY_PSU_BANK"", -0.5222466847575814, -0.5222466847575814]]","[{""sector"": ""NIFTY_MEDIA"", ""ltp"": 1593.25, ""return_pct"": 1.1619416489412333, ""rs_vs_nifty"": 1.1619416489412333}, {""sector"": ""NIFTY_INFRA"", ""ltp"": 9428.95, ""return_pct"": 0.3811288013073473, ""rs_vs_nifty"": 0.3811288013073473}, {""sector"": ""NIFTY_REALTY"", ""ltp"": 896.85, ""return_pct"": -0.1725289403383743, ""rs_vs_nifty"": -0.1725289403383743}, {""sector"": ""NIFTY_BANK"", ""ltp"": 57509.75, ""return_pct"": -0.21774868678456327, ""rs_vs_nifty"": -0.21774868678456327}, {""sector"": ""NIFTY_HEALTHCARE"", ""ltp"": 16544.05, ""return_pct"": -0.2279600888923689, ""rs_vs_nifty"": -0.2279600888923689}, {""sector"": ""NIFTY_IT"", ""ltp"": 31379.3, ""return_pct"": -0.2371724968922842, ""rs_vs_nifty"": -0.2371724968922842}, {""sector"": ""NIFTY_FIN_SERVICE"", ""ltp"": 26239.2, ""return_pct"": -0.33709422875689143, ""rs_vs_nifty"": -0.33709422875689143}, {""sector"": ""NIFTY_ENERGY"", ""ltp"": 38554.95, ""return_pct"": -0.3497005059414269, ""rs_vs_nifty"": -0.3497005059414269}, {""sector"": ""NIFTY_AUTO"", ""ltp"": 29260.25, ""return_pct"": -0.4487592775622112, ""rs_vs_nifty"": -0.4487592775622112}, {""sector"": ""NIFTY_FMCG"", ""ltp"": 48617.9, ""return_pct"": -0.4492467847321646, ""rs_vs_nifty"": -0.4492467847321646}, {""sector"": ""NIFTY_PSU_BANK"", ""ltp"": 8743.05, ""return_pct"": -0.5222466847575814, ""rs_vs_nifty"": -0.5222466847575814}, {""sector"": ""NIFTY_METAL"", ""ltp"": 12957.35, ""return_pct"": -0.5861705188453027, ""rs_vs_nifty"": -0.5861705188453027}, {""sector"": ""NIFTY_PHARMA"", ""ltp"": 26529.15, ""return_pct"": -0.5907414901749097, ""rs_vs_nifty"": -0.5907414901749097}]"
2026-08-14 13:51:03,NORMAL,24387.1,,0,24333.453031469515,,,True,True,"[[""NIFTY_MEDIA"", 1.1778151687355125, 1.1778151687355125]]","[[""NIFTY_METAL"", -0.5976791023304853, -0.5976791023304853], [""NIFTY_PHARMA"", -0.5939265854280019, -0.5939265854280019]]","[{""sector"": ""NIFTY_MEDIA"", ""ltp"": 1593.5, ""return_pct"": 1.1778151687355125, ""rs_vs_nifty"": 1.1778151687355125}, {""sector"": ""NIFTY_INFRA"", ""ltp"": 9428.7, ""return_pct"": 0.3784672873317374, ""rs_vs_nifty"": 0.3784672873317374}, {""sector"": ""NIFTY_REALTY"", ""ltp"": 896.85, ""return_pct"": -0.1725289403383743, ""rs_vs_nifty"": -0.1725289403383743}, {""sector"": ""NIFTY_BANK"", ""ltp"": 57513.6, ""return_pct"": -0.2110687469907764, ""rs_vs_nifty"": -0.2110687469907764}, {""sector"": ""NIFTY_HEALTHCARE"", ""ltp"": 16542.8, ""return_pct"": -0.23549845162029134, ""rs_vs_nifty"": -0.23549845162029134}, {""sector"": ""NIFTY_IT"", ""ltp"": 31378.35, ""return_pct"": -0.24019279008327393, ""rs_vs_nifty"": -0.24019279008327393}, {""sector"": ""NIFTY_FIN_SERVICE"", ""ltp"": 26241.1, ""return_pct"": -0.32987756357787895, ""rs_vs_nifty"": -0.32987756357787895}, {""sector"": ""NIFTY_ENERGY"", ""ltp"": 38557.45, ""return_pct"": -0.34323892970451964, ""rs_vs_nifty"": -0.34323892970451964}, {""sector"": ""NIFTY_AUTO"", ""ltp"": 29260.2, ""return_pct"": -0.4489293910108676, ""rs_vs_nifty"": -0.4489293910108676}, {""sector"": ""NIFTY_FMCG"", ""ltp"": 48617.3, ""return_pct"": -0.45047535387910465, ""rs_vs_nifty"": -0.45047535387910465}, {""sector"": ""NIFTY_PSU_BANK"", ""ltp"": 8745.1, ""return_pct"": -0.4989219417564142, ""rs_vs_nifty"": -0.4989219417564142}, {""sector"": ""NIFTY_PHARMA"", ""ltp"": 26528.3, ""return_pct"": -0.5939265854280019, ""rs_vs_nifty"": -0.5939265854280019}, {""sector"": ""NIFTY_METAL"", ""ltp"": 12955.85, ""return_pct"": -0.5976791023304853, ""rs_vs_nifty"": -0.5976791023304853}]"
2026-08-14 13:51:20,NORMAL,24388.45,,0,24333.510125334502,,,True,True,"[[""NIFTY_MEDIA"", 1.1809898726943653, 1.1809898726943653]]","[[""NIFTY_PHARMA"", -0.6165969692881846, -0.6165969692881846], [""NIFTY_METAL"", -0.5807998465522258, -0.5807998465522258]]","[{""sector"": ""NIFTY_MEDIA"", ""ltp"": 1593.55, ""return_pct"": 1.1809898726943653, ""rs_vs_nifty"": 1.1809898726943653}, {""sector"": ""NIFTY_INFRA"", ""ltp"": 9429.65, ""return_pct"": 0.38858104043904335, ""rs_vs_nifty"": 0.38858104043904335}, {""sector"": ""NIFTY_REALTY"", ""ltp"": 897.05, ""return_pct"": -0.15026714158504262, ""rs_vs_nifty"": -0.15026714158504262}, {""sector"": ""NIFTY_BANK"", ""ltp"": 57515.35, ""return_pct"": -0.2080324107208721, ""rs_vs_nifty"": -0.2080324107208721}, {""sector"": ""NIFTY_IT"", ""ltp"": 31376.65, ""return_pct"": -0.245597525267137, ""rs_vs_nifty"": -0.245597525267137}, {""sector"": ""NIFTY_HEALTHCARE"", ""ltp"": 16538.8, ""return_pct"": -0.25962121234964297, ""rs_vs_nifty"": -0.25962121234964297}, {""sector"": ""NIFTY_FIN_SERVICE"", ""ltp"": 26240.85, ""return_pct"": -0.3308271247856448, ""rs_vs_nifty"": -0.3308271247856448}, {""sector"": ""NIFTY_ENERGY"", ""ltp"": 38559.9, ""return_pct"": -0.3369065849923393, ""rs_vs_nifty"": -0.3369065849923393}, {""sector"": ""NIFTY_AUTO"", ""ltp"": 29264.35, ""return_pct"": -0.4348099747721854, ""rs_vs_nifty"": -0.4348099747721854}, {""sector"": ""NIFTY_FMCG"", ""ltp"": 48612.45, ""return_pct"": -0.4604062878169059, ""rs_vs_nifty"": -0.4604062878169059}, {""sector"": ""NIFTY_PSU_BANK"", ""ltp"": 8746.65, ""return_pct"": -0.4812861604628663, ""rs_vs_nifty"": -0.4812861604628663}, {""sector"": ""NIFTY_METAL"", ""ltp"": 12958.05, ""return_pct"": -0.5807998465522258, ""rs_vs_nifty"": -0.5807998465522258}, {""sector"": ""NIFTY_PHARMA"", ""ltp"": 26522.25, ""return_pct"": -0.6165969692881846, ""rs_vs_nifty"": -0.6165969692881846}]"
2026-08-14 13:51:35,NORMAL,24385.05,,0,24333.54165185823,,,True,True,"[[""NIFTY_MEDIA"", 1.1968633924886447, 1.1968633924886447]]","[[""NIFTY_PHARMA"", -0.6252154623259385, -0.6252154623259385], [""NIFTY_METAL"", -0.5834851826987573, -0.5834851826987573]]","[{""sector"": ""NIFTY_MEDIA"", ""ltp"": 1593.8, ""return_pct"": 1.1968633924886447, ""rs_vs_nifty"": 1.1968633924886447}, {""sector"": ""NIFTY_INFRA"", ""ltp"": 9427.35, ""return_pct"": 0.3640951118634402, ""rs_vs_nifty"": 0.3640951118634402}, {""sector"": ""NIFTY_REALTY"", ""ltp"": 896.9, ""return_pct"": -0.16696349065004454, ""rs_vs_nifty"": -0.16696349065004454}, {""sector"": ""NIFTY_BANK"", ""ltp"": 57508.2, ""return_pct"": -0.22043801319505496, ""rs_vs_nifty"": -0.22043801319505496}, {""sector"": ""NIFTY_HEALTHCARE"", ""ltp"": 16536.1, ""return_pct"": -0.27590407584195975, ""rs_vs_nifty"": -0.27590407584195975}, {""sector"": ""NIFTY_IT"", ""ltp"": 31365.6, ""return_pct"": -0.28072830396231596, ""rs_vs_nifty"": -0.28072830396231596}, {""sector"": ""NIFTY_FIN_SERVICE"", ""ltp"": 26238.2, ""return_pct"": -0.340892473587955, ""rs_vs_nifty"": -0.340892473587955}, {""sector"": ""NIFTY_ENERGY"", ""ltp"": 38557.0, ""return_pct"": -0.34440201342715543, ""rs_vs_nifty"": -0.34440201342715543}, {""sector"": ""NIFTY_AUTO"", ""ltp"": 29259.45, ""return_pct"": -0.4514810927407513, ""rs_vs_nifty"": -0.4514810927407513}, {""sector"": ""NIFTY_FMCG"", ""ltp"": 48611.4, ""return_pct"": -0.46255628382404723, ""rs_vs_nifty"": -0.46255628382404723}, {""sector"": ""NIFTY_PSU_BANK"", ""ltp"": 8745.05, ""return_pct"": -0.4994908379271864, ""rs_vs_nifty"": -0.4994908379271864}, {""sector"": ""NIFTY_METAL"", ""ltp"": 12957.7, ""return_pct"": -0.5834851826987573, ""rs_vs_nifty"": -0.5834851826987573}, {""sector"": ""NIFTY_PHARMA"", ""ltp"": 26519.95, ""return_pct"": -0.6252154623259385, ""rs_vs_nifty"": -0.6252154623259385}]"
2026-08-14 13:51:54,NORMAL,24383.4,,0,24333.56934299392,,,True,True,"[[""NIFTY_MEDIA"", 1.1555922410235275, 1.1555922410235275]]","[[""NIFTY_PHARMA"", -0.6358948993509927, -0.6358948993509927], [""NIFTY_METAL"", -0.5781145104056804, -0.5781145104056804], [""NIFTY_PSU_BANK"", -0.5057486958055367, -0.5057486958055367]]","[{""sector"": ""NIFTY_MEDIA"", ""ltp"": 1593.15, ""return_pct"": 1.1555922410235275, ""rs_vs_nifty"": 1.1555922410235275}, {""sector"": ""NIFTY_INFRA"", ""ltp"": 9427.55, ""return_pct"": 0.36622432304391644, ""rs_vs_nifty"": 0.36622432304391644}, {""sector"": ""NIFTY_REALTY"", ""ltp"": 896.9, ""return_pct"": -0.16696349065004454, ""rs_vs_nifty"": -0.16696349065004454}, {""sector"": ""NIFTY_BANK"", ""ltp"": 57501.35, ""return_pct"": -0.2323231008801063, ""rs_vs_nifty"": -0.2323231008801063}, {""sector"": ""NIFTY_IT"", ""ltp"": 31366.3, ""return_pct"": -0.2785028247689545, ""rs_vs_nifty"": -0.2785028247689545}, {""sector"": ""NIFTY_HEALTHCARE"", ""ltp"": 16533.5, ""return_pct"": -0.29158387031602956, ""rs_vs_nifty"": -0.29158387031602956}, {""sector"": ""NIFTY_ENERGY"", ""ltp"": 38555.55, ""return_pct"": -0.3481497276445541, ""rs_vs_nifty"": -0.3481497276445541}, {""sector"": ""NIFTY_FIN_SERVICE"", ""ltp"": 26236.1, ""return_pct"": -0.3488687877331968, ""rs_vs_nifty"": -0.3488687877331968}, {""sector"": ""NIFTY_AUTO"", ""ltp"": 29253.8, ""return_pct"": -0.47070391243921306, ""rs_vs_nifty"": -0.47070391243921306}, {""sector"": ""NIFTY_FMCG"", ""ltp"": 48606.25, ""return_pct"": -0.4731015023353111, ""rs_vs_nifty"": -0.4731015023353111}, {""sector"": ""NIFTY_PSU_BANK"", ""ltp"": 8744.5, ""return_pct"": -0.5057486958055367, ""rs_vs_nifty"": -0.5057486958055367}, {""sector"": ""NIFTY_METAL"", ""ltp"": 12958.4, ""return_pct"": -0.5781145104056804, ""rs_vs_nifty"": -0.5781145104056804}, {""sector"": ""NIFTY_PHARMA"", ""ltp"": 26517.1, ""return_pct"": -0.6358948993509927, ""rs_vs_nifty"": -0.6358948993509927}]"
2026-08-14 13:52:10,NORMAL,24383.1,,0,24333.600224659756,,,True,True,"[[""NIFTY_MEDIA"", 1.1238452014349691, 1.1238452014349691]]","[[""NIFTY_PHARMA"", -0.6293373503005258, -0.6293373503005258], [""NIFTY_METAL"", -0.5854032799462877, -0.5854032799462877], [""NIFTY_PSU_BANK"", -0.5091620728300877, -0.5091620728300877]]","[{""sector"": ""NIFTY_MEDIA"", ""ltp"": 1592.65, ""return_pct"": 1.1238452014349691, ""rs_vs_nifty"": 1.1238452014349691}, {""sector"": ""NIFTY_INFRA"", ""ltp"": 9427.5, ""return_pct"": 0.3656920202488022, ""rs_vs_nifty"": 0.3656920202488022}, {""sector"": ""NIFTY_REALTY"", ""ltp"": 897.0, ""return_pct"": -0.15583259127337237, ""rs_vs_nifty"": -0.15583259127337237}, {""sector"": ""NIFTY_BANK"", ""ltp"": 57504.6, ""return_pct"": -0.22668419066456977, ""rs_vs_nifty"": -0.22668419066456977}, {""sector"": ""NIFTY_IT"", ""ltp"": 31366.1, ""return_pct"": -0.27913867596705944, ""rs_vs_nifty"": -0.27913867596705944}, {""sector"": ""NIFTY_HEALTHCARE"", ""ltp"": 16534.55, ""return_pct"": -0.28525164562457916, ""rs_vs_nifty"": -0.28525164562457916}, {""sector"": ""NIFTY_FIN_SERVICE"", ""ltp"": 26236.25, ""return_pct"": -0.3482990510085317, ""rs_vs_nifty"": -0.3482990510085317}, {""sector"": ""NIFTY_ENERGY"", ""ltp"": 38555.3, ""return_pct"": -0.34879588526824484, ""rs_vs_nifty"": -0.34879588526824484}, {""sector"": ""NIFTY_AUTO"", ""ltp"": 29254.4, ""return_pct"": -0.46866255105529875, ""rs_vs_nifty"": -0.46866255105529875}, {""sector"": ""NIFTY_FMCG"", ""ltp"": 48607.55, ""return_pct"": -0.4704396025169286, ""rs_vs_nifty"": -0.4704396025169286}, {""sector"": ""NIFTY_PSU_BANK"", ""ltp"": 8744.2, ""return_pct"": -0.5091620728300877, ""rs_vs_nifty"": -0.5091620728300877}, {""sector"": ""NIFTY_METAL"", ""ltp"": 12957.45, ""return_pct"": -0.5854032799462877, ""rs_vs_nifty"": -0.5854032799462877}, {""sector"": ""NIFTY_PHARMA"", ""ltp"": 26518.85, ""return_pct"": -0.6293373503005258, ""rs_vs_nifty"": -0.6293373503005258}]"
2026-08-14 13:52:28,NORMAL,24380.95,,0,24333.61772974215,,,True,True,"[[""NIFTY_MEDIA"", 1.146068129146954, 1.146068129146954]]","[[""NIFTY_PHARMA"", -0.6345833895408911, -0.6345833895408911], [""NIFTY_METAL"", -0.5773472715066654, -0.5773472715066654], [""NIFTY_PSU_BANK"", -0.5057486958055367, -0.5057486958055367]]","[{""sector"": ""NIFTY_MEDIA"", ""ltp"": 1593.0, ""return_pct"": 1.146068129146954, ""rs_vs_nifty"": 1.146068129146954}, {""sector"": ""NIFTY_INFRA"", ""ltp"": 9425.95, ""return_pct"": 0.34919063360002867, ""rs_vs_nifty"": 0.34919063360002867}, {""sector"": ""NIFTY_REALTY"", ""ltp"": 896.85, ""return_pct"": -0.1725289403383743, ""rs_vs_nifty"": -0.1725289403383743}, {""sector"": ""NIFTY_BANK"", ""ltp"": 57508.05, ""return_pct"": -0.2206982705896081, ""rs_vs_nifty"": -0.2206982705896081}, {""sector"": ""NIFTY_HEALTHCARE"", ""ltp"": 16534.9, ""return_pct"": -0.2831409040607477, ""rs_vs_nifty"": -0.2831409040607477}, {""sector"": ""NIFTY_IT"", ""ltp"": 31362.35, ""return_pct"": -0.29106088593148355, ""rs_vs_nifty"": -0.29106088593148355}, {""sector"": ""NIFTY_FIN_SERVICE"", ""ltp"": 26237.15, ""return_pct"": -0.34488063066056895, ""rs_vs_nifty"": -0.34488063066056895}, {""sector"": ""NIFTY_ENERGY"", ""ltp"": 38547.75, ""return_pct"": -0.36830984550371215, ""rs_vs_nifty"": -0.36830984550371215}, {""sector"": ""NIFTY_AUTO"", ""ltp"": 29249.4, ""return_pct"": -0.48567389592118987, ""rs_vs_nifty"": -0.48567389592118987}, {""sector"": ""NIFTY_FMCG"", ""ltp"": 48599.4, ""return_pct"": -0.48712766676290753, ""rs_vs_nifty"": -0.48712766676290753}, {""sector"": ""NIFTY_PSU_BANK"", ""ltp"": 8744.5, ""return_pct"": -0.5057486958055367, ""rs_vs_nifty"": -0.5057486958055367}, {""sector"": ""NIFTY_METAL"", ""ltp"": 12958.5, ""return_pct"": -0.5773472715066654, ""rs_vs_nifty"": -0.5773472715066654}, {""sector"": ""NIFTY_PHARMA"", ""ltp"": 26517.45, ""return_pct"": -0.6345833895408911, ""rs_vs_nifty"": -0.6345833895408911}]"
2026-08-14 13:52:36,NORMAL,24381.6,,0,24333.629240732476,,,True,True,"[[""NIFTY_MEDIA"", 1.1555922410235275, 1.1555922410235275]]","[[""NIFTY_PHARMA"", -0.6252154623259385, -0.6252154623259385], [""NIFTY_METAL"", -0.5880886160928331, -0.5880886160928331], [""NIFTY_PSU_BANK"", -0.5120065536838871, -0.5120065536838871]]","[{""sector"": ""NIFTY_MEDIA"", ""ltp"": 1593.15, ""return_pct"": 1.1555922410235275, ""rs_vs_nifty"": 1.1555922410235275}, {""sector"": ""NIFTY_INFRA"", ""ltp"": 9426.55, ""return_pct"": 0.35557826714147694, ""rs_vs_nifty"": 0.35557826714147694}, {""sector"": ""NIFTY_REALTY"", ""ltp"": 896.95, ""return_pct"": -0.16139804096170213, ""rs_vs_nifty"": -0.16139804096170213}, {""sector"": ""NIFTY_BANK"", ""ltp"": 57508.65, ""return_pct"": -0.21965724101135772, ""rs_vs_nifty"": -0.21965724101135772}, {""sector"": ""NIFTY_IT"", ""ltp"": 31364.95, ""return_pct"": -0.28279482035614256, ""rs_vs_nifty"": -0.28279482035614256}, {""sector"": ""NIFTY_HEALTHCARE"", ""ltp"": 16534.3, ""return_pct"": -0.28675931817016365, ""rs_vs_nifty"": -0.28675931817016365}, {""sector"": ""NIFTY_FIN_SERVICE"", ""ltp"": 26234.3, ""return_pct"": -0.35570562842910847, ""rs_vs_nifty"": -0.35570562842910847}, {""sector"": ""NIFTY_ENERGY"", ""ltp"": 38552.4, ""return_pct"": -0.35629131370306094, ""rs_vs_nifty"": -0.35629131370306094}, {""sector"": ""NIFTY_AUTO"", ""ltp"": 29254.45, ""return_pct"": -0.4684924376066423, ""rs_vs_nifty"": -0.4684924376066423}, {""sector"": ""NIFTY_FMCG"", ""ltp"": 48607.15, ""return_pct"": -0.47125864861489364, ""rs_vs_nifty"": -0.47125864861489364}, {""sector"": ""NIFTY_PSU_BANK"", ""ltp"": 8743.95, ""return_pct"": -0.5120065536838871, ""rs_vs_nifty"": -0.5120065536838871}, {""sector"": ""NIFTY_METAL"", ""ltp"": 12957.1, ""return_pct"": -0.5880886160928331, ""rs_vs_nifty"": -0.5880886160928331}, {""sector"": ""NIFTY_PHARMA"", ""ltp"": 26519.95, ""return_pct"": -0.6252154623259385, ""rs_vs_nifty"": -0.6252154623259385}]"
2026-08-14 13:52:53,NORMAL,24382.75,,0,24333.664753334433,,,True,True,"[[""NIFTY_MEDIA"", 1.149242833105807, 1.149242833105807]]","[[""NIFTY_PHARMA"", -0.6272764063132253, -0.6272764063132253], [""NIFTY_METAL"", -0.5800326076532109, -0.5800326076532109], [""NIFTY_PSU_BANK"", -0.5142821383669348, -0.5142821383669348]]","[{""sector"": ""NIFTY_MEDIA"", ""ltp"": 1593.05, ""return_pct"": 1.149242833105807, ""rs_vs_nifty"": 1.149242833105807}, {""sector"": ""NIFTY_INFRA"", ""ltp"": 9426.9, ""return_pct"": 0.3593043867073346, ""rs_vs_nifty"": 0.3593043867073346}, {""sector"": ""NIFTY_REALTY"", ""ltp"": 897.0, ""return_pct"": -0.15583259127337237, ""rs_vs_nifty"": -0.15583259127337237}, {""sector"": ""NIFTY_BANK"", ""ltp"": 57518.95, ""return_pct"": -0.2017862332513573, ""rs_vs_nifty"": -0.2017862332513573}, {""sector"": ""NIFTY_HEALTHCARE"", ""ltp"": 16534.15, ""return_pct"": -0.28766392169750116, ""rs_vs_nifty"": -0.28766392169750116}, {""sector"": ""NIFTY_IT"", ""ltp"": 31362.65, ""return_pct"": -0.29010710913432036, ""rs_vs_nifty"": -0.29010710913432036}, {""sector"": ""NIFTY_FIN_SERVICE"", ""ltp"": 26237.6, ""return_pct"": -0.34317142048660143, ""rs_vs_nifty"": -0.34317142048660143}, {""sector"": ""NIFTY_ENERGY"", ""ltp"": 38551.9, ""return_pct"": -0.35758362895044243, ""rs_vs_nifty"": -0.35758362895044243}, {""sector"": ""NIFTY_AUTO"", ""ltp"": 29257.7, ""return_pct"": -0.4574350634438131, ""rs_vs_nifty"": -0.4574350634438131}, {""sector"": ""NIFTY_FMCG"", ""ltp"": 48603.2, ""return_pct"": -0.47934672883227736, ""rs_vs_nifty"": -0.47934672883227736}, {""sector"": ""NIFTY_PSU_BANK"", ""ltp"": 8743.75, ""return_pct"": -0.5142821383669348, ""rs_vs_nifty"": -0.5142821383669348}, {""sector"": ""NIFTY_METAL"", ""ltp"": 12958.15, ""return_pct"": -0.5800326076532109, ""rs_vs_nifty"": -0.5800326076532109}, {""sector"": ""NIFTY_PHARMA"", ""ltp"": 26519.4, ""return_pct"": -0.6272764063132253, ""rs_vs_nifty"": -0.6272764063132253}]"
2026-08-14 13:53:11,NORMAL,24384.65,,0,24333.7572934145,,,True,True,"[[""NIFTY_MEDIA"", 1.139718721229248, 1.139718721229248]]","[[""NIFTY_PHARMA"", -0.641890372768557, -0.641890372768557], [""NIFTY_METAL"", -0.5585499184808613, -0.5585499184808613], [""NIFTY_PSU_BANK"", -0.519402203903782, -0.519402203903782]]","[{""sector"": ""NIFTY_MEDIA"", ""ltp"": 1592.9, ""return_pct"": 1.139718721229248, ""rs_vs_nifty"": 1.139718721229248}, {""sector"": ""NIFTY_INFRA"", ""ltp"": 9426.5, ""return_pct"": 0.35504596434636265, ""rs_vs_nifty"": 0.35504596434636265}, {""sector"": ""NIFTY_REALTY"", ""ltp"": 896.95, ""return_pct"": -0.16139804096170213, ""rs_vs_nifty"": -0.16139804096170213}, {""sector"": ""NIFTY_BANK"", ""ltp"": 57519.65, ""return_pct"": -0.200571698743388, ""rs_vs_nifty"": -0.200571698743388}, {""sector"": ""NIFTY_IT"", ""ltp"": 31363.1, ""return_pct"": -0.2886764439385987, ""rs_vs_nifty"": -0.2886764439385987}, {""sector"": ""NIFTY_HEALTHCARE"", ""ltp"": 16532.75, ""return_pct"": -0.296106887952783, ""rs_vs_nifty"": -0.296106887952783}, {""sector"": ""NIFTY_FIN_SERVICE"", ""ltp"": 26236.35, ""return_pct"": -0.3479192265254309, ""rs_vs_nifty"": -0.3479192265254309}, {""sector"": ""NIFTY_ENERGY"", ""ltp"": 38553.05, ""return_pct"": -0.3546113038814613, ""rs_vs_nifty"": -0.3546113038814613}, {""sector"": ""NIFTY_AUTO"", ""ltp"": 29257.45, ""return_pct"": -0.4582856306871077, ""rs_vs_nifty"": -0.4582856306871077}, {""sector"": ""NIFTY_FMCG"", ""ltp"": 48600.3, ""return_pct"": -0.48528481304249, ""rs_vs_nifty"": -0.48528481304249}, {""sector"": ""NIFTY_PSU_BANK"", ""ltp"": 8743.3, ""return_pct"": -0.519402203903782, ""rs_vs_nifty"": -0.519402203903782}, {""sector"": ""NIFTY_METAL"", ""ltp"": 12960.95, ""return_pct"": -0.5585499184808613, ""rs_vs_nifty"": -0.5585499184808613}, {""sector"": ""NIFTY_PHARMA"", ""ltp"": 26515.5, ""return_pct"": -0.641890372768557, ""rs_vs_nifty"": -0.641890372768557}]"
2026-08-14 13:53:26,NORMAL,24384.3,,0,24333.780109969848,,,True,True,"[[""NIFTY_MEDIA"", 1.1238452014349691, 1.1238452014349691]]","[[""NIFTY_PHARMA"", -0.651445658527806, -0.651445658527806], [""NIFTY_METAL"", -0.5677567852690132, -0.5677567852690132], [""NIFTY_PSU_BANK"", -0.5199711000745336, -0.5199711000745336]]","[{""sector"": ""NIFTY_MEDIA"", ""ltp"": 1592.65, ""return_pct"": 1.1238452014349691, ""rs_vs_nifty"": 1.1238452014349691}, {""sector"": ""NIFTY_INFRA"", ""ltp"": 9427.5, ""return_pct"": 0.3656920202488022, ""rs_vs_nifty"": 0.3656920202488022}, {""sector"": ""NIFTY_REALTY"", ""ltp"": 896.95, ""return_pct"": -0.16139804096170213, ""rs_vs_nifty"": -0.16139804096170213}, {""sector"": ""NIFTY_BANK"", ""ltp"": 57516.85, ""return_pct"": -0.20542983677523988, ""rs_vs_nifty"": -0.20542983677523988}, {""sector"": ""NIFTY_IT"", ""ltp"": 31363.45, ""return_pct"": -0.2875637043419122, ""rs_vs_nifty"": -0.2875637043419122}, {""sector"": ""NIFTY_HEALTHCARE"", ""ltp"": 16533.25, ""return_pct"": -0.29309154286161404, ""rs_vs_nifty"": -0.29309154286161404}, {""sector"": ""NIFTY_FIN_SERVICE"", ""ltp"": 26237.5, ""return_pct"": -0.34355124496970224, ""rs_vs_nifty"": -0.34355124496970224}, {""sector"": ""NIFTY_ENERGY"", ""ltp"": 38554.7, ""return_pct"": -0.3503466635651176, ""rs_vs_nifty"": -0.3503466635651176}, {""sector"": ""NIFTY_AUTO"", ""ltp"": 29254.8, ""return_pct"": -0.46730164346603487, ""rs_vs_nifty"": -0.46730164346603487}, {""sector"": ""NIFTY_FMCG"", ""ltp"": 48601.1, ""return_pct"": -0.48364672084657495, ""rs_vs_nifty"": -0.48364672084657495}, {""sector"": ""NIFTY_PSU_BANK"", ""ltp"": 8743.25, ""return_pct"": -0.5199711000745336, ""rs_vs_nifty"": -0.5199711000745336}, {""sector"": ""NIFTY_METAL"", ""ltp"": 12959.75, ""return_pct"": -0.5677567852690132, ""rs_vs_nifty"": -0.5677567852690132}, {""sector"": ""NIFTY_PHARMA"", ""ltp"": 26512.95, ""return_pct"": -0.651445658527806, ""rs_vs_nifty"": -0.651445658527806}]"
2026-08-14 13:53:44,NORMAL,24385.8,,0,24333.81344015231,,,True,True,"[[""NIFTY_MEDIA"", 1.130194609352675, 1.130194609352675]]","[[""NIFTY_PHARMA"", -0.6390799946040712, -0.6390799946040712], [""NIFTY_METAL"", -0.5650714491224678, -0.5650714491224678], [""NIFTY_PSU_BANK"", -0.5051797996347852, -0.5051797996347852]]","[{""sector"": ""NIFTY_MEDIA"", ""ltp"": 1592.75, ""return_pct"": 1.130194609352675, ""rs_vs_nifty"": 1.130194609352675}, {""sector"": ""NIFTY_INFRA"", ""ltp"": 9427.2, ""return_pct"": 0.3624982034780781, ""rs_vs_nifty"": 0.3624982034780781}, {""sector"": ""NIFTY_REALTY"", ""ltp"": 896.85, ""return_pct"": -0.1725289403383743, ""rs_vs_nifty"": -0.1725289403383743}, {""sector"": ""NIFTY_BANK"", ""ltp"": 57518.7, ""return_pct"": -0.20221999557562934, ""rs_vs_nifty"": -0.20221999557562934}, {""sector"": ""NIFTY_IT"", ""ltp"": 31364.8, ""return_pct"": -0.2832717087547241, ""rs_vs_nifty"": -0.2832717087547241}, {""sector"": ""NIFTY_HEALTHCARE"", ""ltp"": 16531.7, ""return_pct"": -0.30243911264423345, ""rs_vs_nifty"": -0.30243911264423345}, {""sector"": ""NIFTY_FIN_SERVICE"", ""ltp"": 26238.65, ""return_pct"": -0.33918326341397365, ""rs_vs_nifty"": -0.33918326341397365}, {""sector"": ""NIFTY_ENERGY"", ""ltp"": 38553.6, ""return_pct"": -0.353189757109353, ""rs_vs_nifty"": -0.353189757109353}, {""sector"": ""NIFTY_AUTO"", ""ltp"": 29256.45, ""return_pct"": -0.4616878996602859, ""rs_vs_nifty"": -0.4616878996602859}, {""sector"": ""NIFTY_FMCG"", ""ltp"": 48605.5, ""return_pct"": -0.4746372137689899, ""rs_vs_nifty"": -0.4746372137689899}, {""sector"": ""NIFTY_PSU_BANK"", ""ltp"": 8744.55, ""return_pct"": -0.5051797996347852, ""rs_vs_nifty"": -0.5051797996347852}, {""sector"": ""NIFTY_METAL"", ""ltp"": 12960.1, ""return_pct"": -0.5650714491224678, ""rs_vs_nifty"": -0.5650714491224678}, {""sector"": ""NIFTY_PHARMA"", ""ltp"": 26516.25, ""return_pct"": -0.6390799946040712, ""rs_vs_nifty"": -0.6390799946040712}]"
2026-08-14 13:54:01,NORMAL,24385.6,,0,24333.84049676939,,,True,True,"[[""NIFTY_MEDIA"", 1.1238452014349691, 1.1238452014349691]]","[[""NIFTY_PHARMA"", -0.6385179189711686, -0.6385179189711686], [""NIFTY_METAL"", -0.5600843962788913, -0.5600843962788913], [""NIFTY_PSU_BANK"", -0.5057486958055367, -0.5057486958055367]]","[{""sector"": ""NIFTY_MEDIA"", ""ltp"": 1592.65, ""return_pct"": 1.1238452014349691, ""rs_vs_nifty"": 1.1238452014349691}, {""sector"": ""NIFTY_INFRA"", ""ltp"": 9427.7, ""return_pct"": 0.36782123142929785, ""rs_vs_nifty"": 0.36782123142929785}, {""sector"": ""NIFTY_REALTY"", ""ltp"": 896.95, ""return_pct"": -0.16139804096170213, ""rs_vs_nifty"": -0.16139804096170213}, {""sector"": ""NIFTY_BANK"", ""ltp"": 57520.25, ""return_pct"": -0.19953066916513765, ""rs_vs_nifty"": -0.19953066916513765}, {""sector"": ""NIFTY_IT"", ""ltp"": 31363.6, ""return_pct"": -0.2870868159433422, ""rs_vs_nifty"": -0.2870868159433422}, {""sector"": ""NIFTY_HEALTHCARE"", ""ltp"": 16533.3, ""return_pct"": -0.2927900083525015, ""rs_vs_nifty"": -0.2927900083525015}, {""sector"": ""NIFTY_ENERGY"", ""ltp"": 38561.75, ""return_pct"": -0.33212501857703164, ""rs_vs_nifty"": -0.33212501857703164}, {""sector"": ""NIFTY_FIN_SERVICE"", ""ltp"": 26240.3, ""return_pct"": -0.332916159442727, ""rs_vs_nifty"": -0.332916159442727}, {""sector"": ""NIFTY_AUTO"", ""ltp"": 29254.75, ""return_pct"": -0.4674717569146914, ""rs_vs_nifty"": -0.4674717569146914}, {""sector"": ""NIFTY_FMCG"", ""ltp"": 48597.55, ""return_pct"": -0.49091575496597883, ""rs_vs_nifty"": -0.49091575496597883}, {""sector"": ""NIFTY_PSU_BANK"", ""ltp"": 8744.5, ""return_pct"": -0.5057486958055367, ""rs_vs_nifty"": -0.5057486958055367}, {""sector"": ""NIFTY_METAL"", ""ltp"": 12960.75, ""return_pct"": -0.5600843962788913, ""rs_vs_nifty"": -0.5600843962788913}, {""sector"": ""NIFTY_PHARMA"", ""ltp"": 26516.4, ""return_pct"": -0.6385179189711686, ""rs_vs_nifty"": -0.6385179189711686}]"
2026-08-14 13:54:18,NORMAL,24388.2,,0,24333.894565231087,,,True,True,"[[""NIFTY_MEDIA"", 1.1778151687355125, 1.1778151687355125]]","[[""NIFTY_PHARMA"", -0.6606262271984625, -0.6606262271984625], [""NIFTY_METAL"", -0.5612352546274068, -0.5612352546274068], [""NIFTY_PSU_BANK"", -0.5023353187809858, -0.5023353187809858]]","[{""sector"": ""NIFTY_MEDIA"", ""ltp"": 1593.5, ""return_pct"": 1.1778151687355125, ""rs_vs_nifty"": 1.1778151687355125}, {""sector"": ""NIFTY_INFRA"", ""ltp"": 9428.95, ""return_pct"": 0.3811288013073473, ""rs_vs_nifty"": 0.3811288013073473}, {""sector"": ""NIFTY_REALTY"", ""ltp"": 896.95, ""return_pct"": -0.16139804096170213, ""rs_vs_nifty"": -0.16139804096170213}, {""sector"": ""NIFTY_BANK"", ""ltp"": 57523.15, ""return_pct"": -0.1944990262035795, ""rs_vs_nifty"": -0.1944990262035795}, {""sector"": ""NIFTY_IT"", ""ltp"": 31366.15, ""return_pct"": -0.2789797131675245, ""rs_vs_nifty"": -0.2789797131675245}, {""sector"": ""NIFTY_HEALTHCARE"", ""ltp"": 16530.2, ""return_pct"": -0.3114851479177403, ""rs_vs_nifty"": -0.3114851479177403}, {""sector"": ""NIFTY_ENERGY"", ""ltp"": 38563.15, ""return_pct"": -0.32850653588435985, ""rs_vs_nifty"": -0.32850653588435985}, {""sector"": ""NIFTY_FIN_SERVICE"", ""ltp"": 26239.4, ""return_pct"": -0.33633457979067594, ""rs_vs_nifty"": -0.33633457979067594}, {""sector"": ""NIFTY_AUTO"", ""ltp"": 29254.25, ""return_pct"": -0.4691728914012805, ""rs_vs_nifty"": -0.4691728914012805}, {""sector"": ""NIFTY_FMCG"", ""ltp"": 48600.65, ""return_pct"": -0.4845681477067762, ""rs_vs_nifty"": -0.4845681477067762}, {""sector"": ""NIFTY_PSU_BANK"", ""ltp"": 8744.8, ""return_pct"": -0.5023353187809858, ""rs_vs_nifty"": -0.5023353187809858}, {""sector"": ""NIFTY_METAL"", ""ltp"": 12960.6, ""return_pct"": -0.5612352546274068, ""rs_vs_nifty"": -0.5612352546274068}, {""sector"": ""NIFTY_PHARMA"", ""ltp"": 26510.5, ""return_pct"": -0.6606262271984625, ""rs_vs_nifty"": -0.6606262271984625}]"
2026-08-14 13:54:36,NORMAL,24387.15,,0,24333.910227610053,,,True,True,"[[""NIFTY_MEDIA"", 1.1651163529000863, 1.1651163529000863]]","[[""NIFTY_PHARMA"", -0.6684952860590173, -0.6684952860590173], [""NIFTY_METAL"", -0.5623861129759223, -0.5623861129759223], [""NIFTY_FMCG"", -0.5154871379048391, -0.5154871379048391]]","[{""sector"": ""NIFTY_MEDIA"", ""ltp"": 1593.3, ""return_pct"": 1.1651163529000863, ""rs_vs_nifty"": 1.1651163529000863}, {""sector"": ""NIFTY_INFRA"", ""ltp"": 9428.0, ""return_pct"": 0.37101504820002196, ""rs_vs_nifty"": 0.37101504820002196}, {""sector"": ""NIFTY_REALTY"", ""ltp"": 896.85, ""return_pct"": -0.1725289403383743, ""rs_vs_nifty"": -0.1725289403383743}, {""sector"": ""NIFTY_BANK"", ""ltp"": 57521.45, ""return_pct"": -0.1974486100086369, ""rs_vs_nifty"": -0.1974486100086369}, {""sector"": ""NIFTY_IT"", ""ltp"": 31362.2, ""return_pct"": -0.29153777433005357, ""rs_vs_nifty"": -0.29153777433005357}, {""sector"": ""NIFTY_HEALTHCARE"", ""ltp"": 16528.7, ""return_pct"": -0.3205311831912472, ""rs_vs_nifty"": -0.3205311831912472}, {""sector"": ""NIFTY_FIN_SERVICE"", ""ltp"": 26240.75, ""return_pct"": -0.33120694926874567, ""rs_vs_nifty"": -0.33120694926874567}, {""sector"": ""NIFTY_ENERGY"", ""ltp"": 38559.65, ""return_pct"": -0.33755274261602997, ""rs_vs_nifty"": -0.33755274261602997}, {""sector"": ""NIFTY_AUTO"", ""ltp"": 29246.75, ""return_pct"": -0.49468990870011703, ""rs_vs_nifty"": -0.49468990870011703}, {""sector"": ""NIFTY_PSU_BANK"", ""ltp"": 8745.15, ""return_pct"": -0.49835304558566257, ""rs_vs_nifty"": -0.49835304558566257}, {""sector"": ""NIFTY_FMCG"", ""ltp"": 48585.55, ""return_pct"": -0.5154871379048391, ""rs_vs_nifty"": -0.5154871379048391}, {""sector"": ""NIFTY_METAL"", ""ltp"": 12960.45, ""return_pct"": -0.5623861129759223, ""rs_vs_nifty"": -0.5623861129759223}, {""sector"": ""NIFTY_PHARMA"", ""ltp"": 26508.4, ""return_pct"": -0.6684952860590173, ""rs_vs_nifty"": -0.6684952860590173}]"
2026-08-14 13:54:44,NORMAL,24386.65,,0,24333.926980927274,,,True,True,"[[""NIFTY_MEDIA"", 1.1682910568589393, 1.1682910568589393]]","[[""NIFTY_PHARMA"", -0.662499812641453, -0.662499812641453], [""NIFTY_METAL"", -0.5570154406828455, -0.5570154406828455], [""NIFTY_FMCG"", -0.5205037952548653, -0.5205037952548653]]","[{""sector"": ""NIFTY_MEDIA"", ""ltp"": 1593.35, ""return_pct"": 1.1682910568589393, ""rs_vs_nifty"": 1.1682910568589393}, {""sector"": ""NIFTY_INFRA"", ""ltp"": 9429.2, ""return_pct"": 0.3837903152829572, ""rs_vs_nifty"": 0.3837903152829572}, {""sector"": ""NIFTY_REALTY"", ""ltp"": 896.95, ""return_pct"": -0.16139804096170213, ""rs_vs_nifty"": -0.16139804096170213}, {""sector"": ""NIFTY_BANK"", ""ltp"": 57526.35, ""return_pct"": -0.18894686845290246, ""rs_vs_nifty"": -0.18894686845290246}, {""sector"": ""NIFTY_IT"", ""ltp"": 31367.65, ""return_pct"": -0.2742108291817549, ""rs_vs_nifty"": -0.2742108291817549}, {""sector"": ""NIFTY_HEALTHCARE"", ""ltp"": 16530.35, ""return_pct"": -0.3105805443904028, ""rs_vs_nifty"": -0.3105805443904028}, {""sector"": ""NIFTY_ENERGY"", ""ltp"": 38562.85, ""return_pct"": -0.32928192503279624, ""rs_vs_nifty"": -0.32928192503279624}, {""sector"": ""NIFTY_FIN_SERVICE"", ""ltp"": 26239.8, ""return_pct"": -0.3348152818582588, ""rs_vs_nifty"": -0.3348152818582588}, {""sector"": ""NIFTY_PSU_BANK"", ""ltp"": 8747.25, ""return_pct"": -0.47445940641374373, ""rs_vs_nifty"": -0.47445940641374373}, {""sector"": ""NIFTY_AUTO"", ""ltp"": 29243.85, ""return_pct"": -0.5045564887223388, ""rs_vs_nifty"": -0.5045564887223388}, {""sector"": ""NIFTY_FMCG"", ""ltp"": 48583.1, ""return_pct"": -0.5205037952548653, ""rs_vs_nifty"": -0.5205037952548653}, {""sector"": ""NIFTY_METAL"", ""ltp"": 12961.15, ""return_pct"": -0.5570154406828455, ""rs_vs_nifty"": -0.5570154406828455}, {""sector"": ""NIFTY_PHARMA"", ""ltp"": 26510.0, ""return_pct"": -0.662499812641453, ""rs_vs_nifty"": -0.662499812641453}]"
2026-08-14 13:56:51,NORMAL,24382.65,,0,24334.149158751774,,,True,True,"[[""NIFTY_MEDIA"", 1.1238452014349691, 1.1238452014349691]]","[[""NIFTY_PHARMA"", -0.7054049192859392, -0.7054049192859392], [""NIFTY_METAL"", -0.5313129375659347, -0.5313129375659347], [""NIFTY_FMCG"", -0.5295133023324504, -0.5295133023324504]]","[{""sector"": ""NIFTY_MEDIA"", ""ltp"": 1592.65, ""return_pct"": 1.1238452014349691, ""rs_vs_nifty"": 1.1238452014349691}, {""sector"": ""NIFTY_INFRA"", ""ltp"": 9429.9, ""return_pct"": 0.3912425544146532, ""rs_vs_nifty"": 0.3912425544146532}, {""sector"": ""NIFTY_BANK"", ""ltp"": 57519.7, ""return_pct"": -0.2004849462785412, ""rs_vs_nifty"": -0.2004849462785412}, {""sector"": ""NIFTY_REALTY"", ""ltp"": 896.35, ""return_pct"": -0.22818343722172243, ""rs_vs_nifty"": -0.22818343722172243}, {""sector"": ""NIFTY_HEALTHCARE"", ""ltp"": 16527.55, ""return_pct"": -0.32746647690094455, ""rs_vs_nifty"": -0.32746647690094455}, {""sector"": ""NIFTY_ENERGY"", ""ltp"": 38557.8, ""return_pct"": -0.3423343090313376, ""rs_vs_nifty"": -0.3423343090313376}, {""sector"": ""NIFTY_IT"", ""ltp"": 31344.85, ""return_pct"": -0.3466978657654628, ""rs_vs_nifty"": -0.3466978657654628}, {""sector"": ""NIFTY_FIN_SERVICE"", ""ltp"": 26234.7, ""return_pct"": -0.35418633049667747, ""rs_vs_nifty"": -0.35418633049667747}, {""sector"": ""NIFTY_PSU_BANK"", ""ltp"": 8746.4, ""return_pct"": -0.4841306413166656, ""rs_vs_nifty"": -0.4841306413166656}, {""sector"": ""NIFTY_AUTO"", ""ltp"": 29237.95, ""return_pct"": -0.5246298756640828, ""rs_vs_nifty"": -0.5246298756640828}, {""sector"": ""NIFTY_FMCG"", ""ltp"": 48578.7, ""return_pct"": -0.5295133023324504, ""rs_vs_nifty"": -0.5295133023324504}, {""sector"": ""NIFTY_METAL"", ""ltp"": 12964.5, ""return_pct"": -0.5313129375659347, ""rs_vs_nifty"": -0.5313129375659347}, {""sector"": ""NIFTY_PHARMA"", ""ltp"": 26498.55, ""return_pct"": -0.7054049192859392, ""rs_vs_nifty"": -0.7054049192859392}]"
2026-08-14 13:59:07,NORMAL,24393.35,,0,24334.635111443753,,,True,True,"[[""NIFTY_MEDIA"", 1.050827010381279, 1.050827010381279]]","[[""NIFTY_PHARMA"", -0.6626871711857494, -0.6626871711857494]]","[{""sector"": ""NIFTY_MEDIA"", ""ltp"": 1591.5, ""return_pct"": 1.050827010381279, ""rs_vs_nifty"": 1.050827010381279}, {""sector"": ""NIFTY_INFRA"", ""ltp"": 9434.3, ""return_pct"": 0.4380852003853834, ""rs_vs_nifty"": 0.4380852003853834}, {""sector"": ""NIFTY_REALTY"", ""ltp"": 897.25, ""return_pct"": -0.1280053428316983, ""rs_vs_nifty"": -0.1280053428316983}, {""sector"": ""NIFTY_BANK"", ""ltp"": 57541.35, ""return_pct"": -0.16292112899658012, ""rs_vs_nifty"": -0.16292112899658012}, {""sector"": ""NIFTY_HEALTHCARE"", ""ltp"": 16535.2, ""return_pct"": -0.28133169700605076, ""rs_vs_nifty"": -0.28133169700605076}, {""sector"": ""NIFTY_FIN_SERVICE"", ""ltp"": 26247.9, ""return_pct"": -0.30404949872663567, ""rs_vs_nifty"": -0.30404949872663567}, {""sector"": ""NIFTY_ENERGY"", ""ltp"": 38566.9, ""return_pct"": -0.31881417152899905, ""rs_vs_nifty"": -0.31881417152899905}, {""sector"": ""NIFTY_IT"", ""ltp"": 31352.95, ""return_pct"": -0.32094589224229975, ""rs_vs_nifty"": -0.32094589224229975}, {""sector"": ""NIFTY_PSU_BANK"", ""ltp"": 8751.95, ""return_pct"": -0.4209831663623072, ""rs_vs_nifty"": -0.4209831663623072}, {""sector"": ""NIFTY_AUTO"", ""ltp"": 29253.75, ""return_pct"": -0.4708740258878696, ""rs_vs_nifty"": -0.4708740258878696}, {""sector"": ""NIFTY_METAL"", ""ltp"": 12969.9, ""return_pct"": -0.4898820370192796, ""rs_vs_nifty"": -0.4898820370192796}, {""sector"": ""NIFTY_FMCG"", ""ltp"": 48595.45, ""return_pct"": -0.4952157469802913, ""rs_vs_nifty"": -0.4952157469802913}, {""sector"": ""NIFTY_PHARMA"", ""ltp"": 26509.95, ""return_pct"": -0.6626871711857494, ""rs_vs_nifty"": -0.6626871711857494}]"
2026-08-14 14:01:06,NORMAL,24397.95,,0,24334.99133102991,,,True,True,"[[""NIFTY_MEDIA"", 1.0825740499698373, 1.0825740499698373]]","[[""NIFTY_PHARMA"", -0.6956622749823801, -0.6956622749823801]]","[{""sector"": ""NIFTY_MEDIA"", ""ltp"": 1592.0, ""return_pct"": 1.0825740499698373, ""rs_vs_nifty"": 1.0825740499698373}, {""sector"": ""NIFTY_INFRA"", ""ltp"": 9435.8, ""return_pct"": 0.4540542842390427, ""rs_vs_nifty"": 0.4540542842390427}, {""sector"": ""NIFTY_REALTY"", ""ltp"": 897.85, ""return_pct"": -0.061219946571677925, ""rs_vs_nifty"": -0.061219946571677925}, {""sector"": ""NIFTY_BANK"", ""ltp"": 57562.4, ""return_pct"": -0.12639834129286945, ""rs_vs_nifty"": -0.12639834129286945}, {""sector"": ""NIFTY_FIN_SERVICE"", ""ltp"": 26253.0, ""return_pct"": -0.28467845008821696, ""rs_vs_nifty"": -0.28467845008821696}, {""sector"": ""NIFTY_ENERGY"", ""ltp"": 38570.25, ""return_pct"": -0.3101556593715471, ""rs_vs_nifty"": -0.3101556593715471}, {""sector"": ""NIFTY_HEALTHCARE"", ""ltp"": 16529.75, ""return_pct"": -0.31419895849979673, ""rs_vs_nifty"": -0.31419895849979673}, {""sector"": ""NIFTY_IT"", ""ltp"": 31353.65, ""return_pct"": -0.3187204130489383, ""rs_vs_nifty"": -0.3187204130489383}, {""sector"": ""NIFTY_PSU_BANK"", ""ltp"": 8756.15, ""return_pct"": -0.37319588801849013, ""rs_vs_nifty"": -0.37319588801849013}, {""sector"": ""NIFTY_AUTO"", ""ltp"": 29260.1, ""return_pct"": -0.4492696179081928, ""rs_vs_nifty"": -0.4492696179081928}, {""sector"": ""NIFTY_METAL"", ""ltp"": 12973.45, ""return_pct"": -0.46264505610433887, ""rs_vs_nifty"": -0.46264505610433887}, {""sector"": ""NIFTY_FMCG"", ""ltp"": 48597.2, ""return_pct"": -0.4916324203017075, ""rs_vs_nifty"": -0.4916324203017075}, {""sector"": ""NIFTY_PHARMA"", ""ltp"": 26501.15, ""return_pct"": -0.6956622749823801, ""rs_vs_nifty"": -0.6956622749823801}]"
2026-08-14 14:03:25,NORMAL,24402.95,,0,24335.507021966267,,,True,True,"[[""NIFTY_MEDIA"", 1.1682910568589393, 1.1682910568589393]]","[[""NIFTY_PHARMA"", -0.7222671882728541, -0.7222671882728541]]","[{""sector"": ""NIFTY_MEDIA"", ""ltp"": 1593.35, ""return_pct"": 1.1682910568589393, ""rs_vs_nifty"": 1.1682910568589393}, {""sector"": ""NIFTY_INFRA"", ""ltp"": 9435.2, ""return_pct"": 0.4476666506975945, ""rs_vs_nifty"": 0.4476666506975945}, {""sector"": ""NIFTY_BANK"", ""ltp"": 57594.4, ""return_pct"": -0.07087676378604854, ""rs_vs_nifty"": -0.07087676378604854}, {""sector"": ""NIFTY_REALTY"", ""ltp"": 897.7, ""return_pct"": -0.07791629563667984, ""rs_vs_nifty"": -0.07791629563667984}, {""sector"": ""NIFTY_FIN_SERVICE"", ""ltp"": 26261.4, ""return_pct"": -0.25277319350727756, ""rs_vs_nifty"": -0.25277319350727756}, {""sector"": ""NIFTY_HEALTHCARE"", ""ltp"": 16530.0, ""return_pct"": -0.31269128595421225, ""rs_vs_nifty"": -0.31269128595421225}, {""sector"": ""NIFTY_ENERGY"", ""ltp"": 38566.9, ""return_pct"": -0.31881417152899905, ""rs_vs_nifty"": -0.31881417152899905}, {""sector"": ""NIFTY_IT"", ""ltp"": 31342.45, ""return_pct"": -0.3543280801426873, ""rs_vs_nifty"": -0.3543280801426873}, {""sector"": ""NIFTY_PSU_BANK"", ""ltp"": 8757.55, ""return_pct"": -0.35726679523721777, ""rs_vs_nifty"": -0.35726679523721777}, {""sector"": ""NIFTY_FMCG"", ""ltp"": 48620.15, ""return_pct"": -0.44463965043112835, ""rs_vs_nifty"": -0.44463965043112835}, {""sector"": ""NIFTY_METAL"", ""ltp"": 12973.9, ""return_pct"": -0.45919248105879246, ""rs_vs_nifty"": -0.45919248105879246}, {""sector"": ""NIFTY_AUTO"", ""ltp"": 29257.1, ""return_pct"": -0.4594764248277275, ""rs_vs_nifty"": -0.4594764248277275}, {""sector"": ""NIFTY_PHARMA"", ""ltp"": 26494.05, ""return_pct"": -0.7222671882728541, ""rs_vs_nifty"": -0.7222671882728541}]"
2026-08-14 14:05:26,NORMAL,24396.9,,0,24335.87783764107,,,True,True,"[[""NIFTY_MEDIA"", 1.133369313311528, 1.133369313311528]]","[[""NIFTY_PHARMA"", -0.7522445553607027, -0.7522445553607027]]","[{""sector"": ""NIFTY_MEDIA"", ""ltp"": 1592.8, ""return_pct"": 1.133369313311528, ""rs_vs_nifty"": 1.133369313311528}, {""sector"": ""NIFTY_INFRA"", ""ltp"": 9433.05, ""return_pct"": 0.4247776305073339, ""rs_vs_nifty"": 0.4247776305073339}, {""sector"": ""NIFTY_REALTY"", ""ltp"": 898.3, ""return_pct"": -0.011130899376672167, ""rs_vs_nifty"": -0.011130899376672167}, {""sector"": ""NIFTY_BANK"", ""ltp"": 57574.6, ""return_pct"": -0.10523073986839902, ""rs_vs_nifty"": -0.10523073986839902}, {""sector"": ""NIFTY_FIN_SERVICE"", ""ltp"": 26258.2, ""return_pct"": -0.2649275769666837, ""rs_vs_nifty"": -0.2649275769666837}, {""sector"": ""NIFTY_ENERGY"", ""ltp"": 38563.55, ""return_pct"": -0.32747268368645094, ""rs_vs_nifty"": -0.32747268368645094}, {""sector"": ""NIFTY_HEALTHCARE"", ""ltp"": 16527.1, ""return_pct"": -0.330180287483001, ""rs_vs_nifty"": -0.330180287483001}, {""sector"": ""NIFTY_PSU_BANK"", ""ltp"": 8758.0, ""return_pct"": -0.35214672970037064, ""rs_vs_nifty"": -0.35214672970037064}, {""sector"": ""NIFTY_IT"", ""ltp"": 31334.85, ""return_pct"": -0.3784904256705938, ""rs_vs_nifty"": -0.3784904256705938}, {""sector"": ""NIFTY_AUTO"", ""ltp"": 29263.4, ""return_pct"": -0.4380421302966948, ""rs_vs_nifty"": -0.4380421302966948}, {""sector"": ""NIFTY_FMCG"", ""ltp"": 48621.35, ""return_pct"": -0.4421825121372483, ""rs_vs_nifty"": -0.4421825121372483}, {""sector"": ""NIFTY_METAL"", ""ltp"": 12974.55, ""return_pct"": -0.45420542821521614, ""rs_vs_nifty"": -0.45420542821521614}, {""sector"": ""NIFTY_PHARMA"", ""ltp"": 26486.05, ""return_pct"": -0.7522445553607027, ""rs_vs_nifty"": -0.7522445553607027}]"
2026-08-14 14:12:58,NORMAL,24385.4,,0,24337.022448161293,,,True,True,"[[""NIFTY_MEDIA"", 1.0476523064224261, 1.0476523064224261]]","[[""NIFTY_PHARMA"", -0.9000704468126591, -0.9000704468126591], [""NIFTY_METAL"", -0.5409034238035868, -0.5409034238035868], [""NIFTY_AUTO"", -0.5309240732644699, -0.5309240732644699]]","[{""sector"": ""NIFTY_MEDIA"", ""ltp"": 1591.45, ""return_pct"": 1.0476523064224261, ""rs_vs_nifty"": 1.0476523064224261}, {""sector"": ""NIFTY_INFRA"", ""ltp"": 9430.7, ""return_pct"": 0.3997593991366165, ""rs_vs_nifty"": 0.3997593991366165}, {""sector"": ""NIFTY_BANK"", ""ltp"": 57582.5, ""return_pct"": -0.0915238504214001, ""rs_vs_nifty"": -0.0915238504214001}, {""sector"": ""NIFTY_REALTY"", ""ltp"": 897.05, ""return_pct"": -0.15026714158504262, ""rs_vs_nifty"": -0.15026714158504262}, {""sector"": ""NIFTY_PSU_BANK"", ""ltp"": 8765.1, ""return_pct"": -0.2713634734524643, ""rs_vs_nifty"": -0.2713634734524643}, {""sector"": ""NIFTY_FIN_SERVICE"", ""ltp"": 26251.35, ""return_pct"": -0.29094555405947736, ""rs_vs_nifty"": -0.29094555405947736}, {""sector"": ""NIFTY_ENERGY"", ""ltp"": 38552.0, ""return_pct"": -0.35732516590096985, ""rs_vs_nifty"": -0.35732516590096985}, {""sector"": ""NIFTY_IT"", ""ltp"": 31314.85, ""return_pct"": -0.4420755454808558, ""rs_vs_nifty"": -0.4420755454808558}, {""sector"": ""NIFTY_FMCG"", ""ltp"": 48614.7, ""return_pct"": -0.4557991535158697, ""rs_vs_nifty"": -0.4557991535158697}, {""sector"": ""NIFTY_HEALTHCARE"", ""ltp"": 16500.65, ""return_pct"": -0.4896920428058214, ""rs_vs_nifty"": -0.4896920428058214}, {""sector"": ""NIFTY_AUTO"", ""ltp"": 29236.1, ""return_pct"": -0.5309240732644699, ""rs_vs_nifty"": -0.5309240732644699}, {""sector"": ""NIFTY_METAL"", ""ltp"": 12963.25, ""return_pct"": -0.5409034238035868, ""rs_vs_nifty"": -0.5409034238035868}, {""sector"": ""NIFTY_PHARMA"", ""ltp"": 26446.6, ""return_pct"": -0.9000704468126591, ""rs_vs_nifty"": -0.9000704468126591}]"
2026-08-14 14:14:59,NORMAL,24383.55,,0,24337.21211144274,,,True,True,"[[""NIFTY_MEDIA"", 1.1016222737229695, 1.1016222737229695]]","[[""NIFTY_PHARMA"", -0.9167453572552642, -0.9167453572552642], [""NIFTY_AUTO"", -0.5554204098713431, -0.5554204098713431], [""NIFTY_METAL"", -0.533231034813465, -0.533231034813465]]","[{""sector"": ""NIFTY_MEDIA"", ""ltp"": 1592.3, ""return_pct"": 1.1016222737229695, ""rs_vs_nifty"": 1.1016222737229695}, {""sector"": ""NIFTY_INFRA"", ""ltp"": 9430.45, ""return_pct"": 0.39709788516100664, ""rs_vs_nifty"": 0.39709788516100664}, {""sector"": ""NIFTY_BANK"", ""ltp"": 57581.6, ""return_pct"": -0.09308539478878196, ""rs_vs_nifty"": -0.09308539478878196}, {""sector"": ""NIFTY_REALTY"", ""ltp"": 896.95, ""return_pct"": -0.16139804096170213, ""rs_vs_nifty"": -0.16139804096170213}, {""sector"": ""NIFTY_FIN_SERVICE"", ""ltp"": 26248.4, ""return_pct"": -0.30215037631110386, ""rs_vs_nifty"": -0.30215037631110386}, {""sector"": ""NIFTY_PSU_BANK"", ""ltp"": 8760.25, ""return_pct"": -0.3265464020161763, ""rs_vs_nifty"": -0.3265464020161763}, {""sector"": ""NIFTY_ENERGY"", ""ltp"": 38555.05, ""return_pct"": -0.34944204289193553, ""rs_vs_nifty"": -0.34944204289193553}, {""sector"": ""NIFTY_IT"", ""ltp"": 31319.8, ""return_pct"": -0.42633822832781365, ""rs_vs_nifty"": -0.42633822832781365}, {""sector"": ""NIFTY_FMCG"", ""ltp"": 48613.95, ""return_pct"": -0.4573348649495484, ""rs_vs_nifty"": -0.4573348649495484}, {""sector"": ""NIFTY_HEALTHCARE"", ""ltp"": 16498.15, ""return_pct"": -0.5047687682616663, ""rs_vs_nifty"": -0.5047687682616663}, {""sector"": ""NIFTY_METAL"", ""ltp"": 12964.25, ""return_pct"": -0.533231034813465, ""rs_vs_nifty"": -0.533231034813465}, {""sector"": ""NIFTY_AUTO"", ""ltp"": 29228.9, ""return_pct"": -0.5554204098713431, ""rs_vs_nifty"": -0.5554204098713431}, {""sector"": ""NIFTY_PHARMA"", ""ltp"": 26442.15, ""return_pct"": -0.9167453572552642, ""rs_vs_nifty"": -0.9167453572552642}]"
2026-08-14 14:17:15,NORMAL,24386.8,,0,24337.42826040685,,,True,True,"[[""NIFTY_MEDIA"", 1.1016222737229695, 1.1016222737229695]]","[[""NIFTY_PHARMA"", -0.999183116746848, -0.999183116746848], [""NIFTY_HEALTHCARE"", -0.590404568850869, -0.590404568850869]]","[{""sector"": ""NIFTY_MEDIA"", ""ltp"": 1592.3, ""return_pct"": 1.1016222737229695, ""rs_vs_nifty"": 1.1016222737229695}, {""sector"": ""NIFTY_INFRA"", ""ltp"": 9432.7, ""return_pct"": 0.4210515109414956, ""rs_vs_nifty"": 0.4210515109414956}, {""sector"": ""NIFTY_BANK"", ""ltp"": 57583.15, ""return_pct"": -0.09039606837829027, ""rs_vs_nifty"": -0.09039606837829027}, {""sector"": ""NIFTY_REALTY"", ""ltp"": 896.95, ""return_pct"": -0.16139804096170213, ""rs_vs_nifty"": -0.16139804096170213}, {""sector"": ""NIFTY_FIN_SERVICE"", ""ltp"": 26255.7, ""return_pct"": -0.2744231890443426, ""rs_vs_nifty"": -0.2744231890443426}, {""sector"": ""NIFTY_PSU_BANK"", ""ltp"": 8761.15, ""return_pct"": -0.3163062709425027, ""rs_vs_nifty"": -0.3163062709425027}, {""sector"": ""NIFTY_ENERGY"", ""ltp"": 38561.65, ""return_pct"": -0.3323834816265042, ""rs_vs_nifty"": -0.3323834816265042}, {""sector"": ""NIFTY_IT"", ""ltp"": 31323.75, ""return_pct"": -0.4137801671652846, ""rs_vs_nifty"": -0.4137801671652846}, {""sector"": ""NIFTY_FMCG"", ""ltp"": 48614.15, ""return_pct"": -0.4569253419005585, ""rs_vs_nifty"": -0.4569253419005585}, {""sector"": ""NIFTY_AUTO"", ""ltp"": 29251.7, ""return_pct"": -0.4778486772828824, ""rs_vs_nifty"": -0.4778486772828824}, {""sector"": ""NIFTY_METAL"", ""ltp"": 12969.1, ""return_pct"": -0.4960199482113715, ""rs_vs_nifty"": -0.4960199482113715}, {""sector"": ""NIFTY_HEALTHCARE"", ""ltp"": 16483.95, ""return_pct"": -0.590404568850869, ""rs_vs_nifty"": -0.590404568850869}, {""sector"": ""NIFTY_PHARMA"", ""ltp"": 26420.15, ""return_pct"": -0.999183116746848, ""rs_vs_nifty"": -0.999183116746848}]"
2026-08-14 14:19:20,NORMAL,24381.9,,0,24337.681951921848,,,True,True,"[[""NIFTY_MEDIA"", 1.1174957935172487, 1.1174957935172487]]","[[""NIFTY_PHARMA"", -1.0765621955423628, -1.0765621955423628], [""NIFTY_HEALTHCARE"", -0.6437761769645728, -0.6437761769645728]]","[{""sector"": ""NIFTY_MEDIA"", ""ltp"": 1592.55, ""return_pct"": 1.1174957935172487, ""rs_vs_nifty"": 1.1174957935172487}, {""sector"": ""NIFTY_INFRA"", ""ltp"": 9429.25, ""return_pct"": 0.3843226180780714, ""rs_vs_nifty"": 0.3843226180780714}, {""sector"": ""NIFTY_BANK"", ""ltp"": 57568.95, ""return_pct"": -0.11503376839694962, ""rs_vs_nifty"": -0.11503376839694962}, {""sector"": ""NIFTY_REALTY"", ""ltp"": 896.9, ""return_pct"": -0.16696349065004454, ""rs_vs_nifty"": -0.16696349065004454}, {""sector"": ""NIFTY_FIN_SERVICE"", ""ltp"": 26258.5, ""return_pct"": -0.26378810351736737, ""rs_vs_nifty"": -0.26378810351736737}, {""sector"": ""NIFTY_ENERGY"", ""ltp"": 38562.95, ""return_pct"": -0.3290234619833237, ""rs_vs_nifty"": -0.3290234619833237}, {""sector"": ""NIFTY_PSU_BANK"", ""ltp"": 8755.85, ""return_pct"": -0.3766092650430411, ""rs_vs_nifty"": -0.3766092650430411}, {""sector"": ""NIFTY_IT"", ""ltp"": 31318.05, ""return_pct"": -0.4319019263112116, ""rs_vs_nifty"": -0.4319019263112116}, {""sector"": ""NIFTY_AUTO"", ""ltp"": 29252.25, ""return_pct"": -0.47597742934763687, ""rs_vs_nifty"": -0.47597742934763687}, {""sector"": ""NIFTY_METAL"", ""ltp"": 12971.05, ""return_pct"": -0.4810587896806424, ""rs_vs_nifty"": -0.4810587896806424}, {""sector"": ""NIFTY_FMCG"", ""ltp"": 48600.55, ""return_pct"": -0.48477290923126376, ""rs_vs_nifty"": -0.48477290923126376}, {""sector"": ""NIFTY_HEALTHCARE"", ""ltp"": 16475.1, ""return_pct"": -0.6437761769645728, ""rs_vs_nifty"": -0.6437761769645728}, {""sector"": ""NIFTY_PHARMA"", ""ltp"": 26399.5, ""return_pct"": -1.0765621955423628, ""rs_vs_nifty"": -1.0765621955423628}]"
2026-08-14 14:20:07,NORMAL,24379.45,,0,24337.75427247851,,,True,True,"[[""NIFTY_MEDIA"", 1.127019905393822, 1.127019905393822]]","[[""NIFTY_PHARMA"", -1.0610114363655359, -1.0610114363655359], [""NIFTY_HEALTHCARE"", -0.638951624818685, -0.638951624818685], [""NIFTY_AUTO"", -0.5089794383874681, -0.5089794383874681]]","[{""sector"": ""NIFTY_MEDIA"", ""ltp"": 1592.7, ""return_pct"": 1.127019905393822, ""rs_vs_nifty"": 1.127019905393822}, {""sector"": ""NIFTY_INFRA"", ""ltp"": 9427.85, ""return_pct"": 0.36941813981465993, ""rs_vs_nifty"": 0.36941813981465993}, {""sector"": ""NIFTY_REALTY"", ""ltp"": 897.35, ""return_pct"": -0.1168744434550261, ""rs_vs_nifty"": -0.1168744434550261}, {""sector"": ""NIFTY_BANK"", ""ltp"": 57555.25, ""return_pct"": -0.1388039437670523, ""rs_vs_nifty"": -0.1388039437670523}, {""sector"": ""NIFTY_FIN_SERVICE"", ""ltp"": 26253.2, ""return_pct"": -0.2839188011220015, ""rs_vs_nifty"": -0.2839188011220015}, {""sector"": ""NIFTY_ENERGY"", ""ltp"": 38555.75, ""return_pct"": -0.34763280154560905, ""rs_vs_nifty"": -0.34763280154560905}, {""sector"": ""NIFTY_IT"", ""ltp"": 31321.55, ""return_pct"": -0.42077453034441575, ""rs_vs_nifty"": -0.42077453034441575}, {""sector"": ""NIFTY_PSU_BANK"", ""ltp"": 8750.9, ""return_pct"": -0.432929985948277, ""rs_vs_nifty"": -0.432929985948277}, {""sector"": ""NIFTY_METAL"", ""ltp"": 12969.85, ""return_pct"": -0.4902656564687802, ""rs_vs_nifty"": -0.4902656564687802}, {""sector"": ""NIFTY_FMCG"", ""ltp"": 48597.6, ""return_pct"": -0.49081337420374255, ""rs_vs_nifty"": -0.49081337420374255}, {""sector"": ""NIFTY_AUTO"", ""ltp"": 29242.55, ""return_pct"": -0.5089794383874681, ""rs_vs_nifty"": -0.5089794383874681}, {""sector"": ""NIFTY_HEALTHCARE"", ""ltp"": 16475.9, ""return_pct"": -0.638951624818685, ""rs_vs_nifty"": -0.638951624818685}, {""sector"": ""NIFTY_PHARMA"", ""ltp"": 26403.65, ""return_pct"": -1.0610114363655359, ""rs_vs_nifty"": -1.0610114363655359}]"
2026-08-14 14:22:12,NORMAL,24375.55,,0,24337.96660123229,,,True,True,"[[""NIFTY_MEDIA"", 1.0952728658052637, 1.0952728658052637]]","[[""NIFTY_PHARMA"", -1.0439618088343248, -1.0439618088343248], [""NIFTY_HEALTHCARE"", -0.6087981739069953, -0.6087981739069953], [""NIFTY_AUTO"", -0.5528687081414595, -0.5528687081414595]]","[{""sector"": ""NIFTY_MEDIA"", ""ltp"": 1592.2, ""return_pct"": 1.0952728658052637, ""rs_vs_nifty"": 1.0952728658052637}, {""sector"": ""NIFTY_INFRA"", ""ltp"": 9427.45, ""return_pct"": 0.36515971745368797, ""rs_vs_nifty"": 0.36515971745368797}, {""sector"": ""NIFTY_REALTY"", ""ltp"": 897.15, ""return_pct"": -0.13913624220837043, ""rs_vs_nifty"": -0.13913624220837043}, {""sector"": ""NIFTY_BANK"", ""ltp"": 57553.2, ""return_pct"": -0.14236079482608804, ""rs_vs_nifty"": -0.14236079482608804}, {""sector"": ""NIFTY_FIN_SERVICE"", ""ltp"": 26246.9, ""return_pct"": -0.3078477435576992, ""rs_vs_nifty"": -0.3078477435576992}, {""sector"": ""NIFTY_ENERGY"", ""ltp"": 38541.3, ""return_pct"": -0.3849807121949253, ""rs_vs_nifty"": -0.3849807121949253}, {""sector"": ""NIFTY_PSU_BANK"", ""ltp"": 8751.0, ""return_pct"": -0.431792193606753, ""rs_vs_nifty"": -0.431792193606753}, {""sector"": ""NIFTY_IT"", ""ltp"": 31310.45, ""return_pct"": -0.45606427183910647, ""rs_vs_nifty"": -0.45606427183910647}, {""sector"": ""NIFTY_FMCG"", ""ltp"": 48600.1, ""return_pct"": -0.48569433609147994, ""rs_vs_nifty"": -0.48569433609147994}, {""sector"": ""NIFTY_METAL"", ""ltp"": 12969.7, ""return_pct"": -0.49141651481729565, ""rs_vs_nifty"": -0.49141651481729565}, {""sector"": ""NIFTY_AUTO"", ""ltp"": 29229.65, ""return_pct"": -0.5528687081414595, ""rs_vs_nifty"": -0.5528687081414595}, {""sector"": ""NIFTY_HEALTHCARE"", ""ltp"": 16480.9, ""return_pct"": -0.6087981739069953, ""rs_vs_nifty"": -0.6087981739069953}, {""sector"": ""NIFTY_PHARMA"", ""ltp"": 26408.2, ""return_pct"": -1.0439618088343248, ""rs_vs_nifty"": -1.0439618088343248}]"
2026-08-14 15:01:14,NORMAL,24377.5,,0,24342.30986598033,,,True,True,"[[""NIFTY_MEDIA"", 1.0000317470395885, 1.0000317470395885]]","[[""NIFTY_PHARMA"", -0.8485468471304193, -0.8485468471304193], [""NIFTY_PSU_BANK"", -0.5734473401259701, -0.5734473401259701], [""NIFTY_FMCG"", -0.5060681077782789, -0.5060681077782789]]","[{""sector"": ""NIFTY_MEDIA"", ""ltp"": 1590.7, ""return_pct"": 1.0000317470395885, ""rs_vs_nifty"": 1.0000317470395885}, {""sector"": ""NIFTY_INFRA"", ""ltp"": 9424.2, ""return_pct"": 0.33056003577075943, ""rs_vs_nifty"": 0.33056003577075943}, {""sector"": ""NIFTY_BANK"", ""ltp"": 57518.65, ""return_pct"": -0.2023067480404762, ""rs_vs_nifty"": -0.2023067480404762}, {""sector"": ""NIFTY_REALTY"", ""ltp"": 896.3, ""return_pct"": -0.23374888691006487, ""rs_vs_nifty"": -0.23374888691006487}, {""sector"": ""NIFTY_IT"", ""ltp"": 31373.85, ""return_pct"": -0.2544994420405829, ""rs_vs_nifty"": -0.2544994420405829}, {""sector"": ""NIFTY_FIN_SERVICE"", ""ltp"": 26231.5, ""return_pct"": -0.36634071395608364, ""rs_vs_nifty"": -0.36634071395608364}, {""sector"": ""NIFTY_ENERGY"", ""ltp"": 38544.2, ""return_pct"": -0.37748528376012797, ""rs_vs_nifty"": -0.37748528376012797}, {""sector"": ""NIFTY_AUTO"", ""ltp"": 29273.4, ""return_pct"": -0.40401944056491274, ""rs_vs_nifty"": -0.40401944056491274}, {""sector"": ""NIFTY_HEALTHCARE"", ""ltp"": 16510.3, ""return_pct"": -0.43149588254627363, ""rs_vs_nifty"": -0.43149588254627363}, {""sector"": ""NIFTY_METAL"", ""ltp"": 12976.0, ""return_pct"": -0.4430804641795339, ""rs_vs_nifty"": -0.4430804641795339}, {""sector"": ""NIFTY_FMCG"", ""ltp"": 48590.15, ""return_pct"": -0.5060681077782789, ""rs_vs_nifty"": -0.5060681077782789}, {""sector"": ""NIFTY_PSU_BANK"", ""ltp"": 8738.55, ""return_pct"": -0.5734473401259701, ""rs_vs_nifty"": -0.5734473401259701}, {""sector"": ""NIFTY_PHARMA"", ""ltp"": 26460.35, ""return_pct"": -0.8485468471304193, ""rs_vs_nifty"": -0.8485468471304193}]"
2026-08-14 15:02:03,NORMAL,24380.7,,0,24342.495490701138,,,True,True,"[[""NIFTY_MEDIA"", 0.9905076351630152, 0.9905076351630152]]","[[""NIFTY_PHARMA"", -0.8603504354212514, -0.8603504354212514], [""NIFTY_PSU_BANK"", -0.5768607171505211, -0.5768607171505211]]","[{""sector"": ""NIFTY_MEDIA"", ""ltp"": 1590.55, ""return_pct"": 0.9905076351630152, ""rs_vs_nifty"": 0.9905076351630152}, {""sector"": ""NIFTY_INFRA"", ""ltp"": 9423.8, ""return_pct"": 0.32630161340976815, ""rs_vs_nifty"": 0.32630161340976815}, {""sector"": ""NIFTY_BANK"", ""ltp"": 57527.5, ""return_pct"": -0.18695156176124855, ""rs_vs_nifty"": -0.18695156176124855}, {""sector"": ""NIFTY_IT"", ""ltp"": 31389.7, ""return_pct"": -0.20410823459094335, ""rs_vs_nifty"": -0.20410823459094335}, {""sector"": ""NIFTY_REALTY"", ""ltp"": 896.15, ""return_pct"": -0.2504452359750668, ""rs_vs_nifty"": -0.2504452359750668}, {""sector"": ""NIFTY_FIN_SERVICE"", ""ltp"": 26235.6, ""return_pct"": -0.35076791014872855, ""rs_vs_nifty"": -0.35076791014872855}, {""sector"": ""NIFTY_ENERGY"", ""ltp"": 38544.6, ""return_pct"": -0.37645143156221905, ""rs_vs_nifty"": -0.37645143156221905}, {""sector"": ""NIFTY_FMCG"", ""ltp"": 48636.95, ""return_pct"": -0.41023971431673295, ""rs_vs_nifty"": -0.41023971431673295}, {""sector"": ""NIFTY_AUTO"", ""ltp"": 29269.25, ""return_pct"": -0.41813885680360724, ""rs_vs_nifty"": -0.41813885680360724}, {""sector"": ""NIFTY_METAL"", ""ltp"": 12976.4, ""return_pct"": -0.440011508583488, ""rs_vs_nifty"": -0.440011508583488}, {""sector"": ""NIFTY_HEALTHCARE"", ""ltp"": 16508.55, ""return_pct"": -0.442049590365365, ""rs_vs_nifty"": -0.442049590365365}, {""sector"": ""NIFTY_PSU_BANK"", ""ltp"": 8738.25, ""return_pct"": -0.5768607171505211, ""rs_vs_nifty"": -0.5768607171505211}, {""sector"": ""NIFTY_PHARMA"", ""ltp"": 26457.2, ""return_pct"": -0.8603504354212514, ""rs_vs_nifty"": -0.8603504354212514}]"
2026-08-14 15:03:56,NORMAL,24377.3,,0,24342.838456236437,,,True,True,"[[""NIFTY_MEDIA"", 1.0254293787104265, 1.0254293787104265]]","[[""NIFTY_PHARMA"", -0.8296236341562039, -0.8296236341562039], [""NIFTY_PSU_BANK"", -0.5768607171505211, -0.5768607171505211]]","[{""sector"": ""NIFTY_MEDIA"", ""ltp"": 1591.1, ""return_pct"": 1.0254293787104265, ""rs_vs_nifty"": 1.0254293787104265}, {""sector"": ""NIFTY_INFRA"", ""ltp"": 9423.0, ""return_pct"": 0.3177847686878243, ""rs_vs_nifty"": 0.3177847686878243}, {""sector"": ""NIFTY_BANK"", ""ltp"": 57525.35, ""return_pct"": -0.1906819177499906, ""rs_vs_nifty"": -0.1906819177499906}, {""sector"": ""NIFTY_REALTY"", ""ltp"": 896.45, ""return_pct"": -0.2170525378450503, ""rs_vs_nifty"": -0.2170525378450503}, {""sector"": ""NIFTY_IT"", ""ltp"": 31377.2, ""return_pct"": -0.24384893447235706, ""rs_vs_nifty"": -0.24384893447235706}, {""sector"": ""NIFTY_FIN_SERVICE"", ""ltp"": 26234.0, ""return_pct"": -0.3568451018784247, ""rs_vs_nifty"": -0.3568451018784247}, {""sector"": ""NIFTY_ENERGY"", ""ltp"": 38547.1, ""return_pct"": -0.3699898553253118, ""rs_vs_nifty"": -0.3699898553253118}, {""sector"": ""NIFTY_AUTO"", ""ltp"": 29277.9, ""return_pct"": -0.38870923018561077, ""rs_vs_nifty"": -0.38870923018561077}, {""sector"": ""NIFTY_HEALTHCARE"", ""ltp"": 16513.0, ""return_pct"": -0.4152130190539569, ""rs_vs_nifty"": -0.4152130190539569}, {""sector"": ""NIFTY_METAL"", ""ltp"": 12978.0, ""return_pct"": -0.42773568619929025, ""rs_vs_nifty"": -0.42773568619929025}, {""sector"": ""NIFTY_FMCG"", ""ltp"": 48624.35, ""return_pct"": -0.4360396664025332, ""rs_vs_nifty"": -0.4360396664025332}, {""sector"": ""NIFTY_PSU_BANK"", ""ltp"": 8738.25, ""return_pct"": -0.5768607171505211, ""rs_vs_nifty"": -0.5768607171505211}, {""sector"": ""NIFTY_PHARMA"", ""ltp"": 26465.4, ""return_pct"": -0.8296236341562039, ""rs_vs_nifty"": -0.8296236341562039}]"
2026-08-14 15:19:47,NORMAL,24354.85,,0,24344.700814822274,,,True,True,"[[""NIFTY_MEDIA"", 0.8635194768087818, 0.8635194768087818]]","[[""NIFTY_PHARMA"", -1.0345938816193718, -1.0345938816193718], [""NIFTY_PSU_BANK"", -0.7259115138896124, -0.7259115138896124], [""NIFTY_METAL"", -0.6272177999424571, -0.6272177999424571]]","[{""sector"": ""NIFTY_MEDIA"", ""ltp"": 1588.55, ""return_pct"": 0.8635194768087818, ""rs_vs_nifty"": 0.8635194768087818}, {""sector"": ""NIFTY_INFRA"", ""ltp"": 9415.5, ""return_pct"": 0.23793934941952768, ""rs_vs_nifty"": 0.23793934941952768}, {""sector"": ""NIFTY_BANK"", ""ltp"": 57459.1, ""return_pct"": -0.3056289336820808, ""rs_vs_nifty"": -0.3056289336820808}, {""sector"": ""NIFTY_IT"", ""ltp"": 31348.25, ""return_pct"": -0.33588839539771365, ""rs_vs_nifty"": -0.33588839539771365}, {""sector"": ""NIFTY_ENERGY"", ""ltp"": 38513.45, ""return_pct"": -0.4569626714740869, ""rs_vs_nifty"": -0.4569626714740869}, {""sector"": ""NIFTY_FIN_SERVICE"", ""ltp"": 26201.3, ""return_pct"": -0.48104770785420603, ""rs_vs_nifty"": -0.48104770785420603}, {""sector"": ""NIFTY_REALTY"", ""ltp"": 893.9, ""return_pct"": -0.5008904719501336, ""rs_vs_nifty"": -0.5008904719501336}, {""sector"": ""NIFTY_AUTO"", ""ltp"": 29232.7, ""return_pct"": -0.5424917877732685, ""rs_vs_nifty"": -0.5424917877732685}, {""sector"": ""NIFTY_FMCG"", ""ltp"": 48560.05, ""return_pct"": -0.5677013266499171, ""rs_vs_nifty"": -0.5677013266499171}, {""sector"": ""NIFTY_HEALTHCARE"", ""ltp"": 16483.95, ""return_pct"": -0.590404568850869, ""rs_vs_nifty"": -0.590404568850869}, {""sector"": ""NIFTY_METAL"", ""ltp"": 12952.0, ""return_pct"": -0.6272177999424571, ""rs_vs_nifty"": -0.6272177999424571}, {""sector"": ""NIFTY_PSU_BANK"", ""ltp"": 8725.15, ""return_pct"": -0.7259115138896124, ""rs_vs_nifty"": -0.7259115138896124}, {""sector"": ""NIFTY_PHARMA"", ""ltp"": 26410.7, ""return_pct"": -1.0345938816193718, ""rs_vs_nifty"": -1.0345938816193718}]"
2026-08-14 16:43:40,NORMAL,24366.0,,0,24344.700858648856,,,True,True,"[[""NIFTY_MEDIA"", 0.9619352995333098, 0.9619352995333098]]","[[""NIFTY_PHARMA"", -0.9040049762429366, -0.9040049762429366], [""NIFTY_METAL"", -0.706243406540706, -0.706243406540706], [""NIFTY_AUTO"", -0.6268680583080857, -0.6268680583080857]]","[{""sector"": ""NIFTY_MEDIA"", ""ltp"": 1590.1, ""return_pct"": 0.9619352995333098, ""rs_vs_nifty"": 0.9619352995333098}, {""sector"": ""NIFTY_INFRA"", ""ltp"": 9419.1, ""return_pct"": 0.2762651506683139, ""rs_vs_nifty"": 0.2762651506683139}, {""sector"": ""NIFTY_BANK"", ""ltp"": 57491.1, ""return_pct"": -0.2501073561752598, ""rs_vs_nifty"": -0.2501073561752598}, {""sector"": ""NIFTY_IT"", ""ltp"": 31357.75, ""return_pct"": -0.3056854634878392, ""rs_vs_nifty"": -0.3056854634878392}, {""sector"": ""NIFTY_REALTY"", ""ltp"": 895.65, ""return_pct"": -0.30609973285841496, ""rs_vs_nifty"": -0.30609973285841496}, {""sector"": ""NIFTY_ENERGY"", ""ltp"": 38554.2, ""return_pct"": -0.35163897881249906, ""rs_vs_nifty"": -0.35163897881249906}, {""sector"": ""NIFTY_FIN_SERVICE"", ""ltp"": 26213.65, ""return_pct"": -0.43413938419056275, ""rs_vs_nifty"": -0.43413938419056275}, {""sector"": ""NIFTY_FMCG"", ""ltp"": 48615.05, ""return_pct"": -0.45508248818014096, ""rs_vs_nifty"": -0.45508248818014096}, {""sector"": ""NIFTY_HEALTHCARE"", ""ltp"": 16505.3, ""return_pct"": -0.4616493334579632, ""rs_vs_nifty"": -0.4616493334579632}, {""sector"": ""NIFTY_PSU_BANK"", ""ltp"": 8738.8, ""return_pct"": -0.5706028592721708, ""rs_vs_nifty"": -0.5706028592721708}, {""sector"": ""NIFTY_AUTO"", ""ltp"": 29207.9, ""return_pct"": -0.6268680583080857, ""rs_vs_nifty"": -0.6268680583080857}, {""sector"": ""NIFTY_METAL"", ""ltp"": 12941.7, ""return_pct"": -0.706243406540706, ""rs_vs_nifty"": -0.706243406540706}, {""sector"": ""NIFTY_PHARMA"", ""ltp"": 26445.55, ""return_pct"": -0.9040049762429366, ""rs_vs_nifty"": -0.9040049762429366}]"
2026-08-14 17:10:27,NORMAL,24366.0,,0,24344.700858648856,,,True,True,"[[""NIFTY_MEDIA"", 0.9619352995333098, 0.9619352995333098]]","[[""NIFTY_PHARMA"", -0.9040049762429366, -0.9040049762429366], [""NIFTY_METAL"", -0.706243406540706, -0.706243406540706], [""NIFTY_AUTO"", -0.6268680583080857, -0.6268680583080857]]","[{""sector"": ""NIFTY_MEDIA"", ""ltp"": 1590.1, ""return_pct"": 0.9619352995333098, ""rs_vs_nifty"": 0.9619352995333098}, {""sector"": ""NIFTY_INFRA"", ""ltp"": 9419.1, ""return_pct"": 0.2762651506683139, ""rs_vs_nifty"": 0.2762651506683139}, {""sector"": ""NIFTY_BANK"", ""ltp"": 57491.1, ""return_pct"": -0.2501073561752598, ""rs_vs_nifty"": -0.2501073561752598}, {""sector"": ""NIFTY_IT"", ""ltp"": 31357.75, ""return_pct"": -0.3056854634878392, ""rs_vs_nifty"": -0.3056854634878392}, {""sector"": ""NIFTY_REALTY"", ""ltp"": 895.65, ""return_pct"": -0.30609973285841496, ""rs_vs_nifty"": -0.30609973285841496}, {""sector"": ""NIFTY_ENERGY"", ""ltp"": 38554.2, ""return_pct"": -0.35163897881249906, ""rs_vs_nifty"": -0.35163897881249906}, {""sector"": ""NIFTY_FIN_SERVICE"", ""ltp"": 26213.65, ""return_pct"": -0.43413938419056275, ""rs_vs_nifty"": -0.43413938419056275}, {""sector"": ""NIFTY_FMCG"", ""ltp"": 48615.05, ""return_pct"": -0.45508248818014096, ""rs_vs_nifty"": -0.45508248818014096}, {""sector"": ""NIFTY_HEALTHCARE"", ""ltp"": 16505.3, ""return_pct"": -0.4616493334579632, ""rs_vs_nifty"": -0.4616493334579632}, {""sector"": ""NIFTY_PSU_BANK"", ""ltp"": 8738.8, ""return_pct"": -0.5706028592721708, ""rs_vs_nifty"": -0.5706028592721708}, {""sector"": ""NIFTY_AUTO"", ""ltp"": 29207.9, ""return_pct"": -0.6268680583080857, ""rs_vs_nifty"": -0.6268680583080857}, {""sector"": ""NIFTY_METAL"", ""ltp"": 12941.7, ""return_pct"": -0.706243406540706, ""rs_vs_nifty"": -0.706243406540706}, {""sector"": ""NIFTY_PHARMA"", ""ltp"": 26445.55, ""return_pct"": -0.9040049762429366, ""rs_vs_nifty"": -0.9040049762429366}]"
2026-08-14 17:20:25,NORMAL,24366.0,,0,24344.700858648856,,,True,True,"[[""NIFTY_MEDIA"", 0.9619352995333098, 0.9619352995333098]]","[[""NIFTY_PHARMA"", -0.9040049762429366, -0.9040049762429366], [""NIFTY_METAL"", -0.706243406540706, -0.706243406540706], [""NIFTY_AUTO"", -0.6268680583080857, -0.6268680583080857]]","[{""sector"": ""NIFTY_MEDIA"", ""ltp"": 1590.1, ""return_pct"": 0.9619352995333098, ""rs_vs_nifty"": 0.9619352995333098}, {""sector"": ""NIFTY_INFRA"", ""ltp"": 9419.1, ""return_pct"": 0.2762651506683139, ""rs_vs_nifty"": 0.2762651506683139}, {""sector"": ""NIFTY_BANK"", ""ltp"": 57491.1, ""return_pct"": -0.2501073561752598, ""rs_vs_nifty"": -0.2501073561752598}, {""sector"": ""NIFTY_IT"", ""ltp"": 31357.75, ""return_pct"": -0.3056854634878392, ""rs_vs_nifty"": -0.3056854634878392}, {""sector"": ""NIFTY_REALTY"", ""ltp"": 895.65, ""return_pct"": -0.30609973285841496, ""rs_vs_nifty"": -0.30609973285841496}, {""sector"": ""NIFTY_ENERGY"", ""ltp"": 38554.2, ""return_pct"": -0.35163897881249906, ""rs_vs_nifty"": -0.35163897881249906}, {""sector"": ""NIFTY_FIN_SERVICE"", ""ltp"": 26213.65, ""return_pct"": -0.43413938419056275, ""rs_vs_nifty"": -0.43413938419056275}, {""sector"": ""NIFTY_FMCG"", ""ltp"": 48615.05, ""return_pct"": -0.45508248818014096, ""rs_vs_nifty"": -0.45508248818014096}, {""sector"": ""NIFTY_HEALTHCARE"", ""ltp"": 16505.3, ""return_pct"": -0.4616493334579632, ""rs_vs_nifty"": -0.4616493334579632}, {""sector"": ""NIFTY_PSU_BANK"", ""ltp"": 8738.8, ""return_pct"": -0.5706028592721708, ""rs_vs_nifty"": -0.5706028592721708}, {""sector"": ""NIFTY_AUTO"", ""ltp"": 29207.9, ""return_pct"": -0.6268680583080857, ""rs_vs_nifty"": -0.6268680583080857}, {""sector"": ""NIFTY_METAL"", ""ltp"": 12941.7, ""return_pct"": -0.706243406540706, ""rs_vs_nifty"": -0.706243406540706}, {""sector"": ""NIFTY_PHARMA"", ""ltp"": 26445.55, ""return_pct"": -0.9040049762429366, ""rs_vs_nifty"": -0.9040049762429366}]"
